dataset,split,model,k,epoch,layer,thresh,thresh_mode,node_count,average_branching_factor,colless_index,average_colless_index,total_colless,missing_colless,missing_colless_frac,sackin_index,average_sackin_index,leaf_count,total_volume,train_acc,val_acc
mnist,val,resnet_c,20,40,a4,1e-06,1e-06,613,2.0887372013651877,304408.0,1148.7094339622643,265,28,0.09556313993174062,2765631.0,8642.596875,320,10000,0.9910833333333333,0.9751
mnist,val,resnet_c,20,104,a5,1e-06,1e-06,597,2.1209964412811386,235275.0,944.8795180722891,249,32,0.11387900355871886,2793025.0,8838.68670886076,316,10000,0.9995666666666667,0.9787
mnist,train,resnet_c,20,48,a5,1e-06,1e-06,3631,2.0994794679005206,9111146.0,5806.976418100701,1569,160,0.09253903990746096,100129035.0,52644.07728706625,1902,60000,0.9941166666666666,0.9759
mnist,train,resnet_c,20,32,a5,1e-06,1e-06,3587,2.1094117647058823,10127200.0,6636.435124508519,1526,174,0.10235294117647059,98733532.0,52323.016428192896,1887,60000,0.9856166666666667,0.974
mnist,trainUval,resnet_c,20,128,a5,1e-06,1e-06,4547,2.126286248830683,12095174.0,6409.737148913619,1887,251,0.11739943872778298,148677025.0,61717.32046492321,2409,70000,0.9996666666666667,0.9804
mnist,trainUval,resnet_c,20,128,a4,1e-06,1e-06,4484,2.123638086215064,12115593.0,6441.0382775119615,1881,230,0.10895310279488395,146168942.0,61596.688579856724,2373,70000,0.9996666666666667,0.9804
mnist,val,resnet_a,20,80,a5,1e-06,1e-06,596,2.0950704225352115,234654.0,913.0505836575876,257,27,0.09507042253521127,2753929.0,8826.695512820514,312,10000,0.9982333333333333,0.979
mnist,val,resnet_a,20,96,a2,1e-06,1e-06,468,2.1036036036036037,215550.0,1077.75,200,22,0.0990990990990991,2165931.0,8804.59756097561,246,10000,0.99905,0.9783
mnist,train,resnet_a,20,48,a3,1e-06,1e-06,3569,2.111242603550296,9777670.0,6428.44838921762,1521,169,0.1,98302979.0,52316.646620542844,1879,60000,0.99415,0.9771
mnist,train,resnet_a,20,72,a5,1e-06,1e-06,3838,2.1257617728531857,9480909.0,5903.430261519303,1606,199,0.11024930747922437,106859325.0,52562.3831775701,2033,60000,0.99605,0.9787
mnist,trainUval,resnet_a,20,8,a5,1e-06,1e-06,3867,2.1102620087336246,15403335.0,9301.53079710145,1656,176,0.09606986899563319,121594700.0,59751.69533169533,2035,70000,0.9588833333333333,0.957
mnist,val,resnet_b,20,32,a4,1e-06,1e-06,579,2.0942028985507246,251223.0,1000.8884462151394,251,25,0.09057971014492754,2663291.0,8789.739273927393,303,10000,0.9854833333333334,0.9749
mnist,val,resnet_b,20,112,a4,1e-06,1e-06,610,2.1145833333333335,254306.0,989.5175097276265,257,31,0.1076388888888889,2827130.0,8779.906832298137,322,10000,0.9996333333333334,0.9799
mnist,train,resnet_b,20,48,a2,1e-06,1e-06,3484,2.1070780399274045,10276283.0,6864.58450233801,1497,156,0.09437386569872959,94838345.0,51795.928454396504,1831,60000,0.9941333333333333,0.9781
mnist,train,resnet_b,20,112,a3,1e-06,1e-06,3736,2.1306332002281803,9132115.0,5872.742765273312,1555,198,0.11294922989161438,104648205.0,52772.67019667171,1983,60000,0.9996333333333334,0.9799
mnist,trainUval,resnet_b,20,104,a2,1e-06,1e-06,4254,2.118027888446215,13139530.0,7328.237590630229,1793,215,0.10707171314741036,136895848.0,60950.956366874445,2246,70000,0.9994833333333333,0.9788
mnist,trainUval,resnet_b,20,88,a4,1e-06,1e-06,4232,2.1261306532663315,11641706.0,6625.899829254411,1757,233,0.11708542713567839,138093421.0,61593.85414808207,2242,70000,0.9987333333333334,0.9792
mnist,val,resnet_c,20,120,a2,1e-06,1e-06,539,2.0692307692307694,243582.0,1014.925,240,20,0.07692307692307693,2451104.0,8785.31899641577,279,10000,0.9995,0.9804
mnist,val,resnet_c,20,56,a5,1e-06,1e-06,608,2.1149825783972127,227481.0,895.5944881889764,254,33,0.11498257839721254,2847906.0,8871.981308411216,321,10000,0.9954333333333333,0.9784
mnist,train,resnet_c,20,64,a4,1e-06,1e-06,3669,2.1313190005810574,8846251.0,5835.257915567282,1516,205,0.11911679256246369,102749905.0,52746.35780287474,1948,60000,0.9961833333333333,0.9772
mnist,train,resnet_c,20,144,a3,1e-06,1e-06,3859,2.1209455744914787,8936135.0,5505.936537276648,1623,196,0.10775151181968114,107904473.0,52894.34950980392,2040,60000,0.9996333333333334,0.9799
mnist,trainUval,resnet_c,20,120,a3,1e-06,1e-06,4333,2.1245708680725848,12070507.0,6687.261495844876,1805,234,0.11476213830308975,141273890.0,61584.08456843941,2294,70000,0.9995,0.9804
mnist,trainUval,resnet_c,20,0,a1,1e-06,1e-06,4731,2.3005836575875485,20294683.0,12101.77877161598,1677,379,0.18433852140077822,157233803.0,58778.99177570093,2675,70000,0.7126833333333333,0.8864
mnist,val,resnet_a,20,8,a3,1e-06,1e-06,494,2.097872340425532,246271.0,1161.6556603773586,212,23,0.09787234042553192,2254509.0,8704.667953667953,259,10000,0.9588833333333333,0.957
mnist,val,resnet_a,20,16,a5,1e-06,1e-06,600,2.0726643598615917,284525.0,1053.7962962962963,270,19,0.0657439446366782,2711243.0,8717.823151125402,311,10000,0.976,0.9675
mnist,train,resnet_a,20,120,a4,1e-06,1e-06,3807,2.12033426183844,8408193.0,5258.40712945591,1599,196,0.10919220055710306,106732378.0,53047.90159045726,2012,60000,0.9996166666666667,0.9801
mnist,train,resnet_a,20,120,a1,1e-06,1e-06,3495,2.1409313725490198,10163217.0,7082.38118466899,1435,197,0.12071078431372549,95924149.0,51489.07622114869,1863,60000,0.9996166666666667,0.9801
mnist,trainUval,resnet_a,20,128,a3,1e-06,1e-06,4299,2.1287766220901436,11969806.0,6713.295569265283,1783,236,0.11688954928182269,140734190.0,61725.521929824565,2280,70000,0.99965,0.981
mnist,val,resnet_b,20,72,a3,1e-06,1e-06,559,2.1056603773584905,239131.0,1013.2669491525423,236,29,0.10943396226415095,2578797.0,8771.418367346938,294,10000,0.9959,0.9782
mnist,val,resnet_b,20,24,a3,1e-06,1e-06,518,2.1188524590163933,246124.0,1134.2119815668202,217,27,0.11065573770491803,2403232.0,8770.919708029198,274,10000,0.9833666666666666,0.9741
mnist,train,resnet_b,20,144,a5,1e-06,1e-06,3998,2.1305970149253732,8685271.0,5266.992722862341,1649,227,0.12100213219616204,112527476.0,53028.97078228087,2122,60000,0.9996666666666667,0.9813
mnist,train,resnet_b,20,112,a5,1e-06,1e-06,3882,2.1335898845519514,8452055.0,5279.23485321674,1601,218,0.11984606926882903,109434527.0,53046.30489578284,2063,60000,0.9996333333333334,0.9799
mnist,trainUval,resnet_b,20,32,a2,1e-06,1e-06,3805,2.1074792243767315,14790166.0,9096.043050430504,1626,179,0.09916897506925208,118591184.0,59295.592,2000,70000,0.9854833333333334,0.9749
mnist,trainUval,resnet_b,20,120,a5,1e-06,1e-06,4567,2.1296641791044775,12095247.0,6379.349683544304,1896,248,0.11567164179104478,149499154.0,61700.022286421794,2423,70000,0.9997333333333334,0.9797
mnist,val,resnet_c,20,32,a4,1e-06,1e-06,552,2.1439688715953307,220720.0,1003.2727272727273,220,37,0.14396887159533073,2602053.0,8820.518644067797,295,10000,0.9856166666666667,0.974
mnist,val,resnet_c,20,112,a4,1e-06,1e-06,583,2.124087591240876,228254.0,959.0504201680673,238,36,0.13138686131386862,2719416.0,8800.699029126214,309,10000,0.9995333333333334,0.9805
mnist,train,resnet_c,20,48,a2,1e-06,1e-06,3509,2.1107099879663056,10347556.0,6935.359249329758,1492,170,0.1022864019253911,95701740.0,51814.69409853817,1847,60000,0.9941166666666666,0.9759
mnist,train,resnet_c,20,112,a3,1e-06,1e-06,3805,2.1334828939988784,8772842.0,5577.140495867769,1573,210,0.11777902411665732,106822682.0,52830.208704253215,2022,60000,0.9995333333333334,0.9805
mnist,trainUval,resnet_c,20,104,a2,1e-06,1e-06,4181,2.125063548551093,13227378.0,7536.967521367521,1755,212,0.1077783426537875,135212591.0,61071.63098464318,2214,70000,0.9995666666666667,0.9787
mnist,trainUval,resnet_c,20,88,a4,1e-06,1e-06,4318,2.1456262425447314,11536904.0,6588.751570531125,1751,261,0.12972166998011928,142456487.0,61776.44709453599,2306,70000,0.9987333333333334,0.979
mnist,val,resnet_a,20,0,a4,1e-06,1e-06,550,2.1361867704280155,225561.0,1006.96875,224,33,0.12840466926070038,2581800.0,8811.60409556314,293,10000,0.7192666666666667,0.883
mnist,val,resnet_a,20,56,a3,1e-06,1e-06,523,2.1219512195121952,221166.0,1023.9166666666666,216,30,0.12195121951219512,2438371.0,8802.783393501804,277,10000,0.9953333333333333,0.9775
mnist,train,resnet_a,20,16,a4,1e-06,1e-06,3287,2.1050608584240873,10280674.0,7245.0133897110645,1419,142,0.09096732863549008,89097069.0,51620.549826187715,1726,60000,0.976,0.9675
mnist,train,resnet_a,20,88,a2,1e-06,1e-06,3628,2.14488468361916,9106034.0,6207.248807089298,1467,224,0.13246599645180368,101416287.0,52357.40165203923,1937,60000,0.9986333333333334,0.9787
mnist,trainUval,resnet_a,20,136,a3,1e-06,1e-06,4398,2.128267182962246,11771913.0,6460.984083424808,1822,244,0.1181026137463698,143950346.0,61728.278730703256,2332,70000,0.9996333333333334,0.9786
mnist,val,resnet_b,20,56,a2,1e-06,1e-06,506,2.069672131147541,261966.0,1159.141592920354,226,18,0.07377049180327869,2280854.0,8705.54961832061,262,10000,0.9956833333333334,0.9795
mnist,val,resnet_b,20,80,a2,1e-06,1e-06,505,2.074074074074074,285859.0,1281.8789237668161,223,20,0.0823045267489712,2256911.0,8614.164122137405,262,10000,0.9975833333333334,0.9787
mnist,train,resnet_b,20,40,a1,1e-06,1e-06,3250,2.145970937912814,11660574.0,8787.169555388093,1327,187,0.12351387054161163,86113210.0,49604.383640552995,1736,60000,0.9911833333333333,0.9766
mnist,train,resnet_b,20,88,a1,1e-06,1e-06,3361,2.1279290690310324,10402388.0,7403.83487544484,1405,174,0.11019632678910703,91314958.0,51242.96184062851,1782,60000,0.9987333333333334,0.9792
mnist,trainUval,resnet_b,20,96,a3,1e-06,1e-06,4197,2.121334681496461,12233025.0,6958.48976109215,1758,220,0.11122345803842265,136576974.0,61548.884182063994,2219,70000,0.9990833333333333,0.9804
mnist,trainUval,resnet_b,20,72,a2,1e-06,1e-06,4171,2.1156773211567734,14245538.0,8048.326553672317,1770,201,0.1019786910197869,132891357.0,60405.16227272727,2200,70000,0.9959,0.9782
mnist,val,resnet_c,20,72,a3,1e-06,1e-06,593,2.106761565836299,280962.0,1114.9285714285713,252,29,0.10320284697508897,2719704.0,8717.0,312,10000,0.99615,0.9776
mnist,val,resnet_c,20,24,a3,1e-06,1e-06,536,2.1485943775100402,241453.0,1144.3270142180095,211,38,0.15261044176706828,2515455.0,8764.651567944251,287,10000,0.9832333333333333,0.9716
mnist,train,resnet_c,20,144,a5,1e-06,1e-06,3957,2.130317716747442,8326955.0,5111.697360343769,1629,228,0.12277867528271405,111543255.0,53115.83571428571,2100,60000,0.9996333333333334,0.9799
mnist,train,resnet_c,20,112,a5,1e-06,1e-06,3877,2.1390728476821192,8362899.0,5256.37900691389,1591,221,0.12196467991169978,109542155.0,53047.04842615012,2065,60000,0.9995333333333334,0.9805
mnist,trainUval,resnet_c,20,32,a2,1e-06,1e-06,3764,2.109304932735426,14816920.0,9180.247831474597,1614,170,0.0952914798206278,118105264.0,59649.12323232323,1980,70000,0.9856166666666667,0.974
mnist,trainUval,resnet_c,20,120,a5,1e-06,1e-06,4488,2.1346336822074217,11341656.0,6167.295269168026,1839,263,0.12511893434823979,147809287.0,61948.56957250628,2386,70000,0.9995,0.9804
mnist,val,resnet_a,20,144,a2,1e-06,1e-06,512,2.0942622950819674,257659.0,1160.626126126126,222,22,0.09016393442622951,2337330.0,8721.380597014926,268,10000,0.9997666666666667,0.9804
mnist,val,resnet_a,20,88,a3,1e-06,1e-06,558,2.078358208955224,275697.0,1116.182186234818,247,21,0.07835820895522388,2514854.0,8671.910344827586,290,10000,0.9986333333333334,0.9787
mnist,train,resnet_a,20,0,a2,1e-06,1e-06,4040,2.1785329018338726,13065813.0,8238.217528373267,1586,268,0.14455231930960086,112259348.0,51353.77310155535,2186,60000,0.7192666666666667,0.883
mnist,train,resnet_a,20,56,a1,1e-06,1e-06,3303,2.1316978695932858,11196280.0,8101.50506512301,1382,167,0.1078114912846998,88199415.0,50284.729190421895,1754,60000,0.9953333333333333,0.9775
mnist,trainUval,resnet_a,20,72,a1,1e-06,1e-06,3936,2.1293290043290045,16016982.0,9754.556638246042,1642,206,0.11147186147186147,122080848.0,58467.83908045977,2088,70000,0.99605,0.9787
mnist,val,resnet_b,20,112,a2,1e-06,1e-06,547,2.1,273288.0,1172.9098712446353,233,27,0.10384615384615385,2490627.0,8678.142857142857,287,10000,0.9996333333333334,0.9799
mnist,val,resnet_b,20,104,a1,1e-06,1e-06,304,2.0753424657534247,152269.0,1136.3358208955224,134,12,0.0821917808219178,1399997.0,8860.740506329113,158,10000,0.9994833333333333,0.9788
mnist,train,resnet_b,20,8,a2,1e-06,1e-06,2891,2.1079504011670314,12180037.0,9798.903459372486,1243,128,0.09336250911743253,75531355.0,49691.68092105263,1520,60000,0.9579166666666666,0.9562
mnist,train,resnet_b,20,112,a1,1e-06,1e-06,3399,2.1290726817042605,10150284.0,7173.345583038869,1415,181,0.11340852130325814,92793944.0,51466.41375485302,1803,60000,0.9996333333333334,0.9799
mnist,trainUval,resnet_b,20,16,a1,1e-06,1e-06,3581,2.133492252681764,18524397.0,12558.913220338984,1475,203,0.12097735399284863,106176843.0,55794.45244351025,1903,70000,0.9763333333333334,0.9694
mnist,trainUval,resnet_b,20,96,a1,1e-06,1e-06,3843,2.1320754716981134,14355929.0,8950.08042394015,1604,198,0.10987791342952276,121094155.0,59330.796178343946,2041,70000,0.9990833333333333,0.9804
mnist,val,resnet_c,20,56,a2,1e-06,1e-06,508,2.1125,229386.0,1071.8971962616822,214,26,0.10833333333333334,2370178.0,8843.94776119403,268,10000,0.9954333333333333,0.9784
mnist,val,resnet_c,20,80,a2,1e-06,1e-06,488,2.126637554585153,209167.0,1030.3793103448277,203,26,0.11353711790393013,2285214.0,8823.220077220078,259,10000,0.9979166666666667,0.9786
mnist,train,resnet_c,20,40,a1,1e-06,1e-06,3063,2.1337979094076656,11233393.0,8796.70555990603,1277,158,0.11010452961672473,80817238.0,49642.038083538086,1628,60000,0.9910833333333333,0.9751
mnist,train,resnet_c,20,88,a1,1e-06,1e-06,3306,2.132258064516129,10328299.0,7544.411249086925,1369,181,0.1167741935483871,89664505.0,51061.7910022779,1756,60000,0.9987333333333334,0.979
mnist,trainUval,resnet_c,20,96,a3,1e-06,1e-06,4164,2.119653767820774,11576426.0,6653.118390804598,1740,224,0.11405295315682282,135722375.0,61691.98863636364,2200,70000,0.999,0.9792
mnist,trainUval,resnet_c,20,72,a2,1e-06,1e-06,4131,2.11577868852459,13710924.0,7825.869863013699,1752,200,0.10245901639344263,131944025.0,60552.55851307939,2179,70000,0.99615,0.9776
mnist,val,resnet_a,20,136,a1,1e-06,1e-06,342,2.0920245398773005,157321.0,1070.2108843537414,147,16,0.09815950920245399,1588705.0,8875.446927374302,179,10000,0.9996333333333334,0.9786
mnist,val,resnet_a,20,40,a3,1e-06,1e-06,503,2.1092436974789917,199011.0,938.7311320754717,212,26,0.1092436974789916,2356643.0,8892.992452830189,265,10000,0.9913333333333333,0.9765
mnist,train,resnet_a,20,96,a5,1e-06,1e-06,4013,2.1283819628647214,8996346.0,5393.492805755395,1668,217,0.11511936339522547,112576062.0,52902.28477443609,2128,60000,0.99905,0.9783
mnist,train,resnet_a,20,64,a1,1e-06,1e-06,3331,2.1277955271565494,11736266.0,8443.356834532375,1390,175,0.11182108626198083,88464523.0,50093.16138165345,1766,60000,0.9966666666666667,0.9767
mnist,trainUval,resnet_a,20,0,a5,1e-06,1e-06,3029,2.0897170462387855,8548842.0,6447.090497737557,1326,123,0.08488612836438923,98890636.0,62589.01012658228,1580,70000,0.7192666666666667,0.883
mnist,val,resnet_b,20,104,a3,1e-06,1e-06,580,2.097826086956522,246955.0,991.7871485943775,249,27,0.09782608695652174,2669834.0,8782.348684210527,304,10000,0.9994833333333333,0.9788
mnist,val,resnet_b,20,88,a5,1e-06,1e-06,631,2.135593220338983,239498.0,931.8988326848249,257,38,0.1288135593220339,2966674.0,8829.386904761905,336,10000,0.9987333333333334,0.9792
mnist,train,resnet_b,20,144,a4,1e-06,1e-06,3836,2.1341124095715083,8421562.0,5336.85804816223,1578,219,0.12186978297161936,108312811.0,53120.554683668466,2039,60000,0.9996666666666667,0.9813
mnist,train,resnet_b,20,48,a1,1e-06,1e-06,3096,2.155292479108635,10798730.0,8563.624107850912,1261,175,0.12186629526462396,83264965.0,50159.617469879515,1660,60000,0.9941333333333333,0.9781
mnist,trainUval,resnet_b,20,128,a2,1e-06,1e-06,4263,2.1235675137020427,13121994.0,7330.722905027933,1790,217,0.1081215744892875,137906741.0,61128.87455673759,2256,70000,0.9998,0.9783
mnist,trainUval,resnet_b,20,128,a1,1e-06,1e-06,4020,2.1186083289404323,14117291.0,8314.070082449942,1698,199,0.10490247759620454,126836282.0,59743.8916627414,2123,70000,0.9998,0.9783
mnist,val,resnet_c,20,112,a2,1e-06,1e-06,475,2.0789473684210527,204989.0,966.9292452830189,212,16,0.07017543859649122,2196062.0,8890.939271255062,247,10000,0.9995333333333334,0.9805
mnist,val,resnet_c,20,104,a1,1e-06,1e-06,315,2.0657894736842106,162209.0,1150.4184397163122,141,11,0.07236842105263158,1414009.0,8674.901840490798,163,10000,0.9995666666666667,0.9787
mnist,train,resnet_c,20,8,a2,1e-06,1e-06,2926,2.1149674620390457,12046498.0,9668.136436597111,1246,137,0.09906001446131597,76932327.0,49858.9287103046,1543,60000,0.9582333333333334,0.9556
mnist,train,resnet_c,20,112,a1,1e-06,1e-06,3484,2.157992565055762,9946332.0,7044.14447592068,1412,202,0.1251548946716233,96423656.0,51563.45240641711,1870,60000,0.9995333333333334,0.9805
mnist,trainUval,resnet_c,20,16,a1,1e-06,1e-06,3617,2.117096018735363,19083342.0,12456.48955613577,1532,176,0.10304449648711944,106310043.0,55688.86485070718,1909,70000,0.9753333333333334,0.9712
mnist,trainUval,resnet_c,20,96,a1,1e-06,1e-06,3978,2.122198505869797,14975945.0,8930.19976147883,1677,197,0.10512273212379936,124816142.0,59323.2614068441,2104,70000,0.999,0.9792
mnist,val,resnet_a,20,24,a2,1e-06,1e-06,409,2.1139896373056994,173742.0,1010.1279069767442,172,21,0.10880829015544041,1928916.0,8930.166666666666,216,10000,0.9826666666666667,0.9713
mnist,val,resnet_a,20,16,a3,1e-06,1e-06,504,2.1046025104602513,245962.0,1154.75117370892,213,26,0.1087866108786611,2315208.0,8736.633962264152,265,10000,0.976,0.9675
mnist,train,resnet_a,20,144,a1,1e-06,1e-06,3591,2.140727489564699,10146055.0,6883.3480325644505,1474,203,0.1210494931425164,99029930.0,51739.77533960293,1914,60000,0.9997666666666667,0.9804
mnist,train,resnet_a,20,40,a5,1e-06,1e-06,3603,2.121319199057715,9086325.0,6009.474206349207,1512,186,0.10954063604240283,100385695.0,52695.902887139106,1905,60000,0.9913333333333333,0.9765
mnist,trainUval,resnet_a,20,56,a4,1e-06,1e-06,4179,2.1143724696356276,12463061.0,7049.242647058823,1768,208,0.10526315789473684,134812726.0,61195.064003631414,2203,70000,0.9953333333333333,0.9775
mnist,val,resnet_b,20,0,a3,1e-06,1e-06,517,2.1322314049586777,251111.0,1173.4158878504672,214,28,0.11570247933884298,2383414.0,8666.96,275,10000,0.7147666666666667,0.8879
mnist,val,resnet_b,20,80,a1,1e-06,1e-06,320,2.1125827814569536,154815.0,1146.7777777777778,135,16,0.10596026490066225,1491202.0,8823.68047337278,169,10000,0.9975833333333334,0.9787
mnist,train,resnet_b,20,72,a4,1e-06,1e-06,3624,2.1336866902237928,8611847.0,5768.149363697254,1493,205,0.12073027090694935,101975960.0,52947.01973001038,1926,60000,0.9959,0.9782
mnist,train,resnet_b,20,64,a5,1e-06,1e-06,3730,2.130857142857143,8972238.0,5833.704811443433,1538,212,0.12114285714285715,104475573.0,52765.44090909091,1980,60000,0.9958833333333333,0.9777
mnist,trainUval,resnet_b,20,80,a3,1e-06,1e-06,4220,2.1105552776388192,12817574.0,7124.832684824903,1799,200,0.10005002501250625,135986489.0,61227.59522737506,2221,70000,0.9975833333333334,0.9787
mnist,trainUval,resnet_b,20,136,a2,1e-06,1e-06,4326,2.1232204221894944,13127095.0,7252.53867403315,1810,227,0.11143838978890526,139592270.0,60983.95369156837,2289,70000,0.9998333333333334,0.9812
mnist,val,resnet_c,20,104,a3,1e-06,1e-06,559,2.0977443609022557,242929.0,1003.8388429752066,242,24,0.09022556390977443,2579616.0,8804.150170648465,293,10000,0.9995666666666667,0.9787
mnist,val,resnet_c,20,88,a5,1e-06,1e-06,598,2.155234657039711,214917.0,903.0126050420168,238,39,0.1407942238267148,2852679.0,8886.85046728972,321,10000,0.9987333333333334,0.979
mnist,train,resnet_c,20,144,a4,1e-06,1e-06,3951,2.113429641519529,8711393.0,5203.938470728794,1674,195,0.1043338683788122,110208624.0,52934.01729106628,2082,60000,0.9996333333333334,0.9799
mnist,train,resnet_c,20,48,a1,1e-06,1e-06,3140,2.1266937669376693,11315142.0,8630.924485125857,1311,165,0.11178861788617886,83046796.0,49907.93028846154,1664,60000,0.9941166666666666,0.9759
mnist,trainUval,resnet_c,20,128,a2,1e-06,1e-06,4384,2.117391304347826,13435955.0,7262.6783783783785,1850,220,0.10628019323671498,140874800.0,60879.34312878133,2314,70000,0.9996666666666667,0.9804
mnist,trainUval,resnet_c,20,128,a1,1e-06,1e-06,4041,2.145512480084971,14330656.0,8617.351773902587,1663,220,0.11683483802442911,128613849.0,59598.632530120485,2158,70000,0.9996666666666667,0.9804
mnist,val,resnet_a,20,16,a2,1e-06,1e-06,438,2.131707317073171,202619.0,1138.308988764045,178,27,0.13170731707317074,2044527.0,8774.793991416309,233,10000,0.976,0.9675
mnist,val,resnet_a,20,104,a4,1e-06,1e-06,614,2.1284722222222223,262084.0,1035.905138339921,253,35,0.12152777777777778,2840660.0,8713.680981595093,326,10000,0.9993333333333333,0.9795
mnist,train,resnet_a,20,64,a2,1e-06,1e-06,3517,2.1257557436517533,9859598.0,6725.510231923602,1466,188,0.11366384522370013,96915928.0,52021.432098765436,1863,60000,0.9966666666666667,0.9767
mnist,train,resnet_a,20,136,a4,1e-06,1e-06,3854,2.126379690949227,8597903.0,5360.288653366583,1604,208,0.11479028697571744,108353588.0,53062.4818805093,2042,60000,0.9996333333333334,0.9786
mnist,trainUval,resnet_a,20,24,a5,1e-06,1e-06,4099,2.113460546673543,13060974.0,7514.944764096663,1738,201,0.10366168127900979,131582412.0,60917.78333333333,2160,70000,0.9826666666666667,0.9713
mnist,val,resnet_b,20,80,a4,1e-06,1e-06,603,2.104895104895105,286914.0,1120.7578125,256,30,0.1048951048951049,2745568.0,8661.097791798107,317,10000,0.9975833333333334,0.9787
mnist,val,resnet_b,20,136,a5,1e-06,1e-06,663,2.088328075709779,270326.0,941.9024390243902,287,30,0.0946372239747634,3039106.0,8783.543352601157,346,10000,0.9998333333333334,0.9812
mnist,train,resnet_b,20,64,a3,1e-06,1e-06,3516,2.1123798076923075,9014321.0,6021.590514362058,1497,167,0.10036057692307693,97426931.0,52606.33423326134,1852,60000,0.9958833333333333,0.9777
mnist,train,resnet_b,20,48,a4,1e-06,1e-06,3498,2.1078963230861967,9172330.0,6143.556597454789,1493,166,0.10006027727546715,96647262.0,52554.24796084829,1839,60000,0.9941333333333333,0.9781
mnist,trainUval,resnet_b,20,8,a1,1e-06,1e-06,3494,2.1272838002436054,22355611.0,15270.226092896175,1464,178,0.10840438489646773,98792333.0,53343.59233261339,1852,70000,0.9579166666666666,0.9562
mnist,trainUval,resnet_b,20,24,a4,1e-06,1e-06,3914,2.1037634408602153,13362653.0,7916.263625592417,1688,172,0.09247311827956989,125045616.0,60879.07302823759,2054,70000,0.9833666666666666,0.9741
mnist,val,resnet_c,20,0,a3,1e-06,1e-06,510,2.094650205761317,240977.0,1100.351598173516,219,24,0.09876543209876543,2328238.0,8719.992509363296,267,10000,0.7126833333333333,0.8864
mnist,val,resnet_c,20,80,a1,1e-06,1e-06,291,2.101449275362319,158395.0,1287.7642276422764,123,15,0.10869565217391304,1343615.0,8781.797385620916,153,10000,0.9979166666666667,0.9786
mnist,train,resnet_c,20,72,a4,1e-06,1e-06,3725,2.1243582430119794,8986469.0,5775.365681233933,1556,197,0.11237877923559612,104358415.0,52920.088742393506,1972,60000,0.99615,0.9776
mnist,train,resnet_c,20,64,a5,1e-06,1e-06,3617,2.1421800947867298,8394479.0,5722.207907293797,1467,221,0.13092417061611375,102046619.0,52901.30585795749,1929,60000,0.9961833333333333,0.9772
mnist,trainUval,resnet_c,20,80,a3,1e-06,1e-06,4259,2.121574489287494,12687479.0,7115.804262478968,1783,224,0.11160936721474839,137683377.0,61138.26687388988,2252,70000,0.9979166666666667,0.9786
mnist,trainUval,resnet_c,20,136,a2,1e-06,1e-06,4157,2.1301896463352126,12420611.0,7208.712130005804,1723,228,0.1168631471040492,134909177.0,61155.56527651859,2206,70000,0.9997166666666667,0.9817
mnist,val,resnet_a,20,96,a4,1e-06,1e-06,578,2.1135531135531136,250487.0,1039.3651452282159,241,32,0.11721611721611722,2677417.0,8778.416393442623,305,10000,0.99905,0.9783
mnist,val,resnet_a,20,32,a3,1e-06,1e-06,500,2.087866108786611,222510.0,1020.6880733944954,218,21,0.08786610878661087,2307318.0,8840.298850574713,261,10000,0.9849333333333333,0.9733
mnist,train,resnet_a,20,24,a1,1e-06,1e-06,3146,2.125,14066028.0,10648.01514004542,1321,159,0.10743243243243243,80169061.0,48120.684873949576,1666,60000,0.9826666666666667,0.9713
mnist,trainUval,resnet_a,20,40,a4,1e-06,1e-06,4006,2.1123417721518987,12288481.0,7186.246198830409,1710,186,0.0981012658227848,129511310.0,61379.76777251185,2110,70000,0.9913333333333333,0.9765
mnist,trainUval,resnet_a,20,104,a5,1e-06,1e-06,4562,2.1362997658079625,11956215.0,6376.648,1875,260,0.12177985948477751,149874719.0,61753.0774618871,2427,70000,0.9993333333333333,0.9795
mnist,val,resnet_b,20,48,a5,1e-06,1e-06,574,2.1222222222222222,242912.0,1016.36820083682,239,31,0.11481481481481481,2677082.0,8806.190789473685,304,10000,0.9941333333333333,0.9781
mnist,val,resnet_b,20,32,a5,1e-06,1e-06,587,2.1386861313868613,228147.0,962.6455696202531,237,37,0.13503649635036497,2754803.0,8801.287539936102,313,10000,0.9854833333333334,0.9749
mnist,train,resnet_b,20,128,a5,1e-06,1e-06,3896,2.127252867285636,8237810.0,5088.208770846201,1619,212,0.11578372474057892,109938782.0,53239.119612590795,2065,60000,0.9998,0.9783
mnist,train,resnet_b,20,128,a4,1e-06,1e-06,3840,2.1339633129516398,8283896.0,5256.279187817259,1576,223,0.12395775430794886,108505516.0,53162.91817736404,2041,60000,0.9998,0.9783
mnist,trainUval,resnet_b,20,80,a5,1e-06,1e-06,4532,2.120262049602246,12200601.0,6431.523985239853,1897,240,0.11230697239120262,147692669.0,61667.085177453024,2395,70000,0.9975833333333334,0.9787
mnist,trainUval,resnet_b,20,96,a2,1e-06,1e-06,4148,2.1136595310907236,12765117.0,7236.460884353742,1764,198,0.10091743119266056,133564567.0,61099.98490393413,2186,70000,0.9990833333333333,0.9804
mnist,val,resnet_c,20,80,a4,1e-06,1e-06,617,2.138888888888889,243633.0,970.6494023904382,251,37,0.1284722222222222,2876021.0,8741.705167173252,329,10000,0.9979166666666667,0.9786
mnist,val,resnet_c,20,136,a5,1e-06,1e-06,642,2.129568106312292,249002.0,936.0977443609023,266,35,0.11627906976744186,3010736.0,8829.137829912024,341,10000,0.9997166666666667,0.9817
mnist,train,resnet_c,20,64,a3,1e-06,1e-06,3454,2.11840490797546,9052077.0,6221.358762886598,1455,175,0.10736196319018405,96099267.0,52686.00164473684,1824,60000,0.9961833333333333,0.9772
mnist,train,resnet_c,20,48,a4,1e-06,1e-06,3525,2.1203369434416364,9150944.0,6166.404312668464,1484,178,0.10709987966305656,97789767.0,52490.48148148148,1863,60000,0.9941166666666666,0.9759
mnist,trainUval,resnet_c,20,8,a1,1e-06,1e-06,3469,2.1354679802955663,21151403.0,14647.786011080332,1444,180,0.11083743842364532,100296730.0,54361.371273712735,1845,70000,0.9582333333333334,0.9556
mnist,trainUval,resnet_c,20,24,a4,1e-06,1e-06,3956,2.1149732620320854,13834283.0,8269.147041243275,1673,197,0.1053475935828877,126814773.0,60793.27564717162,2086,70000,0.9832333333333333,0.9716
mnist,val,resnet_a,20,8,a4,1e-06,1e-06,532,2.090551181102362,258148.0,1122.3826086956522,230,24,0.09448818897637795,2426047.0,8726.787769784172,278,10000,0.9588833333333333,0.957
mnist,val,resnet_a,20,40,a2,1e-06,1e-06,463,2.1,216619.0,1067.088669950739,203,17,0.07727272727272727,2140261.0,8807.658436213991,243,10000,0.9913333333333333,0.9765
mnist,train,resnet_a,20,32,a1,1e-06,1e-06,3159,2.1180415828303154,12957901.0,9619.822568671121,1347,144,0.096579476861167,81755281.0,49013.957434052754,1668,60000,0.9849333333333333,0.9733
mnist,trainUval,resnet_a,20,120,a2,1e-06,1e-06,4346,2.1246943765281174,12857910.0,7072.557755775578,1818,227,0.11100244498777506,140590834.0,61099.88439808779,2301,70000,0.9996166666666667,0.9801
mnist,trainUval,resnet_a,20,56,a5,1e-06,1e-06,4377,2.11605415860735,12993828.0,7035.099079588522,1847,221,0.10686653771760155,141391854.0,61235.10350801213,2309,70000,0.9953333333333333,0.9775
mnist,val,resnet_b,20,64,a4,1e-06,1e-06,575,2.1025641025641026,230436.0,940.5551020408163,245,28,0.10256410256410256,2654436.0,8789.523178807947,302,10000,0.9958833333333333,0.9777
mnist,val,resnet_b,20,144,a3,1e-06,1e-06,569,2.1115241635687734,253160.0,1054.8333333333333,240,29,0.10780669144981413,2626620.0,8755.4,300,10000,0.9996666666666667,0.9813
mnist,train,resnet_b,20,120,a3,1e-06,1e-06,3773,2.1179112857944973,8977097.0,5631.804893350063,1594,187,0.10499719258843346,105313823.0,52868.38504016064,1992,60000,0.9997333333333334,0.9797
mnist,train,resnet_b,20,0,a1,1e-06,1e-06,4413,2.3245521601685986,15010715.0,9804.516655780535,1531,367,0.19336143308746048,127553382.0,50717.050497017895,2515,60000,0.7147666666666667,0.8879
mnist,trainUval,resnet_b,20,8,a3,1e-06,1e-06,3661,2.0962199312714778,16601506.0,10369.460337289194,1601,145,0.08304696449026346,112468540.0,58730.308093994776,1915,70000,0.9579166666666666,0.9562
mnist,trainUval,resnet_b,20,16,a5,1e-06,1e-06,3934,2.105460385438972,13701925.0,8151.0559190957765,1681,187,0.10010706638115632,125043367.0,60524.37899322362,2066,70000,0.9763333333333334,0.9694
mnist,val,resnet_c,20,48,a5,1e-06,1e-06,627,2.136518771331058,272322.0,1063.7578125,256,37,0.12627986348122866,2927212.0,8764.107784431138,334,10000,0.9941166666666666,0.9759
mnist,val,resnet_c,20,32,a5,1e-06,1e-06,582,2.1204379562043796,226306.0,923.6979591836734,245,29,0.10583941605839416,2729175.0,8860.957792207791,308,10000,0.9856166666666667,0.974
mnist,train,resnet_c,20,128,a5,1e-06,1e-06,3888,2.120567375886525,8781993.0,5387.725766871165,1630,203,0.11074740861974905,108807198.0,52947.54160583942,2055,60000,0.9996666666666667,0.9804
mnist,train,resnet_c,20,128,a4,1e-06,1e-06,3877,2.1261656609983546,8673282.0,5373.780669144981,1614,209,0.11464618760285245,108530193.0,52838.45813047712,2054,60000,0.9996666666666667,0.9804
mnist,trainUval,resnet_c,20,80,a5,1e-06,1e-06,4422,2.147158814958718,11936186.0,6675.719239373601,1788,271,0.131617289946576,145703787.0,61660.510791366905,2363,70000,0.9979166666666667,0.9786
mnist,trainUval,resnet_c,20,96,a2,1e-06,1e-06,4198,2.134791454730417,12385648.0,7175.9258400927,1726,240,0.12207527975584945,136780504.0,61281.58781362007,2232,70000,0.999,0.9792
mnist,val,resnet_a,20,48,a3,1e-06,1e-06,579,2.07168458781362,286880.0,1103.3846153846155,260,19,0.06810035842293907,2606582.0,8688.606666666667,300,10000,0.99415,0.9771
mnist,val,resnet_a,20,72,a5,1e-06,1e-06,603,2.104895104895105,255022.0,988.4573643410853,258,28,0.0979020979020979,2786823.0,8791.23974763407,317,10000,0.99605,0.9787
mnist,train,resnet_a,20,8,a5,1e-06,1e-06,3338,2.1173857868020303,11203738.0,7945.913475177305,1410,166,0.10532994923857868,90071530.0,51118.9160045403,1762,60000,0.9588833333333333,0.957
mnist,trainUval,resnet_a,20,32,a4,1e-06,1e-06,3893,2.1140684410646386,12452316.0,7546.858181818182,1650,191,0.10374796306355241,125279166.0,61052.22514619883,2052,70000,0.9849333333333333,0.9733
mnist,trainUval,resnet_a,20,112,a4,1e-06,1e-06,4425,2.120805369127517,11972460.0,6468.103727714749,1851,235,0.11265580057526366,144300367.0,61693.18811457888,2339,70000,0.9995666666666667,0.9805
mnist,val,resnet_b,20,48,a2,1e-06,1e-06,501,2.100840336134454,247245.0,1144.6527777777778,216,22,0.09243697478991597,2302242.0,8753.77186311787,263,10000,0.9941333333333333,0.9781
mnist,val,resnet_b,20,112,a3,1e-06,1e-06,593,2.121863799283154,273867.0,1113.280487804878,246,33,0.11827956989247312,2755378.0,8775.089171974523,314,10000,0.9996333333333334,0.9799
mnist,train,resnet_b,20,104,a2,1e-06,1e-06,3715,2.1162393162393163,9532164.0,6079.186224489796,1568,187,0.10655270655270656,102641422.0,52368.07244897959,1960,60000,0.9994833333333333,0.9788
mnist,train,resnet_b,20,88,a4,1e-06,1e-06,3771,2.12633953750705,8769609.0,5603.584025559106,1565,208,0.11731528482797518,105560083.0,52832.874374374376,1998,60000,0.9987333333333334,0.9792
mnist,trainUval,resnet_b,20,0,a4,1e-06,1e-06,3610,2.1279481132075473,11150009.0,7408.643853820598,1505,191,0.11261792452830188,117955369.0,61627.67450365726,1914,70000,0.7147666666666667,0.8879
mnist,trainUval,resnet_b,20,56,a3,1e-06,1e-06,4145,2.1164453524004085,13039949.0,7438.647461494581,1753,205,0.10469867211440245,133474652.0,61030.93369913123,2187,70000,0.9956833333333334,0.9795
mnist,val,resnet_c,20,64,a4,1e-06,1e-06,583,2.1163636363636362,237167.0,980.0289256198347,242,33,0.12,2711957.0,8805.055194805194,308,10000,0.9961833333333333,0.9772
mnist,val,resnet_c,20,144,a3,1e-06,1e-06,601,2.112676056338028,279916.0,1102.0314960629921,254,30,0.1056338028169014,2769178.0,8735.577287066246,317,10000,0.9996333333333334,0.9799
mnist,train,resnet_c,20,120,a3,1e-06,1e-06,3773,2.1226786719189645,8519292.0,5402.214331008244,1577,200,0.11254924029262803,105719305.0,52965.58366733467,1996,60000,0.9995,0.9804
mnist,train,resnet_c,20,0,a1,1e-06,1e-06,4183,2.3104972375690607,14916399.0,10140.312032630864,1471,339,0.18729281767955802,120052182.0,50590.89001264222,2373,60000,0.7126833333333333,0.8864
mnist,trainUval,resnet_c,20,8,a3,1e-06,1e-06,3605,2.1088355763604447,15480280.0,10045.606748864373,1541,168,0.09830310122878877,112250336.0,59203.76371308017,1896,70000,0.9582333333333334,0.9556
mnist,trainUval,resnet_c,20,16,a5,1e-06,1e-06,3935,2.121898597626753,13462486.0,8139.350665054413,1654,200,0.10787486515641856,126054223.0,60573.869774147046,2081,70000,0.9753333333333334,0.9712
mnist,val,resnet_a,20,120,a4,1e-06,1e-06,570,2.1074074074074076,236963.0,983.2489626556016,241,29,0.10740740740740741,2635912.0,8786.373333333333,300,10000,0.9996166666666667,0.9801
mnist,val,resnet_a,20,120,a1,1e-06,1e-06,311,2.066666666666667,157781.0,1135.1151079136691,139,11,0.07333333333333333,1414061.0,8782.987577639751,161,10000,0.9996166666666667,0.9801
mnist,train,resnet_a,20,128,a3,1e-06,1e-06,3754,2.137243735763098,8584853.0,5611.015032679738,1530,226,0.12870159453302962,105976831.0,53041.45695695696,1998,60000,0.99965,0.981
mnist,trainUval,resnet_a,20,72,a3,1e-06,1e-06,4180,2.1116725618999497,12837919.0,7204.219416386083,1782,197,0.09954522486104093,134477431.0,61098.333030440706,2201,70000,0.99605,0.9787
mnist,trainUval,resnet_a,20,24,a3,1e-06,1e-06,3982,2.105235325224749,14342404.0,8397.192037470726,1708,183,0.0967741935483871,125964737.0,60241.385461501675,2091,70000,0.9826666666666667,0.9713
mnist,val,resnet_b,20,144,a5,1e-06,1e-06,596,2.1402877697841727,214996.0,888.4132231404959,242,36,0.12949640287769784,2819608.0,8866.691823899371,318,10000,0.9996666666666667,0.9813
mnist,val,resnet_b,20,112,a5,1e-06,1e-06,651,2.1311475409836067,268112.0,996.6988847583643,269,36,0.1180327868852459,3024176.0,8740.393063583815,346,10000,0.9996333333333334,0.9799
mnist,train,resnet_b,20,32,a2,1e-06,1e-06,3337,2.1140684410646386,11042986.0,7826.3543586109145,1411,167,0.10583016476552598,89503132.0,50882.9630471859,1759,60000,0.9854833333333334,0.9749
mnist,train,resnet_b,20,120,a5,1e-06,1e-06,3973,2.1343363782912412,8828125.0,5399.464831804281,1635,226,0.12144008597528211,111798282.0,52934.79261363636,2112,60000,0.9997333333333334,0.9797
mnist,trainUval,resnet_b,20,144,a2,1e-06,1e-06,4279,2.1188707280832095,12584962.0,6991.645555555556,1800,219,0.10846953937592868,138320256.0,61203.65309734513,2260,70000,0.9996666666666667,0.9813
mnist,trainUval,resnet_b,20,88,a3,1e-06,1e-06,4289,2.117530864197531,12530061.0,6934.178749308246,1807,218,0.10765432098765432,138846310.0,61327.87544169612,2264,70000,0.9987333333333334,0.9792
mnist,val,resnet_c,20,48,a2,1e-06,1e-06,527,2.1295546558704452,229027.0,1055.4239631336407,217,30,0.1214574898785425,2456659.0,8773.782142857142,280,10000,0.9941166666666666,0.9759
mnist,val,resnet_c,20,112,a3,1e-06,1e-06,562,2.116981132075472,246421.0,1044.156779661017,236,29,0.10943396226415095,2615994.0,8808.060606060606,297,10000,0.9995333333333334,0.9805
mnist,train,resnet_c,20,104,a2,1e-06,1e-06,3636,2.1269748390871857,9079677.0,5985.284772577455,1517,192,0.11234640140433001,101381168.0,52610.881162428646,1927,60000,0.9995666666666667,0.9787
mnist,train,resnet_c,20,88,a4,1e-06,1e-06,3710,2.1328349626221965,8524228.0,5567.751796211626,1531,208,0.11960897067280046,104683217.0,53111.728564180616,1971,60000,0.9987333333333334,0.979
mnist,trainUval,resnet_c,20,0,a4,1e-06,1e-06,3632,2.103707995365006,12304714.0,7877.537772087067,1562,164,0.09501738122827347,116588753.0,61169.335257082894,1906,70000,0.7126833333333333,0.8864
mnist,trainUval,resnet_c,20,56,a3,1e-06,1e-06,4213,2.1133968891118915,12883462.0,7181.416945373467,1794,199,0.09984947315604616,135776464.0,61160.56936936937,2220,70000,0.9954333333333333,0.9784
mnist,val,resnet_a,20,16,a4,1e-06,1e-06,546,2.0961538461538463,272799.0,1151.0506329113923,237,23,0.08846153846153847,2485347.0,8690.024475524475,286,10000,0.976,0.9675
mnist,val,resnet_a,20,88,a2,1e-06,1e-06,520,2.092741935483871,250459.0,1123.134529147982,223,25,0.10080645161290322,2378387.0,8744.069852941177,272,10000,0.9986333333333334,0.9787
mnist,train,resnet_a,20,136,a3,1e-06,1e-06,3782,2.127743387732133,8491556.0,5391.464126984127,1575,202,0.11367473269555431,106406500.0,53070.573566084786,2005,60000,0.9996333333333334,0.9786
mnist,trainUval,resnet_a,20,56,a2,1e-06,1e-06,4193,2.100200400801603,14641380.0,8075.7749586321015,1813,183,0.09168336673346693,132550862.0,60332.66363222576,2197,70000,0.9953333333333333,0.9775
mnist,trainUval,resnet_a,20,80,a2,1e-06,1e-06,4195,2.1107196779063915,13682245.0,7660.8314669652855,1786,201,0.101157523905385,134039659.0,60706.36730072464,2208,70000,0.9982333333333333,0.979
mnist,val,resnet_b,20,40,a1,1e-06,1e-06,310,2.0738255033557045,161003.0,1175.2043795620439,137,12,0.08053691275167785,1420276.0,8821.590062111802,161,10000,0.9911833333333333,0.9766
mnist,val,resnet_b,20,88,a1,1e-06,1e-06,305,2.068027210884354,152439.0,1112.6934306569342,137,10,0.06802721088435375,1393807.0,8821.56329113924,158,10000,0.9987333333333334,0.9792
mnist,train,resnet_b,20,96,a3,1e-06,1e-06,3713,2.128440366972477,8719232.0,5669.20156046814,1538,206,0.11811926605504587,104152771.0,52896.27780599289,1969,60000,0.9990833333333333,0.9804
mnist,train,resnet_b,20,72,a2,1e-06,1e-06,3613,2.123456790123457,10038589.0,6643.672402382528,1511,190,0.11169900058788948,99653261.0,52119.906380753135,1912,60000,0.9959,0.9782
mnist,trainUval,resnet_b,20,136,a1,1e-06,1e-06,4042,2.112388917929953,15289035.0,8842.703875072297,1729,184,0.09618400418191322,126497325.0,59416.31047440113,2129,70000,0.9998333333333334,0.9812
mnist,trainUval,resnet_b,20,40,a3,1e-06,1e-06,4085,2.123764950598024,12860617.0,7516.433080070135,1711,212,0.11024440977639105,132057011.0,61080.9486586494,2162,70000,0.9911833333333333,0.9766
mnist,val,resnet_c,20,144,a5,1e-06,1e-06,645,2.090909090909091,281322.0,997.5957446808511,282,26,0.08441558441558442,2955746.0,8770.759643916914,337,10000,0.9996333333333334,0.9799
mnist,val,resnet_c,20,112,a5,1e-06,1e-06,613,2.1473684210526316,225705.0,925.0204918032787,244,41,0.14385964912280702,2898197.0,8835.966463414634,328,10000,0.9995333333333334,0.9805
mnist,train,resnet_c,20,32,a2,1e-06,1e-06,3171,2.116154873164219,10428345.0,7724.7,1350,148,0.09879839786381843,85885705.0,51336.3448894202,1673,60000,0.9856166666666667,0.974
mnist,train,resnet_c,20,120,a5,1e-06,1e-06,3898,2.121393576483397,8431279.0,5166.224877450981,1632,205,0.1115949918345128,109470027.0,53115.0058224163,2061,60000,0.9995,0.9804
mnist,trainUval,resnet_c,20,144,a2,1e-06,1e-06,4378,2.1226964112512126,13189902.0,7180.131736526946,1837,225,0.10911736178467507,141369346.0,61040.304835924006,2316,70000,0.9996333333333334,0.9799
mnist,trainUval,resnet_c,20,88,a3,1e-06,1e-06,4272,2.1238189955246147,12143788.0,6799.433370660694,1786,225,0.11188463451019394,139087903.0,61516.10039805396,2261,70000,0.9987333333333334,0.979
mnist,val,resnet_a,20,0,a2,1e-06,1e-06,504,2.1223628691983123,239825.0,1136.6113744075828,211,26,0.10970464135021098,2340049.0,8764.228464419475,267,10000,0.7192666666666667,0.883
mnist,val,resnet_a,20,56,a1,1e-06,1e-06,306,2.089041095890411,151219.0,1145.5984848484848,132,14,0.0958904109589041,1411214.0,8820.0875,160,10000,0.9953333333333333,0.9775
mnist,train,resnet_a,20,72,a1,1e-06,1e-06,3351,2.1378430121250798,11415459.0,8200.760775862069,1392,175,0.11167836630504148,90141221.0,50527.59024663677,1784,60000,0.99605,0.9787
mnist,trainUval,resnet_a,20,112,a2,1e-06,1e-06,4280,2.1089206505667817,13292053.0,7247.575245365321,1834,195,0.09610645638245441,137593827.0,61125.645046645936,2251,70000,0.9995666666666667,0.9805
mnist,trainUval,resnet_a,20,104,a1,1e-06,1e-06,4019,2.1395101171459,14335020.0,8651.188895594449,1657,221,0.11767838125665601,127517035.0,59559.567958897715,2141,70000,0.9993333333333333,0.9795
mnist,val,resnet_b,20,8,a2,1e-06,1e-06,425,2.12,196905.0,1100.0279329608938,179,21,0.105,1992895.0,8857.31111111111,225,10000,0.9579166666666666,0.9562
mnist,val,resnet_b,20,112,a1,1e-06,1e-06,328,2.082802547770701,179893.0,1266.8521126760563,142,15,0.09554140127388536,1487268.0,8697.473684210527,171,10000,0.9996333333333334,0.9799
mnist,train,resnet_b,20,16,a1,1e-06,1e-06,2998,2.1300639658848612,13295095.0,10627.573940847322,1251,156,0.11087420042643924,76334133.0,47978.71338780641,1591,60000,0.9763333333333334,0.9694
mnist,train,resnet_b,20,96,a1,1e-06,1e-06,3354,2.14386189258312,9774932.0,7134.986861313869,1370,194,0.12404092071611253,92010244.0,51402.37094972067,1790,60000,0.9990833333333333,0.9804
mnist,trainUval,resnet_b,20,24,a2,1e-06,1e-06,3851,2.1153846153846154,15229780.0,9337.694665849172,1631,189,0.10384615384615385,120154092.0,59160.064992614476,2031,70000,0.9833666666666666,0.9741
mnist,trainUval,resnet_b,20,16,a3,1e-06,1e-06,3804,2.108093126385809,14992920.0,9186.838235294117,1632,172,0.09534368070953436,119343558.0,59671.779,2000,70000,0.9763333333333334,0.9694
mnist,val,resnet_c,20,40,a1,1e-06,1e-06,291,2.0863309352517985,127176.0,1001.3858267716536,127,12,0.08633093525179857,1362993.0,8967.059210526315,152,10000,0.9910833333333333,0.9751
mnist,val,resnet_c,20,88,a1,1e-06,1e-06,312,2.0733333333333333,161733.0,1171.9782608695652,138,12,0.08,1410049.0,8704.006172839507,162,10000,0.9987333333333334,0.979
mnist,train,resnet_c,20,96,a3,1e-06,1e-06,3633,2.12025685931115,8519507.0,5590.227690288714,1524,189,0.11033274956217162,101682207.0,52959.4828125,1920,60000,0.999,0.9792
mnist,train,resnet_c,20,72,a2,1e-06,1e-06,3523,2.1153153153153155,9824192.0,6602.279569892473,1488,177,0.1063063063063063,96684788.0,52037.02260495156,1858,60000,0.99615,0.9776
mnist,trainUval,resnet_c,20,136,a1,1e-06,1e-06,3919,2.1444991789819374,14253139.0,8863.892412935324,1608,219,0.11986863711001643,124324650.0,59428.608986615676,2092,70000,0.9997166666666667,0.9817
mnist,trainUval,resnet_c,20,40,a3,1e-06,1e-06,4058,2.1152241918665275,13294681.0,7738.463911525029,1718,200,0.10427528675703858,130046328.0,60769.31214953271,2140,70000,0.9910833333333333,0.9751
mnist,val,resnet_a,20,96,a5,1e-06,1e-06,580,2.097826086956522,236798.0,947.192,250,26,0.09420289855072464,2681688.0,8821.342105263158,304,10000,0.99905,0.9783
mnist,val,resnet_a,20,64,a1,1e-06,1e-06,283,2.073529411764706,139683.0,1108.595238095238,126,10,0.07352941176470588,1302214.0,8858.598639455782,147,10000,0.9966666666666667,0.9767
mnist,train,resnet_a,20,0,a5,1e-06,1e-06,2674,2.083398285268901,6522071.0,5513.162299239222,1183,100,0.0779423226812159,74571675.0,53610.118619698056,1391,60000,0.7192666666666667,0.883
mnist,trainUval,resnet_a,20,104,a3,1e-06,1e-06,4423,2.114777618364419,12657243.0,6739.746006389776,1878,213,0.10186513629842181,143271024.0,61436.974271012004,2332,70000,0.9993333333333333,0.9795
mnist,trainUval,resnet_a,20,88,a5,1e-06,1e-06,4325,2.1290004923682915,11087307.0,6200.954697986577,1788,243,0.11964549483013294,142371551.0,62062.576721883175,2294,70000,0.9986333333333334,0.9787
mnist,val,resnet_b,20,144,a4,1e-06,1e-06,573,2.11070110701107,233222.0,959.761316872428,243,28,0.1033210332103321,2662408.0,8815.920529801324,302,10000,0.9996666666666667,0.9813
mnist,val,resnet_b,20,48,a1,1e-06,1e-06,304,2.1188811188811187,162008.0,1255.875968992248,129,14,0.0979020979020979,1417899.0,8806.826086956522,161,10000,0.9941333333333333,0.9781
mnist,train,resnet_b,20,128,a2,1e-06,1e-06,3712,2.126647564469914,9498556.0,6120.203608247422,1552,193,0.11060171919770774,103287347.0,52510.089984748345,1967,60000,0.9998,0.9783
mnist,train,resnet_b,20,128,a1,1e-06,1e-06,3514,2.134264884568651,9856877.0,6788.482782369146,1452,194,0.11786148238153099,96557597.0,51690.362419700214,1868,60000,0.9998,0.9783
mnist,trainUval,resnet_b,20,16,a2,1e-06,1e-06,3688,2.1092677345537756,15848047.0,10075.045772409409,1573,175,0.10011441647597254,113992986.0,58759.271134020615,1940,70000,0.9763333333333334,0.9694
mnist,trainUval,resnet_b,20,104,a4,1e-06,1e-06,4375,2.119186046511628,11714826.0,6359.840390879479,1842,222,0.10755813953488372,142618599.0,61712.937689311984,2311,70000,0.9994833333333333,0.9788
mnist,val,resnet_c,20,8,a2,1e-06,1e-06,438,2.111111111111111,188987.0,1032.7158469945355,183,24,0.11594202898550725,2043094.0,8844.56277056277,231,10000,0.9582333333333334,0.9556
mnist,val,resnet_c,20,112,a1,1e-06,1e-06,283,2.073529411764706,134195.0,1073.56,125,11,0.08088235294117647,1302805.0,8862.619047619048,147,10000,0.9995333333333334,0.9805
mnist,train,resnet_c,20,16,a1,1e-06,1e-06,3025,2.1176470588235294,13367079.0,10434.878220140516,1281,147,0.10294117647058823,76606542.0,47969.030682529745,1597,60000,0.9753333333333334,0.9712
mnist,train,resnet_c,20,96,a1,1e-06,1e-06,3349,2.135204081632653,10032067.0,7217.314388489209,1390,178,0.11352040816326531,91456617.0,51351.27288040427,1781,60000,0.999,0.9792
mnist,trainUval,resnet_c,20,24,a2,1e-06,1e-06,3749,2.1175141242937854,15113861.0,9487.67168863779,1593,177,0.1,117780119.0,59514.966649823145,1979,70000,0.9832333333333333,0.9716
mnist,trainUval,resnet_c,20,16,a3,1e-06,1e-06,3788,2.10974930362117,14157649.0,8744.687461395923,1619,176,0.09805013927576602,119777683.0,60099.18866031109,1993,70000,0.9753333333333334,0.9712
mnist,val,resnet_a,20,144,a1,1e-06,1e-06,308,2.117241379310345,162519.0,1250.1461538461538,130,15,0.10344827586206896,1431595.0,8782.791411042945,163,10000,0.9997666666666667,0.9804
mnist,val,resnet_a,20,40,a5,1e-06,1e-06,600,2.11660777385159,233518.0,926.6587301587301,252,31,0.10954063604240283,2809410.0,8862.49211356467,317,10000,0.9913333333333333,0.9765
mnist,train,resnet_a,20,56,a4,1e-06,1e-06,3704,2.1196336576989125,9409310.0,6054.89703989704,1554,193,0.11047510017172295,102813901.0,52536.484925907,1957,60000,0.9953333333333333,0.9775
mnist,trainUval,resnet_a,20,0,a3,1e-06,1e-06,4160,2.1165394402035624,15195142.0,8623.803632236095,1762,203,0.10330788804071246,132507728.0,60367.985421412304,2195,70000,0.7192666666666667,0.883
mnist,trainUval,resnet_a,20,80,a1,1e-06,1e-06,3966,2.1444023796646836,14783831.0,9092.146986469865,1626,223,0.12060573282855598,125074795.0,59081.15021256495,2117,70000,0.9982333333333333,0.979
mnist,val,resnet_b,20,72,a4,1e-06,1e-06,583,2.1163636363636362,246892.0,999.5627530364372,247,28,0.10181818181818182,2712944.0,8808.25974025974,308,10000,0.9959,0.9782
mnist,val,resnet_b,20,64,a5,1e-06,1e-06,607,2.148936170212766,226773.0,944.8875,240,42,0.14893617021276595,2860872.0,8802.683076923076,325,10000,0.9958833333333333,0.9777
mnist,train,resnet_b,20,80,a3,1e-06,1e-06,3647,2.125947521865889,9063059.0,5942.9895081967215,1525,190,0.11078717201166181,102059989.0,52826.08126293996,1932,60000,0.9975833333333334,0.9787
mnist,train,resnet_b,20,136,a2,1e-06,1e-06,3710,2.119428571428571,9451509.0,6074.234575835476,1556,194,0.11085714285714286,102860570.0,52479.88265306123,1960,60000,0.9998333333333334,0.9812
mnist,trainUval,resnet_b,20,96,a4,1e-06,1e-06,4232,2.119739478957916,11691617.0,6575.712598425197,1778,218,0.1092184368737475,138008541.0,61721.1721824687,2236,70000,0.9990833333333333,0.9804
mnist,trainUval,resnet_b,20,32,a3,1e-06,1e-06,3906,2.0893525949705727,13782550.0,8050.554906542056,1712,157,0.08400214018191546,123187435.0,60474.93127147766,2037,70000,0.9854833333333334,0.9749
mnist,val,resnet_c,20,144,a4,1e-06,1e-06,611,2.110726643598616,250116.0,961.9846153846154,260,29,0.10034602076124567,2840994.0,8822.962732919255,322,10000,0.9996333333333334,0.9799
mnist,val,resnet_c,20,48,a1,1e-06,1e-06,309,2.081081081081081,142664.0,1049.0,136,12,0.08108108108108109,1432683.0,8898.652173913044,161,10000,0.9941166666666666,0.9759
mnist,train,resnet_c,20,128,a2,1e-06,1e-06,3820,2.112278761061947,9738942.0,6004.27990135635,1622,186,0.10287610619469026,105566583.0,52468.480616302186,2012,60000,0.9996666666666667,0.9804
mnist,train,resnet_c,20,128,a1,1e-06,1e-06,3546,2.136829415310428,9922693.0,6740.959918478261,1472,187,0.11271850512356842,97551556.0,51696.63804981452,1887,60000,0.9996666666666667,0.9804
mnist,trainUval,resnet_c,20,16,a2,1e-06,1e-06,3782,2.1017231795441913,16448581.0,10072.61543172076,1633,166,0.09227348526959422,116779496.0,58890.315683308116,1983,70000,0.9753333333333334,0.9712
mnist,trainUval,resnet_c,20,104,a4,1e-06,1e-06,4321,2.1218074656188604,11318227.0,6249.711209276643,1811,225,0.11051080550098231,141468474.0,61911.804814004376,2285,70000,0.9995666666666667,0.9787
mnist,val,resnet_a,20,64,a2,1e-06,1e-06,489,2.059071729957806,251338.0,1137.2760180995474,221,16,0.06751054852320675,2196572.0,8716.555555555555,252,10000,0.9966666666666667,0.9767
mnist,val,resnet_a,20,136,a4,1e-06,1e-06,593,2.137184115523466,243852.0,1003.5061728395061,243,34,0.12274368231046931,2784196.0,8810.746835443038,316,10000,0.9996333333333334,0.9786
mnist,train,resnet_a,20,24,a5,1e-06,1e-06,3466,2.124463519313305,9297708.0,6438.85595567867,1444,187,0.11465358675659104,96009154.0,52321.06485013624,1835,60000,0.9826666666666667,0.9713
mnist,trainUval,resnet_a,20,80,a4,1e-06,1e-06,4354,2.113106796116505,12575145.0,6849.2075163398695,1836,224,0.1087378640776699,140877889.0,61411.45989537925,2294,70000,0.9982333333333333,0.979
mnist,trainUval,resnet_a,20,136,a5,1e-06,1e-06,4490,2.126480341070583,11504567.0,6148.886691608765,1871,240,0.11369019422074846,147273672.0,61905.70491803279,2379,70000,0.9996333333333334,0.9786
mnist,val,resnet_b,20,64,a3,1e-06,1e-06,572,2.1148148148148147,252526.0,1043.495867768595,242,28,0.1037037037037037,2649202.0,8772.192052980132,302,10000,0.9958833333333333,0.9777
mnist,val,resnet_b,20,48,a4,1e-06,1e-06,571,2.103321033210332,245852.0,1015.9173553719008,242,29,0.1070110701107011,2626455.0,8754.85,300,10000,0.9941333333333333,0.9781
mnist,train,resnet_b,20,8,a1,1e-06,1e-06,2856,2.148231753197893,14791314.0,12762.134598792061,1159,170,0.12791572610985705,70330149.0,46057.72691552063,1527,60000,0.9579166666666666,0.9562
mnist,train,resnet_b,20,24,a4,1e-06,1e-06,3346,2.1157495256166983,9698046.0,6863.443736730361,1413,168,0.1062618595825427,92012509.0,52131.73314447592,1765,60000,0.9833666666666666,0.9741
mnist,trainUval,resnet_b,20,8,a4,1e-06,1e-06,3597,2.1016949152542375,14946519.0,9593.401155327343,1558,153,0.08942139099941554,112158121.0,59468.78101802757,1886,70000,0.9579166666666666,0.9562
mnist,trainUval,resnet_b,20,40,a2,1e-06,1e-06,4098,2.125,14727104.0,8617.380924517262,1709,219,0.11358921161825726,130445197.0,60112.99400921659,2170,70000,0.9911833333333333,0.9766
mnist,val,resnet_c,20,72,a4,1e-06,1e-06,619,2.094915254237288,280116.0,1057.0415094339623,265,30,0.1016949152542373,2835141.0,8750.435185185184,324,10000,0.99615,0.9776
mnist,val,resnet_c,20,64,a5,1e-06,1e-06,616,2.11340206185567,251394.0,974.3953488372093,258,33,0.1134020618556701,2863453.0,8810.624615384615,325,10000,0.9961833333333333,0.9772
mnist,train,resnet_c,20,80,a3,1e-06,1e-06,3738,2.1148839841539333,9613251.0,6076.644121365361,1582,185,0.10469722693831353,103311600.0,52415.8295281583,1971,60000,0.9979166666666667,0.9786
mnist,train,resnet_c,20,136,a2,1e-06,1e-06,3665,2.131471785922048,9027759.0,5962.852708058124,1514,205,0.11925538103548575,102542965.0,52694.22661870503,1946,60000,0.9997166666666667,0.9817
mnist,trainUval,resnet_c,20,96,a4,1e-06,1e-06,4277,2.1126482213438735,11459441.0,6303.322882288229,1818,206,0.10177865612648221,139251590.0,61807.18597425655,2253,70000,0.999,0.9792
mnist,trainUval,resnet_c,20,32,a3,1e-06,1e-06,3894,2.1134636264929423,13426620.0,8083.455749548465,1661,181,0.0982627578718784,124408850.0,60628.09454191033,2052,70000,0.9856166666666667,0.974
mnist,val,resnet_a,20,24,a1,1e-06,1e-06,295,2.0704225352112675,133235.0,1017.0610687022901,131,11,0.07746478873239436,1368759.0,8946.137254901962,153,10000,0.9826666666666667,0.9713
mnist,train,resnet_a,20,40,a4,1e-06,1e-06,3470,2.117826617826618,9045829.0,6200.019876627827,1459,179,0.10927960927960928,96343686.0,52589.34825327511,1832,60000,0.9913333333333333,0.9765
mnist,train,resnet_a,20,104,a5,1e-06,1e-06,3947,2.1226465841850457,8736313.0,5272.367531683766,1657,202,0.10866057019903173,110803705.0,53066.90852490421,2088,60000,0.9993333333333333,0.9795
mnist,trainUval,resnet_a,20,48,a5,1e-06,1e-06,4233,2.1223671013039116,12438701.0,7027.514689265537,1770,224,0.1123370110330993,137793257.0,61542.32112550246,2239,70000,0.99415,0.9771
mnist,trainUval,resnet_a,20,32,a5,1e-06,1e-06,4026,2.1184210526315788,12761425.0,7524.425117924528,1696,204,0.10736842105263159,130018919.0,61156.59407337724,2126,70000,0.9849333333333333,0.9733
mnist,val,resnet_b,20,128,a5,1e-06,1e-06,604,2.1083916083916083,242666.0,951.6313725490196,255,31,0.10839160839160839,2807301.0,8827.990566037735,318,10000,0.9998,0.9783
mnist,val,resnet_b,20,128,a4,1e-06,1e-06,628,2.1254237288135593,266575.0,1025.2884615384614,260,35,0.11864406779661017,2915907.0,8756.477477477478,333,10000,0.9998,0.9783
mnist,train,resnet_b,20,80,a5,1e-06,1e-06,3946,2.122108660570199,9035804.0,5479.565797453002,1649,210,0.11296395911780527,110493845.0,52943.86439865836,2087,60000,0.9975833333333334,0.9787
mnist,train,resnet_b,20,96,a2,1e-06,1e-06,3570,2.123140987507436,8927370.0,5963.507014028056,1497,184,0.10945865556216537,99292175.0,52563.35362625728,1889,60000,0.9990833333333333,0.9804
mnist,trainUval,resnet_b,20,48,a3,1e-06,1e-06,4033,2.1,13349183.0,7649.961604584527,1745,175,0.09114583333333333,128514443.0,60820.843823947,2113,70000,0.9941333333333333,0.9781
mnist,trainUval,resnet_b,20,72,a5,1e-06,1e-06,4336,2.119804400977995,11851757.0,6494.113424657534,1825,220,0.10757946210268948,141434421.0,61734.79746835443,2291,70000,0.9959,0.9782
mnist,val,resnet_c,20,64,a3,1e-06,1e-06,578,2.083032490974729,266548.0,1053.5494071146245,253,24,0.08664259927797834,2627717.0,8729.956810631229,301,10000,0.9961833333333333,0.9772
mnist,val,resnet_c,20,48,a4,1e-06,1e-06,639,2.1196013289036544,261736.0,987.6830188679245,265,36,0.11960132890365449,2966666.0,8777.118343195267,338,10000,0.9941166666666666,0.9759
mnist,train,resnet_c,20,8,a1,1e-06,1e-06,2927,2.128,15340788.0,12462.053614947197,1231,144,0.10472727272727272,72567593.0,46757.469716494845,1552,60000,0.9582333333333334,0.9556
mnist,train,resnet_c,20,24,a4,1e-06,1e-06,3427,2.1083076923076924,10156394.0,6895.04005431093,1473,152,0.09353846153846154,93785295.0,52045.11376248613,1802,60000,0.9832333333333333,0.9716
mnist,trainUval,resnet_c,20,8,a4,1e-06,1e-06,3716,2.116809116809117,15165006.0,9640.817546090273,1573,182,0.1037037037037037,116751017.0,59536.469658337584,1961,70000,0.9582333333333334,0.9556
mnist,trainUval,resnet_c,20,40,a2,1e-06,1e-06,3952,2.123052122514777,14325789.0,8650.838768115942,1656,205,0.11015583019881783,125512654.0,60025.181252989,2091,70000,0.9910833333333333,0.9751
mnist,val,resnet_a,20,32,a1,1e-06,1e-06,276,2.099236641221374,125082.0,1060.0169491525423,118,13,0.09923664122137404,1300891.0,8971.662068965517,145,10000,0.9849333333333333,0.9733
mnist,train,resnet_a,20,120,a2,1e-06,1e-06,3721,2.13302752293578,9175355.0,5977.42996742671,1535,209,0.1198394495412844,103891725.0,52550.18968133536,1977,60000,0.9996166666666667,0.9801
mnist,train,resnet_a,20,56,a5,1e-06,1e-06,3857,2.121012101210121,9664113.0,5958.146115906288,1622,196,0.1078107810781078,107170276.0,52560.213830308974,2039,60000,0.9953333333333333,0.9775
mnist,trainUval,resnet_a,20,64,a4,1e-06,1e-06,4169,2.1352459016393444,11729788.0,6855.516072472238,1711,241,0.12346311475409837,136516907.0,61577.3148398737,2217,70000,0.9966666666666667,0.9767
mnist,trainUval,resnet_a,20,144,a3,1e-06,1e-06,4329,2.124693176239568,11859858.0,6577.846921797005,1803,234,0.11487481590574374,141199884.0,61605.53403141361,2292,70000,0.9997666666666667,0.9804
mnist,val,resnet_b,20,120,a3,1e-06,1e-06,563,2.112781954887218,257825.0,1087.8691983122362,237,29,0.10902255639097744,2601535.0,8759.377104377105,297,10000,0.9997333333333334,0.9797
mnist,val,resnet_b,20,0,a1,1e-06,1e-06,406,2.1774193548387095,175177.0,1115.7770700636943,157,29,0.15591397849462366,1944811.0,8840.05,220,10000,0.7147666666666667,0.8879
mnist,train,resnet_b,20,8,a3,1e-06,1e-06,3084,2.1001362397820165,11701633.0,8713.055100521222,1343,125,0.08514986376021798,81878037.0,50667.102103960395,1616,60000,0.9579166666666666,0.9562
mnist,train,resnet_b,20,16,a5,1e-06,1e-06,3470,2.1036992116434203,10313660.0,6940.551816958277,1486,163,0.09884778653729533,94503260.0,51896.35365183965,1821,60000,0.9763333333333334,0.9694
mnist,trainUval,resnet_b,20,120,a4,1e-06,1e-06,4386,2.122458857696031,11992823.0,6524.930903155604,1838,228,0.11035818005808325,143236457.0,61739.85215517241,2320,70000,0.9997333333333334,0.9797
mnist,trainUval,resnet_b,20,120,a1,1e-06,1e-06,4112,2.151229722658294,14894693.0,8871.16914830256,1679,232,0.12140240711669283,130371256.0,59232.73784643344,2201,70000,0.9997333333333334,0.9797
mnist,val,resnet_c,20,128,a5,1e-06,1e-06,637,2.134228187919463,261007.0,996.2099236641221,262,36,0.12080536912751678,2975425.0,8777.064896755162,339,10000,0.9996666666666667,0.9804
mnist,val,resnet_c,20,128,a4,1e-06,1e-06,613,2.1473684210526316,238782.0,966.7287449392712,247,38,0.13333333333333333,2883744.0,8791.90243902439,328,10000,0.9996666666666667,0.9804
mnist,train,resnet_c,20,80,a5,1e-06,1e-06,3855,2.1399222654081065,8840614.0,5634.55321861058,1569,232,0.12881732370905052,108586655.0,52865.94693281402,2054,60000,0.9979166666666667,0.9786
mnist,train,resnet_c,20,96,a2,1e-06,1e-06,3581,2.138590203106332,8752771.0,5922.037212449256,1478,196,0.11708482676224612,100565028.0,52734.67645516518,1907,60000,0.999,0.9792
mnist,trainUval,resnet_c,20,48,a3,1e-06,1e-06,4138,2.1107142857142858,13347101.0,7532.224040632054,1772,188,0.09591836734693877,132690103.0,60922.91230486685,2178,70000,0.9941166666666666,0.9759
mnist,trainUval,resnet_c,20,72,a5,1e-06,1e-06,4362,2.1211089494163424,12339993.0,6743.165573770491,1830,226,0.10992217898832685,141926248.0,61546.508239375544,2306,70000,0.99615,0.9776
mnist,val,resnet_a,20,8,a5,1e-06,1e-06,563,2.1368821292775664,233906.0,1025.9035087719299,228,35,0.13307984790874525,2634134.0,8780.446666666667,300,10000,0.9588833333333333,0.957
mnist,train,resnet_a,20,32,a4,1e-06,1e-06,3370,2.1148775894538607,9229635.0,6467.859145059566,1427,166,0.10420590081607031,93159202.0,52424.987056837366,1777,60000,0.9849333333333333,0.9733
mnist,train,resnet_a,20,112,a4,1e-06,1e-06,3745,2.1200453001132504,8370843.0,5345.365900383142,1566,200,0.11325028312570781,104938162.0,53025.852450732695,1979,60000,0.9995666666666667,0.9805
mnist,trainUval,resnet_a,20,48,a2,1e-06,1e-06,4025,2.1190100052659293,14043751.0,8280.513561320755,1696,203,0.10689836756187467,128298972.0,60347.58795860771,2126,70000,0.99415,0.9771
mnist,trainUval,resnet_a,20,112,a3,1e-06,1e-06,4259,2.129,12038275.0,6824.418934240362,1764,236,0.118,139149955.0,61598.03231518371,2259,70000,0.9995666666666667,0.9805
mnist,val,resnet_b,20,104,a2,1e-06,1e-06,498,2.1148936170212767,242966.0,1146.066037735849,212,23,0.09787234042553192,2304882.0,8763.80988593156,263,10000,0.9994833333333333,0.9788
mnist,val,resnet_b,20,88,a4,1e-06,1e-06,655,2.109677419354839,295650.0,1071.195652173913,276,34,0.10967741935483871,3004173.0,8707.747826086956,345,10000,0.9987333333333334,0.9792
mnist,train,resnet_b,20,0,a4,1e-06,1e-06,3143,2.1201079622132255,8277777.0,6233.265813253012,1328,154,0.1039136302294197,87688758.0,52792.75015051174,1661,60000,0.7147666666666667,0.8879
mnist,train,resnet_b,20,56,a3,1e-06,1e-06,3544,2.103919239904988,9457521.0,6230.250988142292,1518,166,0.09857482185273159,97414163.0,52373.2059139785,1860,60000,0.9956833333333334,0.9795
mnist,trainUval,resnet_b,20,16,a4,1e-06,1e-06,3841,2.1041095890410957,14034500.0,8516.080097087379,1648,177,0.09698630136986301,121305685.0,60171.47073412698,2016,70000,0.9763333333333334,0.9694
mnist,trainUval,resnet_b,20,88,a2,1e-06,1e-06,4207,2.1317790167257984,13026891.0,7495.334292289988,1738,235,0.11910795742524075,136014001.0,60883.61727842435,2234,70000,0.9987333333333334,0.9792
mnist,val,resnet_c,20,120,a3,1e-06,1e-06,577,2.0945454545454547,256046.0,1028.29718875502,249,26,0.09454545454545454,2652857.0,8784.294701986755,302,10000,0.9995,0.9804
mnist,val,resnet_c,20,0,a1,1e-06,1e-06,407,2.1945945945945944,165753.0,1076.3181818181818,154,31,0.16756756756756758,1991480.0,8970.63063063063,222,10000,0.7126833333333333,0.8864
mnist,train,resnet_c,20,8,a3,1e-06,1e-06,3091,2.1034717494894486,11346502.0,8499.252434456928,1335,134,0.09121851599727705,82219122.0,50689.96424167694,1622,60000,0.9582333333333334,0.9556
mnist,train,resnet_c,20,16,a5,1e-06,1e-06,3427,2.1266294227188083,10036081.0,7037.924964936887,1426,185,0.11483550589695841,94279826.0,51916.20374449339,1816,60000,0.9753333333333334,0.9712
mnist,trainUval,resnet_c,20,120,a4,1e-06,1e-06,4380,2.1267605633802815,11432291.0,6284.931830676196,1819,240,0.11656143759106362,143701600.0,61913.657906074965,2321,70000,0.9995,0.9804
mnist,trainUval,resnet_c,20,120,a1,1e-06,1e-06,4012,2.1346460883448644,13970630.0,8385.732292917166,1666,213,0.11335816923895689,127469604.0,59760.714486638535,2133,70000,0.9995,0.9804
mnist,val,resnet_a,20,128,a3,1e-06,1e-06,548,2.1535433070866143,225382.0,1033.8623853211009,218,36,0.14173228346456693,2588131.0,8803.166666666666,294,10000,0.99965,0.981
mnist,train,resnet_a,20,72,a3,1e-06,1e-06,3627,2.1217086015213575,9171128.0,6041.586297760211,1518,191,0.1117612638970158,100671227.0,52487.60531803963,1918,60000,0.99605,0.9787
mnist,train,resnet_a,20,24,a3,1e-06,1e-06,3351,2.1003134796238245,10283392.0,7082.225895316805,1452,143,0.0896551724137931,90916082.0,51774.53416856492,1756,60000,0.9826666666666667,0.9713
mnist,trainUval,resnet_a,20,144,a5,1e-06,1e-06,4483,2.138358778625954,11466490.0,6265.841530054645,1830,266,0.1269083969465649,147625838.0,61845.76372015082,2387,70000,0.9997666666666667,0.9804
mnist,trainUval,resnet_a,20,112,a5,1e-06,1e-06,4499,2.1226993865030677,12201931.0,6476.60881104034,1884,235,0.11090136857008023,146789119.0,61676.10042016807,2380,70000,0.9995666666666667,0.9805
mnist,val,resnet_b,20,32,a2,1e-06,1e-06,452,2.078341013824885,234609.0,1173.045,200,17,0.07834101382488479,2046763.0,8709.629787234042,235,10000,0.9854833333333334,0.9749
mnist,val,resnet_b,20,120,a5,1e-06,1e-06,628,2.1040268456375837,246443.0,916.1449814126394,269,29,0.09731543624161074,2907978.0,8812.054545454546,330,10000,0.9997333333333334,0.9797
mnist,train,resnet_b,20,144,a2,1e-06,1e-06,3701,2.1203438395415475,9003802.0,5793.952380952381,1554,191,0.10945558739255014,102994274.0,52655.55930470348,1956,60000,0.9996666666666667,0.9813
mnist,train,resnet_b,20,88,a3,1e-06,1e-06,3708,2.125573394495413,8868050.0,5754.737183646983,1541,203,0.11639908256880734,103519827.0,52708.66955193483,1964,60000,0.9987333333333334,0.9792
mnist,trainUval,resnet_b,20,0,a2,1e-06,1e-06,4725,2.157077625570776,19048782.0,9973.184293193717,1910,280,0.1278538812785388,150536953.0,59383.413412228794,2535,70000,0.7147666666666667,0.8879
mnist,trainUval,resnet_b,20,56,a1,1e-06,1e-06,3849,2.1401557285873194,15849513.0,9949.474576271186,1593,205,0.11401557285873193,119374385.0,58203.01560214529,2051,70000,0.9956833333333334,0.9795
mnist,val,resnet_c,20,104,a2,1e-06,1e-06,510,2.112033195020747,232817.0,1087.9299065420562,214,27,0.11203319502074689,2370363.0,8811.758364312267,269,10000,0.9995666666666667,0.9787
mnist,val,resnet_c,20,88,a4,1e-06,1e-06,606,2.1228070175438596,243609.0,959.0905511811023,254,31,0.10877192982456141,2837640.0,8840.0,321,10000,0.9987333333333334,0.979
mnist,train,resnet_c,20,0,a4,1e-06,1e-06,3147,2.1128274009402284,8744881.0,6565.225975975976,1332,157,0.10543989254533244,87069818.0,52514.968636911944,1658,60000,0.7126833333333333,0.8864
mnist,train,resnet_c,20,56,a3,1e-06,1e-06,3621,2.1157218001168907,9509515.0,6215.369281045751,1530,181,0.10578609000584453,100245276.0,52484.43769633508,1910,60000,0.9954333333333333,0.9784
mnist,trainUval,resnet_c,20,16,a4,1e-06,1e-06,3881,2.1179039301310043,13711852.0,8345.618989653074,1643,189,0.10316593886462883,123760141.0,60400.26403123475,2049,70000,0.9753333333333334,0.9712
mnist,trainUval,resnet_c,20,88,a2,1e-06,1e-06,4143,2.1219262295081966,12692282.0,7311.222350230415,1736,216,0.11065573770491803,134084152.0,61197.696029210405,2191,70000,0.9987333333333334,0.979
mnist,val,resnet_a,20,136,a3,1e-06,1e-06,594,2.102836879432624,295079.0,1161.7283464566929,254,28,0.09929078014184398,2711185.0,8689.695512820514,312,10000,0.9996333333333334,0.9786
mnist,train,resnet_a,20,56,a2,1e-06,1e-06,3555,2.1079478054567025,10137622.0,6651.982939632546,1524,162,0.09608540925266904,97105550.0,51955.88550026753,1869,60000,0.9953333333333333,0.9775
mnist,train,resnet_a,20,80,a2,1e-06,1e-06,3564,2.120833333333333,9547389.0,6381.9445187165775,1496,184,0.10952380952380952,98324245.0,52189.08970276009,1884,60000,0.9982333333333333,0.979
mnist,trainUval,resnet_a,20,40,a1,1e-06,1e-06,3744,2.1339794754846064,16802523.0,10847.335700451904,1549,205,0.1168757126567845,114756077.0,57666.37035175879,1990,70000,0.9913333333333333,0.9765
mnist,trainUval,resnet_a,20,88,a1,1e-06,1e-06,4059,2.1448202959830867,15328446.0,9184.209706411024,1669,223,0.1178646934460888,127793418.0,58972.504845408395,2167,70000,0.9986333333333334,0.9787
mnist,val,resnet_b,20,96,a3,1e-06,1e-06,548,2.0877862595419847,250023.0,1046.121338912134,239,23,0.08778625954198473,2511628.0,8781.916083916083,286,10000,0.9990833333333333,0.9804
mnist,val,resnet_b,20,72,a2,1e-06,1e-06,483,2.1233480176211454,243104.0,1203.4851485148515,202,25,0.11013215859030837,2222951.0,8683.40234375,256,10000,0.9959,0.9782
mnist,train,resnet_b,20,136,a1,1e-06,1e-06,3519,2.1308298001211385,10550793.0,7172.530931339225,1471,180,0.10902483343428225,95996293.0,51389.87847965739,1868,60000,0.9998333333333334,0.9812
mnist,train,resnet_b,20,40,a3,1e-06,1e-06,3534,2.1308805790108565,9553254.0,6512.102249488753,1467,191,0.11519903498190591,98091873.0,52287.77878464819,1876,60000,0.9911833333333333,0.9766
mnist,trainUval,resnet_b,20,96,a5,1e-06,1e-06,4358,2.1212268743914313,11789249.0,6414.17247007617,1838,216,0.10516066212268745,142372248.0,61793.510416666664,2304,70000,0.9990833333333333,0.9804
mnist,trainUval,resnet_b,20,64,a1,1e-06,1e-06,3933,2.123110151187905,16388815.0,9878.731163351416,1659,193,0.10421166306695465,121257701.0,58268.957712638155,2081,70000,0.9958833333333333,0.9777
mnist,val,resnet_c,20,32,a2,1e-06,1e-06,405,2.071794871794872,153776.0,849.5911602209944,181,14,0.07179487179487179,1889523.0,8997.728571428572,210,10000,0.9856166666666667,0.974
mnist,val,resnet_c,20,120,a5,1e-06,1e-06,616,2.1206896551724137,240104.0,934.2568093385214,257,33,0.11379310344827587,2864442.0,8786.63190184049,326,10000,0.9995,0.9804
mnist,train,resnet_c,20,144,a2,1e-06,1e-06,3791,2.124439461883408,9478688.0,5984.020202020202,1584,200,0.11210762331838565,105305308.0,52469.01245640259,2007,60000,0.9996333333333334,0.9799
mnist,train,resnet_c,20,88,a3,1e-06,1e-06,3673,2.1311665699361577,8555766.0,5625.092702169625,1521,202,0.11723737666860128,103314413.0,52981.750256410254,1950,60000,0.9987333333333334,0.979
mnist,trainUval,resnet_c,20,0,a2,1e-06,1e-06,4716,2.169811320754717,19006586.0,10115.266631186802,1879,294,0.13529682466635987,151128417.0,59429.18482107747,2543,70000,0.7126833333333333,0.8864
mnist,trainUval,resnet_c,20,56,a1,1e-06,1e-06,3862,2.1366906474820144,15801579.0,9913.161229611042,1594,213,0.11787493082457111,119864137.0,58328.04720194647,2055,70000,0.9954333333333333,0.9784
mnist,val,resnet_a,20,72,a1,1e-06,1e-06,314,2.0866666666666664,148886.0,1086.7591240875913,137,13,0.08666666666666667,1458228.0,8891.634146341463,164,10000,0.99605,0.9787
mnist,train,resnet_a,20,112,a2,1e-06,1e-06,3662,2.1149624494511845,9424746.0,6076.560928433269,1551,180,0.10398613518197573,101574253.0,52601.89176592439,1931,60000,0.9995666666666667,0.9805
mnist,train,resnet_a,20,104,a1,1e-06,1e-06,3529,2.1472915398660986,10029380.0,6926.367403314917,1448,195,0.11868533171028606,97092677.0,51480.74072110286,1886,60000,0.9993333333333333,0.9795
mnist,trainUval,resnet_a,20,8,a2,1e-06,1e-06,3383,2.123038292529818,15702707.0,11066.037350246652,1419,174,0.10922787193973635,103946981.0,58070.93910614525,1790,70000,0.9588833333333333,0.957
mnist,trainUval,resnet_a,20,112,a1,1e-06,1e-06,3922,2.118314424635332,14788642.0,8908.82048192771,1660,191,0.10318746623446785,123027765.0,59405.004828585224,2071,70000,0.9995666666666667,0.9805
mnist,val,resnet_b,20,16,a1,1e-06,1e-06,276,2.1153846153846154,124346.0,1090.7543859649122,114,16,0.12307692307692308,1301153.0,8912.006849315068,146,10000,0.9763333333333334,0.9694
mnist,val,resnet_b,20,96,a1,1e-06,1e-06,327,2.1032258064516127,179328.0,1290.1294964028777,139,16,0.1032258064516129,1485393.0,8636.005813953489,172,10000,0.9990833333333333,0.9804
mnist,train,resnet_b,20,24,a2,1e-06,1e-06,3315,2.108142493638677,11515338.0,8132.300847457627,1416,156,0.09923664122137404,88645557.0,50858.03614457831,1743,60000,0.9833666666666666,0.9741
mnist,train,resnet_b,20,16,a3,1e-06,1e-06,3225,2.111329404060249,10809372.0,7849.943355119825,1377,150,0.09823182711198428,87150582.0,51325.43109540636,1698,60000,0.9763333333333334,0.9694
mnist,trainUval,resnet_b,20,144,a1,1e-06,1e-06,3961,2.1440173253925283,14263740.0,8740.036764705883,1632,215,0.11640498105035192,125747982.0,59483.43519394513,2114,70000,0.9996666666666667,0.9813
mnist,trainUval,resnet_b,20,40,a5,1e-06,1e-06,4260,2.130565282641321,12549667.0,7106.266704416761,1766,233,0.11655827913956979,138598614.0,61299.696594427245,2261,70000,0.9911833333333333,0.9766
mnist,val,resnet_c,20,96,a3,1e-06,1e-06,593,2.0555555555555554,265893.0,981.1549815498155,271,17,0.059027777777777776,2681857.0,8792.973770491802,305,10000,0.999,0.9792
mnist,val,resnet_c,20,72,a2,1e-06,1e-06,520,2.127049180327869,243082.0,1135.8971962616822,214,30,0.12295081967213115,2416188.0,8754.304347826086,276,10000,0.99615,0.9776
mnist,train,resnet_c,20,136,a1,1e-06,1e-06,3443,2.139216904909882,9892175.0,6981.0691601976005,1417,192,0.11932877563704164,94537630.0,51547.235550708836,1834,60000,0.9997166666666667,0.9817
mnist,train,resnet_c,20,40,a3,1e-06,1e-06,3559,2.1191185229303158,9762045.0,6516.718958611482,1498,181,0.10780226325193568,98076780.0,52168.5,1880,60000,0.9910833333333333,0.9751
mnist,trainUval,resnet_c,20,96,a5,1e-06,1e-06,4344,2.123716381418093,11332261.0,6267.843473451328,1808,237,0.1158924205378973,142284157.0,61889.58547194432,2299,70000,0.999,0.9792
mnist,trainUval,resnet_c,20,64,a1,1e-06,1e-06,3858,2.109956236323851,16679037.0,10084.061064087062,1654,174,0.09518599562363239,118295674.0,58273.73103448276,2030,70000,0.9961833333333333,0.9772
mnist,val,resnet_a,20,0,a5,1e-06,1e-06,562,2.125,220234.0,953.3939393939394,231,33,0.125,2620433.0,8793.399328859061,298,10000,0.7192666666666667,0.883
mnist,train,resnet_a,20,104,a3,1e-06,1e-06,3809,2.1238148354712774,9075143.0,5704.049654305468,1591,202,0.11266034578918015,106488523.0,52821.687996031746,2016,60000,0.9993333333333333,0.9795
mnist,train,resnet_a,20,88,a5,1e-06,1e-06,3810,2.118464961067853,8281698.0,5185.784596117721,1597,201,0.1117908787541713,107016499.0,53189.1148111332,2012,60000,0.9986333333333334,0.9787
mnist,trainUval,resnet_a,20,144,a4,1e-06,1e-06,4338,2.115609756097561,11546015.0,6285.255851932498,1837,213,0.10390243902439024,141520095.0,61853.18837412587,2288,70000,0.9997666666666667,0.9804
mnist,trainUval,resnet_a,20,48,a1,1e-06,1e-06,3917,2.1247965274009766,16906657.0,10277.603039513679,1645,198,0.10743353228431904,120422510.0,58062.926711668275,2074,70000,0.99415,0.9771
mnist,val,resnet_b,20,128,a2,1e-06,1e-06,554,2.1106870229007635,287253.0,1222.3531914893617,235,27,0.10305343511450382,2528953.0,8660.797945205479,292,10000,0.9998,0.9783
mnist,val,resnet_b,20,128,a1,1e-06,1e-06,307,2.125,151139.0,1209.112,125,19,0.13194444444444445,1433784.0,8796.220858895706,163,10000,0.9998,0.9783
mnist,train,resnet_b,20,16,a2,1e-06,1e-06,3097,2.1147540983606556,11481894.0,8698.404545454545,1320,144,0.09836065573770492,82580612.0,50569.87875076546,1633,60000,0.9763333333333334,0.9694
mnist,train,resnet_b,20,104,a4,1e-06,1e-06,3744,2.1315489749430525,8346878.0,5416.5334198572355,1541,215,0.1224373576309795,105289034.0,52962.2907444668,1988,60000,0.9994833333333333,0.9788
mnist,trainUval,resnet_b,20,64,a2,1e-06,1e-06,4119,2.1139630390143735,13798746.0,7894.019450800915,1748,200,0.1026694045174538,131361396.0,60507.321971441736,2171,70000,0.9958833333333333,0.9777
mnist,trainUval,resnet_b,20,136,a4,1e-06,1e-06,4416,2.1256620125180548,11442365.0,6242.424986361157,1833,244,0.11747713047664901,144614958.0,61827.68619067978,2339,70000,0.9998333333333334,0.9812
mnist,val,resnet_c,20,16,a1,1e-06,1e-06,281,2.1374045801526718,112748.0,989.0175438596491,114,17,0.1297709923664122,1354010.0,9026.733333333334,150,10000,0.9753333333333334,0.9712
mnist,val,resnet_c,20,96,a1,1e-06,1e-06,296,2.0921985815602837,147413.0,1142.7364341085272,129,12,0.0851063829787234,1366266.0,8814.61935483871,155,10000,0.999,0.9792
mnist,train,resnet_c,20,24,a2,1e-06,1e-06,3187,2.1155378486055776,10606527.0,7856.6866666666665,1350,156,0.10358565737051793,85991690.0,51155.080309339675,1681,60000,0.9832333333333333,0.9716
mnist,train,resnet_c,20,16,a3,1e-06,1e-06,3209,2.11191573403555,9838077.0,7228.565025716385,1361,158,0.10401579986833442,87440275.0,51739.807692307695,1690,60000,0.9753333333333334,0.9712
mnist,trainUval,resnet_c,20,144,a1,1e-06,1e-06,4128,2.1372345934748833,14836374.0,8742.707130229817,1697,234,0.12118073537027448,130637171.0,59461.61629494766,2197,70000,0.9996333333333334,0.9799
mnist,trainUval,resnet_c,20,40,a5,1e-06,1e-06,4205,2.1168177240684796,13154560.0,7419.379582628314,1773,213,0.10725075528700906,135650939.0,61131.56331680937,2219,70000,0.9910833333333333,0.9751
mnist,val,resnet_a,20,56,a4,1e-06,1e-06,569,2.1037037037037036,227217.0,942.8091286307053,241,29,0.10740740740740741,2642098.0,8836.448160535117,299,10000,0.9953333333333333,0.9775
mnist,train,resnet_a,20,0,a3,1e-06,1e-06,3613,2.1159929701230227,10906181.0,7114.273320287019,1533,174,0.10193321616871705,98939934.0,51909.7240293809,1906,60000,0.7192666666666667,0.883
mnist,train,resnet_a,20,80,a1,1e-06,1e-06,3357,2.1403061224489797,10813938.0,7813.539017341041,1384,184,0.11734693877551021,90867230.0,50792.19116825042,1789,60000,0.9982333333333333,0.979
mnist,trainUval,resnet_a,20,72,a4,1e-06,1e-06,4283,2.114567901234568,12436106.0,6829.272926963207,1821,204,0.10074074074074074,138600359.0,61381.91275465013,2258,70000,0.99605,0.9787
mnist,trainUval,resnet_a,20,64,a5,1e-06,1e-06,4299,2.1235177865612647,12163257.0,6757.365,1800,224,0.11067193675889328,140047097.0,61559.16351648352,2275,70000,0.9966666666666667,0.9767
mnist,val,resnet_b,20,80,a3,1e-06,1e-06,544,2.11284046692607,281587.0,1218.991341991342,231,26,0.10116731517509728,2470628.0,8608.45993031359,287,10000,0.9975833333333334,0.9787
mnist,val,resnet_b,20,136,a2,1e-06,1e-06,525,2.087649402390438,282182.0,1243.092511013216,227,24,0.09561752988047809,2359011.0,8609.529197080292,274,10000,0.9998333333333334,0.9812
mnist,train,resnet_b,20,96,a4,1e-06,1e-06,3676,2.1292004634994206,8255606.0,5449.244884488448,1515,211,0.12224797219003476,103527698.0,53091.12717948718,1950,60000,0.9990833333333333,0.9804
mnist,train,resnet_b,20,32,a3,1e-06,1e-06,3410,2.0875688916105326,10523982.0,7025.355140186916,1498,135,0.08266993263931414,92003204.0,51774.45357343838,1777,60000,0.9854833333333334,0.9749
mnist,trainUval,resnet_b,20,24,a1,1e-06,1e-06,3655,2.1207196749854904,18426643.0,11957.587929915639,1541,182,0.10562971561230412,108428610.0,56122.46894409938,1932,70000,0.9833666666666666,0.9741
mnist,val,resnet_c,20,128,a2,1e-06,1e-06,529,2.1204819277108435,252424.0,1147.3818181818183,220,29,0.11646586345381527,2445517.0,8733.989285714286,280,10000,0.9996666666666667,0.9804
mnist,val,resnet_c,20,128,a1,1e-06,1e-06,300,2.120567375886525,144864.0,1122.9767441860465,129,12,0.0851063829787234,1408678.0,8859.610062893082,159,10000,0.9996666666666667,0.9804
mnist,train,resnet_c,20,16,a2,1e-06,1e-06,3235,2.09727626459144,12066197.0,8594.157407407407,1404,138,0.08949416342412451,85656066.0,50594.250443000594,1693,60000,0.9753333333333334,0.9712
mnist,train,resnet_c,20,104,a4,1e-06,1e-06,3747,2.123582766439909,8379146.0,5371.247435897436,1560,204,0.11564625850340136,105158059.0,53029.782652546644,1983,60000,0.9995666666666667,0.9787
mnist,trainUval,resnet_c,20,64,a2,1e-06,1e-06,4010,2.096757322175732,13797566.0,7915.987378083763,1743,169,0.08838912133891214,126838836.0,60457.023832221166,2098,70000,0.9961833333333333,0.9772
mnist,trainUval,resnet_c,20,136,a4,1e-06,1e-06,4322,2.1191760666993624,11526596.0,6357.7473800330945,1813,226,0.11083864639529181,141191675.0,61844.798510731496,2283,70000,0.9997166666666667,0.9817
mnist,val,resnet_a,20,24,a5,1e-06,1e-06,574,2.138059701492537,218753.0,942.9008620689655,232,36,0.13432835820895522,2714286.0,8870.21568627451,306,10000,0.9826666666666667,0.9713
mnist,train,resnet_a,20,80,a4,1e-06,1e-06,3749,2.10561797752809,9206752.0,5739.870324189526,1604,176,0.09887640449438202,103732317.0,52682.74098527171,1969,60000,0.9982333333333333,0.979
mnist,train,resnet_a,20,136,a5,1e-06,1e-06,3915,2.115675675675676,8618148.0,5201.054918527459,1657,193,0.10432432432432433,109693121.0,53120.15544794189,2065,60000,0.9996333333333334,0.9786
mnist,trainUval,resnet_a,20,64,a3,1e-06,1e-06,4184,2.1126262626262626,13243668.0,7440.262921348314,1780,200,0.10101010101010101,134547914.0,61047.14791288566,2204,70000,0.9966666666666667,0.9767
mnist,trainUval,resnet_a,20,48,a4,1e-06,1e-06,4135,2.1059602649006623,12777988.0,7194.813063063063,1776,187,0.09526235354049924,132939208.0,61205.896869244934,2172,70000,0.99415,0.9771
mnist,val,resnet_b,20,8,a1,1e-06,1e-06,319,2.12,144621.0,1063.389705882353,136,14,0.09333333333333334,1511034.0,8941.029585798817,169,10000,0.9579166666666666,0.9562
mnist,val,resnet_b,20,24,a4,1e-06,1e-06,549,2.132295719844358,220765.0,989.9775784753364,223,34,0.13229571984435798,2586277.0,8857.11301369863,292,10000,0.9833666666666666,0.9741
mnist,train,resnet_b,20,8,a4,1e-06,1e-06,3127,2.105050505050505,11061157.0,8242.292846497765,1342,143,0.0962962962962963,83833548.0,51055.75395858709,1642,60000,0.9579166666666666,0.9562
mnist,train,resnet_b,20,40,a2,1e-06,1e-06,3445,2.1206896551724137,10073701.0,6918.750686813187,1456,168,0.10344827586206896,94451534.0,51867.94838001098,1821,60000,0.9911833333333333,0.9766
mnist,trainUval,resnet_b,20,32,a1,1e-06,1e-06,3709,2.1237113402061856,18273187.0,11676.157827476038,1565,181,0.1036655211912944,110849945.0,56469.66123280693,1963,70000,0.9854833333333334,0.9749
mnist,val,resnet_c,20,80,a3,1e-06,1e-06,581,2.1245421245421245,242273.0,1005.2821576763486,241,32,0.11721611721611722,2715935.0,8817.97077922078,308,10000,0.9979166666666667,0.9786
mnist,val,resnet_c,20,136,a2,1e-06,1e-06,500,2.1054852320675104,240932.0,1136.4716981132076,212,25,0.10548523206751055,2299614.0,8743.779467680608,263,10000,0.9997166666666667,0.9817
mnist,train,resnet_c,20,96,a4,1e-06,1e-06,3686,2.1226958525345623,8176151.0,5319.551724137931,1537,199,0.11463133640552996,103414704.0,53033.18153846154,1950,60000,0.999,0.9792
mnist,train,resnet_c,20,32,a3,1e-06,1e-06,3328,2.1137229987293518,9765627.0,6901.503180212014,1415,159,0.10101651842439645,91293431.0,52048.70638540479,1754,60000,0.9856166666666667,0.974
mnist,trainUval,resnet_c,20,24,a1,1e-06,1e-06,3529,2.111310592459605,18219281.0,12113.88364361702,1504,167,0.09994015559545183,105095188.0,56563.610333692144,1858,70000,0.9832333333333333,0.9716
mnist,val,resnet_a,20,40,a4,1e-06,1e-06,544,2.11284046692607,239874.0,1025.1025641025642,234,23,0.08949416342412451,2521272.0,8784.919860627178,287,10000,0.9913333333333333,0.9765
mnist,val,resnet_a,20,104,a5,1e-06,1e-06,622,2.1413793103448278,243301.0,969.3266932270916,251,39,0.13448275862068965,2926888.0,8815.927710843374,332,10000,0.9993333333333333,0.9795
mnist,train,resnet_a,20,48,a5,1e-06,1e-06,3636,2.109692396982008,9183107.0,5905.535048231512,1555,168,0.0975043528728961,100932420.0,52761.327757449035,1913,60000,0.99415,0.9771
mnist,train,resnet_a,20,32,a5,1e-06,1e-06,3457,2.1163502755664423,9455251.0,6454.096245733788,1465,168,0.10287813839559094,95524072.0,52370.65350877193,1824,60000,0.9849333333333333,0.9733
mnist,trainUval,resnet_a,20,128,a5,1e-06,1e-06,4510,2.123881300047103,11843827.0,6286.53237791932,1884,239,0.1125765426283561,147652380.0,61856.88311688312,2387,70000,0.99965,0.981
mnist,trainUval,resnet_a,20,128,a4,1e-06,1e-06,4324,2.1295566502463052,11176259.0,6236.751674107143,1792,238,0.11724137931034483,141989668.0,61896.106364428946,2294,70000,0.99965,0.981
mnist,val,resnet_b,20,80,a5,1e-06,1e-06,613,2.110344827586207,249645.0,971.3813229571984,257,33,0.11379310344827587,2842766.0,8801.133126934985,323,10000,0.9975833333333334,0.9787
mnist,val,resnet_b,20,96,a2,1e-06,1e-06,442,2.0704225352112675,206431.0,1053.219387755102,196,17,0.07981220657276995,2018590.0,8814.803493449781,229,10000,0.9990833333333333,0.9804
mnist,train,resnet_b,20,48,a3,1e-06,1e-06,3517,2.104129263913824,9990811.0,6598.950462351387,1514,157,0.09395571514063435,96337843.0,52187.34723726977,1846,60000,0.9941333333333333,0.9781
mnist,train,resnet_b,20,72,a5,1e-06,1e-06,3707,2.1213508872352604,8906015.0,5742.111540941328,1551,196,0.11219232970807098,103713581.0,52915.09234693878,1960,60000,0.9959,0.9782
mnist,trainUval,resnet_b,20,8,a5,1e-06,1e-06,3695,2.1036446469248293,14906947.0,9375.438364779875,1590,166,0.09453302961275627,115738411.0,59689.74265085095,1939,70000,0.9579166666666666,0.9562
mnist,val,resnet_c,20,8,a1,1e-06,1e-06,313,2.1517241379310343,111941.0,888.4206349206349,126,19,0.1310344827586207,1524086.0,9071.940476190477,168,10000,0.9582333333333334,0.9556
mnist,val,resnet_c,20,24,a4,1e-06,1e-06,587,2.1544117647058822,259482.0,1099.5,236,36,0.1323529411764706,2756545.0,8750.936507936507,315,10000,0.9832333333333333,0.9716
mnist,train,resnet_c,20,8,a4,1e-06,1e-06,3228,2.099544567338972,11210195.0,8024.477451682176,1397,140,0.09108653220559532,86278898.0,51022.41159077469,1691,60000,0.9582333333333334,0.9556
mnist,train,resnet_c,20,40,a2,1e-06,1e-06,3381,2.1059190031152646,10349762.0,7152.565307532826,1447,158,0.09844236760124611,91594406.0,51573.426801801805,1776,60000,0.9910833333333333,0.9751
mnist,trainUval,resnet_c,20,32,a1,1e-06,1e-06,3735,2.130062749572162,18132032.0,11645.492614001285,1557,196,0.11180832857957787,112085089.0,56551.50807265389,1982,70000,0.9856166666666667,0.974
mnist,val,resnet_a,20,120,a2,1e-06,1e-06,536,2.106299212598425,230491.0,1019.8716814159292,226,28,0.11023622047244094,2485995.0,8815.58510638298,282,10000,0.9996166666666667,0.9801
mnist,val,resnet_a,20,56,a5,1e-06,1e-06,553,2.123076923076923,202202.0,882.9781659388647,229,31,0.11923076923076924,2604041.0,8887.51194539249,293,10000,0.9953333333333333,0.9775
mnist,train,resnet_a,20,64,a4,1e-06,1e-06,3655,2.1194895591647334,9036202.0,5902.156760287394,1531,193,0.11194895591647332,101782236.0,52709.59917141378,1931,60000,0.9966666666666667,0.9767
mnist,train,resnet_a,20,144,a3,1e-06,1e-06,3709,2.134715025906736,8610002.0,5631.132766514062,1529,208,0.11974668969487623,104223365.0,52851.60496957404,1972,60000,0.9997666666666667,0.9804
mnist,trainUval,resnet_a,20,120,a3,1e-06,1e-06,4417,2.1169702780441035,12228829.0,6567.577336197637,1862,224,0.10738255033557047,143866407.0,61718.750321750325,2331,70000,0.9996166666666667,0.9801
mnist,trainUval,resnet_a,20,0,a1,1e-06,1e-06,4773,2.292026897214217,20942976.0,12098.772963604853,1731,351,0.1685878962536023,157877232.0,58668.61092530658,2691,70000,0.7192666666666667,0.883
mnist,val,resnet_b,20,8,a3,1e-06,1e-06,490,2.1077586206896552,214905.0,1018.5071090047394,211,21,0.09051724137931035,2281575.0,8843.313953488372,258,10000,0.9579166666666666,0.9562
mnist,val,resnet_b,20,16,a5,1e-06,1e-06,553,2.1312741312741315,207933.0,928.2723214285714,224,35,0.13513513513513514,2607959.0,8870.608843537415,294,10000,0.9763333333333334,0.9694
mnist,train,resnet_b,20,120,a4,1e-06,1e-06,3815,2.129536571747627,8710744.0,5523.616994292961,1577,214,0.11948632049134561,107184927.0,52956.979743083,2024,60000,0.9997333333333334,0.9797
mnist,train,resnet_b,20,120,a1,1e-06,1e-06,3588,2.1402147971360383,10115467.0,6867.255261371351,1473,203,0.12112171837708831,98363123.0,51445.1480125523,1912,60000,0.9997333333333334,0.9797
mnist,trainUval,resnet_b,20,128,a3,1e-06,1e-06,4234,2.1303472571716155,11370044.0,6471.282868525896,1757,230,0.11575239053850025,138970454.0,61847.109034267916,2247,70000,0.9998,0.9783
mnist,val,resnet_c,20,80,a5,1e-06,1e-06,608,2.093103448275862,244493.0,929.6311787072243,263,27,0.09310344827586207,2796459.0,8793.896226415094,318,10000,0.9979166666666667,0.9786
mnist,val,resnet_c,20,96,a2,1e-06,1e-06,506,2.0528455284552845,263229.0,1134.6077586206898,232,14,0.056910569105691054,2258090.0,8684.961538461539,260,10000,0.999,0.9792
mnist,train,resnet_c,20,48,a3,1e-06,1e-06,3574,2.1005291005291005,9813869.0,6335.615881213686,1549,152,0.08935920047031158,97903353.0,52270.87720234917,1873,60000,0.9941166666666666,0.9759
mnist,train,resnet_c,20,72,a5,1e-06,1e-06,3802,2.1282194848824187,8891714.0,5656.306615776081,1572,214,0.11982082866741321,106697660.0,52925.42658730159,2016,60000,0.99615,0.9776
mnist,trainUval,resnet_c,20,8,a5,1e-06,1e-06,3859,2.1024523160762945,14749373.0,8837.251647693229,1669,166,0.09046321525885559,121025243.0,59795.08053359684,2024,70000,0.9582333333333334,0.9556
mnist,val,resnet_a,20,32,a4,1e-06,1e-06,549,2.115830115830116,224924.0,977.9304347826087,230,29,0.11196911196911197,2556016.0,8813.848275862068,290,10000,0.9849333333333333,0.9733
mnist,val,resnet_a,20,112,a4,1e-06,1e-06,591,2.1223021582733814,247101.0,1008.5755102040816,245,33,0.11870503597122302,2754960.0,8801.789137380192,313,10000,0.9995666666666667,0.9805
mnist,train,resnet_a,20,48,a2,1e-06,1e-06,3492,2.1157575757575757,10203428.0,6894.208108108108,1480,170,0.10303030303030303,95719338.0,51964.89576547231,1842,60000,0.99415,0.9771
mnist,train,resnet_a,20,112,a3,1e-06,1e-06,3735,2.117980714690868,8900897.0,5665.752387014641,1571,192,0.10890527509926262,104198603.0,52839.04817444219,1972,60000,0.9995666666666667,0.9805
mnist,trainUval,resnet_a,20,104,a2,1e-06,1e-06,4321,2.1312284163788853,13030050.0,7263.127090301004,1794,233,0.11494819930932412,139824336.0,60952.19529206626,2294,70000,0.9993333333333333,0.9795
mnist,trainUval,resnet_a,20,88,a4,1e-06,1e-06,4280,2.124627606752731,11400706.0,6379.801902630106,1787,227,0.11271102284011916,140342515.0,61934.031332744926,2266,70000,0.9986333333333334,0.9787
mnist,val,resnet_b,20,0,a4,1e-06,1e-06,578,2.1135531135531136,267950.0,1102.6748971193415,243,30,0.10989010989010989,2668042.0,8747.678688524591,305,10000,0.7147666666666667,0.8879
mnist,val,resnet_b,20,56,a3,1e-06,1e-06,559,2.0977443609022557,261043.0,1083.1659751037344,241,25,0.09398496240601503,2564417.0,8752.276450511945,293,10000,0.9956833333333334,0.9795
mnist,train,resnet_b,20,16,a4,1e-06,1e-06,3364,2.105823418910457,10520490.0,7326.24651810585,1436,161,0.1008140262993112,91264530.0,51649.42275042445,1767,60000,0.9763333333333334,0.9694
mnist,train,resnet_b,20,88,a2,1e-06,1e-06,3672,2.1244212962962963,9555976.0,6225.391530944626,1535,193,0.11168981481481481,101975158.0,52456.35699588477,1944,60000,0.9987333333333334,0.9792
mnist,trainUval,resnet_b,20,136,a3,1e-06,1e-06,4316,2.1319169960474307,11752550.0,6602.556179775281,1780,244,0.12055335968379446,141202821.0,61606.81544502618,2292,70000,0.9998333333333334,0.9812
mnist,val,resnet_c,20,8,a3,1e-06,1e-06,493,2.0759493670886076,201774.0,921.3424657534247,219,18,0.0759493670886076,2275669.0,8889.33203125,256,10000,0.9582333333333334,0.9556
mnist,val,resnet_c,20,16,a5,1e-06,1e-06,606,2.145390070921986,251300.0,1025.7142857142858,245,37,0.13120567375886524,2834465.0,8748.348765432098,324,10000,0.9753333333333334,0.9712
mnist,train,resnet_c,20,120,a4,1e-06,1e-06,3776,2.1412365286443564,8054734.0,5216.796632124352,1544,219,0.12422007941009643,106939537.0,53124.45951316443,2013,60000,0.9995,0.9804
mnist,train,resnet_c,20,120,a1,1e-06,1e-06,3454,2.1354359925788495,9812020.0,6890.463483146067,1424,193,0.11935683364254793,94800375.0,51606.083287969515,1837,60000,0.9995,0.9804
mnist,trainUval,resnet_c,20,128,a3,1e-06,1e-06,4369,2.1338544211040547,12216815.0,6779.586570477248,1802,245,0.11968734733756717,142675497.0,61445.089147286824,2322,70000,0.9996666666666667,0.9804
mnist,val,resnet_a,20,72,a3,1e-06,1e-06,557,2.0902255639097747,264581.0,1088.8106995884773,243,23,0.08646616541353383,2541345.0,8733.144329896908,291,10000,0.99605,0.9787
mnist,val,resnet_a,20,24,a3,1e-06,1e-06,501,2.127659574468085,238674.0,1169.9705882352941,204,31,0.13191489361702127,2334199.0,8775.184210526315,266,10000,0.9826666666666667,0.9713
mnist,train,resnet_a,20,144,a5,1e-06,1e-06,3877,2.1449916989485334,8183373.0,5195.792380952381,1575,232,0.1283895960154953,109819777.0,53053.03236714976,2070,60000,0.9997666666666667,0.9804
mnist,train,resnet_a,20,112,a5,1e-06,1e-06,3784,2.122895622895623,8672566.0,5509.889453621347,1574,208,0.11672278338945005,105897294.0,52895.75124875125,2002,60000,0.9995666666666667,0.9805
mnist,trainUval,resnet_a,20,32,a2,1e-06,1e-06,3812,2.0974133186571273,14802765.0,8949.67654171705,1654,163,0.08970831040176115,118846109.0,59571.98446115288,1995,70000,0.9849333333333333,0.9733
mnist,trainUval,resnet_a,20,120,a5,1e-06,1e-06,4438,2.126018207954001,11293631.0,6111.272186147186,1848,239,0.11451844753234308,145564221.0,61915.87452148022,2351,70000,0.9996166666666667,0.9801
mnist,val,resnet_b,20,144,a2,1e-06,1e-06,501,2.127659574468085,241217.0,1143.2085308056871,211,24,0.10212765957446808,2333323.0,8771.890977443609,266,10000,0.9996666666666667,0.9813
mnist,val,resnet_b,20,88,a3,1e-06,1e-06,592,2.1032028469750887,279201.0,1107.9404761904761,252,29,0.10320284697508897,2707626.0,8706.192926045016,311,10000,0.9987333333333334,0.9792
mnist,train,resnet_b,20,0,a2,1e-06,1e-06,4149,2.1660574412532636,14065130.0,8478.077154912598,1659,256,0.13368146214099216,113713412.0,50901.25872873769,2234,60000,0.7147666666666667,0.8879
mnist,train,resnet_b,20,56,a1,1e-06,1e-06,3314,2.130546623794212,11307970.0,8158.708513708514,1386,169,0.10868167202572347,88466729.0,50293.76293348493,1759,60000,0.9956833333333334,0.9795
mnist,trainUval,resnet_b,20,72,a1,1e-06,1e-06,3831,2.1277777777777778,15483238.0,9701.27694235589,1596,204,0.11333333333333333,118751630.0,58469.537173806006,2031,70000,0.9959,0.9782
mnist,val,resnet_c,20,0,a4,1e-06,1e-06,528,2.1164658634538154,257732.0,1160.954954954955,222,27,0.10843373493975904,2411855.0,8644.641577060931,279,10000,0.7126833333333333,0.8864
mnist,val,resnet_c,20,56,a3,1e-06,1e-06,531,2.1115537848605577,260823.0,1164.388392857143,224,27,0.10756972111553785,2437623.0,8705.796428571428,280,10000,0.9954333333333333,0.9784
mnist,train,resnet_c,20,16,a4,1e-06,1e-06,3331,2.099621689785624,10256517.0,7122.58125,1440,146,0.09205548549810845,90396744.0,51803.291690544414,1745,60000,0.9753333333333334,0.9712
mnist,train,resnet_c,20,88,a2,1e-06,1e-06,3525,2.1267350633675317,9211492.0,6274.858310626703,1468,189,0.11406155703077851,98136569.0,52535.63650963597,1868,60000,0.9987333333333334,0.979
mnist,trainUval,resnet_c,20,136,a3,1e-06,1e-06,4340,2.109382596013612,12033334.0,6546.971708378673,1838,219,0.10646572678658241,140648929.0,61607.06482698204,2283,70000,0.9997166666666667,0.9817
mnist,val,resnet_a,20,56,a2,1e-06,1e-06,461,2.149532710280374,225164.0,1204.0855614973261,187,27,0.1261682242990654,2164947.0,8764.967611336033,247,10000,0.9953333333333333,0.9775
mnist,val,resnet_a,20,80,a2,1e-06,1e-06,512,2.0942622950819674,266936.0,1207.8552036199094,221,23,0.0942622950819672,2333733.0,8707.958955223881,268,10000,0.9982333333333333,0.979
mnist,train,resnet_a,20,40,a1,1e-06,1e-06,3063,2.1308281141266527,11460230.0,8967.316118935838,1278,159,0.11064718162839249,80863087.0,49731.29581795818,1626,60000,0.9913333333333333,0.9765
mnist,train,resnet_a,20,88,a1,1e-06,1e-06,3464,2.1350184956843403,10660319.0,7428.793728222997,1435,187,0.11528976572133169,93982200.0,51021.824104234525,1842,60000,0.9986333333333334,0.9787
mnist,trainUval,resnet_a,20,96,a3,1e-06,1e-06,4250,2.1223776223776225,11807827.0,6652.296901408451,1775,227,0.11338661338661339,138356115.0,61546.31450177936,2248,70000,0.99905,0.9783
mnist,trainUval,resnet_a,20,72,a2,1e-06,1e-06,4204,2.1184475806451615,14479562.0,8166.701635645798,1773,211,0.1063508064516129,133883191.0,60307.743693693694,2220,70000,0.99605,0.9787
mnist,val,resnet_b,20,136,a1,1e-06,1e-06,304,2.0753424657534247,176643.0,1298.8455882352941,136,10,0.0684931506849315,1366642.0,8649.632911392406,158,10000,0.9998333333333334,0.9812
mnist,val,resnet_b,20,40,a3,1e-06,1e-06,540,2.1137254901960785,232609.0,1029.2433628318583,226,29,0.11372549019607843,2514086.0,8821.354385964913,285,10000,0.9911833333333333,0.9766
mnist,train,resnet_b,20,96,a5,1e-06,1e-06,3776,2.138810198300283,8126430.0,5273.478260869565,1541,224,0.12691218130311616,106920467.0,53167.810542018895,2011,60000,0.9990833333333333,0.9804
mnist,train,resnet_b,20,64,a1,1e-06,1e-06,3255,2.1281883584041856,11082715.0,8137.088839941262,1362,167,0.1092217135382603,86830220.0,50307.19582850522,1726,60000,0.9958833333333333,0.9777
mnist,trainUval,resnet_b,20,0,a5,1e-06,1e-06,3049,2.1020689655172413,9205811.0,7032.7051184110005,1309,141,0.09724137931034482,99511526.0,62233.599749843655,1599,70000,0.7147666666666667,0.8879
mnist,val,resnet_c,20,144,a2,1e-06,1e-06,542,2.080769230769231,288115.0,1205.5020920502093,239,21,0.08076923076923077,2440303.0,8653.556737588653,282,10000,0.9996333333333334,0.9799
mnist,val,resnet_c,20,88,a3,1e-06,1e-06,577,2.1333333333333333,233531.0,969.0082987551867,241,29,0.10740740740740741,2712909.0,8836.837133550489,307,10000,0.9987333333333334,0.979
mnist,train,resnet_c,20,0,a2,1e-06,1e-06,4104,2.173199152542373,14200443.0,8706.586756591048,1631,257,0.1361228813559322,112875658.0,50936.66877256318,2216,60000,0.7126833333333333,0.8864
mnist,train,resnet_c,20,56,a1,1e-06,1e-06,3307,2.1315280464216633,11101938.0,8097.693654266958,1371,180,0.11605415860735009,88457070.0,50374.18564920274,1756,60000,0.9954333333333333,0.9784
mnist,trainUval,resnet_c,20,72,a1,1e-06,1e-06,3870,2.134031991174848,15501664.0,9658.357632398755,1605,208,0.11472697186982901,120509310.0,58584.982984929506,2057,70000,0.99615,0.9776
mnist,val,resnet_a,20,112,a2,1e-06,1e-06,500,2.114406779661017,249388.0,1193.244019138756,209,27,0.11440677966101695,2297758.0,8703.628787878788,264,10000,0.9995666666666667,0.9805
mnist,val,resnet_a,20,104,a1,1e-06,1e-06,342,2.0920245398773005,174911.0,1150.7302631578948,152,11,0.06748466257668712,1580019.0,8826.921787709498,179,10000,0.9993333333333333,0.9795
mnist,train,resnet_a,20,8,a2,1e-06,1e-06,2870,2.11890694239291,11754735.0,9682.648270181218,1214,140,0.103397341211226,75698722.0,49933.19393139842,1516,60000,0.9588833333333333,0.957
mnist,train,resnet_a,20,112,a1,1e-06,1e-06,3385,2.1203007518796992,10192604.0,7142.6797477224945,1427,169,0.10588972431077694,92070646.0,51464.8664058133,1789,60000,0.9995666666666667,0.9805
mnist,trainUval,resnet_a,20,16,a1,1e-06,1e-06,3693,2.115759312320917,20226644.0,12957.49135169763,1561,184,0.10544412607449857,107369595.0,55117.86190965092,1948,70000,0.976,0.9675
mnist,trainUval,resnet_a,20,96,a1,1e-06,1e-06,4033,2.140127388535032,15666392.0,9397.955608878225,1667,217,0.11518046709129512,126665627.0,58941.65984178688,2149,70000,0.99905,0.9783
mnist,val,resnet_b,20,24,a2,1e-06,1e-06,464,2.0762331838565022,226697.0,1089.889423076923,208,15,0.06726457399103139,2114835.0,8775.248962655602,241,10000,0.9833666666666666,0.9741
mnist,val,resnet_b,20,16,a3,1e-06,1e-06,518,2.0846774193548385,208625.0,923.1194690265487,226,22,0.08870967741935484,2392259.0,8860.218518518519,270,10000,0.9763333333333334,0.9694
mnist,train,resnet_b,20,144,a1,1e-06,1e-06,3460,2.144451332920025,10066218.0,7029.481843575419,1432,181,0.11221326720396776,95176520.0,51530.33026529507,1847,60000,0.9996666666666667,0.9813
mnist,train,resnet_b,20,40,a5,1e-06,1e-06,3662,2.1371862230005836,8854846.0,5899.297801465689,1501,212,0.1237594862813777,102608599.0,52646.79271421242,1949,60000,0.9911833333333333,0.9766
mnist,trainUval,resnet_b,20,56,a4,1e-06,1e-06,4093,2.109278350515464,12621836.0,7220.7299771167045,1748,192,0.09896907216494845,131969882.0,61295.81142591732,2153,70000,0.9956833333333334,0.9795
mnist,val,resnet_c,20,136,a1,1e-06,1e-06,269,2.0303030303030303,134366.0,1066.3968253968253,126,6,0.045454545454545456,1215115.0,8869.452554744526,137,10000,0.9997166666666667,0.9817
mnist,val,resnet_c,20,40,a3,1e-06,1e-06,527,2.0873015873015874,236741.0,1029.3086956521738,230,22,0.0873015873015873,2429803.0,8835.647272727272,275,10000,0.9910833333333333,0.9751
mnist,train,resnet_c,20,96,a5,1e-06,1e-06,3757,2.126840317100793,8174712.0,5243.561257216164,1559,207,0.11721404303510759,105715338.0,53096.603716725265,1991,60000,0.999,0.9792
mnist,train,resnet_c,20,64,a1,1e-06,1e-06,3191,2.111184645929848,11288725.0,8294.434239529757,1361,150,0.09927200529450694,84600644.0,50357.526190476194,1680,60000,0.9961833333333333,0.9772
mnist,trainUval,resnet_c,20,0,a5,1e-06,1e-06,3166,2.0904887714663145,9192727.0,6637.348014440433,1385,129,0.08520475561426684,102954972.0,62321.41162227603,1652,70000,0.7126833333333333,0.8864
mnist,val,resnet_a,20,104,a3,1e-06,1e-06,571,2.103321033210332,276054.0,1136.0246913580247,243,28,0.1033210332103321,2605073.0,8683.576666666666,300,10000,0.9993333333333333,0.9795
mnist,val,resnet_a,20,88,a5,1e-06,1e-06,589,2.1227436823104693,214685.0,887.1280991735537,242,35,0.1263537906137184,2766565.0,8867.195512820514,312,10000,0.9986333333333334,0.9787
mnist,train,resnet_a,20,144,a4,1e-06,1e-06,3776,2.137599093997735,8164199.0,5263.829142488717,1551,215,0.1217440543601359,106726679.0,53097.85024875622,2010,60000,0.9997666666666667,0.9804
mnist,train,resnet_a,20,48,a1,1e-06,1e-06,3312,2.1347517730496453,11719954.0,8536.018936635106,1373,178,0.11476466795615732,88213064.0,50092.59738784781,1761,60000,0.99415,0.9771
mnist,trainUval,resnet_a,20,128,a2,1e-06,1e-06,4151,2.13697219361483,11809667.0,6946.8629411764705,1700,242,0.12461380020597322,135610923.0,61390.18696242644,2209,70000,0.99965,0.981
mnist,trainUval,resnet_a,20,128,a1,1e-06,1e-06,3983,2.1328334226031065,14078167.0,8470.617930204573,1662,205,0.1098018211033744,126353103.0,59713.186672967866,2116,70000,0.99965,0.981
mnist,val,resnet_b,20,16,a2,1e-06,1e-06,430,2.0825242718446604,214601.0,1141.4946808510638,188,18,0.08737864077669903,1964000.0,8767.857142857143,224,10000,0.9763333333333334,0.9694
mnist,val,resnet_b,20,104,a4,1e-06,1e-06,615,2.0955631399317407,251767.0,953.6628787878788,264,29,0.09897610921501707,2823010.0,8767.111801242236,322,10000,0.9994833333333333,0.9788
mnist,train,resnet_b,20,64,a2,1e-06,1e-06,3498,2.1168280871670704,9906537.0,6693.606081081081,1480,172,0.10411622276029056,96166675.0,52094.62351029253,1846,60000,0.9958833333333333,0.9777
mnist,train,resnet_b,20,136,a4,1e-06,1e-06,3816,2.1253481894150417,8239136.0,5201.474747474747,1584,211,0.11754874651810585,107166848.0,53026.64423552697,2021,60000,0.9998333333333334,0.9812
mnist,trainUval,resnet_b,20,24,a5,1e-06,1e-06,4036,2.1158888306240167,12981760.0,7596.114686951433,1709,198,0.1038280020975354,130045376.0,61082.844527947396,2129,70000,0.9833666666666666,0.9741
mnist,val,resnet_c,20,24,a2,1e-06,1e-06,454,2.087557603686636,211448.0,1067.919191919192,198,19,0.08755760368663594,2090726.0,8821.628691983122,237,10000,0.9832333333333333,0.9716
mnist,val,resnet_c,20,16,a3,1e-06,1e-06,536,2.123015873015873,222678.0,985.3008849557522,226,26,0.10317460317460317,2510872.0,8841.098591549297,284,10000,0.9753333333333334,0.9712
mnist,train,resnet_c,20,144,a1,1e-06,1e-06,3510,2.1396341463414634,10014875.0,6930.7093425605535,1445,195,0.11890243902439024,96338742.0,51518.04385026738,1870,60000,0.9996333333333334,0.9799
mnist,train,resnet_c,20,40,a5,1e-06,1e-06,3684,2.1081854607899255,9892184.0,6264.841038632046,1579,168,0.09616485403548941,101584690.0,52444.34176561693,1937,60000,0.9910833333333333,0.9751
mnist,trainUval,resnet_c,20,56,a4,1e-06,1e-06,4295,2.1131889763779528,12853081.0,7093.311810154525,1812,220,0.10826771653543307,138527722.0,61214.19443216969,2263,70000,0.9954333333333333,0.9784
mnist,val,resnet_a,20,0,a3,1e-06,1e-06,503,2.1181434599156117,234397.0,1126.9086538461538,208,29,0.12236286919831224,2321047.0,8725.74060150376,266,10000,0.7192666666666667,0.883
mnist,val,resnet_a,20,80,a1,1e-06,1e-06,307,2.125,145257.0,1162.056,125,19,0.13194444444444445,1442425.0,8849.233128834356,163,10000,0.9982333333333333,0.979
mnist,train,resnet_a,20,72,a4,1e-06,1e-06,3692,2.1224841863139736,9007094.0,5811.028387096774,1550,189,0.10868315123634273,102796134.0,52634.98924731183,1953,60000,0.99605,0.9787
mnist,train,resnet_a,20,64,a5,1e-06,1e-06,3654,2.1350087668030393,8655505.0,5770.336666666667,1500,211,0.12331969608416131,102659141.0,52835.37879567679,1943,60000,0.9966666666666667,0.9767
mnist,trainUval,resnet_a,20,80,a3,1e-06,1e-06,4267,2.1160714285714284,12835341.0,7118.880199667221,1803,213,0.1056547619047619,137855016.0,61241.67747667703,2251,70000,0.9982333333333333,0.979
mnist,trainUval,resnet_a,20,136,a2,1e-06,1e-06,4330,2.1241413150147204,12623079.0,6974.07679558011,1810,228,0.11187438665358194,140228985.0,61181.930628272254,2292,70000,0.9996333333333334,0.9786
mnist,val,resnet_b,20,96,a4,1e-06,1e-06,558,2.11787072243346,231830.0,999.2672413793103,232,31,0.11787072243346007,2598626.0,8808.901694915254,295,10000,0.9990833333333333,0.9804
mnist,val,resnet_b,20,32,a3,1e-06,1e-06,526,2.1,226148.0,1009.5892857142857,224,26,0.104,2433046.0,8815.384057971014,276,10000,0.9854833333333334,0.9749
mnist,train,resnet_b,20,24,a1,1e-06,1e-06,3101,2.1189336978810664,13092969.0,9949.064589665653,1316,147,0.10047846889952153,79510098.0,48540.96336996337,1638,60000,0.9833666666666666,0.9741
mnist,trainUval,resnet_b,20,40,a4,1e-06,1e-06,4162,2.111111111111111,12952082.0,7329.98415393322,1767,204,0.1035007610350076,134086160.0,61198.612505705154,2191,70000,0.9911833333333333,0.9766
mnist,trainUval,resnet_b,20,104,a5,1e-06,1e-06,4440,2.1128034269395526,11892517.0,6305.682396606575,1886,215,0.10233222275107091,144581941.0,61813.57032920051,2339,70000,0.9994833333333333,0.9788
mnist,val,resnet_c,20,16,a2,1e-06,1e-06,440,2.1310679611650487,197775.0,1098.75,180,26,0.1262135922330097,2068853.0,8841.252136752137,234,10000,0.9753333333333334,0.9712
mnist,val,resnet_c,20,104,a4,1e-06,1e-06,570,2.1152416356877324,216523.0,909.7605042016806,238,31,0.11524163568773234,2659177.0,8834.475083056479,301,10000,0.9995666666666667,0.9787
mnist,train,resnet_c,20,64,a2,1e-06,1e-06,3437,2.1144615384615384,9432944.0,6465.348869088417,1459,166,0.10215384615384615,94488422.0,52145.92825607064,1812,60000,0.9961833333333333,0.9772
mnist,train,resnet_c,20,136,a4,1e-06,1e-06,3849,2.110806363137685,8729690.0,5316.498172959805,1642,181,0.09928688974218322,107392203.0,53007.01036525173,2026,60000,0.9997166666666667,0.9817
mnist,trainUval,resnet_c,20,24,a5,1e-06,1e-06,4031,2.1232876712328768,13289695.0,7840.52802359882,1695,203,0.10695468914646997,130241196.0,61060.101265822785,2133,70000,0.9832333333333333,0.9716
mnist,val,resnet_a,20,80,a4,1e-06,1e-06,594,2.0807017543859647,266615.0,1021.5134099616859,261,24,0.08421052631578947,2709778.0,8769.508090614887,309,10000,0.9982333333333333,0.979
mnist,val,resnet_a,20,136,a5,1e-06,1e-06,592,2.141304347826087,208920.0,870.5,240,36,0.13043478260869565,2807367.0,8884.072784810127,316,10000,0.9996333333333334,0.9786
mnist,train,resnet_a,20,64,a3,1e-06,1e-06,3619,2.126984126984127,9723424.0,6435.091992058239,1511,190,0.11169900058788948,100350282.0,52320.27215849844,1918,60000,0.9966666666666667,0.9767
mnist,train,resnet_a,20,48,a4,1e-06,1e-06,3645,2.1063583815028903,9602842.0,6151.724535554132,1561,169,0.09768786127167631,100641455.0,52554.28459530026,1915,60000,0.99415,0.9771
mnist,trainUval,resnet_a,20,8,a1,1e-06,1e-06,3402,2.115049751243781,21567657.0,14802.784488675361,1457,151,0.09390547263681592,97215065.0,54188.9994425864,1794,70000,0.9588833333333333,0.957
mnist,trainUval,resnet_a,20,24,a4,1e-06,1e-06,3964,2.1113478955780502,13140498.0,7831.047675804529,1678,199,0.10602024507192329,126575930.0,60649.70292285577,2087,70000,0.9826666666666667,0.9713
mnist,val,resnet_b,20,8,a4,1e-06,1e-06,522,2.1178861788617884,225541.0,1039.3594470046082,217,29,0.11788617886178862,2429529.0,8802.641304347826,276,10000,0.9579166666666666,0.9562
mnist,val,resnet_b,20,40,a2,1e-06,1e-06,429,2.0980392156862746,177566.0,970.3060109289618,183,21,0.10294117647058823,1997325.0,8877.0,225,10000,0.9911833333333333,0.9766
mnist,train,resnet_b,20,32,a1,1e-06,1e-06,3106,2.1165644171779143,12905574.0,9776.95,1320,147,0.10020449897750511,79726968.0,48643.66564978645,1639,60000,0.9854833333333334,0.9749
mnist,trainUval,resnet_b,20,120,a2,1e-06,1e-06,4323,2.126968503937008,12971879.0,7206.599444444444,1800,232,0.1141732283464567,139679268.0,60968.68965517241,2291,70000,0.9997333333333334,0.9797
mnist,trainUval,resnet_b,20,56,a5,1e-06,1e-06,4186,2.117914979757085,12040648.0,6825.764172335601,1764,212,0.10728744939271255,136086211.0,61577.47104072398,2210,70000,0.9956833333333334,0.9795
mnist,val,resnet_c,20,96,a4,1e-06,1e-06,593,2.129496402877698,230268.0,943.7213114754098,244,34,0.1223021582733813,2783094.0,8835.219047619048,315,10000,0.999,0.9792
mnist,val,resnet_c,20,32,a3,1e-06,1e-06,496,2.106382978723404,232062.0,1094.632075471698,212,23,0.09787234042553192,2288442.0,8767.977011494253,261,10000,0.9856166666666667,0.974
mnist,train,resnet_c,20,24,a1,1e-06,1e-06,3007,2.121383203952011,12870120.0,10214.380952380952,1260,157,0.11079745942131264,77667570.0,48847.52830188679,1590,60000,0.9832333333333333,0.9716
mnist,trainUval,resnet_c,20,40,a4,1e-06,1e-06,4139,2.1069246435845215,13426876.0,7572.970107163001,1773,191,0.09725050916496945,132598054.0,60964.622528735636,2175,70000,0.9910833333333333,0.9751
mnist,trainUval,resnet_c,20,104,a5,1e-06,1e-06,4342,2.132121807465619,11026538.0,6170.418578623391,1787,249,0.12229862475442044,142970418.0,61999.31396357329,2306,70000,0.9995666666666667,0.9787
mnist,val,resnet_a,20,48,a5,1e-06,1e-06,590,2.096085409252669,251057.0,980.69140625,256,25,0.08896797153024912,2716807.0,8792.25566343042,309,10000,0.99415,0.9771
mnist,val,resnet_a,20,32,a5,1e-06,1e-06,558,2.1423076923076922,211817.0,941.4088888888889,225,35,0.1346153846153846,2644386.0,8873.778523489933,298,10000,0.9849333333333333,0.9733
mnist,train,resnet_a,20,128,a5,1e-06,1e-06,3883,2.1247947454844005,8368565.0,5156.232285890326,1623,204,0.1116584564860427,109369603.0,53195.33219844358,2056,60000,0.99965,0.981
mnist,train,resnet_a,20,128,a4,1e-06,1e-06,3782,2.1301408450704225,8169243.0,5206.655831739962,1569,206,0.11605633802816902,106704022.0,53165.93024414549,2007,60000,0.99965,0.981
mnist,trainUval,resnet_a,20,80,a5,1e-06,1e-06,4363,2.1205639280505593,11962579.0,6533.358274167122,1831,226,0.10986874088478367,142113372.0,61627.65481352992,2306,70000,0.9982333333333333,0.979
mnist,trainUval,resnet_a,20,96,a2,1e-06,1e-06,4301,2.1119842829076623,13020948.0,7115.272131147541,1830,206,0.10117878192534381,138296825.0,61058.20088300221,2265,70000,0.99905,0.9783
mnist,val,resnet_b,20,48,a3,1e-06,1e-06,522,2.126530612244898,224424.0,1039.0,216,29,0.11836734693877551,2443367.0,8820.819494584837,277,10000,0.9941333333333333,0.9781
mnist,val,resnet_b,20,72,a5,1e-06,1e-06,581,2.101449275362319,240286.0,949.7470355731225,253,23,0.08333333333333333,2693328.0,8830.583606557377,305,10000,0.9959,0.9782
mnist,train,resnet_b,20,8,a5,1e-06,1e-06,3243,2.112052117263844,11045857.0,8010.048585931835,1379,156,0.10162866449511401,87558422.0,51263.7131147541,1708,60000,0.9579166666666666,0.9562
mnist,trainUval,resnet_b,20,32,a4,1e-06,1e-06,4011,2.1071991592222807,13275480.0,7731.788002329645,1717,186,0.09774040987913821,128095794.0,60766.50569259962,2108,70000,0.9854833333333334,0.9749
mnist,trainUval,resnet_b,20,112,a4,1e-06,1e-06,4337,2.132808657156911,11567641.0,6426.4672222222225,1800,233,0.1146089522872602,142327746.0,61774.1953125,2304,70000,0.9996333333333334,0.9799
mnist,val,resnet_c,20,8,a4,1e-06,1e-06,562,2.1090225563909772,238859.0,999.4100418410042,239,27,0.10150375939849623,2606164.0,8804.608108108108,296,10000,0.9582333333333334,0.9556
mnist,val,resnet_c,20,40,a2,1e-06,1e-06,497,2.1016949152542375,219895.0,1022.7674418604652,215,21,0.08898305084745763,2297663.0,8803.306513409962,261,10000,0.9910833333333333,0.9751
mnist,train,resnet_c,20,32,a1,1e-06,1e-06,3153,2.123989218328841,13012635.0,9858.056818181818,1320,164,0.1105121293800539,81307598.0,48716.35590173757,1669,60000,0.9856166666666667,0.974
mnist,trainUval,resnet_c,20,120,a2,1e-06,1e-06,4368,2.13128355295266,12594675.0,6969.936358605423,1807,242,0.11810639336261591,142016268.0,61240.30530401035,2319,70000,0.9995,0.9804
mnist,trainUval,resnet_c,20,56,a5,1e-06,1e-06,4308,2.1164619164619163,12525935.0,6893.74518436984,1817,218,0.10712530712530713,139474006.0,61361.19929608447,2273,70000,0.9954333333333333,0.9784
mnist,val,resnet_a,20,64,a4,1e-06,1e-06,583,2.131868131868132,249676.0,1040.3166666666666,240,33,0.12087912087912088,2720710.0,8776.483870967742,310,10000,0.9966666666666667,0.9767
mnist,val,resnet_a,20,144,a3,1e-06,1e-06,564,2.1165413533834587,263115.0,1105.5252100840337,238,28,0.10526315789473684,2608714.0,8754.073825503356,298,10000,0.9997666666666667,0.9804
mnist,train,resnet_a,20,120,a3,1e-06,1e-06,3759,2.112422709387296,8633751.0,5416.4058971141785,1594,185,0.10399100618324901,105022490.0,53041.66161616162,1980,60000,0.9996166666666667,0.9801
mnist,train,resnet_a,20,0,a1,1e-06,1e-06,4171,2.308970099667774,14671280.0,9846.496644295303,1490,316,0.17497231450719822,119725625.0,50623.94291754757,2365,60000,0.7192666666666667,0.883
mnist,trainUval,resnet_a,20,8,a3,1e-06,1e-06,3637,2.1053850607990734,16025016.0,10252.729366602687,1563,164,0.09496236247828604,112405633.0,58851.116753926704,1910,70000,0.9588833333333333,0.957
mnist,trainUval,resnet_a,20,16,a5,1e-06,1e-06,3975,2.119466666666667,14378572.0,8579.100238663485,1676,199,0.10613333333333333,126607272.0,60289.177142857145,2100,70000,0.976,0.9675
mnist,val,resnet_b,20,120,a4,1e-06,1e-06,639,2.1056105610561056,256826.0,937.3211678832117,274,29,0.09570957095709572,2969399.0,8837.497023809523,336,10000,0.9997333333333334,0.9797
mnist,val,resnet_b,20,120,a1,1e-06,1e-06,307,2.0816326530612246,146539.0,1077.4926470588234,136,11,0.07482993197278912,1411608.0,8822.55,160,10000,0.9997333333333334,0.9797
mnist,train,resnet_b,20,128,a3,1e-06,1e-06,3698,2.1357596764875795,8124132.0,5351.865612648221,1518,213,0.12305025996533796,104496887.0,53125.0061006609,1967,60000,0.9998,0.9783
mnist,trainUval,resnet_b,20,72,a3,1e-06,1e-06,4153,2.117287098419174,12718865.0,7247.216524216524,1755,206,0.10504844467108618,134058472.0,61158.062043795624,2192,70000,0.9959,0.9782
mnist,trainUval,resnet_b,20,24,a3,1e-06,1e-06,3811,2.1084670724958494,13835185.0,8461.886850152905,1635,172,0.09518539014941893,120917600.0,60338.12375249501,2004,70000,0.9833666666666666,0.9741
mnist,val,resnet_c,20,48,a3,1e-06,1e-06,583,2.139705882352941,224706.0,952.1440677966102,236,36,0.1323529411764706,2749555.0,8841.012861736335,311,10000,0.9941166666666666,0.9759
mnist,val,resnet_c,20,72,a5,1e-06,1e-06,624,2.119047619047619,237400.0,920.1550387596899,258,36,0.12244897959183673,2917058.0,8839.569696969696,330,10000,0.99615,0.9776
mnist,train,resnet_c,20,8,a5,1e-06,1e-06,3349,2.0990595611285268,11059418.0,7600.974570446735,1455,140,0.0877742946708464,89821585.0,51209.569555302165,1754,60000,0.9582333333333334,0.9556
mnist,trainUval,resnet_c,20,32,a4,1e-06,1e-06,4057,2.115805946791862,13385098.0,7786.56079115765,1719,198,0.10328638497652583,130058722.0,60775.10373831775,2140,70000,0.9856166666666667,0.974
mnist,trainUval,resnet_c,20,112,a4,1e-06,1e-06,4371,2.1358748778103616,11195022.0,6247.222098214285,1792,254,0.1241446725317693,143533374.0,61734.78451612903,2325,70000,0.9995333333333334,0.9805
mnist,val,resnet_a,20,48,a2,1e-06,1e-06,471,2.1171171171171173,230130.0,1168.1725888324872,197,25,0.11261261261261261,2174167.0,8731.59437751004,249,10000,0.99415,0.9771
mnist,val,resnet_a,20,112,a3,1e-06,1e-06,572,2.099264705882353,263421.0,1066.4817813765183,247,25,0.09191176470588236,2620780.0,8735.933333333332,300,10000,0.9995666666666667,0.9805
mnist,train,resnet_a,20,104,a2,1e-06,1e-06,3731,2.1265678449258836,9328853.0,6014.734364925855,1551,203,0.11573546180159636,103661826.0,52433.9028831563,1977,60000,0.9993333333333333,0.9795
mnist,train,resnet_a,20,88,a4,1e-06,1e-06,3696,2.1333718244803697,8272072.0,5442.152631578947,1520,212,0.12240184757505773,104246223.0,53078.524949083505,1964,60000,0.9986333333333334,0.9787
mnist,trainUval,resnet_a,20,0,a4,1e-06,1e-06,3646,2.1105964099594674,11797338.0,7621.019379844961,1548,179,0.10364794441227562,117626753.0,61295.8587806149,1919,70000,0.7192666666666667,0.883
mnist,trainUval,resnet_a,20,56,a3,1e-06,1e-06,4188,2.1114473020675746,13073791.0,7336.583052749719,1782,201,0.10136157337367625,134148684.0,60838.405442176874,2205,70000,0.9953333333333333,0.9775
mnist,val,resnet_b,20,16,a4,1e-06,1e-06,580,2.120879120879121,231130.0,967.071129707113,239,34,0.12454212454212454,2721928.0,8866.214983713355,307,10000,0.9763333333333334,0.9694
mnist,val,resnet_b,20,88,a2,1e-06,1e-06,500,2.114406779661017,252452.0,1185.2206572769953,213,23,0.09745762711864407,2297453.0,8702.473484848484,264,10000,0.9987333333333334,0.9792
mnist,train,resnet_b,20,136,a3,1e-06,1e-06,3708,2.125573394495413,8385328.0,5441.484750162233,1541,203,0.11639908256880734,103984325.0,52945.17566191446,1964,60000,0.9998333333333334,0.9812
mnist,trainUval,resnet_b,20,56,a2,1e-06,1e-06,4022,2.1163157894736844,13438273.0,7914.17726737338,1698,202,0.10631578947368421,128443832.0,60529.609802073515,2122,70000,0.9956833333333334,0.9795
mnist,trainUval,resnet_b,20,80,a2,1e-06,1e-06,4193,2.127918781725888,13382598.0,7669.110601719198,1745,225,0.11421319796954314,134987918.0,60723.30994152047,2223,70000,0.9975833333333334,0.9787
mnist,val,resnet_c,20,120,a4,1e-06,1e-06,613,2.1030927835051547,259534.0,986.8212927756654,263,28,0.09621993127147767,2827313.0,8780.475155279502,322,10000,0.9995,0.9804
mnist,val,resnet_c,20,120,a1,1e-06,1e-06,314,2.1006711409395975,144729.0,1064.1838235294117,136,13,0.087248322147651,1469069.0,8903.448484848484,165,10000,0.9995,0.9804
mnist,train,resnet_c,20,128,a3,1e-06,1e-06,3833,2.1229916897506924,9079288.0,5639.309316770186,1610,195,0.10803324099722991,106919708.0,52721.749506903354,2028,60000,0.9996666666666667,0.9804
mnist,trainUval,resnet_c,20,72,a3,1e-06,1e-06,4138,2.1215384615384614,12642485.0,7274.157077100115,1738,212,0.10871794871794872,133985334.0,61236.44149908592,2188,70000,0.99615,0.9776
mnist,trainUval,resnet_c,20,24,a3,1e-06,1e-06,3825,2.099945085118067,13911862.0,8426.324651726227,1651,170,0.09335529928610653,120957812.0,60358.18962075848,2004,70000,0.9832333333333333,0.9716
mnist,val,resnet_a,20,144,a5,1e-06,1e-06,637,2.12,241157.0,913.4734848484849,264,36,0.12,2974708.0,8827.026706231454,337,10000,0.9997666666666667,0.9804
mnist,val,resnet_a,20,112,a5,1e-06,1e-06,602,2.1161971830985915,244881.0,975.6215139442231,251,33,0.11619718309859155,2804668.0,8819.710691823899,318,10000,0.9995666666666667,0.9805
mnist,train,resnet_a,20,32,a2,1e-06,1e-06,3225,2.1016949152542375,10411232.0,7463.248745519713,1395,139,0.09061277705345502,86884217.0,51380.37670017741,1691,60000,0.9849333333333333,0.9733
mnist,train,resnet_a,20,120,a5,1e-06,1e-06,3877,2.123835616438356,8503768.0,5262.232673267326,1616,209,0.11452054794520548,108919558.0,53079.70662768031,2052,60000,0.9996166666666667,0.9801
mnist,trainUval,resnet_a,20,144,a2,1e-06,1e-06,4191,2.1334012219959266,12368605.0,7149.482658959538,1730,234,0.11914460285132383,136300253.0,61203.52626852268,2227,70000,0.9997666666666667,0.9804
mnist,trainUval,resnet_a,20,88,a3,1e-06,1e-06,4406,2.124939700916546,12430804.0,6777.973827699018,1834,239,0.11529184756391703,143524789.0,61519.41234462066,2333,70000,0.9986333333333334,0.9787
mnist,val,resnet_b,20,0,a2,1e-06,1e-06,456,2.1875,233263.0,1356.1802325581396,172,36,0.17307692307692307,2150239.0,8670.318548387097,248,10000,0.7147666666666667,0.8879
mnist,val,resnet_b,20,56,a1,1e-06,1e-06,313,2.08,160739.0,1181.9044117647059,136,14,0.09333333333333334,1426711.0,8752.828220858895,163,10000,0.9956833333333334,0.9795
mnist,train,resnet_b,20,72,a1,1e-06,1e-06,3211,2.123015873015873,10777422.0,7953.816974169742,1355,157,0.10383597883597884,86013784.0,50626.123602118896,1699,60000,0.9959,0.9782
mnist,trainUval,resnet_b,20,112,a2,1e-06,1e-06,4352,2.122439024390244,13182353.0,7219.251369112815,1826,224,0.10926829268292683,140456044.0,61014.78887923545,2302,70000,0.9996333333333334,0.9799
mnist,trainUval,resnet_b,20,104,a1,1e-06,1e-06,4056,2.1353343865192205,15102687.0,9000.409415971395,1678,221,0.11637704054765666,127721119.0,59212.38711172925,2157,70000,0.9994833333333333,0.9788
mnist,val,resnet_c,20,16,a4,1e-06,1e-06,545,2.150197628458498,229171.0,1060.976851851852,216,37,0.14624505928853754,2568823.0,8797.339041095891,292,10000,0.9753333333333334,0.9712
mnist,val,resnet_c,20,88,a2,1e-06,1e-06,479,2.0782608695652174,257682.0,1227.057142857143,210,20,0.08695652173913043,2158037.0,8666.815261044178,249,10000,0.9987333333333334,0.979
mnist,train,resnet_c,20,136,a3,1e-06,1e-06,3789,2.1114827201783726,8781052.0,5484.729544034978,1601,193,0.10758082497212931,105566552.0,52915.5649122807,1995,60000,0.9997166666666667,0.9817
mnist,trainUval,resnet_c,20,56,a2,1e-06,1e-06,4114,2.116829644879053,13837009.0,7952.3040229885055,1740,203,0.1044776119402985,131162894.0,60415.88853063105,2171,70000,0.9954333333333333,0.9784
mnist,trainUval,resnet_c,20,80,a2,1e-06,1e-06,4187,2.142272262026612,13188633.0,7690.165014577259,1715,239,0.12231320368474924,135670815.0,60757.194357366774,2233,70000,0.9979166666666667,0.9786
mnist,val,resnet_a,20,40,a1,1e-06,1e-06,311,2.108843537414966,159540.0,1208.6363636363637,132,15,0.10204081632653061,1439682.0,8778.548780487805,164,10000,0.9913333333333333,0.9765
mnist,val,resnet_a,20,88,a1,1e-06,1e-06,285,2.088235294117647,112224.0,912.390243902439,123,13,0.09558823529411764,1343391.0,9016.046979865772,149,10000,0.9986333333333334,0.9787
mnist,train,resnet_a,20,96,a3,1e-06,1e-06,3727,2.113442994895065,8922150.0,5646.930379746836,1580,183,0.10380034032898469,103661800.0,52780.957230142565,1964,60000,0.99905,0.9783
mnist,train,resnet_a,20,72,a2,1e-06,1e-06,3536,2.1218487394957983,9984899.0,6728.368598382749,1484,182,0.1092436974789916,97148202.0,51950.910160427804,1870,60000,0.99605,0.9787
mnist,trainUval,resnet_a,20,136,a1,1e-06,1e-06,3956,2.129779213785676,13805378.0,8311.485851896448,1661,196,0.10554658050619278,125832485.0,59948.77798951882,2099,70000,0.9996333333333334,0.9786
mnist,trainUval,resnet_a,20,40,a3,1e-06,1e-06,4025,2.1134453781512605,13189031.0,7735.502052785924,1705,199,0.10451680672268908,129005002.0,60822.72607260726,2121,70000,0.9913333333333333,0.9765
mnist,val,resnet_b,20,96,a5,1e-06,1e-06,575,2.0872727272727274,223763.0,895.052,250,25,0.09090909090909091,2660920.0,8869.733333333334,300,10000,0.9990833333333333,0.9804
mnist,val,resnet_b,20,64,a1,1e-06,1e-06,277,2.075187969924812,145872.0,1185.9512195121952,123,10,0.07518796992481203,1270301.0,8821.534722222223,144,10000,0.9958833333333333,0.9777
mnist,train,resnet_b,20,0,a5,1e-06,1e-06,2692,2.090909090909091,6813433.0,5808.553282182438,1173,114,0.08857808857808858,75165512.0,53498.58505338078,1405,60000,0.7147666666666667,0.8879
mnist,trainUval,resnet_b,20,104,a3,1e-06,1e-06,4261,2.113095238095238,11986160.0,6636.8549280177185,1806,210,0.10416666666666667,138162601.0,61542.36124721604,2245,70000,0.9994833333333333,0.9788
mnist,trainUval,resnet_b,20,88,a5,1e-06,1e-06,4429,2.128846153846154,12207708.0,6645.458900381056,1837,243,0.11682692307692308,144666317.0,61586.34184759472,2349,70000,0.9987333333333334,0.9792
mnist,val,resnet_c,20,0,a2,1e-06,1e-06,471,2.1559633027522938,200744.0,1040.1243523316061,193,25,0.11467889908256881,2238285.0,8846.97628458498,253,10000,0.7126833333333333,0.8864
mnist,val,resnet_c,20,56,a1,1e-06,1e-06,298,2.076923076923077,139624.0,1065.8320610687024,131,12,0.08391608391608392,1375335.0,8873.129032258064,155,10000,0.9954333333333333,0.9784
mnist,train,resnet_c,20,72,a1,1e-06,1e-06,3260,2.137049180327869,10920228.0,8113.096582466567,1346,179,0.11737704918032787,87646046.0,50516.4530259366,1735,60000,0.99615,0.9776
mnist,trainUval,resnet_c,20,112,a2,1e-06,1e-06,4299,2.138308457711443,12795379.0,7245.40147225368,1766,244,0.12139303482587065,139962025.0,61145.489296636086,2289,70000,0.9995333333333334,0.9805
mnist,trainUval,resnet_c,20,104,a1,1e-06,1e-06,3860,2.1391352549889135,13965831.0,8767.0,1593,211,0.11696230598669623,122288331.0,59478.76021400778,2056,70000,0.9995666666666667,0.9787
mnist,val,resnet_a,20,8,a2,1e-06,1e-06,436,2.1323529411764706,199250.0,1100.828729281768,181,23,0.11274509803921569,2048133.0,8828.159482758621,232,10000,0.9588833333333333,0.957
mnist,val,resnet_a,20,112,a1,1e-06,1e-06,317,2.120805369127517,178487.0,1331.9925373134329,134,15,0.10067114093959731,1464752.0,8718.761904761905,168,10000,0.9995666666666667,0.9805
mnist,train,resnet_a,20,16,a1,1e-06,1e-06,3057,2.114878892733564,14435525.0,11190.329457364342,1290,155,0.10726643598615918,76570136.0,47500.084367245654,1612,60000,0.976,0.9675
mnist,train,resnet_a,20,96,a1,1e-06,1e-06,3503,2.1564039408866993,10489435.0,7407.793079096045,1416,208,0.12807881773399016,96047027.0,51116.033528472595,1879,60000,0.99905,0.9783
mnist,trainUval,resnet_a,20,24,a2,1e-06,1e-06,3816,2.110066371681416,16070525.0,9847.135416666666,1632,176,0.09734513274336283,118593728.0,59060.62151394422,2008,70000,0.9826666666666667,0.9713
mnist,trainUval,resnet_a,20,16,a3,1e-06,1e-06,3767,2.1133557800224465,14319478.0,8944.083697688944,1601,181,0.1015712682379349,118936551.0,59917.65793450882,1985,70000,0.976,0.9675
mnist,val,resnet_b,20,144,a1,1e-06,1e-06,346,2.090909090909091,159684.0,1071.7046979865772,149,16,0.09696969696969697,1602852.0,8855.53591160221,181,10000,0.9996666666666667,0.9813
mnist,val,resnet_b,20,40,a5,1e-06,1e-06,595,2.1444043321299637,232757.0,957.8477366255144,243,34,0.12274368231046931,2811593.0,8841.487421383648,318,10000,0.9911833333333333,0.9766
mnist,train,resnet_b,20,56,a4,1e-06,1e-06,3544,2.1064209274673007,9177054.0,6049.475280158207,1517,165,0.0980975029726516,97946692.0,52602.94951664876,1862,60000,0.9956833333333334,0.9795
mnist,trainUval,resnet_b,20,0,a3,1e-06,1e-06,4359,2.1206812652068128,16765527.0,9106.750135795763,1841,214,0.10413625304136254,138337041.0,60042.118489583336,2304,70000,0.7147666666666667,0.8879
mnist,trainUval,resnet_b,20,80,a1,1e-06,1e-06,3851,2.1329639889196677,14498840.0,9130.251889168765,1588,217,0.12022160664819945,120502457.0,58896.60654936462,2046,70000,0.9975833333333334,0.9787
mnist,val,resnet_c,20,96,a5,1e-06,1e-06,652,2.0932475884244375,276738.0,974.4295774647887,284,27,0.08681672025723473,2993148.0,8777.560117302053,341,10000,0.999,0.9792
mnist,val,resnet_c,20,64,a1,1e-06,1e-06,279,2.106060606060606,128703.0,1081.5378151260504,119,13,0.09848484848484848,1317750.0,8964.285714285714,147,10000,0.9961833333333333,0.9772
mnist,train,resnet_c,20,0,a5,1e-06,1e-06,2742,2.089176829268293,6882983.0,5731.043297252289,1201,111,0.08460365853658537,76452039.0,53462.964335664336,1430,60000,0.7126833333333333,0.8864
mnist,trainUval,resnet_c,20,104,a3,1e-06,1e-06,4222,2.114729458917836,11501085.0,6461.283707865168,1780,216,0.10821643286573146,137445867.0,61745.67250673854,2226,70000,0.9995666666666667,0.9787
mnist,trainUval,resnet_c,20,88,a5,1e-06,1e-06,4435,2.1255992329817834,11537044.0,6246.3692474282625,1847,239,0.11457334611697027,145514625.0,61947.477650063855,2349,70000,0.9987333333333334,0.979
mnist,val,resnet_a,20,144,a4,1e-06,1e-06,611,2.132867132867133,259410.0,1041.8072289156626,249,37,0.12937062937062938,2854505.0,8783.092307692308,325,10000,0.9997666666666667,0.9804
mnist,val,resnet_a,20,48,a1,1e-06,1e-06,282,2.0814814814814815,141390.0,1131.12,125,10,0.07407407407407407,1302352.0,8859.537414965986,147,10000,0.99415,0.9771
mnist,train,resnet_a,20,128,a2,1e-06,1e-06,3622,2.126247798003523,8691703.0,5752.28524156188,1511,192,0.11274221961244862,101306244.0,52791.164147993746,1919,60000,0.99965,0.981
mnist,train,resnet_a,20,128,a1,1e-06,1e-06,3443,2.133911965282083,9967316.0,6945.864808362369,1435,178,0.11035337879727217,94444100.0,51608.79781420765,1830,60000,0.99965,0.981
mnist,trainUval,resnet_a,20,16,a2,1e-06,1e-06,3695,2.1132723112128144,16299859.0,10375.467218332273,1571,177,0.10125858123569793,113709778.0,58402.55675398048,1947,70000,0.976,0.9675
mnist,trainUval,resnet_a,20,104,a4,1e-06,1e-06,4365,2.1256697515830494,11422099.0,6317.532632743363,1808,245,0.11933755479785679,142993225.0,61848.28070934256,2312,70000,0.9993333333333333,0.9795
mnist,val,resnet_b,20,64,a2,1e-06,1e-06,469,2.0707964601769913,225083.0,1082.1298076923076,208,18,0.07964601769911504,2124017.0,8740.810699588477,243,10000,0.9958833333333333,0.9777
mnist,val,resnet_b,20,136,a4,1e-06,1e-06,647,2.0838709677419356,280332.0,987.0845070422536,284,26,0.08387096774193549,2945211.0,8739.498516320475,337,10000,0.9998333333333334,0.9812
mnist,train,resnet_b,20,24,a5,1e-06,1e-06,3430,2.1311373523927903,9476406.0,6682.937940761636,1418,191,0.11870727159726538,95400222.0,52388.91927512356,1821,60000,0.9833666666666666,0.9741
mnist,trainUval,resnet_b,20,80,a4,1e-06,1e-06,4334,2.1261040235525024,12070097.0,6687.034349030471,1805,233,0.11432777232580962,141351685.0,61564.322735191636,2296,70000,0.9975833333333334,0.9787
mnist,trainUval,resnet_b,20,136,a5,1e-06,1e-06,4545,2.131332082551595,11536345.0,6146.161427810335,1877,255,0.11960600375234522,149184437.0,61825.29506837961,2413,70000,0.9998333333333334,0.9812
mnist,val,resnet_c,20,144,a1,1e-06,1e-06,332,2.0559006211180124,176085.0,1173.9,150,11,0.06832298136645963,1500355.0,8774.005847953216,171,10000,0.9996333333333334,0.9799
mnist,val,resnet_c,20,40,a5,1e-06,1e-06,624,2.119047619047619,277557.0,1063.4367816091954,261,33,0.11224489795918367,2880988.0,8730.266666666666,330,10000,0.9910833333333333,0.9751
mnist,train,resnet_c,20,56,a4,1e-06,1e-06,3716,2.104815864022663,9493059.0,5981.76370510397,1587,178,0.1008498583569405,102469939.0,52521.7524346489,1951,60000,0.9954333333333333,0.9784
mnist,trainUval,resnet_c,20,0,a3,1e-06,1e-06,4328,2.1231599607458294,16028359.0,8811.632215503023,1819,219,0.10745829244357213,137689710.0,60126.510917030566,2290,70000,0.7126833333333333,0.8864
mnist,trainUval,resnet_c,20,80,a1,1e-06,1e-06,3946,2.146354733405876,15608227.0,9646.6174289246,1618,220,0.11969532100108814,123847972.0,58751.409867172675,2108,70000,0.9979166666666667,0.9786
mnist,val,resnet_a,20,72,a4,1e-06,1e-06,605,2.1045296167247387,254406.0,989.9066147859922,257,30,0.10452961672473868,2789831.0,8773.053459119497,318,10000,0.99605,0.9787
mnist,val,resnet_a,20,64,a5,1e-06,1e-06,615,2.124567474048443,269115.0,1043.0813953488373,258,31,0.10726643598615918,2844640.0,8725.889570552148,326,10000,0.9966666666666667,0.9767
mnist,train,resnet_a,20,80,a3,1e-06,1e-06,3711,2.1115537848605577,9500359.0,6016.693476884104,1579,178,0.10130904951622083,102745936.0,52582.362333674515,1954,60000,0.9982333333333333,0.979
mnist,train,resnet_a,20,136,a2,1e-06,1e-06,3723,2.117178612059158,9180529.0,5843.7485677912155,1571,187,0.10637087599544938,103560845.0,52702.72010178117,1965,60000,0.9996333333333334,0.9786
mnist,trainUval,resnet_a,20,96,a4,1e-06,1e-06,4382,2.122577519379845,11798769.0,6440.376091703057,1832,232,0.1124031007751938,143118288.0,61742.14322691976,2318,70000,0.99905,0.9783
mnist,trainUval,resnet_a,20,32,a3,1e-06,1e-06,3874,2.1037479630635523,13442557.0,8068.761704681873,1666,175,0.09505703422053231,123332725.0,60665.38366945401,2033,70000,0.9849333333333333,0.9733
mnist,val,resnet_b,20,24,a1,1e-06,1e-06,265,2.112,112223.0,1011.018018018018,111,14,0.112,1259966.0,8999.757142857143,140,10000,0.9833666666666666,0.9741
mnist,train,resnet_b,20,40,a4,1e-06,1e-06,3557,2.1217183770883055,9374454.0,6287.360160965794,1491,185,0.110381861575179,98824513.0,52538.28442317916,1881,60000,0.9911833333333333,0.9766
mnist,train,resnet_b,20,104,a5,1e-06,1e-06,3835,2.122923588039867,8578266.0,5331.426973275326,1609,197,0.10908084163898117,107610416.0,53036.18334154756,2029,60000,0.9994833333333333,0.9788
mnist,trainUval,resnet_b,20,48,a5,1e-06,1e-06,4209,2.1113898645258407,12519086.0,7001.725950782998,1788,205,0.10286001003512293,135920603.0,61336.01218411553,2216,70000,0.9941333333333333,0.9781
mnist,trainUval,resnet_b,20,32,a5,1e-06,1e-06,4169,2.1146626078132926,13596595.0,7716.569239500567,1762,209,0.10603754439370877,133776205.0,60862.695632393086,2198,70000,0.9854833333333334,0.9749
mnist,val,resnet_c,20,64,a2,1e-06,1e-06,488,2.0811965811965814,261717.0,1222.9766355140187,214,20,0.08547008547008547,2203559.0,8675.429133858268,254,10000,0.9961833333333333,0.9772
mnist,val,resnet_c,20,136,a4,1e-06,1e-06,611,2.1403508771929824,251368.0,1021.8211382113822,246,39,0.1368421052631579,2861887.0,8778.794478527607,326,10000,0.9997166666666667,0.9817
mnist,train,resnet_c,20,24,a5,1e-06,1e-06,3538,2.123049219687875,10087879.0,6770.388590604027,1490,176,0.1056422569027611,97764358.0,52224.55021367521,1872,60000,0.9832333333333333,0.9716
mnist,trainUval,resnet_c,20,80,a4,1e-06,1e-06,4314,2.121495327102804,12123970.0,6709.446596568899,1807,226,0.11116576487948844,140460099.0,61578.29855326611,2281,70000,0.9979166666666667,0.9786
mnist,trainUval,resnet_c,20,136,a5,1e-06,1e-06,4381,2.132424537487829,11302919.0,6272.430077691454,1802,252,0.12268743914313535,143958892.0,61864.58616244091,2327,70000,0.9997166666666667,0.9817
mnist,val,resnet_a,20,64,a3,1e-06,1e-06,533,2.1195219123505975,274179.0,1235.0405405405406,222,29,0.11553784860557768,2443447.0,8664.705673758865,282,10000,0.9966666666666667,0.9767
mnist,val,resnet_a,20,48,a4,1e-06,1e-06,571,2.0727272727272728,273027.0,1074.9094488188975,254,21,0.07636363636363637,2579389.0,8714.152027027027,296,10000,0.99415,0.9771
mnist,train,resnet_a,20,8,a1,1e-06,1e-06,2859,2.1264880952380953,14627599.0,12189.665833333333,1200,144,0.10714285714285714,71145130.0,46960.48184818482,1515,60000,0.9588833333333333,0.957
mnist,train,resnet_a,20,24,a4,1e-06,1e-06,3446,2.1096142069810164,9932152.0,6756.5659863945575,1470,163,0.0998162890385793,94159258.0,51935.6083838941,1813,60000,0.9826666666666667,0.9713
mnist,trainUval,resnet_a,20,8,a4,1e-06,1e-06,3671,2.0947488584474887,15508008.0,9662.310280373831,1605,147,0.0839041095890411,114052909.0,59433.5117248567,1919,70000,0.9588833333333333,0.957
mnist,trainUval,resnet_a,20,40,a2,1e-06,1e-06,3881,2.1190606226105952,13761917.0,8432.547181372549,1632,199,0.10868377935554342,123333039.0,60162.458048780485,2050,70000,0.9913333333333333,0.9765
mnist,val,resnet_b,20,32,a1,1e-06,1e-06,274,2.116279069767442,138138.0,1190.844827586207,116,13,0.10077519379844961,1283601.0,8852.420689655173,145,10000,0.9854833333333334,0.9749
mnist,train,resnet_b,20,120,a2,1e-06,1e-06,3723,2.142774899251583,9013793.0,5957.563119629875,1513,224,0.128957973517559,104239022.0,52486.91943605237,1986,60000,0.9997333333333334,0.9797
mnist,train,resnet_b,20,56,a5,1e-06,1e-06,3620,2.110204081632653,8941477.0,5794.8651976668825,1543,172,0.10029154518950437,100394505.0,52700.52755905512,1905,60000,0.9956833333333334,0.9795
mnist,trainUval,resnet_b,20,64,a4,1e-06,1e-06,4259,2.107920792079208,12361460.0,6799.48294829483,1818,202,0.1,137356298.0,61347.163019205,2239,70000,0.9958833333333333,0.9777
mnist,trainUval,resnet_b,20,144,a3,1e-06,1e-06,4264,2.1315,11458472.0,6492.052124645892,1765,235,0.1175,139838305.0,61766.03577738516,2264,70000,0.9996666666666667,0.9813
mnist,val,resnet_c,20,24,a1,1e-06,1e-06,278,2.114503816793893,128705.0,1119.1739130434783,115,16,0.12213740458015267,1311836.0,8924.054421768707,147,10000,0.9832333333333333,0.9716
mnist,train,resnet_c,20,40,a4,1e-06,1e-06,3599,2.1189634864546525,9811825.0,6467.91364535267,1517,181,0.10659599528857479,99428944.0,52303.495002630196,1901,60000,0.9910833333333333,0.9751
mnist,train,resnet_c,20,104,a5,1e-06,1e-06,3773,2.1155356141334827,8241630.0,5173.653483992467,1593,190,0.1065619742007852,105699237.0,53115.19447236181,1990,60000,0.9995666666666667,0.9787
mnist,trainUval,resnet_c,20,48,a5,1e-06,1e-06,4313,2.10752688172043,12684407.0,6860.144402379665,1849,197,0.09628543499511241,139151849.0,61381.49492721658,2267,70000,0.9941166666666666,0.9759
mnist,trainUval,resnet_c,20,32,a5,1e-06,1e-06,4162,2.1186354378818737,13358014.0,7620.087849401027,1753,211,0.10743380855397149,134086700.0,61003.958143767064,2198,70000,0.9856166666666667,0.974
mnist,val,resnet_a,20,128,a5,1e-06,1e-06,622,2.1267123287671232,237268.0,923.2217898832685,257,35,0.11986301369863013,2920463.0,8849.887878787878,330,10000,0.99965,0.981
mnist,val,resnet_a,20,128,a4,1e-06,1e-06,598,2.117021276595745,232506.0,918.99604743083,253,29,0.10283687943262411,2797005.0,8851.281645569621,316,10000,0.99965,0.981
mnist,train,resnet_a,20,80,a5,1e-06,1e-06,3811,2.121380846325167,9126488.0,5718.350877192983,1596,200,0.111358574610245,106316423.0,52762.49280397022,2015,60000,0.9982333333333333,0.979
mnist,train,resnet_a,20,96,a2,1e-06,1e-06,3757,2.1220338983050846,9570411.0,6053.390891840607,1581,189,0.10677966101694915,104189807.0,52435.73578258682,1987,60000,0.99905,0.9783
mnist,trainUval,resnet_a,20,48,a3,1e-06,1e-06,4184,2.1126262626262626,13583102.0,7652.451830985916,1775,205,0.10353535353535354,134262435.0,60917.620235934664,2204,70000,0.99415,0.9771
mnist,trainUval,resnet_a,20,72,a5,1e-06,1e-06,4434,2.124101581217058,12700802.0,6850.4865156418555,1854,233,0.1116435074269286,143894170.0,61309.8295696634,2347,70000,0.99605,0.9787
mnist,val,resnet_b,20,8,a5,1e-06,1e-06,517,2.1322314049586777,205459.0,978.3761904761905,210,32,0.1322314049586777,2432249.0,8844.541818181819,275,10000,0.9579166666666666,0.9562
mnist,train,resnet_b,20,32,a4,1e-06,1e-06,3511,2.115732368896926,10176310.0,6838.918010752688,1488,171,0.10307414104882459,96350688.0,52025.20950323974,1852,60000,0.9854833333333334,0.9749
mnist,train,resnet_b,20,112,a4,1e-06,1e-06,3751,2.139189960068454,8587147.0,5579.692657569851,1539,214,0.12207644038790645,105725275.0,52915.55305305305,1998,60000,0.9996333333333334,0.9799
mnist,trainUval,resnet_b,20,48,a2,1e-06,1e-06,4036,2.113672079622839,14208955.0,8289.938739789965,1714,195,0.10214772132006286,128269694.0,60305.45086976963,2127,70000,0.9941333333333333,0.9781
mnist,trainUval,resnet_b,20,112,a3,1e-06,1e-06,4356,2.1130519165453663,12545447.0,6788.661796536797,1848,213,0.10334788937409024,141059530.0,61463.847494553374,2295,70000,0.9996333333333334,0.9799
mnist,val,resnet_c,20,32,a1,1e-06,1e-06,291,2.1481481481481484,147458.0,1260.3247863247864,117,18,0.13333333333333333,1379966.0,8845.935897435897,156,10000,0.9856166666666667,0.974
mnist,train,resnet_c,20,120,a2,1e-06,1e-06,3726,2.1285714285714286,9014685.0,5861.303641092328,1538,212,0.12114285714285715,104109300.0,52686.89271255061,1976,60000,0.9995,0.9804
mnist,train,resnet_c,20,56,a5,1e-06,1e-06,3715,2.1198630136986303,9216361.0,5923.11118251928,1556,196,0.11187214611872145,103470745.0,52710.51706571574,1963,60000,0.9954333333333333,0.9784
mnist,trainUval,resnet_c,20,64,a4,1e-06,1e-06,4238,2.119559779889945,12367778.0,6944.28860190904,1781,218,0.10905452726363181,137657068.0,61481.49531040643,2239,70000,0.9961833333333333,0.9772
mnist,trainUval,resnet_c,20,144,a3,1e-06,1e-06,4447,2.1131178707224336,12215523.0,6480.383554376658,1885,219,0.10408745247148289,144449207.0,61651.390098164746,2343,70000,0.9996333333333334,0.9799
mnist,val,resnet_a,20,120,a3,1e-06,1e-06,583,2.086021505376344,265141.0,1039.7686274509804,255,24,0.08602150537634409,2665824.0,8769.157894736842,304,10000,0.9996166666666667,0.9801
mnist,val,resnet_a,20,0,a1,1e-06,1e-06,402,2.1675675675675676,191753.0,1213.626582278481,158,27,0.14594594594594595,1917138.0,8834.737327188941,217,10000,0.7192666666666667,0.883
mnist,train,resnet_a,20,8,a3,1e-06,1e-06,3037,2.1156794425087107,10972265.0,8525.45843045843,1287,148,0.10313588850174216,81295135.0,50746.02684144819,1602,60000,0.9588833333333333,0.957
mnist,train,resnet_a,20,16,a5,1e-06,1e-06,3443,2.102626756261454,10706917.0,7200.347679892401,1487,150,0.0916310323762981,93328654.0,51676.99557032115,1806,60000,0.976,0.9675
mnist,trainUval,resnet_a,20,120,a4,1e-06,1e-06,4342,2.132121807465619,11097363.0,6172.059510567297,1798,238,0.1168958742632613,142693202.0,61879.0988725065,2306,70000,0.9996166666666667,0.9801
mnist,trainUval,resnet_a,20,120,a1,1e-06,1e-06,4087,2.1392670157068063,14499953.0,8590.019549763034,1688,222,0.1162303664921466,129513928.0,59491.928341754705,2177,70000,0.9996166666666667,0.9801
mnist,val,resnet_b,20,128,a3,1e-06,1e-06,588,2.0964285714285715,269587.0,1057.2039215686275,255,25,0.08928571428571429,2688789.0,8729.834415584415,308,10000,0.9998,0.9783
mnist,train,resnet_b,20,72,a3,1e-06,1e-06,3547,2.1258992805755397,9094104.0,6132.234659474039,1483,185,0.11091127098321343,98776203.0,52568.49547631719,1879,60000,0.9959,0.9782
mnist,train,resnet_b,20,24,a3,1e-06,1e-06,3335,2.112801013941698,10142244.0,7147.458773784355,1419,159,0.10076045627376426,90999085.0,51792.307911212294,1757,60000,0.9833666666666666,0.9741
mnist,trainUval,resnet_b,20,144,a5,1e-06,1e-06,4518,2.12965582272513,11624584.0,6186.580095795636,1879,242,0.1140971239981141,148198676.0,61826.731748018356,2397,70000,0.9996666666666667,0.9813
mnist,trainUval,resnet_b,20,112,a5,1e-06,1e-06,4454,2.144990366088632,11677944.0,6462.614277808522,1807,269,0.1295761078998073,147070353.0,61846.23759461733,2378,70000,0.9996333333333334,0.9799
mnist,val,resnet_c,20,8,a5,1e-06,1e-06,575,2.1259259259259258,226148.0,950.2016806722689,238,32,0.11851851851851852,2705264.0,8869.718032786885,305,10000,0.9582333333333334,0.9556
mnist,train,resnet_c,20,32,a4,1e-06,1e-06,3460,2.1130116065974343,9843827.0,6701.039482641252,1469,168,0.10262675626145389,94977471.0,52099.54525507405,1823,60000,0.9856166666666667,0.974
mnist,train,resnet_c,20,112,a4,1e-06,1e-06,3850,2.1371460299833425,8260782.0,5261.644585987261,1570,231,0.12826207662409772,108509832.0,52957.45827232797,2049,60000,0.9995333333333334,0.9805
mnist,trainUval,resnet_c,20,48,a2,1e-06,1e-06,4153,2.1076142131979694,14734824.0,8259.430493273543,1784,186,0.09441624365482233,131550458.0,60261.31836921667,2183,70000,0.9941166666666666,0.9759
mnist,trainUval,resnet_c,20,112,a3,1e-06,1e-06,4324,2.1327084361124813,11507452.0,6439.536653609402,1787,240,0.11840157868771584,141578107.0,61636.09360034828,2297,70000,0.9995333333333334,0.9805
mnist,val,resnet_a,20,104,a2,1e-06,1e-06,521,2.1052631578947367,268106.0,1213.1493212669684,221,26,0.10526315789473684,2382811.0,8696.390510948906,274,10000,0.9993333333333333,0.9795
mnist,val,resnet_a,20,88,a4,1e-06,1e-06,599,2.0982456140350876,271215.0,1055.3112840466927,257,28,0.09824561403508772,2748145.0,8752.054140127388,314,10000,0.9986333333333334,0.9787
mnist,train,resnet_a,20,0,a4,1e-06,1e-06,3167,2.107856191744341,8737376.0,6467.339748334567,1351,151,0.10053262316910785,87569508.0,52594.2990990991,1665,60000,0.7192666666666667,0.883
mnist,train,resnet_a,20,56,a3,1e-06,1e-06,3661,2.1046578493387003,9857393.0,6310.750960307299,1562,177,0.10178263369752731,100257375.0,52163.04630593132,1922,60000,0.9953333333333333,0.9775
mnist,trainUval,resnet_a,20,16,a4,1e-06,1e-06,3805,2.10981697171381,14144228.0,8720.239210850801,1622,181,0.10038824181919023,120340566.0,60110.17282717283,2002,70000,0.976,0.9675
mnist,trainUval,resnet_a,20,88,a2,1e-06,1e-06,4234,2.132493702770781,12815419.0,7331.475400457666,1748,237,0.11939546599496222,137158568.0,60986.46865273455,2249,70000,0.9986333333333334,0.9787
mnist,val,resnet_b,20,136,a3,1e-06,1e-06,596,2.087719298245614,274856.0,1061.2200772200772,259,26,0.0912280701754386,2709170.0,8711.157556270096,311,10000,0.9998333333333334,0.9812
mnist,train,resnet_b,20,56,a2,1e-06,1e-06,3483,2.1167173252279636,9967056.0,6748.176032498307,1477,168,0.10212765957446808,95619933.0,52023.90261153428,1838,60000,0.9956833333333334,0.9795
mnist,train,resnet_b,20,80,a2,1e-06,1e-06,3595,2.135472370766488,9437626.0,6368.168690958165,1482,201,0.11942959001782531,100155828.0,52382.75523012552,1912,60000,0.9975833333333334,0.9787
mnist,trainUval,resnet_b,20,40,a1,1e-06,1e-06,3886,2.136963696369637,16611142.0,10388.456535334584,1599,219,0.12046204620462046,119240230.0,57659.68568665377,2068,70000,0.9911833333333333,0.9766
mnist,trainUval,resnet_b,20,88,a1,1e-06,1e-06,3883,2.132967032967033,14365335.0,8950.364485981308,1605,215,0.11813186813186813,122506986.0,59382.93068347067,2063,70000,0.9987333333333334,0.9792
mnist,val,resnet_c,20,128,a3,1e-06,1e-06,601,2.0833333333333335,273145.0,1034.6401515151515,264,24,0.08333333333333333,2749412.0,8784.063897763579,313,10000,0.9996666666666667,0.9804
mnist,train,resnet_c,20,72,a3,1e-06,1e-06,3660,2.121159420289855,9377012.0,6085.017521090201,1541,184,0.10666666666666667,101732860.0,52575.121447028425,1935,60000,0.99615,0.9776
mnist,train,resnet_c,20,24,a3,1e-06,1e-06,3267,2.1111829347123465,10039077.0,7217.165348670022,1391,156,0.10084033613445378,89216654.0,51870.14767441861,1720,60000,0.9832333333333333,0.9716
mnist,trainUval,resnet_c,20,144,a5,1e-06,1e-06,4550,2.1217350746268657,11752839.0,6188.962085308057,1899,245,0.1142723880597015,148788368.0,61840.55195344971,2406,70000,0.9996333333333334,0.9799
mnist,trainUval,resnet_c,20,112,a5,1e-06,1e-06,4512,2.1419753086419755,11675089.0,6355.5193249863905,1837,269,0.12773029439696107,148685854.0,61797.94430590191,2406,70000,0.9995333333333334,0.9805
mnist,val,resnet_a,20,32,a2,1e-06,1e-06,391,2.108108108108108,160430.0,966.4457831325301,166,19,0.10270270270270271,1840937.0,8936.587378640777,206,10000,0.9849333333333333,0.9733
mnist,val,resnet_a,20,120,a5,1e-06,1e-06,585,2.0709219858156027,242035.0,927.3371647509579,261,21,0.07446808510638298,2672243.0,8819.283828382839,303,10000,0.9996166666666667,0.9801
mnist,train,resnet_a,20,144,a2,1e-06,1e-06,3688,2.1349160393746383,9048812.0,5933.647213114754,1525,202,0.11696583671105965,103133298.0,52592.19683834778,1961,60000,0.9997666666666667,0.9804
mnist,train,resnet_a,20,88,a3,1e-06,1e-06,3820,2.1216666666666666,9096314.0,5692.311639549437,1598,202,0.11222222222222222,106543832.0,52744.47128712871,2020,60000,0.9986333333333334,0.9787
mnist,trainUval,resnet_a,20,0,a2,1e-06,1e-06,4561,2.1818181818181817,18079438.0,10117.200895355345,1787,303,0.14497607655502392,147301615.0,59612.146904087414,2471,70000,0.7192666666666667,0.883
mnist,trainUval,resnet_a,20,56,a1,1e-06,1e-06,3921,2.138570649208947,16055818.0,9868.357713583282,1627,206,0.11238406983087834,121774263.0,58321.00718390805,2088,70000,0.9953333333333333,0.9775
mnist,val,resnet_b,20,72,a1,1e-06,1e-06,277,2.0597014925373136,123228.0,985.824,125,9,0.06716417910447761,1282994.0,8971.986013986014,143,10000,0.9959,0.9782
mnist,train,resnet_b,20,112,a2,1e-06,1e-06,3711,2.1272935779816513,9291954.0,6010.319534282018,1546,198,0.11353211009174312,103479675.0,52607.86731062532,1967,60000,0.9996333333333334,0.9799
mnist,train,resnet_b,20,104,a1,1e-06,1e-06,3497,2.140845070422535,10195495.0,7080.204861111111,1440,193,0.11818738518064911,95651314.0,51315.08261802575,1864,60000,0.9994833333333333,0.9788
mnist,trainUval,resnet_b,20,8,a2,1e-06,1e-06,3424,2.1077586206896552,17129403.0,11684.449522510233,1466,158,0.09729064039408868,103689012.0,57605.00666666667,1800,70000,0.9579166666666666,0.9562
mnist,trainUval,resnet_b,20,112,a1,1e-06,1e-06,3904,2.1211956521739133,14708815.0,8941.52887537994,1645,195,0.10597826086956522,122368194.0,59286.91569767442,2064,70000,0.9996333333333334,0.9799
mnist,val,resnet_c,20,136,a3,1e-06,1e-06,600,2.131672597864769,278428.0,1131.821138211382,246,35,0.12455516014234876,2779571.0,8713.388714733543,319,10000,0.9997166666666667,0.9817
mnist,train,resnet_c,20,56,a2,1e-06,1e-06,3491,2.116434202546998,10095033.0,6848.733378561737,1474,175,0.10612492419648271,95651837.0,51928.250271444085,1842,60000,0.9954333333333333,0.9784
mnist,train,resnet_c,20,80,a2,1e-06,1e-06,3676,2.1242774566473988,10048962.0,6538.036434612883,1537,193,0.1115606936416185,101206908.0,52007.66084275437,1946,60000,0.9979166666666667,0.9786
mnist,trainUval,resnet_c,20,40,a1,1e-06,1e-06,3743,2.134626354820308,16715415.0,10680.776357827475,1565,188,0.10724472333143183,114626981.0,57601.49798994975,1990,70000,0.9910833333333333,0.9751
mnist,trainUval,resnet_c,20,88,a1,1e-06,1e-06,3876,2.1174863387978142,14978487.0,9144.375457875458,1638,192,0.10491803278688525,120736696.0,59011.09286412512,2046,70000,0.9987333333333334,0.979
mnist,val,resnet_a,20,96,a3,1e-06,1e-06,554,2.102661596958175,267177.0,1136.9234042553192,235,28,0.10646387832699619,2538472.0,8723.271477663231,291,10000,0.99905,0.9783
mnist,val,resnet_a,20,72,a2,1e-06,1e-06,479,2.1244444444444444,232877.0,1170.2361809045226,199,26,0.11555555555555555,2220657.0,8742.74409448819,254,10000,0.99605,0.9787
mnist,train,resnet_a,20,136,a1,1e-06,1e-06,3397,2.1331658291457285,9586604.0,6779.776520509194,1414,178,0.11180904522613065,93449378.0,51772.50858725762,1805,60000,0.9996333333333334,0.9786
mnist,train,resnet_a,20,40,a3,1e-06,1e-06,3455,2.1125382262996943,9475450.0,6494.482522275531,1459,176,0.10764525993883792,94868815.0,52125.72252747253,1820,60000,0.9913333333333333,0.9765
mnist,trainUval,resnet_a,20,96,a5,1e-06,1e-06,4570,2.128085700978109,12203434.0,6426.242232754081,1899,248,0.11551001397298556,149474255.0,61689.74618241849,2423,70000,0.99905,0.9783
mnist,trainUval,resnet_a,20,64,a1,1e-06,1e-06,3818,2.128834355828221,16159044.0,10175.72040302267,1588,205,0.11433351924149471,117495568.0,58022.502716049385,2025,70000,0.9966666666666667,0.9767
mnist,val,resnet_b,20,0,a5,1e-06,1e-06,534,2.1235059760956174,220400.0,1001.8181818181819,220,31,0.12350597609561753,2487997.0,8791.508833922262,283,10000,0.7147666666666667,0.8879
mnist,train,resnet_b,20,104,a3,1e-06,1e-06,3664,2.132130384167637,8594324.0,5676.568031704095,1514,204,0.11874272409778813,102732374.0,52791.55909558068,1946,60000,0.9994833333333333,0.9788
mnist,train,resnet_b,20,88,a5,1e-06,1e-06,3867,2.1218441273326016,8888173.0,5496.705627705628,1617,205,0.11251372118551042,108205722.0,52912.33349633252,2045,60000,0.9987333333333334,0.9792
mnist,trainUval,resnet_b,20,144,a4,1e-06,1e-06,4393,2.1186685962373373,11687823.0,6304.111650485437,1854,219,0.10564399421128799,143497488.0,61852.36551724138,2320,70000,0.9996666666666667,0.9813
mnist,trainUval,resnet_b,20,48,a1,1e-06,1e-06,3650,2.146470588235294,15822095.0,10597.51841929002,1493,207,0.12176470588235294,113117507.0,58008.97794871795,1950,70000,0.9941333333333333,0.9781
mnist,val,resnet_c,20,72,a1,1e-06,1e-06,277,2.1068702290076335,140856.0,1214.2758620689656,116,15,0.11450381679389313,1288840.0,8827.671232876712,146,10000,0.99615,0.9776
mnist,train,resnet_c,20,112,a2,1e-06,1e-06,3719,2.1331038439472176,9299006.0,6057.984364820847,1535,208,0.11933448078026392,103712869.0,52486.26973684211,1976,60000,0.9995333333333334,0.9805
mnist,train,resnet_c,20,104,a1,1e-06,1e-06,3299,2.1415584415584417,9847701.0,7273.043574593796,1354,186,0.12077922077922078,90483956.0,51440.56623081296,1759,60000,0.9995666666666667,0.9787
mnist,trainUval,resnet_c,20,8,a2,1e-06,1e-06,3501,2.107164358819988,17297087.0,11493.081063122923,1505,156,0.09391932570740517,106108744.0,57667.79565217391,1840,70000,0.9582333333333334,0.9556
mnist,trainUval,resnet_c,20,112,a1,1e-06,1e-06,4032,2.1384615384615384,14263812.0,8520.79569892473,1674,211,0.11193633952254642,128028652.0,59631.41686073591,2147,70000,0.9995333333333334,0.9805
mnist,val,resnet_a,20,16,a1,1e-06,1e-06,292,2.0785714285714287,138733.0,1083.8515625,128,12,0.08571428571428572,1348585.0,8872.269736842105,152,10000,0.976,0.9675
mnist,val,resnet_a,20,96,a1,1e-06,1e-06,299,2.0839160839160837,125818.0,953.1666666666666,132,11,0.07692307692307693,1404266.0,9001.705128205129,156,10000,0.99905,0.9783
mnist,train,resnet_a,20,24,a2,1e-06,1e-06,3218,2.1136662286465175,11260495.0,8225.343316289262,1369,153,0.10052562417871222,86253794.0,50857.189858490565,1696,60000,0.9826666666666667,0.9713
mnist,train,resnet_a,20,16,a3,1e-06,1e-06,3199,2.110891089108911,10634853.0,7813.999265246142,1361,154,0.10165016501650165,86420867.0,51318.80463182898,1684,60000,0.976,0.9675
mnist,trainUval,resnet_a,20,144,a1,1e-06,1e-06,4080,2.12558624283481,14607944.0,8542.65730994152,1710,209,0.10891089108910891,129113904.0,59747.29477093938,2161,70000,0.9997666666666667,0.9804
mnist,trainUval,resnet_a,20,40,a5,1e-06,1e-06,4123,2.119280205655527,12163284.0,7026.738301559792,1731,214,0.11002570694087403,134050811.0,61547.663452708905,2178,70000,0.9913333333333333,0.9765
mnist,val,resnet_b,20,56,a4,1e-06,1e-06,592,2.1335740072202167,245423.0,1009.9711934156379,243,34,0.12274368231046931,2774839.0,8809.012698412698,315,10000,0.9956833333333334,0.9795
mnist,train,resnet_b,20,0,a3,1e-06,1e-06,3806,2.1197771587743732,12272439.0,7603.741635687732,1614,181,0.10083565459610028,103644013.0,51538.54450522128,2011,60000,0.7147666666666667,0.8879
mnist,train,resnet_b,20,80,a1,1e-06,1e-06,3297,2.1374837872892347,10336805.0,7595.007347538574,1361,181,0.11738002594033722,89388372.0,50933.5452991453,1755,60000,0.9975833333333334,0.9787
mnist,trainUval,resnet_b,20,72,a4,1e-06,1e-06,4190,2.1296390442297914,12176524.0,6977.950716332378,1745,222,0.1128622267412303,136836989.0,61555.10076473234,2223,70000,0.9959,0.9782
mnist,trainUval,resnet_b,20,64,a5,1e-06,1e-06,4261,2.13,11782814.0,6690.9789892106755,1761,239,0.1195,139219546.0,61574.32375055285,2261,70000,0.9958833333333333,0.9777
mnist,val,resnet_c,20,0,a5,1e-06,1e-06,534,2.149193548387097,226877.0,1055.2418604651164,215,33,0.13306451612903225,2505132.0,8759.202797202797,286,10000,0.7126833333333333,0.8864
mnist,train,resnet_c,20,104,a3,1e-06,1e-06,3763,2.1278280542986425,8785357.0,5628.031390134529,1561,207,0.1170814479638009,105506990.0,52885.709273182954,1995,60000,0.9995666666666667,0.9787
mnist,train,resnet_c,20,88,a5,1e-06,1e-06,3800,2.129484304932735,8315004.0,5299.556405353728,1569,215,0.12051569506726457,107325461.0,53236.83581349206,2016,60000,0.9987333333333334,0.979
mnist,trainUval,resnet_c,20,144,a4,1e-06,1e-06,4518,2.1127221702525727,11769081.0,6139.322378716745,1917,221,0.10336763330215154,147041611.0,61782.18949579832,2380,70000,0.9996333333333334,0.9799
mnist,trainUval,resnet_c,20,48,a1,1e-06,1e-06,3778,2.1435868331441545,15663324.0,10144.639896373057,1544,218,0.12372304199772985,116997590.0,58034.518849206346,2016,70000,0.9941166666666666,0.9759
mnist,val,resnet_a,20,128,a2,1e-06,1e-06,506,2.1218487394957983,230998.0,1094.777251184834,211,27,0.1134453781512605,2350797.0,8771.630597014926,268,10000,0.99965,0.981
mnist,val,resnet_a,20,128,a1,1e-06,1e-06,299,2.0694444444444446,143810.0,1081.2781954887218,133,11,0.0763888888888889,1376351.0,8879.683870967741,155,10000,0.99965,0.981
mnist,train,resnet_a,20,16,a2,1e-06,1e-06,3120,2.097511768661735,11845082.0,8748.214180206794,1354,133,0.0894418291862811,81910369.0,50159.44213104715,1633,60000,0.976,0.9675
mnist,train,resnet_a,20,104,a4,1e-06,1e-06,3817,2.121178432462479,8455267.0,5281.24109931293,1601,198,0.11006114508060033,107046394.0,53045.78493557978,2018,60000,0.9993333333333333,0.9795
mnist,trainUval,resnet_a,20,64,a2,1e-06,1e-06,4117,2.1161953727506426,13610627.0,7795.31901489118,1746,199,0.10231362467866324,131728481.0,60648.47191528545,2172,70000,0.9966666666666667,0.9767
mnist,trainUval,resnet_a,20,136,a4,1e-06,1e-06,4439,2.124461464815701,11530164.0,6239.266233766234,1848,241,0.11536620392532312,145339882.0,61846.758297872344,2350,70000,0.9996333333333334,0.9786
mnist,val,resnet_b,20,24,a5,1e-06,1e-06,578,2.1449814126394053,252299.0,1078.2008547008547,234,35,0.13011152416356878,2713628.0,8781.967637540452,309,10000,0.9833666666666666,0.9741
mnist,train,resnet_b,20,80,a4,1e-06,1e-06,3768,2.1210585585585586,8861761.0,5612.261557948068,1579,197,0.11092342342342343,105404288.0,52913.79919678715,1992,60000,0.9975833333333334,0.9787
mnist,train,resnet_b,20,136,a5,1e-06,1e-06,3924,2.1297502714440824,8537062.0,5269.791358024691,1620,222,0.12052117263843648,110282387.0,52969.44620557156,2082,60000,0.9998333333333334,0.9812
mnist,trainUval,resnet_b,20,64,a3,1e-06,1e-06,4090,2.119751166407465,12418812.0,7224.439790575916,1719,210,0.1088646967340591,132223946.0,61186.46274872744,2161,70000,0.9958833333333333,0.9777
mnist,trainUval,resnet_b,20,48,a4,1e-06,1e-06,4062,2.1063278008298756,12774986.0,7346.167912593444,1739,189,0.09802904564315353,130615721.0,61206.99203373946,2134,70000,0.9941333333333333,0.9781
mnist,val,resnet_c,20,56,a4,1e-06,1e-06,558,2.11787072243346,215346.0,928.2155172413793,232,31,0.11787072243346007,2619906.0,8881.037288135592,295,10000,0.9954333333333333,0.9784
mnist,train,resnet_c,20,0,a3,1e-06,1e-06,3720,2.122716894977169,11933206.0,7625.051757188498,1565,187,0.1067351598173516,101396286.0,51522.50304878049,1968,60000,0.7126833333333333,0.8864
mnist,train,resnet_c,20,80,a1,1e-06,1e-06,3346,2.136015325670498,10644305.0,7685.418772563177,1385,181,0.11558109833971902,90258367.0,50706.94775280899,1780,60000,0.9979166666666667,0.9786
mnist,trainUval,resnet_c,20,72,a4,1e-06,1e-06,4260,2.1157476403378044,12344819.0,6843.026053215078,1804,209,0.10382513661202186,138343889.0,61568.263907432134,2247,70000,0.99615,0.9776
mnist,trainUval,resnet_c,20,64,a5,1e-06,1e-06,4213,2.135902636916836,11518454.0,6661.916714864084,1729,243,0.12322515212981744,138104310.0,61626.19812583668,2241,70000,0.9961833333333333,0.9772
mnist,val,resnet_a,20,80,a3,1e-06,1e-06,527,2.062745098039216,258499.0,1090.7130801687763,237,18,0.07058823529411765,2376774.0,8738.139705882353,272,10000,0.9982333333333333,0.979
mnist,val,resnet_a,20,136,a2,1e-06,1e-06,535,2.119047619047619,267385.0,1188.3777777777777,225,27,0.10714285714285714,2470116.0,8728.325088339223,283,10000,0.9996333333333334,0.9786
mnist,train,resnet_a,20,96,a4,1e-06,1e-06,3897,2.1324575807334427,8784687.0,5473.3252336448595,1605,222,0.12151067323481117,109535450.0,52915.67632850241,2070,60000,0.99905,0.9783
mnist,train,resnet_a,20,32,a3,1e-06,1e-06,3347,2.117721518987342,9910629.0,7023.833451452871,1411,169,0.1069620253164557,91841059.0,51975.698358800226,1767,60000,0.9849333333333333,0.9733
mnist,trainUval,resnet_a,20,24,a1,1e-06,1e-06,3837,2.128745837957825,20167655.0,12503.195908245505,1613,189,0.1048834628190899,113803056.0,55922.87764127764,2035,70000,0.9826666666666667,0.9713
mnist,val,resnet_b,20,40,a4,1e-06,1e-06,603,2.097560975609756,253306.0,981.8062015503876,258,29,0.10104529616724739,2787794.0,8822.132911392406,316,10000,0.9911833333333333,0.9766
mnist,val,resnet_b,20,104,a5,1e-06,1e-06,634,2.0822368421052633,257117.0,928.2202166064982,277,27,0.08881578947368421,2912433.0,8825.554545454546,330,10000,0.9994833333333333,0.9788
mnist,train,resnet_b,20,48,a5,1e-06,1e-06,3566,2.116983372921615,8710881.0,5811.12808539026,1499,185,0.10985748218527316,99333269.0,52780.69553666312,1882,60000,0.9941333333333333,0.9781
mnist,train,resnet_b,20,32,a5,1e-06,1e-06,3569,2.102533883323512,9850155.0,6417.039087947883,1535,162,0.09546258102533883,97728329.0,52205.30395299145,1872,60000,0.9854833333333334,0.9749
mnist,trainUval,resnet_b,20,128,a5,1e-06,1e-06,4420,2.1337518107194593,11264220.0,6155.311475409836,1830,241,0.11636890391115404,145675559.0,62015.98935717327,2349,70000,0.9998,0.9783
mnist,trainUval,resnet_b,20,128,a4,1e-06,1e-06,4299,2.1235177865612647,11262903.0,6236.380398671096,1806,218,0.10770750988142293,140913574.0,61940.032527472526,2275,70000,0.9998,0.9783
mnist,val,resnet_c,20,24,a5,1e-06,1e-06,615,2.1468531468531467,255907.0,1036.0607287449393,247,39,0.13636363636363635,2882173.0,8760.404255319148,329,10000,0.9832333333333333,0.9716
mnist,train,resnet_c,20,80,a4,1e-06,1e-06,3747,2.1223796033994335,8848234.0,5625.069294342022,1573,192,0.10878186968838527,104751635.0,52851.48082744702,1982,60000,0.9979166666666667,0.9786
mnist,train,resnet_c,20,136,a5,1e-06,1e-06,3790,2.149177538287011,8046971.0,5283.631648063034,1523,240,0.13613159387407828,107790762.0,53177.484953132705,2027,60000,0.9997166666666667,0.9817
mnist,trainUval,resnet_c,20,64,a3,1e-06,1e-06,4025,2.099113197704747,12817085.0,7370.3766532489935,1739,178,0.09285341679707877,129100396.0,61243.07210626186,2108,70000,0.9961833333333333,0.9772
mnist,trainUval,resnet_c,20,48,a4,1e-06,1e-06,4139,2.1123021949974476,12779310.0,7224.0305257207465,1769,190,0.09698825931597754,133414607.0,61199.36100917431,2180,70000,0.9941166666666666,0.9759
mnist,val,resnet_a,20,8,a1,1e-06,1e-06,281,2.074074074074074,143856.0,1150.848,125,10,0.07407407407407407,1289461.0,8831.924657534246,146,10000,0.9588833333333333,0.957
mnist,val,resnet_a,20,24,a4,1e-06,1e-06,555,2.138996138996139,225806.0,1003.5822222222222,225,34,0.13127413127413126,2621797.0,8857.422297297297,296,10000,0.9826666666666667,0.9713
mnist,train,resnet_a,20,8,a4,1e-06,1e-06,3169,2.104983388704319,10787764.0,7914.720469552458,1363,142,0.09435215946843854,85014382.0,51090.37379807692,1664,60000,0.9588833333333333,0.957
mnist,train,resnet_a,20,40,a2,1e-06,1e-06,3321,2.1241202815099167,9824705.0,7083.421052631579,1387,176,0.1126039667306462,91107665.0,51824.610352673495,1758,60000,0.9913333333333333,0.9765
mnist,trainUval,resnet_a,20,32,a1,1e-06,1e-06,3813,2.1343784994400896,18697958.0,11767.122718691,1589,197,0.1103023516237402,114786592.0,56628.80710409472,2027,70000,0.9849333333333333,0.9733
mnist,val,resnet_b,20,120,a2,1e-06,1e-06,520,2.0843373493975905,258685.0,1134.5833333333333,228,21,0.08433734939759036,2357475.0,8699.169741697417,271,10000,0.9997333333333334,0.9797
mnist,val,resnet_b,20,56,a5,1e-06,1e-06,603,2.0902777777777777,238495.0,913.7739463601532,261,27,0.09375,2777145.0,8816.333333333334,315,10000,0.9956833333333334,0.9795
mnist,train,resnet_b,20,64,a4,1e-06,1e-06,3718,2.1215753424657535,9205513.0,5923.753539253539,1554,198,0.11301369863013698,103484416.0,52637.037639877926,1966,60000,0.9958833333333333,0.9777
mnist,train,resnet_b,20,144,a3,1e-06,1e-06,3781,2.1404303510758775,8294971.0,5375.872326636422,1543,223,0.12627406568516422,106904455.0,53054.32009925559,2015,60000,0.9996666666666667,0.9813
mnist,trainUval,resnet_b,20,120,a3,1e-06,1e-06,4345,2.12316715542522,12203927.0,6712.831133113311,1818,228,0.11143695014662756,141616957.0,61599.37233579817,2299,70000,0.9997333333333334,0.9797
mnist,trainUval,resnet_b,20,0,a1,1e-06,1e-06,5126,2.2971761541909457,20839469.0,11362.851145038168,1834,397,0.17794710891976692,171051562.0,59085.16822107081,2895,70000,0.7147666666666667,0.8879
