dataset,split,model,k,epoch,layer,thresh,thresh_mode,node_count,average_branching_factor,colless_index,average_colless_index,total_colless,missing_colless,missing_colless_frac,sackin_index,average_sackin_index,leaf_count,total_volume,train_acc,val_acc
mnist,val,resnet_c,20,40,a4,1e-06,1e-06,290,2.020979020979021,44848.0,324.9855072463768,138,5,0.03496503496503497,1109958.0,7550.734693877551,147,10000,0.9910833333333333,0.9751
mnist,val,resnet_c,20,104,a5,1e-06,1e-06,388,2.0585106382978724,132394.0,752.2386363636364,176,12,0.06382978723404255,1649348.0,8246.74,200,10000,0.9995666666666667,0.9787
mnist,train,resnet_c,20,48,a5,1e-06,1e-06,1904,2.0684782608695653,1965802.0,2293.8179696616103,857,63,0.06847826086956521,47386634.0,48157.14837398374,984,60000,0.9941166666666666,0.9759
mnist,train,resnet_c,20,32,a5,1e-06,1e-06,1730,2.085645355850422,1375511.0,1814.6583113456463,758,71,0.0856453558504222,41997380.0,46611.96448390677,901,60000,0.9856166666666667,0.974
mnist,trainUval,resnet_c,20,128,a5,1e-06,1e-06,2351,2.1000893655049153,3981547.0,3930.451135241856,1013,106,0.09472743521000894,71780565.0,58263.44561688312,1232,70000,0.9996666666666667,0.9804
mnist,trainUval,resnet_c,20,128,a4,1e-06,1e-06,2221,2.084507042253521,2353910.0,2399.500509683996,981,84,0.07887323943661972,62823154.0,54345.28892733564,1156,70000,0.9996666666666667,0.9804
mnist,val,resnet_a,20,80,a5,1e-06,1e-06,396,2.068062827225131,98425.0,559.2329545454545,176,15,0.07853403141361257,1648523.0,8041.575609756098,205,10000,0.9982333333333333,0.979
mnist,val,resnet_a,20,96,a2,1e-06,1e-06,294,2.092857142857143,16449.0,129.51968503937007,127,13,0.09285714285714286,908788.0,5901.220779220779,154,10000,0.99905,0.9783
mnist,train,resnet_a,20,48,a3,1e-06,1e-06,1739,2.0889423076923075,826606.0,1086.210249671485,761,71,0.08533653846153846,35754990.0,39421.157662624035,907,60000,0.99415,0.9771
mnist,train,resnet_a,20,72,a5,1e-06,1e-06,1927,2.0934782608695652,2570891.0,3064.2324195470796,839,81,0.08804347826086957,50836792.0,50483.408142999004,1007,60000,0.99605,0.9787
mnist,trainUval,resnet_a,20,8,a5,1e-06,1e-06,1557,2.0691489361702127,1335833.0,1911.0629470672388,699,53,0.07047872340425532,40799880.0,50683.08074534161,805,70000,0.9588833333333333,0.957
mnist,val,resnet_b,20,32,a4,1e-06,1e-06,302,2.0902777777777777,29999.0,232.5503875968992,129,15,0.10416666666666667,1197629.0,7579.930379746836,158,10000,0.9854833333333334,0.9749
mnist,val,resnet_b,20,112,a4,1e-06,1e-06,347,2.0473372781065087,71634.0,450.52830188679246,159,10,0.05917159763313609,1450944.0,8151.3707865168535,178,10000,0.9996333333333334,0.9799
mnist,train,resnet_b,20,48,a2,1e-06,1e-06,1457,2.0949640287769786,254147.0,402.76862123613313,631,64,0.0920863309352518,25068701.0,32898.557742782155,762,60000,0.9941333333333333,0.9781
mnist,train,resnet_b,20,112,a3,1e-06,1e-06,1902,2.1005524861878455,1552778.0,1895.9438339438339,819,86,0.09502762430939227,44845580.0,44980.521564694085,997,60000,0.9996333333333334,0.9799
mnist,trainUval,resnet_b,20,104,a2,1e-06,1e-06,1750,2.097122302158273,467252.0,614.8052631578947,760,74,0.08872901678657075,37201700.0,40613.2096069869,916,70000,0.9994833333333333,0.9788
mnist,trainUval,resnet_b,20,88,a4,1e-06,1e-06,2182,2.103182256509161,2281349.0,2437.3386752136753,936,101,0.09739633558341369,60903804.0,53191.09519650655,1145,70000,0.9987333333333334,0.9792
mnist,val,resnet_c,20,120,a2,1e-06,1e-06,285,2.072992700729927,21214.0,168.36507936507937,126,11,0.08029197080291971,881431.0,5955.614864864865,148,10000,0.9995,0.9804
mnist,val,resnet_c,20,56,a5,1e-06,1e-06,358,2.04,75084.0,452.31325301204816,166,9,0.05142857142857143,1517555.0,8292.650273224044,183,10000,0.9954333333333333,0.9784
mnist,train,resnet_c,20,64,a4,1e-06,1e-06,1714,2.1044226044226044,1531145.0,2091.7281420765025,732,82,0.10073710073710074,41580766.0,46200.851111111115,900,60000,0.9961833333333333,0.9772
mnist,train,resnet_c,20,144,a3,1e-06,1e-06,1891,2.097669256381798,1796417.0,2201.4914215686276,816,85,0.09433962264150944,44457181.0,44906.243434343436,990,60000,0.9996333333333334,0.9799
mnist,trainUval,resnet_c,20,120,a3,1e-06,1e-06,2122,2.093780848963475,1950192.0,2108.3156756756757,925,88,0.08687068114511352,54755919.0,49374.13796212804,1109,70000,0.9995,0.9804
mnist,trainUval,resnet_c,20,0,a1,1e-06,1e-06,470,2.057017543859649,1401312.0,6548.186915887851,214,14,0.06140350877192982,12073445.0,49890.26859504132,242,70000,0.7126833333333333,0.8864
mnist,val,resnet_a,20,8,a3,1e-06,1e-06,203,2.04040404040404,30369.0,326.5483870967742,93,6,0.06060606060606061,599133.0,5760.8942307692305,104,10000,0.9588833333333333,0.957
mnist,val,resnet_a,20,16,a5,1e-06,1e-06,280,2.0977443609022557,45330.0,384.1525423728813,118,15,0.11278195488721804,1147323.0,7804.918367346939,147,10000,0.976,0.9675
mnist,train,resnet_a,20,120,a4,1e-06,1e-06,1998,2.0910994764397905,2506792.0,2888.009216589862,868,87,0.09109947643979058,50952583.0,48851.949185043144,1043,60000,0.9996166666666667,0.9801
mnist,train,resnet_a,20,120,a1,1e-06,1e-06,640,2.074675324675325,261859.0,918.8035087719298,285,23,0.07467532467532467,3469835.0,10451.310240963856,332,60000,0.9996166666666667,0.9801
mnist,trainUval,resnet_a,20,128,a3,1e-06,1e-06,2110,2.088118811881188,2790905.0,3010.6850053937433,927,83,0.08217821782178218,58900308.0,53545.73454545454,1100,70000,0.99965,0.981
mnist,val,resnet_b,20,72,a3,1e-06,1e-06,332,2.06875,47839.0,325.4353741496599,147,13,0.08125,1249812.0,7266.3488372093025,172,10000,0.9959,0.9782
mnist,val,resnet_b,20,24,a3,1e-06,1e-06,273,2.0148148148148146,27574.0,210.4885496183206,131,4,0.02962962962962963,930586.0,6743.376811594203,138,10000,0.9833666666666666,0.9741
mnist,train,resnet_b,20,144,a5,1e-06,1e-06,2150,2.0965853658536586,3665777.0,3929.021436227224,933,92,0.0897560975609756,57784120.0,51363.66222222222,1125,60000,0.9996666666666667,0.9813
mnist,train,resnet_b,20,112,a5,1e-06,1e-06,2134,2.0932286555446518,3711447.0,4008.0421166306696,926,93,0.09126594700686948,57355492.0,51439.903139013455,1115,60000,0.9996333333333334,0.9799
mnist,trainUval,resnet_b,20,32,a2,1e-06,1e-06,1406,2.087667161961367,289813.0,471.2406504065041,615,58,0.0861812778603269,23738931.0,32385.990450204637,733,70000,0.9854833333333334,0.9749
mnist,trainUval,resnet_b,20,120,a5,1e-06,1e-06,2351,2.096342551293488,4364511.0,4274.741429970617,1021,100,0.08920606601248884,72957388.0,59314.949593495934,1230,70000,0.9997333333333334,0.9797
mnist,val,resnet_c,20,32,a4,1e-06,1e-06,301,2.027027027027027,29227.0,205.82394366197184,142,6,0.04054054054054054,1109622.0,7252.431372549019,153,10000,0.9856166666666667,0.974
mnist,val,resnet_c,20,112,a4,1e-06,1e-06,372,2.0726256983240225,67226.0,407.43030303030304,165,14,0.0782122905027933,1514394.0,7846.60103626943,193,10000,0.9995333333333334,0.9805
mnist,train,resnet_c,20,48,a2,1e-06,1e-06,1406,2.0907738095238093,307709.0,500.33983739837396,615,57,0.08482142857142858,22753090.0,30998.76021798365,734,60000,0.9941166666666666,0.9759
mnist,train,resnet_c,20,112,a3,1e-06,1e-06,1861,2.0898876404494384,1292694.0,1584.1838235294117,816,74,0.08314606741573034,43251481.0,44543.234809474765,971,60000,0.9995333333333334,0.9805
mnist,trainUval,resnet_c,20,104,a2,1e-06,1e-06,1740,2.095180722891566,376969.0,498.6362433862434,756,74,0.0891566265060241,35801147.0,39341.91978021978,910,70000,0.9995666666666667,0.9787
mnist,trainUval,resnet_c,20,88,a4,1e-06,1e-06,2207,2.087038789025544,2784749.0,2876.806818181818,968,89,0.08420056764427625,61472608.0,53454.44173913044,1150,70000,0.9987333333333334,0.979
mnist,val,resnet_a,20,0,a4,1e-06,1e-06,221,2.018348623853211,66664.0,634.8952380952381,105,4,0.03669724770642202,739455.0,6602.276785714285,112,10000,0.7192666666666667,0.883
mnist,val,resnet_a,20,56,a3,1e-06,1e-06,322,2.0576923076923075,21716.0,149.7655172413793,145,11,0.07051282051282051,1114463.0,6713.6325301204815,166,10000,0.9953333333333333,0.9775
mnist,train,resnet_a,20,16,a4,1e-06,1e-06,1573,2.087649402390438,970314.0,1406.2521739130434,690,63,0.08366533864541832,35312879.0,43064.486585365856,820,60000,0.976,0.9675
mnist,train,resnet_a,20,88,a2,1e-06,1e-06,1469,2.130624092888244,378004.0,620.696223316913,609,80,0.11611030478955008,25837774.0,33125.351282051284,780,60000,0.9986333333333334,0.9787
mnist,trainUval,resnet_a,20,136,a3,1e-06,1e-06,2120,2.1126620139581256,2320594.0,2575.57602663707,901,102,0.1016949152542373,58385218.0,52269.66696508505,1117,70000,0.9996333333333334,0.9786
mnist,val,resnet_b,20,56,a2,1e-06,1e-06,286,2.0955882352941178,26651.0,218.45081967213116,122,14,0.10294117647058823,784883.0,5232.553333333333,150,10000,0.9956833333333334,0.9795
mnist,val,resnet_b,20,80,a2,1e-06,1e-06,258,2.089430894308943,23021.0,203.72566371681415,113,10,0.08130081300813008,725928.0,5377.2444444444445,135,10000,0.9975833333333334,0.9787
mnist,train,resnet_b,20,40,a1,1e-06,1e-06,570,2.076642335766423,229826.0,904.8267716535433,254,20,0.072992700729927,3854969.0,13023.543918918918,296,60000,0.9911833333333333,0.9766
mnist,train,resnet_b,20,88,a1,1e-06,1e-06,578,2.083032490974729,171236.0,679.5079365079365,252,25,0.09025270758122744,3423031.0,11372.196013289036,301,60000,0.9987333333333334,0.9792
mnist,trainUval,resnet_b,20,96,a3,1e-06,1e-06,2097,2.115035317860747,1182774.0,1333.4543404735061,887,104,0.10494450050454086,56133449.0,50753.570524412295,1106,70000,0.9990833333333333,0.9804
mnist,trainUval,resnet_b,20,72,a2,1e-06,1e-06,1646,2.108974358974359,390646.0,560.467718794835,697,83,0.1064102564102564,33569553.0,38763.91801385681,866,70000,0.9959,0.9782
mnist,val,resnet_c,20,72,a3,1e-06,1e-06,352,2.0406976744186047,38517.0,236.30061349693253,163,9,0.05232558139534884,1314364.0,7302.022222222222,180,10000,0.99615,0.9776
mnist,val,resnet_c,20,24,a3,1e-06,1e-06,291,2.0567375886524824,26163.0,199.7175572519084,131,10,0.07092198581560284,983886.0,6559.24,150,10000,0.9832333333333333,0.9716
mnist,train,resnet_c,20,144,a5,1e-06,1e-06,2138,2.101278269419862,3481205.0,3800.442139737991,916,101,0.09931170108161258,56271499.0,50197.590544157,1121,60000,0.9996333333333334,0.9799
mnist,train,resnet_c,20,112,a5,1e-06,1e-06,2098,2.090727816550349,3060557.0,3337.575790621592,917,86,0.08574277168494517,53556856.0,48910.37077625571,1095,60000,0.9995333333333334,0.9805
mnist,trainUval,resnet_c,20,32,a2,1e-06,1e-06,1384,2.101823708206687,284488.0,475.7324414715719,598,60,0.0911854103343465,24142035.0,33253.49173553719,726,70000,0.9856166666666667,0.974
mnist,trainUval,resnet_c,20,120,a5,1e-06,1e-06,2381,2.08955223880597,4142982.0,3975.990403071017,1042,97,0.08516242317822652,72096442.0,58048.66505636071,1242,70000,0.9995,0.9804
mnist,val,resnet_a,20,144,a2,1e-06,1e-06,301,2.0408163265306123,25732.0,185.12230215827338,139,8,0.05442176870748299,871292.0,5657.74025974026,154,10000,0.9997666666666667,0.9804
mnist,val,resnet_a,20,88,a3,1e-06,1e-06,355,2.0344827586206895,56629.0,341.1385542168675,166,8,0.04597701149425287,1400061.0,7735.14364640884,181,10000,0.9986333333333334,0.9787
mnist,train,resnet_a,20,0,a2,1e-06,1e-06,651,2.07667731629393,939565.0,3251.089965397924,289,24,0.07667731629392971,16010728.0,47369.01775147929,338,60000,0.7192666666666667,0.883
mnist,train,resnet_a,20,56,a1,1e-06,1e-06,605,2.0827586206896553,197006.0,735.0970149253732,268,22,0.07586206896551724,3802974.0,12072.933333333332,315,60000,0.9953333333333333,0.9775
mnist,trainUval,resnet_a,20,72,a1,1e-06,1e-06,667,2.1009463722397475,264767.0,916.1487889273357,289,28,0.08832807570977919,4858563.0,13881.608571428571,350,70000,0.99605,0.9787
mnist,val,resnet_b,20,112,a2,1e-06,1e-06,278,2.0671641791044775,20733.0,168.5609756097561,123,11,0.08208955223880597,761294.0,5286.763888888889,144,10000,0.9996333333333334,0.9799
mnist,val,resnet_b,20,104,a1,1e-06,1e-06,167,2.049382716049383,28389.0,368.68831168831167,77,4,0.04938271604938271,154112.0,1792.0,86,10000,0.9994833333333333,0.9788
mnist,train,resnet_b,20,8,a2,1e-06,1e-06,948,2.0859030837004404,275226.0,663.1951807228916,415,39,0.08590308370044053,14265247.0,28877.01821862348,494,60000,0.9579166666666666,0.9562
mnist,train,resnet_b,20,112,a1,1e-06,1e-06,564,2.0698529411764706,220549.0,875.1944444444445,252,20,0.07352941176470588,3129733.0,10718.263698630137,292,60000,0.9996333333333334,0.9799
mnist,trainUval,resnet_b,20,16,a1,1e-06,1e-06,624,2.111864406779661,177713.0,680.8927203065134,261,34,0.1152542372881356,5838267.0,17745.492401215804,329,70000,0.9763333333333334,0.9694
mnist,trainUval,resnet_b,20,96,a1,1e-06,1e-06,679,2.086153846153846,286293.0,960.7147651006711,298,27,0.08307692307692308,4683984.0,13231.593220338984,354,70000,0.9990833333333333,0.9804
mnist,val,resnet_c,20,56,a2,1e-06,1e-06,281,2.0588235294117645,13653.0,108.35714285714286,126,10,0.07352941176470588,826778.0,5701.91724137931,145,10000,0.9954333333333333,0.9784
mnist,val,resnet_c,20,80,a2,1e-06,1e-06,249,2.0327868852459017,19024.0,162.5982905982906,117,5,0.040983606557377046,743080.0,5851.023622047244,127,10000,0.9979166666666667,0.9786
mnist,train,resnet_c,20,40,a1,1e-06,1e-06,568,2.076923076923077,204696.0,815.5219123505976,251,22,0.08058608058608059,4102559.0,13906.979661016949,295,60000,0.9910833333333333,0.9751
mnist,train,resnet_c,20,88,a1,1e-06,1e-06,562,2.0855018587360594,189040.0,768.4552845528456,246,23,0.08550185873605948,3230750.0,11026.450511945393,293,60000,0.9987333333333334,0.979
mnist,trainUval,resnet_c,20,96,a3,1e-06,1e-06,1999,2.0877742946708464,2799487.0,3195.761415525114,876,81,0.08463949843260188,57062898.0,54762.857965451054,1042,70000,0.999,0.9792
mnist,trainUval,resnet_c,20,72,a2,1e-06,1e-06,1519,2.0880330123796425,365296.0,550.144578313253,664,63,0.08665749656121045,27134925.0,34261.268939393936,792,70000,0.99615,0.9776
mnist,val,resnet_a,20,136,a1,1e-06,1e-06,181,2.0224719101123596,26022.0,306.1411764705882,85,4,0.0449438202247191,161798.0,1758.6739130434783,92,10000,0.9996333333333334,0.9786
mnist,val,resnet_a,20,40,a3,1e-06,1e-06,285,2.0579710144927534,23850.0,186.328125,128,10,0.07246376811594203,966180.0,6572.65306122449,147,10000,0.9913333333333333,0.9765
mnist,train,resnet_a,20,96,a5,1e-06,1e-06,2096,2.0970970970970972,3436655.0,3793.217439293598,906,93,0.09309309309309309,55565242.0,50651.99817684594,1097,60000,0.99905,0.9783
mnist,train,resnet_a,20,64,a1,1e-06,1e-06,616,2.0777027027027026,203074.0,746.5955882352941,272,24,0.08108108108108109,3920447.0,12251.396875,320,60000,0.9966666666666667,0.9767
mnist,trainUval,resnet_a,20,0,a5,1e-06,1e-06,1362,2.081039755351682,3672633.0,6080.51821192053,604,50,0.0764525993883792,39118551.0,55252.1906779661,708,70000,0.7192666666666667,0.883
mnist,val,resnet_b,20,104,a3,1e-06,1e-06,342,2.0419161676646707,46228.0,292.5822784810127,158,9,0.05389221556886228,1349062.0,7708.925714285714,175,10000,0.9994833333333333,0.9788
mnist,val,resnet_b,20,88,a5,1e-06,1e-06,406,2.0558375634517767,118376.0,639.8702702702702,185,12,0.06091370558375635,1728885.0,8272.177033492822,209,10000,0.9987333333333334,0.9792
mnist,train,resnet_b,20,144,a4,1e-06,1e-06,2009,2.076525336091003,2561683.0,2846.3144444444442,900,67,0.06928645294725956,50606044.0,48566.26103646833,1042,60000,0.9996666666666667,0.9813
mnist,train,resnet_b,20,48,a1,1e-06,1e-06,613,2.074576271186441,190418.0,697.5018315018315,273,22,0.07457627118644068,3840521.0,12077.110062893082,318,60000,0.9941333333333333,0.9781
mnist,trainUval,resnet_b,20,128,a2,1e-06,1e-06,1756,2.1272727272727274,445685.0,610.527397260274,730,95,0.11515151515151516,34422050.0,36973.200859291086,931,70000,0.9998,0.9783
mnist,trainUval,resnet_b,20,128,a1,1e-06,1e-06,646,2.0673076923076925,249282.0,862.5674740484429,289,23,0.07371794871794872,4103855.0,12286.991017964072,334,70000,0.9998,0.9783
mnist,val,resnet_c,20,112,a2,1e-06,1e-06,288,2.05,17421.0,132.98473282442748,131,9,0.06428571428571428,915302.0,6184.472972972973,148,10000,0.9995333333333334,0.9805
mnist,val,resnet_c,20,104,a1,1e-06,1e-06,149,2.0555555555555554,25732.0,389.8787878787879,66,6,0.08333333333333333,147522.0,1915.8701298701299,77,10000,0.9995666666666667,0.9787
mnist,train,resnet_c,20,8,a2,1e-06,1e-06,1013,2.103950103950104,213395.0,490.5632183908046,435,46,0.09563409563409564,15766353.0,29636.001879699248,532,60000,0.9582333333333334,0.9556
mnist,train,resnet_c,20,112,a1,1e-06,1e-06,556,2.0708955223880596,229321.0,920.9678714859438,249,19,0.0708955223880597,3108576.0,10793.666666666666,288,60000,0.9995333333333334,0.9805
mnist,trainUval,resnet_c,20,16,a1,1e-06,1e-06,607,2.089655172413793,156370.0,590.0754716981132,265,25,0.08620689655172414,5558750.0,17535.488958990536,317,70000,0.9753333333333334,0.9712
mnist,trainUval,resnet_c,20,96,a1,1e-06,1e-06,633,2.0789473684210527,265935.0,946.3879003558719,281,23,0.0756578947368421,4337656.0,13184.364741641337,329,70000,0.999,0.9792
mnist,val,resnet_a,20,24,a2,1e-06,1e-06,200,2.094736842105263,18676.0,214.66666666666666,87,8,0.08421052631578947,512184.0,4877.942857142857,105,10000,0.9826666666666667,0.9713
mnist,val,resnet_a,20,16,a3,1e-06,1e-06,266,2.054263565891473,19766.0,162.01639344262296,122,7,0.05426356589147287,950045.0,6934.63503649635,137,10000,0.976,0.9675
mnist,train,resnet_a,20,144,a1,1e-06,1e-06,577,2.0719424460431655,193814.0,757.0859375,256,22,0.07913669064748201,3283616.0,10981.99331103679,299,60000,0.9997666666666667,0.9804
mnist,train,resnet_a,20,40,a5,1e-06,1e-06,1869,2.0848214285714284,1853305.0,2257.3751522533494,821,75,0.08370535714285714,46817513.0,48116.66289825283,973,60000,0.9913333333333333,0.9765
mnist,trainUval,resnet_a,20,56,a4,1e-06,1e-06,2062,2.081818181818182,1853034.0,2027.3894967177243,914,76,0.07676767676767676,56249050.0,52471.128731343284,1072,70000,0.9953333333333333,0.9775
mnist,val,resnet_b,20,0,a3,1e-06,1e-06,205,2.01980198019802,66596.0,686.5567010309278,97,4,0.039603960396039604,692405.0,6657.740384615385,104,10000,0.7147666666666667,0.8879
mnist,val,resnet_b,20,80,a1,1e-06,1e-06,159,2.051948051948052,38086.0,528.9722222222222,72,5,0.06493506493506493,155534.0,1896.7560975609756,82,10000,0.9975833333333334,0.9787
mnist,train,resnet_b,20,72,a4,1e-06,1e-06,1880,2.0808416389811737,1532922.0,1842.454326923077,832,71,0.07862679955703211,43877768.0,44910.714431934495,977,60000,0.9959,0.9782
mnist,train,resnet_b,20,64,a5,1e-06,1e-06,2054,2.0842639593908627,2479939.0,2737.239514348786,906,79,0.08020304568527918,52393075.0,49011.29560336763,1069,60000,0.9958833333333333,0.9777
mnist,trainUval,resnet_b,20,80,a3,1e-06,1e-06,2008,2.088449531737773,1841454.0,2076.047350620068,887,74,0.07700312174817898,52572558.0,50212.567335243555,1047,70000,0.9975833333333334,0.9787
mnist,trainUval,resnet_b,20,136,a2,1e-06,1e-06,1815,2.109302325581395,505621.0,650.7348777348777,777,83,0.09651162790697675,34752155.0,36389.69109947644,955,70000,0.9998333333333334,0.9812
mnist,val,resnet_c,20,104,a3,1e-06,1e-06,348,2.0778443113772456,68950.0,447.72727272727275,154,13,0.07784431137724551,1392304.0,7692.287292817679,181,10000,0.9995666666666667,0.9787
mnist,val,resnet_c,20,88,a5,1e-06,1e-06,351,2.0588235294117645,95921.0,603.2767295597484,159,11,0.06470588235294118,1491512.0,8240.397790055249,181,10000,0.9987333333333334,0.979
mnist,train,resnet_c,20,144,a4,1e-06,1e-06,2057,2.1022494887525562,2417830.0,2722.7815315315315,888,90,0.09202453987730061,51176894.0,47429.92956441149,1079,60000,0.9996333333333334,0.9799
mnist,train,resnet_c,20,48,a1,1e-06,1e-06,561,2.074074074074074,188214.0,749.8565737051792,251,19,0.07037037037037037,3557314.0,12224.44673539519,291,60000,0.9941166666666666,0.9759
mnist,trainUval,resnet_c,20,128,a2,1e-06,1e-06,1653,2.099110546378653,302049.0,421.85614525139664,716,71,0.09021601016518424,33793629.0,39022.6662817552,866,70000,0.9996666666666667,0.9804
mnist,trainUval,resnet_c,20,128,a1,1e-06,1e-06,669,2.0745341614906834,288621.0,962.07,300,22,0.06832298136645963,4577804.0,13192.518731988474,347,70000,0.9996666666666667,0.9804
mnist,val,resnet_a,20,16,a2,1e-06,1e-06,230,2.063063063063063,31670.0,307.4757281553398,103,8,0.07207207207207207,548436.0,4608.705882352941,119,10000,0.976,0.9675
mnist,val,resnet_a,20,104,a4,1e-06,1e-06,336,2.080745341614907,84795.0,580.7876712328767,146,15,0.09316770186335403,1387335.0,7927.628571428571,175,10000,0.9993333333333333,0.9795
mnist,train,resnet_a,20,64,a2,1e-06,1e-06,1346,2.0885093167701863,251478.0,425.51269035532994,591,53,0.08229813664596274,21725860.0,30948.51851851852,702,60000,0.9966666666666667,0.9767
mnist,train,resnet_a,20,136,a4,1e-06,1e-06,2013,2.1156677181913777,2729882.0,3211.625882352941,850,101,0.10620399579390116,52063677.0,49024.17796610169,1062,60000,0.9996333333333334,0.9786
mnist,trainUval,resnet_a,20,24,a5,1e-06,1e-06,1891,2.076923076923077,1852127.0,2184.1120283018868,848,62,0.06813186813186813,52752780.0,53774.49541284404,981,70000,0.9826666666666667,0.9713
mnist,val,resnet_b,20,80,a4,1e-06,1e-06,333,2.1012658227848102,66128.0,468.9929078014184,141,17,0.10759493670886076,1443689.0,8249.65142857143,175,10000,0.9975833333333334,0.9787
mnist,val,resnet_b,20,136,a5,1e-06,1e-06,377,2.100558659217877,113962.0,707.8385093167702,161,18,0.1005586592178771,1687986.0,8525.181818181818,198,10000,0.9998333333333334,0.9812
mnist,train,resnet_b,20,64,a3,1e-06,1e-06,1700,2.1053283767038415,857698.0,1174.9287671232876,730,77,0.09541511771995044,37072599.0,41514.66853303472,893,60000,0.9958833333333333,0.9777
mnist,train,resnet_b,20,48,a4,1e-06,1e-06,1845,2.1002277904328017,1309753.0,1647.4880503144655,795,83,0.09453302961275627,42889056.0,44352.6949327818,967,60000,0.9941333333333333,0.9781
mnist,trainUval,resnet_b,20,8,a1,1e-06,1e-06,564,2.0472727272727274,260911.0,1003.5038461538461,260,15,0.05454545454545454,5994092.0,20740.80276816609,289,70000,0.9579166666666666,0.9562
mnist,trainUval,resnet_b,20,24,a4,1e-06,1e-06,1773,2.0676779463243875,1702353.0,2133.2744360902257,798,59,0.06884480746791131,45329848.0,49486.73362445415,916,70000,0.9833666666666666,0.9741
mnist,val,resnet_c,20,0,a3,1e-06,1e-06,205,2.0606060606060606,86809.0,953.945054945055,91,8,0.08080808080808081,733820.0,6922.830188679245,106,10000,0.7126833333333333,0.8864
mnist,val,resnet_c,20,80,a1,1e-06,1e-06,132,2.046875,16461.0,279.0,59,5,0.078125,130529.0,1919.5441176470588,68,10000,0.9979166666666667,0.9786
mnist,train,resnet_c,20,72,a4,1e-06,1e-06,1714,2.1226765799256504,1471601.0,2049.58356545961,718,89,0.11028500619578686,42009979.0,46317.50716648291,907,60000,0.99615,0.9776
mnist,train,resnet_c,20,64,a5,1e-06,1e-06,1844,2.103881278538813,1757325.0,2232.9415501905974,787,89,0.10159817351598173,46600728.0,48141.2479338843,968,60000,0.9961833333333333,0.9772
mnist,trainUval,resnet_c,20,80,a3,1e-06,1e-06,1946,2.098166127292341,2317867.0,2759.3654761904763,840,87,0.09385113268608414,53879315.0,52874.69578017664,1019,70000,0.9979166666666667,0.9786
mnist,trainUval,resnet_c,20,136,a2,1e-06,1e-06,1695,2.0991325898389097,349634.0,478.2954856361149,731,76,0.09417596034696406,32848274.0,36991.29954954955,888,70000,0.9997166666666667,0.9817
mnist,val,resnet_a,20,96,a4,1e-06,1e-06,373,2.0898876404494384,86121.0,534.9130434782609,161,17,0.09550561797752809,1544833.0,7922.220512820513,195,10000,0.99905,0.9783
mnist,val,resnet_a,20,32,a3,1e-06,1e-06,276,2.0522388059701493,20669.0,164.03968253968253,126,8,0.05970149253731343,946424.0,6664.957746478874,142,10000,0.9849333333333333,0.9733
mnist,train,resnet_a,20,24,a1,1e-06,1e-06,561,2.0817843866171004,175246.0,706.6370967741935,248,21,0.07806691449814127,4275160.0,14640.95890410959,292,60000,0.9826666666666667,0.9713
mnist,trainUval,resnet_a,20,40,a4,1e-06,1e-06,2005,2.085327783558793,1456310.0,1647.4095022624435,884,77,0.08012486992715921,53816443.0,51548.31704980843,1044,70000,0.9913333333333333,0.9765
mnist,trainUval,resnet_a,20,104,a5,1e-06,1e-06,2368,2.098404255319149,4860237.0,4746.3251953125,1024,104,0.09219858156028368,73485074.0,59262.1564516129,1240,70000,0.9993333333333333,0.9795
mnist,val,resnet_b,20,48,a5,1e-06,1e-06,346,2.0294117647058822,62449.0,383.1226993865031,163,7,0.041176470588235294,1437607.0,8168.221590909091,176,10000,0.9941333333333333,0.9781
mnist,val,resnet_b,20,32,a5,1e-06,1e-06,339,2.0736196319018405,54464.0,363.0933333333333,150,13,0.07975460122699386,1387689.0,7884.596590909091,176,10000,0.9854833333333334,0.9749
mnist,train,resnet_b,20,128,a5,1e-06,1e-06,2206,2.094017094017094,3156652.0,3308.859538784067,954,99,0.09401709401709402,57397006.0,49780.57762359063,1153,60000,0.9998,0.9783
mnist,train,resnet_b,20,128,a4,1e-06,1e-06,2110,2.109,2582996.0,2876.3875278396436,898,102,0.102,53787231.0,48456.964864864865,1110,60000,0.9998,0.9783
mnist,trainUval,resnet_b,20,80,a5,1e-06,1e-06,2281,2.0955882352941178,3830005.0,3857.0040281973816,993,95,0.08731617647058823,69559969.0,58306.76362112322,1193,70000,0.9975833333333334,0.9787
mnist,trainUval,resnet_b,20,96,a2,1e-06,1e-06,1793,2.1132075471698113,473200.0,621.8134034165572,761,87,0.10259433962264151,35698395.0,37776.079365079364,945,70000,0.9990833333333333,0.9804
mnist,val,resnet_c,20,80,a4,1e-06,1e-06,330,2.05625,59013.0,396.06040268456377,149,11,0.06875,1310740.0,7710.235294117647,170,10000,0.9979166666666667,0.9786
mnist,val,resnet_c,20,136,a5,1e-06,1e-06,392,2.0797872340425534,117418.0,678.7167630057803,173,15,0.0797872340425532,1732298.0,8491.656862745098,204,10000,0.9997166666666667,0.9817
mnist,train,resnet_c,20,64,a3,1e-06,1e-06,1679,2.108040201005025,726105.0,1015.5314685314685,715,81,0.10175879396984924,35509014.0,40214.05889014722,883,60000,0.9961833333333333,0.9772
mnist,train,resnet_c,20,48,a4,1e-06,1e-06,1822,2.083524027459954,1184582.0,1478.8789013732835,801,73,0.08352402745995423,41464872.0,43739.3164556962,948,60000,0.9941166666666666,0.9759
mnist,trainUval,resnet_c,20,8,a1,1e-06,1e-06,582,2.0899280575539567,227519.0,899.2845849802371,253,25,0.08992805755395683,6560834.0,21581.690789473683,304,70000,0.9582333333333334,0.9556
mnist,trainUval,resnet_c,20,24,a4,1e-06,1e-06,1745,2.098676293622142,1260269.0,1664.8203434610305,757,74,0.08904933814681107,45887362.0,50204.99124726477,914,70000,0.9832333333333333,0.9716
mnist,val,resnet_a,20,8,a4,1e-06,1e-06,238,2.043103448275862,29975.0,275.0,109,7,0.0603448275862069,822907.0,6745.139344262295,122,10000,0.9588833333333333,0.957
mnist,val,resnet_a,20,40,a2,1e-06,1e-06,286,2.050359712230216,21145.0,162.65384615384616,130,9,0.06474820143884892,720448.0,4901.006802721088,147,10000,0.9913333333333333,0.9765
mnist,train,resnet_a,20,32,a1,1e-06,1e-06,584,2.0673758865248226,144496.0,551.5114503816794,262,20,0.07092198581560284,4137439.0,13700.129139072847,302,60000,0.9849333333333333,0.9733
mnist,trainUval,resnet_a,20,120,a2,1e-06,1e-06,1776,2.113095238095238,504126.0,673.0654205607476,749,91,0.10833333333333334,40386085.0,43147.52670940171,936,70000,0.9996166666666667,0.9801
mnist,trainUval,resnet_a,20,56,a5,1e-06,1e-06,2168,2.1059280855199223,3249417.0,3509.089632829374,926,103,0.1000971817298348,64504357.0,56632.44688323091,1139,70000,0.9953333333333333,0.9775
mnist,val,resnet_b,20,64,a4,1e-06,1e-06,323,2.050955414012739,62470.0,422.0945945945946,148,9,0.05732484076433121,1256584.0,7569.78313253012,166,10000,0.9958833333333333,0.9777
mnist,val,resnet_b,20,144,a3,1e-06,1e-06,356,2.052023121387283,54604.0,337.0617283950617,162,11,0.06358381502890173,1353255.0,7394.836065573771,183,10000,0.9996666666666667,0.9813
mnist,train,resnet_b,20,120,a3,1e-06,1e-06,1790,2.112160566706021,1831710.0,2403.818897637795,762,85,0.10035419126328217,42629517.0,45206.27465535525,943,60000,0.9997333333333334,0.9797
mnist,train,resnet_b,20,0,a1,1e-06,1e-06,526,2.0669291338582676,1818160.0,7704.067796610169,236,18,0.07086614173228346,11777838.0,43300.875,272,60000,0.7147666666666667,0.8879
mnist,trainUval,resnet_b,20,8,a3,1e-06,1e-06,1366,2.074468085106383,696790.0,1144.1543513957306,609,49,0.07446808510638298,29021870.0,40991.3418079096,708,70000,0.9579166666666666,0.9562
mnist,trainUval,resnet_b,20,16,a5,1e-06,1e-06,1792,2.082558139534884,1775375.0,2241.635101010101,792,68,0.07906976744186046,49889363.0,53529.359442060086,932,70000,0.9763333333333334,0.9694
mnist,val,resnet_c,20,48,a5,1e-06,1e-06,355,2.107142857142857,75563.0,510.56081081081084,148,20,0.11904761904761904,1487820.0,7956.256684491978,187,10000,0.9941166666666666,0.9759
mnist,val,resnet_c,20,32,a5,1e-06,1e-06,315,2.038961038961039,47583.0,325.9109589041096,146,8,0.05194805194805195,1244643.0,7730.701863354037,161,10000,0.9856166666666667,0.974
mnist,train,resnet_c,20,128,a5,1e-06,1e-06,2081,2.109533468559838,2972010.0,3354.41309255079,886,100,0.10141987829614604,54304370.0,49593.03196347032,1095,60000,0.9996666666666667,0.9804
mnist,train,resnet_c,20,128,a4,1e-06,1e-06,2009,2.093847758081335,2205830.0,2523.83295194508,874,85,0.0886339937434828,49963182.0,47583.98285714286,1050,60000,0.9996666666666667,0.9804
mnist,trainUval,resnet_c,20,80,a5,1e-06,1e-06,2192,2.096650717703349,3641471.0,3841.2141350210973,948,97,0.09282296650717703,66078436.0,57609.795989537924,1147,70000,0.9979166666666667,0.9786
mnist,trainUval,resnet_c,20,96,a2,1e-06,1e-06,1641,2.0945083014048533,545874.0,765.601683029453,713,70,0.08939974457215837,33093644.0,38570.680652680654,858,70000,0.999,0.9792
mnist,val,resnet_a,20,48,a3,1e-06,1e-06,300,2.02027027027027,20626.0,144.23776223776224,143,5,0.033783783783783786,1083091.0,7125.598684210527,152,10000,0.99415,0.9771
mnist,val,resnet_a,20,72,a5,1e-06,1e-06,376,2.0718232044198897,107603.0,644.3293413173652,167,14,0.07734806629834254,1613137.0,8272.497435897436,195,10000,0.99605,0.9787
mnist,train,resnet_a,20,8,a5,1e-06,1e-06,1407,2.073746312684366,1009584.0,1607.6178343949045,628,50,0.07374631268436578,31272762.0,42898.1646090535,729,60000,0.9588833333333333,0.957
mnist,trainUval,resnet_a,20,32,a4,1e-06,1e-06,1856,2.0866141732283463,1472044.0,1795.1756097560976,820,69,0.07761529808773904,49641350.0,51335.41882109617,967,70000,0.9849333333333333,0.9733
mnist,trainUval,resnet_a,20,112,a4,1e-06,1e-06,2332,2.109502262443439,3480452.0,3490.924774322969,997,108,0.09773755656108597,68923089.0,56172.03667481663,1227,70000,0.9995666666666667,0.9805
mnist,val,resnet_b,20,48,a2,1e-06,1e-06,256,2.056451612903226,13675.0,117.88793103448276,116,8,0.06451612903225806,660314.0,5002.378787878788,132,10000,0.9941333333333333,0.9781
mnist,val,resnet_b,20,112,a3,1e-06,1e-06,326,2.0833333333333335,42043.0,298.177304964539,141,15,0.09615384615384616,1320088.0,7765.2235294117645,170,10000,0.9996333333333334,0.9799
mnist,train,resnet_b,20,104,a2,1e-06,1e-06,1538,2.099726775956284,300084.0,451.25413533834586,665,67,0.09153005464480875,28431797.0,35275.18238213399,806,60000,0.9994833333333333,0.9788
mnist,train,resnet_b,20,88,a4,1e-06,1e-06,1953,2.096670247046187,1662963.0,1963.3565525383708,847,84,0.09022556390977443,46945891.0,45935.31409001957,1022,60000,0.9987333333333334,0.9792
mnist,trainUval,resnet_b,20,0,a4,1e-06,1e-06,1066,2.0760233918128654,2454513.0,5145.729559748428,477,36,0.07017543859649122,30428586.0,55024.5678119349,553,70000,0.7147666666666667,0.8879
mnist,trainUval,resnet_b,20,56,a3,1e-06,1e-06,1948,2.0935483870967744,1157777.0,1366.9149940968123,847,83,0.08924731182795699,50880095.0,49980.44695481336,1018,70000,0.9956833333333334,0.9795
mnist,val,resnet_c,20,64,a4,1e-06,1e-06,324,2.0443037974683542,49003.0,328.87919463087246,149,9,0.056962025316455694,1229007.0,7403.656626506024,166,10000,0.9961833333333333,0.9772
mnist,val,resnet_c,20,144,a3,1e-06,1e-06,338,2.067484662576687,60042.0,397.6291390728477,151,12,0.0736196319018405,1295150.0,7400.857142857143,175,10000,0.9996333333333334,0.9799
mnist,train,resnet_c,20,120,a3,1e-06,1e-06,1904,2.0912087912087913,935692.0,1125.9831528279183,831,79,0.08681318681318681,42097150.0,42351.25754527163,994,60000,0.9995,0.9804
mnist,train,resnet_c,20,0,a1,1e-06,1e-06,499,2.049382716049383,1604470.0,6975.95652173913,230,13,0.053497942386831275,11099852.0,43358.796875,256,60000,0.7126833333333333,0.8864
mnist,trainUval,resnet_c,20,8,a3,1e-06,1e-06,1398,2.0696296296296297,568748.0,907.0940988835725,627,48,0.07111111111111111,30589096.0,42308.56984785615,723,70000,0.9582333333333334,0.9556
mnist,trainUval,resnet_c,20,16,a5,1e-06,1e-06,1815,2.089861751152074,1622887.0,2038.8027638190954,796,72,0.08294930875576037,48939908.0,51678.88912354805,947,70000,0.9753333333333334,0.9712
mnist,val,resnet_a,20,120,a4,1e-06,1e-06,393,2.0631578947368423,84151.0,478.1306818181818,176,14,0.07368421052631578,1596712.0,7865.5763546798025,203,10000,0.9996166666666667,0.9801
mnist,val,resnet_a,20,120,a1,1e-06,1e-06,172,2.0853658536585367,30859.0,411.4533333333333,75,7,0.08536585365853659,155874.0,1731.9333333333334,90,10000,0.9996166666666667,0.9801
mnist,train,resnet_a,20,128,a3,1e-06,1e-06,1858,2.0818385650224216,1762169.0,2151.610500610501,819,73,0.08183856502242152,43967149.0,45514.64699792961,966,60000,0.99965,0.981
mnist,trainUval,resnet_a,20,72,a3,1e-06,1e-06,1892,2.08030803080308,1500068.0,1790.0572792362768,838,71,0.0781078107810781,49290196.0,50142.62054933876,983,70000,0.99605,0.9787
mnist,trainUval,resnet_a,20,24,a3,1e-06,1e-06,1628,2.0912596401028276,812771.0,1130.4186369958275,719,59,0.07583547557840617,36433821.0,42863.318823529415,850,70000,0.9826666666666667,0.9713
mnist,val,resnet_b,20,144,a5,1e-06,1e-06,386,2.081081081081081,90903.0,534.7235294117647,170,15,0.08108108108108109,1696785.0,8441.716417910447,201,10000,0.9996666666666667,0.9813
mnist,val,resnet_b,20,112,a5,1e-06,1e-06,365,2.08,100504.0,628.15,160,15,0.08571428571428572,1614236.0,8495.978947368421,190,10000,0.9996333333333334,0.9799
mnist,train,resnet_b,20,32,a2,1e-06,1e-06,1224,2.1049913941480205,255795.0,486.3022813688213,526,55,0.09466437177280551,18299087.0,28458.92223950233,643,60000,0.9854833333333334,0.9749
mnist,train,resnet_b,20,120,a5,1e-06,1e-06,2082,2.095669687814703,3310403.0,3670.069844789357,902,91,0.09164149043303121,56123865.0,51537.06611570248,1089,60000,0.9997333333333334,0.9797
mnist,trainUval,resnet_b,20,144,a2,1e-06,1e-06,1718,2.081212121212121,441182.0,579.7398160315374,761,64,0.07757575757575758,35710690.0,39989.574468085106,893,70000,0.9996666666666667,0.9813
mnist,trainUval,resnet_b,20,88,a3,1e-06,1e-06,2077,2.0990899898887765,2080300.0,2319.17502787068,897,92,0.09302325581395349,56474174.0,51906.40992647059,1088,70000,0.9987333333333334,0.9792
mnist,val,resnet_c,20,48,a2,1e-06,1e-06,250,2.075,17885.0,164.08256880733944,109,11,0.09166666666666666,693178.0,5332.138461538461,130,10000,0.9941166666666666,0.9759
mnist,val,resnet_c,20,112,a3,1e-06,1e-06,336,2.067901234567901,52970.0,353.1333333333333,150,12,0.07407407407407407,1340554.0,7704.333333333333,174,10000,0.9995333333333334,0.9805
mnist,train,resnet_c,20,104,a2,1e-06,1e-06,1512,2.1103351955307263,318883.0,498.2546875,640,76,0.10614525139664804,27650882.0,34737.288944723616,796,60000,0.9995666666666667,0.9787
mnist,train,resnet_c,20,88,a4,1e-06,1e-06,1932,2.0875675675675676,1942581.0,2285.389411764706,850,75,0.08108108108108109,46240962.0,45919.52532274082,1007,60000,0.9987333333333334,0.979
mnist,trainUval,resnet_c,20,0,a4,1e-06,1e-06,1100,2.0775047258979207,3255060.0,6629.450101832994,491,38,0.07183364839319471,31698696.0,55514.35376532399,571,70000,0.7126833333333333,0.8864
mnist,trainUval,resnet_c,20,56,a3,1e-06,1e-06,1829,2.0843785632839227,969964.0,1203.4292803970222,806,71,0.08095781071835804,47792549.0,50202.257352941175,952,70000,0.9954333333333333,0.9784
mnist,val,resnet_a,20,16,a4,1e-06,1e-06,277,2.0597014925373136,30061.0,242.42741935483872,124,10,0.07462686567164178,1035466.0,7241.020979020979,143,10000,0.976,0.9675
mnist,val,resnet_a,20,88,a2,1e-06,1e-06,267,2.078125,15069.0,128.7948717948718,117,11,0.0859375,743603.0,5349.661870503597,139,10000,0.9986333333333334,0.9787
mnist,train,resnet_a,20,136,a3,1e-06,1e-06,1908,2.1259754738015606,1700603.0,2144.518284993695,793,104,0.11594202898550725,45917683.0,45418.084075173094,1011,60000,0.9996333333333334,0.9786
mnist,trainUval,resnet_a,20,56,a2,1e-06,1e-06,1585,2.106382978723404,506067.0,748.6198224852071,676,76,0.10106382978723404,29861266.0,35847.858343337335,833,70000,0.9953333333333333,0.9775
mnist,trainUval,resnet_a,20,80,a2,1e-06,1e-06,1682,2.0986267166042447,484367.0,662.6087551299589,731,70,0.08739076154806492,34764724.0,39460.52667423383,881,70000,0.9982333333333333,0.979
mnist,val,resnet_b,20,40,a1,1e-06,1e-06,165,2.05,27130.0,356.9736842105263,76,4,0.05,171693.0,2019.9176470588236,85,10000,0.9911833333333333,0.9766
mnist,val,resnet_b,20,88,a1,1e-06,1e-06,190,2.147727272727273,28065.0,384.45205479452056,73,15,0.17045454545454544,195206.0,1913.7843137254902,102,10000,0.9987333333333334,0.9792
mnist,train,resnet_b,20,96,a3,1e-06,1e-06,1872,2.118912797281993,1139134.0,1452.9770408163265,784,99,0.11211778029445074,43342437.0,43824.50657229525,989,60000,0.9990833333333333,0.9804
mnist,train,resnet_b,20,72,a2,1e-06,1e-06,1402,2.1195158850226927,261064.0,443.23259762309,589,72,0.10892586989409984,24336126.0,32842.27530364373,741,60000,0.9959,0.9782
mnist,trainUval,resnet_b,20,136,a1,1e-06,1e-06,692,2.1003039513677813,96873.0,327.27364864864865,296,33,0.10030395136778116,4725152.0,13016.947658402203,363,70000,0.9998333333333334,0.9812
mnist,trainUval,resnet_b,20,40,a3,1e-06,1e-06,1901,2.0833333333333335,971226.0,1153.4750593824228,842,70,0.07675438596491228,46661048.0,47180.02831142568,989,70000,0.9911833333333333,0.9766
mnist,val,resnet_c,20,144,a5,1e-06,1e-06,381,2.122905027932961,76763.0,492.0705128205128,156,23,0.12849162011173185,1676936.0,8301.663366336634,202,10000,0.9996333333333334,0.9799
mnist,val,resnet_c,20,112,a5,1e-06,1e-06,399,2.117021276595745,112169.0,683.9573170731708,164,24,0.1276595744680851,1744940.0,8269.857819905214,211,10000,0.9995333333333334,0.9805
mnist,train,resnet_c,20,32,a2,1e-06,1e-06,1232,2.0829103214890017,278867.0,511.68256880733946,545,46,0.077834179357022,17752620.0,27695.195007800314,641,60000,0.9856166666666667,0.974
mnist,train,resnet_c,20,120,a5,1e-06,1e-06,2108,2.092353525322741,3177279.0,3457.322089227421,919,88,0.08738828202581926,54858603.0,49826.16076294278,1101,60000,0.9995,0.9804
mnist,trainUval,resnet_c,20,144,a2,1e-06,1e-06,1793,2.1132075471698113,352352.0,461.1937172774869,764,84,0.09905660377358491,36833681.0,38977.44021164021,945,70000,0.9996333333333334,0.9799
mnist,trainUval,resnet_c,20,88,a3,1e-06,1e-06,1949,2.0856531049250537,1598884.0,1870.0397660818714,855,79,0.08458244111349036,49358744.0,48629.304433497535,1015,70000,0.9987333333333334,0.979
mnist,val,resnet_a,20,0,a2,1e-06,1e-06,188,2.032608695652174,27084.0,311.3103448275862,87,5,0.05434782608695652,619846.0,6456.729166666667,96,10000,0.7192666666666667,0.883
mnist,val,resnet_a,20,56,a1,1e-06,1e-06,164,2.08974358974359,30387.0,440.39130434782606,69,9,0.11538461538461539,168188.0,1955.6744186046512,86,10000,0.9953333333333333,0.9775
mnist,train,resnet_a,20,72,a1,1e-06,1e-06,617,2.1023890784982937,198559.0,752.1174242424242,264,29,0.09897610921501707,3881162.0,11978.895061728395,324,60000,0.99605,0.9787
mnist,trainUval,resnet_a,20,112,a2,1e-06,1e-06,1840,2.101714285714286,594780.0,747.2110552763819,796,79,0.09028571428571429,39344443.0,40771.44352331606,965,70000,0.9995666666666667,0.9805
mnist,trainUval,resnet_a,20,104,a1,1e-06,1e-06,701,2.08955223880597,284792.0,927.6612377850163,307,28,0.08358208955223881,4816204.0,13159.027322404372,366,70000,0.9993333333333333,0.9795
mnist,val,resnet_b,20,8,a2,1e-06,1e-06,186,2.0555555555555554,12781.0,153.9879518072289,83,7,0.07777777777777778,461272.0,4804.916666666667,96,10000,0.9579166666666666,0.9562
mnist,val,resnet_b,20,112,a1,1e-06,1e-06,157,2.0259740259740258,30401.0,416.45205479452056,73,4,0.05194805194805195,145065.0,1813.3125,80,10000,0.9996333333333334,0.9799
mnist,train,resnet_b,20,16,a1,1e-06,1e-06,542,2.0727969348659006,141091.0,587.8791666666667,240,21,0.08045977011494253,4258444.0,15154.604982206405,281,60000,0.9763333333333334,0.9694
mnist,train,resnet_b,20,96,a1,1e-06,1e-06,580,2.08273381294964,204363.0,795.1867704280156,257,21,0.07553956834532374,3432620.0,11366.291390728476,302,60000,0.9990833333333333,0.9804
mnist,trainUval,resnet_b,20,24,a2,1e-06,1e-06,1298,2.0885668276972624,401182.0,706.306338028169,568,53,0.0853462157809984,21574994.0,31868.52880354505,677,70000,0.9833666666666666,0.9741
mnist,trainUval,resnet_b,20,16,a3,1e-06,1e-06,1591,2.083879423328965,787306.0,1126.3319027181687,699,64,0.08387942332896461,38190042.0,46123.239130434784,828,70000,0.9763333333333334,0.9694
mnist,val,resnet_c,20,40,a1,1e-06,1e-06,148,2.0136986301369864,30021.0,428.87142857142857,70,3,0.0410958904109589,158296.0,2110.6133333333332,75,10000,0.9910833333333333,0.9751
mnist,val,resnet_c,20,88,a1,1e-06,1e-06,160,2.0384615384615383,24672.0,337.972602739726,73,5,0.0641025641025641,155003.0,1890.280487804878,82,10000,0.9987333333333334,0.979
mnist,train,resnet_c,20,96,a3,1e-06,1e-06,1765,2.092526690391459,1892052.0,2466.8213820078226,767,76,0.09015421115065243,42898951.0,46528.1464208243,922,60000,0.999,0.9792
mnist,train,resnet_c,20,72,a2,1e-06,1e-06,1346,2.0950155763239877,357863.0,614.884879725086,582,60,0.09345794392523364,20472849.0,29080.751420454544,704,60000,0.99615,0.9776
mnist,trainUval,resnet_c,20,136,a1,1e-06,1e-06,638,2.081699346405229,279738.0,999.0642857142857,280,26,0.08496732026143791,4054243.0,12211.575301204819,332,70000,0.9997166666666667,0.9817
mnist,trainUval,resnet_c,20,40,a3,1e-06,1e-06,1794,2.08974358974359,927247.0,1181.2063694267515,785,73,0.08508158508158509,42627270.0,45541.955128205125,936,70000,0.9910833333333333,0.9751
mnist,val,resnet_a,20,96,a5,1e-06,1e-06,382,2.0934065934065935,108564.0,661.9756097560976,164,18,0.0989010989010989,1666535.0,8332.675,200,10000,0.99905,0.9783
mnist,val,resnet_a,20,64,a1,1e-06,1e-06,153,2.054054054054054,36561.0,529.8695652173913,69,5,0.06756756756756757,159528.0,2019.3417721518988,79,10000,0.9966666666666667,0.9767
mnist,train,resnet_a,20,0,a5,1e-06,1e-06,1259,2.0827814569536423,3101136.0,5567.569120287253,557,47,0.07781456953642384,31604787.0,48251.58320610687,655,60000,0.7192666666666667,0.883
mnist,trainUval,resnet_a,20,104,a3,1e-06,1e-06,2089,2.094282848545637,2078596.0,2289.2026431718064,908,89,0.08926780341023069,58356088.0,53439.64102564102,1092,70000,0.9993333333333333,0.9795
mnist,trainUval,resnet_a,20,88,a5,1e-06,1e-06,2283,2.1051660516605164,3803101.0,3896.61987704918,976,108,0.0996309963099631,69560239.0,58015.21184320267,1199,70000,0.9986333333333334,0.9787
mnist,val,resnet_b,20,144,a4,1e-06,1e-06,362,2.0511363636363638,54913.0,328.8203592814371,167,9,0.05113636363636364,1470318.0,7904.935483870968,186,10000,0.9996666666666667,0.9813
mnist,val,resnet_b,20,48,a1,1e-06,1e-06,157,2.0526315789473686,30311.0,426.9154929577465,71,5,0.06578947368421052,163020.0,2012.5925925925926,81,10000,0.9941333333333333,0.9781
mnist,train,resnet_b,20,128,a2,1e-06,1e-06,1565,2.1135135135135137,383440.0,580.969696969697,660,80,0.10810810810810811,26970600.0,32691.636363636364,825,60000,0.9998,0.9783
mnist,train,resnet_b,20,128,a1,1e-06,1e-06,552,2.079245283018868,166308.0,678.8081632653061,245,20,0.07547169811320754,3011616.0,10493.435540069686,287,60000,0.9998,0.9783
mnist,trainUval,resnet_b,20,16,a2,1e-06,1e-06,1337,2.097331240188383,263334.0,454.80829015544043,579,58,0.09105180533751962,23549301.0,33641.85857142857,700,70000,0.9763333333333334,0.9694
mnist,trainUval,resnet_b,20,104,a4,1e-06,1e-06,2255,2.092850510677809,2753137.0,2795.0629441624365,985,92,0.08542246982358404,64624739.0,54859.71052631579,1178,70000,0.9994833333333333,0.9788
mnist,val,resnet_c,20,8,a2,1e-06,1e-06,212,2.0485436893203883,22590.0,232.88659793814432,97,6,0.05825242718446602,529317.0,4856.119266055046,109,10000,0.9582333333333334,0.9556
mnist,val,resnet_c,20,112,a1,1e-06,1e-06,163,2.0,29094.0,368.27848101265823,79,2,0.024691358024691357,157295.0,1918.2317073170732,82,10000,0.9995333333333334,0.9805
mnist,train,resnet_c,20,16,a1,1e-06,1e-06,501,2.0833333333333335,119592.0,546.082191780822,219,21,0.0875,3898735.0,14937.681992337164,261,60000,0.9753333333333334,0.9712
mnist,train,resnet_c,20,96,a1,1e-06,1e-06,584,2.0821428571428573,206384.0,803.0505836575876,257,23,0.08214285714285714,3369895.0,11085.180921052632,304,60000,0.999,0.9792
mnist,trainUval,resnet_c,20,24,a2,1e-06,1e-06,1361,2.079510703363914,327689.0,541.6347107438016,605,49,0.07492354740061162,24201566.0,34231.352192362094,707,70000,0.9832333333333333,0.9716
mnist,trainUval,resnet_c,20,16,a3,1e-06,1e-06,1553,2.086021505376344,634908.0,925.5218658892128,686,58,0.07795698924731183,32049886.0,39616.669962917185,809,70000,0.9753333333333334,0.9712
mnist,val,resnet_a,20,144,a1,1e-06,1e-06,176,2.0833333333333335,38795.0,510.4605263157895,76,8,0.09523809523809523,164078.0,1783.4565217391305,92,10000,0.9997666666666667,0.9804
mnist,val,resnet_a,20,40,a5,1e-06,1e-06,349,2.059171597633136,49184.0,313.2738853503185,157,12,0.07100591715976332,1445053.0,8028.072222222222,180,10000,0.9913333333333333,0.9765
mnist,train,resnet_a,20,56,a4,1e-06,1e-06,1843,2.083710407239819,1797911.0,2214.176108374384,812,72,0.08144796380090498,44216674.0,46107.06360792492,959,60000,0.9953333333333333,0.9775
mnist,trainUval,resnet_a,20,0,a3,1e-06,1e-06,908,2.0755148741418763,1784292.0,4394.8078817733995,406,31,0.07093821510297482,26055734.0,55320.02972399151,471,70000,0.7192666666666667,0.883
mnist,trainUval,resnet_a,20,80,a1,1e-06,1e-06,672,2.0773993808049536,250849.0,844.6094276094276,297,26,0.0804953560371517,4789710.0,13724.097421203438,349,70000,0.9982333333333333,0.979
mnist,val,resnet_b,20,72,a4,1e-06,1e-06,365,2.0681818181818183,43474.0,266.71165644171776,163,13,0.07386363636363637,1459746.0,7723.523809523809,189,10000,0.9959,0.9782
mnist,val,resnet_b,20,64,a5,1e-06,1e-06,346,2.0414201183431953,99676.0,622.975,160,9,0.05325443786982249,1441718.0,8145.299435028249,177,10000,0.9958833333333333,0.9777
mnist,train,resnet_b,20,80,a3,1e-06,1e-06,1808,2.0841983852364474,1348603.0,1689.9786967418547,798,69,0.07958477508650519,40949252.0,43516.73963868225,941,60000,0.9975833333333334,0.9787
mnist,train,resnet_b,20,136,a2,1e-06,1e-06,1639,2.108108108108108,382336.0,543.0909090909091,704,73,0.09395109395109395,27813840.0,32266.63573085847,862,60000,0.9998333333333334,0.9812
mnist,trainUval,resnet_b,20,96,a4,1e-06,1e-06,2278,2.1044362292051755,2748520.0,2807.477017364658,979,103,0.09519408502772643,66020698.0,55201.252508361205,1196,70000,0.9990833333333333,0.9804
mnist,trainUval,resnet_b,20,32,a3,1e-06,1e-06,1725,2.102439024390244,632194.0,857.7937584803257,737,83,0.10121951219512196,40373787.0,44611.919337016574,905,70000,0.9854833333333334,0.9749
mnist,val,resnet_c,20,144,a4,1e-06,1e-06,375,2.089385474860335,89555.0,556.2422360248447,161,18,0.1005586592178771,1570023.0,8010.321428571428,196,10000,0.9996333333333334,0.9799
mnist,val,resnet_c,20,48,a1,1e-06,1e-06,155,2.0,23426.0,312.3466666666667,75,2,0.025974025974025976,161729.0,2073.448717948718,78,10000,0.9941166666666666,0.9759
mnist,train,resnet_c,20,128,a2,1e-06,1e-06,1476,2.0862800565770865,279110.0,429.4,650,57,0.08062234794908062,25380405.0,33004.427828348504,769,60000,0.9996666666666667,0.9804
mnist,train,resnet_c,20,128,a1,1e-06,1e-06,552,2.0636704119850187,218114.0,879.491935483871,248,19,0.07116104868913857,3153827.0,11066.059649122806,285,60000,0.9996666666666667,0.9804
mnist,trainUval,resnet_c,20,16,a2,1e-06,1e-06,1264,2.087603305785124,243031.0,437.1061151079137,556,49,0.08099173553719008,21753014.0,33009.125948406676,659,70000,0.9753333333333334,0.9712
mnist,trainUval,resnet_c,20,104,a4,1e-06,1e-06,2257,2.0850277264325325,3025276.0,3040.478391959799,995,87,0.08040665434380777,64235200.0,54668.255319148935,1175,70000,0.9995666666666667,0.9787
mnist,val,resnet_a,20,64,a2,1e-06,1e-06,247,2.0672268907563027,25450.0,233.4862385321101,109,10,0.08403361344537816,667331.0,5213.5234375,128,10000,0.9966666666666667,0.9767
mnist,val,resnet_a,20,136,a4,1e-06,1e-06,348,2.0654761904761907,78578.0,503.70512820512823,156,12,0.07142857142857142,1433219.0,7962.327777777778,180,10000,0.9996333333333334,0.9786
mnist,train,resnet_a,20,24,a5,1e-06,1e-06,1679,2.0793060718711276,1196921.0,1604.4517426273458,746,61,0.07558859975216853,39684458.0,45509.699541284404,872,60000,0.9826666666666667,0.9713
mnist,trainUval,resnet_a,20,80,a4,1e-06,1e-06,2124,2.110337972166998,2625435.0,2897.8311258278145,906,100,0.09940357852882704,62278223.0,55705.02951699463,1118,70000,0.9982333333333333,0.979
mnist,trainUval,resnet_a,20,136,a5,1e-06,1e-06,2409,2.117854001759015,4935872.0,4872.52912142152,1013,124,0.1090589270008795,74271565.0,58389.59512578617,1272,70000,0.9996333333333334,0.9786
mnist,val,resnet_b,20,64,a3,1e-06,1e-06,286,2.0652173913043477,40667.0,317.7109375,128,10,0.07246376811594203,1051666.0,7105.851351351352,148,10000,0.9958833333333333,0.9777
mnist,val,resnet_b,20,48,a4,1e-06,1e-06,330,2.069182389937107,40385.0,274.7278911564626,147,12,0.07547169811320754,1338451.0,7827.198830409357,171,10000,0.9941333333333333,0.9781
mnist,train,resnet_b,20,8,a1,1e-06,1e-06,469,2.0436681222707422,183219.0,836.6164383561644,219,10,0.043668122270742356,4241710.0,17673.791666666668,240,60000,0.9579166666666666,0.9562
mnist,train,resnet_b,20,24,a4,1e-06,1e-06,1569,2.07682119205298,1292158.0,1851.2292263610316,698,57,0.07549668874172186,35189516.0,43230.36363636364,814,60000,0.9833666666666666,0.9741
mnist,trainUval,resnet_b,20,8,a4,1e-06,1e-06,1505,2.071625344352617,956411.0,1416.9051851851852,675,51,0.07024793388429752,36013986.0,46231.04749679076,779,70000,0.9579166666666666,0.9562
mnist,trainUval,resnet_b,20,40,a2,1e-06,1e-06,1530,2.0945205479452054,423343.0,635.6501501501501,666,64,0.08767123287671233,25614453.0,32018.06625,800,70000,0.9911833333333333,0.9766
mnist,val,resnet_c,20,72,a4,1e-06,1e-06,361,2.0689655172413794,64405.0,397.5617283950617,162,12,0.06896551724137931,1457684.0,7795.101604278075,187,10000,0.99615,0.9776
mnist,val,resnet_c,20,64,a5,1e-06,1e-06,346,2.090909090909091,68313.0,458.4765100671141,149,16,0.09696969696969697,1432033.0,7911.784530386741,181,10000,0.9961833333333333,0.9772
mnist,train,resnet_c,20,80,a3,1e-06,1e-06,1717,2.0926829268292684,1748694.0,2340.9558232931727,747,73,0.08902439024390243,41169733.0,45897.13823857302,897,60000,0.9979166666666667,0.9786
mnist,train,resnet_c,20,136,a2,1e-06,1e-06,1509,2.097357440890125,236552.0,362.80981595092027,652,67,0.09318497913769123,24717556.0,31288.04556962025,790,60000,0.9997166666666667,0.9817
mnist,trainUval,resnet_c,20,96,a4,1e-06,1e-06,2113,2.0952380952380953,3037857.0,3316.437772925764,916,92,0.09126984126984126,60489647.0,54741.761990950225,1105,70000,0.999,0.9792
mnist,trainUval,resnet_c,20,32,a3,1e-06,1e-06,1715,2.095354523227384,619251.0,832.3266129032259,744,74,0.09046454767726161,39299586.0,43812.247491638795,897,70000,0.9856166666666667,0.974
mnist,val,resnet_a,20,24,a1,1e-06,1e-06,136,2.014925373134328,36684.0,573.1875,64,3,0.04477611940298507,157871.0,2287.985507246377,69,10000,0.9826666666666667,0.9713
mnist,train,resnet_a,20,40,a4,1e-06,1e-06,1740,2.0926594464500603,1037857.0,1372.8267195767196,756,75,0.09025270758122744,39670267.0,43641.657865786576,909,60000,0.9913333333333333,0.9765
mnist,train,resnet_a,20,104,a5,1e-06,1e-06,2066,2.1092951991828395,3087743.0,3520.801596351197,877,102,0.1041879468845761,54763662.0,50380.553817847285,1087,60000,0.9993333333333333,0.9795
mnist,trainUval,resnet_a,20,48,a5,1e-06,1e-06,2180,2.09720885466795,3024628.0,3214.2699256110523,941,98,0.09432146294513956,64971471.0,56942.56879929886,1141,70000,0.99415,0.9771
mnist,trainUval,resnet_a,20,32,a5,1e-06,1e-06,1924,2.090217391304348,2217205.0,2623.9112426035504,845,75,0.08152173913043478,55012867.0,54793.6922310757,1004,70000,0.9849333333333333,0.9733
mnist,val,resnet_b,20,128,a5,1e-06,1e-06,362,2.074712643678161,127546.0,797.1625,160,14,0.08045977011494253,1597296.0,8496.255319148937,188,10000,0.9998,0.9783
mnist,val,resnet_b,20,128,a4,1e-06,1e-06,363,2.092485549132948,86810.0,560.0645161290323,155,18,0.10404624277456648,1580831.0,8320.163157894736,190,10000,0.9998,0.9783
mnist,train,resnet_b,20,80,a5,1e-06,1e-06,2062,2.1009174311926606,3055291.0,3440.643018018018,888,93,0.09480122324159021,53998612.0,49952.4625346901,1081,60000,0.9975833333333334,0.9787
mnist,train,resnet_b,20,96,a2,1e-06,1e-06,1571,2.1073825503355703,395614.0,589.5886736214605,671,74,0.09932885906040269,26865240.0,32524.50363196126,826,60000,0.9990833333333333,0.9804
mnist,trainUval,resnet_b,20,48,a3,1e-06,1e-06,1988,2.0849947534102835,681800.0,777.4230330672748,877,76,0.07974816369359916,47923493.0,46302.891787439614,1035,70000,0.9941333333333333,0.9781
mnist,trainUval,resnet_b,20,72,a5,1e-06,1e-06,2221,2.0864661654135337,3055008.0,3126.9273285568065,977,87,0.08176691729323309,65778667.0,56852.78046672429,1157,70000,0.9959,0.9782
mnist,val,resnet_c,20,64,a3,1e-06,1e-06,316,2.0860927152317883,32995.0,242.61029411764707,136,15,0.09933774834437085,1196171.0,7249.521212121213,165,10000,0.9961833333333333,0.9772
mnist,val,resnet_c,20,48,a4,1e-06,1e-06,338,2.0548780487804876,67304.0,439.8954248366013,153,11,0.06707317073170732,1312131.0,7540.982758620689,174,10000,0.9941166666666666,0.9759
mnist,train,resnet_c,20,8,a1,1e-06,1e-06,512,2.0772357723577235,183982.0,806.938596491228,228,18,0.07317073170731707,4926764.0,18521.669172932332,266,60000,0.9582333333333334,0.9556
mnist,train,resnet_c,20,24,a4,1e-06,1e-06,1595,2.0836601307189544,1133145.0,1598.2299012693936,709,56,0.07320261437908497,36021709.0,43399.649397590365,830,60000,0.9832333333333333,0.9716
mnist,trainUval,resnet_c,20,8,a4,1e-06,1e-06,1490,2.0623268698060944,839043.0,1239.354505169867,677,45,0.062326869806094184,33795856.0,44005.020833333336,768,70000,0.9582333333333334,0.9556
mnist,trainUval,resnet_c,20,40,a2,1e-06,1e-06,1482,2.09180790960452,371603.0,573.4614197530864,648,60,0.0847457627118644,26232111.0,33891.61627906977,774,70000,0.9910833333333333,0.9751
mnist,val,resnet_a,20,32,a1,1e-06,1e-06,161,2.0,27371.0,350.9102564102564,78,2,0.025,186498.0,2302.4444444444443,81,10000,0.9849333333333333,0.9733
mnist,train,resnet_a,20,120,a2,1e-06,1e-06,1589,2.0922266139657446,309202.0,447.4703328509407,691,68,0.08959156785243742,31219452.0,37613.79759036144,830,60000,0.9996166666666667,0.9801
mnist,train,resnet_a,20,56,a5,1e-06,1e-06,1966,2.097118463180363,2711159.0,3185.8507638072856,851,86,0.09178228388473852,51365843.0,49918.21477162294,1029,60000,0.9953333333333333,0.9775
mnist,trainUval,resnet_a,20,64,a4,1e-06,1e-06,2089,2.073485600794439,2019019.0,2159.3786096256686,935,72,0.07149950347567031,57815951.0,53434.33548983364,1082,70000,0.9966666666666667,0.9767
mnist,trainUval,resnet_a,20,144,a3,1e-06,1e-06,2202,2.12862669245648,1718174.0,1888.1032967032968,910,124,0.11992263056092843,61248251.0,52438.57106164384,1168,70000,0.9997666666666667,0.9804
mnist,val,resnet_b,20,120,a3,1e-06,1e-06,356,2.0760233918128654,48125.0,308.4935897435897,156,15,0.08771929824561403,1375135.0,7433.1621621621625,185,10000,0.9997333333333334,0.9797
mnist,val,resnet_b,20,0,a1,1e-06,1e-06,159,2.051948051948052,26634.0,369.9166666666667,72,5,0.06493506493506493,446638.0,5446.804878048781,82,10000,0.7147666666666667,0.8879
mnist,train,resnet_b,20,8,a3,1e-06,1e-06,1197,2.083623693379791,581193.0,1102.8330170777988,527,47,0.08188153310104529,23266827.0,37346.431781701445,623,60000,0.9579166666666666,0.9562
mnist,train,resnet_b,20,16,a5,1e-06,1e-06,1565,2.0797872340425534,1258537.0,1813.4538904899136,694,58,0.07712765957446809,37016427.0,45530.66051660517,813,60000,0.9763333333333334,0.9694
mnist,trainUval,resnet_b,20,120,a4,1e-06,1e-06,2226,2.0911654135338344,3038075.0,3122.37923946557,973,91,0.08552631578947369,66141938.0,56920.772805507746,1162,70000,0.9997333333333334,0.9797
mnist,trainUval,resnet_b,20,120,a1,1e-06,1e-06,593,2.0555555555555554,300904.0,1110.3468634686346,271,17,0.059027777777777776,4010372.0,13148.760655737706,305,70000,0.9997333333333334,0.9797
mnist,val,resnet_c,20,128,a5,1e-06,1e-06,352,2.0406976744186047,112779.0,691.8957055214723,163,9,0.05232558139534884,1519090.0,8439.388888888889,180,10000,0.9996666666666667,0.9804
mnist,val,resnet_c,20,128,a4,1e-06,1e-06,327,2.0375,62376.0,410.36842105263156,152,8,0.05,1354221.0,8109.107784431138,167,10000,0.9996666666666667,0.9804
mnist,train,resnet_c,20,80,a5,1e-06,1e-06,1939,2.0906148867313914,2973485.0,3523.0864928909955,844,83,0.0895361380798274,50526978.0,49927.843873517784,1012,60000,0.9979166666666667,0.9786
mnist,train,resnet_c,20,96,a2,1e-06,1e-06,1448,2.0940665701881334,457162.0,725.6539682539683,630,61,0.08827785817655572,24961732.0,32974.546895640684,757,60000,0.999,0.9792
mnist,trainUval,resnet_c,20,48,a3,1e-06,1e-06,1890,2.0919158361018826,727006.0,879.0882708585248,827,76,0.08416389811738649,45095187.0,45689.14589665653,987,70000,0.9941166666666666,0.9759
mnist,trainUval,resnet_c,20,72,a5,1e-06,1e-06,2180,2.079198473282443,3235195.0,3342.1435950413224,968,80,0.07633587786259542,65086533.0,57496.93727915194,1132,70000,0.99615,0.9776
mnist,val,resnet_a,20,8,a5,1e-06,1e-06,249,2.016260162601626,40119.0,337.1344537815126,119,4,0.032520325203252036,955388.0,7582.444444444444,126,10000,0.9588833333333333,0.957
mnist,train,resnet_a,20,32,a4,1e-06,1e-06,1627,2.0819462227912933,1255104.0,1738.371191135734,722,59,0.07554417413572344,37615691.0,44462.99172576832,846,60000,0.9849333333333333,0.9733
mnist,train,resnet_a,20,112,a4,1e-06,1e-06,2056,2.118556701030928,2512769.0,2904.935260115607,865,105,0.10824742268041238,52868992.0,48682.31307550645,1086,60000,0.9995666666666667,0.9805
mnist,trainUval,resnet_a,20,48,a2,1e-06,1e-06,1678,2.0910224438902745,462943.0,633.3009575923393,731,71,0.0885286783042394,31875778.0,36387.874429223746,876,70000,0.99415,0.9771
mnist,trainUval,resnet_a,20,112,a3,1e-06,1e-06,2231,2.0978363123236123,2215010.0,2295.3471502590673,965,98,0.09219190968955786,57918769.0,49587.98715753425,1168,70000,0.9995666666666667,0.9805
mnist,val,resnet_b,20,104,a2,1e-06,1e-06,289,2.0425531914893615,24518.0,184.34586466165413,133,8,0.05673758865248227,816454.0,5516.581081081081,148,10000,0.9994833333333333,0.9788
mnist,val,resnet_b,20,88,a4,1e-06,1e-06,385,2.064516129032258,89429.0,516.9306358381502,173,13,0.06989247311827956,1611329.0,8097.130653266332,199,10000,0.9987333333333334,0.9792
mnist,train,resnet_b,20,0,a4,1e-06,1e-06,1068,2.071844660194175,2038499.0,4273.582809224318,477,38,0.07378640776699029,26382511.0,47707.976491862566,553,60000,0.7147666666666667,0.8879
mnist,train,resnet_b,20,56,a3,1e-06,1e-06,1691,2.0915841584158414,762814.0,1030.8297297297297,740,68,0.08415841584158416,35595401.0,40311.89241223103,883,60000,0.9956833333333334,0.9795
mnist,trainUval,resnet_b,20,16,a4,1e-06,1e-06,1721,2.074788902291918,895365.0,1162.8116883116884,770,59,0.07117008443908324,42670849.0,47837.27466367713,892,70000,0.9763333333333334,0.9694
mnist,trainUval,resnet_b,20,88,a2,1e-06,1e-06,1717,2.097799511002445,338156.0,454.51075268817203,744,74,0.09046454767726161,35336491.0,39306.441601779756,899,70000,0.9987333333333334,0.9792
mnist,val,resnet_c,20,120,a3,1e-06,1e-06,358,2.0635838150289016,63465.0,396.65625,160,13,0.07514450867052024,1454042.0,7859.6864864864865,185,10000,0.9995,0.9804
mnist,val,resnet_c,20,0,a1,1e-06,1e-06,131,2.0,17544.0,278.4761904761905,63,2,0.03076923076923077,371536.0,5629.333333333333,66,10000,0.7126833333333333,0.8864
mnist,train,resnet_c,20,8,a3,1e-06,1e-06,1248,2.064569536423841,482642.0,852.7243816254417,566,38,0.06291390728476821,23646478.0,36718.13354037267,644,60000,0.9582333333333334,0.9556
mnist,train,resnet_c,20,16,a5,1e-06,1e-06,1614,2.092088197146563,1397734.0,1979.7932011331445,706,65,0.08430609597924774,37515961.0,44502.91933570581,843,60000,0.9753333333333334,0.9712
mnist,trainUval,resnet_c,20,120,a4,1e-06,1e-06,2255,2.1104868913857677,2687538.0,2808.294670846395,957,111,0.10393258426966293,63579586.0,53563.25695029486,1187,70000,0.9995,0.9804
mnist,trainUval,resnet_c,20,120,a1,1e-06,1e-06,688,2.107361963190184,270272.0,913.081081081081,296,30,0.09202453987730061,4614405.0,12746.975138121546,362,70000,0.9995,0.9804
mnist,val,resnet_a,20,128,a3,1e-06,1e-06,374,2.1193181818181817,85822.0,557.2857142857143,154,22,0.125,1525691.0,7705.510101010101,198,10000,0.99965,0.981
mnist,train,resnet_a,20,72,a3,1e-06,1e-06,1725,2.097323600973236,838859.0,1116.9893475366177,751,71,0.08637469586374696,37786370.0,41845.37098560354,903,60000,0.99605,0.9787
mnist,train,resnet_a,20,24,a3,1e-06,1e-06,1424,2.0957290132547866,441218.0,711.641935483871,620,59,0.08689248895434462,27727881.0,37218.6322147651,745,60000,0.9826666666666667,0.9713
mnist,trainUval,resnet_a,20,144,a5,1e-06,1e-06,2485,2.108658743633277,4795753.0,4537.136234626301,1057,121,0.10271646859083192,77064844.0,58963.15531752104,1307,70000,0.9997666666666667,0.9804
mnist,trainUval,resnet_a,20,112,a5,1e-06,1e-06,2426,2.11053089643168,4634340.0,4499.359223300971,1030,119,0.10356832027850305,74213937.0,58115.84729835552,1277,70000,0.9995666666666667,0.9805
mnist,val,resnet_b,20,32,a2,1e-06,1e-06,209,2.0392156862745097,24356.0,253.70833333333334,96,6,0.058823529411764705,484977.0,4532.4953271028035,107,10000,0.9854833333333334,0.9749
mnist,val,resnet_b,20,120,a5,1e-06,1e-06,373,2.125714285714286,102214.0,663.7272727272727,154,21,0.12,1682127.0,8495.59090909091,198,10000,0.9997333333333334,0.9797
mnist,train,resnet_b,20,144,a2,1e-06,1e-06,1542,2.0994550408719346,318419.0,479.546686746988,664,70,0.09536784741144415,27604948.0,34164.539603960395,808,60000,0.9996666666666667,0.9813
mnist,train,resnet_b,20,88,a3,1e-06,1e-06,1879,2.0866666666666664,1521034.0,1836.997584541063,828,72,0.08,43057811.0,43981.42083758938,979,60000,0.9987333333333334,0.9792
mnist,trainUval,resnet_b,20,0,a2,1e-06,1e-06,688,2.0507462686567166,1132067.0,3571.1892744479496,317,18,0.05373134328358209,19293548.0,54655.943342776205,353,70000,0.7147666666666667,0.8879
mnist,trainUval,resnet_b,20,56,a1,1e-06,1e-06,654,2.0534591194968552,217376.0,722.1794019933554,301,17,0.05345911949685535,4732782.0,14085.660714285714,336,70000,0.9956833333333334,0.9795
mnist,val,resnet_c,20,104,a2,1e-06,1e-06,291,2.027972027972028,21162.0,153.34782608695653,138,5,0.03496503496503497,919341.0,6211.763513513513,148,10000,0.9995666666666667,0.9787
mnist,val,resnet_c,20,88,a4,1e-06,1e-06,343,2.0602409638554215,81542.0,529.4935064935065,154,12,0.07228915662650602,1415342.0,7996.282485875706,177,10000,0.9987333333333334,0.979
mnist,train,resnet_c,20,0,a4,1e-06,1e-06,1121,2.0626151012891345,2688506.0,5281.937131630649,509,34,0.06261510128913444,27624342.0,47792.97923875433,578,60000,0.7126833333333333,0.8864
mnist,train,resnet_c,20,56,a3,1e-06,1e-06,1603,2.0996068152031455,769936.0,1111.018759018759,693,70,0.09174311926605505,36018139.0,42878.73690476191,840,60000,0.9954333333333333,0.9784
mnist,trainUval,resnet_c,20,16,a4,1e-06,1e-06,1709,2.065296251511487,1066800.0,1376.516129032258,775,52,0.06287787182587666,42177124.0,47819.86848072562,882,70000,0.9753333333333334,0.9712
mnist,trainUval,resnet_c,20,88,a2,1e-06,1e-06,1657,2.1068702290076335,439839.0,622.1202263083451,707,79,0.1005089058524173,32713782.0,37558.87715269805,871,70000,0.9987333333333334,0.979
mnist,val,resnet_a,20,136,a3,1e-06,1e-06,352,2.0289017341040463,53712.0,323.56626506024094,166,7,0.04046242774566474,1373871.0,7675.256983240223,179,10000,0.9996333333333334,0.9786
mnist,train,resnet_a,20,56,a2,1e-06,1e-06,1427,2.090909090909091,392690.0,632.3510466988728,621,61,0.08944281524926687,23370198.0,31369.393288590603,745,60000,0.9953333333333333,0.9775
mnist,train,resnet_a,20,80,a2,1e-06,1e-06,1476,2.0981507823613086,399342.0,624.9483568075117,639,64,0.09103840682788052,27253360.0,35256.610608020696,773,60000,0.9982333333333333,0.979
mnist,trainUval,resnet_a,20,40,a1,1e-06,1e-06,692,2.075075075075075,220947.0,715.0388349514564,309,24,0.07207207207207207,5502229.0,15326.543175487464,359,70000,0.9913333333333333,0.9765
mnist,trainUval,resnet_a,20,88,a1,1e-06,1e-06,695,2.096676737160121,309191.0,1027.2126245847176,301,30,0.09063444108761329,4859901.0,13351.376373626374,364,70000,0.9986333333333334,0.9787
mnist,val,resnet_b,20,96,a3,1e-06,1e-06,337,2.036363636363636,56573.0,360.3375796178344,157,8,0.048484848484848485,1295590.0,7532.5,172,10000,0.9990833333333333,0.9804
mnist,val,resnet_b,20,72,a2,1e-06,1e-06,285,2.0431654676258995,27092.0,206.8091603053435,131,8,0.05755395683453238,832011.0,5698.7054794520545,146,10000,0.9959,0.9782
mnist,train,resnet_b,20,136,a1,1e-06,1e-06,587,2.1079136690647484,95118.0,382.0,249,29,0.10431654676258993,3386525.0,10959.62783171521,309,60000,0.9998333333333334,0.9812
mnist,train,resnet_b,20,40,a3,1e-06,1e-06,1614,2.0975292587776333,654187.0,935.8898426323319,699,70,0.09102730819245773,34655366.0,41012.2674556213,845,60000,0.9911833333333333,0.9766
mnist,trainUval,resnet_b,20,96,a5,1e-06,1e-06,2391,2.1020228671943713,4190391.0,4080.224926971762,1027,110,0.09674582233948989,74742125.0,59602.97049441786,1254,70000,0.9990833333333333,0.9804
mnist,trainUval,resnet_b,20,64,a1,1e-06,1e-06,683,2.0920245398773005,208174.0,700.9225589225589,297,29,0.08895705521472393,5107680.0,14307.226890756303,357,70000,0.9958833333333333,0.9777
mnist,val,resnet_c,20,32,a2,1e-06,1e-06,244,2.025,24816.0,215.7913043478261,115,5,0.041666666666666664,598288.0,4824.903225806452,124,10000,0.9856166666666667,0.974
mnist,val,resnet_c,20,120,a5,1e-06,1e-06,399,2.0729166666666665,120620.0,685.3409090909091,176,16,0.08333333333333333,1704251.0,8233.096618357487,207,10000,0.9995,0.9804
mnist,train,resnet_c,20,144,a2,1e-06,1e-06,1546,2.1049046321525884,351792.0,532.2118003025719,661,73,0.0994550408719346,26934848.0,33170.99507389162,812,60000,0.9996333333333334,0.9799
mnist,train,resnet_c,20,88,a3,1e-06,1e-06,1740,2.095180722891566,1319923.0,1745.9298941798943,756,74,0.0891566265060241,39466840.0,43370.153846153844,910,60000,0.9987333333333334,0.979
mnist,trainUval,resnet_c,20,0,a2,1e-06,1e-06,713,2.0518731988472623,1614103.0,4921.045731707317,328,19,0.05475504322766571,19625801.0,53622.407103825135,366,70000,0.7126833333333333,0.8864
mnist,trainUval,resnet_c,20,56,a1,1e-06,1e-06,642,2.1085526315789473,295915.0,1087.922794117647,272,32,0.10526315789473684,4894490.0,14480.739644970414,338,70000,0.9954333333333333,0.9784
mnist,val,resnet_a,20,72,a1,1e-06,1e-06,144,2.0140845070422535,33771.0,496.63235294117646,68,3,0.04225352112676056,138094.0,1891.6986301369864,73,10000,0.99605,0.9787
mnist,train,resnet_a,20,112,a2,1e-06,1e-06,1611,2.1128608923884515,372992.0,544.5138686131387,685,77,0.1010498687664042,29224804.0,34422.6195524146,849,60000,0.9995666666666667,0.9805
mnist,train,resnet_a,20,104,a1,1e-06,1e-06,644,2.0809061488673137,241213.0,846.3614035087719,285,24,0.07766990291262135,3776013.0,11271.680597014925,335,60000,0.9993333333333333,0.9795
mnist,trainUval,resnet_a,20,8,a2,1e-06,1e-06,1185,2.0881834215167547,462888.0,895.3346228239845,517,50,0.08818342151675485,21961179.0,35535.888349514564,618,70000,0.9588833333333333,0.957
mnist,trainUval,resnet_a,20,112,a1,1e-06,1e-06,670,2.090625,286094.0,979.7739726027397,292,28,0.0875,4409508.0,12598.594285714285,350,70000,0.9995666666666667,0.9805
mnist,val,resnet_b,20,16,a1,1e-06,1e-06,141,2.0,27055.0,397.86764705882354,68,2,0.02857142857142857,174081.0,2451.845070422535,71,10000,0.9763333333333334,0.9694
mnist,val,resnet_b,20,96,a1,1e-06,1e-06,172,2.111111111111111,30592.0,430.8732394366197,71,10,0.12345679012345678,163494.0,1796.6373626373627,91,10000,0.9990833333333333,0.9804
mnist,train,resnet_b,20,24,a2,1e-06,1e-06,1148,2.0854545454545454,263921.0,522.6158415841584,505,45,0.08181818181818182,17071488.0,28547.638795986622,598,60000,0.9833666666666666,0.9741
mnist,train,resnet_b,20,16,a3,1e-06,1e-06,1406,2.0814814814814815,544755.0,875.8118971061093,622,53,0.07851851851851852,29319230.0,40108.38577291382,731,60000,0.9763333333333334,0.9694
mnist,trainUval,resnet_b,20,144,a1,1e-06,1e-06,674,2.109717868338558,217056.0,758.9370629370629,286,33,0.10344827586206896,4549172.0,12814.569014084507,355,70000,0.9996666666666667,0.9813
mnist,trainUval,resnet_b,20,40,a5,1e-06,1e-06,2105,2.0811078140454997,2918960.0,3121.8823529411766,935,76,0.0751730959446093,62879483.0,57476.67550274223,1094,70000,0.9911833333333333,0.9766
mnist,val,resnet_c,20,96,a3,1e-06,1e-06,333,2.062111801242236,40402.0,271.1543624161074,149,12,0.07453416149068323,1300229.0,7559.470930232558,172,10000,0.999,0.9792
mnist,val,resnet_c,20,72,a2,1e-06,1e-06,273,2.0606060606060606,17754.0,145.52459016393442,122,10,0.07575757575757576,731035.0,5184.645390070922,141,10000,0.99615,0.9776
mnist,train,resnet_c,20,136,a1,1e-06,1e-06,536,2.049808429118774,261142.0,1052.991935483871,248,13,0.04980842911877394,2904072.0,10560.261818181818,275,60000,0.9997166666666667,0.9817
mnist,train,resnet_c,20,40,a3,1e-06,1e-06,1586,2.093791281373844,885872.0,1278.3145743145742,693,64,0.0845442536327609,33350897.0,40230.2738238842,829,60000,0.9910833333333333,0.9751
mnist,trainUval,resnet_c,20,96,a5,1e-06,1e-06,2278,2.1005535055350553,4782247.0,4889.8231083844585,978,106,0.09778597785977859,69482313.0,58192.891959798995,1194,70000,0.999,0.9792
mnist,trainUval,resnet_c,20,64,a1,1e-06,1e-06,723,2.0988372093023258,318179.0,1013.3089171974523,314,30,0.0872093023255814,5594656.0,14761.625329815304,379,70000,0.9961833333333333,0.9772
mnist,val,resnet_a,20,0,a5,1e-06,1e-06,253,2.016,54770.0,452.64462809917353,121,4,0.032,876471.0,6847.4296875,128,10000,0.7192666666666667,0.883
mnist,train,resnet_a,20,104,a3,1e-06,1e-06,1850,2.1107305936073057,1699810.0,2154.3852978453738,789,87,0.09931506849315068,44857522.0,46054.95071868583,974,60000,0.9993333333333333,0.9795
mnist,train,resnet_a,20,88,a5,1e-06,1e-06,2029,2.108108108108108,3179018.0,3675.1653179190753,865,97,0.10083160083160084,54176594.0,50774.68978444236,1067,60000,0.9986333333333334,0.9787
mnist,trainUval,resnet_a,20,144,a4,1e-06,1e-06,2334,2.101801801801802,3167764.0,3155.1434262948205,1004,106,0.09549549549549549,68497017.0,55961.615196078434,1224,70000,0.9997666666666667,0.9804
mnist,trainUval,resnet_a,20,48,a1,1e-06,1e-06,726,2.126099706744868,214462.0,712.4983388704319,301,40,0.11730205278592376,5656713.0,14692.761038961038,385,70000,0.99415,0.9771
mnist,val,resnet_b,20,128,a2,1e-06,1e-06,289,2.0425531914893615,20592.0,153.67164179104478,134,7,0.04964539007092199,863677.0,5835.655405405405,148,10000,0.9998,0.9783
mnist,val,resnet_b,20,128,a1,1e-06,1e-06,164,2.0632911392405062,32893.0,450.5890410958904,73,6,0.0759493670886076,154150.0,1813.5294117647059,85,10000,0.9998,0.9783
mnist,train,resnet_b,20,16,a2,1e-06,1e-06,1112,2.108159392789374,171860.0,361.81052631578945,475,52,0.09867172675521822,16657467.0,28474.302564102563,585,60000,0.9763333333333334,0.9694
mnist,train,resnet_b,20,104,a4,1e-06,1e-06,1961,2.0962566844919786,2199142.0,2593.3278301886794,848,87,0.09304812834224599,48058923.0,46841.055555555555,1026,60000,0.9994833333333333,0.9788
mnist,trainUval,resnet_b,20,64,a2,1e-06,1e-06,1643,2.1024327784891166,489808.0,691.819209039548,708,73,0.09346991037131883,30505741.0,35389.49071925754,862,70000,0.9958833333333333,0.9777
mnist,trainUval,resnet_b,20,136,a4,1e-06,1e-06,2272,2.1066790352504636,3279971.0,3388.3997933884298,968,110,0.10204081632653061,68534803.0,57399.33249581239,1194,70000,0.9998333333333334,0.9812
mnist,val,resnet_c,20,16,a1,1e-06,1e-06,148,2.0416666666666665,18537.0,276.67164179104475,67,5,0.06944444444444445,180913.0,2380.434210526316,76,10000,0.9753333333333334,0.9712
mnist,val,resnet_c,20,96,a1,1e-06,1e-06,188,2.010752688172043,15544.0,172.7111111111111,90,3,0.03225806451612903,180159.0,1896.4105263157894,95,10000,0.999,0.9792
mnist,train,resnet_c,20,24,a2,1e-06,1e-06,1198,2.089005235602094,263271.0,501.4685714285714,525,48,0.08376963350785341,17670988.0,28273.5808,625,60000,0.9832333333333333,0.9716
mnist,train,resnet_c,20,16,a3,1e-06,1e-06,1393,2.0776119402985076,498052.0,802.0161030595813,621,49,0.07313432835820896,25045509.0,34641.091286307055,723,60000,0.9753333333333334,0.9712
mnist,trainUval,resnet_c,20,144,a1,1e-06,1e-06,656,2.0793650793650795,292145.0,1007.3965517241379,290,25,0.07936507936507936,4337083.0,12718.718475073314,341,70000,0.9996333333333334,0.9799
mnist,trainUval,resnet_c,20,40,a5,1e-06,1e-06,2043,2.083673469387755,3175843.0,3524.7980022197557,901,79,0.08061224489795918,60991244.0,57376.523047977425,1063,70000,0.9910833333333333,0.9751
mnist,val,resnet_a,20,56,a4,1e-06,1e-06,331,2.1019108280254777,49015.0,352.62589928057554,139,18,0.11464968152866242,1318286.0,7576.35632183908,174,10000,0.9953333333333333,0.9775
mnist,train,resnet_a,20,0,a3,1e-06,1e-06,826,2.0728643216080402,1251973.0,3402.100543478261,368,30,0.07537688442211055,20651101.0,48250.23598130841,428,60000,0.7192666666666667,0.883
mnist,train,resnet_a,20,80,a1,1e-06,1e-06,581,2.0567375886524824,257067.0,970.0641509433963,265,17,0.06028368794326241,3502634.0,11714.494983277593,299,60000,0.9982333333333333,0.979
mnist,trainUval,resnet_a,20,72,a4,1e-06,1e-06,2052,2.08646998982706,2752954.0,3038.580573951435,906,77,0.07833163784333673,59610096.0,55762.484565014034,1069,70000,0.99605,0.9787
mnist,trainUval,resnet_a,20,64,a5,1e-06,1e-06,2076,2.108739837398374,3203780.0,3624.185520361991,884,100,0.1016260162601626,63166667.0,57844.93315018315,1092,70000,0.9966666666666667,0.9767
mnist,val,resnet_b,20,80,a3,1e-06,1e-06,324,2.0838709677419356,21345.0,152.46428571428572,140,15,0.0967741935483871,1195876.0,7076.189349112426,169,10000,0.9975833333333334,0.9787
mnist,val,resnet_b,20,136,a2,1e-06,1e-06,277,2.0444444444444443,20889.0,164.48031496062993,127,8,0.05925925925925926,807996.0,5690.112676056338,142,10000,0.9998333333333334,0.9812
mnist,train,resnet_b,20,96,a4,1e-06,1e-06,1990,2.1003167898627244,2172685.0,2514.681712962963,864,83,0.08764519535374868,49988645.0,47927.75167785235,1043,60000,0.9990833333333333,0.9804
mnist,train,resnet_b,20,32,a3,1e-06,1e-06,1539,2.092517006802721,519444.0,775.289552238806,670,65,0.08843537414965986,30923472.0,38462.02985074627,804,60000,0.9854833333333334,0.9749
mnist,trainUval,resnet_b,20,24,a1,1e-06,1e-06,567,2.111940298507463,110060.0,456.6804979253112,241,27,0.10074626865671642,4793853.0,16032.953177257525,299,70000,0.9833666666666666,0.9741
mnist,val,resnet_c,20,128,a2,1e-06,1e-06,282,2.0661764705882355,23619.0,188.952,125,11,0.08088235294117647,797267.0,5460.732876712329,146,10000,0.9996666666666667,0.9804
mnist,val,resnet_c,20,128,a1,1e-06,1e-06,150,2.041095890410959,39009.0,573.6617647058823,68,5,0.0684931506849315,142667.0,1852.8181818181818,77,10000,0.9996666666666667,0.9804
mnist,train,resnet_c,20,16,a2,1e-06,1e-06,1109,2.090566037735849,164138.0,337.0390143737166,487,43,0.08113207547169811,15892832.0,27448.75993091537,579,60000,0.9753333333333334,0.9712
mnist,train,resnet_c,20,104,a4,1e-06,1e-06,1981,2.0908130939809926,1726329.0,2000.3812282734646,863,84,0.08870116156282999,46856389.0,45315.65667311412,1034,60000,0.9995666666666667,0.9787
mnist,trainUval,resnet_c,20,64,a2,1e-06,1e-06,1593,2.0865006553079946,369823.0,529.0743919885551,699,64,0.08387942332896461,28547029.0,34394.01084337349,830,70000,0.9961833333333333,0.9772
mnist,trainUval,resnet_c,20,136,a4,1e-06,1e-06,2220,2.0874882408278457,3331097.0,3423.5323741007196,973,90,0.08466603951081844,63976930.0,55295.53154710458,1157,70000,0.9997166666666667,0.9817
mnist,val,resnet_a,20,24,a5,1e-06,1e-06,301,2.0689655172413794,53927.0,405.4661654135338,133,12,0.08275862068965517,1227509.0,7868.647435897436,156,10000,0.9826666666666667,0.9713
mnist,train,resnet_a,20,80,a4,1e-06,1e-06,1898,2.1148272017837235,2412809.0,3008.490024937656,802,95,0.10590858416945373,48274976.0,48226.74925074925,1001,60000,0.9982333333333333,0.979
mnist,train,resnet_a,20,136,a5,1e-06,1e-06,2137,2.106508875739645,3945977.0,4336.238461538462,910,104,0.10256410256410256,57137188.0,50879.063223508456,1123,60000,0.9996333333333334,0.9786
mnist,trainUval,resnet_a,20,64,a3,1e-06,1e-06,1890,2.098888888888889,1241051.0,1528.3879310344828,812,88,0.09777777777777778,47718071.0,48200.07171717172,990,70000,0.9966666666666667,0.9767
mnist,trainUval,resnet_a,20,48,a4,1e-06,1e-06,2064,2.0859453993933266,2367413.0,2604.4147414741474,909,80,0.08088978766430738,57331941.0,53332.03813953488,1075,70000,0.99415,0.9771
mnist,val,resnet_b,20,8,a1,1e-06,1e-06,125,2.0327868852459017,17093.0,299.87719298245617,57,4,0.06557377049180328,195128.0,3048.875,64,10000,0.9579166666666666,0.9562
mnist,val,resnet_b,20,24,a4,1e-06,1e-06,277,2.0597014925373136,34134.0,275.2741935483871,124,10,0.07462686567164178,1066804.0,7460.167832167832,143,10000,0.9833666666666666,0.9741
mnist,train,resnet_b,20,8,a4,1e-06,1e-06,1350,2.0753846153846154,771513.0,1281.5830564784053,602,48,0.07384615384615385,28297979.0,40425.684285714284,700,60000,0.9579166666666666,0.9562
mnist,train,resnet_b,20,40,a2,1e-06,1e-06,1285,2.1049180327868853,320537.0,585.9908592321755,547,63,0.10327868852459017,18857979.0,27937.746666666666,675,60000,0.9911833333333333,0.9766
mnist,trainUval,resnet_b,20,32,a1,1e-06,1e-06,636,2.061688311688312,197001.0,686.4146341463414,287,21,0.06818181818181818,5063415.0,15437.240853658537,328,70000,0.9854833333333334,0.9749
mnist,val,resnet_c,20,80,a3,1e-06,1e-06,298,2.0625,22964.0,171.37313432835822,134,10,0.06944444444444445,1074383.0,6976.512987012987,154,10000,0.9979166666666667,0.9786
mnist,val,resnet_c,20,136,a2,1e-06,1e-06,288,2.079710144927536,19974.0,158.52380952380952,126,12,0.08695652173913043,849972.0,5666.48,150,10000,0.9997166666666667,0.9817
mnist,train,resnet_c,20,96,a4,1e-06,1e-06,1822,2.081142857142857,2301013.0,2854.8548387096776,806,69,0.07885714285714286,44155041.0,46626.231256599785,947,60000,0.999,0.9792
mnist,train,resnet_c,20,32,a3,1e-06,1e-06,1524,2.0863013698630137,540532.0,809.1796407185628,668,62,0.08493150684931507,30077623.0,37881.13727959698,794,60000,0.9856166666666667,0.974
mnist,trainUval,resnet_c,20,24,a1,1e-06,1e-06,649,2.103896103896104,219862.0,796.6014492753624,276,32,0.1038961038961039,5537858.0,16240.052785923754,341,70000,0.9832333333333333,0.9716
mnist,val,resnet_a,20,40,a4,1e-06,1e-06,312,2.0733333333333333,33374.0,240.10071942446044,139,11,0.07333333333333333,1192258.0,7359.617283950617,162,10000,0.9913333333333333,0.9765
mnist,val,resnet_a,20,104,a5,1e-06,1e-06,382,2.0706521739130435,125421.0,737.7705882352941,170,14,0.07608695652173914,1650055.0,8333.611111111111,198,10000,0.9993333333333333,0.9795
mnist,train,resnet_a,20,48,a5,1e-06,1e-06,1884,2.108622620380739,1994785.0,2477.9937888198756,805,88,0.09854423292273236,48283902.0,48722.40363269425,991,60000,0.99415,0.9771
mnist,train,resnet_a,20,32,a5,1e-06,1e-06,1680,2.1013767209011265,1731165.0,2401.0610263522885,721,78,0.09762202753441802,42005098.0,47678.88535754824,881,60000,0.9849333333333333,0.9733
mnist,trainUval,resnet_a,20,128,a5,1e-06,1e-06,2369,2.086343612334802,5111068.0,4919.218479307026,1039,96,0.08458149779735682,73109507.0,59245.95380875203,1234,70000,0.99965,0.981
mnist,trainUval,resnet_a,20,128,a4,1e-06,1e-06,2257,2.088888888888889,3223129.0,3255.6858585858586,990,90,0.08333333333333333,65155433.0,55357.20730671198,1177,70000,0.99965,0.981
mnist,val,resnet_b,20,80,a5,1e-06,1e-06,343,2.0853658536585367,101248.0,679.51677852349,149,15,0.09146341463414634,1518349.0,8482.396648044692,179,10000,0.9975833333333334,0.9787
mnist,val,resnet_b,20,96,a2,1e-06,1e-06,301,2.0547945205479454,27582.0,202.80882352941177,136,10,0.0684931506849315,830082.0,5355.3677419354835,155,10000,0.9990833333333333,0.9804
mnist,train,resnet_b,20,48,a3,1e-06,1e-06,1738,2.0952955367913146,435413.0,578.2377158034528,753,76,0.09167671893848009,35516387.0,39071.932893289326,909,60000,0.9941333333333333,0.9781
mnist,train,resnet_b,20,72,a5,1e-06,1e-06,1985,2.090621707060063,2502575.0,2889.809468822171,866,83,0.0874604847207587,50725052.0,48962.40540540541,1036,60000,0.9959,0.9782
mnist,trainUval,resnet_b,20,8,a5,1e-06,1e-06,1621,2.082262210796915,1572949.0,2190.736768802228,718,60,0.07712082262210797,44801602.0,53145.435349940686,843,70000,0.9579166666666666,0.9562
mnist,val,resnet_c,20,8,a1,1e-06,1e-06,159,2.0256410256410255,25037.0,338.3378378378378,74,4,0.05128205128205128,252018.0,3111.3333333333335,81,10000,0.9582333333333334,0.9556
mnist,val,resnet_c,20,24,a4,1e-06,1e-06,309,2.0533333333333332,59511.0,425.0785714285714,140,10,0.06666666666666667,1135088.0,7138.9182389937105,159,10000,0.9832333333333333,0.9716
mnist,train,resnet_c,20,8,a4,1e-06,1e-06,1290,2.065705128205128,651746.0,1116.0034246575342,584,40,0.0641025641025641,26847656.0,40311.7957957958,666,60000,0.9582333333333334,0.9556
mnist,train,resnet_c,20,40,a2,1e-06,1e-06,1295,2.1040650406504064,239798.0,428.2107142857143,560,55,0.08943089430894309,20770332.0,30544.605882352942,680,60000,0.9910833333333333,0.9751
mnist,trainUval,resnet_c,20,32,a1,1e-06,1e-06,573,2.08,144269.0,570.2332015810276,253,22,0.08,4919009.0,16506.741610738256,298,70000,0.9856166666666667,0.974
mnist,val,resnet_a,20,120,a2,1e-06,1e-06,340,2.0925925925925926,37769.0,258.6917808219178,146,16,0.09876543209876543,1089765.0,6122.275280898876,178,10000,0.9996166666666667,0.9801
mnist,val,resnet_a,20,56,a5,1e-06,1e-06,337,2.1132075471698113,82339.0,592.3669064748201,139,20,0.12578616352201258,1428538.0,8025.494382022472,178,10000,0.9953333333333333,0.9775
mnist,train,resnet_a,20,64,a4,1e-06,1e-06,1785,2.0792540792540795,1495791.0,1883.867758186398,794,64,0.07459207459207459,42584340.0,45937.79935275081,927,60000,0.9966666666666667,0.9767
mnist,train,resnet_a,20,144,a3,1e-06,1e-06,1904,2.1144444444444446,1366095.0,1701.239103362391,803,97,0.10777777777777778,46497351.0,46312.102589641436,1004,60000,0.9997666666666667,0.9804
mnist,trainUval,resnet_a,20,120,a3,1e-06,1e-06,2116,2.0982142857142856,1356940.0,1471.7353579175706,922,86,0.08531746031746032,57262409.0,51680.874548736465,1108,70000,0.9996166666666667,0.9801
mnist,trainUval,resnet_a,20,0,a1,1e-06,1e-06,492,2.071729957805907,1530706.0,6926.27149321267,221,16,0.06751054852320675,12556317.0,49240.458823529414,255,70000,0.7192666666666667,0.883
mnist,val,resnet_b,20,8,a3,1e-06,1e-06,212,2.0485436893203883,24843.0,258.78125,96,7,0.06796116504854369,682313.0,6259.752293577982,109,10000,0.9579166666666666,0.9562
mnist,val,resnet_b,20,16,a5,1e-06,1e-06,291,2.027972027972028,22892.0,167.09489051094891,137,6,0.04195804195804196,1175139.0,7940.128378378378,148,10000,0.9763333333333334,0.9694
mnist,train,resnet_b,20,120,a4,1e-06,1e-06,2006,2.099476439790576,1935317.0,2237.3606936416186,865,90,0.09424083769633508,50667440.0,48208.791627021885,1051,60000,0.9997333333333334,0.9797
mnist,train,resnet_b,20,120,a1,1e-06,1e-06,504,2.053061224489796,204887.0,886.9567099567099,231,14,0.05714285714285714,2911037.0,11239.525096525096,259,60000,0.9997333333333334,0.9797
mnist,trainUval,resnet_b,20,128,a3,1e-06,1e-06,2228,2.0989632422243165,2427398.0,2518.0477178423234,964,97,0.09142318567389256,61402450.0,52615.63838903171,1167,70000,0.9998,0.9783
mnist,val,resnet_c,20,80,a5,1e-06,1e-06,342,2.0920245398773005,84011.0,571.5034013605442,147,16,0.09815950920245399,1440283.0,8046.27374301676,179,10000,0.9979166666666667,0.9786
mnist,val,resnet_c,20,96,a2,1e-06,1e-06,299,2.041095890410959,24146.0,174.97101449275362,138,8,0.0547945205479452,869078.0,5680.248366013072,153,10000,0.999,0.9792
mnist,train,resnet_c,20,48,a3,1e-06,1e-06,1666,2.096977329974811,715259.0,992.0374479889043,721,73,0.09193954659949623,35206660.0,40374.61009174312,872,60000,0.9941166666666666,0.9759
mnist,train,resnet_c,20,72,a5,1e-06,1e-06,1907,2.085339168490153,2257205.0,2687.1488095238096,840,74,0.08096280087527352,48470778.0,48812.465256797586,993,60000,0.99615,0.9776
mnist,trainUval,resnet_c,20,8,a5,1e-06,1e-06,1567,2.0686922060766184,1345942.0,1906.4334277620396,706,51,0.06737120211360634,40435096.0,49919.87160493827,810,70000,0.9582333333333334,0.9556
mnist,val,resnet_a,20,32,a4,1e-06,1e-06,314,2.0324675324675323,46916.0,319.15646258503403,147,7,0.045454545454545456,1218049.0,7612.80625,160,10000,0.9849333333333333,0.9733
mnist,val,resnet_a,20,112,a4,1e-06,1e-06,371,2.044198895027624,96581.0,564.8011695906433,171,10,0.055248618784530384,1516999.0,7984.2052631578945,190,10000,0.9995666666666667,0.9805
mnist,train,resnet_a,20,48,a2,1e-06,1e-06,1492,2.1029619181946404,315139.0,496.28188976377953,635,74,0.10437235543018336,24719490.0,31570.22988505747,783,60000,0.99415,0.9771
mnist,train,resnet_a,20,112,a3,1e-06,1e-06,1966,2.094882729211087,1620272.0,1897.2740046838408,854,84,0.08955223880597014,44686881.0,43469.72859922179,1028,60000,0.9995666666666667,0.9805
mnist,trainUval,resnet_a,20,104,a2,1e-06,1e-06,1750,2.0921052631578947,407854.0,533.1424836601307,765,71,0.08492822966507177,35691635.0,39049.92888402626,914,70000,0.9993333333333333,0.9795
mnist,trainUval,resnet_a,20,88,a4,1e-06,1e-06,2237,2.1114258734655333,3321146.0,3492.267087276551,951,108,0.10198300283286119,65973507.0,56004.674872665535,1178,70000,0.9986333333333334,0.9787
mnist,val,resnet_b,20,0,a4,1e-06,1e-06,228,2.0267857142857144,57158.0,529.2407407407408,108,4,0.03571428571428571,767568.0,6616.9655172413795,116,10000,0.7147666666666667,0.8879
mnist,val,resnet_b,20,56,a3,1e-06,1e-06,315,2.052287581699346,52613.0,365.36805555555554,144,9,0.058823529411764705,1174171.0,7247.969135802469,162,10000,0.9956833333333334,0.9795
mnist,train,resnet_b,20,16,a4,1e-06,1e-06,1516,2.095435684647303,695918.0,1060.8506097560976,656,67,0.09266943291839558,33070102.0,41702.524590163935,793,60000,0.9763333333333334,0.9694
mnist,train,resnet_b,20,88,a2,1e-06,1e-06,1542,2.1051912568306013,326587.0,494.82878787878786,660,72,0.09836065573770492,25990634.0,32087.202469135802,810,60000,0.9987333333333334,0.9792
mnist,trainUval,resnet_b,20,136,a3,1e-06,1e-06,2107,2.087215064420218,2438005.0,2638.53354978355,924,85,0.08424182358771061,59419449.0,54116.07377049181,1098,70000,0.9998333333333334,0.9812
mnist,val,resnet_c,20,8,a3,1e-06,1e-06,234,2.061946902654867,24345.0,231.85714285714286,105,8,0.07079646017699115,784636.0,6484.5950413223145,121,10000,0.9582333333333334,0.9556
mnist,val,resnet_c,20,16,a5,1e-06,1e-06,290,2.079136690647482,32058.0,254.42857142857142,126,13,0.09352517985611511,1083586.0,7176.066225165563,151,10000,0.9753333333333334,0.9712
mnist,train,resnet_c,20,120,a4,1e-06,1e-06,1988,2.1183368869936032,2226307.0,2669.4328537170263,834,104,0.11087420042643924,50758194.0,48341.137142857144,1050,60000,0.9995,0.9804
mnist,train,resnet_c,20,120,a1,1e-06,1e-06,572,2.068840579710145,222620.0,866.2256809338521,257,19,0.06884057971014493,3264807.0,11029.753378378378,296,60000,0.9995,0.9804
mnist,trainUval,resnet_c,20,128,a3,1e-06,1e-06,2049,2.102669404517454,2373002.0,2702.73576309795,878,96,0.09856262833675565,56679562.0,52725.173953488375,1075,70000,0.9996666666666667,0.9804
mnist,val,resnet_a,20,72,a3,1e-06,1e-06,331,2.0245398773006134,45526.0,289.97452229299364,157,6,0.03680981595092025,1235202.0,7352.392857142857,168,10000,0.99605,0.9787
mnist,val,resnet_a,20,24,a3,1e-06,1e-06,263,2.096,27886.0,248.98214285714286,112,13,0.104,868201.0,6291.311594202899,138,10000,0.9826666666666667,0.9713
mnist,train,resnet_a,20,144,a5,1e-06,1e-06,2122,2.0979228486646884,3434073.0,3744.8996728462375,917,94,0.09297725024727992,56107278.0,50501.600360036005,1111,60000,0.9997666666666667,0.9804
mnist,train,resnet_a,20,112,a5,1e-06,1e-06,2140,2.115727002967359,3291331.0,3640.852876106195,904,107,0.10583580613254204,56299181.0,49866.41364038973,1129,60000,0.9995666666666667,0.9805
mnist,trainUval,resnet_a,20,32,a2,1e-06,1e-06,1438,2.091703056768559,346558.0,555.3814102564103,624,63,0.09170305676855896,22545949.0,30021.237017310254,751,70000,0.9849333333333333,0.9733
mnist,trainUval,resnet_a,20,120,a5,1e-06,1e-06,2397,2.11660777385159,3645308.0,3609.2158415841586,1010,122,0.10777385159010601,72952933.0,57670.30276679842,1265,70000,0.9996166666666667,0.9801
mnist,val,resnet_b,20,144,a2,1e-06,1e-06,307,2.053691275167785,26239.0,187.42142857142858,140,9,0.06040268456375839,810142.0,5127.481012658228,158,10000,0.9996666666666667,0.9813
mnist,val,resnet_b,20,88,a3,1e-06,1e-06,354,2.064327485380117,33655.0,211.66666666666666,159,12,0.07017543859649122,1398336.0,7641.180327868852,183,10000,0.9987333333333334,0.9792
mnist,train,resnet_b,20,0,a2,1e-06,1e-06,712,2.0789473684210527,1167777.0,3719.0350318471337,314,28,0.08187134502923976,17710325.0,47865.74324324324,370,60000,0.7147666666666667,0.8879
mnist,train,resnet_b,20,56,a1,1e-06,1e-06,567,2.065693430656934,199430.0,785.1574803149606,254,20,0.072992700729927,3544959.0,12098.836177474403,293,60000,0.9956833333333334,0.9795
mnist,trainUval,resnet_b,20,72,a1,1e-06,1e-06,666,2.0977917981072554,274654.0,956.9825783972126,287,30,0.0946372239747634,5055782.0,14486.481375358166,349,70000,0.9959,0.9782
mnist,val,resnet_c,20,0,a4,1e-06,1e-06,213,2.058252427184466,69268.0,729.1368421052632,95,8,0.07766990291262135,749855.0,6816.863636363636,110,10000,0.7126833333333333,0.8864
mnist,val,resnet_c,20,56,a3,1e-06,1e-06,311,2.052980132450331,27276.0,193.4468085106383,141,10,0.06622516556291391,1141808.0,7136.3,160,10000,0.9954333333333333,0.9784
mnist,train,resnet_c,20,16,a4,1e-06,1e-06,1488,2.0914205344585093,792539.0,1219.2907692307692,650,61,0.08579465541490858,32743067.0,42140.36936936937,777,60000,0.9753333333333334,0.9712
mnist,train,resnet_c,20,88,a2,1e-06,1e-06,1495,2.0953716690042077,344507.0,530.0107692307693,650,63,0.08835904628330996,24914824.0,31860.38874680307,782,60000,0.9987333333333334,0.979
mnist,trainUval,resnet_c,20,136,a3,1e-06,1e-06,2037,2.0754332313965342,1813513.0,1995.063806380638,909,72,0.07339449541284404,54517700.0,51626.60984848485,1056,70000,0.9997166666666667,0.9817
mnist,val,resnet_a,20,56,a2,1e-06,1e-06,293,2.0709219858156027,24640.0,191.0077519379845,129,12,0.0851063829787234,847878.0,5578.144736842105,152,10000,0.9953333333333333,0.9775
mnist,val,resnet_a,20,80,a2,1e-06,1e-06,299,2.041095890410959,13032.0,94.43478260869566,138,8,0.0547945205479452,880380.0,5754.117647058823,153,10000,0.9982333333333333,0.979
mnist,train,resnet_a,20,40,a1,1e-06,1e-06,591,2.0774647887323945,180079.0,684.7110266159696,263,21,0.07394366197183098,4045563.0,13177.729641693812,307,60000,0.9913333333333333,0.9765
mnist,train,resnet_a,20,88,a1,1e-06,1e-06,608,2.0859106529209623,212343.0,792.3246268656717,268,23,0.07903780068728522,3645850.0,11501.104100946372,317,60000,0.9986333333333334,0.9787
mnist,trainUval,resnet_a,20,96,a3,1e-06,1e-06,2090,2.1143724696356276,2156076.0,2433.4943566591423,886,102,0.10323886639676114,56153863.0,50956.31851179673,1102,70000,0.99905,0.9783
mnist,trainUval,resnet_a,20,72,a2,1e-06,1e-06,1687,2.0763546798029555,428222.0,570.9626666666667,750,62,0.07635467980295567,30734946.0,35125.652571428574,875,70000,0.99605,0.9787
mnist,val,resnet_b,20,136,a1,1e-06,1e-06,144,2.1343283582089554,14520.0,250.3448275862069,58,9,0.13432835820895522,136212.0,1768.987012987013,77,10000,0.9998333333333334,0.9812
mnist,val,resnet_b,20,40,a3,1e-06,1e-06,326,2.070063694267516,30105.0,209.0625,144,13,0.08280254777070063,1211524.0,7168.781065088758,169,10000,0.9911833333333333,0.9766
mnist,train,resnet_b,20,96,a5,1e-06,1e-06,2146,2.0926829268292684,3254898.0,3481.174331550802,935,90,0.08780487804878048,56885522.0,50745.33630686887,1121,60000,0.9990833333333333,0.9804
mnist,train,resnet_b,20,64,a1,1e-06,1e-06,585,2.041958041958042,203146.0,744.1245421245421,273,13,0.045454545454545456,3637996.0,12167.210702341137,299,60000,0.9958833333333333,0.9777
mnist,trainUval,resnet_b,20,0,a5,1e-06,1e-06,1257,2.055646481178396,3631317.0,6304.369791666667,576,35,0.057283142389525366,36326106.0,56232.36222910217,646,70000,0.7147666666666667,0.8879
mnist,val,resnet_c,20,144,a2,1e-06,1e-06,317,2.051948051948052,17173.0,118.43448275862069,145,9,0.05844155844155844,925606.0,5678.564417177914,163,10000,0.9996333333333334,0.9799
mnist,val,resnet_c,20,88,a3,1e-06,1e-06,324,2.0838709677419356,60917.0,435.12142857142857,140,15,0.0967741935483871,1300069.0,7692.715976331361,169,10000,0.9987333333333334,0.979
mnist,train,resnet_c,20,0,a2,1e-06,1e-06,696,2.074626865671642,1399844.0,4501.106109324759,311,24,0.07164179104477612,17174910.0,47575.92797783933,361,60000,0.7126833333333333,0.8864
mnist,train,resnet_c,20,56,a1,1e-06,1e-06,532,2.107142857142857,242412.0,1067.8942731277532,227,25,0.0992063492063492,3543440.0,12655.142857142857,280,60000,0.9954333333333333,0.9784
mnist,trainUval,resnet_c,20,72,a1,1e-06,1e-06,628,2.0693069306930694,285598.0,1019.9928571428571,280,23,0.07590759075907591,4619429.0,14213.627692307693,325,70000,0.99615,0.9776
mnist,val,resnet_a,20,112,a2,1e-06,1e-06,316,2.0454545454545454,24160.0,166.6206896551724,145,9,0.05844155844155844,918128.0,5667.456790123457,162,10000,0.9995666666666667,0.9805
mnist,val,resnet_a,20,104,a1,1e-06,1e-06,144,2.072463768115942,21984.0,354.5806451612903,62,7,0.10144927536231885,140892.0,1878.56,75,10000,0.9993333333333333,0.9795
mnist,train,resnet_a,20,8,a2,1e-06,1e-06,1060,2.1011904761904763,340231.0,746.1206140350877,456,48,0.09523809523809523,17077029.0,30714.080935251797,556,60000,0.9588833333333333,0.957
mnist,train,resnet_a,20,112,a1,1e-06,1e-06,555,2.0984848484848486,236912.0,987.1333333333333,240,24,0.09090909090909091,3141108.0,10794.185567010309,291,60000,0.9995666666666667,0.9805
mnist,trainUval,resnet_a,20,16,a1,1e-06,1e-06,595,2.0696864111498257,240720.0,904.9624060150376,266,21,0.07317073170731707,5329220.0,17302.66233766234,308,70000,0.976,0.9675
mnist,trainUval,resnet_a,20,96,a1,1e-06,1e-06,686,2.082066869300912,172000.0,569.5364238410596,302,27,0.08206686930091185,4750735.0,13307.380952380952,357,70000,0.99905,0.9783
mnist,val,resnet_b,20,24,a2,1e-06,1e-06,226,2.0833333333333335,26007.0,268.11340206185565,97,11,0.10185185185185185,555778.0,4709.983050847458,118,10000,0.9833666666666666,0.9741
mnist,val,resnet_b,20,16,a3,1e-06,1e-06,258,2.056,21668.0,186.79310344827587,116,9,0.072,811445.0,6101.090225563909,133,10000,0.9763333333333334,0.9694
mnist,train,resnet_b,20,144,a1,1e-06,1e-06,573,2.11070110701107,154248.0,640.0331950207469,241,30,0.11070110701107011,3282696.0,10869.85430463576,302,60000,0.9996666666666667,0.9813
mnist,train,resnet_b,20,40,a5,1e-06,1e-06,1821,2.108922363847045,1681644.0,2167.0670103092784,776,87,0.10081112398609501,46963803.0,49022.75887265136,958,60000,0.9911833333333333,0.9766
mnist,trainUval,resnet_b,20,56,a4,1e-06,1e-06,2058,2.0989795918367347,2185060.0,2446.875699888018,893,87,0.08877551020408163,57449622.0,53292.78478664193,1078,70000,0.9956833333333334,0.9795
mnist,val,resnet_c,20,136,a1,1e-06,1e-06,167,2.075,38921.0,540.5694444444445,72,8,0.1,160354.0,1843.1494252873563,87,10000,0.9997166666666667,0.9817
mnist,val,resnet_c,20,40,a3,1e-06,1e-06,300,2.076388888888889,22920.0,174.9618320610687,131,13,0.09027777777777778,1043280.0,6687.692307692308,156,10000,0.9910833333333333,0.9751
mnist,train,resnet_c,20,96,a5,1e-06,1e-06,1942,2.080385852090032,3780309.0,4390.602787456446,861,72,0.07717041800643087,50911700.0,50457.58176412289,1009,60000,0.999,0.9792
mnist,train,resnet_c,20,64,a1,1e-06,1e-06,618,2.0704697986577183,181189.0,654.1119133574007,277,21,0.07046979865771812,3885521.0,12142.253125,320,60000,0.9961833333333333,0.9772
mnist,trainUval,resnet_c,20,0,a5,1e-06,1e-06,1289,2.0608,3785572.0,6416.223728813559,590,35,0.056,36780975.0,55393.034638554214,664,70000,0.7126833333333333,0.8864
mnist,val,resnet_a,20,104,a3,1e-06,1e-06,317,2.0789473684210527,58185.0,421.6304347826087,138,14,0.09210526315789473,1258337.0,7626.284848484848,165,10000,0.9993333333333333,0.9795
mnist,val,resnet_a,20,88,a5,1e-06,1e-06,368,2.073446327683616,95374.0,585.1165644171779,163,14,0.07909604519774012,1590036.0,8324.795811518325,191,10000,0.9986333333333334,0.9787
mnist,train,resnet_a,20,144,a4,1e-06,1e-06,2019,2.1042752867570385,2493476.0,2885.9675925925926,864,95,0.09906152241918666,51427068.0,48516.10188679245,1060,60000,0.9997666666666667,0.9804
mnist,train,resnet_a,20,48,a1,1e-06,1e-06,659,2.129449838187702,183827.0,675.8345588235294,272,37,0.11974110032362459,4353996.0,12439.988571428572,350,60000,0.99415,0.9771
mnist,trainUval,resnet_a,20,128,a2,1e-06,1e-06,1702,2.110421836228288,412769.0,569.336551724138,725,81,0.10049627791563276,39191242.0,43740.22544642857,896,70000,0.99965,0.981
mnist,trainUval,resnet_a,20,128,a1,1e-06,1e-06,663,2.088328075709779,298839.0,1030.4793103448276,290,27,0.08517350157728706,4218235.0,12191.430635838151,346,70000,0.99965,0.981
mnist,val,resnet_b,20,16,a2,1e-06,1e-06,200,2.0729166666666665,9148.0,105.14942528735632,87,9,0.09375,461109.0,4433.740384615385,104,10000,0.9763333333333334,0.9694
mnist,val,resnet_b,20,104,a4,1e-06,1e-06,355,2.107142857142857,92517.0,616.78,150,18,0.10714285714285714,1569024.0,8390.502673796791,187,10000,0.9994833333333333,0.9788
mnist,train,resnet_b,20,64,a2,1e-06,1e-06,1410,2.0905044510385755,294868.0,477.1326860841424,618,56,0.0830860534124629,21623223.0,29379.379076086956,736,60000,0.9958833333333333,0.9777
mnist,train,resnet_b,20,136,a4,1e-06,1e-06,2101,2.1,2666309.0,2930.00989010989,910,90,0.09,54171601.0,49202.18074477748,1101,60000,0.9998333333333334,0.9812
mnist,trainUval,resnet_b,20,24,a5,1e-06,1e-06,1846,2.0823927765237022,2288559.0,2804.606617647059,816,70,0.07900677200902935,52212095.0,54387.598958333336,960,70000,0.9833666666666666,0.9741
mnist,val,resnet_c,20,24,a2,1e-06,1e-06,257,2.048,26367.0,225.35897435897436,117,8,0.064,687746.0,5210.19696969697,132,10000,0.9832333333333333,0.9716
mnist,val,resnet_c,20,16,a3,1e-06,1e-06,238,2.043103448275862,19396.0,177.94495412844037,109,7,0.0603448275862069,698210.0,5723.0327868852455,122,10000,0.9753333333333334,0.9712
mnist,train,resnet_c,20,144,a1,1e-06,1e-06,543,2.068702290076336,267903.0,1107.0371900826447,242,20,0.07633587786259542,3096726.0,11020.377224199288,281,60000,0.9996333333333334,0.9799
mnist,train,resnet_c,20,40,a5,1e-06,1e-06,1781,2.109004739336493,2171755.0,2861.3372859025035,759,85,0.10071090047393365,45191273.0,48229.74706510139,937,60000,0.9910833333333333,0.9751
mnist,trainUval,resnet_c,20,56,a4,1e-06,1e-06,1990,2.0892857142857144,2278584.0,2622.0759493670885,869,83,0.08718487394957983,55659853.0,53622.20905587669,1038,70000,0.9954333333333333,0.9784
mnist,val,resnet_a,20,0,a3,1e-06,1e-06,210,2.029126213592233,34759.0,351.1010101010101,99,4,0.038834951456310676,711598.0,6650.448598130841,107,10000,0.7192666666666667,0.883
mnist,val,resnet_a,20,80,a1,1e-06,1e-06,164,2.0375,33743.0,449.9066666666667,75,5,0.0625,157947.0,1880.3214285714287,84,10000,0.9982333333333333,0.979
mnist,train,resnet_a,20,72,a4,1e-06,1e-06,1819,2.082474226804124,2308798.0,2857.4232673267325,808,65,0.07445589919816724,45567169.0,48168.254756871036,946,60000,0.99605,0.9787
mnist,train,resnet_a,20,64,a5,1e-06,1e-06,1825,2.0965517241379312,2511341.0,3186.980964467005,788,82,0.09425287356321839,47011459.0,49226.65863874346,955,60000,0.9966666666666667,0.9767
mnist,trainUval,resnet_a,20,80,a3,1e-06,1e-06,1999,2.0921465968586386,1232923.0,1410.6670480549199,874,81,0.08481675392670157,50572539.0,48441.129310344826,1044,70000,0.9982333333333333,0.979
mnist,trainUval,resnet_a,20,136,a2,1e-06,1e-06,1855,2.0925507900677203,654572.0,812.1240694789082,806,80,0.09029345372460497,40366793.0,41658.19711042312,969,70000,0.9996333333333334,0.9786
mnist,val,resnet_b,20,96,a4,1e-06,1e-06,358,2.0755813953488373,87808.0,559.2866242038217,157,15,0.0872093023255814,1506375.0,8098.790322580645,186,10000,0.9990833333333333,0.9804
mnist,val,resnet_b,20,32,a3,1e-06,1e-06,274,2.0526315789473686,19081.0,152.648,125,8,0.06015037593984962,955528.0,6776.7943262411345,141,10000,0.9854833333333334,0.9749
mnist,train,resnet_b,20,24,a1,1e-06,1e-06,513,2.089795918367347,146825.0,658.4080717488789,223,22,0.08979591836734693,3756900.0,14018.283582089553,268,60000,0.9833666666666666,0.9741
mnist,trainUval,resnet_b,20,40,a4,1e-06,1e-06,2004,2.084287200832466,1888557.0,2138.796149490374,883,78,0.08116545265348596,54165952.0,51932.839884947265,1043,70000,0.9911833333333333,0.9766
mnist,trainUval,resnet_b,20,104,a5,1e-06,1e-06,2373,2.1065719360568385,4067236.0,4003.185039370079,1016,110,0.09769094138543517,73320749.0,58797.71371291098,1247,70000,0.9994833333333333,0.9788
mnist,val,resnet_c,20,16,a2,1e-06,1e-06,222,2.0275229357798166,19829.0,190.66346153846155,104,5,0.045871559633027525,490976.0,4344.920353982301,113,10000,0.9753333333333334,0.9712
mnist,val,resnet_c,20,104,a4,1e-06,1e-06,370,2.0847457627118646,106101.0,654.9444444444445,162,15,0.0847457627118644,1545180.0,8006.113989637306,193,10000,0.9995666666666667,0.9787
mnist,train,resnet_c,20,64,a2,1e-06,1e-06,1481,2.102272727272727,298419.0,467.7413793103448,638,66,0.09375,24115677.0,31036.907335907337,777,60000,0.9961833333333333,0.9772
mnist,train,resnet_c,20,136,a4,1e-06,1e-06,1996,2.084639498432602,2703977.0,3069.2133938706015,881,76,0.0794148380355277,49451426.0,47595.21270452358,1039,60000,0.9997166666666667,0.9817
mnist,trainUval,resnet_c,20,24,a5,1e-06,1e-06,1904,2.0935093509350935,2063200.0,2470.8982035928143,835,74,0.0814081408140814,54864579.0,55140.28040201005,995,70000,0.9832333333333333,0.9716
mnist,val,resnet_a,20,80,a4,1e-06,1e-06,376,2.0718232044198897,68658.0,408.67857142857144,168,13,0.0718232044198895,1510134.0,7744.276923076923,195,10000,0.9982333333333333,0.979
mnist,val,resnet_a,20,136,a5,1e-06,1e-06,374,2.095505617977528,69863.0,433.93167701863354,161,17,0.09550561797752809,1625171.0,8291.688775510203,196,10000,0.9996333333333334,0.9786
mnist,train,resnet_a,20,64,a3,1e-06,1e-06,1665,2.0957178841309823,894616.0,1240.7988904299584,721,73,0.09193954659949623,36936493.0,42406.995407577495,871,60000,0.9966666666666667,0.9767
mnist,train,resnet_a,20,48,a4,1e-06,1e-06,1824,2.0954022988505745,1797616.0,2269.717171717172,792,78,0.0896551724137931,44575948.0,46725.31236897274,954,60000,0.99415,0.9771
mnist,trainUval,resnet_a,20,8,a1,1e-06,1e-06,630,2.0966666666666667,198915.0,734.0036900369004,271,29,0.09666666666666666,7000689.0,21214.20909090909,330,70000,0.9588833333333333,0.957
mnist,trainUval,resnet_a,20,24,a4,1e-06,1e-06,1786,2.0755813953488373,1234462.0,1543.0775,800,60,0.06976744186046512,46429207.0,50139.532397408206,926,70000,0.9826666666666667,0.9713
mnist,val,resnet_b,20,8,a4,1e-06,1e-06,230,2.0265486725663715,26077.0,241.4537037037037,108,5,0.04424778761061947,791235.0,6762.692307692308,117,10000,0.9579166666666666,0.9562
mnist,val,resnet_b,20,40,a2,1e-06,1e-06,267,2.111111111111111,24804.0,221.46428571428572,112,14,0.1111111111111111,732135.0,5192.446808510638,141,10000,0.9911833333333333,0.9766
mnist,train,resnet_b,20,32,a1,1e-06,1e-06,564,2.039855072463768,164604.0,625.8707224334601,263,13,0.04710144927536232,3795809.0,13179.892361111111,288,60000,0.9854833333333334,0.9749
mnist,trainUval,resnet_b,20,120,a2,1e-06,1e-06,1714,2.099264705882353,396116.0,536.7425474254743,738,78,0.09558823529411764,33937632.0,37792.46325167038,898,70000,0.9997333333333334,0.9797
mnist,trainUval,resnet_b,20,56,a5,1e-06,1e-06,2181,2.112403100775194,3048841.0,3299.6114718614717,924,108,0.10465116279069768,66462390.0,57843.681462140994,1149,70000,0.9956833333333334,0.9795
mnist,val,resnet_c,20,96,a4,1e-06,1e-06,369,2.0558659217877095,34051.0,203.89820359281438,167,12,0.0670391061452514,1460398.0,7686.305263157895,190,10000,0.999,0.9792
mnist,val,resnet_c,20,32,a3,1e-06,1e-06,289,2.028169014084507,26399.0,194.11029411764707,136,6,0.04225352112676056,970870.0,6604.557823129252,147,10000,0.9856166666666667,0.974
mnist,train,resnet_c,20,24,a1,1e-06,1e-06,573,2.0952380952380953,170099.0,691.459349593496,246,27,0.0989010989010989,4224562.0,14081.873333333333,300,60000,0.9832333333333333,0.9716
mnist,trainUval,resnet_c,20,40,a4,1e-06,1e-06,1900,2.089108910891089,1997521.0,2412.4649758454107,828,81,0.0891089108910891,51191720.0,51656.62966700303,991,70000,0.9910833333333333,0.9751
mnist,trainUval,resnet_c,20,104,a5,1e-06,1e-06,2355,2.0905861456483126,4402777.0,4295.392195121951,1025,101,0.08969804618117229,70458238.0,57329.72986167616,1229,70000,0.9995666666666667,0.9787
mnist,val,resnet_a,20,48,a5,1e-06,1e-06,342,2.0419161676646707,80813.0,511.4746835443038,158,9,0.05389221556886228,1462246.0,8355.691428571428,175,10000,0.99415,0.9771
mnist,val,resnet_a,20,32,a5,1e-06,1e-06,311,2.066666666666667,42169.0,305.57246376811594,138,12,0.08,1240881.0,7707.335403726708,161,10000,0.9849333333333333,0.9733
mnist,train,resnet_a,20,128,a5,1e-06,1e-06,2117,2.0826771653543306,3494622.0,3729.5859124866597,937,79,0.07775590551181102,55664829.0,50558.42779291553,1101,60000,0.99965,0.981
mnist,train,resnet_a,20,128,a4,1e-06,1e-06,1947,2.101511879049676,2352675.0,2817.574850299401,835,91,0.09827213822894168,49268980.0,48255.61214495593,1021,60000,0.99965,0.981
mnist,trainUval,resnet_a,20,80,a5,1e-06,1e-06,2239,2.099437148217636,4019594.0,4152.4731404958675,968,98,0.09193245778611632,67849950.0,57843.09462915601,1173,70000,0.9982333333333333,0.979
mnist,trainUval,resnet_a,20,96,a2,1e-06,1e-06,1771,2.1197604790419162,362443.0,485.8485254691689,746,89,0.10658682634730539,35639748.0,38076.653846153844,936,70000,0.99905,0.9783
mnist,val,resnet_b,20,48,a3,1e-06,1e-06,320,2.031847133757962,39985.0,266.56666666666666,150,7,0.044585987261146494,1155715.0,7090.2760736196315,163,10000,0.9941333333333333,0.9781
mnist,val,resnet_b,20,72,a5,1e-06,1e-06,376,2.106741573033708,89240.0,568.4076433121019,157,21,0.11797752808988764,1649068.0,8328.626262626263,198,10000,0.9959,0.9782
mnist,train,resnet_b,20,8,a5,1e-06,1e-06,1452,2.0699001426533523,1095939.0,1670.6387195121952,656,45,0.06419400855920114,34558585.0,46016.75765645806,751,60000,0.9579166666666666,0.9562
mnist,trainUval,resnet_b,20,32,a4,1e-06,1e-06,1871,2.096412556053812,1333785.0,1652.7695167286245,807,85,0.0952914798206278,48722447.0,49767.56588355465,979,70000,0.9854833333333334,0.9749
mnist,trainUval,resnet_b,20,112,a4,1e-06,1e-06,2289,2.0971585701191566,3300796.0,3320.7203219315898,994,97,0.08890925756186985,67959118.0,56727.14357262103,1198,70000,0.9996333333333334,0.9799
mnist,val,resnet_c,20,8,a4,1e-06,1e-06,237,2.0701754385964914,24042.0,226.81132075471697,106,8,0.07017543859649122,884383.0,7190.1056910569105,123,10000,0.9582333333333334,0.9556
mnist,val,resnet_c,20,40,a2,1e-06,1e-06,232,2.0625,15765.0,153.05825242718447,103,9,0.08035714285714286,592539.0,4937.825,120,10000,0.9910833333333333,0.9751
mnist,train,resnet_c,20,32,a1,1e-06,1e-06,531,2.0703125,168522.0,711.0632911392405,237,19,0.07421875,3943122.0,14338.625454545454,275,60000,0.9856166666666667,0.974
mnist,trainUval,resnet_c,20,120,a2,1e-06,1e-06,1751,2.0933014354066986,408766.0,535.7352555701179,763,73,0.08732057416267942,33456027.0,36563.96393442623,915,70000,0.9995,0.9804
mnist,trainUval,resnet_c,20,56,a5,1e-06,1e-06,2057,2.100102145045965,3230431.0,3654.33371040724,884,95,0.09703779366700716,61555037.0,57101.14749536178,1078,70000,0.9954333333333333,0.9784
mnist,val,resnet_a,20,64,a4,1e-06,1e-06,320,2.0714285714285716,51486.0,365.1489361702128,141,13,0.08441558441558442,1336360.0,8050.361445783133,166,10000,0.9966666666666667,0.9767
mnist,val,resnet_a,20,144,a3,1e-06,1e-06,341,2.125,77426.0,549.1205673758865,141,19,0.11875,1417072.0,7829.1270718232045,181,10000,0.9997666666666667,0.9804
mnist,train,resnet_a,20,120,a3,1e-06,1e-06,1882,2.0876803551609324,974427.0,1169.7803121248498,833,68,0.07547169811320754,44518234.0,45380.4627930683,981,60000,0.9996166666666667,0.9801
mnist,train,resnet_a,20,0,a1,1e-06,1e-06,447,2.036529680365297,1032078.0,4938.172248803828,209,10,0.045662100456621,10030456.0,43993.228070175435,228,60000,0.7192666666666667,0.883
mnist,trainUval,resnet_a,20,8,a3,1e-06,1e-06,1431,2.0754716981132075,702845.0,1098.1953125,640,49,0.07111756168359942,31034273.0,41825.16576819407,742,70000,0.9588833333333333,0.957
mnist,trainUval,resnet_a,20,16,a5,1e-06,1e-06,1790,2.0899532710280373,2141288.0,2727.755414012739,785,71,0.08294392523364486,50505328.0,54074.22698072805,934,70000,0.976,0.9675
mnist,val,resnet_b,20,120,a4,1e-06,1e-06,355,2.094674556213018,84755.0,553.9542483660131,153,16,0.09467455621301775,1526327.0,8206.059139784946,186,10000,0.9997333333333334,0.9797
mnist,val,resnet_b,20,120,a1,1e-06,1e-06,170,2.0864197530864197,32326.0,442.82191780821915,73,8,0.09876543209876543,164597.0,1849.4044943820224,89,10000,0.9997333333333334,0.9797
mnist,train,resnet_b,20,128,a3,1e-06,1e-06,1954,2.115926327193933,1680979.0,2044.9866180048662,822,101,0.1094257854821235,47080860.0,45665.237633365665,1031,60000,0.9998,0.9783
mnist,trainUval,resnet_b,20,72,a3,1e-06,1e-06,1971,2.106951871657754,1447242.0,1722.9071428571428,840,95,0.10160427807486631,50988522.0,49216.720077220074,1036,70000,0.9959,0.9782
mnist,trainUval,resnet_b,20,24,a3,1e-06,1e-06,1614,2.1002604166666665,1268160.0,1827.3198847262247,694,74,0.09635416666666667,39950654.0,47222.995271867614,846,70000,0.9833666666666666,0.9741
mnist,val,resnet_c,20,48,a3,1e-06,1e-06,329,2.05,34447.0,229.64666666666668,150,10,0.0625,1190342.0,7043.443786982249,169,10000,0.9941166666666666,0.9759
mnist,val,resnet_c,20,72,a5,1e-06,1e-06,352,2.0892857142857144,79309.0,525.225165562914,151,17,0.10119047619047619,1461332.0,7942.021739130435,184,10000,0.99615,0.9776
mnist,train,resnet_c,20,8,a5,1e-06,1e-06,1383,2.0781954887218044,975981.0,1589.5456026058632,614,51,0.07669172932330827,30988329.0,43159.232590529245,718,60000,0.9582333333333334,0.9556
mnist,trainUval,resnet_c,20,32,a4,1e-06,1e-06,1814,2.091118800461361,1303479.0,1647.8874841972188,791,76,0.08765859284890427,48193836.0,50891.062302006336,947,70000,0.9856166666666667,0.974
mnist,trainUval,resnet_c,20,112,a4,1e-06,1e-06,2236,2.100563909774436,2293490.0,2371.758014477766,967,97,0.09116541353383459,62926681.0,53691.707337883956,1172,70000,0.9995333333333334,0.9805
mnist,val,resnet_a,20,48,a2,1e-06,1e-06,257,2.064516129032258,19836.0,172.48695652173913,115,9,0.07258064516129033,708664.0,5328.300751879699,133,10000,0.99415,0.9771
mnist,val,resnet_a,20,112,a3,1e-06,1e-06,334,2.08125,71983.0,496.4344827586207,145,15,0.09375,1287726.0,7400.724137931034,174,10000,0.9995666666666667,0.9805
mnist,train,resnet_a,20,104,a2,1e-06,1e-06,1558,2.104054054054054,343523.0,514.2559880239521,668,72,0.0972972972972973,28156980.0,34421.735941320294,818,60000,0.9993333333333333,0.9795
mnist,train,resnet_a,20,88,a4,1e-06,1e-06,1907,2.127232142857143,2425664.0,3054.992443324937,794,102,0.11383928571428571,48774089.0,48243.41147378833,1011,60000,0.9986333333333334,0.9787
mnist,trainUval,resnet_a,20,0,a4,1e-06,1e-06,1156,2.073608617594255,2848581.0,5541.986381322958,514,43,0.07719928186714542,33196378.0,55419.662771285475,599,70000,0.7192666666666667,0.883
mnist,trainUval,resnet_a,20,56,a3,1e-06,1e-06,1912,2.097694840834248,887432.0,1071.7777777777778,828,83,0.09110867178924259,47576752.0,47529.22277722278,1001,70000,0.9953333333333333,0.9775
mnist,val,resnet_b,20,16,a4,1e-06,1e-06,269,2.0150375939849625,21384.0,165.7674418604651,129,4,0.03007518796992481,990828.0,7285.5,136,10000,0.9763333333333334,0.9694
mnist,val,resnet_b,20,88,a2,1e-06,1e-06,315,2.0657894736842106,21497.0,153.55,140,12,0.07894736842105263,872946.0,5355.496932515337,163,10000,0.9987333333333334,0.9792
mnist,train,resnet_b,20,136,a3,1e-06,1e-06,1885,2.1144781144781146,1257687.0,1583.9886649874056,794,97,0.10886644219977554,42949417.0,43208.66901408451,994,60000,0.9998333333333334,0.9812
mnist,trainUval,resnet_b,20,56,a2,1e-06,1e-06,1638,2.0747782002534856,597669.0,817.6046511627907,731,58,0.07351077313054499,28390289.0,33439.68080094228,849,70000,0.9956833333333334,0.9795
mnist,trainUval,resnet_b,20,80,a2,1e-06,1e-06,1695,2.0836408364083643,497680.0,660.929614873838,753,60,0.07380073800738007,34398737.0,39000.83560090703,882,70000,0.9975833333333334,0.9787
mnist,val,resnet_c,20,120,a4,1e-06,1e-06,388,2.091891891891892,91053.0,545.2275449101796,167,18,0.0972972972972973,1621418.0,7987.28078817734,203,10000,0.9995,0.9804
mnist,val,resnet_c,20,120,a1,1e-06,1e-06,169,2.0240963855421685,27938.0,353.6455696202532,79,4,0.04819277108433735,169764.0,1974.0,86,10000,0.9995,0.9804
mnist,train,resnet_c,20,128,a3,1e-06,1e-06,1834,2.1093210586881472,1644072.0,2113.203084832905,778,91,0.1047180667433832,44340660.0,45948.87046632124,965,60000,0.9996666666666667,0.9804
mnist,trainUval,resnet_c,20,72,a3,1e-06,1e-06,1868,2.0930493273542603,1355545.0,1669.39039408867,812,80,0.08968609865470852,49011565.0,50216.76741803279,976,70000,0.99615,0.9776
mnist,trainUval,resnet_c,20,24,a3,1e-06,1e-06,1660,2.0920554854981086,813923.0,1113.437756497948,731,62,0.07818411097099622,38530501.0,44441.17762399077,867,70000,0.9832333333333333,0.9716
mnist,val,resnet_a,20,144,a5,1e-06,1e-06,383,2.0760869565217392,110496.0,646.1754385964912,171,13,0.07065217391304347,1640840.0,8245.427135678392,199,10000,0.9997666666666667,0.9804
mnist,val,resnet_a,20,112,a5,1e-06,1e-06,378,2.037837837837838,101867.0,578.7897727272727,176,9,0.04864864864864865,1589193.0,8234.160621761657,193,10000,0.9995666666666667,0.9805
mnist,train,resnet_a,20,32,a2,1e-06,1e-06,1286,2.0826580226904374,345627.0,609.5714285714286,567,50,0.08103727714748785,17757064.0,26542.696562032885,669,60000,0.9849333333333333,0.9733
mnist,train,resnet_a,20,120,a5,1e-06,1e-06,2154,2.10871694417238,2515663.0,2737.391730141458,919,102,0.09990205680705191,56064460.0,49483.19505736981,1133,60000,0.9996166666666667,0.9801
mnist,trainUval,resnet_a,20,144,a2,1e-06,1e-06,1842,2.1332560834298957,383400.0,504.4736842105263,760,103,0.11935110081112399,35951122.0,36722.29009193054,979,70000,0.9997666666666667,0.9804
mnist,trainUval,resnet_a,20,88,a3,1e-06,1e-06,2031,2.1058091286307055,1212112.0,1394.8354430379748,869,95,0.09854771784232365,52549327.0,49249.60356138707,1067,70000,0.9986333333333334,0.9787
mnist,val,resnet_b,20,0,a2,1e-06,1e-06,191,2.0,48106.0,517.2688172043011,93,2,0.021052631578947368,641559.0,6682.90625,96,10000,0.7147666666666667,0.8879
mnist,val,resnet_b,20,56,a1,1e-06,1e-06,173,2.0476190476190474,24199.0,306.3164556962025,79,5,0.05952380952380952,174943.0,1965.6516853932585,89,10000,0.9956833333333334,0.9795
mnist,train,resnet_b,20,72,a1,1e-06,1e-06,542,2.080769230769231,249881.0,1045.5271966527196,239,21,0.08076923076923077,3457714.0,12261.397163120568,282,60000,0.9959,0.9782
mnist,trainUval,resnet_b,20,112,a2,1e-06,1e-06,1801,2.1101992966002343,716426.0,936.5045751633987,765,88,0.10316529894490035,37176992.0,39216.23628691983,948,70000,0.9996333333333334,0.9799
mnist,trainUval,resnet_b,20,104,a1,1e-06,1e-06,643,2.1049180327868853,279017.0,1018.3102189781022,274,31,0.10163934426229508,4294252.0,12704.887573964497,338,70000,0.9994833333333333,0.9788
mnist,val,resnet_c,20,16,a4,1e-06,1e-06,291,2.027972027972028,28387.0,207.20437956204378,137,6,0.04195804195804196,1004851.0,6789.533783783784,148,10000,0.9753333333333334,0.9712
mnist,val,resnet_c,20,88,a2,1e-06,1e-06,288,2.0354609929078014,22099.0,164.9179104477612,134,7,0.04964539007092199,832826.0,5665.482993197279,147,10000,0.9987333333333334,0.979
mnist,train,resnet_c,20,136,a3,1e-06,1e-06,1778,2.0881316098707403,1367917.0,1751.49423815621,781,70,0.08225616921269095,41518146.0,44787.644012944984,927,60000,0.9997166666666667,0.9817
mnist,trainUval,resnet_c,20,56,a2,1e-06,1e-06,1550,2.0989159891598916,382088.0,572.8455772113944,667,71,0.09620596205962059,28787230.0,35452.25369458128,812,70000,0.9954333333333333,0.9784
mnist,trainUval,resnet_c,20,80,a2,1e-06,1e-06,1591,2.1031746031746033,369771.0,539.0247813411079,686,70,0.09259259259259259,31169485.0,37328.7245508982,835,70000,0.9979166666666667,0.9786
mnist,val,resnet_a,20,40,a1,1e-06,1e-06,150,2.041095890410959,37876.0,557.0,68,5,0.0684931506849315,167851.0,2179.883116883117,77,10000,0.9913333333333333,0.9765
mnist,val,resnet_a,20,88,a1,1e-06,1e-06,139,2.0294117647058822,37168.0,580.75,64,4,0.058823529411764705,146441.0,2062.549295774648,71,10000,0.9986333333333334,0.9787
mnist,train,resnet_a,20,96,a3,1e-06,1e-06,1888,2.0989988876529475,1597000.0,1961.916461916462,814,85,0.09454949944382647,43819714.0,44307.09201213347,989,60000,0.99905,0.9783
mnist,train,resnet_a,20,72,a2,1e-06,1e-06,1476,2.080394922425952,346192.0,527.7317073170732,656,53,0.07475317348377997,23799347.0,31029.13559322034,767,60000,0.99605,0.9787
mnist,trainUval,resnet_a,20,136,a1,1e-06,1e-06,739,2.1085714285714285,291878.0,923.6645569620254,316,34,0.09714285714285714,4835939.0,12431.719794344473,389,70000,0.9996333333333334,0.9786
mnist,trainUval,resnet_a,20,40,a3,1e-06,1e-06,1838,2.0757062146892657,645604.0,786.3629719853836,821,64,0.07231638418079096,42018842.0,44091.12486883526,953,70000,0.9913333333333333,0.9765
mnist,val,resnet_b,20,96,a5,1e-06,1e-06,376,2.0604395604395602,104229.0,616.7396449704142,169,13,0.07142857142857142,1619878.0,8349.886597938144,194,10000,0.9990833333333333,0.9804
mnist,val,resnet_b,20,64,a1,1e-06,1e-06,159,2.0256410256410255,28428.0,384.1621621621622,74,4,0.05128205128205128,162300.0,2003.7037037037037,81,10000,0.9958833333333333,0.9777
mnist,train,resnet_b,20,0,a5,1e-06,1e-06,1286,2.0659163987138265,2837234.0,4874.972508591065,582,40,0.06430868167202572,32120087.0,48373.625,664,60000,0.7147666666666667,0.8879
mnist,trainUval,resnet_b,20,104,a3,1e-06,1e-06,2068,2.0963488843813387,1865434.0,2081.957589285714,896,90,0.09127789046653144,55530536.0,51322.12199630314,1082,70000,0.9994833333333333,0.9788
mnist,trainUval,resnet_b,20,88,a5,1e-06,1e-06,2345,2.104129263913824,4529010.0,4488.612487611496,1009,105,0.09425493716337523,72742085.0,59091.86433793664,1231,70000,0.9987333333333334,0.9792
mnist,val,resnet_c,20,0,a2,1e-06,1e-06,182,2.033707865168539,49381.0,587.8690476190476,84,5,0.056179775280898875,617592.0,6640.774193548387,93,10000,0.7126833333333333,0.8864
mnist,val,resnet_c,20,56,a1,1e-06,1e-06,164,2.0632911392405062,26838.0,367.64383561643837,73,6,0.0759493670886076,171670.0,2019.6470588235295,85,10000,0.9954333333333333,0.9784
mnist,train,resnet_c,20,72,a1,1e-06,1e-06,546,2.0881226053639845,128922.0,539.4225941422594,239,22,0.0842911877394636,3505254.0,12299.136842105263,285,60000,0.99615,0.9776
mnist,trainUval,resnet_c,20,112,a2,1e-06,1e-06,1695,2.0965346534653464,489083.0,664.5149456521739,736,72,0.0891089108910891,34723505.0,39147.13077790305,887,70000,0.9995333333333334,0.9805
mnist,trainUval,resnet_c,20,104,a1,1e-06,1e-06,572,2.039285714285714,212742.0,796.7865168539325,267,13,0.04642857142857143,3884551.0,13303.256849315068,292,70000,0.9995666666666667,0.9787
mnist,val,resnet_a,20,8,a2,1e-06,1e-06,179,2.045977011494253,20326.0,250.93827160493828,81,6,0.06896551724137931,435400.0,4732.608695652174,92,10000,0.9588833333333333,0.957
mnist,val,resnet_a,20,112,a1,1e-06,1e-06,172,2.0602409638554215,22025.0,289.80263157894734,76,7,0.08433734939759036,168555.0,1893.876404494382,89,10000,0.9995666666666667,0.9805
mnist,train,resnet_a,20,16,a1,1e-06,1e-06,528,2.08300395256917,172762.0,747.8874458874459,231,22,0.08695652173913043,4132635.0,15027.763636363636,275,60000,0.976,0.9675
mnist,train,resnet_a,20,96,a1,1e-06,1e-06,605,2.0684931506849313,169263.0,620.010989010989,273,19,0.06506849315068493,3516581.0,11235.083067092652,313,60000,0.99905,0.9783
mnist,trainUval,resnet_a,20,24,a2,1e-06,1e-06,1378,2.0737951807228914,347677.0,565.3284552845529,615,49,0.07379518072289157,23382474.0,32748.563025210085,714,70000,0.9826666666666667,0.9713
mnist,trainUval,resnet_a,20,16,a3,1e-06,1e-06,1534,2.0716216216216217,826267.0,1204.4708454810495,686,54,0.07297297297297298,36899316.0,46472.690176322416,794,70000,0.976,0.9675
mnist,val,resnet_b,20,144,a1,1e-06,1e-06,176,2.0588235294117645,23013.0,291.30379746835445,79,6,0.07058823529411765,162529.0,1786.032967032967,91,10000,0.9996666666666667,0.9813
mnist,val,resnet_b,20,40,a5,1e-06,1e-06,342,2.066666666666667,76287.0,501.8881578947368,152,13,0.07878787878787878,1464086.0,8271.672316384182,177,10000,0.9911833333333333,0.9766
mnist,train,resnet_b,20,56,a4,1e-06,1e-06,1791,2.1058823529411765,1674650.0,2183.3767926988266,767,83,0.0976470588235294,43143229.0,45848.27736450585,941,60000,0.9956833333333334,0.9795
mnist,trainUval,resnet_b,20,0,a3,1e-06,1e-06,902,2.0808314087759814,1903201.0,4769.9273182957395,399,34,0.07852193995381063,26171920.0,55803.66737739872,469,70000,0.7147666666666667,0.8879
mnist,trainUval,resnet_b,20,80,a1,1e-06,1e-06,658,2.0725552050473186,154752.0,526.3673469387755,294,23,0.07255520504731862,4895878.0,14357.413489736071,341,70000,0.9975833333333334,0.9787
mnist,val,resnet_c,20,96,a5,1e-06,1e-06,374,2.1193181818181817,78420.0,505.93548387096774,155,21,0.11931818181818182,1628964.0,8227.09090909091,198,10000,0.999,0.9792
mnist,val,resnet_c,20,64,a1,1e-06,1e-06,150,2.0135135135135136,19434.0,273.71830985915494,71,3,0.04054054054054054,163439.0,2150.5131578947367,76,10000,0.9961833333333333,0.9772
mnist,train,resnet_c,20,0,a5,1e-06,1e-06,1355,2.076687116564417,3450553.0,5712.836092715232,604,48,0.0736196319018405,33185849.0,47206.04409672831,703,60000,0.7126833333333333,0.8864
mnist,trainUval,resnet_c,20,104,a3,1e-06,1e-06,2000,2.1064278187565857,2066697.0,2422.8569753810084,853,96,0.101159114857745,51457677.0,48960.6822074215,1051,70000,0.9995666666666667,0.9787
mnist,trainUval,resnet_c,20,88,a5,1e-06,1e-06,2313,2.0999091734786557,3947082.0,3962.9337349397592,996,105,0.09536784741144415,70254903.0,57966.091584158414,1212,70000,0.9987333333333334,0.979
mnist,val,resnet_a,20,144,a4,1e-06,1e-06,366,2.134502923976608,93159.0,629.4527027027027,148,23,0.13450292397660818,1550974.0,7953.71282051282,195,10000,0.9997666666666667,0.9804
mnist,val,resnet_a,20,48,a1,1e-06,1e-06,148,2.0136986301369864,27787.0,396.95714285714286,70,3,0.0410958904109589,150465.0,2006.2,75,10000,0.99415,0.9771
mnist,train,resnet_a,20,128,a2,1e-06,1e-06,1555,2.1085481682496607,281883.0,425.8051359516616,662,75,0.10176390773405698,30615195.0,37426.888753056235,818,60000,0.99965,0.981
mnist,train,resnet_a,20,128,a1,1e-06,1e-06,565,2.1044776119402986,269541.0,1118.4273858921163,241,27,0.10074626865671642,3083170.0,10381.04377104377,297,60000,0.99965,0.981
mnist,trainUval,resnet_a,20,16,a2,1e-06,1e-06,1248,2.1028667790893762,353443.0,658.1806331471136,537,56,0.09443507588532883,21825948.0,33322.058015267176,655,70000,0.976,0.9675
mnist,trainUval,resnet_a,20,104,a4,1e-06,1e-06,2260,2.1053122087604845,2940287.0,3040.6277145811787,967,106,0.09878844361602983,66295933.0,55851.670598146586,1187,70000,0.9993333333333333,0.9795
mnist,val,resnet_b,20,64,a2,1e-06,1e-06,250,2.040983606557377,21618.0,187.98260869565217,115,7,0.05737704918032787,615934.0,4811.984375,128,10000,0.9958833333333333,0.9777
mnist,val,resnet_b,20,136,a4,1e-06,1e-06,358,2.0517241379310347,98475.0,600.4573170731708,164,10,0.05747126436781609,1538491.0,8361.364130434782,184,10000,0.9998333333333334,0.9812
mnist,train,resnet_b,20,24,a5,1e-06,1e-06,1708,2.0893512851897187,1891882.0,2532.6398929049533,747,70,0.08567931456548347,41836892.0,46954.98540965208,891,60000,0.9833666666666666,0.9741
mnist,trainUval,resnet_b,20,80,a4,1e-06,1e-06,2121,2.084562438544739,2917806.0,3117.3141025641025,936,81,0.07964601769911504,60064560.0,54406.30434782609,1104,70000,0.9975833333333334,0.9787
mnist,trainUval,resnet_b,20,136,a5,1e-06,1e-06,2401,2.088772845953003,4267937.0,4053.121557454891,1053,96,0.0835509138381201,73191370.0,58459.5607028754,1252,70000,0.9998333333333334,0.9812
mnist,val,resnet_c,20,144,a1,1e-06,1e-06,184,2.010989010989011,35979.0,408.85227272727275,88,3,0.03296703296703297,169953.0,1827.4516129032259,93,10000,0.9996333333333334,0.9799
mnist,val,resnet_c,20,40,a5,1e-06,1e-06,314,2.045751633986928,71795.0,491.74657534246575,146,7,0.0457516339869281,1283766.0,7973.701863354037,161,10000,0.9910833333333333,0.9751
mnist,train,resnet_c,20,56,a4,1e-06,1e-06,1774,2.0908018867924527,1247830.0,1612.1834625322997,774,74,0.08726415094339622,41903616.0,45252.28509719222,926,60000,0.9954333333333333,0.9784
mnist,trainUval,resnet_c,20,0,a3,1e-06,1e-06,939,2.0615384615384613,2338192.0,5463.065420560748,428,27,0.05934065934065934,26000873.0,53720.811983471074,484,70000,0.7126833333333333,0.8864
mnist,trainUval,resnet_c,20,80,a1,1e-06,1e-06,600,2.087108013937282,227031.0,869.8505747126437,261,26,0.09059233449477352,4336470.0,13854.536741214057,313,70000,0.9979166666666667,0.9786
mnist,val,resnet_a,20,72,a4,1e-06,1e-06,331,2.049689440993789,76213.0,504.72185430463577,151,10,0.062111801242236024,1361184.0,8006.964705882353,170,10000,0.99605,0.9787
mnist,val,resnet_a,20,64,a5,1e-06,1e-06,330,2.0822784810126582,65085.0,455.13986013986016,143,15,0.0949367088607595,1416626.0,8236.197674418605,172,10000,0.9966666666666667,0.9767
mnist,train,resnet_a,20,80,a3,1e-06,1e-06,1743,2.1013268998793726,846386.0,1130.0213618157543,749,80,0.09650180940892641,37668903.0,41213.24179431072,914,60000,0.9982333333333333,0.979
mnist,train,resnet_a,20,136,a2,1e-06,1e-06,1640,2.1093951093951095,471618.0,676.6398852223816,697,80,0.10296010296010295,30821533.0,35714.4067207416,863,60000,0.9996333333333334,0.9786
mnist,trainUval,resnet_a,20,96,a4,1e-06,1e-06,2294,2.1075367647058822,3440056.0,3503.112016293279,982,106,0.0974264705882353,66690408.0,55298.845771144275,1206,70000,0.99905,0.9783
mnist,trainUval,resnet_a,20,32,a3,1e-06,1e-06,1734,2.075449101796407,672828.0,869.2868217054264,774,61,0.07305389221556886,38228513.0,42523.37374860956,899,70000,0.9849333333333333,0.9733
mnist,val,resnet_b,20,24,a1,1e-06,1e-06,148,2.0136986301369864,16492.0,235.6,70,3,0.0410958904109589,168197.0,2242.6266666666666,75,10000,0.9833666666666666,0.9741
mnist,train,resnet_b,20,40,a4,1e-06,1e-06,1716,2.109471094710947,1235146.0,1691.9808219178083,730,83,0.10209102091020911,40756300.0,45134.3300110742,903,60000,0.9911833333333333,0.9766
mnist,train,resnet_b,20,104,a5,1e-06,1e-06,2069,2.1166837256908906,3033263.0,3466.5862857142856,875,102,0.10440122824974411,55301512.0,50642.41025641026,1092,60000,0.9994833333333333,0.9788
mnist,trainUval,resnet_b,20,48,a5,1e-06,1e-06,2206,2.1040076335877864,3364137.0,3552.414994720169,947,101,0.09637404580152671,67408533.0,58211.168393782384,1158,70000,0.9941333333333333,0.9781
mnist,trainUval,resnet_b,20,32,a5,1e-06,1e-06,1959,2.1053763440860216,1962023.0,2341.316229116945,838,92,0.0989247311827957,56548357.0,54954.67152575316,1029,70000,0.9854833333333334,0.9749
mnist,val,resnet_c,20,64,a2,1e-06,1e-06,286,2.0802919708029197,16738.0,133.904,125,12,0.08759124087591241,878355.0,5895.0,149,10000,0.9961833333333333,0.9772
mnist,val,resnet_c,20,136,a4,1e-06,1e-06,375,2.0437158469945356,84782.0,487.2528735632184,174,9,0.04918032786885246,1541800.0,8030.208333333333,192,10000,0.9997166666666667,0.9817
mnist,train,resnet_c,20,24,a5,1e-06,1e-06,1609,2.082901554404145,1406098.0,1961.0850767085076,717,55,0.07124352331606218,39217246.0,46854.53524492234,837,60000,0.9832333333333333,0.9716
mnist,trainUval,resnet_c,20,80,a4,1e-06,1e-06,2100,2.107429718875502,2707605.0,3021.8805803571427,896,100,0.10040160642570281,59722046.0,54096.05615942029,1104,70000,0.9979166666666667,0.9786
mnist,trainUval,resnet_c,20,136,a5,1e-06,1e-06,2377,2.0897097625329817,4497168.0,4336.7097396335585,1037,100,0.08795074758135445,72244398.0,58261.61129032258,1240,70000,0.9997166666666667,0.9817
mnist,val,resnet_a,20,64,a3,1e-06,1e-06,310,2.0463576158940397,53466.0,376.5211267605634,142,9,0.059602649006622516,1192691.0,7501.201257861635,159,10000,0.9966666666666667,0.9767
mnist,val,resnet_a,20,48,a4,1e-06,1e-06,321,2.038216560509554,64166.0,430.6442953020134,149,8,0.050955414012738856,1293317.0,7886.079268292683,164,10000,0.99415,0.9771
mnist,train,resnet_a,20,8,a1,1e-06,1e-06,537,2.1019607843137256,142920.0,618.7012987012987,231,24,0.09411764705882353,5174306.0,18348.602836879432,282,60000,0.9588833333333333,0.957
mnist,train,resnet_a,20,24,a4,1e-06,1e-06,1526,2.0919067215363514,889407.0,1337.4541353383458,665,64,0.0877914951989026,35456717.0,44487.7252195734,797,60000,0.9826666666666667,0.9713
mnist,trainUval,resnet_a,20,8,a4,1e-06,1e-06,1513,2.08551724137931,1088544.0,1639.3734939759036,664,61,0.08413793103448276,37276729.0,47305.493654822334,788,70000,0.9588833333333333,0.957
mnist,trainUval,resnet_a,20,40,a2,1e-06,1e-06,1492,2.088235294117647,348096.0,531.4442748091603,655,59,0.08263305322128851,28211665.0,36261.78020565553,778,70000,0.9913333333333333,0.9765
mnist,val,resnet_b,20,32,a1,1e-06,1e-06,123,2.0,30634.0,519.2203389830509,59,2,0.03278688524590164,131297.0,2117.6935483870966,62,10000,0.9854833333333334,0.9749
mnist,train,resnet_b,20,120,a2,1e-06,1e-06,1505,2.1034965034965034,291058.0,449.8578052550232,647,68,0.0951048951048951,26963618.0,34131.16202531646,790,60000,0.9997333333333334,0.9797
mnist,train,resnet_b,20,56,a5,1e-06,1e-06,1909,2.1059602649006623,2339048.0,2862.971848225214,817,89,0.09823399558498896,49705467.0,49556.79661016949,1003,60000,0.9956833333333334,0.9795
mnist,trainUval,resnet_b,20,64,a4,1e-06,1e-06,2101,2.097902097902098,1923663.0,2109.279605263158,912,89,0.08891108891108891,58057117.0,52779.19727272727,1100,70000,0.9958833333333333,0.9777
mnist,trainUval,resnet_b,20,144,a3,1e-06,1e-06,2111,2.0974155069582503,2236559.0,2441.6582969432316,916,90,0.08946322067594434,61181888.0,55368.22443438914,1105,70000,0.9996666666666667,0.9813
mnist,val,resnet_c,20,24,a1,1e-06,1e-06,153,2.054054054054054,20074.0,295.20588235294116,68,6,0.08108108108108109,187540.0,2373.9240506329115,79,10000,0.9832333333333333,0.9716
mnist,train,resnet_c,20,40,a4,1e-06,1e-06,1678,2.1041405269761606,1485734.0,2066.3894297635607,719,78,0.09786700125470514,39712770.0,45076.92395005676,881,60000,0.9910833333333333,0.9751
mnist,train,resnet_c,20,104,a5,1e-06,1e-06,2077,2.092741935483871,3443033.0,3821.34628190899,901,91,0.09173387096774194,53614136.0,49413.950230414746,1085,60000,0.9995666666666667,0.9787
mnist,trainUval,resnet_c,20,48,a5,1e-06,1e-06,2119,2.097029702970297,2606954.0,2846.019650655022,916,94,0.09306930693069307,62146313.0,56038.154192966635,1109,70000,0.9941166666666666,0.9759
mnist,trainUval,resnet_c,20,32,a5,1e-06,1e-06,1920,2.092693565976009,1870659.0,2240.3101796407186,835,82,0.08942202835332606,53613472.0,53453.112662013955,1003,70000,0.9856166666666667,0.974
mnist,val,resnet_a,20,128,a5,1e-06,1e-06,403,2.0406091370558377,120711.0,645.5133689839572,187,10,0.050761421319796954,1731048.0,8403.14563106796,206,10000,0.99965,0.981
mnist,val,resnet_a,20,128,a4,1e-06,1e-06,384,2.092896174863388,91803.0,553.0301204819277,166,17,0.09289617486338798,1638231.0,8150.4029850746265,201,10000,0.99965,0.981
mnist,train,resnet_a,20,80,a5,1e-06,1e-06,1979,2.110992529348986,3329051.0,3944.3732227488154,844,93,0.09925293489861259,52415832.0,50303.10172744722,1042,60000,0.9982333333333333,0.979
mnist,train,resnet_a,20,96,a2,1e-06,1e-06,1541,2.1270718232044197,340715.0,532.3671875,640,84,0.11602209944751381,26650407.0,32619.837209302324,817,60000,0.99905,0.9783
mnist,trainUval,resnet_a,20,48,a3,1e-06,1e-06,1978,2.0898520084566594,910959.0,1056.7969837587007,862,84,0.08879492600422834,47971187.0,46483.708333333336,1032,70000,0.99415,0.9771
mnist,trainUval,resnet_a,20,72,a5,1e-06,1e-06,2179,2.1023166023166024,3532215.0,3761.67731629393,939,97,0.09362934362934362,66517055.0,58195.148731408575,1143,70000,0.99605,0.9787
mnist,val,resnet_b,20,8,a5,1e-06,1e-06,238,2.043103448275862,39411.0,361.56880733944956,109,7,0.0603448275862069,965999.0,7918.024590163935,122,10000,0.9579166666666666,0.9562
mnist,train,resnet_b,20,32,a4,1e-06,1e-06,1623,2.0875160875160876,880482.0,1238.3713080168777,711,66,0.08494208494208494,37215826.0,43990.33806146572,846,60000,0.9854833333333334,0.9749
mnist,train,resnet_b,20,112,a4,1e-06,1e-06,2001,2.107481559536354,2594343.0,3030.7745327102803,856,93,0.09799789251844046,51587926.0,49037.95247148289,1052,60000,0.9996333333333334,0.9799
mnist,trainUval,resnet_b,20,48,a2,1e-06,1e-06,1651,2.0859671302149176,384406.0,530.2151724137931,725,66,0.08343868520859671,30340277.0,35279.39186046512,860,70000,0.9941333333333333,0.9781
mnist,trainUval,resnet_b,20,112,a3,1e-06,1e-06,2137,2.1044334975369456,2065369.0,2264.65899122807,912,103,0.10147783251231528,59670414.0,53182.1871657754,1122,70000,0.9996333333333334,0.9799
mnist,val,resnet_c,20,32,a1,1e-06,1e-06,149,2.0273972602739727,24995.0,362.2463768115942,69,4,0.0547945205479452,176605.0,2323.75,76,10000,0.9856166666666667,0.974
mnist,train,resnet_c,20,120,a2,1e-06,1e-06,1524,2.1065006915629323,361289.0,555.8292307692308,650,73,0.10096818810511757,25838322.0,32257.58052434457,801,60000,0.9995,0.9804
mnist,train,resnet_c,20,56,a5,1e-06,1e-06,1834,2.1117511520737327,2396556.0,3100.331177231565,773,95,0.10944700460829493,47611646.0,49287.418219461695,966,60000,0.9954333333333333,0.9784
mnist,trainUval,resnet_c,20,64,a4,1e-06,1e-06,1987,2.1105207226354943,2312068.0,2736.175147928994,845,96,0.10201912858660998,56705700.0,54211.95028680688,1046,70000,0.9961833333333333,0.9772
mnist,trainUval,resnet_c,20,144,a3,1e-06,1e-06,2119,2.1116650049850447,2588308.0,2869.521064301552,902,101,0.10069790628115653,58717812.0,52614.52688172043,1116,70000,0.9996333333333334,0.9799
mnist,val,resnet_a,20,120,a3,1e-06,1e-06,372,2.0726256983240225,82452.0,493.7245508982036,167,12,0.0670391061452514,1447084.0,7497.844559585492,193,10000,0.9996166666666667,0.9801
mnist,val,resnet_a,20,0,a1,1e-06,1e-06,159,2.0256410256410255,23833.0,322.06756756756755,74,4,0.05128205128205128,435895.0,5381.419753086419,81,10000,0.7192666666666667,0.883
mnist,train,resnet_a,20,8,a3,1e-06,1e-06,1266,2.084019769357496,561975.0,1007.1236559139785,558,49,0.08072487644151564,23991593.0,36406.05918057663,659,60000,0.9588833333333333,0.957
mnist,train,resnet_a,20,16,a5,1e-06,1e-06,1610,2.106020942408377,1775434.0,2588.0962099125363,686,78,0.10209424083769633,39947716.0,47219.52245862884,846,60000,0.976,0.9675
mnist,trainUval,resnet_a,20,120,a4,1e-06,1e-06,2282,2.1003683241252302,3444405.0,3500.4115853658536,984,102,0.09392265193370165,67705925.0,56610.30518394649,1196,70000,0.9996166666666667,0.9801
mnist,trainUval,resnet_a,20,120,a1,1e-06,1e-06,730,2.0888252148997135,282246.0,890.3659305993691,317,32,0.09169054441260745,4786276.0,12562.404199475066,381,70000,0.9996166666666667,0.9801
mnist,val,resnet_b,20,128,a3,1e-06,1e-06,347,2.0473372781065087,61664.0,387.82389937106916,159,10,0.05917159763313609,1335108.0,7500.606741573034,178,10000,0.9998,0.9783
mnist,train,resnet_b,20,72,a3,1e-06,1e-06,1749,2.1034897713598073,1000105.0,1338.8286479250335,747,84,0.10108303249097472,39021902.0,42507.51851851852,918,60000,0.9959,0.9782
mnist,train,resnet_b,20,24,a3,1e-06,1e-06,1463,2.0945558739255015,988405.0,1556.5433070866143,635,63,0.09025787965616046,30368801.0,39697.77908496732,765,60000,0.9833666666666666,0.9741
mnist,trainUval,resnet_b,20,144,a5,1e-06,1e-06,2383,2.104240282685512,4697941.0,4578.889863547758,1026,106,0.09363957597173145,75164824.0,60083.79216626698,1251,70000,0.9996666666666667,0.9813
mnist,trainUval,resnet_b,20,112,a5,1e-06,1e-06,2405,2.09590235396687,4788271.0,4582.077511961723,1045,102,0.08892763731473409,75405633.0,59940.884737678854,1258,70000,0.9996333333333334,0.9799
mnist,val,resnet_c,20,8,a5,1e-06,1e-06,272,2.053030303030303,46812.0,374.496,125,7,0.05303030303030303,1080405.0,7717.178571428572,140,10000,0.9582333333333334,0.9556
mnist,train,resnet_c,20,32,a4,1e-06,1e-06,1611,2.0801033591731266,889989.0,1248.2314165497896,713,61,0.07881136950904392,35725763.0,42683.10991636798,837,60000,0.9856166666666667,0.974
mnist,train,resnet_c,20,112,a4,1e-06,1e-06,2020,2.100936524453694,2100583.0,2417.2416570771,869,92,0.09573361082206035,50543959.0,47728.00661000944,1059,60000,0.9995333333333334,0.9805
mnist,trainUval,resnet_c,20,48,a2,1e-06,1e-06,1542,2.110958904109589,358232.0,544.4255319148937,658,72,0.09863013698630137,27819462.0,34260.42118226601,812,70000,0.9941166666666666,0.9759
mnist,trainUval,resnet_c,20,112,a3,1e-06,1e-06,2099,2.0959040959040958,1591893.0,1745.4967105263158,912,89,0.08891108891108891,56610975.0,51558.265027322406,1098,70000,0.9995333333333334,0.9805
mnist,val,resnet_a,20,104,a2,1e-06,1e-06,286,2.0802919708029197,11405.0,91.9758064516129,124,13,0.0948905109489051,831991.0,5583.832214765101,149,10000,0.9993333333333333,0.9795
mnist,val,resnet_a,20,88,a4,1e-06,1e-06,369,2.0444444444444443,76766.0,448.92397660818716,171,9,0.05,1519378.0,8039.037037037037,189,10000,0.9986333333333334,0.9787
mnist,train,resnet_a,20,0,a4,1e-06,1e-06,1052,2.0811881188118813,2074232.0,4432.119658119658,468,37,0.07326732673267326,25992809.0,47518.846435100546,547,60000,0.7192666666666667,0.883
mnist,train,resnet_a,20,56,a3,1e-06,1e-06,1709,2.0803897685749084,907463.0,1192.46123521682,761,60,0.0730816077953715,37381878.0,42096.70945945946,888,60000,0.9953333333333333,0.9775
mnist,trainUval,resnet_a,20,16,a4,1e-06,1e-06,1685,2.0764488286066585,1058334.0,1409.2330226364847,751,60,0.07398273736128237,42397437.0,48509.653318077806,874,70000,0.976,0.9675
mnist,trainUval,resnet_a,20,88,a2,1e-06,1e-06,1669,2.1384615384615384,502966.0,732.1193595342068,687,93,0.11923076923076924,34313766.0,38598.161979752535,889,70000,0.9986333333333334,0.9787
mnist,val,resnet_b,20,136,a3,1e-06,1e-06,353,2.0229885057471266,50551.0,300.8988095238095,168,6,0.034482758620689655,1324083.0,7397.111731843575,179,10000,0.9998333333333334,0.9812
mnist,train,resnet_b,20,56,a2,1e-06,1e-06,1484,2.07122905027933,327055.0,488.8714499252616,669,47,0.06564245810055866,22525888.0,29330.583333333332,768,60000,0.9956833333333334,0.9795
mnist,train,resnet_b,20,80,a2,1e-06,1e-06,1548,2.076510067114094,345682.0,501.7155297532656,689,56,0.07516778523489932,26852803.0,33440.60149439602,803,60000,0.9975833333333334,0.9787
mnist,trainUval,resnet_b,20,40,a1,1e-06,1e-06,645,2.0707395498392285,177562.0,612.2827586206896,290,21,0.06752411575562701,4935997.0,14778.434131736527,334,70000,0.9911833333333333,0.9766
mnist,trainUval,resnet_b,20,88,a1,1e-06,1e-06,701,2.0710059171597632,214879.0,688.7147435897435,312,26,0.07692307692307693,4831292.0,13309.34435261708,363,70000,0.9987333333333334,0.9792
mnist,val,resnet_c,20,128,a3,1e-06,1e-06,304,2.033557046979866,42147.0,296.8098591549296,142,7,0.04697986577181208,1174604.0,7578.090322580645,155,10000,0.9996666666666667,0.9804
mnist,train,resnet_c,20,72,a3,1e-06,1e-06,1660,2.0789473684210527,1022739.0,1383.9499323410014,739,59,0.07393483709273183,38705227.0,44901.65545243619,862,60000,0.99615,0.9776
mnist,train,resnet_c,20,24,a3,1e-06,1e-06,1539,2.0783783783783782,619866.0,907.5636896046852,683,57,0.07702702702702703,30095000.0,37665.83229036295,799,60000,0.9832333333333333,0.9716
mnist,trainUval,resnet_c,20,144,a5,1e-06,1e-06,2400,2.123008849557522,4795872.0,4800.672672672673,999,131,0.11592920353982301,73618576.0,57967.382677165355,1270,70000,0.9996333333333334,0.9799
mnist,trainUval,resnet_c,20,112,a5,1e-06,1e-06,2410,2.094782608695652,3907079.0,3731.68958930277,1047,103,0.08956521739130435,72007647.0,57148.92619047619,1260,70000,0.9995333333333334,0.9805
mnist,val,resnet_a,20,32,a2,1e-06,1e-06,261,2.08,14743.0,129.32456140350877,114,11,0.088,625705.0,4600.77205882353,136,10000,0.9849333333333333,0.9733
mnist,val,resnet_a,20,120,a5,1e-06,1e-06,400,2.111111111111111,108952.0,652.4071856287425,167,22,0.1164021164021164,1774071.0,8407.91943127962,211,10000,0.9996166666666667,0.9801
mnist,train,resnet_a,20,144,a2,1e-06,1e-06,1621,2.123197903014417,337130.0,495.05139500734214,681,82,0.10747051114023591,28369958.0,33065.219114219115,858,60000,0.9997666666666667,0.9804
mnist,train,resnet_a,20,88,a3,1e-06,1e-06,1816,2.098265895953757,934355.0,1188.7468193384225,786,79,0.09132947976878612,40083344.0,42148.62670872766,951,60000,0.9986333333333334,0.9787
mnist,trainUval,resnet_a,20,0,a2,1e-06,1e-06,738,2.052924791086351,1366584.0,4031.221238938053,339,20,0.055710306406685235,20468983.0,54007.870712401054,379,70000,0.7192666666666667,0.883
mnist,trainUval,resnet_a,20,56,a1,1e-06,1e-06,674,2.090062111801242,240672.0,813.081081081081,296,26,0.08074534161490683,4940989.0,14036.900568181818,352,70000,0.9953333333333333,0.9775
mnist,val,resnet_b,20,72,a1,1e-06,1e-06,195,2.108695652173913,30394.0,375.2345679012346,81,11,0.11956521739130435,205671.0,1996.8058252427184,103,10000,0.9959,0.9782
mnist,train,resnet_b,20,112,a2,1e-06,1e-06,1572,2.114401076716016,459178.0,689.4564564564564,666,77,0.10363391655450875,28019739.0,33799.44390832328,829,60000,0.9996333333333334,0.9799
mnist,train,resnet_b,20,104,a1,1e-06,1e-06,537,2.1019607843137256,230085.0,1004.7379912663755,229,26,0.10196078431372549,3021083.0,10713.060283687943,282,60000,0.9994833333333333,0.9788
mnist,trainUval,resnet_b,20,8,a2,1e-06,1e-06,1087,2.0844529750479848,366605.0,759.0165631469979,483,38,0.07293666026871401,19159491.0,33850.69081272085,566,70000,0.9579166666666666,0.9562
mnist,trainUval,resnet_b,20,112,a1,1e-06,1e-06,675,2.0738461538461537,216140.0,722.876254180602,299,26,0.08,4437276.0,12677.931428571428,350,70000,0.9996333333333334,0.9799
mnist,val,resnet_c,20,136,a3,1e-06,1e-06,342,2.0542168674698793,64951.0,419.0387096774194,155,11,0.06626506024096386,1386578.0,7878.284090909091,176,10000,0.9997166666666667,0.9817
mnist,train,resnet_c,20,56,a2,1e-06,1e-06,1375,2.107361963190184,324546.0,551.9489795918367,588,64,0.09815950920245399,22932828.0,31718.98755186722,723,60000,0.9954333333333333,0.9784
mnist,train,resnet_c,20,80,a2,1e-06,1e-06,1411,2.1044776119402986,317256.0,524.3900826446281,605,65,0.09701492537313433,23271266.0,31405.217273954117,741,60000,0.9979166666666667,0.9786
mnist,trainUval,resnet_c,20,40,a1,1e-06,1e-06,628,2.083056478405316,255328.0,921.7617328519856,277,24,0.07973421926910298,5122695.0,15665.733944954129,327,70000,0.9910833333333333,0.9751
mnist,trainUval,resnet_c,20,88,a1,1e-06,1e-06,634,2.117056856187291,217965.0,813.3022388059702,268,31,0.10367892976588629,4351959.0,12990.922388059702,335,70000,0.9987333333333334,0.979
mnist,val,resnet_a,20,96,a3,1e-06,1e-06,368,2.085227272727273,79296.0,495.6,160,16,0.09090909090909091,1477117.0,7693.317708333333,192,10000,0.99905,0.9783
mnist,val,resnet_a,20,72,a2,1e-06,1e-06,271,2.0454545454545454,16244.0,129.952,125,7,0.05303030303030303,680512.0,4895.769784172662,139,10000,0.99605,0.9787
mnist,train,resnet_a,20,136,a1,1e-06,1e-06,656,2.0993589743589745,226087.0,793.2877192982456,285,27,0.08653846153846154,3682788.0,10705.779069767443,344,60000,0.9996333333333334,0.9786
mnist,train,resnet_a,20,40,a3,1e-06,1e-06,1620,2.0809768637532136,503579.0,700.3880389429763,719,59,0.07583547557840617,31822426.0,37793.85510688836,842,60000,0.9913333333333333,0.9765
mnist,trainUval,resnet_a,20,96,a5,1e-06,1e-06,2361,2.1146953405017923,4885212.0,4885.212,1000,116,0.1039426523297491,73590083.0,59108.50040160643,1245,70000,0.99905,0.9783
mnist,trainUval,resnet_a,20,64,a1,1e-06,1e-06,691,2.0783132530120483,211031.0,691.9049180327869,305,27,0.08132530120481928,5018215.0,13978.314763231198,359,70000,0.9966666666666667,0.9767
mnist,val,resnet_b,20,0,a5,1e-06,1e-06,241,2.0168067226890756,65860.0,572.695652173913,115,4,0.03361344537815126,915746.0,7506.11475409836,122,10000,0.7147666666666667,0.8879
mnist,train,resnet_b,20,104,a3,1e-06,1e-06,1849,2.1047835990888384,1540181.0,1937.3345911949687,795,83,0.09453302961275627,44304133.0,45627.3254376931,971,60000,0.9994833333333333,0.9788
mnist,train,resnet_b,20,88,a5,1e-06,1e-06,2059,2.102145045965271,3436415.0,3878.57223476298,886,93,0.09499489274770173,54962920.0,50891.59259259259,1080,60000,0.9987333333333334,0.9792
mnist,trainUval,resnet_b,20,144,a4,1e-06,1e-06,2210,2.089877010406812,3308338.0,3421.2388831437434,967,90,0.08514664143803216,65672603.0,56958.02515177797,1153,70000,0.9996666666666667,0.9813
mnist,trainUval,resnet_b,20,48,a1,1e-06,1e-06,645,2.0977198697068404,215895.0,776.6007194244604,278,29,0.09446254071661238,4886970.0,14458.491124260356,338,70000,0.9941333333333333,0.9781
mnist,val,resnet_c,20,72,a1,1e-06,1e-06,171,2.0238095238095237,20351.0,254.3875,80,4,0.047619047619047616,174391.0,2004.4942528735633,87,10000,0.99615,0.9776
mnist,train,resnet_c,20,112,a2,1e-06,1e-06,1516,2.092541436464088,431829.0,656.275075987842,658,66,0.09116022099447514,26129030.0,32991.1994949495,792,60000,0.9995333333333334,0.9805
mnist,train,resnet_c,20,104,a1,1e-06,1e-06,506,2.069672131147541,176685.0,781.79203539823,226,18,0.07377049180327869,2988419.0,11406.179389312978,262,60000,0.9995666666666667,0.9787
mnist,trainUval,resnet_c,20,8,a2,1e-06,1e-06,1157,2.0866425992779782,338339.0,666.0216535433071,508,46,0.08303249097472924,20073315.0,33289.07960199005,603,70000,0.9582333333333334,0.9556
mnist,trainUval,resnet_c,20,112,a1,1e-06,1e-06,628,2.076158940397351,254876.0,913.5340501792115,279,23,0.076158940397351,4287169.0,13150.825153374233,326,70000,0.9995333333333334,0.9805
mnist,val,resnet_a,20,16,a1,1e-06,1e-06,159,2.0256410256410255,21326.0,284.3466666666667,75,3,0.038461538461538464,199524.0,2463.259259259259,81,10000,0.976,0.9675
mnist,val,resnet_a,20,96,a1,1e-06,1e-06,186,2.0786516853932584,40892.0,504.8395061728395,81,8,0.0898876404494382,180164.0,1857.360824742268,97,10000,0.99905,0.9783
mnist,train,resnet_a,20,24,a2,1e-06,1e-06,1179,2.0849557522123896,197340.0,379.5,520,45,0.07964601769911504,17811319.0,29008.66286644951,614,60000,0.9826666666666667,0.9713
mnist,train,resnet_a,20,16,a3,1e-06,1e-06,1420,2.0960118168389954,680397.0,1104.5405844155844,616,61,0.09010339734121123,30199838.0,40645.811574697174,743,60000,0.976,0.9675
mnist,trainUval,resnet_a,20,144,a1,1e-06,1e-06,705,2.0405797101449274,241211.0,733.1641337386018,329,16,0.0463768115942029,4640191.0,12889.419444444444,360,70000,0.9997666666666667,0.9804
mnist,trainUval,resnet_a,20,40,a5,1e-06,1e-06,2145,2.091707317073171,1828612.0,1955.7347593582888,935,90,0.08780487804878048,61380150.0,54803.705357142855,1120,70000,0.9913333333333333,0.9765
mnist,val,resnet_b,20,56,a4,1e-06,1e-06,351,2.046783625730994,57916.0,359.72670807453414,161,10,0.05847953216374269,1406803.0,7815.572222222222,180,10000,0.9956833333333334,0.9795
mnist,train,resnet_b,20,0,a3,1e-06,1e-06,874,2.083532219570406,1535688.0,3999.1875,384,35,0.08353221957040573,22157840.0,48698.54945054945,455,60000,0.7147666666666667,0.8879
mnist,train,resnet_b,20,80,a1,1e-06,1e-06,580,2.067857142857143,128037.0,494.35135135135135,259,21,0.075,3646318.0,12154.393333333333,300,60000,0.9975833333333334,0.9787
mnist,trainUval,resnet_b,20,72,a4,1e-06,1e-06,2063,2.089159067882472,2048684.0,2261.2406181015454,906,81,0.08206686930091185,56915914.0,52895.83085501859,1076,70000,0.9959,0.9782
mnist,trainUval,resnet_b,20,64,a5,1e-06,1e-06,2270,2.089318600368324,3307828.0,3334.5040322580644,992,94,0.0865561694290976,66323966.0,56016.86317567567,1184,70000,0.9958833333333333,0.9777
mnist,val,resnet_c,20,0,a5,1e-06,1e-06,228,2.0636363636363635,74596.0,731.3333333333334,102,8,0.07272727272727272,837742.0,7099.5084745762715,118,10000,0.7126833333333333,0.8864
mnist,train,resnet_c,20,104,a3,1e-06,1e-06,1822,2.0907003444316876,1195289.0,1505.4017632241814,794,77,0.08840413318025259,40709194.0,42806.72344900105,951,60000,0.9995666666666667,0.9787
mnist,train,resnet_c,20,88,a5,1e-06,1e-06,1993,2.079331941544885,2753953.0,3111.811299435028,885,73,0.07620041753653445,51583638.0,49839.26376811594,1035,60000,0.9987333333333334,0.979
mnist,trainUval,resnet_c,20,144,a4,1e-06,1e-06,2315,2.11324200913242,2688594.0,2729.5370558375635,985,110,0.1004566210045662,64817611.0,53129.1893442623,1220,70000,0.9996333333333334,0.9799
mnist,trainUval,resnet_c,20,48,a1,1e-06,1e-06,659,2.069182389937107,271027.0,915.6317567567568,296,22,0.06918238993710692,4935310.0,14473.049853372435,341,70000,0.9941166666666666,0.9759
mnist,val,resnet_a,20,128,a2,1e-06,1e-06,316,2.0723684210526314,20451.0,145.04255319148936,141,11,0.07236842105263158,928649.0,5662.493902439024,164,10000,0.99965,0.981
mnist,val,resnet_a,20,128,a1,1e-06,1e-06,177,2.0952380952380953,30024.0,395.05263157894734,76,8,0.09523809523809523,166244.0,1787.5698924731182,93,10000,0.99965,0.981
mnist,train,resnet_a,20,16,a2,1e-06,1e-06,1080,2.1033138401559452,261181.0,564.1058315334773,463,50,0.09746588693957114,16949492.0,29893.283950617282,567,60000,0.976,0.9675
mnist,train,resnet_a,20,104,a4,1e-06,1e-06,1985,2.1106382978723404,2018004.0,2393.836298932384,843,97,0.10319148936170212,50077658.0,47921.2038277512,1045,60000,0.9993333333333333,0.9795
mnist,trainUval,resnet_a,20,64,a2,1e-06,1e-06,1553,2.102981029810298,394719.0,587.3794642857143,672,66,0.08943089430894309,28547231.0,35027.277300613496,815,70000,0.9966666666666667,0.9767
mnist,trainUval,resnet_a,20,136,a4,1e-06,1e-06,2313,2.113345521023766,3473983.0,3544.8806122448977,980,114,0.10420475319926874,66865378.0,54852.64807219032,1219,70000,0.9996333333333334,0.9786
mnist,val,resnet_b,20,24,a5,1e-06,1e-06,285,2.0579710144927534,43703.0,341.4296875,128,10,0.07246376811594203,1173223.0,7981.108843537415,147,10000,0.9833666666666666,0.9741
mnist,train,resnet_b,20,80,a4,1e-06,1e-06,1944,2.087003222341568,2039903.0,2385.851461988304,855,76,0.08163265306122448,47904926.0,47290.153998025664,1013,60000,0.9975833333333334,0.9787
mnist,train,resnet_b,20,136,a5,1e-06,1e-06,2150,2.1006842619745845,3209103.0,3476.817984832069,923,100,0.09775171065493646,57452974.0,50978.681455190774,1127,60000,0.9998333333333334,0.9812
mnist,trainUval,resnet_b,20,64,a3,1e-06,1e-06,1966,2.097118463180363,1383337.0,1617.9380116959064,855,82,0.08751334044823907,51200487.0,49757.51895043732,1029,70000,0.9958833333333333,0.9777
mnist,trainUval,resnet_b,20,48,a4,1e-06,1e-06,2073,2.099290780141844,1673512.0,1874.03359462486,893,94,0.09523809523809523,56022122.0,51585.74769797422,1086,70000,0.9941333333333333,0.9781
mnist,val,resnet_c,20,56,a4,1e-06,1e-06,340,2.0545454545454547,59630.0,387.2077922077922,154,11,0.06666666666666667,1377733.0,7872.76,175,10000,0.9954333333333333,0.9784
mnist,train,resnet_c,20,0,a3,1e-06,1e-06,902,2.0617848970251718,1884230.0,4595.682926829269,410,27,0.06178489702517163,22056455.0,47433.23655913978,465,60000,0.7126833333333333,0.8864
mnist,train,resnet_c,20,80,a1,1e-06,1e-06,534,2.1067193675889326,191196.0,842.2731277533039,227,26,0.10276679841897234,3236157.0,11516.572953736655,281,60000,0.9979166666666667,0.9786
mnist,trainUval,resnet_c,20,72,a4,1e-06,1e-06,1996,2.102212855637513,2002000.0,2330.616996507567,859,90,0.09483667017913593,56145719.0,53625.328557784145,1047,70000,0.99615,0.9776
mnist,trainUval,resnet_c,20,64,a5,1e-06,1e-06,2136,2.1180555555555554,2185735.0,2434.003340757238,898,110,0.10912698412698413,62835732.0,55705.436170212764,1128,70000,0.9961833333333333,0.9772
mnist,val,resnet_a,20,80,a3,1e-06,1e-06,367,2.0914285714285716,41822.0,264.69620253164555,158,17,0.09714285714285714,1411286.0,7350.447916666667,192,10000,0.9982333333333333,0.979
mnist,val,resnet_a,20,136,a2,1e-06,1e-06,295,2.0851063829787235,21920.0,169.92248062015503,129,12,0.0851063829787234,853388.0,5541.480519480519,154,10000,0.9996333333333334,0.9786
mnist,train,resnet_a,20,96,a4,1e-06,1e-06,2026,2.1226415094339623,2717745.0,3208.6717827626917,847,107,0.11215932914046121,52064904.0,48568.00746268657,1072,60000,0.99905,0.9783
mnist,train,resnet_a,20,32,a3,1e-06,1e-06,1521,2.090784044016506,634276.0,952.3663663663664,666,61,0.08390646492434663,29843419.0,37586.17002518892,794,60000,0.9849333333333333,0.9733
mnist,trainUval,resnet_a,20,24,a1,1e-06,1e-06,618,2.0915254237288137,171588.0,640.2537313432836,268,27,0.09152542372881356,5485201.0,16982.046439628484,323,70000,0.9826666666666667,0.9713
mnist,val,resnet_b,20,40,a4,1e-06,1e-06,334,2.08125,43836.0,300.24657534246575,146,14,0.0875,1306385.0,7507.959770114942,174,10000,0.9911833333333333,0.9766
mnist,val,resnet_b,20,104,a5,1e-06,1e-06,370,2.0847457627118646,79984.0,499.9,160,17,0.096045197740113,1654244.0,8571.212435233161,193,10000,0.9994833333333333,0.9788
mnist,train,resnet_b,20,48,a5,1e-06,1e-06,1966,2.088204038257173,2971518.0,3431.3140877598153,866,75,0.07970244420828905,52202291.0,50929.064390243904,1025,60000,0.9941333333333333,0.9781
mnist,train,resnet_b,20,32,a5,1e-06,1e-06,1689,2.107365792759051,1217728.0,1691.2888888888888,720,81,0.10112359550561797,41618339.0,46867.498873873876,888,60000,0.9854833333333334,0.9749
mnist,trainUval,resnet_b,20,128,a5,1e-06,1e-06,2453,2.097519247219846,4717920.0,4463.500473036896,1057,112,0.09580838323353294,76093715.0,59263.017912772586,1284,70000,0.9998,0.9783
mnist,trainUval,resnet_b,20,128,a4,1e-06,1e-06,2338,2.113019891500904,2993628.0,3020.8153380423814,991,115,0.10397830018083183,67016038.0,54396.13474025974,1232,70000,0.9998,0.9783
mnist,val,resnet_c,20,24,a5,1e-06,1e-06,313,2.0526315789473686,50774.0,357.5633802816901,142,10,0.06578947368421052,1245452.0,7735.726708074534,161,10000,0.9832333333333333,0.9716
mnist,train,resnet_c,20,80,a4,1e-06,1e-06,1822,2.0859106529209623,2087020.0,2595.7960199004974,804,69,0.07903780068728522,44247202.0,46625.08113804004,949,60000,0.9979166666666667,0.9786
mnist,train,resnet_c,20,136,a5,1e-06,1e-06,2086,2.07876370887338,3743185.0,4029.2626480086114,929,74,0.07377866400797607,54427796.0,50256.50600184672,1083,60000,0.9997166666666667,0.9817
mnist,trainUval,resnet_c,20,64,a3,1e-06,1e-06,1859,2.0994350282485876,980986.0,1218.616149068323,805,80,0.0903954802259887,46117779.0,47348.84907597536,974,70000,0.9961833333333333,0.9772
mnist,trainUval,resnet_c,20,48,a4,1e-06,1e-06,2058,2.0798786653185037,1627032.0,1782.0722891566265,913,76,0.07684529828109202,54616320.0,51091.0383536015,1069,70000,0.9941166666666666,0.9759
mnist,val,resnet_a,20,8,a1,1e-06,1e-06,123,2.103448275862069,29422.0,576.9019607843137,51,7,0.1206896551724138,202674.0,3118.0615384615385,65,10000,0.9588833333333333,0.957
mnist,val,resnet_a,20,24,a4,1e-06,1e-06,292,2.0638297872340425,44578.0,342.9076923076923,130,11,0.07801418439716312,1171872.0,7760.741721854305,151,10000,0.9826666666666667,0.9713
mnist,train,resnet_a,20,8,a4,1e-06,1e-06,1365,2.0824427480916032,789546.0,1309.363184079602,603,52,0.07938931297709924,29791655.0,41960.07746478873,710,60000,0.9588833333333333,0.957
mnist,train,resnet_a,20,40,a2,1e-06,1e-06,1367,2.082317073170732,260046.0,427.0049261083744,609,47,0.07164634146341463,21603251.0,30384.319268635725,711,60000,0.9913333333333333,0.9765
mnist,trainUval,resnet_a,20,32,a1,1e-06,1e-06,664,2.071875,184101.0,619.8686868686868,297,23,0.071875,5475303.0,15916.578488372093,344,70000,0.9849333333333333,0.9733
mnist,val,resnet_b,20,120,a2,1e-06,1e-06,311,2.0805369127516777,28967.0,212.99264705882354,136,13,0.087248322147651,852912.0,5264.888888888889,162,10000,0.9997333333333334,0.9797
mnist,val,resnet_b,20,56,a5,1e-06,1e-06,354,2.064327485380117,83437.0,528.0822784810126,158,13,0.07602339181286549,1500759.0,8200.868852459016,183,10000,0.9956833333333334,0.9795
mnist,train,resnet_b,20,64,a4,1e-06,1e-06,1880,2.1041433370660694,1369787.0,1703.7151741293533,804,89,0.09966405375139978,44951954.0,45544.02634245187,987,60000,0.9958833333333333,0.9777
mnist,train,resnet_b,20,144,a3,1e-06,1e-06,1903,2.101657458563536,1545116.0,1891.2068543451653,817,88,0.09723756906077348,46220265.0,46312.890781563125,998,60000,0.9996666666666667,0.9813
mnist,trainUval,resnet_b,20,120,a3,1e-06,1e-06,2014,2.0860103626943007,2422332.0,2727.8513513513512,888,77,0.07979274611398963,55653928.0,53054.26882745472,1049,70000,0.9997333333333334,0.9797
mnist,trainUval,resnet_b,20,0,a1,1e-06,1e-06,493,2.0330578512396693,1760332.0,7587.637931034483,232,10,0.04132231404958678,12137518.0,48356.64541832669,251,70000,0.7147666666666667,0.8879
