Split,Image_Index,Original_Label
train,23235,5
train,12915,4
train,26661,8
train,24250,5
train,15211,6
train,3776,0
train,58684,4
train,26887,1
train,42411,4
train,43855,5
train,44150,7
train,36042,1
train,6167,7
train,49824,8
train,33757,9
train,26013,3
train,2468,3
train,3350,4
train,19629,9
train,38947,9
train,44434,7
train,44880,8
train,38257,7
train,12922,4
train,2898,6
train,48389,4
train,36804,5
train,11466,6
train,38072,4
train,31008,5
train,58099,7
train,17592,4
train,42247,6
train,57743,5
train,7340,7
train,28677,9
train,28450,7
train,57915,4
train,29772,0
train,49730,9
train,49014,0
train,37272,4
train,42439,2
train,48033,6
train,53644,2
train,34231,7
train,48219,6
train,2504,6
train,30347,8
train,45813,8
train,16706,4
train,24042,3
train,52914,5
train,31124,8
train,4150,6
train,10195,0
train,44653,2
train,17898,4
train,12442,9
train,34567,8
train,21247,1
train,55265,9
train,37476,6
train,52678,6
train,59842,7
train,34086,0
train,22728,3
train,262,2
train,21375,8
train,41667,0
train,10438,9
train,14428,5
train,48711,8
train,3445,6
train,14017,8
train,31198,1
train,31619,6
train,1288,5
train,55947,3
train,36114,8
train,56946,4
train,45752,4
train,14359,1
train,50161,4
train,11501,0
train,9277,1
train,57501,8
train,58672,1
train,39139,9
train,13224,6
train,54475,0
train,43329,8
train,12864,2
train,41903,9
train,29539,5
train,11044,4
train,11718,2
train,4733,2
train,7700,6
train,11690,4
train,47672,1
train,37885,8
train,58661,4
train,47456,9
train,36521,9
train,44583,0
train,43265,0
train,50884,7
train,25991,2
train,33175,1
train,38189,5
train,49329,3
train,19335,3
train,27541,3
train,47898,7
train,53944,7
train,37889,3
train,36613,7
train,29188,2
train,44340,9
train,14774,4
train,41938,5
train,5148,3
train,2072,4
train,31929,5
train,19801,0
train,20763,9
train,33473,4
train,40815,2
train,51249,1
train,31015,0
train,38301,4
train,28166,1
train,38939,0
train,51745,6
train,50104,6
train,28313,9
train,7844,8
train,12053,2
train,49327,7
train,20404,7
train,12446,3
train,57029,6
train,48072,9
train,10251,7
train,14305,8
train,59290,2
train,53105,2
train,22889,6
train,26808,4
train,54496,6
train,21615,2
train,35505,0
train,44109,1
train,53677,6
train,58035,0
train,39255,4
train,10642,4
train,19560,9
train,14922,9
train,43773,3
train,14376,5
train,12095,0
train,16783,3
train,52462,9
train,6033,3
train,45506,6
train,20406,7
train,34587,3
train,6673,6
train,17885,1
train,50296,5
train,26134,5
train,47272,1
train,51660,2
train,10386,5
train,19771,7
train,59122,2
train,5477,1
train,48998,3
train,48223,8
train,44511,1
train,9201,6
train,27316,3
train,47931,7
train,31611,8
train,19121,4
train,28803,3
train,20372,8
train,17435,3
train,13221,3
train,18701,5
train,49633,6
train,52183,6
train,56271,9
train,33160,2
train,41711,6
train,46714,9
train,38589,8
train,1885,4
train,50253,3
train,43371,2
train,42152,9
train,53264,2
train,39145,2
train,32388,0
train,21648,4
train,27539,5
train,37236,6
train,15181,3
train,51236,7
train,32803,6
train,42008,0
train,46608,5
train,27651,3
train,13233,0
train,45713,6
train,35934,0
train,22994,2
train,40410,8
train,14510,2
train,23557,0
train,32854,2
train,45848,3
train,655,4
train,33354,1
train,13218,3
train,49410,3
train,18783,2
train,9971,0
train,29349,9
train,40350,5
train,46508,8
train,10392,7
train,3608,4
train,57672,7
train,48561,5
train,34063,9
train,14030,3
train,26063,7
train,17000,3
train,36140,7
train,56492,3
train,24878,7
train,1981,3
train,7023,9
train,13001,1
train,21344,9
train,6052,1
train,17189,3
train,32804,3
train,38791,8
train,44035,3
train,46110,8
train,40737,8
train,29207,4
train,54062,3
train,57434,8
train,7249,5
train,55861,6
train,32458,4
train,48085,1
train,10237,0
train,23993,1
train,13825,1
train,58467,8
train,58475,8
train,46000,9
train,31831,3
train,52543,3
train,887,9
train,17665,5
train,20529,4
train,33877,3
train,38480,1
train,56237,9
train,38857,7
train,29338,7
train,54661,6
train,50954,5
train,16403,2
train,27113,2
train,20905,8
train,55375,9
train,42238,8
train,16612,4
train,53206,1
train,38786,4
train,4525,8
train,49977,6
train,59374,2
train,45030,6
train,26118,1
train,52823,4
train,4989,9
train,21234,6
train,9630,9
train,18355,9
train,9369,8
train,30017,7
train,1560,9
train,31414,8
train,32136,5
train,54465,5
train,57725,7
train,9819,2
train,24457,8
train,53284,2
train,13053,7
train,29846,9
train,52688,6
train,7691,0
train,44085,9
train,17749,4
train,17962,7
train,42029,8
train,43824,8
train,54315,2
train,56173,4
train,46529,6
train,563,2
train,2748,2
train,45292,5
train,18731,9
train,52599,0
train,13334,1
train,1957,6
train,55759,7
train,22559,6
train,14994,5
train,20879,9
train,52415,3
train,25515,9
train,18907,6
train,38092,8
train,39482,5
train,33275,9
train,16891,6
train,36528,5
train,22604,8
train,19345,2
train,28807,6
train,1277,1
train,23394,6
train,46217,2
train,24951,5
train,19448,7
train,4419,8
train,45904,2
train,59326,2
train,2339,3
train,19893,7
train,24361,5
train,59951,4
train,41060,6
train,9160,5
train,33531,9
train,47573,2
train,37682,9
train,23309,7
train,58263,9
train,23934,2
train,33581,9
train,3911,4
train,16259,1
train,41089,6
train,54121,0
train,52312,0
train,10945,2
train,20329,3
train,20556,1
train,8066,9
train,32630,2
train,38753,2
train,49242,7
train,12303,3
train,58768,0
train,9348,4
train,819,7
train,28559,2
train,18349,6
train,23469,7
train,54325,2
train,49458,7
train,42872,8
train,46125,0
train,26645,0
train,6304,7
train,35660,0
train,7431,2
train,49525,8
train,49013,0
train,6975,6
train,1867,5
train,5062,9
train,16108,2
train,48488,0
train,58068,2
train,21113,6
train,42678,3
train,9073,5
train,6120,4
train,20344,3
train,32770,8
train,8799,6
train,41407,3
train,18912,1
train,164,4
train,53873,4
train,2207,3
train,207,3
train,23024,3
train,45835,7
train,13485,8
train,32195,7
train,32397,5
train,45973,7
train,27862,7
train,37664,9
train,41341,0
train,12410,6
train,47845,5
train,59241,0
train,11890,8
train,29014,3
train,52346,4
train,29652,7
train,5789,1
train,41457,5
train,53124,0
train,48387,6
train,48823,6
train,45768,1
train,3821,6
train,17183,7
train,45689,9
train,830,2
train,53757,3
train,5389,8
train,8082,2
train,3988,5
train,29028,6
train,49797,5
train,57470,5
train,21808,6
train,12560,2
train,21929,6
train,26795,9
train,2558,7
train,31028,5
train,15770,0
train,49668,5
train,4062,5
train,27365,4
train,12272,9
train,31303,6
train,56704,0
train,13390,1
train,2216,9
train,4517,6
train,219,5
train,28960,9
train,19563,6
train,10531,0
train,43374,7
train,27980,4
train,44183,1
train,49990,8
train,10388,7
train,4814,8
train,24046,8
train,22525,4
train,4839,4
train,5706,2
train,29729,8
train,17329,7
train,52675,1
train,20996,7
train,58248,5
train,30585,0
train,48039,0
train,15704,0
train,14094,7
train,22895,9
train,22845,5
train,10680,2
train,42343,3
train,37602,7
train,32068,9
train,26909,3
train,30560,7
train,55059,7
train,37140,6
train,20915,9
train,9228,5
train,19562,6
train,47973,2
train,50950,3
train,4746,4
train,24222,1
train,30234,4
train,41320,0
train,47346,0
train,33658,1
train,20357,0
train,31240,2
train,16328,2
train,42589,5
train,25418,8
train,40048,8
train,15360,9
train,47581,0
train,26332,9
train,5633,8
train,12367,1
train,17877,0
train,31735,3
train,41815,5
train,33156,9
train,45465,9
train,39285,3
train,12502,5
train,57243,1
train,39755,0
train,38235,1
train,12604,5
train,31770,8
train,6638,6
train,56424,0
train,273,5
train,37694,7
train,8499,7
train,36313,7
train,51712,4
train,39488,2
train,55096,6
train,36586,0
train,46407,1
train,44072,8
train,9838,9
train,31602,3
train,8043,2
train,22473,0
train,19487,5
train,46602,9
train,27772,1
train,25364,1
train,2159,1
train,12452,6
train,40141,6
train,13561,7
train,34539,6
train,51062,7
train,43234,8
train,16771,7
train,28479,1
train,22821,5
train,45053,7
train,23833,8
train,47808,6
train,5807,4
train,54472,7
train,3810,3
train,19620,3
train,7092,7
train,49484,6
train,32202,2
train,11305,5
train,46160,7
train,47862,2
train,4796,4
train,1924,3
train,15198,0
train,32459,0
train,24197,9
train,49712,4
train,50416,4
train,28970,1
train,10954,5
train,41070,9
train,5411,9
train,681,6
train,38180,3
train,55192,8
train,12357,0
train,39199,9
train,27115,3
train,15798,0
train,59949,8
train,59869,0
train,38303,1
train,16832,5
train,43720,6
train,52237,8
train,9405,6
train,10306,9
train,2967,6
train,3996,1
train,50392,7
train,679,5
train,43016,1
train,8262,0
train,5925,5
train,36787,5
train,17626,6
train,41965,2
train,116,9
train,8377,7
train,6478,2
train,56229,5
train,22683,7
train,9603,7
train,56232,6
train,56856,4
train,42673,1
train,30653,0
train,14078,5
train,12465,4
train,13427,6
train,47262,7
train,22839,4
train,10384,0
train,30114,6
train,46781,4
train,48518,1
train,47226,2
train,12236,1
train,29180,9
train,35110,2
train,37932,9
train,14644,0
train,32988,7
train,4710,1
train,52762,2
train,59561,7
train,55335,1
train,55292,3
train,55185,6
train,55690,4
train,58536,6
train,23559,1
train,22261,8
train,17268,4
train,13360,5
train,47927,4
train,2726,3
train,20204,8
train,18333,7
train,30779,4
train,32496,1
train,30692,3
train,30846,4
train,21837,4
train,46620,2
train,22461,4
train,48226,1
train,32291,7
train,38504,7
train,33657,0
train,17419,7
train,5331,4
train,5767,0
train,17356,7
train,36914,2
train,31745,3
train,17054,7
train,14412,0
train,24142,3
train,52278,1
train,49079,5
train,6780,2
train,25415,8
train,50804,0
train,59805,0
train,38309,8
train,2768,8
train,4851,2
train,28852,7
train,55369,9
train,1689,3
train,45088,3
train,29506,3
train,47030,8
train,1031,1
train,48812,5
train,5601,1
train,57400,1
train,51825,7
train,1806,5
train,58015,0
train,29821,9
train,57016,3
train,59642,6
train,51102,7
train,51704,7
train,36045,1
train,8930,4
train,35108,1
train,26392,6
train,41724,4
train,31330,7
train,32307,7
train,2877,2
train,47760,3
train,47758,1
train,9939,2
train,28955,3
train,48318,1
train,37050,6
train,32862,4
train,13521,0
train,40187,4
train,5792,4
train,20382,2
train,18387,9
train,6037,4
train,45499,1
train,59686,1
train,43760,2
train,47425,8
train,26962,6
train,43338,2
train,19354,5
train,16110,1
train,8070,1
train,10177,4
train,490,3
train,45434,0
train,48653,4
train,20308,9
train,32468,8
train,22600,6
train,34415,7
train,29922,4
train,31878,9
train,28788,8
train,9616,1
train,18381,6
train,36663,5
train,27765,4
train,37070,5
train,50407,0
train,32848,9
train,31085,7
train,18466,8
train,44863,9
train,46034,8
train,27857,4
train,14770,7
train,35103,8
train,38959,5
train,34854,0
train,49294,3
train,28230,0
train,3798,7
train,26653,4
train,32750,5
train,12481,2
train,33988,7
train,29024,4
train,37690,3
train,28119,3
train,12724,7
train,24533,8
train,26810,6
train,1713,8
train,5987,3
train,34922,1
train,56720,5
train,41111,6
train,11737,2
train,42955,5
train,6595,3
train,9964,2
train,1703,1
train,20016,3
train,5031,3
train,54932,5
train,40536,2
train,15051,6
train,40703,4
train,36931,3
train,33047,2
train,37083,2
train,54686,4
train,5935,6
train,36830,9
train,29437,6
train,23669,8
train,9660,7
train,11910,3
train,37076,4
train,56727,6
train,32329,8
train,5746,9
train,39583,6
train,54231,8
train,433,3
train,25052,1
train,33263,3
train,48698,2
train,55916,7
train,12193,0
train,1590,0
train,18650,0
train,23732,9
train,37481,2
train,6214,8
train,26438,0
train,781,0
train,4908,5
train,39183,7
train,12456,0
train,52654,1
train,17285,0
train,29960,4
train,9803,1
train,56923,9
train,43919,7
train,3167,7
train,54717,6
train,15056,8
train,33735,6
train,59266,1
train,4904,7
train,39886,4
train,27439,1
train,49517,6
train,46780,1
train,13059,2
train,58893,8
train,24562,8
train,8107,7
train,33437,5
train,34932,5
train,52618,9
train,9367,5
train,52014,3
train,15626,8
train,7441,8
train,987,4
train,56760,9
train,47968,5
train,37271,3
train,34266,4
train,45143,7
train,32271,9
train,35524,9
train,50390,0
train,55753,4
train,53232,7
train,45354,0
train,23846,2
train,39712,7
train,3646,6
train,31768,5
train,8051,1
train,39811,0
train,21037,4
train,42704,8
train,39450,8
train,35978,7
train,5340,0
train,24919,9
train,613,3
train,48425,5
train,47993,1
train,55778,9
train,33433,1
train,46120,6
train,37036,1
train,22647,5
train,27666,3
train,57605,2
train,56369,8
train,25710,8
train,38714,3
train,5659,2
train,28380,3
train,7879,2
train,24086,1
train,58326,8
train,18665,0
train,54175,4
train,10515,8
train,52577,9
train,16744,2
train,7511,9
train,2144,0
train,56919,2
train,50598,6
train,53518,1
train,78,1
train,5351,1
train,26852,8
train,4575,7
train,650,2
train,55704,2
train,40380,1
train,43162,1
train,2488,7
train,24216,1
train,48634,9
train,34260,6
train,3333,2
train,47932,6
train,9054,2
train,47017,9
train,25037,6
train,28261,5
train,45520,8
train,1486,3
train,36632,4
train,56394,2
train,9768,7
train,53455,2
train,15587,3
train,28427,0
train,55493,9
train,38526,1
train,31428,3
train,29543,6
train,59509,6
train,47200,1
train,41196,9
train,56945,1
train,16554,8
train,1633,4
train,27433,4
train,16411,3
train,11050,1
train,52221,0
train,25694,0
train,52086,5
train,45618,7
train,54457,2
train,16958,2
train,27824,4
train,28755,0
train,586,7
train,6340,3
train,34009,6
train,52118,2
train,49144,4
train,9679,3
train,11971,2
train,11829,7
train,36107,0
train,45278,4
train,45892,9
train,45247,9
train,33046,5
train,21422,9
train,22645,4
train,44779,3
train,56530,0
train,24870,3
train,34370,5
train,13828,6
train,50456,5
train,26841,6
train,5179,6
train,2583,1
train,34200,7
train,51327,0
train,28498,8
train,50879,4
train,28972,7
train,55339,4
train,36068,6
train,18163,1
train,43236,0
train,34980,1
train,58239,8
train,14277,7
train,203,3
train,27346,4
train,10495,9
train,2478,5
train,4586,6
train,37250,3
train,16620,3
train,37967,2
train,24681,0
train,44540,3
train,52991,7
train,56879,8
train,20789,7
train,755,9
train,29875,3
train,50084,9
train,840,3
train,2325,0
train,17259,1
train,21628,0
train,23375,4
train,36229,2
train,16107,1
train,5417,5
train,19650,8
train,55992,9
train,44262,5
train,39703,4
train,6383,9
train,52172,5
train,31817,4
train,12637,5
train,8818,3
train,41756,0
train,20860,5
train,51654,9
train,42037,2
train,21664,4
train,45336,3
train,6187,8
train,19839,5
train,23214,1
train,31083,4
train,39054,0
train,43367,0
train,15897,8
train,32712,8
train,55164,5
train,50667,1
train,42882,9
train,52300,3
train,36413,8
train,9604,2
train,34165,8
train,31921,5
train,51599,2
train,54187,4
train,8242,8
train,28098,1
train,58805,4
train,42146,7
train,17492,4
train,10944,9
train,24204,3
train,32869,0
train,48837,2
train,13192,7
train,49234,3
train,9058,6
train,43019,7
train,26572,5
train,26266,7
train,7939,2
train,40429,4
train,37425,0
train,26061,8
train,49374,0
train,42196,8
train,49774,0
train,22503,9
train,45472,4
train,29554,6
train,33579,8
train,44506,5
train,24215,2
train,52884,8
train,34585,1
train,13411,0
train,43456,3
train,3799,2
train,34964,2
train,15024,5
train,38830,5
train,23699,6
train,36480,5
train,32898,9
train,17922,4
train,54829,3
train,48119,1
train,26589,7
train,51773,8
train,19303,0
train,642,2
train,31043,0
train,34219,3
train,12476,5
train,54821,8
train,23737,8
train,22223,9
train,35126,4
train,46671,7
train,33542,6
train,1499,7
train,7217,9
train,42629,7
train,44738,5
train,44747,2
train,19806,9
train,43983,4
train,22236,2
train,11028,8
train,45563,3
train,25086,4
train,48975,2
train,29926,0
train,22315,3
train,49084,6
train,54637,4
train,5770,3
train,47599,0
train,4046,7
train,41916,2
train,55996,2
train,21287,4
train,10688,2
train,55583,1
train,11185,7
train,50733,2
train,57985,4
train,8974,6
train,688,2
train,50410,8
train,48500,3
train,14759,1
train,43513,2
train,4091,9
train,18690,8
train,40394,6
train,13458,4
train,15775,8
train,27816,1
train,5826,6
train,1903,9
train,512,5
train,12484,5
train,21112,3
train,2023,3
train,49073,8
train,28454,2
train,28573,4
train,1956,0
train,5385,6
train,41114,9
train,315,1
train,59896,2
train,34065,5
train,7108,9
train,59843,7
train,11389,4
train,45700,9
train,52873,4
train,22255,5
train,11777,3
train,21347,6
train,39175,0
train,59375,3
train,52878,1
train,18184,4
train,1261,4
train,27814,5
train,38138,0
train,28601,9
train,44935,1
train,1625,0
train,26476,1
train,19327,7
train,48421,0
train,43953,8
train,45081,7
train,16252,8
train,41835,2
train,42296,7
train,48336,3
train,18265,7
train,25475,6
train,28868,2
train,44247,2
train,55845,3
train,26352,4
train,37680,5
train,23046,3
train,31780,1
train,23372,0
train,40211,7
train,19656,6
train,10822,5
train,53762,2
train,42744,0
train,38831,1
train,22309,8
train,1352,9
train,57611,8
train,58533,2
train,26130,3
train,3336,3
train,20597,3
train,18203,4
train,50120,1
train,8837,9
train,38459,5
train,31375,1
train,25451,1
train,51053,8
train,36702,6
train,29443,7
train,3458,4
train,17437,9
train,10856,8
train,26936,8
train,8672,3
train,42233,4
train,44307,5
train,58335,1
train,38082,9
train,30914,8
train,505,7
train,48996,9
train,37865,5
train,8478,6
train,3738,4
train,13399,1
train,39191,8
train,20227,7
train,47296,5
train,51535,6
train,15857,3
train,22152,0
train,43431,6
train,44215,5
train,26307,3
train,18459,6
train,2442,8
train,16013,3
train,22732,5
train,55789,2
train,12449,5
train,3651,3
train,21472,4
train,57624,2
train,44007,8
train,23339,4
train,22666,4
train,53086,5
train,17083,6
train,14615,1
train,46339,0
train,59003,7
train,46692,3
train,8686,8
train,32949,2
train,45374,7
train,14932,2
train,48075,8
train,42374,0
train,35975,5
train,30609,2
train,57009,3
train,50387,6
train,29087,1
train,36834,8
train,22338,9
train,8413,2
train,10166,9
train,10206,3
train,44769,9
train,44044,9
train,33260,5
train,43354,7
train,2390,4
train,56499,5
train,49438,8
train,45027,8
train,33788,7
train,13602,5
train,13869,8
train,50108,6
train,20806,6
train,23712,3
train,58044,2
train,44502,2
train,56534,7
train,8682,0
train,34158,1
train,34418,1
train,40520,3
train,38660,0
train,9490,8
train,27484,0
train,47398,9
train,43702,3
train,53755,3
train,3419,5
train,17899,9
train,43046,7
train,31873,2
train,645,3
train,23890,8
train,27643,2
train,32248,5
train,28575,7
train,26482,6
train,17594,8
train,37012,1
train,45169,2
train,15463,6
train,24714,1
train,10858,4
train,11175,9
train,56025,1
train,51793,5
train,1178,3
train,24859,5
train,48646,4
train,20924,4
train,57188,7
train,33065,2
train,9547,4
train,18472,7
train,43005,7
train,23474,4
train,56878,6
train,14229,0
train,31634,2
train,23281,3
train,35258,4
train,30586,0
train,59327,2
train,49394,0
train,26256,0
train,16643,1
train,8864,2
train,43662,0
train,52702,3
train,41979,9
train,14946,5
train,7863,4
train,17803,8
train,8925,4
train,2514,9
train,36221,8
train,11309,7
train,24671,5
train,8505,3
train,39544,7
train,59734,2
train,23213,1
train,50323,6
train,1811,9
train,39919,2
train,11564,7
train,47505,8
train,4135,4
train,17256,4
train,40983,1
train,34431,5
train,3457,4
train,5775,8
train,35280,6
train,51390,1
train,20911,0
train,59793,8
train,23273,0
train,47741,5
train,10469,0
train,10248,1
train,31483,2
train,40482,1
train,35764,8
train,23484,4
train,24728,2
train,47679,9
train,247,9
train,54075,2
train,25885,1
train,16519,0
train,19435,8
train,39754,9
train,4981,0
train,32433,9
train,48353,5
train,9875,1
train,20331,5
train,25582,8
train,3808,6
train,58973,0
train,19160,5
train,40628,9
train,29193,4
train,39716,1
train,1295,3
train,40334,4
train,33351,3
train,44938,5
train,34765,6
train,12858,2
train,2076,3
train,30021,7
train,25800,1
train,56676,4
train,28044,0
train,55416,4
train,33121,5
train,58344,9
train,15867,2
train,22976,8
train,7964,5
train,32997,4
train,46496,1
train,46395,8
train,29330,6
train,48592,1
train,1289,8
train,38187,6
train,40179,0
train,23591,8
train,54006,8
train,11536,9
train,3962,1
train,49634,8
train,294,4
train,58634,4
train,2242,6
train,11354,0
train,7084,1
train,5156,2
train,7606,8
train,36163,0
train,44190,4
train,24920,9
train,50723,0
train,39788,0
train,27628,0
train,29242,1
train,32069,4
train,59063,4
train,22421,8
train,47737,5
train,23114,2
train,33709,3
train,28179,7
train,3375,1
train,44232,4
train,9647,5
train,51189,8
train,21652,2
train,30636,9
train,52157,8
train,50669,2
train,13707,3
train,34378,7
train,32647,4
train,4688,0
train,1355,9
train,39640,9
train,37080,4
train,6746,8
train,14918,5
train,58345,6
train,37313,5
train,41623,1
train,7376,8
train,38527,2
train,47112,6
train,39999,5
train,41204,2
train,58016,6
train,42818,0
train,26209,3
train,9339,5
train,31395,3
train,16567,2
train,30638,6
train,45661,2
train,10111,5
train,44135,5
train,33341,6
train,17809,7
train,18338,8
train,57908,2
train,55061,8
train,31583,4
train,29655,9
train,2813,2
train,45864,9
train,59224,8
train,30573,4
train,40370,7
train,40622,2
train,54513,2
train,44114,6
train,38653,3
train,51724,1
train,33488,2
train,42347,8
train,32919,8
train,40776,5
train,55389,5
train,50643,0
train,10474,7
train,26925,1
train,22025,1
train,19599,4
train,54217,8
train,33645,0
train,15537,2
train,26371,0
train,44871,0
train,30235,8
train,26312,2
train,14827,9
train,14485,5
train,34742,4
train,35577,8
train,4173,7
train,28780,2
train,37769,7
train,6902,7
train,57176,0
train,9916,3
train,55167,7
train,34488,6
train,56903,1
train,57432,9
train,9561,3
train,3487,1
train,30515,3
train,28577,2
train,30310,7
train,10278,3
train,45199,8
train,25685,3
train,43363,8
train,39325,3
train,38004,7
train,37837,0
train,45705,2
train,40100,3
train,28665,9
train,18240,3
train,17086,7
train,25595,1
train,13262,5
train,13840,1
train,55749,2
train,34447,6
train,55939,1
train,37741,1
train,48391,2
train,12161,2
train,23333,1
train,58943,0
train,26660,8
train,54132,8
train,56456,1
train,4355,2
train,47040,9
train,30071,0
train,42375,3
train,41928,7
train,43014,3
train,59848,6
train,25078,3
train,59943,4
train,57609,7
train,31138,0
train,34215,1
train,39395,8
train,55838,5
train,6049,4
train,43993,8
train,14473,6
train,33189,3
train,13341,8
train,31286,1
train,38892,3
train,58294,9
train,32263,2
train,23893,6
train,12232,5
train,55382,6
train,45214,4
train,13558,1
train,13186,8
train,44622,1
train,39771,8
train,11866,6
train,43391,2
train,37456,8
train,54374,4
train,14076,7
train,18313,5
train,47297,8
train,42814,2
train,6024,6
train,59184,9
train,29316,5
train,34137,5
train,52912,6
train,9037,3
train,16854,9
train,30564,1
train,31895,0
train,47958,9
train,20650,4
train,50745,8
train,42271,2
train,3140,7
train,16163,0
train,34116,2
train,23265,3
train,52549,2
train,48104,8
train,18628,9
train,8333,4
train,7803,3
train,46844,6
train,12667,3
train,59130,2
train,10072,2
train,34300,9
train,4228,4
train,40615,1
train,36967,7
train,415,8
train,10074,3
train,6329,4
train,35162,3
train,29204,5
train,19039,7
train,12226,1
train,50980,4
train,38955,3
train,13593,6
train,23174,4
train,29760,5
train,5993,6
train,12930,1
train,6402,6
train,5003,6
train,2577,8
train,39860,2
train,7717,6
train,23148,6
train,20862,2
train,56489,0
train,45180,7
train,56955,1
train,43362,7
train,48448,4
train,18182,1
train,17106,0
train,36978,2
train,2218,0
train,34703,6
train,35330,9
train,42082,3
train,12225,3
train,14715,4
train,50288,3
train,46228,3
train,44024,8
train,43585,5
train,57236,9
train,788,9
train,30337,1
train,54503,6
train,6393,6
train,10657,2
train,14621,4
train,38824,1
train,1829,3
train,44820,5
train,537,5
train,41683,0
train,15116,5
train,50695,2
train,40083,8
train,36345,7
train,8175,8
train,35452,6
train,3046,6
train,10085,1
train,32936,8
train,2564,3
train,13748,1
train,10143,9
train,2609,7
train,1283,5
train,5715,2
train,57018,9
train,29954,7
train,35912,1
train,13258,8
train,2323,4
train,39252,7
train,37345,6
train,25051,0
train,32639,8
train,41022,4
train,2257,0
train,43958,8
train,37821,3
train,37429,4
train,9780,2
train,46265,7
train,3775,8
train,29614,0
train,35600,1
train,7090,4
train,22907,5
train,12841,7
train,16228,1
train,25909,9
train,3153,8
train,43708,1
train,38408,5
train,20255,7
train,12747,3
train,46549,3
train,52043,5
train,51622,4
train,1127,7
train,42766,4
train,24649,2
train,45657,7
train,59746,7
train,50139,1
train,35847,8
train,37359,9
train,664,2
train,5784,7
train,13605,8
train,25612,4
train,2837,6
train,56015,6
train,38649,2
train,9709,4
train,53026,2
train,10065,5
train,26607,5
train,49591,9
train,15754,7
train,21915,7
train,51259,0
train,4944,1
train,34122,5
train,14903,3
train,9119,9
train,305,7
train,15344,0
train,25265,2
train,11675,0
train,31407,4
train,3875,5
train,1030,4
train,51337,4
train,45931,1
train,47312,8
train,30120,2
train,10192,5
train,39248,4
train,45652,7
train,46206,9
train,3546,1
train,44927,7
train,52338,6
train,6656,4
train,7079,2
train,13298,3
train,14153,0
train,42119,4
train,21205,6
train,25627,2
train,34638,1
train,12855,6
train,58463,4
train,50752,9
train,34428,4
train,7027,1
train,40532,3
train,23185,2
train,4647,7
train,25423,5
train,814,2
train,39316,7
train,2,4
train,26712,0
train,1676,1
train,14116,9
train,37291,2
train,18954,4
train,41013,8
train,36089,5
train,48094,5
train,34779,8
train,43933,1
train,53885,8
train,31706,8
train,32611,2
train,32679,9
train,29181,3
train,55842,7
train,22672,9
train,48901,3
train,33469,2
train,27718,3
train,34140,3
train,9824,5
train,33010,6
train,48149,8
train,43844,1
train,55692,2
train,11431,8
train,31335,5
train,36437,5
train,36388,1
train,47025,6
train,18837,0
train,51315,8
train,20325,5
train,59592,7
train,18008,4
train,7625,3
train,14344,6
train,12047,6
train,568,2
train,36277,0
train,53171,7
train,45023,6
train,24584,3
train,54683,1
train,36907,4
train,48754,4
train,40489,5
train,34269,1
train,5500,1
train,41700,7
train,51032,9
train,19954,6
train,34482,9
train,42387,5
train,6626,2
train,25562,9
train,26614,6
train,57174,8
train,5892,9
train,57500,2
train,36146,0
train,18817,2
train,14098,1
train,29975,9
train,25974,2
train,25225,3
train,35977,5
train,42505,3
train,12051,9
train,40690,0
train,48130,9
train,50815,3
train,57644,1
train,18513,7
train,49096,9
train,10616,2
train,27559,6
train,50727,0
train,40691,3
train,8305,6
train,510,1
train,9341,6
train,1445,1
train,15355,8
train,51403,4
train,23678,7
train,33968,5
train,34734,8
train,28416,9
train,6884,5
train,6424,4
train,10686,1
train,6296,0
train,48327,4
train,55498,5
train,45107,6
train,41128,9
train,15476,2
train,36371,0
train,21812,3
train,29574,4
train,56348,9
train,47378,2
train,58170,0
train,57836,7
train,56193,8
train,3162,7
train,41544,8
train,39040,3
train,44642,5
train,56967,5
train,6691,5
train,18768,1
train,29177,0
train,46989,5
train,48348,5
train,13378,8
train,23005,5
train,54926,8
train,43857,6
train,55917,0
train,5530,1
train,20157,8
train,4158,9
train,3431,1
train,42600,6
train,22021,2
train,40956,2
train,32127,8
train,4789,4
train,48420,2
train,8484,9
train,11388,9
train,4384,8
train,7240,1
train,29007,4
train,7316,8
train,3717,6
train,22406,9
train,13497,0
train,39950,1
train,12156,2
train,34861,7
train,12558,7
train,6617,1
train,34142,7
train,36698,6
train,40156,4
train,40024,1
train,11576,2
train,13087,6
train,1009,8
train,12678,7
train,22588,7
train,32935,8
train,23503,2
train,57953,2
train,53857,0
train,52925,7
train,24688,1
train,9895,1
train,16543,0
train,35634,0
train,2644,6
train,49859,3
train,20360,9
train,1314,7
train,48656,6
train,3342,2
train,29901,1
train,59588,3
train,37117,5
train,3119,8
train,55607,4
train,9004,3
train,49009,2
train,17317,9
train,12201,6
train,20155,7
train,37630,2
train,31479,8
train,28028,4
train,13162,7
train,5076,2
train,35164,5
train,55612,9
train,58027,6
train,6599,9
train,28783,7
train,28992,0
train,2276,4
train,1202,6
train,52491,5
train,42249,4
train,13143,4
train,20244,0
train,15996,5
train,51762,5
train,34134,2
train,33124,1
train,19940,1
train,15260,7
train,56350,4
train,21846,4
train,54701,8
train,40011,8
train,57636,9
train,58077,3
train,45042,0
train,23806,5
train,55757,6
train,47706,2
train,57760,0
train,6650,7
train,44504,3
train,17587,1
train,7379,6
train,56554,5
train,6630,0
train,12862,5
train,36286,4
train,41545,6
train,37427,2
train,43393,3
train,35270,1
train,49081,3
train,22481,7
train,59718,8
train,17360,0
train,3387,6
train,12688,5
train,37018,6
train,57359,0
train,40124,6
train,15895,7
train,36864,1
train,31809,9
train,31168,8
train,1234,3
train,57835,4
train,16374,5
train,9102,7
train,22049,3
train,44160,7
train,58915,8
train,48231,2
train,36951,7
train,2729,0
train,53305,3
train,31575,0
train,37679,6
train,7373,0
train,910,6
train,46867,2
train,28636,9
train,45385,1
train,25832,5
train,19122,1
train,30736,4
train,35984,3
train,52035,3
train,33991,4
train,36723,3
train,23769,8
train,10816,6
train,11892,6
train,5952,2
train,11324,5
train,4344,0
train,36930,9
train,18229,1
train,53252,3
train,28662,8
train,44708,7
train,17951,5
train,34679,1
train,25540,1
train,15638,6
train,20483,0
train,55488,3
train,12009,8
train,29569,5
train,48309,8
train,14069,5
train,8436,7
train,9501,8
train,59229,3
train,9784,9
train,40234,4
train,16490,5
train,43568,5
train,2954,6
train,44770,1
train,4823,3
train,22571,5
train,112,1
train,9308,9
train,38391,8
train,4108,0
train,37297,7
train,19070,1
train,2330,5
train,13344,0
train,47877,6
train,3928,8
train,6678,1
train,37995,2
train,15750,7
train,44689,4
train,21886,4
train,59416,3
train,28062,9
train,18371,0
train,11452,9
train,11199,9
train,17296,9
train,47479,0
train,55812,4
train,7870,2
train,13803,8
train,57412,1
train,29423,7
train,14321,1
train,20796,6
train,4490,3
train,28885,7
train,2602,6
train,50872,7
train,57245,2
train,17642,5
train,54755,0
train,52902,5
train,38167,3
train,27284,1
train,17784,8
train,50309,9
train,2151,1
train,773,7
train,49240,7
train,56969,0
train,343,8
train,53994,0
train,13431,6
train,29179,8
train,12979,7
train,16213,5
train,15566,0
train,6603,0
train,47487,7
train,1442,5
train,34161,7
train,34627,2
train,15088,6
train,28000,1
train,25049,1
train,52742,6
train,51159,6
train,21639,9
train,20572,6
train,27314,5
train,59265,8
train,2928,5
train,49154,1
train,53864,8
train,57575,0
train,21822,4
train,5865,9
train,40081,4
train,53242,7
train,5800,8
train,34667,1
train,8844,2
train,17667,8
train,7918,8
train,27498,7
train,4503,9
train,12010,8
train,40140,1
train,52669,7
train,40645,8
train,51233,6
train,51059,0
train,33425,1
train,1951,6
train,40316,4
train,20970,2
train,53614,7
train,46238,9
train,42988,8
train,48838,5
train,46990,5
train,39384,3
train,38292,9
train,6584,3
train,43764,1
train,36697,5
train,44332,4
train,31093,1
train,26834,9
train,6394,0
train,20921,7
train,26877,9
train,50284,4
train,48532,0
train,46432,6
train,24549,9
train,15015,0
train,37172,2
train,59158,3
train,30364,1
train,58706,5
train,57530,4
train,34337,1
train,28753,9
train,33154,6
train,18793,7
train,42377,4
train,43668,6
train,22415,3
train,3545,1
train,9650,8
train,50488,7
train,46096,6
train,13683,4
train,58226,6
train,26425,6
train,43483,7
train,29607,7
train,52701,7
train,19486,1
train,23014,4
train,19312,7
train,718,4
train,15734,0
train,15033,8
train,7961,7
train,13359,9
train,7312,9
train,49803,8
train,39743,4
train,32104,7
train,54096,7
train,29412,7
train,21078,0
train,55886,5
train,48014,3
train,58360,0
train,22808,8
train,42788,6
train,30163,0
train,40784,7
train,39822,9
train,51716,9
train,25975,8
train,11652,4
train,28615,4
train,25673,6
train,56125,2
train,20658,0
train,39044,0
train,42571,6
train,20394,1
train,45990,3
train,1300,7
train,24506,4
train,52060,9
train,39194,0
train,21098,3
train,26494,4
train,40535,5
train,37044,6
train,21584,3
train,41597,7
train,21163,4
train,18798,8
train,57094,1
train,27133,3
train,8427,3
train,15161,4
train,8934,1
train,24552,2
train,28038,1
train,56093,8
train,29492,9
train,9855,2
train,12030,1
train,17367,1
train,45280,4
train,31412,4
train,48905,5
train,33739,0
train,42240,2
train,46958,9
train,39882,8
train,55534,8
train,13832,6
train,30547,0
train,2542,4
train,27740,8
train,10269,4
train,10973,8
train,1244,3
train,47288,6
train,4632,3
train,36303,5
train,58527,3
train,5658,9
train,34347,9
train,43132,3
train,29392,6
train,43737,4
train,58264,9
train,19181,3
train,12693,1
train,15603,2
train,39210,2
train,48377,7
train,57221,0
train,12542,0
train,35224,5
train,24227,1
train,45216,2
train,46027,3
train,9967,6
train,26027,0
train,39036,6
train,1828,0
train,51010,1
train,38851,5
train,32395,7
train,57722,1
train,58960,8
train,40923,4
train,46202,7
train,57369,5
train,31699,7
train,49331,0
train,15490,7
train,29451,1
train,47304,8
train,50760,7
train,34675,2
train,28101,0
train,10923,4
train,30251,3
train,42943,9
train,22101,5
train,24074,6
train,31910,7
train,35547,8
train,33448,5
train,53378,4
train,42705,5
train,46533,4
train,33312,4
train,50987,2
train,42676,4
train,21308,0
train,8807,6
train,7227,4
train,29216,6
train,26828,9
train,33752,1
train,10376,1
train,38557,7
train,44699,8
train,10317,2
train,10494,4
train,48180,0
train,59276,7
train,33411,4
train,20697,3
train,22650,5
train,50333,1
train,1551,3
train,27204,6
train,43584,7
train,44455,2
train,54059,1
train,25401,4
train,8698,7
train,27124,1
train,23831,8
train,43309,0
train,18049,3
train,14649,0
train,1173,9
train,26025,9
train,56262,5
train,53515,9
train,51924,6
train,9202,6
train,10633,4
train,46169,5
train,19230,3
train,38129,3
train,39602,8
train,33030,6
train,37153,0
train,9734,1
train,8689,1
train,29808,9
train,41238,1
train,35469,7
train,47887,0
train,38095,1
train,12622,8
train,12838,3
train,55868,8
train,42669,3
train,2676,7
train,34471,0
train,51658,2
train,32218,8
train,39375,4
train,11540,7
train,27283,0
train,50641,5
train,12400,8
train,16211,1
train,6934,9
train,42198,4
train,36133,2
train,22537,4
train,13063,9
train,39246,7
train,17666,9
train,51575,2
train,24931,3
train,59348,7
train,41936,2
train,40233,8
train,7851,8
train,20160,2
train,17892,2
train,51612,8
train,23001,2
train,58898,9
train,59305,5
train,32286,4
train,53747,0
train,28702,6
train,3295,1
train,38423,8
train,15628,0
train,21049,0
train,935,8
train,58456,5
train,12933,3
train,16447,1
train,33054,3
train,59853,6
train,384,7
train,44382,6
train,52191,3
train,23225,3
train,29430,1
train,15176,3
train,42254,3
train,44996,1
train,48375,8
train,25533,2
train,31909,6
train,12031,7
train,27399,8
train,6837,6
train,39439,7
train,51308,0
train,34715,9
train,42365,8
train,38582,1
train,4572,6
train,56235,8
train,46709,3
train,20824,1
train,15618,2
train,2431,7
train,14656,1
train,52133,0
train,6419,1
train,8269,8
train,3021,0
train,19099,1
train,56610,1
train,43454,5
train,46483,2
train,1373,4
train,7677,4
train,25130,7
train,1899,7
train,25792,7
train,30313,7
train,21275,5
train,10588,9
train,16965,8
train,50861,8
train,17998,6
train,20526,2
train,7956,8
train,50429,8
train,16225,4
train,25421,1
train,14739,4
train,48034,2
train,37552,5
train,5625,8
train,42559,0
train,25075,5
train,38850,0
train,22441,0
train,36957,3
train,7483,3
train,51957,2
train,53029,2
train,23076,3
train,58837,8
train,59022,5
train,20364,8
train,5356,4
train,3381,2
train,17255,3
train,42136,0
train,54023,1
train,32810,0
train,12763,4
train,39571,9
train,16424,5
train,10039,7
train,3542,3
train,3258,3
train,23247,6
train,30201,7
train,48882,9
train,44859,0
train,52425,8
train,11204,7
train,33359,4
train,47410,4
train,14592,4
train,20206,7
train,11105,0
train,11386,6
train,27593,5
train,21798,2
train,55935,2
train,25789,3
train,14071,6
train,846,6
train,19611,7
train,3872,8
train,42397,8
train,21237,6
train,53766,7
train,58216,6
train,39184,3
train,23311,9
train,49157,3
train,46699,8
train,7516,6
train,10673,2
train,43539,1
train,11637,1
train,18714,8
train,6694,9
train,59839,7
train,25204,6
train,38112,8
train,26154,3
train,55706,8
train,18237,5
train,6777,7
train,15332,3
train,6088,7
train,35709,6
train,25379,8
train,17331,1
train,52838,4
train,25866,4
train,20620,4
train,23338,3
train,5950,1
train,24298,4
train,56370,5
train,56174,0
train,7920,2
train,50058,6
train,37767,4
train,35525,0
train,37923,1
train,42144,9
train,23550,5
train,59181,6
train,1980,6
train,34643,2
train,27164,9
train,1537,4
train,41392,1
train,18004,3
train,26646,2
train,11300,9
train,21298,6
train,59859,0
train,104,1
train,50998,4
train,26863,2
train,53204,9
train,51152,6
train,34731,0
train,7351,5
train,53984,2
train,13106,1
train,45793,9
train,3301,5
train,55363,7
train,56690,9
train,9697,1
train,23881,4
train,8754,0
train,54558,7
train,25006,4
train,35835,2
train,25898,1
train,1225,7
train,43664,1
train,4107,4
train,5162,2
train,38726,5
train,52554,0
train,43687,8
train,2173,7
train,40736,5
train,209,0
train,51341,8
train,13041,9
train,54394,8
train,50769,0
train,38801,5
train,2810,8
train,53259,2
train,51908,1
train,48832,7
train,52695,2
train,39481,9
train,34541,0
train,3486,2
train,25317,6
train,46995,4
train,44635,6
train,58130,5
train,29044,0
train,22760,8
train,20777,5
train,21700,7
train,41435,5
train,6308,4
train,2184,2
train,5979,9
train,43020,0
train,41419,1
train,21117,6
train,23757,2
train,33920,7
train,4075,4
train,23060,0
train,2091,5
train,37725,1
train,25794,1
train,43143,7
train,27357,7
train,43261,1
train,57834,1
train,33424,8
train,58005,5
train,54559,3
train,55599,9
train,23779,3
train,17671,9
train,42779,4
train,25029,2
train,22581,5
train,27562,8
train,27482,5
train,15187,2
train,2485,4
train,42978,6
train,32765,1
train,35232,8
train,27815,9
train,59085,1
train,44073,6
train,15018,9
train,26553,5
train,58094,7
train,57886,3
train,11639,0
train,45005,3
train,8906,4
train,25886,5
train,5745,9
train,9836,2
train,24693,0
train,57353,6
train,47593,6
train,49887,8
train,20985,3
train,4604,7
train,42166,6
train,7623,9
train,42650,7
train,41578,8
train,42329,4
train,17678,4
train,21087,9
train,55702,9
train,53088,2
train,11078,9
train,35789,9
train,8551,3
train,22284,2
train,16029,3
train,38183,9
train,14536,7
train,23761,4
train,47568,7
train,7492,9
train,32188,4
train,1548,1
train,59257,6
train,7893,9
train,54441,7
train,41373,4
train,28007,9
train,30350,6
train,30673,3
train,36285,6
train,37781,9
train,42517,5
train,56758,4
train,24855,4
train,52209,3
train,14129,6
train,17181,9
train,7663,7
train,39535,7
train,56831,1
train,7198,9
train,51674,5
train,24814,1
train,24012,2
train,36156,7
train,28796,3
train,5722,2
train,11070,8
train,33803,4
train,50946,3
train,2202,1
train,15604,4
train,22164,1
train,26243,1
train,29445,9
train,22913,8
train,32560,4
train,38553,5
train,40399,1
train,20585,4
train,23784,7
train,26346,9
train,34523,0
train,35686,4
train,54173,1
train,24025,7
train,7564,6
train,19595,8
train,1576,4
train,45449,9
train,41909,1
train,1787,1
train,32649,7
train,40546,5
train,41371,0
train,44600,9
train,12100,3
train,7104,6
train,12642,1
train,29944,6
train,34538,0
train,4501,8
train,26208,3
train,16390,2
train,48081,8
train,33819,2
train,32457,9
train,43151,1
train,19683,7
train,51433,5
train,41575,8
train,39200,6
train,22812,1
train,34956,6
train,47350,1
train,43197,1
train,29275,6
train,51589,2
train,50829,1
train,22866,5
train,56756,7
train,59081,3
train,34821,5
train,29937,0
train,26254,9
train,58150,8
train,31612,6
train,51675,3
train,56539,4
train,53338,7
train,27442,6
train,26715,3
train,47074,8
train,158,7
train,31321,0
train,28281,6
train,13965,3
train,2728,9
train,7931,7
train,30245,7
train,49063,7
train,48380,6
train,36881,6
train,9226,3
train,34249,4
train,54296,3
train,36206,3
train,24558,8
train,51842,9
train,3828,4
train,36640,4
train,39473,5
train,14809,2
train,49027,0
train,39165,6
train,48493,6
train,28358,0
train,30175,3
train,33683,9
train,33996,7
train,37926,1
train,10204,0
train,5839,5
train,42081,0
train,42273,2
train,19216,0
train,45064,4
train,5869,9
train,48441,1
train,37514,2
train,55507,2
train,32037,4
train,25495,8
train,22983,5
train,28772,0
train,26726,1
train,16177,3
train,9662,6
train,59175,0
train,44054,2
train,26544,4
train,13889,0
train,12675,4
train,51600,4
train,24410,8
train,52464,3
train,29951,7
train,15242,0
train,43448,3
train,25910,1
train,3555,8
train,29042,3
train,51343,3
train,58849,8
train,7321,5
train,46193,9
train,55491,8
train,31107,9
train,58387,1
train,52755,2
train,45532,1
train,10511,3
train,45341,2
train,18802,3
train,55990,4
train,45949,6
train,22462,1
train,11151,9
train,49047,6
train,18855,7
train,44696,0
train,13681,5
train,16010,5
train,37531,1
train,7481,5
train,47168,7
train,26907,2
train,33228,0
train,8323,0
train,41168,7
train,52482,6
train,58765,0
train,46448,5
train,32,6
train,35611,5
train,42771,0
train,12148,3
train,27871,1
train,16313,4
train,24544,7
train,28315,5
train,48005,6
train,1492,2
train,2723,6
train,33815,5
train,50090,4
train,25148,2
train,7853,9
train,14545,0
train,43641,5
train,25141,6
train,8919,1
train,17144,7
train,5312,7
train,76,2
train,46114,0
train,21641,7
train,47193,5
train,50428,6
train,43710,7
train,57745,8
train,46661,0
train,34027,4
train,14748,5
train,18275,6
train,37628,8
train,43681,2
train,42475,6
train,21629,5
train,9161,1
train,15316,1
train,25827,2
train,1668,3
train,12744,6
train,3077,2
train,51739,1
train,52471,7
train,40950,4
train,17233,8
train,18079,3
train,23322,3
train,5676,7
train,15922,7
train,2019,2
train,34187,5
train,27352,4
train,49305,6
train,28299,3
train,34022,4
train,26502,1
train,51043,7
train,4016,2
train,8640,2
train,50238,8
train,36147,2
train,12938,2
train,50781,6
train,53752,9
train,12821,5
train,20346,4
train,53016,1
train,9904,3
train,10105,9
train,54526,3
train,24038,1
train,3488,1
train,55434,5
train,53055,9
train,54872,1
train,26931,6
train,44435,3
train,53613,4
train,54588,4
train,35399,1
train,9711,7
train,44706,5
train,1103,9
train,51074,7
train,13502,5
train,24727,7
train,34019,9
train,37554,0
train,41701,9
train,59989,8
train,15671,7
train,2873,0
train,13466,5
train,46314,4
train,4387,1
train,21540,9
train,54881,4
train,38144,7
train,7957,6
train,14278,0
train,44646,4
train,4861,1
train,25184,4
train,41057,8
train,1342,7
train,4580,8
train,54151,5
train,41863,3
train,50195,3
train,10361,9
train,7775,8
train,39522,4
train,5946,7
train,6962,8
train,5468,0
train,17822,4
train,5509,2
train,22344,0
train,24568,7
train,29334,2
train,7632,1
train,37268,9
train,8651,7
train,52927,1
train,3607,2
train,58889,1
train,47417,7
train,11212,9
train,11173,6
train,35355,9
train,31968,8
train,16517,8
train,14289,9
train,23576,1
train,31905,2
train,53833,1
train,7283,3
train,57069,1
train,13393,8
train,444,2
train,51844,5
train,8664,1
train,25099,9
train,27137,0
train,45637,7
train,44275,4
train,59652,3
train,11947,9
train,48565,6
train,41272,6
train,1893,8
train,48580,9
train,56389,0
train,14755,7
train,25039,0
train,109,2
train,59328,3
train,59631,3
train,22512,1
train,55955,1
train,31030,8
train,48559,8
train,38559,0
train,3727,8
train,46523,3
train,23830,6
train,40298,3
train,2714,2
train,35221,3
train,58555,4
train,47118,1
train,48383,2
train,211,1
train,42162,6
train,11275,1
train,39539,5
train,53018,1
train,23916,2
train,20565,3
train,9346,9
train,8713,5
train,44625,5
train,30167,4
train,26249,4
train,58445,8
train,24389,0
train,55344,7
train,18244,3
train,1592,5
train,23711,7
train,50175,3
train,201,1
train,27582,1
train,10578,5
train,51909,3
train,49791,3
train,13495,2
train,55268,8
train,42603,2
train,42996,6
train,18935,9
train,50500,3
train,31118,6
train,53903,3
train,30896,5
train,38217,5
train,39435,4
train,24746,2
train,24570,2
train,55522,4
train,924,5
train,44354,6
train,20564,5
train,13550,2
train,28202,0
train,32861,7
train,35541,8
train,44376,9
train,52977,9
train,7377,5
train,49231,2
train,41564,8
train,8924,2
train,42384,8
train,14767,1
train,48176,0
train,20043,7
train,651,7
train,36621,0
train,40887,5
train,35503,9
train,2893,4
train,48749,6
train,54291,3
train,44188,3
train,18321,1
train,9337,4
train,35346,3
train,32237,0
train,38738,7
train,46716,4
train,54265,6
train,25276,8
train,8081,4
train,51357,2
train,26133,1
train,57802,6
train,34938,1
train,6155,9
train,5687,3
train,8428,2
train,43762,3
train,44457,3
train,55353,3
train,25768,3
train,47357,5
train,10261,0
train,58809,0
train,14507,5
train,50883,8
train,10718,7
train,31343,6
train,22030,5
train,13694,2
train,22391,2
train,20095,0
train,32831,5
train,34435,7
train,19658,7
train,49843,4
train,42487,0
train,10708,7
train,16159,1
train,18175,9
train,31693,9
train,8653,0
train,58247,0
train,32193,3
train,58315,2
train,47833,9
train,14248,6
train,9243,7
train,19468,2
train,13765,4
train,46651,9
train,28806,4
train,38020,9
train,2036,4
train,11299,2
train,47536,7
train,30841,7
train,21634,1
train,36512,7
train,25005,0
train,3010,7
train,1962,9
train,23782,7
train,58111,6
train,17062,3
train,43842,2
train,59589,4
train,839,7
train,31964,7
train,40126,9
train,50607,8
train,2295,6
train,12332,4
train,22280,2
train,15708,6
train,6798,4
train,22586,1
train,7947,9
train,59110,2
train,3306,1
train,19237,8
train,41941,7
train,55392,8
train,56952,8
train,12984,8
train,43292,2
train,8,1
train,6564,9
train,35748,4
train,29390,9
train,2651,5
train,13323,9
train,56157,9
train,42874,1
train,6198,5
train,48525,2
train,27910,8
train,7394,2
train,33063,6
train,17186,9
train,16275,8
train,50900,8
train,39393,1
train,48805,1
train,33468,3
train,22884,2
train,41334,9
train,16726,6
train,33421,3
train,3022,9
train,14785,4
train,31262,9
train,19705,8
train,13197,0
train,44744,0
train,22302,5
train,4900,1
train,51167,0
train,2674,5
train,35623,9
train,21148,7
train,22484,8
train,28080,5
train,20140,5
train,58938,4
train,38045,6
train,58762,8
train,2914,0
train,51744,5
train,18871,7
train,49533,0
train,42716,1
train,44556,1
train,11597,0
train,32163,9
train,51142,3
train,57219,9
train,23866,3
train,19651,1
train,16792,6
train,16484,0
train,48428,8
train,9290,9
train,46595,3
train,53354,0
train,51582,9
train,50183,4
train,59614,4
train,59968,5
train,23859,2
train,47013,8
train,46721,9
train,55873,0
train,49255,6
train,54857,2
train,1333,9
train,50114,8
train,42104,8
train,26990,0
train,10951,9
train,9128,9
train,42217,0
train,13223,4
train,3154,8
train,58424,8
train,21560,0
train,6058,4
train,51737,0
train,44360,8
train,14164,9
train,56272,7
train,31703,3
train,37701,8
train,1508,4
train,14840,0
train,50702,8
train,635,5
train,9229,9
train,7230,6
train,57426,3
train,21420,3
train,59999,8
train,30006,4
train,39000,9
train,14443,9
train,14329,0
train,31268,6
train,21502,2
train,18488,1
train,16758,0
train,6786,5
train,30917,7
train,27925,7
train,23179,6
train,40500,7
train,31167,6
train,40881,2
train,37555,3
train,31370,1
train,4266,7
train,57457,3
train,45044,9
train,10664,0
train,12027,8
train,35498,3
train,19127,0
train,35809,8
train,25602,4
train,27908,9
train,17861,9
train,29442,4
train,30977,9
train,58763,1
train,19935,0
train,1627,1
train,22975,6
train,49238,8
train,50671,3
train,19717,5
train,25399,0
train,24478,9
train,11345,5
train,8595,1
train,8878,2
train,34478,5
train,17502,5
train,49597,6
train,3910,6
train,15820,8
train,30354,3
train,1228,6
train,14720,4
train,12362,1
train,18773,7
train,39599,8
train,35176,7
train,29486,9
train,5631,4
train,47189,2
train,21672,7
train,57362,1
train,27861,3
train,16436,6
train,44356,4
train,7929,2
train,54568,3
train,598,6
train,58519,9
train,8571,7
train,12701,5
train,43898,7
train,52905,8
train,14099,3
train,21521,0
train,23625,2
train,49521,1
train,32884,8
train,17284,6
train,16716,2
train,33336,9
train,37332,3
train,20561,3
train,15184,4
train,10315,7
train,43646,6
train,52159,8
train,38912,8
train,54376,4
train,59480,3
train,14740,4
train,26768,6
train,24904,1
train,30434,0
train,51169,1
train,40419,7
train,24166,5
train,57660,3
train,34672,3
train,22596,0
train,52291,1
train,45711,5
train,3225,8
train,3461,0
train,42949,2
train,52806,6
train,29192,8
train,31992,7
train,57468,3
train,21970,0
train,55013,9
train,40230,6
train,16994,8
train,17383,7
train,54077,3
train,16030,2
train,30013,8
train,9912,2
train,834,4
train,53128,8
train,26081,3
train,2996,0
train,10078,2
train,55476,7
train,5318,2
train,50322,5
train,52084,1
train,668,0
train,56084,4
train,21585,6
train,42849,1
train,22472,4
train,10130,2
train,44322,7
train,28652,4
train,45778,4
train,2795,9
train,37907,4
train,21768,0
train,40793,4
train,33436,6
train,32162,0
train,37231,6
train,22589,0
train,43473,4
train,54141,0
train,53225,3
train,24126,1
train,52945,4
train,57042,8
train,47342,2
train,17208,3
train,59268,4
train,13349,6
train,46859,6
train,8350,3
train,43916,9
train,36652,8
train,6826,3
train,10845,4
train,14065,3
train,24909,8
train,43472,0
train,24065,8
train,32758,5
train,18876,7
train,11446,2
train,20707,7
train,49552,4
train,26736,5
train,10104,4
train,35744,3
train,9723,6
train,53896,1
train,51528,6
train,26776,8
train,57548,4
train,26193,4
train,8804,7
train,30068,1
train,49893,3
train,57059,4
train,31653,9
train,26180,6
train,44182,9
train,47653,3
train,26125,1
train,45183,9
train,32601,2
train,17464,2
train,40714,1
train,17895,2
train,24071,9
train,6929,5
train,45301,9
train,5133,0
train,5768,7
train,34849,1
train,43087,7
train,18674,8
train,57178,7
train,32201,9
train,38052,4
train,56484,4
train,32391,4
train,58560,0
train,20162,7
train,8691,2
train,55896,7
train,53707,1
train,48568,6
train,2927,8
train,7131,1
train,15690,7
train,49396,6
train,59144,4
train,48590,6
train,53562,0
train,3924,2
train,57008,9
train,30416,8
train,5283,7
train,27462,0
train,42394,2
train,57582,4
train,58824,5
train,11584,0
train,40280,0
train,55437,2
train,46539,1
train,33620,2
train,10035,5
train,39986,1
train,3976,8
train,7064,6
train,38862,2
train,19734,3
train,8302,7
train,1733,9
train,9276,7
train,37446,2
train,26650,6
train,21941,6
train,39430,6
train,37950,0
train,56225,3
train,48528,8
train,49091,3
train,27893,0
train,43557,3
train,18959,9
train,5,2
train,11351,8
train,17635,2
train,38674,9
train,5484,1
train,8564,2
train,45883,5
train,24614,5
train,17960,1
train,14570,6
train,47544,7
train,18511,5
train,48340,6
train,4857,6
train,10449,9
train,54737,2
train,9943,6
train,52175,1
train,27238,3
train,17598,5
train,18448,9
train,29858,8
train,11058,1
train,55144,3
train,24550,7
train,1384,8
train,53332,3
train,57421,9
train,43319,5
train,49874,4
train,56799,4
train,37876,7
train,15634,6
train,59454,1
train,44986,1
train,27430,9
train,17508,0
train,30429,2
train,55761,8
train,40806,4
train,46234,4
train,27611,9
train,19980,5
train,40608,9
train,56277,5
train,53835,2
train,26174,1
train,44514,8
train,17167,9
train,43223,9
train,10619,8
train,40358,7
train,11818,4
train,58031,8
train,1778,3
train,40069,1
train,39973,9
train,18834,7
train,545,8
train,33464,0
train,54385,7
train,43631,0
train,40079,3
train,8809,0
train,21255,2
train,54498,8
train,43404,0
train,36339,4
train,7616,7
train,28425,6
train,40501,6
train,36034,8
train,13380,7
train,57895,9
train,6373,6
train,26965,3
train,8767,5
train,29493,8
train,2709,0
train,7259,2
train,8590,6
train,44154,9
train,4334,7
train,6903,6
train,29077,5
train,43518,6
train,30220,0
train,25896,3
train,58593,8
train,23124,0
train,56901,2
train,56835,0
train,32767,9
train,16184,8
train,23535,7
train,7609,1
train,31758,8
train,54414,0
train,29094,3
train,19455,8
train,53701,8
train,53621,6
train,35489,2
train,37483,8
train,15873,5
train,49472,7
train,16191,3
train,28871,8
train,2993,5
train,27100,5
train,46219,2
train,9307,7
train,8496,8
train,36785,8
train,9747,7
train,57666,8
train,1273,4
train,56357,8
train,59364,1
train,7326,2
train,54343,3
train,56194,8
train,13977,6
train,12427,4
train,34572,4
train,42358,0
train,24952,0
train,5732,1
train,11921,3
train,9571,7
train,23093,0
train,53545,3
train,18209,5
train,59794,9
train,47901,3
train,36260,0
train,52031,1
train,58965,1
train,13941,6
train,31427,1
train,38503,4
train,41014,9
train,7205,1
train,38291,7
train,4294,1
train,49686,5
train,17236,0
train,14695,4
train,25476,2
train,17033,7
train,42613,7
train,36196,9
train,42229,8
train,44812,8
train,55137,2
train,14682,1
train,8433,2
train,3707,3
train,44681,3
train,30062,3
train,45155,5
train,14250,8
train,20665,4
train,36225,9
train,33172,0
train,55364,9
train,16011,5
train,18864,2
train,12059,9
train,32152,9
train,8151,6
train,28857,1
train,39967,6
train,33864,0
train,46743,3
train,28478,5
train,29036,9
train,38984,4
train,18808,5
train,12888,0
train,49664,1
train,4829,4
train,5872,5
train,15479,4
train,30530,2
train,36237,6
train,43714,1
train,1058,2
train,3221,6
train,10950,6
train,43242,8
train,24779,6
train,58311,3
train,10965,7
train,24756,9
train,53319,0
train,51069,6
train,9264,1
train,6117,0
train,56123,1
train,48760,6
train,39722,5
train,56378,8
train,15932,7
train,53366,2
train,8122,3
train,27159,1
train,32757,5
train,36874,0
train,29484,4
train,46046,1
train,47780,2
train,39841,8
train,50656,4
train,21940,4
train,14148,0
train,46832,7
train,10953,3
train,11140,6
train,27453,7
train,14813,6
train,42801,0
train,24646,8
train,52865,0
train,16876,1
train,10904,5
train,3257,9
train,45121,4
train,8868,6
train,49031,6
train,5310,6
train,43035,6
train,57436,1
train,22091,6
train,53267,9
train,46273,0
train,15494,7
train,21338,5
train,38478,6
train,43466,3
train,6009,4
train,50860,8
train,52720,0
train,31055,7
train,44673,5
train,13905,7
train,1059,8
train,20749,1
train,46973,9
train,45279,7
train,19753,1
train,14727,7
train,15748,2
train,11102,9
train,28920,2
train,39596,8
train,4315,9
train,27966,9
train,17858,9
train,54130,4
train,44103,0
train,29223,8
train,92,4
train,44412,2
train,42522,2
train,28273,7
train,50329,9
train,3392,6
train,44058,3
train,49499,1
train,49617,8
train,7975,9
train,41859,1
train,33406,7
train,51978,0
train,18859,9
train,34733,4
train,5550,5
train,43061,6
train,50028,2
train,32281,3
train,355,1
train,43825,9
train,2950,7
train,26448,3
train,46683,0
train,57755,2
train,7788,1
train,27764,5
train,20480,6
train,29312,2
train,20571,9
train,31073,7
train,24660,5
train,40986,6
train,22184,2
train,29395,0
train,57951,5
train,25459,2
train,28362,7
train,46197,2
train,7637,4
train,10349,3
train,19204,8
train,48418,4
train,24963,6
train,52566,4
train,36885,5
train,45642,3
train,29194,8
train,36067,6
train,12438,4
train,6360,2
train,41408,6
train,29683,4
train,2362,1
train,37309,3
train,16750,8
train,12137,5
train,33690,5
train,8002,2
train,20878,5
train,28352,8
train,10594,4
train,4709,6
train,6054,7
train,30825,9
train,9863,6
train,28671,0
train,6707,7
train,29496,2
train,13886,5
train,18315,7
train,50494,6
train,3921,5
train,28070,6
train,21976,5
train,3656,3
train,42421,4
train,22633,6
train,26954,9
train,41832,2
train,54008,3
train,25175,4
train,53649,4
train,44439,3
train,56078,9
train,20784,5
train,46536,6
train,44878,9
train,2803,3
train,28042,8
train,51270,4
train,27271,5
train,6171,5
train,14941,8
train,24339,1
train,51239,9
train,12672,2
train,29978,9
train,41876,6
train,39724,9
train,29511,8
train,40917,6
train,35982,0
train,16118,6
train,1889,6
train,3215,3
train,55230,6
train,56110,1
train,42666,1
train,25413,3
train,2128,3
train,43429,1
train,12951,2
train,49754,4
train,59954,1
train,58348,9
train,38345,5
train,10421,5
train,24899,3
train,20188,9
train,13426,4
train,33696,9
train,16379,7
train,54084,3
train,22656,1
train,38200,0
train,16849,3
train,54357,3
train,33056,6
train,43677,3
train,43125,6
train,33545,4
train,59814,9
train,21470,2
train,43181,8
train,38207,1
train,10984,3
train,57312,3
train,33060,2
train,15856,7
train,49831,8
train,39521,9
train,1662,2
train,3956,1
train,29599,0
train,38468,7
train,43349,1
train,18243,3
train,10095,7
train,15105,1
train,46018,8
train,26437,5
train,43721,4
train,38360,5
train,32982,8
train,11198,5
train,17108,0
train,32007,0
train,12896,7
train,33990,9
train,28901,1
train,1620,9
train,21951,4
train,39528,6
train,40347,5
train,3734,0
train,49562,9
train,21099,3
train,56162,6
train,660,6
train,17115,2
train,18427,7
train,27457,1
train,32038,1
train,39012,1
train,50512,8
train,57030,8
train,1340,5
train,37689,3
train,25361,4
train,46982,8
train,36734,0
train,37170,8
train,22124,2
train,47336,4
train,5428,1
train,40900,2
train,51628,6
train,9631,9
train,37511,0
train,10148,7
train,2503,3
train,31092,2
train,11885,8
train,56360,5
train,26624,2
train,48169,6
train,17909,2
train,16922,3
train,25527,8
train,18221,6
train,41477,6
train,6937,2
train,3759,8
train,27564,1
train,17282,7
train,27863,9
train,29356,3
train,56997,4
train,15186,3
train,17109,7
train,41421,2
train,14708,6
train,19661,6
train,58022,1
train,48553,4
train,45906,2
train,48722,3
train,32145,7
train,2038,5
train,52915,6
train,47889,5
train,18493,1
train,53356,5
train,20045,1
train,20555,6
train,50847,1
train,14848,6
train,24518,7
train,52611,2
train,32789,0
train,55391,2
train,47266,7
train,55717,3
train,26282,9
train,37547,1
train,29314,2
train,16690,2
train,51714,1
train,36385,7
train,2985,7
train,55833,2
train,31889,8
train,32959,9
train,3454,6
train,51216,2
train,13823,4
train,30608,6
train,199,2
train,13412,8
train,1066,9
train,53246,3
train,12050,9
train,31150,2
train,39327,3
train,22342,7
train,52283,8
train,27182,1
train,57766,3
train,32991,2
train,28473,9
train,55930,4
train,10702,7
train,5896,8
train,24515,7
train,6347,3
train,13924,8
train,31994,4
train,57410,1
train,10918,4
train,52071,7
train,15151,9
train,4705,8
train,58447,1
train,29995,8
train,22273,4
train,32715,9
train,43814,9
train,22935,5
train,12055,4
train,41647,0
train,55756,7
train,26742,7
train,3294,6
train,54129,4
train,17506,8
train,23729,8
train,59023,0
train,32305,6
train,36170,2
train,33885,7
train,57545,9
train,57525,0
train,53696,5
train,3955,1
train,26074,4
train,34834,9
train,27723,7
train,8677,4
train,57140,6
train,6060,2
train,37521,5
train,8006,4
train,57031,8
train,24063,3
train,171,2
train,23201,4
train,5752,5
train,11007,7
train,44071,9
train,28563,7
train,9101,0
train,59808,3
train,48874,7
train,36257,1
train,29580,9
train,4031,2
train,15610,8
train,57489,5
train,2375,1
train,13993,3
train,11127,4
train,14315,6
train,32304,9
train,43032,2
train,46793,8
train,51021,6
train,51555,3
train,4182,2
train,57703,7
train,2183,3
train,52442,4
train,25670,4
train,14927,4
train,56963,6
train,52651,9
train,3918,8
train,52018,9
train,4527,0
train,21811,1
train,37536,7
train,41458,2
train,32524,4
train,20841,9
train,41034,8
train,57708,4
train,3319,3
train,19782,1
train,11764,4
train,12630,8
train,13830,0
train,35002,9
train,47091,9
train,21866,3
train,7482,5
train,58650,4
train,38935,2
train,34676,7
train,44198,1
train,56441,6
train,8644,4
train,2461,5
train,56071,1
train,33535,1
train,33457,1
train,5106,9
train,20355,3
train,33959,8
train,51185,9
train,25848,4
train,58202,7
train,51045,0
train,34341,9
train,10528,2
train,7575,8
train,25117,8
train,28638,7
train,9390,9
train,25847,1
train,46488,0
train,59617,7
train,23932,7
train,26324,3
train,11997,2
train,55231,3
train,16042,8
train,21369,9
train,39008,2
train,6098,3
train,4393,7
train,14003,8
train,37704,8
train,19945,5
train,6901,4
train,52790,3
train,55887,7
train,23858,5
train,17267,7
train,3482,8
train,49266,8
train,53471,1
train,48503,8
train,39594,1
train,19407,0
train,16837,2
train,10558,4
train,6721,6
train,27676,4
train,42777,3
train,58980,4
train,33274,2
train,27675,3
train,26670,6
train,59837,8
train,31615,5
train,53191,8
train,20083,1
train,12772,7
train,37225,1
train,58932,7
train,40575,3
train,1945,1
train,49309,4
train,54956,2
train,24314,7
train,27320,6
train,24772,3
train,51409,7
train,24476,0
train,44735,6
train,34653,0
train,10265,0
train,58827,8
train,22635,2
train,32638,8
train,32999,6
train,25448,1
train,6332,0
train,11119,7
train,11886,4
train,51914,7
train,7537,2
train,18104,8
train,46068,3
train,12807,1
train,14005,2
train,32033,9
train,43497,0
train,33708,4
train,39736,6
train,29306,8
train,14572,4
train,40430,7
train,3497,8
train,7641,6
train,15584,9
train,16288,7
train,221,6
train,32529,7
train,47562,6
train,36006,2
train,31,8
train,8100,6
train,39876,8
train,31833,9
train,16518,0
train,34124,6
train,2032,4
train,6254,1
train,53289,6
train,17970,4
train,21723,8
train,12369,8
train,13519,3
train,7016,9
train,9212,2
train,54659,5
train,799,5
train,59556,2
train,14411,4
train,28824,0
train,9872,6
train,9696,3
train,11047,1
train,6040,3
train,47131,2
train,38686,0
train,47893,7
train,39005,8
train,55515,6
train,20897,4
train,36250,8
train,4779,4
train,49578,8
train,25050,4
train,49012,7
train,19649,0
train,24408,5
train,35706,8
train,10782,5
train,55696,8
train,21178,1
train,46589,9
train,29308,5
train,22790,7
train,35774,1
train,59294,8
train,8115,3
train,50797,1
train,39636,4
train,59160,5
train,46926,0
train,37709,8
train,10097,3
train,25385,9
train,46800,9
train,3876,0
train,9302,3
train,32681,7
train,2650,7
train,2317,4
train,55995,1
train,22539,7
train,2841,8
train,18151,5
train,58483,3
train,21663,8
train,14512,5
train,11398,8
train,23731,3
train,34181,2
train,37089,5
train,10229,6
train,4263,3
train,49852,1
train,39324,4
train,11779,0
train,53726,1
train,21030,6
train,9979,2
train,19097,2
train,38731,1
train,53889,3
train,16132,9
train,28382,6
train,35921,8
train,28683,4
train,13216,0
train,10165,9
train,42711,4
train,26175,1
train,27999,8
train,38886,2
train,54817,0
train,13405,7
train,23969,7
train,48000,4
train,3823,7
train,57531,9
train,37963,7
train,51839,7
train,24413,9
train,32525,2
train,12525,4
train,40390,0
train,29704,0
train,2148,6
train,25921,0
train,30542,4
train,32523,2
train,17876,6
train,17275,8
train,12627,8
train,51135,4
train,47166,0
train,5068,7
train,29348,5
train,56836,1
train,53536,0
train,11952,6
train,13973,1
train,13753,7
train,57612,3
train,45432,5
train,52026,5
train,26836,0
train,13652,9
train,58363,9
train,46297,7
train,48636,6
train,40676,6
train,54853,0
train,46555,3
train,21528,2
train,7671,1
train,15549,5
train,593,1
train,34866,3
train,6530,1
train,32587,6
train,45564,4
train,26077,6
train,52859,6
train,51117,2
train,6669,4
train,19769,0
train,16218,1
train,8161,1
train,24053,9
train,4018,6
train,32574,0
train,2855,2
train,46435,9
train,49430,2
train,9072,1
train,1443,0
train,31011,3
train,46071,9
train,23053,3
train,1587,5
train,24799,5
train,9109,4
train,52309,1
train,46603,0
train,19029,1
train,17894,8
train,30988,7
train,58828,9
train,16077,6
train,51989,5
train,20178,1
train,42737,8
train,32350,9
train,32405,2
train,27554,7
train,7017,7
train,19422,5
train,369,4
train,59674,4
train,34867,0
train,51564,1
train,1839,1
train,53669,2
train,37356,6
train,5542,3
train,6627,2
train,30948,0
train,8580,4
train,37735,8
train,21705,8
train,55984,6
train,52037,8
train,39189,3
train,12871,2
train,18879,5
train,42631,5
train,5663,7
train,14832,7
train,8127,9
train,15711,0
train,55304,2
train,30050,8
train,19004,0
train,47922,2
train,31476,0
train,46241,3
train,9179,2
train,22724,8
train,56971,1
train,22536,3
train,59296,0
train,57894,2
train,41510,9
train,4563,0
train,34959,7
train,53789,0
train,39790,2
train,16022,8
train,34553,0
train,4941,5
train,42066,6
train,23218,3
train,23074,7
train,27859,0
train,49558,5
train,29304,3
train,56617,8
train,31903,6
train,52729,4
train,53007,6
train,33596,1
train,9550,1
train,40612,0
train,11315,0
train,44597,8
train,59754,6
train,43741,8
train,21007,3
train,35403,2
train,9039,1
train,26535,1
train,38813,9
train,34570,4
train,38818,5
train,15657,9
train,612,0
train,29883,1
train,44831,4
train,504,5
train,14693,0
train,28499,3
train,50923,7
train,27478,3
train,24317,5
train,24375,7
train,40450,4
train,5083,0
train,37426,2
train,53718,5
train,1948,8
train,54679,9
train,49036,6
train,47602,3
train,56362,0
train,19609,5
train,2002,8
train,23409,4
train,48090,6
train,59304,7
train,55415,1
train,11352,1
train,24628,1
train,33776,0
train,940,9
train,7008,6
train,13576,3
train,34887,0
train,9043,1
train,5774,6
train,12787,9
train,38581,8
train,31323,1
train,58528,7
train,52662,8
train,14417,1
train,54649,0
train,39253,5
train,55528,2
train,9413,3
train,52817,0
train,25246,2
train,2009,0
train,59010,1
train,24330,5
train,19131,8
train,8334,2
train,30975,2
train,34400,5
train,38182,9
train,23035,8
train,50452,2
train,48325,3
train,35200,6
train,54779,5
train,25112,1
train,36821,6
train,8479,5
train,13627,2
train,8597,3
train,39306,0
train,47677,7
train,20497,2
train,36427,3
train,51725,8
train,3931,8
train,17948,8
train,26858,4
train,12878,1
train,32883,3
train,22218,3
train,2357,2
train,48912,2
train,55923,3
train,47403,9
train,33477,6
train,51767,1
train,46158,1
train,38299,6
train,42445,3
train,44451,0
train,7136,8
train,3871,2
train,36243,4
train,14448,7
train,27789,1
train,34113,2
train,14882,4
train,46872,8
train,58819,0
train,25713,6
train,34998,7
train,5209,9
train,19751,1
train,48140,8
train,51332,3
train,17503,0
train,16867,3
train,10927,8
train,34512,1
train,22599,5
train,52005,6
train,35757,0
train,22396,5
train,46138,3
train,22242,4
train,28208,1
train,39650,6
train,23749,1
train,7723,4
train,56508,2
train,1047,2
train,25579,6
train,47525,8
train,39928,3
train,163,4
train,15738,8
train,44311,7
train,40016,8
train,59733,7
train,12454,7
train,51979,4
train,58999,4
train,21211,8
train,44222,1
train,16822,6
train,53002,8
train,2106,4
train,42928,7
train,44256,4
train,555,2
train,470,1
train,38387,8
train,3182,4
train,7629,0
train,31732,8
train,9464,5
train,54162,8
train,7650,1
train,51388,3
train,59136,5
train,9834,0
train,9324,3
train,35175,0
train,8369,0
train,53746,1
train,6814,8
train,29788,4
train,34535,6
train,35561,8
train,34879,6
train,26278,9
train,24625,1
train,33813,8
train,58490,7
train,855,4
train,58436,4
train,46037,4
train,47857,8
train,7985,0
train,45416,8
train,3788,7
train,43345,2
train,1518,9
train,18878,0
train,28870,6
train,54620,0
train,52863,8
train,37142,6
train,59993,5
train,39265,1
train,4293,2
train,15503,9
train,27614,2
train,52935,4
train,53771,7
train,42551,9
train,58158,8
train,44814,6
train,28596,5
train,53917,0
train,25330,5
train,38771,3
train,4652,8
train,20747,0
train,7418,7
train,52888,1
train,25386,0
train,12777,8
train,25497,0
train,39205,6
train,52102,6
train,46560,0
train,39697,6
train,16933,6
train,36781,2
train,12591,1
train,19162,5
train,46003,6
train,49453,8
train,13689,1
train,48009,2
train,7911,0
train,52690,3
train,54539,6
train,24044,7
train,10538,5
train,23278,9
train,4834,8
train,49049,6
train,10704,4
train,10228,2
train,28466,0
train,49314,2
train,20217,8
train,28761,9
train,11328,7
train,34890,7
train,23656,1
train,8225,6
train,25070,7
train,22022,7
train,26414,8
train,33659,2
train,23567,5
train,39031,2
train,25945,1
train,27077,4
train,49273,5
train,55557,8
train,28312,4
train,24475,6
train,44484,8
train,43495,2
train,567,7
train,4674,3
train,9915,3
train,10367,2
train,49002,1
train,28779,8
train,39379,6
train,29378,0
train,8541,3
train,44378,7
train,51111,4
train,42407,5
train,53702,7
train,20655,2
train,26874,6
train,37198,8
train,19814,9
train,18748,2
train,3833,2
train,20484,4
train,17146,3
train,11451,0
train,51474,3
train,58435,6
train,56426,7
train,39471,4
train,54348,6
train,31710,8
train,34380,6
train,27205,1
train,32821,9
train,2771,3
train,38996,6
train,6670,6
train,58714,6
train,54984,9
train,21215,0
train,54020,3
train,41794,2
train,17548,2
train,17316,7
train,27474,1
train,54426,7
train,9006,3
train,38614,0
train,54431,4
train,56632,6
train,40195,8
train,47302,2
train,19421,1
train,8423,1
train,55264,8
train,22331,4
train,50336,3
train,33269,6
train,11053,3
train,33238,0
train,18847,3
train,50683,3
train,28659,6
train,17915,5
train,57332,8
train,49030,9
train,20074,4
train,45656,3
train,40778,0
train,37431,8
train,23689,5
train,33466,7
train,21218,9
train,51449,4
train,35718,6
train,27520,2
train,49778,2
train,28564,9
train,35342,6
train,3548,4
train,55049,2
train,41041,0
train,55276,7
train,37163,3
train,49997,8
train,3248,0
train,52521,1
train,21496,3
train,25138,2
train,29230,0
train,56583,2
train,25770,6
train,48217,5
train,24835,3
train,45569,6
train,34636,2
train,34421,0
train,28538,9
train,50739,5
train,54350,2
train,59107,7
train,1908,3
train,59855,2
train,18945,8
train,1835,6
train,23318,1
train,14851,3
train,31680,3
train,27584,4
train,4866,3
train,42330,4
train,33049,3
train,28085,6
train,52869,2
train,27507,7
train,15576,4
train,17214,0
train,35115,4
train,10541,1
train,54370,6
train,15138,1
train,15420,4
train,39829,9
train,34552,3
train,47205,0
train,16598,0
train,665,6
train,37497,0
train,46587,6
train,4938,2
train,28037,3
train,2522,7
train,45127,6
train,11021,3
train,52786,7
train,49767,9
train,47926,8
train,30122,2
train,54991,4
train,56820,3
train,10649,8
train,35405,2
train,19555,1
train,16097,6
train,24962,0
train,45225,6
train,35055,6
train,36309,5
train,32381,6
train,49731,1
train,59550,3
train,23978,7
train,43490,1
train,50102,9
train,14535,3
train,40128,9
train,45289,3
train,23721,2
train,36230,7
train,56058,7
train,54809,1
train,34577,8
train,778,5
train,58831,2
train,3624,4
train,27794,6
train,44165,5
train,15247,8
train,37820,5
train,11850,5
train,56593,8
train,54840,2
train,52012,8
train,31387,7
train,24264,3
train,46059,4
train,27426,2
train,30045,6
train,12289,5
train,15806,6
train,25479,4
train,59461,3
train,11277,6
train,38491,6
train,47548,8
train,34687,7
train,53275,5
train,4538,4
train,52430,8
train,4726,7
train,17819,5
train,47362,7
train,46703,0
train,32444,3
train,28837,1
train,41430,6
train,57111,4
train,3340,4
train,46729,3
train,20184,9
train,40409,2
train,32065,2
train,45555,9
train,5874,9
train,49927,1
train,12528,6
train,9667,4
train,40235,9
train,25235,1
train,21706,7
train,26087,1
train,32384,4
train,8414,5
train,54328,0
train,53194,1
train,20584,0
train,7682,8
train,36032,3
train,41637,1
train,52745,1
train,22909,6
train,45746,8
train,58407,9
train,47998,1
train,21752,6
train,51199,4
train,27024,8
train,52385,3
train,25352,1
train,52613,0
train,44596,3
train,47492,6
train,22830,6
train,50716,2
train,1232,4
train,25680,6
train,11033,2
train,1121,3
train,51247,1
train,9167,9
train,16249,3
train,1406,5
train,4884,1
train,56804,5
train,39143,3
train,17543,5
train,18196,1
train,7871,8
train,44303,3
train,6689,4
train,4827,6
train,26037,5
train,38120,2
train,17471,3
train,8282,6
train,17474,4
train,38325,5
train,26644,3
train,16472,2
train,11883,1
train,1525,7
train,9254,6
train,33375,9
train,35141,4
train,6352,5
train,53239,2
train,6153,8
train,25935,5
train,14493,9
train,9764,8
train,40254,3
train,8752,2
train,44786,1
train,27912,7
train,42474,2
train,41959,1
train,23241,3
train,51726,2
train,24775,9
train,19551,5
train,50530,8
train,26926,5
train,44936,9
train,20468,4
train,24405,1
train,27232,2
train,50793,6
train,46613,4
train,41733,1
train,53617,5
train,24585,6
train,46828,9
train,4322,2
train,50835,4
train,8660,1
train,42869,6
train,16683,2
train,24694,9
train,1746,7
train,13166,7
train,58759,3
train,25656,4
train,16594,7
train,41387,5
train,16866,0
train,2477,7
train,57490,6
train,12663,8
train,41907,0
train,4649,2
train,1892,6
train,14905,4
train,15016,2
train,55630,4
train,45092,1
train,17997,3
train,28635,4
train,14399,6
train,50282,4
train,32579,2
train,11187,0
train,5134,4
train,16407,3
train,58285,0
train,17636,6
train,21926,8
train,2570,6
train,45856,6
train,8958,3
train,31908,1
train,54976,3
train,25137,0
train,5198,4
train,50475,2
train,43644,3
train,13638,7
train,31688,2
train,27371,4
train,11503,2
train,8431,8
train,26343,0
train,19788,6
train,6208,1
train,24372,7
train,1374,2
train,30697,5
train,20479,5
train,17735,7
train,59033,1
train,21447,3
train,11803,6
train,41252,0
train,18760,1
train,39479,8
train,7109,6
train,42338,5
train,18327,4
train,7139,2
train,40455,9
train,28864,7
train,55218,8
train,31112,0
train,6030,8
train,20067,7
train,9821,4
train,5805,4
train,13838,6
train,15026,1
train,1025,8
train,10797,8
train,8703,0
train,49917,2
train,58583,7
train,54830,6
train,25517,2
train,43849,1
train,38450,6
train,56289,2
train,23843,8
train,59708,4
train,3116,7
train,27868,7
train,13528,0
train,3146,9
train,7383,3
train,26389,0
train,17170,8
train,36464,9
train,32375,8
train,48786,4
train,56872,8
train,35956,9
train,968,7
train,53732,5
train,37019,4
train,35094,1
train,31662,2
train,18328,6
train,47688,2
train,25707,0
train,26005,9
train,56729,7
train,23919,9
train,5966,1
train,24048,8
train,40988,2
train,44158,1
train,13870,4
train,16461,2
train,47948,8
train,25228,8
train,22892,1
train,14894,5
train,31545,5
train,34762,1
train,21491,4
train,75,0
train,31587,3
train,53306,5
train,51852,5
train,51910,9
train,32703,3
train,17032,1
train,5506,5
train,21644,4
train,39414,4
train,9844,8
train,51885,7
train,2648,2
train,50660,8
train,5963,1
train,1946,7
train,35758,2
train,44390,5
train,39451,1
train,25463,9
train,7635,3
train,35520,3
train,38986,3
train,22816,0
train,35990,1
train,44337,6
train,5094,2
train,29167,2
train,40220,1
train,38231,0
train,19469,5
train,42423,3
train,46497,9
train,18843,7
train,35376,3
train,36447,0
train,39321,0
train,18928,9
train,17851,2
train,16116,5
train,38966,4
train,10152,1
train,48042,9
train,42555,5
train,37657,7
train,14334,0
train,49108,3
train,56888,7
train,25931,4
train,5007,0
train,33108,1
train,24359,8
train,19063,3
train,25345,6
train,17843,6
train,1543,8
train,21782,5
train,32924,7
train,21373,6
train,32833,6
train,58280,5
train,2637,6
train,34377,9
train,19242,8
train,49500,0
train,3403,6
train,27265,7
train,30550,1
train,32692,6
train,43937,5
train,19645,0
train,58565,7
train,34862,3
train,28872,2
train,50787,9
train,7699,5
train,31289,6
train,38826,2
train,16065,6
train,19088,4
train,42540,8
train,23589,0
train,46185,1
train,5333,8
train,3028,8
train,24297,8
train,52168,3
train,43608,4
train,42820,8
train,47513,0
train,47089,4
train,51870,2
train,54525,5
train,20197,4
train,28631,2
train,36824,0
train,29059,2
train,32735,8
train,15522,8
train,17985,6
train,35435,1
train,54713,9
train,9018,0
train,32101,4
train,33746,9
train,7184,8
train,6748,1
train,2827,4
train,54312,9
train,41381,4
train,19462,6
train,15430,8
train,46976,4
train,40255,5
train,3684,3
train,56410,7
train,48069,5
train,51948,8
train,54502,0
train,27269,8
train,3126,5
train,30617,6
train,56431,9
train,16145,8
train,37132,3
train,14085,5
train,1988,2
train,5384,6
train,32809,2
train,7938,1
train,21352,7
train,3716,4
train,3856,6
train,7145,4
train,6874,6
train,31851,8
train,4139,8
train,23556,3
train,5574,8
train,58283,8
train,32964,3
train,15154,1
train,26593,3
train,23136,0
train,761,8
train,57522,3
train,16907,1
train,47171,2
train,27174,9
train,54288,6
train,37827,3
train,57458,7
train,4530,7
train,36996,6
train,25218,4
train,49417,4
train,41580,4
train,48898,2
train,41760,7
train,47511,7
train,35646,0
train,14488,3
train,28690,0
train,4781,4
train,40789,3
train,56330,4
train,40142,1
train,14884,9
train,43542,7
train,58935,1
train,19163,9
train,56367,1
train,44384,9
train,20981,2
train,5103,2
train,57348,8
train,23524,8
train,21781,6
train,58678,3
train,20106,8
train,51155,4
train,42798,7
train,27412,5
train,55066,6
train,57149,3
train,17739,5
train,37764,9
train,17228,7
train,54537,6
train,38675,5
train,2981,3
train,52029,6
train,39425,9
train,20580,8
train,24116,2
train,57499,4
train,17403,3
train,15635,7
train,45610,3
train,43206,5
train,4242,7
train,57767,8
train,13717,9
train,24530,4
train,45580,6
train,23783,5
train,16582,5
train,39866,4
train,35598,9
train,43711,3
train,21250,3
train,5850,1
train,52590,3
train,18469,7
train,46916,1
train,41258,5
train,22555,1
train,46108,5
train,17093,6
train,16919,9
train,32672,9
train,23346,6
train,44267,8
train,16102,6
train,22318,3
train,58057,4
train,33137,5
train,18397,3
train,57550,7
train,28197,9
train,27978,1
train,48216,4
train,26043,8
train,11441,3
train,26262,0
train,32134,5
train,43262,5
train,8297,7
train,37027,0
train,4907,7
train,12532,1
train,25864,1
train,33100,6
train,35604,8
train,30899,9
train,46616,8
train,17453,5
train,38103,0
train,32522,6
train,14533,3
train,42000,1
train,24916,9
train,13611,1
train,24015,2
train,27930,3
train,49377,8
train,5989,4
train,428,9
train,1927,0
train,44743,0
train,12321,0
train,30805,9
train,4811,9
train,29352,3
train,10445,9
train,42611,6
train,34656,0
train,34968,8
train,11157,1
train,44038,1
train,17010,3
train,26272,7
train,22237,6
train,41402,5
train,58183,3
train,2669,3
train,23581,3
train,18132,0
train,18307,3
train,49155,4
train,31712,7
train,18542,3
train,25318,2
train,19756,8
train,212,7
train,10941,2
train,15243,7
train,33371,3
train,48468,1
train,19992,9
train,31671,7
train,50110,9
train,40146,8
train,29278,1
train,27521,9
train,52019,5
train,45032,1
train,56673,6
train,9246,2
train,23458,8
train,23284,6
train,31654,6
train,12727,2
train,30309,2
train,28977,2
train,24854,5
train,21767,1
train,59638,7
train,3100,4
train,4871,6
train,38232,0
train,41176,7
train,57322,1
train,40798,6
train,6481,7
train,35942,1
train,38308,6
train,39160,1
train,44199,0
train,54270,3
train,55963,1
train,42416,7
train,27514,4
train,11692,4
train,51162,7
train,35378,2
train,47052,8
train,51734,6
train,27512,0
train,10221,0
train,39402,1
train,7056,9
train,24653,4
train,15955,0
train,19746,5
train,32858,0
train,39894,4
train,22497,7
train,57995,0
train,44295,3
train,29839,2
train,50655,7
train,50401,3
train,12889,9
train,50190,1
train,2482,8
train,33343,1
train,15050,8
train,42171,1
train,7685,0
train,43254,2
train,2788,3
train,57428,9
train,41312,5
train,50615,5
train,46723,0
train,36625,1
train,59009,2
train,5970,3
train,39575,8
train,22379,5
train,58535,5
train,19768,1
train,53237,2
train,16564,3
train,40735,1
train,50509,6
train,59600,5
train,56956,8
train,16587,3
train,56548,6
train,32167,1
train,23951,7
train,3282,7
train,19383,7
train,905,1
train,48639,7
train,5313,4
train,20548,0
train,24825,9
train,42058,1
train,52446,3
train,50046,7
train,5316,9
train,57342,2
train,8118,8
train,7451,0
train,52293,4
train,56507,9
train,6371,1
train,40613,0
train,39288,1
train,52504,6
train,23231,2
train,7673,2
train,25797,7
train,28696,7
train,5314,2
train,24205,3
train,19428,9
train,3654,6
train,29579,0
train,19571,6
train,33163,0
train,23310,2
train,50433,4
train,25045,1
train,46302,1
train,59308,3
train,46735,6
train,12016,5
train,16712,7
train,11905,6
train,1971,3
train,15842,3
train,56494,9
train,48881,2
train,27914,4
train,45663,7
train,56573,0
train,29318,9
train,7097,3
train,36816,8
train,29067,0
train,59938,7
train,2022,2
train,25688,3
train,49478,6
train,5728,3
train,57808,2
train,59732,2
train,22733,3
train,6336,4
train,4736,3
train,56626,0
train,50898,2
train,1188,2
train,39257,7
train,56096,7
train,47497,6
train,8897,0
train,42821,2
train,10059,9
train,56429,0
train,8034,6
train,11915,6
train,22031,4
train,45712,3
train,24812,5
train,51070,7
train,16293,4
train,17983,9
train,977,6
train,22953,6
train,6001,0
train,24969,3
train,36589,0
train,14389,5
train,10943,5
train,6286,3
train,21238,3
train,28349,1
train,18386,2
train,53590,5
train,33912,7
train,26882,7
train,58302,8
train,8654,9
train,58931,3
train,18827,3
train,10803,1
train,22622,5
train,59356,3
train,37472,5
train,10770,5
train,53884,2
train,1099,4
train,14651,1
train,51504,8
train,40425,2
train,6922,9
train,16894,6
train,39708,2
train,20552,7
train,48773,8
train,50582,1
train,52740,3
train,16334,1
train,29495,9
train,12613,6
train,42024,3
train,34360,6
train,33779,6
train,27323,8
train,14972,4
train,48446,2
train,56135,9
train,58356,0
train,52893,4
train,24395,6
train,44887,1
train,54619,5
train,52242,2
train,17564,8
train,52288,0
train,38084,6
train,57991,7
train,32515,7
train,8614,2
train,51538,6
train,41061,7
train,23756,1
train,14866,7
train,24318,5
train,11349,7
train,30465,7
train,8448,9
train,47128,4
train,42755,3
train,10272,0
train,25779,1
train,18181,6
train,50947,9
train,14676,6
train,51764,5
train,38492,1
train,17444,4
train,45831,8
train,39334,0
train,21952,2
train,19231,3
train,22584,4
train,53307,4
train,45702,6
train,2900,5
train,33130,9
train,15993,0
train,15321,8
train,15719,4
train,44638,8
train,45077,2
train,475,1
train,34758,8
train,16139,0
train,2499,2
train,34223,7
train,51858,7
train,1978,5
train,30750,9
train,8704,1
train,37638,2
train,51360,4
train,26983,6
train,41560,8
train,52370,2
train,15013,2
train,9935,8
train,55783,9
train,19504,0
train,26070,1
train,59573,9
train,53416,6
train,3697,4
train,20202,9
train,37795,3
train,59560,7
train,37404,3
train,17875,1
train,27641,2
train,58815,6
train,18580,8
train,42472,2
train,23636,4
train,18119,3
train,42033,4
train,28692,0
train,22119,8
train,57642,0
train,36320,8
train,12709,3
train,3711,8
train,54873,0
train,45417,0
train,15800,5
train,32267,3
train,13084,6
train,11696,5
train,30670,7
train,38216,2
train,46164,4
train,41443,0
train,17545,8
train,35192,0
train,57455,2
train,39335,5
train,30323,5
train,3774,6
train,33600,1
train,27083,7
train,527,0
train,7402,1
train,47671,9
train,32543,1
train,34073,0
train,51316,9
train,43869,3
train,5460,8
train,8913,7
train,55198,3
train,2538,0
train,36759,4
train,25988,8
train,47852,7
train,28829,6
train,4121,3
train,11801,5
train,7816,0
train,29405,0
train,46843,4
train,28939,5
train,13732,5
train,12770,5
train,32555,9
train,57549,7
train,46152,5
train,52001,2
train,24448,3
train,17621,3
train,50078,9
train,55204,5
train,1865,4
train,52313,0
train,12609,8
train,16495,1
train,59034,8
train,8516,7
train,8358,9
train,860,0
train,17918,7
train,48694,7
train,51023,7
train,12078,1
train,917,2
train,42607,4
train,32535,1
train,9409,6
train,52593,0
train,49739,0
train,31814,4
train,19054,7
train,40649,0
train,21623,2
train,36291,6
train,20139,0
train,26793,5
train,23549,4
train,37825,2
train,35368,9
train,55875,5
train,55684,4
train,46412,0
train,15408,8
train,52419,5
train,51144,5
train,42298,9
train,37522,8
train,51692,5
train,15643,7
train,33296,2
train,39795,9
train,534,6
train,25169,4
train,39141,8
train,39026,7
train,13259,1
train,39917,7
train,32609,0
train,26706,5
train,56533,0
train,13289,9
train,30182,6
train,44489,9
train,17411,0
train,15768,5
train,34930,9
train,5424,5
train,36744,1
train,11176,8
train,32406,1
train,8825,4
train,11268,1
train,32000,8
train,41584,7
train,10693,4
train,6361,7
train,53995,3
train,2909,7
train,32895,4
train,17889,8
train,16787,0
train,43725,7
train,43806,2
train,56502,8
train,13348,5
train,54063,5
train,7398,6
train,54763,9
train,26826,7
train,53489,1
train,37033,6
train,12385,2
train,2237,8
train,10309,7
train,7353,2
train,43153,2
train,5215,8
train,46848,3
train,47838,3
train,45558,6
train,21368,6
train,4331,7
train,33638,4
train,45591,5
train,28618,9
train,55122,8
train,51293,6
train,48143,5
train,3256,9
train,50749,0
train,13999,6
train,6727,6
train,25256,8
train,26477,2
train,19219,5
train,1425,1
train,6997,5
train,50081,0
train,16713,1
train,54836,0
train,58602,3
train,54720,1
train,42719,1
train,40023,6
train,47645,9
train,32300,8
train,50631,1
train,31581,0
train,48154,9
train,7303,1
train,41736,6
train,32817,6
train,13592,8
train,34343,6
train,26238,1
train,42934,2
train,21843,7
train,29521,3
train,59716,4
train,44022,9
train,54995,7
train,26772,1
train,19445,3
train,44142,3
train,49026,6
train,21361,9
train,15299,4
train,26970,9
train,43424,6
train,29634,8
train,29099,7
train,15028,0
train,34623,0
train,1586,7
train,31302,5
train,56498,2
train,47451,6
train,749,4
train,23991,0
train,30933,4
train,6725,2
train,35003,4
train,31519,5
train,26053,3
train,45413,8
train,48699,2
train,29876,2
train,41130,8
train,6169,5
train,5239,1
train,51778,6
train,40796,1
train,33605,5
train,38994,7
train,964,5
train,19007,9
train,21127,1
train,1257,6
train,37341,5
train,49416,2
train,51093,9
train,29751,8
train,30728,7
train,30745,4
train,38567,4
train,16929,4
train,16361,2
train,32562,1
train,15578,1
train,3969,3
train,36003,7
train,44707,2
train,12692,5
train,1403,0
train,15048,1
train,34712,3
train,39051,1
train,27716,7
train,58472,2
train,23506,0
train,55876,3
train,4732,6
train,51962,4
train,36868,2
train,6699,9
train,43126,3
train,36326,2
train,22370,1
train,28833,9
train,12882,3
train,36376,0
train,51568,7
train,43661,9
train,50252,5
train,32336,0
train,38356,2
train,20279,1
train,12553,0
train,47698,7
train,35724,9
train,28355,1
train,17952,8
train,48814,5
train,33793,9
train,40354,4
train,3477,4
train,16405,5
train,39776,1
train,88,0
train,14773,0
train,26140,3
train,6871,7
train,16430,6
train,2398,9
train,19117,0
train,13104,4
train,20131,1
train,28679,5
train,8101,4
train,24523,6
train,17579,2
train,4397,5
train,52716,0
train,19982,2
train,4120,1
train,17153,2
train,56475,3
train,15844,9
train,56285,7
train,44495,2
train,10476,2
train,23389,0
train,3644,1
train,47980,6
train,32385,3
train,5405,6
train,28912,6
train,34035,4
train,45163,9
train,10668,3
train,25435,6
train,5124,4
train,26869,4
train,22035,6
train,3999,6
train,52580,4
train,47224,1
train,54584,9
train,35068,9
train,41929,3
train,46645,9
train,51426,1
train,43658,3
train,29881,6
train,30742,1
train,8955,8
train,37007,2
train,11494,4
train,50719,6
train,41890,6
train,54877,2
train,5927,0
train,58626,6
train,8247,0
train,26481,5
train,8617,2
train,39694,9
train,35395,1
train,2138,6
train,23558,6
train,30940,1
train,16448,4
train,15864,0
train,13024,7
train,33311,9
train,11077,0
train,56091,8
train,36419,4
train,18422,6
train,41789,0
train,50729,0
train,27951,0
train,34576,7
train,35237,8
train,58253,1
train,802,6
train,48330,9
train,588,2
train,23698,7
train,41110,3
train,20427,1
train,20720,7
train,34125,6
train,23768,8
train,56829,9
train,38149,7
train,1612,9
train,40725,1
train,46203,5
train,43726,6
train,58723,5
train,26419,3
train,4914,2
train,46182,3
train,58590,2
train,18648,7
train,54201,3
train,8331,1
train,43778,0
train,29623,0
train,57928,2
train,19502,2
train,20949,6
train,53729,9
train,46424,3
train,31790,4
train,23023,0
train,5929,0
train,24235,5
train,19892,5
train,18157,5
train,28338,8
train,41140,5
train,25074,8
train,39696,3
train,23744,9
train,7348,7
train,18888,4
train,50684,0
train,4865,1
train,950,7
train,2652,3
train,58073,0
train,37396,8
train,58813,4
train,25270,6
train,39254,7
train,7710,0
train,8468,9
train,48141,6
train,10855,6
train,3761,4
train,32538,7
train,37776,8
train,16637,8
train,16348,1
train,20297,4
train,54322,3
train,29780,8
train,23717,8
train,8628,6
train,22295,4
train,29681,2
train,13009,4
train,59908,7
train,10884,5
train,32090,5
train,11197,3
train,34293,3
train,37424,9
train,30452,9
train,18675,3
train,3942,7
train,33616,7
train,9187,6
train,13824,3
train,36069,7
train,37145,2
train,39630,6
train,42140,3
train,50496,2
train,39939,2
train,55941,3
train,39273,6
train,27835,3
train,35515,5
train,37749,5
train,17736,4
train,9927,7
train,36383,6
train,25008,8
train,17151,1
train,31844,7
train,21608,0
train,38580,3
train,44431,1
train,50239,9
train,12306,4
train,659,3
train,49424,5
train,27597,7
train,15261,3
train,24640,0
train,14492,6
train,36637,6
train,28552,6
train,39726,2
train,17936,9
train,19951,8
train,39345,7
train,53066,7
train,25349,2
train,17158,4
train,8717,7
train,39996,5
train,27515,9
train,22969,6
train,27579,8
train,5830,0
train,37659,1
train,28858,3
train,58992,4
train,58108,0
train,42806,1
train,36255,0
train,34258,9
train,49603,1
train,13669,8
train,37980,0
train,14583,6
train,29603,1
train,24663,1
train,20566,7
train,35398,8
train,23635,9
train,15553,9
train,46058,1
train,37622,3
train,41331,0
train,4262,3
train,13137,1
train,11025,5
train,49507,7
train,38544,8
train,43433,4
train,22966,8
train,43268,8
train,49775,2
train,36022,0
train,21364,1
train,5182,7
train,26235,4
train,1293,1
train,38551,4
train,16962,7
train,34519,0
train,30589,2
train,41450,7
train,28633,3
train,21527,2
train,41708,2
train,8182,7
train,37316,8
train,54993,9
train,37336,6
train,35848,8
train,22149,3
train,2760,3
train,16734,9
train,24402,5
train,28055,9
train,36392,9
train,56107,7
train,3997,3
train,7498,5
train,3399,4
train,29990,2
train,52802,2
train,47620,3
train,44364,2
train,35154,6
train,24858,0
train,33881,2
train,27091,1
train,59928,6
train,7565,7
train,58169,9
train,3984,4
train,55129,2
train,10249,9
train,35911,3
train,32430,2
train,20320,6
train,13660,3
train,56486,9
train,47835,0
train,52810,3
train,21202,1
train,11484,5
train,14855,3
train,41797,6
train,17828,0
train,54463,8
train,51469,3
train,35444,9
train,43699,5
train,44279,4
train,42468,7
train,10721,9
train,32402,6
train,13023,2
train,11271,2
train,53894,0
train,1949,9
train,30086,5
train,30015,7
train,6328,1
train,51650,7
train,9576,6
train,4909,8
train,22499,8
train,19631,3
train,50645,6
train,2686,4
train,45051,1
train,34041,5
train,12003,5
train,10776,2
train,23730,3
train,18895,3
train,3676,2
train,39884,3
train,57733,4
train,29910,4
train,10844,0
train,21438,2
train,29371,9
train,8519,5
train,14256,6
train,33561,4
train,34929,8
train,36820,8
train,48710,4
train,4301,6
train,58385,9
train,11460,4
train,57958,7
train,9526,6
train,9508,2
train,10333,5
train,24407,3
train,23645,7
train,19410,1
train,46106,7
train,45039,9
train,22174,9
train,54369,9
train,13442,3
train,7750,8
train,28751,8
train,17438,1
train,40869,5
train,31002,2
train,41040,9
train,54703,0
train,31678,7
train,27020,1
train,59282,3
train,31803,9
train,24229,2
train,43927,1
train,46024,6
train,59586,1
train,50241,6
train,59099,0
train,37649,3
train,27891,8
train,51718,5
train,14018,4
train,24249,2
train,15511,3
train,3854,7
train,318,2
train,36916,7
train,32690,0
train,59684,2
train,11899,2
train,57,9
train,22522,3
train,33850,1
train,19714,0
train,9922,0
train,42581,1
train,32427,0
train,35138,2
train,13346,8
train,47235,2
train,6899,2
train,21057,4
train,1891,7
train,3983,8
train,20859,8
train,17527,8
train,39076,1
train,51238,2
train,50555,8
train,7601,2
train,31914,7
train,5503,9
train,31088,9
train,27408,5
train,55622,0
train,12935,4
train,46883,8
train,1648,2
train,41497,9
train,46694,2
train,21170,3
train,53727,2
train,28374,3
train,32616,5
train,18174,1
train,25646,6
train,22664,9
train,17330,3
train,46097,4
train,36448,1
train,59350,3
train,52940,3
train,56540,2
train,51649,0
train,35284,6
train,49575,0
train,8736,9
train,2961,3
train,4974,5
train,17908,3
train,16455,1
train,6928,0
train,51804,6
train,4197,4
train,49405,6
train,26176,0
train,53882,9
train,13967,1
train,46127,1
train,3857,4
train,21567,7
train,3158,8
train,31069,5
train,6979,0
train,52673,0
train,44536,7
train,22888,1
train,26991,1
train,57979,1
train,6515,2
train,38471,6
train,20844,3
train,15887,2
train,45804,7
train,328,5
train,41106,8
train,42274,5
train,52744,7
train,25028,3
train,52661,3
train,38516,1
train,13854,0
train,41548,5
train,49512,1
train,21523,0
train,45546,1
train,21930,3
train,50876,0
train,9143,7
train,24913,0
train,43101,2
train,24429,0
train,34844,9
train,55081,8
train,10743,3
train,11768,7
train,34397,8
train,9105,2
train,43727,0
train,50566,0
train,7758,2
train,15665,4
train,18794,0
train,26421,1
train,47140,3
train,21313,7
train,30170,0
train,20914,5
train,558,2
train,53292,5
train,11545,3
train,39349,3
train,42070,3
train,8503,9
train,16654,2
train,3229,6
train,17112,8
train,24578,8
train,30259,7
train,5636,4
train,34934,7
train,3179,2
train,12707,2
train,37039,8
train,50801,4
train,22477,3
train,24847,5
train,41382,2
train,37779,9
train,34680,2
train,12669,9
train,52758,1
train,45886,5
train,55376,5
train,54731,7
train,49429,0
train,5578,3
train,57662,5
train,7745,3
train,13778,3
train,38785,2
train,10096,7
train,16722,1
train,23187,4
train,10467,4
train,20105,7
train,17452,0
train,52387,6
train,49369,2
train,45938,8
train,20836,4
train,29989,8
train,1326,7
train,34098,8
train,55058,5
train,59100,3
train,276,1
train,54243,8
train,21626,5
train,58558,3
train,41634,0
train,59409,9
train,57417,4
train,7032,5
train,33001,5
train,21216,0
train,49046,8
train,55734,5
train,50574,5
train,47526,5
train,41892,7
train,14985,9
train,1431,4
train,54739,3
train,2725,1
train,5028,5
train,46923,3
train,17992,2
train,40822,7
train,42967,1
train,4553,1
train,52857,5
train,33409,5
train,12263,2
train,1174,1
train,48660,4
train,43228,4
train,23529,4
train,11203,2
train,53038,0
train,27279,3
train,36425,6
train,52569,1
train,40574,3
train,43926,7
train,46192,0
train,11090,9
train,12212,1
train,21226,6
train,7020,1
train,21771,1
train,50480,0
train,57588,2
train,28341,8
train,8273,0
train,12089,3
train,32279,8
train,14906,1
train,4457,2
train,27329,1
train,24080,1
train,21955,6
train,771,5
train,30458,4
train,54481,3
train,19177,8
train,27635,7
train,9823,0
train,48875,8
train,38469,2
train,11468,4
train,6005,2
train,25035,6
train,29365,8
train,20528,5
train,36929,0
train,23252,5
train,59149,1
train,21747,0
train,54289,5
train,54675,1
train,17041,3
train,16762,8
train,52937,7
train,1135,5
train,24607,4
train,16924,3
train,13103,8
train,28764,7
train,54850,9
train,6071,3
train,13012,9
train,44091,4
train,3354,8
train,56749,7
train,27033,2
train,29529,7
train,39770,3
train,37384,1
train,48459,0
train,23593,6
train,8410,6
train,37370,6
train,36680,2
train,2571,5
train,1682,0
train,16309,2
train,518,7
train,53811,8
train,45681,4
train,22230,9
train,9430,1
train,40330,9
train,46932,3
train,1133,4
train,9860,6
train,58497,7
train,4423,4
train,8705,1
train,52653,9
train,40828,6
train,55500,1
train,23109,8
train,3537,6
train,44130,0
train,53396,9
train,14672,5
train,17897,7
train,25735,2
train,5218,6
train,15875,6
train,36310,6
train,17836,2
train,51369,1
train,780,1
train,19883,3
train,18735,3
train,28654,5
train,45327,3
train,35572,2
train,44061,8
train,6806,8
train,34036,0
train,2314,2
train,9940,4
train,44458,8
train,44643,7
train,42055,3
train,54572,6
train,43826,2
train,2592,5
train,41911,2
train,30217,5
train,3887,7
train,23568,5
train,58398,2
train,24647,1
train,42757,9
train,6737,0
train,18761,1
train,24456,4
train,54002,5
train,21459,7
train,27606,8
train,24758,4
train,49546,4
train,34629,3
train,10341,9
train,22201,8
train,55730,9
train,57190,1
train,43023,7
train,53200,5
train,4979,1
train,36856,7
train,42287,5
train,11745,9
train,3732,4
train,28054,8
train,30398,3
train,42645,9
train,35951,4
train,43022,4
train,5824,1
train,17770,0
train,10728,3
train,50498,1
train,31800,8
train,26752,5
train,6292,0
train,20191,8
train,10342,1
train,7081,5
train,3083,9
train,23377,5
train,58779,8
train,59157,2
train,12248,9
train,21392,6
train,20221,6
train,27807,6
train,56962,5
train,39388,6
train,18703,0
train,55516,4
train,17840,2
train,49863,5
train,55640,3
train,45505,2
train,26665,0
train,20354,7
train,33612,7
train,9665,7
train,6455,7
train,32242,6
train,11715,1
train,36646,0
train,39782,1
train,37957,2
train,28785,8
train,2502,7
train,38709,1
train,10869,4
train,56926,2
train,9644,7
train,4377,9
train,44132,6
train,12985,2
train,19670,5
train,58205,7
train,6031,6
train,20898,1
train,44270,8
train,46841,2
train,15466,2
train,6949,4
train,18923,0
train,1798,0
train,1437,7
train,45694,9
train,43060,8
train,53083,3
train,33615,6
train,53530,9
train,33233,2
train,20366,9
train,4023,0
train,39217,1
train,11876,5
train,28673,1
train,5346,8
train,16095,5
train,45021,0
train,48841,2
train,13414,9
train,59013,8
train,26163,5
train,30630,6
train,3388,4
train,56116,5
train,10021,8
train,53790,2
train,23909,7
train,37103,2
train,4128,1
train,48256,8
train,38049,3
train,17727,1
train,42878,8
train,18084,2
train,35916,8
train,59386,4
train,47481,3
train,44293,5
train,4445,1
train,13780,6
train,33720,4
train,37500,7
train,22365,8
train,32091,3
train,48319,6
train,41054,7
train,23403,2
train,30395,9
train,58365,5
train,55115,0
train,47009,9
train,2315,3
train,46377,2
train,23031,4
train,1780,8
train,3754,3
train,244,5
train,12537,7
train,57244,8
train,41872,7
train,55227,0
train,44694,4
train,51026,4
train,2342,2
train,31569,8
train,41286,0
train,35493,4
train,37099,0
train,14657,4
train,10540,6
train,25402,5
train,44003,5
train,56189,1
train,52933,8
train,19250,3
train,879,5
train,42382,4
train,46654,0
train,26856,5
train,8620,9
train,10569,3
train,59953,7
train,12338,3
train,19372,7
train,59541,0
train,1890,6
train,7754,7
train,16179,8
train,58339,3
train,37304,3
train,50489,1
train,26850,2
train,4115,0
train,8742,2
train,19533,5
train,51647,9
train,39685,0
train,39038,7
train,49147,3
train,17084,8
train,40637,2
train,59118,7
train,2832,4
train,16443,4
train,33277,0
train,10825,2
train,13615,3
train,48283,6
train,37606,5
train,45085,2
train,33652,1
train,35044,8
train,57277,8
train,32847,3
train,55715,3
train,21579,3
train,30918,5
train,45335,6
train,45667,5
train,6715,7
train,45524,7
train,8114,7
train,34156,1
train,41961,1
train,24312,8
train,1510,2
train,49244,0
train,14962,2
train,7941,1
train,26578,1
train,58952,0
train,35883,6
train,3978,4
train,43068,4
train,5699,8
train,43150,4
train,33665,0
train,41068,4
train,48477,9
train,41737,5
train,41410,6
train,901,6
train,24546,2
train,9452,0
train,16680,4
train,38950,9
train,13182,5
train,36769,6
train,22059,8
train,41383,0
train,44339,1
train,46954,1
train,55452,7
train,11973,0
train,1107,0
train,45676,0
train,50819,4
train,9586,4
train,29317,6
train,42828,7
train,55511,4
train,54470,5
train,35090,2
train,55671,1
train,48270,2
train,5427,7
train,44886,1
train,2599,1
train,57544,4
train,5233,9
train,9401,3
train,49446,3
train,4029,1
train,43671,1
train,49711,6
train,37557,5
train,56616,3
train,7421,1
train,49247,2
train,31228,6
train,520,9
train,33773,5
train,39794,2
train,19604,0
train,51088,7
train,50524,8
train,11922,5
train,11219,3
train,17868,4
train,52645,6
train,49398,4
train,13422,8
train,22657,0
train,52115,8
train,47376,6
train,2268,5
train,28893,1
train,12207,1
train,48427,6
train,50466,4
train,49642,2
train,27486,3
train,2083,1
train,24008,7
train,45791,3
train,32846,0
train,7534,7
train,53783,7
train,21187,3
train,12541,6
train,19635,7
train,4428,2
train,39978,5
train,4515,5
train,52397,0
train,58040,5
train,31163,4
train,6671,5
train,18260,2
train,26113,5
train,52595,9
train,35070,9
train,17404,3
train,19739,3
train,28039,6
train,3197,1
train,40547,8
train,49800,0
train,41447,0
train,55048,0
train,37560,2
train,15789,1
train,29768,6
train,6976,8
train,29105,7
train,20278,3
train,26638,2
train,5473,7
train,59660,3
train,47618,3
train,54827,9
train,33444,3
train,21171,1
train,54990,8
train,14124,2
train,11515,9
train,31840,9
train,22751,2
train,21961,6
train,40151,2
train,55831,3
train,2416,4
train,10919,0
train,13754,7
train,42230,0
train,29173,1
train,59329,5
train,50289,6
train,18812,3
train,33994,4
train,8904,1
train,44949,7
train,46172,4
train,15115,8
train,27776,4
train,8275,1
train,10138,2
train,7778,3
train,51506,2
train,58857,2
train,33431,7
train,42478,8
train,28950,2
train,46879,7
train,29532,1
train,382,1
train,27655,6
train,30213,3
train,5860,9
train,8424,9
train,38278,7
train,2320,6
train,16640,0
train,57388,2
train,26369,0
train,14647,9
train,36623,3
train,9807,5
train,57724,4
train,10824,2
train,57618,8
train,55200,9
train,9301,2
train,7972,6
train,31385,7
train,15152,1
train,35363,4
train,2836,6
train,25301,8
train,1699,1
train,7434,6
train,50920,7
train,55981,4
train,11853,9
train,24677,8
train,19478,4
train,19835,8
train,59533,7
train,38599,0
train,59421,0
train,43777,9
train,232,0
train,57643,7
train,24050,2
train,49691,7
train,52708,4
train,14822,9
train,16467,8
train,47802,3
train,33884,4
train,25601,3
train,23918,5
train,57218,6
train,33560,6
train,43154,6
train,47071,7
train,30716,6
train,10682,7
train,20588,7
train,31101,7
train,2584,0
train,54302,5
train,15393,7
train,14081,2
train,32628,4
train,21042,2
train,48413,9
train,52950,8
train,1657,8
train,42224,0
train,55273,6
train,47995,5
train,18308,4
train,11877,7
train,13441,4
train,53495,4
train,54337,8
train,37793,4
train,47103,9
train,6123,3
train,25441,1
train,47727,7
train,55604,8
train,17879,5
train,58461,0
train,48028,8
train,39477,7
train,58538,2
train,7587,2
train,6306,9
train,59261,4
train,43394,2
train,50351,7
train,15096,8
train,38825,2
train,51926,4
train,4838,4
train,6532,4
train,39560,1
train,1896,2
train,34732,7
train,57058,1
train,42383,8
train,27612,4
train,12592,3
train,22677,4
train,24373,3
train,29270,3
train,34883,8
train,1544,1
train,34691,8
train,24114,4
train,20523,6
train,18638,4
train,24110,8
train,37156,4
train,11725,5
train,8952,2
train,1038,9
train,4097,4
train,833,1
train,51333,3
train,16200,2
train,7011,4
train,39977,1
train,50133,8
train,52570,9
train,53148,6
train,21828,4
train,23438,5
train,34480,0
train,49292,1
train,57294,9
train,39840,2
train,13456,9
train,3682,5
train,8366,8
train,40871,6
train,13310,2
train,21254,2
train,21006,2
train,5948,6
train,26763,4
train,5359,3
train,59524,7
train,48771,9
train,16861,3
train,38001,7
train,42118,9
train,26370,5
train,10083,0
train,49708,5
train,21332,6
train,17513,7
train,7387,3
train,4403,3
train,40720,3
train,42745,6
train,50261,1
train,16590,6
train,105,1
train,57663,7
train,9567,8
train,1363,0
train,29550,4
train,25390,0
train,12879,3
train,37098,7
train,43098,5
train,12192,4
train,21400,7
train,19689,0
train,31203,6
train,46184,3
train,10214,3
train,13078,5
train,41864,4
train,50800,5
train,30132,5
train,18417,5
train,34353,7
train,54726,8
train,38591,1
train,26538,5
train,24191,6
train,33414,2
train,14956,9
train,35955,6
train,58258,7
train,34185,4
train,47967,8
train,5372,8
train,5250,2
train,42212,3
train,57879,3
train,32135,2
train,3289,5
train,57175,9
train,54238,2
train,57753,9
train,16926,5
train,56915,7
train,18991,0
train,28275,2
train,42451,7
train,48667,3
train,50644,3
train,3395,2
train,13020,6
train,56349,1
train,9783,5
train,14779,8
train,15047,6
train,24781,4
train,21066,0
train,29750,0
train,23516,5
train,54507,5
train,28292,1
train,34407,3
train,43643,6
train,54629,0
train,19375,4
train,57735,3
train,57694,2
train,14947,4
train,9883,4
train,16181,1
train,30352,0
train,54342,1
train,24815,7
train,27647,7
train,55099,5
train,30039,4
train,18146,9
train,51668,8
train,26214,9
train,20609,0
train,51230,3
train,5939,5
train,42161,3
train,4738,0
train,44617,6
train,15407,0
train,34263,1
train,46364,2
train,55414,5
train,16870,8
train,38583,4
train,59826,2
train,45818,2
train,23583,4
train,53832,7
train,47245,3
train,344,9
train,12429,9
train,53326,1
train,50172,8
train,15774,3
train,30377,3
train,56792,9
train,51138,7
train,42036,7
train,40510,7
train,8969,0
train,17423,1
train,28911,9
train,27843,9
train,16473,2
train,13463,4
train,29411,6
train,52153,2
train,6614,0
train,35293,4
train,45602,5
train,59200,1
train,17758,9
train,13424,8
train,48385,3
train,38137,9
train,53563,1
train,9491,3
train,9555,9
train,14234,1
train,13099,3
train,39929,2
train,1332,7
train,56465,2
train,45307,0
train,28811,2
train,15664,8
train,57952,3
train,44178,7
train,2312,9
train,46963,0
train,2133,7
train,39258,6
train,17597,9
train,25237,9
train,9946,6
train,50997,9
train,37029,9
train,37742,1
train,13003,1
train,47368,4
train,13077,0
train,18344,6
train,39870,6
train,59753,4
train,38021,4
train,57846,6
train,9396,2
train,41823,1
train,52917,3
train,14945,1
train,58647,0
train,5170,8
train,41654,6
train,9459,0
train,13333,7
train,5019,0
train,34634,0
train,44121,0
train,20132,1
train,36370,9
train,36268,5
train,52918,6
train,51861,8
train,40808,8
train,18872,8
train,44151,1
train,12412,1
train,13789,7
train,53081,6
train,3753,4
train,29763,3
train,30843,8
train,59445,6
train,27892,8
train,38552,9
train,44672,2
train,57054,8
train,20871,9
train,33685,2
train,45987,5
train,15540,3
train,32518,4
train,13279,5
train,48307,5
train,12001,4
train,20066,1
train,15177,6
train,18037,7
train,43675,4
train,56276,4
train,26787,5
train,49971,0
train,36404,7
train,54871,7
train,4815,1
train,31417,9
train,39930,2
train,12682,2
train,41609,0
train,6401,5
train,21748,9
train,40147,1
train,59918,0
train,24332,5
train,58076,9
train,55108,5
train,14909,6
train,5025,7
train,41028,4
train,25587,8
train,41995,6
train,51534,3
train,45265,6
train,13229,5
train,46321,7
train,12440,9
train,34371,2
train,55295,9
train,21001,3
train,39239,4
train,30207,0
train,11415,9
train,13361,9
train,18652,6
train,1282,9
train,12036,4
train,31012,1
train,9225,9
train,38143,2
train,20268,2
train,37248,4
train,13508,2
train,28958,2
train,45741,0
train,20291,6
train,47070,4
train,48257,9
train,10602,1
train,58548,4
train,53151,9
train,24766,4
train,22474,3
train,41689,3
train,24652,7
train,14198,4
train,20632,0
train,24872,0
train,17718,7
train,37346,6
train,6692,6
train,36655,9
train,58402,0
train,760,3
train,28344,3
train,13910,2
train,28194,9
train,33835,0
train,25477,8
train,9657,7
train,45699,3
train,45707,3
train,52528,7
train,26089,1
train,56695,5
train,24940,0
train,17595,2
train,30380,7
train,36473,8
train,19045,9
train,45641,1
train,55664,0
train,55459,5
train,39043,6
train,54800,0
train,18553,5
train,46759,5
train,24844,2
train,28169,2
train,43304,6
train,49375,5
train,11014,0
train,10142,9
train,50563,2
train,54003,0
train,36471,3
train,10362,1
train,45223,8
train,50681,7
train,26876,5
train,51265,0
train,52485,8
train,50726,3
train,6231,2
train,22817,7
train,37595,8
train,6285,9
train,6738,0
train,20913,1
train,25136,2
train,16786,6
train,15781,5
train,34759,1
train,54997,0
train,35387,9
train,47607,4
train,33288,5
train,22767,3
train,42426,9
train,693,2
train,29307,5
train,51351,4
train,59743,4
train,20203,3
train,59078,0
train,46466,7
train,35230,8
train,9802,6
train,16007,2
train,7955,4
train,34665,9
train,42261,1
train,979,0
train,32958,1
train,46262,2
train,4843,2
train,49402,5
train,17393,8
train,50911,1
train,21107,4
train,59170,5
train,6184,4
train,28700,4
train,8451,1
train,29822,9
train,25829,3
train,4137,1
train,36873,7
train,34324,6
train,6968,0
train,22029,3
train,23514,5
train,10560,4
train,54752,1
train,26557,8
train,15203,2
train,14987,8
train,54202,5
train,40403,8
train,21594,1
train,56701,7
train,739,6
train,22067,2
train,1572,2
train,32920,7
train,19,9
train,41616,0
train,41562,9
train,20875,1
train,50532,8
train,42388,8
train,265,8
train,25014,4
train,39502,5
train,42042,4
train,26277,0
train,3583,9
train,53526,6
train,57123,4
train,51296,5
train,6485,7
train,59564,9
train,43250,8
train,25566,5
train,26756,7
train,28616,6
train,131,4
train,29635,2
train,47405,0
train,42531,1
train,6811,2
train,29828,1
train,33036,8
train,25018,8
train,38612,5
train,21791,1
train,10724,4
train,23177,2
train,18176,1
train,3705,5
train,42591,6
train,54143,1
train,38461,0
train,47992,3
train,21144,3
train,20267,9
train,18006,7
train,147,6
train,7503,6
train,20660,8
train,52065,5
train,42116,4
train,32223,3
train,44344,0
train,57326,0
train,39753,9
train,17733,4
train,21622,3
train,29863,8
train,11470,5
train,27939,4
train,18284,0
train,15131,9
train,35631,3
train,50625,8
train,35404,1
train,1661,3
train,15036,6
train,30875,4
train,51123,9
train,35487,1
train,8193,0
train,18836,0
train,54581,5
train,34224,9
train,6183,1
train,29145,8
train,45583,7
train,610,5
train,1738,4
train,29481,2
train,57629,0
train,48793,1
train,58521,0
train,23139,6
train,25577,5
train,18622,2
train,27546,7
train,29418,4
train,42748,7
train,3763,1
train,33603,5
train,49464,9
train,24596,9
train,47531,2
train,43988,2
train,40531,9
train,16859,9
train,26564,4
train,42176,1
train,17402,1
train,17204,6
train,30820,6
train,33601,6
train,54415,4
train,20641,9
train,49189,2
train,4109,1
train,52768,6
train,51932,1
train,17226,9
train,10905,8
train,43414,7
train,50312,3
train,36246,4
train,5960,4
train,33668,8
train,16616,6
train,57395,0
train,30179,1
train,36901,2
train,1613,4
train,56526,6
train,24757,8
train,9868,3
train,46333,4
train,2819,4
train,51516,9
train,15688,2
train,48936,4
train,11851,0
train,52476,3
train,34995,3
train,35386,1
train,18545,1
train,15128,9
train,53979,8
train,20635,5
train,39343,2
train,44827,3
train,14386,7
train,37864,5
train,55221,8
train,9410,4
train,19728,9
train,46987,9
train,46770,7
train,1901,8
train,12907,0
train,39573,5
train,35026,6
train,37352,9
train,12628,7
train,10069,0
train,5554,6
train,9781,4
train,56790,6
train,16058,2
train,40110,8
train,15907,3
train,23682,9
train,24039,4
train,50668,7
train,7531,5
train,18131,9
train,34003,6
train,17599,1
train,36835,3
train,27706,7
train,291,3
train,8545,0
train,2641,2
train,50435,0
train,27354,1
train,27252,2
train,17654,8
train,49956,9
train,21943,8
train,33404,5
train,22893,8
train,55959,8
train,37306,9
train,38152,6
train,19180,0
train,54423,8
train,56408,9
train,55509,3
train,37834,7
train,33526,2
train,3235,4
train,22644,1
train,55682,0
train,56909,7
train,11791,0
train,49052,8
train,9999,7
train,37183,0
train,53374,3
train,36523,6
train,16053,9
train,10399,1
train,28894,1
train,59795,0
train,47038,8
train,53854,8
train,21190,8
train,11783,4
train,23553,8
train,21195,6
train,51651,1
train,14118,2
train,1522,9
train,39855,3
train,56906,9
train,7497,3
train,58703,9
train,27242,1
train,43136,5
train,53753,4
train,40790,1
train,4955,2
train,40514,6
train,10429,2
train,57973,1
train,10267,1
train,15451,1
train,27792,1
train,20717,4
train,51078,8
train,16574,5
train,17365,0
train,54149,4
train,43804,6
train,6674,4
train,46648,7
train,6665,1
train,44017,6
train,3662,9
train,1776,8
train,12386,5
train,9822,0
train,55010,5
train,30598,9
train,48021,8
train,34294,4
train,52017,9
train,39250,6
train,27943,6
train,29831,8
train,54810,0
train,7591,5
train,18890,8
train,44582,1
train,48455,8
train,30111,8
train,16775,9
train,34748,6
train,52329,8
train,39147,2
train,50999,7
train,58440,1
train,16320,2
train,2618,7
train,50673,4
train,55184,5
train,17762,7
train,23308,1
train,48465,3
train,4677,8
train,18166,9
train,38420,8
train,626,9
train,27415,6
train,28856,8
train,38989,3
train,12422,2
train,26525,9
train,14605,7
train,35656,4
train,20111,9
train,31953,5
train,26770,2
train,7014,2
train,20142,6
train,30431,3
train,41426,4
train,52563,3
train,40364,8
train,45355,9
train,49193,3
train,48964,9
train,22747,4
train,45855,1
train,6083,1
train,54975,5
train,13551,5
train,41641,1
train,16972,8
train,14057,9
train,45392,7
train,4231,6
train,45237,1
train,38240,5
train,41226,1
train,11693,3
train,21667,6
train,8707,2
train,34448,5
train,57297,6
train,50886,8
train,23679,0
train,41885,4
train,53814,0
train,26835,1
train,5639,4
train,52138,9
train,15005,2
train,13709,6
train,2787,9
train,2293,6
train,1783,8
train,3818,9
train,11371,1
train,13559,8
train,12559,2
train,52262,1
train,26967,7
train,52787,7
train,41325,7
train,17993,3
train,50056,1
train,39259,9
train,7158,0
train,5761,7
train,21125,8
train,27331,2
train,11902,0
train,10625,0
train,28651,2
train,31982,5
train,14978,2
train,5944,4
train,40052,1
train,16034,9
train,41221,7
train,19192,4
train,6512,8
train,2403,0
train,55750,7
train,54546,9
train,763,9
train,41841,2
train,37654,9
train,16475,1
train,40695,5
train,52314,5
train,31704,8
train,58007,6
train,40666,9
train,15791,5
train,37989,2
train,11666,1
train,58177,7
train,52609,0
train,36018,3
train,24945,6
train,28222,6
train,19084,2
train,19512,9
train,23720,6
train,31766,1
train,39888,1
train,53270,0
train,26297,4
train,826,9
train,22017,6
train,33514,8
train,57693,0
train,12119,0
train,42564,9
train,40955,4
train,59748,9
train,51363,7
train,13893,9
train,56190,4
train,42145,7
train,26744,3
train,24924,1
train,46980,0
train,41645,9
train,8415,4
train,33933,0
train,49969,6
train,17152,9
train,24217,5
train,53087,1
train,54511,2
train,12530,4
train,1124,2
train,44832,7
train,21246,4
train,46484,0
train,15919,8
train,2635,6
train,44693,1
train,44904,4
train,23037,1
train,786,7
train,47956,2
train,43494,3
train,4574,2
train,58588,1
train,13614,6
train,34874,1
train,25877,7
train,16492,3
train,24016,6
train,22618,6
train,52799,0
train,37307,2
train,20466,7
train,41589,9
train,52532,4
train,34104,9
train,20024,8
train,35220,2
train,28377,6
train,7160,1
train,28381,8
train,37034,7
train,47970,3
train,12246,3
train,18566,2
train,34625,1
train,40453,8
train,10502,2
train,21268,6
train,7919,4
train,53692,2
train,27506,1
train,13791,9
train,14330,6
train,27904,9
train,18153,9
train,42032,4
train,772,9
train,47267,0
train,3802,1
train,33922,4
train,24528,3
train,37528,4
train,55280,4
train,23293,0
train,856,3
train,16578,4
train,9432,7
train,7052,0
train,45836,3
train,8371,8
train,49808,8
train,4741,6
train,31906,8
train,33459,7
train,44915,9
train,25510,2
train,20193,9
train,54674,2
train,6038,2
train,17148,3
train,41167,6
train,43805,5
train,50601,5
train,57230,7
train,12680,1
train,46163,2
train,55323,4
train,38438,2
train,3948,7
train,13658,3
train,24970,1
train,12926,0
train,31655,8
train,59647,4
train,12125,4
train,49161,6
train,28624,7
train,7647,9
train,25932,0
train,34596,4
train,41912,6
train,23217,9
train,48598,2
train,36793,9
train,24809,0
train,26001,7
train,5782,6
train,24345,0
train,15,7
train,23126,6
train,15574,1
train,16573,5
train,26283,5
train,33882,4
train,24468,9
train,3838,4
train,29970,6
train,39412,3
train,59981,6
train,6589,9
train,1390,2
train,46827,8
train,24238,2
train,9298,1
train,49141,5
train,14365,9
train,56902,1
train,2953,9
train,15526,6
train,32871,1
train,45048,4
train,6018,5
train,28707,3
train,11010,3
train,38447,7
train,43001,9
train,4103,8
train,15799,2
train,47079,0
train,55579,3
train,16262,1
train,39307,8
train,35865,1
train,14908,8
train,25908,6
train,7115,8
train,47771,4
train,26340,2
train,41742,3
train,32067,9
train,11687,7
train,48878,7
train,53362,4
train,52773,3
train,43332,1
train,1227,4
train,12472,4
train,47881,3
train,7231,8
train,47961,4
train,24954,8
train,8317,4
train,59956,5
train,5788,3
train,41349,9
train,8841,2
train,29361,5
train,6815,2
train,57540,7
train,20625,0
train,36656,8
train,1014,7
train,15382,0
train,31463,0
train,21493,2
train,24090,1
train,38788,7
train,53690,5
train,16325,1
train,33123,7
train,17065,8
train,52316,2
train,10080,0
train,30986,3
train,52778,5
train,43959,9
train,16187,6
train,29971,6
train,17939,9
train,47047,6
train,43314,2
train,4479,7
train,55297,0
train,6288,8
train,38407,4
train,57364,0
train,39892,2
train,21494,8
train,19451,6
train,35351,7
train,58746,9
train,53803,3
train,15125,3
train,22172,3
train,58338,9
train,29364,0
train,13400,5
train,18051,9
train,7615,2
train,28170,6
train,27494,4
train,40823,1
train,44274,2
train,47724,3
train,23345,7
train,35607,6
train,6351,4
train,45644,3
train,7828,1
train,49796,1
train,38652,2
train,18022,0
train,36718,2
train,46809,1
train,6939,3
train,22929,0
train,30514,5
train,38759,5
train,56682,2
train,21854,6
train,11944,7
train,7202,6
train,45142,9
train,25941,3
train,30070,3
train,31718,1
train,31469,3
train,9673,9
train,34944,2
train,57841,4
train,40118,7
train,48894,9
train,37063,2
train,34600,7
train,22166,8
train,45565,4
train,46865,1
train,15081,7
train,53844,5
train,42952,4
train,9342,0
train,8486,1
train,44213,4
train,31438,4
train,12371,1
train,53571,2
train,53201,5
train,10939,5
train,18435,2
train,25087,1
train,19573,4
train,11769,6
train,49722,4
train,45528,9
train,1149,4
train,34857,5
train,1845,4
train,41306,9
train,56065,2
train,12986,5
train,3371,9
train,37948,1
train,8089,0
train,4639,1
train,54480,2
train,43095,6
train,11619,3
train,47093,8
train,7031,3
train,40408,8
train,59562,9
train,41317,3
train,25097,8
train,36033,1
train,18262,6
train,6275,8
train,45991,5
train,4003,1
train,12499,1
train,47759,2
train,22652,4
train,5645,9
train,59288,0
train,42675,2
train,29222,1
train,4554,1
train,21243,7
train,13018,8
train,27387,9
train,42010,0
train,22997,4
train,28784,0
train,37161,3
train,27907,8
train,21433,5
train,48168,0
train,5273,6
train,5247,2
train,21091,9
train,2774,3
train,46072,3
train,25311,3
train,23160,1
train,21573,0
train,11320,0
train,54698,9
train,30814,9
train,43187,7
train,40671,4
train,34365,5
train,8276,9
train,20077,2
train,44115,8
train,20295,7
train,30230,6
train,31348,1
train,58564,3
train,34895,4
train,5409,8
train,27264,2
train,56592,6
train,48139,3
train,94,8
train,28409,3
train,30165,7
train,13435,9
train,27926,9
train,33577,1
train,9358,8
train,26233,9
train,26082,9
train,23869,5
train,40677,4
train,20792,9
train,48466,4
train,51028,4
train,22789,6
train,14636,3
train,51354,6
train,40075,0
train,8310,8
train,40406,7
train,59620,4
train,25763,8
train,42868,8
train,44607,9
train,55793,4
train,39300,1
train,38853,6
train,9232,5
train,57402,3
train,6869,6
train,51586,7
train,30531,7
train,1611,3
train,26157,2
train,22687,9
train,57264,3
train,1046,0
train,39028,0
train,4763,1
train,7173,7
train,53303,2
train,43649,2
train,29409,0
train,53372,7
train,21682,1
train,9435,0
train,22597,9
train,12828,3
train,43749,8
train,7409,0
train,4965,7
train,55311,8
train,13278,9
train,29756,7
train,50995,3
train,31865,0
train,41649,1
train,33463,2
train,59089,5
train,10714,2
train,3616,8
train,29602,3
train,51002,0
train,13125,4
train,4385,7
train,55431,7
train,6544,8
train,54529,7
train,7290,8
train,44123,8
train,14291,0
train,51579,4
train,31692,4
train,21694,8
train,12548,5
train,44257,7
train,44539,7
train,4783,3
train,24946,9
train,21325,3
train,59791,6
train,38455,1
train,4319,1
train,14360,7
train,20097,5
train,29021,5
train,56257,9
train,9692,6
train,16161,6
train,12140,0
train,7661,6
train,43296,1
train,30503,2
train,49264,2
train,28180,7
train,47830,1
train,33402,9
train,46711,4
train,52530,1
train,46384,4
train,58820,1
train,18570,4
train,34283,0
train,5921,0
train,48357,4
train,45468,3
train,40470,7
train,11056,7
train,25197,4
train,1743,9
train,34792,1
train,30279,6
train,48803,9
train,27491,6
train,22343,1
train,14885,4
train,42526,3
train,44688,4
train,43357,5
train,40404,3
train,14206,4
train,45372,1
train,16603,5
train,13762,2
train,6382,9
train,40976,1
train,17957,8
train,10023,9
train,32387,4
train,39836,3
train,28122,0
train,46005,3
train,50897,2
train,27837,7
train,22171,7
train,9628,1
train,8017,3
train,33318,6
train,16850,4
train,58842,6
train,19265,1
train,57051,4
train,33293,0
train,18961,4
train,26902,9
train,29537,6
train,19561,4
train,39868,7
train,7469,1
train,25611,6
train,32146,2
train,47506,8
train,35784,5
train,49407,8
train,3825,8
train,33818,3
train,24272,4
train,3692,7
train,6460,9
train,3873,6
train,32532,9
train,18850,2
train,35804,9
train,14145,7
train,13942,4
train,39013,7
train,8241,3
train,24136,1
train,20211,4
train,29027,5
train,34669,8
train,52514,6
train,57889,2
train,12788,4
train,59424,7
train,25852,9
train,42510,1
train,7709,0
train,41213,6
train,14224,1
train,3365,8
train,20233,6
train,56880,7
train,12988,8
train,39224,0
train,47169,1
train,47218,8
train,8030,9
train,53272,5
train,48170,7
train,13138,2
train,19028,2
train,40864,1
train,34412,1
train,55936,6
train,7053,9
train,8281,4
train,35185,0
train,57338,2
train,47019,1
train,49793,9
train,12572,5
train,1482,5
train,34346,4
train,48461,1
train,1230,1
train,33465,0
train,19246,3
train,39066,3
train,14744,9
train,25267,9
train,23021,7
train,53952,8
train,42948,6
train,46831,9
train,29966,6
train,52523,8
train,21044,2
train,13930,2
train,55142,1
train,26119,6
train,38688,7
train,36306,9
train,17055,8
train,20194,1
train,25714,0
train,51689,4
train,8639,5
train,14707,5
train,22122,3
train,25557,5
train,45257,7
train,59654,5
train,7177,2
train,4712,6
train,20490,4
train,23422,8
train,8320,5
train,24440,0
train,47281,5
train,35497,6
train,28749,8
train,10243,7
train,44205,0
train,26385,8
train,17494,5
train,32221,0
train,50389,4
train,25493,9
train,8708,3
train,39984,1
train,47494,5
train,48690,4
train,196,7
train,41467,1
train,11421,7
train,31369,0
train,4316,0
train,9746,4
train,12382,1
train,27768,2
train,41605,9
train,4089,1
train,44316,2
train,8650,4
train,21014,2
train,51192,9
train,48155,8
train,15653,9
train,49124,0
train,19073,7
train,34979,8
train,8152,2
train,43188,0
train,298,3
train,23426,8
train,54514,0
train,15275,0
train,57646,7
train,41411,3
train,1692,4
train,40098,1
train,40970,4
train,59492,5
train,50029,9
train,49381,2
train,36057,3
train,15904,0
train,17755,0
train,34942,9
train,58691,1
train,37252,0
train,8899,9
train,43827,0
train,1911,4
train,15710,1
train,49016,8
train,52083,2
train,35332,9
train,20710,2
train,54398,3
train,14031,6
train,40640,5
train,25274,1
train,22213,0
train,952,0
train,27692,9
train,33255,9
train,12773,9
train,51687,6
train,26723,6
train,9233,6
train,48285,8
train,20474,1
train,53357,3
train,14210,3
train,20248,9
train,821,1
train,15350,3
train,45827,4
train,58715,7
train,27953,9
train,2221,9
train,10081,2
train,37751,6
train,26032,6
train,6856,3
train,6430,3
train,33139,3
train,37180,5
train,35283,9
train,39144,8
train,42105,7
train,51194,9
train,48478,4
train,6221,7
train,14269,0
train,4645,5
train,58572,2
train,53053,5
train,38090,5
train,57769,0
train,35841,8
train,44001,9
train,30941,7
train,16500,8
train,8679,1
train,23667,6
train,12393,6
train,36638,5
train,37237,1
train,45531,2
train,5373,0
train,2331,9
train,356,3
train,14092,0
train,255,3
train,22361,4
train,57829,1
train,16352,0
train,33869,1
train,52984,1
train,44119,6
train,3559,6
train,10305,9
train,30677,7
train,49474,2
train,4719,3
train,21419,6
train,40014,5
train,23055,4
train,3836,2
train,32572,6
train,6435,7
train,31935,2
train,12664,1
train,11712,0
train,4482,8
train,30463,4
train,22568,8
train,33161,3
train,55290,0
train,3755,1
train,44185,7
train,44266,0
train,398,1
train,20916,6
train,46984,1
train,38134,5
train,12330,3
train,17140,7
train,49428,5
train,44663,7
train,56017,7
train,27790,1
train,58454,0
train,32704,1
train,25371,9
train,5740,9
train,28910,0
train,35859,3
train,20774,8
train,55545,2
train,6387,6
train,33109,7
train,28262,9
train,25219,6
train,4361,4
train,11457,8
train,23460,2
train,52244,1
train,48403,0
train,44433,8
train,50373,9
train,22208,0
train,10163,6
train,51484,8
train,5863,4
train,48542,0
train,37890,3
train,47440,1
train,4520,6
train,50396,1
train,59094,2
train,28204,3
train,37947,7
train,18779,0
train,28253,4
train,59967,8
train,29644,6
train,26002,1
train,39993,9
train,26201,2
train,1929,5
train,38366,2
train,45514,6
train,11413,8
train,53353,0
train,21004,6
train,7085,7
train,2802,2
train,2707,3
train,27161,6
train,8984,1
train,55446,7
train,53184,8
train,36088,7
train,27970,7
train,3632,0
train,4424,5
train,53241,3
train,8690,8
train,53619,3
train,14556,7
train,17627,1
train,33478,4
train,19564,4
train,24661,0
train,27616,8
train,9861,8
train,35259,4
train,47743,2
train,5965,2
train,23104,0
train,9804,1
train,33289,8
train,16172,8
train,12200,9
train,39541,1
train,59345,6
train,59198,7
train,57120,0
train,48401,2
train,25160,7
train,20028,2
train,50588,6
train,22716,6
train,30334,9
train,35549,7
train,20578,8
train,8787,4
train,9968,9
train,37415,0
train,50519,9
train,35902,2
train,25499,6
train,32948,8
train,14414,1
train,28259,5
train,46405,8
train,42634,0
train,54183,6
train,33751,6
train,33939,3
train,55409,7
train,8005,9
train,7618,3
train,29290,2
train,35696,7
train,16183,2
train,30228,2
train,24455,7
train,23207,7
train,1334,2
train,55848,7
train,59682,7
train,16580,9
train,27975,5
train,19003,7
train,17917,7
train,38518,4
train,46067,6
train,7926,6
train,48888,9
train,30025,6
train,9950,9
train,16882,7
train,4441,1
train,57765,3
train,56301,2
train,47475,5
train,51085,3
train,25513,1
train,57472,3
train,24287,4
train,51024,0
train,21761,7
train,19630,1
train,26966,7
train,5143,3
train,14388,3
train,36969,7
train,57055,5
train,28118,7
train,20469,6
train,5160,3
train,3698,0
train,32178,4
train,56569,2
train,37354,1
train,9203,2
train,33828,3
train,42364,8
train,39227,9
train,35570,5
train,52404,3
train,38249,8
train,23807,9
train,43847,0
train,25706,9
train,32780,2
train,53678,0
train,24386,3
train,48027,1
train,42189,1
train,40768,7
train,54719,1
train,59856,7
train,11086,2
train,58736,8
train,27827,7
train,40813,0
train,36722,5
train,49758,7
train,34413,6
train,5097,3
train,1629,2
train,48614,7
train,4497,6
train,7990,6
train,20298,1
train,8502,7
train,29968,1
train,13181,3
train,49919,1
train,35831,1
train,48115,8
train,3618,7
train,1101,8
train,56766,0
train,43868,3
train,41029,1
train,252,2
train,53219,0
train,22264,5
train,15434,2
train,4218,0
train,37434,8
train,57558,0
train,52934,0
train,10660,9
train,39579,7
train,37900,7
train,58430,6
train,36341,5
train,12229,5
train,23088,0
train,57675,6
train,58912,7
train,58710,2
train,8696,4
train,5531,3
train,13932,9
train,51887,5
train,30151,4
train,57101,1
train,26937,0
train,47073,0
train,32868,6
train,15178,5
train,3974,5
train,12356,1
train,9382,7
train,38213,7
train,57445,7
train,57237,8
train,18816,7
train,17430,1
train,5483,1
train,46075,3
train,55877,4
train,42786,1
train,3402,3
train,33943,1
train,4070,1
train,37065,3
train,42970,5
train,36909,4
train,43895,2
train,39470,2
train,3087,7
train,11636,0
train,1964,8
train,38523,0
train,52148,9
train,39632,6
train,17202,2
train,22109,7
train,2972,8
train,13981,4
train,21520,8
train,8190,5
train,25407,5
train,35033,6
train,39128,4
train,22500,2
train,35290,2
train,55680,0
train,6349,2
train,45783,3
train,36276,1
train,39633,9
train,21217,7
train,19460,8
train,2479,6
train,28213,9
train,34835,7
train,50158,1
train,30504,7
train,18869,6
train,26135,8
train,31672,6
train,20014,8
train,43403,8
train,45794,4
train,2776,1
train,56664,2
train,26640,9
train,28373,4
train,59004,2
train,54843,9
train,14623,5
train,2229,7
train,2824,2
train,46941,5
train,55193,2
train,26144,1
train,57692,7
train,9259,5
train,24043,5
train,19101,3
train,16289,2
train,50682,1
train,1382,5
train,43887,1
train,9914,0
train,21451,2
train,47208,5
train,40817,0
train,52405,7
train,17569,3
train,59203,0
train,24821,9
train,26585,2
train,44543,3
train,54389,9
train,4336,4
train,35599,2
train,32280,2
train,57295,9
train,24979,8
train,46725,1
train,46614,8
train,7953,2
train,40068,3
train,54148,7
train,12092,5
train,41498,5
train,13308,9
train,7244,5
train,45724,4
train,15542,0
train,34455,8
train,9247,9
train,31836,0
train,55820,6
train,55752,0
train,22373,0
train,46338,8
train,30767,7
train,48953,4
train,32800,0
train,12163,8
train,35425,4
train,59984,1
train,11048,6
train,17801,4
train,11830,9
train,10817,8
train,6326,0
train,48031,3
train,53879,2
train,40087,3
train,49104,6
train,26567,4
train,32360,9
train,58844,7
train,21814,4
train,40387,7
train,58516,6
train,16963,6
train,45304,9
train,17692,9
train,42035,9
train,24496,9
train,50461,7
train,16781,2
train,40057,5
train,29730,7
train,29687,6
train,56105,6
train,39608,8
train,17659,7
train,33821,2
train,12573,0
train,28176,9
train,33969,3
train,8565,2
train,8555,9
train,15969,5
train,42853,9
train,30285,5
train,55324,1
train,37015,2
train,48411,1
train,36307,7
train,43215,8
train,6358,7
train,48355,3
train,45983,3
train,56055,2
train,45128,0
train,37854,0
train,9510,7
train,32627,2
train,25681,7
train,59697,1
train,17693,0
train,7579,4
train,26520,8
train,35170,3
train,14026,3
train,11731,6
train,20254,9
train,4691,8
train,57401,3
train,14074,5
train,11985,6
train,19726,0
train,4442,2
train,9281,6
train,32975,3
train,2511,8
train,34961,2
train,21902,5
train,25812,1
train,11720,8
train,29391,3
train,41032,5
train,40033,1
train,37545,2
train,42947,1
train,6787,9
train,50928,1
train,17064,0
train,4282,8
train,23362,0
train,55401,9
train,5528,2
train,20500,3
train,18380,3
train,13165,5
train,499,8
train,22358,2
train,43562,3
train,5694,0
train,26076,7
train,56819,2
train,38222,5
train,46033,4
train,25891,5
train,32726,2
train,5729,0
train,18379,5
train,17610,5
train,30001,7
train,34375,8
train,18071,4
train,16875,4
train,13505,5
train,3721,7
train,38635,2
train,11361,0
train,56447,8
train,3703,1
train,26361,9
train,30664,7
train,43788,8
train,34807,7
train,14352,3
train,43018,8
train,6429,4
train,38341,3
train,21712,6
train,4848,8
train,3209,7
train,56463,6
train,52874,2
train,41603,9
train,3089,6
train,52480,7
train,50743,7
train,54864,1
train,30328,9
train,18705,1
train,27058,7
train,41908,1
train,24592,6
train,7444,5
train,31381,2
train,31944,5
train,12060,1
train,55514,7
train,29292,9
train,43554,0
train,22610,9
train,53346,4
train,39475,6
train,42092,2
train,38404,0
train,303,0
train,54397,3
train,41397,2
train,58221,7
train,49357,1
train,8574,1
train,1747,7
train,38270,4
train,46535,0
train,32133,1
train,56710,8
train,49720,0
train,45812,0
train,4060,9
train,4621,8
train,45825,2
train,43376,2
train,9738,5
train,38598,7
train,50795,7
train,10658,9
train,36351,0
train,26198,5
train,57088,5
train,58917,6
train,45909,1
train,42476,3
train,3104,9
train,16649,3
train,49649,5
train,2413,8
train,14379,7
train,35943,0
train,34571,4
train,42223,2
train,13904,9
train,29454,6
train,11574,0
train,5772,6
train,7216,5
train,52352,8
train,2869,5
train,2874,4
train,44063,0
train,54430,3
train,28335,2
train,12893,5
train,6932,7
train,9809,2
train,43837,5
train,27009,5
train,35035,2
train,37488,8
train,38349,7
train,15160,0
train,26986,1
train,39670,4
train,48676,0
train,38982,3
train,42866,2
train,49098,2
train,37757,9
train,16542,4
train,43507,4
train,48715,0
train,15911,8
train,30066,4
train,17646,3
train,45228,6
train,13135,0
train,1015,0
train,59067,8
train,27511,9
train,38323,4
train,54403,6
train,41428,3
train,58651,2
train,10835,7
train,18631,2
train,6936,5
train,58605,6
train,2377,2
train,33628,1
train,55942,6
train,51067,1
train,26775,0
train,24305,9
train,40486,0
train,33993,5
train,13490,2
train,44934,2
train,27000,5
train,58551,4
train,20874,2
train,47585,2
train,20405,8
train,31989,3
train,15136,5
train,3849,0
train,34518,7
train,24708,5
train,24641,8
train,24860,9
train,48628,3
train,54967,0
train,49183,3
train,20063,4
train,54892,3
train,36591,1
train,5289,2
train,9965,0
train,46208,3
train,20336,8
train,20102,8
train,57498,6
train,18274,3
train,53156,3
train,7120,4
train,31079,0
train,13757,9
train,16784,5
train,53223,3
train,8050,0
train,3919,6
train,20458,3
train,48510,1
train,40998,8
train,18302,6
train,59260,8
train,38089,3
train,58420,4
train,38390,6
train,15544,3
train,59595,0
train,13642,5
train,4365,6
train,44602,6
train,46390,6
train,29798,8
train,16241,1
train,7301,7
train,50055,1
train,42534,3
train,59625,1
train,51807,9
train,53539,1
train,25207,8
train,59893,4
train,32759,9
train,26259,9
train,22939,6
train,14200,3
train,13316,8
train,31103,8
train,56300,9
train,3076,9
train,38795,9
train,21821,6
train,54100,7
train,23410,2
train,51218,8
train,6064,7
train,45455,0
train,59042,4
train,44819,5
train,3862,4
train,44239,7
train,28071,7
train,13149,7
train,9185,8
train,8506,1
train,46751,0
train,12581,4
train,48454,1
train,50210,3
train,59385,9
train,14970,5
train,944,6
train,46757,4
train,46486,2
train,31990,1
train,13180,7
train,31628,0
train,42956,4
train,28598,9
train,50047,7
train,14613,0
train,27881,7
train,4694,3
train,36112,2
train,2318,1
train,1826,9
train,40421,0
train,59529,3
train,602,8
train,19139,1
train,31237,1
train,12366,2
train,46912,2
train,24971,2
train,701,6
train,25242,7
train,56577,9
train,21967,6
train,12729,3
train,39362,1
train,47725,3
train,24208,1
train,40434,5
train,18276,5
train,19035,5
train,16727,9
train,52010,7
train,5829,9
train,17276,4
train,32597,1
train,56318,0
train,49625,2
train,23643,0
train,23224,9
train,45461,9
train,29814,4
train,27218,4
train,33287,7
train,41036,4
train,55462,8
train,53786,8
train,10829,4
train,55869,3
train,27222,4
train,3855,3
train,55563,9
train,6743,2
train,11063,8
train,15099,1
train,13573,9
train,22693,6
train,26853,0
train,33105,1
train,40196,1
train,34101,4
train,34059,6
train,29845,5
train,22691,0
train,26825,3
train,46026,1
train,5355,1
train,54595,0
train,38359,2
train,57066,7
train,14553,8
train,31415,5
train,50841,4
train,42210,3
train,17643,3
train,34884,1
train,30871,0
train,23724,3
train,45776,7
train,53523,7
train,18745,4
train,50092,6
train,40528,9
train,1150,3
train,30098,8
train,56073,3
train,19793,3
train,35166,4
train,39151,4
train,33875,3
train,45381,9
train,43583,1
train,2576,7
train,57974,3
train,50756,2
train,32845,2
train,35996,9
train,33441,1
train,8251,2
train,23542,9
train,36435,4
train,13926,0
train,35086,3
train,31423,7
train,42731,1
train,53375,1
train,40494,0
train,47766,9
train,36922,9
train,28227,4
train,25651,1
train,8921,2
train,46845,6
train,20455,4
train,14877,0
train,25804,2
train,13352,3
train,14216,9
train,19238,3
train,41459,6
train,8765,3
train,56294,7
train,58508,8
train,48728,4
train,25653,4
train,24715,0
train,59835,9
train,51434,0
train,41719,5
train,19582,8
train,59813,8
train,14114,7
train,34016,0
train,32471,8
train,12961,7
train,3512,8
train,19112,4
train,44265,2
train,16527,2
train,18021,9
train,11863,3
train,11739,5
train,49628,1
train,37829,6
train,8293,2
train,25722,4
train,5116,8
train,55905,5
train,20727,0
train,9287,0
train,59286,8
train,13304,9
train,26759,6
train,54168,2
train,50844,4
train,52230,9
train,41897,1
train,40831,1
train,51244,8
train,21942,1
train,44399,0
train,29662,2
train,41072,5
train,26327,8
train,18886,1
train,11144,4
train,18519,4
train,12587,2
train,37542,6
train,15363,2
train,36126,5
train,51940,3
train,42053,0
train,50678,1
train,5256,1
train,23258,6
train,9493,4
train,46998,8
train,38108,2
train,40567,5
train,55870,1
train,27200,0
train,58152,9
train,20877,0
train,31794,2
train,51760,2
train,46551,2
train,21531,3
train,11193,2
train,47257,9
train,6174,9
train,35860,7
train,47994,1
train,52527,5
train,16930,1
train,11621,2
train,30769,2
train,27787,2
train,14014,8
train,53671,3
train,59802,7
train,16898,6
train,56516,4
train,2773,4
train,34662,0
train,33644,2
train,48739,8
train,6235,4
train,1201,3
train,48320,2
train,9575,2
train,53540,6
train,3386,3
train,24341,1
train,56325,2
train,4380,2
train,25212,9
train,1635,5
train,53287,3
train,16946,1
train,51353,7
train,48394,8
train,741,9
train,2334,4
train,41710,2
train,42813,8
train,30588,4
train,44216,3
train,55287,5
train,9554,8
train,19330,6
train,8391,8
train,10874,0
train,14219,7
train,20100,2
train,56026,8
train,13472,9
train,41747,3
train,33597,9
train,7116,1
train,3506,9
train,34454,7
train,41329,9
train,28889,9
train,21367,7
train,6637,2
train,56400,4
train,5021,6
train,35406,5
train,9663,3
train,52814,9
train,47251,5
train,42403,7
train,53774,8
train,32663,3
train,14691,3
train,53098,1
train,13711,1
train,48596,4
train,25409,3
train,21938,3
train,44785,1
train,37217,6
train,10811,5
train,41131,7
train,56647,8
train,54293,1
train,482,9
train,34947,4
train,36135,7
train,40579,8
train,53075,3
train,18669,9
train,37696,2
train,56208,1
train,46360,1
train,28493,4
train,21877,3
train,27722,7
train,46808,5
train,49981,3
train,5567,3
train,23748,9
train,2004,2
train,12634,1
train,11735,1
train,51058,8
train,27928,2
train,8471,1
train,3135,0
train,52711,8
train,18388,6
train,22576,9
train,43397,5
train,25260,4
train,55,8
train,33986,3
train,20363,8
train,42554,5
train,48426,3
train,24575,3
train,29184,7
train,41464,8
train,11648,2
train,58910,2
train,40711,5
train,29104,3
train,38948,8
train,11831,7
train,19837,1
train,47856,5
train,30456,5
train,35993,6
train,44418,1
train,51514,6
train,50274,8
train,25245,3
train,57283,1
train,58840,4
train,25199,0
train,1700,1
train,44877,4
train,28687,8
train,58278,3
train,22915,9
train,54842,8
train,16678,3
train,43901,8
train,8908,6
train,20034,5
train,28758,6
train,24294,3
train,12182,8
train,31594,7
train,46373,9
train,4992,8
train,4627,9
train,52738,1
train,1360,9
train,40584,9
train,58347,4
train,18716,6
train,10998,3
train,33536,0
train,20161,0
train,14054,5
train,41780,4
train,21556,8
train,5681,1
train,41319,4
train,3011,8
train,44237,6
train,53914,4
train,25709,8
train,49703,9
train,17814,6
train,30294,7
train,4212,2
train,4846,2
train,39587,2
train,5974,3
train,54886,1
train,936,7
train,40265,8
train,42601,1
train,7306,7
train,59452,0
train,16023,8
train,48923,7
train,52571,6
train,2399,2
train,40601,4
train,29996,9
train,45134,5
train,39618,3
train,46141,1
train,7060,1
train,50961,6
train,33081,5
train,59838,8
train,11224,9
train,50798,9
train,44981,6
train,33439,8
train,51342,5
train,13452,2
train,26634,4
train,25194,4
train,50910,7
train,26294,8
train,36244,5
train,47432,6
train,27987,3
train,29284,1
train,42052,9
train,21354,0
train,53741,5
train,55798,6
train,40424,4
train,4280,7
train,5089,7
train,1256,9
train,3534,0
train,59059,0
train,29799,7
train,48514,4
train,34642,3
train,53188,7
train,23324,5
train,28391,3
train,55582,0
train,30023,6
train,7651,1
train,6808,8
train,25970,1
train,7865,5
train,49228,3
train,34698,6
train,9053,3
train,11986,4
train,14802,7
train,49946,3
train,55591,5
train,17102,4
train,1117,6
train,52250,8
train,20073,9
train,14948,1
train,50018,0
train,23430,7
train,12625,3
train,29835,6
train,38577,5
train,36152,7
train,11240,0
train,11754,0
train,2733,2
train,21613,8
train,3889,1
train,49256,4
train,15025,6
train,1823,2
train,59084,9
train,25701,0
train,42405,6
train,12538,4
train,43359,6
train,18017,2
train,7220,6
train,11604,1
train,33879,6
train,45710,8
train,46823,1
train,22516,2
train,15417,6
train,38894,3
train,2509,9
train,35163,1
train,20958,0
train,12908,7
train,28628,0
train,44143,2
train,37811,7
train,39340,6
train,8826,6
train,48365,4
train,2307,1
train,23995,2
train,46267,1
train,3816,8
train,26449,3
train,24157,6
train,18129,8
train,15209,7
train,3694,4
train,55677,3
train,6007,3
train,17685,1
train,38514,6
train,59432,4
train,50948,4
train,55720,6
train,4767,8
train,42536,4
train,46556,2
train,4417,4
train,28967,6
train,38563,2
train,36232,6
train,7417,4
train,37754,9
train,41847,5
train,42851,9
train,49879,6
train,43201,8
train,11263,6
train,3895,7
train,17935,7
train,34509,5
train,4054,6
train,53976,9
train,54432,2
train,30078,2
train,47385,7
train,37510,0
train,6880,1
train,12903,9
train,53174,0
train,32436,6
train,3785,9
train,38333,9
train,38728,7
train,39745,5
train,50121,7
train,24782,1
train,35642,1
train,47214,6
train,18155,3
train,49344,6
train,28802,8
train,53586,3
train,58167,7
train,3429,0
train,42449,5
train,27812,6
train,5520,1
train,3320,3
train,45003,5
train,42884,9
train,42742,4
train,27795,3
train,57193,1
train,3059,7
train,33946,8
train,57385,1
train,18523,8
train,22543,8
train,28860,4
train,53794,5
train,32325,6
train,27180,4
train,52796,2
train,54153,6
train,19048,6
train,6073,9
train,23366,9
train,32164,4
train,34352,0
train,15412,3
train,59966,6
train,14725,1
train,18185,4
train,5803,9
train,6977,1
train,23665,1
train,44094,0
train,5057,7
train,25031,6
train,37675,6
train,21109,1
train,14678,8
train,49657,0
train,57900,5
train,4841,6
train,31220,6
train,33588,6
train,51329,9
train,52003,5
train,22761,0
train,47934,5
train,59352,3
train,8041,4
train,37549,6
train,4777,2
train,5517,6
train,31089,9
train,55279,1
train,48316,4
train,54346,8
train,39564,0
train,37320,2
train,47406,0
train,34358,0
train,30261,1
train,47024,2
train,48293,2
train,32714,9
train,23662,0
train,25668,4
train,33726,4
train,10364,1
train,28576,6
train,44829,1
train,43709,4
train,15601,9
train,55388,5
train,38524,4
train,59790,5
train,50870,6
train,14738,3
train,28627,0
train,5795,7
train,45087,1
train,51288,4
train,27416,5
train,24423,6
train,33868,1
train,19226,7
train,53825,2
train,18369,8
train,25135,6
train,10872,3
train,17027,8
train,36364,4
train,364,9
train,3013,3
train,31162,8
train,21480,4
train,15519,3
train,125,8
train,2790,2
train,40561,1
train,59353,0
train,46391,0
train,47151,8
train,41042,9
train,481,4
train,6074,9
train,3136,6
train,55794,5
train,18447,6
train,32618,9
train,5844,0
train,15043,6
train,6026,5
train,30782,9
train,42413,2
train,11264,4
train,42023,7
train,5511,3
train,10764,5
train,913,8
train,16308,1
train,40337,3
train,45444,1
train,53680,9
train,40867,4
train,41754,5
train,55920,1
train,42714,6
train,53850,4
train,59879,4
train,20392,0
train,47327,1
train,38561,1
train,37108,9
train,8309,0
train,13758,6
train,52361,1
train,38127,2
train,54548,9
train,45203,2
train,58642,3
train,34633,7
train,2740,3
train,5677,2
train,11267,0
train,17454,0
train,4374,0
train,35128,2
train,21578,8
train,36477,9
train,10202,7
train,36954,7
train,42940,5
train,17816,7
train,12216,6
train,32390,8
train,50176,8
train,14338,8
train,2977,1
train,52982,2
train,34614,2
train,26545,0
train,6200,5
train,45340,3
train,28680,6
train,41150,1
train,29735,2
train,13631,1
train,2423,3
train,45958,2
train,37974,2
train,32683,4
train,30859,3
train,293,0
train,13194,9
train,11870,6
train,22260,6
train,45984,6
train,34107,8
train,16067,9
train,37615,2
train,4118,9
train,30314,6
train,5934,5
train,45915,4
train,17975,8
train,30493,1
train,8117,4
train,30180,4
train,18915,3
train,20639,8
train,55810,4
train,13895,8
train,5423,5
train,15839,6
train,5713,1
train,633,0
train,20893,9
train,34141,1
train,1494,6
train,10897,1
train,56003,9
train,16261,9
train,30459,2
train,30177,7
train,42667,6
train,39251,6
train,46908,3
train,9846,9
train,27345,1
train,45122,8
train,54167,7
train,2597,0
train,17938,1
train,3902,2
train,41888,1
train,3709,0
train,51134,8
train,42618,1
train,33979,8
train,57521,1
train,54380,1
train,4249,6
train,53247,9
train,25428,1
train,46822,0
train,23435,4
train,3478,1
train,19919,2
train,39353,6
train,23253,8
train,20757,6
train,33298,1
train,38906,4
train,6745,1
train,19273,1
train,37038,1
train,14523,2
train,14806,5
train,18140,6
train,34188,3
train,51545,9
train,39034,9
train,35205,6
train,7279,5
train,9238,9
train,55707,1
train,48208,7
train,42608,0
train,13171,8
train,24928,7
train,50822,7
train,51916,7
train,32930,9
train,56407,5
train,55159,9
train,38495,3
train,26078,8
train,28533,2
train,32879,1
train,39231,3
train,23428,8
train,55701,9
train,19142,6
train,11428,0
train,54165,1
train,44891,1
train,35510,2
train,44416,3
train,37082,3
train,57541,7
train,41712,8
train,34020,8
train,59996,3
train,32769,4
train,37736,4
train,2167,6
train,19530,6
train,23975,2
train,37758,0
train,53263,4
train,56282,2
train,41000,5
train,30592,1
train,25569,1
train,13159,2
train,58730,4
train,28507,6
train,22420,7
train,31681,2
train,56216,9
train,55802,7
train,2852,7
train,16809,7
train,11632,2
train,26802,1
train,17113,7
train,2247,9
train,3169,9
train,39767,6
train,16258,6
train,6640,1
train,57319,2
train,34940,9
train,58882,0
train,10102,9
train,10034,3
train,16047,2
train,54471,8
train,17949,4
train,47605,3
train,25638,6
train,3715,0
train,5571,1
train,2853,1
train,32586,3
train,50177,9
train,54387,8
train,8092,1
train,4206,9
train,51073,2
train,52718,9
train,42307,1
train,25563,8
train,43008,8
train,51711,6
train,6003,1
train,36675,4
train,52550,2
train,52136,1
train,23687,6
train,3152,8
train,6555,5
train,14843,9
train,51530,2
train,18341,2
train,5201,9
train,34014,0
train,43531,4
train,18314,1
train,12351,0
train,13812,8
train,25732,2
train,16613,7
train,34723,1
train,26766,6
train,948,7
train,46326,1
train,58718,0
train,26031,2
train,31026,0
train,54114,7
train,49635,7
train,40652,8
train,5915,1
train,58838,9
train,24907,7
train,48206,8
train,31490,0
train,29462,5
train,399,0
train,52922,3
train,39033,1
train,54961,9
train,50202,5
train,42165,9
train,50789,1
train,52325,1
train,15057,2
train,41118,8
train,9470,7
train,27027,8
train,19832,9
train,13784,5
train,37303,0
train,30420,2
train,44004,3
train,984,0
train,33191,1
train,55976,4
train,22450,9
train,4880,2
train,42450,6
train,51754,8
train,30470,9
train,50417,3
train,1729,0
train,33258,6
train,18680,9
train,55518,7
train,21734,5
train,31230,5
train,24542,4
train,22160,6
train,59280,8
train,23718,2
train,36054,8
train,26008,3
train,47736,0
train,52248,1
train,2152,6
train,7445,7
train,31708,6
train,25343,9
train,55346,7
train,25748,7
train,16533,5
train,27685,6
train,59945,5
train,23786,0
train,7690,9
train,5105,4
train,33208,3
train,53355,0
train,4987,5
train,33768,9
train,34048,3
train,17489,2
train,29333,7
train,52332,5
train,35579,6
train,11276,9
train,31777,4
train,40363,4
train,25693,7
train,22401,7
train,59846,5
train,7211,4
train,11992,9
train,49346,6
train,14839,5
train,33490,8
train,17161,6
train,38930,9
train,2711,7
train,36403,6
train,377,7
train,50219,1
train,15069,5
train,15448,6
train,38062,0
train,33873,7
train,14465,2
train,7280,4
train,51467,8
train,15229,7
train,55134,6
train,19111,4
train,22513,7
train,12026,8
train,56468,5
train,970,5
train,51786,2
train,33722,3
train,29804,5
train,36097,4
train,57523,3
train,1412,7
train,9047,0
train,35538,1
train,53132,2
train,24731,3
train,22530,7
train,8290,6
train,7044,5
train,28797,6
train,19605,8
train,31328,5
train,253,2
train,14047,4
train,16199,7
train,23485,6
train,31172,0
train,16270,9
train,6634,9
train,34608,9
train,3507,7
train,49725,3
train,18952,8
train,10460,4
train,53196,9
train,55301,3
train,1511,4
train,6782,5
train,49069,7
train,2227,1
train,18492,1
train,48472,8
train,51733,0
train,26583,8
train,15369,9
train,52009,9
train,11820,9
train,10885,1
train,18480,2
train,34783,6
train,42647,6
train,44086,4
train,31416,4
train,28825,3
train,9712,2
train,1680,1
train,19123,4
train,55801,8
train,36055,0
train,58256,0
train,40811,3
train,28961,1
train,54888,3
train,4021,8
train,51071,4
train,16128,8
train,44405,4
train,20518,9
train,21120,8
train,44679,1
train,46705,1
train,57281,9
train,14283,3
train,38913,7
train,48937,4
train,27,3
train,19641,9
train,16881,9
train,46591,2
train,4013,1
train,728,7
train,10425,0
train,4536,6
train,9395,7
train,24028,3
train,45606,7
train,18815,2
train,11142,8
train,54156,4
train,10326,0
train,9014,8
train,31739,1
train,48018,4
train,737,6
train,32010,2
train,51662,6
train,54835,0
train,35712,0
train,20748,2
train,33235,5
train,3554,8
train,51072,5
train,40783,7
train,38023,5
train,34878,9
train,38005,9
train,23554,1
train,6946,1
train,16677,2
train,50507,5
train,27728,7
train,7268,6
train,41853,8
train,28165,0
train,44325,0
train,21606,3
train,36359,4
train,39954,4
train,46118,8
train,25248,9
train,5978,0
train,21076,4
train,17004,6
train,35619,8
train,8525,9
train,30029,8
train,39678,3
train,39096,9
train,23227,3
train,13212,3
train,31486,8
train,58002,0
train,49834,2
train,29459,3
train,2386,7
train,12135,2
train,18123,5
train,20373,1
train,24269,2
train,40217,0
train,22487,0
train,49884,1
train,13040,5
train,37218,6
train,3423,7
train,1808,4
train,29873,0
train,59126,4
train,38983,3
train,19623,1
train,18803,2
train,16884,9
train,42826,9
train,26284,3
train,48651,7
train,22110,9
train,17943,1
train,35340,2
train,28793,1
train,51421,3
train,20798,1
train,37267,8
train,47984,2
train,18929,5
train,14377,6
train,46516,0
train,717,4
train,52470,0
train,33200,5
train,55298,5
train,58498,8
train,40641,6
train,36559,5
train,16166,2
train,30502,7
train,14612,1
train,38053,3
train,27752,2
train,23861,5
train,16423,0
train,13571,7
train,36497,9
train,9488,2
train,43688,4
train,8893,3
train,33440,1
train,30857,6
train,47791,0
train,44698,1
train,55860,4
train,43244,5
train,31971,1
train,14093,8
train,4309,5
train,8280,7
train,31772,5
train,25629,0
train,32138,1
train,30785,8
train,12224,4
train,838,1
train,23674,8
train,6703,8
train,27902,9
train,32362,5
train,15493,1
train,56460,0
train,11116,0
train,59333,2
train,33273,8
train,41542,1
train,37031,5
train,39149,8
train,51653,2
train,5347,7
train,44892,9
train,33008,2
train,7466,0
train,6261,8
train,55259,0
train,6920,3
train,52741,1
train,21804,2
train,25151,1
train,9532,9
train,56775,0
train,24777,0
train,27282,3
train,37641,9
train,36729,5
train,29809,0
train,26083,2
train,9562,1
train,55722,5
train,26641,6
train,27729,8
train,53855,7
train,19583,0
train,28040,5
train,20794,4
train,24259,7
train,34556,3
train,51999,0
train,13546,6
train,23189,5
train,43971,1
train,30254,3
train,31204,6
train,35708,0
train,40365,2
train,21820,5
train,45269,6
train,33918,1
train,43654,3
train,54451,9
train,1238,1
train,27459,8
train,59822,5
train,24571,7
train,13629,3
train,25209,3
train,7419,5
train,54066,7
train,34546,6
train,867,3
train,53675,5
train,53118,0
train,14313,7
train,25581,7
train,52871,3
train,27163,9
train,52582,2
train,49103,3
train,48682,3
train,44133,2
train,46677,4
train,29764,4
train,53385,3
train,37856,0
train,43660,9
train,44287,6
train,5585,0
train,46276,1
train,53119,1
train,4498,4
train,27727,5
train,13916,0
train,41483,9
train,13101,6
train,57061,0
train,53327,4
train,50949,0
train,54135,7
train,32729,9
train,25773,0
train,56059,4
train,14101,6
train,48880,4
train,16868,0
train,50694,4
train,19895,7
train,5940,9
train,55113,7
train,36520,1
train,23533,6
train,52490,7
train,38958,6
train,53198,6
train,33585,6
train,58679,8
train,5266,0
train,27118,8
train,39550,1
train,29679,1
train,33458,1
train,28931,8
train,42880,8
train,49034,2
train,49032,5
train,50894,7
train,46755,6
train,33420,5
train,54263,0
train,50796,7
train,23459,4
train,3426,7
train,40439,9
train,54634,4
train,26362,8
train,57669,2
train,54611,1
train,42701,1
train,50788,1
train,54074,3
train,23130,3
train,20530,5
train,51183,8
train,18352,1
train,34138,4
train,15390,5
train,12074,9
train,17813,7
train,57259,9
train,51746,8
train,59223,2
train,5778,7
train,46724,7
train,49868,3
train,12778,8
train,5101,4
train,27227,4
train,16219,5
train,13861,4
train,1553,6
train,59809,4
train,42829,6
train,6557,5
train,46653,0
train,17168,6
train,5279,6
train,57138,6
train,11015,9
train,52833,6
train,19064,4
train,17677,2
train,14834,1
train,9151,0
train,5573,3
train,47319,5
train,5616,3
train,3631,4
train,15406,8
train,50981,4
train,21086,7
train,40476,7
train,6550,7
train,53430,2
train,30348,7
train,44870,6
train,13025,1
train,42987,8
train,35072,8
train,39138,1
train,56038,5
train,8102,2
train,49821,3
train,33622,5
train,32938,6
train,24471,4
train,59248,1
train,7790,2
train,40294,1
train,50528,9
train,31629,6
train,28599,4
train,8777,6
train,54422,4
train,17209,1
train,42693,2
train,29586,1
train,3617,7
train,55088,7
train,7102,6
train,38475,4
train,570,2
train,25853,1
train,18038,2
train,59988,7
train,41236,7
train,55667,5
train,22705,1
train,3266,5
train,58175,5
train,29720,2
train,6374,5
train,31248,8
train,24763,3
train,11998,8
train,35609,5
train,40216,7
train,33219,0
train,27517,4
train,30026,8
train,4662,2
train,5866,5
train,23081,8
train,9223,7
train,53624,7
train,55358,1
train,17793,9
train,23647,1
train,45170,7
train,9123,6
train,47150,0
train,11310,5
train,1474,3
train,26457,0
train,36165,1
train,40760,0
train,5379,3
train,28980,4
train,17772,7
train,51835,2
train,5852,3
train,39869,9
train,56322,8
train,31677,0
train,54198,8
train,22430,0
train,15695,0
train,30987,9
train,36765,1
train,15402,5
train,2905,3
train,1276,5
train,27570,3
train,8250,0
train,46820,7
train,36495,5
train,53358,3
train,39538,9
train,37275,5
train,14048,5
train,26222,3
train,17433,1
train,20232,1
train,48015,4
train,34850,2
train,9389,6
train,6489,3
train,6265,6
train,6612,3
train,58877,5
train,23447,9
train,16793,3
train,33306,4
train,55497,8
train,27048,8
train,36525,3
train,2010,2
train,46857,3
train,5029,8
train,40978,9
train,15296,2
train,16977,4
train,23057,9
train,40279,2
train,35845,7
train,51877,6
train,12258,6
train,44525,2
train,3329,2
train,46624,4
train,24427,2
train,45492,7
train,52455,3
train,21763,6
train,16942,4
train,9249,2
train,39256,2
train,3544,9
train,59788,2
train,59182,7
train,757,5
train,46907,9
train,28593,0
train,49765,6
train,48240,4
train,35096,8
train,30911,6
train,47515,2
train,4304,5
train,22646,0
train,10900,3
train,21823,7
train,31272,0
train,25637,9
train,31810,8
train,22737,6
train,32739,6
train,5037,6
train,58156,8
train,51095,9
train,11613,8
train,37280,3
train,28415,6
train,9918,8
train,26368,5
train,11396,5
train,34204,3
train,42454,2
train,37580,2
train,39372,6
train,52635,9
train,8003,0
train,46270,8
train,5495,6
train,35245,9
train,36783,0
train,28155,2
train,44410,6
train,6217,5
train,4562,5
train,40732,0
train,28516,1
train,52040,5
train,25159,0
train,49017,4
train,7499,0
train,52837,6
train,54630,6
train,43182,8
train,3196,8
train,48664,1
train,42115,2
train,38995,9
train,51271,9
train,21274,2
train,53483,7
train,50463,0
train,36312,0
train,22848,1
train,33299,3
train,19854,2
train,41465,0
train,29438,0
train,14082,9
train,11334,7
train,9194,0
train,12302,2
train,51967,7
train,21162,9
train,16371,1
train,47413,4
train,8173,5
train,10580,1
train,20127,8
train,54907,6
train,22139,2
train,44603,0
train,42320,7
train,47129,1
train,42879,9
train,4902,9
train,45362,2
train,26444,1
train,57904,2
train,21571,9
train,12545,3
train,54876,1
train,7352,7
train,44166,2
train,12082,5
train,18323,2
train,36826,6
train,24930,1
train,7768,8
train,27013,1
train,58441,2
train,23539,9
train,24722,2
train,27750,6
train,47735,1
train,43092,0
train,27134,6
train,51306,7
train,33902,1
train,33887,6
train,34935,7
train,26097,7
train,19617,6
train,5679,3
train,54656,8
train,48347,9
train,44732,6
train,43823,8
train,34578,6
train,48210,0
train,45123,9
train,28400,6
train,5374,6
train,13670,3
train,9235,7
train,8453,2
train,56815,7
train,33021,9
train,35027,6
train,36014,6
train,12313,0
train,25290,0
train,44498,6
train,55787,1
train,43299,8
train,36178,7
train,12712,8
train,4513,4
train,4640,6
train,31013,5
train,59711,8
train,29803,6
train,25010,6
train,16206,4
train,13933,7
train,46256,1
train,32462,1
train,9778,3
train,3367,0
train,18194,6
train,14577,3
train,43275,4
train,9910,1
train,1881,2
train,38275,2
train,18389,1
train,31149,5
train,2636,8
train,57690,4
train,7307,8
train,59212,5
train,54660,3
train,8625,1
train,2767,1
train,56612,2
train,6465,2
train,37105,3
train,50551,6
train,1577,5
train,47911,6
train,30724,2
train,51081,4
train,57598,3
train,31949,3
train,47147,6
train,37959,3
train,14494,8
train,54367,8
train,35526,8
train,5991,5
train,35740,0
train,12497,0
train,42530,6
train,56339,5
train,35358,9
train,28129,9
train,12079,2
train,26489,7
train,48064,3
train,39910,5
train,7324,1
train,42177,7
train,17631,5
train,7644,7
train,59508,6
train,6499,1
train,1584,2
train,41132,8
train,11463,4
train,34248,9
train,5893,9
train,33217,6
train,3468,1
train,39813,7
train,42286,4
train,2338,4
train,36318,0
train,13567,3
train,53699,7
train,47790,1
train,29018,9
train,35560,7
train,41976,6
train,17334,0
train,36091,5
train,38729,0
train,49980,7
train,7746,1
train,9505,0
train,18311,8
train,46227,0
train,13402,8
train,9833,7
train,41521,5
train,36719,7
train,8476,7
train,10423,3
train,2116,9
train,7716,1
train,18994,8
train,44357,9
train,11567,4
train,35127,9
train,23367,0
train,35458,3
train,33145,3
train,53616,9
train,10199,9
train,4675,8
train,2457,2
train,29608,3
train,24672,3
train,26745,1
train,14387,7
train,59383,3
train,22491,2
train,15215,7
train,40700,7
train,5518,9
train,15499,7
train,47420,8
train,58660,3
train,20832,2
train,38891,4
train,52000,6
train,41395,9
train,58379,3
train,2605,5
train,20339,8
train,40560,6
train,36564,0
train,4484,1
train,27689,4
train,35899,7
train,42153,0
train,44783,5
train,46895,5
train,2471,9
train,22482,4
train,29110,9
train,48602,0
train,50746,9
train,32312,6
train,55746,3
train,52829,2
train,13163,4
train,16645,3
train,35132,3
train,39525,4
train,4828,6
train,10253,7
train,3949,3
train,8608,9
train,2582,0
train,52579,7
train,46740,0
train,15183,6
train,2302,8
train,34913,5
train,26357,2
train,24514,4
train,15166,6
train,52564,4
train,47237,9
train,48402,4
train,1270,2
train,49233,6
train,17344,6
train,44235,5
train,38354,2
train,5238,3
train,44917,0
train,29301,9
train,9465,4
train,26848,6
train,27445,0
train,25062,7
train,26165,3
train,45352,9
train,7320,8
train,39176,5
train,15658,9
train,12416,3
train,56636,8
train,22044,2
train,47936,8
train,59152,2
train,45000,3
train,54769,4
train,28350,1
train,13877,2
train,31187,7
train,38642,6
train,27374,2
train,55020,8
train,3708,4
train,49600,1
train,51356,2
train,53862,2
train,12320,9
train,8345,7
train,57595,0
train,30286,7
train,35308,8
train,4723,5
train,29879,4
train,47654,3
train,20107,8
train,3206,7
train,12217,0
train,3740,3
train,24107,5
train,29695,0
train,58313,0
train,39752,7
train,38867,3
train,49576,0
train,35309,8
train,44983,4
train,29745,8
train,54131,5
train,8907,3
train,21994,4
train,53213,7
train,13829,5
train,54952,3
train,13677,8
train,23078,8
train,12368,9
train,43853,3
train,47957,0
train,52979,4
train,6068,5
train,24391,4
train,25703,1
train,58333,3
train,30689,6
train,2958,8
train,30258,3
train,48718,9
train,48730,4
train,2051,0
train,2715,4
train,16451,9
train,21969,9
train,40025,4
train,51036,9
train,6875,0
train,35265,8
train,35419,6
train,36554,7
train,56545,6
train,6281,6
train,53713,4
train,47632,8
train,35202,2
train,48476,2
train,26618,4
train,56777,0
train,9926,6
train,21716,1
train,22183,7
train,13430,4
train,59458,9
train,1007,3
train,28640,2
train,46875,7
train,10400,5
train,19933,9
train,1503,6
train,11602,8
train,48906,8
train,10446,8
train,8895,1
train,17287,6
train,726,8
train,16709,2
train,8259,3
train,47534,2
train,33408,7
train,983,3
train,23641,4
train,36991,9
train,36302,7
train,26151,7
train,50226,9
train,8824,3
train,632,7
train,47167,0
train,3312,4
train,51371,5
train,20788,9
train,26820,0
train,7638,8
train,24535,1
train,1505,8
train,22282,6
train,51065,7
train,46564,4
train,20629,2
train,25594,7
train,28144,8
train,54846,8
train,53113,7
train,37849,1
train,44056,8
train,46774,5
train,30342,9
train,36690,5
train,34788,3
train,28285,2
train,20078,2
train,7122,8
train,31820,5
train,32437,2
train,36634,4
train,7067,3
train,31859,6
train,13619,5
train,49732,3
train,18310,8
train,37851,4
train,2864,0
train,50768,5
train,33648,1
train,309,1
train,58934,0
train,57480,5
train,27231,9
train,2569,4
train,5895,2
train,10140,0
train,42912,6
train,25532,9
train,19069,2
train,48136,0
train,57276,8
train,11362,1
train,17184,1
train,16148,1
train,16617,9
train,48088,3
train,52638,9
train,35095,4
train,53802,5
train,26609,9
train,42089,6
train,51015,1
train,35669,1
train,33348,7
train,25774,1
train,14286,3
train,58881,3
train,43600,4
train,49221,0
train,8982,0
train,54236,1
train,52853,3
train,40630,0
train,26785,6
train,47163,8
train,20225,0
train,31860,4
train,48919,4
train,35316,7
train,25068,6
train,26289,8
train,56597,9
train,14814,7
train,1663,4
train,3945,4
train,38022,6
train,1631,3
train,55475,6
train,34450,2
train,54764,0
train,6675,7
train,3935,9
train,20383,6
train,2612,7
train,5886,0
train,12768,9
train,42323,2
train,1111,5
train,24200,7
train,5338,8
train,51496,7
train,8857,4
train,58948,5
train,13170,6
train,21819,5
train,4343,0
train,822,9
train,11774,2
train,19489,8
train,37028,6
train,29852,5
train,33731,4
train,26195,5
train,11999,3
train,53548,7
train,30725,4
train,44899,1
train,20623,9
train,40754,6
train,9062,5
train,42250,0
train,52946,6
train,48305,7
train,17779,0
train,58004,9
train,21339,4
train,8071,6
train,24493,4
train,12504,0
train,51322,7
train,38289,0
train,17725,0
train,12699,6
train,31980,1
train,19713,3
train,2164,4
train,51627,0
train,6277,1
train,30485,2
train,50584,6
train,56474,3
train,36764,0
train,14318,5
train,29696,5
train,18765,3
train,5747,0
train,3081,7
train,33973,5
train,32428,7
train,5265,4
train,38803,4
train,43527,0
train,36602,5
train,39900,3
train,59080,9
train,32380,9
train,6303,1
train,12797,2
train,2358,8
train,47945,2
train,45988,8
train,33268,1
train,48573,1
train,20827,0
train,35606,2
train,20608,0
train,2778,7
train,35952,4
train,2870,1
train,36795,4
train,17088,3
train,51440,8
train,42157,0
train,9713,9
train,57125,6
train,9845,5
train,23290,1
train,23312,5
train,15377,3
train,45927,1
train,8656,5
train,51866,0
train,36132,3
train,2510,2
train,28756,6
train,3107,0
train,18467,8
train,55666,0
train,33470,7
train,28770,5
train,22082,7
train,17216,2
train,55105,0
train,19118,6
train,43335,8
train,43050,0
train,39455,6
train,2549,5
train,29864,4
train,14275,3
train,35870,3
train,45858,1
train,44916,5
train,7942,2
train,30759,7
train,12832,9
train,37357,9
train,8725,1
train,34659,3
train,1284,9
train,32041,1
train,40858,3
train,1782,6
train,17977,0
train,13498,8
train,18658,0
train,17969,7
train,2555,8
train,13811,5
train,13215,0
train,14597,7
train,4598,8
train,25851,8
train,38730,6
train,58818,9
train,30308,9
train,15003,3
train,28139,4
train,51529,1
train,58526,7
train,34123,9
train,21778,8
train,54392,0
train,34551,3
train,33710,7
train,10557,6
train,2372,6
train,15486,3
train,52440,2
train,20721,2
train,5891,4
train,12260,3
train,30437,9
train,20814,0
train,10982,1
train,5556,6
train,43807,6
train,12073,8
train,34173,1
train,14594,7
train,47348,5
train,25102,6
train,16290,4
train,26915,6
train,5534,8
train,32786,3
train,18139,2
train,7971,1
train,13037,8
train,20688,0
train,31249,3
train,56624,3
train,18081,4
train,42057,7
train,53834,4
train,5703,4
train,18822,5
train,7010,7
train,19477,9
train,5144,0
train,57797,1
train,52676,3
train,8338,3
train,51366,5
train,20440,2
train,5851,7
train,13552,2
train,13850,4
train,35698,1
train,42025,6
train,29431,8
train,59017,0
train,13764,0
train,38761,6
train,18530,6
train,16966,7
train,59087,4
train,11122,7
train,27844,2
train,45660,8
train,51056,4
train,37785,4
train,4038,4
train,33395,7
train,18306,4
train,21721,0
train,13974,1
train,15174,3
train,39865,8
train,18201,2
train,46511,6
train,35833,3
train,15623,8
train,21816,7
train,813,2
train,33640,0
train,12123,7
train,40587,5
train,35587,1
train,29709,7
train,35201,4
train,52179,0
train,1356,5
train,28324,2
train,35853,0
train,4633,4
train,48395,1
train,29488,0
train,36714,6
train,42431,5
train,9278,3
train,44552,7
train,4657,1
train,5459,9
train,38568,4
train,5653,5
train,3737,8
train,4642,0
train,14937,0
train,37909,8
train,44485,7
train,1109,5
train,57483,9
train,12715,6
train,28657,5
train,58404,6
train,12355,3
train,30683,4
train,51256,2
train,38643,6
train,15032,6
train,54551,2
train,34082,5
train,35781,7
train,50612,6
train,8014,3
train,36831,1
train,2859,4
train,53351,1
train,50734,5
train,51375,0
train,1878,9
train,16968,9
train,31764,1
train,43605,6
train,21896,8
train,55312,3
train,7614,2
train,30895,3
train,32916,9
train,38819,7
train,999,6
train,48804,9
train,32942,6
train,15348,6
train,41930,4
train,5000,7
train,18266,1
train,2447,7
train,29034,0
train,52435,3
train,21916,4
train,27394,0
train,7330,1
train,53668,2
train,39557,7
train,17372,2
train,995,7
train,20303,4
train,59488,1
train,45146,0
train,4325,0
train,25334,4
train,48489,5
train,30998,7
train,40215,9
train,56739,2
train,37954,0
train,22340,9
train,45865,7
train,16176,2
train,46271,9
train,15320,6
train,27328,0
train,6919,2
train,56558,2
train,6713,7
train,25951,8
train,24733,3
train,31391,7
train,12586,8
train,30083,6
train,18729,7
train,10563,0
train,3003,8
train,59914,3
train,15866,4
train,53666,7
train,57956,2
train,53427,1
train,4670,5
train,14160,0
train,4219,9
train,52180,9
train,15967,1
train,34781,4
train,40495,4
train,14467,3
train,9902,1
train,43911,7
train,1424,6
train,53460,0
train,10766,2
train,49647,4
train,54280,8
train,5110,2
train,50191,8
train,23017,4
train,36130,3
train,167,9
train,1623,9
train,48105,7
train,13579,3
train,460,9
train,49825,5
train,50891,7
train,58455,7
train,42495,8
train,9022,7
train,16982,4
train,14214,5
train,27214,3
train,7495,1
train,46282,9
train,22066,1
train,6307,2
train,13714,4
train,36799,7
train,11000,6
train,27703,6
train,11762,9
train,57153,2
train,333,8
train,9007,7
train,45777,7
train,24910,5
train,49770,0
train,52575,1
train,56603,1
train,45799,2
train,13702,6
train,26253,6
train,18905,4
train,44258,6
train,25363,7
train,24281,3
train,59934,0
train,51873,4
train,32544,8
train,27623,7
train,46691,4
train,42335,6
train,13989,0
train,42695,7
train,50736,2
train,6245,0
train,34061,8
train,22648,9
train,34193,8
train,12206,7
train,23586,0
train,14429,2
train,52617,0
train,57446,2
train,13843,5
train,41075,4
train,48680,5
train,47540,9
train,48584,9
train,57266,1
train,44545,3
train,43152,4
train,18799,0
train,6870,1
train,6379,9
train,24657,8
train,47861,8
train,716,2
train,58970,5
train,22541,5
train,58520,7
train,11916,4
train,34565,8
train,23940,0
train,32828,5
train,51428,3
train,59441,7
train,31999,5
train,46002,2
train,28814,0
train,38703,6
train,42767,6
train,31021,3
train,28845,5
train,8344,4
train,46383,6
train,55139,3
train,931,2
train,49415,7
train,32567,5
train,55378,3
train,51184,8
train,27127,5
train,25332,2
train,47434,1
train,5936,4
train,21372,0
train,32878,9
train,59584,5
train,15793,3
train,29940,5
train,21882,4
train,32658,6
train,16380,5
train,11489,3
train,12569,5
train,44170,7
train,15256,7
train,43684,1
train,32150,7
train,35124,2
train,57151,2
train,49260,1
train,31492,2
train,42299,8
train,45067,6
train,24302,4
train,36024,9
train,23685,4
train,42697,4
train,31090,4
train,21256,0
train,19750,2
train,2838,2
train,35617,8
train,29921,8
train,48625,1
train,17207,3
train,42981,0
train,15239,9
train,10301,1
train,54413,3
train,33165,4
train,59040,2
train,15455,8
train,6144,2
train,57324,8
train,56314,5
train,14060,1
train,45171,3
train,57082,4
train,11989,8
train,23454,0
train,27010,2
train,2108,7
train,37216,5
train,11532,0
train,4413,5
train,33117,4
train,19283,7
train,34366,3
train,33512,0
train,11708,3
train,30445,3
train,28809,0
train,46787,5
train,6610,5
train,24129,2
train,47253,7
train,35947,2
train,29753,8
train,37228,6
train,35501,8
train,10976,6
train,47132,2
train,54699,6
train,12521,1
train,34528,7
train,2915,3
train,3286,0
train,10308,2
train,36214,5
train,33715,6
train,59840,0
train,747,1
train,27610,3
train,49903,0
train,3139,6
train,14247,9
train,59518,9
train,18862,3
train,22731,2
train,56108,5
train,35391,7
train,34446,7
train,58509,9
train,22193,5
train,41516,2
train,17116,3
train,15817,8
train,4612,6
train,4191,3
train,21545,6
train,11461,6
train,35047,6
train,26531,1
train,21138,9
train,8716,3
train,57033,9
train,11694,0
train,15286,8
train,12967,3
train,25687,1
train,3407,8
train,39272,4
train,17641,8
train,23195,6
train,56435,1
train,15090,3
train,50314,4
train,9402,0
train,9518,2
train,43990,7
train,44231,3
train,23820,3
train,24171,7
train,21404,6
train,14390,4
train,49974,0
train,59992,9
train,45167,1
train,15876,4
train,25524,1
train,39267,3
train,29690,4
train,5615,0
train,55005,4
train,19361,0
train,14578,4
train,26592,5
train,5907,2
train,49196,4
train,49667,1
train,21913,8
train,29136,6
train,38169,4
train,6459,9
train,16953,9
train,52256,7
train,27418,8
train,46882,3
train,54259,1
train,33952,4
train,48376,4
train,55104,3
train,55525,2
train,30361,4
train,32296,1
train,15995,6
train,1175,2
train,15091,8
train,9531,5
train,2581,0
train,16769,6
train,28361,1
train,46684,6
train,46191,8
train,13091,7
train,42246,9
train,40127,5
train,39773,5
train,31003,7
train,27123,1
train,23606,0
train,31317,4
train,27228,5
train,7572,1
train,37491,2
train,20058,1
train,29422,8
train,45218,0
train,4684,8
train,18927,2
train,58154,5
train,16890,6
train,1458,1
train,59279,7
train,16208,3
train,6317,3
train,31839,1
train,4524,1
train,47969,1
train,54751,7
train,59796,1
train,49203,5
train,56822,7
train,29244,2
train,40972,5
train,48780,0
train,12159,6
train,57578,6
train,27130,9
train,50549,5
train,59875,2
train,41314,5
train,50057,0
train,11549,5
train,55400,0
train,1029,0
train,35137,2
train,44032,3
train,39820,3
train,8914,4
train,3334,4
train,28433,8
train,11069,1
train,15548,1
train,15054,5
train,36724,6
train,7949,9
train,37515,2
train,34812,6
train,47216,1
train,15852,4
train,4578,8
train,41205,1
train,57386,7
train,14347,6
train,27249,6
train,24615,0
train,11279,1
train,57040,3
train,7658,1
train,22757,0
train,39847,7
train,40855,9
train,38964,7
train,13000,7
train,20603,6
train,27523,6
train,16133,7
train,4919,4
train,51880,8
train,32766,8
train,8748,5
train,17800,7
train,11228,1
train,54759,7
train,19565,0
train,53719,7
train,4096,2
train,50874,7
train,56386,8
train,57871,2
train,7720,1
train,26515,8
train,39972,5
train,31458,4
train,8892,8
train,45784,9
train,38206,1
train,21415,3
train,45302,1
train,15405,4
train,13178,9
train,12697,5
train,18950,7
train,21159,7
train,47722,0
train,16244,0
train,49023,5
train,8909,5
train,20972,4
train,33611,8
train,14215,2
train,29326,7
train,32641,8
train,57045,8
train,39903,5
train,20152,6
train,12758,6
train,36432,3
train,15761,0
train,40755,9
train,4002,0
train,4618,7
train,9920,4
train,49061,5
train,31064,7
train,8802,9
train,10848,9
train,9456,0
train,17757,2
train,47895,3
train,43347,0
train,10029,2
train,15437,3
train,56601,7
train,25948,1
train,4802,4
train,26287,7
train,50693,3
train,33020,0
train,13556,1
train,37407,5
train,43836,1
train,28399,7
train,57495,3
train,9133,1
train,23512,9
train,34943,0
train,3309,0
train,18039,3
train,11618,3
train,9963,0
train,17219,5
train,25615,7
train,13406,2
train,23844,1
train,21911,2
train,33445,3
train,1116,9
train,53947,5
train,13417,3
train,8205,7
train,31059,0
train,8466,4
train,11543,1
train,59173,8
train,23400,8
train,21974,3
train,46318,9
train,24867,3
train,57141,3
train,31161,9
train,13949,9
train,10857,9
train,52402,4
train,32778,0
train,56121,7
train,10046,7
train,34372,8
train,7850,1
train,55544,7
train,3700,6
train,4119,5
train,9960,1
train,38579,0
train,28695,1
train,40056,1
train,34076,3
train,13675,3
train,2929,7
train,53897,0
train,30340,0
train,24242,6
train,56200,5
train,41870,4
train,14358,9
train,19270,7
train,22595,4
train,9901,7
train,43881,4
train,51464,0
train,48927,9
train,39536,4
train,4948,5
train,10158,2
train,25380,4
train,8546,6
train,7075,1
train,14554,9
train,30955,0
train,16238,0
train,11499,9
train,38242,7
train,35484,8
train,938,2
train,28411,1
train,33680,2
train,38410,3
train,2931,3
train,34671,6
train,51708,9
train,37265,9
train,50895,5
train,14375,1
train,52520,0
train,49180,7
train,1928,4
train,53136,3
train,3927,9
train,25657,8
train,40993,5
train,13849,8
train,1693,4
train,14080,3
train,48692,6
train,40506,7
train,9556,6
train,15727,6
train,8382,1
train,48129,2
train,15011,4
train,57169,1
train,12311,2
train,15882,0
train,52399,5
train,8663,3
train,43037,9
train,20037,8
train,11736,7
train,26473,1
train,33205,8
train,55402,0
train,51191,6
train,2384,8
train,20321,0
train,37933,8
train,1795,5
train,17797,0
train,20813,4
train,50166,5
train,41991,4
train,6342,3
train,49445,5
train,40723,4
train,38932,5
train,31495,5
train,17783,6
train,35548,3
train,38093,4
train,6729,4
train,49355,1
train,42626,5
train,54812,0
train,30582,6
train,54281,5
train,44825,9
train,6889,7
train,52921,0
train,14928,9
train,12189,3
train,43731,8
train,868,7
train,53821,9
train,54119,9
train,154,9
train,24587,8
train,1618,7
train,2129,4
train,48222,9
train,37053,2
train,23941,7
train,10738,8
train,43033,1
train,7739,5
train,34753,9
train,15701,3
train,4253,8
train,23968,7
train,53431,7
train,51643,7
train,11159,7
train,5123,1
train,42074,0
train,19349,6
train,25285,0
train,45862,3
train,23928,5
train,45337,9
train,26900,6
train,16682,5
train,31533,7
train,473,0
train,22811,2
train,37984,7
train,53331,6
train,47429,1
train,41137,0
train,36627,8
train,47355,9
train,45685,4
train,7744,6
train,8443,2
train,27900,0
train,55769,2
train,4297,4
train,55689,7
train,12447,2
train,6300,5
train,23852,1
train,12535,9
train,5998,6
train,59242,3
train,21457,8
train,21858,4
train,40396,0
train,40837,7
train,50828,0
train,38673,9
train,38201,4
train,40292,9
train,18170,7
train,45404,4
train,43526,9
train,53072,2
train,17563,6
train,30322,8
train,57938,4
train,46686,7
train,2575,7
train,32498,4
train,39392,2
train,58772,1
train,25166,0
train,30691,4
train,52008,7
train,19632,2
train,50679,3
train,39637,1
train,47639,0
train,26183,0
train,37509,6
train,16604,6
train,20020,8
train,37042,3
train,34362,5
train,11510,7
train,51411,8
train,5584,7
train,5743,8
train,38314,5
train,24679,8
train,58618,1
train,43897,1
train,20442,2
train,6964,9
train,45012,5
train,41294,2
train,9061,9
train,2705,3
train,31125,7
train,8264,3
train,22713,2
train,39660,9
train,9165,8
train,16502,3
train,44858,5
train,38101,6
train,26707,7
train,30272,4
train,11252,9
train,39513,5
train,58612,3
train,27325,9
train,48887,2
train,38534,7
train,6570,1
train,16864,8
train,36853,2
train,16150,7
train,58018,4
train,5426,9
train,21899,1
train,59202,3
train,21061,6
train,36735,9
train,24288,1
train,29785,3
train,36943,1
train,35559,8
train,7359,8
train,7360,2
train,47558,4
train,8032,1
train,8960,2
train,46292,0
train,12482,8
train,181,3
train,10979,6
train,14847,2
train,8370,4
train,28900,3
train,19239,9
train,23121,4
train,45723,1
train,33733,5
train,38172,6
train,19741,5
train,20512,6
train,51394,8
train,34555,0
train,52816,3
train,32589,7
train,55445,8
train,38409,2
train,31722,3
train,57383,5
train,17891,4
train,11888,0
train,46052,4
train,56344,5
train,55347,9
train,6392,6
train,19227,1
train,808,3
train,35597,2
train,26069,5
train,47270,2
train,58240,4
train,43683,2
train,2906,1
train,16782,6
train,35788,8
train,51792,5
train,16152,9
train,16873,3
train,42783,0
train,45617,0
train,37697,0
train,4341,2
train,49113,1
train,12621,2
train,48374,5
train,57552,1
train,30833,3
train,6705,6
train,53824,1
train,18320,7
train,3613,5
train,31505,0
train,28177,6
train,41007,3
train,14222,9
train,34408,2
train,27039,7
train,22992,4
train,48623,5
train,14593,6
train,4420,1
train,22299,9
train,19783,8
train,54493,3
train,36906,9
train,57704,4
train,4543,3
train,26743,8
train,18755,9
train,28734,3
train,59779,7
train,35083,8
train,46025,8
train,56054,5
train,24573,3
train,34206,1
train,39408,2
train,57075,6
train,33791,9
train,16999,7
train,39674,4
train,20643,1
train,4480,5
train,18205,8
train,11537,1
train,23147,8
train,14826,8
train,54768,2
train,17263,2
train,32875,5
train,23896,4
train,4821,1
train,59422,2
train,33960,6
train,19970,6
train,18124,0
train,45539,0
train,42401,1
train,23870,5
train,43380,3
train,15489,9
train,28718,1
train,24225,0
train,21264,5
train,42911,1
train,20088,0
train,4422,7
train,38810,7
train,54904,5
train,21651,7
train,31715,7
train,16976,6
train,27830,7
train,29708,5
train,36356,1
train,16501,0
train,30569,2
train,12335,8
train,58081,9
train,52626,6
train,33953,3
train,19858,5
train,25073,4
train,43595,1
train,41046,8
train,51570,6
train,23700,3
train,33599,9
train,44194,7
train,52220,1
train,23767,7
train,35927,2
train,11681,8
train,1272,9
train,11167,4
train,18025,7
train,57911,2
train,32208,7
train,12597,7
train,37859,6
train,27226,9
train,16648,6
train,35667,0
train,38338,7
train,57996,7
train,58368,1
train,33266,1
train,59784,0
train,44951,0
train,40085,6
train,7530,7
train,7491,1
train,35412,4
train,7346,5
train,38166,3
train,25280,9
train,58191,6
train,22826,7
train,55275,0
train,27798,8
train,10551,8
train,20094,1
train,58048,3
train,36725,6
train,16862,5
train,57882,0
train,29689,7
train,2157,4
train,31386,1
train,16707,2
train,37988,4
train,15231,1
train,44765,4
train,39092,8
train,14337,7
train,48558,4
train,36119,3
train,7734,4
train,41968,3
train,41494,3
train,50266,6
train,46910,2
train,31456,9
train,10099,3
train,11607,1
train,26984,1
train,5576,6
train,22041,9
train,39987,6
train,9373,7
train,58336,3
train,42715,9
train,44574,7
train,34410,7
train,17218,4
train,23254,1
train,21391,1
train,28630,2
train,32713,9
train,17679,8
train,37695,8
train,42677,3
train,10356,6
train,42355,3
train,50307,8
train,4797,8
train,31571,7
train,50666,6
train,27111,1
train,21948,3
train,24995,5
train,45885,2
train,54992,4
train,13943,4
train,8961,0
train,35275,0
train,46685,1
train,44999,5
train,6493,8
train,38678,5
train,54220,2
train,35671,0
train,32812,7
train,21655,4
train,21925,8
train,7209,3
train,3757,6
train,1245,5
train,49299,4
train,11516,7
train,54505,8
train,27383,9
train,48585,7
train,38109,3
train,45255,0
train,43324,9
train,56398,3
train,41534,0
train,22381,7
train,36706,4
train,3054,2
train,36641,4
train,10415,3
train,34326,2
train,18563,0
train,38106,0
train,54282,5
train,58511,1
train,45387,2
train,58370,6
train,20965,3
train,29473,5
train,50352,5
train,58664,3
train,23203,1
train,52414,4
train,59834,8
train,36547,7
train,44066,6
train,50432,4
train,7405,8
train,57119,7
train,59577,2
train,7069,9
train,13374,2
train,57282,7
train,39787,9
train,44720,0
train,19305,1
train,46913,1
train,47717,7
train,17095,0
train,16844,5
train,30375,3
train,17391,7
train,53439,4
train,34692,5
train,20861,9
train,59145,6
train,20035,8
train,16717,7
train,50936,3
train,2496,6
train,30671,6
train,47591,5
train,13582,0
train,53106,6
train,58552,8
train,58030,2
train,46811,6
train,46977,2
train,9827,9
train,7891,8
train,57785,1
train,22117,9
train,39185,1
train,50356,1
train,3064,2
train,46004,4
train,51437,8
train,20242,2
train,53575,0
train,10981,8
train,37133,7
train,31257,7
train,51505,0
train,51785,8
train,28365,0
train,24579,5
train,41783,9
train,54437,8
train,53629,7
train,35050,0
train,41134,6
train,13096,9
train,35839,7
train,38927,3
train,44691,5
train,16752,8
train,898,7
train,46952,0
train,53269,2
train,16794,2
train,6839,2
train,8180,1
train,24014,2
train,6191,9
train,35662,4
train,53420,8
train,11833,0
train,13544,0
train,54989,9
train,27965,6
train,21035,3
train,8018,3
train,35313,1
train,58261,5
train,46378,5
train,9431,4
train,58489,0
train,48704,8
train,48562,7
train,59497,0
train,10763,7
train,9973,1
train,33032,6
train,21772,6
train,6472,5
train,17,8
train,36648,8
train,48605,6
train,35674,5
train,8903,1
train,12946,9
train,13134,3
train,56072,4
train,3170,5
train,34429,4
train,13198,2
train,18161,7
train,19882,4
train,43221,5
train,25090,6
train,34382,8
train,22116,9
train,47755,9
train,23144,3
train,58731,5
train,34034,8
train,40982,1
train,8355,0
train,32227,3
train,15301,5
train,59190,5
train,10312,2
train,47241,0
train,3601,8
train,17916,4
train,24866,4
train,49246,1
train,20647,6
train,16127,4
train,24185,9
train,1348,3
train,21818,1
train,27934,6
train,50523,0
train,27360,7
train,51240,9
train,25200,7
train,54416,1
train,16037,4
train,49998,4
train,17973,2
train,43117,2
train,51339,5
train,58685,1
train,33257,0
train,30103,9
train,17730,4
train,8098,0
train,24189,0
train,53096,5
train,14868,2
train,30591,3
train,52754,6
train,26316,9
train,53074,7
train,57880,9
train,28934,6
train,14217,9
train,6177,5
train,17920,5
train,2808,4
train,21455,5
train,20948,6
train,37710,8
train,53398,6
train,44806,8
train,44817,6
train,41233,3
train,14807,2
train,4689,9
train,33040,6
train,27887,6
train,3672,2
train,32200,5
train,40747,2
train,4546,6
train,55450,5
train,54136,8
train,44838,0
train,51441,7
train,41891,7
train,23392,5
train,46933,1
train,10823,1
train,54844,0
train,39397,3
train,8518,9
train,3603,0
train,310,1
train,14589,0
train,19306,5
train,56623,8
train,15525,4
train,42639,7
train,17928,1
train,36761,3
train,8288,0
train,22567,3
train,21390,3
train,44555,3
train,36343,6
train,50217,9
train,51939,4
train,39456,8
train,51106,3
train,28663,8
train,15124,9
train,28725,0
train,27976,7
train,14237,6
train,31664,3
train,47589,4
train,26622,6
train,55594,1
train,16570,9
train,126,6
train,58641,9
train,28078,2
train,13086,2
train,19326,3
train,33631,8
train,24886,3
train,17118,5
train,34492,6
train,43278,4
train,43342,8
train,53837,2
train,7030,3
train,7932,0
train,42899,1
train,33847,0
train,11505,5
train,2962,4
train,4731,1
train,40278,6
train,46514,7
train,6057,3
train,40818,3
train,45173,4
train,12049,1
train,34799,2
train,40308,7
train,623,6
train,4039,6
train,30161,6
train,27085,8
train,33003,0
train,51197,1
train,50482,1
train,25590,3
train,3157,4
train,54071,1
train,28191,1
train,41752,5
train,9206,6
train,26466,5
train,594,8
train,22720,5
train,35301,2
train,25753,6
train,17923,0
train,36487,5
train,2800,4
train,49764,9
train,5361,4
train,6267,6
train,56979,5
train,43888,9
train,26832,0
train,16672,7
train,20386,7
train,26910,1
train,51004,7
train,15067,2
train,16914,1
train,10106,2
train,50370,7
train,1602,2
train,712,0
train,53312,8
train,57536,0
train,50459,8
train,37799,4
train,43995,6
train,52020,1
train,55676,4
train,20516,8
train,17984,1
train,51625,4
train,13721,1
train,57036,6
train,38198,0
train,11492,5
train,4317,7
train,21017,4
train,15766,8
train,34663,8
train,47989,8
train,37125,8
train,4567,4
train,15783,4
train,37600,8
train,13971,9
train,10938,0
train,49678,3
train,21065,8
train,34620,2
train,26003,8
train,25929,7
train,22245,0
train,24326,3
train,27254,7
train,41601,7
train,38351,8
train,59858,9
train,19795,4
train,27145,0
train,31657,0
train,47244,9
train,23778,3
train,26207,4
train,26628,8
train,35288,2
train,40077,7
train,59037,0
train,14741,7
train,31336,9
train,23753,0
train,10419,6
train,17134,0
train,18299,3
train,23773,0
train,922,6
train,23018,2
train,15460,7
train,39584,4
train,34111,7
train,17291,8
train,8500,6
train,47631,6
train,33388,8
train,59413,4
train,40247,3
train,43195,0
train,19529,5
train,39377,9
train,17200,0
train,7654,2
train,16015,7
train,10665,5
train,52596,0
train,6547,2
train,30129,1
train,13388,3
train,5838,3
train,2613,9
train,33140,1
train,46746,0
train,58755,6
train,26248,8
train,2264,4
train,39406,6
train,35653,2
train,54560,3
train,9716,7
train,32723,0
train,30840,2
train,47667,2
train,58790,5
train,571,8
train,2382,8
train,10859,0
train,9693,1
train,16093,4
train,19879,8
train,37382,0
train,51113,7
train,30695,1
train,27782,4
train,43742,6
train,42923,8
train,15510,2
train,30860,2
train,14309,1
train,34736,3
train,9744,0
train,24994,7
train,19536,3
train,50913,2
train,45553,8
train,52189,2
train,29625,7
train,29296,7
train,39235,3
train,23838,9
train,2350,3
train,57374,9
train,5211,5
train,9476,0
train,33760,3
train,42064,7
train,22403,4
train,4005,2
train,54164,1
train,55481,0
train,16524,7
train,50074,8
train,26626,2
train,45675,3
train,32453,8
train,6229,1
train,34720,5
train,27435,3
train,42577,9
train,24620,9
train,37626,3
train,49364,7
train,35745,7
train,47882,8
train,25106,3
train,54224,6
train,55451,8
train,5368,0
train,37409,5
train,19539,9
train,37451,6
train,17824,9
train,59090,8
train,21351,9
train,1459,9
train,58371,8
train,56521,7
train,51099,9
train,24999,9
train,54736,3
train,5051,1
train,11724,8
train,47539,3
train,27699,5
train,8221,8
train,8240,4
train,55588,0
train,28283,9
train,41353,0
train,24315,7
train,130,3
train,54209,0
train,42648,7
train,44319,6
train,24494,9
train,57633,2
train,15039,2
train,54492,8
train,46649,8
train,19320,9
train,22851,6
train,3304,2
train,24219,3
train,2243,8
train,40920,5
train,4124,9
train,190,2
train,49528,0
train,56594,8
train,18191,7
train,32590,2
train,40351,6
train,16066,8
train,15698,5
train,11927,6
train,47415,6
train,46310,6
train,12018,7
train,23708,7
train,28131,0
train,59554,7
train,35893,9
train,47397,4
train,42508,3
train,26773,8
train,47104,5
train,42905,6
train,34909,7
train,33817,3
train,3344,1
train,48745,4
train,31054,6
train,42890,9
train,30997,2
train,30427,1
train,35183,4
train,56128,5
train,18360,1
train,59664,7
train,23770,2
train,16143,7
train,43062,8
train,19652,1
train,6364,8
train,25808,7
train,11642,7
train,27324,8
train,38147,4
train,47501,1
train,10627,1
train,46504,8
train,14550,2
train,11306,2
train,15300,1
train,51615,8
train,1937,9
train,19023,7
train,58969,8
train,41377,9
train,26594,9
train,13736,3
train,11038,6
train,47021,5
train,10246,6
train,59862,4
train,31676,9
train,51367,5
train,38479,6
train,59931,4
train,26725,4
train,22329,5
train,40907,6
train,39381,5
train,38951,1
train,4521,8
train,29902,1
train,51127,0
train,38783,7
train,24502,7
train,10818,8
train,36789,0
train,19215,3
train,57333,9
train,2249,6
train,46752,7
train,40271,6
train,47824,6
train,18190,4
train,12424,2
train,23857,1
train,51549,4
train,8588,1
train,50327,8
train,48359,6
train,27122,2
train,21813,2
train,45249,8
train,1809,3
train,23973,1
train,54016,3
train,27853,7
train,40017,7
train,2919,0
train,10311,4
train,28372,5
train,11761,8
train,51834,0
train,59389,7
train,44062,7
train,28600,4
train,42900,8
train,34682,4
train,2190,4
train,6436,1
train,15042,0
train,32670,6
train,26408,0
train,35891,3
train,17794,5
train,4766,1
train,26741,2
train,4656,0
train,38085,8
train,57226,6
train,29000,2
train,30910,9
train,30575,5
train,55948,4
train,40999,1
train,21851,8
train,2185,4
train,36475,2
train,59408,3
train,11813,3
train,22943,3
train,49100,5
train,5914,2
train,37723,0
train,21474,1
train,22053,5
train,58107,8
train,47387,8
train,53514,3
train,39523,7
train,44867,0
train,4539,0
train,22176,9
train,59263,3
train,33580,1
train,3615,6
train,37260,3
train,22526,8
train,1853,8
train,16045,0
train,2261,2
train,26380,9
train,6662,3
train,42946,9
train,2833,8
train,29585,0
train,25791,4
train,26141,7
train,47644,1
train,4496,0
train,28134,1
train,48839,6
train,51965,6
train,11674,5
train,4940,5
train,43120,9
train,57543,0
train,56082,8
train,33874,0
train,24676,0
train,57293,5
train,18137,0
train,40850,0
train,51145,9
train,21122,6
train,23906,5
train,45523,6
train,29691,8
train,3199,2
train,20852,1
train,43107,9
train,28670,7
train,41778,6
train,30513,7
train,36981,5
train,47828,5
train,902,9
train,16803,0
train,51693,4
train,22388,9
train,25494,5
train,36757,9
train,2204,4
train,31278,1
train,33553,5
train,30157,6
train,10428,9
train,18788,6
train,57805,5
train,11614,8
train,44670,9
train,4856,2
train,32079,1
train,41680,4
train,27956,7
train,42525,6
train,20486,6
train,47064,6
train,27851,8
train,41743,0
train,58262,5
train,27774,9
train,16240,7
train,36900,5
train,39062,7
train,53490,7
train,30985,8
train,25717,2
train,52054,6
train,41981,4
train,41950,4
train,13131,7
train,5151,2
train,53750,1
train,14810,3
train,26247,3
train,1785,5
train,17583,5
train,350,9
train,45020,7
train,23226,5
train,59360,7
train,58478,4
train,7396,3
train,11500,5
train,59539,2
train,16714,1
train,52573,8
train,9654,9
train,55145,8
train,35915,5
train,46323,6
train,9703,0
train,7903,4
train,24153,9
train,23300,8
train,38162,0
train,22300,7
train,25554,7
train,25962,6
train,23495,0
train,49262,9
train,49823,4
train,7898,1
train,51696,6
train,22560,1
train,43425,9
train,36410,1
train,26192,4
train,15337,5
train,30369,2
train,45287,2
train,29012,9
train,46131,6
train,41171,3
train,47588,9
train,27321,7
train,50859,9
train,29806,7
train,10554,2
train,52311,9
train,38562,9
train,32719,4
train,5080,3
train,44413,0
train,37374,3
train,55624,0
train,10867,9
train,44740,2
train,11372,7
train,49042,1
train,40300,9
train,30236,8
train,57328,4
train,17341,3
train,581,3
train,32751,2
train,17260,1
train,2436,0
train,24140,7
train,54409,6
train,59702,6
train,45105,1
train,2195,0
train,32414,3
train,53135,1
train,17996,6
train,25663,2
train,466,1
train,7127,0
train,55056,0
train,35123,8
train,56865,1
train,51921,4
train,32985,2
train,43219,4
train,36297,1
train,29315,1
train,38110,0
train,50848,5
train,5535,7
train,50989,3
train,27428,6
train,36040,0
train,18948,3
train,17328,3
train,42297,8
train,24256,8
train,40400,0
train,44426,3
train,24760,8
train,43965,0
train,31038,1
train,58449,3
train,3584,8
train,23340,1
train,1796,0
train,21737,1
train,1608,7
train,7798,9
train,40042,0
train,23101,3
train,54307,9
train,55819,1
train,6243,8
train,31630,8
train,30733,3
train,44220,1
train,46437,1
train,9496,4
train,13275,2
train,45697,7
train,19667,9
train,47854,5
train,58098,2
train,10236,4
train,52877,6
train,30799,6
train,37455,1
train,16974,8
train,19319,5
train,40047,9
train,42538,2
train,21088,1
train,57687,4
train,51458,2
train,54085,9
train,42835,0
train,28757,3
train,5052,0
train,59462,7
train,14084,2
train,13154,1
train,17447,9
train,41177,9
train,6375,7
train,34493,1
train,27066,9
train,33703,0
train,53210,7
train,12056,1
train,46255,9
train,5900,2
train,8905,2
train,25616,4
train,25567,0
train,53010,9
train,58217,5
train,35601,6
train,6565,1
train,31229,3
train,50264,1
train,20114,0
train,15948,2
train,28518,4
train,34487,7
train,15958,2
train,19291,8
train,371,7
train,45806,7
train,4444,0
train,58100,8
train,58577,9
train,40341,9
train,52919,4
train,50840,2
train,15765,0
train,15303,6
train,43282,9
train,45426,0
train,47377,3
train,26158,7
train,38212,0
train,20753,8
train,7669,0
train,43797,4
train,55589,2
train,35512,7
train,28708,6
train,55485,3
train,39837,6
train,28567,2
train,26603,6
train,49243,0
train,53665,0
train,19402,2
train,10350,4
train,59651,0
train,35959,0
train,10778,4
train,44921,4
train,21847,1
train,40619,3
train,27734,9
train,12228,3
train,19592,7
train,31566,9
train,29479,1
train,55574,1
train,8188,3
train,39815,6
train,14973,6
train,17703,7
train,10873,7
train,24099,3
train,50243,4
train,57568,3
train,52663,4
train,3611,4
train,17944,4
train,9789,8
train,8728,5
train,51543,3
train,18420,4
train,21945,0
train,22323,6
train,52351,6
train,31439,7
train,28750,9
train,16207,6
train,41805,1
train,31091,8
train,20334,0
train,35828,6
train,13033,0
train,57739,3
train,12199,6
train,21291,6
train,55562,7
train,37367,2
train,11945,0
train,44963,6
train,37238,6
train,22214,1
train,26328,5
train,41355,4
train,9434,7
train,8120,3
train,14391,7
train,22723,3
train,3917,2
train,45696,3
train,32706,9
train,34344,7
train,38012,4
train,29320,1
train,19870,5
train,39030,9
train,4214,6
train,7172,5
train,31226,9
train,3475,4
train,19324,2
train,9317,2
train,13208,3
train,36573,2
train,13654,2
train,9600,2
train,29240,2
train,47754,2
train,48902,1
train,6646,5
train,38597,9
train,54826,4
train,2734,3
train,2565,2
train,39283,2
train,21680,1
train,289,4
train,10891,5
train,23734,5
train,12316,4
train,45772,8
train,46015,1
train,17150,6
train,25108,6
train,3483,9
train,1053,2
train,26555,3
train,47400,1
train,16839,9
train,6635,6
train,59014,3
train,29030,1
train,50863,6
train,10089,6
train,42147,8
train,39921,2
train,4172,4
train,35727,5
train,50811,6
train,46252,8
train,40107,2
train,7976,3
train,45584,2
train,12997,4
train,9544,0
train,51231,5
train,7867,6
train,26049,7
train,32316,9
train,4462,5
train,53931,7
train,189,2
train,16170,9
train,22239,7
train,56713,9
train,29130,4
train,34268,3
train,25525,7
train,59120,3
train,48123,4
train,52832,0
train,17318,3
train,21750,2
train,17526,3
train,50201,3
train,55688,3
train,17712,3
train,49463,0
train,1051,1
train,29645,4
train,5661,8
train,12252,7
train,44259,8
train,3231,0
train,32196,9
train,1895,9
train,16858,2
train,50590,6
train,9681,7
train,53878,2
train,13724,5
train,45431,9
train,1632,9
train,30915,3
train,18653,9
train,20070,1
train,7381,9
train,30188,7
train,32807,1
train,13744,7
train,33632,5
train,21157,5
train,20275,1
train,14346,1
train,2901,8
train,53860,8
train,17145,8
train,35721,2
train,50932,6
train,53618,4
train,31624,9
train,22432,0
train,1110,4
train,52839,2
train,41596,1
train,13587,6
train,40367,6
train,17165,8
train,15646,7
train,48618,9
train,48059,0
train,53816,1
train,32481,2
train,19485,0
train,25667,9
train,36593,2
train,55165,8
train,23376,8
train,33242,6
train,27154,5
train,29850,7
train,30283,4
train,56013,5
train,58251,6
train,45331,1
train,57789,5
train,59019,7
train,19280,3
train,7837,1
train,56449,3
train,30239,8
train,8520,8
train,45347,2
train,8712,5
train,46423,9
train,52556,9
train,53080,1
train,16557,7
train,27377,5
train,16151,0
train,45100,4
train,59186,2
train,53598,5
train,2368,5
train,28014,7
train,11741,8
train,55988,1
train,57923,7
train,20130,9
train,48522,4
train,51868,4
train,8768,4
train,56004,8
train,7686,7
train,32925,0
train,44631,8
train,42060,8
train,47097,1
train,44648,1
train,52273,6
train,51098,4
train,3744,8
train,43203,8
train,36650,7
train,27596,8
train,45615,7
train,34876,9
train,55880,8
train,52852,4
train,10320,4
train,10303,4
train,37173,6
train,2169,4
train,42183,0
train,48479,0
train,26388,1
train,36703,6
train,21632,5
train,57208,4
train,4247,5
train,56546,7
train,13833,0
train,23133,1
train,37760,2
train,20892,6
train,9710,0
train,24002,8
train,3714,1
train,49307,3
train,51175,4
train,2744,5
train,6427,3
train,54980,0
train,16988,1
train,35085,9
train,50658,3
train,27363,6
train,32021,9
train,16679,0
train,37402,7
train,52948,9
train,54455,4
train,927,0
train,23228,6
train,2469,3
train,18590,0
train,31115,9
train,17709,0
train,3250,7
train,53546,4
train,32583,4
train,59195,3
train,15656,3
train,14166,3
train,21895,5
train,49065,0
train,16136,0
train,4225,1
train,16719,4
train,46469,5
train,29826,7
train,40504,1
train,18544,2
train,54336,8
train,5603,5
train,46601,1
train,41524,1
train,46089,1
train,26747,1
train,29063,4
train,32002,6
train,55106,3
train,50067,3
train,804,4
train,34971,4
train,11677,1
train,4047,0
train,4676,1
train,58777,8
train,1388,8
train,24501,3
train,44324,1
train,4816,9
train,16644,7
train,12109,3
train,45187,7
train,22226,2
train,12705,1
train,30572,5
train,43574,5
train,6991,0
train,50065,2
train,11706,5
train,14452,8
train,5930,1
train,20236,4
train,57481,8
train,22551,8
train,34356,0
train,20936,0
train,19176,1
train,2934,9
train,57234,5
train,24279,1
train,11661,0
train,53003,7
train,6249,2
train,14108,2
train,15808,7
train,12374,0
train,11072,0
train,41101,0
train,37590,5
train,54609,0
train,33034,6
train,43198,3
train,37871,7
train,55040,2
train,22268,5
train,52328,9
train,18981,4
train,25205,8
train,34383,1
train,12149,7
train,42361,6
train,32081,2
train,26663,9
train,29119,0
train,50979,1
train,32109,0
train,25675,5
train,45421,9
train,37610,2
train,48966,5
train,32592,6
train,45310,7
train,33147,9
train,33837,3
train,49786,1
train,50786,5
train,10147,7
train,17674,9
train,17660,2
train,34974,8
train,4347,0
train,51544,1
train,26224,2
train,31512,2
train,27775,6
train,39891,4
train,54335,9
train,35768,6
train,23342,1
train,12152,3
train,59098,6
train,19885,9
train,55319,2
train,44184,0
train,35338,8
train,51801,1
train,10698,6
train,954,7
train,59127,9
train,7042,8
train,23828,0
train,42265,7
train,32347,7
train,57442,2
train,42877,0
train,4290,5
train,23917,2
train,35852,4
train,57172,3
train,251,1
train,46299,8
train,27717,7
train,50937,4
train,22824,9
train,14966,4
train,7165,5
train,45212,5
train,26656,0
train,21439,5
train,15826,6
train,7362,7
train,6475,7
train,32550,0
train,19730,9
train,22337,0
train,31987,9
train,21383,8
train,55424,4
train,14742,5
train,57314,6
train,50085,2
train,20978,6
train,8165,9
train,28637,5
train,28965,0
train,19944,5
train,49390,3
train,20356,3
train,24420,9
train,56206,5
train,42989,0
train,42529,9
train,4163,1
train,8854,4
train,7992,7
train,47545,1
train,30807,0
train,7705,4
train,36855,3
train,41015,3
train,18556,7
train,4561,1
train,53626,5
train,36228,4
train,59271,3
train,44990,4
train,21102,3
train,35479,9
train,47187,1
train,16055,9
train,57564,7
train,58861,0
train,46329,3
train,54902,5
train,21282,8
train,7703,4
train,8514,9
train,23845,0
train,16425,6
train,45519,5
train,35303,1
train,19863,3
train,18633,2
train,39941,3
train,27607,5
train,13454,0
train,35550,3
train,45156,8
train,17016,5
train,16802,4
train,28882,2
train,27055,4
train,3610,0
train,4176,8
train,39975,0
train,7252,9
train,11397,5
train,31518,0
train,27840,3
train,53034,2
train,49889,0
train,5053,0
train,35574,3
train,14524,6
train,3513,8
train,48410,4
train,29046,4
train,56759,2
train,42656,8
train,54477,7
train,7829,6
train,48776,6
train,56479,5
train,3952,6
train,50778,5
train,25523,3
train,20003,3
train,54090,2
train,47933,9
train,59011,2
train,53891,1
train,15221,8
train,44969,3
train,23313,2
train,39155,0
train,49053,7
train,51822,5
train,43471,7
train,40664,1
train,51694,4
train,23047,3
train,26363,5
train,9117,8
train,48404,7
train,4860,8
train,1802,6
train,12127,9
train,53417,8
train,43588,8
train,46830,2
train,54029,3
train,21719,7
train,41284,2
train,55133,3
train,47039,5
train,29277,7
train,52381,1
train,41456,4
train,25969,9
train,22921,7
train,23895,2
train,30372,1
train,54495,8
train,46903,6
train,1137,0
train,1411,4
train,47277,6
train,47146,5
train,3966,1
train,30490,6
train,47929,7
train,33353,9
train,36681,8
train,51430,9
train,6354,8
train,27235,7
train,3907,5
train,28646,1
train,4087,6
train,30216,5
train,40239,7
train,23440,8
train,24319,9
train,43981,0
train,50193,6
train,10697,6
train,27143,3
train,7845,5
train,50878,7
train,45950,4
train,29787,5
train,10316,5
train,43406,1
train,41195,1
train,42802,9
train,23007,5
train,36911,3
train,25398,3
train,9699,0
train,1744,4
train,47467,2
train,58164,4
train,30297,2
train,28093,8
train,41749,4
train,47095,3
train,7039,1
train,44988,1
train,53813,7
train,51278,5
train,58669,6
train,18900,2
train,3243,8
train,38267,8
train,54448,2
train,16450,4
train,19364,5
train,30897,3
train,32446,1
train,46501,7
train,5079,5
train,45868,2
train,9475,6
train,25299,7
train,58654,3
train,33525,7
train,6350,3
train,18780,2
train,27658,0
train,50805,7
train,16544,2
train,11401,6
train,41308,6
train,41543,3
train,19749,1
train,8838,0
train,18253,0
train,13722,2
train,2303,8
train,33975,6
train,29115,4
train,19293,6
train,12756,5
train,39902,8
train,13204,8
train,28669,4
train,27592,7
train,8246,3
train,59867,5
train,15647,3
train,32604,7
train,18382,9
train,31837,2
train,4396,7
train,57984,8
train,4057,5
train,52551,6
train,22105,4
train,903,0
train,31449,2
train,49566,3
train,5618,2
train,15064,0
train,21062,7
train,330,3
train,46115,2
train,36050,9
train,19452,1
train,28595,8
train,54562,5
train,49934,4
train,28063,1
train,36506,0
train,51001,2
train,34590,1
train,21510,9
train,49622,0
train,54401,5
train,10622,5
train,43360,2
train,42193,5
train,40457,0
train,39178,8
train,38734,8
train,46054,0
train,41388,0
train,8112,1
train,4903,1
train,7258,9
train,22828,1
train,4362,9
train,51894,4
train,417,5
train,9669,7
train,29564,0
train,16442,5
train,43208,3
train,56631,2
train,53076,2
train,5638,2
train,43960,0
train,21865,5
train,42316,1
train,58847,4
train,39656,0
train,16877,9
train,44797,2
train,22843,4
train,59104,3
train,15143,5
train,38443,9
train,40603,7
train,10828,7
train,12116,7
train,3035,0
train,16397,4
train,23759,3
train,28476,3
train,424,9
train,39428,9
train,28348,8
train,12052,4
train,23526,7
train,22743,7
train,20606,3
train,6291,3
train,44976,5
train,5504,7
train,18423,2
train,35967,8
train,6573,8
train,56866,8
train,55211,8
train,54251,9
train,13184,0
train,15547,3
train,39838,1
train,3558,5
train,46856,3
train,57095,1
train,43510,5
train,25764,1
train,9588,7
train,16558,5
train,385,2
train,10270,6
train,45725,2
train,26884,6
train,55605,4
train,22019,2
train,26522,2
train,49989,0
train,44566,7
train,16737,5
train,46763,0
train,47486,6
train,48177,1
train,42014,2
train,16625,4
train,14616,4
train,48439,0
train,49482,1
train,40067,7
train,41347,8
train,57819,4
train,19261,0
train,28241,8
train,853,7
train,15651,3
train,20744,6
train,11610,6
train,11133,0
train,7814,8
train,38780,6
train,30656,8
train,47338,1
train,25647,8
train,19391,2
train,46462,7
train,41893,8
train,7110,9
train,6414,2
train,15207,4
train,29340,4
train,54923,6
train,21068,1
train,10174,6
train,53373,2
train,49353,6
train,10061,8
train,58638,2
train,11148,4
train,44505,7
train,53117,0
train,4685,1
train,29143,1
train,11123,9
train,2194,8
train,29238,7
train,56514,2
train,55629,2
train,33364,2
train,44019,2
train,53497,5
train,34084,0
train,47668,1
train,51608,2
train,27640,3
train,40960,8
train,192,0
train,9473,0
train,57691,6
train,1247,8
train,20787,1
train,48886,6
train,50725,4
train,4359,3
train,51381,3
train,50893,6
train,31247,2
train,55616,6
train,1827,4
train,48519,7
train,101,7
train,20409,1
train,50986,2
train,22887,5
train,21114,5
train,55496,9
train,9376,5
train,20025,8
train,52916,1
train,56205,9
train,46583,1
train,32015,4
train,33143,4
train,29749,5
train,50472,1
train,34579,5
train,3177,1
train,54268,8
train,8351,1
train,28072,0
train,18585,2
train,26691,3
train,30996,1
train,49448,6
train,21971,0
train,43635,2
train,28263,3
train,41339,7
train,5381,4
train,51497,6
train,38406,2
train,37763,2
train,53317,9
train,16996,4
train,7049,6
train,40618,3
train,9080,3
train,52105,0
train,5343,8
train,47265,6
train,58203,1
train,51928,5
train,11339,2
train,52324,9
train,15769,3
train,41844,7
train,23056,1
train,45149,2
train,13577,3
train,51057,0
train,23188,4
train,44493,1
train,38247,9
train,47977,1
train,47206,7
train,32302,6
train,4849,0
train,35890,3
train,3851,1
train,43873,9
train,46343,2
train,3353,8
train,14824,7
train,57370,4
train,9275,9
train,44359,1
train,39976,4
train,28235,1
train,50633,5
train,15924,6
train,41662,2
train,24194,9
train,36251,0
train,50792,7
train,19481,6
train,53452,4
train,15582,0
train,57433,1
train,29878,9
train,50269,7
train,37135,3
train,27924,1
train,30973,7
train,30124,3
train,34705,1
train,20737,3
train,22614,4
train,40684,7
train,6918,9
train,48729,0
train,26498,6
train,34251,0
train,49912,3
train,3438,8
train,9941,9
train,23483,3
train,11089,9
train,19966,1
train,49798,9
train,55777,6
train,50902,8
train,3245,6
train,48306,1
train,33031,4
train,7435,1
train,42406,1
train,50290,2
train,9580,6
train,33192,0
train,8675,8
train,39774,3
train,55037,4
train,58891,1
train,8159,0
train,50492,0
train,26100,8
train,45061,0
train,43985,5
train,15824,7
train,40795,7
train,56656,1
train,8711,4
train,19351,8
train,59775,6
train,30106,6
train,28816,0
train,5928,2
train,47775,7
train,58417,4
train,42319,2
train,335,5
train,9314,8
train,37333,9
train,682,4
train,5014,7
train,29297,7
train,54161,2
train,12958,8
train,49855,1
train,4177,5
train,24569,6
train,21484,5
train,28906,1
train,10054,8
train,57431,7
train,7270,5
train,10274,8
train,13468,6
train,20347,3
train,31373,2
train,777,8
train,29215,1
train,41333,1
train,20513,9
train,19877,8
train,6706,3
train,51196,3
train,25576,0
train,12723,0
train,23600,6
train,40163,4
train,32403,9
train,15168,7
train,15964,1
train,39898,0
train,9098,2
train,49618,8
train,50691,2
train,21297,9
train,2527,5
train,35388,5
train,48549,2
train,39074,2
train,7722,4
train,42864,5
train,22881,2
train,43810,9
train,17089,2
train,46565,7
train,58276,1
train,29228,4
train,43555,7
train,41898,1
train,59335,4
train,6784,3
train,20865,1
train,59171,6
train,20422,7
train,22372,4
train,6756,7
train,40046,7
train,10064,8
train,16621,9
train,24850,3
train,32108,4
train,22872,6
train,36658,5
train,4888,7
train,4439,4
train,7055,0
train,24078,0
train,28035,1
train,11511,3
train,19776,1
train,3098,6
train,27834,2
train,13482,7
train,22306,0
train,5924,9
train,28306,8
train,2458,4
train,40660,4
train,50700,2
train,23424,5
train,53345,3
train,30131,3
train,12126,7
train,50247,2
train,7099,7
train,29790,5
train,29993,9
train,31389,0
train,56812,5
train,49881,4
train,52986,6
train,9135,2
train,6883,0
train,44370,1
train,49387,0
train,43578,1
train,20249,3
train,30570,2
train,29321,4
train,29894,3
train,47797,0
train,55999,3
train,710,1
train,17670,6
train,27594,5
train,23380,0
train,46540,2
train,52766,0
train,33774,1
train,39739,2
train,37000,4
train,43771,7
train,49784,5
train,20059,4
train,50170,8
train,45209,6
train,3657,8
train,745,0
train,11366,9
train,25464,8
train,7665,8
train,55009,9
train,46920,4
train,1958,7
train,18195,8
train,2865,7
train,45409,6
train,22638,5
train,45919,5
train,11526,0
train,35842,7
train,19459,0
train,19589,5
train,56230,9
train,9741,4
train,36041,7
train,4340,0
train,48328,6
train,35302,0
train,51855,5
train,34516,7
train,26729,6
train,48400,5
train,53930,1
train,52546,9
train,31986,9
train,10666,3
train,47699,6
train,36683,5
train,37417,8
train,1933,7
train,15514,4
train,58680,9
train,16215,5
train,57729,9
train,8932,0
train,53608,2
train,1142,9
train,13440,8
train,22719,9
train,50400,1
train,52535,9
train,14055,8
train,15123,2
train,24852,8
train,10690,4
train,53739,4
train,21646,9
train,42459,9
train,53901,2
train,34374,6
train,48583,1
train,24231,3
train,44483,6
train,59513,7
train,33822,9
train,21137,0
train,25776,8
train,19802,2
train,5202,0
train,34500,8
train,46471,6
train,13445,3
train,16528,7
train,44960,4
train,21321,1
train,34637,9
train,30295,6
train,47687,6
train,21081,6
train,55487,0
train,38536,3
train,437,5
train,17463,9
train,11287,1
train,27102,4
train,54091,5
train,24433,2
train,2812,2
train,48467,4
train,29229,8
train,49310,0
train,12564,4
train,17104,3
train,43790,1
train,43051,8
train,18503,3
train,49279,8
train,2213,7
train,31216,2
train,4459,9
train,49911,2
train,47855,0
train,1118,1
train,17117,7
train,43330,3
train,32675,1
train,31365,1
train,34002,5
train,4718,0
train,27350,6
train,51193,7
train,39130,6
train,43245,5
train,32439,1
train,13514,1
train,59319,0
train,33878,2
train,44414,2
train,17790,3
train,6864,1
train,18814,3
train,29896,3
train,47997,0
train,6253,4
train,47044,4
train,5317,0
train,3102,2
train,1677,3
train,27686,4
train,52266,5
train,22788,1
train,10689,0
train,24426,5
train,53039,3
train,54547,6
train,15885,1
train,55912,2
train,2732,4
train,49378,3
train,9622,1
train,8994,6
train,57425,8
train,31429,2
train,57579,1
train,34147,9
train,6807,6
train,46502,8
train,45072,5
train,17681,8
train,36122,9
train,28434,5
train,36278,6
train,9664,3
train,48759,7
train,31933,2
train,34841,5
train,3503,4
train,46063,8
train,36424,5
train,30926,0
train,13657,1
train,15562,9
train,36693,2
train,19151,6
train,25825,1
train,8072,6
train,9889,9
train,38846,2
train,25917,6
train,44144,8
train,24010,2
train,33167,6
train,32273,0
train,47732,4
train,24721,1
train,33027,2
train,55946,8
train,25312,0
train,13827,3
train,50013,8
train,47285,4
train,41831,8
train,32246,1
train,26950,9
train,28843,4
train,13648,1
train,37148,5
train,22835,3
train,34228,2
train,3525,5
train,46069,0
train,35040,5
train,43650,9
train,3389,9
train,14009,5
train,2098,3
train,1221,9
train,11795,2
train,5648,1
train,32805,8
train,51729,6
train,40209,6
train,46280,3
train,28795,2
train,57167,5
train,37768,8
train,37008,1
train,52253,6
train,46174,7
train,2239,6
train,29043,2
train,50567,4
train,463,5
train,22649,6
train,45722,0
train,11462,0
train,11948,0
train,34468,4
train,10079,8
train,15470,2
train,7159,5
train,19467,4
train,11194,9
train,18666,9
train,12268,8
train,7967,5
train,18552,9
train,31796,7
train,9936,8
train,280,9
train,13672,9
train,1253,4
train,21167,9
train,26651,3
train,52597,0
train,1996,5
train,18270,1
train,8422,1
train,52539,3
train,56067,3
train,48392,3
train,6458,1
train,53925,4
train,46562,0
train,21923,1
train,28242,0
train,41782,6
train,3586,6
train,300,8
train,16441,1
train,59289,1
train,34904,0
train,24154,4
train,25549,1
train,13526,9
train,20396,4
train,30511,3
train,45124,5
train,50093,6
train,50137,7
train,50146,6
train,18938,5
train,27601,9
train,11298,2
train,49627,3
train,39017,1
train,21797,4
train,32700,7
train,57011,4
train,20501,7
train,46824,5
train,17979,7
train,38403,2
train,54742,4
train,37931,6
train,40857,9
train,7300,8
train,24199,9
train,35432,0
train,57551,9
train,21273,0
train,39711,1
train,22947,9
train,27624,6
train,49033,8
train,6551,6
train,40201,1
train,9536,4
train,26430,9
train,30073,1
train,32960,3
train,26184,0
train,44746,9
train,16729,2
train,3400,3
train,34632,1
train,26527,9
train,26899,2
train,44011,6
train,26156,3
train,33198,8
train,15284,5
train,26396,6
train,51495,5
train,41643,0
train,28385,0
train,5302,7
train,43596,9
train,25760,4
train,27941,5
train,17461,5
train,25,2
train,10683,4
train,32083,1
train,49198,1
train,49354,0
train,23193,8
train,57738,1
train,25259,5
train,53981,6
train,55217,0
train,6768,0
train,38248,9
train,9641,8
train,19987,7
train,47731,2
train,48860,1
train,39132,5
train,25723,5
train,27466,0
train,23259,7
train,54616,3
train,29516,7
train,19864,8
train,14530,0
train,36672,8
train,18596,4
train,24170,5
train,53815,3
train,34892,9
train,6092,9
train,27054,7
train,15119,0
train,4775,1
train,22316,9
train,22689,1
train,24541,0
train,5139,3
train,33587,3
train,54388,1
train,5366,4
train,22170,1
train,42381,6
train,43628,7
train,3332,3
train,30812,6
train,38746,0
train,40285,4
train,21714,3
train,44519,3
train,49352,5
train,13195,8
train,1427,2
train,56202,5
train,30668,0
train,39529,4
train,1003,1
train,17911,3
train,18500,9
train,11901,1
train,3967,9
train,55725,6
train,1351,3
train,11703,7
train,29460,6
train,41669,1
train,39003,7
train,10124,8
train,19745,6
train,38432,1
train,43795,6
train,37471,7
train,11118,5
train,2412,5
train,51035,1
train,17237,8
train,11020,7
train,33203,2
train,38981,1
train,42354,7
train,13927,6
train,10203,0
train,30928,5
train,19861,0
train,27918,8
train,16504,3
train,51133,3
train,41552,3
train,26124,6
train,56754,3
train,59920,2
train,17432,2
train,42640,9
train,46345,2
train,1860,1
train,54823,6
train,11582,9
train,36668,4
train,6824,7
train,58254,2
train,16245,6
train,29654,2
train,21670,2
train,43067,3
train,38903,0
train,13286,0
train,37227,4
train,16070,6
train,48235,4
train,28248,4
train,51487,8
train,56166,9
train,47437,6
train,36622,8
train,58243,9
train,47798,6
train,21616,9
train,16357,5
train,54615,3
train,48342,4
train,2698,5
train,53298,0
train,32873,7
train,29125,1
train,24516,5
train,52390,8
train,22554,2
train,12605,0
train,20428,5
train,32721,1
train,44227,1
train,5568,7
train,15199,7
train,31665,2
train,48741,1
train,48607,0
train,38908,7
train,45629,5
train,21169,7
train,34406,4
train,54950,8
train,34967,3
train,38255,7
train,45446,7
train,30633,9
train,7612,2
train,8163,3
train,46028,2
train,17420,7
train,47320,5
train,45473,3
train,15893,5
train,12483,3
train,6948,2
train,8189,1
train,18536,6
train,24299,3
train,10137,3
train,6865,4
train,19872,0
train,15620,6
train,25072,8
train,9619,6
train,34287,2
train,1752,5
train,43765,9
train,48774,5
train,48974,3
train,26383,3
train,36261,9
train,12494,8
train,13067,6
train,50869,8
train,55076,5
train,58452,2
train,5858,3
train,44754,6
train,58089,3
train,11868,1
train,59963,7
train,14314,1
train,22952,1
train,56821,2
train,41869,6
train,13986,4
train,43081,0
train,1970,5
train,38701,9
train,38444,6
train,38855,4
train,26812,1
train,4226,7
train,9360,2
train,43516,4
train,23040,2
train,44395,2
train,46181,1
train,42941,8
train,16072,5
train,36065,5
train,33254,0
train,57352,8
train,7302,5
train,42593,7
train,10353,5
train,41696,0
train,47162,6
train,31342,6
train,27519,9
train,24668,4
train,13810,7
train,11541,0
train,15998,7
train,47976,0
train,6702,1
train,25172,3
train,24957,6
train,50423,0
train,48903,4
train,2197,1
train,28099,1
train,30773,4
train,42366,2
train,56929,0
train,31284,7
train,15288,0
train,34769,9
train,50167,2
train,55694,3
train,37088,9
train,46355,9
train,6344,2
train,59575,2
train,29114,1
train,9924,8
train,57296,0
train,57252,0
train,45849,8
train,29715,1
train,9539,5
train,24275,5
train,32792,2
train,53932,0
train,44690,6
train,21784,2
train,24454,9
train,43481,4
train,30421,6
train,22140,9
train,27233,2
train,54627,9
train,43128,1
train,41444,4
train,41232,7
train,39673,2
train,44611,2
train,34836,5
train,24488,6
train,59068,7
train,52774,2
train,53322,2
train,13343,8
train,47626,0
train,6973,0
train,57137,7
train,22793,2
train,59455,9
train,38784,2
train,36684,3
train,18035,1
train,11781,3
train,58663,5
train,38535,6
train,38570,1
train,20657,8
train,22926,1
train,43892,6
train,32657,4
train,52584,6
train,1387,0
train,40788,2
train,5255,5
train,55687,4
train,29965,8
train,19981,8
train,35320,0
train,12222,3
train,11085,7
train,51713,9
train,13366,0
train,57843,0
train,3079,7
train,26938,6
train,29837,2
train,40756,5
train,39213,0
train,34868,5
train,37432,0
train,22046,0
train,19021,6
train,14917,5
train,41394,8
train,36484,0
train,19796,0
train,47772,6
train,21729,4
train,3588,9
train,1286,9
train,46675,5
train,7446,7
train,32088,4
train,47823,4
train,11478,8
train,32080,5
train,8635,3
train,1370,9
train,7666,3
train,21766,0
train,39867,4
train,15743,3
train,9236,5
train,40469,9
train,33494,5
train,53805,1
train,942,7
train,43521,9
train,51163,8
train,53946,5
train,13841,4
train,7696,1
train,39936,1
train,18009,9
train,44102,6
train,6900,1
train,55546,4
train,58712,4
train,44618,9
train,8248,7
train,2367,7
train,30557,6
train,10465,5
train,58773,1
train,5270,3
train,24539,3
train,57679,3
train,55285,4
train,35583,4
train,33608,0
train,55394,5
train,25262,8
train,20837,5
train,58434,1
train,6106,3
train,23461,8
train,49215,8
train,57775,1
train,35747,5
train,3578,2
train,56478,9
train,40517,3
train,20072,3
train,19009,0
train,15182,1
train,2231,8
train,5376,8
train,41098,4
train,59606,1
train,56247,4
train,50929,0
train,17415,4
train,59476,2
train,23256,6
train,36179,8
train,1846,7
train,37385,4
train,27042,5
train,43690,8
train,34730,0
train,9330,5
train,55282,4
train,20823,8
train,52101,3
train,25408,0
train,8108,0
train,11283,4
train,6579,7
train,14959,0
train,53424,0
train,966,3
train,28307,8
train,33522,0
train,34859,6
train,17906,3
train,14426,4
train,10127,2
train,5533,4
train,17591,9
train,28132,3
train,9839,8
train,57080,8
train,20899,1
train,7171,9
train,14801,6
train,57073,0
train,44329,5
train,29572,5
train,2448,1
train,18625,6
train,58418,2
train,49846,7
train,31622,8
train,49675,0
train,49257,7
train,50956,1
train,53466,5
train,19518,3
train,26693,4
train,31577,6
train,38124,2
train,35178,4
train,50399,5
train,49278,0
train,38610,5
train,6293,3
train,3623,6
train,48668,8
train,49904,9
train,36242,3
train,28701,2
train,21501,7
train,21602,0
train,44864,1
train,12874,3
train,33179,8
train,37210,2
train,26958,6
train,57670,9
train,5962,6
train,21312,8
train,58695,6
train,30543,8
train,59069,4
train,24486,6
train,24794,2
train,45921,1
train,25111,5
train,29540,0
train,23112,8
train,8489,0
train,10917,6
train,8491,1
train,19321,2
train,52357,9
train,46119,7
train,34685,3
train,57935,6
train,46707,2
train,41396,8
train,5627,0
train,45577,0
train,1820,9
train,30430,1
train,16164,5
train,58510,0
train,31771,1
train,6136,8
train,16350,9
train,12950,2
train,31606,6
train,34832,3
train,48471,6
train,33678,8
train,45717,8
train,44745,1
train,8880,3
train,30603,9
train,23448,8
train,888,7
train,11417,5
train,56150,4
train,29234,9
train,2588,6
train,38693,0
train,18520,6
train,6672,4
train,19041,8
train,2310,0
train,15661,5
train,28729,8
train,10910,6
train,27528,1
train,3713,3
train,7153,2
train,4136,3
train,44520,2
train,27575,4
train,36603,7
train,19811,0
train,8404,9
train,50246,8
train,35148,0
train,52712,9
train,5438,2
train,36082,3
train,45709,4
train,20910,2
train,26815,9
train,13329,7
train,23051,7
train,13899,8
train,44207,1
train,3669,5
train,20700,9
train,6546,4
train,36917,3
train,14320,3
train,59658,1
train,48661,0
train,42671,2
train,8764,8
train,59622,8
train,55309,7
train,13678,9
train,14601,7
train,59955,3
train,7639,5
train,5742,5
train,3566,9
train,30275,0
train,27535,2
train,31448,4
train,59138,7
train,56581,3
train,16586,5
train,30338,6
train,24761,4
train,16723,4
train,51994,5
train,3142,2
train,30538,7
train,12720,3
train,46660,9
train,9016,6
train,35078,4
train,15751,2
train,37366,4
train,27063,1
train,22558,2
train,25608,6
train,16496,7
train,41770,0
train,22190,6
train,20849,3
train,18374,9
train,52371,3
train,28887,8
train,7659,5
train,55126,9
train,45200,7
train,8060,9
train,27330,1
train,47282,4
train,47663,6
train,59347,6
train,3796,9
train,46710,2
train,37261,0
train,20820,9
train,24572,7
train,41103,1
train,46666,3
train,20681,0
train,10623,9
train,9896,9
train,28491,5
train,28041,0
train,47595,7
train,43211,2
train,35354,3
train,27138,2
train,31020,0
train,23710,9
train,5350,9
train,10480,9
train,5281,8
train,30544,5
train,24742,7
train,36629,9
train,54987,2
train,29342,8
train,39418,9
train,52499,4
train,48907,6
train,34818,9
train,59552,7
train,56774,9
train,57216,8
train,37853,7
train,4844,5
train,31140,3
train,18367,7
train,46421,6
train,26724,3
train,5300,7
train,46087,9
train,48046,5
train,39512,1
train,8253,0
train,41573,3
train,7594,2
train,34522,6
train,45501,2
train,3092,4
train,47577,8
train,35153,2
train,35069,1
train,23914,0
train,43613,0
train,18233,4
train,55328,4
train,5599,5
train,17837,4
train,37996,3
train,46001,2
train,33207,6
train,5664,9
train,41370,5
train,21704,7
train,51046,4
train,6731,8
train,10999,2
train,34923,1
train,12015,2
train,48092,8
train,40759,5
train,50068,1
train,12208,7
train,36801,1
train,6966,3
train,28347,2
train,1206,5
train,44425,2
train,21904,7
train,32856,2
train,35889,5
train,35711,7
train,34363,3
train,9088,8
train,390,2
train,32233,5
train,53734,0
train,44442,8
train,25381,2
train,46760,2
train,17324,3
train,29512,7
train,40566,2
train,58195,8
train,35854,9
train,15662,0
train,20944,2
train,2061,6
train,22488,3
train,20716,5
train,35568,3
train,41148,7
train,54650,4
train,52658,4
train,29283,0
train,2624,0
train,52875,5
train,3436,4
train,36814,1
train,32174,7
train,2988,1
train,51466,0
train,16766,6
train,36876,7
train,7668,1
train,23804,8
train,38811,3
train,41218,8
train,41676,6
train,30950,6
train,35236,1
train,34872,8
train,1439,8
train,31040,6
train,7704,8
train,46147,7
train,35373,2
train,44515,4
train,22289,8
train,56503,7
train,26433,3
train,9560,7
train,45790,1
train,52161,0
train,20378,3
train,38547,2
train,32165,0
train,13756,7
train,19149,2
train,18522,3
train,22374,3
train,23176,1
train,22864,2
train,46931,0
train,57503,2
train,47673,6
train,44837,3
train,16460,0
train,690,5
train,47942,8
train,12851,6
train,41442,6
train,33598,5
train,31256,9
train,25496,1
train,38160,1
train,53101,0
train,48563,3
train,16657,3
train,48504,9
train,5039,6
train,15210,3
train,33018,8
train,42750,4
train,2956,9
train,46161,9
train,16040,8
train,19679,5
train,36539,5
train,42188,2
train,17468,5
train,26308,0
train,23933,4
train,16735,1
train,17175,3
train,56575,1
train,25846,4
train,18737,0
train,43922,3
train,25253,1
train,59187,0
train,2021,3
train,15416,4
train,10760,3
train,54651,1
train,42283,7
train,55519,8
train,8197,8
train,24472,4
train,43998,7
train,3040,8
train,21760,2
train,27168,7
train,14902,8
train,20338,4
train,12524,7
train,58271,6
train,3797,1
train,19024,9
train,933,7
train,55444,7
train,14244,2
train,58681,7
train,40145,9
train,46,8
train,22062,2
train,21263,4
train,58303,6
train,29627,8
train,14614,8
train,14705,0
train,55548,3
train,57913,9
train,19166,0
train,34087,2
train,24967,9
train,36102,9
train,336,4
train,33934,6
train,2463,3
train,15257,6
train,6769,9
train,57422,4
train,51933,8
train,25820,3
train,22055,6
train,53609,3
train,19547,0
train,10335,6
train,6416,3
train,43227,1
train,42077,7
train,24021,5
train,34470,1
train,47908,1
train,2104,2
train,47682,7
train,45742,6
train,33965,1
train,15426,4
train,57826,8
train,20423,3
train,40738,5
train,9423,1
train,54590,8
train,51929,4
train,22730,3
train,45438,1
train,52587,7
train,5321,0
train,24510,0
train,23601,0
train,30537,9
train,59752,6
train,57677,4
train,51879,7
train,46627,0
train,11307,6
train,12448,6
train,2283,2
train,26681,8
train,30984,3
train,28229,7
train,15812,5
train,7021,8
train,57100,9
train,40708,8
train,46272,6
train,45816,1
train,1250,9
train,29035,6
train,16050,1
train,36678,9
train,43615,1
train,2757,6
train,58310,7
train,55991,0
train,48192,8
train,16253,9
train,25600,1
train,20579,7
train,10307,6
train,13384,2
train,25255,4
train,11557,9
train,47125,9
train,43249,1
train,35315,2
train,12800,5
train,7852,7
train,58821,2
train,55814,9
train,16798,8
train,32659,5
train,18216,2
train,10705,0
train,58833,4
train,56620,4
train,59125,6
train,40635,1
train,55774,4
train,37598,1
train,22006,6
train,34000,4
train,14361,3
train,54194,7
train,34364,3
train,35076,2
train,50972,7
train,31266,5
train,16326,0
train,57698,3
train,27542,7
train,12857,8
train,361,3
train,49462,9
train,16124,2
train,4065,9
train,57475,2
train,11034,3
train,57292,7
train,20353,6
train,24884,7
train,46951,2
train,16597,8
train,59683,5
train,2388,8
train,41209,1
train,10258,5
train,43802,7
train,29273,5
train,44401,2
train,39188,6
train,36020,8
train,28181,8
train,6334,9
train,18217,8
train,22928,1
train,5348,8
train,35305,6
train,51857,6
train,5685,5
train,7460,6
train,53508,8
train,393,8
train,33410,6
train,42389,0
train,35736,6
train,51907,8
train,7997,6
train,7047,5
train,50639,8
train,21186,4
train,56571,5
train,9112,8
train,16087,1
train,49465,8
train,45029,1
train,15140,5
train,2498,6
train,38204,9
train,6605,2
train,12415,1
train,20553,3
train,5275,0
train,57272,1
train,34848,2
train,31215,9
train,58125,7
train,21,0
train,8573,2
train,51701,3
train,52685,6
train,59473,5
train,46099,8
train,59615,0
train,423,9
train,20973,8
train,40979,6
train,48915,2
train,28834,1
train,47675,8
train,36545,7
train,23369,1
train,4477,6
train,46621,3
train,31516,6
train,49475,2
train,7133,5
train,22722,4
train,29116,8
train,13779,0
train,11337,1
train,49606,1
train,58306,0
train,56100,2
train,1959,3
train,9322,0
train,39338,2
train,31437,6
train,43139,5
train,9640,8
train,42833,8
train,3296,9
train,44459,4
train,27339,6
train,43966,9
train,26705,7
train,34755,5
train,4181,0
train,33574,4
train,18813,9
train,59365,2
train,38616,4
train,8339,5
train,19724,1
train,6732,6
train,27885,1
train,17155,3
train,40750,8
train,16952,2
train,21519,5
train,17968,0
train,3691,0
train,6912,3
train,7022,1
train,19433,7
train,48610,7
train,31127,0
train,55260,5
train,17322,0
train,3439,4
train,28127,6
train,4252,4
train,14776,2
train,7364,0
train,1735,2
train,37081,1
train,15581,0
train,33280,7
train,8236,3
train,3665,8
train,53027,0
train,38608,5
train,14221,1
train,58457,0
train,5398,0
train,32857,9
train,31769,0
train,31208,6
train,53274,7
train,43942,3
train,58453,7
train,40496,4
train,14934,9
train,12477,0
train,21597,2
train,36138,0
train,41056,0
train,47720,3
train,30819,6
train,10005,0
train,46553,2
train,7769,7
train,649,6
train,2566,5
train,54245,4
train,17559,8
train,46596,0
train,4059,6
train,15310,4
train,19725,8
train,41045,5
train,32528,1
train,21382,2
train,53129,7
train,10117,2
train,23058,2
train,54948,6
train,18573,5
train,188,8
train,45066,0
train,44402,9
train,26232,7
train,40111,8
train,49158,2
train,23817,8
train,5737,5
train,9570,1
train,31666,2
train,53492,4
train,59883,3
train,19193,7
train,33373,2
train,24917,7
train,21053,2
train,2042,3
train,10247,9
train,36494,4
train,7073,5
train,43348,6
train,34701,3
train,10002,7
train,6138,2
train,38683,1
train,48498,3
train,54773,1
train,13362,9
train,20230,4
train,24918,1
train,1621,8
train,12761,3
train,20868,3
train,38046,9
train,36215,1
train,10380,0
train,27097,4
train,48977,1
train,18781,1
train,39226,6
train,34809,4
train,6761,4
train,56728,1
train,43782,3
train,11770,4
train,4533,6
train,43444,1
train,5193,3
train,36292,2
train,20885,5
train,47466,0
train,34416,0
train,49060,6
train,52243,4
train,52410,2
train,31961,9
train,17745,3
train,32105,8
train,46464,2
train,12233,7
train,51966,4
train,42920,8
train,6219,6
train,9051,9
train,27380,0
train,25458,7
train,19548,3
train,51665,8
train,51122,0
train,5292,5
train,12002,6
train,55495,1
train,12813,7
train,37819,7
train,37048,9
train,31148,2
train,1804,8
train,37968,0
train,29220,2
train,16236,1
train,12905,6
train,53127,6
train,11926,9
train,21833,5
train,21260,0
train,31849,7
train,51827,9
train,3204,5
train,46991,6
train,54685,0
train,2595,9
train,54587,3
train,8184,3
train,16417,8
train,22658,0
train,44650,1
train,46453,5
train,44623,7
train,58009,7
train,42158,2
train,45410,6
train,51765,7
train,12084,8
train,37278,8
train,30004,6
train,32476,3
train,57756,6
train,3653,9
train,5819,8
train,47059,3
train,15222,9
train,44897,0
train,3251,8
train,8435,5
train,33804,2
train,32235,9
train,53928,0
train,3374,9
train,18644,8
train,41759,5
train,21106,8
train,18351,7
train,20190,5
train,15326,9
train,2029,3
train,7598,6
train,13937,3
train,52536,8
train,9597,4
train,45896,8
train,40040,0
train,13373,6
train,5487,0
train,32095,7
train,55852,8
train,37905,6
train,46680,0
train,39846,1
train,45638,2
train,26364,3
train,9466,3
train,17475,9
train,4934,6
train,45202,8
train,58001,3
train,15954,7
train,15381,9
train,18100,7
train,57883,6
train,4288,0
train,25664,9
train,28437,7
train,18192,2
train,15977,1
train,5280,7
train,39852,3
train,21303,2
train,8169,3
train,16317,6
train,25592,8
train,37985,2
train,7884,5
train,16720,1
train,43327,3
train,8648,1
train,27434,2
train,22667,7
train,14573,7
train,9005,0
train,14544,5
train,37118,3
train,31659,9
train,4818,6
train,53140,1
train,45751,4
train,52631,4
train,36606,9
train,35595,1
train,57079,9
train,39634,4
train,59898,0
train,35953,5
train,31759,3
train,40039,0
train,15404,6
train,34430,4
train,20593,1
train,34837,7
train,46188,5
train,26659,7
train,41720,3
train,24209,1
train,9867,4
train,38019,5
train,9694,8
train,46817,8
train,225,8
train,8494,3
train,15023,4
train,37167,3
train,8000,0
train,15579,5
train,11978,3
train,6788,8
train,7831,1
train,10549,4
train,41716,4
train,45415,9
train,29051,7
train,52275,6
train,30094,2
train,7443,5
train,34401,0
train,32612,1
train,23149,7
train,20374,5
train,47247,0
train,42041,3
train,3620,7
train,14800,2
train,31041,9
train,6539,3
train,41948,9
train,33764,9
train,59143,0
train,52572,4
train,49841,3
train,17972,9
train,38312,9
train,7946,9
train,4499,7
train,19503,6
train,47752,0
train,52686,5
train,52077,7
train,42280,2
train,32416,7
train,8155,9
train,37960,7
train,42892,7
train,25648,9
train,1371,0
train,51639,5
train,29706,0
train,4644,1
train,18454,2
train,36923,4
train,15518,7
train,24644,7
train,296,0
train,57441,3
train,14458,2
train,30602,4
train,34647,7
train,29097,3
train,8206,6
train,16513,5
train,31663,1
train,43247,0
train,16301,8
train,54123,1
train,48280,8
train,17384,9
train,11474,9
train,48061,1
train,48868,3
train,3052,4
train,17354,3
train,10477,2
train,36686,6
train,36763,7
train,35347,2
train,47364,7
train,31568,6
train,20607,8
train,59284,6
train,23138,2
train,49126,8
train,2735,3
train,37310,6
train,28892,8
train,34466,6
train,59641,2
train,18898,4
train,52185,0
train,23544,5
train,29604,8
train,33673,0
train,20159,9
train,10484,6
train,20645,0
train,16333,5
train,53823,1
train,54783,0
train,15602,9
train,26101,6
train,37651,9
train,51783,9
train,4223,3
train,8912,0
train,19805,6
train,228,3
train,16224,1
train,38485,3
train,3481,9
train,732,2
train,50823,6
train,13356,9
train,36467,0
train,51094,8
train,4475,5
train,30121,4
train,59321,4
train,41193,1
train,3015,0
train,19418,4
train,5622,0
train,8946,3
train,14433,4
train,35726,6
train,41773,3
train,707,9
train,56331,4
train,35210,6
train,14064,4
train,9745,6
train,13351,6
train,58466,1
train,27761,2
train,37625,3
train,29224,3
train,12032,8
train,26228,5
train,10240,0
train,46792,1
train,11149,8
train,23150,4
train,5561,6
train,13807,0
train,12285,4
train,3183,4
train,784,8
train,14560,1
train,14104,7
train,57246,9
train,6263,9
train,35884,4
train,35638,2
train,13966,8
train,1197,1
train,35067,0
train,37020,2
train,6378,7
train,43612,4
train,12861,2
train,5190,3
train,1120,8
train,12352,2
train,39775,0
train,41593,2
train,49938,3
train,28822,1
train,51422,0
train,28519,0
train,19449,5
train,13570,7
train,36384,4
train,2126,6
train,52689,8
train,18947,5
train,50157,0
train,45622,6
train,17657,6
train,22084,6
train,23120,0
train,42061,7
train,31295,9
train,15197,5
train,40696,1
train,7488,8
train,9049,6
train,4464,4
train,3947,6
train,7969,0
train,13620,8
train,29218,4
train,38937,2
train,32607,8
train,58865,1
train,127,4
train,33538,0
train,15689,7
train,1645,0
train,3208,2
train,58346,7
train,13245,6
train,55879,0
train,21435,2
train,49651,6
train,20101,5
train,4162,1
train,37644,8
train,11980,5
train,22655,9
train,44895,9
train,20119,6
train,30813,3
train,54928,5
train,55179,3
train,9145,4
train,22912,0
train,26916,7
train,30250,7
train,9181,1
train,45691,7
train,4111,2
train,11182,5
train,26935,8
train,28848,7
train,45985,8
train,42348,1
train,46032,9
train,56250,8
train,5081,5
train,28446,9
train,11665,3
train,16368,1
train,10033,4
train,10113,2
train,20662,0
train,15165,9
train,55456,6
train,591,2
train,29309,7
train,24696,0
train,23531,5
train,16419,7
train,56371,5
train,459,3
train,2301,1
train,58186,8
train,39549,9
train,52322,7
train,8379,1
train,34342,6
train,59759,4
train,5058,1
train,2070,8
train,288,7
train,59330,5
train,34962,9
train,48845,1
train,49687,5
train,44422,1
train,5096,0
train,40621,4
train,49979,4
train,8557,3
train,21728,6
train,35263,4
train,41610,5
train,53170,8
train,19373,2
train,5471,3
train,8849,7
train,28932,2
train,58907,7
train,4911,0
train,7805,9
train,2761,8
train,3406,1
train,52443,7
train,14743,9
train,11742,0
train,57954,6
train,18403,6
train,8367,6
train,22498,7
train,3216,5
train,2670,2
train,815,5
train,161,2
train,51404,0
train,29031,9
train,23011,5
train,4751,1
train,16911,3
train,33197,2
train,37533,2
train,43769,2
train,51029,0
train,1558,2
train,43703,4
train,48933,2
train,2355,1
train,49779,6
train,45425,6
train,59816,2
train,51295,6
train,54390,6
train,1108,3
train,44678,9
train,43013,0
train,6747,1
train,28737,9
train,18583,1
train,43130,4
train,54652,6
train,21569,8
train,2026,8
train,33485,0
train,55821,4
train,22127,9
train,29938,9
train,5204,1
train,6494,2
train,44373,3
train,4131,7
train,3782,7
train,9892,6
train,57529,6
train,11668,9
train,20485,2
train,36180,3
train,44563,5
train,35689,2
train,32256,9
train,32909,9
train,6621,4
train,29064,2
train,12610,4
train,16268,5
train,4014,1
train,23766,6
train,44180,8
train,14871,7
train,3298,7
train,33783,9
train,57857,4
train,5220,8
train,34040,8
train,58451,1
train,19159,8
train,56570,0
train,11407,7
train,5990,6
train,5817,9
train,4672,7
train,12423,6
train,3201,3
train,56057,1
train,28899,5
train,40853,2
train,48885,4
train,25534,4
train,55596,1
train,31728,4
train,37457,9
train,49792,2
train,46258,8
train,19729,9
train,33829,6
train,28402,0
train,24365,4
train,1302,7
train,20708,3
train,43846,8
train,41774,4
train,50554,3
train,55788,4
train,31552,4
train,36414,0
train,8084,7
train,59027,9
train,36083,9
train,40076,2
train,4467,1
train,30500,9
train,50992,7
train,44177,9
train,30981,9
train,45014,7
train,4234,3
train,10322,3
train,7695,2
train,37164,5
train,18241,9
train,17399,4
train,39524,7
train,4069,1
train,3427,1
train,55986,0
train,45230,0
train,4595,3
train,29819,2
train,32082,6
train,21059,5
train,2086,1
train,52920,4
train,42776,0
train,56329,7
train,59749,9
train,2203,3
train,47561,6
train,25186,8
train,9134,8
train,19608,4
train,730,7
train,58976,5
train,32194,3
train,28555,2
train,21506,0
train,58192,2
train,31283,3
train,5020,1
train,59881,4
train,29507,6
train,59803,8
train,26066,5
train,30595,5
train,58151,4
train,238,6
train,32708,0
train,14336,9
train,26913,5
train,2933,5
train,29163,6
train,21307,4
train,4332,7
train,12618,4
train,52251,2
train,13984,2
train,11823,8
train,5443,1
train,28667,0
train,11789,7
train,43567,1
train,2946,5
train,43461,7
train,3853,2
train,17767,4
train,17866,7
train,42831,7
train,29957,1
train,1081,1
train,55559,2
train,41145,4
train,34875,4
train,19934,9
train,25251,8
train,59975,4
train,24505,7
train,3626,3
train,18451,1
train,58586,1
train,45834,4
train,28731,2
train,25633,9
train,45962,1
train,40769,1
train,26341,2
train,26018,5
train,27493,8
train,42133,1
train,26791,8
train,24685,6
train,41119,1
train,752,3
train,3408,7
train,59578,6
train,24853,2
train,22162,3
train,48047,4
train,41050,6
train,50188,4
train,9378,1
train,7309,7
train,21342,1
train,7308,8
train,54253,7
train,2604,1
train,31034,8
train,53843,7
train,33827,8
train,36527,6
train,2064,7
train,28561,3
train,36481,9
train,16383,7
train,47465,1
train,55212,5
train,22771,4
train,25715,8
train,20498,7
train,12172,9
train,9244,6
train,36841,6
train,32603,5
train,45002,1
train,15053,3
train,44773,5
train,19338,3
train,28298,7
train,30970,2
train,53234,7
train,48102,7
train,24030,6
train,21359,3
train,30093,3
train,10238,3
train,7506,0
train,30957,5
train,49038,5
train,43077,2
train,17160,8
train,56751,8
train,52972,3
train,17663,2
train,36890,6
train,38086,3
train,12493,8
train,3416,5
train,27126,8
train,36660,6
train,51588,8
train,38864,5
train,8695,4
train,14563,7
train,24411,6
train,25526,2
train,32837,8
train,5909,2
train,45650,1
train,23922,6
train,9035,0
train,28228,2
train,8873,1
train,38661,6
train,53559,4
train,55592,3
train,37343,1
train,53125,4
train,40287,1
train,24526,6
train,698,1
train,19719,5
train,52558,0
train,14963,6
train,10340,0
train,59832,1
train,7854,4
train,21857,2
train,29994,0
train,32301,4
train,1854,4
train,18001,3
train,21031,1
train,49713,0
train,3259,0
train,43586,6
train,24795,4
train,23297,0
train,55724,7
train,52453,2
train,37699,5
train,24736,9
train,35630,2
train,53023,7
train,55336,3
train,46156,7
train,57688,9
train,50854,9
train,14287,7
train,55213,6
train,25082,0
train,3338,8
train,3099,9
train,45481,8
train,54191,3
train,57128,5
train,56633,1
train,42422,1
train,2332,2
train,49197,0
train,26664,8
train,51903,3
train,23117,2
train,53108,3
train,411,7
train,46915,1
train,10509,5
train,4596,5
train,48820,2
train,26321,6
train,2047,1
train,45342,2
train,11076,7
train,5254,5
train,36391,0
train,44809,6
train,21393,4
train,7189,3
train,20044,5
train,57093,8
train,34252,2
train,23471,6
train,25989,1
train,32732,9
train,7263,3
train,14734,1
train,9351,7
train,14424,4
train,42314,8
train,14551,2
train,9075,6
train,54391,0
train,45037,1
train,27340,5
train,16981,9
train,32005,1
train,35199,7
train,48262,6
train,5541,0
train,17699,3
train,49614,2
train,49333,9
train,43686,7
train,16797,8
train,6744,8
train,27448,9
train,59105,0
train,42557,9
train,3820,6
train,56621,3
train,39563,4
train,6862,7
train,32422,3
train,26485,1
train,28360,5
train,59168,3
train,38487,1
train,44452,6
train,55900,6
train,35639,0
train,7135,0
train,52764,8
train,11797,3
train,54900,0
train,3237,1
train,4514,2
train,6760,8
train,39056,7
train,4386,4
train,52987,2
train,17401,6
train,33325,8
train,47123,3
train,17417,4
train,45016,8
train,53887,1
train,45703,1
train,48750,9
train,48796,8
train,2524,3
train,32431,6
train,34928,2
train,8643,3
train,25457,5
train,37454,3
train,36607,9
train,4634,8
train,9197,0
train,26879,4
train,48409,6
train,4378,9
train,20246,5
train,20917,2
train,41658,1
train,6832,0
train,31727,1
train,142,4
train,22480,4
train,58924,3
train,20741,4
train,2132,3
train,27874,2
train,35053,7
train,36314,4
train,59096,5
train,21662,7
train,9487,1
train,29038,5
train,14162,8
train,3628,1
train,44573,7
train,8054,3
train,50850,1
train,13685,0
train,12342,9
train,36421,3
train,3074,4
train,37943,3
train,53845,9
train,38764,1
train,44761,4
train,11200,1
train,12809,1
train,55374,7
train,39319,9
train,20013,6
train,22431,5
train,45284,1
train,30590,4
train,21887,4
train,45110,8
train,56319,4
train,24956,9
train,32483,9
train,48909,7
train,18285,3
train,29235,0
train,44261,9
train,57225,2
train,58433,4
train,24416,8
train,45024,5
train,27704,6
train,22654,6
train,48785,4
train,22548,2
train,31482,3
train,41799,1
train,20068,8
train,37617,8
train,25084,5
train,32836,2
train,33900,4
train,15149,8
train,58822,3
train,7427,0
train,8772,1
train,48445,3
train,14898,7
train,36109,9
train,24610,3
train,43479,2
train,3023,2
train,35590,4
train,5821,7
train,29402,8
train,4174,4
train,10075,2
train,45356,8
train,15572,3
train,20803,1
train,2964,3
train,49744,8
train,6722,7
train,1519,8
train,47450,6
train,53542,3
train,49847,6
train,1367,0
train,53279,9
train,54916,8
train,13094,5
train,16287,1
train,52614,1
train,31872,4
train,12660,8
train,58761,9
train,14521,1
train,1098,4
train,32596,8
train,5702,3
train,48650,1
train,24005,7
train,26988,6
train,56131,7
train,22950,7
train,9596,6
train,18410,7
train,13055,8
train,50757,4
train,51617,3
train,8828,7
train,2074,3
train,34417,8
train,8788,0
train,10068,1
train,28087,9
train,22410,1
train,18445,4
train,53782,8
train,50888,6
train,13992,1
train,3175,0
train,57307,2
train,28510,0
train,23287,3
train,14182,9
train,19394,1
train,24824,1
train,31185,2
train,5959,7
train,3462,3
train,56897,7
train,22623,8
train,34948,4
train,35866,4
train,4157,2
train,45643,6
train,1968,9
train,4395,7
train,2046,4
train,57335,8
train,23607,7
train,43469,1
train,16878,9
train,45285,7
train,42921,6
train,14284,7
train,15230,7
train,13042,7
train,12993,7
train,27132,3
train,881,6
train,13353,3
train,56921,3
train,9021,2
train,18470,5
train,36604,3
train,22211,5
train,41097,9
train,12441,1
train,33419,8
train,4153,2
train,9857,0
train,5593,6
train,15722,1
train,37109,8
train,39914,2
train,52126,0
train,24612,2
train,45535,7
train,38533,5
train,14230,2
train,59167,2
train,38890,7
train,59565,8
train,50091,5
train,49152,5
train,14977,9
train,12170,6
train,10810,9
train,17262,1
train,19654,2
train,40050,9
train,40088,5
train,36796,7
train,30166,7
train,9325,6
train,18525,6
train,156,0
train,16190,3
train,17197,8
train,26562,2
train,46309,6
train,14926,7
train,48652,8
train,675,3
train,27456,2
train,16669,8
train,41531,4
train,22796,7
train,23334,7
train,16260,3
train,5933,1
train,30835,4
train,32820,7
train,35468,6
train,12983,3
train,13080,1
train,44197,6
train,17230,2
train,27673,2
train,48918,6
train,52622,1
train,51314,0
train,49883,0
train,49724,8
train,19236,5
train,53788,0
train,47657,9
train,28769,1
train,54964,7
train,48567,5
train,59952,0
train,26067,4
train,20959,2
train,43604,4
train,42128,4
train,18187,9
train,35874,3
train,45677,1
train,50772,1
train,33544,9
train,7636,8
train,9157,7
train,22804,9
train,28774,9
train,39396,4
train,32210,0
train,44902,2
train,55084,7
train,38671,4
train,20954,8
train,34434,7
train,22977,3
train,30793,3
train,29406,9
train,17482,2
train,43089,7
train,39622,1
train,34845,3
train,36580,7
train,580,9
train,42483,0
train,54819,4
train,28836,1
train,2150,8
train,54127,3
train,6861,2
train,41506,0
train,27032,3
train,22446,2
train,11017,2
train,10407,0
train,50027,6
train,6616,7
train,21984,1
train,22061,9
train,4885,5
train,32934,2
train,7774,9
train,18145,4
train,41954,1
train,38574,0
train,38304,7
train,16879,6
train,12962,5
train,30192,6
train,15487,8
train,22440,0
train,57377,2
train,23912,5
train,34537,4
train,28948,4
train,11553,7
train,47784,1
train,20333,9
train,16696,7
train,25702,1
train,15376,4
train,21023,2
train,49470,5
train,36854,8
train,40101,1
train,37157,2
train,49241,5
train,52160,3
train,14179,0
train,34097,0
train,23664,4
train,43743,2
train,32950,0
train,55004,4
train,33497,6
train,5328,3
train,39121,6
train,30433,7
train,14633,2
train,16073,8
train,10593,7
train,31626,6
train,10010,0
train,11486,5
train,24876,2
train,38658,5
train,8488,6
train,19492,0
train,46870,9
train,26026,7
train,37101,1
train,46561,4
train,39173,1
train,49388,9
train,56303,9
train,51671,1
train,38069,8
train,9371,2
train,26642,7
train,28583,1
train,50143,7
train,22136,8
train,22128,6
train,17523,4
train,28232,1
train,36813,2
train,27669,6
train,26094,5
train,33649,3
train,7334,7
train,42129,9
train,21401,1
train,34039,5
train,42206,2
train,57199,3
train,51206,1
train,56168,2
train,57010,6
train,24212,0
train,50730,7
train,14724,1
train,40422,5
train,37877,9
train,41083,7
train,35291,7
train,59091,5
train,48417,2
train,39558,4
train,56736,6
train,34414,8
train,15367,9
train,27992,6
train,7242,2
train,57173,3
train,20920,9
train,52602,2
train,27280,0
train,35810,6
train,5078,8
train,24055,2
train,3446,8
train,9372,9
train,7200,9
train,44196,8
train,47834,3
train,21827,9
train,9286,7
train,3510,9
train,33753,7
train,8751,9
train,8850,6
train,42046,5
train,14008,8
train,3240,4
train,12686,0
train,5431,8
train,37772,9
train,42373,2
train,58530,7
train,36390,6
train,47520,3
train,18085,6
train,25368,6
train,33450,6
train,23765,6
train,31983,7
train,59301,5
train,26446,7
train,46609,9
train,37408,0
train,34238,0
train,49858,4
train,25011,7
train,44372,0
train,37897,1
train,3124,3
train,50049,4
train,39365,4
train,13590,1
train,16319,7
train,59481,4
train,59579,2
train,4346,4
train,49339,1
train,38650,7
train,2409,2
train,14307,7
train,33103,7
train,20633,4
train,15391,2
train,59029,6
train,41169,2
train,4556,0
train,31329,8
train,42568,2
train,12421,0
train,32615,8
train,4500,0
train,40919,4
train,26075,2
train,8606,3
train,53920,5
train,23800,2
train,17683,7
train,40283,9
train,1688,6
train,5796,4
train,56217,0
train,13504,1
train,5816,2
train,46242,3
train,18853,1
train,54673,5
train,1241,3
train,12107,0
train,25737,4
train,22502,1
train,16852,7
train,10259,0
train,56022,6
train,18295,0
train,44901,2
train,41038,0
train,28310,4
train,13995,6
train,21977,6
train,5111,4
train,37730,3
train,54859,3
train,21488,6
train,233,2
train,36394,4
train,1724,2
train,43607,7
train,2341,4
train,48299,0
train,27367,2
train,7185,1
train,19744,0
train,59865,8
train,45082,8
train,53025,4
train,2939,2
train,52818,3
train,44387,7
train,55540,2
train,34079,7
train,9579,1
train,2876,1
train,36087,5
train,50701,9
train,10416,1
train,41082,2
train,9100,4
train,16576,2
train,48772,6
train,22894,3
train,6790,9
train,53957,0
train,48827,6
train,42962,3
train,669,0
train,99,1
train,41998,7
train,6652,4
train,38604,5
train,58059,9
train,58732,6
train,18491,8
train,47844,7
train,35733,8
train,40981,8
train,27688,9
train,36478,8
train,43877,2
train,52098,3
train,5486,6
train,34162,1
train,29363,7
train,58834,5
train,408,1
train,33281,2
train,7299,4
train,3706,6
train,57825,7
train,5657,7
train,20786,2
train,26948,8
train,13098,0
train,20148,6
train,1772,7
train,8497,6
train,5127,3
train,30012,5
train,46239,2
train,7562,6
train,2863,6
train,52295,5
train,46186,6
train,7439,8
train,44169,7
train,15749,8
train,57864,3
train,26905,1
train,19233,4
train,46154,8
train,54728,0
train,45322,9
train,21740,1
train,51242,8
train,8046,0
train,59300,4
train,30444,6
train,31641,3
train,6940,8
train,59487,0
train,22802,5
train,56142,4
train,47363,4
train,36060,5
train,5738,3
train,35416,7
train,46771,7
train,23240,1
train,48238,2
train,5976,7
train,1786,1
train,24778,5
train,44477,3
train,26306,3
train,31774,4
train,58829,0
train,32819,7
train,49751,8
train,57978,7
train,31275,9
train,577,0
train,22364,0
train,13382,7
train,51703,4
train,7588,1
train,38623,8
train,41259,0
train,10136,1
train,59514,9
train,2860,9
train,46487,4
train,9612,3
train,50043,3
train,7142,8
train,59079,9
train,41811,0
train,6335,8
train,30063,6
train,34254,9
train,56553,2
train,31184,9
train,48326,1
train,14564,0
train,12696,9
train,12822,2
train,57000,0
train,30043,1
train,43964,2
train,11464,9
train,2793,9
train,23233,6
train,30229,3
train,1327,6
train,46764,8
train,14525,6
train,58993,8
train,32787,4
train,59687,6
train,27432,2
train,13684,7
train,45630,6
train,40449,4
train,12500,0
train,57707,0
train,45529,8
train,40164,4
train,12462,6
train,46588,3
train,17119,9
train,25872,9
train,34310,2
train,43453,9
train,2879,2
train,58165,5
train,44828,2
train,25065,0
train,30894,1
train,26342,6
train,17306,7
train,19284,7
train,29563,8
train,50943,7
train,12329,3
train,20846,0
train,37253,8
train,33035,6
train,42929,2
train,2353,0
train,38659,6
train,36941,4
train,9172,4
train,47527,1
train,4213,8
train,5806,9
train,29260,1
train,4593,4
train,51772,1
train,32415,5
train,18318,2
train,1026,8
train,5306,2
train,50634,8
train,3954,1
train,6632,3
train,36201,9
train,48608,4
train,9977,3
train,51771,3
train,48925,8
train,31206,8
train,2751,3
train,2639,5
train,28581,8
train,45500,2
train,20118,4
train,31135,8
train,44844,0
train,8304,0
train,4356,0
train,3228,7
train,6268,4
train,47153,1
train,10118,1
train,49947,8
train,57180,5
train,1305,9
train,12760,4
train,39071,8
train,12457,0
train,2090,7
train,21403,0
train,53425,1
train,9026,4
train,38039,1
train,20505,9
train,41804,4
train,54667,9
train,19017,4
train,59812,7
train,31403,4
train,28738,1
train,13990,8
train,31095,0
train,42664,0
train,36148,9
train,27179,5
train,7573,4
train,53604,1
train,49554,7
train,43579,8
train,51374,4
train,44020,3
train,26961,1
train,13476,8
train,30831,2
train,842,4
train,1879,1
train,31195,0
train,1410,9
train,21242,0
train,29823,3
train,51636,7
train,11676,1
train,32013,3
train,31219,7
train,50984,7
train,37949,8
train,29117,7
train,2405,5
train,24926,8
train,42442,8
train,42404,1
train,36205,7
train,34275,4
train,59504,7
train,35522,3
train,40576,4
train,49287,3
train,11250,2
train,34741,6
train,52265,6
train,41255,2
train,6148,3
train,25927,2
train,2646,5
train,9790,0
train,11832,6
train,8533,0
train,49190,5
train,35539,7
train,8785,8
train,1872,3
train,24292,4
train,37219,8
train,25939,2
train,45254,1
train,2171,2
train,9854,7
train,3155,1
train,11251,2
train,55997,2
train,12077,4
train,1561,2
train,29542,4
train,29980,9
train,58269,4
train,57772,8
train,38624,5
train,37069,5
train,19764,2
train,22460,3
train,10017,6
train,37513,1
train,47910,1
train,45735,7
train,8238,9
train,21446,1
train,19042,9
train,17128,8
train,6159,6
train,18854,4
train,573,1
train,12405,5
train,32771,9
train,34319,8
train,27503,2
train,34152,0
train,49426,6
train,12359,6
train,32299,3
train,11030,2
train,57710,5
train,46175,8
train,18249,3
train,35801,3
train,6246,6
train,23370,2
train,32905,0
train,51282,7
train,28326,6
train,54362,8
train,54937,7
train,32342,9
train,4032,9
train,48684,8
train,12467,5
train,43169,0
train,31398,7
train,34264,1
train,35873,2
train,23854,1
train,30561,2
train,35995,1
train,31308,8
train,58290,5
train,44777,0
train,4,9
train,4175,7
train,13029,0
train,28586,1
train,851,4
train,51732,8
train,21185,6
train,47289,0
train,20971,7
train,49171,0
train,58327,3
train,497,7
train,17536,4
train,6607,0
train,29328,9
train,44792,1
train,44479,4
train,2223,7
train,1470,3
train,42005,0
train,2710,6
train,26086,4
train,1496,1
train,54184,5
train,47380,3
train,29170,9
train,50344,0
train,27736,2
train,33159,6
train,50721,7
train,11786,7
train,1997,5
train,43189,5
train,25589,9
train,44686,8
train,31625,0
train,20341,9
train,1461,4
train,51276,6
train,42241,8
train,20834,7
train,33745,3
train,57787,5
train,25531,1
train,19323,1
train,31224,4
train,20252,3
train,22392,7
train,56279,9
train,33727,2
train,29447,1
train,48922,3
train,18919,3
train,35931,4
train,15659,9
train,56964,6
train,8441,8
train,47436,6
train,28302,6
train,38268,2
train,5969,4
train,11065,6
train,57183,2
train,26431,2
train,19709,0
train,22229,2
train,37863,2
train,23402,7
train,8286,7
train,36832,9
train,10798,5
train,47051,8
train,14130,2
train,28332,5
train,44099,5
train,13142,3
train,20049,0
train,25755,0
train,5050,8
train,28846,5
train,13617,1
train,41093,4
train,3842,8
train,54250,3
train,54043,2
train,34457,0
train,52903,9
train,16209,2
train,26258,0
train,44420,6
train,42933,4
train,59545,1
train,29838,6
train,34999,0
train,17726,0
train,2506,3
train,1397,2
train,1574,9
train,31497,0
train,48245,9
train,39433,4
train,21396,7
train,8386,8
train,46611,6
train,34119,3
train,57853,5
train,40668,7
train,28030,0
train,27877,5
train,5941,3
train,3870,5
train,5632,6
train,18408,7
train,57949,7
train,30014,2
train,8513,1
train,40053,2
train,4186,1
train,7478,9
train,34813,8
train,35336,3
train,14144,5
train,41025,5
train,35773,7
train,9365,1
train,35238,6
train,48858,6
train,59465,4
train,31795,5
train,5592,9
train,47985,1
train,5195,4
train,56801,0
train,41219,9
train,43870,9
train,4579,3
train,46880,1
train,24547,4
train,52456,2
train,56409,8
train,23511,1
train,58485,7
train,42205,1
train,49872,0
train,56313,8
train,8771,3
train,41256,2
train,10909,0
train,42391,3
train,2552,1
train,23192,7
train,11729,0
train,21552,1
train,9345,8
train,41389,5
train,32143,6
train,12973,4
train,46030,9
train,38091,7
train,51672,1
train,38060,5
train,13420,8
train,48761,3
train,41420,2
train,32085,1
train,47113,2
train,19590,5
train,36867,4
train,35537,6
train,9025,4
train,10370,5
train,30706,0
train,52426,6
train,49688,4
train,45817,0
train,365,2
train,57927,7
train,36507,9
train,19152,2
train,34863,8
train,56922,2
train,35344,2
train,3447,9
train,26903,0
train,13371,0
train,456,8
train,7426,4
train,36567,9
train,28522,1
train,54305,2
train,12885,1
train,59643,3
train,15821,4
train,36740,3
train,54875,1
train,18567,2
train,15940,1
train,24796,2
train,5765,9
train,18457,5
train,45497,5
train,4591,7
train,15984,5
train,6437,8
train,32017,3
train,35823,0
train,30534,2
train,26040,0
train,8889,8
train,24393,0
train,29324,7
train,52437,4
train,4351,1
train,29766,6
train,55937,3
train,49106,2
train,29346,9
train,23006,5
train,58406,3
train,21620,0
train,7206,6
train,48867,6
train,40550,3
train,5010,0
train,269,1
train,11174,6
train,32866,6
train,53166,9
train,20494,6
train,21054,1
train,31288,0
train,49636,5
train,30237,9
train,54079,1
train,35310,5
train,35944,3
train,46322,5
train,52359,1
train,334,9
train,45326,8
train,5748,3
train,56852,5
train,23927,5
train,17991,4
train,17615,7
train,48687,5
train,48635,4
train,33101,8
train,8270,4
train,55953,5
train,7271,0
train,35300,8
train,36379,4
train,24349,8
train,41362,7
train,36460,2
train,6132,7
train,43057,9
train,32880,0
train,9316,6
train,50724,9
train,50905,7
train,6370,5
train,25751,1
train,12957,5
train,42429,2
train,32376,3
train,10913,6
train,44163,8
train,46459,0
train,32023,5
train,6196,8
train,19862,5
train,53842,1
train,58591,1
train,47504,7
train,16433,6
train,3335,6
train,51013,8
train,56723,4
train,1463,1
train,55554,5
train,6348,2
train,30650,3
train,40185,3
train,52403,2
train,11248,1
train,48669,4
train,30925,2
train,3834,9
train,49567,2
train,12846,9
train,22182,3
train,41468,8
train,44191,3
train,39671,5
train,49762,2
train,45549,6
train,50287,2
train,5716,7
train,10929,9
train,38321,3
train,25597,7
train,8630,9
train,6660,5
train,16909,2
train,53211,9
train,30936,7
train,41188,6
train,59778,3
train,7973,1
train,4935,2
train,313,9
train,13846,6
train,47062,7
train,11581,2
train,59273,6
train,32566,5
train,23622,6
train,58045,3
train,33674,5
train,26102,5
train,53911,7
train,12041,1
train,48012,0
train,44868,7
train,57965,4
train,44749,3
train,24837,6
train,6980,5
train,56185,5
train,18287,3
train,48788,3
train,46986,3
train,57714,1
train,51984,7
train,28675,7
train,2238,7
train,24444,0
train,4179,3
train,22254,0
train,51221,4
train,501,9
train,25643,9
train,43212,5
train,52088,1
train,47046,0
train,40975,2
train,47522,2
train,21388,7
train,59049,8
train,47884,4
train,38434,8
train,15565,6
train,37892,6
train,40172,5
train,59670,5
train,1128,0
train,17319,9
train,42587,4
train,51676,6
train,26486,9
train,16385,1
train,35691,2
train,18943,2
train,32872,2
train,21411,6
train,165,6
train,617,7
train,51488,8
train,24180,5
train,56876,2
train,47822,0
train,2754,7
train,43372,8
train,4473,4
train,41102,9
train,54519,2
train,33992,1
train,39864,8
train,27241,8
train,38725,8
train,12333,3
train,51566,1
train,24545,7
train,18286,1
train,46798,4
train,13666,9
train,44147,5
train,58124,6
train,49783,5
train,22941,7
train,32419,4
train,51005,1
train,32474,1
train,8080,1
train,33302,0
train,28838,9
train,22659,1
train,12791,1
train,54324,4
train,6988,5
train,35618,5
train,7089,1
train,6372,1
train,59169,4
train,10450,3
train,24035,2
train,59208,6
train,28322,1
train,30869,1
train,1019,7
train,42194,1
train,14308,6
train,46268,1
train,30712,9
train,36397,2
train,19089,5
train,56062,9
train,4056,9
train,32026,5
train,37240,8
train,20,4
train,35900,1
train,53020,9
train,50064,7
train,42067,7
train,31347,3
train,29725,6
train,55536,6
train,47978,7
train,26777,6
train,53971,5
train,23827,5
train,51833,1
train,45994,1
train,2380,7
train,26816,4
train,27275,6
train,32118,6
train,26922,2
train,5507,1
train,41416,8
train,50411,4
train,6926,1
train,10112,9
train,2309,2
train,10659,1
train,735,6
train,54906,4
train,53240,8
train,59528,3
train,41755,3
train,39668,8
train,35321,7
train,48045,3
train,34860,4
train,45874,8
train,35157,0
train,55302,0
train,52260,4
train,47160,7
train,3404,3
train,9442,4
train,24754,6
train,37037,6
train,34708,0
train,22438,8
train,46640,5
train,41882,8
train,40266,0
train,28126,2
train,7842,5
train,34915,6
train,3675,1
train,396,5
train,9962,2
train,34996,5
train,33241,7
train,24737,1
train,15670,9
train,39688,2
train,33363,0
train,56304,9
train,24711,1
train,17976,4
train,57943,6
train,29367,4
train,32212,2
train,27184,7
train,44587,4
train,7649,0
train,29914,4
train,2559,9
train,29617,4
train,38392,4
train,6445,2
train,16400,5
train,13915,7
train,35326,5
train,17531,9
train,23445,7
train,1386,0
train,38900,3
train,28486,0
train,43209,3
train,22153,1
train,6810,4
train,21153,3
train,5498,0
train,56849,3
train,39680,4
train,9944,8
train,25880,3
train,5130,9
train,53607,4
train,55219,6
train,55175,1
train,40991,6
train,44471,0
train,39032,2
train,16532,2
train,28125,0
train,48272,9
train,55421,4
train,52730,7
train,19196,6
train,55060,5
train,10641,4
train,38789,4
train,32044,3
train,16338,4
train,2704,7
train,51215,0
train,2611,8
train,39742,6
train,27957,2
train,56221,1
train,5804,6
train,57493,8
train,20397,3
train,14398,7
train,30873,6
train,36450,2
train,50939,5
train,13474,1
train,50385,0
train,13013,0
train,41281,9
train,43407,2
train,51284,9
train,35324,4
train,17903,9
train,17616,6
train,56287,7
train,30719,2
train,3805,7
train,39971,8
train,11965,4
train,52132,2
train,44810,5
train,48393,4
train,43523,5
train,9881,0
train,30541,7
train,58237,3
train,5064,4
train,8307,5
train,13613,2
train,5808,0
train,57623,9
train,44581,4
train,1205,7
train,47273,2
train,51699,2
train,8634,4
train,18911,6
train,21296,4
train,14629,0
train,36070,6
train,28794,1
train,8303,8
train,34504,9
train,59359,6
train,53840,6
train,38904,3
train,57223,1
train,19964,6
train,9273,7
train,9919,5
train,38601,4
train,3985,6
train,18557,7
train,48735,3
train,31559,3
train,54112,4
train,52830,8
train,21424,1
train,7356,8
train,21999,4
train,38170,2
train,14921,6
train,44850,4
train,54861,4
train,22777,0
train,34524,8
train,40743,3
train,43217,4
train,38283,3
train,34229,7
train,19686,0
train,57842,6
train,12478,7
train,30274,1
train,54171,4
train,56959,8
train,5392,3
train,22448,6
train,809,1
train,31920,1
train,26559,1
train,50384,9
train,54050,9
train,7369,2
train,20348,1
train,20966,8
train,46548,3
train,17286,1
train,26442,7
train,31434,5
train,13688,4
train,15512,9
train,21015,9
train,52130,0
train,17458,0
train,36713,7
train,16345,1
train,17664,1
train,52481,9
train,10617,6
train,8783,7
train,3168,8
train,57715,1
train,57396,3
train,29601,8
train,40451,7
train,52887,1
train,11974,0
train,39453,2
train,59478,1
train,37207,1
train,49237,4
train,7000,8
train,23152,4
train,14147,6
train,33169,3
train,37025,9
train,49037,1
train,44009,5
train,47584,6
train,4510,3
train,24376,1
train,26963,4
train,10452,6
train,57534,7
train,19586,9
train,15957,6
train,13553,4
train,25971,4
train,41351,6
train,33504,7
train,29029,5
train,41594,9
train,15066,5
train,8201,2
train,49323,8
train,53422,6
train,3575,5
train,36964,7
train,42369,0
train,38319,2
train,8811,1
train,54662,6
train,58814,5
train,38508,5
train,17530,8
train,8988,5
train,37459,8
train,2847,2
train,50543,2
train,22157,6
train,42285,9
train,332,5
train,28973,0
train,13150,7
train,5564,7
train,36550,9
train,25936,5
train,49950,5
train,9900,8
train,31411,6
train,11237,5
train,16757,1
train,12649,7
train,18041,8
train,13369,1
train,40886,2
train,52055,9
train,8455,3
train,467,7
train,30519,8
train,46429,7
train,23588,7
train,27266,6
train,33107,7
train,19038,0
train,37067,4
train,6047,6
train,57778,1
train,27875,1
train,36358,6
train,49051,8
train,19164,7
train,29062,1
train,32965,8
train,6051,9
train,35389,1
train,2973,9
train,24473,5
train,37992,5
train,22762,9
train,37538,9
train,46579,0
train,407,5
train,4183,2
train,9090,6
train,50698,9
train,32736,6
train,22241,8
train,8876,5
train,31823,2
train,13857,2
train,14686,3
train,53131,8
train,1761,6
train,29843,6
train,48066,6
train,33093,7
train,26467,5
train,19762,6
train,9013,1
train,11207,7
train,20147,3
train,56998,2
train,50918,1
train,40604,1
train,55368,8
train,47832,5
train,37,0
train,18849,6
train,14470,7
train,5723,7
train,30539,8
train,3265,9
train,16196,2
train,26654,6
train,11261,6
train,59780,4
train,28861,3
train,17326,6
train,25431,3
train,54154,9
train,25009,7
train,25895,7
train,36592,3
train,31525,8
train,19213,2
train,10548,7
train,19044,4
train,10790,6
train,37759,0
train,27411,0
train,6554,1
train,312,8
train,36798,6
train,26189,7
train,17130,1
train,19967,3
train,51179,6
train,3502,8
train,1947,2
train,52458,5
train,27437,4
train,20292,0
train,30956,6
train,47586,5
train,30763,4
train,24865,2
train,36489,8
train,29425,2
train,19170,5
train,46040,1
train,25281,2
train,57181,7
train,33326,1
train,14717,0
train,17742,5
train,42142,2
train,25743,0
train,42489,6
train,3373,1
train,34877,5
train,53438,9
train,39873,8
train,25001,4
train,43798,7
train,54381,5
train,37049,5
train,56341,9
train,16322,8
train,51417,1
train,28808,9
train,969,7
train,20286,6
train,55551,6
train,34521,2
train,44333,0
train,28141,5
train,43165,8
train,37512,8
train,50926,5
train,17713,2
train,41323,6
train,44924,5
train,35379,3
train,57126,4
train,18419,8
train,20521,8
train,7277,7
train,45251,2
train,18903,6
train,42007,6
train,46210,1
train,52974,3
train,12063,3
train,1187,4
train,53073,0
train,50771,1
train,38300,7
train,8183,5
train,18586,0
train,19494,9
train,36988,9
train,59522,4
train,23534,7
train,5444,4
train,50153,2
train,30556,1
train,22959,9
train,13205,7
train,38512,5
train,59904,3
train,29840,1
train,55643,5
train,18858,0
train,24642,4
train,17672,8
train,11507,5
train,49568,5
train,19710,6
train,42353,2
train,1480,7
train,30870,8
train,38866,8
train,31451,3
train,11114,3
train,44846,0
train,7993,1
train,38063,8
train,51350,4
train,11186,9
train,52867,1
train,12085,8
train,52699,8
train,51574,9
train,30092,8
train,15898,1
train,56808,4
train,57754,6
train,11963,5
train,50450,4
train,37496,4
train,34043,4
train,25227,1
train,7886,9
train,6879,4
train,746,4
train,7676,9
train,38517,7
train,7298,6
train,41138,0
train,39174,9
train,4279,0
train,20821,6
train,6733,4
train,47198,4
train,8815,1
train,10626,4
train,9848,3
train,48091,3
train,43222,7
train,3683,3
train,4373,3
train,26880,3
train,53085,0
train,15686,4
train,20358,9
train,51398,2
train,7006,9
train,4267,1
train,13465,9
train,23180,8
train,32463,0
train,17412,4
train,34297,8
train,50731,1
train,40204,7
train,19015,3
train,3863,7
train,25133,7
train,13522,2
train,21048,8
train,51525,6
train,31426,9
train,15263,2
train,35410,2
train,36062,9
train,45548,7
train,3474,6
train,19276,6
train,5278,4
train,11129,0
train,23637,8
train,20294,4
train,50744,2
train,11420,2
train,899,5
train,39804,3
train,9682,2
train,51551,5
train,46981,3
train,31669,4
train,7176,1
train,38261,2
train,36504,6
train,33099,3
train,56181,0
train,29905,9
train,42170,0
train,58887,1
train,10730,3
train,32913,3
train,30800,0
train,30481,7
train,43220,2
train,35056,0
train,27183,3
train,36712,0
train,50418,6
train,35266,1
train,19405,4
train,3305,2
train,13959,2
train,2256,4
train,38944,5
train,3496,4
train,19698,6
train,33067,7
train,12923,8
train,27135,3
train,20482,0
train,14209,8
train,46552,1
train,51283,5
train,26225,1
train,13291,4
train,50022,4
train,35612,0
train,53294,8
train,10299,6
train,6202,7
train,47317,8
train,53227,7
train,47813,9
train,2960,3
train,43311,6
train,40182,5
train,1159,6
train,34424,4
train,33679,4
train,8637,7
train,3261,4
train,40705,2
train,16523,0
train,11938,9
train,18031,4
train,8088,0
train,6984,5
train,31233,2
train,8797,6
train,15078,4
train,20941,3
train,20390,5
train,59939,9
train,25328,3
train,24236,7
train,6817,4
train,46146,9
train,31696,2
train,34056,2
train,13649,1
train,35641,9
train,53311,6
train,18428,6
train,56035,6
train,1585,9
train,53258,7
train,18593,6
train,59787,1
train,28370,2
train,13911,0
train,3572,6
train,15029,9
train,41767,3
train,21063,7
train,2048,7
train,8191,6
train,56719,2
train,43047,2
train,7366,4
train,52131,5
train,1616,8
train,671,1
train,1308,4
train,56167,7
train,21937,7
train,28300,1
train,45842,8
train,31838,5
train,28542,7
train,2659,7
train,48995,3
train,15877,7
train,35614,6
train,34718,2
train,37527,8
train,47959,8
train,24117,5
train,10966,3
train,6548,6
train,32006,6
train,51443,2
train,26989,3
train,51198,7
train,54508,9
train,57165,5
train,49488,1
train,14137,0
train,27057,7
train,15206,5
train,50377,4
train,12594,8
train,18657,8
train,20596,6
train,59006,9
train,258,7
train,16537,7
train,6942,8
train,23032,0
train,16754,2
train,18770,3
train,37685,8
train,32563,3
train,56688,1
train,8522,8
train,43428,3
train,51981,9
train,54086,6
train,19082,0
train,18795,8
train,15272,2
train,10254,0
train,1157,7
train,23715,7
train,17311,9
train,37450,4
train,13075,0
train,54527,2
train,28088,9
train,1967,4
train,19352,7
train,10051,5
train,19989,7
train,21642,4
train,55513,5
train,15758,1
train,31555,2
train,20931,6
train,34210,4
train,17266,2
train,14673,5
train,54958,8
train,55608,7
train,14775,0
train,7888,5
train,53293,0
train,45568,2
train,29849,1
train,4786,5
train,12430,3
train,59236,9
train,26030,5
train,18271,6
train,31579,3
train,24169,4
train,22093,1
train,30838,9
train,19574,7
train,8125,8
train,41069,0
train,20755,1
train,11476,3
train,19167,1
train,18390,3
train,32417,9
train,15532,8
train,8821,3
train,3443,0
train,10914,0
train,22042,5
train,44486,9
train,4952,4
train,17789,7
train,14366,1
train,1119,3
train,3596,3
train,50080,4
train,23274,4
train,16591,1
train,35102,7
train,29158,3
train,57784,0
train,22010,2
train,7595,5
train,916,5
train,40733,5
train,55889,9
train,58323,2
train,34752,4
train,4224,4
train,37342,8
train,50030,9
train,19401,4
train,30441,1
train,45517,3
train,38972,7
train,40533,6
train,9130,1
train,36727,8
train,46639,3
train,3396,0
train,46761,4
train,48310,4
train,5741,7
train,41957,5
train,35964,4
train,58909,1
train,43113,2
train,2460,9
train,11912,9
train,56351,0
train,46365,5
train,24115,1
train,24011,0
train,2385,9
train,24613,9
train,42803,1
train,39642,9
train,21428,3
train,26143,5
train,9334,8
train,52760,7
train,42204,7
train,43003,1
train,59553,5
train,24973,1
train,13199,7
train,47619,0
train,31558,7
train,44822,9
train,5813,4
train,18245,4
train,57337,7
train,50931,1
train,8808,3
train,5197,7
train,20175,0
train,34095,2
train,24792,5
train,32075,2
train,38737,4
train,30907,3
train,47918,9
train,51603,1
train,12110,5
train,40836,3
train,19102,1
train,10995,5
train,2434,9
train,18753,7
train,56109,7
train,2298,0
train,29302,9
train,21314,0
train,38615,7
train,3006,2
train,53712,3
train,9077,7
train,3585,0
train,22291,6
train,40610,1
train,28792,1
train,6967,0
train,49099,1
train,55073,4
train,56214,5
train,7807,0
train,33361,2
train,19772,0
train,37916,4
train,13511,6
train,353,7
train,31488,3
train,17955,7
train,42062,7
train,22510,0
train,29976,1
train,26754,6
train,13116,9
train,42466,7
train,12287,7
train,58133,6
train,16889,6
train,31707,9
train,44630,3
train,8272,0
train,13610,1
train,32600,5
train,49300,3
train,5403,5
train,26329,2
train,34793,3
train,15632,1
train,33102,6
train,55804,5
train,36721,2
train,44813,1
train,35434,3
train,6645,0
train,47463,8
train,28412,0
train,50680,3
train,33987,2
train,38987,8
train,42395,6
train,20120,5
train,29567,1
train,7560,4
train,13070,5
train,22987,0
train,38057,0
train,34247,6
train,34624,6
train,34536,3
train,33723,0
train,3638,5
train,43838,5
train,21052,1
train,32790,3
train,27201,1
train,12585,2
train,7367,3
train,46835,2
train,49677,8
train,7236,7
train,48084,4
train,574,3
train,8116,0
train,39982,3
train,42824,7
train,37372,4
train,5415,2
train,25128,7
train,42135,2
train,50670,6
train,28982,7
train,34081,7
train,54973,2
train,9763,5
train,9069,1
train,35822,4
train,49812,7
train,31311,3
train,7166,4
train,38842,8
train,43066,5
train,47298,8
train,22905,4
train,34966,8
train,18496,4
train,55674,8
train,24959,8
train,29534,5
train,52468,8
train,8203,1
train,12711,4
train,33294,5
train,4366,7
train,46769,7
train,57479,7
train,11539,3
train,24598,8
train,16753,9
train,54494,7
train,16821,6
train,11365,8
train,18383,8
train,53781,7
train,8823,1
train,12113,1
train,59910,9
train,34885,9
train,16469,6
train,52607,3
train,2299,9
train,36949,2
train,42652,5
train,2360,4
train,47468,5
train,9335,3
train,18115,1
train,37593,9
train,29778,9
train,42686,2
train,50525,1
train,3905,4
train,2523,6
train,51890,3
train,23692,4
train,34709,4
train,11634,1
train,48434,0
train,8133,2
train,23158,5
train,51611,8
train,39679,6
train,20393,1
train,50042,0
train,31404,3
train,5739,6
train,38295,5
train,57186,0
train,27986,7
train,40200,0
train,16185,9
train,44637,7
train,16295,5
train,6608,4
train,23746,5
train,24885,4
train,58131,8
train,46773,9
train,43569,6
train,40903,4
train,28897,7
train,32343,5
train,58181,1
train,58670,2
train,12290,6
train,3577,6
train,56811,6
train,58957,5
train,12088,6
train,48324,3
train,48526,0
train,52104,3
train,37464,3
train,45274,6
train,14890,0
train,24996,1
train,10393,3
train,2782,0
train,51911,7
train,18107,7
train,1452,1
train,40524,7
train,56075,9
train,44794,2
train,42117,3
train,10987,5
train,7532,1
train,11435,7
train,39951,8
train,57189,8
train,9274,7
train,10527,3
train,6301,9
train,50099,9
train,28528,3
train,57796,9
train,25145,3
train,43883,3
train,43392,9
train,32811,3
train,59610,6
train,38863,8
train,58883,6
train,49565,9
train,8578,1
train,11616,7
train,11502,1
train,6770,7
train,57559,4
train,54435,7
train,50391,9
train,40445,2
train,20168,6
train,24536,1
train,19995,9
train,8105,6
train,7811,9
train,33513,6
train,28513,1
train,22018,7
train,35563,3
train,21727,2
train,25769,6
train,59349,5
train,12209,1
train,32974,1
train,59773,1
train,17913,4
train,36258,7
train,54693,1
train,2336,1
train,16661,7
train,31620,6
train,57560,7
train,44139,7
train,3061,4
train,30491,9
train,38064,9
train,44710,2
train,14121,2
train,12695,5
train,37663,0
train,3359,9
train,32989,2
train,41915,4
train,47221,7
train,41621,8
train,16825,3
train,6891,8
train,24334,4
train,36858,2
train,6779,9
train,48354,2
train,44594,4
train,20895,0
train,38233,9
train,10490,8
train,25358,6
train,9057,8
train,21986,3
train,50420,5
train,30647,5
train,27444,2
train,12176,7
train,4246,3
train,40843,0
train,49286,3
train,23774,6
train,46485,3
train,48560,8
train,19973,5
train,32762,4
train,7731,7
train,54962,9
train,14698,1
train,44998,4
train,22159,0
train,20989,3
train,15796,2
train,13073,4
train,3845,8
train,29052,0
train,16592,5
train,39464,9
train,45899,5
train,27036,4
train,40094,4
train,9148,4
train,44244,9
train,42379,5
train,30978,1
train,31291,7
train,44447,4
train,37691,3
train,48162,8
train,16949,7
train,35926,4
train,6240,8
train,27767,5
train,48701,3
train,43401,7
train,51477,7
train,38165,5
train,25282,3
train,16360,9
train,48281,3
train,17022,1
train,16356,5
train,50831,5
train,48641,0
train,19823,7
train,28,2
train,23865,8
train,40634,9
train,35925,1
train,11183,6
train,26323,0
train,15200,7
train,7834,1
train,38607,7
train,57589,4
train,28383,9
train,7738,5
train,40415,7
train,227,9
train,46098,3
train,15035,4
train,57571,1
train,15961,6
train,4706,2
train,23163,8
train,4518,2
train,40197,9
train,19150,1
train,10244,5
train,149,3
train,4654,1
train,33511,5
train,25326,8
train,40904,3
train,529,9
train,47138,5
train,22451,3
train,20969,7
train,32677,1
train,37874,5
train,54855,1
train,48659,5
train,53428,5
train,39551,4
train,40191,6
train,29536,9
train,31199,0
train,2161,7
train,37084,2
train,8985,1
train,27120,2
train,13538,5
train,14021,1
train,13242,3
train,36248,3
train,14703,4
train,42539,2
train,55064,9
train,55703,6
train,57986,9
train,49466,9
train,6276,5
train,29325,7
train,27799,6
train,13370,2
train,35513,4
train,11101,8
train,29693,9
train,32505,3
train,472,2
train,24193,9
train,23585,1
train,41536,1
train,19446,1
train,20943,9
train,6583,8
train,50890,6
train,18532,7
train,59940,0
train,46687,2
train,19124,8
train,55138,6
train,43735,6
train,36239,1
train,54089,0
train,35564,6
train,50526,0
train,28959,8
train,38835,0
train,23992,4
train,44575,3
train,26355,2
train,47574,6
train,22348,7
train,33427,0
train,14240,9
train,57924,0
train,16113,7
train,58608,9
train,47812,0
train,1132,1
train,31236,8
train,18820,9
train,10109,9
train,33114,3
train,35673,4
train,51345,5
train,59663,8
train,56088,2
train,6723,0
train,48600,1
train,17353,2
train,36771,9
train,59269,5
train,17378,1
train,40463,3
train,57211,5
train,8359,8
train,31042,3
train,4953,1
train,34052,9
train,30995,6
train,40018,7
train,46439,0
train,16365,8
train,15733,6
train,19066,6
train,20736,6
train,41363,8
train,9180,3
train,13761,2
train,35844,6
train,3944,5
train,17785,9
train,39118,2
train,3244,2
train,55829,7
train,41505,8
train,31742,7
train,48765,1
train,48604,0
train,17821,2
train,51843,9
train,30834,9
train,27749,0
train,58056,1
train,26260,0
train,12033,4
train,240,8
train,42562,2
train,49685,0
train,5897,7
train,53482,3
train,13775,4
train,28844,2
train,12632,1
train,59959,6
train,10067,1
train,16359,4
train,5773,0
train,55609,1
train,14758,1
train,59176,1
train,15640,8
train,16760,2
train,27665,1
train,18623,8
train,27392,7
train,51901,1
train,24830,7
train,28869,7
train,5575,7
train,35980,7
train,33168,2
train,16135,8
train,45888,9
train,46194,4
train,51670,8
train,15027,4
train,45359,0
train,15609,9
train,29293,5
train,50486,4
train,34305,0
train,16917,8
train,16954,3
train,575,8
train,5606,5
train,59443,9
train,30468,3
train,21993,3
train,21787,9
train,40530,2
train,42965,0
train,42823,3
train,7275,1
train,24966,1
train,21389,8
train,14356,0
train,14091,2
train,3779,6
train,1366,6
train,14299,7
train,16810,2
train,12096,9
train,40152,2
train,44665,5
train,37904,2
train,53256,0
train,58674,8
train,39489,3
train,58742,9
train,49746,3
train,4962,0
train,49301,7
train,268,2
train,12589,4
train,9813,6
train,59982,6
train,34486,0
train,17229,6
train,6410,3
train,44248,2
train,30788,6
train,16632,6
train,36142,2
train,50198,8
train,42272,4
train,49851,8
train,41156,0
train,46582,0
train,41612,0
train,939,6
train,12042,1
train,37339,4
train,59442,6
train,7702,9
train,16619,0
train,38328,1
train,48158,2
train,9812,3
train,48460,2
train,40893,8
train,16435,3
train,15253,9
train,47184,7
train,9632,4
train,7667,9
train,14974,9
train,44950,2
train,34244,0
train,20384,1
train,39591,3
train,55881,3
train,18425,0
train,50957,4
train,1766,2
train,2220,4
train,19244,9
train,52824,7
train,33023,0
train,36149,3
train,52763,9
train,4542,2
train,36746,6
train,18465,6
train,55338,1
train,44826,0
train,37401,6
train,42758,3
train,17623,6
train,5997,8
train,13047,6
train,10815,7
train,43015,4
train,8200,3
train,50558,9
train,285,9
train,10630,6
train,44649,6
train,31296,1
train,7681,8
train,26683,9
train,46372,1
train,50490,9
train,29400,9
train,1186,7
train,41576,4
train,32644,3
train,41571,7
train,11447,4
train,13699,5
train,54676,2
train,22750,4
train,15920,1
train,39446,0
train,19644,9
train,44853,7
train,29526,6
train,12128,1
train,9685,3
train,50310,0
train,16944,1
train,35010,3
train,582,0
train,59378,6
train,5026,6
train,20413,3
train,56870,1
train,45881,6
train,27061,7
train,56141,8
train,26831,3
train,6439,9
train,43896,9
train,35021,8
train,45386,0
train,9169,2
train,18005,5
train,49275,6
train,3421,6
train,36584,4
train,28083,6
train,51507,6
train,16700,7
train,32877,7
train,20847,2
train,32117,7
train,40729,7
train,44953,6
train,45264,3
train,48577,9
train,47524,6
train,12072,1
train,5184,3
train,2284,9
train,4104,5
train,44432,1
train,46643,4
train,18172,5
train,18668,9
train,44893,0
train,23351,0
train,11227,4
train,58897,0
train,39625,5
train,30507,6
train,59001,3
train,40882,8
train,59758,6
train,17351,1
train,26051,7
train,25279,4
train,42612,0
train,6102,6
train,10413,1
train,20686,1
train,23279,0
train,30231,4
train,2107,3
train,40103,0
train,28506,8
train,5671,6
train,11112,1
train,15371,5
train,13121,2
train,2708,1
train,34931,3
train,49324,3
train,56242,9
train,7082,2
train,43382,7
train,39098,6
train,20117,0
train,18538,0
train,13970,6
train,29911,2
train,29435,4
train,25606,1
train,47564,6
train,16961,0
train,55642,9
train,45078,1
train,3809,0
train,15724,8
train,40799,9
train,10277,5
train,22897,0
train,58359,5
train,8328,6
train,6112,5
train,14339,6
train,38284,4
train,26412,3
train,21906,4
train,23989,9
train,29421,0
train,33569,8
train,2474,6
train,22210,6
train,1759,8
train,39170,2
train,44709,3
train,9771,9
train,18771,6
train,13671,6
train,41108,0
train,7311,5
train,59976,6
train,41729,0
train,22875,9
train,17359,7
train,5297,2
train,11091,0
train,42627,3
train,56433,5
train,11196,9
train,58265,0
train,33292,0
train,38315,0
train,9766,3
train,4660,6
train,53084,3
train,46145,3
train,52472,6
train,24481,3
train,7237,1
train,37635,1
train,45765,8
train,23397,2
train,873,2
train,53611,1
train,1581,3
train,38265,9
train,6128,4
train,48674,2
train,49921,7
train,58701,7
train,35636,7
train,27552,4
train,30112,5
train,30016,4
train,54925,7
train,46137,9
train,11836,8
train,51405,5
train,40712,7
train,43229,0
train,18098,4
train,9397,5
train,52214,9
train,16585,0
train,48058,5
train,34782,1
train,59342,0
train,48083,6
train,25376,9
train,56607,9
train,54456,2
train,27905,6
train,18468,1
train,4095,9
train,50350,1
train,58709,8
train,30144,9
train,13863,5
train,44834,8
train,33119,4
train,12384,4
train,43156,4
train,15712,2
train,12823,2
train,39923,5
train,43438,3
train,55655,2
train,25888,7
train,46567,6
train,27429,0
train,48010,7
train,7425,8
train,23446,9
train,27671,3
train,27556,6
train,27147,8
train,11546,8
train,3728,7
train,1972,2
train,19188,1
train,33741,1
train,28689,9
train,40948,2
train,53390,2
train,59137,3
train,55813,9
train,17888,1
train,56825,4
train,2921,5
train,6319,7
train,6289,2
train,42386,6
train,21875,4
train,37901,0
train,44475,2
train,35824,9
train,51697,6
train,46965,5
train,52039,0
train,13249,2
train,57967,3
train,15164,1
train,24267,1
train,38590,0
train,45398,3
train,59470,6
train,58266,1
train,47789,6
train,30644,3
train,10481,6
train,20324,6
train,40009,6
train,9448,9
train,39968,0
train,28051,9
train,15942,4
train,22682,8
train,7847,6
train,57989,6
train,58305,8
train,17465,1
train,25978,0
train,39318,6
train,53463,6
train,15306,5
train,43912,7
train,36899,3
train,46936,1
train,10604,0
train,17157,4
train,32106,3
train,17364,8
train,2551,5
train,49895,5
train,13555,7
train,12361,2
train,34013,9
train,35690,2
train,51453,4
train,17348,8
train,7411,1
train,10575,8
train,48289,8
train,41899,6
train,33654,1
train,11143,1
train,19497,5
train,5825,7
train,38694,6
train,40484,6
train,5986,7
train,17058,1
train,12953,3
train,50856,6
train,7707,0
train,1417,7
train,9689,2
train,29651,1
train,42333,4
train,45863,6
train,57968,1
train,57945,6
train,38664,1
train,30536,4
train,32216,2
train,28495,8
train,25919,0
train,32844,7
train,1569,9
train,34288,5
train,2470,6
train,7848,5
train,52177,1
train,17459,1
train,22359,9
train,40275,8
train,16229,3
train,56868,0
train,19173,5
train,23022,3
train,37875,7
train,57327,5
train,24424,1
train,43620,6
train,58916,0
train,15848,3
train,18759,0
train,52417,4
train,25223,5
train,27203,7
train,2158,6
train,47718,5
train,45619,3
train,29904,2
train,37855,3
train,54520,9
train,48424,5
train,28452,0
train,36064,2
train,25107,3
train,40113,9
train,38628,5
train,52051,1
train,9891,2
train,18686,4
train,12485,4
train,26987,8
train,9985,0
train,12945,9
train,47982,1
train,25729,0
train,57872,3
train,41143,3
train,52068,2
train,23009,0
train,41356,3
train,24888,1
train,46512,1
train,58744,4
train,2681,8
train,51583,7
train,22917,0
train,22916,1
train,26310,1
train,55633,9
train,50460,5
train,57316,8
train,55071,3
train,13385,4
train,12718,2
train,47309,8
train,52872,1
train,56353,0
train,21582,3
train,6491,9
train,35562,3
train,40602,4
train,20260,7
train,6467,3
train,28060,5
train,1393,6
train,45174,9
train,22669,0
train,30139,6
train,7570,8
train,7780,2
train,44577,7
train,50527,2
train,2053,2
train,34992,1
train,19653,2
train,20042,2
train,17343,7
train,57450,8
train,53291,7
train,44993,2
train,41519,6
train,3341,2
train,43039,7
train,23847,2
train,57146,4
train,20694,7
train,52666,7
train,31390,8
train,5730,0
train,13294,3
train,44529,1
train,42726,2
train,50054,8
train,43886,7
train,13266,1
train,52719,8
train,36202,4
train,38125,1
train,46382,6
train,11285,3
train,10015,5
train,52233,6
train,12183,3
train,29419,9
train,57774,7
train,11806,5
train,23675,2
train,57586,0
train,23388,7
train,36892,1
train,31832,8
train,40914,3
train,44615,8
train,40397,7
train,2628,8
train,39270,1
train,47803,3
train,30946,7
train,55471,8
train,6480,2
train,5613,4
train,17661,1
train,52258,9
train,35453,2
train,4142,0
train,1067,8
train,38081,1
train,30088,0
train,40133,5
train,8875,4
train,11189,6
train,47899,9
train,21674,2
train,8554,3
train,54704,3
train,4371,2
train,59935,7
train,26942,3
train,24270,9
train,15901,0
train,22890,9
train,37435,2
train,11244,3
train,49461,3
train,48024,1
train,3589,2
train,14050,2
train,5196,0
train,469,8
train,31928,2
train,41772,5
train,59250,7
train,56681,9
train,59192,6
train,47133,6
train,48976,7
train,34864,2
train,56434,3
train,47223,2
train,8936,3
train,6484,4
train,1741,6
train,7772,2
train,19550,0
train,43306,8
train,24875,8
train,40190,1
train,37645,4
train,51063,3
train,57027,0
train,28288,9
train,7098,9
train,12323,1
train,1709,0
train,26213,2
train,21207,2
train,12479,1
train,9830,2
train,53703,9
train,42175,1
train,5206,7
train,53826,5
train,52691,0
train,50321,5
train,6514,9
train,39084,1
train,17582,3
train,29144,7
train,14264,2
train,8657,4
train,34820,8
train,56761,3
train,20951,1
train,53177,1
train,56791,3
train,20129,9
train,42044,1
train,52452,5
train,45148,4
train,29509,7
train,39046,4
train,48366,6
train,31690,7
train,7480,5
train,12062,7
train,39018,1
train,40170,7
train,1002,1
train,23365,9
train,52441,6
train,25473,1
train,51991,3
train,17833,7
train,11281,0
train,18956,6
train,11858,8
train,38778,8
train,29369,9
train,56275,3
train,28853,9
train,35098,4
train,54804,0
train,12142,0
train,8655,7
train,5441,7
train,57847,0
train,6353,8
train,5291,7
train,50820,0
train,4326,7
train,59640,6
train,43648,5
train,50142,5
train,17573,4
train,8336,6
train,9227,1
train,45634,6
train,1568,4
train,50534,0
train,10374,9
train,41021,9
train,21209,3
train,35371,7
train,59957,3
train,35059,9
train,1995,0
train,29865,9
train,57790,2
train,39664,0
train,15936,3
train,18431,5
train,27501,1
train,51604,4
train,50313,1
train,1779,6
train,14279,8
train,31191,8
train,33557,8
train,51267,9
train,21889,1
train,53983,6
train,9498,7
train,24192,4
train,805,5
train,54552,1
train,33567,1
train,48146,7
train,18040,2
train,45001,1
train,56628,8
train,54278,7
train,11815,4
train,23038,2
train,56122,4
train,25679,5
train,11575,8
train,9260,1
train,59044,1
train,24067,2
train,40542,2
train,51297,9
train,8037,4
train,18639,5
train,36046,3
train,53043,8
train,37052,0
train,42073,3
train,45819,2
train,48677,0
train,35766,5
train,38033,2
train,18373,8
train,8373,1
train,26504,2
train,54214,0
train,50557,9
train,3595,5
train,48831,1
train,37181,5
train,6501,5
train,51041,0
train,21512,3
train,6909,6
train,50271,2
train,2737,4
train,41975,6
train,56178,9
train,43535,1
train,47915,5
train,30154,7
train,56670,7
train,12708,9
train,21983,2
train,10518,3
train,19348,3
train,9629,6
train,24087,4
train,38621,7
train,28340,5
train,11481,3
train,3718,7
train,31738,8
train,49219,9
train,47000,0
train,47578,2
train,13250,3
train,25762,5
train,52047,0
train,5435,8
train,40872,7
train,9266,2
train,49057,3
train,19382,6
train,30847,1
train,53532,9
train,39819,1
train,15976,7
train,49350,3
train,1777,8
train,55262,1
train,31157,3
train,24669,4
train,8198,7
train,1035,3
train,49056,7
train,22383,6
train,48110,8
train,58954,2
train,9618,1
train,52320,0
train,58375,5
train,4237,1
train,7520,2
train,26264,4
train,48714,6
train,13819,7
train,51019,0
train,8987,1
train,16005,9
train,33672,2
train,19234,3
train,16663,3
train,10493,3
train,39266,8
train,38513,5
train,49200,0
train,13972,2
train,23301,0
train,39299,2
train,24463,0
train,9992,7
train,21395,8
train,16770,9
train,56312,2
train,33759,7
train,11223,9
train,5637,3
train,38723,7
train,2606,0
train,45298,8
train,40537,1
train,4133,4
train,35565,1
train,55587,1
train,8949,7
train,5785,1
train,23116,3
train,31841,9
train,20470,3
train,55082,7
train,45179,7
train,6456,6
train,54920,8
train,12444,8
train,47212,8
train,19476,5
train,31110,6
train,45224,6
train,18707,1
train,28976,4
train,3752,5
train,34650,2
train,55112,6
train,16392,1
train,6310,9
train,40573,4
train,59709,6
train,11733,7
train,26746,1
train,58499,9
train,10408,7
train,44790,6
train,25125,7
train,11270,5
train,44763,9
train,54957,7
train,1177,9
train,53658,2
train,2137,9
train,55668,7
train,25296,3
train,30563,6
train,26923,0
train,17273,6
train,47623,2
train,27193,5
train,54707,3
train,37965,9
train,8285,8
train,51177,5
train,37114,5
train,45060,7
train,50571,8
train,10847,3
train,31754,6
train,31613,6
train,6657,6
train,48344,9
train,21431,4
train,12978,5
train,33180,2
train,10160,7
train,6087,7
train,21919,5
train,4874,4
train,31382,7
train,54298,6
train,54007,4
train,44926,9
train,29860,0
train,791,8
train,17370,7
train,19432,2
train,31160,7
train,41344,6
train,42028,1
train,15742,5
train,4208,2
train,46019,5
train,50041,9
train,21536,2
train,3484,4
train,23268,2
train,5652,7
train,48152,6
train,50434,0
train,8900,5
train,56101,0
train,1552,9
train,25429,8
train,34984,5
train,8432,8
train,33122,1
train,33328,6
train,15045,3
train,30882,6
train,44217,6
train,9162,7
train,47730,8
train,28996,4
train,6211,2
train,27476,4
train,57366,2
train,5150,4
train,54264,4
train,3712,2
train,20146,1
train,39087,6
train,26718,2
train,34784,4
train,12533,0
train,46785,0
train,55354,0
train,44659,8
train,10612,4
train,8346,4
train,31509,0
train,26629,3
train,35447,3
train,35650,5
train,20577,0
train,12884,9
train,53966,1
train,9610,3
train,872,0
train,50462,9
train,19822,0
train,42973,4
train,711,1
train,39576,9
train,1004,4
train,44667,5
train,54466,4
train,22015,5
train,53868,9
train,13217,0
train,49592,1
train,34797,9
train,7809,7
train,59594,9
train,85,8
train,22726,2
train,32354,5
train,52767,5
train,51334,9
train,11074,9
train,11147,2
train,38532,1
train,27496,6
train,20547,5
train,44283,4
train,39219,8
train,17346,9
train,676,1
train,46381,5
train,32940,3
train,40460,4
train,38648,5
train,51336,0
train,5337,3
train,7199,8
train,24347,2
train,34830,4
train,57430,1
train,18180,4
train,31068,2
train,57192,1
train,48798,3
train,15916,4
train,5452,5
train,21751,1
train,20350,8
train,30662,3
train,28449,4
train,53165,3
train,43321,8
train,23946,7
train,54213,1
train,24687,6
train,58173,3
train,44173,8
train,58658,0
train,46874,7
train,38253,4
train,5555,7
train,31116,0
train,1559,3
train,30181,9
train,13690,2
train,59582,4
train,10863,1
train,8168,7
train,14420,3
train,3783,4
train,11082,1
train,18089,8
train,6019,9
train,28079,0
train,43241,2
train,49360,5
train,32034,1
train,35692,3
train,24303,2
train,21018,3
train,13050,9
train,40876,9
train,18437,9
train,48462,2
train,37106,8
train,47414,5
train,5884,0
train,918,7
train,32680,3
train,378,2
train,58249,3
train,27067,3
train,51816,3
train,47127,7
train,47676,3
train,43420,6
train,54608,0
train,41582,5
train,18832,0
train,16130,1
train,52592,8
train,34469,8
train,7343,4
train,56784,4
train,44394,6
train,18909,0
train,16796,6
train,13261,6
train,43383,8
train,4794,7
train,19875,4
train,27615,9
train,51580,2
train,44374,2
train,6854,6
train,50286,3
train,10662,1
train,35705,4
train,15365,5
train,11889,5
train,47650,2
train,33278,8
train,12498,3
train,30823,8
train,13815,7
train,17307,7
train,16673,9
train,6963,6
train,24984,7
train,5673,4
train,7563,1
train,34336,6
train,6242,8
train,8261,4
train,13983,3
train,29146,3
train,23505,1
train,53154,9
train,58307,1
train,33055,6
train,1215,4
train,33304,7
train,9052,7
train,55050,3
train,19225,0
train,25630,3
train,31485,7
train,8680,8
train,35729,6
train,36322,4
train,8611,2
train,42844,7
train,50340,3
train,21966,3
train,14831,8
train,39148,9
train,44219,7
train,17105,3
train,25878,4
train,1819,0
train,5334,6
train,15312,9
train,58600,1
train,53715,5
train,32671,5
train,51448,2
train,8442,9
train,58994,4
train,8706,4
train,40464,1
train,59601,6
train,31100,7
train,16824,8
train,29545,8
train,33961,9
train,20437,3
train,9994,0
train,60,4
train,42816,4
train,31846,1
train,26917,7
train,46862,5
train,24740,8
train,50448,8
train,26749,7
train,43230,3
train,36015,5
train,8447,3
train,32438,2
train,15760,3
train,7885,5
train,9500,6
train,56519,6
train,44398,7
train,29867,7
train,41346,6
train,47683,5
train,21868,8
train,50925,8
train,38758,7
train,57593,5
train,10681,9
train,58155,1
train,17680,5
train,15477,3
train,34308,2
train,7620,9
train,59723,0
train,24629,0
train,50379,0
train,36518,4
train,47094,4
train,42318,9
train,4883,3
train,46767,8
train,3605,1
train,26390,1
train,19012,0
train,6849,5
train,38595,1
train,28664,8
train,8576,7
train,38942,8
train,58716,8
train,38294,3
train,29581,7
train,36077,2
train,29738,9
train,18880,1
train,17639,1
train,30472,4
train,34520,6
train,8733,6
train,23084,9
train,29909,1
train,36805,2
train,42741,2
train,52628,0
train,12849,7
train,50324,0
train,21299,0
train,4939,4
train,18414,8
train,43045,0
train,53808,4
train,40518,5
train,36546,7
train,31542,7
train,36581,6
train,13271,4
train,32530,1
train,45512,5
train,47130,5
train,50427,4
train,24,1
train,21477,1
train,54730,3
train,51335,7
train,30477,2
train,45907,1
train,8213,8
train,31694,5
train,46615,7
train,39963,4
train,14590,7
train,32606,2
train,58480,7
train,19636,7
train,49481,5
train,35741,9
train,40570,3
train,42991,2
train,19384,6
train,1011,2
train,41413,6
train,23802,7
train,48153,6
train,27852,2
train,4535,0
train,16265,1
train,48632,6
train,18330,6
train,37399,7
train,13856,4
train,16807,4
train,56212,9
train,6469,4
train,32355,8
train,57419,6
train,5640,3
train,57794,9
train,29265,1
train,37917,0
train,4154,3
train,25522,7
train,29761,4
train,19978,7
train,51679,5
train,34894,6
train,52509,5
train,58998,6
train,56267,4
train,39434,2
train,22798,1
train,46055,7
train,15218,4
train,33374,1
train,24398,9
train,50764,5
train,6163,8
train,18226,1
train,38195,2
train,35112,2
train,8863,0
train,2007,7
train,56930,9
train,7474,9
train,52793,0
train,45930,7
train,59108,4
train,40368,7
train,44760,5
train,38096,7
train,21636,2
train,32303,5
train,52281,3
train,33713,5
train,1601,1
train,24111,3
train,14273,2
train,23527,3
train,19205,3
train,30305,1
train,955,6
train,17882,7
train,17516,2
train,11249,1
train,2797,9
train,14753,1
train,27804,3
train,38377,3
train,48512,5
train,16749,0
train,46996,5
train,54722,3
train,23541,0
train,5164,5
train,58983,3
train,52216,7
train,38641,8
train,44677,1
train,32554,1
train,48251,5
train,18699,5
train,33966,3
train,29861,9
train,22115,2
train,18796,3
train,38441,3
train,12157,5
train,47490,1
train,17129,1
train,52589,4
train,20207,9
train,1347,7
train,48134,5
train,11778,7
train,144,8
train,1465,9
train,15413,9
train,15159,6
train,44734,7
train,5382,5
train,8230,3
train,14628,5
train,34102,4
train,19732,0
train,28468,4
train,35149,1
train,19597,9
train,32328,4
train,56788,9
train,41315,0
train,27967,1
train,58578,6
train,33609,3
train,35251,8
train,23522,8
train,25426,7
train,51110,1
train,29011,4
train,2777,6
train,24437,4
train,50440,7
train,37292,6
train,7868,6
train,29096,6
train,56061,5
train,30768,7
train,48463,2
train,59744,6
train,39675,3
train,379,4
train,8109,8
train,40606,4
train,55127,1
train,12755,4
train,21050,7
train,41717,7
train,24635,3
train,57619,2
train,40698,8
train,4625,5
train,18574,8
train,48777,5
train,1583,3
train,23439,3
train,38271,8
train,59971,2
train,58273,8
train,32171,3
train,375,2
train,28249,6
train,57060,8
train,35491,3
train,52215,6
train,24085,0
train,8492,9
train,40545,7
train,58783,2
train,45281,2
train,39946,5
train,8830,3
train,24709,7
train,29616,5
train,44314,0
train,34847,0
train,32484,3
train,27343,0
train,32500,6
train,2848,7
train,15446,9
train,34805,3
train,1130,3
train,32829,4
train,22882,0
train,54138,9
train,59366,3
train,11357,6
train,50785,8
train,38043,0
train,10748,6
train,11356,5
train,42113,1
train,7077,4
train,47745,9
train,1034,2
train,6451,5
train,20282,9
train,5655,1
train,47430,6
train,23787,7
train,13996,9
train,39871,3
train,42263,4
train,55719,1
train,26173,9
train,39049,1
train,24134,8
train,19060,0
train,49524,6
train,25427,0
train,58071,2
train,27420,3
train,3852,9
train,39398,2
train,28092,9
train,10871,5
train,37350,6
train,11257,2
train,21376,1
train,49961,1
train,27051,8
train,994,7
train,354,4
train,236,5
train,26461,2
train,6124,2
train,15573,2
train,32262,4
train,44873,3
train,44423,9
train,23000,7
train,42463,1
train,30806,8
train,8898,6
train,19929,7
train,19646,0
train,56104,2
train,14975,8
train,22163,8
train,6917,0
train,35903,5
train,57762,3
train,40812,2
train,24100,5
train,53886,7
train,30178,6
train,20220,3
train,8688,6
train,46491,6
train,47553,1
train,10670,4
train,10151,8
train,48497,2
train,15644,9
train,13729,0
train,10011,3
train,44989,6
train,51119,2
train,45729,4
train,21683,2
train,27142,1
train,38379,6
train,12517,2
train,17020,4
train,58033,1
train,39960,0
train,50366,5
train,53584,3
train,24605,0
train,33712,9
train,16444,9
train,59401,4
train,33823,0
train,27533,9
train,17557,7
train,29434,1
train,34172,0
train,380,4
train,50009,4
train,46122,2
train,6063,2
train,32742,8
train,1189,6
train,52212,6
train,43200,3
train,12960,8
train,57828,7
train,2438,9
train,4529,5
train,33537,5
train,48994,6
train,39441,1
train,55796,3
train,23385,5
train,7350,4
train,17079,6
train,47313,4
train,16506,6
train,10535,2
train,12283,6
train,32047,9
train,33914,0
train,59666,8
train,39305,7
train,58554,6
train,15132,2
train,36080,9
train,48278,6
train,22096,4
train,11453,0
train,18758,1
train,8633,1
train,41638,1
train,46644,4
train,41079,4
train,2045,1
train,55316,2
train,18096,6
train,4870,0
train,23945,9
train,24633,2
train,2287,5
train,52664,3
train,42739,7
train,30119,0
train,51960,0
train,49267,2
train,50393,8
train,43930,8
train,25321,8
train,487,9
train,27388,1
train,46772,0
train,20177,1
train,48071,6
train,56165,3
train,40894,6
train,16767,5
train,35322,6
train,17760,8
train,7241,9
train,12489,6
train,51493,1
train,20781,6
train,9948,8
train,11377,3
train,42438,9
train,42541,6
train,26358,3
train,4302,5
train,1279,8
train,32561,2
train,48746,3
train,51290,0
train,48770,3
train,680,4
train,56582,6
train,48842,8
train,54046,4
train,45672,2
train,57859,2
train,57240,5
train,57721,4
train,49167,1
train,16655,5
train,29212,7
train,10093,3
train,19132,2
train,1922,4
train,32624,6
train,47315,8
train,8146,6
train,28105,0
train,729,4
train,13958,5
train,11399,7
train,27549,1
train,24565,7
train,47692,1
train,24922,4
train,57491,0
train,21769,0
train,57812,5
train,50623,6
train,59119,3
train,2337,2
train,49601,0
train,37443,3
train,26250,1
train,59219,4
train,3915,7
train,7501,3
train,13401,2
train,29045,3
train,4169,4
train,5172,9
train,48043,2
train,58296,8
train,6216,3
train,30826,2
train,401,6
train,19365,8
train,19249,4
train,55329,7
train,6141,7
train,19900,0
train,13745,3
train,6411,1
train,58229,0
train,37074,4
train,36878,8
train,27565,9
train,11181,8
train,50839,0
train,14292,6
train,34722,8
train,10898,2
train,46117,3
train,13273,1
train,24049,7
train,37990,6
train,6941,4
train,37658,3
train,8322,9
train,19107,4
train,42732,0
train,22249,2
train,4450,5
train,49871,9
train,47388,1
train,44029,0
train,32293,0
train,28342,8
train,15831,6
train,6776,5
train,43315,1
train,37340,6
train,37969,2
train,20076,6
train,37878,7
train,39001,8
train,41606,0
train,44903,3
train,20051,3
train,44104,9
train,42708,2
train,29401,2
train,11644,5
train,30368,1
train,25953,0
train,33178,6
train,7732,2
train,42315,9
train,52734,4
train,3213,0
train,5246,0
train,27107,9
train,55768,1
train,15811,7
train,51064,2
train,9020,8
train,24557,2
train,23462,1
train,35248,3
train,59555,2
train,40912,4
train,32274,0
train,46472,4
train,46153,7
train,34756,4
train,51632,9
train,17178,8
train,9450,5
train,44713,5
train,42138,2
train,24320,0
train,43267,1
train,31942,9
train,28282,2
train,304,9
train,2224,4
train,47374,7
train,30704,9
train,53404,0
train,30099,9
train,7904,9
train,3844,3
train,9853,2
train,58878,3
train,55747,1
train,41100,0
train,217,4
train,28445,9
train,58012,0
train,41685,1
train,50162,7
train,34006,3
train,50513,8
train,24819,5
train,55439,7
train,46352,4
train,31496,5
train,47124,0
train,53499,6
train,6316,0
train,11627,4
train,5293,4
train,44726,7
train,23982,2
train,27369,6
train,52534,6
train,4788,9
train,25543,7
train,35813,4
train,49697,1
train,16194,7
train,44440,3
train,56663,5
train,25238,2
train,37983,5
train,3791,2
train,869,0
train,16520,0
train,37551,5
train,47185,9
train,28174,3
train,28709,3
train,10041,8
train,17604,4
train,43402,5
train,31292,8
train,14931,9
train,42692,2
train,17729,2
train,8456,1
train,13533,5
train,46670,6
train,40467,8
train,44906,3
train,59537,2
train,35746,0
train,56160,7
train,53488,3
train,15322,3
train,48369,5
train,12065,7
train,35267,5
train,32918,2
train,19191,2
train,12390,7
train,21535,1
train,12995,3
train,6022,8
train,24400,3
train,26415,0
train,7141,8
train,10906,9
train,29963,7
train,57782,9
train,50853,5
train,45893,1
train,20904,8
train,5120,0
train,5386,9
train,51645,8
train,58784,0
train,25442,2
train,52460,7
train,32564,0
train,58610,1
train,56086,7
train,58255,5
train,25210,3
train,47560,7
train,9947,5
train,28009,7
train,56106,4
train,57279,4
train,29461,4
train,58745,1
train,34527,5
train,1171,4
train,56522,0
train,49817,1
train,58631,7
train,54868,5
train,33578,0
train,7855,0
train,39553,3
train,51741,1
train,5587,6
train,9332,1
train,7191,4
train,52169,2
train,47728,8
train,27301,1
train,8591,2
train,39179,9
train,26166,4
train,16274,8
train,23742,6
train,9107,3
train,18976,9
train,10373,5
train,12167,6
train,19174,5
train,31515,3
train,59980,3
train,52204,0
train,17293,0
train,55425,7
train,30256,3
train,48241,7
train,17927,2
train,55340,4
train,10110,1
train,36961,2
train,54030,8
train,38013,6
train,26690,2
train,56273,1
train,9003,0
train,27104,1
train,52099,2
train,50491,3
train,33700,5
train,25798,6
train,53260,4
train,15041,5
train,1531,2
train,40797,0
train,5049,7
train,59239,3
train,11934,9
train,9050,8
train,9248,2
train,2280,2
train,49695,0
train,13459,0
train,22612,2
train,19143,9
train,38227,4
train,17956,0
train,17869,5
train,33926,4
train,622,5
train,32774,8
train,1328,5
train,6178,6
train,28562,7
train,19037,6
train,1237,8
train,28390,8
train,19179,0
train,39322,8
train,23359,4
train,39011,8
train,13565,6
train,51512,9
train,21379,1
train,55107,8
train,55255,6
train,11721,5
train,6813,9
train,56210,6
train,11519,2
train,42324,0
train,45358,2
train,30726,2
train,58639,9
train,4966,3
train,34445,7
train,36161,9
train,8938,5
train,45080,6
train,8335,0
train,33152,8
train,28289,2
train,35506,9
train,3864,5
train,41223,5
train,38024,2
train,57023,6
train,1040,0
train,40667,9
train,11976,6
train,2554,5
train,49048,5
train,55738,6
train,50782,5
train,55613,7
train,15276,7
train,1126,7
train,26686,0
train,46584,8
train,54169,2
train,55366,0
train,21733,8
train,21661,5
train,32610,3
train,48407,8
train,12242,8
train,26539,1
train,57411,8
train,51802,7
train,40511,5
train,4951,0
train,25438,4
train,34459,7
train,49097,0
train,22517,5
train,13659,5
train,8260,5
train,19659,5
train,31635,2
train,1242,1
train,47386,0
train,51313,8
train,10712,1
train,45486,2
train,32517,6
train,39831,5
train,51661,6
train,6039,2
train,53582,4
train,28472,3
train,30000,3
train,4092,9
train,48314,4
train,34106,6
train,14202,0
train,20029,2
train,28279,9
train,35286,1
train,40261,8
train,26566,9
train,14849,1
train,44767,2
train,24783,3
train,28448,9
train,3970,9
train,35728,7
train,10337,7
train,38279,9
train,29949,1
train,18429,7
train,44945,8
train,5244,0
train,44263,5
train,40491,6
train,17376,0
train,58196,1
train,13867,7
train,2103,1
train,11790,5
train,47087,0
train,59471,3
train,41865,4
train,41554,1
train,34925,7
train,20840,0
train,3045,1
train,8790,3
train,34770,8
train,8421,5
train,4489,2
train,35203,7
train,39861,0
train,35041,5
train,39661,1
train,30922,9
train,17619,6
train,12507,5
train,44145,7
train,956,5
train,32990,3
train,17658,8
train,26751,2
train,49086,0
train,12865,7
train,3629,6
train,12218,3
train,16842,7
train,32730,3
train,21322,7
train,5711,0
train,43256,3
train,32492,5
train,31711,4
train,35645,7
train,44400,9
train,24842,0
train,51105,8
train,50967,9
train,5187,0
train,13569,1
train,37975,4
train,14357,2
train,30240,0
train,14995,1
train,24841,2
train,12147,6
train,56966,3
train,3593,1
train,18740,8
train,47249,2
train,48414,0
train,36756,5
train,29362,6
train,49409,2
train,43031,3
train,40625,6
train,3230,1
train,20075,9
train,15373,4
train,2259,6
train,15004,6
train,55291,7
train,55651,0
train,54088,3
train,19472,5
train,10180,1
train,7737,7
train,49920,4
train,20734,9
train,11573,7
train,50229,2
train,38243,7
train,24670,7
train,33932,4
train,38957,4
train,20724,0
train,22974,4
train,17786,2
train,32576,6
train,49587,4
train,59060,1
train,13988,5
train,49080,3
train,19086,7
train,14476,3
train,18582,4
train,37477,6
train,59498,1
train,55286,1
train,11304,0
train,28389,2
train,25221,2
train,1080,1
train,10091,3
train,12280,9
train,4605,6
train,4894,9
train,32667,8
train,24335,5
train,19207,5
train,27961,1
train,44586,9
train,18630,3
train,5859,1
train,49029,2
train,15411,8
train,17034,6
train,8598,2
train,52210,5
train,51690,6
train,31543,4
train,9170,5
train,24719,4
train,38078,2
train,52858,6
train,25585,9
train,57955,8
train,15137,2
train,8394,1
train,55726,3
train,46211,3
train,7640,5
train,2285,8
train,10606,3
train,26145,8
train,46599,5
train,48672,7
train,38528,1
train,10128,0
train,23879,3
train,33076,6
train,1622,9
train,24383,6
train,43303,5
train,37537,7
train,9350,1
train,10462,4
train,23801,4
train,2809,4
train,23156,3
train,21104,8
train,43010,4
train,27449,6
train,4296,7
train,29002,7
train,1504,6
train,47283,8
train,9364,8
train,55561,6
train,50404,1
train,28187,1
train,2585,2
train,35022,3
train,39758,0
train,31623,6
train,1359,0
train,17826,9
train,42083,3
train,20999,4
train,27796,6
train,45698,2
train,41530,7
train,45471,1
train,56195,6
train,28225,4
train,14501,4
train,36183,0
train,47782,2
train,10915,1
train,21635,0
train,22697,4
train,27485,7
train,20410,9
train,41094,5
train,49788,5
train,53130,4
train,7403,7
train,28246,1
train,49532,8
train,33857,2
train,663,4
train,25447,1
train,6664,5
train,20746,1
train,38067,8
train,12118,8
train,542,0
train,453,0
train,28458,3
train,5413,6
train,22327,4
train,2750,7
train,42256,6
train,34547,3
train,832,5
train,48984,4
train,57614,1
train,24673,6
train,5005,8
train,43672,3
train,7766,3
train,30277,9
train,56833,4
train,16887,1
train,5791,8
train,12783,3
train,43488,5
train,1734,1
train,56420,3
train,6636,5
train,48513,1
train,47871,4
train,15251,3
train,27808,7
train,32843,0
train,46546,2
train,31005,5
train,13503,2
train,40055,3
train,52496,8
train,41766,2
train,44088,4
train,14274,4
train,20426,3
train,19420,1
train,23282,8
train,56794,7
train,12561,5
train,3909,7
train,14508,2
train,22570,7
train,45315,0
train,12771,1
train,3369,0
train,25240,5
train,19844,7
train,9292,1
train,6498,8
train,37624,1
train,16046,2
train,25027,1
train,2975,0
train,670,3
train,39423,9
train,6750,3
train,21559,3
train,40446,9
train,23961,2
train,22996,3
train,50520,7
train,6924,8
train,51480,6
train,57227,3
train,10589,5
train,45740,4
train,21253,1
train,51952,1
train,52813,0
train,31251,4
train,54295,8
train,33931,9
train,25815,6
train,34751,7
train,39276,7
train,50280,6
train,57616,8
train,58428,5
train,42902,3
train,52401,8
train,35473,0
train,27080,4
train,27949,9
train,36395,7
train,631,9
train,28762,5
train,54622,3
train,42655,1
train,11773,9
train,13928,2
train,58729,3
train,35353,8
train,29666,1
train,19411,1
train,2096,6
train,28173,4
train,21998,3
train,39449,7
train,52081,1
train,22810,8
train,56911,8
train,28150,6
train,52201,8
train,17177,7
train,1419,8
train,29033,1
train,51307,8
train,20979,0
train,48945,6
train,39110,4
train,23082,2
train,8132,8
train,53123,3
train,28818,0
train,4728,5
train,24791,8
train,48436,4
train,35898,3
train,17880,2
train,58376,0
train,22508,5
train,20740,7
train,5022,7
train,48255,9
train,44523,4
train,12144,0
train,37867,9
train,1528,1
train,41231,8
train,21946,3
train,38266,5
train,18787,4
train,39129,4
train,98,3
train,18607,4
train,11903,9
train,36815,3
train,15592,9
train,52129,3
train,54428,1
train,18384,1
train,10050,7
train,50483,7
train,1638,5
train,39980,1
train,10025,0
train,20443,1
train,58953,1
train,11443,2
train,45309,6
train,37728,1
train,17632,3
train,14796,9
train,12506,3
train,31378,4
train,53578,6
train,10355,6
train,5465,7
train,42938,3
train,5689,4
train,35676,9
train,34192,4
train,15185,2
train,29441,6
train,41018,6
train,15483,6
train,3202,9
train,30821,7
train,28311,4
train,34745,2
train,30414,7
train,7256,9
train,50358,9
train,29298,7
train,25959,6
train,34399,9
train,38365,5
train,35,5
train,35787,5
train,54060,3
train,59183,8
train,41955,2
train,39336,6
train,292,4
train,1479,0
train,8138,7
train,40405,2
train,54905,9
train,59917,9
train,25404,9
train,1840,4
train,58955,3
train,603,0
train,11045,0
train,44538,7
train,43302,4
train,38428,4
train,53320,6
train,10767,6
train,24213,2
train,35907,1
train,16697,2
train,38587,8
train,59847,0
train,36288,1
train,3241,0
train,41618,5
train,53099,8
train,11970,9
train,27969,1
train,22347,1
train,18995,2
train,8957,3
train,9121,1
train,48673,6
train,6076,0
train,58236,9
train,7557,0
train,4295,3
train,3724,4
train,13419,4
train,42822,4
train,51128,8
train,48491,6
train,48818,9
train,46403,3
train,23902,7
train,29123,4
train,4188,6
train,15850,3
train,50687,8
train,30540,3
train,37777,2
train,4461,3
train,44453,1
train,22256,9
train,53359,6
train,16347,5
train,17387,5
train,7149,1
train,41630,7
train,18863,1
train,34060,6
train,7103,5
train,22156,5
train,59111,9
train,28286,0
train,23648,4
train,59061,2
train,17466,0
train,34949,4
train,28891,8
train,3552,3
train,32761,4
train,29359,5
train,26676,5
train,47726,8
train,7653,2
train,41931,8
train,41198,6
train,12334,3
train,4216,0
train,22378,0
train,10959,2
train,30125,5
train,42679,8
train,59887,9
train,12820,4
train,23450,6
train,58112,9
train,26226,9
train,2271,7
train,48167,0
train,15506,2
train,23341,5
train,56549,6
train,35366,3
train,43430,2
train,57110,7
train,28741,6
train,22297,0
train,36398,7
train,32499,4
train,7869,7
train,48576,5
train,32629,7
train,13254,1
train,36406,3
train,36918,5
train,27223,2
train,55968,8
train,26911,4
train,30381,1
train,36334,7
train,34475,2
train,56039,8
train,12534,8
train,42979,8
train,9978,0
train,10643,4
train,10179,7
train,8392,5
train,34286,8
train,11051,1
train,17241,2
train,22692,9
train,27896,1
train,11350,7
train,48346,6
train,14181,1
train,57439,2
train,54735,3
train,2835,7
train,2573,6
train,15878,1
train,7859,2
train,5073,1
train,49024,7
train,10661,5
train,56770,4
train,45365,3
train,51881,8
train,26168,6
train,2415,1
train,29649,5
train,56857,0
train,54425,6
train,49379,4
train,53024,5
train,8010,5
train,46944,0
train,45788,4
train,36893,6
train,36880,9
train,52973,4
train,9890,0
train,20496,4
train,37822,0
train,24838,1
train,4074,7
train,34021,5
train,51245,3
train,56893,4
train,46519,8
train,53056,2
train,32153,1
train,37178,8
train,17223,0
train,40758,8
train,13512,7
train,35024,9
train,20462,9
train,23498,1
train,22620,2
train,15790,1
train,20945,8
train,17371,3
train,56197,3
train,29267,2
train,29250,0
train,16372,3
train,33916,6
train,56030,7
train,59414,1
train,14332,9
train,39295,0
train,58096,9
train,33559,6
train,20345,9
train,52182,0
train,35401,3
train,8327,8
train,21323,2
train,58692,9
train,12022,3
train,48869,7
train,45803,1
train,56346,7
train,23618,4
train,21414,2
train,23599,4
train,43293,2
train,10868,1
train,53244,5
train,52886,7
train,16195,4
train,8139,8
train,14349,4
train,1960,9
train,24355,1
train,850,4
train,33688,2
train,27092,0
train,29723,5
train,37234,2
train,30527,8
train,18065,2
train,10896,3
train,52296,8
train,5499,5
train,19859,0
train,19441,1
train,31894,1
train,11679,1
train,59986,6
train,2821,9
train,14062,8
train,34896,6
train,7760,2
train,25806,7
train,55626,6
train,39859,0
train,2292,7
train,18882,5
train,17199,6
train,56665,2
train,40412,0
train,8539,4
train,59052,1
train,41550,8
train,32725,6
train,39556,5
train,54260,5
train,16560,6
train,11533,1
train,21907,0
train,19671,1
train,34164,1
train,22258,6
train,47614,2
train,53437,9
train,11862,9
train,40944,1
train,8560,4
train,29592,7
train,13549,8
train,30658,4
train,8493,2
train,58569,5
train,17374,2
train,41860,2
train,52930,0
train,56765,5
train,3391,0
train,22286,8
train,16687,7
train,10754,6
train,58911,6
train,37030,8
train,10838,1
train,44522,3
train,1006,4
train,54654,8
train,9399,1
train,52700,3
train,17253,3
train,49501,4
train,52956,2
train,12612,4
train,12643,1
train,13307,1
train,28291,1
train,45648,2
train,52023,2
train,55196,6
train,45057,8
train,36807,9
train,25043,8
train,36566,3
train,40609,6
train,21665,2
train,36231,7
train,18062,4
train,18531,9
train,3358,3
train,40078,3
train,38931,5
train,34292,9
train,6158,8
train,3383,3
train,25058,7
train,13510,1
train,59351,5
train,58964,2
train,41535,7
train,25354,1
train,58132,9
train,14012,0
train,54782,3
train,44531,0
train,46791,8
train,54301,3
train,36605,8
train,33852,4
train,15386,6
train,34129,2
train,15224,1
train,20863,0
train,12185,7
train,46095,7
train,12262,6
train,42819,1
train,32270,8
train,25373,3
train,30065,7
train,33461,9
train,10224,6
train,37714,0
train,52259,3
train,11760,1
train,40810,7
train,22711,7
train,4921,5
train,19695,3
train,45073,2
train,33270,8
train,25624,9
train,15888,1
train,23863,9
train,1864,5
train,8220,9
train,43830,9
train,31196,7
train,547,6
train,5282,9
train,53058,1
train,48174,3
train,56814,7
train,8661,8
train,58482,4
train,39677,6
train,39690,4
train,17629,3
train,19557,8
train,13,6
train,552,1
train,3539,5
train,17254,1
train,33350,0
train,6820,9
train,23154,0
train,30923,0
train,6384,1
train,19519,2
train,6212,2
train,58395,9
train,11342,1
train,54690,0
train,2425,8
train,24364,7
train,23275,9
train,9687,0
train,25778,5
train,44977,4
train,15244,9
train,29187,0
train,14852,2
train,44606,0
train,17176,6
train,23809,0
train,43791,1
train,34463,5
train,18533,8
train,11245,9
train,35446,7
train,29923,9
train,8019,0
train,4368,9
train,22217,2
train,8822,6
train,57566,5
train,51,0
train,38573,0
train,858,8
train,55919,2
train,53919,1
train,5402,9
train,3551,1
train,47587,3
train,29774,6
train,15458,8
train,28877,1
train,10899,4
train,19438,3
train,30317,2
train,42994,3
train,43729,9
train,33079,0
train,43819,4
train,8306,8
train,13277,2
train,39853,2
train,42936,2
train,29174,5
train,21944,1
train,36157,7
train,20052,1
train,31584,5
train,23271,7
train,52194,6
train,59536,0
train,12795,4
train,3012,0
train,47254,2
train,26320,5
train,39603,1
train,41734,9
train,31869,1
train,48473,7
train,44860,4
train,19514,4
train,20079,8
train,46972,9
train,42392,5
train,14083,6
train,1939,9
train,13185,5
train,30535,1
train,37707,6
train,5646,0
train,45382,7
train,32473,8
train,20112,9
train,37453,5
train,3492,0
train,48594,6
train,2230,3
train,26563,6
train,46007,0
train,31193,6
train,33136,0
train,10805,2
train,53528,4
train,56882,1
train,48817,3
train,21589,8
train,53909,6
train,51821,5
train,46449,3
train,47556,9
train,41868,5
train,25004,2
train,27348,8
train,48082,6
train,5146,7
train,49454,2
train,50924,0
train,9361,8
train,32183,6
train,29811,1
train,14528,4
train,10188,0
train,13946,5
train,13733,1
train,2622,5
train,1938,3
train,1469,3
train,1644,3
train,37168,7
train,28706,4
train,59607,2
train,36812,5
train,2687,8
train,12932,1
train,24228,7
train,56650,7
train,46430,0
train,51630,2
train,14010,9
train,39245,4
train,12510,1
train,3041,1
train,56432,7
train,15741,9
train,35463,0
train,46924,5
train,25840,5
train,46009,7
train,6282,3
train,38868,1
train,52489,1
train,47637,9
train,54454,2
train,844,2
train,18885,9
train,55771,3
train,3291,3
train,56830,6
train,24699,7
train,7540,8
train,517,8
train,54284,0
train,10162,5
train,31019,1
train,59189,1
train,48035,7
train,13938,5
train,28104,6
train,47951,5
train,49721,7
train,42997,7
train,21517,4
train,52623,4
train,40791,7
train,45098,8
train,51470,9
train,18914,0
train,22192,1
train,38870,8
train,134,1
train,57858,7
train,21759,0
train,37581,6
train,13027,7
train,6765,9
train,23479,7
train,13021,5
train,27005,7
train,8065,3
train,28111,3
train,41099,7
train,50079,9
train,7764,1
train,51100,2
train,7602,9
train,50762,8
train,43028,9
train,32400,8
train,38680,9
train,52156,6
train,49408,2
train,46573,8
train,32741,1
train,44223,9
train,16763,3
train,51096,6
train,38956,8
train,6028,4
train,50474,2
train,57961,1
train,55834,9
train,14445,0
train,8052,3
train,50320,5
train,17963,7
train,28496,6
train,37559,0
train,44083,9
train,28503,8
train,12259,0
train,33795,3
train,22216,9
train,58867,4
train,45693,1
train,14607,9
train,57727,0
train,15457,2
train,43822,6
train,52297,6
train,40512,7
train,56559,1
train,19660,3
train,31027,9
train,49660,8
train,5580,4
train,22663,3
train,57512,7
train,15044,1
train,1818,4
train,20775,6
train,34664,2
train,14627,9
train,32137,3
train,24443,7
train,49809,3
train,51272,8
train,41301,2
train,6279,0
train,36715,2
train,30336,2
train,22896,1
train,6113,0
train,15385,1
train,37061,1
train,35341,9
train,24329,1
train,35554,1
train,9787,7
train,14622,7
train,11391,0
train,46304,1
train,41340,2
train,47115,5
train,6613,1
train,8642,5
train,21199,0
train,16036,8
train,31890,2
train,44683,8
train,21776,4
train,1862,3
train,10521,4
train,47121,4
train,6767,6
train,19902,0
train,6567,6
train,47594,3
train,15853,2
train,31104,6
train,50569,5
train,58903,1
train,20417,7
train,44965,7
train,18509,0
train,57213,6
train,4123,0
train,4937,3
train,56027,2
train,36186,9
train,49596,0
train,59760,3
train,7281,0
train,52195,5
train,13632,8
train,7988,5
train,15428,1
train,47733,7
train,28589,5
train,32971,8
train,40863,2
train,41627,0
train,48620,6
train,14028,3
train,13439,9
train,54157,8
train,9961,6
train,59097,8
train,52965,1
train,39606,0
train,14135,3
train,48086,6
train,22224,0
train,34506,7
train,11843,8
train,14652,4
train,6537,1
train,42094,7
train,10161,3
train,7355,0
train,274,6
train,37391,9
train,37748,9
train,30967,8
train,16480,9
train,31610,3
train,2601,2
train,33206,5
train,64,4
train,16201,9
train,4406,4
train,33462,1
train,15358,5
train,53829,5
train,43597,2
train,15223,2
train,17395,6
train,36863,9
train,31819,5
train,4648,2
train,15113,7
train,41049,5
train,52964,7
train,41088,7
train,6486,6
train,12831,8
train,28971,0
train,17854,1
train,14013,8
train,17217,5
train,39057,1
train,22362,0
train,31784,1
train,53176,1
train,21225,5
train,23292,7
train,1291,9
train,39465,1
train,56258,4
train,40617,2
train,43751,9
train,3800,1
train,24871,6
train,37289,1
train,32207,0
train,30604,7
train,16031,0
train,12941,7
train,22989,3
train,24611,6
train,55907,0
train,52059,3
train,56373,6
train,17271,3
train,52998,7
train,11705,3
train,5875,3
train,56588,7
train,52384,4
train,51818,0
train,1912,9
train,44882,9
train,21863,8
train,39768,3
train,24638,6
train,18534,7
train,20872,3
train,53449,4
train,208,1
train,56711,5
train,34110,7
train,33284,7
train,16928,0
train,19697,4
train,45680,7
train,23986,3
train,59626,7
train,8033,8
train,18250,6
train,13606,2
train,50827,1
train,4795,3
train,53189,0
train,14899,1
train,48449,5
train,35334,7
train,32760,8
train,59396,2
train,14311,0
train,41793,6
train,44388,3
train,48023,0
train,27526,5
train,13074,0
train,34133,4
train,10173,5
train,20659,1
train,42754,2
train,34651,9
train,41781,3
train,20907,4
train,50234,7
train,14702,2
train,17560,1
train,42937,6
train,6571,6
train,30205,9
train,52952,7
train,47381,5
train,25972,7
train,58579,4
train,42367,9
train,6189,4
train,23073,6
train,12291,4
train,55228,2
train,35544,7
train,22419,1
train,48224,9
train,20195,1
train,12284,5
train,20881,5
train,17085,3
train,26386,6
train,41053,3
train,17831,9
train,18189,5
train,28149,9
train,16222,1
train,49612,1
train,23223,6
train,38556,7
train,17556,6
train,35229,4
train,19049,0
train,53998,9
train,18485,3
train,31531,7
train,56795,2
train,54103,1
train,5228,0
train,35684,6
train,30289,6
train,55772,8
train,32063,1
train,42370,6
train,40582,0
train,13035,6
train,44579,8
train,3165,2
train,16535,6
train,24152,2
train,1325,5
train,17547,8
train,2055,7
train,13680,8
train,15213,7
train,38273,8
train,58832,3
train,41964,4
train,3049,0
train,13444,6
train,4451,2
train,19947,6
train,55531,5
train,35580,7
train,53061,8
train,32756,1
train,23605,8
train,2614,6
train,40452,3
train,51918,3
train,25113,6
train,31147,6
train,41165,3
train,21051,1
train,39369,6
train,56873,7
train,16157,5
train,32685,3
train,53817,8
train,13600,7
train,50629,0
train,6686,7
train,41019,1
train,11895,1
train,7748,1
train,22725,9
train,36491,6
train,47141,1
train,48540,8
train,29847,9
train,49492,9
train,16920,8
train,47082,9
train,11424,4
train,2666,7
train,52789,4
train,3017,2
train,25170,4
train,41617,0
train,29208,8
train,24939,2
train,52908,6
train,18164,2
train,36224,8
train,8870,6
train,5712,5
train,53720,2
train,49252,6
train,7178,4
train,13314,0
train,39784,7
train,32980,7
train,21440,5
train,5994,1
train,44228,9
train,12539,1
train,59244,0
train,19450,2
train,40895,0
train,8722,8
train,22613,7
train,30422,4
train,11384,2
train,3345,1
train,52015,4
train,46207,6
train,2279,5
train,26682,9
train,46594,6
train,58060,2
train,31261,9
train,11800,6
train,51243,8
train,18889,0
train,14051,6
train,5040,6
train,14423,6
train,34403,1
train,25053,4
train,9104,2
train,358,1
train,26908,8
train,9731,9
train,32072,8
train,48756,8
train,43449,2
train,13039,2
train,43616,1
train,2811,1
train,43812,4
train,4715,1
train,23570,7
train,13202,3
train,33243,1
train,36217,5
train,58871,5
train,29455,6
train,54996,3
train,41559,1
train,13475,1
train,32320,6
train,23964,8
train,52305,0
train,27167,3
train,59520,7
train,51219,6
train,26997,9
train,31035,8
train,55858,3
train,26129,6
train,59194,9
train,58623,6
train,25449,7
train,27713,4
train,23433,7
train,54004,0
train,26387,5
train,11949,3
train,57933,2
train,45437,1
train,49191,2
train,32928,2
train,450,1
train,27901,4
train,10513,8
train,53592,9
train,31436,4
train,9706,3
train,20087,6
train,2058,0
train,908,7
train,46173,1
train,35542,3
train,38663,0
train,1672,4
train,9120,6
train,26839,9
train,32215,7
train,33677,0
train,636,7
train,37724,6
train,50451,5
train,19735,1
train,54277,2
train,21710,7
train,40267,4
train,27595,6
train,52621,0
train,24041,7
train,59751,8
train,16566,4
train,59083,7
train,41661,7
train,9111,5
train,31922,9
train,26460,5
train,6346,5
train,53768,4
train,25263,9
train,59156,1
train,24803,2
train,9887,4
train,24173,5
train,36393,0
train,55229,5
train,2978,6
train,19444,2
train,12087,5
train,40766,4
train,54953,3
train,44918,8
train,20850,2
train,45245,8
train,8646,5
train,31741,6
train,51204,7
train,34810,4
train,17578,5
train,52560,6
train,8085,9
train,564,4
train,16756,7
train,17300,4
train,54110,2
train,56436,0
train,30930,6
train,38244,7
train,14559,0
train,1401,9
train,34314,7
train,56692,6
train,13201,1
train,15380,1
train,29189,8
train,42523,6
train,34612,1
train,2910,6
train,19158,1
train,6241,7
train,8724,0
train,52409,0
train,43647,8
train,4050,9
train,3068,1
train,23118,1
train,7792,2
train,12121,4
train,7331,7
train,33651,7
train,11719,3
train,47532,4
train,34562,0
train,24182,2
train,28123,3
train,24066,3
train,24058,6
train,22303,1
train,51902,4
train,3327,6
train,45321,3
train,46934,1
train,27121,8
train,50985,5
train,10852,1
train,54032,6
train,40359,1
train,2122,1
train,18149,6
train,13543,3
train,51414,8
train,27199,7
train,386,8
train,58384,8
train,10431,7
train,50012,3
train,13315,1
train,11253,6
train,58473,6
train,5176,1
train,54977,3
train,27884,9
train,51384,7
train,42122,5
train,4402,6
train,51542,2
train,20192,3
train,48198,4
train,34209,8
train,25480,3
train,10216,4
train,37620,8
train,3014,8
train,39890,0
train,37386,2
train,50713,3
train,54412,4
train,3246,7
train,55902,5
train,46946,9
train,11080,7
train,58128,7
train,40143,7
train,57464,1
train,27140,3
train,42881,1
train,31227,4
train,41224,7
train,10532,6
train,37592,5
train,46638,7
train,45188,7
train,45132,5
train,249,0
train,14126,1
train,49885,5
train,12486,1
train,31646,6
train,34438,5
train,17122,0
train,9215,0
train,39249,2
train,48056,4
train,35675,7
train,21311,6
train,38376,6
train,11811,2
train,29056,0
train,9980,4
train,39050,0
train,59827,1
train,33097,8
train,9937,8
train,44821,5
train,34823,4
train,29724,9
train,29397,9
train,41361,6
train,45981,4
train,35981,8
train,53364,4
train,8778,1
train,58799,5
train,26042,9
train,44721,9
train,12736,5
train,11336,6
train,494,6
train,37467,0
train,20123,0
train,50297,3
train,34426,1
train,36207,5
train,5617,5
train,57098,7
train,5538,9
train,49985,3
train,10547,7
train,4105,1
train,8223,0
train,40006,9
train,32640,2
train,54045,5
train,47260,6
train,2703,9
train,19813,4
train,40947,3
train,1665,1
train,45854,3
train,27376,2
train,26373,8
train,53477,4
train,59958,1
train,23168,6
train,45206,2
train,42018,4
train,12700,3
train,28697,7
train,28763,0
train,3302,9
train,5497,3
train,40236,4
train,41191,0
train,16402,0
train,48935,3
train,43577,1
train,24891,9
train,34,0
train,26240,5
train,19493,7
train,41937,2
train,42187,4
train,3710,2
train,39294,7
train,39063,4
train,47655,3
train,22277,6
train,17313,4
train,48717,7
train,5985,2
train,57780,1
train,25621,4
train,53158,3
train,51037,2
train,43669,7
train,28704,6
train,36928,1
train,53051,0
train,23620,5
train,13376,3
train,13814,7
train,8395,3
train,43038,4
train,39055,0
train,49319,9
train,2118,7
train,1803,7
train,8166,1
train,33695,2
train,2236,4
train,58652,6
train,53799,2
train,27273,9
train,19137,8
train,9577,6
train,20491,8
train,17389,3
train,1913,5
train,44131,1
train,19006,0
train,12762,6
train,29742,4
train,38209,4
train,3794,6
train,5161,7
train,52951,6
train,45792,2
train,36290,0
train,1986,6
train,8134,0
train,4977,7
train,35802,2
train,39881,5
train,17323,9
train,27098,7
train,45635,6
train,45780,5
train,51642,2
train,50134,4
train,2168,7
train,59629,4
train,9150,9
train,12920,3
train,5260,6
train,10727,7
train,43754,8
train,412,4
train,21503,4
train,12391,7
train,21859,9
train,53342,9
train,21888,4
train,24906,3
train,49114,8
train,5034,8
train,17593,3
train,50608,1
train,37024,1
train,58488,6
train,59479,2
train,56291,1
train,15534,3
train,35778,0
train,32825,2
train,11326,1
train,26998,3
train,2889,1
train,12434,1
train,18595,8
train,26497,6
train,59062,3
train,42045,0
train,3184,4
train,7363,1
train,4189,7
train,39356,6
train,9595,4
train,59585,0
train,3267,7
train,17337,1
train,27836,1
train,39657,9
train,19507,1
train,56033,5
train,7771,3
train,54053,5
train,45168,8
train,21614,0
train,49763,3
train,33626,4
train,20214,7
train,23525,2
train,31301,5
train,18075,1
train,10434,5
train,7512,8
train,12590,1
train,57777,6
train,35591,8
train,15950,8
train,4886,6
train,4076,5
train,52881,8
train,45744,7
train,9984,4
train,3959,8
train,41986,1
train,33702,4
train,30816,2
train,2579,9
train,31557,6
train,8761,8
train,56245,3
train,14529,3
train,3932,6
train,21147,2
train,53060,7
train,42464,4
train,43476,3
train,5369,8
train,56515,3
train,38815,2
train,16468,1
train,51788,6
train,31454,2
train,23644,4
train,50834,3
train,27619,1
train,47292,9
train,51359,2
train,59337,0
train,38625,9
train,47563,8
train,17929,3
train,49442,9
train,9415,1
train,10181,7
train,55661,5
train,108,0
train,16562,1
train,51052,0
train,39448,9
train,12536,3
train,26393,6
train,34212,8
train,50650,5
train,17765,8
train,10907,1
train,26318,6
train,15279,2
train,58064,3
train,29856,9
train,5749,1
train,26492,1
train,18234,5
train,33669,0
train,47684,3
train,59482,5
train,7550,8
train,11230,2
train,32245,1
train,8405,3
train,34882,5
train,7759,6
train,47537,7
train,7561,1
train,22114,3
train,53478,7
train,54794,2
train,50767,9
train,26281,4
train,25530,2
train,39332,6
train,10734,3
train,38858,8
train,23406,4
train,10964,4
train,21152,4
train,9394,9
train,15823,2
train,35843,8
train,2689,4
train,47152,8
train,8343,0
train,54915,3
train,25291,3
train,11233,3
train,58967,9
train,4143,6
train,47765,8
train,36839,5
train,46749,4
train,53865,8
train,14804,6
train,23551,7
train,16531,4
train,32903,6
train,14581,7
train,3766,8
train,18980,1
train,2196,6
train,34757,1
train,2240,4
train,59393,8
train,33407,3
train,31948,6
train,9869,0
train,7137,5
train,50605,7
train,52781,6
train,34598,9
train,17576,4
train,29765,3
train,22752,0
train,53095,6
train,58079,3
train,47674,4
train,31111,4
train,58946,3
train,20805,3
train,51017,0
train,15530,0
train,48290,9
train,24017,3
train,16035,9
train,27982,0
train,38381,2
train,15507,1
train,23894,2
train,15356,1
train,28790,7
train,46498,4
train,12020,0
train,17787,3
train,31508,2
train,12315,9
train,4899,7
train,30096,9
train,21034,5
train,7711,6
train,23215,8
train,51616,3
train,41174,7
train,14803,3
train,54420,6
train,54883,5
train,3281,8
train,34507,4
train,20085,0
train,42584,1
train,24336,3
train,21848,0
train,23633,5
train,49217,8
train,35888,6
train,40662,3
train,21873,5
train,25999,6
train,37130,8
train,9283,7
train,32338,1
train,51659,5
train,51300,7
train,5871,3
train,20226,7
train,23443,7
train,55824,6
train,47697,1
train,34775,0
train,45476,0
train,55351,4
train,33322,4
train,56308,1
train,5545,2
train,56396,8
train,28514,7
train,39059,2
train,46637,1
train,26501,0
train,23169,5
train,6796,6
train,583,9
train,43914,6
train,26035,4
train,15338,6
train,23611,9
train,30832,2
train,20673,3
train,25901,6
train,5623,4
train,43336,1
train,16553,5
train,26217,4
train,29433,5
train,24631,1
train,10991,6
train,4597,0
train,18502,7
train,55506,5
train,18343,3
train,1094,4
train,4853,8
train,45328,3
train,40013,4
train,35707,5
train,37729,3
train,40674,5
train,2347,7
train,44874,8
train,48183,1
train,16751,9
train,33642,9
train,47787,2
train,1992,4
train,23222,2
train,27977,3
train,43387,0
train,10546,5
train,9818,6
train,9219,8
train,30060,7
train,42992,6
train,58630,4
train,45749,4
train,49541,9
train,49733,4
train,24188,0
train,57274,9
train,40382,3
train,50255,7
train,616,4
train,38748,9
train,4412,1
train,18632,2
train,58481,1
train,7856,8
train,29531,8
train,15624,8
train,33851,7
train,48351,8
train,7542,1
train,38059,5
train,8885,0
train,23155,7
train,45833,0
train,16985,4
train,22121,6
train,48763,4
train,6149,9
train,30849,0
train,16918,9
train,57198,6
train,810,6
train,6911,7
train,22971,7
train,12717,7
train,23696,4
train,51710,1
train,10536,5
train,31322,4
train,27721,2
train,15153,2
train,43524,8
train,40889,6
train,9086,7
train,16332,6
train,39342,2
train,2912,5
train,44383,5
train,48239,6
train,13377,0
train,20538,3
train,24543,4
train,19884,1
train,56077,7
train,11217,0
train,39566,3
train,31106,4
train,31350,0
train,22879,1
train,27758,7
train,8326,6
train,3520,6
train,42684,4
train,37791,5
train,42068,2
train,51988,7
train,14053,7
train,3091,4
train,35811,1
train,43259,9
train,29671,3
train,13285,3
train,42270,0
train,38773,5
train,10004,9
train,14819,2
train,38878,8
train,59833,2
train,30054,2
train,11445,1
train,54093,8
train,5527,1
train,12996,5
train,52140,4
train,34496,9
train,51168,9
train,7948,0
train,31255,6
train,59226,6
train,55237,7
train,30972,2
train,59715,3
train,4967,8
train,22741,3
train,50862,0
train,54522,7
train,12279,4
train,54099,7
train,53440,8
train,52876,4
train,7130,0
train,56094,4
train,13396,8
train,52495,2
train,246,0
train,56364,4
train,54831,2
train,9336,5
train,26871,3
train,27645,3
train,31544,3
train,53785,0
train,31600,8
train,18588,3
train,4036,8
train,980,9
train,33346,4
train,33691,2
train,47416,7
train,1580,4
train,1435,6
train,48182,9
train,31133,2
train,27308,4
train,25708,3
train,22197,4
train,55480,7
train,19263,3
train,25916,2
train,30817,5
train,19115,2
train,48263,0
train,35805,3
train,23937,6
train,1790,8
train,40074,0
train,40951,2
train,37141,0
train,32541,0
train,6709,1
train,58437,9
train,6380,1
train,44657,2
train,4774,7
train,33330,0
train,56310,5
train,21900,6
train,46353,9
train,47550,8
train,49376,3
train,14808,8
train,14667,9
train,3343,7
train,12174,8
train,34299,5
train,30455,0
train,14729,0
train,54041,4
train,8613,2
train,48008,2
train,14401,3
train,5596,7
train,2880,6
train,8814,6
train,28991,7
train,42682,8
train,4693,9
train,21718,9
train,46789,8
train,11064,5
train,40870,2
train,28239,9
train,17570,9
train,17031,7
train,45774,3
train,59762,0
train,55652,9
train,19866,3
train,26764,9
train,20477,7
train,3317,7
train,2187,7
train,58047,4
train,57519,6
train,15981,4
train,51080,7
train,45601,3
train,21755,6
train,47696,0
train,54128,2
train,4264,4
train,17954,4
train,32418,2
train,45231,4
train,1678,0
train,23361,5
train,22742,2
train,24083,1
train,4369,3
train,56388,0
train,18642,8
train,51556,1
train,34278,7
train,26139,0
train,25803,0
train,18460,2
train,15956,8
train,31643,7
train,57822,0
train,55795,5
train,11236,1
train,28205,7
train,32777,9
train,6413,1
train,24460,8
train,32389,8
train,56158,0
train,22527,7
train,9756,2
train,29697,1
train,58599,0
train,15614,2
train,21885,7
train,25360,8
train,32455,6
train,32392,1
train,9772,2
train,58570,1
train,32132,5
train,4602,1
train,36194,9
train,58287,2
train,46307,5
train,50408,9
train,28532,7
train,17427,9
train,40926,3
train,47779,4
train,25552,3
train,29414,0
train,36659,4
train,9426,7
train,31939,9
train,46794,8
train,3485,6
train,53615,0
train,16056,6
train,17215,4
train,19378,4
train,5400,2
train,50484,5
train,59390,2
train,50653,4
train,20144,4
train,51557,7
train,46327,7
train,34880,7
train,5704,9
train,10205,1
train,53399,0
train,6233,3
train,13167,6
train,49173,6
train,34513,1
train,36790,4
train,12897,0
train,49087,1
train,59639,0
train,41403,9
train,59965,1
train,55614,8
train,9888,7
train,57096,2
train,6878,7
train,4997,2
train,55141,4
train,45221,1
train,21518,7
train,45502,1
train,9672,2
train,16960,1
train,16291,3
train,8026,4
train,10052,3
train,41090,1
train,47197,0
train,15095,1
train,58724,6
train,9996,8
train,30208,9
train,57323,7
train,6834,1
train,48834,0
train,50613,3
train,7235,5
train,43140,3
train,18990,4
train,11874,3
train,28712,8
train,4491,3
train,37154,1
train,42282,7
train,10006,1
train,2722,9
train,54378,7
train,44127,0
train,46590,6
train,54777,4
train,32614,5
train,891,1
train,41120,4
train,13773,3
train,18324,0
train,21476,1
train,10292,9
train,23564,2
train,6791,0
train,13272,1
train,25272,2
train,5135,2
train,39371,7
train,4589,9
train,53711,3
train,811,3
train,53517,8
train,48850,5
train,311,6
train,45655,3
train,9736,2
train,1218,3
train,35383,8
train,18047,8
train,8365,8
train,51129,1
train,57932,3
train,3882,0
train,39585,8
train,50412,3
train,22181,7
train,41585,1
train,20361,1
train,6841,2
train,16738,4
train,48114,6
train,49441,1
train,28645,9
train,14699,9
train,5750,6
train,49844,9
train,36365,7
train,5476,8
train,22304,3
train,50001,8
train,15492,0
train,49716,0
train,50915,3
train,54531,3
train,59761,9
train,27405,6
train,51775,5
train,59447,8
train,11405,1
train,25038,2
train,12566,5
train,51573,0
train,54778,4
train,40250,9
train,15452,7
train,23646,6
train,36005,3
train,7384,7
train,45150,3
train,8208,4
train,45071,9
train,20009,3
train,22262,4
train,21595,9
train,23835,1
train,5267,6
train,39214,5
train,8756,3
train,21659,8
train,33331,3
train,35527,1
train,21180,6
train,20187,6
train,40157,6
train,33515,7
train,46162,2
train,10150,4
train,33802,8
train,1762,4
train,5147,0
train,43167,9
train,26423,7
train,2487,6
train,27186,2
train,42972,6
train,33265,4
train,57004,3
train,21306,3
train,46180,5
train,22699,4
train,29053,8
train,20649,3
train,31955,6
train,58369,9
train,16675,2
train,18821,6
train,54750,5
train,23323,2
train,42858,4
train,28497,6
train,59499,2
train,17099,5
train,53435,9
train,14662,9
train,21987,9
train,35206,6
train,33660,7
train,6575,1
train,3765,2
train,18156,8
train,6403,7
train,10178,7
train,34914,7
train,953,3
train,8023,5
train,49491,7
train,21029,0
train,40327,1
train,11302,8
train,10567,2
train,57321,0
train,47081,5
train,11896,2
train,7930,0
train,972,8
train,33662,2
train,16025,2
train,12818,5
train,39241,4
train,9634,4
train,47905,1
train,52178,7
train,14846,1
train,5736,3
train,3900,1
train,6287,7
train,19799,6
train,1706,6
train,10537,1
train,7319,4
train,4901,9
train,35077,5
train,33761,4
train,6801,8
train,33012,1
train,17555,2
train,22283,9
train,38497,0
train,46762,9
train,4601,5
train,15002,1
train,45291,6
train,27869,2
train,31217,3
train,25786,1
train,44264,4
train,46312,5
train,31996,7
train,48074,1
train,40490,3
train,21045,8
train,4740,3
train,54444,3
train,24363,6
train,1822,1
train,30999,8
train,56586,5
train,4376,5
train,49444,7
train,31551,9
train,18670,6
train,1147,9
train,37648,4
train,52447,9
train,31320,9
train,37866,9
train,15622,4
train,58026,2
train,57313,6
train,30760,3
train,35737,1
train,27838,3
train,19779,2
train,17310,9
train,19399,0
train,16660,1
train,52608,5
train,47509,6
train,10561,8
train,48529,0
train,30508,1
train,26170,2
train,29327,6
train,54517,9
train,47900,2
train,19030,9
train,29710,9
train,54179,4
train,47742,3
train,19098,9
train,58084,3
train,14393,0
train,49467,3
train,13599,7
train,31652,9
train,40683,3
train,5100,7
train,26968,1
train,12278,7
train,47875,1
train,49110,0
train,44052,4
train,59264,7
train,14038,1
train,52413,2
train,15501,8
train,38456,9
train,20057,6
train,39350,8
train,54677,9
train,29070,8
train,38431,6
train,6466,2
train,45763,2
train,23985,7
train,53470,5
train,51387,6
train,2080,5
train,16639,8
train,57696,8
train,30345,6
train,37839,1
train,29310,5
train,1641,8
train,35279,2
train,38100,0
train,42712,8
train,56284,8
train,8416,9
train,44929,8
train,39932,9
train,26523,8
train,13903,1
train,53991,6
train,21429,7
train,19868,5
train,47299,4
train,32738,7
train,30804,9
train,16951,8
train,58752,8
train,34950,1
train,50609,4
train,59246,7
train,23848,8
train,33699,9
train,15988,8
train,41635,0
train,49384,1
train,10644,3
train,18891,2
train,44973,9
train,15175,1
train,21315,8
train,6025,4
train,25922,3
train,540,3
train,21206,5
train,4127,9
train,10952,4
train,50495,2
train,7580,6
train,38353,9
train,41556,0
train,32094,4
train,58576,1
train,6002,1
train,54124,6
train,26717,1
train,23044,0
train,14547,9
train,32687,7
train,14943,9
train,38670,3
train,18281,8
train,8385,0
train,53031,4
train,53445,8
train,31940,4
train,18108,3
train,26591,7
train,7522,6
train,9870,9
train,46201,7
train,2586,0
train,11046,4
train,30637,4
train,24257,6
train,36479,7
train,3569,2
train,12220,6
train,19148,8
train,11840,9
train,27166,7
train,4915,2
train,48539,6
train,27502,5
train,52366,2
train,30047,1
train,13500,4
train,25393,6
train,18874,9
train,2172,5
train,39061,3
train,31356,0
train,237,4
train,24881,2
train,33650,4
train,52801,2
train,36516,5
train,46846,4
train,27738,4
train,49066,6
train,12942,3
train,2087,3
train,4156,3
train,45837,0
train,39547,8
train,39359,3
train,48205,9
train,981,7
train,4307,9
train,16389,4
train,2272,5
train,35109,1
train,49487,8
train,25297,6
train,52542,6
train,37406,8
train,36139,7
train,42795,0
train,4833,4
train,17744,4
train,50066,7
train,17901,3
train,36336,4
train,32865,4
train,906,4
train,15388,3
train,53685,0
train,12021,5
train,57720,0
train,6199,8
train,7219,0
train,21627,4
train,4486,1
train,46571,0
train,28908,9
train,13831,3
train,21317,9
train,17912,2
train,31231,6
train,41803,5
train,7794,3
train,3418,1
train,27805,0
train,25699,9
train,8384,6
train,14749,0
train,9934,0
train,37122,8
train,44033,2
train,27545,8
train,50298,0
train,51009,8
train,38993,0
train,49804,8
train,30900,5
train,8737,4
train,18687,3
train,14936,1
train,50738,8
train,10220,1
train,43096,8
train,3946,4
train,41705,8
train,818,0
train,25967,5
train,22423,9
train,43991,3
train,48006,6
train,36150,7
train,36882,0
train,33382,8
train,43437,6
train,50403,3
train,55038,3
train,24392,6
train,43111,5
train,47878,9
train,11390,6
train,45809,3
train,24040,7
train,50436,9
train,6389,5
train,57191,2
train,442,4
train,22951,5
train,9620,3
train,8531,0
train,1654,1
train,1642,6
train,54870,8
train,113,1
train,14709,5
train,47493,3
train,56338,1
train,58000,2
train,29329,5
train,41153,8
train,36667,0
train,26273,8
train,32699,5
train,25183,6
train,33732,0
train,43177,6
train,36234,7
train,58810,1
train,8094,3
train,37222,6
train,21884,1
train,59668,9
train,8103,5
train,54867,3
train,52828,3
train,43072,8
train,38806,1
train,58874,3
train,59707,3
train,48505,6
train,47443,2
train,48764,4
train,53632,0
train,6536,4
train,12471,7
train,28064,7
train,11956,4
train,24845,8
train,5024,9
train,27305,0
train,23314,9
train,25382,4
train,7810,8
train,3394,1
train,15899,9
train,51997,0
train,39330,2
train,23393,4
train,13934,8
train,58293,8
train,10323,0
train,24026,8
train,1858,7
train,20038,5
train,32748,5
train,31432,1
train,47158,1
train,9953,3
train,34317,7
train,6943,8
train,15927,4
train,27678,8
train,9032,0
train,26728,0
train,28220,7
train,19092,3
train,27508,8
train,7201,9
train,2680,6
train,1335,7
train,585,4
train,11433,1
train,19570,8
train,23960,1
train,13429,9
train,21872,9
train,35970,2
train,28429,7
train,9842,1
train,11529,8
train,43678,6
train,9884,1
train,23988,0
train,47874,9
train,36710,8
train,21742,2
train,13881,6
train,7273,6
train,31856,6
train,42504,8
train,58707,3
train,1719,7
train,14938,2
train,33397,6
train,41379,7
train,49570,3
train,35521,8
train,9461,4
train,20313,2
train,31459,7
train,5107,1
train,17042,1
train,33950,7
train,17298,5
train,21210,5
train,22278,2
train,38634,6
train,31056,2
train,46012,1
train,1807,1
train,4256,3
train,22013,0
train,26131,5
train,17740,4
train,49437,1
train,21499,4
train,53318,6
train,9458,0
train,36561,6
train,34194,8
train,7907,5
train,21852,2
train,56524,3
train,14204,5
train,36665,6
train,47864,6
train,4993,1
train,56032,5
train,45427,8
train,42435,1
train,8374,2
train,3269,0
train,36754,8
train,41330,2
train,15543,4
train,39097,2
train,25077,6
train,54576,1
train,30766,5
train,34184,9
train,43996,2
train,23573,8
train,14542,4
train,23810,3
train,2003,4
train,10742,5
train,36321,2
train,9535,7
train,1429,3
train,22471,9
train,46517,2
train,54208,3
train,20613,2
train,18643,2
train,54746,3
train,41875,9
train,2274,9
train,7464,4
train,19001,5
train,49092,4
train,1579,1
train,45797,5
train,52238,0
train,5551,5
train,47001,4
train,37720,8
train,8524,3
train,38880,9
train,32156,5
train,3960,6
train,1600,0
train,14886,9
train,28915,8
train,28740,0
train,21366,2
train,23617,9
train,22979,5
train,34112,5
train,29844,3
train,36524,0
train,20198,8
train,42336,2
train,117,2
train,38736,1
train,55261,5
train,24175,1
train,34794,8
train,56391,3
train,2067,8
train,114,0
train,15074,7
train,58575,0
train,45462,2
train,51301,0
train,37413,5
train,41243,5
train,14396,8
train,599,7
train,40379,4
train,38812,4
train,5447,7
train,45487,9
train,44386,4
train,53017,2
train,55792,9
train,41409,1
train,47521,4
train,12635,0
train,51681,6
train,31086,5
train,34725,1
train,58224,6
train,15515,8
train,19027,0
train,17487,1
train,31791,3
train,7813,0
train,43078,4
train,35456,2
train,1905,9
train,16768,6
train,2608,4
train,2163,6
train,28998,2
train,30959,7
train,56596,4
train,8923,3
train,33594,3
train,16589,4
train,15037,7
train,4898,3
train,9602,3
train,18611,6
train,861,3
train,18715,0
train,55595,9
train,5698,0
train,13794,7
train,32744,2
train,14608,6
train,40819,1
train,28387,1
train,32374,9
train,59316,2
train,8218,1
train,19968,1
train,49176,8
train,41074,2
train,42985,0
train,9674,1
train,5213,6
train,42549,7
train,48657,8
train,56414,9
train,26376,1
train,23697,6
train,37137,5
train,39944,0
train,11075,3
train,1961,5
train,55805,0
train,1163,4
train,47641,5
train,4068,3
train,10225,4
train,23421,6
train,13443,4
train,36577,4
train,24915,1
train,16838,1
train,19013,2
train,54445,0
train,4004,5
train,5514,0
train,8992,1
train,41476,3
train,17147,9
train,29525,5
train,46741,9
train,42226,8
train,5521,8
train,40269,9
train,57877,3
train,42219,2
train,21690,3
train,29,7
train,15951,6
train,42301,2
train,29718,0
train,49480,4
train,53807,4
train,36898,1
train,51066,6
train,27879,1
train,34986,8
train,19322,9
train,39729,7
train,41309,7
train,8835,5
train,29829,8
train,17668,8
train,48655,8
train,53688,3
train,47148,9
train,28330,9
train,35857,0
train,31260,8
train,5225,1
train,15491,0
train,20015,8
train,54229,0
train,59340,8
train,49571,7
train,27733,8
train,31045,1
train,19251,7
train,15787,4
train,43874,2
train,45979,3
train,14271,1
train,24622,6
train,3769,7
train,44752,5
train,47261,9
train,53197,6
train,42093,1
train,56936,6
train,9704,4
train,42469,3
train,9728,9
train,11364,2
train,17413,1
train,15077,3
train,43308,5
train,6676,0
train,38511,6
train,59002,5
train,4771,9
train,12753,9
train,36282,9
train,16255,6
train,5831,3
train,7345,1
train,10875,9
train,49782,2
train,26265,2
train,37439,3
train,46066,9
train,6192,1
train,31053,5
train,1636,7
train,30771,8
train,24346,0
train,23688,6
train,18027,9
train,1125,7
train,34631,4
train,6252,2
train,22764,0
train,50602,5
train,32423,0
train,19781,9
train,28874,5
train,7424,1
train,20312,7
train,4202,1
train,54069,9
train,26203,8
train,53512,2
train,15255,1
train,41489,2
train,31586,6
train,20760,1
train,11003,0
train,62,6
train,31402,5
train,32077,2
train,59523,1
train,8718,7
train,41216,2
train,8383,1
train,48440,5
train,42533,8
train,55957,9
train,48581,4
train,33797,7
train,37071,6
train,59646,7
train,46023,9
train,23200,5
train,58699,9
train,3925,9
train,26699,7
train,8817,6
train,15639,3
train,36920,9
train,3598,9
train,55426,7
train,59112,1
train,2078,2
train,14766,8
train,45118,5
train,22412,1
train,32863,1
train,22759,7
train,4890,4
train,45508,3
train,54803,1
train,44212,7
train,1714,2
train,50753,2
train,34997,7
train,39965,5
train,21835,9
train,42216,4
train,36644,3
train,5751,2
train,49479,4
train,11920,0
train,26112,5
train,4698,8
train,56527,9
train,11857,1
train,32204,1
train,35204,6
train,50580,6
train,31651,5
train,25189,1
train,43260,6
train,20149,4
train,56192,1
train,42049,5
train,20886,0
train,21265,7
train,47609,5
train,4008,0
train,17959,9
train,22911,7
train,55924,4
train,4970,1
train,10889,8
train,43738,9
train,4516,7
train,5889,6
train,35613,3
train,39514,4
train,47628,3
train,13488,3
train,47161,7
train,41855,9
train,21432,8
train,39361,4
train,53633,4
train,56427,2
train,1078,0
train,1422,7
train,843,3
train,2677,9
train,52286,9
train,17094,5
train,40597,2
train,54536,7
train,18252,3
train,5634,6
train,36720,9
train,709,0
train,18941,4
train,46766,4
train,9957,4
train,36172,9
train,18750,0
train,58069,9
train,1076,0
train,45190,0
train,41422,9
train,15106,7
train,17239,5
train,17414,5
train,36838,6
train,14537,4
train,30615,5
train,25809,3
train,1404,8
train,5854,4
train,21423,9
train,14303,3
train,49021,2
train,25993,3
train,48464,1
train,35632,0
train,35140,6
train,28234,2
train,41980,5
train,11805,7
train,24491,2
train,36072,2
train,58460,5
train,11213,8
train,53079,8
train,2630,1
train,23299,4
train,21337,6
train,26413,5
train,22219,3
train,14267,2
train,46625,0
train,13408,0
train,25949,3
train,34646,3
train,45276,0
train,41406,0
train,47395,3
train,13536,6
train,32486,1
train,34989,0
train,58585,2
train,8045,8
train,1466,6
train,58140,7
train,7254,0
train,43084,5
train,27030,8
train,30533,2
train,40444,4
train,24009,9
train,31597,1
train,4968,9
train,35032,7
train,46081,7
train,35644,2
train,48343,7
train,32099,7
train,7906,7
train,44393,2
train,5820,3
train,39293,9
train,24283,5
train,41010,3
train,12040,1
train,21055,3
train,15395,9
train,59770,6
train,19396,5
train,48686,2
train,37485,4
train,29641,3
train,15010,3
train,57157,6
train,36952,4
train,53693,4
train,18113,0
train,31174,1
train,13715,6
train,45141,6
train,43508,5
train,13864,4
train,27690,3
train,4251,6
train,5760,1
train,6661,9
train,37116,1
train,47134,9
train,11169,3
train,28258,5
train,21592,9
train,3346,9
train,39997,9
train,9569,2
train,44716,3
train,20240,2
train,34602,5
train,25980,0
train,20431,6
train,1190,6
train,39629,5
train,44427,8
train,5203,0
train,53104,3
train,11434,4
train,38176,6
train,34218,2
train,17904,3
train,34029,8
train,20567,9
train,26613,2
train,35608,5
train,43997,3
train,31746,5
train,22328,1
train,173,5
train,54081,9
train,7487,4
train,11383,8
train,8750,9
train,39531,0
train,20663,6
train,59164,9
train,4255,7
train,4830,9
train,19851,6
train,37054,3
train,19358,8
train,7484,2
train,15594,5
train,30890,4
train,43700,4
train,27236,8
train,27933,1
train,37441,1
train,53893,0
train,51097,5
train,12662,0
train,57102,4
train,59251,6
train,34126,9
train,1255,2
train,38554,1
train,25869,4
train,35936,0
train,50437,1
train,17781,3
train,34498,4
train,12061,9
train,14798,2
train,3133,2
train,39669,2
train,21836,5
train,53748,2
train,11243,2
train,8937,1
train,46261,9
train,50367,1
train,17504,5
train,50438,7
train,53426,4
train,40571,8
train,2867,7
train,43298,3
train,40829,0
train,51321,3
train,32076,8
train,23349,9
train,54760,7
train,27219,7
train,43341,7
train,19952,4
train,2440,0
train,6831,8
train,54793,9
train,1420,5
train,58816,7
train,15103,0
train,51475,6
train,23371,2
train,19721,2
train,43009,4
train,10430,3
train,41819,0
train,12515,9
train,40765,3
train,6848,5
train,53756,8
train,20461,1
train,51212,2
train,1857,0
train,31857,0
train,46434,1
train,14049,5
train,11535,3
train,11156,1
train,50174,9
train,9759,3
train,37726,5
train,27648,5
train,19223,8
train,59874,4
train,3814,6
train,22501,9
train,46758,8
train,4466,9
train,28880,7
train,31918,9
train,16945,3
train,39238,8
train,63,0
train,39126,5
train,10788,7
train,29528,3
train,25287,1
train,26295,1
train,55989,8
train,33484,6
train,12593,3
train,15756,6
train,21173,1
train,34606,2
train,51420,7
train,12836,3
train,56238,9
train,10461,7
train,15237,0
train,59103,0
train,50349,9
train,14382,8
train,22981,0
train,19648,7
train,51646,5
train,14180,5
train,15830,5
train,54901,1
train,33432,3
train,1353,7
train,18342,5
train,12111,8
train,49205,1
train,48955,7
train,34804,8
train,16032,6
train,28597,9
train,31077,9
train,5840,1
train,54163,8
train,48768,7
train,51471,3
train,20851,4
train,54687,9
train,51717,3
train,33789,0
train,27488,8
train,3908,6
train,49000,4
train,4198,6
train,2724,4
train,43511,8
train,11827,8
train,21025,6
train,48121,0
train,8341,4
train,20400,3
train,7001,7
train,11221,3
train,59882,1
train,34515,1
train,11274,7
train,44137,4
train,36974,8
train,4664,2
train,25500,7
train,15409,3
train,56469,0
train,54959,6
train,55053,4
train,56163,0
train,19404,4
train,46854,3
train,23538,4
train,51125,4
train,55786,1
train,39805,1
train,36728,2
train,46839,9
train,16815,9
train,32661,4
train,28417,7
train,3070,1
train,11559,0
train,42576,8
train,14252,1
train,54607,1
train,20811,9
train,23246,7
train,16062,1
train,5263,8
train,27274,3
train,15415,5
train,34785,8
train,21799,5
train,46765,7
train,21975,0
train,29347,1
train,38429,0
train,2182,5
train,51435,2
train,29257,7
train,1614,2
train,8164,3
train,24441,6
train,25040,3
train,19628,0
train,51641,6
train,46461,1
train,35051,2
train,50004,6
train,45957,2
train,31502,0
train,4810,1
train,7313,2
train,4265,0
train,4565,0
train,16432,8
train,53370,9
train,48036,9
train,25843,8
train,56254,8
train,11508,1
train,18434,8
train,40426,4
train,27395,0
train,28156,2
train,8473,2
train,22070,2
train,29470,7
train,143,2
train,39229,9
train,33629,6
train,55969,2
train,32956,7
train,41795,0
train,50686,9
train,56261,1
train,11266,7
train,30853,5
train,52208,2
train,9284,2
train,34761,9
train,10882,3
train,22335,2
train,57209,4
train,58017,1
train,50332,5
train,57592,2
train,35367,1
train,33434,6
train,56332,0
train,21936,4
train,10000,3
train,42310,2
train,17320,3
train,33053,5
train,38525,1
train,4204,2
train,37705,0
train,42321,5
train,57154,0
train,25558,4
train,26493,5
train,42368,7
train,57397,0
train,21687,1
train,52045,0
train,41503,9
train,34534,8
train,2244,7
train,3071,4
train,12014,8
train,51455,9
train,14513,0
train,49939,0
train,23972,5
train,53001,1
train,52294,0
train,52155,4
train,7297,8
train,25842,1
train,13929,3
train,50597,8
train,38150,4
train,1852,2
train,56299,8
train,32331,9
train,46557,0
train,59018,8
train,19145,1
train,40059,5
train,53709,2
train,44181,3
train,46283,7
train,58257,3
train,59765,9
train,56869,3
train,57601,0
train,46263,9
train,28942,4
train,53153,6
train,41730,2
train,22296,9
train,26696,1
train,58390,4
train,43761,1
train,16765,4
train,30034,0
train,9753,0
train,15485,7
train,41276,2
train,23497,5
train,37787,0
train,48482,3
train,53918,6
train,23609,7
train,4194,5
train,20299,2
train,16489,3
train,48678,7
train,35722,1
train,30394,9
train,59821,4
train,51912,6
train,50421,8
train,25470,4
train,47885,9
train,37327,7
train,20247,2
train,23383,8
train,37881,1
train,26381,5
train,22678,9
train,25983,1
train,59576,5
train,25092,0
train,30886,4
train,43129,0
train,46220,4
train,30153,7
train,34384,3
train,56613,8
train,35074,0
train,5710,3
train,10769,7
train,48373,4
train,1395,2
train,13290,6
train,30199,6
train,33549,6
train,35723,3
train,10526,2
train,21817,4
train,59897,2
train,59650,9
train,31460,7
train,12982,7
train,662,0
train,48001,7
train,9439,0
train,23788,1
train,23457,2
train,53360,0
train,34183,3
train,52513,6
train,49159,7
train,45542,6
train,2607,6
train,40384,3
train,53549,7
train,52555,9
train,37212,7
train,27454,1
train,51751,2
train,31114,4
train,45259,2
train,45480,3
train,12266,0
train,24150,8
train,22047,2
train,54024,5
train,12300,3
train,57977,0
train,31210,7
train,8399,4
train,39616,7
train,54111,5
train,4692,8
train,38194,5
train,30601,8
train,34641,1
train,18020,7
train,39072,1
train,33782,6
train,30770,6
train,50958,0
train,35851,6
train,23966,8
train,24118,2
train,47907,2
train,7282,4
train,50035,8
train,53970,8
train,12458,4
train,50977,2
train,10820,9
train,29791,3
train,59825,3
train,1222,5
train,5595,9
train,3437,4
train,4581,3
train,4185,2
train,34533,8
train,2165,5
train,5311,6
train,6680,5
train,13637,7
train,15780,6
train,20908,4
train,29086,1
train,42291,8
train,21377,9
train,37972,1
train,52110,7
train,35776,8
train,14588,3
train,14477,8
train,8340,8
train,8329,9
train,16173,9
train,40633,0
train,8096,0
train,31462,2
train,11255,4
train,31051,4
train,37221,4
train,42930,3
train,52057,5
train,18968,5
train,5656,2
train,14335,4
train,13987,4
train,33503,1
train,42051,8
train,31598,4
train,13545,0
train,14648,8
train,10090,2
train,55121,1
train,33153,7
train,39329,3
train,31010,5
train,39422,0
train,3639,4
train,6021,1
train,50917,4
train,53541,2
train,10157,1
train,12141,1
train,46509,5
train,46411,6
train,55086,7
train,1540,6
train,2526,0
train,7646,2
train,14677,6
train,35146,6
train,38331,8
train,21453,2
train,733,0
train,23509,8
train,43231,4
train,7509,7
train,19962,3
train,18337,0
train,11022,0
train,26377,6
train,47276,4
train,55970,9
train,3018,4
train,15289,8
train,38828,1
train,8871,6
train,57510,5
train,39731,8
train,39368,4
train,56440,4
train,12631,5
train,16935,7
train,24734,4
train,49166,3
train,19928,8
train,18624,9
train,5690,0
train,37111,9
train,25738,5
train,17648,0
train,35557,3
train,42075,6
train,36281,7
train,32514,0
train,8104,5
train,24747,3
train,9129,9
train,50095,7
train,8743,2
train,20237,1
train,25758,1
train,51222,3
train,18495,5
train,36973,9
train,13006,1
train,32864,8
train,17056,8
train,17247,5
train,38775,9
train,2439,4
train,11935,5
train,35233,9
train,54709,2
train,50988,8
train,48175,1
train,28474,8
train,3060,7
train,32578,4
train,16043,0
train,34222,1
train,54602,6
train,53481,6
train,41139,1
train,59205,9
train,25286,7
train,41945,5
train,54317,7
train,50334,2
train,36982,2
train,22279,7
train,13751,0
train,19463,2
train,57354,4
train,54917,7
train,13821,5
train,191,5
train,55944,4
train,44550,9
train,35941,9
train,52899,7
train,27389,3
train,19256,9
train,29198,8
train,35791,6
train,27375,5
train,29483,3
train,52883,9
train,1530,0
train,48038,3
train,17716,5
train,2212,6
train,55014,1
train,10508,1
train,50720,2
train,35381,3
train,37939,1
train,54820,6
train,43829,1
train,6533,8
train,41254,9
train,57086,2
train,204,6
train,10846,2
train,1344,8
train,2289,4
train,14442,9
train,18892,0
train,23211,5
train,271,4
train,27378,5
train,58839,6
train,19540,8
train,1158,3
train,9497,6
train,38839,2
train,23987,8
train,48851,1
train,52660,2
train,50578,9
train,28386,6
train,31792,7
train,17539,0
train,1266,6
train,9529,3
train,47554,5
train,904,7
train,29985,0
train,20782,6
train,50576,2
train,6097,0
train,40070,7
train,43455,8
train,17252,6
train,23965,7
train,35511,3
train,49602,3
train,39,6
train,32881,3
train,45275,3
train,40954,1
train,38522,1
train,43701,0
train,32426,8
train,23475,6
train,47445,9
train,59519,1
train,3687,3
train,51186,0
train,31480,9
train,52119,1
train,25836,0
train,34494,2
train,20323,6
train,45526,5
train,46962,0
train,14100,5
train,35107,0
train,24608,5
train,6405,3
train,11292,1
train,29784,2
train,58087,2
train,27940,6
train,55501,0
train,21703,0
train,16137,9
train,10053,6
train,18444,1
train,56368,5
train,1593,8
train,28337,7
train,971,7
train,32255,6
train,10597,9
train,13015,2
train,18870,1
train,21658,0
train,33098,9
train,29211,0
train,2535,3
train,50715,8
train,15625,6
train,15246,3
train,6667,3
train,51442,9
train,81,0
train,8036,9
train,10886,1
train,39796,1
train,22746,5
train,36328,9
train,57874,9
train,44149,2
train,48111,0
train,10444,8
train,24368,1
train,6847,0
train,3953,0
train,44724,1
train,458,0
train,2296,6
train,18272,8
train,13019,2
train,45320,1
train,45621,9
train,14569,2
train,8224,6
train,30620,9
train,43845,9
train,15049,9
train,53912,4
train,25213,8
train,46581,6
train,36538,9
train,8676,5
train,29650,3
train,36751,8
train,56666,5
train,7322,3
train,41234,2
train,54944,9
train,23315,0
train,7329,8
train,59283,4
train,19491,0
train,57164,8
train,6188,5
train,48422,7
train,33590,3
train,50082,6
train,43602,0
train,10603,2
train,44221,8
train,41206,4
train,18578,4
train,55597,4
train,13492,0
train,43715,1
train,48954,2
train,13705,2
train,15285,5
train,4686,0
train,38440,0
train,24291,7
train,10865,3
train,27662,1
train,8472,0
train,40656,9
train,29458,3
train,1018,0
train,50664,7
train,12798,1
train,49399,7
train,7442,4
train,13326,9
train,57650,0
train,9530,0
train,12817,4
train,51854,5
train,8995,4
train,28947,6
train,42385,9
train,27160,3
train,21909,0
train,28952,5
train,25984,8
train,36331,0
train,41051,0
train,46214,2
train,38357,1
train,35509,2
train,21650,8
train,43127,5
train,52746,8
train,57347,6
train,4638,3
train,11872,8
train,31829,1
train,18283,4
train,51385,5
train,49457,8
train,2556,6
train,39762,9
train,59438,8
train,59355,2
train,45769,0
train,57902,5
train,15439,1
train,29931,7
train,18162,5
train,20243,3
train,57999,2
train,27801,5
train,45339,4
train,40782,2
train,9645,6
train,1385,2
train,36673,6
train,20017,5
train,6160,4
train,43399,6
train,4034,7
train,45055,2
train,26402,6
train,25329,2
train,21939,3
train,10986,7
train,1321,1
train,32753,3
train,20141,0
train,6151,5
train,55785,0
train,30718,7
train,865,8
train,21862,6
train,40607,2
train,58486,1
train,53277,6
train,27391,9
train,32440,1
train,58825,6
train,1071,5
train,49020,3
train,48720,1
train,37857,8
train,52641,6
train,25652,9
train,40965,0
train,47006,6
train,6325,0
train,55031,1
train,52866,7
train,27250,1
train,16235,2
train,31151,5
train,46607,7
train,42207,6
train,17775,1
train,32478,8
train,15778,5
train,13309,6
train,4922,6
train,40885,4
train,50306,8
train,53997,8
train,4126,5
train,35188,9
train,29085,2
train,51352,0
train,44243,0
train,25396,4
train,37520,9
train,23170,9
train,31943,0
train,7225,3
train,58947,4
train,49609,4
train,5548,8
train,2418,2
train,42957,6
train,26934,6
train,10932,7
train,23953,1
train,6792,8
train,42993,9
train,43575,2
train,5913,6
train,39499,8
train,35256,4
train,37929,5
train,9773,0
train,43002,2
train,53048,3
train,56491,1
train,46622,4
train,35298,2
train,50326,1
train,57659,0
train,56154,2
train,23957,2
train,14675,0
train,23159,9
train,10135,6
train,11201,3
train,34334,1
train,19541,8
train,49515,2
train,47485,7
train,46939,4
train,12075,4
train,32211,6
train,30007,1
train,51263,4
train,37196,1
train,16343,7
train,31686,6
train,25871,7
train,8922,2
train,26334,4
train,58648,7
train,1793,8
train,25914,0
train,57736,8
train,1539,2
train,43350,1
train,41012,0
train,34109,4
train,9970,8
train,7349,1
train,26108,9
train,18838,6
train,8963,1
train,47756,0
train,46124,4
train,18358,7
train,35603,9
train,24509,1
train,13389,6
train,7804,4
train,57504,7
train,26465,4
train,45686,6
train,9655,9
train,19765,1
train,29501,2
train,7514,8
train,39103,5
train,43724,8
train,9384,5
train,26720,8
train,47622,5
train,18044,3
train,57506,2
train,5769,7
train,52245,0
train,2747,1
train,50325,7
train,45504,0
train,57971,6
train,33981,9
train,58277,2
train,4608,0
train,27094,0
train,36459,9
train,43331,2
train,36972,7
train,54241,5
train,14372,6
train,14193,4
train,44069,8
train,45070,5
train,40414,0
train,45114,7
train,53945,4
train,52585,3
train,56999,5
train,24350,3
train,15974,1
train,43655,6
train,16959,5
train,56641,6
train,58458,0
train,51640,3
train,7553,1
train,33532,3
train,50204,9
train,37815,4
train,31207,7
train,51805,6
train,779,1
train,34985,0
train,56060,4
train,38131,4
train,2600,9
train,1507,9
train,26972,5
train,15065,0
train,21482,7
train,15431,6
train,19398,5
train,33248,4
train,10864,7
train,19727,4
train,3625,4
train,11323,4
train,8833,2
train,53324,9
train,47570,7
train,549,3
train,56256,0
train,6633,2
train,34160,7
train,7697,7
train,27460,9
train,20128,0
train,44559,9
train,37775,7
train,16806,9
train,7795,7
train,21992,4
train,33838,7
train,36614,2
train,32203,3
train,19975,4
train,30909,1
train,57357,7
train,33041,9
train,55442,5
train,30765,4
train,36780,0
train,25066,5
train,1489,0
train,43042,8
train,3813,2
train,25822,1
train,37478,3
train,51451,1
train,1362,8
train,53479,5
train,32565,4
train,21972,1
train,54968,1
train,49450,3
train,30855,6
train,15849,7
train,3232,9
train,9089,3
train,43973,6
train,11314,4
train,28231,5
train,17015,4
train,53022,9
train,657,2
train,38585,1
train,43767,6
train,17774,4
train,55307,6
train,19639,1
train,54303,0
train,22428,5
train,991,4
train,37893,4
train,17926,4
train,1550,2
train,36499,9
train,26883,2
train,17561,4
train,26117,0
train,50996,8
train,33974,9
train,52094,9
train,2465,9
train,16636,1
train,13328,5
train,53423,7
train,22493,3
train,50899,2
train,2288,2
train,13566,7
train,51084,7
train,36687,1
train,26927,2
train,33480,1
train,35750,6
train,35922,3
train,42633,2
train,15835,1
train,37934,9
train,31749,8
train,58122,8
train,50331,0
train,50178,8
train,32540,1
train,35759,4
train,49572,8
train,48853,4
train,8401,7
train,8452,1
train,50692,8
train,52049,6
train,45785,9
train,16509,1
train,25377,3
train,56464,9
train,45388,9
train,28084,6
train,31504,3
train,56497,4
train,3004,1
train,18016,1
train,6935,0
train,13589,0
train,53758,3
train,22529,0
train,58372,9
train,27974,8
train,38237,8
train,57682,0
train,59209,7
train,28325,0
train,25937,1
train,37558,5
train,36569,0
train,3444,2
train,52526,0
train,53949,6
train,54828,5
train,14431,3
train,21947,3
train,18856,8
train,42181,4
train,28336,2
train,22931,1
train,26560,7
train,40565,0
train,9583,2
train,30702,4
train,29930,2
train,4418,3
train,24139,1
train,41586,6
train,54402,3
train,12743,1
train,48384,9
train,24749,0
train,54949,5
train,46013,6
train,12603,2
train,31580,4
train,27487,4
train,27730,9
train,28854,5
train,53674,4
train,46911,3
train,41187,0
train,57758,6
train,13305,5
train,32247,7
train,22409,4
train,8481,6
train,58198,1
train,50493,1
train,27825,4
train,11210,8
train,28828,1
train,1421,9
train,54860,9
train,24415,7
train,34259,3
train,55484,0
train,19315,9
train,11378,4
train,40827,4
train,12749,4
train,33220,5
train,5087,8
train,38899,9
train,14895,9
train,52184,9
train,46825,6
train,46850,1
train,14976,4
train,53021,7
train,56506,1
train,52671,8
train,27656,5
train,4098,9
train,52682,4
train,35906,5
train,49925,9
train,7905,0
train,12112,8
train,59605,0
train,18504,4
train,7909,8
train,13583,0
train,52697,3
train,3748,2
train,41266,1
train,27779,9
train,11673,6
train,35294,0
train,57980,7
train,49067,2
train,15527,6
train,1984,9
train,20179,2
train,46177,6
train,24260,7
train,56450,0
train,44273,2
train,53543,6
train,52207,2
train,48379,4
train,30611,3
train,22598,3
train,26679,7
train,58241,2
train,56412,8
train,32311,9
train,55362,6
train,51548,1
train,7167,7
train,21119,4
train,7005,2
train,33096,2
train,28775,7
train,47806,7
train,33173,0
train,16539,8
train,51478,0
train,47729,1
train,8594,7
train,20488,2
train,8025,2
train,7161,2
train,22856,2
train,38682,1
train,46630,7
train,3819,5
train,28613,3
train,44116,9
train,56800,9
train,691,1
train,47713,6
train,13808,0
train,11164,7
train,41186,5
train,42700,6
train,25116,3
train,37609,5
train,7664,0
train,58494,2
train,9208,8
train,53507,5
train,15180,4
train,12409,2
train,9949,9
train,2446,1
train,6710,3
train,22968,4
train,26781,3
train,41052,0
train,48697,1
train,20010,0
train,30593,4
train,9140,3
train,27207,1
train,58349,7
train,15732,5
train,1048,2
train,14042,9
train,3839,5
train,5072,0
train,30303,1
train,58771,2
train,32717,8
train,43263,6
train,25882,3
train,59446,5
train,8207,4
train,10781,0
train,29624,2
train,43405,9
train,27661,9
train,25394,1
train,28840,0
train,47108,1
train,8265,6
train,42660,5
train,11220,7
train,43716,5
train,55503,0
train,49347,6
train,18186,5
train,5682,6
train,13726,0
train,55685,5
train,41440,4
train,14844,9
train,3279,8
train,35734,6
train,24706,0
train,5055,8
train,6143,2
train,14664,8
train,57570,7
train,16002,6
train,1870,3
train,8645,8
train,41996,8
train,35571,2
train,28711,6
train,53343,2
train,12703,0
train,2304,5
train,32432,7
train,42497,9
train,35500,5
train,53986,7
train,29663,9
train,7112,5
train,51188,1
train,28152,6
train,41814,6
train,10774,6
train,2188,1
train,28440,6
train,46696,1
train,17696,7
train,27246,0
train,15980,3
train,46284,9
train,54557,1
train,397,1
train,6683,1
train,57453,1
train,837,5
train,57015,6
train,49168,2
train,6204,2
train,30396,5
train,15233,3
train,13303,6
train,46574,2
train,36895,6
train,45701,0
train,20845,1
train,58341,1
train,19810,4
train,14199,5
train,30478,8
train,40631,9
train,28674,9
train,22707,0
train,58316,0
train,30332,6
train,26510,4
train,49169,4
train,33812,6
train,32228,6
train,18769,5
train,41,8
train,27327,0
train,16233,1
train,11291,1
train,16599,6
train,21525,3
train,38997,4
train,37005,8
train,36976,4
train,43137,4
train,29726,2
train,27694,4
train,9525,1
train,19269,9
train,59927,9
train,23997,3
train,33740,4
train,58468,2
train,54919,8
train,24626,1
train,57308,3
train,47470,0
train,26009,1
train,12460,4
train,5809,0
train,10757,3
train,47592,3
train,22131,7
train,43388,8
train,5714,1
train,49968,3
train,12567,6
train,37239,4
train,18910,7
train,59428,1
train,55723,2
train,46930,1
train,38113,5
train,47008,8
train,10775,3
train,9417,6
train,3500,5
train,7857,1
train,55245,6
train,7876,1
train,16386,3
train,44632,4
train,20947,0
train,55177,0
train,46524,6
train,46807,3
train,49937,4
train,2475,8
train,12013,1
train,12168,0
train,48390,1
train,55176,2
train,34030,8
train,33528,5
train,44857,1
train,37209,3
train,5721,6
train,53309,5
train,19578,5
train,57280,7
train,8629,7
train,54106,7
train,47691,4
train,59503,6
train,36808,9
train,21124,5
train,15979,8
train,7822,9
train,19842,7
train,17008,6
train,6225,9
train,32539,3
train,44304,2
train,43491,7
train,34105,3
train,596,0
train,52240,3
train,32902,5
train,57563,9
train,18662,2
train,54700,3
train,24603,3
train,27972,8
train,14850,7
train,26017,5
train,20362,3
train,5063,9
train,40598,2
train,42190,6
train,3316,9
train,29648,5
train,56118,9
train,2720,3
train,46885,9
train,2942,8
train,24122,1
train,14187,4
train,45306,2
train,3787,9
train,37298,7
train,29699,2
train,28329,9
train,13113,1
train,8719,8
train,10475,6
train,58928,2
train,1754,2
train,37422,3
train,43004,8
train,57132,5
train,57290,9
train,39759,2
train,56002,5
train,3465,9
train,49882,3
train,34046,6
train,10671,6
train,11756,3
train,52319,2
train,56095,7
train,54368,0
train,24739,6
train,43924,7
train,46481,1
train,28032,3
train,20602,0
train,53139,2
train,32487,4
train,30584,8
train,37348,7
train,8879,3
train,36212,4
train,33332,1
train,58474,4
train,56201,9
train,18807,4
train,28975,6
train,24487,1
train,4690,9
train,1942,1
train,23408,8
train,11651,3
train,7799,8
train,18733,9
train,8786,3
train,41202,5
train,37205,3
train,49781,2
train,16848,7
train,48423,2
train,56336,1
train,32358,1
train,2647,4
train,2071,4
train,21935,4
train,4220,0
train,8279,3
train,18932,5
train,14719,7
train,53485,8
train,20595,2
train,1532,0
train,41923,4
train,21490,4
train,4791,4
train,9356,7
train,22476,1
train,42396,6
train,34186,6
train,20021,2
train,51364,5
train,52114,0
train,1409,3
train,6355,6
train,5549,4
train,14362,8
train,54013,3
train,28572,6
train,57306,3
train,59406,5
train,14238,7
train,4081,7
train,42680,5
train,21698,1
train,1813,5
train,58879,0
train,59661,7
train,5536,8
train,18790,1
train,40034,6
train,26549,7
train,4658,3
train,38889,0
train,39510,2
train,17143,7
train,4400,3
train,37805,5
train,19388,1
train,32506,5
train,57717,3
train,2063,8
train,30052,4
train,38603,4
train,59073,6
train,13480,9
train,44634,5
train,19008,0
train,24103,0
train,11192,9
train,15469,7
train,33692,6
train,19510,1
train,9059,3
train,38871,4
train,14920,7
train,11981,4
train,10937,4
train,18214,8
train,58682,6
train,28439,1
train,49650,3
train,24895,1
train,48579,3
train,7401,6
train,4711,5
train,25516,2
train,26533,2
train,25294,2
train,18242,8
train,16731,9
train,58662,1
train,49363,2
train,797,4
train,8779,5
train,34149,7
train,51150,0
train,18432,6
train,24751,2
train,4354,7
train,57684,1
train,44079,1
train,25284,3
train,20047,1
train,44509,9
train,394,1
train,3560,1
train,26182,1
train,18614,8
train,42569,5
train,7943,7
train,30319,9
train,50086,6
train,27096,8
train,55575,4
train,4923,6
train,27144,7
train,46443,0
train,31246,4
train,42759,0
train,1112,9
train,43547,2
train,27760,5
train,31478,1
train,25942,0
train,42306,9
train,45414,2
train,28570,5
train,37353,7
train,20408,8
train,22608,7
train,42220,3
train,21348,6
train,34007,0
train,6717,9
train,1165,2
train,15744,6
train,9311,9
train,44533,6
train,17552,4
train,24566,9
train,45779,2
train,6488,1
train,478,7
train,30351,5
train,33894,4
train,15351,6
train,23812,3
train,50510,4
train,8130,7
train,26439,6
train,37637,9
train,17950,8
train,12273,7
train,23967,8
train,42420,6
train,45674,4
train,10653,5
train,43446,1
train,2638,6
train,20265,2
train,56036,5
train,54689,0
train,3252,7
train,30836,9
train,31503,2
train,26036,8
train,19050,7
train,3044,9
train,22833,1
train,49062,5
train,9742,0
train,6719,3
train,17750,1
train,6062,1
train,14716,9
train,49506,9
train,19076,4
train,45718,4
train,45090,6
train,13865,6
train,59900,4
train,5999,9
train,55271,1
train,18860,9
train,17941,0
train,36090,0
train,19427,4
train,21294,6
train,5957,1
train,11881,8
train,23464,0
train,15192,7
train,2426,1
train,1223,8
train,9331,1
train,26710,3
train,20630,8
train,43441,2
train,6972,0
train,32485,2
train,25981,1
train,31354,2
train,7034,8
train,11225,9
train,37258,2
train,531,4
train,29802,9
train,19950,3
train,52788,6
train,2829,4
train,15009,1
train,19241,0
train,35573,7
train,53465,7
train,38697,1
train,25512,0
train,6409,0
train,342,4
train,618,1
train,24105,0
train,40349,6
train,3397,3
train,6708,0
train,38752,3
train,56970,4
train,28059,2
train,10489,4
train,4609,8
train,44046,1
train,56187,4
train,43694,6
train,14606,1
train,30578,0
train,1430,5
train,23288,8
train,15612,1
train,55132,8
train,15394,4
train,50039,6
train,8671,9
train,13092,5
train,44027,4
train,52477,7
train,47962,6
train,9880,4
train,1085,1
train,56249,5
train,52983,8
train,31960,3
train,25793,5
train,56483,7
train,4920,1
train,59991,2
train,10996,6
train,2066,0
train,27397,9
train,10534,6
train,13008,4
train,47817,1
train,1651,3
train,14942,1
train,8599,2
train,16477,9
train,43317,2
train,8057,6
train,49639,0
train,59338,5
train,11860,0
train,27355,6
train,28658,5
train,49648,3
train,25224,9
train,3031,5
train,30085,9
train,57103,3
train,17649,7
train,4168,5
train,36664,4
train,20906,8
train,55678,2
train,20304,7
train,7041,2
train,39617,3
train,28716,3
train,7490,6
train,50328,0
train,16165,5
train,20060,0
train,16511,5
train,45968,8
train,56485,8
train,27465,1
train,9176,9
train,36716,3
train,43159,5
train,32851,4
train,58161,1
train,55044,2
train,35036,8
train,10252,4
train,36542,3
train,59771,9
train,17123,2
train,37946,0
train,36694,2
train,33956,8
train,48859,3
train,54566,5
train,53433,5
train,59214,9
train,21637,3
train,43186,0
train,11826,2
train,57674,9
train,32966,0
train,58178,8
train,7118,9
train,15464,5
train,42480,5
train,54266,9
train,45993,2
train,29527,6
train,51033,1
train,59370,7
train,36078,3
train,49849,7
train,20395,2
train,1400,7
train,52831,0
train,22715,3
train,46558,6
train,10126,8
train,29475,9
train,50497,5
train,13331,5
train,35878,9
train,7692,3
train,8929,6
train,19633,3
train,13776,7
train,19461,1
train,55128,8
train,12094,3
train,38460,6
train,29396,1
train,17290,8
train,6150,6
train,55143,6
train,53795,5
train,48889,7
train,56390,7
train,3815,3
train,57420,0
train,28010,8
train,38003,9
train,13455,2
train,44454,1
train,54054,8
train,4192,5
train,25781,1
train,30095,9
train,14503,1
train,38486,5
train,48055,8
train,38962,2
train,15290,1
train,10418,6
train,8420,6
train,29429,4
train,37808,8
train,37716,1
train,29933,8
train,55926,3
train,36086,5
train,31299,9
train,39621,9
train,10833,6
train,21284,3
train,47712,9
train,56722,7
train,55068,9
train,16247,7
train,26941,2
train,18988,4
train,22701,2
train,47804,2
train,54733,6
train,34766,8
train,46537,9
train,56493,2
train,56605,1
train,7260,5
train,52151,9
train,38277,3
train,33806,9
train,4549,4
train,16730,8
train,24784,3
train,54516,3
train,35490,4
train,30734,0
train,36610,8
train,25016,8
train,31313,8
train,28001,6
train,46816,8
train,33903,5
train,4112,6
train,20626,3
train,47279,1
train,6799,6
train,3019,1
train,10358,8
train,11111,3
train,47947,1
train,3095,9
train,24883,3
train,50610,6
train,10692,1
train,34737,0
train,11437,7
train,52382,1
train,44186,2
train,44931,9
train,46863,2
train,7412,3
train,38032,6
train,41016,5
train,21756,9
train,15108,0
train,32093,8
train,11329,7
train,30209,1
train,9638,3
train,9122,9
train,59395,8
train,11794,0
train,19072,0
train,13541,4
train,8295,3
train,14045,3
train,52267,4
train,15142,0
train,25244,1
train,6890,4
train,46236,1
train,12568,0
train,9224,7
train,10756,3
train,27386,8
train,36415,6
train,42665,8
train,31616,2
train,39555,1
train,52525,7
train,17018,4
train,22349,1
train,10282,3
train,4576,2
train,3227,9
train,46041,0
train,13640,4
train,34197,0
train,4927,8
train,55581,8
train,20154,6
train,44128,6
train,55958,5
train,1977,1
train,24112,8
train,35767,8
train,24983,9
train,11650,7
train,19812,7
train,48645,1
train,32337,2
train,6961,9
train,35585,4
train,59739,7
train,3998,9
train,7475,5
train,27710,9
train,13481,6
train,57706,4
train,12017,3
train,32441,7
train,23390,1
train,33972,5
train,1923,2
train,18361,2
train,47764,4
train,24119,3
train,6066,8
train,12939,6
train,8398,6
train,3473,1
train,39592,2
train,47442,1
train,47325,7
train,32032,4
train,2937,1
train,56016,1
train,41404,3
train,5261,9
train,44962,9
train,43872,1
train,42644,1
train,30764,7
train,18002,7
train,26711,3
train,19552,1
train,4892,0
train,15959,1
train,40323,7
train,22668,3
train,11845,0
train,50838,1
train,4739,5
train,59150,1
train,1810,5
train,24484,2
train,1083,9
train,53178,1
train,12550,0
train,55089,2
train,48054,6
train,54286,2
train,25767,1
train,65,5
train,27988,3
train,47660,8
train,530,2
train,46892,0
train,17277,5
train,1721,5
train,5364,6
train,56011,4
train,19874,5
train,45527,9
train,22970,4
train,6165,1
train,48135,7
train,41121,2
train,10926,1
train,29497,0
train,20574,4
train,39913,7
train,27158,7
train,47566,4
train,44730,0
train,35593,9
train,58975,7
train,16724,8
train,34599,7
train,8673,4
train,42545,3
train,30473,0
train,34214,2
train,17835,6
train,10990,4
train,59199,1
train,56298,2
train,3096,6
train,48861,7
train,652,5
train,46325,4
train,27927,8
train,7529,9
train,10414,9
train,22641,2
train,41515,3
train,2145,7
train,14446,2
train,25261,2
train,11284,3
train,57861,4
train,46578,9
train,13404,5
train,24168,1
train,11459,4
train,41298,4
train,6588,9
train,13940,5
train,25801,9
train,42498,6
train,15001,1
train,5180,4
train,30135,9
train,15554,7
train,55933,2
train,53667,1
train,33667,1
train,53146,9
train,17477,1
train,26127,3
train,10583,2
train,44101,3
train,56564,4
train,34489,9
train,3858,6
train,9321,4
train,13357,6
train,23790,6
train,48541,5
train,18696,5
train,29834,5
train,32653,3
train,4320,9
train,11663,1
train,58043,6
train,35208,3
train,18303,6
train,11669,9
train,20026,9
train,3866,8
train,13630,1
train,6851,1
train,29941,4
train,45056,8
train,31887,1
train,34726,2
train,1162,5
train,7927,5
train,13433,1
train,30202,7
train,28196,1
train,14127,9
train,42200,7
train,38520,3
train,51742,1
train,29200,2
train,35713,8
train,40159,5
train,21676,6
train,22220,7
train,20960,2
train,16817,0
train,7910,1
train,26345,6
train,38877,9
train,34933,8
train,49673,3
train,48151,7
train,4415,0
train,16956,5
train,12143,7
train,23672,3
train,21973,4
train,39589,6
train,18840,3
train,3129,5
train,23651,5
train,52681,4
train,46014,0
train,47744,4
train,7432,2
train,39777,6
train,16391,4
train,23072,6
train,8856,5
train,6538,0
train,21080,3
train,43685,0
train,1054,7
train,21660,3
train,13595,6
train,19792,8
train,46500,3
train,47460,2
train,52487,3
train,14295,2
train,10832,4
train,54963,1
train,44639,2
train,15663,0
train,27181,2
train,31099,5
train,30790,0
train,32107,5
train,47471,5
train,27691,3
train,32341,4
train,21551,9
train,16429,0
train,928,7
train,30649,1
train,37502,6
train,35829,1
train,36367,8
train,6829,5
train,14811,4
train,2530,1
train,32782,6
train,58733,7
train,600,9
train,56085,8
train,32776,4
train,40043,0
train,25022,0
train,9796,1
train,28684,2
train,12852,9
train,46664,1
train,37281,8
train,14212,1
train,33475,5
train,3494,7
train,20090,7
train,28588,4
train,41338,0
train,41307,4
train,46285,8
train,57155,4
train,41154,8
train,11638,5
train,9959,3
train,26218,7
train,12184,0
train,27777,5
train,36270,8
train,48098,7
train,32206,8
train,33671,4
train,13407,8
train,29522,1
train,11363,6
train,9750,0
train,43621,4
train,25132,8
train,9581,5
train,33013,5
train,37126,9
train,23395,0
train,57005,1
train,50467,9
train,25609,2
train,53456,9
train,48077,9
train,42225,6
train,10925,6
train,51274,3
train,5383,5
train,19202,4
train,44353,7
train,16897,8
train,16114,8
train,9502,7
train,16305,0
train,16516,0
train,10183,9
train,41513,3
train,7817,4
train,9955,7
train,53092,8
train,50587,4
train,20835,4
train,14752,0
train,4895,9
train,45511,0
train,24186,7
train,25994,2
train,7630,1
train,36349,9
train,22465,6
train,18647,1
train,37086,5
train,55320,4
train,43439,2
train,7074,1
train,49178,6
train,51213,6
train,44105,4
train,10637,7
train,2263,3
train,992,3
train,46257,4
train,40252,8
train,18415,9
train,46806,4
train,7528,2
train,7162,3
train,57249,4
train,6726,6
train,2620,5
train,17486,7
train,46597,5
train,49729,3
train,29168,9
train,48515,7
train,13740,3
train,34289,3
train,11246,9
train,50648,7
train,47773,1
train,58574,7
train,37563,1
train,3964,0
train,23836,5
train,29615,1
train,31355,8
train,1876,0
train,43948,1
train,22457,2
train,18211,9
train,45625,9
train,58334,8
train,19392,8
train,58656,3
train,543,5
train,41895,9
train,31561,9
train,47196,9
train,5577,9
train,51370,6
train,8364,7
train,5798,3
train,39520,3
train,56933,9
train,1495,0
train,35030,3
train,38310,0
train,15500,6
train,39204,4
train,55202,2
train,26571,9
train,13425,9
train,33686,2
train,5437,7
train,24898,9
train,25947,8
train,13238,0
train,441,9
train,26181,6
train,29776,6
train,51330,8
train,35151,5
train,14500,6
train,20696,4
train,50299,4
train,7354,5
train,29076,5
train,1372,0
train,2011,3
train,41670,5
train,8254,3
train,56578,3
train,32823,1
train,12833,9
train,49418,6
train,38521,7
train,26630,2
train,34388,1
train,46216,8
train,31498,1
train,12171,9
train,8978,2
train,18987,1
train,59020,4
train,25067,1
train,17981,5
train,28540,0
train,25098,6
train,25544,8
train,5597,8
train,27471,5
train,48601,0
train,35997,8
train,55695,8
train,46178,1
train,47719,8
train,44321,8
train,28117,7
train,56745,5
train,58423,6
train,31901,1
train,45411,7
train,52900,8
train,38099,0
train,4594,9
train,38014,8
train,11991,9
train,578,6
train,4448,8
train,51841,8
train,48097,9
train,58766,6
train,49945,9
train,42573,7
train,32272,4
train,12981,3
train,34420,9
train,28280,5
train,40044,2
train,53181,8
train,38203,4
train,11749,8
train,30214,1
train,58206,0
train,48173,0
train,54488,8
train,4283,4
train,1841,2
train,35649,3
train,22868,1
train,28842,2
train,54951,2
train,19436,5
train,47191,6
train,32702,5
train,34261,1
train,46593,2
train,41526,1
train,22616,6
train,25298,9
train,25903,4
train,7147,3
train,44379,4
train,7962,5
train,45544,0
train,29385,4
train,4277,9
train,6591,0
train,39654,9
train,36945,9
train,18600,5
train,47851,8
train,22902,9
train,55660,6
train,18347,5
train,23616,0
train,28461,4
train,57759,9
train,29319,8
train,33085,2
train,56156,9
train,6311,1
train,25952,0
train,45378,2
train,1588,3
train,57860,6
train,7234,1
train,3347,3
train,13156,2
train,34233,7
train,44997,8
train,43011,0
train,28549,6
train,10543,5
train,20506,1
train,2697,9
train,11288,8
train,58288,3
train,27007,9
train,18918,1
train,32552,9
train,8186,7
train,49235,7
train,29345,0
train,48758,9
train,46957,7
train,43815,2
train,15694,0
train,31037,6
train,15621,0
train,11359,5
train,9585,4
train,4011,3
train,16158,8
train,10372,0
train,21795,3
train,720,8
train,30678,0
train,41123,3
train,34182,2
train,51922,2
train,16486,8
train,28781,7
train,1394,1
train,56080,4
train,30703,8
train,47345,9
train,2420,4
train,15669,1
train,22011,3
train,12785,0
train,55492,7
train,2483,0
train,20086,9
train,32460,7
train,27281,0
train,11374,8
train,29897,1
train,14294,9
train,1021,3
train,16106,9
train,19634,4
train,55764,8
train,35908,1
train,47068,4
train,23891,0
train,27129,4
train,56579,2
train,8820,6
train,29155,5
train,28482,1
train,24768,8
train,57466,4
train,53875,3
train,17995,2
train,16694,1
train,36035,9
train,21481,5
train,3471,3
train,33681,7
train,30110,9
train,47579,0
train,21591,9
train,32613,7
train,45997,0
train,35504,3
train,15094,2
train,3894,7
train,3781,9
train,46580,6
train,57284,2
train,35273,9
train,6960,0
train,24461,1
train,8087,1
train,50097,8
train,43467,4
train,59678,3
train,50942,7
train,48128,0
train,33115,4
train,58991,1
train,18518,5
train,23412,3
train,26623,0
train,58540,5
train,59609,5
train,46170,6
train,14096,5
train,1447,2
train,33762,9
train,28475,8
train,52993,0
train,56806,7
train,123,7
train,5719,5
train,53915,9
train,54753,1
train,46909,9
train,56904,6
train,48165,7
train,59679,6
train,52724,6
train,29950,6
train,17596,8
train,13809,6
train,7150,3
train,36884,2
train,13253,5
train,22126,3
train,42537,1
train,55468,9
train,31757,2
train,2508,2
train,28203,0
train,56721,3
train,49973,9
train,38184,7
train,58688,5
train,27291,5
train,11792,0
train,53714,1
train,58683,7
train,4716,2
train,2792,2
train,54954,8
train,54910,3
train,9725,2
train,48172,4
train,48311,3
train,31442,5
train,23319,2
train,39620,0
train,22417,3
train,18971,6
train,19000,8
train,16814,9
train,19791,7
train,22138,4
train,40757,6
train,29562,0
train,6145,9
train,56283,1
train,51520,0
train,696,2
train,26647,1
train,14857,0
train,6868,5
train,22688,2
train,38893,0
train,29466,2
train,18317,8
train,7683,9
train,40824,5
train,2902,4
train,51008,8
train,8603,4
train,5470,0
train,25387,8
train,31075,8
train,55249,3
train,20048,7
train,33763,3
train,41035,8
train,15828,0
train,42020,9
train,59132,6
train,29377,1
train,46921,2
train,12312,3
train,56411,6
train,31377,1
train,36510,9
train,3495,8
train,54485,1
train,45095,4
train,59332,7
train,38755,3
train,7095,6
train,16534,6
train,48011,8
train,45636,3
train,26980,0
train,31435,5
train,57398,2
train,15109,3
train,6173,7
train,19409,7
train,49624,6
train,29947,9
train,58933,8
train,24934,6
train,35359,1
train,45576,8
train,54786,1
train,39799,4
train,31866,9
train,48546,4
train,4453,0
train,13028,9
train,3501,8
train,36204,4
train,8457,4
train,31536,4
train,15336,3
train,44788,0
train,59188,2
train,31850,7
train,44277,1
train,756,8
train,7900,5
train,28748,5
train,40749,2
train,37465,5
train,36595,3
train,11617,9
train,42894,1
train,7286,0
train,49776,2
train,32166,8
train,25436,1
train,6421,0
train,5560,0
train,37097,9
train,16439,0
train,36372,6
train,27370,9
train,54811,5
train,48939,5
train,54664,1
train,1456,6
train,23209,5
train,27737,1
train,9828,6
train,59165,0
train,39801,0
train,14236,3
train,52033,8
train,40295,8
train,15629,8
train,46048,7
train,3961,8
train,29508,7
train,16384,5
train,43318,5
train,1730,7
train,55742,6
train,41479,7
train,20776,4
train,42326,1
train,49972,1
train,14641,6
train,53185,0
train,9871,3
train,44778,9
train,57336,3
train,23719,9
train,33925,4
train,11961,2
train,10780,9
train,140,7
train,584,2
train,16629,5
train,22196,0
train,57384,0
train,43007,1
train,27263,5
train,57429,7
train,54889,8
train,33358,9
train,38564,5
train,52103,4
train,14924,1
train,47530,2
train,42689,6
train,41482,4
train,16701,2
train,58939,5
train,23067,0
train,32287,5
train,56768,1
train,20511,8
train,18704,6
train,31506,2
train,44692,0
train,25906,6
train,12238,2
train,35765,3
train,27260,9
train,58633,5
train,34265,7
train,57726,2
train,26579,7
train,14369,2
train,56686,0
train,28053,7
train,35973,0
train,54929,6
train,14131,0
train,9240,1
train,152,1
train,39260,6
train,42447,5
train,9865,0
train,20407,0
train,11400,7
train,56295,8
train,959,1
train,46810,0
train,45503,0
train,43692,8
train,16915,7
train,13115,9
train,23612,1
train,34843,5
train,57848,5
train,10262,4
train,2400,8
train,8308,9
train,25214,0
train,21686,9
train,51977,6
train,12876,6
train,2557,0
train,51536,3
train,50165,6
train,37589,5
train,40508,9
train,47988,7
train,39821,7
train,31720,3
train,32383,0
train,23726,7
train,54729,4
train,42047,5
train,27741,3
train,38326,2
train,18076,6
train,38363,4
train,15673,6
train,59632,6
train,58425,7
train,41290,2
train,5132,1
train,43184,2
train,43907,8
train,55871,5
train,46404,7
train,21538,6
train,54631,1
train,54756,2
train,34227,9
train,38061,2
train,13089,8
train,15319,7
train,59731,5
train,42013,9
train,7902,5
train,53900,6
train,36177,7
train,2206,4
train,18010,2
train,43053,1
train,11798,7
train,13712,6
train,36049,6
train,45428,7
train,11771,7
train,57539,9
train,13701,1
train,27780,9
train,51446,6
train,9315,1
train,2817,0
train,23552,9
train,1630,4
train,44443,7
train,51537,7
train,56848,2
train,16684,6
train,7581,6
train,42751,7
train,24905,6
train,12842,1
train,2491,7
train,30976,2
train,41129,6
train,36919,0
train,22862,7
train,52961,1
train,639,0
train,24519,5
train,8296,1
train,55770,6
train,39952,5
train,9436,4
train,6194,6
train,15329,0
train,44558,0
train,24284,3
train,16178,0
train,42597,9
train,17655,0
train,8741,7
train,16141,8
train,24210,9
train,25821,9
train,15767,5
train,29903,0
train,15006,6
train,21128,6
train,2521,9
train,2758,5
train,23999,4
train,18805,3
train,25338,6
train,10119,0
train,2141,9
train,10501,9
train,7841,3
train,2246,7
train,9558,4
train,7755,9
train,14900,1
train,33775,2
train,6503,8
train,56203,5
train,21228,3
train,22113,3
train,53572,5
train,38502,7
train,14296,4
train,21725,7
train,10955,9
train,33606,9
train,30077,3
train,56466,9
train,31371,6
train,38692,2
train,19104,0
train,56146,4
train,26701,8
train,38313,5
train,34976,2
train,51090,2
train,17669,1
train,48816,9
train,8658,6
train,6508,8
train,19380,4
train,22285,4
train,43652,1
train,19272,6
train,38384,1
train,33562,5
train,8548,5
train,27500,5
train,59824,2
train,26617,1
train,45946,3
train,28571,3
train,2149,3
train,58145,5
train,51055,6
train,51254,5
train,54487,3
train,16264,7
train,34689,7
train,56700,4
train,18319,0
train,47308,4
train,33379,6
train,5917,8
train,20212,1
train,4408,6
train,45974,1
train,50791,8
train,13653,4
train,58504,4
train,55851,3
train,32465,1
train,17257,3
train,7494,7
train,47351,7
train,11649,4
train,37911,1
train,29794,4
train,18667,6
train,50431,3
train,48849,3
train,44948,9
train,27116,9
train,18456,5
train,53143,1
train,35423,0
train,24839,1
train,56885,6
train,52264,5
train,42022,6
train,8016,0
train,27294,8
train,59233,1
train,896,4
train,36153,5
train,16761,0
train,18902,8
train,57686,0
train,43459,5
train,46706,9
train,23610,2
train,22961,9
train,47102,2
train,21244,5
train,34655,1
train,29999,1
train,31078,5
train,58389,3
train,35677,9
train,28767,4
train,53328,0
train,44966,1
train,17702,9
train,40080,7
train,39100,3
train,1052,1
train,25754,0
train,71,7
train,44640,7
train,39454,1
train,58246,6
train,58941,7
train,56677,6
train,44111,7
train,46745,4
train,175,5
train,54570,6
train,20508,9
train,42448,0
train,10522,7
train,1323,6
train,31783,9
train,55646,0
train,29992,4
train,44764,3
train,58747,3
train,12401,6
train,36902,7
train,49766,8
train,4164,7
train,39572,2
train,41367,7
train,3466,3
train,34094,7
train,59706,2
train,14498,1
train,2441,4
train,19558,9
train,5288,0
train,31904,0
train,44569,1
train,14549,5
train,4042,7
train,49967,4
train,30271,7
train,21693,7
train,33736,7
train,44048,9
train,3599,7
train,22792,2
train,14481,0
train,18688,9
train,16156,3
train,13383,3
train,48662,3
train,54705,8
train,46091,5
train,36169,3
train,10381,9
train,7163,6
train,46668,4
train,5641,0
train,45397,7
train,3768,5
train,46368,8
train,32806,8
train,20808,6
train,5104,2
train,21717,3
train,48259,7
train,1643,9
train,30947,9
train,14815,9
train,10895,8
train,49359,1
train,53321,1
train,27187,1
train,1598,8
train,17246,2
train,49109,6
train,2883,3
train,18364,5
train,24981,8
train,35241,6
train,30798,7
train,30952,7
train,40600,4
train,22090,7
train,50662,5
train,47360,1
train,20869,3
train,5363,5
train,54,9
train,44397,3
train,37057,7
train,30032,2
train,57599,1
train,58864,0
train,17534,0
train,10287,7
train,16593,4
train,20288,6
train,55979,8
train,26197,0
train,17650,1
train,2028,5
train,766,8
train,7440,1
train,24403,5
train,14132,2
train,50887,5
train,28566,2
train,4727,8
train,19856,0
train,32860,9
train,29570,0
train,13477,8
train,9908,7
train,21920,6
train,39887,6
train,48481,1
train,19535,0
train,35118,9
train,9858,5
train,54010,0
train,49311,0
train,40994,9
train,56949,0
train,27262,1
train,57781,3
train,14341,9
train,10172,4
train,38505,7
train,4929,9
train,18296,9
train,1722,3
train,7713,9
train,39949,7
train,14374,6
train,11716,7
train,47352,3
train,9553,3
train,700,4
train,33391,4
train,45035,0
train,11002,3
train,57046,1
train,50970,8
train,14400,6
train,1027,9
train,6740,7
train,34690,7
train,59418,0
train,10733,8
train,45841,9
train,58225,4
train,943,0
train,19415,2
train,36937,0
train,16277,8
train,12188,7
train,45430,2
train,18992,3
train,9387,5
train,52677,2
train,2925,6
train,35812,9
train,32190,7
train,6050,7
train,59873,6
train,24801,7
train,40474,5
train,21599,6
train,32356,9
train,37263,8
train,3448,7
train,43085,1
train,37143,2
train,5330,0
train,8784,2
train,38541,9
train,18691,7
train,5783,8
train,14784,6
train,38372,4
train,23548,9
train,4200,7
train,38104,6
train,39948,8
train,42592,7
train,28207,7
train,2352,0
train,11930,4
train,40222,7
train,50197,0
train,4129,1
train,37612,7
train,9263,7
train,25721,3
train,18529,9
train,52478,9
train,22886,0
train,391,2
train,48264,3
train,23780,6
train,59051,0
train,15034,1
train,16109,2
train,13151,8
train,45649,8
train,8552,2
train,51241,2
train,43794,2
train,39091,8
train,12221,1
train,11430,7
train,11710,3
train,13130,9
train,28957,3
train,48924,9
train,37232,1
train,52061,9
train,4254,7
train,26293,4
train,22257,6
train,6495,8
train,40137,6
train,55380,1
train,41291,0
train,42111,0
train,33413,2
train,35382,7
train,26577,2
train,14019,0
train,15931,4
train,47986,1
train,12187,4
train,26499,7
train,2308,5
train,39404,4
train,52123,9
train,2701,7
train,45286,8
train,37879,9
train,2214,6
train,13782,1
train,22814,6
train,6906,3
train,58331,9
train,58495,3
train,16705,0
train,572,1
train,32323,5
train,23141,7
train,19543,0
train,52211,4
train,51151,2
train,50127,0
train,10325,1
train,29467,4
train,51410,6
train,10343,0
train,53388,2
train,51810,2
train,35739,0
train,58734,8
train,53964,9
train,11153,4
train,29544,1
train,42724,8
train,21679,7
train,7672,3
train,270,1
train,19682,0
train,57285,7
train,31173,0
train,46576,5
train,10741,1
train,18819,7
train,3226,1
train,4772,1
train,58088,9
train,14312,1
train,7194,9
train,29343,5
train,30300,0
train,30681,3
train,41161,7
train,56983,7
train,51976,2
train,422,7
train,18411,1
train,24362,7
train,45273,3
train,31636,3
train,56809,6
train,28524,1
train,25445,8
train,27034,1
train,52707,7
train,50552,8
train,39760,7
train,44268,0
train,59583,6
train,18064,0
train,7936,9
train,32056,4
train,54738,9
train,54599,9
train,22583,0
train,52791,7
train,4933,1
train,22274,8
train,13897,9
train,50547,4
train,46231,8
train,27150,2
train,52616,1
train,40086,1
train,49361,7
train,12752,2
train,6742,6
train,58215,2
train,57006,9
train,41834,3
train,51878,8
train,11817,5
train,44728,6
train,37092,0
train,58841,2
train,43970,9
train,8278,4
train,41297,7
train,44789,8
train,35892,9
train,299,6
train,3324,7
train,26620,0
train,20421,9
train,59757,2
train,31235,4
train,18158,2
train,33610,9
train,9541,4
train,46898,6
train,34945,1
train,19575,3
train,4027,0
train,17141,4
train,58320,1
train,22769,2
train,51709,8
train,5744,2
train,8042,6
train,1863,3
train,49924,0
train,37786,3
train,36113,6
train,21056,3
train,5262,1
train,37091,6
train,17248,7
train,43503,5
train,31585,6
train,31787,1
train,8199,9
train,15935,8
train,23898,6
train,21276,5
train,44306,1
train,14063,2
train,41146,1
train,54772,3
train,28937,2
train,8160,1
train,54334,9
train,30284,3
train,6563,8
train,15652,6
train,41555,1
train,44900,0
train,31984,4
train,3144,8
train,2445,5
train,32521,2
train,26507,0
train,17049,0
train,52285,8
train,15570,7
train,374,9
train,2955,0
train,8128,5
train,28548,6
train,29322,9
train,19869,7
train,41303,6
train,40899,2
train,37419,4
train,34189,6
train,38611,9
train,6947,7
train,53090,8
train,7546,5
train,11023,4
train,29520,0
train,52522,4
train,18128,6
train,12928,8
train,51305,1
train,12068,6
train,56161,0
train,34398,9
train,8944,4
train,43205,0
train,17059,6
train,27090,6
train,57702,7
train,58367,7
train,56376,4
train,22865,4
train,44164,5
train,42258,9
train,18989,0
train,11168,7
train,25056,4
train,23085,4
train,35827,2
train,19509,7
train,48233,3
train,41027,0
train,44481,5
train,8474,2
train,26142,1
train,49090,2
train,8301,9
train,46060,5
train,35106,2
train,45333,7
train,3640,7
train,2322,2
train,17352,3
train,47624,5
train,26171,3
train,18601,4
train,42681,3
train,16465,8
train,48026,0
train,32914,1
train,44704,0
train,52486,7
train,26016,6
train,32018,8
train,3188,5
train,23336,5
train,55087,4
train,26227,6
train,47111,8
train,30418,8
train,9993,4
train,5395,1
train,26472,6
train,18908,6
train,25893,6
train,52588,7
train,31117,3
train,8813,0
train,32495,3
train,44787,7
train,19285,3
train,36325,8
train,33717,7
train,59777,3
train,3063,9
train,33888,4
train,13478,3
train,45351,8
train,9251,1
train,38677,1
train,15241,1
train,33088,2
train,43410,8
train,50857,1
train,56931,7
train,2123,1
train,1476,3
train,39315,8
train,10826,3
train,12124,3
train,14543,5
train,9429,7
train,5181,7
train,29358,4
train,48164,3
train,36273,1
train,24900,1
train,23219,1
train,8528,3
train,34838,9
train,48269,5
train,48726,8
train,14642,7
train,47178,9
train,22504,4
train,55510,9
train,20457,9
train,6993,9
train,55849,9
train,53157,4
train,51524,5
train,29973,9
train,11381,4
train,5727,9
train,53730,8
train,17007,7
train,8766,5
train,49130,9
train,7989,5
train,19058,1
train,58008,1
train,50865,6
train,18551,4
train,28201,7
train,37731,4
train,51174,7
train,41215,5
train,51383,4
train,10862,8
train,37650,1
train,24072,0
train,27681,1
train,33664,8
train,26065,6
train,6587,7
train,55850,9
train,56340,2
train,59602,7
train,6118,3
train,57148,9
train,50189,4
train,59926,8
train,42896,0
train,50770,3
train,8388,1
train,33376,5
train,56854,6
train,22385,6
train,20894,4
train,53841,9
train,28270,7
train,51031,6
train,20056,4
train,47078,0
train,8352,6
train,31201,3
train,25519,2
train,11936,5
train,44445,0
train,18571,4
train,3739,4
train,17691,2
train,38128,0
train,15443,3
train,49869,8
train,6663,0
train,3356,5
train,25572,6
train,59134,5
train,19544,1
train,25854,2
train,32799,3
train,25926,7
train,40632,2
train,23100,9
train,34969,9
train,56281,4
train,33342,2
train,22435,6
train,10936,8
train,29122,4
train,41113,7
train,40117,7
train,31324,4
train,44229,2
train,28031,3
train,48689,6
train,43890,7
train,49151,0
train,6017,8
train,11412,1
train,14378,2
train,58873,4
train,27659,0
train,5226,6
train,48294,2
train,26399,3
train,37529,0
train,40062,4
train,41044,7
train,213,2
train,36802,3
train,3310,9
train,12582,2
train,38569,5
train,16223,8
train,13232,5
train,56046,1
train,14306,9
train,28999,8
train,55535,7
train,30971,6
train,36762,7
train,44065,1
train,31743,4
train,8348,1
train,50231,8
train,30402,5
train,45653,8
train,52420,6
train,24081,0
train,19785,9
train,25631,3
train,53513,8
train,4463,6
train,43451,5
train,36323,8
train,45109,8
train,45933,5
train,39543,4
train,35440,9
train,24765,5
train,15441,6
train,18747,9
train,5855,7
train,26280,2
train,39619,3
train,8287,9
train,50053,9
train,37448,5
train,32448,4
train,50722,2
train,33447,8
train,32697,5
train,41684,9
train,36705,3
train,20489,6
train,39701,0
train,30090,3
train,57286,7
train,2943,4
train,56305,3
train,51396,4
train,37287,0
train,36213,0
train,16263,8
train,52080,8
train,3977,9
train,28508,6
train,53978,5
train,27317,5
train,16014,1
train,13236,4
train,16446,5
train,19655,3
train,44501,5
train,33029,3
train,50478,2
train,4379,4
train,22198,2
train,28703,4
train,49561,0
train,44060,0
train,9678,1
train,40952,6
train,36266,2
train,22135,1
train,24141,7
train,4803,8
train,40590,7
train,7463,3
train,35799,5
train,56980,1
train,34404,9
train,16638,2
train,48613,0
train,31912,7
train,34170,3
train,40592,2
train,45062,9
train,21434,6
train,35269,2
train,41602,5
train,20640,8
train,36144,6
train,46375,0
train,42493,3
train,27746,1
train,7026,8
train,46632,6
train,44470,7
train,47243,1
train,52959,2
train,43559,8
train,4713,0
train,53754,6
train,12839,0
train,23528,4
train,37230,6
train,16846,9
train,24574,5
train,7385,6
train,25636,6
train,18238,6
train,57793,5
train,2986,7
train,34151,8
train,49737,0
train,30776,9
train,48830,0
train,23733,5
train,30471,1
train,12602,3
train,42130,8
train,1723,0
train,32581,3
train,41636,6
train,59590,5
train,31139,8
train,7215,8
train,35357,1
train,32651,7
train,42718,9
train,49710,9
train,44994,1
train,8968,9
train,8012,3
train,54115,7
train,1979,4
train,57581,7
train,6195,5
train,6574,6
train,53660,8
train,45977,2
train,56675,6
train,26313,5
train,9338,6
train,59699,3
train,18259,1
train,14991,0
train,52024,4
train,7214,3
train,48896,1
train,23628,6
train,7436,8
train,33707,2
train,49646,4
train,40767,8
train,33547,2
train,52667,6
train,24704,9
train,14403,7
train,29598,1
train,5352,7
train,13157,1
train,5445,4
train,30545,8
train,41490,0
train,35331,2
train,46871,0
train,40369,2
train,46094,2
train,30263,9
train,54499,3
train,34727,5
train,3745,9
train,27642,6
train,3220,3
train,15459,6
train,55853,8
train,40312,0
train,13759,6
train,43386,6
train,28626,3
train,12702,3
train,52344,4
train,48025,0
train,21473,6
train,18526,2
train,36362,0
train,5074,0
train,23897,3
train,10026,0
train,25571,2
train,25032,3
train,46350,3
train,13597,8
train,14367,3
train,58275,0
train,50218,2
train,37940,3
train,9636,3
train,55623,8
train,37365,1
train,13447,8
train,52307,3
train,12360,0
train,7269,9
train,1902,6
train,34584,5
train,49145,1
train,9363,3
train,33240,3
train,35312,4
train,5942,3
train,20429,4
train,50409,5
train,4526,6
train,14327,1
train,7310,9
train,3109,6
train,26471,8
train,3264,3
train,21699,1
train,18392,7
train,4666,5
train,32674,5
train,29199,0
train,50207,1
train,39802,9
train,47902,0
train,27748,9
train,57020,0
train,57303,1
train,34243,8
train,4313,9
train,46006,1
train,42102,1
train,57885,7
train,33539,8
train,1639,7
train,11108,8
train,8668,5
train,2926,3
train,48829,7
train,31736,6
train,43529,5
train,28408,0
train,37818,7
train,53116,0
train,59399,8
train,42968,1
train,58655,5
train,34532,2
train,1898,6
train,5258,2
train,34583,7
train,41725,7
train,2791,1
train,27038,5
train,30992,0
train,20839,6
train,9029,4
train,39970,2
train,7840,5
train,16725,8
train,30789,1
train,673,2
train,45496,7
train,24597,3
train,49351,0
train,34900,8
train,15914,6
train,58567,1
train,56990,5
train,28554,6
train,46300,5
train,28154,2
train,34889,1
train,46275,1
train,59979,1
train,48778,6
train,31006,4
train,14075,8
train,43515,8
train,53895,9
train,2215,8
train,30159,3
train,10618,4
train,12873,4
train,31440,8
train,57273,2
train,26977,6
train,10232,9
train,33834,7
train,45436,3
train,44369,1
train,28027,6
train,42945,0
train,30407,8
train,8232,7
train,57518,6
train,43835,4
train,48187,0
train,13160,1
train,17855,6
train,16568,9
train,30729,3
train,35532,9
train,31285,4
train,56179,6
train,1236,8
train,2694,2
train,9739,3
train,50156,0
train,19878,3
train,54203,5
train,38679,2
train,30680,6
train,34208,3
train,43166,6
train,29647,6
train,33429,6
train,48731,5
train,24989,3
train,25887,4
train,34282,1
train,19857,0
train,484,1
train,50038,7
train,59633,9
train,28158,7
train,1998,2
train,26153,8
train,53205,4
train,27591,4
train,10031,3
train,24786,2
train,35753,6
train,26148,3
train,7715,6
train,20590,5
train,10363,0
train,3384,5
train,55000,1
train,51664,6
train,13991,5
train,40459,1
train,11024,4
train,49439,8
train,54186,7
train,42785,6
train,29129,5
train,53657,0
train,30030,5
train,24517,2
train,12704,1
train,10468,1
train,10318,1
train,624,7
train,8747,4
train,22086,9
train,11577,0
train,3822,1
train,38348,6
train,1484,8
train,29108,9
train,42021,6
train,39605,7
train,30185,8
train,29022,8
train,5600,6
train,9514,5
train,32513,4
train,23518,5
train,25486,8
train,36360,9
train,18309,7
train,56042,7
train,23743,9
train,10669,1
train,39298,4
train,13048,7
train,37770,7
train,27353,5
train,57897,3
train,3285,5
train,37806,2
train,14070,1
train,4615,3
train,719,5
train,21445,9
train,26054,7
train,58786,6
train,3762,8
train,35655,0
train,25372,9
train,25963,6
train,52722,8
train,13450,0
train,38451,3
train,27468,7
train,35476,7
train,16689,3
train,26513,9
train,930,9
train,42643,9
train,46970,9
train,28727,6
train,26404,5
train,31717,4
train,19343,2
train,27540,3
train,47373,1
train,35989,4
train,38155,0
train,52335,2
train,3622,0
train,37329,8
train,6938,8
train,37636,3
train,24381,2
train,8670,2
train,13136,7
train,2433,7
train,59163,8
train,5088,3
train,58997,6
train,38781,7
train,7264,9
train,18917,9
train,4257,3
train,43785,9
train,59538,5
train,5115,0
train,19447,4
train,1415,6
train,58944,1
train,35384,9
train,52936,3
train,44869,5
train,16505,7
train,13207,6
train,8075,3
train,13692,9
train,42602,1
train,32502,8
train,49406,3
train,59124,7
train,41628,5
train,38454,1
train,19200,3
train,23853,9
train,40772,9
train,59854,1
train,26892,1
train,7605,7
train,26893,8
train,45944,9
train,46438,0
train,44780,9
train,14109,6
train,8055,3
train,27300,1
train,6096,5
train,24555,1
train,54771,6
train,46598,1
train,50572,1
train,15580,0
train,22690,6
train,20779,2
train,36847,9
train,14233,5
train,9990,7
train,47333,1
train,50591,4
train,21856,6
train,4492,1
train,12776,0
train,50630,0
train,41237,1
train,21515,3
train,3963,1
train,59380,8
train,12004,0
train,30693,9
train,49918,7
train,36092,4
train,14514,3
train,30574,3
train,8745,9
train,48800,5
train,30792,4
train,32466,4
train,17335,0
train,59591,6
train,45233,5
train,34072,9
train,46121,8
train,19625,7
train,39807,5
train,28855,0
train,56724,0
train,33824,4
train,20867,2
train,33498,1
train,34828,3
train,22204,3
train,59146,6
train,3111,1
train,16281,2
train,57622,6
train,49807,1
train,52693,1
train,37812,2
train,46631,8
train,15721,7
train,11962,4
train,45380,9
train,15868,0
train,492,1
train,32705,1
train,31828,9
train,47829,7
train,14783,6
train,6531,1
train,47458,6
train,22880,7
train,42630,1
train,46129,2
train,38617,2
train,48341,7
train,47404,6
train,7285,4
train,43364,4
train,40834,4
train,54038,9
train,11423,9
train,51395,0
train,13945,9
train,48876,4
train,17706,1
train,56896,9
train,58238,1
train,47396,0
train,54329,1
train,50375,7
train,33858,5
train,38397,8
train,7429,1
train,3493,8
train,13321,5
train,57562,8
train,36574,6
train,49230,3
train,25344,0
train,8266,4
train,54292,2
train,22876,7
train,47842,2
train,31294,6
train,23089,2
train,32621,0
train,1203,4
train,39580,7
train,27856,3
train,10523,0
train,51763,3
train,57492,3
train,8794,3
train,41800,6
train,12936,8
train,39597,2
train,647,4
train,56572,1
train,37073,7
train,47777,1
train,22485,9
train,50646,1
train,36963,9
train,24419,0
train,15645,8
train,34786,9
train,57557,6
train,53705,0
train,34216,4
train,24057,9
train,31951,4
train,54256,7
train,34168,1
train,30932,0
train,21020,9
train,38412,0
train,20587,3
train,49772,6
train,12713,5
train,686,7
train,45826,5
train,44884,9
train,26023,8
train,26367,4
train,18804,2
train,40072,6
train,59530,1
train,43783,3
train,17841,2
train,35063,0
train,11646,4
train,17600,2
train,3191,8
train,4778,6
train,41080,2
train,37530,4
train,23472,2
train,1702,5
train,24892,0
train,53295,4
train,52239,9
train,40764,9
train,44680,1
train,476,2
train,7113,7
train,14599,5
train,44365,6
train,11165,4
train,24582,2
train,3143,0
train,15591,6
train,15902,2
train,27341,7
train,50199,6
train,1596,0
train,29142,8
train,27568,8
train,3758,1
train,32937,1
train,23821,0
train,25844,4
train,56651,0
train,23016,9
train,39611,8
train,26992,4
train,12792,9
train,3056,4
train,31481,6
train,29478,0
train,34062,2
train,54339,3
train,56102,9
train,56239,0
train,35471,8
train,50136,1
train,51379,2
train,26096,1
train,17053,7
train,24935,7
train,12658,8
train,6840,5
train,937,4
train,42222,9
train,29251,4
train,44725,1
train,35681,0
train,17652,6
train,27422,5
train,1914,8
train,25845,4
train,48843,9
train,10382,9
train,25619,3
train,43863,9
train,15302,9
train,8091,6
train,45828,9
train,27998,8
train,35457,2
train,44668,4
train,17687,7
train,50975,3
train,36441,4
train,3042,2
train,1152,0
train,23797,2
train,45941,1
train,11001,9
train,51491,0
train,40556,2
train,21968,4
train,40577,1
train,16885,1
train,45540,0
train,11081,2
train,7782,2
train,32981,2
train,55027,0
train,50704,4
train,4577,1
train,9096,5
train,44621,5
train,36211,9
train,5588,3
train,37784,7
train,33387,8
train,32632,1
train,48356,2
train,39090,2
train,21399,8
train,24096,2
train,24490,5
train,46776,8
train,16990,7
train,29127,7
train,24000,8
train,39845,7
train,8298,4
train,9856,1
train,29380,6
train,17686,6
train,52450,1
train,45038,4
train,30270,1
train,329,4
train,28771,0
train,17518,0
train,11923,8
train,37797,3
train,5908,2
train,40995,2
train,49335,9
train,37041,7
train,50168,6
train,9686,8
train,53215,6
train,24887,5
train,34442,2
train,45367,2
train,39741,3
train,41227,9
train,52821,0
train,9416,7
train,49631,5
train,35701,2
train,22290,8
train,49701,8
train,35392,4
train,38805,8
train,17890,5
train,48487,4
train,47643,3
train,30898,1
train,2328,5
train,25437,2
train,28447,7
train,9817,9
train,49004,6
train,39496,6
train,56451,7
train,31927,7
train,31725,7
train,24774,6
train,52516,6
train,36238,7
train,14380,8
train,37062,9
train,33224,1
train,57393,0
train,32125,4
train,14666,6
train,24707,1
train,1450,1
train,9441,0
train,12543,4
train,320,0
train,145,5
train,9749,8
train,34451,0
train,9956,8
train,1313,5
train,13562,8
train,9652,5
train,57022,1
train,48670,0
train,38388,1
train,19466,2
train,3655,3
train,45671,9
train,31108,3
train,52143,1
train,23805,8
train,40966,5
train,53689,2
train,43133,2
train,5823,2
train,28584,4
train,16916,2
train,2489,3
train,12461,2
train,2563,1
train,56090,9
train,11369,4
train,46499,1
train,51402,6
train,42313,8
train,3147,2
train,19554,0
train,45074,9
train,45972,2
train,28209,5
train,13247,9
train,2443,4
train,47293,4
train,5494,1
train,31113,1
train,59397,9
train,7523,2
train,9398,2
train,53494,2
train,49880,9
train,20797,3
train,6527,5
train,3812,3
train,55243,9
train,49988,9
train,49723,1
train,24619,1
train,18316,1
train,53697,6
train,36344,6
train,1801,6
train,36173,5
train,23267,7
train,26350,1
train,27146,8
train,1797,0
train,16688,8
train,18109,8
train,15352,4
train,22603,0
train,21647,3
train,22439,8
train,50718,5
train,11166,7
train,19528,1
train,4389,0
train,59543,4
train,57845,4
train,20515,2
train,26106,4
train,532,8
train,33460,8
train,55029,0
train,17274,3
train,29109,7
train,17924,8
train,36433,1
train,15807,8
train,36101,6
train,28219,7
train,3351,4
train,31050,4
train,54316,6
train,56148,6
train,46436,0
train,17480,2
train,47058,4
train,11290,7
train,28517,4
train,9806,0
train,34589,6
train,52236,9
train,302,6
train,2894,1
train,21586,0
train,7328,8
train,13260,1
train,50063,1
train,57179,8
train,34777,1
train,46697,7
train,6953,7
train,13954,8
train,3137,5
train,42337,5
train,44,3
train,5200,8
train,34241,1
train,41806,0
train,48232,1
train,45969,9
train,43625,6
train,17361,8
train,8584,8
train,59334,3
train,55691,9
train,9607,5
train,57484,8
train,21197,2
train,51124,5
train,19290,6
train,59331,0
train,50708,7
train,23272,4
train,58209,4
train,1610,9
train,30393,5
train,38445,3
train,8330,1
train,2177,1
train,25023,5
train,46056,2
train,59054,3
train,42891,2
train,8962,4
train,32243,2
train,19941,3
train,14392,2
train,40427,3
train,50179,8
train,27973,8
train,27771,9
train,33120,2
train,40875,8
train,21566,2
train,31243,0
train,41590,3
train,10196,4
train,46362,9
train,4311,1
train,26353,9
train,33519,8
train,58961,9
train,24358,3
train,25752,2
train,39442,8
train,23920,5
train,34069,7
train,50141,3
train,40401,3
train,51319,6
train,32931,3
train,27563,8
train,43880,8
train,58996,8
train,29464,3
train,50818,6
train,36145,1
train,16306,0
train,34582,0
train,55194,3
train,34250,2
train,29050,2
train,24306,1
train,53052,4
train,39504,0
train,29121,3
train,31689,1
train,57275,6
train,934,7
train,43379,6
train,20434,9
train,26668,7
train,4348,8
train,4167,5
train,38079,4
train,27890,6
train,54461,5
train,50809,3
train,2891,4
train,7915,3
train,6273,2
train,1199,2
train,59048,7
train,56164,3
train,28713,9
train,10586,5
train,10103,4
train,47329,3
train,6320,0
train,10201,8
train,15691,8
train,50,3
train,37127,9
train,20546,9
train,14958,1
train,39060,7
train,36633,1
train,57035,4
train,51782,2
train,12363,7
train,42897,7
train,49322,0
train,51849,2
train,49555,2
train,56425,9
train,41499,4
train,49414,8
train,9310,0
train,17688,8
train,43707,7
train,47278,5
train,41881,2
train,8678,1
train,47873,5
train,29335,8
train,45573,8
train,56097,8
train,4493,4
train,21123,7
train,5912,7
train,57941,3
train,25897,7
train,20004,7
train,27403,5
train,47110,7
train,59798,3
train,38543,0
train,42817,0
train,45403,1
train,5030,8
train,28606,5
train,43638,5
train,3048,3
train,51973,5
train,51824,0
train,41245,0
train,16667,6
train,41741,2
train,14282,0
train,35292,9
train,14205,3
train,26611,8
train,56767,6
train,13056,7
train,46047,2
train,6309,3
train,22553,4
train,37532,2
train,14105,4
train,2253,0
train,18452,1
train,44548,1
train,48740,6
train,41318,0
train,22878,2
train,52394,3
train,8258,1
train,35816,0
train,50031,4
train,31670,6
train,10198,9
train,25131,8
train,53602,4
train,31947,2
train,29972,3
train,39507,2
train,43882,5
train,21175,7
train,57556,7
train,713,2
train,31858,4
train,21498,1
train,21684,6
train,23930,8
train,21657,9
train,27702,6
train,22292,8
train,474,5
train,44928,5
train,45172,4
train,28264,3
train,31891,5
train,52200,4
train,34654,6
train,16940,3
train,37110,1
train,21962,8
train,23151,4
train,40693,1
train,49382,4
train,47841,3
train,21956,5
train,34422,8
train,38044,8
train,5045,9
train,33416,1
train,56327,5
train,18893,0
train,19690,9
train,33980,6
train,46851,7
train,18767,4
train,22187,2
train,28817,6
train,38799,8
train,30400,3
train,45800,9
train,48362,6
train,57520,2
train,5432,3
train,8902,9
train,48789,9
train,48893,7
train,33272,6
train,51610,5
train,53486,8
train,38769,1
train,29264,5
train,38398,1
train,29643,6
train,52306,8
train,42939,7
train,25355,7
train,54684,8
train,43950,9
train,45924,5
train,15894,9
train,58297,2
train,29692,4
train,12867,4
train,20961,1
train,14496,4
train,14993,8
train,30480,0
train,53447,3
train,38698,5
train,54026,9
train,1509,5
train,22125,9
train,13057,9
train,51567,2
train,17865,4
train,11566,7
train,44391,8
train,48126,1
train,40433,6
train,5810,6
train,20475,1
train,16984,7
train,151,6
train,45198,4
train,51798,3
train,28435,6
train,2429,1
train,10656,5
train,25307,1
train,57028,5
train,58374,8
train,52545,3
train,20722,8
train,20653,4
train,24370,8
train,54327,8
train,58050,6
train,41723,1
train,502,5
train,21770,4
train,53348,1
train,46062,3
train,51920,6
train,28428,0
train,5834,1
train,25157,2
train,32666,0
train,48993,1
train,22088,9
train,53809,8
train,12025,7
train,15453,3
train,4571,7
train,48848,1
train,3972,5
train,41425,0
train,26709,7
train,19610,5
train,9074,3
train,30856,6
train,5129,2
train,26055,0
train,52624,1
train,26314,9
train,47809,7
train,5159,6
train,27012,1
train,46633,8
train,2816,3
train,53110,8
train,56372,2
train,21230,1
train,54313,0
train,40150,0
train,39818,1
train,13413,1
train,29217,6
train,35323,8
train,59429,8
train,45485,4
train,2464,2
train,3940,7
train,6408,1
train,41384,0
train,43637,3
train,20804,5
train,2951,8
train,44656,0
train,55315,0
train,25686,8
train,59496,9
train,36008,8
train,57416,2
train,10870,4
train,22550,6
train,17588,3
train,23142,1
train,48388,9
train,46328,0
train,1166,7
train,53593,1
train,2391,7
train,24654,8
train,59193,5
train,19692,8
train,5837,6
train,55016,6
train,43373,3
train,34175,3
train,14268,1
train,14113,2
train,33583,3
train,19786,0
train,56640,7
train,51730,9
train,56810,1
train,7416,9
train,55773,4
train,4673,6
train,39326,0
train,13892,1
train,34640,1
train,33656,7
train,14668,0
train,32608,7
train,15678,8
train,31969,0
train,23307,4
train,47464,7
train,32691,3
train,6369,8
train,57921,7
train,14762,9
train,24374,5
train,32527,7
train,16903,0
train,1364,9
train,44478,3
train,24623,2
train,45377,3
train,18841,2
train,11975,1
train,22456,4
train,48535,4
train,23634,3
train,55672,5
train,18640,1
train,7019,4
train,19047,9
train,20780,3
train,13802,7
train,25154,4
train,19829,3
train,28061,7
train,53547,3
train,48865,5
train,2756,6
train,1570,7
train,17342,9
train,52363,7
train,11367,9
train,27683,7
train,15271,1
train,31422,2
train,35879,4
train,57868,3
train,12261,1
train,45185,7
train,28918,5
train,58795,4
train,51897,8
train,10440,6
train,48951,2
train,33367,0
train,38205,9
train,3361,5
train,35762,8
train,8353,7
train,10881,8
train,59140,7
train,11522,1
train,20674,1
train,19488,6
train,12319,6
train,57241,0
train,23302,1
train,29075,4
train,55657,2
train,44068,4
train,19715,9
train,2421,8
train,2189,2
train,47996,4
train,47291,1
train,27811,0
train,47280,3
train,57496,2
train,35317,3
train,25269,1
train,4511,3
train,8587,4
train,6730,0
train,20801,0
train,39237,1
train,6010,9
train,4201,0
train,34467,1
train,21989,5
train,3943,0
train,33026,8
train,41244,7
train,49588,1
train,15818,7
train,29959,9
train,56679,7
train,16746,6
train,4695,5
train,1045,8
train,38700,1
train,59850,5
train,53989,2
train,24594,9
train,26919,8
train,37706,7
train,18896,0
train,5032,4
train,45375,2
train,23123,5
train,41631,6
train,10447,8
train,35165,3
train,14159,6
train,34891,2
train,3159,3
train,46802,9
train,59258,9
train,6518,9
train,26978,5
train,1471,0
train,31154,0
train,47394,1
train,29386,0
train,51974,7
train,15282,8
train,40644,1
train,57298,0
train,58419,5
train,50773,2
train,37283,9
train,14531,7
train,17421,3
train,26619,0
train,45953,0
train,31695,0
train,47920,5
train,23598,0
train,38519,9
train,58350,0
train,48350,0
train,16438,4
train,50689,2
train,48897,1
train,58115,6
train,21530,5
train,1836,3
train,629,3
train,30824,3
train,6724,4
train,2039,1
train,36513,4
train,27470,2
train,20569,5
train,13686,6
train,56066,7
train,13635,6
train,19062,6
train,51051,1
train,14136,6
train,29661,7
train,26784,0
train,11456,5
train,16634,0
train,8187,0
train,16733,5
train,9758,9
train,45923,8
train,20726,4
train,29619,2
train,10062,5
train,10482,8
train,10615,1
train,150,4
train,24307,3
train,18548,6
train,26823,5
train,47529,2
train,58851,2
train,22982,6
train,54125,2
train,27831,1
train,40320,0
train,46784,9
train,24634,1
train,56747,6
train,12435,2
train,38952,2
train,29830,5
train,40492,6
train,35335,4
train,37418,2
train,23437,8
train,41438,2
train,43470,7
train,30238,1
train,33807,2
train,46259,2
train,34991,4
train,42221,5
train,36004,9
train,45325,4
train,42372,5
train,53836,7
train,55322,5
train,56824,2
train,19051,1
train,35101,7
train,1565,4
train,12964,6
train,42775,3
train,93,6
train,52089,7
train,50812,2
train,46356,7
train,33614,4
train,7391,0
train,48160,8
train,42352,7
train,8099,3
train,18409,1
train,15157,1
train,18208,0
train,21981,9
train,6693,6
train,14152,7
train,45872,5
train,206,0
train,52749,6
train,23455,5
train,21555,1
train,39208,5
train,44768,0
train,56818,4
train,50780,6
train,2290,4
train,32783,6
train,35448,1
train,25683,2
train,28343,3
train,7076,8
train,13535,2
train,40356,6
train,48322,0
train,45151,3
train,59870,3
train,38727,9
train,30921,4
train,56501,6
train,3556,7
train,45552,6
train,35756,1
train,56580,9
train,18521,8
train,14825,3
train,45459,2
train,3194,4
train,26548,3
train,21295,8
train,17251,6
train,39218,4
train,27864,2
train,30954,4
train,16835,1
train,58067,3
train,21261,3
train,5931,6
train,8360,3
train,54540,7
train,18150,8
train,19055,4
train,55890,0
train,29149,6
train,52150,6
train,17608,5
train,36579,5
train,5252,3
train,22376,2
train,14823,3
train,17782,1
train,47535,1
train,6958,0
train,9189,4
train,58713,5
train,36350,4
train,14659,5
train,6431,5
train,8843,2
train,10114,4
train,41275,7
train,44476,5
train,21316,6
train,2587,3
train,20173,6
train,42471,4
train,57158,6
train,47022,1
train,45046,3
train,29628,1
train,4407,1
train,25142,6
train,21479,1
train,56659,4
train,11121,8
train,58432,4
train,54133,6
train,59534,4
train,18589,4
train,40593,4
train,59035,6
train,33576,9
train,20759,7
train,801,2
train,79,7
train,9027,0
train,20305,2
train,27860,2
train,11475,2
train,16120,5
train,30621,8
train,20172,4
train,19307,3
train,54326,2
train,16742,1
train,42654,2
train,49039,9
train,6006,8
train,48106,8
train,42596,2
train,56671,4
train,8511,7
train,18479,7
train,6442,2
train,23145,9
train,32027,4
train,31539,4
train,34926,1
train,37129,8
train,29339,4
train,7502,4
train,10877,5
train,47981,4
train,58021,3
train,52705,7
train,28789,9
train,34361,4
train,52591,7
train,36498,7
train,33870,7
train,54101,0
train,22863,3
train,6590,7
train,14546,4
train,38280,5
train,8078,2
train,35837,7
train,30264,7
train,33507,3
train,33300,9
train,29420,0
train,7789,1
train,6772,5
train,45181,8
train,23504,0
train,17690,4
train,26416,9
train,25383,0
train,55855,1
train,28732,5
train,18555,6
train,51722,4
train,42462,1
train,1521,1
train,24958,1
train,57108,8
train,15314,6
train,18986,3
train,26981,3
train,55569,9
train,17982,6
train,29618,8
train,53744,2
train,48230,5
train,44290,1
train,37830,5
train,53032,4
train,23143,8
train,9067,0
train,44201,6
train,35216,2
train,38334,6
train,52445,8
train,27762,8
train,45902,3
train,51683,7
train,49028,2
train,20519,9
train,50258,8
train,32115,3
train,2462,1
train,50469,6
train,30606,1
train,14168,5
train,33675,1
train,18576,6
train,56453,7
train,23579,0
train,33073,6
train,11793,1
train,15524,0
train,7288,3
train,50562,9
train,39966,5
train,45585,8
train,49330,7
train,5406,4
train,10784,9
train,8943,4
train,13760,6
train,11946,7
train,53647,5
train,3840,7
train,9538,7
train,38002,1
train,37727,2
train,18797,9
train,11368,9
train,6230,3
train,33898,8
train,29469,0
train,3297,6
train,34702,7
train,26450,4
train,57585,4
train,38687,3
train,27903,5
train,54399,4
train,35786,9
train,15987,9
train,82,2
train,24412,7
train,46348,8
train,13795,8
train,36526,9
train,46402,4
train,49018,3
train,27714,7
train,25208,3
train,7584,3
train,24773,5
train,50128,9
train,51292,7
train,1875,9
train,20900,9
train,115,4
train,59121,6
train,8993,2
train,41496,7
train,13409,9
train,6417,8
train,31514,4
train,28095,2
train,50224,7
train,15999,1
train,26372,6
train,38281,3
train,28832,2
train,12944,8
train,38154,9
train,59460,1
train,37698,5
train,37842,5
train,3580,5
train,49385,7
train,15912,9
train,53203,8
train,21982,2
train,50573,5
train,10478,9
train,36131,4
train,2995,7
train,16,2
train,6207,0
train,6833,4
train,41779,7
train,52944,8
train,42857,4
train,37203,7
train,4125,4
train,54852,4
train,13801,9
train,26115,8
train,33052,9
train,58104,2
train,27821,1
train,58545,4
train,41480,9
train,13816,0
train,45018,5
train,55030,0
train,43784,1
train,50568,2
train,8812,0
train,19702,5
train,24113,4
train,38311,1
train,48335,1
train,49888,1
train,40771,6
train,5894,8
train,52360,1
train,40362,1
train,57341,3
train,4298,7
train,5920,6
train,10956,6
train,39889,9
train,15713,1
train,2904,0
train,39721,3
train,55321,3
train,23486,4
train,36103,3
train,22492,3
train,30055,2
train,18125,6
train,10241,4
train,33125,4
train,18121,4
train,7048,8
train,51400,6
train,47393,2
train,18800,1
train,32073,8
train,58426,9
train,54210,1
train,22034,4
train,14459,9
train,15495,2
train,59245,2
train,23263,8
train,19016,3
train,50453,1
train,15072,9
train,16278,1
train,7826,4
train,57656,6
train,14897,0
train,3456,1
train,17048,0
train,31359,4
train,22561,6
train,17804,8
train,35160,9
train,34354,4
train,28240,9
train,28691,4
train,35333,3
train,49455,5
train,24674,2
train,2631,6
train,41624,3
train,42662,8
train,4552,3
train,24147,8
train,5589,9
train,9200,7
train,38622,4
train,50106,8
train,15921,1
train,8827,7
train,58702,1
train,24479,8
train,21203,0
train,38211,0
train,12671,1
train,51969,8
train,43017,1
train,54221,0
train,59197,0
train,23792,5
train,26558,9
train,46896,0
train,41579,2
train,47307,7
train,37824,9
train,56823,3
train,10285,1
train,23052,8
train,16202,0
train,14350,3
train,19684,6
train,33435,2
train,53248,8
train,53441,7
train,2783,2
train,1506,6
train,26796,6
train,19643,1
train,40616,6
train,50518,0
train,21329,5
train,39750,9
train,22675,3
train,56236,0
train,25080,5
train,2899,0
train,31684,7
train,29436,7
train,28303,3
train,41386,1
train,9670,3
train,40284,0
train,32716,7
train,43904,4
train,3565,0
train,9001,7
train,49978,7
train,7547,7
train,21409,1
train,50050,4
train,21060,1
train,22592,6
train,21292,1
train,57937,4
train,31048,1
train,48271,7
train,3979,8
train,55940,8
train,47109,4
train,57511,5
train,34239,3
train,4724,6
train,2699,8
train,57922,8
train,54160,2
train,20756,3
train,7489,4
train,2632,3
train,12066,8
train,12812,3
train,18539,7
train,38028,6
train,40249,0
train,53940,0
train,6457,8
train,51418,2
train,51930,9
train,27041,4
train,52533,8
train,10491,4
train,11472,5
train,59871,7
train,26658,2
train,26765,6
train,47972,5
train,3005,3
train,23043,3
train,26819,6
train,55526,2
train,48287,0
train,25026,7
train,36737,0
train,17011,6
train,36184,6
train,9952,8
train,58213,9
train,53475,3
train,48723,8
train,29088,1
train,50627,7
train,34237,0
train,2940,8
train,12293,7
train,52966,3
train,46376,7
train,2872,1
train,36240,1
train,46159,1
train,8090,7
train,38529,3
train,41461,7
train,49995,5
train,35438,8
train,59635,5
train,39748,5
train,36021,3
train,33474,6
train,17188,2
train,38707,1
train,38226,1
train,39988,1
train,12288,8
train,41873,8
train,48248,2
train,50010,5
train,45332,2
train,32588,3
train,28019,1
train,40816,2
train,19816,1
train,16336,3
train,1290,3
train,25076,6
train,3826,2
train,46320,8
train,29936,3
train,39714,0
train,39167,8
train,58794,2
train,5286,0
train,46232,4
train,34972,7
train,19506,5
train,5481,2
train,52507,5
train,27499,5
train,53067,5
train,17149,0
train,31871,1
train,2166,1
train,23220,7
train,26537,1
train,13710,7
train,16563,0
train,2743,7
train,42351,1
train,17511,4
train,56252,1
train,1490,5
train,36074,9
train,46796,0
train,41059,6
train,9081,9
train,44289,8
train,29243,0
train,14787,9
train,10571,4
train,15557,1
train,4570,3
train,36688,7
train,36822,1
train,36704,2
train,14150,5
train,18228,9
train,16105,0
train,20263,1
train,12834,6
train,11308,1
train,32123,9
train,36300,8
train,55147,7
train,58568,2
train,48020,4
train,10207,2
train,9368,5
train,18239,8
train,3904,9
train,12900,9
train,36657,1
train,27797,2
train,46902,3
train,7797,8
train,39649,7
train,32378,1
train,57107,3
train,42736,8
train,30587,1
train,49131,1
train,22111,0
train,6114,2
train,42156,1
train,32231,1
train,4155,6
train,46050,2
train,26426,9
train,50919,5
train,19826,8
train,44843,6
train,38008,0
train,6059,3
train,168,7
train,17455,9
train,46876,8
train,32669,4
train,55331,8
train,6345,9
train,36578,6
train,4271,3
train,23569,6
train,26305,3
train,8312,6
train,23789,8
train,15829,2
train,51044,0
train,38896,5
train,47921,4
train,53168,1
train,16545,1
train,40178,1
train,45956,8
train,31016,2
train,55859,9
train,33383,1
train,45164,3
train,10300,2
train,40989,0
train,33400,3
train,327,3
train,50901,2
train,50779,5
train,42452,6
train,47225,3
train,47369,2
train,20680,4
train,49826,3
train,37414,5
train,20030,7
train,34178,7
train,49892,5
train,25489,6
train,53149,4
train,15983,7
train,38133,7
train,43109,8
train,13822,0
train,53708,2
train,42502,1
train,28045,8
train,25124,1
train,20683,9
train,36532,1
train,53787,1
train,47807,6
train,16104,2
train,13065,8
train,19508,2
train,39261,7
train,57584,3
train,33865,1
train,9196,0
train,16076,1
train,37774,8
train,22275,5
train,4889,0
train,37055,7
train,963,8
train,6700,0
train,7882,0
train,29246,3
train,12202,9
train,23039,2
train,25876,1
train,4769,9
train,52731,1
train,7740,5
train,14865,4
train,56111,7
train,50244,7
train,57340,1
train,47519,3
train,8202,2
train,2326,1
train,56668,1
train,52142,2
train,26625,3
train,49900,6
train,43758,3
train,53737,8
train,36168,0
train,1357,3
train,52310,5
train,26737,8
train,31060,8
train,36794,1
train,40194,5
train,21353,0
train,37813,8
train,34738,8
train,54044,5
train,10441,5
train,19141,7
train,9503,9
train,12638,5
train,37149,8
train,28091,2
train,40329,0
train,16431,4
train,20535,8
train,13641,0
train,40943,9
train,29294,3
train,34348,4
train,37045,1
train,30027,2
train,54331,5
train,59218,2
train,13313,2
train,58675,1
train,33044,5
train,48637,5
train,28002,0
train,45015,3
train,39916,4
train,2114,3
train,42453,8
train,40015,1
train,50425,6
train,40661,6
train,25215,9
train,42863,5
train,45604,5
train,44494,5
train,7718,6
train,41984,2
train,8389,7
train,51126,7
train,58886,1
train,40260,0
train,36818,7
train,50273,1
train,24296,4
train,12624,7
train,4308,8
train,47738,6
train,15666,9
train,54269,1
train,50317,3
train,9377,2
train,6086,5
train,33633,3
train,44249,3
train,52205,1
train,32057,2
train,33337,8
train,59071,1
train,1955,5
train,41768,9
train,47596,7
train,40854,9
train,13713,3
train,29553,9
train,58856,8
train,23776,2
train,55994,6
train,35285,1
train,29353,3
train,59964,3
train,35171,5
train,38494,0
train,4854,0
train,31425,0
train,58869,6
train,18619,8
train,48944,7
train,28290,4
train,46319,2
train,10507,9
train,44059,7
train,31310,0
train,41512,2
train,47937,4
train,9318,2
train,32594,9
train,19538,8
train,40541,6
train,23630,5
train,50011,2
train,16780,5
train,41592,8
train,46983,3
train,57597,2
train,45222,5
train,22903,3
train,51884,2
train,46700,5
train,54192,8
train,9658,2
train,21609,5
train,36164,1
train,22877,0
train,24720,8
train,25696,1
train,42124,9
train,5848,6
train,11190,9
train,10720,8
train,59025,7
train,45537,1
train,20108,1
train,6331,0
train,16147,9
train,69,0
train,39659,7
train,53218,2
train,29190,0
train,38742,8
train,2500,0
train,16154,8
train,58431,3
train,5344,0
train,16311,3
train,57823,6
train,33964,7
train,29880,5
train,56375,4
train,54484,2
train,34871,2
train,57229,4
train,13066,0
train,3760,9
train,55435,9
train,13796,5
train,14340,2
train,38066,3
train,54442,5
train,46398,0
train,43634,4
train,3937,0
train,7304,7
train,42646,7
train,6846,2
train,18102,0
train,59612,8
train,36190,4
train,45464,2
train,4623,1
train,4079,6
train,20771,8
train,52389,8
train,57810,0
train,33227,6
train,21800,0
train,37588,2
train,45608,0
train,42322,5
train,48382,8
train,70,1
train,43056,5
train,48815,0
train,33635,7
train,30877,9
train,54824,1
train,4299,5
train,28272,0
train,41398,2
train,6852,5
train,34273,0
train,12298,8
train,2746,0
train,30187,0
train,9623,3
train,26441,7
train,12989,9
train,16693,3
train,11914,0
train,27139,5
train,59,1
train,28188,8
train,43792,9
train,5777,4
train,47384,1
train,58636,8
train,37964,2
train,37653,0
train,13120,5
train,57936,2
train,18764,2
train,28057,5
train,9519,7
train,58785,3
train,40149,8
train,12689,5
train,18697,9
train,2739,5
train,15809,1
train,11964,6
train,36028,5
train,32749,9
train,45145,0
train,22271,3
train,58985,1
train,52058,1
train,695,3
train,23947,5
train,23668,5
train,58621,4
train,29958,3
train,3746,9
train,45324,6
train,34588,1
train,56934,3
train,30904,6
train,41504,8
train,9064,5
train,22740,7
train,5543,1
train,29403,1
train,34789,2
train,48603,9
train,28777,5
train,52304,9
train,4305,8
train,33655,3
train,52474,5
train,10761,9
train,22247,1
train,30358,9
train,21222,7
train,9546,2
train,4145,0
train,37566,3
train,1941,3
train,56680,7
train,41925,4
train,9262,6
train,20460,4
train,1032,5
train,2473,0
train,548,2
train,6965,7
train,31332,1
train,11548,7
train,49340,2
train,24606,1
train,44722,6
train,19770,0
train,483,7
train,26671,3
train,13133,6
train,54663,7
train,37131,7
train,35730,8
train,4170,6
train,58951,8
train,2875,2
train,26827,1
train,18138,9
train,2806,0
train,43415,4
train,14073,7
train,5757,5
train,49607,3
train,18655,6
train,59973,9
train,59727,4
train,16413,9
train,26190,1
train,58204,7
train,53936,0
train,57590,9
train,23465,6
train,30713,7
train,6209,1
train,31822,9
train,40480,3
train,57099,7
train,39023,0
train,55628,3
train,51012,9
train,10383,6
train,11838,7
train,34309,5
train,52615,1
train,55373,2
train,22032,3
train,35780,4
train,50457,2
train,19754,6
train,46819,7
train,55987,2
train,10057,8
train,23329,9
train,6945,3
train,17410,9
train,47332,9
train,9156,6
train,28839,2
train,7038,0
train,55466,7
train,12045,8
train,16006,9
train,18120,3
train,12656,3
train,16340,8
train,58220,8
train,42854,4
train,31640,1
train,14046,7
train,12806,7
train,33357,3
train,1969,0
train,50270,6
train,7246,5
train,30390,5
train,56674,0
train,13339,4
train,7719,2
train,18142,7
train,29739,4
train,34717,2
train,9988,7
train,49805,2
train,26868,5
train,31517,4
train,58134,5
train,31862,1
train,19594,0
train,15757,8
train,59255,6
train,57815,2
train,41437,1
train,1086,8
train,50603,3
train,58414,5
train,37188,3
train,56278,1
train,5516,1
train,53721,8
train,36136,7
train,31861,7
train,4144,2
train,35678,2
train,17798,7
train,31098,3
train,7996,1
train,22870,7
train,32904,9
train,21654,3
train,50152,4
train,17096,8
train,32449,1
train,4734,7
train,50751,1
train,46049,6
train,22627,1
train,12779,4
train,2839,0
train,11678,6
train,16659,8
train,49348,5
train,44512,7
train,13368,5
train,44942,4
train,17390,4
train,30599,7
train,52473,4
train,24176,3
train,51048,1
train,9323,5
train,59649,8
train,29005,2
train,54982,0
train,9794,8
train,39922,8
train,40987,1
train,40840,5
train,31306,8
train,1606,0
train,8430,1
train,52698,0
train,55818,5
train,37325,8
train,36455,4
train,2938,1
train,55090,7
train,18406,8
train,9564,8
train,14301,8
train,9798,6
train,18359,1
train,24874,4
train,11785,5
train,14979,5
train,21227,5
train,30686,9
train,40540,3
train,43502,9
train,12931,2
train,40841,2
train,20706,1
train,55433,2
train,45822,3
train,56145,8
train,45600,7
train,30457,1
train,50559,0
train,56602,1
train,55008,3
train,39222,3
train,46646,6
train,14516,1
train,45759,3
train,59948,9
train,44731,4
train,11629,4
train,59890,9
train,24947,9
train,52999,5
train,32282,7
train,7551,4
train,25025,5
train,13718,7
train,17910,6
train,55140,1
train,11568,8
train,41366,2
train,59781,1
train,37845,6
train,57112,2
train,24643,9
train,3649,9
train,21867,4
train,35654,1
train,50647,1
train,20510,0
train,882,4
train,46349,7
train,42300,4
train,39766,6
train,17416,6
train,29016,8
train,26885,9
train,43273,0
train,2492,7
train,40692,1
train,44016,9
train,52997,7
train,19026,4
train,33721,9
train,22685,8
train,45975,0
train,33174,9
train,15630,3
train,34619,0
train,1138,9
train,41830,2
train,24717,0
train,13621,6
train,45719,9
train,56220,7
train,38332,0
train,4110,6
train,21239,6
train,32309,8
train,35455,9
train,37046,9
train,38841,8
train,47848,5
train,24522,6
train,23030,1
train,55659,7
train,45494,0
train,6182,3
train,1888,2
train,42056,3
train,38706,0
train,42501,7
train,42,7
train,38105,1
train,7213,7
train,37136,9
train,53444,0
train,38282,7
train,48050,7
train,3701,4
train,18236,2
train,9000,6
train,7100,4
train,2294,4
train,29382,7
train,24741,9
train,9191,9
train,56209,7
train,35433,6
train,41135,9
train,9626,4
train,8589,1
train,4030,6
train,57001,8
train,49123,1
train,10969,7
train,49403,6
train,54988,5
train,29102,0
train,48808,0
train,10839,9
train,9222,0
train,38080,2
train,56737,1
train,12801,6
train,16256,9
train,56488,3
train,14782,8
train,16830,6
train,40770,1
train,52348,4
train,17051,0
train,35869,3
train,56742,9
train,6647,1
train,8805,7
train,2918,1
train,14706,8
train,13095,8
train,48737,8
train,22251,3
train,30618,0
train,7510,2
train,23033,4
train,31082,0
train,28469,5
train,31218,9
train,16986,7
train,30893,9
train,44203,8
train,49670,3
train,4199,3
train,27536,6
train,46394,2
train,15342,3
train,40177,9
train,11525,7
train,14175,4
train,56576,1
train,30851,4
train,3219,5
train,18846,4
train,18970,0
train,736,8
train,4324,8
train,15170,9
train,55002,8
train,8417,6
train,33924,1
train,21089,8
train,25144,5
train,44122,8
train,17087,2
train,31911,1
train,31975,3
train,10960,4
train,52988,4
train,58194,4
train,58208,4
train,24036,2
train,59768,1
train,54027,1
train,28406,3
train,22552,9
train,36452,5
train,57750,3
train,7255,7
train,41469,2
train,26824,3
train,9138,5
train,29285,1
train,21033,2
train,16823,7
train,37373,3
train,57813,1
train,32970,9
train,31609,2
train,55893,3
train,10153,4
train,49842,5
train,6166,9
train,7515,0
train,58091,1
train,1079,4
train,35246,8
train,33320,4
train,25149,8
train,10887,3
train,38413,1
train,50909,0
train,44756,7
train,5988,2
train,30226,3
train,43832,4
train,4784,7
train,56191,3
train,9097,7
train,53557,6
train,39186,4
train,39992,0
train,9524,0
train,59238,9
train,33948,9
train,2005,6
train,8381,3
train,43861,8
train,44351,9
train,3205,5
train,5128,1
train,19888,5
train,17792,9
train,37997,1
train,38882,3
train,8170,7
train,30156,0
train,51947,3
train,49820,5
train,23613,0
train,16631,8
train,37569,3
train,37930,7
train,10650,6
train,56481,6
train,56129,0
train,40206,2
train,53216,9
train,29154,9
train,301,7
train,41478,2
train,2459,6
train,22978,0
train,16747,6
train,21489,5
train,40879,1
train,9171,5
train,20402,9
train,4872,1
train,6752,7
train,22800,2
train,22850,1
train,26598,1
train,2997,9
train,6226,1
train,48049,5
train,10390,3
train,21327,4
train,37315,6
train,38717,4
train,43501,8
train,51326,8
train,5174,1
train,7168,8
train,29688,4
train,42954,3
train,15771,5
train,47821,3
train,29231,3
train,4583,3
train,12914,9
train,55360,2
train,35850,2
train,73,6
train,14838,2
train,45017,4
train,31239,7
train,40730,7
train,54795,2
train,306,5
train,38156,6
train,50339,4
train,16836,7
train,5157,5
train,45369,9
train,32941,7
train,55168,6
train,39545,2
train,59388,7
train,28719,8
train,20080,3
train,46495,8
train,7221,1
train,56985,8
train,21194,2
train,56557,8
train,47322,8
train,59895,6
train,38741,6
train,27022,3
train,8702,9
train,46371,0
train,46985,9
train,56023,0
train,45137,4
train,49830,8
train,10359,8
train,43484,1
train,54489,1
train,30218,1
train,18617,4
train,30081,5
train,52186,2
train,5122,4
train,9440,0
train,30571,3
train,14056,1
train,17989,9
train,14859,1
train,21320,3
train,22515,7
train,43876,8
train,41302,9
train,25960,4
train,10585,3
train,40673,8
train,23244,6
train,26159,6
train,28907,4
train,12215,1
train,1318,6
train,8156,1
train,32785,0
train,52644,7
train,19723,6
train,10239,1
train,42345,4
train,35325,9
train,55740,1
train,5786,7
train,46311,7
train,4905,6
train,50060,5
train,37587,9
train,22007,7
train,45598,1
train,31520,5
train,22940,6
train,13539,4
train,56446,6
train,57716,2
train,20040,4
train,55745,0
train,56477,4
train,52421,6
train,56005,0
train,31397,6
train,24718,5
train,49529,3
train,55238,7
train,43322,8
train,40961,6
train,10379,8
train,4147,8
train,32321,4
train,51269,6
train,44070,6
train,6075,1
train,25266,3
train,16614,1
train,18449,7
train,10672,6
train,16454,7
train,24106,5
train,20812,8
train,22408,3
train,13418,4
train,27625,3
train,4881,3
train,51766,7
train,46701,9
train,40181,1
train,47788,9
train,50308,3
train,41280,7
train,46704,6
train,35651,0
train,36599,5
train,57391,3
train,28359,3
train,45246,3
train,25838,2
train,6893,9
train,27932,9
train,10506,5
train,41843,3
train,46904,8
train,36572,3
train,27617,4
train,18402,7
train,45010,6
train,33747,4
train,29659,5
train,33634,1
train,32285,8
train,51526,7
train,22382,5
train,53579,7
train,14041,1
train,15827,9
train,12389,9
train,39548,4
train,33895,8
train,47559,7
train,25805,1
train,55673,4
train,22386,2
train,33164,7
train,51964,8
train,20669,7
train,47892,8
train,34601,6
train,27006,6
train,33949,1
train,14138,7
train,51362,5
train,20301,7
train,25749,1
train,26702,3
train,28940,8
train,42986,1
train,53169,6
train,37841,0
train,31258,2
train,38467,9
train,15472,3
train,7335,9
train,29657,2
train,16410,6
train,27074,9
train,28782,8
train,23102,9
train,9509,2
train,33378,0
train,54573,2
train,54694,3
train,22400,4
train,39586,7
train,57988,8
train,53623,9
train,48142,0
train,18842,9
train,38263,1
train,4338,7
train,11006,2
train,56199,9
train,8694,8
train,45905,0
train,32968,8
train,24276,0
train,26801,7
train,28159,4
train,46610,5
train,4022,3
train,35797,5
train,45022,2
train,20522,2
train,58546,0
train,56155,5
train,4470,1
train,52483,8
train,43889,3
train,28012,7
train,8363,9
train,27898,2
train,22774,4
train,27018,1
train,43920,9
train,33533,8
train,5114,1
train,27285,6
train,57195,3
train,12034,4
train,36549,0
train,25283,5
train,30968,6
train,12490,3
train,2024,7
train,6420,3
train,15399,0
train,26161,2
train,44446,1
train,5735,4
train,18256,1
train,184,1
train,56976,8
train,33502,5
train,54653,2
train,16395,7
train,31596,3
train,50868,7
train,410,2
train,57449,9
train,47353,9
train,15668,4
train,39317,3
train,8872,4
train,49908,2
train,8605,3
train,18514,2
train,31916,1
train,59512,3
train,48932,3
train,54723,5
train,9621,3
train,42960,6
train,40639,3
train,44807,7
train,3378,5
train,57705,0
train,9718,4
train,18086,7
train,40709,4
train,32602,4
train,41149,6
train,58507,7
train,10044,6
train,9770,5
train,42477,3
train,50000,3
train,1770,7
train,10584,8
train,49574,9
train,27553,3
train,36116,0
train,55163,8
train,12919,6
train,704,9
train,17514,5
train,26524,6
train,30709,0
train,39187,8
train,3893,3
train,6778,4
train,12767,9
train,32897,3
train,14134,4
train,24729,1
train,29665,8
train,57032,7
train,23901,9
train,9479,2
train,31109,0
train,14456,3
train,37971,7
train,32004,7
train,18775,8
train,48057,9
train,4722,2
train,46861,6
train,32369,4
train,17541,1
train,32882,9
train,14957,4
train,4858,7
train,45925,9
train,6449,4
train,22628,1
train,45557,0
train,40762,9
train,25695,3
train,58358,8
train,37928,3
train,5861,6
train,20793,5
train,6594,3
train,39631,0
train,1624,2
train,38329,7
train,41765,3
train,29932,2
train,55714,1
train,19453,7
train,49119,7
train,1562,6
train,9851,3
train,5464,0
train,53853,9
train,45204,1
train,8776,9
train,50101,0
train,52757,2
train,25900,9
train,43480,1
train,31334,8
train,26568,7
train,1831,1
train,19831,4
train,48572,5
train,50468,7
train,2192,0
train,19666,4
train,49304,0
train,32326,1
train,20638,9
train,6802,0
train,50342,8
train,47640,7
train,48855,8
train,27336,1
train,6620,8
train,45089,3
train,33185,2
train,44428,6
train,19588,0
train,6754,3
train,42003,8
train,41802,2
train,39443,4
train,58291,6
train,8402,1
train,54501,1
train,41287,3
train,29797,7
train,9933,9
train,54015,5
train,51644,9
train,5339,9
train,41005,9
train,40558,8
train,2936,2
train,45879,9
train,31379,3
train,16004,7
train,39104,8
train,42663,5
train,46313,8
train,19681,6
train,59427,1
train,370,7
train,59309,8
train,33453,8
train,5149,1
train,7003,0
train,44225,0
train,41296,0
train,3322,9
train,51492,5
train,47538,8
train,8755,4
train,56343,1
train,12383,1
train,50447,1
train,45297,1
train,46525,3
train,15892,5
train,9504,9
train,43090,3
train,43375,4
train,24092,9
train,6027,5
train,49315,7
train,11145,4
train,13496,3
train,26269,4
train,10020,1
train,20259,3
train,35588,6
train,54512,0
train,45400,3
train,38386,8
train,5947,5
train,48693,8
train,10410,9
train,41808,5
train,29919,7
train,26570,5
train,31685,1
train,38493,9
train,15804,5
train,3636,9
train,36195,6
train,2424,4
train,33989,3
train,26356,7
train,42548,7
train,21380,0
train,33369,1
train,47685,2
train,56337,3
train,21533,0
train,56223,2
train,5630,1
train,38558,1
train,890,3
train,41460,2
train,51068,7
train,24735,3
train,52428,0
train,12480,6
train,20946,3
train,1337,6
train,49011,0
train,18756,9
train,29004,2
train,8534,4
train,3489,8
train,36840,7
train,16412,0
train,50160,6
train,30643,7
train,26829,7
train,55241,8
train,1866,6
train,42883,2
train,19949,7
train,51237,3
train,19095,6
train,51847,1
train,28074,2
train,19172,7
train,23532,1
train,13894,3
train,25858,1
train,26121,2
train,38324,8
train,35252,1
train,57926,5
train,28591,6
train,33316,3
train,37591,7
train,33070,4
train,1391,2
train,38606,8
train,54347,4
train,27696,2
train,20330,9
train,27028,1
train,11969,0
train,54239,1
train,47964,8
train,36399,4
train,20563,1
train,28077,2
train,3368,7
train,48228,7
train,1146,6
train,28895,0
train,31499,5
train,52431,1
train,5177,5
train,4982,8
train,20473,2
train,57855,1
train,11125,7
train,4504,1
train,57839,7
train,55985,2
train,604,1
train,35046,5
train,11775,9
train,32058,6
train,55903,5
train,29594,2
train,7786,0
train,37328,4
train,54534,3
train,25861,3
train,35680,0
train,11130,7
train,31298,8
train,22158,1
train,45690,1
train,34499,6
train,50251,2
train,34099,0
train,25020,2
train,37746,3
train,33334,2
train,59106,4
train,26886,7
train,13486,2
train,55998,3
train,21101,1
train,2266,5
train,33493,4
train,5071,6
train,16285,0
train,29439,6
train,55644,1
train,59440,3
train,54933,6
train,35702,5
train,21251,2
train,54353,1
train,18348,8
train,1515,6
train,4329,9
train,9909,6
train,36829,0
train,3574,2
train,21058,5
train,5537,8
train,57344,7
train,15700,0
train,29203,0
train,29176,2
train,774,2
train,23119,3
train,27492,0
train,4350,9
train,51898,2
train,55898,4
train,25302,1
train,57247,3
train,11626,9
train,43856,5
train,52034,9
train,29842,5
train,36600,2
train,42837,1
train,47716,0
train,21495,9
train,43982,9
train,44000,0
train,49251,4
train,45708,9
train,59750,1
train,2085,2
train,28175,5
train,12565,8
train,7222,1
train,52657,1
train,58352,6
train,34437,8
train,1983,7
train,28921,7
train,1944,7
train,13607,3
train,22191,6
train,1919,7
train,58114,2
train,48631,0
train,46380,8
train,46919,1
train,48070,2
train,12737,7
train,3680,2
train,6391,2
train,25315,5
train,46460,4
train,38011,4
train,14874,1
train,5552,1
train,42590,5
train,2779,9
train,49854,9
train,33007,2
train,37843,1
train,48112,1
train,51131,2
train,8697,6
train,10405,3
train,6877,1
train,58522,6
train,15702,5
train,40681,7
train,12910,9
train,10802,2
train,48220,2
train,52106,5
train,27784,3
train,37247,9
train,47172,0
train,436,7
train,36076,3
train,7785,6
train,25632,2
train,32834,0
train,7033,7
train,1877,0
train,7144,5
train,54851,6
train,32180,6
train,25788,7
train,55274,6
train,58159,9
train,9344,5
train,31562,3
train,18710,8
train,31444,8
train,2205,2
train,47154,8
train,28768,6
train,56259,0
train,22173,1
train,40775,6
train,55032,2
train,30801,7
train,10533,7
train,19059,4
train,3592,1
train,54200,6
train,828,4
train,32620,7
train,2736,0
train,10545,1
train,21177,8
train,41687,2
train,57404,8
train,12381,5
train,35418,4
train,25295,5
train,48458,1
train,49949,0
train,18030,3
train,51147,0
train,6203,8
train,12599,7
train,39002,2
train,48494,8
train,14961,7
train,2969,7
train,47868,1
train,23822,1
train,52612,8
train,12397,4
train,29081,2
train,55266,7
train,39480,9
train,25488,4
train,46222,8
train,11717,8
train,47693,0
train,19669,0
train,57171,3
train,44584,4
train,35886,6
train,48688,8
train,17585,0
train,13255,7
train,32064,9
train,19747,9
train,8939,2
train,29747,4
train,15447,6
train,21931,4
train,45846,6
train,31452,3
train,7207,2
train,54406,3
train,24439,5
train,16362,1
train,30979,7
train,15571,5
train,27152,3
train,9701,4
train,10231,7
train,53498,1
train,19031,2
train,32122,7
train,44800,1
train,16457,8
train,55523,1
train,11996,6
train,37355,3
train,7448,5
train,18033,6
train,37899,4
train,7959,7
train,56875,3
train,9374,2
train,8792,6
train,2764,9
train,8292,2
train,46795,4
train,32992,5
train,18565,1
train,58899,7
train,50858,4
train,153,9
train,25378,4
train,29820,4
train,4701,2
train,21834,7
train,46417,1
train,15861,8
train,1319,8
train,36682,1
train,49542,4
train,27084,3
train,47339,5
train,37204,3
train,13483,0
train,39162,2
train,58153,4
train,21985,0
train,16283,2
train,15030,2
train,20765,7
train,54807,4
train,38254,5
train,39447,9
train,33118,0
train,5862,1
train,49070,2
train,18130,8
train,5048,0
train,43570,1
train,45346,2
train,21932,0
train,59437,6
train,57671,5
train,16653,6
train,8257,2
train,32234,3
train,33839,8
train,6238,9
train,55755,5
train,16759,1
train,24458,6
train,19997,1
train,39363,0
train,41763,9
train,282,9
train,21669,9
train,44328,9
train,28198,8
train,2690,5
train,29853,2
train,8566,7
train,16349,6
train,38171,2
train,23702,8
train,8575,1
train,587,1
train,48691,7
train,56977,4
train,35961,7
train,39672,7
train,41866,8
train,51413,9
train,36417,6
train,7970,6
train,49342,0
train,5983,1
train,36999,5
train,49120,7
train,29214,1
train,34960,6
train,48349,2
train,54896,8
train,46992,0
train,42519,4
train,8544,3
train,22986,6
train,32889,6
train,41532,7
train,41753,3
train,44518,0
train,43339,1
train,56316,4
train,58653,5
train,44076,0
train,55555,8
train,49726,5
train,5205,8
train,5605,3
train,29252,4
train,50511,0
train,12282,8
train,24342,6
train,19243,1
train,49341,4
train,34822,9
train,8176,1
train,18654,4
train,47177,5
train,35219,6
train,57514,6
train,18828,9
train,19807,8
train,32205,6
train,5109,5
train,35910,6
train,24470,1
train,29259,8
train,46316,9
train,25231,3
train,35281,1
train,23013,0
train,59311,5
train,51205,7
train,5594,8
train,57535,7
train,17478,4
train,49955,3
train,26252,6
train,53993,6
train,47484,8
train,22104,2
train,49293,6
train,27483,6
train,18746,9
train,15265,1
train,51605,5
train,41267,3
train,1281,7
train,13997,9
train,28604,9
train,24452,3
train,28008,4
train,57194,3
train,52269,3
train,19736,3
train,37155,1
train,57992,2
train,48914,7
train,32456,8
train,26605,8
train,55743,3
train,22518,4
train,50959,5
train,29700,8
train,55565,6
train,16279,4
train,42016,7
train,2572,1
train,11161,8
train,2146,3
train,13144,3
train,26200,8
train,47701,4
train,31554,5
train,34905,6
train,34630,3
train,38146,8
train,45498,2
train,48166,7
train,18967,8
train,1096,2
train,7195,6
train,37095,8
train,55520,6
train,13770,6
train,3778,0
train,38594,5
train,23355,2
train,4114,4
train,22709,6
train,3843,7
train,25033,3
train,13267,4
train,684,2
train,54344,8
train,8839,1
train,34826,1
train,34108,8
train,23791,9
train,9945,5
train,27810,2
train,12164,8
train,12616,8
train,9033,5
train,36852,3
train,35299,1
train,8721,9
train,33866,5
train,41179,2
train,53965,4
train,25784,4
train,49343,5
train,30042,5
train,41486,5
train,7634,3
train,9267,7
train,11744,4
train,25370,7
train,58197,7
train,35217,0
train,34302,0
train,49449,6
train,16571,4
train,50335,2
train,44218,6
train,21910,0
train,58739,5
train,54592,9
train,29786,7
train,53538,5
train,38872,4
train,11041,0
train,20562,9
train,56547,5
train,59489,2
train,33602,5
train,10250,8
train,19403,9
train,24244,4
train,37573,7
train,35429,4
train,43044,1
train,18664,1
train,4971,1
train,694,8
train,7545,9
train,41262,6
train,26514,1
train,4730,4
train,44499,4
train,58717,9
train,35817,6
train,1055,3
train,53838,3
train,43560,5
train,21713,2
train,41672,2
train,10564,0
train,15031,3
train,55828,4
train,10360,3
train,47940,5
train,57920,3
train,25115,7
train,34327,3
train,30626,5
train,23614,1
train,25907,2
train,33479,7
train,30329,2
train,9688,0
train,16054,6
train,42050,2
train,37700,3
train,49666,7
train,10934,9
train,50305,7
train,5725,8
train,56416,7
train,1396,9
train,32340,4
train,1737,3
train,17037,3
train,18254,5
train,41604,7
train,20381,5
train,46409,3
train,25000,3
train,6969,9
train,44633,1
train,2661,3
train,40326,5
train,46342,1
train,45277,1
train,18508,5
train,56536,8
train,1472,1
train,6598,4
train,17720,9
train,11333,9
train,26257,8
train,31941,4
train,1805,3
train,56139,3
train,28504,5
train,49223,9
train,15684,1
train,15841,4
train,34592,9
train,12965,9
train,6886,9
train,53937,0
train,22972,1
train,10577,9
train,12644,4
train,9690,5
train,28608,5
train,48029,2
train,5137,9
train,59657,4
train,4806,7
train,44913,8
train,45138,6
train,57268,1
train,22639,1
train,9028,5
train,47213,1
train,44542,1
train,47768,5
train,52280,8
train,43080,3
train,46367,4
train,59129,8
train,32413,1
train,39376,0
train,57962,0
train,32259,8
train,42400,9
train,28421,7
train,55816,2
train,27931,0
train,38618,2
train,23289,0
train,11012,3
train,39962,5
train,4600,5
train,56473,2
train,892,6
train,28069,1
train,25185,2
train,43214,1
train,38909,1
train,53960,3
train,5416,7
train,52879,7
train,39925,7
train,38470,9
train,17571,9
train,24645,0
train,18050,1
train,58366,9
train,50209,9
train,32797,2
train,24070,1
train,54176,7
train,9559,8
train,12230,1
train,10890,7
train,30743,8
train,2944,0
train,49848,0
train,34230,7
train,39486,4
train,2623,1
train,46604,0
train,3330,6
train,15505,0
train,55913,6
train,6697,8
train,35528,3
train,45244,9
train,31209,1
train,45093,3
train,2818,3
train,36636,6
train,15989,1
train,53487,0
train,19657,4
train,49336,0
train,19412,9
train,6446,0
train,11966,5
train,43736,6
train,41185,5
train,45313,8
train,40325,9
train,32147,8
train,5515,5
train,16581,9
train,23111,9
train,13265,9
train,22478,1
train,26519,8
train,50652,1
train,23627,0
train,53987,3
train,45929,2
train,59306,7
train,5790,2
train,57637,4
train,7756,9
train,7004,0
train,25771,6
train,6232,1
train,27461,1
train,36617,0
train,37902,0
train,11841,2
train,35029,5
train,1842,4
train,214,7
train,19820,5
train,49005,4
train,29080,1
train,39943,4
train,9599,1
train,1533,3
train,43900,8
train,18007,3
train,46166,0
train,706,4
train,41709,8
train,5569,7
train,44961,8
train,4913,1
train,47916,6
train,58529,9
train,6464,6
train,1426,9
train,20385,7
train,4446,2
train,56984,0
train,28323,0
train,6105,2
train,11425,8
train,28574,9
train,29444,4
train,8600,4
train,35460,8
train,2265,8
train,14235,9
train,39515,6
train,50446,2
train,36601,6
train,54628,4
train,21145,9
train,11455,7
train,35735,9
train,23010,7
train,7154,5
train,30423,3
train,23777,2
train,25839,0
train,12588,5
train,19871,0
train,10678,3
train,28354,9
train,14794,1
train,33971,4
train,15148,1
train,21736,0
train,2886,3
train,25580,5
train,43505,6
train,29404,5
train,19252,4
train,15383,0
train,10276,0
train,40835,4
train,25990,4
train,54858,3
train,7701,3
train,38510,8
train,34714,0
train,53784,9
train,46064,9
train,36843,7
train,27338,6
train,55377,3
train,9751,9
train,51828,0
train,38175,4
train,42622,2
train,6998,1
train,15586,7
train,45215,7
train,41924,9
train,9522,7
train,35914,3
train,21805,8
train,10834,1
train,24908,5
train,47242,7
train,50657,6
train,26147,8
train,55712,5
train,16142,2
train,58469,9
train,28723,7
train,26803,5
train,11579,1
train,10749,5
train,51761,9
train,30373,0
train,7825,8
train,47753,8
train,53686,8
train,10935,7
train,26894,7
train,13523,2
train,11869,2
train,45059,7
train,47156,0
train,25555,4
train,27015,9
train,15194,9
train,43121,8
train,8596,7
train,51956,9
train,33481,8
train,43941,0
train,22779,5
train,19778,9
train,30761,5
train,23686,7
train,19524,2
train,50611,3
train,11852,4
train,2313,5
train,31443,9
train,20815,5
train,27239,2
train,52202,0
train,57746,0
train,40746,0
train,10332,6
train,1361,2
train,55938,9
train,38368,3
train,24054,9
train,58644,2
train,33541,2
train,29524,5
train,5975,7
train,51136,1
train,17173,2
train,25484,4
train,34517,9
train,10753,8
train,32707,5
train,47761,6
train,21384,8
train,26116,9
train,59713,1
train,55172,2
train,49174,7
train,2275,3
train,29855,7
train,18751,4
train,34819,8
train,15939,7
train,24968,2
train,28739,8
train,23899,8
train,5611,3
train,23316,8
train,4159,0
train,22455,1
train,48890,4
train,35584,4
train,12133,1
train,7058,3
train,34919,0
train,3980,2
train,43860,7
train,42855,9
train,54037,7
train,8972,2
train,49901,8
train,59216,5
train,17818,8
train,12676,7
train,9095,6
train,17434,2
train,19186,5
train,39390,7
train,57299,9
train,23482,3
train,27014,4
train,35794,3
train,39652,1
train,36543,2
train,45161,8
train,23,1
train,6735,5
train,32977,6
train,24266,6
train,438,4
train,20891,6
train,52326,5
train,22389,8
train,34716,3
train,54528,5
train,9877,0
train,44045,0
train,57948,1
train,45614,6
train,3582,2
train,55549,4
train,20928,0
train,25780,2
train,43443,0
train,25841,7
train,5158,5
train,21996,0
train,42178,3
train,28865,5
train,4043,8
train,56124,0
train,4221,6
train,40721,4
train,31153,3
train,48254,1
train,21934,6
train,28512,5
train,39974,9
train,1517,0
train,55744,7
train,48067,4
train,42231,9
train,46948,5
train,52139,9
train,57786,9
train,1139,6
train,42951,3
train,21617,6
train,1816,1
train,1044,1
train,35695,9
train,39964,5
train,13586,2
train,13720,9
train,17509,3
train,50173,5
train,524,0
train,14609,5
train,39814,3
train,9814,5
train,34005,5
train,31697,9
train,31567,0
train,30640,2
train,28048,5
train,51865,0
train,33809,7
train,47648,8
train,43300,1
train,57067,0
train,19341,7
train,16140,2
train,41640,1
train,51523,7
train,27650,8
train,4545,7
train,54955,9
train,53250,9
train,9066,9
train,5474,8
train,5167,0
train,12674,9
train,45268,2
train,35483,2
train,39614,9
train,47634,8
train,43210,9
train,2660,3
train,8945,5
train,7239,9
train,10640,7
train,56589,5
train,55250,8
train,30152,6
train,43358,9
train,59628,2
train,12887,6
train,58686,6
train,14149,1
train,35012,0
train,49362,1
train,42570,6
train,2830,1
train,38260,6
train,35223,7
train,30326,4
train,4891,3
train,7781,7
train,10066,8
train,53383,1
train,39234,9
train,15731,2
train,59254,7
train,54638,7
train,23725,5
train,40779,1
train,23239,3
train,38449,1
train,12211,3
train,46673,7
train,28841,3
train,27070,0
train,52969,7
train,56555,7
train,5401,4
train,25538,3
train,2043,8
train,45177,6
train,21405,7
train,8569,5
train,29303,8
train,1513,7
train,56661,5
train,9552,0
train,19757,9
train,30002,3
train,57849,1
train,30944,9
train,9193,2
train,14566,3
train,41728,1
train,33193,8
train,47906,7
train,43627,7
train,40095,2
train,58974,7
train,26044,0
train,27356,2
train,39600,0
train,50661,1
train,44719,8
train,1349,0
train,17449,0
train,57699,9
train,40701,7
train,48298,7
train,35372,7
train,48527,2
train,33134,7
train,54252,6
train,11450,8
train,32637,2
train,43279,7
train,34015,4
train,12904,8
train,41122,0
train,20925,9
train,53365,3
train,4238,3
train,2193,5
train,38539,8
train,54364,7
train,18412,0
train,8342,2
train,33090,2
train,26325,2
train,51563,1
train,6593,0
train,12104,6
train,55767,1
train,32450,2
train,45999,1
train,14816,9
train,43252,3
train,47029,4
train,57950,4
train,6506,8
train,25366,0
train,21365,5
train,43346,7
train,46618,7
train,6999,9
train,20266,5
train,39035,8
train,34973,3
train,33058,6
train,30730,2
train,34075,8
train,14117,9
train,25121,7
train,56333,1
train,9106,1
train,30186,4
train,7706,2
train,2959,2
train,37288,7
train,23420,9
train,59950,8
train,33841,1
train,8035,9
train,34746,2
train,48702,3
train,21452,6
train,26505,3
train,55077,6
train,59549,6
train,12190,8
train,36486,9
train,51980,0
train,13979,8
train,19642,7
train,5295,4
train,33666,2
train,42830,2
train,11057,1
train,17067,4
train,24158,6
train,33467,1
train,48813,4
train,21958,1
train,29869,0
train,48127,1
train,58800,3
train,20668,5
train,57363,2
train,50034,6
train,41380,6
train,11551,6
train,12146,5
train,12645,3
train,11011,3
train,29890,5
train,4650,2
train,30797,5
train,30160,0
train,31881,8
train,39290,3
train,14571,1
train,51552,9
train,25140,7
train,9216,4
train,5276,9
train,58525,3
train,1536,6
train,14604,6
train,11697,6
train,59698,2
train,5210,5
train,35296,9
train,45189,0
train,29895,0
train,53627,1
train,6887,4
train,12347,5
train,7571,6
train,27089,0
train,8067,8
train,15815,3
train,30878,6
train,49054,3
train,37410,4
train,43695,8
train,57007,2
train,45960,0
train,40901,3
train,29783,7
train,36639,5
train,49435,3
train,32893,7
train,3518,7
train,41677,7
train,3897,1
train,451,0
train,36544,5
train,8158,0
train,38223,3
train,35635,4
train,12198,8
train,56863,6
train,39019,6
train,32684,5
train,8483,7
train,29590,4
train,15190,6
train,21570,3
train,36948,0
train,34693,9
train,14450,3
train,54680,2
train,17425,1
train,58180,0
train,2688,1
train,55018,6
train,43974,2
train,1847,5
train,24524,3
train,14270,8
train,42747,5
train,29494,8
train,59275,3
train,53982,0
train,40636,3
train,48419,0
train,24521,8
train,40158,8
train,44609,3
train,55356,5
train,51546,0
train,19513,9
train,28945,0
train,55728,5
train,21845,2
train,46359,6
train,56793,4
train,210,0
train,31367,0
train,16642,0
train,49773,2
train,43756,4
train,25411,5
train,6260,4
train,2616,1
train,41433,9
train,13338,1
train,47236,1
train,2452,4
train,47454,6
train,11440,1
train,19896,6
train,59456,2
train,18407,1
train,18294,4
train,13395,9
train,9303,3
train,53822,5
train,2657,6
train,46586,2
train,27234,9
train,38916,7
train,12380,9
train,24988,0
train,36457,1
train,44845,5
train,8744,5
train,11504,1
train,44152,5
train,33486,6
train,848,4
train,53411,4
train,54440,2
train,36819,5
train,13494,6
train,46834,3
train,49522,8
train,46829,5
train,49003,9
train,5754,7
train,54981,2
train,26339,0
train,42040,1
train,26731,0
train,23632,5
train,29332,9
train,7849,7
train,24385,6
train,46612,5
train,8829,6
train,56103,0
train,24682,7
train,21335,7
train,37734,2
train,51590,9
train,15141,4
train,52334,1
train,15616,8
train,37494,7
train,24075,0
train,58065,3
train,14679,8
train,25171,6
train,57114,4
train,352,8
train,16522,9
train,38865,0
train,7204,4
train,12256,4
train,10486,8
train,45516,1
train,35871,7
train,26930,0
train,26692,3
train,28097,5
train,43913,0
train,33116,6
train,16271,7
train,32232,4
train,55619,8
train,30035,1
train,6894,3
train,1966,8
train,11282,6
train,54057,9
train,8618,8
train,46733,5
train,31650,5
train,15191,0
train,37463,1
train,57197,1
train,20125,5
train,39732,9
train,37607,1
train,41011,1
train,21016,5
train,19125,6
train,27653,6
train,30629,9
train,17174,6
train,21610,3
train,28766,8
train,26028,8
train,23137,5
train,54076,9
train,51934,3
train,16883,8
train,26921,9
train,24445,0
train,28436,2
train,36750,5
train,6606,8
train,42461,7
train,5285,0
train,17862,4
train,19068,1
train,30492,2
train,24993,0
train,2396,0
train,29892,5
train,5357,2
train,54633,2
train,13453,1
train,15345,1
train,33110,1
train,26459,1
train,1900,2
train,27473,4
train,48982,2
train,11235,7
train,38847,1
train,52492,1
train,4808,3
train,40263,1
train,17398,9
train,2481,3
train,50215,7
train,46779,7
train,10008,5
train,6793,1
train,39341,4
train,38754,6
train,10366,0
train,20955,0
train,59515,4
train,24082,9
train,55365,7
train,3831,1
train,23650,8
train,45112,0
train,34946,8
train,51533,0
train,20245,6
train,25934,1
train,10077,7
train,283,0
train,43272,4
train,48252,4
train,59701,5
train,52406,9
train,20818,9
train,24551,2
train,43442,5
train,11734,8
train,6519,4
train,23785,6
train,12917,5
train,47210,4
train,20401,6
train,20447,4
train,26071,6
train,45261,5
train,54232,0
train,39106,1
train,51749,1
train,6290,5
train,26500,7
train,35408,0
train,31361,0
train,21898,0
train,19672,4
train,24621,3
train,28316,3
train,47704,0
train,16074,3
train,9340,5
train,26410,6
train,14072,6
train,49281,0
train,53012,1
train,11630,1
train,44417,7
train,34117,6
train,24273,4
train,40440,9
train,43633,1
train,42159,2
train,5335,8
train,23813,0
train,41539,5
train,49671,5
train,26046,2
train,1072,7
train,16149,9
train,34080,1
train,26844,9
train,4187,2
train,27739,2
train,24921,5
train,59030,2
train,27778,5
train,43112,4
train,22914,1
train,6631,6
train,33706,1
train,45753,5
train,26574,5
train,24006,9
train,19414,4
train,14625,8
train,47287,3
train,22209,0
train,1339,8
train,47930,3
train,19363,6
train,36315,1
train,35885,2
train,1658,1
train,26231,8
train,38869,7
train,36267,6
train,35625,7
train,17921,9
train,58587,3
train,57365,7
train,23255,1
train,138,5
train,10853,6
train,37994,7
train,23194,2
train,51285,1
train,28364,8
train,42496,2
train,48363,1
train,35826,1
train,1089,5
train,39956,0
train,28873,9
train,16125,3
train,40031,8
train,34881,7
train,47495,7
train,51338,4
train,1036,9
train,39400,5
train,52091,8
train,14316,5
train,59419,1
train,2868,5
train,46659,9
train,39590,4
train,44015,7
train,31384,1
train,50140,3
train,39286,9
train,18575,6
train,21612,0
train,47582,8
train,52637,2
train,55021,7
train,42932,1
train,47543,5
train,17614,8
train,5668,5
train,20582,7
train,53183,7
train,43255,3
train,43361,7
train,10629,2
train,48807,0
train,5449,2
train,57818,5
train,34628,6
train,51941,7
train,38173,4
train,39570,0
train,31094,9
train,30474,6
train,38274,4
train,28140,2
train,18430,6
train,3958,8
train,53193,5
train,47328,8
train,7496,1
train,45757,6
train,29782,8
train,25216,9
train,17763,2
train,41164,7
train,278,5
train,32114,3
train,1716,1
train,31913,3
train,11316,6
train,23924,6
train,19784,2
train,54332,6
train,19195,3
train,51519,3
train,26304,7
train,22636,0
train,10327,2
train,30880,2
train,16732,3
train,5009,8
train,3993,6
train,40361,4
train,58751,7
train,50159,6
train,55317,1
train,20023,3
train,51799,3
train,37912,3
train,13335,0
train,59231,2
train,46254,1
train,8602,1
train,50696,0
train,4006,8
train,51875,5
train,57854,9
train,5709,6
train,16827,9
train,17227,3
train,56642,4
train,5410,4
train,35566,6
train,7633,2
train,38466,1
train,16905,0
train,7086,6
train,18463,3
train,30685,6
train,26714,7
train,54849,3
train,48331,8
train,46080,8
train,12037,8
train,37259,9
train,41820,3
train,11132,6
train,19129,2
train,40534,5
train,31345,3
train,41762,7
train,28722,9
train,15368,2
train,41574,4
train,47793,7
train,1943,8
train,31081,1
train,19908,0
train,48249,5
train,24037,6
train,24828,0
train,45330,4
train,53872,8
train,56274,7
train,42143,6
train,33790,6
train,44557,3
train,8097,2
train,22310,5
train,51753,0
train,51560,7
train,25560,5
train,52990,1
train,8434,5
train,34840,6
train,42780,7
train,11609,5
train,57966,2
train,7157,9
train,496,5
train,54671,5
train,19867,5
train,6269,3
train,58607,8
train,33897,2
train,19674,1
train,27384,2
train,10994,3
train,4878,3
train,59405,7
train,51318,9
train,11959,6
train,48621,2
train,43566,2
train,48755,0
train,51860,4
train,44684,3
train,50766,5
train,27290,0
train,11490,6
train,26993,1
train,44296,1
train,4936,9
train,15973,8
train,43320,6
train,13855,1
train,21711,8
train,40865,3
train,40549,8
train,18825,7
train,35242,8
train,51209,9
train,22643,3
train,32482,1
train,46246,3
train,33967,2
train,59032,6
train,42804,3
train,11136,5
train,7761,1
train,21164,2
train,1216,7
train,30694,9
train,49094,5
train,4678,9
train,40388,2
train,52834,2
train,50938,6
train,33529,3
train,46431,4
train,47510,3
train,3413,2
train,3986,8
train,42155,8
train,36959,8
train,37104,4
train,59217,6
train,20092,5
train,54577,5
train,33051,4
train,11723,6
train,47952,5
train,44208,0
train,30848,1
train,31934,9
train,19775,5
train,49298,9
train,27621,7
train,32973,2
train,55543,1
train,10621,9
train,41665,9
train,31337,9
train,28013,2
train,21576,0
train,4392,6
train,54597,0
train,9700,6
train,51148,0
train,17633,4
train,46927,8
train,12894,9
train,11941,6
train,45605,9
train,9499,7
train,49538,1
train,46917,0
train,49075,0
train,55972,2
train,57471,0
train,23948,8
train,6496,0
train,49146,4
train,22334,9
train,34391,5
train,10071,0
train,51502,7
train,42470,8
train,48978,3
train,18743,0
train,13034,9
train,36037,1
train,3156,2
train,20446,2
train,42773,9
train,57673,1
train,34983,9
train,17753,3
train,25300,7
train,3837,4
train,59818,3
train,53828,6
train,49875,2
train,36284,7
train,1263,5
train,47496,3
train,41926,5
train,56972,6
train,59559,1
train,52506,9
train,55293,8
train,7174,7
train,16491,3
train,13219,8
train,26849,3
train,23955,3
train,50806,9
train,54601,9
train,55062,3
train,15291,0
train,21785,8
train,15836,2
train,42687,5
train,27742,5
train,31761,4
train,54240,2
train,59297,1
train,24409,7
train,1193,8
train,27971,7
train,53290,0
train,4117,9
train,27839,9
train,27646,8
train,30022,9
train,53622,4
train,38026,7
train,11482,8
train,34491,9
train,29048,6
train,53179,6
train,53243,0
train,33310,1
train,51156,9
train,38107,2
train,41607,1
train,58782,0
train,11534,7
train,37293,3
train,43036,7
train,41200,8
train,5446,7
train,43100,3
train,50921,6
train,37524,3
train,37241,2
train,43251,6
train,21362,1
train,19603,8
train,39644,2
train,44092,2
train,48863,0
train,22267,1
train,55393,3
train,49759,5
train,37852,5
train,2619,1
train,48250,7
train,39029,0
train,388,6
train,29098,1
train,35065,9
train,21825,8
train,10967,4
train,50278,7
train,17304,0
train,21790,7
train,30552,4
train,30064,2
train,10719,1
train,45442,0
train,5797,9
train,47649,2
train,57833,3
train,53120,5
train,33826,1
train,21879,9
train,8154,2
train,2662,6
train,46993,4
train,2629,0
train,19106,5
train,1160,4
train,15563,4
train,41491,3
train,36279,4
train,12138,7
train,56598,2
train,45737,8
train,49076,1
train,24093,5
train,16609,7
train,9146,3
train,11321,3
train,30579,7
train,16421,9
train,19222,3
train,45736,3
train,48189,1
train,40646,8
train,48534,1
train,12181,5
train,9852,8
train,24247,1
train,22867,5
train,30522,2
train,42642,9
train,28483,8
train,47142,2
train,11643,5
train,36862,3
train,45086,9
train,30648,6
train,36280,4
train,37861,2
train,44463,6
train,57821,5
train,42649,0
train,59913,2
train,29288,1
train,23889,1
train,14996,2
train,43548,8
train,42917,5
train,22898,9
train,3860,5
train,48991,2
train,53226,4
train,6482,6
train,27436,0
train,9125,8
train,37898,7
train,41838,4
train,31546,2
train,3148,8
train,17476,0
train,40020,3
train,20061,7
train,19815,2
train,55638,6
train,28485,3
train,42465,9
train,58977,7
train,20436,2
train,14640,8
train,31253,5
train,45547,5
train,22112,2
train,35264,8
train,53558,3
train,40963,5
train,368,8
train,19722,6
train,17934,4
train,58781,6
train,15484,6
train,52282,6
train,15539,1
train,33196,7
train,32648,9
train,8980,7
train,47869,1
train,55649,3
train,19464,6
train,24960,5
train,5004,1
train,14618,6
train,46301,9
train,56780,7
train,21526,0
train,202,8
train,45860,4
train,50889,4
train,3696,9
train,50556,6
train,20842,3
train,53505,9
train,18776,2
train,59417,6
train,54806,2
train,12835,7
train,15101,3
train,44836,7
train,12007,7
train,29416,1
train,957,0
train,22714,4
train,20115,9
train,14561,1
train,49577,6
train,26359,9
train,59292,6
train,50676,2
train,12417,9
train,19991,1
train,38489,8
train,3093,8
train,32772,4
train,36319,9
train,52625,0
train,57730,0
train,14603,2
train,4995,7
train,36553,2
train,25419,4
train,53254,4
train,35394,5
train,27406,7
train,34865,9
train,21621,7
train,14654,4
train,41279,9
train,37579,1
train,34735,4
train,52226,0
train,16515,9
train,5482,4
train,14169,1
train,56730,3
train,12275,8
train,14261,3
train,6622,8
train,56280,4
train,38804,3
train,48769,5
train,56947,5
train,41653,3
train,23680,8
train,40309,4
train,52494,6
train,28142,6
train,22146,2
train,11373,9
train,20934,0
train,4375,8
train,49964,1
train,21869,9
train,16998,6
train,11713,4
train,54363,6
train,26809,3
train,55123,6
train,41431,8
train,462,0
train,36848,0
train,46949,1
train,10463,6
train,3321,1
train,16038,5
train,22533,1
train,24290,2
train,18171,0
train,33183,1
train,50506,6
train,11171,3
train,42446,0
train,34199,1
train,50443,7
train,45043,3
train,42065,2
train,38437,7
train,54294,4
train,20081,6
train,58136,6
train,14527,3
train,39065,5
train,4877,4
train,18246,4
train,6020,1
train,34952,5
train,38827,3
train,33957,7
train,5154,0
train,41507,3
train,59425,2
train,29103,7
train,40315,1
train,4875,7
train,48099,1
train,53049,1
train,27065,5
train,53402,3
train,15845,2
train,52213,5
train,49700,4
train,1105,8
train,23621,7
train,46196,1
train,32290,5
train,47005,0
train,17849,7
train,40097,1
train,29398,3
train,47739,0
train,54009,4
train,58571,7
train,58244,2
train,4906,0
train,32030,8
train,39313,6
train,28592,9
train,9313,0
train,41942,9
train,55199,2
train,43800,6
train,52111,3
train,41904,5
train,58245,9
train,48381,9
train,20234,4
train,23008,8
train,19175,5
train,30302,7
train,54642,0
train,42683,2
train,13853,0
train,30562,9
train,3149,1
train,10861,0
train,55171,7
train,36803,3
train,10808,9
train,36127,2
train,513,5
train,28547,9
train,34505,5
train,21324,2
train,20939,3
train,11752,3
train,21334,1
train,6186,1
train,59932,1
train,47252,4
train,21861,3
train,57651,3
train,52433,2
train,3480,8
train,3108,3
train,25341,8
train,24495,0
train,7880,6
train,25739,4
train,13647,3
train,58129,9
train,49581,5
train,9447,9
train,38657,3
train,47702,1
train,39562,5
train,3053,6
train,36670,9
train,54297,2
train,33653,9
train,39052,1
train,35282,0
train,6315,7
train,39048,7
train,27237,9
train,27743,4
train,17562,9
train,39653,8
train,13293,3
train,31052,4
train,50268,8
train,20419,8
train,12175,9
train,38571,6
train,41807,0
train,19292,0
train,23703,1
train,12466,8
train,24665,2
train,18105,6
train,27819,8
train,58185,7
train,4425,9
train,11596,5
train,33186,3
train,287,5
train,45839,6
train,8289,0
train,33213,2
train,30040,3
train,42331,8
train,48762,7
train,27687,8
train,41652,8
train,24764,6
train,27136,1
train,19103,8
train,13489,8
train,57997,1
train,10048,1
train,15982,2
train,20134,7
train,51853,4
train,49785,5
train,53281,8
train,59403,8
train,44136,1
train,35877,9
train,28128,4
train,1204,6
train,48195,4
train,9811,8
train,8806,1
train,45592,7
train,48719,0
train,26246,4
train,40672,4
train,17752,3
train,20537,0
train,19699,5
train,96,7
train,12912,4
train,19971,9
train,58531,4
train,17302,8
train,16134,3
train,10154,7
train,55709,7
train,9929,6
train,53606,6
train,38644,0
train,38422,7
train,47514,3
train,1455,9
train,34559,2
train,49873,2
train,27299,8
train,3645,9
train,33236,9
train,58146,0
train,32172,4
train,41988,6
train,27495,4
train,57799,2
train,14856,3
train,21744,1
train,16555,6
train,37888,6
train,7539,8
train,10170,7
train,52540,5
train,2273,2
train,30614,1
train,36588,5
train,47361,3
train,54538,9
train,41568,4
train,47518,4
train,8074,6
train,30107,2
train,57713,4
train,26684,7
train,21179,3
train,46315,9
train,8624,5
train,36463,2
train,48337,0
train,11043,1
train,49139,6
train,49170,8
train,42139,4
train,31843,1
train,19680,2
train,16561,9
train,48709,7
train,9139,4
train,28168,9
train,56606,0
train,57658,2
train,43142,1
train,34977,0
train,34296,0
train,30526,6
train,43264,6
train,50677,5
train,9542,2
train,2369,8
train,57804,3
train,18791,6
train,33106,4
train,31276,2
train,19818,0
train,1168,0
train,56566,5
train,45513,0
train,13436,8
train,35079,6
train,45197,1
train,42585,3
train,37064,7
train,22871,7
train,172,9
train,30374,8
train,9913,3
train,21990,1
train,10290,1
train,11097,3
train,26,4
train,52439,5
train,47611,6
train,47583,1
train,4180,4
train,3007,5
train,27001,4
train,57124,5
train,12101,6
train,21554,1
train,20222,3
train,49007,9
train,43532,8
train,41067,3
train,52739,5
train,28492,4
train,12640,6
train,45250,5
train,26540,2
train,1771,0
train,22758,6
train,11995,1
train,129,6
train,24823,8
train,53904,1
train,59720,2
train,40669,5
train,32927,6
train,54433,0
train,7525,7
train,48432,7
train,16000,8
train,37191,1
train,16548,7
train,36342,4
train,33571,7
train,55826,7
train,52732,7
train,1131,1
train,4617,5
train,12487,5
train,42344,9
train,37436,8
train,9925,8
train,44500,7
train,26406,1
train,33500,3
train,18222,0
train,9782,8
train,59058,9
train,18712,0
train,36461,1
train,48068,4
train,43833,3
train,25178,5
train,46960,4
train,15611,5
train,52851,2
train,54942,0
train,29427,3
train,8509,0
train,20091,5
train,988,4
train,48209,1
train,47036,2
train,25718,2
train,5973,6
train,59851,7
train,35569,8
train,55162,6
train,24879,1
train,34767,6
train,31121,4
train,33141,9
train,44389,1
train,30406,9
train,55256,8
train,50225,1
train,41095,7
train,9837,1
train,11807,0
train,35262,0
train,47004,1
train,51609,9
train,42653,4
train,2049,5
train,16538,6
train,53569,8
train,28211,7
train,932,9
train,33349,5
train,19523,6
train,42661,8
train,33327,0
train,43519,8
train,31080,8
train,23781,4
train,11269,0
train,17350,7
train,20932,4
train,52386,3
train,50338,1
train,30993,2
train,4855,0
train,55566,3
train,33832,2
train,52756,4
train,18610,9
train,40232,7
train,55856,9
train,40243,7
train,50155,5
train,48372,8
train,31576,7
train,25249,2
train,55284,8
train,39070,8
train,43040,2
train,31096,2
train,36200,4
train,50260,3
train,23872,1
train,26875,2
train,11825,9
train,5547,3
train,51431,8
train,49433,3
train,6343,6
train,27458,2
train,9234,8
train,40030,4
train,26311,3
train,10496,7
train,2858,1
train,56846,7
train,37548,5
train,43337,7
train,42131,0
train,58413,9
train,42293,9
train,7274,9
train,36143,0
train,32087,3
train,33942,1
train,34053,1
train,13564,4
train,51225,4
train,24511,4
train,49537,2
train,48533,5
train,40073,9
train,52840,2
train,57200,8
train,10022,0
train,12619,8
train,7593,6
train,12468,6
train,5390,9
train,24648,4
train,50094,1
train,9082,7
train,26608,0
train,47819,2
train,13852,4
train,5525,0
train,6081,3
train,40346,5
train,40139,6
train,12574,5
train,32364,7
train,53662,1
train,49753,4
train,7078,1
train,1141,8
train,55136,4
train,5787,3
train,8550,1
train,55012,6
train,55713,6
train,19601,3
train,750,7
train,51261,4
train,25091,3
train,42436,5
train,33641,0
train,52276,0
train,53812,5
train,19907,4
train,51938,9
train,24131,7
train,45396,3
train,54834,2
train,35670,2
train,50070,0
train,29962,3
train,57763,7
train,56264,2
train,889,0
train,20430,3
train,11347,6
train,13449,1
train,59303,8
train,54424,2
train,24985,0
train,21172,9
train,2678,8
train,6483,4
train,11313,9
train,15577,7
train,2365,6
train,11301,3
train,56995,3
train,53731,4
train,50529,3
train,18215,2
train,261,6
train,25196,1
train,26210,0
train,19178,9
train,27464,2
train,24512,3
train,31046,6
train,23276,4
train,10471,0
train,33250,2
train,12816,5
train,29263,0
train,47909,9
train,28195,9
train,13058,5
train,40713,5
train,35807,9
train,35225,7
train,43489,7
train,2260,1
train,9076,8
train,33443,9
train,3650,6
train,36846,2
train,9068,6
train,59944,0
train,1375,1
train,32734,6
train,11623,7
train,4327,5
train,10751,5
train,45673,8
train,13114,3
train,45091,5
train,13768,9
train,12972,4
train,22852,2
train,4958,1
train,11344,2
train,18757,7
train,49401,6
train,37556,7
train,7874,0
train,49186,1
train,3,1
train,44490,2
train,25799,8
train,26959,1
train,20136,6
train,39354,1
train,10397,5
train,40548,4
train,30403,5
train,39202,0
train,44309,6
train,46305,4
train,26440,9
train,33113,1
train,37504,2
train,35071,2
train,1122,9
train,40521,0
train,18395,2
train,43083,0
train,9810,9
train,6368,9
train,28938,4
train,44675,0
train,58036,0
train,41399,2
train,54822,0
train,7325,0
train,8869,4
train,56470,1
train,50075,7
train,39877,7
train,13038,2
train,3293,8
train,20156,6
train,5429,1
train,44885,4
train,37383,3
train,53468,1
train,27527,3
train,22960,4
train,39793,8
train,12418,4
train,44375,9
train,35682,6
train,28622,1
train,50960,3
train,39511,4
train,52165,4
train,35180,3
train,50553,7
train,13530,9
train,19443,2
train,17495,5
train,52074,4
train,6655,5
train,49226,9
train,44753,5
train,18579,9
train,9048,0
train,6239,6
train,20876,8
train,38584,6
train,17126,6
train,3667,0
train,51273,2
train,24912,4
train,12998,3
train,59185,4
train,10007,1
train,4893,7
train,29078,9
train,48724,7
train,39728,3
train,34858,5
train,28951,5
train,24998,9
train,9761,4
train,33061,9
train,39268,1
train,44890,9
train,55386,1
train,2994,1
train,51331,0
train,32617,8
train,41261,6
train,19958,5
train,9293,3
train,5136,9
train,2467,4
train,45895,7
train,14020,8
train,18724,4
train,47647,0
train,23814,2
train,51719,2
train,24723,7
train,53111,6
train,17812,1
train,39478,8
train,14757,7
train,29893,2
train,22020,5
train,26750,7
train,10694,8
train,47186,0
train,18168,6
train,30241,3
train,10098,1
train,17554,1
train,54940,7
train,33471,3
train,54497,7
train,38088,7
train,2356,1
train,36960,9
train,40051,3
train,36493,5
train,59312,4
train,58906,4
train,38923,7
train,52557,6
train,43591,5
train,52290,8
train,31072,9
train,3621,9
train,27705,9
train,2741,6
train,27944,7
train,19053,2
train,9031,2
train,22426,5
train,14988,9
train,2000,5
train,9060,7
train,49940,4
train,32335,1
train,33563,4
train,47424,3
train,7040,1
train,21539,3
train,1487,4
train,5038,4
train,11330,0
train,26456,4
train,30419,9
train,45838,2
train,34704,7
train,1436,3
train,10552,6
train,53005,6
train,12213,2
train,31880,8
train,23205,8
train,15822,4
train,41861,2
train,754,4
train,36692,0
train,3832,5
train,39431,6
train,20093,5
train,31824,7
train,46775,0
train,13682,8
train,58767,1
train,6056,2
train,11177,9
train,30568,8
train,32886,1
train,38401,2
train,3073,8
train,54036,9
train,45587,9
train,11605,0
train,22927,9
train,49548,8
train,39798,3
train,21754,5
train,16938,1
train,59618,5
train,17638,1
train,53412,3
train,26576,6
train,40318,2
train,25017,2
train,53333,7
train,51963,5
train,16296,3
train,51157,5
train,39705,3
train,7072,2
train,20976,5
train,57850,6
train,41600,1
train,18721,6
train,6505,2
train,23004,8
train,33016,2
train,19704,7
train,22708,3
train,12299,2
train,847,4
train,25079,7
train,6809,3
train,35196,7
train,54113,6
train,29006,5
train,39505,1
train,56957,2
train,40,1
train,22823,7
train,21174,2
train,43384,7
train,13071,4
train,51424,8
train,39459,7
train,14854,5
train,4306,9
train,25830,7
train,47194,1
train,14460,7
train,44823,2
train,45433,1
train,49790,2
train,37311,4
train,57291,3
train,42458,9
train,20065,2
train,55542,2
train,51060,1
train,22443,3
train,42179,1
train,28276,3
train,15379,3
train,16220,3
train,35832,2
train,29792,4
train,59210,4
train,5214,7
train,27053,5
train,51715,8
train,44718,2
train,25719,1
train,5320,9
train,34092,3
train,55091,3
train,34452,8
train,41668,2
train,28148,5
train,58788,7
train,39312,3
train,12606,6
train,42971,3
train,34575,8
train,5880,4
train,13438,3
train,50441,2
train,15357,9
train,29793,6
train,29748,5
train,15726,5
train,59544,8
train,21304,4
train,9637,3
train,51819,7
train,41673,5
train,38375,4
train,35462,5
train,11924,9
train,31855,0
train,38344,9
train,49514,4
train,9154,8
train,4537,8
train,51047,4
train,54258,3
train,32570,5
train,11195,6
train,27823,7
train,25725,0
train,39957,1
train,37582,5
train,18489,2
train,47269,6
train,10219,9
train,17441,7
train,56773,9
train,27155,7
train,10744,7
train,53659,8
train,10156,1
train,30711,1
train,7146,2
train,48675,7
train,39969,7
train,7414,2
train,21513,0
train,38509,2
train,9958,5
train,19426,6
train,20289,2
train,4564,4
train,15782,8
train,11036,0
train,37743,2
train,3085,5
train,15837,9
train,45978,7
train,52192,5
train,18117,2
train,40091,0
train,30822,6
train,22178,6
train,56685,8
train,58329,6
train,1545,4
train,15862,6
train,40804,9
train,36511,3
train,47295,8
train,13140,1
train,46665,6
train,41871,7
train,44862,0
train,42507,4
train,50619,6
train,1640,1
train,46889,9
train,30074,6
train,32542,7
train,54215,6
train,43416,9
train,21905,1
train,21394,1
train,45704,3
train,36743,6
train,31131,9
train,17540,1
train,26011,2
train,35260,7
train,35949,3
train,32241,6
train,44148,5
train,19385,6
train,26451,5
train,7257,2
train,50824,3
train,18106,9
train,7197,7
train,48457,9
train,37708,0
train,10745,3
train,45394,4
train,4357,8
train,12937,5
train,1087,5
train,38158,8
train,57749,1
train,16997,0
train,55263,8
train,8709,3
train,45964,2
train,31393,0
train,2417,7
train,34313,8
train,2387,6
train,18335,8
train,5672,9
train,9044,5
train,13706,3
train,22847,1
train,19752,5
train,6095,4
train,19733,7
train,32497,7
train,42295,6
train,58062,0
train,45235,0
train,16600,4
train,22148,9
train,16577,7
train,43908,6
train,34051,0
train,27609,0
train,12464,7
train,4859,8
train,2437,1
train,6179,0
train,31827,2
train,27401,0
train,24762,1
train,7921,1
train,15252,1
train,48507,6
train,30657,7
train,56725,5
train,10334,0
train,52891,3
train,4544,9
train,40226,4
train,17092,9
train,24811,1
train,1402,5
train,28096,4
train,42792,2
train,31029,4
train,55313,9
train,24789,3
train,28715,9
train,32801,4
train,2407,4
train,23140,7
train,41003,3
train,2625,2
train,51376,3
train,40345,2
train,34008,1
train,58625,8
train,44396,9
train,47715,6
train,14409,9
train,38394,6
train,41697,7
train,42582,7
train,59324,6
train,17295,3
train,40310,1
train,29549,4
train,55083,1
train,58904,6
train,7180,9
train,52375,3
train,38874,0
train,26409,1
train,54762,2
train,41695,6
train,58798,6
train,37927,3
train,10878,1
train,25860,6
train,58930,5
train,6433,6
train,44651,5
train,25119,9
train,40225,4
train,1195,0
train,32954,5
train,51160,8
train,9797,3
train,25309,2
train,44852,5
train,51203,7
train,2702,9
train,18926,0
train,55191,4
train,36677,8
train,974,9
train,36851,1
train,21516,9
train,59983,2
train,15929,1
train,25536,3
train,17336,2
train,40959,5
train,3253,7
train,17806,1
train,7169,1
train,48940,9
train,45466,7
train,26194,3
train,55909,5
train,3807,8
train,54172,6
train,13888,8
train,48506,2
train,46451,4
train,59725,3
train,59919,1
train,3877,4
train,17978,9
train,15531,7
train,619,2
train,54248,3
train,35015,3
train,59153,1
train,34910,8
train,22458,9
train,16310,5
train,3898,1
train,14125,2
train,24577,6
train,19091,1
train,48087,4
train,18450,8
train,23816,9
train,54578,9
train,23580,4
train,25314,7
train,1399,9
train,21328,3
train,32885,3
train,37880,2
train,19240,0
train,19425,3
train,3806,0
train,26103,0
train,14873,8
train,31638,2
train,59469,7
train,30290,7
train,31511,1
train,37979,8
train,3878,1
train,23243,8
train,58676,7
train,866,2
train,36645,3
train,4753,2
train,51986,2
train,48649,6
train,20750,9
train,46994,6
train,4606,9
train,18618,8
train,14863,3
train,4659,7
train,22717,3
train,9481,9
train,22145,6
train,23864,9
train,5268,0
train,998,3
train,59207,1
train,31721,8
train,28115,6
train,21002,1
train,1082,7
train,9931,4
train,24831,8
train,38790,2
train,13585,2
train,45545,3
train,20018,1
train,11141,5
train,24800,1
train,58875,4
train,28319,9
train,46547,1
train,24923,1
train,39937,1
train,13318,6
train,44978,2
train,43417,3
train,51829,7
train,31351,9
train,9379,6
train,5558,9
train,30247,8
train,12214,3
train,57427,2
train,40119,2
train,50228,9
train,4364,6
train,17249,6
train,39380,5
train,16947,4
train,15217,2
train,40290,5
train,35307,8
train,49962,2
train,28650,1
train,22353,2
train,24309,8
train,34609,7
train,37094,8
train,12108,3
train,46475,8
train,23508,5
train,36628,0
train,53620,5
train,7380,7
train,15347,4
train,16123,2
train,39896,1
train,55455,5
train,35731,7
train,24464,7
train,17028,1
train,34873,3
train,10433,4
train,42294,0
train,43148,5
train,53551,4
train,250,3
train,39115,0
train,25384,5
train,4864,3
train,30243,4
train,4151,8
train,56153,6
train,49089,2
train,5231,6
train,3223,7
train,1907,0
train,43522,8
train,14061,1
train,38856,6
train,25520,6
train,12552,6
train,38358,9
train,26267,3
train,7519,8
train,15851,1
train,11809,1
train,4809,7
train,15843,6
train,34118,7
train,166,4
train,3203,4
train,38382,8
train,38716,4
train,30876,4
train,21267,9
train,47498,8
train,41364,9
train,19336,2
train,14997,7
train,39565,3
train,120,2
train,57890,2
train,3951,7
train,40259,8
train,39304,4
train,58024,8
train,3885,1
train,37676,6
train,22937,1
train,20819,8
train,38317,1
train,50877,7
train,23199,4
train,17947,3
train,20465,1
train,993,1
train,53361,1
train,18993,1
train,22509,5
train,12398,4
train,267,9
train,16078,3
train,405,3
train,12803,2
train,4916,9
train,46978,2
train,54140,3
train,29571,5
train,19999,2
train,33637,4
train,42303,3
train,28903,8
train,45795,1
train,25203,5
train,29513,9
train,40281,3
train,17704,1
train,560,7
train,4748,0
train,9012,1
train,11340,0
train,8926,0
train,38537,7
train,9381,5
train,18442,1
train,40614,2
train,5042,8
train,30386,3
train,58143,7
train,1555,9
train,46690,2
train,57838,2
train,1874,2
train,25093,4
train,37688,9
train,59831,2
train,44280,3
train,55602,5
train,53334,7
train,7923,8
train,40416,2
train,26914,1
train,5294,6
train,58562,9
train,41473,4
train,11988,4
train,12947,0
train,25955,3
train,54839,5
train,29196,4
train,50116,8
train,14027,4
train,1792,6
train,36269,0
train,59603,8
train,38954,7
train,36936,2
train,15366,8
train,4956,3
train,30934,3
train,49485,7
train,47459,9
train,56908,0
train,56562,6
train,23025,2
train,44687,9
train,13282,6
train,39344,8
train,27947,8
train,22120,1
train,38744,0
train,6783,1
train,58301,6
train,58517,7
train,44851,9
train,17110,2
train,17250,4
train,13944,8
train,18167,5
train,38808,0
train,9422,0
train,53679,7
train,45543,2
train,51850,8
train,26428,9
train,35971,0
train,10058,1
train,54460,3
train,49954,0
train,21309,5
train,57865,1
train,29153,3
train,48870,4
train,50852,0
train,52224,2
train,6180,5
train,5259,2
train,9400,3
train,38902,5
train,9392,4
train,49621,0
train,28933,7
train,7192,3
train,26807,8
train,51091,3
train,54837,2
train,16404,2
train,45384,0
train,5090,1
train,48790,0
train,595,9
train,11631,5
train,42924,9
train,55639,5
train,32595,2
train,32169,2
train,31950,1
train,3793,3
train,27847,3
train,46149,5
train,57620,2
train,59358,5
train,5496,7
train,25471,4
train,30248,8
train,22075,6
train,52011,2
train,5327,0
train,58052,1
train,15311,0
train,15597,7
train,54969,6
train,3195,0
train,59880,5
train,56743,4
train,41472,7
train,24187,8
train,41788,7
train,25362,8
train,40176,6
train,59501,4
train,57063,7
train,32353,1
train,36412,0
train,23884,0
train,59885,6
train,37982,6
train,22676,4
train,54887,7
train,10544,7
train,45256,5
train,3824,3
train,53561,9
train,17439,2
train,37379,5
train,6863,3
train,34298,7
train,53743,8
train,23515,9
train,26713,0
train,54878,4
train,54410,4
train,51882,1
train,44905,4
train,53723,9
train,53000,5
train,29388,0
train,53722,3
train,30355,2
train,45370,9
train,28056,1
train,22384,6
train,26215,9
train,46074,6
train,13636,1
train,57553,5
train,16210,5
train,32501,5
train,1954,2
train,59016,3
train,57263,8
train,50690,5
train,29232,3
train,18122,7
train,59676,5
train,3702,0
train,25425,3
train,36160,4
train,25335,5
train,24387,9
train,49177,9
train,55918,7
train,18436,4
train,47422,0
train,50581,2
train,37858,4
train,8999,9
train,31756,5
train,2099,9
train,23501,1
train,1815,1
train,15687,6
train,38337,1
train,47175,4
train,3234,1
train,59599,4
train,47234,1
train,7338,0
train,20542,2
train,49547,9
train,12064,4
train,24149,5
train,43540,5
train,11107,1
train,39588,9
train,55149,2
train,23386,7
train,23875,0
train,32802,4
train,28215,9
train,53103,1
train,4760,5
train,26120,2
train,29670,3
train,36218,4
train,47507,4
train,52529,5
train,54530,3
train,50301,5
train,39374,5
train,41949,5
train,23727,1
train,20365,1
train,26735,6
train,54452,4
train,10989,7
train,21410,6
train,52053,6
train,56853,4
train,31424,5
train,59903,2
train,23517,3
train,31957,7
train,51086,5
train,57477,3
train,53916,0
train,9643,1
train,42503,2
train,14914,2
train,50807,9
train,7621,7
train,7627,9
train,40228,0
train,31126,4
train,50112,8
train,18725,0
train,22899,1
train,20389,9
train,4569,1
train,16628,9
train,15008,3
train,42944,8
train,8782,8
train,911,7
train,54808,0
train,52727,4
train,59998,6
train,29851,2
train,59161,6
train,41368,0
train,29762,7
train,31023,8
train,39769,7
train,53379,9
train,3699,3
train,17581,0
train,5018,6
train,23015,8
train,31845,8
train,5243,8
train,53570,3
train,18304,1
train,19183,7
train,6000,6
train,36124,1
train,8738,1
train,28024,0
train,37447,4
train,21702,1
train,21357,1
train,12513,8
train,3867,9
train,3519,9
train,27099,5
train,44865,7
train,17859,8
train,29815,5
train,58500,0
train,7061,9
train,46492,9
train,49118,1
train,6933,2
train,22564,4
train,50397,1
train,1512,0
train,47820,0
train,13820,2
train,41271,8
train,14454,3
train,42889,5
train,18744,9
train,36631,2
train,6363,5
train,44298,2
train,30723,7
train,41268,6
train,48824,8
train,29770,2
train,36987,5
train,19400,1
train,31445,0
train,39763,4
train,50319,4
train,48267,0
train,51223,8
train,45807,7
train,18702,6
train,53962,7
train,21116,3
train,19580,7
train,11788,3
train,525,9
train,44517,6
train,9511,3
train,43949,4
train,49181,2
train,56867,8
train,46445,1
train,25391,5
train,56703,9
train,7278,7
train,34148,5
train,3357,2
train,31893,9
train,27410,1
train,17222,8
train,44939,5
train,58665,0
train,36958,2
train,42982,2
train,3001,0
train,6816,8
train,27220,7
train,21039,5
train,59147,9
train,37752,0
train,42234,6
train,49799,7
train,43606,8
train,17651,5
train,59230,1
train,4599,2
train,15617,4
train,38385,4
train,20432,2
train,10695,4
train,1,0
train,25918,1
train,38689,5
train,59764,8
train,35212,1
train,41692,7
train,50455,7
train,43768,2
train,47767,2
train,409,9
train,37035,3
train,18801,1
train,25123,7
train,59201,5
train,38592,5
train,23488,3
train,11686,7
train,25982,7
train,42787,4
train,32976,4
train,15093,2
train,55653,2
train,52704,4
train,10667,1
train,41112,2
train,53506,8
train,42789,2
train,48502,2
train,34899,7
train,18068,6
train,14761,3
train,359,0
train,16801,9
train,38821,4
train,46864,8
train,58848,7
train,45019,8
train,32469,4
train,15421,5
train,13002,9
train,44954,7
train,31270,6
train,53371,1
train,11188,7
train,24261,8
train,8440,9
train,40509,1
train,32120,7
train,29372,4
train,38141,1
train,33428,1
train,58543,8
train,32292,2
train,39146,2
train,32240,6
train,36324,3
train,49549,9
train,38463,1
train,57345,5
train,6517,6
train,40153,1
train,40845,6
train,48767,2
train,47954,6
train,52056,1
train,45851,6
train,10286,5
train,51447,1
train,43899,2
train,22958,2
train,42873,8
train,42834,1
train,42009,8
train,55371,1
train,51291,8
train,22341,2
train,31926,5
train,24436,1
train,57964,2
train,945,4
train,57408,0
train,32009,0
train,13336,5
train,28721,6
train,58963,1
train,18693,2
train,47155,2
train,25604,4
train,3982,9
train,36536,1
train,42721,9
train,23755,1
train,1974,8
train,3047,3
train,8734,5
train,53511,9
train,56748,5
train,56402,8
train,17611,0
train,4926,0
train,55215,1
train,47105,9
train,12728,6
train,32028,7
train,10288,5
train,37621,6
train,59726,5
train,52606,7
train,29789,2
train,9983,0
train,28318,1
train,28112,2
train,25247,9
train,36891,8
train,59987,0
train,46017,0
train,44839,8
train,28301,8
train,10590,7
train,28147,8
train,43611,9
train,56241,1
train,13879,3
train,25640,9
train,23064,8
train,36913,8
train,25987,0
train,32955,7
train,6016,3
train,38193,3
train,46039,0
train,5949,8
train,50383,5
train,53509,0
train,56513,2
train,19819,4
train,47734,1
train,8604,7
train,39955,0
train,43940,6
train,27052,2
train,7382,5
train,34595,1
train,14751,8
train,28160,0
train,46290,5
train,45961,1
train,7341,6
train,5505,0
train,19618,8
train,11822,7
train,59295,9
train,48969,7
train,53963,2
train,20864,9
train,57901,8
train,345,1
train,46520,1
train,56653,7
train,5194,0
train,46493,7
train,18865,2
train,5836,9
train,36451,1
train,43074,0
train,37499,1
train,31143,6
train,16471,5
train,363,4
train,15488,5
train,4240,4
train,25126,7
train,35814,3
train,30646,9
train,614,5
train,8390,2
train,16315,5
train,40395,6
train,53765,8
train,13264,5
train,9729,9
train,32631,6
train,29055,0
train,56068,8
train,18512,4
train,23745,9
train,128,1
train,52843,9
train,687,9
train,19640,1
train,35901,2
train,31997,7
train,53138,2
train,40685,9
train,21165,9
train,42799,2
train,21775,3
train,13994,2
train,36299,8
train,37740,5
train,22048,0
train,9835,9
train,11509,1
train,48666,3
train,52620,6
train,14451,5
train,31484,4
train,51666,1
train,2603,3
train,14690,8
train,9800,5
train,23704,7
train,18095,1
train,4049,1
train,52222,4
train,41077,0
train,18056,4
train,1775,0
train,17101,1
train,53159,7
train,49840,1
train,6247,1
train,32870,5
train,51565,8
train,58541,3
train,53082,8
train,41933,5
train,22906,3
train,54419,4
train,45008,3
train,254,3
train,36247,3
train,43356,7
train,3612,0
train,7357,4
train,16422,9
train,17107,9
train,10968,6
train,12633,8
train,38305,1
train,45227,9
train,16529,3
train,26778,7
train,42915,0
train,29026,8
train,59151,3
train,34379,4
train,14317,9
train,43744,6
train,50836,6
train,45861,1
train,9296,0
train,56860,5
train,29219,2
train,1604,4
train,29355,2
train,45912,4
train,36176,6
train,31550,7
train,8616,7
train,13358,9
train,54272,0
train,29597,6
train,20592,8
train,20228,9
train,34483,1
train,22445,0
train,41211,0
train,9213,8
train,19850,1
train,5070,6
train,38631,4
train,30141,0
train,37639,6
train,1267,8
train,8143,7
train,9911,7
train,18698,9
train,30828,0
train,36449,3
train,5853,8
train,59722,4
train,5607,9
train,9362,4
train,16459,4
train,8444,7
train,26236,5
train,44053,4
train,59162,7
train,33573,5
train,25905,9
train,13887,9
train,12691,0
train,45612,3
train,17966,3
train,7358,0
train,38640,6
train,5510,3
train,56326,1
train,30887,9
train,49077,3
train,34842,8
train,44801,6
train,39195,9
train,51429,7
train,29457,5
train,56924,7
train,34987,3
train,59730,0
train,46950,7
train,25348,7
train,11406,8
train,58547,5
train,21005,5
train,54510,5
train,24156,9
train,10722,9
train,43909,8
train,21430,4
train,4259,5
train,20302,1
train,34461,3
train,259,5
train,59142,0
train,1985,6
train,50637,0
train,35629,8
train,29795,6
train,2082,0
train,57394,2
train,10516,9
train,1936,1
train,7212,6
train,24097,5
train,45009,4
train,17546,6
train,30737,1
train,57232,5
train,21677,5
train,9743,5
train,29796,7
train,59675,2
train,15307,8
train,15813,1
train,43614,4
train,24651,3
train,32357,6
train,45312,3
train,34825,7
train,37756,3
train,21794,1
train,49672,5
train,28831,1
train,2952,0
train,21360,5
train,48856,5
train,15130,0
train,883,7
train,53221,6
train,8515,0
train,15788,6
train,1091,6
train,46277,2
train,6698,1
train,19577,9
train,16335,6
train,41081,9
train,9527,2
train,27173,3
train,16691,1
train,55733,8
train,57467,8
train,8853,2
train,12971,1
train,41588,0
train,21572,7
train,30169,4
train,4215,8
train,39945,5
train,23839,6
train,29487,5
train,30100,1
train,40949,2
train,51050,5
train,35465,0
train,45918,8
train,35856,1
train,49715,8
train,49025,5
train,41436,3
train,12722,1
train,49595,0
train,5093,9
train,162,9
train,20001,9
train,32490,3
train,54734,7
train,51517,2
train,25103,1
train,36887,3
train,14584,1
train,43580,8
train,31464,6
train,14364,9
train,4148,8
train,11732,9
train,28685,2
train,28625,9
train,43546,2
train,59608,4
train,51736,5
train,36187,2
train,10215,7
train,6821,9
train,2435,0
train,18042,0
train,55398,0
train,4067,0
train,45208,8
train,34171,3
train,7835,0
train,13804,2
train,14438,8
train,48484,9
train,14689,5
train,24813,7
train,11312,1
train,10483,3
train,54361,5
train,36850,5
train,51104,8
train,20153,6
train,17507,2
train,21891,2
train,42443,2
train,50502,4
train,54610,6
train,21371,5
train,45493,8
train,414,4
train,50036,0
train,13646,9
train,19716,8
train,55188,2
train,12180,0
train,14830,8
train,1042,7
train,36773,4
train,57300,3
train,28106,7
train,14788,4
train,38538,1
train,22944,6
train,9831,7
train,20166,3
train,14965,0
train,2374,1
train,15052,3
train,58836,7
train,46736,3
train,44460,6
train,5626,7
train,38629,1
train,4986,2
train,52636,3
train,14735,9
train,21874,0
train,56839,9
train,50651,8
train,14052,0
train,47990,2
train,50945,8
train,18964,3
train,6559,3
train,19821,3
train,41660,7
train,48734,8
train,18251,9
train,42842,2
train,40971,1
train,823,8
train,35495,5
train,2041,9
train,35486,3
train,2655,5
train,11117,6
train,48819,4
train,28138,7
train,19817,7
train,50394,8
train,36337,3
train,57515,8
train,54924,2
train,40588,3
train,6305,5
train,48958,6
train,20033,5
train,48938,9
train,11232,3
train,12235,8
train,36505,2
train,22563,4
train,14120,9
train,56953,1
train,21806,5
train,35998,7
train,41017,8
train,54983,3
train,37886,3
train,38588,8
train,41828,6
train,8233,0
train,27056,4
train,24932,1
train,14197,7
train,15162,9
train,27525,2
train,9966,0
train,18003,2
train,52541,6
train,46092,2
train,53339,0
train,43171,3
train,41541,2
train,49992,5
train,20964,9
train,946,2
train,52254,1
train,29920,7
train,37543,0
train,13493,6
train,36208,4
train,28005,9
train,20306,5
train,2278,0
train,30123,0
train,27396,1
train,40036,6
train,12473,8
train,40272,2
train,47502,1
train,26455,7
train,59942,9
train,1088,7
train,46532,3
train,56587,5
train,7912,1
train,53078,4
train,25257,3
train,47086,4
train,16237,2
train,58171,1
train,43500,1
train,38745,8
train,19827,4
train,35234,4
train,15992,0
train,21448,4
train,45011,5
train,22521,9
train,58956,4
train,55932,3
train,13777,0
train,42227,0
train,22405,0
train,31331,7
train,15593,9
train,48757,2
train,4631,6
train,7479,8
train,6119,6
train,56635,0
train,48537,1
train,28904,0
train,2349,8
train,12654,4
train,15923,7
train,49095,8
train,51900,1
train,26818,0
train,48658,8
train,16670,1
train,38768,9
train,48147,2
train,52072,8
train,14888,9
train,27149,6
train,53069,5
train,42542,9
train,58292,7
train,5888,0
train,56532,4
train,46928,7
train,45561,2
train,23212,9
train,26322,7
train,46251,1
train,50944,0
train,25660,4
train,35920,7
train,46662,9
train,11842,5
train,55413,7
train,29068,1
train,32775,3
train,9568,5
train,35482,4
train,28296,0
train,44487,8
train,35846,6
train,39692,9
train,29206,4
train,47662,9
train,50115,7
train,2532,0
train,22544,4
train,42599,0
train,16925,2
train,53670,0
train,32333,0
train,23915,6
train,31070,2
train,185,7
train,41944,1
train,19742,1
train,25389,0
train,12219,0
train,51181,7
train,20290,9
train,1578,0
train,32159,7
train,11555,8
train,20833,3
train,297,4
train,58312,5
train,57081,5
train,17572,5
train,57741,8
train,14189,8
train,15528,5
train,38256,2
train,35167,2
train,19248,2
train,52835,2
train,13771,2
train,51378,6
train,36774,5
train,41792,9
train,38921,7
train,56207,3
train,1832,7
train,11799,4
train,56750,1
train,18749,5
train,44240,3
train,25868,7
train,58116,0
train,7714,9
train,34963,6
train,59267,0
train,26999,0
train,10377,7
train,35518,7
train,2945,5
train,43893,7
train,34901,8
train,15608,1
train,27732,9
train,11882,5
train,33911,3
train,6133,0
train,27572,1
train,40964,5
train,27935,2
train,7458,0
train,11802,5
train,25976,8
train,31145,0
train,26109,4
train,23028,2
train,18613,2
train,11846,0
train,13644,7
train,22305,9
train,22820,6
train,7689,1
train,10378,1
train,36932,4
train,16059,8
train,9480,1
train,40866,3
train,3103,1
train,31179,1
train,10787,3
train,21139,5
train,55665,3
train,3467,5
train,5776,5
train,52547,2
train,35062,5
train,7978,0
train,54845,3
train,3543,6
train,57220,1
train,17301,3
train,8004,6
train,7224,6
train,23771,9
train,7770,7
train,10336,9
train,43564,6
train,43594,6
train,18528,3
train,9468,6
train,29906,2
train,49923,7
train,33684,1
train,27304,9
train,27257,0
train,32634,2
train,29040,1
train,35704,8
train,56126,8
train,35946,4
train,41583,9
train,33871,6
train,9727,2
train,47880,1
train,57903,1
train,58410,3
train,52820,6
train,3659,2
train,14242,7
train,42125,7
train,38185,6
train,24713,4
train,14173,8
train,22519,7
train,40344,7
train,33840,3
train,45959,3
train,1925,9
train,20332,1
train,44355,6
train,23545,2
train,16269,2
train,57085,9
train,3550,3
train,23157,3
train,2762,1
train,37623,4
train,39193,1
train,43592,6
train,54747,8
train,54500,5
train,35624,4
train,13046,6
train,34787,8
train,23270,4
train,42491,2
train,24207,7
train,56932,7
train,21115,5
train,49771,3
train,2626,2
train,27302,7
train,31183,3
train,13193,3
train,48782,4
train,775,5
train,18867,4
train,59960,5
train,28956,7
train,32062,0
train,30698,9
train,35189,9
train,44028,9
train,3686,4
train,23477,1
train,14579,9
train,43841,7
train,59613,0
train,12058,4
train,56574,3
train,52736,7
train,48370,6
train,4755,3
train,45262,6
train,40499,9
train,58708,7
train,50212,3
train,32048,7
train,52116,3
train,5059,7
train,59546,5
train,6453,6
train,47917,0
train,38258,6
train,54189,5
train,51011,7
train,11294,7
train,32553,8
train,24377,6
train,5290,6
train,26338,0
train,23772,9
train,52574,2
train,31601,4
train,1675,3
train,43274,4
train,2142,7
train,9767,7
train,19894,1
train,3263,9
train,29135,4
train,15497,3
train,17362,8
train,12373,7
train,16698,5
train,50005,4
train,14174,2
train,38029,1
train,42579,0
train,2077,8
train,52785,3
train,2291,6
train,49735,2
train,50037,7
train,15423,1
train,40376,2
train,49752,9
train,19916,6
train,46031,7
train,56693,6
train,34201,2
train,1541,4
train,37276,5
train,47037,6
train,33247,5
train,30964,8
train,45917,9
train,37185,8
train,42942,6
train,11137,7
train,55854,7
train,55257,3
train,5828,5
train,21471,9
train,36025,4
train,27522,7
train,51289,9
train,59728,1
train,25879,8
train,7025,0
train,28656,1
train,21161,8
train,30389,1
train,36377,3
train,58102,0
train,32626,7
train,22427,1
train,54947,1
train,36256,5
train,57602,8
train,6520,9
train,39516,5
train,57143,6
train,39120,5
train,21231,8
train,51439,1
train,42623,0
train,10928,4
train,4411,5
train,8439,9
train,24203,2
train,56718,6
train,5399,3
train,53772,2
train,39848,0
train,9309,8
train,28805,6
train,28623,8
train,57329,8
train,53780,1
train,42281,7
train,50458,9
train,18375,3
train,3440,1
train,25220,2
train,9023,7
train,58726,0
train,3192,3
train,3405,7
train,50019,5
train,46336,9
train,46240,1
train,11898,7
train,25528,9
train,16777,0
train,35329,1
train,32330,3
train,31280,1
train,52684,2
train,15589,7
train,27865,0
train,17040,3
train,43288,7
train,48943,1
train,53214,7
train,25720,5
train,39719,2
train,9646,5
train,46734,4
train,29253,5
train,28648,8
train,32124,4
train,37405,1
train,15728,9
train,21219,2
train,34936,2
train,8215,4
train,38971,8
train,26041,7
train,36661,5
train,56805,6
train,32339,3
train,57533,3
train,7574,1
train,51592,9
train,4960,1
train,41611,8
train,16512,3
train,33955,4
train,35436,1
train,19911,8
train,9506,0
train,41699,8
train,38419,9
train,7592,5
train,1113,6
train,54197,4
train,8886,2
train,31360,2
train,15202,7
train,35113,3
train,57214,0
train,46151,7
train,11154,5
train,46929,9
train,9906,1
train,7292,2
train,28394,1
train,47615,8
train,44876,1
train,22587,3
train,25083,9
train,37718,3
train,55399,2
train,36420,9
train,3163,8
train,12892,8
train,3547,4
train,20802,1
train,11873,5
train,52268,1
train,2745,0
train,22312,9
train,13072,9
train,7861,3
train,57034,0
train,25837,9
train,30293,0
train,24769,8
train,12286,2
train,42359,5
train,51042,9
train,54126,3
train,19020,5
train,51190,1
train,9866,8
train,35849,4
train,4680,7
train,21310,8
train,53329,5
train,28620,7
train,46804,6
train,53580,8
train,3742,9
train,26889,6
train,58479,1
train,49644,7
train,15134,6
train,12204,2
train,20679,2
train,15637,0
train,19701,6
train,1524,5
train,34853,3
train,59495,8
train,20435,7
train,39581,0
train,56630,5
train,5086,3
train,7818,2
train,11633,9
train,44050,7
train,23248,7
train,22069,3
train,48242,7
train,7913,7
train,53349,9
train,3236,7
train,52895,5
train,59656,9
train,19389,4
train,33017,7
train,13837,2
train,44444,6
train,18778,5
train,30356,2
train,47003,7
train,32276,3
train,35190,3
train,24829,8
train,55718,5
train,9668,2
train,28393,4
train,7914,4
train,45891,8
train,2020,6
train,49313,9
train,31898,6
train,17630,7
train,17070,2
train,28294,2
train,2170,8
train,31959,8
train,42840,3
train,14190,6
train,53589,7
train,26979,0
train,47354,2
train,46510,2
train,12083,5
train,36894,0
train,37474,9
train,38922,4
train,33917,3
train,35567,5
train,33229,3
train,51728,6
train,48397,5
train,15785,3
train,16615,7
train,22320,8
train,6333,7
train,47007,3
train,5692,0
train,1144,3
train,2359,3
train,15196,6
train,27156,6
train,3491,3
train,3452,3
train,48732,3
train,6822,1
train,35976,5
train,22506,5
train,39757,1
train,139,4
train,45241,6
train,48679,1
train,49654,3
train,25614,6
train,57744,9
train,35227,4
train,45875,5
train,30145,1
train,29209,6
train,22694,4
train,6406,0
train,59420,0
train,44234,9
train,56418,7
train,367,6
train,59502,5
train,58776,8
train,16198,2
train,28914,4
train,29009,9
train,26536,9
train,46408,2
train,47438,8
train,5234,1
train,5684,6
train,3597,6
train,11958,3
train,6131,6
train,46722,1
train,49338,1
train,5360,8
train,32141,5
train,36784,6
train,56789,5
train,40483,3
train,12741,0
train,28260,9
train,2401,5
train,39615,0
train,29587,1
train,9648,3
train,17052,2
train,20517,2
train,18421,1
train,33495,5
train,52422,2
train,35647,9
train,51982,9
train,38148,2
train,41522,5
train,22706,0
train,6139,6
train,33744,9
train,14893,8
train,55625,2
train,20646,7
train,19366,5
train,40199,0
train,6210,4
train,43808,1
train,2968,5
train,59221,9
train,11272,1
train,21953,0
train,47865,9
train,34074,1
train,15372,3
train,45282,5
train,52271,2
train,42761,5
train,37475,6
train,51532,7
train,37846,4
train,3026,8
train,35536,0
train,40578,3
train,11821,7
train,50007,3
train,18312,6
train,31991,7
train,16375,3
train,59636,8
train,32962,8
train,57701,8
train,57104,2
train,26463,3
train,40262,0
train,52173,7
train,20467,4
train,21830,4
train,30927,4
train,17484,6
train,49983,9
train,23444,1
train,10455,1
train,45786,3
train,58791,9
train,21193,9
train,35881,3
train,27649,3
train,1784,6
train,52674,6
train,31340,4
train,508,1
train,1378,3
train,53283,3
train,4358,7
train,53716,3
train,15274,4
train,33915,4
train,38898,4
train,18742,3
train,8894,0
train,56422,4
train,38743,7
train,15397,1
train,56627,9
train,34543,6
train,39271,5
train,30346,2
train,230,7
train,9775,1
train,35790,7
train,26296,4
train,56045,5
train,19211,1
train,54355,2
train,1106,7
train,27086,6
train,11414,4
train,49432,9
train,31804,7
train,33719,8
train,4064,1
train,6156,9
train,37783,8
train,45303,0
train,37493,8
train,27590,1
train,12210,5
train,19985,0
train,19840,4
train,46085,1
train,26946,6
train,34957,9
train,17193,8
train,55617,0
train,45658,3
train,1534,8
train,19224,8
train,6324,5
train,11951,3
train,4044,0
train,10505,0
train,48368,1
train,18660,8
train,53673,4
train,58687,7
train,44527,8
train,42327,2
train,28759,3
train,24162,6
train,27497,7
train,44246,7
train,23363,6
train,45914,6
train,20143,1
train,29907,0
train,39101,4
train,42635,8
train,50699,4
train,12151,3
train,54790,2
train,28243,4
train,40166,3
train,44742,6
train,56500,7
train,47145,3
train,54152,7
train,18462,0
train,1850,9
train,42038,0
train,32264,2
train,28224,3
train,12595,4
train,9209,0
train,56288,3
train,47472,6
train,25412,2
train,25342,5
train,14555,2
train,13836,3
train,57317,1
train,5753,3
train,39333,9
train,13735,2
train,44297,7
train,30142,6
train,46264,7
train,37380,5
train,47090,3
train,30,3
train,23638,9
train,42696,9
train,57118,8
train,14562,5
train,22325,1
train,42762,5
train,36557,4
train,15475,2
train,38905,9
train,20425,4
train,30868,4
train,58532,0
train,27747,7
train,11628,9
train,19454,0
train,1358,6
train,46200,8
train,28569,1
train,18881,0
train,27996,5
train,503,8
train,25997,5
train,43421,9
train,49579,8
train,57918,8
train,29674,2
train,34924,6
train,4616,4
train,21918,6
train,15155,5
train,54323,9
train,11379,0
train,26870,9
train,28930,7
train,29743,9
train,54593,8
train,34071,6
train,31785,0
train,55154,6
train,15863,0
train,46999,5
train,13340,4
train,21997,9
train,17769,4
train,26528,7
train,39909,3
train,24144,3
train,3130,1
train,22447,9
train,53300,4
train,43179,7
train,35994,0
train,35369,5
train,26292,0
train,11039,3
train,43266,0
train,24882,7
train,25795,6
train,20307,9
train,28720,5
train,41155,9
train,23976,9
train,22660,4
train,39181,3
train,49218,0
train,27664,2
train,48246,2
train,6205,9
train,56430,8
train,30684,1
train,54254,1
train,17708,9
train,54641,6
train,28902,8
train,53880,0
train,47311,3
train,18453,3
train,6257,6
train,15250,3
train,46396,8
train,22674,3
train,27550,0
train,5298,0
train,13054,0
train,26769,4
train,55618,8
train,52807,1
train,28913,3
train,33078,0
train,50145,9
train,39908,6
train,1634,3
train,19025,8
train,2693,2
train,40082,0
train,45490,5
train,53595,3
train,615,8
train,40253,5
train,7585,0
train,35348,0
train,13725,1
train,12450,6
train,36174,4
train,49206,4
train,44346,6
train,33068,2
train,37678,0
train,55449,1
train,35840,4
train,25064,1
train,25617,2
train,45439,2
train,6956,7
train,17440,7
train,12596,6
train,14455,7
train,26621,5
train,44546,3
train,40328,9
train,31267,2
train,27985,0
train,56251,6
train,22736,5
train,57090,8
train,42520,5
train,50758,9
train,14552,3
train,4452,7
train,198,3
train,1408,4
train,52958,4
train,55891,4
train,43831,2
train,37017,3
train,41629,3
train,16041,7
train,51182,4
train,41378,3
train,15361,1
train,3385,5
train,41528,4
train,47876,3
train,52451,1
train,40335,0
train,50125,6
train,14407,9
train,5251,7
train,2100,0
train,39749,7
train,11763,7
train,39756,8
train,37601,2
train,6888,5
train,24808,1
train,9932,3
train,10443,9
train,48253,1
train,58580,1
train,25288,4
train,32315,1
train,22248,1
train,4603,2
train,33854,3
train,4071,2
train,24104,3
train,57946,4
train,36535,1
train,25110,7
train,42078,4
train,34090,9
train,10369,3
train,11547,4
train,35991,9
train,4756,0
train,32972,9
train,3530,6
train,1739,7
train,15718,7
train,10123,1
train,43135,3
train,7982,3
train,24477,7
train,46521,6
train,54150,6
train,13868,4
train,23803,7
train,56047,3
train,34839,0
train,1097,3
train,52970,5
train,41791,9
train,13088,9
train,37146,7
train,13921,0
train,37643,3
train,18873,7
train,5604,0
train,54447,4
train,46979,3
train,28251,6
train,10663,8
train,47337,7
train,10813,6
train,15596,2
train,3990,4
train,39457,0
train,762,6
train,3770,9
train,17958,9
train,17357,4
train,10492,5
train,40915,0
train,6004,5
train,48930,3
train,36701,6
train,51755,6
train,58518,8
train,59972,0
train,40071,1
train,22783,5
train,44371,2
train,1975,7
train,16369,7
train,51559,5
train,25163,1
train,19002,6
train,38369,9
train,479,3
train,16364,5
train,38852,4
train,19371,8
train,9997,6
train,35390,5
train,31142,9
train,42269,7
train,26436,0
train,9730,3
train,22056,2
train,19621,4
train,33906,2
train,6639,2
train,54814,4
train,27558,1
train,26211,5
train,19262,7
train,37377,0
train,8148,8
train,1350,6
train,34058,3
train,49745,4
train,7468,9
train,32853,7
train,31192,7
train,27826,4
train,43923,7
train,21412,7
train,26951,1
train,56600,8
train,5686,6
train,40826,1
train,40402,4
train,56948,9
train,13283,1
train,30108,4
train,19740,7
train,29675,3
train,55775,5
train,30937,8
train,41698,7
train,49194,1
train,38136,8
train,3764,6
train,15521,4
train,39720,4
train,6580,8
train,17473,1
train,21732,7
train,25180,4
train,27206,0
train,53597,9
train,57105,2
train,55334,3
train,20745,6
train,36905,6
train,53921,2
train,59860,3
train,43283,0
train,38068,2
train,16508,1
train,46712,4
train,42107,8
train,4435,1
train,56138,1
train,4205,4
train,11083,3
train,27475,2
train,40522,9
train,34077,1
train,41651,2
train,24836,2
train,18789,5
train,51014,8
train,39415,3
train,35289,1
train,55627,6
train,30810,2
train,18831,4
train,28867,6
train,24278,3
train,37363,8
train,12173,8
train,45595,8
train,57389,4
train,48725,3
train,36571,1
train,46414,2
train,37375,5
train,37323,0
train,56968,0
train,17620,0
train,38834,4
train,38048,9
train,52416,1
train,2329,5
train,57667,9
train,44805,7
train,53006,8
train,58972,7
train,23061,9
train,5717,3
train,11448,6
train,39262,1
train,8357,6
train,6930,6
train,47846,5
train,48492,6
train,1010,2
train,52407,7
train,44757,7
train,49935,5
train,7558,1
train,17333,3
train,35028,0
train,37913,3
train,46812,0
train,59451,4
train,23882,0
train,49853,0
train,53395,1
train,11750,8
train,19116,3
train,22071,4
train,20269,8
train,8011,4
train,2537,5
train,11467,3
train,18673,5
train,33591,2
train,50069,4
train,35105,9
train,54930,3
train,45796,3
train,5678,5
train,59008,6
train,28929,2
train,45119,9
train,1418,6
train,19374,5
train,4862,8
train,44911,7
train,49496,8
train,56008,3
train,22617,8
train,16869,1
train,2451,4
train,10273,6
train,5943,9
train,23926,0
train,40794,7
train,39461,3
train,25174,3
train,59368,5
train,48744,6
train,12519,5
train,28798,6
train,4592,7
train,14520,4
train,58595,8
train,57910,2
train,50015,8
train,35887,2
train,19976,3
train,7059,7
train,12474,2
train,35038,8
train,13148,2
train,14115,3
train,5277,3
train,44516,7
train,23491,2
train,51485,6
train,43747,3
train,13774,2
train,17281,4
train,33556,1
train,38933,6
train,25472,9
train,48956,1
train,43828,8
train,646,2
train,33181,8
train,18082,9
train,23068,7
train,33811,5
train,26177,9
train,20622,0
train,6504,5
train,32229,1
train,40580,2
train,1884,9
train,44992,9
train,36007,9
train,12191,6
train,43426,1
train,25085,0
train,28698,6
train,47965,2
train,43290,8
train,7344,2
train,32377,9
train,14259,4
train,20062,8
train,18861,9
train,6651,3
train,30863,4
train,31963,1
train,23069,2
train,56591,7
train,6175,3
train,16526,4
train,5272,0
train,21735,0
train,12668,7
train,6825,3
train,21257,6
train,48857,6
train,28735,3
train,47879,7
train,42935,5
train,48840,4
train,47974,9
train,15906,7
train,13069,4
train,1666,8
train,36,6
train,53902,4
train,25775,7
train,42615,8
train,32019,1
train,10648,7
train,12527,3
train,40503,8
train,45682,0
train,17294,5
train,49926,3
train,51518,6
train,26384,6
train,21547,7
train,58119,5
train,22528,7
train,22215,6
train,51340,2
train,59235,8
train,9893,9
train,28120,7
train,21467,8
train,5708,1
train,7617,8
train,52345,2
train,7951,1
train,28016,0
train,25613,4
train,36409,3
train,36036,6
train,51554,1
train,20109,5
train,27964,8
train,35413,4
train,28851,8
train,37773,9
train,38656,5
train,4404,6
train,10448,1
train,43994,2
train,53881,0
train,17472,1
train,20520,2
train,22574,4
train,9454,7
train,53858,7
train,59382,1
train,51438,6
train,43225,6
train,43609,8
train,19189,0
train,41359,8
train,42717,2
train,56615,3
train,40420,2
train,56219,0
train,5842,1
train,55872,4
train,26643,9
train,26865,8
train,59398,3
train,51264,4
train,29813,6
train,25862,7
train,17773,6
train,30791,2
train,29107,5
train,53846,3
train,57460,1
train,26138,8
train,44195,2
train,6090,6
train,18483,4
train,59782,9
train,11837,3
train,39405,5
train,16098,4
train,21135,2
train,57914,3
train,15014,3
train,36027,7
train,31993,1
train,18477,3
train,11907,7
train,10785,2
train,29977,5
train,59343,8
train,57222,1
train,23125,6
train,1073,4
train,29754,4
train,29719,3
train,46473,7
train,28905,6
train,40338,7
train,8294,0
train,11416,9
train,7183,0
train,31472,5
train,49265,1
train,53415,7
train,18826,3
train,56136,3
train,1800,2
train,25356,5
train,40154,5
train,17864,3
train,12102,4
train,36671,3
train,54893,2
train,18962,7
train,9471,2
train,40697,8
train,40268,5
train,50316,5
train,34423,1
train,25485,1
train,24944,6
train,28081,4
train,16773,8
train,57811,0
train,5563,0
train,14658,6
train,24724,2
train,55419,3
train,39282,2
train,5319,0
train,29775,7
train,8612,0
train,15945,3
train,33230,0
train,28405,1
train,39765,5
train,47170,7
train,44175,7
train,54775,1
train,3094,8
train,58862,5
train,6323,4
train,15292,3
train,29291,4
train,10911,7
train,50444,0
train,1049,0
train,14867,5
train,45210,4
train,30610,7
train,5857,5
train,4999,2
train,34658,6
train,6944,2
train,9438,6
train,16948,2
train,56268,4
train,3773,9
train,16153,1
train,11864,5
train,39635,4
train,17315,2
train,42160,6
train,55866,3
train,21271,0
train,36099,8
train,16329,3
train,43854,2
train,22712,2
train,32346,7
train,51931,2
train,27695,4
train,25556,8
train,3210,7
train,17542,6
train,49289,4
train,15331,7
train,12650,5
train,39099,3
train,30451,8
train,56356,7
train,6130,7
train,38565,3
train,14728,8
train,46420,6
train,16138,7
train,58659,0
train,55158,2
train,21908,1
train,36942,2
train,24354,3
train,51407,6
train,28896,0
train,27889,8
train,30075,2
train,11360,1
train,21248,1
train,34128,5
train,12402,6
train,32024,2
train,55252,6
train,7952,9
train,29061,3
train,42752,0
train,45068,7
train,55174,7
train,48265,9
train,17613,4
train,17827,9
train,22252,2
train,6812,4
train,10750,0
train,59322,3
train,54710,4
train,5002,4
train,56052,7
train,46400,2
train,47904,1
train,22064,4
train,40642,6
train,33456,1
train,16676,3
train,22363,5
train,39935,0
train,42121,5
train,5461,0
train,37107,7
train,52317,1
train,11055,5
train,46605,7
train,18540,1
train,29069,1
train,28331,1
train,6581,6
train,53155,8
train,55648,9
train,2533,6
train,90,6
train,50304,9
train,54579,1
train,24936,9
train,41300,7
train,55699,7
train,52198,6
train,26859,0
train,16979,8
train,30739,7
train,19953,9
train,3528,9
train,58501,1
train,24442,3
train,17723,9
train,40763,3
train,7655,3
train,10073,2
train,26830,3
train,32177,9
train,10211,5
train,13237,5
train,27381,8
train,20988,1
train,12099,8
train,43935,2
train,31057,9
train,8593,2
train,5091,4
train,27711,5
train,52274,4
train,8570,4
train,4432,7
train,12420,7
train,6604,8
train,50263,5
train,40319,1
train,21108,9
train,770,6
train,11393,5
train,7998,5
train,57963,0
train,17771,1
train,33151,8
train,863,2
train,14322,8
train,40332,6
train,47271,0
train,37634,4
train,243,7
train,8623,5
train,28505,0
train,13839,3
train,53230,6
train,46790,4
train,36953,0
train,54033,2
train,19154,2
train,40744,1
train,32743,1
train,22795,9
train,28082,7
train,51983,2
train,43537,3
train,13158,7
train,40897,1
train,6561,3
train,42560,5
train,20967,2
train,10439,0
train,34323,2
train,2430,3
train,1760,8
train,33862,9
train,20441,2
train,19289,1
train,54166,9
train,14681,9
train,17039,2
train,45574,4
train,58801,2
train,6910,2
train,44955,0
train,35685,2
train,51769,8
train,5296,8
train,56834,1
train,18587,3
train,2642,0
train,4241,2
train,12251,6
train,59249,0
train,33505,2
train,8229,2
train,38488,0
train,10422,8
train,15509,2
train,50663,9
train,45026,8
train,25761,9
train,18884,8
train,25336,1
train,17994,9
train,33940,0
train,11506,8
train,44090,2
train,14901,2
train,20551,0
train,5610,1
train,45323,9
train,12766,2
train,57919,3
train,42004,7
train,37962,8
train,28236,7
train,41475,5
train,56019,8
train,55195,7
train,31178,3
train,13097,0
train,47482,0
train,58106,7
train,42380,1
train,5544,9
train,22466,1
train,34617,1
train,46739,8
train,50842,1
train,38575,7
train,30252,6
train,54039,9
train,50672,3
train,56538,1
train,38838,7
train,51344,7
train,1918,6
train,21019,1
train,23876,9
train,24849,2
train,5472,7
train,44403,9
train,59557,0
train,16063,5
train,34453,5
train,27829,0
train,6079,2
train,26943,3
train,57371,4
train,14845,8
train,28733,6
train,11565,3
train,34485,7
train,24371,0
train,4587,6
train,41133,8
train,24108,8
train,3505,7
train,11521,2
train,37175,6
train,39124,3
train,39432,8
train,7455,3
train,26475,0
train,29152,2
train,15139,3
train,1575,5
train,49497,0
train,12694,5
train,1063,8
train,7600,3
train,43115,6
train,36865,8
train,47204,5
train,38911,3
train,52981,5
train,52632,8
train,34561,5
train,11847,9
train,33929,6
train,55447,6
train,51832,7
train,26789,1
train,21921,1
train,6338,6
train,51498,5
train,38506,7
train,1824,5
train,6866,7
train,33315,7
train,11392,3
train,644,7
train,58902,4
train,54478,7
train,50908,9
train,16089,2
train,38636,2
train,13517,5
train,11479,6
train,37619,0
train,11071,0
train,4383,8
train,5016,2
train,2700,2
train,43258,0
train,12620,2
train,6509,6
train,11084,2
train,10402,3
train,18212,0
train,55914,3
train,46914,5
train,8561,6
train,7043,3
train,9385,4
train,57196,7
train,33237,0
train,55131,9
train,4113,5
train,16416,8
train,44521,4
train,28678,6
train,43766,5
train,5056,5
train,169,0
train,9070,9
train,4876,7
train,16904,1
train,28550,7
train,43963,0
train,33687,0
train,55397,1
train,2932,1
train,4825,8
train,29079,6
train,4990,6
train,59836,1
train,7934,0
train,27576,5
train,26079,8
train,39875,4
train,10169,1
train,57318,8
train,42885,2
train,3772,6
train,35930,2
train,19032,4
train,37121,6
train,2057,8
train,5665,0
train,22169,2
train,45562,5
train,55809,7
train,49483,6
train,35937,7
train,13676,3
train,23378,0
train,19718,9
train,34432,2
train,37906,9
train,26014,3
train,9617,3
train,48194,4
train,53980,1
train,42572,5
train,39278,6
train,50810,6
train,66,6
train,52355,9
train,13664,4
train,11152,1
train,28619,6
train,56803,0
train,16009,4
train,19546,9
train,17321,4
train,26912,6
train,18046,7
train,42888,1
train,58808,5
train,19313,8
train,27755,3
train,439,8
train,35228,5
train,57603,1
train,183,9
train,4550,2
train,24399,0
train,16189,7
train,13527,2
train,48429,9
train,35983,8
train,51324,8
train,47721,1
train,40699,2
train,28182,8
train,34001,8
train,57803,4
train,5199,8
train,1451,7
train,46399,8
train,25367,9
train,22397,2
train,53656,2
train,52896,5
train,17400,5
train,43422,0
train,35019,9
train,14257,4
train,35247,5
train,41718,8
train,39153,2
train,56253,7
train,22074,6
train,42895,4
train,40045,1
train,36509,1
train,52120,1
train,28171,3
train,55483,6
train,12898,5
train,3132,1
train,38224,7
train,7577,6
train,43378,7
train,26335,1
train,7430,9
train,34329,1
train,52650,5
train,58637,9
train,42578,1
train,46008,9
train,49434,2
train,12433,6
train,54535,3
train,31433,4
train,18620,2
train,36883,5
train,22189,4
train,15943,4
train,55598,4
train,34146,4
train,26595,2
train,26655,5
train,2175,8
train,3118,5
train,54833,0
train,55453,5
train,34503,7
train,52913,8
train,32794,3
train,36620,0
train,26474,8
train,8723,0
train,38343,4
train,15076,3
train,32443,9
train,46650,8
train,50636,4
train,53107,3
train,45633,6
train,57976,2
train,39203,2
train,29274,1
train,28536,3
train,43432,5
train,39320,6
train,17607,1
train,26526,3
train,41126,0
train,33048,1
train,46783,2
train,54767,3
train,14505,7
train,19939,2
train,2394,8
train,42410,7
train,27684,1
train,16980,5
train,50618,6
train,35449,0
train,13656,3
train,21588,5
train,24033,4
train,32254,5
train,6818,7
train,48496,4
train,23277,0
train,54999,0
train,49288,3
train,20568,2
train,18810,7
train,49420,1
train,57278,3
train,48274,0
train,44308,8
train,54936,4
train,11940,8
train,51656,8
train,59484,7
train,3923,3
train,3652,4
train,56170,8
train,27509,1
train,23507,7
train,17235,9
train,32344,5
train,11751,8
train,5904,5
train,2763,9
train,17195,9
train,52004,6
train,44666,6
train,40340,0
train,40832,2
train,12571,7
train,23456,8
train,18398,4
train,22206,3
train,54986,8
train,11562,0
train,43975,2
train,44736,5
train,49960,6
train,6227,0
train,28560,2
train,35523,9
train,58223,0
train,44644,6
train,24602,2
train,33705,1
train,13908,4
train,19498,4
train,56543,7
train,38823,1
train,10389,3
train,58095,7
train,17707,9
train,31607,8
train,21300,9
train,45366,1
train,50024,0
train,10568,1
train,30276,4
train,39764,8
train,34242,5
train,13499,9
train,57840,4
train,33787,4
train,11209,4
train,5635,1
train,15865,1
train,18594,5
train,52703,4
train,24466,1
train,50186,9
train,7471,0
train,45687,3
train,58738,0
train,44250,6
train,36717,2
train,5095,2
train,15118,5
train,20550,2
train,14223,3
train,53062,4
train,6061,9
train,27112,9
train,59947,5
train,11615,0
train,10553,6
train,28610,4
train,3362,2
train,13064,7
train,17488,1
train,19185,9
train,56403,2
train,46116,2
train,57906,1
train,58396,0
train,26964,7
train,40106,8
train,45211,5
train,2414,5
train,6441,0
train,35017,8
train,42709,9
train,42091,0
train,57830,1
train,49914,2
train,33022,3
train,50181,3
train,35287,5
train,37187,2
train,15905,2
train,34143,3
train,43463,0
train,15442,0
train,46689,3
train,4495,5
train,18689,8
train,29889,3
train,42636,3
train,28927,9
train,35193,8
train,19395,9
train,25521,5
train,56134,3
train,30777,8
train,17574,3
train,56505,8
train,36997,1
train,15567,0
train,37498,9
train,5697,0
train,34031,9
train,38774,1
train,36485,2
train,18206,2
train,55015,8
train,3880,2
train,6677,8
train,45743,1
train,10792,6
train,19169,3
train,52856,6
train,29072,9
train,55899,2
train,29673,1
train,15933,1
train,26590,5
train,14111,7
train,5794,9
train,56443,9
train,28167,1
train,4964,7
train,27984,7
train,10291,2
train,45193,0
train,31589,7
train,40689,8
train,26024,5
train,59690,4
train,19096,1
train,38975,1
train,51950,5
train,59472,0
train,47099,8
train,9975,1
train,2878,1
train,41824,1
train,41707,7
train,41563,9
train,48329,8
train,22144,0
train,45534,5
train,4653,0
train,51328,4
train,56354,7
train,41313,7
train,40473,5
train,49503,5
train,47681,1
train,46447,2
train,4630,9
train,35207,5
train,17532,7
train,28634,7
train,45843,3
train,41001,5
train,50638,0
train,51325,4
train,55867,6
train,30501,7
train,43918,9
train,21437,7
train,53596,4
train,38739,5
train,56989,0
train,32996,5
train,12557,8
train,25211,7
train,50802,2
train,24196,3
train,48308,7
train,40084,2
train,1114,7
train,9256,1
train,32849,7
train,2209,5
train,33086,1
train,16941,0
train,27177,8
train,21475,8
train,59177,2
train,1441,9
train,59237,6
train,58995,1
train,12005,6
train,38017,7
train,22934,8
train,45407,3
train,51784,1
train,59769,3
train,17388,7
train,13146,3
train,45939,0
train,19471,6
train,28699,8
train,23417,1
train,59532,9
train,1649,2
train,28765,9
train,3532,1
train,41722,4
train,49486,2
train,52378,3
train,8243,4
train,33769,1
train,38153,9
train,12681,1
train,31120,9
train,50965,8
train,49605,2
train,46887,2
train,12886,8
train,52502,6
train,38298,5
train,19794,4
train,48784,2
train,33226,9
train,18154,6
train,4737,4
train,15730,1
train,12514,2
train,32728,7
train,42084,0
train,37677,0
train,57469,9
train,12274,3
train,13507,4
train,2696,9
train,34548,3
train,34975,9
train,10409,1
train,53059,9
train,33919,6
train,9388,4
train,37755,8
train,44080,7
train,27407,0
train,52249,7
train,50904,5
train,8354,0
train,9113,6
train,4090,6
train,15794,5
train,35472,4
train,16788,6
train,54080,0
train,7228,8
train,5084,6
train,49239,7
train,35005,8
train,21963,5
train,20733,6
train,26811,7
train,41310,7
train,8040,1
train,47552,0
train,59074,1
train,17366,5
train,46230,4
train,43618,7
train,25692,8
train,6525,7
train,43049,6
train,20319,1
train,8683,6
train,21505,3
train,38722,0
train,51541,2
train,43075,7
train,37087,4
train,9521,8
train,9445,7
train,34796,1
train,9717,0
train,23980,0
train,45575,9
train,31175,6
train,46900,3
train,10391,4
train,29280,8
train,31071,6
train,59012,0
train,29162,8
train,33454,6
train,31466,0
train,5269,7
train,3082,8
train,37026,9
train,41348,2
train,33572,6
train,1976,4
train,52113,7
train,37765,3
train,38507,3
train,58415,6
train,48396,3
train,49987,0
train,11664,7
train,55564,4
train,8983,2
train,28271,5
train,34580,0
train,12117,3
train,54543,1
train,42090,9
train,29841,9
train,55865,5
train,50814,2
train,25508,5
train,13060,5
train,24240,8
train,15059,4
train,49534,1
train,17743,8
train,4822,4
train,26982,7
train,36598,8
train,14791,8
train,13847,7
train,35082,5
train,39508,6
train,47182,7
train,32086,0
train,55925,4
train,18118,9
train,58550,3
train,7028,7
train,31063,2
train,47541,4
train,12093,2
train,643,3
train,6400,0
train,22467,7
train,49580,2
train,30155,7
train,38934,5
train,49259,8
train,17567,5
train,55117,7
train,26374,7
train,7883,4
train,9144,6
train,53323,2
train,47421,8
train,37397,3
train,41818,4
train,33636,8
train,4996,3
train,22698,6
train,27202,1
train,43310,9
train,2392,4
train,16048,4
train,1478,2
train,40856,8
train,26015,4
train,7407,9
train,17448,2
train,15960,6
train,23161,8
train,46732,6
train,17682,9
train,6237,5
train,30867,8
train,38339,2
train,28632,7
train,3695,5
train,3420,8
train,59430,5
train,43556,0
train,31733,9
train,58232,8
train,14944,0
train,49400,8
train,9832,8
train,54879,3
train,45419,3
train,7543,6
train,53160,1
train,42096,8
train,31830,0
train,59774,7
train,29741,2
train,7787,2
train,43434,2
train,45300,6
train,20000,5
train,53285,8
train,42339,1
train,28026,3
train,52270,9
train,16302,4
train,32110,8
train,39862,2
train,13596,9
train,3987,9
train,42999,1
train,40572,3
train,25324,1
train,43069,8
train,31507,8
train,59540,6
train,22799,9
train,15605,2
train,21343,0
train,8111,9
train,28641,7
train,16964,8
train,3590,0
train,8927,5
train,18026,4
train,43086,9
train,9155,8
train,58792,9
train,50144,9
train,45166,5
train,34280,9
train,14024,2
train,14262,3
train,43395,4
train,9055,0
train,55822,0
train,9015,6
train,57372,7
train,58409,2
train,27763,3
train,6654,1
train,36643,7
train,26464,5
train,3417,4
train,32185,7
train,55517,7
train,46335,1
train,13043,2
train,31540,8
train,6763,0
train,10726,8
train,37869,1
train,12394,1
train,49837,1
train,17675,8
train,26301,6
train,8237,7
train,44590,7
train,5971,5
train,25813,5
train,34607,3
train,13017,8
train,15797,6
train,43390,7
train,39073,9
train,53587,1
train,51380,5
train,23467,9
train,33345,0
train,20450,9
train,20032,7
train,48967,8
train,21596,3
train,50077,8
train,31973,2
train,59093,2
train,51211,3
train,21293,7
train,57399,3
train,19282,1
train,58860,8
train,20883,7
train,38735,3
train,53908,1
train,12570,9
train,36806,7
train,413,4
train,37147,7
train,49494,3
train,3811,1
train,9204,0
train,40962,3
train,44179,6
train,56365,1
train,53990,4
train,49599,9
train,15110,5
train,20316,9
train,49828,6
train,52475,7
train,836,5
train,34304,8
train,37364,5
train,24978,0
train,42575,8
train,25548,2
train,38097,1
train,381,2
train,39360,0
train,26178,0
train,38145,3
train,59082,7
train,10304,6
train,13083,8
train,15083,2
train,35054,9
train,18979,7
train,35420,5
train,46456,4
train,57649,2
train,23510,8
train,9375,4
train,25573,3
train,2991,8
train,19607,5
train,48611,1
train,16828,8
train,32131,0
train,30357,7
train,54473,4
train,19342,3
train,26862,5
train,35743,5
train,33317,4
train,39247,9
train,28186,0
train,36440,0
train,1732,9
train,7210,7
train,23693,1
train,11289,6
train,25570,2
train,16363,0
train,177,1
train,19337,3
train,59611,7
train,3268,6
train,22367,4
train,55166,6
train,53220,6
train,35131,6
train,39683,0
train,25466,5
train,57052,9
train,12916,2
train,31000,6
train,40844,0
train,51593,4
train,32892,1
train,13917,8
train,43732,4
train,30191,2
train,32429,9
train,53749,3
train,36108,1
train,55758,3
train,45996,1
train,16989,2
train,53953,8
train,31588,6
train,30974,3
train,57454,1
train,21331,6
train,15235,9
train,28023,8
train,46727,2
train,53190,9
train,19346,1
train,23874,5
train,2772,4
train,47991,1
train,24498,8
train,54612,8
train,42251,3
train,41758,8
train,11942,8
train,29514,1
train,41918,9
train,32314,3
train,43813,1
train,23658,4
train,59172,7
train,56180,8
train,34990,1
train,50941,6
train,13317,3
train,12340,6
train,30080,0
train,27948,4
train,6649,2
train,31923,9
train,4421,7
train,43969,7
train,2370,9
train,43551,9
train,56683,1
train,29518,1
train,31847,8
train,15433,9
train,52145,6
train,21236,7
train,32306,1
train,27532,7
train,30082,5
train,51302,8
train,13410,7
train,43094,9
train,46922,4
train,12954,2
train,37733,7
train,30751,0
train,48076,3
train,7549,6
train,56660,1
train,18067,5
train,35896,0
train,11758,0
train,12270,6
train,17625,0
train,15504,0
train,4427,2
train,50761,6
train,15468,7
train,38647,9
train,49604,5
train,29646,2
train,30607,1
train,34978,8
train,24834,1
train,33009,3
train,8710,3
train,42214,9
train,52809,0
train,46959,8
train,6399,5
train,32779,2
train,36431,0
train,15997,7
train,28422,9
train,6312,4
train,58979,9
train,46657,8
train,14793,4
train,49645,3
train,15085,5
train,14580,9
train,45824,9
train,16481,9
train,10040,1
train,44682,1
train,14004,7
train,28888,0
train,15590,0
train,17768,8
train,47135,0
train,11205,1
train,461,4
train,48156,6
train,35181,6
train,40357,7
train,41434,9
train,26857,5
train,50783,7
train,5324,4
train,7291,6
train,50357,0
train,55201,9
train,13010,6
train,39518,2
train,4910,6
train,24183,1
train,43164,6
train,20200,5
train,49681,1
train,39723,4
train,16778,9
train,36985,6
train,16611,8
train,59362,9
train,32788,5
train,37792,3
train,32182,4
train,26275,9
train,55085,4
train,47646,5
train,11640,7
train,36530,7
train,22205,5
train,5489,5
train,3913,9
train,2232,3
train,29912,5
train,24752,2
train,32582,5
train,33104,7
train,58597,1
train,44923,5
train,52027,3
train,59123,8
train,9478,0
train,24051,8
train,48877,2
train,39905,1
train,31988,3
train,58502,2
train,41030,0
train,14911,7
train,36748,7
train,989,2
train,25313,4
train,9085,1
train,17990,8
train,28212,2
train,32585,5
train,55464,9
train,13437,9
train,16378,6
train,29133,1
train,27072,8
train,51838,4
train,26019,6
train,3606,3
train,9424,3
train,9092,2
train,44967,1
train,21557,2
train,44312,3
train,30011,3
train,46107,1
train,54798,3
train,17602,8
train,27544,0
train,48470,4
train,56951,4
train,41650,7
train,7662,6
train,20685,3
train,36590,6
train,27373,7
train,3511,9
train,38186,7
train,15278,2
train,8021,0
train,5911,3
train,346,9
train,18830,1
train,25188,4
train,42707,3
train,33,9
train,47955,5
train,44816,5
train,40120,2
train,41527,7
train,30682,4
train,8073,9
train,21701,7
train,32599,7
train,47390,9
train,3642,2
train,23045,1
train,53186,8
train,15156,0
train,23795,1
train,30525,8
train,20807,8
train,57554,6
train,41299,3
train,31241,2
train,35025,8
train,40552,4
train,35214,5
train,35933,5
train,2226,6
train,30674,7
train,6860,2
train,12522,8
train,57047,9
train,59047,4
train,51796,9
train,4548,7
train,56832,7
train,5242,7
train,43525,8
train,16366,3
train,31668,4
train,36562,0
train,58493,1
train,59336,0
train,27715,4
train,3127,6
train,40061,7
train,51202,4
train,4624,0
train,34004,1
train,45402,0
train,26244,8
train,35754,7
train,50550,1
train,53763,7
train,14043,2
train,35318,6
train,14915,9
train,55473,9
train,18322,7
train,52500,9
train,11317,1
train,48032,6
train,35173,3
train,51953,6
train,21028,0
train,53296,5
train,30740,3
train,51904,8
train,49896,3
train,22123,8
train,35064,0
train,28244,1
train,22919,8
train,45627,1
train,59624,3
train,24554,6
train,47928,1
train,35820,1
train,2305,2
train,2846,2
train,20005,6
train,46065,9
train,10470,3
train,52537,1
train,38415,1
train,58615,8
train,13227,1
train,32226,8
train,43723,7
train,32584,7
train,12341,5
train,17719,7
train,45832,2
train,38442,8
train,55063,9
train,2410,1
train,10027,1
train,48051,6
train,12428,7
train,54352,8
train,29888,7
train,19616,9
train,50517,4
train,16033,2
train,50111,5
train,19889,8
train,4807,1
train,30399,5
train,38034,7
train,2807,1
train,3504,4
train,56143,4
train,1843,3
train,55830,0
train,57205,2
train,24650,5
train,31062,7
train,1965,5
train,2476,8
train,33133,2
train,32969,6
train,22393,5
train,25250,8
train,32192,3
train,49321,3
train,49452,2
train,35426,6
train,55606,8
train,26302,9
train,19569,2
train,48643,2
train,37583,7
train,22834,6
train,17980,6
train,6099,2
train,39466,6
train,21671,5
train,26220,9
train,20628,5
train,26167,1
train,33072,8
train,37021,3
train,6162,9
train,37016,5
train,54644,7
train,20938,8
train,43477,2
train,42279,1
train,21418,6
train,39303,4
train,46676,6
train,34395,7
train,17759,1
train,9708,9
train,16367,1
train,6432,7
train,425,3
train,5450,4
train,42713,1
train,22009,6
train,23186,6
train,35798,1
train,23257,9
train,47769,5
train,18012,8
train,17965,1
train,47546,8
train,25750,0
train,48852,7
train,30659,7
train,55232,1
train,58006,9
train,42215,3
train,41889,6
train,15541,9
train,15100,4
train,3029,8
train,40296,8
train,8411,2
train,51637,4
train,46073,5
train,997,0
train,2034,4
train,24351,7
train,37079,0
train,48483,2
train,8463,7
train,13860,6
train,47831,8
train,45654,9
train,14435,5
train,34824,9
train,19308,0
train,43820,5
train,43642,2
train,51473,5
train,12455,8
train,36151,4
train,4773,0
train,28456,0
train,47924,2
train,48204,8
train,37392,4
train,19696,9
train,35365,8
train,15079,9
train,30059,4
train,20502,2
train,2752,7
train,31358,9
train,50285,9
train,39907,3
train,54234,4
train,19360,0
train,44561,1
train,24348,0
train,20273,7
train,25756,7
train,46010,0
train,33935,1
train,27064,1
train,58920,9
train,26411,5
train,42805,2
train,40109,3
train,21288,1
train,33295,1
train,9419,5
train,33128,7
train,21036,6
train,27608,8
train,2815,9
train,27820,0
train,56006,3
train,21285,3
train,51584,9
train,19731,1
train,44508,5
train,18257,7
train,52747,3
train,57025,5
train,24743,7
train,26546,4
train,6757,0
train,18978,2
train,58880,8
train,3113,1
train,28810,6
train,14950,9
train,14232,6
train,53639,2
train,50208,0
train,39230,5
train,36030,1
train,32097,0
train,31734,5
train,58754,0
train,36426,1
train,7266,2
train,29721,4
train,4963,6
train,20464,4
train,42558,6
train,24529,0
train,43418,0
train,50776,6
train,14351,4
train,34390,3
train,10988,2
train,10696,3
train,41511,4
train,43412,5
train,43108,7
train,44437,8
train,25230,1
train,43759,3
train,36106,1
train,14196,1
train,38832,8
train,33071,5
train,7999,4
train,18591,5
train,36908,1
train,21441,2
train,58826,7
train,52633,7
train,48640,2
train,30460,8
train,22317,0
train,52318,0
train,54235,0
train,25727,7
train,19585,5
train,15410,7
train,49508,5
train,44419,4
train,50505,8
train,15859,7
train,46225,1
train,45457,7
train,35974,2
train,15058,4
train,28886,5
train,47246,2
train,51462,3
train,30464,4
train,16804,9
train,38633,6
train,53654,4
train,54863,7
train,14079,1
train,37523,6
train,11409,0
train,58179,9
train,16540,0
train,50542,0
train,58252,3
train,8487,9
train,4239,0
train,15538,5
train,29182,3
train,54743,9
train,15847,3
train,22045,1
train,9799,8
train,40010,6
train,15046,0
train,3105,2
train,40002,0
train,39895,9
train,32334,1
train,53564,4
train,57448,2
train,10773,0
train,15759,0
train,14747,6
train,31946,5
train,48895,0
train,49656,9
train,42815,9
train,30628,1
train,34381,0
train,33043,0
train,36264,1
train,40934,4
train,20071,2
train,59593,8
train,4217,7
train,37400,9
train,51294,7
train,1930,0
train,29732,0
train,1704,4
train,49965,6
train,58503,3
train,6582,8
train,55705,3
train,5430,8
train,10933,1
train,52021,0
train,29630,6
train,48201,7
train,49727,2
train,15147,7
train,40348,1
train,29899,3
train,45976,8
train,17397,6
train,31639,0
train,27073,2
train,5173,3
train,57182,5
train,15975,5
train,54383,6
train,53806,8
train,340,7
train,25095,7
train,35640,3
train,37667,6
train,9411,3
train,4093,9
train,14495,8
train,19043,8
train,35187,5
train,13612,2
train,13723,8
train,56958,4
train,2610,8
train,44317,1
train,17715,3
train,37468,3
train,39196,1
train,1153,7
train,25766,8
train,38439,5
train,55242,0
train,37535,6
train,19110,3
train,49652,5
train,47314,5
train,34696,8
train,5667,1
train,56177,6
train,41304,8
train,13246,6
train,41776,3
train,33595,6
train,3604,1
train,41671,4
train,55006,0
train,26675,5
train,13851,9
train,23113,0
train,21788,2
train,45525,9
train,2225,1
train,47201,8
train,41024,7
train,8480,2
train,19903,2
train,2127,3
train,38915,6
train,10550,6
train,18641,0
train,53418,7
train,7901,6
train,19161,4
train,32039,5
train,22540,9
train,32269,2
train,26470,6
train,21280,8
train,47896,8
train,50020,9
train,29500,2
train,33833,4
train,31400,9
train,45518,7
train,26957,7
train,39168,2
train,27229,2
train,7029,2
train,57676,7
train,15680,2
train,50221,2
train,31977,4
train,4399,9
train,55782,2
train,32840,5
train,31773,2
train,12379,8
train,51227,5
train,29991,3
train,19434,7
train,14039,0
train,43565,9
train,29124,9
train,43921,8
train,50014,4
train,54801,4
train,36576,8
train,9443,3
train,44799,3
train,59719,9
train,40651,1
train,5178,7
train,5012,1
train,54716,1
train,37466,9
train,52463,7
train,45715,7
train,17653,2
train,40192,8
train,34465,4
train,53094,7
train,10159,4
train,22922,2
train,13153,9
train,26007,0
train,55478,1
train,24382,7
train,39826,7
train,15838,1
train,9850,2
train,37577,6
train,3553,2
train,8311,6
train,42733,7
train,46045,6
train,52429,0
train,31789,2
train,56787,7
train,38327,6
train,43504,8
train,23619,9
train,52926,7
train,23677,2
train,17190,9
train,57043,4
train,8887,4
train,38037,3
train,8577,6
train,10329,3
train,38719,5
train,41681,9
train,27059,7
train,44466,4
train,32475,2
train,22008,0
train,42770,4
train,39789,0
train,2110,1
train,9714,4
train,10488,0
train,11135,1
train,43992,9
train,42617,8
train,32359,7
train,10514,2
train,46943,6
train,28034,4
train,4195,4
train,8235,4
train,52350,3
train,28135,2
train,58982,0
train,54657,4
train,35194,9
train,6618,8
train,45,9
train,35551,4
train,16474,0
train,22801,5
train,28923,0
train,57135,4
train,27870,3
train,50369,3
train,59394,3
train,49451,9
train,47478,8
train,58235,2
train,34694,9
train,57131,3
train,38269,7
train,27225,7
train,25823,0
train,17456,8
train,32943,5
train,31493,2
train,18700,9
train,5731,1
train,7114,5
train,49202,5
train,58126,2
train,42167,4
train,40974,1
train,35377,6
train,14243,7
train,3661,0
train,47776,1
train,7123,3
train,4826,9
train,33623,1
train,21558,5
train,26975,3
train,30411,3
train,19761,6
train,25042,1
train,42328,2
train,18279,4
train,8547,9
train,33028,3
train,10974,0
train,8076,6
train,12647,1
train,44331,6
train,31238,1
train,11260,5
train,39190,7
train,56845,6
train,11439,1
train,39546,1
train,19526,1
train,19520,4
train,58222,9
train,59354,1
train,15972,9
train,12165,7
train,18475,9
train,53046,5
train,16254,1
train,6985,1
train,6479,9
train,12716,0
train,55181,4
train,26185,9
train,3314,3
train,39243,0
train,18116,1
train,23582,8
train,14133,1
train,9042,6
train,17043,1
train,26873,5
train,36708,8
train,14631,1
train,26586,9
train,50515,9
train,27170,0
train,26798,4
train,26680,5
train,19208,6
train,876,8
train,11385,9
train,26205,1
train,28556,4
train,55427,4
train,54567,4
train,20164,9
train,4765,6
train,14596,2
train,41446,1
train,25325,0
train,25938,4
train,40366,2
train,39373,8
train,32519,5
train,52484,7
train,39024,4
train,54417,1
train,41958,7
train,34886,9
train,29583,6
train,54158,4
train,56467,2
train,13179,2
train,59046,3
train,55443,2
train,14331,9
train,56991,1
train,18957,6
train,59819,2
train,41073,1
train,27011,1
train,28487,4
train,44562,7
train,34103,9
train,27361,9
train,36301,3
train,10012,8
train,8123,7
train,54946,1
train,36382,1
train,10555,1
train,18297,4
train,46538,6
train,57617,8
train,42305,6
train,17485,0
train,12120,9
train,21685,3
train,47452,0
train,18069,3
train,12353,8
train,38876,6
train,45445,9
train,48191,2
train,51527,9
train,26261,0
train,27480,3
train,48626,3
train,13300,5
train,26060,9
train,28266,2
train,29717,2
train,962,7
train,48597,9
train,48551,3
train,4261,8
train,11871,6
train,3498,7
train,35209,0
train,27745,5
train,1246,2
train,51571,3
train,30432,7
train,634,7
train,13105,3
train,17734,3
train,12399,1
train,21507,2
train,19333,3
train,10310,4
train,53951,9
train,17046,2
train,38215,7
train,14891,7
train,35531,3
train,11103,9
train,47941,7
train,8910,7
train,54797,3
train,32906,7
train,15121,1
train,33737,7
train,47366,5
train,21381,3
train,28924,5
train,7247,0
train,854,2
train,44671,3
train,52225,2
train,29987,6
train,46126,3
train,6819,0
train,52013,7
train,44791,4
train,49125,7
train,57057,1
train,8167,7
train,32116,8
train,41856,0
train,18401,9
train,28609,1
train,589,9
train,54818,7
train,25320,8
train,3647,2
train,27880,2
train,45728,0
train,13391,7
train,4551,7
train,42797,0
train,886,5
train,35257,1
train,40977,9
train,13052,4
train,7179,6
train,55418,4
train,21013,5
train,24525,0
train,20280,7
train,47886,8
train,11419,4
train,58700,3
train,25777,6
train,25446,9
train,14683,4
train,17710,3
train,45460,6
train,31250,1
train,21204,5
train,42292,7
train,39835,7
train,820,7
train,49093,7
train,42172,6
train,42213,4
train,52649,2
train,9551,7
train,606,4
train,57502,7
train,54177,1
train,37833,7
train,35485,0
train,41124,8
train,7323,5
train,49277,7
train,41246,6
train,52680,7
train,27709,7
train,37360,2
train,14255,3
train,34047,7
train,13563,9
train,36666,9
train,23368,8
train,40922,0
train,6295,9
train,3273,8
train,58735,9
train,14416,6
train,13693,2
train,27452,5
train,14694,2
train,59692,1
train,53114,5
train,22965,8
train,38531,4
train,40207,5
train,24903,5
train,21022,4
train,52683,5
train,45639,8
train,38027,1
train,4661,7
train,7467,2
train,9347,9
train,25787,2
train,47419,0
train,18094,6
train,26606,6
train,27446,0
train,27088,4
train,9611,8
train,30635,8
train,6154,4
train,1768,6
train,1433,5
train,34554,8
train,46754,4
train,23943,0
train,12636,6
train,40386,7
train,42543,5
train,35496,1
train,54040,8
train,39494,0
train,28267,5
train,19275,8
train,21954,0
train,55800,5
train,22797,7
train,13818,2
train,58673,1
train,37882,1
train,32148,2
train,5815,2
train,45115,0
train,27524,8
train,25684,6
train,40116,4
train,46237,8
train,2281,5
train,28116,5
train,32368,9
train,57380,7
train,28293,2
train,12523,6
train,51758,0
train,9705,1
train,39291,8
train,49163,9
train,7735,5
train,9045,1
train,39399,7
train,58775,2
train,20902,3
train,49590,7
train,1705,4
train,36134,7
train,45184,4
train,605,4
train,4835,2
train,45572,1
train,56328,1
train,14540,7
train,5522,9
train,56771,8
train,53033,2
train,45270,8
train,32944,3
train,4780,4
train,725,8
train,2153,6
train,27555,4
train,21604,5
train,28612,0
train,25518,0
train,9573,4
train,52395,1
train,28672,2
train,4455,0
train,6046,7
train,3364,6
train,25568,8
train,43704,1
train,38578,6
train,55504,2
train,25734,1
train,14007,2
train,14836,2
train,52493,8
train,35343,0
train,18054,4
train,39275,7
train,52795,9
train,41921,4
train,12847,1
train,12505,4
train,29161,9
train,17848,9
train,19876,2
train,45157,6
train,12407,1
train,14567,3
train,30024,6
train,18916,9
train,35717,0
train,41283,3
train,47372,0
train,47785,1
train,10539,9
train,825,0
train,5469,0
train,26263,1
train,30627,9
train,21073,2
train,2645,1
train,40650,6
train,25674,8
train,21402,1
train,36052,7
train,21070,1
train,20314,3
train,41509,5
train,58594,0
train,1212,4
train,18077,2
train,965,0
train,39493,5
train,25661,8
train,26219,0
train,1167,9
train,25964,7
train,43147,9
train,845,5
train,42015,1
train,37981,0
train,7296,4
train,21198,5
train,43730,3
train,36772,6
train,17265,2
train,40022,8
train,11491,2
train,21421,8
train,52469,8
train,51250,1
train,13687,9
train,30735,9
train,54218,7
train,33305,6
train,28153,1
train,57418,1
train,43353,3
train,30747,3
train,10401,5
train,41376,0
train,37562,4
train,49948,3
train,37224,0
train,54692,1
train,36587,9
train,39081,3
train,58513,3
train,5112,8
train,32411,1
train,48665,2
train,26330,2
train,50245,9
train,2361,4
train,47612,2
train,15860,9
train,7106,3
train,5675,1
train,23970,1
train,11972,6
train,45393,5
train,22058,3
train,38174,3
train,53403,0
train,59391,1
train,44875,8
train,41787,9
train,53496,9
train,3123,6
train,9954,7
train,41771,9
train,24684,9
train,40063,9
train,27757,6
train,38352,6
train,55620,8
train,58412,3
train,55654,4
train,21047,9
train,8631,2
train,31061,1
train,40538,6
train,13622,6
train,37665,7
train,34207,7
train,19482,1
train,13112,1
train,58286,1
train,42871,0
train,39931,1
train,35441,9
train,18377,9
train,42916,2
train,28015,1
train,44269,1
train,245,8
train,7,3
train,45101,5
train,46088,6
train,9258,2
train,3380,1
train,34920,9
train,10916,0
train,3660,2
train,25765,5
train,21673,3
train,39027,5
train,16565,1
train,9366,5
train,2277,4
train,16950,1
train,46204,1
train,59907,6
train,389,9
train,40102,9
train,42180,0
train,36171,4
train,51925,0
train,2854,0
train,55042,5
train,56130,6
train,5620,5
train,43663,9
train,22180,5
train,25155,7
train,31637,5
train,17460,3
train,6084,9
train,27828,3
train,43682,6
train,29476,3
train,17125,1
train,36514,5
train,16099,7
train,33593,2
train,45541,1
train,16816,9
train,43733,5
train,34180,3
train,6882,7
train,5396,3
train,57565,6
train,5145,6
train,21541,4
train,27818,5
train,11530,6
train,36624,2
train,36137,8
train,24252,5
train,47883,2
train,20463,0
train,46410,0
train,33225,3
train,8526,6
train,59899,9
train,25222,3
train,43493,7
train,37058,1
train,23657,3
train,29057,1
train,18517,6
train,21208,3
train,24073,8
train,30756,9
train,36649,1
train,49991,5
train,40303,0
train,26932,2
train,742,4
train,32718,1
train,50105,2
train,21043,7
train,464,0
train,45721,0
train,59102,1
train,56041,9
train,15978,6
train,54018,6
train,31812,7
train,13955,0
train,19090,1
train,30654,8
train,31644,5
train,22155,3
train,23521,0
train,43891,9
train,22923,8
train,45664,6
train,58184,4
train,34024,6
train,25173,4
train,35156,3
train,14869,6
train,13700,1
train,43475,3
train,31501,4
train,57779,4
train,57761,1
train,43517,3
train,4671,9
train,57078,7
train,14095,7
train,15735,4
train,45050,8
train,25114,4
train,4925,7
train,22333,6
train,24089,2
train,37093,7
train,41880,0
train,55716,1
train,22294,0
train,22222,1
train,50935,3
train,44919,1
train,17431,2
train,15944,9
train,52978,0
train,29517,1
train,59298,2
train,28511,8
train,47375,2
train,30808,9
train,37739,0
train,16456,2
train,25243,0
train,46247,3
train,31875,5
train,731,3
train,33728,6
train,17483,7
train,56347,0
train,7071,9
train,34284,6
train,48052,6
train,24001,5
train,6091,7
train,57657,9
train,52007,4
train,53522,2
train,56445,4
train,15334,6
train,12614,9
train,34814,8
train,14539,4
train,42126,2
train,33006,6
train,12883,1
train,5937,9
train,17860,9
train,41914,1
train,38031,9
train,38910,9
train,37284,3
train,58885,7
train,49559,1
train,49366,8
train,91,7
train,55069,2
train,41821,2
train,7777,8
train,44784,2
train,8458,4
train,59844,8
train,43617,2
train,36071,1
train,11645,3
train,15934,0
train,54320,0
train,45530,7
train,25961,1
train,57981,2
train,6201,6
train,40180,0
train,32014,4
train,29589,8
train,24807,0
train,23245,1
train,24143,1
train,46814,9
train,5492,9
train,19474,3
train,10319,8
train,34067,4
train,20543,6
train,31420,1
train,4555,9
train,56382,7
train,13691,7
train,30652,7
train,37335,0
train,52044,8
train,38290,6
train,14463,1
train,56943,6
train,42182,1
train,59691,3
train,36501,1
train,43867,5
train,24639,7
train,27674,6
train,21707,5
train,16273,6
train,22033,5
train,53565,9
train,59604,9
train,38965,1
train,50279,5
train,49952,0
train,33231,1
train,7517,4
train,13866,8
train,30523,8
train,51814,4
train,8022,5
train,27128,9
train,57654,2
train,20272,6
train,14892,1
train,3677,0
train,33555,5
train,31119,8
train,49742,7
train,44526,7
train,11226,6
train,40807,7
train,3150,3
train,34236,8
train,241,6
train,30453,9
train,14001,1
train,59688,1
train,43691,5
train,44472,7
train,30269,4
train,11593,9
train,52561,5
train,43457,6
train,31156,7
train,38974,1
train,32470,7
train,53819,2
train,2717,1
train,10794,9
train,37668,2
train,51581,9
train,45955,1
train,34544,9
train,58764,4
train,48108,7
train,53040,1
train,2162,1
train,47794,6
train,26689,2
train,18028,0
train,1143,2
train,3671,6
train,10562,1
train,14602,4
train,34303,4
train,27368,9
train,11444,8
train,20182,4
train,5407,7
train,32224,1
train,10920,2
train,6259,7
train,37887,9
train,2987,8
train,41884,1
train,46550,4
train,29083,1
train,29185,3
train,26107,6
train,56961,2
train,23950,9
train,58589,7
train,9486,6
train,38452,8
train,44278,0
train,32979,1
train,31599,8
train,46148,9
train,40244,6
train,625,5
train,12563,9
train,9230,3
train,31388,2
train,51620,6
train,23041,2
train,44776,9
train,27586,4
train,33523,4
train,36458,3
train,21829,1
train,19898,1
train,3723,1
train,35143,3
train,3370,4
train,15267,8
train,55539,9
train,8666,8
train,58604,5
train,3476,8
train,21853,3
train,22766,4
train,17345,8
train,56954,0
train,4083,8
train,45139,5
train,32921,1
train,16955,8
train,49951,2
train,10394,7
train,52050,8
train,53273,1
train,45550,4
train,6751,9
train,538,1
train,7410,1
train,50445,9
train,58926,1
train,40423,1
train,57083,7
train,43512,9
train,22945,2
train,56658,5
train,20258,4
train,52519,4
train,54078,2
train,56081,1
train,3527,5
train,20322,1
train,40890,9
train,30665,0
train,50703,9
train,35679,2
train,54635,3
train,37177,6
train,3441,0
train,19525,7
train,50501,1
train,8124,1
train,7945,7
train,25239,9
train,14624,3
train,25365,8
train,25096,5
train,6135,1
train,4360,6
train,5818,7
train,47433,5
train,41023,5
train,56585,3
train,6857,0
train,19624,6
train,42904,6
train,45240,1
train,1769,0
train,58200,3
train,56699,4
train,13708,5
train,13962,0
train,49411,2
train,49516,7
train,24295,4
train,12837,0
train,59426,5
train,59211,9
train,55448,7
train,56975,3
train,47925,3
train,3459,4
train,45175,5
train,46308,9
train,9017,1
train,31877,0
train,48133,6
train,40125,5
train,26604,1
train,1041,6
train,52963,1
train,26851,7
train,6440,3
train,46655,9
train,44126,1
train,15017,0
train,43239,4
train,24218,3
train,5992,9
train,46279,3
train,28813,8
train,5462,0
train,7337,2
train,30041,3
train,33624,3
train,41553,0
train,44507,8
train,58666,8
train,8862,6
train,48630,6
train,44524,1
train,40374,3
train,7428,2
train,51039,5
train,47444,5
train,43636,4
train,57795,0
train,6470,8
train,49179,2
train,35785,2
train,20576,7
train,11052,0
train,51756,3
train,42071,1
train,8796,4
train,58382,6
train,19917,1
train,45422,0
train,35755,9
train,9002,9
train,8064,6
train,28742,8
train,26245,2
train,59384,5
train,46570,3
train,21809,0
train,12690,0
train,17496,3
train,1183,2
train,46011,2
train,4438,4
train,6800,6
train,41769,7
train,56,0
train,21181,4
train,13591,5
train,16267,1
train,4804,0
train,32752,6
train,10125,3
train,58080,3
train,32689,3
train,16231,8
train,9722,2
train,43728,0
train,26581,1
train,58193,5
train,16975,0
train,28890,6
train,12336,1
train,32686,5
train,33015,6
train,35049,3
train,55178,4
train,27307,0
train,40569,2
train,10524,9
train,25440,5
train,31532,9
train,19758,3
train,50415,6
train,16214,4
train,41208,5
train,2186,5
train,13601,3
train,55505,1
train,44110,4
train,4078,6
train,52064,0
train,50846,4
train,47949,5
train,34965,5
train,10676,3
train,42790,7
train,3689,8
train,37296,2
train,15201,3
train,13082,2
train,45582,5
train,36616,6
train,6996,4
train,8144,7
train,42026,1
train,9976,4
train,30727,6
train,12607,9
train,27419,3
train,55537,8
train,3614,3
train,58757,5
train,56914,0
train,53652,6
train,53147,1
train,41152,5
train,19165,2
train,22037,7
train,27629,1
train,45732,3
train,14653,2
train,58462,0
train,4382,4
train,10256,2
train,50577,1
train,35652,2
train,21155,5
train,8622,4
train,44214,9
train,55904,6
train,5526,5
train,25831,4
train,35808,6
train,239,5
train,58259,6
train,27701,3
train,56965,1
train,39577,6
train,30690,2
train,50916,4
train,8901,0
train,11641,4
train,3587,1
train,16197,7
train,43799,5
train,30619,7
train,19664,0
train,47473,0
train,54178,8
train,30708,4
train,46738,8
train,35575,6
train,10517,7
train,20099,3
train,8406,3
train,53255,0
train,21277,9
train,10962,2
train,31730,7
train,14086,4
train,58029,7
train,48234,9
train,9779,3
train,31357,1
train,53036,8
train,35004,9
train,39509,3
train,52412,6
train,15703,4
train,40336,0
train,50250,5
train,55803,9
train,14343,2
train,35918,6
train,16575,6
train,29964,7
train,47426,3
train,39824,6
train,18636,4
train,33899,9
train,35742,0
train,14639,5
train,10,3
train,47666,7
train,44944,8
train,49810,3
train,34154,8
train,47032,6
train,44380,3
train,25865,9
train,28089,4
train,5887,5
train,57972,4
train,8819,5
train,19943,4
train,59302,6
train,37597,5
train,8540,0
train,13016,8
train,10635,3
train,47746,3
train,15965,0
train,25416,1
train,9777,2
train,24052,4
train,35184,6
train,49192,2
train,2484,4
train,56939,5
train,54575,9
train,13731,6
train,42087,3
train,50147,7
train,48334,2
train,33095,1
train,30576,6
train,36563,7
train,21318,7
train,50465,1
train,18937,4
train,28754,9
train,52277,4
train,54914,5
train,35582,3
train,17684,2
train,36707,3
train,30117,1
train,11894,7
train,25104,6
train,57414,7
train,37100,7
train,4747,9
train,18818,7
train,10347,2
train,52600,4
train,17697,2
train,15264,1
train,55003,7
train,20124,6
train,35466,5
train,53054,5
train,30115,6
train,6477,8
train,33694,3
train,15803,1
train,40488,8
train,12881,3
train,50103,1
train,49320,7
train,55762,8
train,32568,0
train,10783,1
train,35940,8
train,8192,3
train,430,6
train,58039,5
train,53400,8
train,13976,8
train,11062,6
train,31747,9
train,31825,3
train,56175,2
train,44496,4
train,58936,2
train,14518,0
train,12431,9
train,23594,6
train,14439,7
train,17081,9
train,59510,0
train,15706,6
train,39638,4
train,24034,0
train,50864,1
train,25689,3
train,2105,2
train,55748,5
train,21625,3
train,9897,2
train,9769,8
train,46833,2
train,4847,5
train,20315,8
train,58230,1
train,24340,4
train,43116,2
train,56053,3
train,7622,1
train,21082,0
train,12748,0
train,13128,4
train,47219,6
train,2974,0
train,20283,0
train,26928,3
train,21739,5
train,47055,1
train,58743,0
train,26020,5
train,27312,8
train,3277,9
train,24894,4
train,54636,8
train,58846,5
train,426,7
train,39357,7
train,13118,8
train,9605,5
train,31867,6
train,27769,6
train,16692,5
train,2139,8
train,29166,4
train,15648,0
train,48921,5
train,22092,3
train,41429,2
train,11280,9
train,12249,5
train,15245,3
train,28935,8
train,59648,8
train,49705,5
train,13045,3
train,58289,4
train,44362,2
train,32367,1
train,47096,0
train,23903,5
train,41529,8
train,31930,1
train,14680,9
train,27185,8
train,16494,5
train,18598,9
train,22857,0
train,42485,1
train,42598,2
train,10375,6
train,53510,7
train,5953,7
train,19014,3
train,57594,3
train,41978,3
train,57513,8
train,12090,6
train,49312,3
train,40896,1
train,52112,4
train,45666,1
train,52418,1
train,8403,2
train,33801,8
train,24520,2
train,35668,7
train,42876,7
train,16662,2
train,57309,9
train,30483,3
train,9534,6
train,6250,7
train,5387,7
train,40203,2
train,46893,1
train,51406,6
train,17577,4
train,46223,8
train,7433,3
train,42257,3
train,53724,3
train,6714,4
train,14768,6
train,45947,5
train,12802,2
train,29983,7
train,39995,8
train,9195,0
train,48920,0
train,58168,8
train,46135,8
train,32688,3
train,6104,1
train,35771,4
train,7727,9
train,46840,1
train,14916,3
train,54580,1
train,26435,4
train,6190,2
train,8592,9
train,48288,4
train,28247,8
train,37702,9
train,45566,6
train,26365,4
train,40731,5
train,48435,3
train,509,3
train,27255,5
train,18015,9
train,45684,8
train,32489,0
train,6297,3
train,18224,2
train,3224,2
train,10860,9
train,43850,2
train,30696,9
train,59804,9
train,56935,5
train,39163,9
train,18336,6
train,41251,9
train,31632,4
train,19532,6
train,46554,5
train,6895,6
train,41746,6
train,1838,1
train,8083,1
train,51309,4
train,16027,2
train,43509,3
train,50885,3
train,27141,4
train,54304,3
train,34994,4
train,9467,7
train,11635,6
train,39424,5
train,1711,2
train,52923,9
train,54639,5
train,38620,7
train,16299,7
train,7743,2
train,55270,7
train,46467,4
train,57683,9
train,27172,3
train,45669,0
train,58317,2
train,1294,8
train,52227,3
train,21456,7
train,10795,7
train,38820,6
train,25055,3
train,45805,6
train,19897,1
train,44336,6
train,48866,7
train,630,6
train,49850,4
train,3922,5
train,1389,6
train,50107,3
train,59045,2
train,14171,5
train,40624,5
train,44717,7
train,53288,4
train,40385,3
train,46748,0
train,33718,4
train,29810,1
train,29533,9
train,55811,8
train,48648,7
train,19190,9
train,51682,2
train,24160,8
train,43366,0
train,1736,9
train,16248,7
train,46568,4
train,14925,9
train,45954,8
train,46966,2
train,8409,9
train,8556,7
train,50249,1
train,42740,1
train,7317,1
train,8316,9
train,55874,3
train,31854,9
train,42808,9
train,31352,5
train,33891,9
train,16860,8
train,46235,0
train,31548,3
train,42524,9
train,51452,7
train,26716,6
train,26929,3
train,10740,5
train,4323,9
train,44327,1
train,36979,2
train,19767,2
train,1260,3
train,54372,7
train,27574,7
train,25810,9
train,23592,4
train,14878,3
train,36986,8
train,53804,1
train,46489,5
train,52848,8
train,44408,3
train,32822,5
train,57891,6
train,37826,4
train,17309,6
train,3731,7
train,22068,6
train,49632,5
train,3609,3
train,17919,8
train,47923,0
train,35374,9
train,7164,0
train,28376,5
train,30580,2
train,19687,9
train,56734,1
train,17451,4
train,54170,9
train,42906,3
train,6753,4
train,48321,3
train,23165,3
train,8971,9
train,5041,3
train,48295,0
train,30189,1
train,21914,5
train,19214,8
train,51970,3
train,43006,1
train,2017,2
train,52737,5
train,24161,4
train,32998,2
train,10092,5
train,49573,2
train,32298,0
train,36296,4
train,11343,4
train,33842,1
train,40130,4
train,40049,2
train,37564,1
train,758,8
train,17098,6
train,37151,2
train,1791,3
train,14829,7
train,40115,0
train,37860,3
train,39698,2
train,28218,2
train,48437,6
train,3450,4
train,12439,7
train,41273,6
train,2014,7
train,37673,7
train,18329,5
train,1717,1
train,52162,7
train,32382,2
train,12651,9
train,1022,7
train,55342,5
train,53767,4
train,30249,6
train,18494,7
train,33506,4
train,51752,7
train,6828,6
train,8255,1
train,58514,4
train,46248,7
train,37782,1
train,44171,8
train,32701,6
train,17815,1
train,56838,5
train,44236,9
train,26062,5
train,11603,9
train,58304,6
train,9110,1
train,31065,3
train,24556,9
train,55281,2
train,36611,7
train,10293,1
train,20912,1
train,41109,4
train,34778,1
train,15707,8
train,26491,8
train,30148,1
train,32598,5
train,7559,6
train,30844,8
train,54922,0
train,8372,2
train,35427,1
train,39780,5
train,15681,3
train,47448,2
train,59477,0
train,4566,1
train,49626,6
train,11908,8
train,53502,0
train,41798,5
train,43340,7
train,52206,6
train,44125,1
train,21793,2
train,39574,5
train,42059,9
train,6623,7
train,50294,6
train,30624,0
train,42101,5
train,14992,1
train,49143,9
train,48101,8
train,43043,3
train,7094,9
train,18676,5
train,38712,3
train,4474,2
train,18305,8
train,50880,6
train,5467,3
train,31967,7
train,2176,4
train,2089,4
train,42276,1
train,41257,6
train,30298,4
train,44957,7
train,24595,5
train,6053,7
train,1191,7
train,9676,7
train,48080,7
train,59407,4
train,10940,7
train,22326,7
train,59491,4
train,34604,2
train,9437,9
train,27162,2
train,50799,1
train,10167,0
train,6103,0
train,47180,7
train,48751,1
train,24889,8
train,15449,7
train,3619,8
train,24580,1
train,14710,7
train,52141,6
train,19994,5
train,14490,2
train,27319,6
train,4679,2
train,14087,3
train,2136,1
train,59133,5
train,41008,9
train,41608,3
train,36654,7
train,13936,9
train,17852,6
train,25564,2
train,38848,5
train,12115,0
train,13951,8
train,17063,3
train,11918,9
train,6666,7
train,12295,8
train,27735,0
train,3141,5
train,19881,6
train,20271,8
train,49008,1
train,1868,0
train,22002,3
train,13769,0
train,18301,0
train,52765,6
train,24601,4
train,4869,7
train,10365,1
train,25453,3
train,10942,4
train,52063,4
train,23115,1
train,55349,5
train,6454,4
train,45033,4
train,55922,0
train,30316,4
train,55971,7
train,43021,5
train,47630,5
train,46082,2
train,33856,1
train,39421,2
train,39039,0
train,7365,9
train,46478,8
train,35782,0
train,23929,3
train,56495,3
train,59517,1
train,20752,3
train,57524,4
train,11068,9
train,1764,4
train,16094,4
train,13885,8
train,20654,1
train,58859,9
train,47207,3
train,31799,7
train,10791,5
train,33496,0
train,27171,2
train,45406,2
train,10591,6
train,50750,0
train,36167,2
train,11035,8
train,29017,2
train,9306,9
train,36570,6
train,36889,7
train,1306,7
train,45451,1
train,58378,2
train,15762,3
train,55224,9
train,37330,1
train,32656,3
train,5391,9
train,11984,8
train,19522,4
train,15220,6
train,16091,3
train,57044,7
train,3055,9
train,41448,7
train,33592,9
train,33962,3
train,35960,7
train,46139,0
train,54970,5
train,19146,9
train,53100,5
train,23490,3
train,56459,0
train,46387,8
train,58635,7
train,41646,0
train,56978,8
train,5463,8
train,43343,9
train,15465,7
train,11104,3
train,28403,0
train,43257,2
train,26786,8
train,47686,2
train,15135,1
train,49819,2
train,14110,0
train,31406,1
train,45391,4
train,3829,0
train,52006,2
train,13560,3
train,16840,7
train,15349,9
train,55779,7
train,751,5
train,6447,3
train,47635,8
train,17942,1
train,33670,0
train,25875,4
train,546,3
train,58694,0
train,27035,0
train,31683,0
train,44043,9
train,12364,7
train,37516,4
train,42482,9
train,6251,3
train,34906,3
train,22270,0
train,15268,9
train,4134,5
train,22352,0
train,2759,7
train,44702,8
train,44323,7
train,19904,7
train,34970,7
train,13235,9
train,39899,2
train,32349,8
train,8883,2
train,17756,8
train,2286,3
train,4852,0
train,8845,7
train,24198,2
train,54563,4
train,33412,3
train,28590,6
train,46418,5
train,25454,3
train,30924,7
train,37633,4
train,2270,2
train,11042,3
train,27569,1
train,52255,5
train,18844,7
train,55359,4
train,37572,3
train,42149,9
train,4051,2
train,12790,4
train,25337,6
train,22831,1
train,55001,2
train,521,7
train,59511,8
train,23204,1
train,34322,8
train,10866,8
train,8008,8
train,11,5
train,37669,2
train,19936,4
train,20342,5
train,22955,7
train,33730,6
train,4764,1
train,48358,5
train,27295,9
train,50196,2
train,59057,8
train,21150,3
train,32370,6
train,53451,4
train,9214,7
train,23834,4
train,9719,6
train,54785,4
train,56702,9
train,56886,4
train,11382,8
train,38140,2
train,42399,4
train,22357,2
train,24062,9
train,35687,6
train,58740,5
train,6795,8
train,35972,0
train,10638,1
train,37233,9
train,30366,1
train,18809,7
train,4284,0
train,51954,8
train,22933,4
train,58601,2
train,55101,4
train,19920,5
train,16857,2
train,39277,8
train,21810,5
train,49185,0
train,24130,8
train,19130,5
train,22107,6
train,19957,4
train,54927,0
train,30046,5
train,2653,7
train,20735,9
train,56112,7
train,45900,1
train,51114,4
train,5502,0
train,56255,8
train,58581,2
train,2885,5
train,59763,8
train,4614,5
train,28367,1
train,52692,3
train,52383,9
train,30232,6
train,49553,7
train,34688,9
train,33524,7
train,24344,8
train,35715,9
train,22538,1
train,55074,4
train,6407,5
train,36272,0
train,43653,1
train,3729,1
train,58172,2
train,18501,4
train,30379,3
train,15752,4
train,50347,8
train,29463,7
train,30010,9
train,34285,6
train,526,0
train,8459,5
train,6628,2
train,57463,6
train,990,4
train,18394,2
train,35796,3
train,41076,1
train,10840,0
train,17068,7
train,37896,3
train,56614,2
train,56224,5
train,38800,2
train,1683,9
train,55568,9
train,33323,8
train,43885,2
train,18497,1
train,40643,7
train,33222,5
train,34295,6
train,24974,1
train,39346,0
train,51820,4
train,40029,7
train,35172,5
train,59372,0
train,37393,1
train,53733,2
train,7315,1
train,58913,1
train,20219,4
train,30498,9
train,54766,9
train,2297,7
train,46513,5
train,58868,2
train,44008,9
train,35633,7
train,32225,8
train,38482,1
train,20264,9
train,20631,3
train,4289,0
train,35084,9
train,42132,1
train,13883,7
train,50642,2
train,18350,9
train,47164,2
train,12512,1
train,37009,9
train,5870,3
train,10176,0
train,45560,4
train,34345,0
train,55681,0
train,46426,7
train,9951,5
train,56076,7
train,46361,7
train,53115,8
train,58900,6
train,40461,2
train,30076,2
train,31327,2
train,13161,3
train,51143,8
train,6502,0
train,33297,2
train,43452,4
train,56092,9
train,1095,1
train,42976,7
train,22754,7
train,8387,0
train,16008,9
train,39628,0
train,49860,1
train,28467,6
train,54222,9
train,38792,5
train,17799,9
train,58923,2
train,40891,7
train,6448,4
train,31366,1
train,9590,1
train,45640,6
train,29148,0
train,59571,1
train,35253,8
train,22695,3
train,37672,8
train,31392,0
train,43657,4
train,37279,7
train,12577,4
train,45748,0
train,54047,8
train,41115,8
train,24869,4
train,20848,1
train,45926,1
train,1935,3
train,53955,4
train,39559,8
train,6396,6
train,403,5
train,6844,3
train,59868,0
train,38530,2
train,20041,1
train,22580,4
train,2015,1
train,2154,1
train,19673,2
train,57486,0
train,13292,7
train,59240,4
train,3323,3
train,59634,9
train,57084,8
train,51229,7
train,30288,5
train,48048,4
train,42201,3
train,23904,4
train,38837,1
train,46869,6
train,10212,4
train,8119,5
train,18045,6
train,4337,6
train,36993,9
train,36531,7
train,27165,2
train,58227,3
train,36594,1
train,24248,3
train,47665,4
train,15966,2
train,56401,9
train,12580,8
train,52656,2
train,16923,1
train,36443,7
train,23418,5
train,57142,2
train,40168,4
train,51594,1
train,3425,8
train,22234,3
train,32288,2
train,16901,8
train,3848,2
train,6147,7
train,7694,7
train,1917,6
train,18974,3
train,51503,5
train,43984,1
train,14786,3
train,16304,7
train,19959,5
train,23709,0
train,47800,7
train,58086,3
train,37987,7
train,16276,5
train,7873,9
train,35226,3
train,1650,5
train,29974,1
train,37115,9
train,50867,9
train,14373,2
train,51790,3
train,58377,1
train,43464,8
train,9792,8
train,15903,1
train,45623,6
train,57476,9
train,27192,2
train,53268,5
train,42444,0
train,37505,4
train,13470,1
train,57350,7
train,45154,6
train,19914,9
train,51165,9
train,52929,9
train,21461,4
train,56551,4
train,48708,9
train,20525,4
train,182,5
train,30738,8
train,26704,4
train,49975,2
train,14176,4
train,27366,3
train,7626,3
train,25826,4
train,5562,3
train,45096,2
train,11670,4
train,13750,3
train,6836,5
train,59291,5
train,56604,7
train,47066,8
train,58811,2
train,52605,9
train,56689,1
train,31279,1
train,40411,6
train,26351,8
train,51476,6
train,43194,8
train,36468,0
train,20926,3
train,43977,6
train,12039,5
train,49502,8
train,1020,6
train,37814,0
train,7752,1
train,51076,4
train,27044,4
train,41391,3
train,50589,1
train,30520,9
train,3151,7
train,9513,4
train,32491,9
train,57160,1
train,52672,9
train,52372,9
train,20133,8
train,32078,8
train,32191,4
train,36429,8
train,25339,7
train,23626,6
train,49395,1
train,53899,1
train,25323,9
train,53458,4
train,15145,6
train,9250,8
train,26309,4
train,51883,0
train,15104,8
train,2519,6
train,37952,8
train,22710,0
train,29032,7
train,1161,9
train,13123,7
train,57392,8
train,27979,4
train,40792,8
train,22202,0
train,12952,1
train,4106,0
train,34677,7
train,53599,1
train,18683,1
train,7012,0
train,49623,1
train,16088,6
train,11653,4
train,52032,1
train,1377,0
train,48617,8
train,50592,5
train,38340,1
train,12254,2
train,41417,2
train,57990,3
train,4130,7
train,46136,3
train,2454,2
train,2345,6
train,55408,0
train,23690,5
train,35428,8
train,2093,6
train,5581,4
train,29093,9
train,23754,0
train,372,4
train,30143,1
train,41240,7
train,48229,1
train,51154,3
train,34695,3
train,50881,5
train,4519,7
train,30866,1
train,5419,6
train,42332,1
train,44193,3
train,50487,2
train,32121,9
train,52968,8
train,43809,5
train,40852,8
train,13228,3
train,41220,4
train,26700,5
train,1660,2
train,50991,2
train,8244,9
train,13200,2
train,16297,6
train,6653,4
train,59036,1
train,47603,2
train,10985,1
train,37428,8
train,17211,9
train,59325,9
train,42624,8
train,50180,8
train,57474,3
train,47053,8
train,32619,3
train,24726,6
train,40777,8
train,30197,5
train,41501,9
train,36129,6
train,57528,5
train,52095,0
train,48797,1
train,55662,2
train,3658,8
train,13491,2
train,36522,2
train,27296,5
train,11953,4
train,30749,1
train,50372,3
train,36886,9
train,9087,2
train,28444,3
train,59131,9
train,25316,6
train,36338,3
train,47621,1
train,6741,9
train,31165,0
train,43447,8
train,37570,2
train,42211,7
train,100,5
train,48552,8
train,25487,2
train,39280,5
train,9132,9
train,46801,1
train,53552,5
train,26424,9
train,9207,5
train,31455,5
train,48752,8
train,3795,7
train,24357,1
train,31907,6
train,27103,7
train,15918,5
train,57381,1
train,41967,1
train,52679,3
train,25666,1
train,30532,7
train,19901,1
train,42350,6
train,20036,1
train,54603,3
train,17537,9
train,18931,8
train,51436,1
train,22464,1
train,46344,0
train,33146,3
train,52512,2
train,9242,2
train,46104,4
train,42473,8
train,14228,1
train,22702,6
train,26890,4
train,20853,5
train,4483,9
train,24101,8
train,35430,1
train,57631,1
train,47575,2
train,46663,2
train,15723,8
train,18848,6
train,51286,0
train,22984,7
train,57049,1
train,36378,9
train,35751,8
train,44980,8
train,6067,9
train,16393,5
train,35772,8
train,26956,2
train,8674,9
train,53954,3
train,48315,7
train,7453,8
train,44946,9
train,24914,9
train,58090,7
train,54482,7
train,495,3
train,11066,2
train,12309,8
train,20739,2
train,42966,3
train,16584,3
train,10598,5
train,38370,4
train,6500,3
train,29629,8
train,39123,4
train,30307,7
train,37687,4
train,45850,3
train,3681,5
train,40276,1
train,4449,3
train,27822,0
train,48748,2
train,30858,5
train,9406,0
train,5883,0
train,46215,7
train,18267,6
train,31674,7
train,24262,4
train,57783,6
train,37257,4
train,44168,6
train,14032,7
train,23974,4
train,44349,3
train,54555,7
train,7894,0
train,59313,0
train,29134,9
train,21574,1
train,22355,4
train,25745,1
train,55593,0
train,31446,3
train,29001,9
train,24710,1
train,23167,1
train,43174,9
train,5612,0
train,6318,1
train,27195,8
train,47014,6
train,18608,6
train,4984,7
train,31401,2
train,32891,9
train,3084,9
train,21678,5
train,56556,0
train,12670,0
train,56140,0
train,10892,1
train,46592,3
train,40342,6
train,48475,8
train,10037,6
train,20953,0
train,56840,6
train,29498,0
train,43079,2
train,49337,6
train,6794,4
train,49877,7
train,11005,4
train,23080,2
train,9765,6
train,23910,1
train,53224,2
train,3571,3
train,48809,6
train,32366,9
train,6552,4
train,37214,2
train,59392,4
train,11854,7
train,54429,5
train,20614,8
train,56512,0
train,2672,8
train,32251,9
train,56672,8
train,22661,2
train,56859,9
train,11727,2
train,54405,7
train,29672,9
train,16906,1
train,43544,9
train,19852,5
train,17873,2
train,9808,6
train,19406,4
train,16635,9
train,24678,1
train,14585,1
train,41540,2
train,14368,5
train,23905,6
train,52901,8
train,49332,8
train,38777,4
train,32926,8
train,48871,1
train,21407,6
train,36059,5
train,1773,8
train,21269,4
train,37780,0
train,13697,1
train,23561,2
train,23146,5
train,12314,1
train,52038,3
train,37229,3
train,24810,4
train,21079,5
train,53939,1
train,2871,3
train,7889,7
train,39152,1
train,1637,6
train,30079,4
train,23002,7
train,35954,3
train,49469,9
train,829,6
train,16376,1
train,44513,0
train,23911,1
train,57343,4
train,33748,5
train,43587,5
train,40820,0
train,42685,6
train,6264,5
train,1145,3
train,1224,6
train,50575,2
train,35800,0
train,3536,2
train,36739,5
train,36472,7
train,49905,5
train,21876,9
train,1897,0
train,44291,4
train,15068,1
train,33394,1
train,18000,4
train,59886,3
train,5670,8
train,19996,5
train,38836,7
train,44450,9
train,2191,0
train,18179,1
train,22339,6
train,7486,2
train,19887,9
train,44755,6
train,1535,1
train,30517,9
train,8966,2
train,31273,8
train,9282,4
train,48317,6
train,37182,1
train,47499,2
train,57087,8
train,3883,8
train,36777,9
train,50040,8
train,34542,1
train,1920,2
train,25849,8
train,19271,2
train,748,5
train,40596,6
train,57203,1
train,34903,9
train,21630,2
train,9859,5
train,34083,1
train,46852,4
train,29555,5
train,41839,1
train,45271,3
train,1695,9
train,50632,1
train,10503,6
train,37518,1
train,31797,6
train,54134,2
train,40716,1
train,7980,3
train,25662,4
train,50953,2
train,14574,0
train,29610,3
train,32372,5
train,38065,8
train,55482,3
train,58748,8
train,6452,6
train,961,1
train,41990,4
train,2796,3
train,43796,7
train,43369,1
train,21741,1
train,23387,7
train,43858,4
train,49616,7
train,45609,6
train,10779,3
train,43071,1
train,10245,0
train,53568,5
train,6529,5
train,36442,1
train,30413,0
train,3602,1
train,16845,5
train,36691,7
train,5688,5
train,20856,7
train,23850,6
train,5253,7
train,4138,3
train,15930,3
train,20589,1
train,15737,7
train,37611,9
train,56309,5
train,30827,0
train,47914,0
train,17019,9
train,24379,9
train,53071,8
train,5513,4
train,58300,4
train,15891,4
train,53457,3
train,33455,7
train,8469,0
train,29289,3
train,20487,0
train,1516,5
train,54784,1
train,45162,0
train,40586,0
train,7423,7
train,47228,2
train,40780,0
train,28936,3
train,52826,5
train,57917,0
train,58549,6
train,12666,0
train,5532,9
train,55148,5
train,31778,0
train,7508,8
train,12850,7
train,51561,3
train,55203,2
train,36995,1
train,24109,4
train,9354,1
train,27240,6
train,18455,4
train,4507,1
train,59990,9
train,18029,0
train,15667,3
train,49866,7
train,27463,7
train,36287,3
train,16993,5
train,9548,7
train,46385,1
train,59448,6
train,18656,1
train,1235,9
train,22351,7
train,43533,7
train,58147,1
train,12322,4
train,29128,0
train,4330,7
train,286,6
train,6690,6
train,27197,8
train,54899,4
train,2518,2
train,39704,3
train,13049,9
train,33530,7
train,5303,5
train,17490,7
train,32244,8
train,7156,3
train,33945,0
train,46866,9
train,10732,0
train,37300,5
train,30854,1
train,34684,3
train,37326,9
train,48203,8
train,24748,3
train,31211,5
train,19328,5
train,47778,6
train,40393,5
train,49659,6
train,50816,9
train,54541,2
train,15362,5
train,38596,8
train,24401,9
train,47230,2
train,57409,6
train,54436,3
train,49392,1
train,47222,1
train,44100,4
train,8951,8
train,14353,1
train,30700,0
train,19675,3
train,32923,5
train,41441,8
train,19622,1
train,20380,7
train,35250,2
train,36401,2
train,25502,9
train,36552,4
train,41086,6
train,12511,7
train,44940,7
train,34191,7
train,36197,7
train,275,4
train,21692,2
train,47211,4
train,53137,7
train,32571,7
train,32852,1
train,45668,6
train,2784,1
train,59619,1
train,30960,3
train,12327,4
train,15991,9
train,46750,6
train,29065,5
train,16510,3
train,22012,4
train,46566,3
train,48712,7
train,58852,9
train,56900,7
train,12241,1
train,38296,4
train,45441,3
train,43243,0
train,29118,8
train,37503,3
train,56779,1
train,9557,8
train,1514,5
train,25036,1
train,40471,0
train,2006,9
train,42862,0
train,25292,4
train,36000,9
train,34660,3
train,38293,9
train,32841,6
train,8684,3
train,18092,4
train,4655,0
train,56248,0
train,29714,7
train,50300,3
train,8685,6
train,33646,1
train,89,4
train,25168,9
train,16497,2
train,53207,2
train,53014,0
train,41878,2
train,52067,8
train,11787,6
train,58908,5
train,4272,8
train,43848,8
train,24655,7
train,57947,5
train,59379,7
train,8842,4
train,44013,4
train,55621,1
train,15908,6
train,7763,8
train,24234,8
train,3349,7
train,32396,9
train,35088,8
train,40559,7
train,13947,1
train,50151,0
train,10894,5
train,27781,2
train,40447,3
train,56565,3
train,21780,0
train,7535,5
train,22054,8
train,49608,9
train,24022,7
train,34907,2
train,48386,3
train,46330,8
train,16485,0
train,45678,8
train,58556,8
train,27878,2
train,2957,1
train,17878,8
train,57668,8
train,15896,6
train,42980,0
train,1698,3
train,12106,1
train,24659,9
train,42255,3
train,43178,7
train,38977,8
train,17261,7
train,20416,6
train,52449,0
train,49250,8
train,20008,4
train,38285,5
train,34569,9
train,53661,9
train,47565,2
train,20713,0
train,34699,0
train,48990,4
train,17270,8
train,13797,9
train,59314,9
train,20975,8
train,8775,4
train,47183,8
train,8378,8
train,58342,7
train,23063,8
train,36758,7
train,30426,6
train,48904,3
train,24390,2
train,8950,4
train,16601,4
train,18464,0
train,43468,0
train,21026,3
train,37302,4
train,37614,1
train,57907,0
train,45767,1
train,12994,7
train,8038,7
train,59285,7
train,12086,3
train,56783,1
train,32139,4
train,12150,0
train,32508,2
train,51985,9
train,48266,1
train,18695,1
train,29225,3
train,34526,3
train,38465,1
train,34267,7
train,58429,2
train,13117,0
train,4954,4
train,33290,2
train,12304,7
train,46526,6
train,49862,7
train,41703,6
train,22459,3
train,9462,5
train,42632,0
train,29175,2
train,17872,1
train,45510,6
train,10234,6
train,18718,0
train,37574,5
train,48957,4
train,26319,4
train,14227,1
train,56374,1
train,26104,1
train,57929,1
train,49899,1
train,53554,3
train,45810,9
train,13826,0
train,7294,6
train,40256,3
train,18936,0
train,641,9
train,24095,3
train,10579,0
train,30404,1
train,42099,4
train,40242,7
train,3106,0
train,1742,0
train,17811,5
train,17857,4
train,13367,4
train,59797,2
train,52805,9
train,42267,5
train,35120,8
train,23034,1
train,7187,2
train,12169,4
train,30137,1
train,53890,2
train,30097,0
train,26237,2
train,10139,1
train,32310,4
train,30058,0
train,58281,6
train,49902,1
train,12554,0
train,9177,6
train,17777,3
train,46086,5
train,8928,8
train,43558,8
train,13696,6
train,52508,0
train,44326,0
train,19316,6
train,43070,3
train,55952,2
train,10883,9
train,2834,3
train,1708,6
train,41194,7
train,48985,5
train,41569,4
train,24446,3
train,43280,3
train,17589,6
train,19693,2
train,6658,3
train,39695,1
train,33619,6
train,34678,8
train,576,4
train,23663,3
train,37525,7
train,13961,1
train,2982,7
train,50635,6
train,48899,2
train,35239,9
train,37941,2
train,25359,5
train,32158,1
train,38142,8
train,45418,0
train,44612,2
train,56871,3
train,32551,7
train,5325,7
train,21340,4
train,28621,7
train,26202,1
train,8884,3
train,19873,6
train,31705,6
train,16626,3
train,31188,2
train,23181,1
train,24045,5
train,33187,9
train,28278,2
train,37986,4
train,30149,0
train,52127,9
train,15883,0
train,28847,6
train,45801,3
train,22098,4
train,14103,4
train,29988,8
train,33711,4
train,39429,2
train,36121,8
train,15266,1
train,28523,9
train,31014,8
train,5905,0
train,45295,5
train,2540,7
train,15649,1
train,57482,4
train,43945,8
train,51112,1
train,37804,6
train,58950,7
train,31470,0
train,38378,5
train,17075,6
train,30597,6
train,28109,4
train,43978,3
train,26588,4
train,27954,5
train,56883,9
train,42841,3
train,8585,9
train,4721,4
train,6521,1
train,34245,7
train,32409,3
train,50182,4
train,12307,3
train,835,1
train,38968,1
train,5453,5
train,33704,6
train,41956,1
train,37938,1
train,30990,7
train,3861,6
train,47057,8
train,37195,6
train,50675,5
train,41972,7
train,46123,9
train,34603,9
train,44238,6
train,12854,2
train,6602,6
train,36175,6
train,53728,8
train,53063,5
train,40302,9
train,14444,5
train,48017,2
train,47912,2
train,38118,9
train,41345,7
train,31621,9
train,23382,1
train,56817,3
train,36026,5
train,28396,9
train,20284,2
train,32393,5
train,55197,4
train,46905,0
train,42974,1
train,37958,4
train,35139,3
train,41675,6
train,12746,1
train,8579,4
train,33276,3
train,40992,4
train,55943,6
train,55790,8
train,25546,8
train,42304,4
train,49966,3
train,44549,2
train,16650,2
train,40873,7
train,6048,3
train,51648,2
train,24702,7
train,7276,5
train,7762,3
train,58553,0
train,23913,4
train,38483,0
train,46975,0
train,33190,1
train,42063,0
train,39648,9
train,44748,8
train,40957,8
train,57168,5
train,24927,9
train,26897,4
train,56234,3
train,23575,9
train,38297,0
train,53634,5
train,39613,9
train,58981,7
train,59115,7
train,25834,6
train,32547,5
train,2980,7
train,8412,4
train,39713,9
train,17164,6
train,59274,8
train,2135,8
train,26881,0
train,42532,2
train,35905,0
train,13189,8
train,38400,6
train,18621,7
train,53344,0
train,52246,4
train,39856,0
train,14778,6
train,488,6
train,48211,2
train,38159,1
train,43213,7
train,24937,8
train,21844,6
train,17795,7
train,53352,5
train,48962,4
train,20281,1
train,37599,6
train,5336,1
train,58003,4
train,6739,3
train,19287,4
train,16068,4
train,56043,3
train,18066,7
train,54147,3
train,20096,3
train,19201,8
train,55711,9
train,1481,5
train,13026,3
train,53791,1
train,38897,1
train,40237,0
train,46291,1
train,17355,3
train,15714,6
train,10001,8
train,21568,1
train,26080,7
train,40028,9
train,46842,1
train,40428,0
train,33520,6
train,13862,5
train,42605,3
train,40880,1
train,8149,6
train,57970,7
train,12860,2
train,43506,5
train,59857,9
train,21319,0
train,31848,1
train,2180,3
train,7036,4
train,25618,2
train,50674,2
train,37285,1
train,29884,4
train,31762,1
train,47792,6
train,28594,6
train,3994,6
train,28778,3
train,16863,4
train,57742,6
train,11704,8
train,29575,1
train,32747,8
train,22973,5
train,47913,3
train,52827,9
train,25162,4
train,17830,7
train,44206,8
train,2553,9
train,54754,2
train,17637,1
train,56211,6
train,25195,8
train,49229,0
train,1989,1
train,51633,2
train,22398,1
train,22028,4
train,9474,1
train,24632,2
train,8171,8
train,11624,4
train,27516,7
train,47839,2
train,18969,7
train,39519,8
train,7604,8
train,8537,3
train,44095,2
train,431,6
train,50348,2
train,29667,2
train,53314,1
train,42865,0
train,703,7
train,29120,5
train,19613,1
train,16478,7
train,31522,4
train,52941,0
train,19780,7
train,36013,9
train,10723,2
train,33075,2
train,42264,3
train,16602,9
train,50712,4
train,15232,5
train,47347,4
train,24483,1
train,44604,8
train,33199,9
train,17408,6
train,25759,4
train,47240,4
train,43717,3
train,14395,7
train,58055,6
train,23547,3
train,38945,8
train,6755,2
train,47048,9
train,32764,3
train,33491,3
train,26126,6
train,55299,1
train,1669,6
train,20764,6
train,31995,0
train,58628,2
train,10009,2
train,53238,9
train,22324,8
train,44253,5
train,8315,9
train,16841,6
train,17737,9
train,23354,6
train,37150,9
train,878,3
train,28121,4
train,15764,3
train,38430,2
train,31608,2
train,22562,6
train,54606,7
train,17500,2
train,57627,9
train,21901,6
train,58573,8
train,50775,3
train,45182,1
train,39394,6
train,27358,8
train,43465,0
train,21950,3
train,36926,7
train,28356,5
train,33907,9
train,23653,6
train,38041,4
train,26221,2
train,36203,9
train,22546,7
train,32435,2
train,19909,5
train,39643,7
train,16090,9
train,41288,0
train,24697,3
train,12492,7
train,15739,8
train,35999,0
train,48586,5
train,43776,5
train,46803,3
train,26407,5
train,47316,0
train,20799,5
train,12408,7
train,4980,6
train,10295,7
train,6585,3
train,47088,2
train,50442,8
train,28163,6
train,35519,7
train,2419,1
train,15994,2
train,59946,8
train,493,2
train,15642,2
train,31826,7
train,19961,4
train,2935,0
train,2052,4
train,8007,2
train,32746,0
train,2789,6
train,17469,4
train,5371,9
train,40878,1
train,38540,0
train,23959,6
train,49188,3
train,14285,4
train,43946,5
train,41064,8
train,41445,0
train,39078,4
train,360,2
train,13920,8
train,53251,9
train,24890,5
train,47814,4
train,25992,6
train,53859,5
train,30204,9
train,14419,0
train,19930,0
train,32151,0
train,14385,8
train,28500,4
train,24128,5
train,42728,9
train,406,1
train,23360,7
train,27858,6
train,51531,9
train,33997,8
train,1652,7
train,9589,5
train,27447,8
train,46836,7
train,50337,3
train,52373,2
train,42850,5
train,12738,9
train,47642,1
train,18924,3
train,51735,2
train,50763,7
train,49674,2
train,12641,7
train,57050,9
train,47604,7
train,45194,8
train,41966,2
train,10684,1
train,37788,6
train,23878,4
train,21129,3
train,13788,1
train,45507,4
train,37747,4
train,14304,8
train,26400,9
train,22681,6
train,5370,3
train,27639,1
train,14983,7
train,20758,8
train,3411,1
train,50765,8
train,42845,9
train,24135,1
train,57934,4
train,45773,4
train,57376,7
train,17436,5
train,21774,9
train,15444,5
train,54067,6
train,45305,5
train,264,9
train,24451,3
train,33218,4
train,13322,6
train,19198,4
train,29504,3
train,25807,2
train,44933,0
train,3069,9
train,3912,9
train,2102,7
train,36259,6
train,37519,4
train,22486,2
train,33698,2
train,7611,4
train,11583,3
train,57217,8
train,22402,4
train,6981,5
train,8758,7
train,39462,1
train,4768,4
train,55823,5
train,7151,8
train,23379,6
train,58921,9
train,3390,2
train,37915,1
train,51874,5
train,18875,5
train,17479,0
train,45263,5
train,58354,6
train,3756,3
train,3211,8
train,43091,8
train,45670,4
train,31834,9
train,28327,4
train,34328,8
train,29221,6
train,26721,7
train,30784,6
train,11442,9
train,36912,3
train,37266,3
train,28546,0
train,18487,4
train,59092,3
train,59924,6
train,51246,6
train,57940,4
train,18741,1
train,55403,5
train,18362,4
train,6855,3
train,42812,4
train,27920,1
train,44781,5
train,40523,4
train,20189,7
train,37660,2
train,13014,8
train,46756,8
train,9938,9
train,16983,1
train,20693,5
train,45758,3
train,8376,6
train,17338,5
train,41848,6
train,27888,2
train,16409,9
train,11743,1
train,35821,0
train,51812,9
train,57231,5
train,8181,8
train,19065,8
train,54375,2
train,24689,0
train,32308,4
train,31679,1
train,45125,2
train,47075,1
train,12877,3
train,27481,7
train,46853,3
train,12949,1
train,12549,2
train,28451,0
train,12617,3
train,15481,5
train,13516,3
train,41488,6
train,41405,7
train,20229,7
train,5367,7
train,53867,4
train,23981,5
train,42110,5
train,6629,0
train,31603,2
train,46036,2
train,22052,7
train,36340,7
train,36897,4
train,54832,0
train,54483,5
train,52340,9
train,29859,7
train,34198,6
train,25744,1
train,40360,2
train,18058,6
train,45329,7
train,54770,4
train,32917,4
train,12501,2
train,59667,2
train,37460,8
train,19865,3
train,18723,5
train,523,5
train,29637,5
train,1154,7
train,47159,4
train,33794,6
train,26279,1
train,53907,5
train,39476,2
train,4988,3
train,23198,6
train,39068,8
train,51077,4
train,24155,7
train,55357,8
train,45475,0
train,22985,4
train,32722,8
train,674,2
train,30162,8
train,44937,4
train,34622,3
train,14879,1
train,42722,7
train,18983,1
train,35370,1
train,32768,2
train,14999,7
train,14122,5
train,36786,1
train,48926,2
train,53167,3
train,12162,9
train,16028,5
train,47370,0
train,17243,1
train,35969,3
train,22293,3
train,3663,9
train,16217,0
train,43326,2
train,46457,7
train,41305,5
train,54273,3
train,51840,9
train,23325,2
train,57655,8
train,40927,6
train,33149,0
train,58614,7
train,49702,2
train,13487,1
train,14939,4
train,19408,6
train,30008,7
train,27438,6
train,13956,1
train,28752,3
train,22642,1
train,17121,8
train,30699,0
train,42860,9
train,54453,7
train,31874,2
train,43955,6
train,42236,4
train,3363,6
train,58476,2
train,2408,3
train,5801,0
train,51401,3
train,22523,9
train,30387,6
train,35277,7
train,31242,5
train,21870,9
train,53163,4
train,56395,4
train,51049,4
train,4353,7
train,49610,1
train,36971,9
train,29047,4
train,22366,3
train,27062,5
train,36615,7
train,49789,3
train,57757,0
train,30758,9
train,37412,2
train,14889,6
train,49236,5
train,18230,2
train,26114,6
train,9737,2
train,17080,2
train,38073,5
train,27303,6
train,13845,6
train,46503,4
train,18925,5
train,15773,3
train,44039,7
train,54621,6
train,5680,8
train,22425,6
train,18684,2
train,12029,9
train,24243,9
train,34316,3
train,1413,5
train,54467,9
train,58780,4
train,45916,4
train,21229,2
train,43413,6
train,19114,3
train,29917,6
train,51347,8
train,6609,1
train,13457,5
train,11254,7
train,33347,4
train,59689,0
train,13734,0
train,783,1
train,42738,9
train,26484,5
train,3114,8
train,45353,4
train,5315,3
train,16624,8
train,44766,0
train,51621,7
train,223,7
train,12081,7
train,11714,3
train,44082,6
train,10324,7
train,36348,9
train,11256,4
train,37681,9
train,31194,0
train,30982,7
train,56993,2
train,21463,7
train,35350,5
train,3693,0
train,39223,7
train,54702,9
train,51489,7
train,25889,6
train,13661,6
train,23560,8
train,46112,4
train,36766,6
train,6992,2
train,10432,5
train,35396,1
train,17035,1
train,46296,3
train,59977,7
train,19344,7
train,46100,9
train,50419,4
train,13813,6
train,29541,0
train,55577,4
train,49117,3
train,39159,1
train,17327,0
train,38245,3
train,36353,1
train,28143,6
train,52725,6
train,54042,4
train,1317,3
train,11682,9
train,14163,2
train,41567,1
train,55180,7
train,40958,0
train,48557,3
train,46713,5
train,51872,6
train,17964,1
train,2060,9
train,27867,7
train,8896,0
train,45770,5
train,23135,4
train,8216,9
train,40213,8
train,23182,1
train,38809,9
train,22946,3
train,58210,4
train,28108,0
train,53603,6
train,10765,3
train,16312,4
train,58922,6
train,39467,2
train,26092,6
train,14883,3
train,34340,5
train,45478,6
train,28521,1
train,28949,5
train,33005,1
train,31300,7
train,55417,1
train,8729,3
train,7096,6
train,13102,1
train,20880,8
train,53797,5
train,14805,6
train,56321,3
train,3992,7
train,38953,2
train,26317,1
train,27505,6
train,42734,2
train,34744,4
train,9294,3
train,43141,6
train,49068,1
train,12508,1
train,49941,1
train,42725,7
train,19703,7
train,50380,7
train,41971,1
train,40740,2
train,36352,7
train,18110,2
train,10652,5
train,11093,1
train,10406,2
train,7928,8
train,52581,6
train,23799,3
train,1882,9
train,22980,4
train,41455,4
train,33155,9
train,46213,1
train,31123,4
train,18083,5
train,141,7
train,37254,6
train,17050,0
train,51255,4
train,49367,5
train,33204,4
train,22259,7
train,45782,1
train,1243,1
train,45716,5
train,42668,9
train,56417,4
train,57130,2
train,44162,3
train,1673,7
train,9009,5
train,12970,7
train,46176,9
train,43238,7
train,42670,7
train,38696,0
train,57625,3
train,445,8
train,12899,8
train,3957,4
train,21083,7
train,3393,1
train,4757,4
train,33245,5
train,39452,3
train,15523,1
train,24691,8
train,4019,9
train,40859,0
train,9752,9
train,12276,0
train,34514,0
train,2033,9
train,8732,8
train,28502,2
train,33908,3
train,5644,1
train,52538,9
train,58101,4
train,11438,2
train,35694,9
train,26761,0
train,32327,7
train,27573,3
train,37193,7
train,23794,2
train,50922,3
train,4831,9
train,32901,2
train,3024,0
train,10294,6
train,38364,0
train,34394,0
train,13896,0
train,41520,7
train,18,6
train,55110,0
train,41470,7
train,471,9
train,1671,6
train,51768,3
train,14370,5
train,22611,2
train,5085,4
train,21633,2
train,26601,6
train,226,9
train,43088,0
train,45454,8
train,56334,4
train,48833,4
train,55954,4
train,57773,8
train,3995,3
train,1453,8
train,36966,6
train,41613,9
train,7860,1
train,40205,3
train,45140,1
train,22346,7
train,656,0
train,59402,8
train,36274,6
train,23713,4
train,10132,9
train,45401,0
train,58774,3
train,46945,7
train,24151,0
train,11968,1
train,13332,3
train,43976,0
train,20250,4
train,37270,5
train,3690,8
train,7896,1
train,8773,3
train,10191,4
train,30781,8
train,29640,2
train,51937,2
train,49913,3
train,39666,5
train,45942,0
train,45253,1
train,24788,7
train,21959,2
train,29384,5
train,57368,4
train,21182,3
train,40288,4
train,39639,0
train,4394,7
train,4333,1
train,323,6
train,35657,1
train,42080,6
train,49929,2
train,49471,0
train,38098,7
train,11689,7
train,29417,8
train,42235,3
train,49928,5
train,29003,9
train,22891,7
train,44106,5
train,9094,6
train,16569,3
train,30101,0
train,56942,0
train,29982,7
train,9795,4
train,2866,2
train,52721,4
train,42002,1
train,36956,1
train,41020,4
train,47477,4
train,32818,2
train,42586,1
train,51862,7
train,26596,3
train,43102,0
train,23171,2
train,17754,3
train,8267,7
train,40905,5
train,22671,1
train,19836,3
train,12963,8
train,57873,4
train,20769,5
train,19990,0
train,37955,1
train,14858,1
train,26685,0
train,50113,6
train,49982,4
train,31136,3
train,18663,1
train,24857,8
train,18727,3
train,17883,1
train,49436,6
train,13898,9
train,14208,9
train,39658,8
train,49128,9
train,22416,7
train,21245,9
train,30612,1
train,12578,1
train,20524,8
train,7958,4
train,11728,1
train,17746,4
train,49427,5
train,54941,0
train,21603,7
train,54275,9
train,49509,8
train,4276,3
train,50821,8
train,16853,9
train,43307,7
train,59095,0
train,32947,2
train,23537,8
train,37656,0
train,40246,0
train,57912,0
train,10087,2
train,54314,2
train,43499,9
train,7420,7
train,20533,0
train,1615,5
train,42069,9
train,17807,7
train,46253,7
train,284,5
train,37299,8
train,1287,1
train,51303,0
train,25007,3
train,16818,4
train,21378,9
train,5598,5
train,54998,4
train,49349,2
train,34649,8
train,22235,5
train,13416,7
train,30631,8
train,15189,0
train,8407,6
train,10223,1
train,52713,3
train,13175,0
train,16579,8
train,26000,4
train,38918,1
train,1720,9
train,42432,3
train,39212,6
train,54246,5
train,551,2
train,13174,7
train,39503,0
train,47365,4
train,19516,1
train,9352,5
train,40675,7
train,41816,1
train,14930,7
train,41704,3
train,37526,2
train,12757,7
train,44952,6
train,47256,5
train,5609,8
train,6294,9
train,14998,1
train,29287,2
train,2084,0
train,7991,6
train,33132,3
train,54884,8
train,34460,8
train,21201,1
train,27962,6
train,21991,1
train,28162,6
train,42832,8
train,53381,0
train,9748,2
train,56757,1
train,56439,7
train,33319,1
train,41162,9
train,14853,1
train,30830,4
train,38961,6
train,33527,7
train,35422,3
train,7631,1
train,14951,5
train,119,0
train,48037,8
train,29394,0
train,49044,8
train,55839,5
train,56476,5
train,58987,4
train,15558,5
train,18635,8
train,42076,8
train,59243,9
train,1814,4
train,36354,5
train,22418,4
train,9512,6
train,36556,5
train,23944,9
train,36980,6
train,55308,2
train,47248,7
train,32345,6
train,29642,3
train,49932,1
train,26021,7
train,9907,1
train,19614,1
train,27917,3
train,20986,8
train,39893,6
train,12023,6
train,12516,0
train,34829,5
train,59995,8
train,37295,4
train,9923,2
train,22246,9
train,18558,9
train,26673,4
train,7232,5
train,58041,6
train,27605,9
train,48663,1
train,52147,7
train,39437,1
train,36430,7
train,39710,0
train,54052,2
train,2101,0
train,31645,6
train,15720,5
train,21442,4
train,37371,6
train,34315,3
train,28879,2
train,7378,0
train,4434,8
train,58282,7
train,28501,4
train,36017,4
train,7397,3
train,7392,2
train,24321,2
train,35091,2
train,39150,7
train,32636,8
train,24832,6
train,14184,3
train,38733,2
train,33430,7
train,6597,7
train,41401,0
train,48879,6
train,55732,3
train,55647,7
train,20031,9
train,57201,0
train,1594,3
train,32407,8
train,27393,2
train,41691,4
train,49822,8
train,30943,0
train,53347,4
train,9237,6
train,49560,3
train,30983,5
train,4641,4
train,51851,3
train,30118,7
train,56913,8
train,10458,1
train,25060,7
train,41894,1
train,26091,7
train,4310,0
train,22908,6
train,40787,8
train,51823,4
train,43285,7
train,20600,7
train,52752,7
train,23183,5
train,41322,5
train,22524,2
train,13557,9
train,20027,1
train,27217,6
train,17375,8
train,45236,9
train,24438,6
train,20472,8
train,50382,7
train,43786,9
train,41809,1
train,25346,3
train,32238,4
train,35478,2
train,52342,1
train,12396,4
train,48835,4
train,44159,0
train,24230,9
train,15952,7
train,45611,4
train,44093,1
train,33144,9
train,22520,6
train,32434,3
train,27212,3
train,57014,1
train,10453,3
train,6897,8
train,37884,4
train,9257,0
train,16131,6
train,53641,5
train,49356,7
train,53870,1
train,3464,1
train,46440,6
train,20998,6
train,50361,3
train,48095,7
train,40942,8
train,21184,5
train,18963,1
train,25410,4
train,2856,4
train,57526,7
train,1278,5
train,45318,4
train,57896,9
train,24323,5
train,55460,5
train,52854,1
train,42164,7
train,27043,5
train,43573,3
train,38751,1
train,43253,9
train,48125,7
train,53330,1
train,17297,9
train,21105,8
train,24771,1
train,36747,8
train,21465,1
train,7101,8
train,45013,6
train,58439,5
train,41335,2
train,16789,1
train,50131,3
train,52576,9
train,30958,1
train,6952,8
train,10977,9
train,48873,3
train,6898,3
train,44210,1
train,5651,7
train,44286,8
train,19168,1
train,19602,2
train,23540,7
train,39706,3
train,24132,3
train,49684,5
train,20492,3
train,35121,7
train,54985,0
train,5762,2
train,56029,3
train,9261,5
train,47367,3
train,3247,0
train,17380,7
train,14663,7
train,48107,2
train,14466,1
train,3846,7
train,53070,9
train,429,0
train,20241,9
train,23249,5
train,30405,5
train,57892,4
train,14241,4
train,57443,4
train,52629,0
train,14469,4
train,2160,0
train,53397,9
train,33362,7
train,55524,1
train,50969,3
train,20993,2
train,16415,0
train,39792,6
train,18965,3
train,29943,7
train,54365,7
train,45178,9
train,38435,2
train,5877,6
train,15675,0
train,13513,7
train,44660,0
train,40909,1
train,26730,9
train,9418,3
train,9300,3
train,7838,1
train,6471,5
train,3914,7
train,54532,7
train,17069,7
train,57053,0
train,10186,9
train,6473,6
train,11960,3
train,31084,1
train,35100,5
train,37540,3
train,1343,7
train,25403,2
train,2001,8
train,39378,8
train,47050,1
train,37935,9
train,37002,9
train,37831,6
train,31798,9
train,17278,7
train,19619,9
train,28419,8
train,36158,7
train,8063,1
train,11834,0
train,40502,3
train,4058,8
train,40918,1
train,14058,9
train,43712,0
train,55253,0
train,55405,8
train,10086,7
train,9815,1
train,55945,7
train,49564,9
train,31122,1
train,50194,1
train,12257,9
train,18883,9
train,33517,8
train,30136,3
train,1354,1
train,16303,9
train,20170,9
train,51740,5
train,33135,6
train,49638,3
train,24313,9
train,40375,3
train,17825,8
train,45357,4
train,31958,2
train,42628,9
train,37568,2
train,10459,4
train,13079,8
train,43377,5
train,26738,4
train,38179,0
train,10100,2
train,43224,3
train,14225,8
train,54242,3
train,20534,5
train,8375,7
train,34272,1
train,22556,5
train,3178,3
train,31346,5
train,29736,0
train,27131,2
train,26454,2
train,24333,3
train,17156,5
train,4585,1
train,5961,0
train,42574,4
train,30146,1
train,550,9
train,40478,5
train,51153,3
train,38765,8
train,35637,7
train,22345,1
train,47826,4
train,52046,1
train,36733,4
train,20251,4
train,57038,8
train,31682,5
train,26512,9
train,8507,8
train,30174,4
train,25482,8
train,48079,1
train,16665,1
train,52505,1
train,59786,0
train,33209,6
train,1268,0
train,53011,8
train,24325,7
train,40458,9
train,11879,4
train,22630,4
train,53407,0
train,17529,9
train,45491,5
train,39808,5
train,14835,2
train,41241,5
train,53574,8
train,34333,3
train,57288,0
train,22321,9
train,28459,6
train,51635,3
train,32035,2
train,1331,1
train,10799,9
train,14611,8
train,47023,2
train,47457,9
train,52849,1
train,15855,5
train,15753,0
train,15619,0
train,14436,9
train,36568,2
train,45632,9
train,17634,3
train,14178,6
train,19915,0
train,22081,9
train,58667,3
train,59941,4
train,30679,3
train,34473,5
train,23523,1
train,1446,4
train,37319,8
train,9268,3
train,46029,1
train,8852,2
train,34025,0
train,51108,0
train,41973,8
train,29037,5
train,43276,0
train,36635,8
train,57718,7
train,900,9
train,18739,3
train,31141,9
train,11740,4
train,16795,7
train,48451,6
train,49999,8
train,40299,4
train,22684,9
train,24032,4
train,2947,6
train,53271,8
train,3272,1
train,50089,4
train,14820,0
train,47301,5
train,37844,0
train,54358,4
train,52444,1
train,5284,3
train,5508,2
train,53121,2
train,46543,2
train,19147,9
train,23251,6
train,46849,2
train,53202,9
train,29658,1
train,10398,8
train,4471,3
train,28237,4
train,30033,6
train,42620,4
train,38978,4
train,23577,6
train,2035,6
train,2719,1
train,35111,2
train,20923,8
train,52989,9
train,46744,7
train,54185,8
train,56240,6
train,40704,5
train,52036,0
train,23867,9
train,55739,5
train,7791,9
train,45755,6
train,22404,3
train,30436,1
train,44991,5
train,11880,8
train,36483,4
train,53967,2
train,36166,2
train,51809,0
train,24802,6
train,34710,3
train,4230,2
train,2578,4
train,57982,5
train,52976,6
train,8271,9
train,37013,3
train,33849,4
train,51481,6
train,41107,3
train,36120,2
train,32662,7
train,53642,5
train,48490,7
train,49865,6
train,49263,0
train,35752,4
train,3630,8
train,23196,4
train,9304,9
train,7371,0
train,33042,0
train,15325,0
train,3704,9
train,33039,8
train,10978,2
train,9168,3
train,2755,5
train,3735,3
train,51501,8
train,55950,2
train,2333,0
train,31526,1
train,46260,7
train,34301,9
train,21645,9
train,7776,2
train,16081,0
train,10725,6
train,30467,8
train,35475,9
train,23871,4
train,27679,9
train,47825,5
train,55910,5
train,17159,5
train,44628,1
train,4303,7
train,46020,9
train,28407,2
train,9649,6
train,3276,7
train,49127,4
train,23286,4
train,260,0
train,28668,3
train,39517,7
train,9380,3
train,1691,5
train,11904,8
train,53162,1
train,33921,0
train,14575,1
train,22311,4
train,51731,5
train,36048,3
train,41180,8
train,33550,6
train,30211,2
train,56176,0
train,41715,1
train,32197,7
train,31181,1
train,43972,1
train,8113,0
train,41857,0
train,53310,1
train,3561,1
train,11819,6
train,15169,0
train,29605,7
train,22281,8
train,44241,8
train,40929,2
train,55934,7
train,1821,7
train,387,7
train,56204,3
train,7944,0
train,1315,3
train,54802,6
train,31698,7
train,33551,4
train,18346,7
train,14670,5
train,8227,3
train,53861,0
train,31667,3
train,21064,0
train,3284,9
train,50374,3
train,53068,6
train,49878,1
train,16843,7
train,56263,2
train,42284,3
train,1529,3
train,29186,7
train,38797,3
train,36788,0
train,4508,3
train,8527,0
train,39744,3
train,25943,6
train,1368,0
train,52327,3
train,26239,5
train,1129,2
train,53429,0
train,21524,3
train,4840,7
train,4140,1
train,18661,2
train,29066,5
train,8324,8
train,20309,2
train,49490,5
train,13068,4
train,33092,1
train,26333,2
train,17029,1
train,22225,0
train,41960,3
train,49922,5
train,16052,7
train,57003,0
train,19755,2
train,4568,9
train,53521,1
train,51416,5
train,3181,3
train,535,1
train,18290,2
train,24428,6
train,41324,7
train,56172,6
train,41900,2
train,54553,2
train,40928,8
train,1169,9
train,23796,3
train,10800,8
train,7725,4
train,19737,2
train,17206,7
train,8795,3
train,25833,7
train,22573,2
train,43073,4
train,37262,4
train,7415,3
train,51936,1
train,2917,3
train,2536,3
train,324,7
train,11906,9
train,23629,5
train,178,2
train,44727,2
train,39667,4
train,26800,2
train,35749,1
train,35763,9
train,20994,5
train,24590,4
train,13467,0
train,17738,0
train,37068,7
train,23012,1
train,11436,2
train,12895,3
train,27216,5
train,30476,5
train,14712,0
train,14568,9
train,53676,9
train,48825,5
train,1265,5
train,21398,1
train,295,8
train,28830,6
train,38139,0
train,28530,9
train,25740,3
train,28254,5
train,36583,7
train,47555,0
train,8720,6
train,11594,7
train,12451,3
train,20121,3
train,24991,9
train,41886,4
train,18471,0
train,30408,1
train,37032,8
train,38794,7
train,40930,5
train,36742,4
train,41157,6
train,42409,6
train,32832,4
train,44282,3
train,11477,5
train,31399,8
train,15315,5
train,59076,2
train,43821,7
train,3172,6
train,41850,3
train,58563,2
train,24567,1
train,14165,0
train,46658,8
train,26779,2
train,54319,4
train,56850,7
train,56290,8
train,41091,5
train,18114,8
train,39158,5
train,20006,5
train,3278,4
train,38076,7
train,53182,3
train,27253,5
train,53567,5
train,10144,3
train,50774,0
train,10628,8
train,31691,3
train,4742,3
train,31339,6
train,18018,5
train,23832,5
train,13031,2
train,25206,0
train,9545,7
train,6262,1
train,43180,3
train,11018,2
train,18413,2
train,14348,7
train,20138,9
train,45474,3
train,8222,1
train,36294,6
train,20637,6
train,13183,4
train,56226,1
train,30616,1
train,28287,6
train,19310,9
train,50622,6
train,26783,3
train,40935,8
train,51389,7
train,14732,6
train,10003,9
train,9099,8
train,27270,1
train,15126,5
train,10836,6
train,47816,0
train,22057,7
train,40305,3
train,10226,5
train,24977,4
train,31931,6
train,7858,0
train,47018,6
train,46642,7
train,10175,4
train,55556,0
train,32855,1
train,59563,5
train,17014,6
train,12044,3
train,44350,3
train,40183,2
train,12345,3
train,31750,4
train,34225,8
train,14722,0
train,41432,0
train,10457,7
train,40465,7
train,46288,2
train,22507,8
train,27963,5
train,8521,5
train,54318,2
train,56917,2
train,9702,6
train,57334,7
train,46363,7
train,28655,4
train,49383,9
train,15328,2
train,26064,9
train,42441,3
train,26212,9
train,3328,0
train,8039,3
train,5219,9
train,44480,5
train,14769,4
train,25928,0
train,25785,1
train,42852,1
train,24700,7
train,47340,1
train,47034,8
train,608,7
train,16453,3
train,1993,5
train,25610,7
train,9280,6
train,32740,7
train,46818,0
train,42756,5
train,3449,6
train,16888,0
train,29113,9
train,17932,0
train,19593,8
train,30965,0
train,37922,7
train,11933,0
train,34790,9
train,38126,0
train,23153,7
train,57831,2
train,10634,4
train,4007,5
train,27759,1
train,55332,4
train,53231,3
train,41229,3
train,21890,0
train,12518,6
train,53172,5
train,40581,2
train,58037,4
train,40038,0
train,1982,7
train,42609,5
train,8753,8
train,6280,7
train,57271,5
train,11776,5
train,50843,6
train,46090,0
train,43943,3
train,51499,0
train,43163,7
train,11572,5
train,40135,4
train,33589,3
train,24576,6
train,58321,5
train,38798,5
train,22043,0
train,10796,3
train,37322,2
train,58491,3
train,33618,7
train,27744,1
train,38555,6
train,37215,7
train,36053,4
train,36316,7
train,20605,7
train,34064,0
train,1567,6
train,59997,5
train,59672,2
train,29268,5
train,3751,7
train,31376,9
train,28065,8
train,13580,5
train,46476,5
train,50148,3
train,18032,6
train,9726,8
train,29626,2
train,653,5
train,59050,9
train,54001,3
train,42959,7
train,54533,1
train,5996,6
train,29631,4
train,20689,9
train,51998,3
train,9407,9
train,25712,9
train,61,4
train,11994,7
train,49690,9
train,46688,7
train,34066,9
train,7295,3
train,31471,4
train,10520,3
train,52308,4
train,36508,5
train,11231,0
train,23436,8
train,11109,2
train,45802,8
train,48016,5
train,56050,0
train,15736,2
train,5237,1
train,3581,8
train,44510,3
train,37565,1
train,31170,9
train,17501,9
train,3414,9
train,2730,1
train,29213,9
train,46530,4
train,34711,5
train,33279,1
train,35244,1
train,17137,2
train,52975,2
train,54354,0
train,5075,1
train,22577,7
train,25021,7
train,29131,8
train,24094,7
train,11585,4
train,44385,3
train,6885,1
train,56307,8
train,51655,3
train,26506,4
train,44347,2
train,38010,2
train,7656,1
train,38802,0
train,10572,8
train,49518,0
train,6516,3
train,26286,5
train,3325,6
train,10338,4
train,35770,2
train,25746,3
train,41453,3
train,44161,0
train,25730,6
train,54450,8
train,17644,9
train,19979,0
train,39552,1
train,55258,4
train,42782,7
train,21426,6
train,9517,6
train,59630,3
train,8977,2
train,248,1
train,38389,7
train,43474,3
train,19194,8
train,35897,1
train,3564,2
train,47567,8
train,12526,7
train,57253,6
train,38887,9
train,58038,0
train,39843,1
train,30938,1
train,27251,8
train,32113,6
train,40371,9
train,20554,9
train,27958,8
train,8881,6
train,29538,4
train,45908,0
train,37201,1
train,52910,9
train,18560,4
train,19707,9
train,4961,5
train,18569,3
train,54366,5
train,6045,0
train,24178,9
train,46221,3
train,43884,0
train,16018,2
train,35492,2
train,21235,4
train,49661,8
train,50205,0
train,24360,2
train,58872,5
train,22390,9
train,59974,2
train,13743,2
train,47263,0
train,39142,8
train,2713,5
train,17705,8
train,9188,7
train,1115,1
train,2656,6
train,9420,3
train,50470,3
train,22005,7
train,13872,0
train,28011,7
train,24500,7
train,49653,9
train,33937,1
train,30494,8
train,58905,8
train,2574,7
train,17481,7
train,23095,0
train,30037,0
train,59742,2
train,42518,1
train,47963,6
train,19899,0
train,19259,7
train,25350,7
train,34613,1
train,25506,7
train,22957,3
train,22840,6
train,6127,4
train,31627,3
train,54249,3
train,40985,2
train,16740,9
train,3080,1
train,44705,1
train,51863,9
train,37479,8
train,2267,9
train,27600,2
train,21543,5
train,18370,2
train,1093,0
train,107,3
train,46777,4
train,57212,8
train,51450,8
train,58728,2
train,31919,9
train,5926,3
train,18537,7
train,32580,7
train,42698,5
train,52117,9
train,49397,1
train,58023,4
train,17566,2
train,43775,3
train,6950,9
train,30518,6
train,35769,4
train,58845,5
train,7624,2
train,4983,9
train,27189,2
train,13434,2
train,56937,6
train,25625,9
train,3185,5
train,20866,7
train,34291,1
train,36181,9
train,3409,0
train,28145,7
train,6115,7
train,55080,1
train,34449,4
train,51631,1
train,16085,0
train,15133,0
train,15600,0
train,43000,9
train,40539,2
train,50272,8
train,30450,8
train,47818,3
train,53801,9
train,48338,6
train,4082,0
train,39409,5
train,49970,6
train,26047,7
train,31271,7
train,39041,1
train,9449,2
train,18144,6
train,49856,2
train,13464,0
train,37798,2
train,20379,4
train,14764,6
train,45453,2
train,9131,0
train,110,9
train,44808,6
train,33913,7
train,58182,2
train,36925,7
train,11286,2
train,29566,4
train,36596,4
train,10737,4
train,8263,5
train,24787,3
train,13372,1
train,31752,6
train,5846,6
train,47217,3
train,26084,3
train,43277,7
train,40219,1
train,49370,0
train,9030,4
train,30128,6
train,3678,9
train,17967,3
train,31530,8
train,18273,0
train,15370,6
train,1151,3
train,47946,3
train,44544,4
train,53527,3
train,27504,6
train,37440,2
train,23210,0
train,20729,7
train,40008,5
train,36776,8
train,16871,7
train,29707,6
train,21103,6
train,39154,6
train,38272,1
train,11688,9
train,10281,8
train,9659,6
train,42977,7
train,38845,1
train,53638,5
train,37553,9
train,6914,7
train,56448,3
train,22495,4
train,40304,6
train,26274,7
train,24537,0
train,43839,6
train,52924,3
train,36647,4
train,49959,6
train,57210,8
train,22744,0
train,30864,5
train,54486,0
train,29368,0
train,30903,5
train,6600,7
train,7272,0
train,2983,4
train,48144,7
train,40916,7
train,41993,4
train,8438,4
train,54691,7
train,26360,5
train,23296,8
train,41678,4
train,9210,6
train,2965,5
train,10279,2
train,24172,7
train,11247,7
train,17373,7
train,37138,1
train,36185,1
train,18975,3
train,16012,1
train,28653,3
train,51412,8
train,59371,9
train,48847,5
train,21709,1
train,42173,9
train,12814,3
train,24953,8
train,31835,7
train,54825,1
train,32850,3
train,44888,3
train,8049,7
train,4636,4
train,10131,7
train,47516,1
train,55474,3
train,16899,4
train,58160,0
train,57228,4
train,41656,7
train,1056,9
train,51200,9
train,48997,8
train,824,7
train,21443,2
train,48345,5
train,44674,5
train,39934,6
train,2455,7
train,41833,9
train,40331,6
train,34851,2
train,47449,5
train,59415,2
train,23998,9
train,40761,5
train,48747,9
train,33025,1
train,14860,1
train,21708,8
train,52154,0
train,27002,5
train,4978,1
train,41738,9
train,12344,3
train,38168,4
train,56807,9
train,48438,0
train,47139,0
train,23191,5
train,8362,7
train,29095,8
train,38619,4
train,48044,1
train,36445,8
train,31962,3
train,1617,6
train,58051,1
train,1005,9
train,50248,9
train,19074,0
train,57731,8
train,31737,9
train,26354,7
train,59435,7
train,49297,3
train,51684,4
train,34234,4
train,52108,5
train,20616,3
train,6426,5
train,43553,1
train,20176,4
train,19804,1
train,30883,3
train,49295,8
train,47690,0
train,40748,5
train,1573,2
train,48530,9
train,54400,5
train,27311,2
train,3780,7
train,26573,4
train,57444,9
train,40099,0
train,36085,1
train,34389,4
train,43124,2
train,26059,1
train,56037,7
train,38638,8
train,57866,7
train,24425,2
train,39228,2
train,53208,8
train,15909,7
train,36836,4
train,44636,4
train,59724,7
train,33928,5
train,17429,1
train,29621,0
train,26649,2
train,18510,9
train,53553,6
train,18055,0
train,56892,7
train,12470,5
train,53152,5
train,816,6
train,30559,8
train,55146,8
train,37368,3
train,54421,0
train,54120,8
train,392,3
train,7670,5
train,16080,1
train,33184,2
train,44889,3
train,47815,0
train,31658,2
train,20549,7
train,37113,0
train,42275,0
train,50817,6
train,50398,5
train,51781,1
train,53199,1
train,39747,6
train,8517,7
train,50062,1
train,2095,7
train,29255,6
train,20873,8
train,46179,9
train,11563,2
train,55883,4
train,23873,3
train,7892,0
train,43698,8
train,1285,5
train,26429,1
train,2397,6
train,29178,8
train,20980,7
train,27221,4
train,44959,3
train,9211,2
train,45483,7
train,51657,4
train,46337,8
train,8763,0
train,48979,7
train,38665,2
train,49827,6
train,48569,9
train,2534,2
train,51280,9
train,49891,7
train,22132,2
train,2671,3
train,49930,6
train,37970,0
train,4061,7
train,19475,8
train,45857,0
train,50659,9
train,21957,9
train,54712,8
train,49963,8
train,45126,0
train,33742,6
train,55645,6
train,34339,9
train,28388,2
train,57451,0
train,9592,3
train,24331,2
train,11707,5
train,30130,3
train,31802,2
train,48399,4
train,1952,2
train,3300,2
train,58309,1
train,49585,3
train,32795,1
train,40169,4
train,8106,1
train,44616,8
train,341,3
train,14984,9
train,15073,1
train,51468,1
train,55267,1
train,51494,5
train,56324,3
train,4879,9
train,43582,6
train,24300,9
train,16607,0
train,44795,7
train,16251,4
train,8810,2
train,47491,4
train,50546,2
train,59377,5
train,59373,1
train,57238,8
train,25958,5
train,25422,6
train,20452,7
train,9820,0
train,42710,4
train,32442,4
train,27075,3
train,24976,4
train,31223,4
train,51613,3
train,56265,3
train,52149,7
train,37331,9
train,27359,8
train,29137,9
train,42481,6
train,26122,8
train,13980,3
train,40722,3
train,5479,1
train,15968,3
train,55078,7
train,9801,5
train,22721,3
train,6377,2
train,27993,9
train,49594,0
train,55183,2
train,15715,2
train,15432,4
train,13858,6
train,28647,0
train,49365,7
train,11100,6
train,14872,8
train,55686,1
train,20536,1
train,12683,8
train,25995,4
train,40803,0
train,15568,4
train,36066,8
train,57994,6
train,4211,7
train,39761,3
train,31729,1
train,46370,3
train,40165,7
train,30019,8
train,46575,1
train,59799,4
train,46635,5
train,22825,3
train,21618,1
train,7846,0
train,19334,7
train,24532,3
train,8245,5
train,31979,5
train,37321,9
train,51993,6
train,53382,3
train,38221,2
train,1180,4
train,25954,5
train,52604,4
train,8636,6
train,58787,8
train,41327,8
train,17844,4
train,16100,7
train,23888,3
train,6029,6
train,57709,4
train,37444,8
train,43952,3
train,57905,7
train,55951,6
train,34856,2
train,41092,8
train,31537,1
train,29111,9
train,27698,9
train,55470,3
train,31225,9
train,6668,9
train,4094,3
train,8975,5
train,16820,8
train,39933,3
train,58693,8
train,32089,9
train,31032,3
train,8956,4
train,16741,8
train,57423,9
train,3067,0
train,53093,4
train,28728,6
train,45252,4
train,194,4
train,40418,0
train,39444,1
train,39646,1
train,45424,4
train,19288,5
train,15305,7
train,48931,1
train,24725,5
train,18877,4
train,29713,0
train,7793,8
train,53764,9
train,9898,5
train,4487,1
train,47670,1
train,11730,6
train,45551,7
train,51120,1
train,27652,2
train,15071,5
train,54206,6
train,34392,0
train,53044,9
train,4559,7
train,33162,8
train,18606,0
train,33780,8
train,14427,1
train,6172,2
train,20310,7
train,38807,8
train,7226,7
train,57916,0
train,42253,6
train,23128,9
train,52092,7
train,26276,9
train,57485,7
train,23707,6
train,46198,6
train,40438,1
train,29900,7
train,28787,2
train,36039,2
train,55046,1
train,26722,0
train,33476,8
train,28714,0
train,3120,1
train,35314,4
train,26010,7
train,37966,6
train,31494,1
train,48575,7
train,52362,1
train,50354,0
train,28968,0
train,47689,3
train,12804,5
train,12395,7
train,26920,6
train,38009,2
train,52772,9
train,15747,3
train,20448,2
train,16912,4
train,57260,6
train,22175,8
train,25599,6
train,29752,9
train,33867,7
train,33799,1
train,17120,6
train,44037,4
train,57712,4
train,17450,4
train,33798,7
train,48908,1
train,3521,3
train,49768,1
train,22322,3
train,34563,8
train,6560,4
train,24776,0
train,44564,5
train,32022,2
train,45823,0
train,17467,3
train,52769,5
train,58141,5
train,29535,8
train,32230,6
train,13633,5
train,59262,3
train,32249,9
train,14383,3
train,9683,9
train,15120,0
train,47810,6
train,2343,5
train,16488,9
train,53913,8
train,36380,1
train,16656,1
train,53142,9
train,34763,8
train,33604,6
train,55669,2
train,34330,9
train,56891,8
train,35467,8
train,9328,5
train,16902,2
train,1727,2
train,1170,8
train,39857,1
train,11680,6
train,51794,5
train,27334,9
train,36775,2
train,38,7
train,13214,0
train,32209,3
train,33754,3
train,5902,2
train,40525,1
train,9995,5
train,12584,0
train,17988,3
train,4122,9
train,19855,3
train,58668,0
train,28946,0
train,37060,9
train,38051,9
train,15693,9
train,19496,6
train,2517,2
train,31047,2
train,15401,6
train,27211,3
train,21928,1
train,46515,7
train,55835,9
train,2012,1
train,34773,0
train,8162,1
train,11338,5
train,57538,4
train,44881,2
train,31815,1
train,40241,0
train,28978,6
train,30113,4
train,35553,7
train,23391,8
train,316,5
train,51220,6
train,3303,9
train,34281,4
train,24029,9
train,44772,7
train,41837,0
train,35364,8
train,11488,7
train,20478,0
train,49994,4
train,25241,6
train,5235,1
train,52868,1
train,5691,1
train,4812,4
train,52784,2
train,5152,3
train,44856,1
train,26888,2
train,45412,2
train,13950,1
train,47259,1
train,49498,2
train,37075,8
train,26375,6
train,8667,6
train,47117,7
train,23423,9
train,2233,3
train,15606,3
train,29771,5
train,30282,3
train,25275,8
train,44381,5
train,51419,2
train,17732,5
train,22547,4
train,50735,3
train,23892,1
train,19825,5
train,20359,5
train,20449,7
train,30613,4
train,51513,8
train,8380,4
train,12661,3
train,5982,4
train,22228,7
train,3315,4
train,6248,7
train,48587,3
train,13625,1
train,37211,9
train,29573,2
train,59317,2
train,49213,9
train,25690,0
train,23285,9
train,48124,7
train,48928,4
train,12035,3
train,49334,5
train,6072,8
train,37312,8
train,28255,6
train,48791,0
train,7698,3
train,11239,8
train,5758,2
train,39715,0
train,3743,0
train,29374,0
train,30845,9
train,2073,2
train,26057,3
train,33415,4
train,10218,6
train,55034,7
train,55894,5
train,20621,8
train,59256,0
train,36317,1
train,43485,6
train,24091,6
train,57289,2
train,59570,6
train,29379,9
train,4248,1
train,14462,1
train,38710,4
train,11146,8
train,25254,8
train,14342,2
train,19296,2
train,59828,3
train,15440,2
train,35621,1
train,23571,7
train,16353,5
train,21691,2
train,38087,9
train,53792,1
train,52710,1
train,46224,2
train,9255,3
train,58201,8
train,18052,6
train,36333,1
train,23590,7
train,52087,4
train,14502,9
train,28535,7
train,35992,2
train,36329,3
train,21504,2
train,39164,6
train,53851,0
train,1999,0
train,12132,1
train,42867,0
train,44034,3
train,54311,9
train,25650,0
train,36915,8
train,42123,6
train,1527,1
train,52949,4
train,47061,7
train,26949,9
train,53187,1
train,83,6
train,15317,6
train,30651,0
train,14479,9
train,9639,3
train,29448,1
train,55026,8
train,49317,1
train,18258,1
train,7152,4
train,30321,4
train,36849,0
train,40227,5
train,30440,6
train,17586,1
train,12750,3
train,2999,5
train,47356,3
train,2851,2
train,39058,4
train,59459,5
train,45852,2
train,14410,3
train,11139,9
train,46187,3
train,44741,9
train,50907,1
train,54247,2
train,17078,2
train,58866,0
train,15335,3
train,14201,7
train,49806,7
train,57827,0
train,18326,5
train,19922,4
train,44968,8
train,15297,3
train,16831,3
train,56260,3
train,15564,0
train,10504,4
train,29558,4
train,20785,8
train,7806,1
train,21011,5
train,7541,9
train,5454,9
train,27660,2
train,55472,3
train,33385,1
train,20887,1
train,29074,0
train,46076,7
train,44605,6
train,27921,5
train,35517,6
train,43640,6
train,38130,3
train,22999,3
train,27451,2
train,18899,1
train,52167,1
train,22375,0
train,43460,3
train,29112,5
train,24770,3
train,52002,1
train,42908,3
train,14089,0
train,10133,4
train,47571,4
train,44571,6
train,14646,2
train,51569,2
train,43233,5
train,32537,5
train,25319,7
train,967,4
train,37169,3
train,40273,1
train,56487,9
train,16748,3
train,26478,3
train,39323,2
train,26172,4
train,37190,1
train,42694,6
train,46331,5
train,27638,0
train,53019,2
train,3050,6
train,27153,0
train,56528,3
train,440,0
train,39021,5
train,21110,8
train,18088,4
train,49175,6
train,31618,5
train,10275,6
train,17225,1
train,41940,6
train,47045,6
train,55036,1
train,48185,0
train,22433,9
train,51597,9
train,20950,4
train,5903,1
train,8847,9
train,22748,1
train,24019,4
train,54146,9
train,32816,9
train,49303,8
train,39809,4
train,24497,9
train,43673,6
train,9190,4
train,56421,6
train,55656,0
train,34686,6
train,48131,1
train,24485,2
train,17003,0
train,43246,1
train,8553,4
train,9137,4
train,13524,3
train,5480,2
train,44866,8
train,41587,5
train,48030,9
train,27247,0
train,20952,3
train,20682,6
train,45113,6
train,48948,7
train,45097,7
train,52943,9
train,28603,2
train,1646,4
train,53262,3
train,23178,7
train,22704,5
train,33091,1
train,52819,1
train,11259,3
train,3372,7
train,25902,2
train,22490,1
train,31776,4
train,37662,5
train,27915,2
train,53856,4
train,14253,8
train,44407,9
train,21562,9
train,27277,9
train,22565,5
train,52461,6
train,28339,6
train,52942,2
train,2121,0
train,58135,2
train,9982,8
train,37666,6
train,39206,6
train,25490,4
train,29295,6
train,45229,1
train,46428,8
train,27004,9
train,44209,2
train,22755,8
train,33570,8
train,19299,4
train,27636,8
train,37647,0
train,5649,3
train,1950,9
train,23110,6
train,8997,2
train,6704,0
train,14685,1
train,11098,6
train,1039,5
train,16610,1
train,3382,9
train,35962,6
train,49345,4
train,47043,2
train,29286,9
train,32488,5
train,49876,1
train,40902,5
train,1690,5
train,9036,2
train,49195,4
train,51577,9
train,30253,4
train,45647,8
train,29886,8
train,50214,3
train,28137,3
train,24289,1
train,45578,4
train,18220,6
train,50388,4
train,47157,3
train,43333,8
train,58109,7
train,1280,4
train,4620,6
train,42950,2
train,53985,4
train,51149,1
train,41751,8
train,33004,3
train,29891,6
train,33313,9
train,41424,1
train,42424,1
train,39816,9
train,29653,3
train,22154,3
train,5458,3
train,21154,3
train,36193,5
train,17580,3
train,34311,8
train,28544,2
train,54116,4
train,33985,1
train,44462,3
train,47229,1
train,11586,8
train,29205,0
train,56746,6
train,11659,5
train,46077,1
train,33426,4
train,46600,3
train,12008,0
train,25537,1
train,17565,4
train,22050,9
train,23823,0
train,77,1
train,51987,3
train,58118,7
train,20933,5
train,11977,2
train,14818,9
train,43365,9
train,51092,3
train,32408,2
train,51945,9
train,42729,6
train,47711,2
train,33785,2
train,47629,5
train,2598,8
train,29712,5
train,35231,3
train,22313,7
train,37991,3
train,32591,8
train,42969,2
train,29025,2
train,49055,3
train,50129,7
train,45099,2
train,49867,7
train,38163,1
train,34132,7
train,3886,2
train,9221,1
train,20778,9
train,55325,5
train,51913,9
train,16550,6
train,19033,4
train,9126,6
train,19437,9
train,3287,6
train,18372,1
train,6337,0
train,49551,7
train,58250,3
train,51176,5
train,12038,1
train,443,1
train,14777,7
train,11191,8
train,28133,1
train,53961,7
train,17090,1
train,35793,0
train,33756,9
train,13263,4
train,55735,7
train,20368,4
train,19279,5
train,45882,8
train,42961,8
train,49897,4
train,36295,3
train,45588,1
train,24964,7
train,20544,3
train,4665,5
train,30675,3
train,33810,8
train,17442,3
train,9,4
train,48221,7
train,58793,3
train,4573,5
train,51146,4
train,40289,2
train,45248,6
train,58325,4
train,449,6
train,21850,5
train,19977,3
train,50185,0
train,373,4
train,18777,9
train,56024,5
train,45040,7
train,46084,7
train,26973,9
train,1849,6
train,9483,9
train,29660,9
train,19367,8
train,15615,4
train,1226,3
train,16715,3
train,5420,2
train,37652,3
train,33792,4
train,6366,1
train,2649,9
train,54791,4
train,57527,3
train,2306,1
train,32222,6
train,40665,8
train,39561,2
train,31565,9
train,519,0
train,21224,9
train,2684,2
train,15474,3
train,21577,2
train,10930,6
train,50740,8
train,30158,1
train,44200,8
train,5349,7
train,43572,6
train,32763,2
train,57788,3
train,10018,4
train,36844,2
train,20444,9
train,56644,1
train,26111,4
train,27672,2
train,9598,7
train,17544,5
train,20476,5
train,53316,5
train,1460,4
train,44146,3
train,29682,6
train,41065,9
train,36029,9
train,51187,1
train,22967,9
train,27248,3
train,24750,6
train,9158,0
train,338,4
train,28309,7
train,1497,1
train,32986,1
train,1873,8
train,31146,2
train,21688,8
train,4025,9
train,12866,6
train,33643,9
train,53871,1
train,49253,5
train,48872,5
train,41796,4
train,49116,7
train,24538,9
train,50604,8
train,8397,8
train,5847,5
train,9724,7
train,17656,9
train,57747,4
train,14771,2
train,27751,1
train,17349,0
train,15946,0
train,23543,1
train,52524,7
train,27364,4
train,56639,0
train,31259,8
train,29929,4
train,28884,8
train,21302,9
train,12024,3
train,24237,6
train,59677,2
train,51490,0
train,8915,8
train,10436,2
train,19379,7
train,17305,1
train,32946,0
train,35477,8
train,13172,6
train,28489,0
train,9269,0
train,57537,4
train,20262,4
train,30360,9
train,2282,5
train,53013,2
train,27937,3
train,52223,1
train,51139,6
train,33518,6
train,42203,3
train,50983,5
train,39959,2
train,21072,9
train,49220,0
train,29375,1
train,19304,1
train,48450,7
train,20424,2
train,26155,9
train,44758,2
train,49078,4
train,9847,8
train,35243,0
train,47971,2
train,23396,1
train,56070,8
train,58127,9
train,21134,4
train,32467,8
train,55379,6
train,57379,8
train,46531,5
train,348,8
train,24609,6
train,44909,6
train,6041,8
train,51539,1
train,54068,6
train,11009,4
train,27414,0
train,25120,8
train,20084,9
train,44436,8
train,21100,6
train,49864,3
train,27942,5
train,50265,3
train,5322,4
train,39707,1
train,44547,9
train,31529,1
train,38362,5
train,32001,5
train,53892,6
train,12880,0
train,2094,1
train,29833,7
train,49526,6
train,52552,1
train,44272,8
train,26150,5
train,44107,9
train,26550,3
train,25698,9
train,8543,1
train,4052,8
train,8196,7
train,11128,6
train,47503,5
train,54034,8
train,29101,0
train,18440,5
train,26854,7
train,12731,4
train,47455,3
train,18839,5
train,20349,0
train,54396,7
train,58966,3
train,266,5
train,30353,2
train,2254,4
train,48588,8
train,33886,6
train,48713,9
train,55150,1
train,59841,6
train,3896,0
train,16086,1
train,40860,1
train,45084,9
train,16096,3
train,33381,0
train,28974,5
train,42006,8
train,40773,5
train,10013,4
train,31510,7
train,9816,6
train,45538,4
train,34474,5
train,33150,8
train,31074,9
train,38421,6
train,50126,7
train,37803,6
train,28076,0
train,1248,4
train,28455,5
train,37338,9
train,1603,3
train,6982,6
train,559,8
train,28534,5
train,17142,9
train,49736,7
train,7138,1
train,57378,1
train,1220,4
train,55603,7
train,10036,6
train,50378,3
train,48781,3
train,22753,7
train,11206,9
train,11656,5
train,23546,5
train,53830,6
train,38914,0
train,28587,8
train,55467,7
train,27108,2
train,10411,2
train,29171,2
train,7983,2
train,6365,1
train,21508,0
train,3549,1
train,54880,5
train,58324,3
train,33729,3
train,10280,5
train,13963,7
train,16913,4
train,18597,7
train,38464,1
train,8538,1
train,11937,7
train,1973,4
train,34768,2
train,22991,4
train,59901,0
train,32556,4
train,13603,5
train,44338,3
train,49423,4
train,57638,9
train,41982,9
train,18527,3
train,47843,4
train,55966,3
train,25492,2
train,58806,1
train,3410,0
train,10827,3
train,36791,4
train,39501,9
train,12742,7
train,28199,3
train,50994,7
train,49393,5
train,49894,0
train,12911,2
train,12277,9
train,12114,6
train,22369,2
train,21012,2
train,17210,0
train,5674,0
train,36081,2
train,19942,5
train,48433,6
train,40805,3
train,277,2
train,40814,8
train,33909,5
train,58234,1
train,55182,8
train,42268,1
train,14310,1
train,35596,1
train,5707,2
train,52780,1
train,55303,4
train,39401,7
train,39532,9
train,27178,2
train,52190,5
train,15111,4
train,16921,0
train,4928,7
train,24738,1
train,42907,3
train,57607,1
train,41557,0
train,42893,1
train,21522,2
train,34174,6
train,51399,2
train,23358,6
train,5011,3
train,7462,0
train,34114,5
train,31884,2
train,57162,0
train,47401,8
train,17280,3
train,17418,1
train,55412,1
train,50235,0
train,16388,9
train,16272,7
train,135,3
train,25432,9
train,53030,0
train,59937,7
train,50025,3
train,58471,5
train,57648,8
train,59627,8
train,1398,6
train,8056,5
train,53628,2
train,2716,1
train,9785,6
train,36861,8
train,12775,3
train,49035,1
train,46674,3
train,37683,4
train,14620,4
train,33765,8
train,35615,3
train,28993,0
train,47149,7
train,51141,7
train,43581,6
train,10893,7
train,48406,8
train,42565,3
train,56982,5
train,30701,9
train,15308,1
train,8314,6
train,58942,8
train,50706,7
train,37835,7
train,6356,1
train,19484,4
train,52377,4
train,46374,4
train,6611,0
train,19052,8
train,56753,9
train,25642,7
train,11772,2
train,56798,7
train,43270,6
train,2615,0
train,17549,0
train,34550,4
train,11092,7
train,35409,0
train,43144,5
train,56561,3
train,23208,4
train,9533,6
train,13093,3
train,29530,4
train,43763,7
train,12648,8
train,42148,7
train,5669,9
train,48864,6
train,19553,6
train,49165,8
train,56056,8
train,58945,2
train,9175,1
train,29824,9
train,47659,9
train,59232,4
train,54838,2
train,1523,7
train,12531,9
train,49456,6
train,6827,3
train,35197,1
train,36233,8
train,3670,3
train,5995,7
train,10197,8
train,18177,6
train,36198,0
train,19891,2
train,59490,3
train,25816,7
train,42195,7
train,23108,0
train,23087,2
train,37186,3
train,1432,3
train,18433,8
train,33271,7
train,15947,3
train,58137,2
train,56132,7
train,36904,2
train,3934,2
train,6823,0
train,57115,0
train,34639,0
train,19247,3
train,31724,3
train,33982,2
train,54854,2
train,33045,1
train,23855,4
train,15716,1
train,11570,3
train,47606,4
train,48707,6
train,683,7
train,56646,4
train,17515,8
train,58696,9
train,34707,8
train,8601,9
train,50371,7
train,27344,9
train,7465,0
train,54792,7
train,38373,4
train,38651,9
train,45025,4
train,33483,9
train,48949,1
train,5138,4
train,592,6
train,27842,6
train,10120,0
train,53612,7
train,40274,8
train,54205,6
train,49833,9
train,44211,3
train,14363,2
train,41230,5
train,28110,1
train,49443,0
train,36500,9
train,37576,6
train,59580,4
train,12197,4
train,8935,0
train,26813,8
train,10185,5
train,5354,3
train,53698,9
train,14713,5
train,42659,5
train,15496,3
train,36373,1
train,32737,5
train,1275,4
train,46719,8
train,40605,1
train,33938,2
train,54935,8
train,25388,8
train,57887,0
train,20611,1
train,33094,2
train,27895,1
train,33846,4
train,49748,3
train,56785,2
train,17405,8
train,59483,6
train,14000,1
train,21118,8
train,31731,7
train,44081,9
train,1405,1
train,59423,8
train,15089,9
train,53610,1
train,38776,7
train,23661,7
train,37251,4
train,53935,9
train,13090,1
train,28238,1
train,39089,7
train,12196,2
train,43622,4
train,42363,7
train,45847,4
train,10101,6
train,3508,9
train,42859,1
train,9034,0
train,2884,6
train,38181,6
train,53684,0
train,7568,7
train,56705,4
train,31418,5
train,31049,3
train,39791,4
train,1064,8
train,32548,5
train,909,3
train,32102,8
train,41784,1
train,20145,2
train,19559,6
train,55729,5
train,58971,3
train,36104,9
train,50477,1
train,8470,2
train,53377,2
train,25855,3
train,49676,4
train,21980,3
train,1493,6
train,45890,5
train,24239,7
train,56657,3
train,30109,7
train,14484,2
train,20896,6
train,24822,4
train,9444,7
train,18490,4
train,47215,4
train,41581,2
train,37771,8
train,17522,5
train,38613,8
train,45344,5
train,13147,6
train,5008,9
train,43931,6
train,14486,5
train,416,1
train,8454,6
train,56992,7
train,421,6
train,53820,4
train,11353,9
train,44284,4
train,22632,1
train,33324,5
train,49043,6
train,15825,0
train,33714,4
train,58025,5
train,22106,1
train,23103,4
train,39468,5
train,10581,1
train,59376,4
train,20826,9
train,45688,9
train,14415,4
train,52715,1
train,40848,1
train,6357,0
train,49489,9
train,29453,2
train,6122,1
train,52424,4
train,56383,3
train,31556,1
train,27117,5
train,55908,5
train,1909,1
train,44078,6
train,18651,2
train,40543,6
train,17766,3
train,21092,3
train,22024,3
train,13220,6
train,24559,5
train,35958,8
train,35535,5
train,27899,3
train,13342,8
train,13537,1
train,16358,5
train,9601,8
train,46906,7
train,21849,4
train,28379,7
train,50968,0
train,5015,0
train,43713,4
train,26552,5
train,26480,4
train,45288,0
train,37762,7
train,33386,8
train,22027,2
train,59969,9
train,10055,9
train,3292,9
train,10424,3
train,38192,6
train,29282,7
train,46652,3
train,50096,2
train,55710,1
train,47613,7
train,26639,0
train,3249,7
train,25071,3
train,29568,6
train,33701,9
train,36736,5
train,34724,2
train,3906,0
train,43065,3
train,36141,1
train,9149,4
train,53695,5
train,35987,8
train,38969,9
train,5586,6
train,37096,8
train,40448,9
train,4035,4
train,5490,4
train,28193,3
train,18726,4
train,20103,9
train,12579,7
train,55477,9
train,23059,1
train,41679,8
train,33335,7
train,19834,3
train,19355,1
train,50406,5
train,55223,5
train,26234,7
train,16880,8
train,55327,6
train,37828,1
train,23416,6
train,9152,8
train,25867,3
train,5171,2
train,4505,0
train,47944,5
train,48236,1
train,28217,4
train,5590,4
train,40060,7
train,34136,2
train,14969,7
train,3145,1
train,40801,0
train,9063,6
train,46702,3
train,54655,3
train,48360,3
train,23597,5
train,24285,9
train,3036,6
train,2814,7
train,57204,7
train,14940,6
train,39292,6
train,8954,7
train,48171,9
train,45594,7
train,44315,6
train,23399,1
train,2346,2
train,59714,2
train,4381,8
train,13240,0
train,32142,2
train,46747,1
train,35048,1
train,13790,1
train,52093,9
train,57206,9
train,23415,6
train,52911,7
train,7175,1
train,18920,3
train,43811,0
train,50362,1
train,52436,7
train,18824,7
train,15546,8
train,2907,1
train,16061,1
train,24806,8
train,7708,0
train,32084,4
train,57072,9
train,37711,3
train,40065,9
train,20783,2
train,53601,7
train,2059,6
train,47049,7
train,27919,4
train,15699,2
train,35443,2
train,33127,4
train,40953,8
train,22165,9
train,47083,2
train,56186,6
train,24862,2
train,55965,5
train,35011,2
train,39904,3
train,17761,0
train,19439,0
train,20216,9
train,1871,7
train,14511,0
train,31765,8
train,38796,6
train,23050,6
train,41682,5
train,21988,4
train,4506,3
train,27119,6
train,17422,1
train,15884,5
train,14029,5
train,19133,0
train,23741,0
train,38241,3
train,36517,1
train,21796,2
train,37403,2
train,5141,6
train,54524,3
train,4523,9
train,13176,8
train,29913,3
train,44341,5
train,32932,6
train,45866,8
train,8131,1
train,57516,1
train,11909,9
train,43204,3
train,22998,2
train,16547,2
train,32278,4
train,55235,9
train,55658,4
train,51115,6
train,9327,7
train,30138,9
train,10076,6
train,57207,3
train,36879,2
train,48892,4
train,27995,8
train,28916,3
train,53035,3
train,20270,9
train,42772,7
train,40475,6
train,21249,8
train,19332,6
train,56009,2
train,38822,4
train,2324,6
train,24195,4
train,23815,7
train,49584,7
train,46061,3
train,17428,4
train,14430,0
train,47751,1
train,29490,0
train,2845,8
train,33232,9
train,18152,7
train,45521,7
train,44014,5
train,50413,8
train,38946,0
train,3515,7
train,54574,2
train,3180,5
train,30902,7
train,39601,6
train,39906,0
train,45447,6
train,29415,3
train,2545,6
train,32720,5
train,12076,9
train,13296,1
train,58537,5
train,50585,1
train,1597,1
train,31461,8
train,42490,6
train,31169,1
train,22829,0
train,7963,5
train,8874,4
train,18011,4
train,36079,6
train,13876,8
train,53992,5
train,25048,4
train,37686,0
train,56228,3
train,33212,9
train,32593,9
train,10565,1
train,38151,8
train,2097,8
train,21133,7
train,32189,1
train,48743,8
train,31535,0
train,24328,1
train,434,9
train,714,2
train,7408,2
train,51016,2
train,17077,3
train,1799,3
train,54943,0
train,44985,9
train,32283,5
train,43674,2
train,54931,1
train,9446,6
train,1679,2
train,29071,2
train,42312,5
train,57798,0
train,38763,7
train,8462,6
train,15832,9
train,35116,1
train,32250,2
train,12131,9
train,28136,8
train,3455,4
train,56428,8
train,28320,6
train,4048,5
train,27443,3
train,33244,0
train,22781,7
train,39702,9
train,37378,1
train,37059,0
train,32520,0
train,50564,4
train,34355,0
train,39725,5
train,28086,4
train,9428,9
train,44943,7
train,25236,8
train,49815,0
train,53831,9
train,32253,8
train,59878,0
train,9989,2
train,3166,2
train,5140,8
train,42619,7
train,41360,1
train,48963,0
train,27955,4
train,57024,9
train,29836,6
train,46623,4
train,40655,3
train,27551,2
train,6572,6
train,35052,1
train,15438,1
train,52166,7
train,37490,4
train,48547,0
train,34456,6
train,54228,3
train,19157,6
train,4494,4
train,15236,8
train,26162,7
train,14185,4
train,43954,4
train,54094,1
train,16126,5
train,42550,9
train,49769,6
train,44920,7
train,658,6
train,58163,3
train,36903,6
train,7524,1
train,39387,7
train,30980,5
train,53414,5
train,59318,3
train,11709,4
train,32119,6
train,10599,0
train,36875,2
train,20326,3
train,621,9
train,2379,3
train,43216,0
train,50203,4
train,47264,9
train,10772,9
train,8746,8
train,20171,5
train,32646,5
train,18792,1
train,18023,6
train,45760,0
train,23826,2
train,2079,0
train,40407,6
train,8318,9
train,22118,8
train,15520,0
train,1940,9
train,25047,6
train,2130,3
train,53683,9
train,26483,6
train,52797,0
train,19706,5
train,12824,1
train,57547,7
train,15928,0
train,12999,9
train,39116,3
train,44697,6
train,47080,8
train,52134,3
train,29015,6
train,23413,1
train,51195,1
train,33716,2
train,33418,1
train,33568,3
train,38448,6
train,10607,4
train,26453,6
train,57975,9
train,13964,6
train,57382,4
train,32577,1
train,45586,3
train,46433,1
train,17575,3
train,24031,6
train,44242,1
train,32682,0
train,28661,7
train,35161,2
train,10145,1
train,42479,8
train,46044,2
train,19381,1
train,50747,9
train,14964,1
train,8400,4
train,30048,3
train,16193,3
train,59135,9
train,2486,6
train,56147,4
train,39198,2
train,2018,7
train,1297,6
train,11849,6
train,21483,7
train,43400,7
train,56535,3
train,46101,6
train,14910,6
train,36651,8
train,44057,6
train,53839,7
train,14088,7
train,17312,5
train,14298,1
train,27753,2
train,5833,1
train,29593,4
train,4269,2
train,41033,9
train,54909,8
train,17382,6
train,23694,6
train,3101,4
train,10107,0
train,32654,2
train,2422,6
train,47069,0
train,35806,3
train,4278,2
train,56974,3
train,36975,0
train,22469,8
train,7399,4
train,15879,8
train,11037,3
train,52302,7
train,20199,5
train,46102,5
train,27566,9
train,45815,4
train,38817,5
train,25156,2
train,44361,9
train,2497,1
train,20039,7
train,8268,7
train,19040,6
train,21553,0
train,23877,3
train,8996,4
train,41644,9
train,24955,6
train,34155,2
train,58727,1
train,12509,6
train,39077,1
train,40487,9
train,31159,4
train,54869,4
train,51034,7
train,53393,9
train,25965,9
train,39364,1
train,11513,3
train,28800,4
train,59985,2
train,42983,5
train,30891,0
train,51856,7
train,42706,8
train,39593,9
train,33396,1
train,21074,6
train,37809,1
train,6921,2
train,3299,8
train,28743,1
train,31368,6
train,22942,5
train,38924,2
train,28676,9
train,38770,2
train,16428,0
train,21924,9
train,35117,5
train,31487,1
train,23602,8
train,20984,6
train,43458,1
train,7548,0
train,30714,5
train,29777,8
train,27047,3
train,12411,6
train,50098,6
train,42516,9
train,4681,3
train,32447,1
train,14790,9
train,16434,4
train,1198,4
train,45970,3
train,25483,5
train,20586,5
train,13051,8
train,10227,5
train,54092,5
train,36871,0
train,37993,6
train,13415,2
train,59128,8
train,56927,3
train,5764,4
train,29866,4
train,31315,4
train,22854,9
train,8058,2
train,38940,5
train,17426,6
train,42658,0
train,56960,1
train,36327,3
train,56387,8
train,41827,9
train,16943,1
train,22194,5
train,22995,7
train,56406,4
train,46209,6
train,56568,6
train,40653,2
train,28477,5
train,28368,9
train,38000,8
train,53484,1
train,33501,0
train,26855,4
train,1848,7
train,3736,6
train,57814,5
train,23824,5
train,56317,9
train,27095,3
train,47597,8
train,24990,7
train,21214,6
train,27288,5
train,36618,1
train,11480,3
train,19549,3
train,34827,6
train,49425,2
train,21478,7
train,16833,8
train,32236,7
train,29195,9
train,47383,6
train,9404,1
train,10412,5
train,895,3
train,15740,7
train,41127,5
train,56127,5
train,27726,3
train,10706,9
train,4171,5
train,49669,9
train,16482,2
train,33944,9
train,8991,7
train,59889,5
train,30210,1
train,46144,0
train,5393,0
train,16246,8
train,792,8
train,39022,2
train,36389,9
train,46545,9
train,1475,8
train,8284,0
train,52336,0
train,30605,0
train,2727,5
train,31985,8
train,52408,2
train,21726,3
train,17817,9
train,37011,1
train,29636,3
train,17213,1
train,44655,6
train,51958,7
train,46286,2
train,31882,7
train,40638,7
train,10830,3
train,44334,2
train,48312,8
train,59772,4
train,46183,0
train,20634,4
train,17066,6
train,4820,5
train,39172,9
train,53869,6
train,14745,8
train,38077,1
train,6773,2
train,4020,7
train,9370,4
train,40277,0
train,12503,3
train,41822,3
train,53529,5
train,3868,7
train,15403,2
train,9153,3
train,8150,6
train,11485,9
train,26344,6
train,38879,2
train,37387,7
train,2930,6
train,31212,6
train,21580,3
train,36541,8
train,39849,1
train,28052,2
train,44872,0
train,55635,1
train,33131,7
train,43740,4
train,10983,1
train,16541,9
train,49022,6
train,2371,9
train,45814,3
train,45620,2
train,24637,4
train,38111,4
train,18645,0
train,32265,6
train,841,6
train,47423,7
train,19647,6
train,20493,2
train,18356,2
train,27069,0
train,25177,5
train,47067,7
train,12556,1
train,10570,2
train,43160,7
train,57574,2
train,32175,8
train,58753,5
train,48103,4
train,30242,8
train,40493,4
train,45234,4
train,24840,0
train,22653,8
train,18280,3
train,25545,8
train,4161,9
train,27773,9
train,39689,5
train,11395,1
train,59756,9
train,55288,0
train,59703,7
train,40240,0
train,7751,4
train,12178,1
train,26191,0
train,2143,5
train,35261,0
train,49942,4
train,35909,2
train,29248,5
train,1825,7
train,21697,1
train,42768,1
train,27472,2
train,2037,5
train,30359,7
train,47849,7
train,38702,8
train,43368,5
train,32003,6
train,40753,9
train,24480,0
train,23352,7
train,18933,8
train,24624,1
train,20800,3
train,49583,0
train,15454,0
train,3526,8
train,8791,7
train,51591,7
train,33188,1
train,28049,4
train,43789,2
train,26733,2
train,56525,8
train,21131,4
train,7083,4
train,6876,6
train,53888,4
train,32261,8
train,25400,8
train,331,6
train,17884,2
train,44041,8
train,59026,4
train,14799,5
train,53037,3
train,31374,7
train,31633,1
train,41375,9
train,53704,3
train,49102,4
train,6220,4
train,47402,7
train,37128,4
train,47707,5
train,58888,8
train,5362,9
train,56323,9
train,4391,8
train,13529,7
train,6859,1
train,41217,2
train,51166,7
train,11865,2
train,1211,1
train,23555,9
train,1423,0
train,32724,5
train,40682,1
train,56074,7
train,13484,2
train,49386,9
train,38967,8
train,7680,9
train,36888,5
train,58778,7
train,31647,1
train,59466,8
train,55254,0
train,47,5
train,50533,5
train,27994,8
train,55109,4
train,23298,3
train,31001,1
train,54594,8
train,7087,9
train,16855,1
train,22004,1
train,57576,7
train,18516,1
train,25461,0
train,23449,5
train,11120,8
train,43753,5
train,57127,4
train,26597,0
train,19581,0
train,57776,9
train,23003,1
train,5608,0
train,4950,1
train,14123,1
train,47031,0
train,58722,4
train,25575,4
train,47863,9
train,4292,4
train,31760,8
train,26452,6
train,14023,2
train,24418,2
train,30102,2
train,16800,7
train,1292,9
train,41141,2
train,4476,2
train,49391,7
train,34202,2
train,56847,2
train,39483,0
train,52750,7
train,34560,7
train,32876,6
train,26487,1
train,40968,2
train,55499,1
train,2520,4
train,14475,7
train,26757,1
train,48333,7
train,44796,0
train,17409,3
train,53681,8
train,29432,7
train,12710,8
train,2546,4
train,33725,1
train,35009,1
train,4558,5
train,9357,9
train,1013,8
train,6271,4
train,52135,0
train,6701,1
train,57876,2
train,21485,6
train,23862,1
train,859,0
train,38907,5
train,55381,2
train,56399,6
train,11380,2
train,15545,7
train,48364,0
train,53651,8
train,5287,4
train,36679,9
train,37847,3
train,45343,9
train,36674,4
train,1219,8
train,52634,2
train,46897,8
train,48339,8
train,55585,4
train,41836,1
train,29089,3
train,1653,4
train,38938,4
train,56537,1
train,8976,3
train,8649,5
train,14833,7
train,50851,9
train,3283,7
train,58559,4
train,19988,8
train,57600,7
train,34591,9
train,23738,9
train,2673,7
train,39069,7
train,50032,1
train,40877,0
train,19676,5
train,44715,6
train,16776,9
train,6034,0
train,51171,2
train,46821,3
train,20300,8
train,21561,4
train,34153,7
train,3771,1
train,16851,4
train,33607,3
train,20541,6
train,53694,7
train,30479,7
train,42151,6
train,21003,6
train,59693,6
train,3668,4
train,15070,5
train,58042,7
train,9829,3
train,15339,3
train,50365,7
train,51624,6
train,17832,3
train,55982,2
train,36084,0
train,55348,0
train,41172,6
train,33758,3
train,39537,9
train,17258,3
train,38411,0
train,19442,3
train,45144,9
train,35114,5
train,2525,0
train,18499,2
train,43878,2
train,32900,3
train,47441,3
train,3138,4
train,39274,5
train,26554,3
train,27938,7
train,22085,4
train,34568,7
train,21881,2
train,11848,0
train,11180,7
train,48302,3
train,14896,8
train,36558,1
train,10651,7
train,6082,1
train,34911,1
train,38055,0
train,43818,2
train,37561,7
train,37914,0
train,21283,2
train,3110,4
train,15396,1
train,53408,5
train,41974,6
train,31763,5
train,28438,6
train,50124,9
train,40745,3
train,36446,6
train,84,7
train,18063,6
train,6100,9
train,30787,0
train,43063,6
train,19803,3
train,1844,6
train,29276,8
train,47866,5
train,21745,6
train,20670,3
train,29383,3
train,11054,7
train,27832,4
train,17525,7
train,20790,3
train,44271,7
train,52894,2
train,53769,5
train,57893,3
train,14151,9
train,44468,3
train,46111,0
train,16652,4
train,1538,6
train,6085,6
train,57134,7
train,15697,1
train,55387,6
train,9566,4
train,9615,1
train,13554,8
train,42749,8
train,25273,5
train,44762,9
train,23304,3
train,42309,2
train,34635,8
train,16101,8
train,37165,7
train,44224,4
train,18439,8
train,14177,3
train,39693,8
train,42289,9
train,54204,6
train,20150,3
train,4752,5
train,10573,7
train,12943,8
train,14635,3
train,12901,3
train,29413,2
train,32867,0
train,38515,4
train,24018,4
train,31816,8
train,45787,9
train,21546,0
train,59225,0
train,7080,3
train,46935,2
train,57572,7
train,21096,4
train,26052,6
train,5188,5
train,28736,1
train,20231,1
train,33749,5
train,30417,3
train,39495,6
train,41846,4
train,11106,2
train,11861,4
train,28265,3
train,57440,1
train,20158,7
train,827,9
train,52931,3
train,37722,4
train,36469,1
train,50742,7
train,38246,7
train,29313,3
train,36075,4
train,41840,9
train,39083,4
train,47476,0
train,6107,4
train,51038,3
train,996,6
train,22463,5
train,23317,6
train,43865,3
train,17264,5
train,13909,3
train,20223,7
train,4842,7
train,59884,8
train,55973,8
train,2466,4
train,24467,2
train,2069,4
train,31004,9
train,42606,7
train,32289,7
train,23691,2
train,4342,3
train,59961,3
train,55240,9
train,11746,0
train,31538,3
train,697,4
train,59645,1
train,48474,2
train,20901,9
train,18866,4
train,8020,7
train,28210,2
train,36811,1
train,52096,3
train,26223,9
train,44798,4
train,43110,8
train,55983,4
train,6215,4
train,31007,5
train,33249,9
train,31413,5
train,29245,1
train,27754,2
train,53725,7
train,31714,6
train,55844,3
train,55760,6
train,55461,3
train,21564,6
train,38347,6
train,9383,2
train,13923,1
train,35360,1
train,6736,1
train,23640,5
train,21689,3
train,1731,6
train,42154,6
train,18478,8
train,7124,4
train,49058,7
train,1449,3
train,9609,1
train,40184,3
train,24201,6
train,46480,3
train,55631,0
train,52994,3
train,29737,9
train,44465,7
train,40218,0
train,35400,0
train,47714,0
train,21200,1
train,56311,4
train,5394,8
train,36192,8
train,640,7
train,45383,0
train,941,1
train,38861,6
train,25892,0
train,39542,1
train,28688,7
train,57517,1
train,32781,0
train,32874,8
train,52228,0
train,22579,2
train,37438,5
train,19606,2
train,57881,6
train,8882,3
train,58260,1
train,35007,8
train,19470,8
train,30173,8
train,42688,8
train,4998,1
train,50759,5
train,5421,2
train,29805,0
train,23984,1
train,3187,6
train,7261,3
train,14489,5
train,17445,9
train,3198,0
train,56345,6
train,48003,8
train,45695,0
train,50283,8
train,52836,0
train,49248,2
train,34626,5
train,59659,0
train,30454,6
train,6931,1
train,5047,4
train,4141,7
train,53640,8
train,15205,2
train,6513,5
train,28642,7
train,51164,8
train,42137,3
train,18197,5
train,18940,1
train,5388,3
train,46388,4
train,18679,3
train,53988,4
train,14040,2
train,5856,5
train,45031,3
train,44610,7
train,15677,1
train,44654,8
train,15283,4
train,11495,4
train,1916,0
train,59820,1
train,7117,8
train,54188,6
train,54290,0
train,28826,3
train,50138,5
train,56667,8
train,56529,5
train,1428,3
train,31915,8
train,22885,4
train,55097,9
train,39127,3
train,17802,1
train,47870,9
train,17026,3
train,24745,4
train,44074,9
train,5967,3
train,32983,9
train,13270,9
train,4372,7
train,31312,9
train,40933,4
train,36731,1
train,1684,9
train,41994,3
train,41887,5
train,22095,1
train,49041,2
train,15819,5
train,38740,9
train,35061,8
train,31018,9
train,22745,8
train,30865,2
train,21413,0
train,13506,2
train,15550,1
train,24020,1
train,34771,0
train,53474,3
train,54117,8
train,30920,1
train,24353,5
train,3563,5
train,51601,8
train,17796,6
train,57852,5
train,1271,4
train,5236,2
train,17132,5
train,8325,4
train,32922,6
train,43939,0
train,8212,2
train,11222,0
train,2255,1
train,2112,0
train,38318,6
train,44841,2
train,40659,5
train,28268,2
train,50044,8
train,46717,7
train,27469,8
train,40245,8
train,25747,5
train,41311,9
train,27620,0
train,36123,2
train,14142,9
train,22001,8
train,35130,7
train,50539,0
train,50710,9
train,432,2
train,30596,2
train,3000,9
train,19235,7
train,23499,0
train,38188,4
train,18396,8
train,55731,6
train,10084,2
train,52939,3
train,55337,4
train,35158,6
train,27531,1
train,48521,3
train,11422,0
train,42106,9
train,32668,9
train,49936,2
train,12250,8
train,5175,4
train,36438,9
train,39691,2
train,54407,8
train,45479,6
train,10045,0
train,19937,1
train,12796,0
train,14756,1
train,38970,3
train,30567,1
train,14557,0
train,39717,1
train,41269,1
train,11592,6
train,22665,6
train,58705,2
train,3890,2
train,5621,3
train,8446,2
train,39885,3
train,7613,3
train,27455,1
train,35272,3
train,44157,3
train,22590,4
train,18014,8
train,49101,2
train,25733,7
train,32257,6
train,40774,7
train,30425,0
train,54159,5
train,43843,8
train,42174,6
train,50006,5
train,35929,3
train,43755,8
train,40037,2
train,54087,1
train,30126,1
train,13451,4
train,4725,7
train,39085,5
train,12339,0
train,44189,6
train,34728,3
train,39284,2
train,32694,6
train,10208,9
train,29360,8
train,6390,8
train,39134,9
train,58218,4
train,3641,7
train,52668,1
train,38793,2
train,37124,3
train,30720,3
train,27960,3
train,6176,7
train,4704,5
train,45191,4
train,9427,3
train,58139,1
train,58677,1
train,49689,5
train,51040,5
train,33830,7
train,57800,8
train,25277,9
train,55246,0
train,37442,6
train,30945,6
train,23900,6
train,56069,2
train,27467,3
train,38988,6
train,26447,2
train,27208,6
train,41538,6
train,12733,5
train,9412,3
train,13397,0
train,5923,3
train,41883,3
train,5972,8
train,36767,7
train,34213,0
train,30401,8
train,19258,0
train,4619,4
train,34951,7
train,10454,3
train,51576,8
train,48132,5
train,32398,3
train,8816,3
train,28357,0
train,50707,8
train,45798,8
train,51461,5
train,41714,4
train,43601,4
train,4832,7
train,16799,9
train,24636,0
train,4973,9
train,45314,7
train,31527,7
train,12685,6
train,32625,0
train,17722,5
train,19109,9
train,47077,5
train,34611,4
train,51959,2
train,2721,2
train,53929,6
train,39232,1
train,31896,9
train,41058,9
train,20328,8
train,27310,5
train,15359,4
train,41062,7
train,15473,1
train,2181,4
train,47523,4
train,40378,7
train,5216,2
train,24804,6
train,37226,5
train,960,5
train,10605,3
train,48934,2
train,23332,5
train,27400,5
train,242,3
train,53866,7
train,34670,7
train,34163,9
train,31453,4
train,38071,5
train,23849,7
train,54614,1
train,28859,2
train,10395,8
train,13835,1
train,10958,5
train,42150,3
train,5493,3
train,26569,8
train,36474,9
train,13109,3
train,25911,3
train,2989,9
train,3522,7
train,39484,1
train,27945,7
train,26004,7
train,11911,0
train,2348,7
train,3134,2
train,1336,3
train,19955,1
train,852,6
train,41867,5
train,51368,4
train,24942,9
train,24589,8
train,52457,4
train,59671,1
train,56286,8
train,27577,7
train,38122,4
train,13518,8
train,4697,2
train,10266,1
train,37790,0
train,50154,4
train,925,8
train,34150,8
train,3453,5
train,51629,0
train,40301,3
train,44619,0
train,9873,8
train,14483,5
train,24121,0
train,37349,9
train,34645,3
train,41851,7
train,20224,2
train,23441,2
train,29582,7
train,11598,4
train,48884,2
train,24581,6
train,56151,8
train,37246,6
train,58388,2
train,465,6
train,32908,9
train,24316,4
train,42341,2
train,10396,4
train,43903,9
train,34359,1
train,49719,7
train,18998,2
train,9272,3
train,31473,5
train,32660,1
train,39095,1
train,57925,7
train,49984,9
train,21807,9
train,11658,4
train,17662,1
train,35864,5
train,40468,1
train,56714,1
train,39355,8
train,43746,1
train,10451,5
train,18232,0
train,37594,4
train,37796,3
train,45045,7
train,44554,5
train,48531,2
train,33019,8
train,6545,3
train,14952,6
train,5345,2
train,25957,0
train,1179,0
train,44811,0
train,16736,6
train,18059,3
train,18999,4
train,28047,9
train,51460,7
train,36496,6
train,49006,3
train,49557,1
train,33033,5
train,20963,1
train,55372,6
train,23019,6
train,2321,9
train,13650,4
train,37273,4
train,33724,6
train,24863,1
train,56377,0
train,43626,4
train,27021,6
train,893,2
train,36482,5
train,2495,1
train,1462,9
train,18554,9
train,12940,5
train,14812,1
train,22626,7
train,27802,5
train,27079,5
train,7050,0
train,17510,6
train,34597,3
train,32967,9
train,20532,7
train,18958,1
train,27677,1
train,43106,4
train,42898,3
train,12105,4
train,52109,2
train,6224,7
train,7251,9
train,17505,1
train,25129,1
train,59892,6
train,16606,0
train,50230,2
train,14671,6
train,32318,2
train,36219,8
train,27622,2
train,59551,4
train,768,5
train,21374,4
train,18752,3
train,2890,0
train,6643,9
train,58105,4
train,57170,1
train,21290,6
train,1338,7
train,51680,0
train,9625,2
train,32830,4
train,19301,5
train,27337,5
train,39554,1
train,14276,0
train,19743,9
train,23935,8
train,48004,5
train,24265,0
train,8437,7
train,52510,9
train,19931,8
train,46167,6
train,48138,8
train,42100,0
train,33936,1
train,8300,8
train,34144,4
train,12891,5
train,308,2
train,55092,9
train,2050,4
train,16779,1
train,6185,3
train,50359,7
train,55023,0
train,32507,5
train,43486,2
train,59665,7
train,24489,9
train,19479,7
train,37362,3
train,39612,0
train,1880,2
train,28804,1
train,6558,1
train,2548,4
train,19218,6
train,30330,8
train,37301,9
train,51935,7
train,20082,4
train,51465,7
train,30949,3
train,452,3
train,56697,3
train,14726,9
train,56925,3
train,30003,9
train,56511,1
train,29565,9
train,20995,4
train,30438,0
train,18486,0
train,52331,2
train,56137,0
train,6140,7
train,42638,4
train,790,0
train,13645,2
train,5442,3
train,48202,4
train,51456,6
train,11747,3
train,49290,8
train,45136,2
train,37575,9
train,55111,6
train,46997,2
train,28423,0
train,30133,2
train,14684,7
train,35066,3
train,49519,1
train,17847,1
train,11131,4
train,29548,6
train,59681,0
train,36955,1
train,45147,1
train,40026,9
train,27809,4
train,2971,8
train,6528,7
train,6376,9
train,32915,5
train,23887,2
train,13626,8
train,53631,4
train,10759,7
train,19220,9
train,11600,2
train,57532,8
train,54780,3
train,52218,8
train,56741,3
train,18199,6
train,553,1
train,13918,0
train,21460,1
train,29588,4
train,15012,5
train,3348,9
train,53535,0
train,59806,1
train,52196,7
train,18897,5
train,47439,7
train,40122,0
train,21786,9
train,17220,2
train,17940,4
train,19061,0
train,2115,7
train,5033,4
train,45754,1
train,55170,2
train,30280,5
train,24324,5
train,20723,7
train,17695,1
train,40680,4
train,8652,1
train,857,3
train,57139,2
train,13793,8
train,53133,8
train,6624,2
train,16286,0
train,35415,3
train,19948,8
train,41207,2
train,22253,4
train,45756,9
train,42393,1
train,59066,7
train,3973,4
train,3968,8
train,4456,9
train,16377,8
train,48555,8
train,16479,2
train,48595,4
train,2269,0
train,45840,0
train,22918,5
train,6110,1
train,19748,9
train,34846,3
train,39647,8
train,1000,0
train,31675,9
train,23584,2
train,47060,5
train,58646,5
train,45559,1
train,26947,8
train,40554,6
train,6797,4
train,1856,8
train,22631,3
train,33816,4
train,50535,8
train,52454,1
train,16886,4
train,53325,3
train,37484,2
train,24561,7
train,44896,7
train,38928,1
train,38361,3
train,18960,3
train,32933,3
train,44113,1
train,21370,3
train,56887,8
train,19668,7
train,23405,8
train,32258,5
train,9008,8
train,32984,3
train,16483,1
train,47190,0
train,51702,2
train,59721,2
train,28773,3
train,17751,8
train,753,7
train,34044,9
train,29578,0
train,21279,0
train,3869,6
train,15938,3
train,26315,0
train,34096,1
train,5546,7
train,7370,2
train,10271,6
train,46894,4
train,16266,8
train,24453,6
train,48854,4
train,5734,4
train,54446,5
train,56643,2
train,27882,4
train,37014,1
train,47610,2
train,4281,3
train,59315,3
train,34697,6
train,27952,5
train,57930,2
train,52079,0
train,4363,7
train,41249,1
train,22077,7
train,33508,1
train,18785,3
train,48122,7
train,32051,9
train,9691,0
train,56648,4
train,55825,1
train,38888,5
train,16426,5
train,35222,6
train,1468,5
train,21681,0
train,17025,0
train,4207,7
train,57844,4
train,23563,3
train,46455,6
train,59653,0
train,56381,7
train,53959,0
train,46940,2
train,2373,0
train,8337,5
train,5956,6
train,40352,1
train,4017,5
train,25731,8
train,45049,5
train,58242,9
train,28414,0
train,37999,7
train,13634,4
train,52812,2
train,26806,9
train,41920,7
train,21363,4
train,20327,1
train,362,9
train,2054,7
train,50849,7
train,4286,1
train,9591,8
train,36842,0
train,22794,1
train,41462,5
train,21259,5
train,39410,5
train,58937,3
train,42419,3
train,23695,3
train,42870,9
train,51457,6
train,59861,8
train,45781,3
train,18852,1
train,41565,3
train,13655,8
train,29262,0
train,20761,2
train,10947,1
train,26521,6
train,52261,7
train,49986,7
train,35586,1
train,52761,9
train,18901,8
train,5067,3
train,27382,6
train,13882,1
train,47872,3
train,4072,6
train,28988,7
train,3643,8
train,32516,8
train,4682,0
train,46218,6
train,27326,0
train,49504,1
train,43436,2
train,6042,9
train,52515,4
train,8632,2
train,17874,6
train,32060,5
train,13799,0
train,28304,4
train,16180,4
train,18955,3
train,45937,7
train,13540,7
train,39242,8
train,51508,6
train,2363,5
train,38214,6
train,28643,8
train,11208,9
train,57013,5
train,21880,2
train,24864,5
train,41732,1
train,7318,0
train,27627,5
train,48696,2
train,13848,4
train,10908,4
train,1346,0
train,6542,9
train,58421,3
train,1269,6
train,11748,2
train,4102,4
train,49182,9
train,1563,2
train,42456,0
train,40307,3
train,26490,6
train,6468,0
train,33693,6
train,59916,8
train,47939,3
train,7881,3
train,4702,6
train,19093,1
train,1710,1
train,52042,1
train,19300,9
train,6762,3
train,3016,0
train,23381,7
train,48412,0
train,27510,5
train,16227,0
train,19596,9
train,54721,7
train,39626,6
train,36534,7
train,18173,7
train,22371,7
train,25015,8
train,45599,3
train,55054,3
train,8185,1
train,5102,3
train,39113,7
train,22167,7
train,59113,2
train,38230,9
train,18218,3
train,36896,5
train,4166,1
train,57163,2
train,37102,1
train,7597,0
train,31767,9
train,14933,5
train,17728,6
train,58187,9
train,24013,1
train,22785,1
train,19416,7
train,17961,7
train,51275,2
train,17724,7
train,5919,3
train,10213,6
train,23094,7
train,30672,7
train,31614,7
train,3570,8
train,25817,7
train,40908,1
train,39403,1
train,14384,0
train,14090,5
train,28966,6
train,4805,2
train,25586,3
train,33360,9
train,44925,6
train,5222,6
train,47294,0
train,31031,5
train,5845,2
train,9805,8
train,28710,8
train,12203,9
train,11155,3
train,15858,9
train,33176,1
train,13222,3
train,22925,9
train,49133,6
train,46619,2
train,41487,1
train,5017,9
train,53173,0
train,3750,7
train,12011,0
train,55189,7
train,17612,9
train,59526,7
train,42340,6
train,3271,5
train,56731,8
train,53643,7
train,45922,9
train,24975,7
train,4882,6
train,31513,2
train,16001,2
train,38668,4
train,46346,8
train,44097,9
train,29452,7
train,33002,3
train,16452,6
train,52,7
train,24780,3
train,45940,3
train,17005,1
train,47935,1
train,1304,0
train,22387,6
train,10182,5
train,31998,6
train,24060,2
train,49328,6
train,30221,9
train,40800,9
train,46563,3
train,38121,9
train,48795,9
train,19833,2
train,5221,1
train,45878,3
train,565,6
train,36778,1
train,54841,6
train,53942,5
train,50439,9
train,40611,0
train,21738,4
train,38396,2
train,39942,9
train,22739,7
train,912,5
train,49261,9
train,14066,4
train,15971,0
train,14913,8
train,42259,8
train,536,6
train,42277,0
train,11172,0
train,59531,6
train,28130,1
train,9905,7
train,40752,3
train,48960,0
train,52890,8
train,29557,3
train,24056,5
train,11917,1
train,47528,5
train,19128,8
train,48190,7
train,58373,2
train,59695,9
train,51951,4
train,16298,2
train,51348,0
train,28441,3
train,53760,4
train,35060,0
train,53228,6
train,55840,0
train,33239,3
train,45870,5
train,56471,1
train,59888,9
train,29157,5
train,33552,4
train,51972,5
train,22195,9
train,33872,4
train,32160,0
train,38884,2
train,4227,7
train,8970,1
train,23107,6
train,39244,7
train,52855,4
train,49460,5
train,27845,5
train,45267,6
train,35134,2
train,39979,2
train,28392,3
train,33554,4
train,18732,6
train,22244,5
train,36689,0
train,27959,4
train,53413,5
train,34831,2
train,3218,4
train,21605,6
train,47858,5
train,1833,7
train,1156,7
train,43054,6
train,15585,2
train,51170,4
train,42288,1
train,48040,1
train,24980,4
train,11569,5
train,55070,2
train,44377,2
train,1134,2
train,30666,4
train,42103,6
train,43440,6
train,3859,5
train,6181,1
train,9220,8
train,58337,7
train,12325,0
train,45613,4
train,29948,7
train,54600,0
train,44204,6
train,3171,3
train,8848,6
train,22227,1
train,59404,9
train,42546,1
train,52776,5
train,54382,9
train,20420,0
train,8217,7
train,9540,1
train,51800,5
train,21529,8
train,55837,0
train,20667,9
train,30203,8
train,29039,0
train,48647,9
train,19777,8
train,24716,5
train,44601,7
train,29584,4
train,28314,7
train,53102,7
train,11558,1
train,33050,7
train,38117,7
train,28823,4
train,8615,1
train,34458,9
train,47238,2
train,21191,0
train,17194,8
train,38593,3
train,35494,2
train,38287,5
train,32128,9
train,14795,7
train,5301,1
train,57239,9
train,49249,3
train,36910,6
train,42019,2
train,3920,3
train,43271,8
train,38501,0
train,12991,4
train,2027,7
train,14022,7
train,38320,7
train,27800,4
train,45910,6
train,58534,6
train,34100,6
train,58804,9
train,54682,2
train,15508,0
train,41849,6
train,31282,1
train,41292,2
train,50341,5
train,15555,1
train,51598,0
train,47740,0
train,58720,2
train,9608,8
train,38605,0
train,43645,7
train,44415,2
train,52862,8
train,17074,4
train,39215,3
train,5451,6
train,4930,6
train,39407,0
train,34010,1
train,10427,7
train,53876,2
train,57983,3
train,3193,9
train,52775,8
train,4209,9
train,15340,7
train,22143,0
train,47750,4
train,51780,4
train,26556,1
train,57077,8
train,4210,6
train,10314,3
train,43928,4
train,51515,4
train,44084,9
train,15569,2
train,17590,4
train,2664,2
train,35693,9
train,48501,7
train,25030,6
train,53655,4
train,25913,5
train,25146,8
train,38115,6
train,43906,4
train,6381,7
train,3789,6
train,20351,0
train,28345,5
train,55977,6
train,43334,8
train,15551,4
train,34484,2
train,32961,5
train,32071,3
train,55072,9
train,50583,4
train,25417,3
train,45364,3
train,24759,9
train,25375,9
train,25305,0
train,6720,6
train,39733,9
train,41192,4
train,50003,9
train,37286,1
train,48292,2
train,14870,1
train,2075,2
train,17377,9
train,44695,8
train,26169,7
train,5843,2
train,59789,4
train,36044,9
train,48971,5
train,37022,3
train,37318,9
train,38425,1
train,170,9
train,29126,8
train,2941,3
train,51298,5
train,59485,8
train,56732,5
train,50990,0
train,54626,8
train,21266,0
train,25658,2
train,26187,3
train,45004,7
train,1184,6
train,18939,3
train,49380,1
train,54271,2
train,47028,4
train,56638,7
train,12547,6
train,42861,2
train,41947,8
train,55928,7
train,10611,8
train,45628,3
train,14077,9
train,44971,7
train,52279,4
train,30623,9
train,38662,0
train,24246,9
train,57546,7
train,10922,1
train,24311,8
train,9862,2
train,6244,1
train,27626,9
train,46189,6
train,12843,5
train,21815,3
train,15517,9
train,37388,4
train,17900,1
train,11297,1
train,16401,7
train,3916,7
train,27268,6
train,25591,2
train,3331,1
train,6035,4
train,5377,2
train,36515,3
train,7827,2
train,14619,3
train,44614,0
train,5559,9
train,15588,2
train,8989,1
train,38963,0
train,41727,3
train,7578,4
train,43866,6
train,51946,3
train,14532,7
train,41160,6
train,49813,3
train,56510,7
train,3516,0
train,57255,7
train,40739,3
train,8048,3
train,19694,2
train,32184,0
train,8858,2
train,53682,9
train,38228,0
train,37458,8
train,52748,4
train,34131,2
train,1233,3
train,45607,5
train,22782,9
train,2594,1
train,21656,8
train,10997,4
train,27567,0
train,52284,5
train,41633,2
train,3674,3
train,35407,3
train,16764,3
train,46171,7
train,4699,6
train,32536,1
train,59894,7
train,35339,8
train,36994,0
train,41173,4
train,1259,1
train,9516,3
train,47012,2
train,39180,6
train,36369,9
train,49142,3
train,40019,6
train,44031,1
train,59148,0
train,57257,8
train,35000,1
train,54542,7
train,1320,3
train,49199,0
train,53350,0
train,39427,5
train,36411,7
train,54193,7
train,46130,3
train,31264,1
train,12652,0
train,13520,4
train,57942,5
train,43155,3
train,56152,9
train,47836,9
train,4651,2
train,39533,1
train,35688,3
train,27313,3
train,18368,8
train,24851,6
train,31441,8
train,50933,2
train,7554,2
train,20754,5
train,11493,2
train,57117,0
train,33548,6
train,28413,5
train,21838,6
train,49694,7
train,34953,4
train,9118,9
train,11296,3
train,25439,7
train,34217,2
train,9494,7
train,40718,2
train,17519,0
train,35375,8
train,58616,9
train,10601,1
train,55102,9
train,3939,6
train,43193,9
train,59436,3
train,46415,4
train,56243,2
train,57361,4
train,22026,2
train,2881,7
train,55558,6
train,44288,1
train,49001,4
train,11560,2
train,18365,4
train,40892,3
train,48332,2
train,36711,1
train,53883,4
train,23353,1
train,11753,8
train,2654,1
train,28189,2
train,46577,4
train,44040,0
train,3075,3
train,42927,1
train,17907,1
train,43237,9
train,13448,3
train,37390,6
train,32695,2
train,34376,8
train,48700,3
train,29140,6
train,37294,4
train,50100,7
train,50896,9
train,46937,3
train,12372,2
train,35459,3
train,37546,4
train,4531,6
train,37056,5
train,477,2
train,52217,7
train,41321,5
train,31450,3
train,3981,2
train,41721,2
train,15060,0
train,7895,2
train,7188,1
train,15346,3
train,25998,7
train,49284,1
train,1208,7
train,24384,7
train,19910,9
train,30292,1
train,43852,2
train,29677,0
train,36860,9
train,8226,2
train,40198,2
train,6450,3
train,21746,4
train,5938,0
train,56920,7
train,34357,4
train,7413,2
train,1464,8
train,11925,9
train,39220,0
train,17788,6
train,36738,1
train,49372,7
train,25654,5
train,54427,4
train,22094,7
train,22809,6
train,9930,1
train,5485,6
train,24268,0
train,31305,4
train,21188,8
train,30265,3
train,44192,3
train,8204,2
train,29611,2
train,58557,1
train,28463,9
train,55547,3
train,12980,6
train,38074,8
train,19501,3
train,10497,2
train,47783,9
train,33417,1
train,18073,0
train,611,7
train,57320,5
train,6867,5
train,11932,6
train,10070,9
train,19566,8
train,24588,9
train,49976,2
train,59433,0
train,29871,5
train,22505,9
train,1136,6
train,53432,0
train,7449,5
train,26838,7
train,2679,8
train,55817,0
train,55921,9
train,35092,2
train,41418,1
train,23384,5
train,35385,6
train,51277,1
train,23764,2
train,58097,3
train,57152,9
train,51859,7
train,20615,3
train,29227,1
train,36927,8
train,34402,1
train,42054,3
train,37501,2
train,50059,6
train,45945,3
train,24527,4
train,22076,2
train,6222,2
train,40839,9
train,20692,9
train,17731,3
train,25504,1
train,26434,2
train,45626,7
train,26303,7
train,59566,9
train,37642,0
train,37282,6
train,3337,0
train,9572,2
train,10115,8
train,50311,0
train,43119,4
train,49717,1
train,54019,1
train,14263,8
train,5629,6
train,14881,2
train,53434,2
train,17073,5
train,44005,7
train,14565,6
train,15146,9
train,21450,2
train,22625,3
train,7878,3
train,43099,8
train,46397,8
train,59474,6
train,26462,9
train,10263,7
train,55784,1
train,13173,9
train,12840,9
train,53717,6
train,37850,5
train,26072,1
train,54098,9
train,57406,9
train,25450,1
train,21142,0
train,54035,7
train,4488,0
train,10709,6
train,25278,0
train,2178,6
train,18772,6
train,48261,1
train,22079,8
train,28545,1
train,50213,3
train,23921,1
train,57405,7
train,54434,1
train,30227,2
train,22873,8
train,15414,9
train,45934,6
train,34443,2
train,32754,6
train,26348,2
train,56379,4
train,19325,0
train,42108,5
train,51770,9
train,20691,1
train,20909,7
train,56778,0
train,40174,9
train,24431,1
train,34037,0
train,51826,0
train,51087,8
train,35507,1
train,53751,5
train,50855,1
train,5781,8
train,10284,9
train,56231,6
train,9921,6
train,33558,1
train,6412,5
train,8669,9
train,14437,6
train,16082,9
train,55236,1
train,20053,4
train,15007,3
train,58299,7
train,43344,1
train,6718,1
train,9241,8
train,3401,5
train,4942,1
train,55754,6
train,5418,8
train,32348,5
train,38453,8
train,12240,9
train,18354,6
train,42494,1
train,13007,1
train,25635,4
train,45903,3
train,33663,1
train,19417,9
train,55610,8
train,21046,8
train,43752,6
train,7361,6
train,55156,8
train,53236,8
train,54014,3
train,20256,0
train,34803,0
train,4045,9
train,6951,1
train,6036,9
train,52041,3
train,2366,1
train,27259,5
train,37264,4
train,57591,6
train,42197,1
train,9757,2
train,30553,5
train,56087,9
train,26561,3
train,14119,1
train,55269,8
train,37632,2
train,32510,2
train,1921,3
train,27786,3
train,22265,0
train,32161,8
train,45597,3
train,56113,5
train,33639,7
train,38405,8
train,32461,0
train,20882,2
train,1498,4
train,19534,7
train,9587,5
train,44067,7
train,21192,9
train,23908,1
train,23811,7
train,27417,5
train,36222,4
train,55430,8
train,22791,7
train,12048,7
train,34729,9
train,14281,9
train,5434,3
train,7395,2
train,52803,7
train,5121,6
train,44534,9
train,29680,8
train,33489,2
train,14272,4
train,49835,0
train,22787,0
train,43370,4
train,38699,6
train,36810,6
train,50845,9
train,4443,5
train,4458,7
train,42467,8
train,40862,6
train,55411,1
train,14290,4
train,52356,9
train,16003,3
train,35819,1
train,14645,8
train,32693,0
train,41726,6
train,28233,8
train,32066,9
train,49272,9
train,29090,8
train,55283,3
train,59669,5
train,26427,0
train,41790,6
train,42043,3
train,20343,6
train,25268,1
train,13763,9
train,3479,0
train,27529,7
train,44771,4
train,26565,0
train,53943,3
train,48570,6
train,13739,9
train,49291,5
train,12575,0
train,34054,0
train,25655,9
train,20007,2
train,48988,7
train,4560,6
train,14586,7
train,52696,0
train,12158,1
train,16856,4
train,10713,1
train,124,1
train,20011,4
train,39177,6
train,50596,8
train,3025,5
train,46416,1
train,24024,0
train,11458,2
train,52847,0
train,29967,2
train,8252,5
train,15309,9
train,59685,8
train,19841,1
train,17933,6
train,25322,1
train,25728,3
train,46452,1
train,56359,7
train,45966,0
train,14468,2
train,51602,6
train,229,0
train,34908,5
train,25966,5
train,47551,1
train,37942,2
train,54882,7
train,25622,5
train,15254,7
train,57310,1
train,10129,1
train,30528,5
train,10519,1
train,5249,0
train,19281,4
train,51486,3
train,35304,4
train,49550,6
train,28214,2
train,7456,6
train,16498,0
train,45435,7
train,41158,0
train,28614,4
train,13673,3
train,2234,2
train,26270,3
train,10793,6
train,5412,3
train,10339,8
train,51779,1
train,28022,4
train,12890,8
train,186,6
train,51479,0
train,36833,2
train,14432,4
train,49459,0
train,38875,6
train,45103,8
train,57021,8
train,53278,4
train,5006,1
train,1926,0
train,20414,2
train,19738,0
train,9038,0
train,48766,9
train,25704,1
train,47950,3
train,13953,2
train,52219,8
train,21346,5
train,8681,0
train,47508,2
train,46672,7
train,2949,7
train,19085,9
train,15086,7
train,43389,1
train,31902,7
train,16681,9
train,25013,7
train,56843,5
train,51815,0
train,47063,1
train,30287,4
train,8194,1
train,32025,3
train,50476,0
train,7645,8
train,34594,8
train,18738,9
train,39803,5
train,41690,6
train,40742,7
train,46641,7
train,20956,4
train,14154,1
train,49447,9
train,39025,9
train,32154,5
train,43409,5
train,29716,2
train,45239,3
train,5666,5
train,45429,4
train,51373,3
train,15478,6
train,40189,5
train,12751,7
train,7132,3
train,55233,5
train,39735,0
train,43666,3
train,52782,2
train,54005,1
train,52368,1
train,55538,4
train,52753,3
train,11655,2
train,57202,0
train,49886,6
train,15461,2
train,12934,8
train,14482,4
train,48,9
train,26479,1
train,41546,6
train,40431,5
train,16060,2
train,8001,6
train,38840,1
train,20054,9
train,54805,2
train,24553,9
train,22775,6
train,12781,7
train,44975,7
train,35720,0
train,32008,2
train,18036,2
train,55502,1
train,45830,0
train,1448,4
train,34802,3
train,51109,6
train,46884,4
train,12281,2
train,10108,6
train,19036,1
train,38499,1
train,52082,1
train,40846,4
train,29945,8
train,9661,8
train,27530,6
train,2411,0
train,23615,4
train,18682,7
train,12902,6
train,44782,3
train,49545,8
train,47461,3
train,36374,2
train,55208,5
train,55766,8
train,58092,7
train,23407,5
train,48721,7
train,49225,8
train,2948,5
train,2092,3
train,49563,8
train,1148,1
train,1407,2
train,29354,5
train,37919,9
train,42521,6
train,29694,7
train,41902,3
train,35867,5
train,7808,7
train,25187,3
train,25226,6
train,32798,4
train,45764,3
train,54618,6
train,44002,8
train,13542,1
train,35919,7
train,54070,1
train,3591,3
train,43967,3
train,19081,5
train,38925,6
train,30318,8
train,12544,3
train,4817,6
train,4037,5
train,55326,2
train,30786,7
train,14674,3
train,51521,9
train,55584,6
train,28747,4
train,23083,4
train,40838,7
train,9489,2
train,2617,0
train,21281,1
train,51372,1
train,28328,0
train,45160,5
train,7724,6
train,53389,6
train,17640,4
train,4275,8
train,43207,9
train,15810,5
train,7404,1
train,41977,4
train,45201,9
train,30333,5
train,7472,1
train,29141,4
train,52630,2
train,19790,8
train,33112,0
train,25176,4
train,28488,1
train,58989,5
train,20481,0
train,28067,2
train,7119,1
train,38715,2
train,27441,5
train,59005,5
train,54182,1
train,19071,1
train,10357,7
train,48137,3
train,34618,7
train,30548,0
train,32213,4
train,56827,4
train,1075,7
train,21619,4
train,21469,0
train,40212,2
train,56715,0
train,39006,2
train,22514,9
train,42440,1
train,57413,6
train,30746,2
train,20064,1
train,256,6
train,46479,0
train,47026,6
train,44430,9
train,13177,1
train,37961,4
train,57375,4
train,12354,6
train,50073,6
train,9285,8
train,5305,1
train,50187,5
train,7248,4
train,15419,6
train,15746,9
train,31408,7
train,45308,9
train,17044,7
train,49040,5
train,52646,9
train,11099,7
train,56740,4
train,24167,8
train,43862,9
train,15129,8
train,25697,1
train,28866,4
train,57113,2
train,35868,6
train,19626,1
train,59272,0
train,18292,6
train,45316,4
train,18418,5
train,27176,5
train,14371,1
train,17017,7
train,51848,3
train,3032,8
train,4314,6
train,29172,8
train,27109,0
train,34912,8
train,21008,6
train,56816,7
train,39082,7
train,42919,6
train,20731,0
train,41943,3
train,49413,7
train,20927,6
train,18985,9
train,55052,7
train,22619,3
train,33372,9
train,36503,8
train,33399,3
train,14949,0
train,40114,7
train,42846,1
train,49718,6
train,27272,4
train,42185,0
train,19087,2
train,16406,5
train,8495,4
train,47181,7
train,44613,4
train,10047,9
train,26418,6
train,59453,6
train,10473,6
train,2109,4
train,50593,9
train,18966,7
train,27719,2
train,9633,9
train,37004,5
train,121,0
train,54137,8
train,50504,2
train,7678,3
train,57435,0
train,19545,2
train,41104,1
train,17138,5
train,54670,5
train,1718,3
train,2825,7
train,18345,4
train,55384,7
train,8153,6
train,3222,4
train,42567,4
train,7063,6
train,35474,7
train,8249,0
train,20751,0
train,7586,8
train,51054,3
train,43680,5
train,56590,2
train,23357,3
train,57161,0
train,34674,5
train,49620,8
train,39823,0
train,59179,4
train,29556,1
train,58328,3
train,50345,7
train,2529,3
train,30710,2
train,26771,5
train,57931,1
train,51522,3
train,10685,9
train,19969,0
train,53335,8
train,54386,9
train,21995,6
train,4010,1
train,23350,8
train,3730,8
train,50473,9
train,31660,4
train,51103,7
train,22,9
train,58199,8
train,986,6
train,53476,4
train,38416,6
train,49296,6
train,53923,3
train,20711,4
train,20438,1
train,57507,0
train,46278,7
train,18207,1
train,322,9
train,31394,9
train,45075,1
train,38732,3
train,32277,5
train,32371,3
train,30942,9
train,19357,4
train,33111,0
train,36519,0
train,15613,4
train,54049,6
train,46042,7
train,6109,7
train,17886,5
train,11928,5
train,24703,4
train,11376,9
train,28223,1
train,30388,0
train,24125,3
train,16791,2
train,39686,3
train,15925,2
train,18602,9
train,38756,5
train,8068,7
train,9671,0
train,5724,2
train,11814,9
train,21220,1
train,19100,1
train,44661,1
train,15179,4
train,5654,6
train,55489,5
train,5662,0
train,26633,6
train,12968,3
train,44840,7
train,58332,9
train,21753,6
train,51777,0
train,6121,9
train,32074,5
train,54939,0
train,48244,9
train,56315,8
train,46891,5
train,40064,8
train,59736,6
train,52231,5
train,26762,8
train,24896,0
train,59431,6
train,16987,0
train,40507,9
train,51917,0
train,54665,8
train,18685,8
train,17905,0
train,14139,2
train,11699,6
train,36210,8
train,18615,3
train,14172,6
train,3777,0
train,12264,0
train,43478,9
train,18677,9
train,54142,5
train,18048,7
train,32952,0
train,35795,6
train,18763,2
train,39093,0
train,41414,7
train,31277,0
train,43487,4
train,41159,4
train,52235,7
train,7566,0
train,29337,1
train,52860,8
train,40481,3
train,7648,0
train,37274,2
train,33617,5
train,20418,0
train,19500,3
train,48065,3
train,56363,5
train,40734,3
train,25414,1
train,30732,8
train,48916,1
train,5375,1
train,14158,0
train,53810,9
train,38424,1
train,4481,8
train,9078,3
train,38006,9
train,21289,5
train,39107,7
train,49839,2
train,39920,7
train,53304,1
train,16162,7
train,39328,1
train,13785,1
train,8568,3
train,45063,1
train,41764,8
train,24499,9
train,55422,7
train,29054,4
train,45192,7
train,59213,7
train,49520,5
train,30057,3
train,44089,1
train,57373,3
train,35089,1
train,28006,3
train,4743,7
train,41970,5
train,13534,7
train,13772,6
train,56709,0
train,40984,9
train,33896,3
train,47987,9
train,41201,6
train,17006,5
train,480,5
train,48545,2
train,54230,5
train,1102,0
train,11370,7
train,53008,2
train,20376,9
train,3062,5
train,50560,3
train,18637,4
train,36872,3
train,27023,0
train,39109,8
train,23134,1
train,11031,3
train,51140,9
train,20388,0
train,5323,3
train,22901,2
train,54306,2
train,23328,8
train,36465,7
train,58157,6
train,25293,4
train,3881,0
train,7660,3
train,55964,4
train,48218,0
train,30565,0
train,28812,7
train,16226,7
train,19286,4
train,56895,7
train,25672,2
train,24972,2
train,19431,6
train,28424,9
train,18887,8
train,51025,7
train,13890,7
train,25505,6
train,51808,2
train,43801,1
train,47894,9
train,21832,6
train,23705,2
train,52957,6
train,45360,5
train,39007,1
train,51955,5
train,27680,2
train,41203,8
train,48416,7
train,7628,2
train,42417,8
train,23735,6
train,3039,4
train,18210,2
train,45901,7
train,39156,0
train,56393,7
train,2675,3
train,23671,5
train,511,7
train,31813,2
train,26045,9
train,28190,4
train,8464,1
train,13880,0
train,35825,6
train,22444,0
train,38695,6
train,24164,9
train,13168,1
train,4009,0
train,46482,6
train,36271,1
train,57719,6
train,53301,1
train,53077,0
train,5223,7
train,52353,5
train,53555,6
train,59696,0
train,56014,5
train,32645,7
train,25019,9
train,41228,0
train,56563,4
train,44202,8
train,30266,4
train,12349,3
train,14107,3
train,37883,0
train,50963,7
train,23077,8
train,15171,9
train,15117,9
train,43248,9
train,29613,3
train,35147,5
train,9091,4
train,37290,1
train,29561,4
train,34927,1
train,57792,7
train,17180,1
train,27668,5
train,25455,8
train,13299,2
train,21121,2
train,10674,3
train,6990,4
train,27060,3
train,2300,6
train,29019,2
train,21093,5
train,25894,4
train,52234,1
train,48398,6
train,12234,2
train,37072,5
train,15672,6
train,50754,9
train,51425,5
train,15424,8
train,7518,9
train,11759,6
train,53863,3
train,14422,2
train,39088,7
train,28898,6
train,27245,1
train,21765,1
train,9849,5
train,9720,0
train,15418,2
train,30362,3
train,31976,5
train,52193,4
train,48606,5
train,10296,7
train,58645,0
train,33482,0
train,40969,0
train,36220,6
train,46626,6
train,31197,2
train,30919,8
train,16083,0
train,15219,8
train,30067,8
train,148,7
train,14251,5
train,19457,9
train,2505,1
train,10821,0
train,36709,3
train,26635,2
train,42563,2
train,2593,8
train,29164,8
train,16168,4
train,35628,5
train,16300,1
train,47572,0
train,14033,7
train,56837,7
train,57437,1
train,41786,5
train,3262,0
train,29226,6
train,37613,2
train,17491,3
train,28582,9
train,30778,9
train,6012,2
train,19217,4
train,44051,3
train,43598,7
train,25405,6
train,20672,1
train,48564,5
train,51118,2
train,24600,8
train,33575,5
train,58542,9
train,57355,8
train,26774,1
train,7693,1
train,17887,7
train,19627,6
train,42460,1
train,28226,8
train,53646,6
train,32451,9
train,35431,0
train,33743,2
train,20591,0
train,8638,6
train,14323,0
train,2056,5
train,46477,9
train,42376,9
train,3637,5
train,23958,6
train,48184,1
train,37395,4
train,18949,5
train,45334,5
train,20695,2
train,36182,8
train,13730,0
train,14781,4
train,17953,6
train,46881,4
train,8027,5
train,55079,7
train,7954,0
train,43639,4
train,15805,1
train,35659,0
train,41917,3
train,50052,2
train,33301,4
train,4897,7
train,42703,0
train,39311,5
train,54261,9
train,25870,8
train,45821,4
train,5036,3
train,30892,8
train,37571,0
train,28443,7
train,54816,1
train,34615,9
train,39114,5
train,30953,4
train,42672,7
train,19537,9
train,25819,8
train,33771,8
train,33893,8
train,15323,9
train,52906,1
train,10230,0
train,40706,8
train,20599,4
train,48007,8
train,58929,2
train,43902,3
train,12244,3
train,56706,6
train,52448,4
train,8730,8
train,31309,9
train,15281,3
train,43103,3
train,41740,3
train,47330,4
train,47446,1
train,18204,7
train,44503,6
train,56517,5
train,14394,3
train,24190,8
train,3131,0
train,16967,9
train,36857,6
train,7729,1
train,37194,6
train,2828,6
train,1068,3
train,56218,7
train,16314,4
train,42784,7
train,52396,0
train,6008,0
train,5060,5
train,57509,2
train,14538,4
train,50292,1
train,16204,1
train,47116,8
train,7843,4
train,24226,2
train,7233,9
train,41210,1
train,8836,1
train,35464,9
train,41265,0
train,2976,2
train,46269,3
train,19517,1
train,16117,9
train,24088,7
train,46955,4
train,21427,1
train,26291,3
train,1571,0
train,59039,6
train,26767,4
train,32711,5
train,54934,5
train,34350,6
train,42086,9
train,19255,9
train,10636,4
train,50624,5
train,29854,4
train,13350,4
train,36010,8
train,46133,7
train,13737,6
train,14558,3
train,21724,9
train,18282,1
train,21286,8
train,24310,5
train,38586,7
train,23344,3
train,49643,2
train,56916,6
train,187,2
train,56355,2
train,31254,3
train,18277,9
train,40941,6
train,1520,6
train,40997,9
train,49187,7
train,5572,9
train,57438,6
train,55395,8
train,19184,7
train,16939,9
train,51173,3
train,18231,2
train,25002,5
train,4101,3
train,39751,8
train,2340,0
train,54681,7
train,16182,8
train,28531,1
train,26996,8
train,13319,7
train,46544,5
train,4088,4
train,6688,7
train,40937,7
train,17776,7
train,19847,2
train,19295,9
train,38210,7
train,43423,0
train,46656,2
train,12346,3
train,3600,8
train,40940,3
train,53524,0
train,12331,5
train,6679,9
train,27106,8
train,57898,8
train,50606,4
train,16892,3
train,20012,0
train,43059,0
train,6258,4
train,54591,6
train,37977,0
train,22221,6
train,9732,8
train,44406,5
train,31468,8
train,52882,1
train,34540,8
train,28090,1
train,11900,9
train,45399,8
train,13203,0
train,44281,1
train,51258,5
train,17111,8
train,32219,6
train,3065,7
train,18722,9
train,30939,0
train,32260,9
train,16895,2
train,45571,7
train,34916,7
train,5802,6
train,47015,7
train,57628,2
train,39567,6
train,56115,6
train,48952,7
train,40785,6
train,9056,0
train,51836,1
train,14499,8
train,40005,3
train,48775,9
train,20454,2
train,26048,3
train,43034,9
train,57116,8
train,48453,7
train,53493,3
train,7390,5
train,18564,0
train,41354,4
train,41293,4
train,28815,1
train,32252,7
train,22424,6
train,29197,5
train,42034,8
train,17082,3
train,15422,7
train,38600,9
train,29711,8
train,7143,0
train,26179,9
train,32824,1
train,48968,9
train,24069,0
train,17245,0
train,6995,4
train,38191,7
train,67,1
train,41125,4
train,19010,1
train,53392,7
train,1416,7
train,58561,1
train,14919,0
train,15745,9
train,31129,1
train,51463,3
train,57465,7
train,51721,2
train,30341,6
train,11587,5
train,54561,7
train,8798,7
train,28334,1
train,18255,2
train,19637,4
train,59662,5
train,30104,1
train,55641,4
train,33853,4
train,36466,4
train,15795,0
train,6858,3
train,9733,0
train,45992,7
train,55841,6
train,36162,9
train,24352,1
train,3274,2
train,42887,2
train,9594,8
train,4040,8
train,17030,1
train,36439,6
train,58319,4
train,43894,8
train,12732,0
train,54708,1
train,699,5
train,16695,6
train,29678,8
train,49615,7
train,56560,8
train,51201,3
train,35700,0
train,39263,0
train,40505,7
train,15949,5
train,20317,6
train,32814,1
train,16331,4
train,13460,5
train,47391,1
train,11957,0
train,49749,3
train,22130,5
train,35761,1
train,44366,1
train,16280,9
train,30661,8
train,44701,9
train,566,9
train,30748,0
train,32477,6
train,45293,8
train,57732,9
train,53533,0
train,3260,4
train,44652,8
train,51685,0
train,22151,8
train,27513,8
train,8211,2
train,22133,2
train,10717,9
train,1061,9
train,39135,8
train,4012,1
train,27894,0
train,44894,4
train,38007,1
train,39119,0
train,35545,5
train,30200,1
train,12071,1
train,50002,6
train,16084,5
train,53710,4
train,57185,2
train,43482,3
train,28989,8
train,14161,0
train,42356,9
train,41451,2
train,44030,0
train,35581,4
train,57497,5
train,23763,5
train,17622,9
train,11828,6
train,46742,9
train,27604,1
train,20296,7
train,34368,3
train,7447,9
train,37269,0
train,49543,8
train,27188,2
train,6648,0
train,24604,4
train,14404,5
train,38646,9
train,18078,8
train,12974,8
train,47847,6
train,23722,5
train,38250,5
train,38307,2
train,44930,5
train,13324,5
train,51346,7
train,50083,1
train,58876,1
train,53467,1
train,48286,4
train,40032,5
train,26708,8
train,702,0
train,544,5
train,28529,7
train,55436,8
train,26719,8
train,44941,6
train,13618,8
train,37903,3
train,47580,1
train,1176,4
train,15985,6
train,34419,9
train,53761,1
train,31338,2
train,4541,2
train,42848,0
train,24233,4
train,58093,6
train,53948,9
train,46134,3
train,21792,4
train,50414,9
train,16049,7
train,541,4
train,11258,8
train,26068,9
train,28284,2
train,6255,5
train,15641,6
train,36381,5
train,42097,3
train,24986,4
train,44140,2
train,40679,7
train,25369,2
train,4244,9
train,21840,9
train,4245,0
train,30888,4
train,16521,9
train,26814,5
train,26969,7
train,21668,2
train,52187,1
train,6913,1
train,24656,6
train,39492,4
train,12054,8
train,34800,5
train,49214,0
train,47199,2
train,49756,8
train,30852,1
train,1033,2
train,7599,1
train,36235,4
train,86,3
train,18087,7
train,43381,7
train,36970,4
train,30031,1
train,55601,1
train,50281,0
train,12326,3
train,30315,5
train,7190,8
train,15216,3
train,1414,6
train,41235,8
train,27151,7
train,56678,6
train,29202,7
train,36626,1
train,46132,7
train,31252,5
train,18709,9
train,34270,5
train,29236,9
train,52252,3
train,16957,6
train,22301,7
train,40562,2
train,36227,3
train,9124,5
train,2480,6
train,9010,6
train,51698,2
train,45083,0
train,36355,2
train,59655,2
train,21590,4
train,43313,7
train,12714,5
train,49254,3
train,15295,2
train,12205,0
train,34176,9
train,35155,3
train,10735,7
train,765,1
train,17340,7
train,38672,7
train,11124,4
train,32313,0
train,13124,3
train,9563,1
train,7922,9
train,21090,1
train,49747,9
train,39595,3
train,12028,4
train,38833,6
train,33380,9
train,18148,1
train,35928,8
train,18446,5
train,43498,6
train,51511,5
train,34472,7
train,36154,3
train,44974,8
train,50023,1
train,54972,3
train,10946,7
train,8542,1
train,21715,1
train,57302,5
train,13572,9
train,11095,2
train,31700,9
train,18202,4
train,28017,1
train,15941,8
train,12436,1
train,53491,2
train,4912,9
train,58592,6
train,5918,9
train,57346,6
train,42437,9
train,4235,3
train,18562,9
train,57390,0
train,51971,7
train,50346,8
train,21166,1
train,52128,4
train,32575,0
train,20957,6
train,46507,1
train,21221,3
train,6684,0
train,1312,3
train,3037,4
train,38473,0
train,39302,4
train,4887,8
train,28835,0
train,13906,3
train,34668,9
train,6625,9
train,54912,7
train,14638,8
train,22718,6
train,16155,4
train,56762,2
train,13354,8
train,59864,1
train,40647,9
train,41087,2
train,24159,7
train,2621,0
train,2062,6
train,44294,4
train,46698,9
train,2124,8
train,44598,0
train,44879,6
train,4534,1
train,33923,0
train,36254,6
train,17842,4
train,30655,2
train,14688,5
train,18227,3
train,807,2
train,22883,3
train,18572,0
train,59363,0
train,57488,3
train,19294,4
train,39192,9
train,49662,7
train,11483,6
train,18649,1
train,26534,3
train,9791,9
train,37616,4
train,12496,9
train,20838,1
train,20604,1
train,43879,1
train,24417,3
train,43968,8
train,58830,1
train,23327,9
train,53969,6
train,7513,7
train,14300,6
train,41963,6
train,418,8
train,51262,2
train,44972,7
train,17987,0
train,44449,0
train,48524,9
train,215,3
train,41009,7
train,14441,8
train,7267,0
train,36289,5
train,2248,5
train,15627,6
train,7051,8
train,41199,9
train,33976,9
train,22039,8
train,47608,4
train,52465,8
train,4622,5
train,30435,8
train,57109,1
train,11550,9
train,22179,1
train,11497,6
train,21826,8
train,4509,2
train,13679,6
train,27537,2
train,50548,8
train,22729,5
train,39699,1
train,47480,0
train,19309,6
train,26110,9
train,54384,1
train,51562,5
train,24366,1
train,14186,6
train,32899,0
train,39772,2
train,1369,1
train,44302,2
train,20335,7
train,58968,9
train,21143,1
train,36115,7
train,24380,6
train,59906,5
train,18225,3
train,43910,1
train,46441,6
train,19688,2
train,7476,2
train,59007,2
train,31806,6
train,18135,2
train,10731,6
train,5329,6
train,46967,6
train,34508,0
train,46925,4
train,25634,9
train,31304,2
train,39020,2
train,49741,4
train,6014,7
train,13306,6
train,51540,1
train,55454,9
train,48002,8
train,33941,2
train,35589,8
train,30687,6
train,19005,8
train,42847,6
train,3490,0
train,1210,5
train,45943,2
train,24007,8
train,19264,3
train,43871,2
train,41750,1
train,58756,5
train,16169,7
train,36434,4
train,59574,5
train,11418,1
train,39281,1
train,41116,9
train,18399,5
train,30906,1
train,6543,3
train,54017,4
train,52798,5
train,10675,1
train,50303,6
train,40324,8
train,54000,5
train,52016,2
train,39737,1
train,15529,6
train,5358,3
train,12019,4
train,18300,2
train,44226,2
train,45913,8
train,47371,0
train,43561,0
train,47192,3
train,57875,4
train,51623,0
train,37953,0
train,22662,7
train,22137,1
train,58697,4
train,1008,4
train,56763,4
train,56171,6
train,42308,2
train,57615,2
train,666,0
train,44482,1
train,25669,5
train,46715,6
train,23739,0
train,10255,5
train,19905,3
train,37937,0
train,14102,0
train,47658,2
train,16995,4
train,55367,6
train,26994,2
train,3733,1
train,54104,0
train,17524,6
train,50227,7
train,5207,3
train,21196,1
train,18200,4
train,30225,1
train,14157,0
train,49811,1
train,27402,6
train,57685,0
train,52349,8
train,33142,0
train,20495,9
train,41632,3
train,53122,5
train,29812,1
train,7054,7
train,57265,3
train,6775,1
train,51652,4
train,24820,5
train,48163,3
train,58019,2
train,22727,1
train,39075,0
train,55567,1
train,41178,9
train,13805,9
train,41962,9
train,23652,2
train,48178,2
train,31447,1
train,4184,5
train,5113,2
train,45034,9
train,7736,2
train,17358,8
train,55385,4
train,27886,1
train,20661,0
train,43058,9
train,57461,5
train,10088,9
train,40148,1
train,3086,8
train,3627,2
train,32605,0
train,20858,8
train,50503,6
train,54617,4
train,59704,0
train,13968,4
train,52247,0
train,3936,6
train,59220,8
train,35014,2
train,23294,3
train,8687,0
train,18074,1
train,38042,0
train,8141,9
train,28397,6
train,18541,1
train,55296,9
train,45361,7
train,32322,5
train,7218,8
train,10116,3
train,30442,7
train,11824,4
train,18126,8
train,48276,6
train,21385,5
train,36962,4
train,23856,0
train,54233,5
train,13568,3
train,8053,1
train,21397,5
train,23291,1
train,26529,7
train,18013,1
train,29606,4
train,17187,0
train,19490,0
train,53585,2
train,53975,3
train,25181,0
train,12906,2
train,57177,7
train,57647,1
train,59568,8
train,29874,9
train,6270,2
train,2862,6
train,42984,5
train,47321,2
train,43146,9
train,55486,7
train,39740,0
train,4873,8
train,13575,6
train,18694,9
train,38655,5
train,38816,0
train,49495,9
train,28525,2
train,22422,6
train,27883,2
train,44252,7
train,23066,5
train,13643,1
train,47137,7
train,51365,0
train,42839,2
train,37517,3
train,47085,8
train,35714,6
train,57122,6
train,7610,7
train,31726,8
train,19938,9
train,5185,9
train,53525,7
train,28200,2
train,15502,8
train,47723,8
train,35023,2
train,35502,0
train,3509,1
train,4985,0
train,4787,4
train,22735,1
train,36125,6
train,58211,4
train,28553,9
train,18426,3
train,35168,1
train,12969,4
train,56198,3
train,25024,0
train,26662,3
train,21631,9
train,47488,0
train,18549,3
train,48078,5
train,34256,2
train,39417,1
train,54757,8
train,20504,7
train,50914,1
train,1664,0
train,34440,0
train,40317,9
train,2013,8
train,27191,9
train,33423,7
train,39990,4
train,6853,5
train,16026,8
train,41757,6
train,14862,5
train,56996,9
train,52845,9
train,23660,1
train,9147,4
train,53050,5
train,7473,2
train,6395,1
train,53047,6
train,43173,4
train,1502,0
train,28395,5
train,29008,5
train,42807,3
train,42360,9
train,35018,8
train,4976,1
train,47770,1
train,20539,8
train,41289,1
train,55190,3
train,39102,1
train,55116,3
train,19579,3
train,49208,0
train,33201,8
train,36492,8
train,43925,6
train,13295,2
train,55490,4
train,54911,4
train,33880,3
train,39827,8
train,7459,4
train,21356,9
train,34332,9
train,43240,2
train,27873,9
train,54598,5
train,3038,4
train,18717,4
train,21075,3
train,54714,2
train,26861,9
train,33084,1
train,6385,5
train,47306,2
train,2826,0
train,58011,8
train,23356,6
train,56222,2
train,36063,6
train,10789,4
train,24469,3
train,47407,1
train,10190,6
train,8079,7
train,6078,9
train,32673,4
train,52909,4
train,13100,2
train,52850,1
train,40021,5
train,17021,8
train,25143,8
train,21581,4
train,14598,7
train,46522,5
train,26241,0
train,3472,3
train,14907,5
train,48548,9
train,13252,4
train,35683,6
train,59357,4
train,57147,6
train,45389,3
train,16232,8
train,13210,6
train,10049,5
train,17036,8
train,7819,1
train,17499,8
train,48516,2
train,28103,5
train,35932,8
train,16039,9
train,14402,0
train,13231,0
train,17930,0
train,32894,6
train,19927,6
train,48615,5
train,6712,5
train,28551,4
train,48733,5
train,27909,9
train,9425,9
train,54960,4
train,39676,7
train,31221,2
train,22168,1
train,58544,3
train,25828,9
train,32911,4
train,3470,2
train,22414,2
train,38393,6
train,44922,4
train,51876,1
train,8774,6
train,25333,4
train,6274,5
train,50109,4
train,6785,1
train,12177,6
train,35957,7
train,40007,1
train,29702,8
train,18147,2
train,32181,8
train,43750,9
train,20514,2
train,30116,8
train,36662,2
train,19963,2
train,2823,1
train,51891,8
train,20367,6
train,1707,6
train,29686,6
train,35129,8
train,26511,6
train,11590,5
train,44908,7
train,11531,2
train,15962,1
train,39872,8
train,22542,3
train,47888,8
train,8740,2
train,51774,0
train,59548,6
train,35838,5
train,10842,1
train,29591,9
train,25561,7
train,11265,5
train,1659,9
train,5232,2
train,15228,2
train,4669,8
train,43123,4
train,8727,2
train,53480,3
train,14324,9
train,7182,8
train,41686,4
train,30905,2
train,8941,3
train,17446,5
train,7583,5
train,12301,9
train,37324,8
train,13239,3
train,24434,7
train,30331,0
train,41084,9
train,54377,3
train,25925,4
train,8047,8
train,32698,5
train,8942,6
train,16112,5
train,50737,4
train,19809,7
train,39004,6
train,33738,9
train,31853,1
train,11322,8
train,22494,8
train,7452,6
train,35451,7
train,43745,8
train,11150,9
train,10801,0
train,38132,4
train,920,1
train,45488,2
train,53192,4
train,22786,4
train,56089,1
train,30428,7
train,45884,8
train,25088,2
train,23321,6
train,42913,0
train,40001,7
train,43024,7
train,46506,3
train,8840,4
train,23949,6
train,56910,1
train,46289,0
train,14772,8
train,39779,8
train,19083,5
train,21358,0
train,56717,1
train,23977,3
train,57459,4
train,29092,8
train,58353,0
train,339,2
train,4203,0
train,5341,9
train,53531,1
train,27040,4
train,50903,7
train,39382,8
train,19067,8
train,5163,8
train,30061,5
train,10624,1
train,49598,2
train,155,6
train,3313,2
train,49112,9
train,59521,1
train,8920,8
train,16641,7
train,48443,2
train,41619,3
train,12310,1
train,45533,7
train,31899,7
train,4229,9
train,28426,4
train,23775,1
train,740,8
train,4080,2
train,6462,4
train,376,5
train,54244,9
train,35043,3
train,24965,3
train,54549,0
train,28295,0
train,15214,4
train,58408,0
train,2567,3
train,46233,8
train,47010,9
train,20598,5
train,33786,3
train,46679,1
train,37305,1
train,22841,9
train,15937,3
train,500,3
train,349,7
train,48517,1
train,53462,8
train,27298,6
train,41278,5
train,39806,8
train,26337,7
train,27333,3
train,31965,4
train,47344,0
train,55736,4
train,18269,7
train,30722,7
train,57305,1
train,9046,4
train,57256,5
train,8121,6
train,57664,8
train,6327,2
train,59031,7
train,46083,2
train,50982,3
train,55244,7
train,49613,6
train,35664,6
train,18019,1
train,10854,4
train,32784,8
train,39844,4
train,18097,2
train,29147,6
train,52358,2
train,17986,1
train,52333,9
train,58853,3
train,34121,6
train,39700,5
train,35605,9
train,23747,3
train,38685,8
train,20715,2
train,48999,6
train,32910,9
train,25063,9
train,37200,1
train,49232,1
train,37134,3
train,958,6
train,17162,8
train,49845,5
train,4588,0
train,6534,8
train,53315,8
train,1043,7
train,3125,4
train,42506,1
train,48742,0
train,58582,3
train,41992,8
train,58392,6
train,3579,7
train,10691,0
train,54583,6
train,32995,8
train,12562,9
train,46379,3
train,31782,5
train,12853,6
train,12247,4
train,21132,0
train,34855,4
train,44310,8
train,51257,3
train,7657,4
train,7245,9
train,20503,6
train,14192,8
train,44026,9
train,27803,3
train,53336,6
train,51391,8
train,4969,5
train,20922,5
train,23036,1
train,37420,7
train,12269,5
train,23596,4
train,43048,5
train,55708,5
train,51361,7
train,51253,9
train,47859,7
train,59215,8
train,22842,9
train,20816,0
train,41693,5
train,40373,1
train,3290,4
train,3008,7
train,39269,4
train,12927,0
train,29887,0
train,20773,9
train,39197,5
train,1310,0
train,25406,2
train,35006,1
train,14643,7
train,58624,7
train,45646,8
train,59444,2
train,5701,9
train,982,1
train,6137,0
train,55846,1
train,57621,7
train,50794,7
train,52594,7
train,57653,7
train,57608,3
train,22776,1
train,15910,0
train,59228,3
train,57596,8
train,44585,2
train,40108,0
train,24251,3
train,14213,5
train,33246,9
train,54632,7
train,29449,2
train,32951,0
train,48609,6
train,23565,4
train,57002,4
train,24271,3
train,19376,0
train,46140,4
train,15917,2
train,34279,4
train,51846,8
train,46938,7
train,56246,5
train,4258,8
train,34439,9
train,46731,4
train,3030,9
train,50871,8
train,27580,0
train,41842,6
train,26804,8
train,50537,9
train,10328,3
train,53735,9
train,7243,0
train,1380,4
train,32220,7
train,58028,8
train,28346,9
train,27031,3
train,16536,1
train,24949,9
train,17424,7
train,22900,2
train,21549,8
train,40884,1
train,2456,3
train,34240,4
train,42727,9
train,13288,3
train,57145,9
train,54174,3
train,17308,3
train,23132,1
train,45845,2
train,8418,1
train,10141,3
train,23938,5
train,11859,8
train,31500,6
train,44956,4
train,50833,9
train,45350,2
train,54255,6
train,13667,2
train,36837,4
train,29393,8
train,32179,1
train,6043,1
train,23604,1
train,31128,9
train,3097,6
train,19034,4
train,39308,8
train,56726,9
train,4193,1
train,22844,1
train,27309,1
train,54569,8
train,38116,3
train,25152,0
train,31572,6
train,11897,9
train,57462,5
train,37534,9
train,5841,2
train,55047,1
train,40626,8
train,35345,1
train,58188,7
train,32052,5
train,5264,7
train,25105,2
train,12687,4
train,23481,2
train,44292,5
train,43541,7
train,25671,3
train,16596,7
train,51509,1
train,33796,7
train,1155,1
train,17283,9
train,21458,3
train,29424,6
train,18626,3
train,325,2
train,40186,7
train,11671,1
train,36935,9
train,26090,8
train,57041,0
train,43961,0
train,5035,7
train,58523,0
train,47652,2
train,49777,4
train,10456,0
train,20439,3
train,56716,8
train,16243,3
train,25304,0
train,16588,9
train,10819,9
train,31036,4
train,3594,9
train,14989,6
train,44627,1
train,59872,1
train,28075,3
train,39738,4
train,43191,2
train,2634,7
train,22858,7
train,44021,2
train,40599,5
train,44658,7
train,56541,1
train,52904,3
train,8485,8
train,22016,7
train,18678,6
train,54623,7
train,43938,8
train,19253,8
train,55572,5
train,26672,8
train,23952,2
train,44626,7
train,3233,3
train,17097,5
train,10014,7
train,59852,4
train,38316,4
train,6284,8
train,9403,3
train,44320,8
train,36249,9
train,58958,6
train,23750,8
train,36502,4
train,2245,0
train,35073,3
train,46281,4
train,20929,0
train,25233,9
train,38196,1
train,19576,9
train,11855,1
train,2966,5
train,6492,2
train,48116,6
train,11004,1
train,55024,4
train,16865,4
train,1910,1
train,47412,5
train,41239,9
train,3633,7
train,55553,7
train,4683,6
train,9289,3
train,54064,9
train,55390,6
train,38666,1
train,9680,3
train,43779,1
train,44984,6
train,16330,9
train,13871,9
train,19212,9
train,18235,1
train,15575,1
train,27258,2
train,4770,6
train,10512,6
train,45371,0
train,46782,1
train,55806,0
train,2765,0
train,29946,4
train,19260,7
train,36298,3
train,10209,4
train,17498,4
train,33892,5
train,32987,5
train,37944,3
train,45028,2
train,52967,1
train,4447,9
train,19521,4
train,14333,3
train,29727,7
train,20287,4
train,20293,4
train,38749,0
train,53042,3
train,52121,5
train,29440,7
train,21565,6
train,21252,5
train,30583,9
train,38549,3
train,47633,7
train,30546,8
train,23129,8
train,28799,4
train,25678,5
train,10559,8
train,3463,7
train,36782,9
train,47331,8
train,4635,6
train,59310,6
train,25198,5
train,20375,2
train,36226,4
train,46078,7
train,22734,5
train,7897,2
train,57330,5
train,4274,4
train,34549,9
train,16721,7
train,22606,2
train,24396,8
train,37066,5
train,11331,8
train,59705,1
train,21762,6
train,49682,5
train,723,7
train,57801,3
train,51323,2
train,28611,2
train,2785,6
train,33216,5
train,26953,8
train,8700,3
train,13925,2
train,59637,6
train,38926,0
train,14953,1
train,48801,7
train,20671,2
train,24280,7
train,4318,4
train,24138,7
train,49589,3
train,12977,6
train,53454,0
train,15387,9
train,7801,2
train,21330,2
train,34018,3
train,50755,3
train,53391,2
train,44592,9
train,23026,2
train,12231,6
train,53583,3
train,11913,4
train,57652,7
train,50697,7
train,29515,0
train,43590,2
train,28925,1
train,21416,5
train,31852,2
train,17605,1
train,16382,8
train,52427,9
train,37492,4
train,17303,7
train,9507,1
train,12343,4
train,26924,1
train,40391,9
train,36096,8
train,33472,9
train,30966,1
train,37507,5
train,14701,1
train,38704,9
train,54211,6
train,21333,7
train,54586,9
train,16755,3
train,31541,4
train,52181,7
train,53209,3
train,37308,5
train,7821,1
train,39064,9
train,13403,3
train,18366,5
train,49010,9
train,49308,1
train,54418,1
train,10385,5
train,36191,4
train,19483,4
train,19800,7
train,31863,5
train,32168,5
train,31549,4
train,42614,0
train,43131,1
train,28371,3
train,25904,7
train,5557,8
train,30089,1
train,39131,8
train,52652,4
train,52885,0
train,41316,6
train,30365,2
train,58340,4
train,5696,8
train,32642,3
train,30194,1
train,49915,6
train,7393,1
train,23883,7
train,50964,3
train,15498,9
train,31189,7
train,11060,0
train,13574,1
train,15556,4
train,53818,6
train,34574,8
train,54061,1
train,1851,7
train,48589,9
train,13081,0
train,48296,8
train,21158,9
train,36253,5
train,54021,9
train,35397,5
train,45982,4
train,47011,6
train,17114,7
train,20218,7
train,36700,7
train,54669,7
train,8940,6
train,13311,7
train,47598,2
train,31883,4
train,35191,9
train,3975,2
train,59581,8
train,31870,1
train,11332,7
train,41343,3
train,10556,1
train,27196,4
train,47576,1
train,52488,2
train,15343,8
train,18823,4
train,44595,7
train,32796,8
train,22837,8
train,38843,5
train,38941,1
train,21922,4
train,18438,4
train,6759,4
train,44541,2
train,29620,6
train,37358,5
train,13755,7
train,15674,6
train,9421,6
train,31477,7
train,45581,6
train,55632,8
train,12829,5
train,48214,5
train,22330,1
train,8465,8
train,33211,9
train,39314,7
train,44804,5
train,37023,1
train,23819,3
train,59299,3
train,48053,7
train,11943,1
train,57092,0
train,22479,4
train,24901,4
train,42418,7
train,31786,9
train,53941,2
train,20352,8
train,44883,0
train,30268,8
train,46901,5
train,28018,1
train,22569,3
train,13798,0
train,8396,7
train,17392,0
train,24560,3
train,40372,9
train,29201,9
train,35699,1
train,50295,2
train,48212,2
train,44492,2
train,14982,9
train,58411,3
train,46128,4
train,3326,5
train,95,0
train,25122,2
train,21511,2
train,39310,7
train,32533,5
train,7730,7
train,11755,3
train,31781,8
train,59737,2
train,48973,8
train,58617,0
train,18213,2
train,22780,9
train,56184,4
train,11784,6
train,21587,7
train,27613,8
train,47617,9
train,56912,1
train,22593,7
train,55863,7
train,44593,4
train,5512,0
train,43552,3
train,55119,7
train,557,3
train,18405,9
train,38787,1
train,3433,5
train,59293,7
train,18391,7
train,32652,3
train,50135,6
train,17407,8
train,54847,6
train,41595,2
train,28760,3
train,20618,8
train,5733,2
train,50353,0
train,9899,5
train,36159,8
train,2222,4
train,55093,3
train,16774,3
train,16462,3
train,29816,3
train,2643,9
train,31318,1
train,29827,4
train,51606,1
train,51266,8
train,43719,7
train,8129,0
train,25462,6
train,36111,5
train,23364,2
train,34921,8
train,17945,2
train,22545,1
train,29595,7
train,2131,5
train,17701,4
train,7037,0
train,18603,0
train,55698,3
train,23432,4
train,50654,0
train,18458,9
train,30796,6
train,3517,8
train,40144,5
train,48992,7
train,37381,4
train,30183,3
train,15717,3
train,21842,9
train,13226,6
train,22749,0
train,5780,6
train,39663,2
train,59525,5
train,29350,6
train,21097,0
train,36548,4
train,41295,9
train,34120,3
train,28453,2
train,55153,8
train,29106,2
train,14325,0
train,55885,7
train,24897,2
train,31319,7
train,37745,3
train,23595,4
train,55022,8
train,34115,5
train,54697,3
train,16437,7
train,48277,2
train,10587,4
train,52497,7
train,23232,8
train,16160,6
train,38239,3
train,24076,4
train,5027,5
train,58986,4
train,14194,4
train,42699,8
train,48836,9
train,24450,2
train,54190,8
train,35592,1
train,14106,5
train,24705,7
train,29664,0
train,20340,1
train,56021,9
train,27286,8
train,46212,2
train,56769,7
train,9297,0
train,4440,8
train,9613,9
train,3379,1
train,19359,9
train,54903,4
train,42500,9
train,53406,6
train,57133,8
train,16503,3
train,55361,0
train,25598,5
train,51172,8
train,3688,8
train,57680,3
train,51837,3
train,15792,7
train,42492,9
train,39111,9
train,22532,8
train,58484,9
train,40553,8
train,3747,7
train,53938,3
train,44124,4
train,6578,6
train,54379,4
train,54564,8
train,31642,1
train,37737,9
train,47774,6
train,37244,3
train,20714,4
train,27071,1
train,52800,9
train,28363,4
train,31372,2
train,48485,3
train,24666,5
train,23562,8
train,14141,7
train,3339,2
train,42527,7
train,27148,0
train,59800,5
train,23238,1
train,53926,2
train,49693,6
train,875,3
train,17808,8
train,49728,5
train,47101,2
train,45420,2
train,58072,1
train,10485,7
train,21140,4
train,38542,2
train,26050,3
train,38747,9
train,14015,9
train,48543,1
train,53065,8
train,23936,4
train,6404,8
train,7015,6
train,16932,1
train,32650,2
train,27293,8
train,18289,7
train,44591,2
train,53650,2
train,34918,6
train,6111,8
train,28786,2
train,5061,5
train,22356,2
train,20181,3
train,10614,9
train,45477,3
train,8508,4
train,34749,1
train,59569,3
train,18754,7
train,58854,9
train,30469,9
train,3460,3
train,14714,5
train,38760,9
train,12845,1
train,27897,2
train,40214,7
train,56496,4
train,19708,3
train,28979,1
train,32040,5
train,26039,6
train,51892,0
train,37816,1
train,59381,9
train,33930,2
train,11893,4
train,26652,4
train,50240,0
train,2541,3
train,12459,1
train,30320,0
train,26271,7
train,12350,3
train,55832,1
train,37487,4
train,35240,2
train,46726,0
train,21600,0
train,4532,0
train,47389,0
train,48983,5
train,34657,2
train,37213,1
train,46294,0
train,4352,3
train,16633,5
train,46667,5
train,35779,2
train,54897,1
train,51743,2
train,20239,2
train,7899,7
train,4388,8
train,533,1
train,55600,9
train,48910,7
train,22298,6
train,35016,9
train,45047,2
train,31353,9
train,34255,6
train,34764,9
train,53706,6
train,12657,1
train,37158,0
train,50536,7
train,35450,7
train,31528,8
train,41785,6
train,27599,8
train,13155,0
train,38669,7
train,23463,9
train,30566,5
train,27093,2
train,2450,2
train,14288,7
train,46886,4
train,11178,1
train,45152,0
train,25912,2
train,45967,7
train,13901,4
train,56018,9
train,39797,1
train,14472,0
train,32054,1
train,48109,2
train,29477,0
train,13728,9
train,57311,5
train,59109,9
train,17999,8
train,12615,4
train,26088,7
train,25977,6
train,59252,2
train,16556,3
train,34277,6
train,19397,2
train,30688,8
train,3435,3
train,58940,6
train,19203,0
train,2843,1
train,52272,3
train,22578,3
train,38083,3
train,29609,1
train,43145,8
train,28995,3
train,2081,0
train,38336,4
train,26445,1
train,48200,0
train,12243,2
train,40526,6
train,31649,5
train,29577,4
train,44802,5
train,30861,4
train,11473,7
train,31344,5
train,53950,9
train,12805,1
train,23264,5
train,29734,2
train,34586,0
train,13297,1
train,28557,1
train,52825,7
train,35935,6
train,27427,0
train,48959,4
train,30335,1
train,48495,8
train,47966,2
train,29331,6
train,30385,9
train,35037,6
train,21675,6
train,29832,6
train,13960,8
train,41845,4
train,50381,2
train,12046,5
train,122,2
train,10344,6
train,14789,3
train,49993,2
train,35235,2
train,52562,1
train,49906,7
train,30505,9
train,34479,2
train,51845,0
train,32112,4
train,54349,0
train,55906,2
train,33951,2
train,35480,9
train,36368,1
train,26532,8
train,20987,1
train,11355,8
train,10655,8
train,16470,9
train,14700,4
train,37891,8
train,19078,5
train,55956,6
train,6423,1
train,1062,5
train,26347,6
train,39086,6
train,42168,2
train,50616,4
train,8990,7
train,44404,5
train,41874,6
train,13948,5
train,34497,4
train,12245,3
train,12377,3
train,55041,7
train,35249,3
train,25469,7
train,6596,4
train,51691,7
train,55114,9
train,3308,2
train,15709,9
train,58797,4
train,27913,1
train,42809,4
train,56457,3
train,11979,3
train,8228,3
train,35546,4
train,37951,9
train,32504,9
train,35555,7
train,20277,7
train,12387,0
train,54640,5
train,19984,6
train,55847,9
train,36188,7
train,2235,4
train,24880,4
train,48225,9
train,28161,5
train,4409,4
train,5718,9
train,55350,6
train,30140,1
train,39781,9
train,48282,4
train,8626,9
train,25353,4
train,52085,3
train,3891,8
train,42791,3
train,44358,6
train,36043,9
train,1774,2
train,52062,6
train,2580,3
train,56392,7
train,19587,2
train,27518,3
train,44685,4
train,25182,4
train,33627,7
train,59673,6
train,15926,0
train,21777,4
train,28862,1
train,26797,4
train,26496,8
train,28297,8
train,24137,8
train,41485,0
train,41282,1
train,27068,1
train,9495,5
train,28178,5
train,57242,5
train,41813,9
train,43543,9
train,27806,0
train,11242,2
train,9653,1
train,11016,4
train,44429,9
train,46406,3
train,4959,4
train,1607,1
train,46858,7
train,54696,7
train,29138,6
train,15294,4
train,47250,5
train,36939,5
train,5643,1
train,59572,2
train,49738,7
train,40847,2
train,47867,0
train,59933,4
train,40715,8
train,220,2
train,23670,4
train,57358,2
train,53405,1
train,4557,1
train,12825,9
train,7125,7
train,54321,9
train,51747,8
train,12122,4
train,41190,6
train,8567,4
train,16111,3
train,30222,0
train,51995,6
train,41142,6
train,49698,7
train,27936,0
train,47462,8
train,33261,2
train,52889,2
train,42425,4
train,38036,2
train,28252,3
train,54216,8
train,39240,3
train,41739,1
train,38980,6
train,26896,5
train,47999,2
train,25535,3
train,57187,9
train,40343,4
train,812,9
train,47435,1
train,15705,7
train,34869,1
train,55370,9
train,16686,1
train,33750,1
train,1209,0
train,11094,5
train,12166,1
train,7504,6
train,25985,7
train,14731,6
train,36209,2
train,47860,0
train,50499,8
train,13873,0
train,11867,1
train,25811,4
train,8450,3
train,34490,6
train,9295,6
train,41222,1
train,40629,8
train,29305,9
train,8024,2
train,8136,8
train,25433,0
train,28580,3
train,55118,8
train,3835,3
train,29428,1
train,7839,2
train,16174,5
train,54672,4
train,55247,9
train,48408,5
train,56877,9
train,53973,5
train,57832,8
train,46053,7
train,53645,9
train,5693,6
train,56918,6
train,51975,1
train,29818,4
train,58515,5
train,29955,5
train,31287,5
train,57224,4
train,57542,0
train,21831,3
train,24893,0
train,16847,6
train,31383,7
train,8510,9
train,56950,0
train,4028,2
train,55207,9
train,45243,4
train,27379,7
train,29759,5
train,20770,2
train,47286,7
train,5565,7
train,10876,3
train,7533,1
train,52052,7
train,18219,0
train,20705,3
train,37646,2
train,33215,9
train,13145,5
train,42390,5
train,52343,4
train,4896,4
train,22962,6
train,39734,2
train,46287,9
train,8195,3
train,28944,2
train,25623,5
train,23401,0
train,21548,5
train,50376,7
train,46799,7
train,33452,8
train,25118,1
train,12735,6
train,25924,3
train,59909,8
train,52640,6
train,50541,1
train,43665,0
train,27409,1
train,1217,7
train,46413,9
train,44907,5
train,58505,5
train,11765,1
train,22904,6
train,22679,5
train,23736,5
train,33038,8
train,34032,7
train,23683,2
train,49692,4
train,46386,2
train,40515,6
train,6069,3
train,19267,8
train,35530,3
train,4793,0
train,10210,3
train,53588,6
train,9903,1
train,8581,9
train,36386,8
train,50479,2
train,26300,0
train,16651,1
train,597,6
train,42414,5
train,18133,4
train,1207,8
train,46474,9
train,9312,1
train,54994,6
train,50277,8
train,383,9
train,4116,7
train,12378,8
train,37174,3
train,26846,9
train,4152,1
train,18627,3
train,39604,8
train,29773,1
train,32217,5
train,12328,4
train,39157,1
train,32678,2
train,25944,6
train,39681,5
train,2544,5
train,53387,0
train,50538,2
train,8313,8
train,12265,3
train,49071,7
train,40967,2
train,31158,5
train,51018,4
train,34511,0
train,49836,9
train,25814,0
train,35855,7
train,28274,0
train,9457,1
train,5759,6
train,18340,5
train,34351,3
train,6322,8
train,34816,6
train,12253,7
train,15660,2
train,25736,8
train,2065,2
train,16910,5
train,22531,4
train,57407,0
train,59905,4
train,4867,6
train,672,6
train,54373,1
train,25920,2
train,6510,7
train,10699,2
train,48120,4
train,14923,8
train,28693,3
train,32534,1
train,8062,5
train,50973,9
train,52337,7
train,7675,3
train,1861,2
train,44330,6
train,50454,2
train,11487,6
train,30327,4
train,20370,7
train,24492,5
train,7389,6
train,37921,0
train,56797,4
train,2125,2
train,35627,6
train,8449,0
train,24827,6
train,5043,8
train,21764,6
train,2389,2
train,52559,5
train,30516,8
train,13206,0
train,13698,9
train,14112,2
train,10437,4
train,1994,3
train,12646,9
train,50892,3
train,39938,8
train,57884,7
train,24755,0
train,3790,7
train,23979,4
train,49870,9
train,16647,5
train,29758,6
train,3827,9
train,50072,0
train,52938,2
train,23751,1
train,8356,9
train,782,9
train,48633,9
train,46873,7
train,351,1
train,10608,3
train,22778,2
train,28462,4
train,15389,1
train,8031,8
train,46961,9
train,39209,4
train,48405,4
train,29491,7
train,18353,8
train,56669,5
train,42931,3
train,46470,1
train,24084,4
train,35620,0
train,7406,1
train,40591,6
train,48096,7
train,54012,0
train,3635,5
train,22437,9
train,39472,9
train,9178,8
train,16466,4
train,2376,7
train,7974,4
train,19925,5
train,27157,7
train,231,1
train,46199,1
train,21149,3
train,22000,3
train,36921,1
train,34033,1
train,11273,8
train,20822,6
train,56842,8
train,15212,9
train,31102,4
train,9305,6
train,7877,1
train,17013,8
train,29344,5
train,54668,4
train,47678,3
train,16324,7
train,6789,6
train,9840,0
train,55210,7
train,30009,0
train,880,7
train,51750,1
train,57809,7
train,31534,1
train,23487,6
train,37810,8
train,38750,1
train,4813,1
train,48806,3
train,58013,9
train,24793,1
train,12546,3
train,51919,9
train,3430,1
train,46043,6
train,48073,7
train,38346,3
train,7590,3
train,53520,8
train,47399,7
train,8933,8
train,12414,0
train,30889,2
train,52687,7
train,32046,8
train,15293,1
train,3950,6
train,7293,3
train,30912,7
train,49162,4
train,54118,7
train,37255,8
train,40112,4
train,37047,0
train,30774,3
train,26734,7
train,48258,3
train,53249,4
train,14746,0
train,56862,6
train,22452,1
train,43097,8
train,2354,2
train,13256,5
train,52655,0
train,17533,7
train,23990,9
train,53504,2
train,5519,7
train,46730,8
train,25724,1
train,55897,6
train,49148,2
train,40551,1
train,87,9
train,36375,2
train,29898,4
train,56694,7
train,1379,4
train,31970,2
train,22368,2
train,53175,6
train,23262,9
train,32053,4
train,7013,9
train,48629,1
train,19556,2
train,19849,5
train,40519,4
train,38992,9
train,28863,4
train,54913,5
train,42030,7
train,10466,3
train,56645,3
train,7994,7
train,54333,6
train,6359,5
train,11698,9
train,3255,7
train,11955,4
train,45897,5
train,46105,2
train,35945,1
train,57700,0
train,46358,5
train,56928,5
train,44830,5
train,7935,3
train,10063,7
train,54227,6
train,22869,6
train,1196,4
train,58174,4
train,28660,1
train,951,1
train,30717,3
train,22100,2
train,19440,1
train,5898,9
train,29239,1
train,37480,7
train,47084,6
train,39487,2
train,58082,1
train,51727,5
train,10715,7
train,33256,9
train,14515,2
train,35437,2
train,49655,5
train,57233,6
train,55797,6
train,1789,7
train,10042,3
train,37139,1
train,5553,6
train,16292,1
train,49,3
train,45258,7
train,52808,8
train,40479,0
train,14669,8
train,38474,6
train,22566,5
train,59191,9
train,7995,8
train,56755,0
train,17269,2
train,13141,3
train,54340,1
train,18894,7
train,29935,9
train,58725,7
train,40513,2
train,45536,5
train,32297,2
train,38560,2
train,8059,9
train,37245,7
train,53847,9
train,17234,9
train,21979,1
train,23164,7
train,57697,8
train,26940,6
train,7450,8
train,33998,1
train,51483,1
train,42691,8
train,52733,8
train,12413,7
train,33755,8
train,31234,0
train,8861,7
train,2044,6
train,56405,6
train,43157,4
train,10837,8
train,50599,4
train,49111,0
train,21964,1
train,16216,4
train,29156,5
train,7253,1
train,51811,3
train,52301,7
train,8735,7
train,11518,1
train,5230,6
train,51444,5
train,23184,8
train,58448,8
train,468,7
train,26727,5
train,20817,1
train,4066,1
train,25968,8
train,52479,3
train,51358,7
train,14156,4
train,49209,7
train,12426,2
train,12406,9
train,15872,3
train,7493,6
train,51677,4
train,18385,4
train,23716,2
train,31876,9
train,4349,6
train,1181,1
train,47284,5
train,29169,6
train,6804,4
train,58627,4
train,59088,7
train,53401,0
train,37584,5
train,34774,7
train,40555,3
train,2775,5
train,50087,3
train,3200,2
train,26186,6
train,8482,8
train,46057,4
train,27105,8
train,50360,7
train,47638,1
train,55530,8
train,6299,3
train,35732,9
train,25147,2
train,24163,1
train,57583,2
train,30497,9
train,13663,5
train,45887,6
train,54108,0
train,40585,9
train,1781,6
train,17676,3
train,22607,4
train,2016,8
train,1264,2
train,11426,7
train,16514,7
train,29872,6
train,48431,3
train,32317,2
train,45495,1
train,72,1
train,32016,9
train,11067,8
train,39201,8
train,25542,0
train,34993,6
train,30554,4
train,2963,4
train,7924,8
train,30466,6
train,37840,4
train,51317,2
train,7890,9
train,43093,9
train,10980,6
train,47188,8
train,48695,0
train,53091,3
train,637,1
train,29953,9
train,28404,2
train,57899,2
train,20185,5
train,1763,4
train,1172,4
train,26794,2
train,6850,9
train,19880,1
train,26584,6
train,31938,8
train,50426,7
train,49665,4
train,23127,7
train,46708,2
train,42610,0
train,49814,3
train,4754,9
train,39309,0
train,50163,9
train,26575,7
train,5779,1
train,59180,5
train,27990,0
train,8800,3
train,36128,3
train,9715,2
train,51377,1
train,55895,7
train,58032,2
train,3051,3
train,45771,6
train,22582,1
train,23096,4
train,36741,0
train,41183,8
train,5591,5
train,29701,3
train,18134,6
train,48727,0
train,25626,0
train,52028,0
train,43545,6
train,54865,0
train,42769,1
train,37486,2
train,55465,9
train,3531,7
train,47027,3
train,52076,6
train,7872,8
train,10194,2
train,30783,9
train,23326,4
train,42012,2
train,43676,5
train,41500,6
train,25193,6
train,30600,2
train,58622,5
train,7987,3
train,4761,8
train,38355,0
train,33808,5
train,51899,8
train,37838,2
train,35622,3
train,23476,6
train,40654,5
train,23075,6
train,25574,2
train,39010,7
train,23429,4
train,40162,0
train,43427,7
train,11032,2
train,33781,1
train,23728,0
train,7965,4
train,19798,0
train,45683,1
train,978,1
train,34941,7
train,46142,1
train,4430,6
train,21903,0
train,55220,2
train,32198,5
train,6314,4
train,3355,9
train,20962,4
train,18913,4
train,24730,5
train,54613,2
train,32622,8
train,20583,7
train,38402,4
train,46245,4
train,41777,1
train,53736,9
train,2738,2
train,58823,4
train,50540,5
train,22141,8
train,27731,9
train,41242,6
train,36009,2
train,33333,2
train,6444,0
train,13783,5
train,40874,6
train,5227,2
train,36792,6
train,23098,6
train,2174,3
train,23097,1
train,926,4
train,48199,6
train,39878,1
train,44739,8
train,9433,7
train,55314,6
train,53217,9
train,24987,3
train,8831,2
train,52996,4
train,8549,5
train,27788,0
train,5065,2
train,56776,3
train,39609,8
train,56520,6
train,57577,6
train,2217,4
train,24698,0
train,8726,6
train,17497,7
train,26843,0
train,20791,5
train,31811,3
train,35988,6
train,27244,6
train,43291,4
train,48179,3
train,35198,2
train,4949,9
train,18515,0
train,55763,9
train,16396,0
train,56169,1
train,27785,1
train,44077,6
train,32503,8
train,5867,2
train,6803,8
train,11657,0
train,55410,0
train,6764,2
train,27450,9
train,49136,7
train,33202,8
train,2088,3
train,23473,1
train,51547,2
train,50640,2
train,24938,7
train,37713,7
train,1647,1
train,52434,6
train,55978,9
train,58689,1
train,36555,3
train,11816,9
train,33689,6
train,14971,0
train,2844,7
train,45873,9
train,55521,0
train,43289,5
train,4943,6
train,24255,5
train,50200,0
train,45747,3
train,28184,1
train,17076,4
train,31897,3
train,15304,5
train,58843,4
train,41175,8
train,20318,7
train,37872,6
train,46518,1
train,45920,2
train,12811,1
train,48972,4
train,14328,6
train,11375,5
train,43027,3
train,21532,5
train,14170,8
train,46572,9
train,14955,5
train,34427,3
train,40093,6
train,22399,7
train,21270,4
train,46243,9
train,49794,5
train,18604,4
train,40973,1
train,36019,0
train,27194,7
train,32573,8
train,45317,8
train,52694,2
train,54360,6
train,22696,2
train,59922,4
train,42112,8
train,55441,9
train,27431,5
train,35986,3
train,46463,2
train,19787,0
train,47943,6
train,33697,2
train,16387,4
train,7126,6
train,46295,3
train,57728,9
train,39015,5
train,7933,2
train,56889,8
train,41253,8
train,9079,8
train,8095,1
train,36110,1
train,37256,6
train,8028,0
train,35039,0
train,58619,2
train,22065,1
train,5980,3
train,21883,5
train,30475,1
train,42796,9
train,18165,1
train,42657,1
train,19022,5
train,40678,5
train,29426,9
train,34464,4
train,41561,6
train,59680,0
train,28157,3
train,22575,5
train,12080,3
train,54874,9
train,22602,4
train,43385,9
train,25986,8
train,55927,4
train,12129,2
train,1037,4
train,55791,3
train,35169,6
train,7607,8
train,55214,1
train,915,5
train,36685,2
train,11804,3
train,12684,5
train,46425,3
train,12555,0
train,41117,0
train,45603,9
train,28431,3
train,8061,4
train,16257,5
train,53367,2
train,41744,1
train,20772,1
train,41801,8
train,48041,1
train,47411,3
train,5700,2
train,46458,5
train,11335,0
train,13126,0
train,38380,0
train,17528,6
train,1725,0
train,12453,7
train,13914,2
train,58817,8
train,1012,1
train,26033,3
train,9320,5
train,36407,5
train,24258,4
train,25310,1
train,43218,5
train,8659,8
train,37445,6
train,14453,6
train,30884,2
train,55205,7
train,11295,0
train,58034,9
train,22099,8
train,9011,1
train,54556,2
train,13461,9
train,7552,0
train,36869,0
train,14421,6
train,23427,7
train,34621,6
train,29551,1
train,25514,8
train,45463,8
train,46942,8
train,33291,9
train,33014,9
train,58117,5
train,569,4
train,19134,6
train,10387,9
train,18581,0
train,37670,1
train,44042,7
train,8321,9
train,49714,9
train,56629,6
train,28565,0
train,31818,9
train,29254,8
train,20974,1
train,22963,3
train,20687,3
train,2140,9
train,16934,9
train,16551,4
train,49149,3
train,43770,1
train,9141,3
train,42218,8
train,23478,4
train,49760,5
train,32351,9
train,55396,5
train,52158,4
train,9969,9
train,53134,4
train,24206,2
train,20581,2
train,118,0
train,54464,0
train,42800,7
train,1670,5
train,34652,6
train,30344,2
train,50048,8
train,8917,0
train,38767,9
train,52565,3
train,49907,2
train,19108,5
train,14548,3
train,56020,1
train,44473,1
train,17192,3
train,56083,2
train,39112,6
train,9917,6
train,30632,6
train,22483,8
train,46527,8
train,52892,8
train,40231,7
train,44010,9
train,10283,0
train,21454,0
train,17231,4
train,43696,5
train,620,5
train,20830,9
train,6461,0
train,23029,3
train,25588,5
train,35057,5
train,45226,5
train,26378,3
train,43064,3
train,50424,0
train,55590,6
train,49743,6
train,46559,6
train,27125,4
train,45952,0
train,25101,0
train,50021,7
train,27210,8
train,45995,3
train,7461,8
train,27413,2
train,29800,3
train,14665,8
train,51667,9
train,4762,3
train,0,5
train,24690,2
train,54199,3
train,57251,5
train,39500,7
train,40000,7
train,10771,8
train,49280,0
train,21783,7
train,33223,3
train,47960,1
train,39463,0
train,26160,6
train,18972,2
train,46165,1
train,4367,6
train,58894,5
train,40707,6
train,6011,5
train,36866,6
train,56404,0
train,18921,0
train,35783,8
train,7979,8
train,29407,1
train,10479,0
train,47938,5
train,44910,5
train,34648,6
train,11325,5
train,19720,8
train,489,0
train,54732,7
train,20594,9
train,1454,0
train,3803,3
train,7018,0
train,34815,3
train,18183,7
train,49072,4
train,12403,7
train,41551,7
train,49943,1
train,51392,5
train,52709,9
train,12706,1
train,52815,4
train,16785,8
train,39582,2
train,54223,1
train,19311,4
train,33767,5
train,59970,2
train,51748,2
train,8911,6
train,20137,6
train,34276,5
train,49129,8
train,14471,5
train,43445,0
train,9684,5
train,20208,4
train,48554,0
train,46737,7
train,45405,2
train,18169,3
train,53473,2
train,36347,8
train,37235,6
train,10912,4
train,50386,9
train,51310,6
train,3072,4
train,38772,3
train,50951,1
train,37693,7
train,38123,0
train,16342,9
train,36749,0
train,46446,0
train,16186,7
train,55929,8
train,23070,7
train,20459,1
train,17179,8
train,43549,0
train,24683,5
train,2683,8
train,326,0
train,30363,0
train,23398,8
train,31132,9
train,36093,3
train,59277,8
train,55161,5
train,33370,1
train,18393,1
train,32284,3
train,25645,3
train,28250,1
train,35297,6
train,3207,6
train,43176,2
train,58789,1
train,31617,2
train,15208,0
train,3784,9
train,9774,7
train,13394,5
train,21575,1
train,41987,0
train,37171,4
train,11612,0
train,47268,1
train,35985,1
train,5183,8
train,38462,1
train,13878,4
train,27602,5
train,41350,0
train,16458,1
train,37712,4
train,20253,6
train,54145,2
train,31380,8
train,38645,4
train,55776,4
train,55333,9
train,49933,7
train,21436,2
train,17002,9
train,12267,4
train,45789,3
train,49707,4
train,16583,6
train,195,9
train,15102,8
train,56397,0
train,41812,1
train,3002,8
train,55423,4
train,21583,5
train,49431,3
train,38481,5
train,55670,6
train,44276,0
train,9582,7
train,16341,9
train,17205,7
train,50934,6
train,3398,9
train,638,1
train,32480,8
train,55980,5
train,18476,5
train,54725,8
train,6774,8
train,17698,9
train,15471,0
train,24933,1
train,48022,1
train,39812,4
train,25818,0
train,13110,3
train,55888,1
train,45290,1
train,25491,7
train,17124,0
train,4918,0
train,20675,3
train,17896,4
train,1491,7
train,40648,0
train,7386,7
train,13234,5
train,58769,0
train,24744,4
train,10746,9
train,7784,3
train,45734,3
train,1457,8
train,59849,1
train,30072,3
train,24833,2
train,31265,1
train,21041,6
train,39828,1
train,5901,9
train,56213,2
train,27421,5
train,58330,5
train,16092,5
train,31130,9
train,28020,4
train,41913,4
train,16440,8
train,34179,1
train,3541,0
train,11184,4
train,37807,5
train,44421,9
train,36100,2
train,17694,4
train,41748,1
train,51992,0
train,59056,7
train,42163,7
train,26229,5
train,1599,3
train,21497,0
train,48227,0
train,45589,0
train,59457,0
train,15776,1
train,34367,4
train,5191,2
train,42095,2
train,33825,5
train,7937,6
train,18160,7
train,54965,9
train,36058,9
train,39490,7
train,44251,4
train,36992,1
train,33630,4
train,34335,9
train,57870,8
train,10149,6
train,14876,2
train,49172,4
train,7375,2
train,41745,2
train,33365,5
train,15870,6
train,53299,0
train,16399,4
train,51695,3
train,7066,0
train,38859,3
train,59139,4
train,8948,3
train,45745,2
train,7712,8
train,48469,5
train,6556,4
train,2198,1
train,14967,1
train,12730,7
train,1687,7
train,58214,7
train,29848,0
train,5619,6
train,53581,6
train,22803,6
train,15990,3
train,19353,5
train,35917,6
train,28442,4
train,48989,1
train,17863,6
train,3415,3
train,10646,9
train,56905,9
train,11096,9
train,11517,7
train,4502,1
train,7679,7
train,49201,8
train,16394,7
train,722,5
train,5131,0
train,24127,6
train,17689,9
train,11512,4
train,55310,1
train,46442,3
train,40663,7
train,7505,9
train,42248,3
train,9886,7
train,50614,7
train,10729,6
train,15429,4
train,29465,9
train,34700,6
train,17385,5
train,21487,3
train,28875,0
train,16826,8
train,59038,3
train,30762,2
train,15084,6
train,47092,4
train,279,3
train,10600,6
train,47427,9
train,20644,9
train,32479,3
train,32838,4
train,50626,8
train,11667,2
train,49285,2
train,4001,3
train,51759,3
train,5984,5
train,57019,8
train,52639,0
train,42914,3
train,49637,8
train,1990,6
train,19527,7
train,49132,5
train,37608,8
train,24591,2
train,19413,3
train,10043,9
train,47919,5
train,37469,2
train,56684,9
train,4824,9
train,39122,3
train,6540,2
train,42838,9
train,16530,3
train,56296,8
train,45726,5
train,59070,3
train,39436,5
train,32526,0
train,28717,5
train,51906,8
train,11432,1
train,56462,7
train,43190,7
train,48705,5
train,56890,5
train,38990,3
train,38496,4
train,59912,1
train,20261,8
train,34808,4
train,41731,5
train,39526,5
train,12677,3
train,35658,3
train,24337,9
train,56608,0
train,57267,9
train,53419,3
train,29366,3
train,54658,3
train,34476,9
train,32096,1
train,11578,4
train,50873,8
train,8408,9
train,7753,0
train,45489,7
train,52459,5
train,15020,1
train,43864,9
train,16699,1
train,48947,0
train,31842,9
train,28050,2
train,40544,0
train,33540,2
train,57824,5
train,20337,4
train,23530,1
train,26600,7
train,14002,3
train,18833,1
train,12774,7
train,23229,2
train,31190,5
train,3058,6
train,56320,4
train,11341,3
train,40173,0
train,9472,2
train,59323,7
train,54745,4
train,40264,9
train,48987,9
train,1656,7
train,24586,8
train,6256,4
train,31900,5
train,975,3
train,25059,6
train,831,8
train,30028,5
train,14449,4
train,48799,2
train,11134,1
train,45898,8
train,51075,6
train,50315,2
train,5814,1
train,53233,1
train,38998,3
train,15802,2
train,4370,8
train,56781,0
train,49816,6
train,54025,2
train,50570,5
train,25790,4
train,32049,4
train,15777,0
train,17624,3
train,7765,3
train,47975,3
train,26188,1
train,58719,1
train,35218,9
train,39358,7
train,49679,9
train,34772,7
train,34386,7
train,2219,9
train,42922,6
train,52330,7
train,50882,9
train,56442,9
train,29559,0
train,40392,4
train,35133,5
train,12826,3
train,23639,8
train,8627,6
train,16019,3
train,44532,8
train,35830,4
train,22954,0
train,59558,0
train,25940,1
train,56938,5
train,2501,9
train,39730,4
train,43185,9
train,19665,8
train,31807,2
train,45368,6
train,9386,3
train,6526,6
train,49582,2
train,36444,6
train,18973,9
train,40058,1
train,43536,0
train,53775,6
train,37470,3
train,43149,0
train,48844,1
train,58855,3
train,54073,3
train,13969,3
train,45065,9
train,37766,2
train,8860,6
train,23655,5
train,50184,3
train,27923,6
train,16992,9
train,17443,7
train,4465,0
train,31648,7
train,27682,6
train,50927,9
train,57820,3
train,28578,4
train,18845,2
train,38757,4
train,39438,8
train,30449,7
train,11556,3
train,15450,6
train,4646,2
train,39491,4
train,22815,1
train,22063,0
train,24805,2
train,1817,5
train,56619,6
train,22188,2
train,17829,6
train,8877,0
train,54774,5
train,6126,2
train,8621,6
train,29961,1
train,41225,3
train,6511,1
train,47763,4
train,5054,1
train,52176,7
train,36575,3
train,34205,4
train,55892,0
train,7336,3
train,26403,3
train,53313,7
train,14526,6
train,32559,1
train,8044,7
train,42901,7
train,12844,2
train,47757,5
train,19480,0
train,41071,3
train,30304,3
train,32129,1
train,45036,5
train,13169,7
train,58010,6
train,30963,1
train,20743,8
train,8393,9
train,52665,5
train,30669,2
train,51234,5
train,29100,5
train,31779,5
train,50617,0
train,59962,8
train,55615,6
train,22686,5
train,37202,8
train,57026,4
train,55152,0
train,16282,8
train,3115,6
train,2718,0
train,3725,1
train,15874,5
train,26891,5
train,29341,0
train,1084,1
train,36011,5
train,37085,3
train,36396,2
train,37894,5
train,8425,3
train,28579,5
train,46317,2
train,37120,2
train,10677,3
train,33860,9
train,1070,6
train,54341,8
train,15238,5
train,871,1
train,24322,1
train,4735,3
train,35093,3
train,54225,5
train,45219,4
train,56244,4
train,27618,2
train,1609,2
train,8865,3
train,47489,9
train,19314,2
train,11465,9
train,38264,1
train,1755,2
train,36797,0
train,53469,0
train,18278,0
train,19274,6
train,29656,8
train,49740,9
train,30803,8
train,51678,4
train,22621,1
train,51943,8
train,4749,0
train,45859,8
train,3529,0
train,32061,8
train,39825,6
train,21722,2
train,5540,7
train,29510,2
train,11982,1
train,36189,3
train,34750,4
train,41570,0
train,37604,3
train,46324,4
train,30881,2
train,12739,9
train,32373,7
train,10971,1
train,13806,9
train,427,0
train,40314,1
train,21038,3
train,55751,3
train,23237,5
train,31547,7
train,24686,8
train,33194,3
train,59339,1
train,1549,2
train,5650,7
train,44995,9
train,19317,8
train,11498,7
train,19386,3
train,10902,3
train,54051,5
train,32394,5
train,23500,6
train,25973,5
train,3242,2
train,9453,1
train,50402,6
train,20257,2
train,34145,3
train,7035,8
train,17196,8
train,44570,7
train,9159,5
train,32773,1
train,16605,4
train,27916,8
train,55637,2
train,51831,0
train,52880,6
train,19912,7
train,46306,3
train,15425,7
train,50256,0
train,54309,4
train,6685,2
train,21126,6
train,28432,8
train,800,9
train,7485,0
train,20186,5
train,25507,2
train,41952,8
train,25641,3
train,23520,2
train,54749,8
train,43168,7
train,3514,0
train,38999,9
train,54898,3
train,27114,0
train,19677,4
train,44775,8
train,11163,2
train,55033,2
train,44117,7
train,52870,5
train,38724,1
train,53,4
train,43774,7
train,4932,9
train,18829,5
train,42499,0
train,50711,8
train,18293,1
train,6925,1
train,1554,4
train,7643,7
train,28987,8
train,54196,6
train,4590,5
train,53501,7
train,18339,1
train,15063,9
train,27278,8
train,57998,1
train,41474,1
train,11019,0
train,41688,6
train,30639,1
train,57039,9
train,22266,8
train,12909,1
train,41105,2
train,37832,2
train,21160,7
train,36023,3
train,53776,4
train,51130,5
train,10631,4
train,14006,5
train,6397,7
train,22449,6
train,33170,7
train,56994,3
train,36924,1
train,18482,1
train,34226,2
train,157,3
train,37119,5
train,39727,6
train,25046,9
train,17853,3
train,8699,7
train,33805,4
train,19080,0
train,2201,2
train,14954,7
train,44023,0
train,17946,7
train,9776,2
train,44176,8
train,33446,1
train,45880,2
train,6152,8
train,27008,8
train,31333,8
train,48828,8
train,46229,6
train,56898,5
train,38208,2
train,36946,3
train,5771,5
train,13365,8
train,5224,9
train,29547,9
train,9882,7
train,6896,8
train,33214,0
train,56472,7
train,35556,9
train,54371,0
train,41761,9
train,13767,7
train,9024,6
train,40131,8
train,38917,9
train,55911,0
train,8931,7
train,17618,1
train,34011,8
train,55552,4
train,37051,8
train,4972,1
train,22207,1
train,48627,0
train,19678,6
train,25511,7
train,41702,2
train,55352,2
train,40925,3
train,27855,1
train,30551,9
train,56117,1
train,59475,2
train,50741,6
train,24474,6
train,51806,7
train,54439,7
train,52898,2
train,26599,4
train,29150,5
train,27989,2
train,5628,8
train,7589,0
train,31200,9
train,17521,3
train,3538,7
train,13891,9
train,38350,7
train,38119,8
train,29373,7
train,14231,7
train,36582,8
train,24220,6
train,40741,6
train,7009,4
train,37376,9
train,57635,3
train,31363,6
train,30862,8
train,25659,5
train,59259,4
train,54744,5
train,5529,2
train,27724,6
train,35034,6
train,39506,6
train,19584,0
train,46964,7
train,33995,7
train,59616,1
train,38943,7
train,9460,6
train,402,4
train,54212,7
train,17550,9
train,39014,7
train,10168,0
train,14155,6
train,21084,6
train,4291,1
train,39682,2
train,54180,8
train,48019,2
train,42990,8
train,47143,2
train,53443,5
train,31058,1
train,39687,7
train,49898,9
train,15535,3
train,17288,3
train,57356,0
train,11844,2
train,21860,6
train,31491,6
train,43305,6
train,2258,5
train,26422,0
train,49757,2
train,30506,4
train,12495,9
train,24816,7
train,10121,0
train,33770,8
train,7105,1
train,27581,9
train,22003,3
train,1251,7
train,11884,9
train,36400,4
train,57640,8
train,25677,2
train,40497,2
train,41622,8
train,6830,5
train,13312,5
train,9894,2
train,27230,9
train,27866,3
train,15374,5
train,14600,7
train,41039,6
train,55277,0
train,2916,5
train,52241,8
train,44343,8
train,52188,2
train,39874,0
train,23453,6
train,28216,6
train,37544,6
train,13792,8
train,34444,2
train,55404,2
train,20509,7
train,35514,1
train,22938,0
train,27385,2
train,6771,2
train,57959,6
train,25850,7
train,6,1
train,24843,9
train,27049,5
train,53550,9
train,50732,7
train,17091,4
train,4149,1
train,30931,2
train,55017,3
train,1953,7
train,37908,3
train,32957,7
train,13139,2
train,22489,1
train,15330,0
train,51795,5
train,9987,1
train,54890,7
train,53464,8
train,16205,7
train,16427,3
train,33904,0
train,16337,7
train,5013,2
train,22332,9
train,21749,5
train,37920,1
train,10426,8
train,8147,0
train,25639,7
train,20151,5
train,20183,4
train,39994,8
train,43659,3
train,6696,7
train,16623,7
train,54971,7
train,22805,5
train,31821,5
train,18535,2
train,37655,2
train,8967,3
train,57573,2
train,32665,3
train,25711,5
train,47042,0
train,42580,8
train,39474,0
train,49210,1
train,44300,6
train,9469,9
train,49316,5
train,48821,6
train,15513,7
train,14188,4
train,776,0
train,59072,8
train,34817,5
train,5408,3
train,27637,0
train,53738,4
train,9675,0
train,27538,4
train,705,8
train,37596,7
train,43138,9
train,49373,4
train,794,6
train,45948,8
train,13301,8
train,14519,7
train,15456,4
train,23793,0
train,11211,8
train,45766,0
train,52511,8
train,515,2
train,25899,1
train,19329,6
train,12601,7
train,2840,2
train,1765,4
train,36630,4
train,44751,4
train,43534,8
train,20942,3
train,849,0
train,52503,6
train,47418,6
train,4436,4
train,18851,2
train,34780,4
train,40529,4
train,25605,4
train,14595,1
train,35663,0
train,11711,2
train,25923,2
train,44572,7
train,6838,9
train,53297,0
train,25232,8
train,30168,6
train,24120,4
train,49536,5
train,43183,9
train,46569,9
train,1500,9
train,19568,2
train,2134,1
train,52659,2
train,18261,1
train,7438,7
train,26867,1
train,11115,5
train,3469,7
train,56183,4
train,43979,6
train,46969,8
train,50237,1
train,32493,0
train,25327,1
train,54748,4
train,53566,3
train,39684,1
train,43589,6
train,56001,8
train,1745,8
train,30872,2
train,33449,2
train,35195,3
train,976,8
train,27571,2
train,6474,6
train,4540,4
train,3307,2
train,14617,2
train,38873,0
train,9245,4
train,7674,8
train,40938,9
train,13479,7
train,27588,4
train,37430,9
train,6923,0
train,29456,0
train,21897,9
train,35836,9
train,13107,1
train,21336,9
train,16811,3
train,29357,3
train,8069,7
train,44096,0
train,5046,4
train,11766,7
train,12419,8
train,33405,7
train,314,4
train,56342,6
train,56380,4
train,32676,9
train,23373,3
train,36828,8
train,4398,2
train,29389,6
train,20445,9
train,20165,2
train,1834,5
train,57587,6
train,43803,5
train,41901,8
train,22637,0
train,15287,6
train,56618,9
train,18550,5
train,9492,1
train,15685,5
train,17457,1
train,52598,6
train,48900,1
train,41144,5
train,14981,4
train,47323,9
train,23468,2
train,52811,1
train,42720,0
train,25034,3
train,19056,5
train,58918,9
train,16017,5
train,12975,6
train,39832,8
train,45260,3
train,46953,3
train,26137,4
train,40355,6
train,48300,3
train,42079,8
train,26093,2
train,28997,6
train,48681,2
train,58308,7
train,28151,0
train,22763,6
train,39897,0
train,4863,7
train,8918,8
train,21773,2
train,32978,6
train,51990,5
train,16546,1
train,39961,3
train,22314,7
train,36983,8
train,16381,1
train,32842,1
train,32454,0
train,4782,4
train,55278,0
train,43172,2
train,51132,9
train,28607,0
train,18112,0
train,29084,9
train,57144,4
train,39989,7
train,29073,3
train,14183,5
train,39879,2
train,23343,6
train,21024,2
train,2528,0
train,31709,2
train,2888,4
train,22770,3
train,49115,2
train,13386,8
train,27841,0
train,28526,8
train,46728,4
train,33582,7
train,40129,2
train,4300,1
train,24223,8
train,30367,4
train,42760,5
train,14418,6
train,4522,4
train,18612,3
train,2472,2
train,40003,0
train,44535,4
train,41263,5
train,34888,5
train,27423,3
train,26837,9
train,9707,0
train,28724,1
train,36038,6
train,20642,0
train,34325,5
train,10711,8
train,20369,0
train,25824,9
train,32494,0
train,33784,9
train,29060,2
train,25881,9
train,43192,3
train,52844,6
train,3666,4
train,1696,1
train,33564,6
train,34271,6
train,39839,0
train,27003,1
train,8535,8
train,52743,9
train,43105,2
train,11767,4
train,20831,2
train,52783,8
train,27332,0
train,55428,5
train,19423,2
train,32294,7
train,37715,8
train,50222,1
train,37220,0
train,1566,3
train,49283,1
train,58690,7
train,35938,7
train,12679,2
train,9174,6
train,39858,5
train,3901,1
train,39140,3
train,10970,9
train,42109,9
train,50976,3
train,16710,7
train,58465,3
train,47358,6
train,2568,3
train,34530,4
train,7327,4
train,24785,6
train,50368,2
train,5523,9
train,38286,4
train,31932,1
train,40688,5
train,33676,7
train,34433,6
train,2199,9
train,13842,7
train,23190,8
train,58075,9
train,1440,4
train,17834,1
train,46250,2
train,1307,9
train,34798,0
train,6549,2
train,31182,8
train,45986,6
train,2831,1
train,26468,2
train,29489,6
train,45213,4
train,56437,3
train,44848,3
train,56461,5
train,32643,7
train,45889,2
train,56687,2
train,56944,9
train,10268,1
train,48161,5
train,6681,0
train,52586,1
train,56552,6
train,26753,0
train,16069,8
train,10200,2
train,34719,8
train,58988,7
train,23851,3
train,13251,4
train,57403,5
train,58422,9
train,59911,0
train,56941,0
train,30929,0
train,11402,5
train,37692,3
train,36944,8
train,5155,4
train,50471,4
train,58459,1
train,6892,3
train,52907,3
train,43851,2
train,50930,0
train,52759,6
train,15188,6
train,43748,5
train,37344,8
train,58393,7
train,19302,3
train,16487,5
train,30212,0
train,46157,3
train,44551,0
train,10134,1
train,17850,4
train,7155,9
train,42202,7
train,55406,9
train,10510,7
train,21839,1
train,45733,6
train,21136,2
train,54979,1
train,56482,7
train,55634,1
train,57869,8
train,21563,5
train,49227,9
train,55151,3
train,49818,7
train,18070,1
train,21000,7
train,35186,4
train,50405,4
train,58803,5
train,9355,3
train,56813,5
train,19140,9
train,52619,1
train,28185,2
train,24563,1
train,54310,1
train,34564,7
train,36001,2
train,43538,8
train,17584,5
train,46369,5
train,42237,5
train,17131,3
train,42604,5
train,11110,2
train,14765,3
train,55573,9
train,17406,4
train,57613,1
train,8429,7
train,24174,4
train,11552,2
train,40936,2
train,13062,8
train,52467,9
train,11229,1
train,58620,3
train,48352,3
train,58416,4
train,34981,7
train,52792,5
train,37473,8
train,47694,6
train,46918,3
train,37868,8
train,38919,4
train,15886,5
train,59507,5
train,42048,9
train,51869,2
train,58343,3
train,49074,2
train,44118,8
train,31868,3
train,58362,0
train,44134,3
train,6711,3
train,46354,3
train,31954,6
train,42408,8
train,56752,2
train,44424,2
train,55693,7
train,32929,6
train,6013,6
train,50906,3
train,28964,1
train,30410,5
train,12872,0
train,25165,6
train,42621,7
train,17369,2
train,7981,0
train,59043,0
train,25584,0
train,51207,8
train,15595,8
train,40589,2
train,23714,4
train,2208,4
train,54300,9
train,7333,4
train,22161,4
train,14345,1
train,59776,9
train,2984,7
train,4528,7
train,34806,5
train,59222,2
train,51027,5
train,20627,1
train,48591,6
train,42031,7
train,19797,5
train,47890,2
train,13345,5
train,46528,8
train,738,1
train,23049,6
train,49890,5
train,23885,1
train,111,3
train,3009,4
train,12445,2
train,7582,3
train,51634,7
train,46401,4
train,4637,8
train,18288,8
train,27425,8
train,6927,6
train,13800,5
train,38164,1
train,40432,5
train,18363,3
train,56987,9
train,42998,8
train,14143,5
train,59745,7
train,39718,9
train,34529,6
train,11241,8
train,59978,3
train,8959,7
train,19079,8
train,42120,3
train,13446,4
train,42017,9
train,20795,7
train,30495,7
train,28317,0
train,22990,2
train,1074,2
train,18942,1
train,7830,0
train,59845,7
train,5326,7
train,14828,5
train,41919,7
train,57632,2
train,58850,9
train,51260,3
train,15354,9
train,37925,2
train,13703,3
train,44087,8
train,764,9
train,35716,4
train,13462,9
train,20311,7
train,45738,8
train,30281,1
train,49274,4
train,28963,4
train,27342,9
train,42039,1
train,46274,7
train,24790,2
train,17741,0
train,42765,1
train,689,0
train,56894,8
train,8770,6
train,51500,7
train,25190,5
train,18561,9
train,48117,6
train,36366,5
train,53266,2
train,53849,1
train,7229,7
train,33069,1
train,16075,3
train,7470,7
train,52897,6
train,34396,3
train,42594,7
train,47891,6
train,13547,0
train,12611,5
train,28629,1
train,16834,5
train,55289,6
train,27968,9
train,40313,0
train,14491,0
train,49135,3
train,7128,0
train,53648,8
train,44055,5
train,25306,6
train,6142,1
train,30487,2
train,44156,7
train,12145,1
train,10762,3
train,27110,9
train,50600,1
train,33148,0
train,53409,1
train,41614,0
train,59493,6
train,19531,4
train,35672,9
train,40229,6
train,58443,6
train,19515,9
train,5271,1
train,31307,1
train,50966,2
train,43667,9
train,10257,1
train,28666,5
train,33492,0
train,59811,6
train,25374,6
train,40293,9
train,26697,6
train,20471,0
train,30312,6
train,59155,0
train,30837,5
train,2861,5
train,28164,4
train,40658,1
train,22511,0
train,48792,6
train,22874,0
train,44129,9
train,51158,8
train,1299,2
train,22200,2
train,49371,9
train,18505,0
train,33766,8
train,9928,6
train,22307,3
train,18811,8
train,52841,2
train,39485,1
train,30257,9
train,41031,1
train,17931,4
train,54155,7
train,49421,2
train,8532,6
train,35725,4
train,17224,5
train,58074,0
train,4084,8
train,8512,1
train,38500,4
train,40687,8
train,55120,9
train,55570,9
train,15763,1
train,37411,0
train,52423,7
train,38991,3
train,14842,9
train,34045,0
train,41648,4
train,5876,1
train,5566,6
train,37206,9
train,7203,0
train,55057,6
train,4799,7
train,44793,5
train,42244,5
train,18692,1
train,31245,1
train,36031,0
train,57097,7
train,50275,6
train,45554,3
train,36462,2
train,21240,7
train,2402,2
train,23079,2
train,16973,9
train,41599,9
train,56049,2
train,57351,3
train,7526,4
train,7875,0
train,55915,7
train,40339,8
train,46718,1
train,43780,5
train,47805,4
train,30260,7
train,36529,8
train,26878,3
train,1750,6
train,27632,7
train,793,9
train,2979,2
train,30262,5
train,33195,4
train,39958,5
train,18198,2
train,44932,6
train,57106,5
train,30233,5
train,51707,7
train,20854,5
train,31297,0
train,18332,4
train,32635,1
train,2319,7
train,57070,8
train,25772,4
train,14661,6
train,52864,3
train,28114,9
train,41935,8
train,43492,3
train,2513,2
train,25465,7
train,36984,5
train,25691,2
train,29757,3
train,35042,8
train,23758,6
train,54022,7
train,58892,3
train,32912,6
train,41197,2
train,38038,5
train,13076,0
train,16071,3
train,7742,9
train,4687,2
train,39169,1
train,58231,4
train,26627,4
train,12012,3
train,24593,9
train,3817,4
train,15814,0
train,23578,2
train,49083,6
train,37001,7
train,46195,5
train,59621,2
train,38550,7
train,55318,4
train,46351,7
train,30255,0
train,58083,1
train,42778,8
train,53537,0
train,16893,8
train,30780,3
train,56292,9
train,50974,0
train,55341,3
train,2665,4
train,12600,9
train,40724,1
train,57770,6
train,53827,6
train,32445,5
train,49107,5
train,2712,9
train,9115,7
train,3685,5
train,35080,9
train,46753,8
train,47661,5
train,24406,2
train,19838,7
train,24692,7
train,6601,3
train,11611,8
train,13423,8
train,51020,9
train,9252,2
train,54866,2
train,26098,5
train,12793,1
train,35159,1
train,11410,5
train,8135,3
train,57270,2
train,39297,1
train,24941,4
train,2381,7
train,15114,6
train,29633,7
train,14140,8
train,56712,5
train,24133,1
train,26398,5
train,556,1
train,26099,1
train,1376,7
train,5153,3
train,15692,0
train,6641,9
train,3576,3
train,3034,3
train,58207,1
train,31723,3
train,6695,7
train,36817,4
train,22651,7
train,13119,7
train,47290,2
train,25596,1
train,17012,1
train,9326,5
train,52164,3
train,51896,3
train,47179,6
train,30772,2
train,57339,1
train,45443,5
train,37750,5
train,52398,8
train,1626,0
train,17606,0
train,49527,5
train,25509,3
train,20884,1
train,40258,5
train,11691,6
train,38262,4
train,36695,5
train,21500,4
train,46786,4
train,40306,8
train,12745,2
train,14875,9
train,35834,7
train,17558,5
train,21345,6
train,19144,9
train,46392,6
train,10961,5
train,46826,0
train,47232,7
train,10348,0
train,49696,9
train,27213,4
train,2025,6
train,9651,8
train,6330,0
train,17171,1
train,36456,9
train,47303,7
train,5683,3
train,44723,0
train,58014,0
train,58807,6
train,47431,4
train,32098,0
train,55807,8
train,45007,9
train,16874,4
train,11158,6
train,26952,8
train,40377,1
train,43599,3
train,32945,7
train,6422,0
train,54257,9
train,40727,8
train,6077,5
train,9874,0
train,18357,0
train,7374,5
train,56007,1
train,47749,3
train,5906,7
train,5579,7
train,32187,1
train,57331,2
train,49269,3
train,48480,3
train,27017,8
train,26780,1
train,31793,4
train,45376,6
train,2562,9
train,50051,1
train,21071,1
train,224,1
train,50649,5
train,14506,7
train,24435,3
train,53779,7
train,48268,0
train,45659,1
train,59598,3
train,11990,9
train,21550,5
train,17240,1
train,9265,9
train,47136,8
train,51553,5
train,58397,1
train,54097,7
train,3424,3
train,59204,7
train,38895,6
train,27950,7
train,58058,8
train,46427,3
train,16234,1
train,33283,3
train,2822,6
train,8426,5
train,11782,5
train,28471,2
train,15327,7
train,36768,2
train,54285,3
train,8157,0
train,17272,2
train,54411,0
train,34049,6
train,59178,3
train,30753,9
train,11591,7
train,29918,0
train,1194,9
train,34318,3
train,2589,4
train,19848,6
train,33625,9
train,14397,4
train,12179,9
train,48981,3
train,30818,6
train,29676,0
train,35913,4
train,21355,0
train,32710,1
train,19156,0
train,22948,9
train,58796,9
train,48213,3
train,12103,0
train,30246,0
train,4414,2
train,45911,3
train,6845,7
train,24301,8
train,55209,2
train,56048,1
train,25467,6
train,30171,1
train,34666,7
train,20415,4
train,11726,8
train,51312,4
train,28509,4
train,4178,4
train,193,7
train,53664,1
train,5380,2
train,36551,1
train,33844,0
train,13257,2
train,35861,6
train,33820,8
train,28969,1
train,4708,1
train,53363,4
train,46143,2
train,12721,9
train,35516,0
train,36990,3
train,48685,4
train,26669,2
train,57768,5
train,25796,8
train,41026,7
train,58927,9
train,25783,0
train,5879,6
train,38602,3
train,16354,0
train,52717,5
train,57159,9
train,13727,4
train,15986,3
train,28943,6
train,49511,9
train,40257,3
train,25041,2
train,33234,7
train,2682,8
train,2211,5
train,58357,5
train,11262,1
train,14655,3
train,18159,0
train,10903,5
train,37870,8
train,31134,1
train,35174,9
train,46947,0
train,36016,2
train,28269,2
train,36056,2
train,26336,9
train,18053,1
train,35144,4
train,8283,7
train,13287,2
train,9182,3
train,29468,0
train,15650,2
train,8178,5
train,54815,2
train,44958,0
train,42794,3
train,47703,9
train,6766,3
train,12740,2
train,14258,0
train,2406,4
train,32545,2
train,11647,9
train,29446,0
train,20636,9
train,10060,4
train,53591,3
train,14405,6
train,25478,9
train,44818,7
train,17780,5
train,29632,7
train,4312,5
train,28776,6
train,34068,8
train,44711,4
train,35271,3
train,38711,7
train,14935,3
train,23493,1
train,26401,1
train,30524,1
train,7940,9
train,44947,9
train,9136,1
train,42918,2
train,17748,1
train,56454,0
train,57387,2
train,9477,2
train,38399,3
train,27215,2
train,57048,7
train,35439,6
train,59735,3
train,23954,1
train,3524,6
train,50971,2
train,47795,3
train,14480,8
train,52770,9
train,52367,9
train,39171,2
train,34070,0
train,55306,1
train,3412,1
train,42311,9
train,27848,9
train,45054,7
train,19860,9
train,15080,3
train,28410,5
train,5954,4
train,28066,6
train,35939,8
train,42001,2
train,23572,3
train,25859,8
train,35020,2
train,457,2
train,43520,7
train,6522,3
train,14265,6
train,47781,3
train,7779,4
train,47255,2
train,55206,4
train,53700,9
train,19993,6
train,33314,6
train,1756,3
train,59021,9
train,6193,4
train,55103,3
train,23250,0
train,11408,4
train,28849,7
train,57752,2
train,19297,1
train,35963,0
train,16718,1
train,36405,5
train,9735,1
train,25054,1
train,40849,6
train,8347,6
train,40670,9
train,53394,1
train,35643,3
train,3280,4
train,39786,3
train,4146,4
train,41852,1
train,16525,1
train,22629,0
train,7062,0
train,15098,7
train,25603,5
train,31937,0
train,14736,3
train,58383,7
train,23090,9
train,54862,5
train,29474,0
train,17061,9
train,31017,1
train,29376,7
train,57723,7
train,24447,1
train,33080,3
train,44964,5
train,18127,7
train,7749,4
train,16552,8
train,27082,0
train,34811,5
train,54856,3
train,36252,5
train,34042,8
train,33487,1
train,51789,0
train,8583,4
train,1200,1
train,1546,4
train,57287,1
train,11394,2
train,50150,1
train,18061,3
train,22319,9
train,34411,5
train,21607,3
train,55974,3
train,30634,2
train,58914,9
train,20930,2
train,24599,7
train,46617,0
train,32890,1
train,54789,7
train,1904,0
train,35142,4
train,42625,1
train,35470,6
train,1963,0
train,42488,0
train,9666,0
train,21696,6
train,12134,0
train,38782,6
train,51208,8
train,24102,1
train,47625,3
train,30811,2
train,25474,1
train,54476,3
train,23574,9
train,17747,5
train,39125,3
train,39416,5
train,31269,3
train,37040,2
train,57639,5
train,30969,1
train,10094,9
train,20719,0
train,30267,8
train,14440,4
train,38684,1
train,31419,4
train,58233,8
train,5977,8
train,29942,4
train,47349,7
train,51607,6
train,10931,2
train,1303,6
train,15890,0
train,26782,2
train,317,2
train,4610,2
train,18629,8
train,15262,2
train,32170,2
train,23825,5
train,9108,4
train,58835,6
train,39045,6
train,33876,5
train,41066,4
train,22806,6
train,24241,8
train,4437,2
train,31409,3
train,49122,3
train,45205,1
train,19567,9
train,25150,2
train,2897,0
train,36825,8
train,10710,8
train,32994,6
train,45522,0
train,16971,1
train,38721,6
train,27175,6
train,5240,5
train,19808,2
train,13004,8
train,37671,2
train,11608,1
train,10716,7
train,33859,9
train,42266,8
train,49802,6
train,8641,9
train,28878,1
train,29560,0
train,43772,5
train,26488,3
train,45762,9
train,45935,6
train,44342,4
train,57606,2
train,734,8
train,692,4
train,52992,7
train,58085,5
train,22855,9
train,35295,8
train,40717,6
train,31578,1
train,59994,1
train,38427,2
train,15172,7
train,55039,6
train,35666,9
train,137,8
train,1090,0
train,31673,8
train,32111,6
train,3850,1
train,40883,3
train,46778,9
train,30802,2
train,11087,8
train,32401,3
train,2970,1
train,6619,0
train,32140,6
train,46266,2
train,32887,1
train,6428,3
train,56419,0
train,34312,8
train,59923,5
train,45730,1
train,21927,5
train,12153,3
train,22988,4
train,43202,7
train,22442,2
train,27390,6
train,31489,5
train,8179,4
train,44576,8
train,54648,3
train,10595,8
train,15583,0
train,39927,9
train,20163,1
train,25468,5
train,39863,7
train,46298,9
train,54813,4
train,31952,3
train,28686,2
train,57791,6
train,57254,6
train,506,6
train,19511,7
train,30343,6
train,53800,0
train,55884,9
train,11013,2
train,40821,0
train,4478,7
train,36726,4
train,52229,4
train,22038,5
train,28073,7
train,24848,1
train,50790,8
train,32036,0
train,17856,1
train,39352,1
train,1701,0
train,11088,7
train,23305,0
train,10809,4
train,7820,5
train,2155,8
train,21894,7
train,14733,8
train,54237,6
train,26326,2
train,40563,0
train,51700,6
train,5307,2
train,13515,7
train,58444,7
train,17023,6
train,9127,9
train,46585,2
train,20122,6
train,36293,6
train,28791,7
train,48961,4
train,10056,5
train,3930,2
train,55532,4
train,17937,8
train,20201,3
train,56182,6
train,885,8
train,4190,1
train,16772,2
train,51626,5
train,50192,0
train,40913,4
train,55727,0
train,11875,6
train,30339,7
train,55843,7
train,48883,6
train,26056,7
train,16024,2
train,30301,1
train,25229,7
train,43026,4
train,55571,9
train,38576,6
train,25559,6
train,19700,4
train,22557,8
train,50262,3
train,10260,3
train,627,8
train,6758,0
train,47517,9
train,3726,6
train,5436,2
train,1934,4
train,32531,0
train,40694,1
train,31362,7
train,1296,8
train,19465,3
train,57993,8
train,12924,3
train,20274,1
train,18043,9
train,41342,4
train,31025,4
train,3888,0
train,30349,2
train,19075,3
train,37956,8
train,24177,2
train,10464,2
train,15122,7
train,51944,4
train,34791,6
train,13912,6
train,28541,7
train,42811,7
train,27489,1
train,25424,6
train,52174,1
train,11672,8
train,34954,9
train,51663,7
train,11138,3
train,33566,3
train,39347,0
train,43571,4
train,31751,1
train,18713,2
train,41951,5
train,57166,3
train,31956,2
train,25956,4
train,6562,6
train,35533,4
train,54585,8
train,32295,1
train,43312,2
train,42781,4
train,33516,1
train,34616,9
train,36619,4
train,56233,7
train,53653,8
train,3275,5
train,55251,0
train,37197,3
train,5212,9
train,29740,1
train,8015,9
train,6971,6
train,9578,5
train,43199,5
train,26678,3
train,47335,0
train,14474,8
train,30842,5
train,10701,5
train,27712,0
train,16420,7
train,47274,8
train,33390,0
train,53308,1
train,8965,7
train,41002,7
train,13190,3
train,26602,7
train,14249,9
train,1991,5
train,25392,7
train,34246,0
train,37189,0
train,50830,1
train,3664,8
train,35215,2
train,18424,0
train,52289,0
train,43118,1
train,10654,6
train,31719,3
train,27081,6
train,10975,0
train,54330,2
train,759,6
train,2515,5
train,29552,9
train,45877,8
train,50430,5
train,26547,5
train,42730,6
train,4390,1
train,55827,6
train,26740,2
train,21730,8
train,862,2
train,41620,0
train,2590,6
train,25915,3
train,14207,4
train,10498,5
train,47680,4
train,5440,5
train,8888,3
train,23868,9
train,46150,4
train,55407,8
train,49996,0
train,19711,8
train,52642,4
train,3533,9
train,40138,8
train,10298,6
train,8461,6
train,18996,9
train,23173,7
train,47549,8
train,45596,0
train,18080,5
train,16702,9
train,30510,8
train,29159,7
train,18634,2
train,8834,2
train,30382,0
train,28172,5
train,31701,1
train,52380,6
train,50130,1
train,4268,6
train,46678,2
train,30901,1
train,42764,0
train,1582,6
train,30850,9
train,56550,4
train,7111,6
train,40286,0
train,11079,1
train,41896,0
train,56826,4
train,29237,3
train,38691,0
train,43603,5
train,45283,2
train,26405,9
train,54459,0
train,12769,7
train,8855,0
train,25264,1
train,15061,6
train,57711,1
train,55065,0
train,34139,5
train,31364,9
train,1726,6
train,27876,9
train,55469,4
train,46226,8
train,14650,4
train,27720,0
train,32239,9
train,57017,7
train,51813,1
train,56744,1
train,1589,7
train,43530,4
train,10171,7
train,12098,4
train,1715,2
train,31033,1
train,25134,9
train,34387,3
train,48566,9
train,34545,4
train,21241,6
train,27667,7
train,19257,7
train,29160,6
train,56599,9
train,21803,7
train,55967,0
train,6843,7
train,17520,2
train,37629,1
train,5822,4
train,12529,9
train,9299,1
train,19846,5
train,29916,5
train,40389,0
train,26631,9
train,15607,9
train,42774,4
train,52531,1
train,28494,2
train,15158,8
train,19612,0
train,33264,6
train,24179,6
train,26458,4
train,47176,8
train,20977,7
train,50665,7
train,47056,9
train,3432,8
train,16805,1
train,32332,1
train,28481,9
train,35616,6
train,23642,2
train,6566,7
train,708,8
train,30291,2
train,47173,3
train,1164,4
train,17279,1
train,31066,7
train,25303,9
train,27050,0
train,23666,7
train,9606,7
train,30667,1
train,43175,5
train,2706,7
train,28922,1
train,41999,0
train,26901,5
train,6055,2
train,58399,3
train,36453,5
train,49268,0
train,53410,5
train,42547,4
train,3941,3
train,21278,3
train,34525,3
train,43076,3
train,1932,4
train,24146,6
train,46244,5
train,21156,3
train,24327,4
train,25950,3
train,46505,8
train,49276,8
train,55226,6
train,31564,3
train,26152,1
train,32835,7
train,4957,3
train,8498,3
train,55239,4
train,2923,6
train,42317,5
train,50516,3
train,57452,9
train,42186,3
train,628,8
train,52203,9
train,45452,5
train,21841,7
train,53672,8
train,38054,0
train,31067,4
train,40842,4
train,55222,1
train,8647,7
train,11027,0
train,27372,8
train,44456,3
train,38690,9
train,10321,2
train,8832,4
train,7454,1
train,21653,4
train,54181,9
train,47275,0
train,32214,5
train,20648,8
train,16745,5
train,37452,0
train,56735,0
train,30549,7
train,54715,0
train,30172,8
train,19135,6
train,57424,3
train,26687,1
train,49510,6
train,37208,6
train,15375,3
train,10024,2
train,58049,4
train,347,2
train,46038,4
train,43287,3
train,36565,8
train,42875,1
train,42544,7
train,47120,9
train,38288,2
train,12959,6
train,4696,1
train,40224,4
train,24414,3
train,41934,5
train,41713,0
train,11160,8
train,26508,0
train,35356,2
train,50220,6
train,9485,0
train,2561,0
train,38418,8
train,5166,2
train,23880,9
train,2913,6
train,46813,5
train,26230,0
train,44560,0
train,48593,7
train,40223,3
train,23434,5
train,1322,7
train,25503,4
train,51235,0
train,59740,7
train,48378,2
train,55799,7
train,56159,0
train,57415,3
train,2749,2
train,6955,4
train,6904,3
train,55836,2
train,42958,2
train,8760,1
train,15173,7
train,1252,1
train,257,4
train,17289,8
train,41449,1
train,33905,5
train,24165,6
train,3971,1
train,43295,4
train,51210,0
train,32731,6
train,52726,2
train,1685,4
train,20888,1
train,49184,7
train,19763,8
train,47600,7
train,52953,2
train,55931,1
train,3434,0
train,13428,9
train,33848,0
train,14167,6
train,47500,4
train,43281,6
train,14280,7
train,58895,4
train,22549,9
train,21789,0
train,33901,6
train,20433,6
train,3926,1
train,31886,5
train,44245,1
train,28876,6
train,8256,7
train,11528,7
train,7339,3
train,6842,9
train,1182,6
train,25553,3
train,9291,5
train,57604,2
train,38457,9
train,20997,9
train,27190,6
train,50233,7
train,17717,4
train,19759,5
train,11008,4
train,4416,5
train,28460,9
train,36699,6
train,43619,3
train,3027,8
train,5868,9
train,20709,8
train,24397,1
train,15786,1
train,9981,1
train,11454,3
train,35150,7
train,50132,6
train,30038,8
train,23261,6
train,29870,5
train,43435,3
train,11293,9
train,48683,3
train,4945,7
train,10529,9
train,20664,3
train,14447,3
train,9876,9
train,49137,3
train,23659,8
train,16872,1
train,29981,6
train,38426,9
train,55586,8
train,10346,1
train,36533,0
train,16808,9
train,20412,8
train,27783,3
train,18547,2
train,10851,6
train,40322,0
train,50628,0
train,50045,3
train,56899,6
train,20116,8
train,5501,9
train,12296,7
train,26255,7
train,29807,1
train,29669,1
train,11887,0
train,45052,5
train,34385,2
train,54688,7
train,40238,4
train,5169,1
train,18762,8
train,26268,1
train,30370,0
train,20387,8
train,4321,0
train,16790,8
train,12870,4
train,57678,8
train,35349,3
train,28021,2
train,45456,7
train,20624,2
train,40568,1
train,49493,8
train,50330,3
train,34982,7
train,41427,2
train,7400,8
train,20809,4
train,48846,4
train,25946,9
train,2799,4
train,49212,7
train,25700,2
train,18498,7
train,37873,9
train,56051,9
train,53442,9
train,48622,7
train,33210,2
train,1886,6
train,19362,8
train,41547,6
train,9549,7
train,57065,6
train,47542,1
train,39426,7
train,3377,0
train,29781,5
train,56423,1
train,58492,0
train,6592,3
train,9198,7
train,3884,0
train,14721,6
train,4947,8
train,54787,8
train,19921,3
train,31044,3
train,9991,3
train,34441,2
train,6094,0
train,14245,7
train,33398,1
train,49207,3
train,14203,8
train,24293,1
train,11026,0
train,33565,4
train,44982,9
train,7507,3
train,19913,9
train,59597,2
train,7986,2
train,40054,2
train,59064,5
train,31808,0
train,16146,2
train,49544,9
train,19830,1
train,36800,5
train,57851,7
train,20213,3
train,10371,4
train,8368,0
train,39289,7
train,52321,7
train,7107,2
train,35858,5
train,33389,0
train,10352,0
train,16323,0
train,47627,4
train,5119,8
train,27037,9
train,27424,4
train,41517,6
train,27598,2
train,23414,8
train,5881,0
train,46450,8
train,42457,9
train,19105,6
train,9624,3
train,28819,1
train,146,8
train,2200,3
train,43656,8
train,51923,4
train,35529,2
train,10948,8
train,6070,1
train,22308,8
train,32827,3
train,1473,4
train,58020,8
train,59000,6
train,30489,3
train,54885,6
train,20215,0
train,53691,3
train,48571,8
train,24221,7
train,17845,1
train,51791,4
train,16344,3
train,42702,1
train,44299,8
train,7823,2
train,22436,0
train,19662,8
train,32755,5
train,41492,1
train,43052,7
train,10313,4
train,102,1
train,49539,6
train,10739,2
train,18868,0
train,33329,9
train,13241,4
train,44174,3
train,5308,7
train,51895,1
train,32410,9
train,46720,5
train,5539,9
train,56625,0
train,40251,0
train,7832,3
train,41615,7
train,23994,2
train,35552,1
train,13022,2
train,18543,0
train,45820,1
train,53276,9
train,52369,1
train,52928,0
train,33546,8
train,7422,3
train,40105,6
train,27046,6
train,5099,6
train,33166,1
train,31274,3
train,46389,6
train,15915,5
train,20617,4
train,22670,4
train,19843,2
train,13859,3
train,44714,8
train,53796,5
train,9166,0
train,11404,1
train,80,9
train,28029,5
train,2550,2
train,45998,2
train,14097,0
train,6687,3
train,4429,3
train,13902,4
train,27991,6
train,27817,9
train,28420,1
train,4015,5
train,9192,3
train,30509,1
train,24003,6
train,36934,9
train,46022,4
train,7262,2
train,34195,9
train,36560,0
train,41642,6
train,14760,2
train,25430,6
train,51423,4
train,35362,4
train,21666,7
train,7864,4
train,45296,4
train,3801,5
train,1329,8
train,14626,8
train,539,8
train,8781,1
train,9084,5
train,21130,4
train,59547,0
train,55697,8
train,20545,8
train,45936,4
train,53898,4
train,21406,8
train,33442,0
train,25547,0
train,12006,9
train,43294,2
train,44700,0
train,53777,6
train,29299,8
train,46393,6
train,15313,4
train,43550,9
train,53770,7
train,47447,0
train,55100,2
train,41415,6
train,45651,1
train,10768,4
train,15150,0
train,4785,7
train,28418,3
train,49134,1
train,17212,2
train,17154,3
train,26821,2
train,46444,9
train,58190,5
train,12976,4
train,37199,2
train,14191,8
train,38814,7
train,57071,7
train,59915,4
train,19138,4
train,31467,2
train,54479,1
train,29020,6
train,14517,2
train,10610,5
train,7866,7
train,33253,0
train,33064,4
train,19853,4
train,40175,5
train,20398,7
train,51304,7
train,23536,0
train,53924,0
train,40132,1
train,39264,8
train,15516,0
train,16559,8
train,4160,1
train,3540,1
train,923,8
train,498,6
train,30577,6
train,2692,1
train,22680,5
train,9537,8
train,8219,1
train,26095,0
train,42434,3
train,38626,5
train,21731,4
train,17198,4
train,49258,6
train,55494,7
train,35152,4
train,44438,9
train,29722,8
train,42995,4
train,51178,7
train,23331,0
train,46682,6
train,47016,5
train,35665,4
train,21878,1
train,48188,6
train,13375,6
train,7342,6
train,34320,8
train,43629,8
train,25741,8
train,22703,8
train,41400,6
train,25716,7
train,46542,1
train,23086,8
train,1392,7
train,56098,6
train,33259,1
train,23983,6
train,321,3
train,23280,1
train,12432,9
train,47035,1
train,4328,3
train,27929,9
train,45727,3
train,42427,7
train,51006,0
train,16900,3
train,44835,7
train,26847,4
train,33772,3
train,39810,2
train,21743,4
train,48638,0
train,22594,2
train,52090,8
train,34683,4
train,20742,2
train,40594,6
train,20768,4
train,17396,6
train,33087,0
train,33843,0
train,58361,1
train,51252,1
train,33682,9
train,17971,5
train,41906,4
train,20728,3
train,34373,1
train,52107,1
train,9755,1
train,36745,8
train,54219,7
train,16284,8
train,56188,2
train,49709,7
train,52022,3
train,18592,4
train,33252,9
train,26918,5
train,56413,9
train,25331,3
train,36236,5
train,7728,0
train,25456,0
train,41006,4
train,43980,1
train,13628,3
train,30391,0
train,18376,6
train,50714,8
train,30105,3
train,52777,1
train,24564,1
train,58698,9
train,41214,6
train,59287,9
train,46797,0
train,50171,8
train,51000,7
train,136,3
train,10082,2
train,19505,2
train,13379,1
train,29915,5
train,58400,4
train,21624,7
train,42856,6
train,47106,6
train,57064,0
train,21965,8
train,12317,8
train,16057,2
train,11738,2
train,11327,6
train,16991,1
train,52298,3
train,58121,0
train,6749,5
train,41659,6
train,27362,3
train,34321,9
train,10032,6
train,41078,8
train,2998,1
train,41591,1
train,42511,5
train,21301,1
train,9762,8
train,57037,1
train,18090,5
train,31166,1
train,8582,2
train,41829,6
train,18484,4
train,22199,2
train,54605,1
train,58120,1
train,20453,5
train,26331,5
train,52735,7
train,33845,3
train,41577,6
train,52985,4
train,13900,7
train,30488,5
train,12918,1
train,2842,8
train,12815,2
train,56802,4
train,36051,2
train,58598,6
train,7796,2
train,20699,1
train,36752,8
train,11311,8
train,17238,4
train,11856,2
train,40202,3
train,40353,5
train,43986,8
train,41337,3
train,56907,8
train,21695,3
train,50594,6
train,30150,6
train,13588,8
train,22177,2
train,29323,1
train,11625,8
train,54122,5
train,13884,1
train,39469,3
train,23603,7
train,45130,2
train,57960,1
train,48511,0
train,32275,3
train,13152,8
train,19456,5
train,51107,5
train,11571,6
train,9878,7
train,46205,6
train,23513,4
train,16294,2
train,31202,0
train,486,3
train,19956,6
train,10146,5
train,35424,6
train,26933,7
train,20870,1
train,32103,8
train,7596,4
train,5248,8
train,33307,7
train,9103,1
train,15846,2
train,49121,9
train,2798,9
train,24462,2
train,56523,8
train,31164,4
train,56133,9
train,39645,5
train,38302,6
train,18934,5
train,12097,5
train,48556,7
train,11538,9
train,48499,3
train,1077,3
train,4222,9
train,36809,0
train,30794,2
train,36265,1
train,32633,6
train,58812,3
train,42027,6
train,29952,1
train,11685,4
train,33059,8
train,10442,6
train,56063,5
train,3929,0
train,30462,7
train,35045,3
train,36436,7
train,52603,7
train,13786,7
train,21272,1
train,37674,1
train,11695,5
train,22535,4
train,29705,5
train,33778,8
train,39655,2
train,15318,0
train,23502,9
train,44669,7
train,56415,0
train,52257,5
train,35454,2
train,37495,0
train,36335,2
train,29058,5
train,33286,9
train,43936,5
train,58802,5
train,1214,8
train,25395,0
train,33062,7
train,45294,6
train,39445,3
train,17517,9
train,38335,0
train,45408,3
train,12376,5
train,2882,0
train,55383,3
train,14634,6
train,11950,8
train,13036,5
train,16221,0
train,39842,9
train,45869,9
train,2753,4
train,59206,6
train,59783,1
train,49270,5
train,48456,1
train,51776,3
train,39610,6
train,2179,3
train,2327,0
train,17553,3
train,23963,6
train,55035,3
train,30642,3
train,52163,6
train,43987,4
train,2887,2
train,28917,4
train,11757,7
train,35411,6
train,21349,6
train,37836,5
train,51550,2
train,45867,2
train,49958,7
train,48520,4
train,42342,0
train,20652,4
train,21640,0
train,44469,9
train,24982,2
train,28984,9
train,40104,3
train,3841,6
train,54718,4
train,14912,6
train,32361,2
train,42232,5
train,27315,4
train,43411,1
train,19615,3
train,58268,3
train,39623,0
train,36950,2
train,54408,2
train,1728,9
train,38056,1
train,26394,6
train,6367,0
train,22585,8
train,22640,0
train,22023,0
train,55025,4
train,1050,4
train,789,3
train,59623,4
train,5082,0
train,53798,6
train,39236,0
train,33138,5
train,12655,9
train,19254,9
train,16969,4
train,46016,7
train,8536,8
train,53045,9
train,19926,2
train,28113,9
train,40381,8
train,15900,7
train,46419,7
train,47983,5
train,26955,6
train,56595,4
train,7721,3
train,7887,6
train,26842,5
train,23091,8
train,25874,9
train,7093,2
train,36933,1
train,11939,1
train,17568,4
train,40595,8
train,58741,1
train,35306,7
train,53340,2
train,58750,7
train,21067,9
train,30752,2
train,55095,0
train,10499,8
train,59174,9
train,42513,2
train,41626,4
train,57447,8
train,21094,1
train,1069,1
train,20098,4
train,48260,5
train,7741,6
train,44599,0
train,19998,4
train,13581,1
train,39918,2
train,58189,1
train,5793,3
train,31474,8
train,22572,4
train,6881,7
train,7925,0
train,17169,0
train,45440,9
train,50561,1
train,13609,0
train,48783,3
train,877,4
train,32963,9
train,13982,9
train,32020,4
train,31524,9
train,57909,3
train,58314,2
train,2668,8
train,28245,1
train,20540,3
train,10777,5
train,31687,5
train,49787,1
train,45129,0
train,6425,2
train,23925,5
train,9271,2
train,32399,0
train,14837,2
train,6362,3
train,56828,7
train,40413,2
train,18946,2
train,42743,9
train,42651,9
train,38330,2
train,16646,5
train,52073,1
train,28277,5
train,39411,2
train,281,3
train,56764,1
train,50318,9
train,36760,7
train,23266,9
train,39296,2
train,56266,7
train,31341,0
train,2383,8
train,36470,5
train,28100,1
train,20677,9
train,19199,7
train,22634,0
train,6283,4
train,9183,3
train,31560,7
train,55808,2
train,10354,2
train,38197,2
train,58066,4
train,33309,8
train,26732,3
train,12227,4
train,6339,7
train,34307,7
train,179,3
train,14211,8
train,48148,9
train,10957,2
train,34833,2
train,59506,9
train,54267,7
train,28046,5
train,56884,9
train,45971,8
train,41423,6
train,36938,4
train,21509,9
train,24224,6
train,20573,9
train,43706,0
train,10849,0
train,38976,1
train,12827,4
train,40462,3
train,25541,6
train,7815,6
train,55580,3
train,40980,6
train,22036,2
train,21262,4
train,37461,1
train,12780,3
train,49224,0
train,31788,3
train,18268,3
train,54359,4
train,27209,0
train,607,6
train,34610,5
train,44645,9
train,47428,5
train,29956,9
train,55130,0
train,15193,5
train,34760,5
train,43781,4
train,58053,0
train,40485,9
train,27548,2
train,40931,3
train,59738,1
train,40398,8
train,23841,1
train,33958,4
train,36977,4
train,23431,9
train,46693,5
train,17647,6
train,57580,8
train,1365,1
train,34017,1
train,9349,8
train,34023,3
train,24868,3
train,56335,2
train,10302,7
train,37152,8
train,3879,2
train,2543,7
train,31232,6
train,31590,5
train,56306,5
train,45079,3
train,53126,9
train,7372,0
train,1712,0
train,14792,3
train,19153,7
train,55815,9
train,4759,7
train,13719,0
train,18616,7
train,17347,9
train,53376,3
train,37823,5
train,55067,1
train,39783,4
train,11993,0
train,38178,7
train,13604,1
train,33910,6
train,51299,0
train,23175,4
train,31316,5
train,3874,9
train,18034,6
train,7238,5
train,42825,4
train,58405,8
train,23347,8
train,27557,5
train,31097,9
train,3088,4
train,39911,9
train,35414,1
train,48430,6
train,7002,4
train,37351,6
train,18143,9
train,24873,7
train,54604,5
train,11589,6
train,41905,9
train,14406,8
train,40786,9
train,23335,2
train,16493,6
train,16668,6
train,20766,7
train,51905,1
train,30775,8
train,35875,4
train,23886,1
train,52647,2
train,48415,3
train,6341,0
train,15533,3
train,45094,2
train,30581,8
train,5304,1
train,33262,4
train,38477,5
train,59116,1
train,6044,2
train,9329,0
train,53064,8
train,7773,9
train,44260,2
train,10949,2
train,3270,7
train,38102,0
train,59278,5
train,25835,8
train,30961,5
train,30558,7
train,3938,3
train,45238,4
train,30134,4
train,44815,0
train,50293,1
train,26788,2
train,11215,9
train,59644,9
train,3830,2
train,58284,9
train,3176,2
train,38936,6
train,7767,3
train,5827,8
train,29767,4
train,48644,5
train,57494,0
train,37162,9
train,20560,8
train,55737,3
train,24961,2
train,46636,7
train,47801,2
train,42346,4
train,38779,1
train,23162,2
train,44255,6
train,13742,9
train,35578,6
train,32324,5
train,5165,9
train,54102,0
train,12155,6
train,13398,1
train,6487,7
train,56455,6
train,52954,8
train,1444,2
train,8793,2
train,42553,4
train,38705,7
train,28257,0
train,13421,7
train,47209,6
train,31885,4
train,58351,9
train,58984,4
train,35445,2
train,11654,0
train,32186,4
train,51587,0
train,14960,6
train,15445,0
train,45963,5
train,22765,9
train,29801,7
train,37862,1
train,37761,1
train,44491,0
train,17645,5
train,52955,0
train,49282,2
train,56786,5
train,24378,4
train,50422,5
train,50276,6
train,34055,7
train,54741,8
train,27318,0
train,29769,6
train,22496,3
train,51007,8
train,53446,4
train,19789,4
train,47202,0
train,17791,4
train,40208,0
train,18730,4
train,58391,5
train,54338,2
train,54139,9
train,30484,0
train,18711,8
train,9455,0
train,17881,0
train,4055,4
train,1311,5
train,3238,9
train,4819,2
train,55160,4
train,39211,5
train,40710,7
train,38433,5
train,48736,7
train,5189,1
train,44018,5
train,12358,5
train,22859,1
train,44098,2
train,19774,0
train,15654,9
train,59785,6
train,17914,5
train,57837,5
train,47469,3
train,54082,8
train,58138,8
train,41953,9
train,55882,7
train,52069,6
train,41357,0
train,58274,9
train,20937,3
train,1301,2
train,45220,1
train,24948,6
train,222,4
train,42357,4
train,31753,0
train,38885,6
train,21387,7
train,25529,0
train,448,2
train,34897,6
train,7070,9
train,48452,7
train,18291,8
train,23411,4
train,56662,0
train,17201,5
train,9656,7
train,35540,6
train,13085,6
train,24929,4
train,7800,3
train,9879,3
train,24465,1
train,58149,3
train,20992,2
train,16507,6
train,49085,0
train,13381,2
train,48273,1
train,27700,2
train,54109,4
train,30176,1
train,23649,3
train,15435,1
train,39498,0
train,55169,1
train,51886,5
train,18178,0
train,9463,0
train,38718,1
train,42371,1
train,32144,0
train,15087,7
train,22609,6
train,22920,5
train,23762,1
train,37394,7
train,16674,1
train,30757,1
train,21779,5
train,54895,4
train,49404,3
train,52152,2
train,56622,9
train,44676,8
train,6161,2
train,11202,9
train,50259,2
train,57856,3
train,33831,0
train,11891,9
train,9482,3
train,39366,3
train,52517,4
train,59516,7
train,43462,6
train,43114,9
train,6659,8
train,38414,5
train,18443,0
train,17617,7
train,53933,8
train,22212,6
train,37603,4
train,56655,2
train,23931,1
train,5720,4
train,42793,4
train,58711,3
train,22470,5
train,40466,8
train,9173,1
train,48616,9
train,33024,1
train,59712,0
train,22454,7
train,14541,1
train,18584,3
train,45135,3
train,15234,6
train,28457,0
train,59877,6
train,20610,3
train,21213,9
train,22263,9
train,40802,1
train,24534,8
train,40945,8
train,20656,6
train,11700,2
train,36275,8
train,29505,5
train,45811,7
train,31171,0
train,59542,8
train,8846,6
train,35328,1
train,19691,1
train,33339,1
train,45217,3
train,27663,0
train,6223,8
train,20968,8
train,36012,7
train,58649,0
train,54706,3
train,13781,8
train,29684,0
train,4667,9
train,16418,1
train,13355,7
train,1309,6
train,6576,3
train,22272,5
train,1681,1
train,54279,4
train,35268,5
train,39569,9
train,59829,9
train,7687,0
train,59015,8
train,2640,9
train,49706,1
train,5885,2
train,31748,3
train,29399,6
train,7555,2
train,19965,3
train,35863,7
train,485,8
train,52995,0
train,42484,4
train,48145,6
train,54356,0
train,43989,1
train,18719,5
train,30049,9
train,25271,6
train,32420,3
train,57634,0
train,15970,9
train,18461,0
train,52048,0
train,23494,2
train,24902,9
train,39947,6
train,12653,0
train,5488,0
train,19136,1
train,32149,9
train,31656,8
train,22475,1
train,235,3
train,45232,9
train,38849,8
train,26636,5
train,16728,6
train,1758,8
train,30989,6
train,53380,0
train,1751,9
train,15019,7
train,18103,5
train,49611,5
train,32011,8
train,19387,9
train,12091,2
train,6541,6
train,28881,3
train,43999,9
train,27289,0
train,28539,8
train,455,1
train,11348,6
train,54226,8
train,44842,4
train,57944,5
train,37003,6
train,15038,4
train,26366,0
train,13471,4
train,3679,2
train,37398,8
train,49389,0
train,1753,2
train,9614,9
train,30754,3
train,7140,2
train,17071,2
train,58142,5
train,13011,6
train,37223,3
train,14904,4
train,6415,3
train,21514,7
train,40167,9
train,5455,3
train,47474,6
train,14704,3
train,32421,3
train,7065,3
train,26285,6
train,11954,1
train,31396,7
train,42723,6
train,4401,2
train,51226,0
train,30663,2
train,45186,1
train,50071,5
train,39161,2
train,19077,5
train,19393,9
train,34369,0
train,44313,0
train,20732,8
train,25357,5
train,2250,5
train,1557,6
train,2364,9
train,272,4
train,53280,9
train,28639,6
train,25012,8
train,59307,3
train,27850,6
train,32070,1
train,16572,4
train,35777,1
train,44318,6
train,20982,9
train,20046,1
train,18507,0
train,39998,9
train,26542,3
train,7802,5
train,33392,0
train,6954,6
train,28308,9
train,7129,0
train,27335,4
train,50254,7
train,4975,9
train,51279,7
train,14730,8
train,7960,2
train,13749,5
train,24211,9
train,22129,7
train,57248,5
train,36968,1
train,8558,9
train,33368,1
train,28990,7
train,5766,6
train,38546,5
train,39440,6
train,11983,5
train,52125,6
train,36669,1
train,14817,0
train,43630,2
train,9199,1
train,13952,2
train,19828,6
train,37449,9
train,34801,9
train,10807,3
train,54848,2
train,38229,4
train,38472,6
train,49944,9
train,58770,6
train,55550,3
train,43915,0
train,58298,3
train,13191,9
train,11580,9
train,49204,9
train,43787,8
train,22243,9
train,26298,0
train,10620,2
train,32993,4
train,30660,9
train,39420,2
train,52347,5
train,58566,9
train,7437,7
train,5964,9
train,30741,6
train,2427,7
train,23048,8
train,59464,9
train,58640,3
train,33129,9
train,47616,0
train,54758,2
train,20527,4
train,2560,4
train,16703,6
train,3792,8
train,11449,2
train,32511,5
train,49916,2
train,42127,8
train,57610,5
train,26128,4
train,6146,0
train,31593,9
train,43697,6
train,53261,7
train,27404,6
train,38854,6
train,47547,9
train,27490,2
train,32557,0
train,58148,1
train,13998,9
train,46334,1
train,26790,4
train,40728,7
train,42455,4
train,57695,0
train,50216,4
train,33661,0
train,57878,2
train,3562,0
train,17974,7
train,47100,8
train,2117,8
train,5208,9
train,10193,9
train,11469,8
train,10679,4
train,44467,8
train,40686,2
train,42515,8
train,25863,7
train,15631,5
train,34130,4
train,47708,4
train,38979,8
train,20069,4
train,59367,4
train,11684,6
train,35950,8
train,50912,6
train,20531,0
train,31966,1
train,14036,4
train,48089,9
train,17603,0
train,4729,0
train,21168,1
train,5602,2
train,54647,9
train,15204,7
train,18400,1
train,13978,7
train,10755,0
train,17493,4
train,8291,1
train,14254,9
train,23962,3
train,29685,5
train,25742,6
train,12987,1
train,1859,1
train,21341,3
train,38238,3
train,16978,7
train,19171,0
train,29381,8
train,36098,1
train,6915,7
train,18334,8
train,8110,0
train,48323,2
train,50825,0
train,52354,0
train,39458,4
train,7966,3
train,35576,8
train,38371,6
train,48361,1
train,39133,7
train,37006,5
train,13032,9
train,19983,4
train,31349,3
train,59729,8
train,28025,7
train,7170,2
train,26666,8
train,44411,0
train,32386,5
train,42199,3
train,16051,4
train,14929,1
train,12764,0
train,31879,7
train,39607,4
train,1564,7
train,47748,8
train,48313,4
train,58584,0
train,56634,9
train,17299,4
train,13509,5
train,58749,4
train,19232,2
train,5142,9
train,13302,4
train,24861,0
train,59807,2
train,7608,7
train,41163,4
train,45624,5
train,13752,9
train,12057,0
train,40911,7
train,43905,1
train,58272,7
train,41858,1
train,4628,3
train,507,1
train,8749,2
train,19266,3
train,47305,5
train,59505,8
train,21758,7
train,42753,5
train,25481,7
train,744,9
train,19923,4
train,19906,8
train,20890,5
train,2685,8
train,17823,4
train,55864,3
train,16121,1
train,28464,4
train,11599,5
train,36262,3
train,5570,1
train,39568,1
train,59717,7
train,26904,4
train,31421,1
train,17628,8
train,46293,2
train,57969,1
train,13907,7
train,18188,1
train,12659,7
train,56366,5
train,23062,9
train,43689,2
train,51079,5
train,23939,3
train,42239,4
train,12726,4
train,13330,2
train,12583,3
train,9574,6
train,10758,4
train,48304,9
train,47710,2
train,35966,4
train,16398,8
train,4776,0
train,43122,2
train,6568,1
train,36357,3
train,32173,7
train,14750,7
train,6228,0
train,24798,4
train,58166,6
train,28820,3
train,45423,5
train,26123,3
train,10992,0
train,29482,7
train,23566,6
train,52804,0
train,50242,6
train,35508,1
train,19499,4
train,25164,3
train,59077,4
train,37605,8
train,57748,7
train,20104,6
train,14780,9
train,50223,5
train,41655,4
train,59747,5
train,29272,6
train,51382,4
train,53089,2
train,20918,9
train,27543,7
train,5799,3
train,37433,1
train,6644,5
train,14660,6
train,53341,1
train,10687,2
train,3020,9
train,8586,9
train,59463,6
train,234,0
train,55765,0
train,1542,8
train,53922,5
train,24950,8
train,46347,1
train,46113,1
train,16970,7
train,43158,9
train,33340,5
train,57056,3
train,39981,3
train,22288,0
train,46971,3
train,37337,1
train,45469,7
train,1915,1
train,55075,5
train,37703,3
train,30439,0
train,53687,1
train,49795,2
train,36653,6
train,1381,7
train,34754,1
train,43793,8
train,9760,6
train,26509,2
train,13132,4
train,19572,7
train,33083,4
train,35948,6
train,23330,2
train,32043,6
train,9843,7
train,36537,0
train,51996,7
train,7250,3
train,16829,9
train,40248,1
train,29744,4
train,56637,1
train,8803,7
train,8715,6
train,20451,3
train,25857,1
train,337,7
train,30164,4
train,9408,8
train,23631,8
train,43834,0
train,5726,9
train,51585,0
train,18982,6
train,57734,3
train,46899,3
train,27872,7
train,51817,4
train,16192,0
train,7950,7
train,16119,0
train,29639,6
train,55173,1
train,28730,7
train,52365,6
train,33621,8
train,40932,3
train,49211,4
train,50257,0
train,45311,8
train,9163,5
train,5353,0
train,43352,7
train,19430,5
train,48181,2
train,22601,0
train,10592,8
train,4792,3
train,14697,8
train,21085,8
train,13501,1
train,50826,2
train,33647,0
train,12160,9
train,3121,9
train,51116,3
train,15536,1
train,366,1
train,51888,1
train,32808,1
train,24817,9
train,20690,8
train,35862,1
train,43,9
train,9721,2
train,27045,8
train,10184,9
train,24286,6
train,13274,8
train,12186,3
train,34257,8
train,5069,4
train,10639,4
train,23723,9
train,9253,3
train,38276,1
train,16664,2
train,53793,6
train,25856,4
train,47786,0
train,19126,9
train,55663,0
train,52627,1
train,38220,7
train,35327,0
train,197,8
train,18951,7
train,2992,6
train,648,1
train,23760,7
train,36597,4
train,16812,2
train,32745,9
train,2119,9
train,25873,8
train,10963,8
train,39233,0
train,3673,0
train,28543,0
train,19339,1
train,5910,6
train,13392,1
train,30874,8
train,46847,5
train,14630,5
train,34557,5
train,32404,8
train,59817,9
train,55234,8
train,8986,5
train,6835,7
train,44774,7
train,59344,9
train,4994,0
train,19986,6
train,56444,0
train,1591,9
train,32623,6
train,53112,8
train,39460,5
train,54283,5
train,59028,1
train,48942,4
train,30376,2
train,19663,7
train,5126,6
train,31563,4
train,50008,8
train,1812,4
train,44629,0
train,41514,1
train,30198,4
train,30056,2
train,25802,3
train,29857,9
train,41063,5
train,56708,9
train,32045,4
train,3239,4
train,15682,4
train,58704,2
train,38713,1
train,35703,3
train,53956,7
train,47119,1
train,12255,8
train,54449,9
train,41983,9
train,21468,3
train,9998,9
train,43651,5
train,7544,6
train,54545,2
train,39709,6
train,17538,1
train,44664,5
train,4410,4
train,8780,8
train,56040,2
train,2512,7
train,42535,2
train,14461,0
train,54544,1
train,47054,1
train,55508,2
train,59400,5
train,32953,0
train,38929,0
train,55019,6
train,43528,7
train,57740,1
train,21111,7
train,59196,5
train,36363,6
train,57215,7
train,25158,5
train,9041,9
train,11835,1
train,7536,1
train,897,4
train,24732,2
train,18223,4
train,41481,8
train,59341,9
train,4868,3
train,47227,9
train,40188,0
train,2539,0
train,3722,2
train,24531,3
train,40442,7
train,17805,2
train,9217,6
train,1324,5
train,22853,8
train,14434,9
train,49150,0
train,1100,6
train,26610,1
train,10542,0
train,51787,2
train,23519,9
train,44528,4
train,33182,9
train,5001,3
train,55043,8
train,48917,3
train,2801,4
train,18784,7
train,26146,2
train,16908,5
train,40136,9
train,12808,2
train,57987,5
train,59270,8
train,53141,4
train,47669,3
train,17379,0
train,5835,4
train,48062,8
train,26417,7
train,56269,5
train,11214,1
train,2432,1
train,55780,9
train,6321,8
train,50952,1
train,53150,8
train,20829,1
train,56010,1
train,35145,8
train,26739,3
train,36283,7
train,727,9
train,56518,7
train,3557,2
train,22936,6
train,52075,1
train,44064,7
train,20762,0
train,58442,6
train,59810,5
train,47033,4
train,25593,6
train,1345,4
train,49699,6
train,9391,4
train,46629,8
train,44345,4
train,58603,4
train,44488,5
train,25167,0
train,48716,0
train,5309,5
train,53421,4
train,18091,9
train,45590,4
train,10806,0
train,54462,6
train,19766,9
train,16307,1
train,30383,8
train,13578,8
train,10582,2
train,51949,1
train,49750,0
train,9754,9
train,41352,0
train,10155,3
train,12043,8
train,15277,1
train,23942,2
train,37144,4
train,35182,9
train,49422,8
train,52728,0
train,35661,1
train,50565,3
train,49801,9
train,7007,1
train,678,1
train,4717,2
train,25539,5
train,34462,2
train,57661,1
train,45662,2
train,38252,5
train,28398,4
train,13548,4
train,28058,9
train,21593,8
train,6970,0
train,40477,9
train,38342,6
train,1767,4
train,53144,4
train,50688,3
train,2040,1
train,35792,1
train,30324,8
train,23105,5
train,38985,1
train,53253,7
train,13747,5
train,29502,9
train,38135,8
train,2120,5
train,2507,8
train,10351,4
train,59281,2
train,26906,9
train,1757,9
train,36609,5
train,53195,0
train,48582,4
train,8299,8
train,28744,2
train,27243,6
train,27578,1
train,16685,4
train,37924,8
train,23818,1
train,23907,6
train,24943,3
train,51723,4
train,7556,3
train,22818,4
train,23283,7
train,33356,7
train,24098,2
train,28068,2
train,8319,1
train,1434,8
train,58046,8
train,30962,3
train,13975,7
train,35760,9
train,37661,1
train,34028,4
train,36490,1
train,41365,7
train,33082,7
train,48671,5
train,53453,3
train,31972,8
train,921,5
train,10921,3
train,4472,7
train,26038,0
train,10924,0
train,35008,1
train,41374,0
train,57269,5
train,13695,9
train,44737,7
train,19331,6
train,39351,9
train,46669,6
train,37249,5
train,31314,0
train,18659,1
train,3254,8
train,4073,3
train,795,7
train,10812,4
train,9986,0
train,53164,7
train,35013,9
train,6682,1
train,43817,3
train,43297,1
train,51459,8
train,13935,3
train,54056,8
train,43956,7
train,51268,3
train,41055,1
train,4335,3
train,49164,2
train,34502,0
train,26648,5
train,35058,3
train,49059,0
train,44368,1
train,29247,2
train,48197,5
train,55135,6
train,6101,4
train,45195,3
train,48186,9
train,30051,0
train,49468,9
train,32031,3
train,28146,4
train,56438,7
train,30809,1
train,48193,3
train,42252,5
train,18671,7
train,31087,8
train,30521,8
train,11427,6
train,25883,3
train,45679,8
train,11931,9
train,24404,8
train,58609,0
train,38058,3
train,18264,2
train,47041,1
train,19972,9
train,45117,8
train,59936,8
train,19542,0
train,28537,2
train,49734,9
train,48599,3
train,6213,3
train,39080,4
train,40210,1
train,13931,3
train,51757,9
train,7347,2
train,55675,4
train,55533,6
train,55541,0
train,17609,8
train,22411,2
train,46868,0
train,9164,8
train,5414,5
train,18930,2
train,35122,3
train,37567,5
train,21643,3
train,16408,2
train,35602,5
train,15560,9
train,15480,0
train,30755,6
train,48891,8
train,22434,4
train,32655,7
train,9116,4
train,44108,1
train,47072,0
train,33543,7
train,45731,5
train,44254,7
train,44578,0
train,15163,3
train,55700,7
train,33366,9
train,7305,0
train,31755,1
train,1485,5
train,29908,7
train,28470,8
train,22238,3
train,21492,1
train,43816,3
train,52846,9
train,20575,5
train,37976,9
train,4607,0
train,29387,8
train,54028,3
train,58870,5
train,10530,0
train,7652,4
train,34573,2
train,52670,7
train,31186,5
train,52822,1
train,12955,4
train,5981,0
train,6476,7
train,30951,2
train,4100,8
train,7603,1
train,41508,6
train,30223,0
train,12786,4
train,59361,8
train,30409,0
train,24997,2
train,30415,8
train,52097,1
train,30087,0
train,59086,8
train,12136,1
train,42290,7
train,48150,8
train,57957,1
train,35276,5
train,37910,8
train,17166,9
train,6569,5
train,59863,4
train,33352,5
train,20702,4
train,47098,5
train,31888,9
train,12673,6
train,30622,5
train,9825,9
train,15871,4
train,48950,5
train,4287,8
train,2857,5
train,22097,7
train,4790,1
train,43012,3
train,40861,1
train,7527,7
train,58,4
train,55045,0
train,53337,9
train,5092,3
train,3117,4
train,15561,1
train,22993,7
train,2449,4
train,1330,2
train,28801,2
train,33338,8
train,33521,7
train,18672,6
train,53461,5
train,47533,3
train,52341,9
train,3173,9
train,56215,2
train,9205,5
train,45390,5
train,4405,1
train,46249,7
train,20167,3
train,35136,4
train,44914,7
train,28962,8
train,30412,8
train,57771,3
train,44608,3
train,50586,0
train,33037,7
train,26136,8
train,40443,1
train,18101,4
train,58295,6
train,4086,2
train,10647,3
train,2663,1
train,39067,6
train,41260,2
train,56196,7
train,12425,9
train,51161,7
train,56000,1
train,6398,3
train,68,0
train,27756,7
train,7968,6
train,19918,1
train,2156,6
train,46628,0
train,33451,8
train,15598,8
train,10632,8
train,30913,7
train,39221,6
train,55560,7
train,17135,1
train,11606,1
train,39207,0
train,56855,4
train,42953,4
train,23442,7
train,35876,3
train,13044,0
train,23071,8
train,23221,3
train,48013,4
train,43859,7
train,50232,1
train,42228,9
train,58539,9
train,32907,8
train,50449,2
train,15097,3
train,28401,8
train,59930,3
train,11544,3
train,16595,0
train,41598,8
train,17127,3
train,8490,2
train,11049,7
train,53544,9
train,11162,0
train,48929,0
train,12292,7
train,50837,3
train,20089,8
train,8610,1
train,54048,9
train,15298,4
train,8973,4
train,51738,2
train,50955,3
train,22534,7
train,29986,1
train,26637,5
train,1477,4
train,25434,1
train,34721,3
train,29728,6
train,52124,7
train,21386,7
train,3057,3
train,43235,3
train,19347,3
train,46838,3
train,36311,2
train,11554,3
train,25044,9
train,10345,1
train,14861,2
train,45645,7
train,21258,7
train,55961,1
train,3190,9
train,25061,1
train,39940,5
train,22756,5
train,31222,5
train,46788,6
train,133,9
train,34203,3
train,19019,5
train,5274,6
train,38047,4
train,28682,8
train,21077,4
train,23197,4
train,58403,5
train,57012,6
train,9627,2
train,18646,3
train,6218,4
train,53009,6
train,32826,6
train,54469,8
train,14016,1
train,35904,4
train,11588,0
train,42208,8
train,33947,0
train,4165,2
train,47705,6
train,7091,5
train,37389,7
train,34593,4
train,34917,2
train,51803,8
train,57567,9
train,3719,2
train,8692,6
train,24232,5
train,19113,9
train,40221,2
train,59065,6
train,15913,9
train,12475,9
train,44025,9
train,20235,9
train,56361,2
train,21544,2
train,24504,5
train,23624,9
train,40906,7
train,30278,5
train,48986,2
train,15273,5
train,24004,5
train,54491,5
train,26530,6
train,16203,1
train,31176,7
train,22108,9
train,59253,2
train,32558,4
train,36118,5
train,27708,6
train,25620,8
train,40155,2
train,20828,1
train,16414,3
train,56567,7
train,12491,7
train,9319,3
train,54345,6
train,55512,6
train,45349,0
train,30446,9
train,27697,0
train,12305,9
train,54515,0
train,54144,9
train,56844,7
train,39389,8
train,2493,0
train,13320,8
train,53577,1
train,19155,6
train,28004,7
train,15436,8
train,44588,7
train,1667,4
train,49419,0
train,57262,2
train,10645,0
train,4132,4
train,16549,3
train,33800,1
train,769,8
train,50119,9
train,49156,3
train,26469,6
train,31661,0
train,53041,1
train,17867,6
train,12598,2
train,28985,2
train,53534,6
train,21933,0
train,4547,9
train,5448,7
train,33221,5
train,12639,4
train,54711,0
train,13061,2
train,7619,2
train,38202,5
train,5457,9
train,44824,9
train,3535,5
train,13030,0
train,30443,2
train,27766,9
train,15559,0
train,23684,7
train,29249,3
train,4469,2
train,2311,6
train,32813,4
train,31465,1
train,5890,2
train,49683,4
train,40557,7
train,40456,0
train,54083,0
train,57862,4
train,11701,0
train,4850,3
train,35001,1
train,590,4
train,16630,7
train,3499,8
train,17711,1
train,50267,4
train,31205,8
train,59101,8
train,43739,3
train,13230,0
train,9642,9
train,41181,2
train,4703,4
train,27644,3
train,26845,9
train,34290,4
train,33534,0
train,34169,1
train,54776,5
train,51454,4
train,40627,7
train,12765,0
train,1192,1
train,20935,5
train,23842,0
train,40035,3
train,12868,9
train,15021,8
train,13122,8
train,10030,5
train,53663,8
train,59166,1
train,30885,3
train,54518,6
train,12540,5
train,13211,0
train,5342,0
train,39279,0
train,37817,5
train,1065,1
train,42245,0
train,56841,7
train,21021,7
train,22813,8
train,52379,3
train,44759,8
train,38040,2
train,50595,6
train,17778,3
train,44367,7
train,13111,9
train,38015,7
train,7726,4
train,26299,6
train,23492,1
train,57555,7
train,54625,8
train,56772,1
train,47334,4
train,13616,9
train,29300,3
train,44363,0
train,48941,6
train,34425,2
train,14354,1
train,48247,7
train,59450,0
train,50813,0
train,14246,7
train,43316,1
train,59921,3
train,44153,4
train,25089,2
train,39117,4
train,34262,0
train,47174,0
train,54095,2
train,49556,3
train,38960,4
train,26199,9
train,16449,2
train,43929,4
train,35965,7
train,29151,0
train,52568,7
train,50164,4
train,21462,7
train,6535,9
train,54589,5
train,4626,4
train,26895,9
train,31410,0
train,57315,8
train,7134,3
train,3899,7
train,4433,4
train,26382,6
train,17139,3
train,10404,1
train,50236,0
train,26817,2
train,35402,4
train,31523,7
train,20002,7
train,42362,0
train,28821,0
train,33285,4
train,38161,0
train,50149,4
train,33977,7
train,57349,0
train,51408,6
train,17060,8
train,2531,3
train,55330,8
train,35719,1
train,42085,5
train,2658,7
train,48965,3
train,45448,6
train,52292,8
train,39370,9
train,27076,8
train,13674,1
train,1855,9
train,48291,3
train,17512,8
train,7733,9
train,51089,6
train,24664,8
train,15249,0
train,43947,4
train,42209,9
train,46956,2
train,38484,0
train,28351,8
train,9698,0
train,28926,7
train,6089,3
train,24826,8
train,16671,5
train,52392,1
train,21009,2
train,49629,4
train,36423,2
train,19187,7
train,20209,5
train,24617,1
train,49523,7
train,32664,3
train,30916,6
train,48738,2
train,23269,4
train,51572,5
train,22924,8
train,22395,2
train,35710,1
train,41454,1
train,19473,7
train,57089,6
train,8140,6
train,37640,4
train,97,8
train,37242,9
train,57508,6
train,33855,9
train,53635,7
train,25996,3
train,58758,3
train,36416,6
train,12626,5
train,55578,8
train,25649,7
train,20371,0
train,37918,2
train,46093,1
train,56988,6
train,9786,3
train,30005,4
train,57156,5
train,2922,4
train,22932,0
train,14723,0
train,16020,9
train,22956,1
train,29862,0
train,5932,0
train,57561,8
train,58427,1
train,9393,1
train,609,1
train,14980,1
train,6994,8
train,5425,1
train,31974,6
train,24627,0
train,30424,0
train,21305,3
train,28994,5
train,44075,9
train,48787,7
train,29472,9
train,49473,1
train,43693,9
train,37721,8
train,30196,0
train,25782,7
train,4250,3
train,15683,4
train,22772,9
train,33883,8
train,52861,7
train,35211,6
train,35543,9
train,55438,8
train,30625,0
train,59449,9
train,35075,4
train,58063,2
train,28094,1
train,12375,1
train,53605,8
train,28043,4
train,35352,1
train,59055,4
train,32569,6
train,19370,7
train,44305,3
train,56079,2
train,894,4
train,29969,3
train,36332,5
train,51618,0
train,47392,8
train,29261,9
train,5439,1
train,4836,3
train,45111,5
train,15953,7
train,28954,2
train,14266,3
train,25565,9
train,31713,7
train,39053,7
train,29241,4
train,41558,7
train,25607,8
train,45665,1
train,9093,5
train,29499,1
train,40090,2
train,404,8
train,27854,0
train,46815,3
train,15240,1
train,30224,7
train,12623,8
train,41270,9
train,29139,8
train,29281,9
train,25179,8
train,42169,7
train,37176,4
train,21978,1
train,26799,0
train,11683,0
train,37753,7
train,31978,2
train,43055,5
train,41189,2
train,43944,8
train,52578,6
train,40441,0
train,1467,5
train,5241,2
train,17100,3
train,20558,7
train,44530,4
train,9359,8
train,31144,1
train,53368,7
train,51061,0
train,26216,7
train,7569,3
train,31076,7
train,36608,1
train,40564,6
train,15040,2
train,59154,0
train,49680,1
train,49019,6
train,7121,8
train,47840,6
train,39834,9
train,27560,3
train,4085,9
train,51596,6
train,20205,0
train,20612,2
train,16115,8
train,11524,3
train,51705,8
train,58737,1
train,25444,7
train,40809,9
train,28681,1
train,54765,2
train,56293,4
train,38973,4
train,55345,0
train,724,7
train,24753,6
train,12194,4
train,35421,9
train,47762,9
train,15280,6
train,38566,8
train,37550,7
train,14841,7
train,30829,1
train,15398,5
train,35417,7
train,43226,8
train,42184,1
train,7024,5
train,37462,2
train,5811,7
train,14,1
train,52070,8
train,24911,9
train,22083,2
train,11810,7
train,7977,9
train,39413,4
train,4946,7
train,35697,0
train,46357,4
train,14355,2
train,44729,3
train,2031,4
train,20703,7
train,50088,9
train,36105,7
train,46332,0
train,49222,3
train,53630,3
train,45720,7
train,27256,1
train,180,2
train,48100,7
train,54351,0
train,25726,5
train,21069,0
train,22060,8
train,43408,7
train,40041,5
train,19773,7
train,52706,5
train,1231,7
train,4232,6
train,15324,6
train,20126,9
train,10993,3
train,7757,9
train,20559,8
train,12067,7
train,14226,8
train,14887,5
train,59535,3
train,53235,8
train,59891,3
train,16144,0
train,53212,0
train,42746,2
train,36732,3
train,54458,1
train,10576,9
train,5332,3
train,25258,9
train,40161,3
train,13364,6
train,2596,4
train,13276,5
train,34673,7
train,44012,1
train,43030,1
train,22468,3
train,35337,7
train,16351,2
train,39136,3
train,42415,7
train,28983,3
train,24064,7
train,34089,3
train,41147,5
train,30935,7
train,44441,6
train,42349,0
train,59801,6
train,28941,9
train,23122,4
train,12719,8
train,53556,8
train,57184,4
train,6983,5
train,46606,2
train,32379,3
train,55962,3
train,15000,5
train,11358,1
train,14239,9
train,46168,9
train,15676,5
train,25498,4
train,47651,3
train,40160,2
train,24548,7
train,1258,4
train,4260,9
train,25308,7
train,4273,7
train,28206,8
train,8572,7
train,59114,1
train,49050,4
train,51482,4
train,13280,0
train,11929,3
train,14990,4
train,51669,0
train,51686,3
train,34331,7
train,44750,0
train,12875,2
train,41879,1
train,43323,1
train,55975,6
train,45928,4
train,55636,9
train,39778,8
train,30069,9
train,46878,5
train,34135,6
train,5642,3
train,18609,7
train,44624,8
train,4582,8
train,10972,2
train,15784,4
train,52643,2
train,44847,2
train,55300,2
train,3568,0
train,13347,0
train,34177,0
train,44155,4
train,38681,6
train,29485,4
train,21466,3
train,38177,0
train,27589,3
train,29924,5
train,52030,9
train,21757,9
train,59925,7
train,57689,3
train,53015,5
train,22846,5
train,57250,1
train,51137,5
train,49302,8
train,1240,6
train,20810,1
train,25109,4
train,20712,8
train,25757,0
train,26073,0
train,5647,2
train,40089,8
train,53384,4
train,5456,5
train,43419,9
train,35923,0
train,53057,6
train,44172,8
train,33384,7
train,491,1
train,16021,1
train,263,7
train,27029,8
train,50875,2
train,26058,0
train,27019,6
train,23673,9
train,24449,2
train,53999,8
train,42325,6
train,27997,5
train,15270,2
train,53910,2
train,45579,1
train,27946,3
train,23452,5
train,44392,7
train,15696,1
train,47231,2
train,42260,1
train,34349,4
train,19120,9
train,26397,8
train,743,0
train,44833,8
train,5705,9
train,42486,1
train,40092,8
train,12576,7
train,2147,0
train,29408,2
train,56696,1
train,30219,8
train,7567,2
train,48444,1
train,40436,7
train,35380,9
train,31591,8
train,31024,2
train,12154,1
train,12830,4
train,24667,3
train,48913,1
train,35255,7
train,57074,7
train,15082,1
train,54796,2
train,15482,3
train,39419,8
train,32126,4
train,17232,1
train,24308,0
train,14696,9
train,34221,4
train,12520,6
train,25930,5
train,16316,7
train,28568,1
train,1869,6
train,48207,0
train,4758,4
train,36418,9
train,30296,9
train,33509,4
train,34481,3
train,51224,8
train,45965,6
train,14464,1
train,57645,0
train,55125,9
train,16936,6
train,37334,6
train,46974,2
train,44006,5
train,6905,8
train,14413,8
train,6986,7
train,2228,3
train,33066,0
train,41048,3
train,14591,5
train,9019,8
train,45631,2
train,4663,9
train,57235,7
train,21464,7
train,45876,4
train,24394,5
train,30299,1
train,48367,5
train,12794,7
train,9635,6
train,33089,8
train,19960,6
train,7057,1
train,36216,3
train,49306,0
train,49153,6
train,47747,8
train,47483,4
train,7314,7
train,31573,9
train,49318,3
train,43355,4
train,59234,5
train,55878,5
train,17009,0
train,6987,0
train,53600,7
train,47799,1
train,2444,8
train,58103,2
train,39182,4
train,20919,8
train,46541,7
train,38094,2
train,18263,0
train,1887,5
train,31592,1
train,59792,7
train,54011,7
train,31244,9
train,49368,1
train,45951,7
train,51082,9
train,20704,6
train,661,4
train,45458,8
train,55343,3
train,30190,7
train,55011,2
train,30744,6
train,52391,7
train,22269,2
train,39880,7
train,31022,5
train,51349,5
train,49271,4
train,15427,1
train,54468,1
train,7521,3
train,50940,3
train,50962,2
train,57681,9
train,37998,6
train,41247,1
train,53222,4
train,42810,2
train,2849,6
train,57304,8
train,9451,0
train,27351,4
train,41922,0
train,39991,8
train,53927,5
train,50784,9
train,25201,7
train,41182,2
train,11234,3
train,44233,4
train,53877,6
train,25682,4
train,59876,6
train,59467,3
train,26395,7
train,57150,7
train,420,5
train,395,6
train,56034,7
train,19182,8
train,40311,7
train,49045,7
train,33157,0
train,36540,4
train,57626,2
train,21720,3
train,48911,0
train,56480,9
train,8013,3
train,52548,2
train,33999,9
train,6586,1
train,33438,2
train,37314,3
train,7836,8
train,34706,0
train,42836,5
train,25676,0
train,39915,8
train,33510,3
train,14582,9
train,4454,4
train,50832,9
train,15816,3
train,49569,1
train,41572,6
train,22134,7
train,19377,3
train,49861,4
train,48447,4
train,21598,2
train,44167,4
train,20180,4
train,41439,6
train,26132,4
train,49658,5
train,25081,8
train,12929,1
train,8867,8
train,52553,9
train,46079,3
train,8739,0
train,21326,4
train,870,1
train,56858,8
train,13525,2
train,55463,5
train,42843,6
train,10596,8
train,34235,3
train,21871,7
train,37539,8
train,16318,0
train,50777,4
train,32055,1
train,25933,9
train,57665,8
train,34495,2
train,47827,6
train,11622,1
train,20050,9
train,30795,4
train,11620,0
train,4236,3
train,25550,4
train,1655,7
train,49641,1
train,27654,9
train,52263,6
train,39924,9
train,43951,1
train,14797,2
train,949,0
train,3804,7
train,8529,1
train,49015,4
train,54740,7
train,6157,6
train,55051,3
train,57091,0
train,20718,5
train,1749,8
train,51030,3
train,55960,3
train,2113,6
train,11059,7
train,59741,9
train,21864,3
train,29731,9
train,52376,1
train,6957,8
train,50485,0
train,2252,3
train,53448,1
train,18524,1
train,45266,3
train,34167,2
train,27833,6
train,57816,1
train,37243,2
train,20666,8
train,27306,6
train,52393,0
train,42588,3
train,15462,5
train,13817,4
train,36989,5
train,1483,1
train,28883,6
train,10472,2
train,26518,9
train,14986,1
train,35818,4
train,22949,0
train,18720,7
train,48215,4
train,17191,1
train,30273,3
train,53516,6
train,41372,1
train,32939,4
train,50017,5
train,35087,0
train,51101,3
train,24027,8
train,45133,2
train,50211,2
train,43170,0
train,39817,0
train,16931,5
train,47020,5
train,35803,3
train,56012,3
train,29755,0
train,31744,9
train,16171,3
train,6577,9
train,41393,8
train,53852,7
train,29258,4
train,2428,5
train,19356,6
train,37508,7
train,45379,8
train,3648,5
train,15259,4
train,49140,5
train,48509,8
train,52315,9
train,27078,3
train,18728,9
train,59494,7
train,37800,4
train,41674,5
train,1060,1
train,5922,3
train,32791,6
train,11346,2
train,2850,6
train,21183,8
train,21449,9
train,7208,9
train,53625,6
train,7068,5
train,39042,2
train,18681,7
train,25551,2
train,53109,4
train,4798,4
train,28321,7
train,561,3
train,22738,3
train,13623,0
train,12139,7
train,22203,2
train,26288,4
train,8137,7
train,19229,2
train,18944,9
train,29885,4
train,54727,3
train,31293,8
train,42512,9
train,13469,7
train,6197,1
train,39530,8
train,30705,2
train,46860,0
train,11595,7
train,20113,6
train,45207,8
train,17462,0
train,44662,5
train,23242,3
train,56384,1
train,45176,9
train,28726,8
train,16212,7
train,43932,0
train,25884,4
train,29638,4
train,40171,0
train,5433,3
train,51320,2
train,5916,8
train,54395,2
train,2786,3
train,16339,8
train,54058,2
train,38632,9
train,36753,2
train,56458,9
train,13738,0
train,34644,3
train,59041,1
train,47953,0
train,24068,5
train,51688,9
train,12324,0
train,15801,7
train,52438,0
train,42690,1
train,27261,3
train,22822,5
train,54945,6
train,12463,3
train,28694,8
train,17325,4
train,20174,0
train,56851,1
train,25217,2
train,34157,2
train,3360,4
train,15772,8
train,36422,1
train,25705,7
train,55355,0
train,45989,1
train,9864,3
train,47656,8
train,24992,4
train,20110,4
train,17163,7
train,33126,9
train,33983,0
train,3376,0
train,44568,8
train,39883,6
train,28484,1
train,53004,1
train,30908,4
train,59902,1
train,19046,8
train,12392,3
train,400,2
train,39337,6
train,24282,4
train,2691,7
train,25340,6
train,23608,4
train,23701,2
train,30384,0
train,2731,1
train,31457,6
train,43875,3
train,28602,6
train,319,9
train,35361,7
train,38720,2
train,39287,4
train,8445,1
train,2344,7
train,25665,6
train,14146,9
train,49931,6
train,16355,0
train,29998,7
train,24369,3
train,5812,3
train,35135,9
train,40825,0
train,6615,0
train,41326,9
train,41533,5
train,35081,7
train,30036,6
train,3428,7
train,23996,5
train,28378,1
train,20825,9
train,44912,7
train,33282,4
train,34057,0
train,29410,5
train,31864,1
train,11073,4
train,39662,8
train,1595,2
train,39386,4
train,59830,7
train,13985,1
train,41817,9
train,40888,0
train,18141,5
train,51003,1
train,4243,6
train,4000,7
train,9520,3
train,26495,1
train,1383,9
train,37895,6
train,40066,4
train,33836,7
train,30815,4
train,38609,2
train,57487,9
train,55157,2
train,9071,4
train,2780,5
train,12237,9
train,38322,6
train,35558,1
train,20767,9
train,10289,6
train,22453,0
train,7916,2
train,2111,5
train,26516,6
train,35481,0
train,22072,9
train,30512,1
train,44230,9
train,37437,2
train,47341,9
train,46490,9
train,40939,8
train,20019,7
train,56707,0
train,6298,3
train,12789,9
train,21611,4
train,36770,8
train,25153,1
train,45373,1
train,59500,3
train,43325,9
train,45567,5
train,4917,3
train,14880,3
train,446,7
train,20698,9
train,26517,5
train,23837,4
train,34898,3
train,19119,0
train,6080,2
train,38070,2
train,103,7
train,58061,7
train,24662,7
train,50122,6
train,52287,3
train,174,1
train,24540,7
train,37794,4
train,58450,7
train,27101,6
train,45159,7
train,37010,4
train,28745,7
train,2008,1
train,4643,7
train,56981,6
train,33377,1
train,3366,6
train,18734,7
train,47408,2
train,55862,2
train,55432,3
train,58990,8
train,42909,3
train,28003,8
train,41466,2
train,8964,4
train,8890,4
train,1229,7
train,49704,8
train,29596,8
train,22360,6
train,22287,7
train,38075,7
train,24367,0
train,59369,6
train,43563,3
train,47453,7
train,51961,2
train,1104,5
train,40924,1
train,32176,3
train,23923,5
train,59527,1
train,13327,8
train,38766,0
train,357,1
train,14864,3
train,34232,7
train,5864,1
train,31582,3
train,33344,3
train,38708,5
train,21638,2
train,39953,9
train,20570,3
train,48536,2
train,18774,8
train,52466,7
train,37585,4
train,38545,1
train,22276,4
train,18577,8
train,454,1
train,21027,5
train,31892,6
train,17838,0
train,45165,0
train,2804,9
train,4063,8
train,34955,4
train,19886,2
train,30486,1
train,32546,6
train,4099,4
train,4745,8
train,11514,0
train,57641,6
train,58477,5
train,47601,1
train,29351,2
train,2766,7
train,56782,5
train,50117,8
train,3989,2
train,36859,7
train,54287,7
train,42011,7
train,25252,0
train,19209,0
train,22615,6
train,18546,1
train,24274,4
train,14968,8
train,42428,5
train,39833,4
train,47811,8
train,39578,9
train,55576,0
train,25139,2
train,53286,8
train,26805,8
train,58884,2
train,45131,1
train,18766,3
train,8859,8
train,45058,0
train,13127,3
train,47239,6
train,50343,6
train,4720,9
train,25420,0
train,38436,1
train,17057,4
train,18111,9
train,20557,7
train,15400,4
train,37179,1
train,56609,0
train,49857,2
train,38190,6
train,37166,3
train,3451,6
train,15655,5
train,3212,1
train,50206,3
train,36696,8
train,19368,3
train,39391,8
train,26974,2
train,34038,1
train,44138,3
train,24077,5
train,8530,1
train,6302,0
train,4285,7
train,32464,6
train,3161,2
train,38367,6
train,29928,6
train,16658,8
train,59755,0
train,50709,1
train,30091,2
train,48624,2
train,4700,8
train,55028,3
train,18904,6
train,39926,8
train,21232,4
train,31702,5
train,27791,2
train,44409,7
train,50621,1
train,28366,2
train,17136,7
train,28617,5
train,29868,9
train,17394,1
train,11496,4
train,30306,3
train,41657,5
train,41043,4
train,39901,5
train,38844,8
train,22836,7
train,27398,4
train,57121,8
train,11278,1
train,59710,7
train,21444,2
train,27087,9
train,23808,5
train,35442,4
train,29471,0
train,19018,1
train,447,1
train,49586,3
train,31430,0
train,42963,9
train,29503,4
train,41495,8
train,38548,6
train,4931,0
train,10242,0
train,31405,9
train,8947,6
train,59823,5
train,38157,0
train,44352,4
train,44120,1
train,24925,8
train,17721,8
train,23706,6
train,12856,5
train,15144,5
train,31740,2
train,58632,5
train,11839,5
train,18605,6
train,47695,4
train,34274,5
train,41997,2
train,22394,4
train,41910,7
train,18568,1
train,48654,9
train,17846,1
train,50685,1
train,22040,0
train,50302,8
train,10264,2
train,7045,4
train,52723,2
train,47203,7
train,785,6
train,35099,6
train,33927,6
train,36940,4
train,1794,9
train,47979,3
train,58279,4
train,50118,6
train,51022,9
train,44987,5
train,5583,0
train,44187,9
train,24877,0
train,51415,0
train,14763,2
train,41493,7
train,16064,6
train,12271,6
train,50169,9
train,52842,7
train,59075,9
train,10566,5
train,48826,5
train,57258,9
train,57325,7
train,24658,8
train,24245,0
train,24618,2
train,53636,8
train,41639,3
train,18057,9
train,48442,4
train,32268,0
train,35278,1
train,53097,7
train,40417,8
train,47122,8
train,15840,4
train,28527,3
train,41825,4
train,22819,5
train,10038,9
train,40781,9
train,5958,3
train,54072,7
train,41166,4
train,41484,2
train,32012,8
train,42334,5
train,27983,7
train,5422,7
train,10901,8
train,14408,1
train,43757,4
train,11040,4
train,38637,2
train,19318,5
train,1526,5
train,23099,2
train,2030,8
train,34681,1
train,22147,5
train,14509,1
train,22930,2
train,51287,1
train,47310,1
train,14637,4
train,8086,4
train,7148,9
train,54207,7
train,39079,2
train,8562,7
train,17103,3
train,14497,9
train,5614,9
train,12913,3
train,24430,2
train,31152,6
train,26677,6
train,23206,3
train,12925,9
train,59700,4
train,24023,6
train,44979,0
train,27547,0
train,7684,6
train,17893,3
train,54645,8
train,6463,1
train,14687,9
train,54624,8
train,1628,4
train,37778,8
train,6497,3
train,9142,0
train,55479,0
train,28705,4
train,27585,1
train,38035,0
train,54308,8
train,23681,9
train,51673,2
train,8239,4
train,43623,5
train,7688,2
train,34196,9
train,2895,3
train,12759,6
train,22250,7
train,44285,9
train,56297,3
train,31325,9
train,26443,8
train,27906,7
train,58643,8
train,45069,4
train,34220,6
train,15364,8
train,34739,9
train,41810,0
train,30731,1
train,53436,1
train,29279,8
train,49064,8
train,13243,7
train,26694,3
train,17601,6
train,29183,8
train,36947,1
train,28827,1
train,34740,3
train,40620,3
train,6916,8
train,4613,4
train,40454,0
train,20889,8
train,20678,1
train,58721,3
train,20983,0
train,22087,1
train,57764,6
train,50076,6
train,25501,9
train,39225,5
train,54974,1
train,6386,2
train,41250,7
train,8142,7
train,56796,6
train,10420,1
train,45894,5
train,16813,2
train,37978,1
train,4468,8
train,34093,4
train,38383,3
train,50728,3
train,10850,4
train,31924,6
train,1316,9
train,37489,2
train,52171,8
train,27630,1
train,6093,8
train,42595,8
train,26580,8
train,51915,3
train,21141,0
train,52544,6
train,4339,3
train,37090,7
train,24797,7
train,42088,3
train,52432,3
train,33584,6
train,58890,7
train,25397,1
train,14692,3
train,34190,3
train,1697,1
train,26204,5
train,37184,8
train,55294,4
train,27793,1
train,38234,5
train,41826,1
train,14037,9
train,54299,2
train,43593,0
train,52779,7
train,7181,0
train,15833,7
train,34661,7
train,51397,1
train,2251,2
train,22413,3
train,9186,2
train,41566,5
train,2490,4
train,685,8
train,9288,1
train,26944,1
train,57367,7
train,56114,1
train,4077,5
train,3720,0
train,40623,5
train,59117,6
train,37627,3
train,767,3
train,54404,0
train,11919,7
train,200,1
train,10019,7
train,26543,8
train,27981,6
train,37077,9
train,48159,9
train,26995,5
train,18782,5
train,33303,5
train,17242,3
train,6023,0
train,3567,1
train,34776,6
train,7186,4
train,14821,1
train,46888,7
train,14381,2
train,29600,4
train,26860,9
train,6873,8
train,884,7
train,30715,6
train,6108,1
train,53848,8
train,58613,4
train,56490,1
train,35924,8
train,19712,6
train,1140,2
train,36877,4
train,26085,8
train,44733,5
train,2794,1
train,45932,2
train,38417,2
train,18416,5
train,23306,4
train,46634,3
train,48970,4
train,27657,1
train,22232,2
train,51281,9
train,19011,1
train,14522,7
train,24343,0
train,10804,5
train,52567,8
train,20990,1
train,56099,1
train,41369,9
train,10487,7
train,19210,2
train,35815,0
train,18060,9
train,10841,7
train,38490,1
train,34211,9
train,38030,9
train,6032,3
train,9114,9
train,28465,5
train,15075,3
train,2494,6
train,59567,6
train,30499,5
train,39651,7
train,23020,2
train,5118,4
train,38676,6
train,49477,3
train,11238,5
train,6065,0
train,41037,2
train,49325,4
train,5873,5
train,58524,7
train,37482,1
train,31281,2
train,58496,4
train,42886,3
train,8953,9
train,28558,7
train,46155,7
train,58978,9
train,36073,4
train,54761,7
train,54781,5
train,22860,0
train,12956,7
train,17001,6
train,20701,6
train,817,8
train,26551,6
train,30397,8
train,46070,3
train,59766,4
train,40527,6
train,14220,4
train,39540,7
train,16618,0
train,8349,0
train,57136,5
train,13248,5
train,22354,5
train,45467,0
train,56120,2
train,46051,3
train,7824,8
train,45153,4
train,27922,4
train,45196,3
train,9788,7
train,53519,4
train,10613,9
train,10233,8
train,31553,7
train,132,5
train,51706,3
train,29668,1
train,33177,4
train,11808,8
train,25202,1
train,58671,7
train,23202,3
train,50803,3
train,58144,3
train,50016,1
train,39800,0
train,17368,7
train,5695,8
train,48946,2
train,58054,9
train,17133,0
train,2335,1
train,25100,4
train,32412,4
train,2769,2
train,56358,6
train,17292,3
train,13939,6
train,55741,8
train,7642,8
train,32352,8
train,47326,4
train,56544,8
train,38630,4
train,47343,6
train,30018,7
train,12819,7
train,26945,7
train,23337,3
train,947,5
train,307,7
train,29877,8
train,48822,2
train,17182,4
train,1262,2
train,42964,5
train,51232,6
train,18806,1
train,48538,6
train,44898,2
train,23480,9
train,22624,2
train,39850,0
train,34078,2
train,18072,1
train,23295,1
train,36095,1
train,13363,4
train,9218,2
train,34012,6
train,38498,4
train,56028,7
train,26971,8
train,15378,5
train,4345,9
train,35179,4
train,7196,2
train,26822,9
train,37973,6
train,5660,3
train,26196,5
train,35097,5
train,57939,2
train,54921,4
train,53934,0
train,6438,9
train,20991,7
train,2781,8
train,29925,0
train,16122,0
train,41735,6
train,9484,2
train,21350,0
train,32424,2
train,45104,6
train,57261,0
train,13704,3
train,12,3
train,35872,2
train,58919,4
train,23623,4
train,41170,6
train,52518,6
train,5763,8
train,23740,1
train,24304,6
train,47700,7
train,35119,6
train,45980,9
train,8460,2
train,51927,7
train,1057,7
train,2742,4
train,27349,3
train,20507,8
train,2404,0
train,8693,3
train,33000,3
train,22014,3
train,34531,1
train,159,2
train,33499,7
train,13957,3
train,55529,4
train,56270,9
train,42528,7
train,9543,8
train,19429,5
train,58657,8
train,22700,1
train,14534,5
train,24254,7
train,24846,0
train,12318,1
train,8501,8
train,1239,8
train,12069,9
train,32042,3
train,38667,2
train,49640,9
train,16175,9
train,20903,3
train,27670,3
train,45363,1
train,41047,6
train,21095,7
train,40851,2
train,27440,9
train,31605,9
train,30206,3
train,21960,0
train,53740,3
train,18325,3
train,53996,8
train,8998,9
train,30839,6
train,23216,2
train,16666,6
train,22838,4
train,25094,3
train,25890,8
train,4800,6
train,8701,8
train,9793,7
train,58394,8
train,26391,3
train,28305,0
train,45706,8
train,26349,9
train,33393,7
train,796,8
train,49535,0
train,35594,7
train,9353,4
train,46366,5
train,29622,6
train,35534,4
train,5832,6
train,45714,2
train,49619,9
train,19277,6
train,5108,0
train,48196,0
train,54506,1
train,40830,3
train,53161,8
train,14478,8
train,44703,0
train,13432,2
train,55527,3
train,23065,5
train,3217,4
train,38627,3
train,554,5
train,3112,2
train,15333,8
train,24145,3
train,8231,9
train,56874,8
train,47853,9
train,24856,0
train,44049,2
train,3164,9
train,27287,3
train,32709,2
train,7500,2
train,51864,8
train,13129,1
train,46103,1
train,12992,0
train,46340,7
train,37744,0
train,57076,4
train,19890,2
train,59486,9
train,8851,9
train,20022,2
train,27583,0
train,28353,6
train,29450,7
train,41004,2
train,25347,4
train,47165,9
train,14035,8
train,4026,9
train,218,6
train,26898,7
train,8126,5
train,24253,4
train,7193,5
train,57068,0
train,8714,9
train,11318,0
train,46465,3
train,13584,1
train,874,3
train,39912,1
train,29041,1
train,52648,1
train,35213,6
train,27479,9
train,24701,9
train,24047,4
train,1254,8
train,5878,9
train,5229,9
train,50508,2
train,28256,3
train,21032,9
train,17363,9
train,25644,4
train,20403,7
train,57129,9
train,16739,6
train,42910,5
train,54554,8
train,13844,2
train,11429,0
train,38446,0
train,55611,8
train,50123,0
train,35880,1
train,14487,6
train,47850,1
train,20676,9
train,43269,1
train,52339,7
train,12297,9
train,15225,8
train,19197,6
train,47220,6
train,48810,6
train,29191,7
train,54724,3
train,1837,0
train,22186,5
train,44474,0
train,42926,2
train,59815,3
train,33863,2
train,3214,7
train,14754,8
train,715,3
train,54938,5
train,26864,4
train,3174,3
train,6716,4
train,54107,3
train,39016,9
train,31475,6
train,13639,8
train,53369,9
train,34409,4
train,46681,3
train,40946,4
train,29210,7
train,59866,6
train,26792,6
train,50717,3
train,43718,9
train,41248,1
train,3066,8
train,21912,6
train,41096,4
train,36199,8
train,12863,7
train,1249,2
train,58113,3
train,27846,9
train,15729,4
train,26616,8
train,24507,9
train,53386,9
train,59412,7
train,19390,5
train,38762,5
train,12921,7
train,39105,6
train,4584,3
train,31214,5
train,51180,7
train,26541,2
train,52025,2
train,48802,9
train,41385,3
train,4426,6
train,49513,4
train,52146,7
train,44537,9
train,23374,9
train,56698,4
train,48612,0
train,12754,7
train,36002,6
train,9184,3
train,1016,8
train,12294,9
train,57456,6
train,21534,0
train,48779,4
train,36408,1
train,40297,9
train,51619,6
train,47324,0
train,24583,7
train,55781,8
train,50395,5
train,2453,9
train,52947,5
train,47590,2
train,8172,0
train,19340,4
train,28183,9
train,37423,7
train,24712,9
train,29817,5
train,32157,3
train,28107,3
train,7917,5
train,49440,1
train,22240,6
train,43610,0
train,22377,7
train,43301,3
train,6989,1
train,53974,4
train,36998,2
train,13225,3
train,8979,0
train,14011,7
train,29733,7
train,2262,6
train,37738,0
train,21176,3
train,30991,5
train,45482,5
train,33401,6
train,37506,0
train,58896,2
train,39385,6
train,54490,6
train,7862,3
train,17820,3
train,58629,6
train,13624,2
train,13766,4
train,38018,7
train,47002,4
train,13281,8
train,16188,6
train,30707,0
train,53972,2
train,49160,2
train,45102,7
train,8277,2
train,19924,0
train,15092,4
train,11387,1
train,57817,3
train,25127,3
train,12130,8
train,36870,8
train,26206,5
train,45299,4
train,39331,9
train,37159,6
train,46109,6
train,46968,5
train,35461,4
train,15599,8
train,41184,7
train,19057,7
train,52601,3
train,46468,1
train,29023,3
train,54055,9
train,56119,5
train,10814,5
train,20619,7
train,49476,5
train,52980,8
train,54966,7
train,41274,9
train,14326,4
train,40027,2
train,33889,4
train,7388,7
train,51472,9
train,36117,1
train,58401,9
train,39746,0
train,52388,5
train,21486,8
train,53282,3
train,1674,9
train,50291,0
train,23840,7
train,56044,6
train,43161,6
train,49593,6
train,31604,0
train,10843,6
train,24508,9
train,18906,1
train,22142,6
train,6907,6
train,15107,2
train,38881,6
train,18736,7
train,20399,4
train,23451,7
train,31631,3
train,55155,1
train,53450,4
train,37684,7
train,15880,5
train,40921,1
train,27267,4
train,11702,1
train,53573,0
train,32793,0
train,49082,3
train,17314,0
train,11542,5
train,22073,5
train,41471,3
train,41946,2
train,35738,5
train,25289,2
train,31137,7
train,38920,7
train,41212,3
train,42566,9
train,5755,4
train,37317,7
train,5257,8
train,1438,2
train,45829,7
train,56652,7
train,31521,6
train,44712,4
train,40333,2
train,10888,4
train,41989,0
train,33613,1
train,32130,0
train,1883,3
train,46647,8
train,52299,4
train,34937,1
train,52100,6
train,47569,4
train,6872,9
train,28102,0
train,50522,9
train,48275,7
train,29523,4
train,52751,3
train,8174,4
train,10368,2
train,43962,3
train,44348,9
train,51393,9
train,3128,0
train,4668,9
train,44854,9
train,8214,7
train,47144,8
train,44567,3
train,52960,7
train,9695,0
train,21801,6
train,53472,6
train,53265,9
train,23042,9
train,37416,2
train,56149,1
train,14587,4
train,12551,2
train,24675,7
train,45470,5
train,47076,8
train,39598,9
train,17810,3
train,35882,2
train,32092,0
train,59320,6
train,17551,9
train,31801,8
train,35393,2
train,7747,1
train,41525,1
train,59159,4
train,44464,4
train,43705,1
train,17045,4
train,16103,9
train,57737,8
train,26034,5
train,522,7
train,46422,7
train,9231,2
train,42583,2
train,22336,7
train,19495,3
train,30020,5
train,27725,9
train,4744,0
train,37347,2
train,45515,0
train,16711,7
train,2903,7
train,45348,2
train,24059,3
train,13005,0
train,24513,2
train,18378,8
train,17764,6
train,43934,4
train,34393,6
train,42509,5
train,13387,5
train,12348,7
train,35488,0
train,11520,3
train,39830,1
train,3288,6
train,21892,9
train,528,8
train,10235,9
train,10297,7
train,13874,0
train,46303,0
train,43286,1
train,57473,1
train,48284,0
train,42262,0
train,12308,8
train,48753,8
train,16476,9
train,51797,0
train,52122,5
train,46877,4
train,4196,3
train,38236,4
train,42514,7
train,1748,9
train,44803,7
train,51830,8
train,40134,8
train,24630,5
train,2591,7
train,19206,6
train,51889,0
train,32199,8
train,29256,4
train,27224,5
train,9040,4
train,8504,5
train,47065,2
train,49761,6
train,48279,2
train,48237,5
train,7046,3
train,51638,0
train,27534,3
train,26251,5
train,35254,4
train,29370,6
train,45006,1
train,37578,3
train,50620,7
train,14067,4
train,50363,8
train,22673,2
train,23172,0
train,54666,9
train,26755,7
train,56733,9
train,20725,8
train,26833,9
train,54908,2
train,11113,4
train,12469,6
train,56691,2
train,29049,5
train,56302,4
train,15227,3
train,23260,7
train,13269,9
train,1830,6
train,29336,0
train,34566,1
train,41877,0
train,47897,9
train,35968,6
train,14576,6
train,17024,5
train,17902,9
train,32425,4
train,18441,9
train,52962,5
train,50705,2
train,13337,7
train,17332,6
train,16044,8
train,1931,6
train,30378,9
train,51251,5
train,49909,7
train,12948,4
train,19245,2
train,20843,0
train,7477,8
train,14737,5
train,27631,0
train,45593,6
train,27292,7
train,21146,8
train,34893,3
train,419,9
train,19685,8
train,49505,6
train,32266,7
train,10403,2
train,43396,6
train,1894,2
train,44970,5
train,1987,2
train,50808,0
train,11218,6
train,5186,3
train,22849,8
train,41358,0
train,41625,4
train,3767,6
train,41285,0
train,3189,7
train,33861,1
train,31936,3
train,33970,3
train,11403,0
train,5192,0
train,19419,0
train,42072,6
train,46890,5
train,23829,3
train,23489,6
train,3749,6
train,16327,2
train,30482,5
train,29576,8
train,42242,1
train,4750,1
train,54274,7
train,42556,5
train,8523,6
train,36730,7
train,2241,3
train,48574,0
train,9065,3
train,8619,8
train,48508,4
train,41862,1
train,35319,4
train,52144,2
train,46341,7
train,51871,3
train,30311,4
train,3847,9
train,30879,7
train,30195,4
train,23654,6
train,10435,6
train,19946,6
train,13268,0
train,12070,4
train,14059,0
train,26748,9
train,435,0
train,1028,0
train,12000,7
train,21010,1
train,30053,1
train,24482,9
train,18984,9
train,1274,9
train,56509,0
train,985,5
train,8361,7
train,53742,2
train,32512,4
train,3933,7
train,43134,0
train,22407,2
train,18473,4
train,42552,0
train,31039,8
train,6781,5
train,50061,0
train,34127,3
train,6164,9
train,35031,2
train,58446,8
train,39641,3
train,16464,4
train,15341,8
train,516,5
train,6170,3
train,19845,0
train,29519,2
train,15725,9
train,27477,0
train,14293,1
train,3318,3
train,29703,4
train,38458,7
train,54891,7
train,52400,2
train,4991,7
train,9515,5
train,39624,0
train,24388,0
train,14297,3
train,37945,4
train,17244,8
train,40472,8
train,16608,1
train,56864,2
train,39851,3
train,48060,8
train,14610,6
train,20601,5
train,26976,5
train,40990,4
train,22827,5
train,23236,6
train,5899,4
train,53229,5
train,28953,3
train,58760,3
train,24680,3
train,39383,6
train,59767,7
train,33422,9
train,7908,8
train,7332,3
train,12337,0
train,20276,4
train,54065,7
train,10331,4
train,34558,2
train,5624,2
train,58487,2
train,13875,1
train,33074,8
train,43029,3
train,40751,6
train,54788,6
train,10707,2
train,15963,8
train,54695,7
train,4041,7
train,3033,3
train,41706,9
train,34253,2
train,45775,9
train,29132,8
train,47664,9
train,36346,4
train,30193,3
train,53594,1
train,56227,4
train,16499,5
train,52066,6
train,11523,5
train,7265,2
train,1185,3
train,30448,5
train,34795,2
train,26164,2
train,31570,1
train,36155,6
train,26105,4
train,40004,1
train,38114,6
train,54031,9
train,13598,6
train,38016,1
train,43679,6
train,35274,5
train,18506,9
train,3122,1
train,51595,9
train,28480,8
train,14319,0
train,23106,2
train,2633,9
train,58596,9
train,8467,9
train,24432,4
train,19591,8
train,52199,7
train,4801,5
train,54799,6
train,18024,9
train,22591,8
train,55007,9
train,26612,9
train,19424,7
train,39527,0
train,58611,2
train,39047,7
train,51214,2
train,50544,9
train,32059,5
train,38374,7
train,34306,9
train,48118,2
train,46035,7
train,40719,4
train,10330,3
train,33978,0
train,22080,9
train,27276,1
train,28124,4
train,17871,0
train,15881,9
train,27322,0
train,58110,0
train,27693,1
train,30084,3
train,48523,0
train,24356,3
train,31981,6
train,13188,7
train,27634,1
train,17339,2
train,34091,1
train,52794,3
train,54262,2
train,19458,8
train,1501,0
train,18922,2
train,58078,7
train,13919,2
train,16242,5
train,15055,2
train,55305,5
train,20210,5
train,11662,8
train,22605,0
train,17870,4
train,51386,6
train,10574,2
train,48243,8
train,30641,7
train,45116,8
train,14128,8
train,51942,9
train,3186,9
train,17203,4
train,33267,5
train,34958,0
train,42637,0
train,56352,0
train,5524,6
train,43284,7
train,52610,5
train,42141,5
train,36676,4
train,38395,9
train,15269,6
train,35775,0
train,33954,5
train,32363,7
train,2378,8
train,2667,1
train,30184,9
train,36488,3
train,16463,9
train,30244,1
train,26866,3
train,58512,2
train,7368,5
train,45338,6
train,49358,9
train,32727,0
train,33403,0
train,9584,1
train,10752,9
train,24338,3
train,16708,3
train,25161,7
train,49838,6
train,59468,7
train,34605,3
train,55857,2
train,10831,5
train,39497,7
train,20135,1
train,6908,7
train,11561,1
train,28585,6
train,54438,1
train,3090,9
train,47359,8
train,12869,0
train,51867,1
train,32452,8
train,18708,4
train,4629,0
train,59387,1
train,2920,1
train,30392,6
train,19350,8
train,54596,8
train,58355,1
train,13665,7
train,25191,3
train,29825,1
train,28333,6
train,47512,8
train,31009,7
train,53637,2
train,8477,4
train,1605,0
train,25192,5
train,32472,1
train,46768,5
train,28644,6
train,54195,8
train,23320,3
train,50364,3
train,16622,9
train,41336,7
train,1341,3
train,42243,1
train,54521,4
train,23348,1
train,39009,7
train,654,7
train,54276,4
train,26420,1
train,23798,7
train,23303,1
train,7287,7
train,53773,2
train,23404,1
train,57867,7
train,14218,5
train,37789,3
train,13913,0
train,12784,2
train,40437,8
train,10879,6
train,17386,3
train,6272,9
train,53778,9
train,22784,8
train,5217,4
train,106,6
train,32839,6
train,48550,2
train,53968,5
train,13651,7
train,26698,1
train,21649,8
train,39108,3
train,35894,9
train,51968,8
train,49088,8
train,52583,8
train,9083,0
train,42398,3
train,23027,9
train,24767,4
train,22089,5
train,4512,3
train,31213,9
train,37160,5
train,46837,0
train,13244,7
train,216,0
train,55440,3
train,25583,8
train,28981,1
train,52197,6
train,26688,2
train,1619,7
train,8891,1
train,32888,7
train,54105,2
train,919,1
train,21212,8
train,24124,2
train,14711,2
train,18404,5
train,51228,0
train,52714,9
train,54646,6
train,50481,3
train,7984,4
train,26632,2
train,22078,9
train,26657,6
train,39216,2
train,54474,0
train,30994,8
train,21917,2
train,22051,4
train,16346,6
train,8419,5
train,27911,0
train,33777,8
train,26029,1
train,48063,2
train,52323,0
train,15195,9
train,41537,3
train,59024,9
train,17172,5
train,45808,5
train,46021,9
train,40270,9
train,45272,3
train,8981,6
train,28221,0
train,36330,5
train,33321,5
train,59346,5
train,2911,9
train,3991,9
train,5756,1
train,56986,1
train,12443,9
train,12810,6
train,15127,7
train,58470,9
train,6278,7
train,2896,4
train,41932,9
train,28746,0
train,6805,2
train,16896,6
train,29779,4
train,41085,3
train,30147,8
train,3352,4
train,14260,4
train,6015,7
train,32050,6
train,42735,3
train,18093,0
train,49953,0
train,2516,6
train,27016,9
train,28520,7
train,42925,0
train,7223,2
train,48642,3
train,32696,6
train,51558,7
train,8801,7
train,50579,7
train,13209,9
train,20377,3
train,7284,7
train,58949,6
train,5168,1
train,22233,4
train,45616,5
train,53874,3
train,39301,3
train,1694,6
train,55650,8
train,26149,3
train,56064,7
train,32029,9
train,23676,5
train,45750,6
train,30371,5
train,36428,4
train,23419,3
train,50748,2
train,54978,2
train,10187,8
train,49832,1
train,32896,7
train,48301,6
train,6490,4
train,26432,5
train,14068,8
train,6129,8
train,48619,7
train,907,2
train,17535,0
train,54565,7
train,55272,8
train,13668,9
train,33057,7
train,38306,6
train,37618,1
train,32365,1
train,21855,8
train,798,7
train,39785,1
train,37043,0
train,19760,0
train,44047,1
train,8274,0
train,36305,6
train,27587,2
train,50033,3
train,25003,1
train,19598,1
train,45570,7
train,53759,5
train,58606,7
train,9528,8
train,4431,6
train,35895,4
train,29091,9
train,31431,3
train,15353,1
train,16627,2
train,43104,7
train,31574,4
train,36755,3
train,1488,6
train,31290,5
train,8757,5
train,56144,6
train,42114,3
train,5044,9
train,52771,3
train,49663,9
train,35626,4
train,53503,0
train,27633,0
train,48794,3
train,33077,5
train,3573,4
train,23971,0
train,30529,4
train,45853,0
train,23956,4
train,51720,8
train,1547,7
train,53302,7
train,36585,8
train,36454,5
train,59141,6
train,43328,5
train,58464,8
train,46855,1
train,19268,9
train,52374,6
train,48706,6
train,26960,1
train,31775,3
train,48578,0
train,1123,1
train,7783,7
train,41452,6
train,15392,1
train,45844,7
train,35979,3
train,44641,9
train,52137,7
train,8769,4
train,1740,9
train,29934,0
train,21417,4
train,11319,2
train,42098,1
train,13187,7
train,1001,7
train,46494,0
train,52303,8
train,44036,1
train,26582,4
train,40726,8
train,11061,1
train,49910,6
train,32815,5
train,38829,9
train,6313,6
train,47709,1
train,5378,5
train,36402,9
train,12608,2
train,31945,1
train,45345,9
train,9677,0
train,19974,0
train,4460,4
train,46805,5
train,54523,6
train,8475,3
train,49412,7
train,16230,8
train,1298,5
train,55721,0
train,47318,4
train,5098,6
train,40282,6
train,26872,4
train,5245,1
train,5299,8
train,12195,0
train,30594,2
train,25979,7
train,40383,6
train,48093,7
train,23131,0
train,20238,0
train,54509,9
train,22429,0
train,51355,6
train,51121,0
train,39627,2
train,41332,1
train,36263,3
train,13531,3
train,58219,3
train,30496,0
train,45692,8
train,42641,5
train,10028,9
train,41969,3
train,5365,6
train,3892,8
train,43232,1
train,51510,8
train,53500,2
train,39339,4
train,2820,3
train,45509,3
train,18835,8
train,27198,6
train,41390,5
train,6266,6
train,22964,3
train,43957,5
train,38218,3
train,4611,9
train,51248,9
train,47114,2
train,1023,7
train,803,7
train,28490,8
train,36642,5
train,31917,9
train,36823,7
train,14034,0
train,16370,3
train,2908,2
train,45871,7
train,22380,5
train,25351,6
train,28033,8
train,26674,3
train,36223,0
train,12665,0
train,5849,6
train,23054,7
train,34743,9
train,5478,9
train,31716,0
train,3422,3
train,26667,1
train,6125,2
train,56611,7
train,14457,8
train,55901,1
train,5117,4
train,42278,2
train,11967,4
train,24123,8
train,48113,5
train,41854,7
train,24202,5
train,58364,4
train,6959,3
train,55949,9
train,12629,9
train,12966,4
train,42827,5
train,12223,2
train,30447,4
train,28850,6
train,12370,2
train,9523,0
train,44301,4
train,24061,9
train,20651,4
train,31177,2
train,32100,9
train,40121,3
train,601,9
train,28515,3
train,56881,8
train,5066,5
train,3523,3
train,36245,5
train,37277,6
train,59694,1
train,39367,1
train,55124,4
train,23234,9
train,13787,3
train,52411,1
train,17221,6
train,39137,6
train,21223,4
train,11987,7
train,11878,6
train,41277,5
train,55457,0
train,46190,7
train,18706,7
train,43734,9
train,10736,4
train,10189,8
train,25578,7
train,11722,8
train,8209,5
train,39665,6
train,5404,9
train,53977,7
train,40291,5
train,54918,4
train,15755,9
train,58322,1
train,37123,9
train,28605,6
train,55098,4
train,58438,6
train,48157,9
train,30127,0
train,28192,9
train,8009,6
train,53906,8
train,6434,5
train,30721,1
train,57360,6
train,20285,3
train,3903,4
train,45242,9
train,40498,2
train,20940,6
train,36612,7
train,48371,0
train,1024,5
train,2990,4
train,2395,5
train,20738,3
train,37421,6
train,12990,3
train,160,8
train,17839,1
train,13473,4
train,13834,7
train,34405,2
train,15112,9
train,15552,5
train,10417,2
train,10786,6
train,31105,6
train,58162,2
train,55094,7
train,56531,7
train,36061,6
train,47195,3
train,15467,8
train,26760,8
train,24422,8
train,579,5
train,20169,4
train,5491,3
train,13741,2
train,38259,6
train,27707,1
train,52232,9
train,43514,2
train,47126,9
train,20857,7
train,58506,6
train,27025,1
train,39166,9
train,28430,5
train,48703,4
train,9343,7
train,36094,1
train,51311,6
train,27026,2
train,17038,3
train,20684,9
train,14632,6
train,12734,1
train,40868,5
train,4714,2
train,34338,9
train,44141,7
train,59439,0
train,16819,5
train,51432,1
train,35499,7
train,13662,7
train,29882,3
train,29927,1
train,37732,1
train,26939,1
train,10016,2
train,55679,0
train,55458,6
train,29746,1
train,21893,3
train,8093,0
train,57806,3
train,14302,2
train,26379,8
train,4233,3
train,6418,5
train,176,9
train,34050,5
train,37361,3
train,47300,6
train,55225,5
train,34747,2
train,57301,1
train,34166,1
train,2210,8
train,34939,7
train,18474,1
train,16937,8
train,54393,1
train,19298,6
train,24421,5
train,25628,1
train,4270,0
train,29979,8
train,54894,2
train,12725,1
train,6978,5
train,5023,1
train,47233,1
train,20499,3
train,7457,5
train,11126,4
train,9333,2
train,205,1
train,44849,7
train,16239,3
train,41412,0
train,55683,8
train,7812,9
train,44497,3
train,31155,3
train,58925,7
train,43632,2
train,41518,1
train,40123,4
train,6524,5
train,42561,1
train,45556,1
train,14195,5
train,6553,6
train,24214,6
train,16167,6
train,14044,6
train,58123,1
train,57888,1
train,14504,9
train,17673,3
train,40435,7
train,30645,3
train,56542,7
train,16079,7
train,42302,4
train,18599,0
train,57569,4
train,43496,7
train,40898,3
train,42191,7
train,7576,2
train,9270,7
train,24277,6
train,11780,0
train,15226,3
train,49540,7
train,2351,9
train,43450,2
train,45761,4
train,20456,1
train,42402,0
train,9826,2
train,13922,2
train,16321,8
train,29082,8
train,11170,7
train,33984,6
train,8662,8
train,15854,0
train,53459,4
train,41663,8
train,46534,3
train,51614,2
train,57863,3
train,23166,9
train,22861,2
train,26695,5
train,45395,6
train,13284,5
train,6443,1
train,18786,9
train,49630,8
train,42378,7
train,1213,2
train,11411,6
train,40702,4
train,23752,7
train,10703,5
train,9414,5
train,27603,0
train,37192,0
train,58959,7
train,6388,6
train,29271,4
train,26012,2
train,49326,1
train,43840,7
train,35610,3
train,40996,3
train,44461,5
train,18559,8
train,29612,2
train,18953,1
train,721,6
train,58212,4
train,22807,2
train,8077,3
train,43722,7
train,12365,1
train,45450,9
train,39094,8
train,27770,2
train,25069,2
train,16927,3
train,24503,7
train,37631,2
train,42616,4
train,12859,2
train,21949,7
train,45076,1
train,55055,5
train,8731,5
train,9972,2
train,29013,3
train,16129,5
train,54582,4
train,38639,7
train,59247,1
train,15022,3
train,15167,9
train,5077,4
train,18857,7
train,56738,3
train,51893,4
train,15834,5
train,29266,3
train,34902,2
train,38251,8
train,864,9
train,9239,6
train,22150,8
train,54504,9
train,58858,0
train,59227,4
train,20855,6
train,27297,1
train,10880,3
train,47796,1
train,23425,3
train,33586,1
train,48303,1
train,11796,8
train,37717,5
train,44565,2
train,18481,5
train,7088,2
train,28928,9
train,5955,1
train,27813,5
train,41664,4
train,914,4
train,2770,0
train,5466,6
train,24184,6
train,28986,7
train,16445,8
train,19369,0
train,34852,1
train,34159,5
train,19278,1
train,58228,7
train,52170,5
train,23587,4
train,40012,8
train,11527,9
train,41151,7
train,677,4
train,290,1
train,25057,1
train,35125,9
train,52078,1
train,10222,8
train,2924,9
train,10747,0
train,4707,4
train,1788,8
train,34026,3
train,2892,2
train,8210,8
train,47382,1
train,38225,1
train,4485,0
train,38476,8
train,37936,1
train,10217,8
train,49531,7
train,10122,2
train,49780,0
train,36827,9
train,34870,8
train,19932,8
train,27347,2
train,17714,7
train,17470,3
train,38883,5
train,46695,6
train,55187,4
train,48297,9
train,8145,6
train,33890,8
train,40516,1
train,32859,1
train,33011,4
train,56452,4
train,48980,9
train,44589,0
train,4924,1
train,34477,7
train,57478,2
train,25234,4
train,36361,5
train,57807,6
train,53028,8
train,11029,0
train,21824,7
train,36476,0
train,33814,6
train,36387,8
train,47379,4
train,30461,3
train,54643,7
train,29311,0
train,32733,8
train,36965,2
train,51445,4
train,3043,6
train,8916,1
train,40583,9
train,38025,0
train,3965,2
train,25443,1
train,6974,2
train,27561,7
train,28649,1
train,20411,2
train,39037,0
train,12698,3
train,973,6
train,38654,4
train,53560,3
train,16250,9
train,23092,8
train,26006,2
train,6734,9
train,55429,2
train,50866,6
train,31805,3
train,36241,0
train,11179,5
train,43576,2
train,13325,3
train,41694,1
train,12239,0
train,6168,2
train,48811,2
train,41985,2
train,52932,8
train,22910,0
train,21233,5
train,15258,8
train,45319,2
train,8234,8
train,37719,1
train,44448,0
train,22350,7
train,45106,8
train,40657,4
train,13164,0
train,56031,4
train,31326,9
train,13716,5
train,38050,6
train,43196,3
train,1686,6
train,41927,0
train,27169,6
train,3160,0
train,53257,0
train,12799,0
train,54443,9
train,8866,7
train,55420,6
train,47837,1
train,24818,7
train,19221,7
train,21151,2
train,49245,1
train,53576,4
train,41264,2
train,58386,0
train,47107,5
train,29984,7
train,42134,7
train,40096,2
train,24148,0
train,929,9
train,11660,7
train,31925,3
train,34436,2
train,59411,5
train,6507,7
train,9740,7
train,30215,4
train,25452,7
train,48486,4
train,15384,6
train,40321,2
train,58901,7
train,47557,2
train,41502,9
train,9974,3
train,32509,8
train,7833,5
train,37541,9
train,49829,7
train,17925,1
train,45041,2
train,55248,5
train,16373,8
train,41523,5
train,48862,1
train,22185,3
train,28919,4
train,10500,1
train,26587,1
train,12488,5
train,12437,3
train,8789,5
train,59587,2
train,50355,6
train,31595,3
train,9885,7
train,23860,3
train,28909,1
train,38949,0
train,28369,2
train,18997,3
train,28375,5
train,8177,1
train,55993,0
train,8607,8
train,37586,9
train,18977,3
train,29010,9
train,45739,9
train,51427,6
train,48544,8
train,3786,9
train,24079,6
train,25460,0
train,19228,6
train,29269,3
train,50978,7
train,44861,8
train,50531,4
train,39348,7
train,21040,9
train,5582,1
train,52364,5
train,6116,1
train,50993,1
train,53180,1
train,49138,4
train,9593,6
train,41328,7
train,19824,9
train,31180,0
train,21542,0
train,22768,4
train,47636,6
train,27849,8
train,43041,4
train,24263,9
train,43082,7
train,11216,3
train,44580,3
train,20055,2
train,12388,1
train,41136,3
train,56861,9
train,24459,9
train,39983,4
train,39985,5
train,37801,6
train,18298,5
train,20196,9
train,37802,1
train,5951,6
train,43624,0
train,24616,6
train,40193,7
train,57062,8
train,5397,2
train,34088,7
train,15679,2
train,23230,7
train,13196,0
train,56385,6
train,49216,6
train,2695,1
train,22832,0
train,30555,0
train,41775,4
train,9279,3
train,47258,2
train,42192,9
train,8759,8
train,10700,0
train,6642,2
train,26615,5
train,41939,1
train,21537,2
train,2547,1
train,2316,1
train,43351,2
train,22773,8
train,57505,1
train,58176,6
train,42433,0
train,44553,9
train,43025,1
train,18248,5
train,46988,8
train,38572,1
train,806,9
train,562,7
train,4845,5
train,33158,2
train,15869,3
train,37369,9
train,21601,1
train,59596,1
train,35177,7
train,37112,4
train,1556,5
train,34085,3
train,34581,5
train,45158,2
train,53905,4
train,17381,0
train,29480,1
train,55186,2
train,50514,8
train,74,3
train,26985,4
train,53245,2
train,34988,4
train,1017,1
train,19600,8
train,29165,9
train,58070,8
train,44335,0
train,13608,8
train,17072,1
train,38901,2
train,12782,8
train,35311,0
train,53958,3
train,14718,7
train,50521,2
train,57751,7
train,33171,7
train,33355,4
train,36047,0
train,5125,9
train,45120,9
train,36779,9
train,667,0
train,38219,6
train,33251,8
train,54678,7
train,46454,3
train,15248,8
train,5475,0
train,56649,9
train,49530,0
train,20730,4
train,21425,2
train,6728,8
train,13532,5
train,6234,9
train,52971,2
train,39854,0
train,2805,8
train,3442,7
train,14425,0
train,3078,2
train,30044,0
train,8332,1
train,36304,0
train,17185,7
train,21802,2
train,5882,1
train,51083,1
train,3865,8
train,47409,2
train,29233,1
train,6236,6
train,50545,3
train,23470,1
train,8609,2
train,33308,9
train,11812,2
train,26503,3
train,5968,7
train,20391,0
train,22231,3
train,29698,2
train,37848,3
train,58270,5
train,3741,2
train,56654,3
train,58962,2
train,55216,7
train,45108,3
train,4033,3
train,5945,4
train,8665,7
train,1906,6
train,1092,6
train,22103,3
train,3634,5
train,49105,4
train,54571,9
train,13594,5
train,59410,2
train,51578,3
train,13213,1
train,35648,7
train,11601,2
train,58380,4
train,30676,5
train,15779,0
train,514,5
train,56973,2
train,37078,8
train,42412,1
train,19094,1
train,30325,8
train,16016,7
train,15889,3
train,26840,0
train,28036,4
train,13108,9
train,10164,6
train,44112,3
train,34501,7
train,28384,5
train,49755,7
train,59053,2
train,33734,5
train,34713,3
train,8563,9
train,17047,2
train,58381,5
train,6206,1
train,18247,0
train,32319,3
train,7289,6
train,19638,5
train,38199,3
train,47903,8
train,53145,4
train,41463,8
train,38860,1
train,15636,8
train,12848,8
train,42674,0
train,58863,6
train,12404,2
train,18193,9
train,43917,7
train,10525,4
train,36308,6
train,15633,1
train,7538,9
train,18136,4
train,24181,7
train,40910,4
train,9841,2
train,51217,3
train,26242,4
train,50026,0
train,16743,3
train,59434,4
train,9565,5
train,14025,3
train,24695,2
train,8762,3
train,45484,2
train,42430,7
train,23466,8
train,44855,9
train,32155,2
train,58318,5
train,29997,6
train,22102,5
train,56584,1
train,16704,9
train,23496,5
train,39534,7
train,29939,1
train,26703,9
train,42903,9
train,9942,1
train,787,0
train,18331,6
train,10609,7
train,50464,7
train,2393,1
train,15062,7
train,26290,5
train,4024,7
train,41549,7
train,53745,8
train,3311,9
train,29546,2
train,4053,3
train,31263,0
train,11471,4
train,44620,4
train,42763,7
train,32549,6
train,21189,8
train,21408,8
train,40833,0
train,4837,4
train,56504,3
train,33963,0
train,52498,1
train,59929,0
train,58267,2
train,8029,8
train,52501,2
train,57630,4
train,6523,8
train,2627,3
train,35104,2
train,17700,8
train,36845,8
train,54550,8
train,26022,8
train,13746,7
train,18099,3
train,34510,8
train,2068,8
train,26758,4
train,11303,4
train,43398,4
train,49957,5
train,6134,7
train,8559,7
train,44647,5
train,56940,0
train,41666,6
train,43670,3
train,42975,6
val,3235,4
val,9990,7
val,8095,4
val,1515,1
val,6151,3
val,9716,2
val,3498,7
val,3644,8
val,6835,0
val,5433,8
val,3910,3
val,8496,0
val,7051,6
val,7347,9
val,5553,1
val,5088,6
val,1700,0
val,4326,2
val,5351,5
val,1008,1
val,8214,5
val,726,7
val,1729,1
val,3440,8
val,8738,0
val,1539,3
val,5284,4
val,1092,3
val,3840,9
val,2703,0
val,5749,8
val,1746,3
val,6615,6
val,8529,4
val,8592,2
val,607,6
val,1626,6
val,546,0
val,382,3
val,4600,3
val,7174,9
val,3106,2
val,2779,0
val,5225,3
val,6624,3
val,8836,4
val,2423,8
val,3940,0
val,5259,0
val,6861,4
val,1356,2
val,9197,8
val,982,3
val,2029,5
val,3356,7
val,1520,7
val,8013,6
val,7003,5
val,3768,0
val,1716,7
val,3927,9
val,4899,2
val,6710,9
val,3635,8
val,6594,2
val,8501,0
val,8066,9
val,8887,1
val,8807,9
val,9578,2
val,3638,1
val,5788,6
val,4575,4
val,6879,5
val,5611,8
val,9898,1
val,663,1
val,214,9
val,5075,8
val,9985,2
val,866,5
val,34,7
val,5125,2
val,3541,4
val,6877,0
val,2337,6
val,2583,3
val,5840,2
val,4587,6
val,977,1
val,9675,5
val,9446,2
val,6316,7
val,6897,8
val,3383,6
val,509,5
val,7510,4
val,3134,2
val,3158,8
val,7223,1
val,3672,4
val,294,0
val,8723,9
val,7312,3
val,5649,7
val,6438,1
val,501,9
val,4602,1
val,3155,4
val,9902,0
val,9579,3
val,3536,0
val,135,1
val,8731,0
val,9120,1
val,2634,3
val,1773,1
val,1671,7
val,7998,7
val,4830,5
val,1334,5
val,3150,3
val,722,4
val,2482,7
val,2981,2
val,7301,4
val,8785,3
val,1590,0
val,2463,7
val,3936,7
val,3045,3
val,476,1
val,8546,6
val,8220,4
val,0,7
val,5544,1
val,4721,4
val,6181,0
val,905,2
val,5381,2
val,5404,9
val,7381,0
val,8209,8
val,8803,5
val,9627,6
val,5080,9
val,9566,7
val,7318,9
val,2725,1
val,9837,7
val,1696,2
val,1394,8
val,4425,9
val,6690,3
val,4135,2
val,4095,9
val,7427,6
val,9116,8
val,8646,2
val,2758,8
val,3533,4
val,2448,9
val,4093,9
val,7245,2
val,9430,3
val,2108,2
val,688,6
val,8213,9
val,315,9
val,2865,3
val,8815,7
val,5639,9
val,5454,3
val,3129,3
val,7826,5
val,9611,0
val,88,6
val,5155,0
val,8483,3
val,7567,1
val,4943,2
val,3925,1
val,3325,0
val,698,4
val,7259,8
val,9506,8
val,9685,5
val,9327,7
val,404,2
val,9984,1
val,7741,4
val,5004,4
val,6513,2
val,3028,5
val,7593,0
val,6345,2
val,8131,4
val,4222,3
val,4903,1
val,2027,1
val,8853,5
val,2167,7
val,1826,0
val,923,3
val,6505,9
val,2488,2
val,5800,9
val,1082,5
val,7604,2
val,6312,3
val,9336,1
val,9454,6
val,3328,7
val,460,5
val,2783,8
val,9308,3
val,3049,3
val,2335,1
val,1326,7
val,6001,8
val,5590,1
val,5953,1
val,1416,0
val,4173,2
val,1967,5
val,954,9
val,9234,5
val,3033,6
val,755,1
val,5298,8
val,3759,9
val,5727,6
val,191,1
val,391,8
val,2368,4
val,109,4
val,5917,1
val,7678,2
val,5722,1
val,219,5
val,2280,3
val,286,6
val,1834,1
val,9513,5
val,8661,8
val,75,7
val,8961,4
val,2746,1
val,6204,3
val,771,7
val,304,4
val,781,8
val,9095,0
val,2355,1
val,1389,8
val,2347,3
val,7902,7
val,1097,1
val,4369,9
val,8555,7
val,8238,2
val,4430,3
val,1577,6
val,5969,4
val,305,0
val,2922,5
val,789,4
val,1775,0
val,6527,1
val,188,0
val,2927,3
val,4067,5
val,1553,9
val,3244,1
val,3522,2
val,9612,1
val,8557,9
val,3381,3
val,255,7
val,72,2
val,2603,9
val,2016,7
val,8583,4
val,7833,4
val,1142,4
val,8252,1
val,3808,7
val,8429,3
val,2797,5
val,4601,8
val,2954,0
val,4129,9
val,5506,1
val,2629,3
val,9531,6
val,6709,8
val,3990,1
val,4755,3
val,2013,1
val,8521,2
val,760,4
val,6030,3
val,7710,2
val,1215,3
val,4717,1
val,9079,9
val,5729,8
val,6524,9
val,1665,4
val,7990,1
val,8508,3
val,633,2
val,9413,7
val,3386,1
val,1964,9
val,519,4
val,3908,6
val,5293,3
val,3177,3
val,1212,6
val,5683,9
val,2306,4
val,7806,1
val,7611,4
val,2411,1
val,3584,0
val,6091,9
val,2462,2
val,8839,9
val,8081,4
val,2249,4
val,4464,6
val,5451,5
val,2408,3
val,9858,6
val,8597,3
val,8315,2
val,4339,2
val,7518,2
val,8747,5
val,8945,4
val,689,7
val,7067,5
val,2621,2
val,7417,8
val,2531,0
val,1136,1
val,1371,8
val,2604,5
val,9911,0
val,3389,8
val,7291,2
val,3081,2
val,5074,3
val,8832,4
val,182,5
val,9187,8
val,3521,8
val,2480,7
val,9482,5
val,383,7
val,6670,1
val,7915,7
val,5557,2
val,9855,2
val,5314,1
val,2473,1
val,3234,4
val,5329,3
val,2030,5
val,4736,7
val,9659,9
val,3090,0
val,5568,6
val,5896,1
val,553,8
val,9280,8
val,7750,3
val,9269,6
val,4889,2
val,5229,5
val,6084,2
val,4365,0
val,4567,4
val,7112,0
val,1145,4
val,815,3
val,2858,9
val,3024,4
val,4880,0
val,7865,7
val,6273,4
val,6311,2
val,9542,0
val,4748,8
val,7718,8
val,16,9
val,2410,0
val,7429,4
val,6668,6
val,8273,0
val,7940,7
val,604,5
val,2020,3
val,4519,4
val,6007,7
val,7842,5
val,7995,3
val,601,8
val,5504,3
val,2039,6
val,3011,7
val,3495,4
val,7494,4
val,8015,8
val,3882,8
val,6661,1
val,6441,7
val,4972,1
val,2370,0
val,7610,3
val,9591,1
val,2279,5
val,5304,6
val,1670,5
val,2396,2
val,5282,2
val,5457,1
val,8029,0
val,7573,7
val,8777,3
val,2223,4
val,5768,6
val,3968,5
val,8989,4
val,2834,8
val,197,6
val,622,4
val,885,6
val,65,4
val,748,4
val,9524,3
val,3615,4
val,2048,7
val,1236,1
val,9075,5
val,5937,5
val,7122,6
val,1358,1
val,8745,1
val,8720,1
val,6637,4
val,6170,7
val,4481,4
val,1658,2
val,7143,8
val,7232,1
val,500,3
val,2920,6
val,9298,5
val,2130,4
val,6641,8
val,1987,0
val,2125,5
val,7918,5
val,770,4
val,2861,2
val,2313,9
val,9812,3
val,5513,0
val,9876,1
val,4345,2
val,7159,6
val,5181,3
val,5751,7
val,2654,6
val,867,2
val,6464,8
val,3128,2
val,8461,3
val,2599,1
val,1509,4
val,728,2
val,9671,5
val,9993,0
val,2390,2
val,9503,5
val,6274,2
val,4756,8
val,6864,8
val,1950,7
val,5821,5
val,2616,5
val,5622,9
val,3084,7
val,4932,1
val,6581,2
val,1460,5
val,6544,5
val,6387,6
val,2234,7
val,1035,6
val,2776,3
val,8371,9
val,2389,8
val,5845,7
val,5868,9
val,5690,6
val,7370,8
val,4513,8
val,4350,2
val,2633,9
val,506,1
val,3209,6
val,5061,8
val,9647,0
val,2755,9
val,3043,0
val,2794,0
val,4833,3
val,4165,8
val,3988,8
val,4153,1
val,2808,7
val,4623,7
val,8179,0
val,7938,5
val,4751,4
val,9656,3
val,881,4
val,1184,2
val,2982,1
val,2017,1
val,5741,4
val,9894,7
val,4781,7
val,7282,3
val,1904,9
val,2574,5
val,3899,2
val,4302,5
val,7498,5
val,4011,8
val,9537,4
val,8810,2
val,6967,9
val,846,7
val,2876,6
val,3996,4
val,1587,6
val,8211,6
val,906,9
val,118,9
val,2491,2
val,5703,3
val,537,1
val,6925,0
val,463,6
val,4503,2
val,9395,1
val,1007,8
val,8338,0
val,964,1
val,4151,7
val,470,8
val,3629,8
val,5648,8
val,8705,9
val,3912,2
val,8594,2
val,1876,1
val,2138,2
val,2822,1
val,4528,3
val,8217,8
val,9887,8
val,1232,9
val,8411,3
val,3406,8
val,2810,5
val,5771,8
val,876,8
val,6130,6
val,1335,2
val,1293,6
val,6334,6
val,6775,5
val,9415,1
val,311,0
val,8380,6
val,6213,3
val,7957,4
val,6936,9
val,8565,7
val,9317,6
val,9766,4
val,2851,7
val,2584,8
val,9084,4
val,3450,0
val,7216,0
val,9322,8
val,9715,1
val,8146,9
val,690,2
val,5445,5
val,3017,4
val,171,7
val,6750,0
val,7307,7
val,7053,1
val,679,7
val,7248,3
val,3075,9
val,9127,6
val,3653,4
val,9078,8
val,6856,7
val,5067,3
val,3741,1
val,7339,8
val,4819,0
val,4364,5
val,4769,9
val,40,1
val,6601,1
val,4718,0
val,7648,7
val,8382,0
val,9538,4
val,4934,6
val,1223,0
val,211,5
val,7360,9
val,2519,1
val,6180,2
val,8264,4
val,5702,6
val,7304,5
val,4512,6
val,2439,2
val,6963,7
val,3388,4
val,1467,5
val,7999,8
val,3896,3
val,1200,8
val,9625,4
val,7075,3
val,2426,9
val,1992,9
val,1881,9
val,7385,0
val,1844,1
val,1829,1
val,3556,5
val,9203,4
val,2744,8
val,877,8
val,7886,2
val,3811,2
val,9629,8
val,3670,3
val,4132,6
val,4089,7
val,5889,1
val,5424,9
val,199,2
val,4346,6
val,2698,5
val,3240,9
val,4260,2
val,1684,5
val,8157,8
val,5237,3
val,1918,0
val,2135,6
val,8026,3
val,8469,1
val,1929,4
val,4808,3
val,1573,8
val,7758,6
val,7801,7
val,4320,0
val,2231,6
val,5344,9
val,4436,9
val,7374,3
val,7341,4
val,1801,9
val,6789,1
val,174,2
val,8359,0
val,8418,1
val,6365,3
val,3346,0
val,550,7
val,7198,8
val,8585,8
val,2730,7
val,2465,6
val,5379,8
val,8835,5
val,6958,8
val,2539,7
val,9731,7
val,9722,8
val,1622,9
val,5770,6
val,1261,0
val,8158,5
val,1960,8
val,8257,7
val,9215,2
val,2072,3
val,5263,6
val,7157,3
val,5358,3
val,2261,1
val,3842,9
val,2801,6
val,868,2
val,3395,6
val,5550,1
val,1502,8
val,9738,4
val,5572,5
val,4693,7
val,3779,1
val,6328,0
val,9888,6
val,6063,1
val,8987,5
val,4580,1
val,3868,8
val,8848,6
val,1094,0
val,3437,4
val,2669,2
val,4970,7
val,4245,9
val,4280,9
val,2804,4
val,518,5
val,8243,0
val,5360,8
val,7501,3
val,1902,5
val,208,2
val,1459,2
val,1880,6
val,540,5
val,8491,1
val,8766,3
val,3503,9
val,5962,8
val,437,3
val,6094,6
val,5070,9
val,5810,6
val,4411,8
val,7620,3
val,2906,3
val,2406,9
val,310,3
val,2803,1
val,833,9
val,7568,3
val,902,4
val,8487,5
val,3695,0
val,3335,5
val,5605,2
val,6225,2
val,966,9
val,7799,9
val,779,5
val,1930,2
val,1301,4
val,2883,9
val,8963,8
val,3933,2
val,4087,3
val,261,5
val,8300,8
val,7552,8
val,4989,9
val,8109,9
val,5841,3
val,8590,9
val,9131,2
val,412,5
val,1163,4
val,682,1
val,7333,3
val,9915,4
val,5352,9
val,5118,8
val,5807,5
val,8698,7
val,2310,9
val,8305,1
val,525,0
val,2994,6
val,4437,3
val,5599,6
val,8263,3
val,1662,6
val,7602,5
val,6658,9
val,841,7
val,4704,6
val,2276,1
val,4649,6
val,1740,8
val,4075,8
val,7117,3
val,9383,6
val,1039,7
val,7337,0
val,1682,2
val,1709,9
val,8454,6
val,9464,1
val,4461,5
val,1523,8
val,5422,7
val,8184,9
val,7952,9
val,312,0
val,9063,3
val,4923,0
val,9805,4
val,4750,8
val,2148,4
val,278,2
val,2186,2
val,6268,4
val,213,3
val,609,2
val,4330,5
val,8712,2
val,4924,1
val,1034,0
val,7633,8
val,1831,6
val,3527,3
val,7286,7
val,4070,0
val,8232,5
val,227,4
val,6606,7
val,7672,5
val,4592,9
val,8068,1
val,5915,1
val,4140,8
val,7835,0
val,9447,7
val,5270,0
val,9594,1
val,8344,1
val,7169,4
val,8792,6
val,6100,4
val,7853,8
val,7740,3
val,6725,8
val,798,1
val,8976,1
val,1101,8
val,8866,8
val,5743,6
val,4563,1
val,2835,4
val,8350,7
val,1146,5
val,4984,1
val,9029,6
val,3366,4
val,6370,3
val,7699,0
val,9971,2
val,3587,9
val,6267,7
val,6414,5
val,4758,3
val,7192,2
val,1785,1
val,2298,8
val,8740,1
val,3551,4
val,1924,4
val,6928,1
val,5275,5
val,8340,1
val,6342,0
val,8960,4
val,6733,1
val,5288,8
val,8826,8
val,9852,7
val,4145,8
val,482,7
val,4772,4
val,3898,5
val,7215,3
val,7513,7
val,9465,5
val,9750,3
val,5864,8
val,3032,0
val,1072,3
val,8896,6
val,1365,2
val,8503,9
val,6163,0
val,1749,2
val,2762,6
val,2308,3
val,9255,9
val,3935,6
val,1310,3
val,3188,4
val,1370,5
val,3788,5
val,77,2
val,2905,8
val,4987,4
val,1550,5
val,4648,9
val,861,6
val,3646,0
val,6008,1
val,2262,7
val,6774,6
val,1899,8
val,9691,8
val,1181,6
val,6400,0
val,2496,2
val,7454,5
val,672,1
val,8191,6
val,3471,1
val,8551,3
val,92,9
val,9218,9
val,9495,7
val,2997,1
val,1258,5
val,3686,3
val,7210,6
val,7859,5
val,1290,3
val,4458,4
val,9773,7
val,9856,9
val,4147,1
val,5881,8
val,5614,1
val,9823,7
val,9004,0
val,4479,9
val,159,4
val,1845,3
val,8402,7
val,5515,2
val,8430,3
val,7673,5
val,4389,8
val,4796,3
val,7197,7
val,4097,3
val,4714,3
val,2866,6
val,1897,1
val,1798,3
val,3683,6
val,1790,2
val,6912,2
val,1073,5
val,4791,4
val,8828,6
val,5576,7
val,8001,9
val,6909,5
val,4017,4
val,3186,8
val,6444,0
val,9700,2
val,3109,7
val,9390,3
val,894,3
val,424,0
val,8645,5
val,4001,4
val,6019,4
val,2506,0
val,5992,7
val,1939,1
val,580,8
val,1263,4
val,1552,4
val,4247,2
val,9543,7
val,4962,2
val,2780,2
val,6018,8
val,9014,6
val,4994,7
val,5560,7
val,559,6
val,7103,3
val,9169,7
val,96,1
val,561,0
val,9504,6
val,7355,7
val,8437,8
val,2820,7
val,5440,4
val,7217,1
val,64,7
val,4025,1
val,1065,2
val,1610,0
val,1026,8
val,3488,6
val,7319,1
val,7466,6
val,1690,3
val,4719,1
val,3515,3
val,7451,5
val,3108,3
val,3083,3
val,7416,7
val,5892,3
val,7797,5
val,9641,1
val,4956,8
val,9009,7
val,6483,5
val,7102,4
val,5548,8
val,4529,5
val,957,3
val,5674,3
val,9161,8
val,9703,2
val,9008,4
val,9069,9
val,7303,1
val,8637,6
val,6498,6
val,4620,6
val,6202,1
val,1227,2
val,8444,5
val,8845,0
val,4691,1
val,7292,3
val,9983,0
val,3744,6
val,9574,8
val,3041,9
val,4487,7
val,6542,3
val,9068,8
val,4327,0
val,3197,8
val,3432,3
val,5409,4
val,9623,2
val,7487,9
val,3313,8
val,2999,0
val,560,9
val,547,2
val,5675,8
val,5573,3
val,9719,5
val,2554,5
val,4941,2
val,1946,8
val,3849,0
val,2129,9
val,6618,1
val,5968,9
val,801,3
val,6466,2
val,8070,3
val,9424,6
val,3973,7
val,1115,5
val,4169,1
val,1839,2
val,4041,8
val,2015,1
val,2071,1
val,8037,8
val,5689,1
val,9071,1
val,3631,5
val,794,0
val,3181,6
val,6991,5
val,5276,6
val,2973,9
val,5303,6
val,2941,9
val,6203,2
val,8802,4
val,2556,5
val,4558,4
val,3468,5
val,4265,4
val,6258,6
val,3451,7
val,9284,4
val,6260,3
val,380,0
val,2735,9
val,947,8
val,526,3
val,8796,9
val,5980,0
val,3749,6
val,2392,3
val,5714,7
val,4505,9
val,9783,4
val,2469,6
val,4296,2
val,8169,6
val,7332,4
val,7781,2
val,6652,1
val,8385,6
val,9272,9
val,3943,3
val,3036,6
val,6540,1
val,6948,1
val,4737,8
val,7166,6
val,5139,0
val,8204,4
val,4525,1
val,938,3
val,9240,6
val,3433,1
val,3820,9
val,5823,2
val,272,1
val,8086,1
val,4961,2
val,4958,0
val,8767,7
val,3867,0
val,18,3
val,9908,6
val,7812,1
val,8985,8
val,5640,7
val,1220,0
val,8905,1
val,3633,8
val,7558,0
val,933,3
val,9289,5
val,6265,4
val,6114,0
val,9046,2
val,1149,8
val,3159,6
val,5541,2
val,6390,5
val,827,4
val,5484,6
val,3548,3
val,9782,6
val,8293,3
val,9532,6
val,2807,3
val,8778,8
val,9874,2
val,8495,2
val,2127,0
val,2066,6
val,1304,9
val,8852,6
val,4383,9
val,4465,4
val,4423,7
val,2304,0
val,4570,9
val,480,1
val,9058,6
val,5152,5
val,9762,3
val,7062,0
val,9012,4
val,590,3
val,6399,6
val,1542,4
val,7242,9
val,8773,4
val,1240,1
val,8199,0
val,2685,9
val,916,4
val,659,2
val,295,4
val,4279,2
val,9725,1
val,4942,5
val,243,7
val,8097,8
val,2252,7
val,9709,5
val,1112,4
val,8099,1
val,8659,1
val,2204,0
val,745,1
val,7744,7
val,3022,5
val,9449,8
val,1367,3
val,8560,2
val,886,6
val,6787,9
val,598,9
val,6582,4
val,8014,3
val,6801,3
val,502,5
val,620,0
val,8922,1
val,9154,2
val,5872,1
val,2481,2
val,9239,0
val,9970,5
val,5419,4
val,2502,3
val,4137,8
val,4359,5
val,2352,6
val,3407,3
val,5637,1
val,6034,3
val,8118,1
val,795,3
val,9374,7
val,3120,3
val,1471,5
val,5124,0
val,727,3
val,7858,3
val,5140,3
val,2131,6
val,7068,6
val,7841,3
val,638,5
val,1646,1
val,1997,3
val,9048,2
val,9099,4
val,7096,4
val,2937,0
val,8862,1
val,8809,1
val,6706,5
val,7002,2
val,8236,8
val,5705,9
val,8820,2
val,9277,5
val,2532,6
val,4918,9
val,5790,9
val,2670,5
val,3559,8
val,2555,3
val,5150,3
val,1613,8
val,5736,6
val,5382,3
val,4051,6
val,5949,7
val,4109,3
val,3692,7
val,8458,0
val,9930,0
val,7707,9
val,8599,9
val,3914,6
val,7108,5
val,2269,2
val,2045,3
val,3889,9
val,5776,1
val,9965,3
val,2660,0
val,4800,7
val,3532,1
val,4155,0
val,2453,3
val,1141,7
val,4998,4
val,6828,2
val,3278,4
val,4521,2
val,2647,3
val,7123,1
val,6976,1
val,5426,4
val,4740,3
val,4118,5
val,7921,8
val,3511,2
val,2814,5
val,8974,7
val,3367,2
val,6587,8
val,523,1
val,8593,9
val,1425,8
val,2025,3
val,1771,2
val,1419,4
val,6089,7
val,1687,8
val,1537,6
val,935,5
val,2405,3
val,1873,9
val,3674,8
val,2595,7
val,4589,1
val,1676,6
val,5780,3
val,6107,3
val,3569,5
val,3267,2
val,3164,6
val,2457,4
val,5106,9
val,7624,9
val,9165,9
val,8917,4
val,9158,0
val,5093,1
val,8023,0
val,3483,9
val,7677,7
val,2843,7
val,4663,9
val,3938,4
val,5730,9
val,2868,1
val,4384,2
val,860,6
val,7493,7
val,8789,6
val,1478,6
val,3945,2
val,3189,7
val,1605,3
val,6758,1
val,3229,2
val,6500,5
val,5243,0
val,7901,8
val,4080,0
val,7309,8
val,7200,8
val,9238,3
val,9129,2
val,1937,6
val,1602,6
val,4454,9
val,3135,6
val,3601,1
val,4957,0
val,492,2
val,7666,8
val,584,1
val,374,8
val,2816,1
val,1932,2
val,5921,2
val,1969,6
val,4105,1
val,5789,7
val,3318,2
val,1349,2
val,4026,3
val,3860,5
val,623,6
val,4774,1
val,270,3
val,1701,4
val,3242,0
val,8643,5
val,6951,4
val,5646,1
val,490,0
val,7438,6
val,6437,0
val,7555,0
val,3669,1
val,9002,1
val,4784,7
val,3974,1
val,4175,7
val,4986,8
val,9333,4
val,8564,6
val,1732,9
val,411,7
val,7988,5
val,7344,1
val,6633,0
val,2065,8
val,8105,8
val,9601,0
val,3687,9
val,3946,2
val,630,9
val,6645,2
val,6055,9
val,7264,5
val,3528,3
val,1216,7
val,9832,2
val,7436,3
val,9598,6
val,2213,8
val,8281,6
val,9770,5
val,356,5
val,5154,7
val,714,8
val,9480,2
val,4158,9
val,8196,6
val,6292,7
val,1377,6
val,4828,5
val,6915,4
val,2996,0
val,1206,7
val,9924,9
val,4121,8
val,8295,2
val,4216,1
val,5505,0
val,9225,2
val,7594,9
val,6683,1
val,3392,9
val,666,7
val,2567,7
val,4827,4
val,5827,0
val,6851,8
val,4100,2
val,2802,2
val,4559,2
val,8727,7
val,8058,1
val,332,1
val,491,5
val,5260,4
val,8107,4
val,9613,2
val,6522,5
val,7870,5
val,2414,9
val,5910,5
val,3863,5
val,5022,9
val,2837,7
val,8219,1
val,3284,8
val,1756,8
val,2514,4
val,6703,2
val,3648,1
val,2691,8
val,390,2
val,1983,3
val,6440,3
val,3757,8
val,4426,9
val,3871,8
val,8337,3
val,3975,3
val,22,6
val,9291,1
val,7175,0
val,2520,8
val,6551,3
val,9473,4
val,5903,7
val,6099,0
val,9862,6
val,3904,2
val,5059,8
val,7765,8
val,6353,7
val,8231,1
val,8407,3
val,545,0
val,28,0
val,8,5
val,9458,7
val,8180,5
val,5960,8
val,7955,2
val,6410,8
val,9635,2
val,5238,7
val,9748,8
val,9085,5
val,9065,5
val,3705,8
val,5377,9
val,6676,3
val,7590,3
val,7145,7
val,183,0
val,2561,8
val,831,1
val,1096,7
val,5159,4
val,1063,9
val,7989,0
val,892,2
val,5765,8
val,7803,8
val,2328,0
val,9540,1
val,6096,3
val,7251,4
val,5490,1
val,1753,1
val,6215,5
val,9060,0
val,8608,7
val,162,5
val,1481,9
val,5984,1
val,5885,5
val,4377,4
val,3855,5
val,3518,6
val,2086,3
val,5211,1
val,2553,1
val,5753,9
val,2713,0
val,5172,7
val,2230,3
val,6769,4
val,9744,8
val,5175,4
val,5977,9
val,3585,7
val,6950,3
val,1614,4
val,475,4
val,9505,7
val,862,9
val,5698,4
val,6866,5
val,1601,3
val,632,2
val,7193,3
val,3196,1
val,8403,7
val,4043,0
val,3042,4
val,3256,2
val,6461,0
val,2846,6
val,8425,0
val,9360,5
val,8187,1
val,9662,3
val,1659,1
val,8035,5
val,7742,5
val,314,1
val,7733,6
val,8671,0
val,5073,9
val,9875,8
val,6705,4
val,4929,4
val,7334,7
val,4466,6
val,5684,0
val,3797,5
val,731,2
val,7874,9
val,9743,7
val,5166,1
val,971,4
val,9606,5
val,2913,5
val,8871,7
val,3923,6
val,86,7
val,4275,2
val,5669,0
val,7059,7
val,821,0
val,4863,8
val,8898,4
val,8230,9
val,5539,6
val,503,2
val,8142,5
val,6876,3
val,8973,2
val,2859,8
val,2882,4
val,8292,2
val,5157,2
val,2575,3
val,9053,6
val,6678,1
val,7234,8
val,8342,0
val,4340,5
val,1760,1
val,2526,5
val,1544,7
val,8138,1
val,2076,3
val,9262,7
val,616,9
val,230,3
val,605,7
val,6432,3
val,9406,4
val,6523,8
val,6644,1
val,3676,4
val,413,7
val,453,3
val,6579,4
val,556,4
val,6554,2
val,1963,4
val,8994,9
val,6519,2
val,7923,8
val,9560,7
val,7919,8
val,2682,5
val,5905,8
val,155,5
val,7477,7
val,7345,2
val,768,1
val,6377,7
val,6677,2
val,3078,3
val,8771,6
val,5901,6
val,9118,2
val,2062,6
val,4582,2
val,1823,8
val,6359,8
val,3144,6
val,2592,0
val,3578,2
val,5739,2
val,1312,8
val,1022,5
val,1224,2
val,3554,6
val,6045,3
val,7644,3
val,6323,4
val,8027,8
val,465,8
val,3063,6
val,6509,6
val,4767,7
val,8422,9
val,9555,6
val,4675,0
val,5342,0
val,7734,7
val,9972,4
val,8635,8
val,2486,6
val,2594,3
val,6367,4
val,3769,3
val,2588,7
val,9728,4
val,5446,3
val,2187,7
val,6893,6
val,9679,6
val,8282,7
val,9199,0
val,7208,8
val,5203,1
val,2699,2
val,5146,3
val,2983,9
val,6865,4
val,4485,7
val,5773,7
val,472,6
val,2497,9
val,7346,6
val,7461,6
val,5651,1
val,2189,9
val,9342,3
val,6726,1
val,7714,3
val,5837,9
val,8791,7
val,1661,3
val,3146,3
val,992,9
val,8573,7
val,7542,5
val,5796,3
val,7795,9
val,9086,6
val,2400,5
val,1397,1
val,6189,8
val,7682,9
val,3163,8
val,6324,5
val,1837,3
val,5936,4
val,8312,4
val,9939,0
val,812,5
val,9708,4
val,639,9
val,4267,1
val,8278,0
val,458,8
val,5618,5
val,6346,7
val,1769,3
val,2552,8
val,7413,4
val,8864,3
val,6557,0
val,1782,8
val,1449,9
val,2993,7
val,298,2
val,82,2
val,5940,8
val,5330,3
val,8296,3
val,6660,4
val,4167,2
val,2216,9
val,5337,0
val,7267,7
val,9401,1
val,5148,1
val,6409,9
val,220,7
val,6467,8
val,4939,2
val,5437,7
val,5023,4
val,8574,8
val,940,6
val,8603,3
val,7189,7
val,8938,1
val,425,4
val,6993,2
val,1104,7
val,6954,7
val,9052,0
val,9857,8
val,2535,6
val,2718,6
val,244,2
val,5530,8
val,2142,8
val,4749,5
val,7759,4
val,4656,2
val,9575,8
val,8439,1
val,979,1
val,6048,7
val,5168,3
val,4405,9
val,9940,6
val,6743,1
val,4452,8
val,9632,6
val,4170,1
val,8588,6
val,371,2
val,9320,4
val,6981,5
val,2207,5
val,9288,7
val,6808,0
val,7408,4
val,7821,3
val,3251,0
val,2677,6
val,5716,2
val,2590,1
val,3847,0
val,9640,7
val,8170,5
val,3038,7
val,406,5
val,4078,9
val,3947,3
val,7322,9
val,8617,7
val,4052,5
val,1470,8
val,3340,8
val,7769,9
val,2630,4
val,7495,9
val,4164,3
val,8633,1
val,5777,8
val,5581,6
val,9551,4
val,8895,0
val,936,8
val,4999,0
val,3782,8
val,6153,8
val,5880,1
val,6422,9
val,5425,7
val,635,2
val,3091,8
val,3956,4
val,6004,8
val,4079,0
val,414,9
val,5850,3
val,2183,4
val,8277,3
val,7524,8
val,7072,0
val,3696,2
val,5531,0
val,3096,4
val,4149,2
val,4710,2
val,9577,2
val,4342,2
val,7662,4
val,8868,0
val,8160,5
val,6731,7
val,9174,0
val,8008,7
val,8212,0
val,7302,8
val,3575,7
val,3710,0
val,6160,3
val,668,4
val,6090,8
val,2100,5
val,2688,1
val,4599,6
val,6647,4
val,5692,2
val,7927,7
val,4869,1
val,5785,2
val,3926,9
val,7424,1
val,5126,4
val,1995,0
val,6071,9
val,810,7
val,3453,7
val,7713,8
val,4979,5
val,9310,0
val,1531,3
val,3329,7
val,5027,4
val,645,5
val,5620,7
val,7650,7
val,8798,0
val,6389,3
val,8524,8
val,7605,7
val,254,7
val,6178,8
val,7206,4
val,6729,1
val,8568,1
val,7550,4
val,1015,4
val,6133,0
val,7719,3
val,6891,1
val,3698,0
val,7623,8
val,9704,0
val,7320,7
val,8143,6
val,2353,2
val,3614,6
val,3183,5
val,3703,2
val,1759,8
val,3753,7
val,7041,7
val,1434,1
val,6284,4
val,4283,9
val,5836,8
val,2850,5
val,5339,5
val,5411,6
val,2444,1
val,2738,6
val,6901,1
val,720,5
val,6135,1
val,7636,1
val,5909,6
val,3485,9
val,1253,4
val,8784,9
val,7450,8
val,791,5
val,2961,7
val,7155,5
val,6216,5
val,2171,1
val,263,7
val,6794,3
val,2881,3
val,4596,5
val,2274,9
val,3675,2
val,5133,0
val,1993,1
val,1148,0
val,9720,6
val,5713,4
val,773,9
val,9899,7
val,1111,4
val,6165,5
val,2970,5
val,4619,6
val,8114,0
val,3190,9
val,3892,8
val,4971,5
val,8286,1
val,3396,2
val,449,3
val,423,2
val,7928,1
val,1102,5
val,3662,8
val,5085,6
val,2421,1
val,973,6
val,4262,1
val,2265,4
val,6532,0
val,3143,1
val,2145,4
val,416,1
val,8630,5
val,6232,1
val,5878,3
val,2112,2
val,5591,6
val,7578,5
val,6930,3
val,1027,1
val,7737,0
val,6426,0
val,7440,0
val,4500,9
val,7896,1
val,2586,5
val,5071,7
val,9074,4
val,2679,2
val,931,4
val,9219,3
val,1422,4
val,1593,6
val,9804,3
val,1830,1
val,1644,2
val,5545,2
val,3310,0
val,2533,3
val,7277,8
val,4551,7
val,1860,5
val,5105,2
val,1856,3
val,2799,3
val,2391,2
val,4940,3
val,9422,5
val,1793,9
val,9072,2
val,8316,7
val,3755,9
val,6176,4
val,9618,7
val,2833,7
val,4257,9
val,9499,1
val,824,1
val,754,1
val,7954,1
val,354,1
val,9019,7
val,8644,6
val,5985,5
val,5129,8
val,708,4
val,7986,2
val,7898,0
val,4919,9
val,1160,4
val,6962,0
val,2028,7
val,3763,5
val,9966,6
val,8951,0
val,784,4
val,8613,4
val,4484,6
val,711,5
val,6298,6
val,5813,9
val,9293,9
val,4194,4
val,7813,9
val,7512,6
val,5478,8
val,2902,1
val,5348,4
val,5983,2
val,8392,4
val,6838,8
val,4396,4
val,8668,6
val,8699,8
val,8298,9
val,8913,0
val,8208,2
val,8782,9
val,8032,3
val,3880,8
val,780,3
val,4385,2
val,6749,6
val,3441,7
val,5196,5
val,5538,3
val,340,5
val,6287,0
val,1252,5
val,3245,8
val,7947,4
val,4268,4
val,7070,8
val,370,7
val,7028,7
val,2516,9
val,9041,6
val,6211,0
val,2684,3
val,399,4
val,2550,8
val,9987,4
val,9125,3
val,7352,5
val,4835,9
val,249,2
val,3425,7
val,7854,9
val,3500,4
val,7252,3
val,1501,9
val,4560,9
val,9040,6
val,6083,1
val,9114,5
val,7582,1
val,7983,3
val,1197,0
val,5965,0
val,7105,6
val,5966,6
val,9135,2
val,9077,7
val,9964,0
val,8353,2
val,5645,9
val,4418,2
val,6655,9
val,9017,1
val,4837,7
val,6231,1
val,1275,4
val,3212,2
val,9931,1
val,2399,7
val,9274,1
val,2322,5
val,1714,9
val,7297,8
val,8897,9
val,9313,1
val,1351,1
val,5492,3
val,9827,8
val,4779,6
val,59,5
val,2407,7
val,8473,5
val,9350,4
val,3622,6
val,6456,1
val,5934,2
val,7869,1
val,4761,9
val,7557,9
val,4765,6
val,9953,6
val,7696,4
val,8374,9
val,3016,0
val,6086,4
val,5781,9
val,2198,2
val,3807,8
val,9546,7
val,7531,5
val,2264,4
val,5834,6
val,671,9
val,7262,1
val,6270,5
val,8682,1
val,8714,2
val,3934,8
val,4905,2
val,9136,8
val,5180,7
val,6057,2
val,6106,2
val,4472,5
val,9831,5
val,3114,4
val,6038,6
val,9425,0
val,2498,4
val,5338,2
val,9489,1
val,8783,5
val,8582,4
val,4022,6
val,3787,3
val,8251,0
val,4015,9
val,4643,1
val,6112,9
val,9942,3
val,8956,7
val,2673,9
val,5574,5
val,7085,4
val,4747,7
val,7751,4
val,4911,4
val,7944,1
val,6262,8
val,2717,0
val,2037,5
val,9774,1
val,3401,0
val,7809,5
val,2285,7
val,6858,7
val,8363,4
val,2143,7
val,8928,9
val,1730,3
val,4244,3
val,4478,8
val,6076,4
val,9710,6
val,5416,1
val,5349,8
val,5048,7
val,4034,0
val,9200,1
val,6322,3
val,87,3
val,4495,0
val,5184,8
val,962,9
val,3459,9
val,5423,8
val,229,7
val,7462,9
val,4561,7
val,6585,4
val,4066,2
val,1736,1
val,6562,2
val,7383,8
val,7978,7
val,1977,6
val,5994,6
val,3732,8
val,4640,8
val,3125,7
val,5633,5
val,2064,5
val,6686,8
val,4242,3
val,983,8
val,7597,8
val,1316,1
val,9345,1
val,2632,3
val,4131,5
val,2709,4
val,2972,0
val,3003,1
val,8629,0
val,6043,5
val,4793,7
val,3322,0
val,7950,7
val,4475,4
val,6849,2
val,724,6
val,2196,9
val,8450,2
val,8334,9
val,5185,3
val,6276,1
val,5300,8
val,402,3
val,6737,4
val,1895,2
val,6496,9
val,1317,3
val,3671,6
val,9368,1
val,5642,1
val,613,2
val,864,8
val,7483,2
val,8465,7
val,710,5
val,4031,5
val,3023,8
val,7027,8
val,9303,2
val,8285,7
val,7392,7
val,7142,5
val,9348,1
val,3475,3
val,2154,1
val,1247,9
val,8717,9
val,7653,4
val,1933,7
val,2977,2
val,6118,2
val,7401,3
val,8128,1
val,408,3
val,3514,2
val,1999,5
val,4007,7
val,9405,0
val,1612,3
val,1357,4
val,3030,6
val,4571,6
val,4538,1
val,9696,2
val,5556,4
val,2841,7
val,4323,5
val,6027,2
val,6186,5
val,5861,7
val,8578,5
val,3000,6
val,218,5
val,9268,5
val,594,6
val,8733,7
val,3628,2
val,4048,0
val,8088,1
val,6374,1
val,375,5
val,2208,8
val,5302,5
val,1176,0
val,6636,3
val,1872,4
val,4816,2
val,4005,1
val,7057,5
val,6033,6
val,8165,2
val,700,1
val,3750,5
val,5747,3
val,2229,3
val,457,6
val,9963,7
val,9751,2
val,6642,9
val,2910,2
val,796,2
val,7219,7
val,8452,4
val,5602,9
val,2074,4
val,1663,8
val,1382,4
val,3339,2
val,2151,3
val,5120,2
val,8166,1
val,4662,9
val,3517,4
val,7584,7
val,8445,5
val,8443,1
val,9794,6
val,1016,2
val,1479,3
val,1833,5
val,4985,2
val,9273,0
val,7661,1
val,7287,8
val,438,7
val,3462,5
val,150,9
val,1298,3
val,9845,1
val,8518,3
val,3014,1
val,1710,7
val,7293,4
val,3876,2
val,1465,4
val,8794,2
val,2041,1
val,4763,5
val,7875,3
val,324,0
val,9913,2
val,1789,3
val,1044,6
val,9526,4
val,7889,0
val,9817,8
val,8577,4
val,7317,0
val,6820,2
val,7538,7
val,7422,1
val,4641,0
val,884,0
val,5164,9
val,410,7
val,4181,1
val,3035,2
val,4372,8
val,3263,8
val,2447,4
val,2123,7
val,6825,7
val,4584,9
val,1678,2
val,3452,1
val,1935,7
val,3173,6
val,1870,0
val,2019,9
val,1020,3
val,7528,2
val,4553,9
val,946,7
val,4206,2
val,2565,7
val,9890,9
val,8657,0
val,7731,4
val,8513,0
val,2774,8
val,3580,7
val,4654,7
val,4393,3
val,337,7
val,8512,7
val,3825,3
val,4536,6
val,516,2
val,2609,6
val,6671,9
val,8984,7
val,8415,5
val,1609,2
val,3958,2
val,3992,9
val,5415,0
val,350,1
val,5760,3
val,5234,7
val,7925,6
val,7204,7
val,7013,2
val,2361,9
val,8127,0
val,6590,0
val,9387,0
val,662,9
val,1267,8
val,4403,0
val,2909,5
val,8328,3
val,1221,5
val,9487,2
val,4792,8
val,7284,5
val,29,1
val,4038,2
val,1905,6
val,7700,9
val,322,9
val,9037,0
val,9076,6
val,7405,1
val,2805,5
val,152,5
val,8811,3
val,1078,4
val,4834,0
val,1621,0
val,5215,3
val,7020,6
val,5670,7
val,7340,1
val,160,4
val,6943,6
val,1586,3
val,9954,2
val,4420,5
val,8453,5
val,6718,9
val,4086,8
val,7856,1
val,3206,8
val,4729,1
val,7275,6
val,3783,9
val,1179,1
val,8611,0
val,6887,9
val,8440,8
val,7272,3
val,3542,4
val,5383,6
val,2239,1
val,1591,3
val,7034,8
val,3604,7
val,7825,7
val,3403,6
val,5603,0
val,3572,7
val,797,5
val,6398,0
val,9393,7
val,1705,7
val,5217,2
val,2598,8
val,8581,3
val,5308,2
val,2887,7
val,8874,7
val,7411,1
val,7445,7
val,6333,5
val,4681,9
val,1128,3
val,9756,6
val,3800,6
val,4208,0
val,2026,6
val,6396,4
val,7276,7
val,599,9
val,6741,7
val,2293,9
val,8250,9
val,2338,4
val,7209,6
val,178,1
val,1754,7
val,9962,0
val,3656,7
val,5981,5
val,8625,2
val,4394,6
val,3762,6
val,9734,7
val,323,3
val,4201,1
val,6534,2
val,3272,1
val,9020,8
val,4757,0
val,5244,0
val,757,4
val,9910,8
val,661,0
val,9564,8
val,6329,1
val,3111,7
val,4356,5
val,6023,3
val,8387,7
val,6506,1
val,8632,5
val,7040,3
val,7693,0
val,6380,7
val,1657,1
val,9016,0
val,2637,9
val,1171,7
val,1407,2
val,8228,0
val,6591,6
val,7465,0
val,7423,4
val,4243,6
val,6978,0
val,7792,6
val,856,5
val,8321,7
val,1325,8
val,8690,9
val,776,4
val,5939,7
val,8823,5
val,4238,7
val,1435,9
val,3321,5
val,2987,5
val,5958,6
val,8685,4
val,8405,8
val,7659,5
val,3363,3
val,110,8
val,3819,4
val,8566,8
val,296,0
val,7257,3
val,5397,5
val,6072,0
val,443,0
val,7562,9
val,4541,3
val,8336,6
val,4610,9
val,1981,6
val,1784,7
val,8010,3
val,1245,2
val,3009,7
val,1448,1
val,3650,0
val,3609,7
val,8041,6
val,9820,2
val,4607,6
val,1694,8
val,4251,8
val,1972,0
val,6806,8
val,3200,9
val,2587,3
val,8370,3
val,164,6
val,5376,8
val,3301,2
val,9001,6
val,9617,6
val,5659,0
val,8004,1
val,2371,4
val,9955,1
val,5479,3
val,6470,0
val,6080,8
val,4291,4
val,2246,8
val,1279,4
val,7857,2
val,4616,9
val,2070,7
val,8965,8
val,5257,0
val,5214,3
val,4799,9
val,7757,7
val,3603,6
val,1302,1
val,6649,8
val,1426,3
val,897,5
val,4122,9
val,8139,2
val,7469,2
val,8482,2
val,7188,6
val,4172,4
val,7548,6
val,7025,9
val,3887,8
val,7642,8
val,1772,7
val,8666,1
val,6836,2
val,3319,8
val,6445,1
val,5888,4
val,4807,8
val,195,3
val,7571,9
val,1787,9
val,7376,4
val,330,1
val,1474,8
val,6017,7
val,7589,4
val,7414,5
val,10,0
val,4360,5
val,895,0
val,9245,9
val,6603,8
val,4293,9
val,4922,8
val,5408,3
val,3372,5
val,1669,8
val,1812,9
val,4084,3
val,2984,1
val,1211,1
val,3430,1
val,400,2
val,6553,4
val,6462,2
val,7964,9
val,1988,1
val,7939,6
val,3523,4
val,7099,8
val,8765,0
val,9904,2
val,3154,4
val,6378,4
val,6421,3
val,9680,3
val,3897,3
val,6782,6
val,252,9
val,6486,5
val,7829,3
val,6279,2
val,9107,8
val,5160,5
val,7743,6
val,4076,5
val,3458,0
val,5624,5
val,3062,8
val,6209,8
val,926,2
val,9027,3
val,2459,2
val,9573,7
val,8770,4
val,5240,7
val,8410,8
val,7126,8
val,1652,4
val,8962,9
val,2643,6
val,2625,2
val,1565,0
val,6859,4
val,4261,5
val,1054,1
val,1049,2
val,3983,1
val,5186,1
val,1957,2
val,6793,9
val,9296,0
val,8409,2
val,4548,5
val,8929,0
val,2451,8
val,2238,7
val,9967,8
val,8506,9
val,5678,8
val,2734,1
val,2897,8
val,6880,5
val,3232,4
val,4388,6
val,8883,7
val,9957,7
val,1778,4
val,8890,6
val,5818,0
val,1494,7
val,8390,1
val,2360,6
val,8133,6
val,3265,0
val,8203,7
val,1278,3
val,6654,8
val,8556,8
val,804,0
val,6219,8
val,3932,2
val,8309,4
val,8559,1
val,730,7
val,641,8
val,3117,5
val,4742,7
val,1517,0
val,4802,3
val,9206,9
val,536,2
val,6573,5
val,3689,1
val,6662,7
val,8779,6
val,6113,6
val,4358,9
val,1664,8
val,121,4
val,68,3
val,7851,6
val,952,6
val,4626,8
val,4055,2
val,223,7
val,9148,6
val,8926,7
val,7326,3
val,8647,6
val,4652,4
val,2051,1
val,4404,0
val,6152,4
val,1912,8
val,6056,8
val,4409,1
val,2132,7
val,5047,4
val,3754,5
val,3921,2
val,8207,9
val,9607,6
val,777,1
val,8522,8
val,6040,0
val,1744,6
val,6580,0
val,9171,1
val,8865,0
val,2372,7
val,3094,3
val,4667,8
val,5131,6
val,3290,3
val,4183,9
val,1032,5
val,6727,3
val,6543,4
val,7899,1
val,9380,3
val,8535,0
val,8806,8
val,2456,9
val,1444,6
val,7575,2
val,8545,1
val,6404,8
val,8500,4
val,5988,7
val,4968,9
val,2628,7
val,4422,5
val,7138,1
val,4230,8
val,1894,9
val,7532,6
val,7195,5
val,4609,4
val,1447,5
val,882,9
val,6781,0
val,2899,0
val,2788,1
val,2585,9
val,9201,2
val,1059,4
val,4476,2
val,4402,2
val,7503,6
val,3461,7
val,369,3
val,3595,5
val,4297,7
val,4379,4
val,489,1
val,3745,1
val,450,3
val,1151,6
val,5951,9
val,8056,0
val,3427,6
val,9668,9
val,9563,8
val,3520,6
val,900,1
val,2965,1
val,6238,8
val,7617,0
val,357,1
val,7631,6
val,4658,7
val,4917,1
val,3353,1
val,485,0
val,8201,3
val,6751,1
val,9230,0
val,9981,6
val,9797,3
val,7606,7
val,1003,5
val,4333,9
val,9885,0
val,7647,7
val,921,2
val,5551,7
val,9400,5
val,1114,3
val,7533,7
val,115,4
val,994,1
val,8757,4
val,5078,3
val,8478,6
val,4136,8
val,9809,0
val,7280,1
val,6548,5
val,2557,0
val,7470,3
val,4160,6
val,1926,3
val,1998,9
val,7369,8
val,6481,3
val,8579,6
val,9083,3
val,4314,9
val,3673,1
val,2014,9
val,6966,6
val,2184,2
val,8768,1
val,1807,0
val,7421,4
val,4586,3
val,6039,9
val,4368,5
val,674,5
val,5218,6
val,8934,8
val,2885,1
val,6932,5
val,3132,1
val,709,8
val,1450,6
val,6361,7
val,7738,1
val,9824,8
val,3706,0
val,4583,5
val,6918,3
val,5066,6
val,2357,1
val,2932,0
val,8748,0
val,6910,9
val,8206,3
val,9733,9
val,4540,7
val,8249,8
val,5583,3
val,4812,2
val,3999,9
val,6207,6
val,8605,6
val,3901,6
val,9589,6
val,5115,6
val,811,3
val,2525,5
val,3476,3
val,4352,3
val,6855,7
val,240,5
val,7844,7
val,9673,8
val,1791,1
val,6319,0
val,4162,3
val,5077,7
val,7178,5
val,2662,2
val,6300,4
val,3126,1
val,5664,4
val,9036,7
val,4018,3
val,6212,8
val,8205,4
val,2434,1
val,1177,2
val,4975,9
val,9220,0
val,6318,9
val,4401,2
val,7977,2
val,7361,4
val,6693,6
val,9522,7
val,1850,8
val,6790,3
val,6453,3
val,1911,5
val,8218,7
val,3480,1
val,2640,8
val,3734,0
val,7456,4
val,9324,1
val,2339,5
val,5469,6
val,8622,6
val,572,8
val,346,0
val,2675,4
val,2483,6
val,7375,7
val,351,5
val,8345,2
val,6886,5
val,2111,8
val,4555,9
val,2681,3
val,9848,1
val,2089,9
val,9256,6
val,3508,2
val,3338,9
val,8104,6
val,686,3
val,8749,7
val,6492,8
val,445,6
val,9689,1
val,7201,4
val,3869,9
val,5192,2
val,9892,8
val,9144,9
val,4906,4
val,8047,2
val,7754,7
val,889,1
val,6982,3
val,644,0
val,4449,6
val,9755,8
val,8691,0
val,4223,4
val,3634,0
val,4517,2
val,241,9
val,1639,5
val,5804,3
val,4210,9
val,4564,1
val,9115,3
val,2038,8
val,5613,0
val,7881,1
val,3586,1
val,941,7
val,3547,2
val,1809,7
val,1887,7
val,8540,1
val,1401,7
val,8329,4
val,835,1
val,9124,1
val,1551,2
val,3195,2
val,1231,0
val,1193,1
val,2562,6
val,6078,6
val,3591,5
val,6009,3
val,8129,2
val,6867,4
val,8958,8
val,7749,2
val,1361,7
val,7324,5
val,4836,3
val,5886,6
val,7356,7
val,4469,3
val,3152,1
val,3479,0
val,816,2
val,2263,9
val,7905,3
val,8968,6
val,3160,9
val,2256,4
val,7222,3
val,9224,4
val,2287,1
val,7018,5
val,2959,2
val,2296,2
val,231,3
val,6684,7
val,3176,2
val,8038,5
val,5327,1
val,9556,1
val,2416,1
val,9217,3
val,1490,3
val,9847,2
val,9616,5
val,7565,7
val,3057,2
val,9038,0
val,2382,8
val,7091,1
val,9246,2
val,2741,2
val,8135,8
val,8563,5
val,9121,1
val,9702,5
val,5842,4
val,5935,3
val,1818,6
val,1693,5
val,8689,8
val,8137,0
val,6497,2
val,8902,2
val,8421,7
val,673,9
val,47,2
val,9292,9
val,2571,0
val,432,4
val,6148,5
val,3362,6
val,5265,6
val,6343,8
val,6109,2
val,574,3
val,6221,9
val,3469,3
val,9233,1
val,9343,6
val,562,9
val,3772,2
val,1109,3
val,2209,0
val,8875,1
val,7373,1
val,8775,4
val,8970,3
val,7603,8
val,7840,2
val,2087,0
val,2466,6
val,7463,1
val,2164,1
val,4801,2
val,8786,7
val,995,2
val,1672,5
val,168,1
val,5201,4
val,2152,8
val,6357,2
val,1814,7
val,7951,8
val,2475,2
val,5510,5
val,1442,3
val,5534,1
val,8376,1
val,6457,8
val,7984,4
val,5941,9
val,3981,9
val,5064,7
val,8641,7
val,3678,5
val,6999,4
val,9523,5
val,1884,1
val,7367,0
val,7945,2
val,3213,7
val,7608,1
val,4157,0
val,9433,8
val,8130,3
val,5010,6
val,7019,1
val,6798,0
val,6296,8
val,3959,0
val,1213,1
val,5054,3
val,2257,9
val,8713,3
val,6280,0
val,111,7
val,2855,5
val,388,1
val,5015,9
val,2515,5
val,3784,1
val,5058,7
val,3376,7
val,7563,1
val,3345,5
val,1254,1
val,5752,5
val,2653,5
val,7403,5
val,7626,1
val,3621,4
val,7066,4
val,2936,4
val,1519,3
val,7082,7
val,5589,8
val,5207,5
val,6424,0
val,6173,9
val,2844,7
val,7089,9
val,3823,2
val,8520,4
val,8110,7
val,6623,1
val,1210,2
val,9665,6
val,1274,4
val,2740,9
val,2860,6
val,2695,7
val,4387,2
val,5758,4
val,6450,8
val,8355,4
val,1541,8
val,2192,5
val,4045,6
val,344,8
val,1532,9
val,4496,8
val,577,3
val,1119,7
val,9604,3
val,4653,1
val,3835,6
val,4715,7
val,7882,0
val,394,9
val,3930,1
val,2384,0
val,8456,8
val,8044,9
val,7722,1
val,2828,4
val,5031,0
val,1632,6
val,715,2
val,2986,5
val,4446,6
val,2090,4
val,1229,8
val,8113,1
val,7101,4
val,1540,7
val,5459,0
val,603,8
val,6242,7
val,3402,6
val,5638,3
val,5577,4
val,6539,7
val,1124,8
val,712,4
val,5138,8
val,8254,3
val,7147,2
val,6320,1
val,4202,5
val,7173,1
val,7996,5
val,1783,7
val,7167,1
val,2939,9
val,6471,7
val,5527,9
val,7148,9
val,8602,2
val,9516,8
val,7327,2
val,1174,2
val,5706,5
val,4295,7
val,3393,5
val,5957,5
val,1204,3
val,1428,9
val,803,4
val,7657,4
val,6254,1
val,8528,0
val,7546,6
val,3336,5
val,4189,2
val,2326,0
val,5251,0
val,1108,6
val,5607,4
val,8525,7
val,2710,7
val,8002,9
val,9282,1
val,591,8
val,6538,6
val,5995,8
val,5003,8
val,5709,7
val,6947,0
val,5333,9
val,6518,5
val,3371,0
val,4785,3
val,4707,8
val,989,6
val,767,1
val,4621,3
val,9006,2
val,6695,4
val,1309,9
val,4531,0
val,5170,5
val,9335,1
val,4318,1
val,2853,3
val,3348,8
val,7266,2
val,4877,1
val,4702,6
val,8761,5
val,9166,7
val,1889,3
val,3724,0
val,8812,4
val,566,6
val,4952,6
val,3191,0
val,6341,5
val,3180,2
val,4054,5
val,6035,2
val,4336,6
val,4392,0
val,3266,0
val,4881,7
val,3175,1
val,6804,6
val,6393,9
val,7008,9
val,134,8
val,102,5
val,8356,7
val,7121,8
val,4898,6
val,2139,3
val,2381,8
val,6681,3
val,7363,0
val,8401,7
val,3418,7
val,2351,3
val,1802,2
val,7176,1
val,7247,1
val,8265,7
val,2792,9
val,8851,0
val,3093,5
val,8679,8
val,1620,2
val,3194,4
val,9250,9
val,7060,8
val,8313,7
val,843,4
val,378,1
val,2438,9
val,8742,7
val,5566,1
val,3948,6
val,3472,9
val,8990,6
val,113,9
val,2169,4
val,1222,4
val,9010,2
val,9445,3
val,5188,8
val,436,8
val,3021,2
val,6164,7
val,1347,7
val,6611,5
val,234,7
val,3365,6
val,6115,1
val,4709,2
val,8063,6
val,2522,3
val,3460,9
val,3826,5
val,5368,0
val,1947,2
val,9730,6
val,1235,5
val,20,9
val,1683,3
val,8907,2
val,6894,0
val,7540,6
val,6700,4
val,4605,3
val,5511,6
val,6277,5
val,1888,6
val,8125,8
val,5876,8
val,3347,0
val,3199,5
val,9843,9
val,9628,7
val,8361,2
val,5008,0
val,2686,5
val,6617,8
val,3274,2
val,1604,2
val,1495,3
val,5575,9
val,9035,5
val,5345,4
val,8978,0
val,8628,6
val,6068,6
val,7668,6
val,7837,9
val,3115,5
val,2118,6
val,4056,5
val,2664,2
val,8302,7
val,2680,4
val,3424,6
val,6294,6
val,6156,2
val,2895,8
val,7294,5
val,3148,1
val,4036,1
val,7724,2
val,851,0
val,3369,9
val,7716,2
val,6944,7
val,1906,9
val,3316,7
val,2075,3
val,2248,2
val,3454,1
val,7808,5
val,735,1
val,8364,7
val,5873,1
val,6239,1
val,3881,9
val,7218,4
val,6230,9
val,3865,4
val,454,9
val,3077,0
val,9801,0
val,6850,8
val,3262,7
val,7635,2
val,8255,4
val,6259,0
val,5309,3
val,1849,4
val,2935,8
val,5179,7
val,9781,7
val,7730,3
val,2327,2
val,6391,2
val,6832,5
val,4161,2
val,4203,6
val,913,9
val,9882,3
val,2547,7
val,9448,7
val,5806,0
val,1386,7
val,1175,7
val,4471,7
val,5176,8
val,1338,1
val,4254,5
val,759,9
val,4842,4
val,4486,8
val,6291,5
val,2429,2
val,1882,8
val,3198,8
val,7449,0
val,8310,2
val,6785,2
val,365,0
val,960,7
val,9829,9
val,184,8
val,1424,1
val,4110,1
val,7154,2
val,2661,1
val,8730,0
val,9191,2
val,4494,3
val,1061,0
val,903,6
val,6452,7
val,5862,5
val,7520,4
val,5907,2
val,1070,5
val,9926,8
val,1786,4
val,9678,6
val,9822,4
val,5701,8
val,7960,7
val,181,8
val,7561,1
val,2003,5
val,5525,4
val,9912,1
val,7338,4
val,248,4
val,6721,2
val,8448,0
val,19,4
val,2409,1
val,8709,4
val,6093,2
val,1654,2
val,2921,3
val,1747,5
val,5277,7
val,7534,8
val,922,2
val,167,5
val,9232,4
val,2237,5
val,6834,8
val,8575,1
val,2912,1
val,808,3
val,5822,4
val,9571,9
val,4841,3
val,5542,3
val,8706,3
val,232,8
val,9718,4
val,1271,0
val,415,7
val,4735,9
val,4380,8
val,3029,4
val,2255,3
val,4545,8
val,3010,3
val,7364,2
val,2174,3
val,4726,8
val,4366,3
val,1040,1
val,4635,3
val,5783,1
val,8072,5
val,9330,8
val,8351,0
val,1765,3
val,2761,0
val,2318,0
val,554,7
val,6125,1
val,6799,1
val,2200,2
val,3942,0
val,3226,0
val,8822,4
val,8800,2
val,4287,9
val,180,1
val,7581,1
val,4263,5
val,5738,1
val,119,2
val,5083,5
val,6031,6
val,1172,3
val,9251,6
val,1980,4
val,4850,8
val,4687,1
val,6959,0
val,7005,1
val,9062,2
val,7397,5
val,2577,7
val,3358,0
val,1603,1
val,1556,8
val,1355,7
val,2513,7
val,5719,9
val,8358,9
val,1268,8
val,2668,5
val,1691,1
val,1228,9
val,9866,4
val,5695,0
val,1277,9
val,1774,8
val,7442,1
val,5359,3
val,60,7
val,493,3
val,4997,2
val,7149,7
val,3691,5
val,7365,3
val,8572,6
val,2359,1
val,2259,9
val,5932,0
val,5373,9
val,5699,1
val,4872,1
val,5052,1
val,7249,2
val,9051,1
val,7879,4
val,9873,4
val,3844,2
val,5256,4
val,9946,1
val,3765,1
val,548,3
val,8888,6
val,3007,5
val,5378,6
val,4788,0
val,6853,7
val,8076,9
val,7958,5
val,9619,8
val,2245,1
val,8406,4
val,1030,1
val,6938,1
val,3618,9
val,6155,5
val,3509,8
val,226,8
val,5310,7
val,5916,6
val,5569,8
val,172,2
val,5455,2
val,9443,1
val,8678,7
val,9022,3
val,7111,7
val,4884,9
val,9686,2
val,7838,0
val,2745,3
val,845,0
val,5857,8
val,5973,3
val,9860,3
val,2576,1
val,3193,3
val,8057,0
val,4522,7
val,2093,8
val,4373,4
val,6747,9
val,6598,5
val,4705,2
val,4770,3
val,1770,7
val,6697,7
val,1084,0
val,2427,3
val,2254,2
val,855,3
val,699,3
val,8396,1
val,1327,9
val,2964,9
val,6417,4
val,8744,6
val,7001,2
val,3103,7
val,6800,2
val,6384,2
val,9193,4
val,6714,3
val,9434,1
val,9509,1
val,2036,7
val,3661,2
val,4879,8
val,5537,9
val,8688,7
val,2228,1
val,4371,8
val,9590,5
val,7667,6
val,5087,0
val,207,5
val,3192,7
val,9839,2
val,9569,2
val,4629,8
val,3574,0
val,6939,2
val,7511,5
val,4200,7
val,5838,0
val,3466,8
val,8942,8
val,744,2
val,9642,9
val,9497,9
val,6657,8
val,1043,4
val,1270,4
val,677,3
val,7664,4
val,3489,2
val,8080,3
val,5604,1
val,2116,6
val,5597,4
val,7709,6
val,5744,8
val,3233,4
val,2321,6
val,3166,7
val,6535,3
val,4509,3
val,4304,1
val,4184,9
val,3065,8
val,4931,1
val,7163,2
val,7687,2
val,1378,5
val,7233,3
val,4062,0
val,4027,7
val,478,5
val,9933,2
val,5870,0
val,1715,1
val,7816,6
val,5480,5
val,9724,0
val,4428,1
val,3380,1
val,5467,6
val,5812,0
val,2344,7
val,3073,1
val,8241,8
val,9742,3
val,2862,8
val,3370,4
val,6599,7
val,46,1
val,3697,6
val,7619,2
val,4386,1
val,4316,9
val,1288,0
val,4947,9
val,637,3
val,6788,5
val,558,9
val,9664,2
val,5948,6
val,9050,6
val,3,0
val,4810,5
val,4516,1
val,2817,0
val,4187,2
val,1697,9
val,4235,9
val,7551,3
val,7830,0
val,9634,0
val,1706,4
val,5095,2
val,338,8
val,7314,6
val,9286,8
val,7926,8
val,8092,4
val,8849,0
val,6022,9
val,5486,1
val,2929,9
val,3280,2
val,9808,9
val,9918,9
val,7692,3
val,427,1
val,6771,6
val,3178,0
val,7708,1
val,3087,0
val,4534,9
val,6161,8
val,6687,4
val,9723,9
val,7026,3
val,9177,3
val,6229,6
val,6531,6
val,6746,5
val,9599,1
val,5463,0
val,4576,4
val,320,9
val,5769,5
val,459,0
val,1877,8
val,1758,8
val,1546,2
val,4668,2
val,9760,1
val,6358,8
val,3351,1
val,6206,5
val,1986,1
val,6236,5
val,3219,0
val,9986,3
val,268,8
val,7044,9
val,1068,8
val,1117,7
val,8760,6
val,6227,5
val,3873,8
val,5767,2
val,9066,6
val,3838,7
val,830,2
val,8414,0
val,9258,1
val,133,7
val,9117,5
val,9173,8
val,1513,3
val,6823,5
val,4064,7
val,1866,5
val,2011,3
val,2785,3
val,9660,7
val,4539,7
val,783,1
val,6402,6
val,5874,5
val,8750,9
val,4395,6
val,3944,3
val,1959,0
val,2398,1
val,9476,2
val,2022,4
val,8654,7
val,5119,2
val,3478,9
val,8642,9
val,1214,1
val,7160,5
val,2092,2
val,4083,7
val,2892,9
val,1170,8
val,610,4
val,306,2
val,1815,4
val,8538,1
val,4116,8
val,9581,3
val,5248,3
val,8933,9
val,4009,9
val,2047,6
val,6839,8
val,1629,5
val,1439,9
val,3907,5
val,9439,0
val,4412,6
val,5173,8
val,2159,5
val,7078,6
val,3560,6
val,6288,0
val,2500,2
val,4246,8
val,5477,1
val,6716,5
val,7805,8
val,4334,3
val,8033,4
val,2144,6
val,5220,9
val,2201,4
val,1088,9
val,5032,4
val,5076,4
val,2635,2
val,6792,6
val,2873,0
val,2485,0
val,9214,9
val,9216,9
val,9276,4
val,853,7
val,8020,1
val,2471,6
val,4435,3
val,5547,8
val,7426,9
val,2425,8
val,9338,5
val,9830,5
val,9701,9
val,4414,4
val,3590,5
val,2900,4
val,9496,8
val,1534,0
val,1085,6
val,8397,3
val,3796,2
val,7868,0
val,2146,8
val,6168,9
val,1297,0
val,5819,6
val,6407,1
val,1848,7
val,6210,9
val,4647,3
val,8967,6
val,6688,1
val,986,6
val,8912,8
val,1480,3
val,8769,6
val,2722,1
val,5493,8
val,8618,8
val,7038,6
val,7398,3
val,4124,8
val,4298,9
val,6190,9
val,4429,8
val,7236,9
val,4046,4
val,5079,0
val,4190,1
val,2290,7
val,1455,9
val,8065,8
val,1472,3
val,9104,4
val,4049,7
val,9867,2
val,4627,6
val,9943,3
val,3419,1
val,4969,2
val,6923,0
val,2809,8
val,6906,2
val,9530,9
val,4823,9
val,1185,8
val,6172,9
val,5312,4
val,8466,8
val,6809,1
val,8182,9
val,7321,2
val,9917,8
val,8537,9
val,4523,8
val,9456,2
val,8075,8
val,6140,0
val,4739,0
val,4445,2
val,1648,9
val,7876,2
val,1574,2
val,1504,0
val,8366,5
val,456,2
val,1855,8
val,6301,6
val,2889,4
val,8383,9
val,6530,5
val,5267,2
val,1363,7
val,907,1
val,615,1
val,2342,9
val,749,1
val,4953,1
val,911,7
val,8347,4
val,2874,7
val,5979,4
val,4680,6
val,3875,4
val,5503,9
val,3817,2
val,7205,2
val,2063,7
val,5235,6
val,5110,7
val,6256,4
val,7180,7
val,7235,2
val,4518,8
val,3467,9
val,7418,1
val,6266,2
val,5507,2
val,8840,3
val,1703,7
val,6604,1
val,985,2
val,7887,0
val,6411,9
val,878,8
val,9534,7
val,1284,3
val,1188,0
val,105,9
val,7447,1
val,9428,5
val,335,3
val,7455,8
val,8301,8
val,6565,9
val,3097,1
val,6490,7
val,2297,8
val,9485,1
val,6556,1
val,6047,9
val,9864,7
val,681,9
val,1994,1
val,1820,1
val,6103,3
val,7770,8
val,7358,6
val,2079,6
val,6985,3
val,6764,6
val,3563,8
val,2418,1
val,9706,2
val,6059,3
val,8043,7
val,4111,9
val,4856,9
val,7052,0
val,7081,9
val,2267,6
val,7991,9
val,8149,5
val,3562,1
val,4233,5
val,6376,9
val,4382,4
val,2098,2
val,1650,0
val,317,5
val,2800,8
val,4554,0
val,2356,1
val,376,4
val,4524,1
val,5,1
val,4424,9
val,3727,8
val,6347,8
val,74,1
val,8223,8
val,3720,7
val,7402,4
val,5609,6
val,8171,3
val,6243,7
val,1037,1
val,5403,8
val,1799,7
val,42,4
val,4577,5
val,156,6
val,1979,9
val,4683,9
val,8062,5
val,651,7
val,2233,8
val,2589,9
val,5436,2
val,6362,4
val,6029,6
val,4921,7
val,6960,7
val,7536,0
val,5563,7
val,9182,3
val,8339,8
val,9840,3
val,5353,0
val,582,8
val,8509,1
val,9586,7
val,2069,3
val,1381,2
val,3359,0
val,7802,1
val,54,6
val,9961,6
val,7832,1
val,2153,3
val,8175,7
val,7855,0
val,9777,5
val,2786,1
val,1132,2
val,6479,6
val,4215,7
val,8194,0
val,8248,7
val,1150,3
val,2358,1
val,4498,7
val,6833,0
val,2433,2
val,8069,2
val,3491,9
val,7177,4
val,3913,2
val,3482,2
val,9000,7
val,3394,9
val,5997,5
val,2558,5
val,4888,5
val,6491,5
val,7576,6
val,8753,3
val,7641,9
val,7914,6
val,3525,7
val,6261,6
val,6401,9
val,6813,5
val,1990,6
val,1568,8
val,6755,8
val,6454,0
val,2134,5
val,446,6
val,5721,0
val,521,9
val,4367,2
val,4493,7
val,222,2
val,7240,5
val,6460,4
val,669,3
val,3682,2
val,1198,8
val,4138,1
val,3484,3
val,1359,7
val,9049,1
val,818,1
val,91,6
val,3141,6
val,6875,3
val,7,9
val,3861,9
val,9490,2
val,1728,1
val,372,0
val,4497,8
val,4982,8
val,4441,6
val,6765,8
val,8831,6
val,7529,3
val,6081,9
val,658,7
val,4063,6
val,6385,5
val,8821,3
val,3268,1
val,4944,2
val,5174,5
val,7554,3
val,2331,6
val,2332,7
val,6515,1
val,8159,1
val,6708,7
val,4397,3
val,3464,1
val,8651,7
val,7777,5
val,3064,8
val,5262,9
val,2163,8
val,9572,8
val,2641,0
val,4319,9
val,6423,2
val,1380,9
val,4467,7
val,3147,9
val,5704,9
val,3576,8
val,6837,7
val,7496,9
val,7616,9
val,4240,9
val,1514,2
val,5792,4
val,1640,9
val,2512,8
val,6214,9
val,7243,9
val,4954,2
val,6619,7
val,5326,7
val,4439,6
val,5930,0
val,531,3
val,7441,6
val,2188,0
val,9111,2
val,2974,1
val,8049,5
val,5774,4
val,7130,3
val,5347,5
val,9179,0
val,6321,2
val,9180,1
val,8901,6
val,5795,7
val,4893,4
val,5715,6
val,9870,5
val,3878,7
val,9438,1
val,3082,3
val,9684,7
val,1328,7
val,7774,8
val,5226,8
val,640,1
val,2692,9
val,9740,9
val,25,0
val,6588,0
val,9314,7
val,9884,7
val,5020,5
val,5971,9
val,6222,1
val,3960,5
val,9654,3
val,9110,8
val,9896,1
val,5487,2
val,6126,9
val,6908,5
val,6278,1
val,2301,7
val,1563,7
val,2413,5
val,9841,5
val,2944,0
val,8855,5
val,2443,9
val,1985,4
val,1851,9
val,6830,7
val,1562,8
val,3442,6
val,4375,8
val,9388,1
val,7969,1
val,756,7
val,6533,1
val,7549,6
val,7596,6
val,6811,3
val,3227,1
val,1722,2
val,2059,7
val,130,6
val,5063,4
val,4782,3
val,7372,5
val,2214,5
val,2220,7
val,5448,4
val,3895,0
val,9270,7
val,3053,5
val,5735,5
val,2140,6
val,193,9
val,4557,6
val,9018,2
val,1443,8
val,6898,8
val,8036,2
val,5656,8
val,3105,2
val,1739,0
val,656,0
val,8384,8
val,2106,0
val,9243,8
val,206,9
val,7274,5
val,9457,0
val,2377,7
val,3813,8
val,3780,4
val,2364,3
val,706,9
val,6475,4
val,3583,8
val,448,9
val,9436,0
val,1638,0
val,3099,1
val,7220,8
val,968,4
val,5725,4
val,6571,9
val,9032,2
val,1907,0
val,7864,9
val,5974,0
val,3598,1
val,435,8
val,9900,8
val,1712,0
val,4813,4
val,3473,8
val,2884,3
val,1157,4
val,4665,9
val,6237,6
val,7712,6
val,602,6
val,9163,3
val,7956,3
val,3238,6
val,297,0
val,5297,7
val,5009,9
val,5587,9
val,1246,0
val,2432,2
val,2705,1
val,4659,9
val,541,4
val,5224,3
val,4101,9
val,2271,8
val,972,0
val,2173,4
val,879,8
val,6395,8
val,838,4
val,7246,9
val,871,0
val,8517,6
val,2697,5
val,1692,0
val,9651,5
val,4976,4
val,8916,3
val,2815,1
val,2386,4
val,7907,0
val,8317,4
val,1340,5
val,7979,8
val,4855,7
val,9055,8
val,683,3
val,6101,1
val,79,7
val,9869,7
val,9947,4
val,117,4
val,4443,3
val,1677,5
val,17,7
val,8291,6
val,7329,3
val,8485,3
val,3801,6
val,4077,1
val,1962,3
val,8885,7
val,7981,3
val,4099,7
val,8341,6
val,2492,0
val,8239,1
val,5535,1
val,2626,1
val,6977,5
val,61,8
val,1936,2
val,5500,4
val,2908,9
val,9442,2
val,236,2
val,8463,5
val,4527,0
val,4780,0
val,2975,8
val,367,5
val,9450,8
val,2933,6
val,9347,4
val,8093,9
val,6955,8
val,3292,7
val,984,1
val,4794,7
val,9893,2
val,4909,1
val,1858,6
val,7156,2
val,35,2
val,693,8
val,3872,9
val,2764,0
val,4344,9
val,2507,7
val,7704,4
val,738,2
val,1300,4
val,3538,9
val,1368,1
val,6315,6
val,3048,2
val,4874,9
val,1383,3
val,5491,9
val,4196,5
val,1086,9
val,3639,1
val,1892,0
val,6621,0
val,2240,7
val,3803,0
val,2221,1
val,6857,3
val,7691,8
val,7357,9
val,5745,7
val,7094,8
val,5035,0
val,9399,7
val,1779,3
val,1656,2
val,2329,0
val,9137,0
val,8432,1
val,4713,2
val,3255,1
val,586,0
val,9146,6
val,9593,1
val,6082,0
val,9349,5
val,447,4
val,6494,3
val,901,4
val,6934,7
val,4549,2
val,8011,4
val,5764,3
val,2049,9
val,3431,4
val,9787,3
val,6904,8
val,2277,1
val,1333,0
val,462,6
val,1062,3
val,5700,3
val,5355,4
val,772,1
val,7622,5
val,7399,1
val,5311,9
val,694,5
val,8724,1
val,5198,8
val,1454,0
val,9996,3
val,1287,8
val,5366,2
val,8930,1
val,9172,7
val,5018,2
val,2021,5
val,9382,5
val,6182,1
val,4651,1
val,1530,8
val,2272,8
val,2126,2
val,7479,3
val,3550,6
val,4492,3
val,575,9
val,12,9
val,5177,7
val,6246,2
val,7507,1
val,6041,2
val,1138,2
val,3334,5
val,7263,0
val,5772,2
val,2732,6
val,7036,5
val,6418,2
val,8614,0
val,653,2
val,7088,7
val,6051,2
val,1718,7
val,2397,2
val,7021,7
val,3966,9
val,2733,0
val,4950,2
val,2511,3
val,4544,4
val,7453,1
val,3594,7
val,512,2
val,8670,9
val,8841,9
val,9290,5
val,477,2
val,4644,9
val,4585,9
val,2597,5
val,273,9
val,5826,6
val,8480,7
val,3856,9
val,1704,1
val,950,7
val,5055,4
val,499,6
val,1342,4
val,2839,5
val,4773,7
val,6489,0
val,2600,8
val,5098,5
val,5608,5
val,3761,1
val,4258,4
val,5268,9
val,6692,9
val,3643,7
val,9521,2
val,2490,7
val,1922,1
val,7909,2
val,8790,4
val,1660,7
val,5844,6
val,8198,2
val,4860,4
val,5153,6
val,568,6
val,5233,9
val,854,0
val,1908,6
val,3885,9
val,5474,4
val,4904,3
val,8596,9
val,6735,8
val,999,9
val,2195,7
val,6193,2
val,3624,0
val,3221,3
val,9980,2
val,2953,3
val,116,4
val,3455,1
val,8860,3
val,8102,2
val,4292,1
val,4259,9
val,6159,1
val,4002,3
val,2177,8
val,8462,4
val,5039,4
val,7736,9
val,5967,8
val,5740,3
val,8017,9
val,9765,7
val,7970,6
val,9003,1
val,7976,4
val,9398,5
val,9517,9
val,6075,3
val,6250,0
val,9023,9
val,7473,4
val,8464,6
val,2023,0
val,3516,8
val,1493,5
val,8576,0
val,7614,7
val,3157,5
val,8737,5
val,1796,0
val,3978,6
val,9520,1
val,4473,0
val,2501,3
val,9597,2
val,8247,4
val,1486,9
val,9811,2
val,817,6
val,2122,2
val,9815,6
val,4731,8
val,6907,3
val,9729,5
val,4444,9
val,9358,0
val,8979,1
val,149,2
val,3341,4
val,6252,6
val,8486,8
val,2345,9
val,6613,6
val,7420,2
val,6061,3
val,4433,7
val,7435,3
val,9878,1
val,9031,7
val,3972,6
val,5679,1
val,4598,4
val,5249,0
val,3524,6
val,4565,6
val,1337,2
val,3039,1
val,1748,0
val,6576,7
val,8686,5
val,8752,0
val,4537,3
val,2890,7
val,3812,3
val,1042,3
val,1121,0
val,3360,7
val,2508,6
val,646,2
val,5430,0
val,4085,1
val,9470,2
val,9567,7
val,6620,5
val,2949,8
val,4692,9
val,6021,4
val,7577,5
val,1451,2
val,1315,3
val,7892,9
val,5750,0
val,126,0
val,840,1
val,1978,4
val,6191,0
val,5662,5
val,9354,8
val,1285,5
val,9402,8
val,9213,8
val,2857,9
val,4082,0
val,4634,8
val,2796,6
val,7139,0
val,5316,1
val,4631,0
val,2295,0
val,2651,6
val,7387,6
val,8173,7
val,3400,7
val,8696,5
val,4694,6
val,8163,0
val,4775,2
val,422,9
val,2521,7
val,8899,9
val,5508,3
val,7890,1
val,125,9
val,6937,0
val,7836,4
val,6888,9
val,7920,1
val,2729,2
val,1019,1
val,1685,6
val,1506,2
val,8457,9
val,6916,9
val,6171,7
val,1869,9
val,7004,8
val,4501,3
val,5271,1
val,3387,9
val,5212,3
val,6638,5
val,4442,2
val,4039,1
val,9775,6
val,8395,4
val,6413,3
val,6233,1
val,5398,0
val,1647,9
val,5016,8
val,7701,7
val,8684,3
val,1004,1
val,2702,6
val,3850,9
val,4930,1
val,1057,4
val,3608,0
val,484,4
val,8096,6
val,4858,1
val,3411,9
val,5959,7
val,2115,7
val,4012,4
val,9306,6
val,5438,8
val,9747,5
val,2765,0
val,9102,4
val,1036,2
val,6528,2
val,1113,5
val,2714,0
val,1056,2
val,8266,8
val,9092,8
val,5893,1
val,1125,8
val,2534,3
val,8154,3
val,7104,3
val,9285,7
val,7768,6
val,373,8
val,8621,0
val,8586,1
val,3202,7
val,7006,3
val,2385,0
val,5685,0
val,7182,9
val,4130,7
val,9209,2
val,8736,7
val,4895,8
val,189,1
val,7109,8
val,4073,7
val,307,7
val,6929,2
val,2095,7
val,280,2
val,2494,9
val,6872,4
val,7098,7
val,6517,3
val,7791,0
val,852,7
val,975,2
val,9592,4
val,6616,2
val,4878,2
val,6340,2
val,359,9
val,6050,7
val,7705,6
val,9492,4
val,9466,9
val,6902,1
val,9,9
val,6550,6
val,5521,2
val,9779,2
val,4335,3
val,1917,5
val,7780,0
val,2317,7
val,956,1
val,7024,3
val,6941,4
val,3413,0
val,8697,6
val,2757,1
val,440,0
val,2206,4
val,439,6
val,190,1
val,1974,6
val,2950,1
val,2648,9
val,1794,0
val,8722,8
val,2727,5
val,898,7
val,2161,9
val,3837,5
val,2278,7
val,9362,9
val,8507,5
val,557,7
val,4474,7
val,5111,5
val,4838,6
val,5006,0
val,5281,1
val,1896,5
val,1631,9
val,3493,3
val,9498,0
val,1961,8
val,9682,1
val,8117,0
val,8224,5
val,1408,0
val,3302,6
val,1976,3
val,2307,4
val,581,0
val,8468,0
val,9739,0
val,9411,4
val,196,1
val,6784,9
val,9525,4
val,5866,7
val,785,5
val,1484,1
val,5253,0
val,504,1
val,6586,7
val,5447,9
val,8094,2
val,6970,0
val,2915,7
val,5099,2
val,3632,7
val,1362,6
val,8164,1
val,8762,9
val,253,5
val,2373,4
val,8514,0
val,6085,3
val,1341,2
val,2001,5
val,5863,2
val,8290,3
val,3510,2
val,7285,6
val,58,9
val,3592,9
val,1033,8
val,4928,3
val,5708,3
val,5552,1
val,5068,4
val,2109,3
val,1103,9
val,9973,9
val,7348,2
val,9527,0
val,1262,2
val,2672,6
val,8073,6
val,8763,0
val,469,5
val,1752,5
val,8067,0
val,3704,8
val,6508,9
val,6451,9
val,528,3
val,8308,3
val,8288,9
val,1558,0
val,2055,2
val,3746,3
val,9331,5
val,3161,7
val,1606,7
val,3714,6
val,3368,0
val,3131,3
val,6275,8
val,782,3
val,4995,2
val,7963,8
val,3421,1
val,3816,8
val,8805,7
val,4195,1
val,8101,9
val,9941,5
val,6674,7
val,1713,0
val,1286,8
val,2611,5
val,6139,3
val,3719,7
val,1598,5
val,8639,2
val,417,9
val,9341,2
val,6351,0
val,587,6
val,1600,3
val,1499,8
val,9188,9
val,9865,0
val,2176,2
val,9340,7
val,8652,5
val,8497,7
val,2726,2
val,5239,4
val,1237,2
val,6350,6
val,775,2
val,3149,9
val,4053,7
val,7029,5
val,2102,8
val,7120,2
val,7000,1
val,3314,1
val,8601,5
val,347,5
val,6493,8
val,3174,4
val,2849,8
val,5501,6
val,3529,9
val,9761,0
val,5897,9
val,6295,4
val,3269,6
val,8375,7
val,3513,2
val,725,1
val,3839,2
val,9176,5
val,8587,0
val,5942,0
val,2777,0
val,3570,5
val,3597,9
val,9802,1
val,3019,1
val,9013,5
val,2731,3
val,4811,7
val,790,1
val,1914,8
val,1379,0
val,6337,2
val,9021,6
val,5657,7
val,7227,9
val,800,8
val,3685,4
val,7794,2
val,1940,5
val,9015,7
val,4876,2
val,1788,9
val,8132,5
val,3993,7
val,2864,2
val,7519,3
val,7681,6
val,9028,9
val,2813,3
val,5292,2
val,9670,3
val,6753,0
val,5665,6
val,1046,5
val,8943,2
val,7386,2
val,4182,9
val,8946,3
val,7172,6
val,5112,1
val,200,3
val,5053,2
val,2620,6
val,1209,6
val,8927,8
val,4624,7
val,6184,3
val,9798,2
val,3037,2
val,4249,1
val,507,3
val,1533,0
val,6739,3
val,3124,1
val,4374,5
val,5598,5
val,9588,5
val,26,7
val,3588,8
val,3736,7
val,2769,9
val,4239,6
val,7350,3
val,379,4
val,1627,9
val,1269,2
val,3172,4
val,7746,9
val,4664,3
val,1653,5
val,2848,2
val,4870,2
val,6511,3
val,2334,7
val,7468,1
val,123,6
val,5296,6
val,8526,1
val,4033,0
val,5846,8
val,5927,4
val,8006,9
val,3025,4
val,8185,5
val,7834,4
val,3832,2
val,9024,7
val,9381,4
val,7482,2
val,4451,2
val,4152,5
val,5413,8
val,8620,7
val,4606,1
val,6371,3
val,1398,8
val,3499,8
val,3207,2
val,8886,4
val,4108,5
val,5524,1
val,5775,8
val,5482,7
val,904,0
val,6510,0
val,5123,4
val,1060,4
val,3723,9
val,3337,2
val,7073,1
val,5567,0
val,9906,4
val,2464,4
val,4294,9
val,6812,4
val,7814,8
val,1199,6
val,5038,3
val,9626,5
val,3277,7
val,4595,1
val,751,5
val,9101,7
val,7679,5
val,4321,9
val,5691,4
val,3074,3
val,7330,0
val,8850,1
val,2253,2
val,7183,1
val,5163,8
val,4269,4
val,6626,4
val,8012,8
val,9278,6
val,8861,4
val,5803,8
val,9167,0
val,3225,7
val,5132,1
val,1516,4
val,9515,7
val,342,1
val,1699,7
val,4824,0
val,9207,6
val,7336,9
val,793,8
val,1637,5
val,7640,9
val,6304,8
val,1127,3
val,8797,4
val,8795,0
val,8442,4
val,1243,5
val,6443,9
val,5468,3
val,7484,3
val,2383,6
val,1762,0
val,6983,4
val,7788,8
val,9057,9
val,4310,5
val,2689,5
val,6097,0
val,8484,4
val,7237,2
val,1461,4
val,1393,5
val,3279,8
val,1403,1
val,7054,2
val,9359,2
val,9460,3
val,8000,4
val,3690,6
val,1162,6
val,7727,0
val,8687,6
val,4241,0
val,5442,1
val,8636,1
val,9321,8
val,9475,6
val,455,1
val,692,5
val,5594,1
val,1311,9
val,1522,7
val,299,8
val,1446,2
val,1432,2
val,7621,4
val,5809,1
val,468,7
val,4234,3
val,6885,2
val,50,6
val,799,2
val,7630,5
val,896,0
val,5625,3
val,1751,4
val,9444,1
val,2088,9
val,5375,9
val,1387,6
val,7521,5
val,5255,0
val,2510,1
val,3730,7
val,1634,4
val,8707,2
val,3070,1
val,3955,5
val,8966,2
val,7457,2
val,6903,9
val,4338,5
val,5279,9
val,4754,1
val,2194,6
val,1579,6
val,6514,8
val,8348,5
val,7658,1
val,4632,2
val,5167,2
val,9853,5
val,8039,4
val,1821,9
val,7761,6
val,8774,5
val,4732,1
val,9467,9
val,8884,6
val,3379,1
val,8216,8
val,6307,7
val,8362,3
val,7587,2
val,4274,2
val,7268,7
val,3726,4
val,1572,8
val,6846,6
val,2624,3
val,5643,2
val,7231,0
val,3700,4
val,4104,1
val,129,5
val,3410,4
val,9294,7
val,549,2
val,6131,0
val,5755,6
val,7430,5
val,8846,9
val,6882,3
val,6567,0
val,7214,3
val,3877,5
val,7129,0
val,4688,3
val,4427,2
val,6144,4
val,5999,7
val,7789,2
val,4611,0
val,6720,1
val,9595,2
val,1292,6
val,158,3
val,7080,8
val,5464,4
val,1512,9
val,9147,7
val,3681,2
val,1885,1
val,4068,8
val,8719,2
val,81,6
val,9920,8
val,6430,1
val,9281,0
val,2870,9
val,1241,7
val,6240,2
val,4013,1
val,9652,7
val,1727,3
val,1919,7
val,434,9
val,2323,9
val,3299,3
val,7229,2
val,341,6
val,9372,5
val,141,7
val,4434,8
val,2202,4
val,3142,2
val,2711,6
val,7196,6
val,4179,1
val,2302,1
val,4357,7
val,9650,7
val,2898,4
val,2305,3
val,5778,0
val,7961,8
val,73,9
val,301,7
val,9806,7
val,9695,8
val,9483,9
val,5050,9
val,5522,8
val,6105,7
val,8825,7
val,4532,3
val,1147,4
val,9468,3
val,6848,1
val,741,2
val,4499,6
val,3606,1
val,5252,1
val,9737,1
val,9242,7
val,4588,1
val,7583,5
val,2402,4
val,3599,2
val,8616,4
val,909,7
val,9925,3
val,535,4
val,8993,4
val,3607,4
val,742,0
val,7254,9
val,247,4
val,2294,0
val,9007,3
val,5354,6
val,381,3
val,2978,3
val,5895,2
val,9396,0
val,927,3
val,9562,9
val,6577,7
val,2787,2
val,467,2
val,7649,5
val,619,1
val,1741,7
val,2821,0
val,49,4
val,6386,5
val,345,1
val,7050,6
val,7377,9
val,2696,9
val,3953,3
val,2199,6
val,3852,1
val,2250,9
val,2563,7
val,5371,7
val,8739,6
val,9694,8
val,3824,3
val,4615,2
val,704,0
val,3565,5
val,48,4
val,6807,9
val,8378,4
val,8638,7
val,6919,9
val,3398,6
val,4127,2
val,1431,2
val,8743,4
val,6998,9
val,1861,1
val,418,2
val,5516,3
val,6988,9
val,7553,8
val,1075,1
val,4875,6
val,1391,4
val,2388,6
val,4526,3
val,997,0
val,7031,0
val,6802,4
val,4276,3
val,697,4
val,5082,4
val,3253,1
val,1680,4
val,3002,8
val,3647,7
val,3600,2
val,4225,7
val,2784,2
val,680,6
val,3293,2
val,4006,1
val,9478,5
val,8018,6
val,9093,9
val,7125,4
val,5612,9
val,4188,0
val,2886,4
val,7884,9
val,6166,9
val,1686,8
val,9070,0
val,3250,2
val,3810,5
val,4390,8
val,5782,4
val,9339,0
val,6196,5
val,3795,3
val,8932,8
val,4745,4
val,6234,2
val,1571,4
val,1766,1
val,6317,8
val,1080,4
val,2455,0
val,5495,8
val,3333,7
val,3089,2
val,1329,1
val,4633,9
val,3179,0
val,7431,3
val,8190,7
val,5533,7
val,3254,6
val,4514,4
val,1886,6
val,2141,7
val,3540,0
val,2749,7
val,1955,8
val,9791,0
val,5532,7
val,8609,8
val,2747,0
val,2966,9
val,4483,4
val,9323,7
val,7783,1
val,1169,5
val,514,6
val,7535,9
val,5906,7
val,7943,0
val,3285,3
val,7269,0
val,848,1
val,5094,7
val,1564,7
val,4224,9
val,2343,1
val,8607,3
val,3281,1
val,6663,7
val,7916,1
val,7592,9
val,9539,9
val,9928,4
val,987,7
val,4057,1
val,5963,6
val,2763,0
val,2008,3
val,2683,4
val,3655,2
val,5784,9
val,1161,6
val,5570,5
val,3952,5
val,2235,1
val,5109,0
val,9863,8
val,2110,2
val,2289,8
val,8499,6
val,517,6
val,4419,8
val,398,4
val,43,2
val,8074,7
val,5628,3
val,9796,1
val,5250,2
val,8781,9
val,9471,4
val,9667,8
val,2904,2
val,5867,5
val,3916,3
val,2617,8
val,1017,6
val,2518,5
val,5335,4
val,8488,1
val,7690,3
val,5444,4
val,9056,3
val,5814,3
val,6052,2
val,6844,2
val,7643,5
val,1635,5
val,2570,9
val,4192,4
val,3051,6
val,5019,3
val,2137,1
val,8838,2
val,349,3
val,4892,5
val,6117,0
val,2430,8
val,2591,7
val,4752,9
val,7076,4
val,120,5
val,2962,0
val,629,2
val,6449,7
val,7097,3
val,8215,3
val,2968,7
val,3922,1
val,6427,4
val,932,0
val,9149,6
val,8108,2
val,3577,2
val,7627,2
val,384,6
val,3205,8
val,5571,5
val,5617,4
val,5887,7
val,407,0
val,5336,3
val,7086,0
val,6465,3
val,6110,1
val,3215,0
val,1825,9
val,9582,3
val,5947,5
val,5993,0
val,5143,3
val,7634,9
val,1024,4
val,4272,9
val,2212,9
val,4148,7
val,600,6
val,7645,7
val,6627,9
val,8470,2
val,1468,0
val,5712,6
val,9643,1
val,1294,0
val,7752,5
val,7651,9
val,3593,1
val,6625,8
val,7728,1
val,285,2
val,2504,1
val,6680,1
val,5049,8
val,1226,7
val,8919,8
val,2545,5
val,3804,0
val,483,5
val,6630,6
val,5057,6
val,4573,2
val,9283,3
val,9039,1
val,3260,2
val,6961,1
val,2607,7
val,1819,6
val,3415,2
val,513,2
val,8475,7
val,3139,8
val,1868,1
val,4186,0
val,9178,6
val,4348,0
val,5955,3
val,8516,6
val,4197,4
val,5037,2
val,778,5
val,3006,9
val,275,4
val,7439,7
val,847,3
val,6945,8
val,4690,7
val,1555,1
val,9416,9
val,5278,8
val,9749,5
val,1366,7
val,8948,5
val,389,9
val,6092,1
val,4991,7
val,5465,7
val,5417,2
val,146,8
val,4578,7
val,7224,9
val,6507,9
val,6622,1
val,9956,1
val,2826,6
val,161,6
val,9211,4
val,8268,1
val,1689,2
val,6628,1
val,4171,1
val,3831,9
val,9059,3
val,9658,6
val,2333,0
val,1781,9
val,4134,9
val,8270,5
val,6946,9
val,7863,9
val,9752,2
val,1464,8
val,1441,8
val,3086,4
val,4865,7
val,6198,7
val,1585,2
val,961,8
val,2166,1
val,7992,2
val,6992,7
val,8550,2
val,6810,2
val,1234,8
val,3694,2
val,9877,5
val,9535,2
val,6756,7
val,3447,6
val,9304,2
val,2341,9
val,4331,1
val,8799,1
val,8735,8
val,3917,5
val,2743,5
val,4981,2
val,1233,5
val,4277,3
val,7114,8
val,8787,8
val,6597,0
val,8428,7
val,4502,9
val,2627,0
val,4967,9
val,5950,8
val,5632,5
val,9570,1
val,8561,3
val,1867,1
val,2312,3
val,259,6
val,5096,4
val,4378,5
val,2136,1
val,2606,5
val,5585,3
val,6442,8
val,8640,9
val,7499,9
val,3900,1
val,8793,2
val,2121,8
val,6313,4
val,3858,1
val,7753,6
val,1723,0
val,6829,1
val,2976,6
val,1973,8
val,5972,5
val,9087,7
val,5561,4
val,8941,4
val,9486,7
val,4993,7
val,9194,5
val,3216,8
val,3612,4
val,7476,3
val,4805,2
val,7389,6
val,9923,1
val,6969,1
val,8915,2
val,8221,0
val,3906,1
val,588,5
val,5970,1
val,893,9
val,1843,0
val,4506,2
val,4818,3
val,4410,9
val,7822,1
val,2354,2
val,4861,7
val,2869,8
val,9044,7
val,1931,5
val,3307,6
val,7639,3
val,6293,0
val,2768,5
val,733,9
val,9799,1
val,8399,6
val,7362,7
val,1336,2
val,319,5
val,3352,7
val,2618,3
val,4678,7
val,2103,5
val,4612,7
val,7818,4
val,4562,2
val,250,4
val,3561,4
val,5635,3
val,3382,6
val,8548,0
val,9851,7
val,6994,6
val,8197,6
val,980,2
val,3806,5
val,1225,8
val,1165,9
val,233,8
val,6521,2
val,4221,4
val,1322,9
val,1205,3
val,5843,5
val,4990,3
val,3785,2
val,5933,1
val,9880,2
val,723,0
val,5295,5
val,5579,5
val,3721,7
val,6814,6
val,8658,1
val,7756,9
val,8591,7
val,3951,8
val,6752,0
val,736,4
val,6174,3
val,187,5
val,4744,8
val,2091,7
val,2340,4
val,4091,0
val,194,0
val,8867,3
val,8664,4
val,9934,8
val,2117,4
val,7828,9
val,1001,0
val,7676,5
val,1388,6
val,3967,9
val,6244,5
val,2420,9
val,6818,0
val,2503,2
val,9889,3
val,6305,2
val,6696,4
val,3645,5
val,9813,4
val,7308,2
val,83,7
val,5578,8
val,5483,0
val,9948,0
val,5280,0
val,9346,2
val,7179,6
val,3778,5
val,1006,7
val,9816,7
val,5584,0
val,7289,0
val,1596,9
val,8152,0
val,1719,8
val,6137,8
val,1508,9
val,6405,5
val,4697,7
val,7893,3
val,3055,7
val,4613,3
val,5650,8
val,2336,4
val,7393,5
val,3375,2
val,8322,9
val,8863,5
val,6816,8
val,4572,8
val,1182,6
val,7270,1
val,3864,0
val,5363,7
val,3743,7
val,9064,4
val,3026,1
val,8715,1
val,9991,8
val,2054,9
val,9091,6
val,2266,1
val,2756,3
val,2349,8
val,4882,6
val,2007,4
val,4684,2
val,1376,5
val,5171,6
val,9584,5
val,4455,8
val,4398,8
val,4927,1
val,6439,2
val,4963,9
val,5894,9
val,228,1
val,6011,3
val,9633,0
val,4337,1
val,3470,5
val,8949,9
val,9994,1
val,6881,6
val,9793,6
val,1875,7
val,3841,4
val,3828,4
val,1156,7
val,4868,7
val,6024,8
val,5856,9
val,6558,6
val,5402,7
val,5805,9
val,4733,1
val,284,9
val,108,9
val,576,3
val,2346,5
val,7406,2
val,9005,1
val,291,2
val,3123,4
val,6495,8
val,2548,9
val,2619,0
val,9143,1
val,4650,0
val,395,5
val,5261,7
val,7755,8
val,8756,8
val,3742,3
val,4103,2
val,1543,7
val,8519,7
val,9663,0
val,3231,1
val,6332,4
val,1332,6
val,4117,8
val,5808,7
val,6394,9
val,6748,1
val,858,2
val,9803,2
val,5040,7
val,396,2
val,8833,7
val,7800,3
val,2934,9
val,5596,3
val,863,2
val,5737,0
val,9302,7
val,2995,6
val,8567,0
val,3384,2
val,5859,1
val,4753,8
val,6831,2
val,925,3
val,592,0
val,5290,0
val,2666,7
val,9549,1
val,7409,6
val,9279,7
val,9879,0
val,9073,3
val,1487,0
val,5471,7
val,6862,3
val,6058,1
val,5400,5
val,4168,1
val,9951,0
val,8701,3
val,6691,6
val,4890,8
val,9067,7
val,6971,0
val,1052,8
val,2956,5
val,766,5
val,718,8
val,3463,4
val,6679,7
val,6245,8
val,1289,5
val,3680,0
val,1345,2
val,9412,4
val,3246,8
val,6873,3
val,5473,5
val,7600,1
val,5899,0
val,7663,8
val,7612,5
val,3497,4
val,8181,9
val,7419,7
val,5964,5
val,6226,3
val,7654,7
val,8844,2
val,8307,0
val,1943,6
val,4703,3
val,6455,3
val,2770,3
val,5014,1
val,3391,6
val,2053,4
val,5161,6
val,9407,1
val,5929,0
val,1307,6
val,3342,6
val,7669,4
val,3853,6
val,5472,3
val,7547,6
val,5135,9
val,9602,1
val,2778,4
val,6549,6
val,3579,3
val,9771,7
val,7972,4
val,2529,1
val,7300,7
val,569,3
val,1323,4
val,78,9
val,9299,9
val,9419,7
val,8352,1
val,6569,3
val,7433,8
val,8124,7
val,8262,2
val,2446,2
val,5362,4
val,3404,9
val,2948,5
val,3323,8
val,2350,2
val,2739,8
val,8711,5
val,7359,2
val,1218,0
val,9833,6
val,9257,7
val,527,8
val,3756,5
val,636,7
val,7093,2
val,2203,8
val,4996,3
val,1737,5
val,8467,9
val,5489,8
val,8446,6
val,8030,7
val,5325,5
val,7260,7
val,5673,0
val,5227,1
val,4004,3
val,1457,0
val,7253,1
val,9229,3
val,4896,4
val,245,3
val,5346,3
val,1742,3
val,6685,6
val,2945,3
val,9221,0
val,5443,0
val,9690,7
val,2160,6
val,7128,9
val,3833,8
val,2378,0
val,1440,4
val,1863,2
val,9389,2
val,3050,1
val,2720,9
val,7353,1
val,7941,8
val,6559,4
val,5456,9
val,5943,1
val,9976,6
val,948,1
val,4228,7
val,7127,8
val,7368,0
val,128,8
val,7846,0
val,8441,6
val,9045,7
val,4778,1
val,7061,9
val,8900,9
val,4716,2
val,1578,6
val,1360,1
val,303,2
val,9309,2
val,224,1
val,7994,2
val,1202,8
val,138,6
val,1492,9
val,4219,5
val,131,6
val,5517,4
val,7946,3
val,5401,6
val,1900,1
val,1597,9
val,4281,0
val,225,2
val,955,5
val,9609,8
val,386,6
val,1153,6
val,7037,0
val,2608,8
val,8801,3
val,9886,6
val,6545,1
val,969,4
val,3718,4
val,2150,6
val,6656,9
val,9481,5
val,6336,8
val,6403,8
val,2043,4
val,9100,3
val,2226,0
val,3004,2
val,6419,1
val,8505,8
val,9979,7
val,8034,5
val,6436,9
val,9082,2
val,4490,4
val,2158,2
val,942,6
val,3794,8
val,702,7
val,9355,6
val,9726,2
val,4141,8
val,3271,0
val,2032,3
val,9676,9
val,4349,1
val,1409,2
val,1617,3
val,765,4
val,8280,4
val,2006,6
val,655,8
val,4072,5
val,5954,2
val,4628,0
val,7298,9
val,9559,3
val,2894,0
val,7480,1
val,8580,6
val,8331,5
val,643,2
val,5481,6
val,3165,9
val,1133,7
val,6931,4
val,7290,1
val,8304,7
val,4413,6
val,1295,1
val,695,1
val,5938,6
val,6667,6
val,1242,4
val,8911,7
val,4102,7
val,5634,2
val,543,8
val,2509,4
val,8894,8
val,4854,3
val,4282,0
val,8718,7
val,1776,7
val,1350,1
val,2867,1
val,5274,4
val,1047,0
val,5285,5
val,5647,8
val,5230,6
val,8986,1
val,5875,8
val,3821,9
val,6612,8
val,2926,9
val,1567,8
val,8764,0
val,8854,3
val,8975,3
val,2728,6
val,1619,0
val,2979,9
val,7132,9
val,1934,1
val,7948,5
val,9922,4
val,3711,9
val,7460,7
val,3098,7
val,2568,0
val,4671,8
val,3261,3
val,5945,3
val,9126,8
val,6689,4
val,6201,0
val,6128,6
val,691,8
val,5759,1
val,497,4
val,5156,1
val,4332,4
val,4935,0
val,6111,2
val,9558,3
val,7396,3
val,5671,9
val,6884,5
val,4185,1
val,8595,0
val,1208,3
val,3919,1
val,5694,6
val,2052,8
val,2998,4
val,3422,6
val,201,6
val,39,1
val,7199,9
val,9999,6
val,3052,0
val,6920,2
val,2165,4
val,8242,8
val,9683,4
val,2097,6
val,5720,4
val,140,6
val,9630,8
val,6973,3
val,5884,6
val,4700,9
val,4912,4
val,8229,1
val,8939,3
val,4440,5
val,5389,5
val,2000,6
val,1767,4
val,4308,1
val,4376,8
val,1122,7
val,849,3
val,9916,7
val,4028,7
val,5122,7
val,8908,2
val,1952,9
val,8694,3
val,4625,2
val,5343,8
val,2362,8
val,3883,0
val,5247,9
val,3668,2
val,4256,3
val,2162,5
val,5210,9
val,1257,1
val,5562,2
val,1733,6
val,7384,9
val,883,3
val,9871,4
val,3827,6
val,5013,1
val,7975,6
val,608,0
val,7331,6
val,1265,3
val,8663,9
val,2736,7
val,5223,5
val,9157,3
val,7595,3
val,5711,5
val,4973,3
val,5529,0
val,8417,7
val,9727,3
val,5206,5
val,2454,6
val,7366,4
val,3715,3
val,8623,9
val,7895,9
val,1927,2
val,5367,2
val,4125,6
val,1666,9
val,844,8
val,974,2
val,5369,0
val,7106,9
val,3526,9
val,6595,8
val,7158,6
val,8692,1
val,6000,9
val,8906,9
val,3275,5
val,9621,0
val,3113,5
val,687,3
val,2646,7
val,2330,4
val,2185,0
val,5017,9
val,2917,4
val,2275,7
val,5786,1
val,7615,8
val,4370,0
val,6874,7
val,1140,4
val,1584,8
val,6064,2
val,8892,1
val,555,4
val,2050,8
val,9265,1
val,3857,9
val,80,7
val,3385,9
val,444,2
val,5986,4
val,5924,2
val,6032,9
val,3920,7
val,7136,9
val,4212,1
val,9638,9
val,8589,4
val,4642,0
val,2445,5
val,8704,2
val,2105,3
val,4303,1
val,6600,5
val,6673,1
val,6223,7
val,2610,2
val,246,0
val,1655,9
val,8615,2
val,6224,1
val,4720,0
val,1248,8
val,1055,7
val,8669,8
val,8424,2
val,4400,7
val,763,0
val,7771,3
val,9655,3
val,6669,6
val,732,6
val,5169,4
val,9011,3
val,6433,4
val,471,9
val,7526,0
val,5593,0
val,9519,0
val,4023,0
val,7299,1
val,991,3
val,8964,5
val,5580,9
val,2707,0
val,210,4
val,4916,4
val,1488,4
val,9608,7
val,2880,1
val,4211,6
val,6665,3
val,441,0
val,8423,6
val,6560,9
val,1390,0
val,279,1
val,9580,9
val,8052,7
val,6235,9
val,4925,3
val,5946,4
val,6037,4
val,3708,8
val,6589,7
val,6717,6
val,4734,2
val,1283,7
val,1780,1
val,7786,9
val,3911,0
val,7877,7
val,6271,4
val,967,1
val,353,6
val,3798,9
val,3414,5
val,1143,7
val,5190,7
val,2303,3
val,2180,5
val,289,5
val,4914,6
val,1186,7
val,1808,0
val,3545,6
val,3069,4
val,4636,2
val,7212,2
val,9344,4
val,5043,0
val,1942,8
val,6949,2
val,3767,7
val,3725,6
val,2,1
val,9357,9
val,9122,6
val,7382,9
val,9222,1
val,3770,4
val,4883,6
val,3312,5
val,9968,7
val,5356,3
val,5676,4
val,7481,8
val,1915,2
val,8256,6
val,9181,2
val,9138,6
val,1836,1
val,8716,3
val,951,5
val,1938,4
val,7452,0
val,5051,0
val,3283,3
val,2484,7
val,5287,7
val,6169,4
val,7987,0
val,1053,2
val,7695,7
val,9772,1
val,3405,4
val,9868,7
val,6095,5
val,3567,8
val,21,6
val,2197,4
val,3693,9
val,1009,0
val,2823,7
val,8992,0
val,5855,8
val,5041,8
val,2193,7
val,5130,9
val,1557,4
val,8604,1
val,7140,3
val,2190,0
val,2852,8
val,3702,5
val,7784,1
val,3223,2
val,3119,5
val,1000,9
val,9162,0
val,9311,0
val,5392,2
val,1404,0
val,8672,1
val,5982,5
val,9295,1
val,2468,6
val,1711,2
val,6369,4
val,533,4
val,6952,5
val,6878,2
val,5428,0
val,385,1
val,3438,1
val,6366,7
val,1717,8
val,7090,5
val,1194,7
val,5913,5
val,5724,3
val,7618,1
val,6459,6
val,9649,1
val,8085,0
val,7544,7
val,8935,9
val,1811,2
val,2366,1
val,8904,7
val,9463,7
val,5654,7
val,1524,8
val,1430,1
val,3752,4
val,2980,6
val,5385,2
val,1025,1
val,7213,6
val,100,6
val,7221,0
val,6123,2
val,4866,4
val,1110,7
val,2476,5
val,9614,3
val,8299,5
val,5134,5
val,2856,8
val,7966,7
val,8419,3
val,6653,7
val,4670,1
val,5084,4
val,3296,7
val,5871,9
val,2493,9
val,7924,7
val,5081,1
val,4897,6
val,5912,3
val,3397,4
val,1137,1
val,3636,5
val,5232,1
val,5931,2
val,8571,5
val,8634,0
val,8702,5
val,3815,1
val,107,1
val,869,5
val,8330,8
val,1984,2
val,595,3
val,9026,9
val,2005,4
val,7354,0
val,874,9
val,4722,5
val,6713,2
val,3962,3
val,1374,2
val,8953,9
val,1724,4
val,6326,7
val,2649,0
val,3448,3
val,145,1
val,3031,6
val,611,0
val,6791,7
val,1595,7
val,2061,0
val,4965,2
val,8121,4
val,664,8
val,67,4
val,2715,4
val,1570,0
val,7778,6
val,5273,3
val,5429,9
val,2830,6
val,8377,6
val,7171,1
val,7063,1
val,9185,6
val,9202,3
val,7683,2
val,5623,3
val,1058,9
val,461,6
val,5661,1
val,6477,8
val,3248,3
val,3707,8
val,2716,3
val,9697,3
val,7804,3
val,1130,9
val,6860,5
val,5391,6
val,1018,8
val,5991,1
val,3204,8
val,4361,0
val,2309,8
val,203,1
val,4815,7
val,5405,0
val,2893,3
val,1667,1
val,716,1
val,4255,5
val,7015,2
val,3620,3
val,9259,2
val,7689,8
val,2010,1
val,4299,9
val,3626,8
val,6933,6
val,6484,1
val,6352,2
val,5922,5
val,3989,0
val,8025,2
val,3257,2
val,2644,5
val,8210,9
val,4622,6
val,7071,9
val,6485,8
val,5374,5
val,6921,0
val,267,1
val,5453,1
val,1643,1
val,5869,9
val,3539,6
val,3330,2
val,4174,9
val,5137,9
val,1118,8
val,6003,0
val,7475,5
val,3709,9
val,3602,6
val,6634,1
val,2292,9
val,8426,9
val,3760,9
val,3950,9
val,8021,0
val,631,8
val,5090,1
val,1256,2
val,9184,5
val,1012,7
val,4701,9
val,3326,3
val,5144,9
val,4480,9
val,1195,0
val,6314,5
val,258,2
val,4313,4
val,7410,0
val,3735,0
val,8161,2
val,2748,0
val,9949,6
val,6536,4
val,6968,0
val,3793,4
val,7599,0
val,9657,1
val,7711,7
val,627,9
val,1320,8
val,9305,3
val,6767,3
val,3688,6
val,8665,5
val,915,8
val,3791,9
val,3957,5
val,6415,5
val,5619,6
val,684,7
val,1077,4
val,5062,3
val,5687,3
val,4123,8
val,6762,7
val,9982,5
val,5680,8
val,4003,6
val,7785,2
val,4311,3
val,2891,2
val,7035,8
val,3487,3
val,2752,2
val,9835,4
val,7323,1
val,3435,2
val,361,6
val,6682,9
val,4574,1
val,5406,1
val,7790,1
val,5328,3
val,8681,0
val,6805,7
val,7472,2
val,2967,7
val,3211,1
val,7514,8
val,3836,7
val,1427,4
val,2840,3
val,1402,2
val,2217,0
val,8227,9
val,8326,6
val,8950,2
val,9260,5
val,5000,3
val,9507,9
val,1436,6
val,6914,9
val,6768,7
val,163,4
val,9033,4
val,6199,8
val,4312,5
val,9850,0
val,7165,1
val,7847,1
val,2719,1
val,426,9
val,2232,9
val,3237,1
val,539,2
val,8776,1
val,3303,7
val,1757,0
val,6487,9
val,9648,0
val,963,1
val,3834,3
val,8969,2
val,1266,6
val,1777,0
val,7628,3
val,5007,6
val,8357,8
val,1630,1
val,7845,8
val,1878,8
val,7279,0
val,8048,1
val,7042,6
val,8019,2
val,7064,2
val,1083,1
val,1763,3
val,3531,3
val,5734,3
val,7985,7
val,9800,0
val,8541,7
val,8147,8
val,4674,1
val,9208,4
val,3789,1
val,737,6
val,7839,1
val,705,7
val,9386,9
val,2283,1
val,2896,8
val,8606,7
val,8195,0
val,6896,6
val,3519,8
val,5791,0
val,8859,0
val,4448,0
val,7911,1
val,5742,5
val,9681,8
val,8923,2
val,8788,5
val,9757,0
val,8372,9
val,872,8
val,5331,1
val,8479,9
val,4193,6
val,8619,0
val,1743,9
val,5012,6
val,106,2
val,3664,9
val,84,8
val,7522,6
val,9945,9
val,5204,8
val,8082,5
val,3994,5
val,6026,7
val,9998,5
val,2119,8
val,707,4
val,6957,3
val,6480,2
val,1561,4
val,571,4
val,8493,1
val,8830,2
val,2422,6
val,4817,8
val,3684,4
val,9183,4
val,7820,0
val,5414,9
val,7400,2
val,5802,5
val,3122,7
val,2773,5
val,2181,9
val,1417,9
val,1093,8
val,4305,8
val,274,9
val,3969,7
val,4825,8
val,4273,1
val,8858,0
val,3167,3
val,2924,3
val,4840,9
val,2593,0
val,7574,4
val,3747,1
val,4936,7
val,6863,3
val,7807,9
val,8728,8
val,532,4
val,1023,4
val,6609,7
val,721,0
val,8680,9
val,3535,7
val,8060,3
val,6065,3
val,7539,2
val,3963,2
val,6583,0
val,9367,0
val,9397,9
val,6364,7
val,6694,1
val,9210,6
val,3546,1
val,9936,8
val,8626,4
val,2168,8
val,9164,7
val,5412,7
val,3654,5
val,2877,4
val,4826,4
val,4873,3
val,7904,6
val,1375,2
val,1526,0
val,142,3
val,8817,9
val,2311,2
val,4591,6
val,4886,7
val,3104,3
val,1525,5
val,7934,1
val,3156,6
val,6996,9
val,4661,4
val,6263,7
val,2687,0
val,4133,2
val,2811,0
val,1576,7
val,2094,4
val,9318,2
val,6905,9
val,5799,2
val,2236,0
val,4566,7
val,8847,5
val,1081,9
val,4685,1
val,7335,6
val,8460,2
val,9514,6
val,41,7
val,4252,6
val,8660,3
val,8332,9
val,8726,8
val,6074,2
val,6060,1
val,4814,6
val,4,4
val,787,8
val,828,2
val,8878,5
val,5762,1
val,8498,2
val,2656,0
val,4236,5
val,2825,1
val,5034,6
val,5306,8
val,769,6
val,9786,5
val,6122,6
val,4044,3
val,466,8
val,1071,7
val,8889,2
val,5976,8
val,5452,0
val,5707,9
val,3373,7
val,216,3
val,2170,6
val,8188,7
val,8283,0
val,5178,4
val,4176,2
val,8100,1
val,3412,0
val,2659,4
val,3492,8
val,9528,0
val,2528,9
val,4822,8
val,9235,3
val,6699,4
val,7238,7
val,7871,8
val,8649,8
val,8116,6
val,4508,8
val,9603,2
val,2149,8
val,1475,6
val,7525,9
val,3918,5
val,3110,3
val,5283,3
val,8176,4
val,4608,8
val,63,3
val,1087,5
val,3571,4
val,1599,4
val,9427,5
val,169,4
val,7153,4
val,2754,6
val,2379,1
val,3980,0
val,6339,7
val,4789,8
val,3355,2
val,4762,5
val,9952,0
val,589,4
val,3222,6
val,4723,2
val,6592,9
val,5636,2
val,1592,7
val,3444,4
val,4416,6
val,4119,7
val,8438,2
val,6719,0
val,4489,9
val,7715,5
val,428,4
val,7011,8
val,2401,4
val,3170,0
val,5427,2
val,4977,1
val,2258,1
val,3399,7
val,3060,9
val,1496,7
val,3893,5
val,5681,6
val,9414,0
val,2645,4
val,1010,4
val,2205,4
val,1909,1
val,7968,3
val,2225,8
val,7670,6
val,4768,4
val,7391,4
val,9266,2
val,6845,7
val,1091,7
val,1116,4
val,1816,4
val,626,7
val,6330,2
val,8354,3
val,9054,9
val,9903,1
val,5797,8
val,3830,0
val,1679,4
val,9692,9
val,2847,4
val,4288,3
val,1795,2
val,4029,4
val,7566,0
val,7124,7
val,2487,5
val,7932,3
val,3610,4
val,11,6
val,505,3
val,4510,2
val,2957,5
val,9261,3
val,3829,8
val,2772,5
val,7394,4
val,9819,1
val,8246,3
val,5461,1
val,8306,1
val,9919,7
val,1129,1
val,9778,6
val,6701,0
val,2320,9
val,3127,5
val,6187,6
val,9872,3
val,9192,3
val,9927,4
val,657,3
val,4328,1
val,6472,1
val,4900,7
val,5629,2
val,5660,6
val,859,7
val,9610,9
val,5902,1
val,7135,2
val,5365,7
val,2394,4
val,2222,3
val,6310,1
val,173,3
val,1230,4
val,7959,6
val,3843,1
val,3288,4
val,6408,1
val,2742,9
val,7564,2
val,1503,3
val,1916,6
val,752,4
val,9356,1
val,1611,3
val,7502,8
val,2404,4
val,2544,9
val,4593,7
val,6761,4
val,4218,8
val,3902,5
val,6116,3
val,1583,8
val,1588,3
val,7732,5
val,5731,0
val,6842,6
val,8700,9
val,2819,4
val,8420,1
val,1953,3
val,4156,2
val,2120,4
val,2559,5
val,153,5
val,965,6
val,2461,0
val,4463,5
val,5555,3
val,1190,5
val,9130,6
val,143,1
val,5432,5
val,8089,5
val,7652,9
val,9150,8
val,5322,4
val,7823,8
val,1491,6
val,7779,5
val,2096,0
val,7725,1
val,3071,2
val,7437,5
val,9410,8
val,2517,2
val,4839,8
val,524,3
val,9974,4
val,4468,4
val,1429,9
val,4581,3
val,5147,0
val,4910,9
val,8674,3
val,9488,0
val,1473,5
val,1874,5
val,1013,9
val,9533,5
val,7903,7
val,2549,3
val,6815,7
val,875,2
val,6098,7
val,9699,1
val,9935,7
val,6014,2
val,8327,5
val,1708,0
val,1822,6
val,4829,8
val,1469,3
val,3740,3
val,7379,8
val,8881,0
val,5200,4
val,2663,3
val,937,6
val,4743,8
val,1642,2
val,8148,6
val,1445,0
val,3107,7
val,1074,8
val,293,2
val,943,6
val,612,2
val,5370,1
val,9646,4
val,5107,7
val,6843,0
val,3790,0
val,352,5
val,9511,3
val,3818,0
val,4698,6
val,1281,5
val,5831,1
val,1838,1
val,6995,4
val,3239,2
val,1805,7
val,4266,4
val,122,7
val,4787,6
val,4937,0
val,8141,4
val,8111,0
val,703,7
val,2035,5
val,5512,7
val,2989,3
val,6429,0
val,899,8
val,6299,3
val,5434,8
val,3544,4
val,1625,4
val,2760,9
val,1702,8
val,6147,7
val,5914,7
val,834,6
val,917,7
val,8819,1
val,7079,7
val,6734,4
val,1945,1
val,3666,9
val,4205,2
val,8552,4
val,2056,8
val,4144,1
val,6127,0
val,2753,1
val,9263,8
val,318,2
val,6129,0
val,1453,4
val,5044,1
val,5514,1
val,2288,3
val,8261,1
val,6136,5
val,8346,3
val,6561,7
val,7434,4
val,3012,8
val,6760,0
val,7973,1
val,3642,3
val,825,7
val,1021,7
val,6740,9
val,7191,1
val,7141,7
val,6379,3
val,6922,6
val,9334,6
val,1761,5
val,9494,6
val,2832,5
val,9568,6
val,3663,5
val,4159,8
val,3429,4
val,5918,0
val,7467,7
val,7256,9
val,5231,8
val,1099,6
val,6629,8
val,2907,4
val,6195,4
val,5666,1
val,9377,0
val,5264,2
val,1594,9
val,8476,8
val,8909,5
val,6821,3
val,3282,4
val,1554,9
val,3020,0
val,9790,3
val,9767,9
val,8492,2
val,1954,5
val,5127,2
val,7637,2
val,2888,7
val,3764,0
val,4708,1
val,7500,8
val,5036,1
val,4271,5
val,7202,0
val,3439,0
val,1415,8
val,9190,1
val,3619,5
val,3657,6
val,4790,6
val,7579,9
val,1731,3
val,7523,7
val,3979,6
val,7170,3
val,8024,6
val,6463,6
val,4913,7
val,4363,9
val,3171,5
val,8053,9
val,5254,1
val,6448,4
val,2712,3
val,9759,8
val,4844,5
val,8303,1
val,9186,7
val,9693,6
val,7107,9
val,567,0
val,8721,2
val,3140,0
val,3040,7
val,850,1
val,563,8
val,5091,1
val,758,9
val,9674,1
val,6458,7
val,5193,1
val,670,4
val,9688,0
val,5395,4
val,3300,3
val,2704,1
val,166,4
val,2393,8
val,4520,5
val,7827,9
val,1535,0
val,1173,7
val,5928,6
val,4852,8
val,1305,1
val,7047,4
val,2060,0
val,667,7
val,6249,9
val,4831,6
val,625,6
val,4915,5
val,4059,5
val,6575,3
val,15,5
val,1396,9
val,5546,9
val,7601,0
val,4307,5
val,2903,5
val,8381,2
val,6745,3
val,6779,0
val,9189,0
val,8924,3
val,7045,4
val,6028,5
val,6738,4
val,9145,2
val,660,4
val,8028,9
val,7748,1
val,4353,0
val,7185,3
val,1180,1
val,606,8
val,4871,1
val,3416,5
val,9128,4
val,7162,0
val,2678,4
val,9735,4
val,9155,1
val,4213,9
val,9228,5
val,2395,8
val,32,3
val,8189,4
val,9025,1
val,9385,8
val,3748,6
val,5904,3
val,6372,8
val,2067,0
val,6964,5
val,6899,5
val,8732,6
val,2879,4
val,2958,9
val,1090,9
val,8051,4
val,1095,3
val,6428,0
val,1005,9
val,5001,9
val,9477,2
val,5663,7
val,7559,5
val,6593,3
val,9205,8
val,1259,8
val,2991,3
val,6348,8
val,2665,7
val,8319,9
val,2566,3
val,2872,4
val,9677,0
val,2299,2
val,6325,6
val,4050,1
val,7798,3
val,1385,9
val,7613,6
val,6715,4
val,1580,4
val,4859,1
val,4214,7
val,327,0
val,6134,6
val,829,4
val,7017,6
val,9151,7
val,3443,3
val,4438,4
val,5919,9
val,9769,9
val,6516,4
val,7349,2
val,2316,1
val,5488,5
val,175,7
val,8071,4
val,4847,1
val,204,1
val,1862,4
val,2369,5
val,6640,7
val,8856,3
val,2018,1
val,6780,4
val,9271,8
val,9451,7
val,2243,7
val,325,4
val,8064,7
val,8373,0
val,4857,0
val,510,7
val,7962,9
val,8007,0
val,7146,8
val,2415,2
val,4035,1
val,7100,2
val,9153,9
val,1038,1
val,9988,5
val,5060,9
val,4766,5
val,2367,6
val,217,6
val,2750,6
val,8186,3
val,6012,1
val,2012,4
val,1581,7
val,9932,9
val,7325,1
val,819,3
val,786,6
val,1958,4
val,9645,1
val,4177,5
val,8569,2
val,8318,2
val,5582,9
val,7444,8
val,1944,0
val,7706,0
val,9156,3
val,4014,1
val,4315,5
val,8876,3
val,3937,1
val,7580,9
val,7717,1
val,1951,6
val,8174,2
val,3317,0
val,761,8
val,8957,3
val,1264,4
val,2495,2
val,3289,8
val,1645,9
val,6763,3
val,1735,4
val,4264,1
val,8054,4
val,1548,1
val,7190,0
val,5197,5
val,7241,5
val,3777,1
val,2281,3
val,9391,5
val,3426,9
val,5102,5
val,7110,6
val,6046,3
val,2242,2
val,151,9
val,9175,3
val,8276,4
val,331,2
val,9351,2
val,8126,9
val,5011,8
val,3121,6
val,7860,6
val,8527,4
val,3949,8
val,8433,6
val,9312,6
val,1817,2
val,9977,4
val,1191,0
val,5644,8
val,6547,4
val,9818,0
val,3259,1
val,3092,1
val,7685,2
val,495,8
val,7497,2
val,3130,6
val,7922,2
val,7698,5
val,1051,4
val,2374,2
val,8267,9
val,6712,1
val,6917,1
val,2985,3
val,6473,0
val,8393,3
val,6572,1
val,4301,9
val,1618,5
val,8991,0
val,4771,5
val,788,9
val,4032,1
val,1372,2
val,5952,0
val,2602,2
val,1846,5
val,628,3
val,4660,7
val,9452,8
val,1100,7
val,1857,6
val,6883,1
val,2210,6
val,9403,6
val,1400,6
val,2845,9
val,8003,7
val,9337,5
val,7443,6
val,3640,0
val,8624,3
val,137,1
val,8549,1
val,1183,9
val,1518,2
val,2930,5
val,147,2
val,6420,9
val,2723,3
val,6643,0
val,4724,8
val,8090,1
val,990,2
val,6772,9
val,5763,2
val,8843,8
val,6990,4
val,5393,4
val,6255,3
val,8734,7
val,9352,0
val,7819,5
val,1064,2
val,9653,1
val,6648,7
val,8494,3
val,6770,0
val,4092,8
val,3417,0
val,7022,2
val,6972,8
val,4983,3
val,69,0
val,949,1
val,27,4
val,7764,4
val,9547,2
val,1203,0
val,9097,2
val,2113,5
val,4229,4
val,1280,1
val,2477,9
val,3717,3
val,9195,6
val,5849,2
val,8183,8
val,5824,3
val,4447,0
val,5396,6
val,2179,8
val,8725,8
val,4470,0
val,355,8
val,7891,6
val,9030,1
val,3846,6
val,597,0
val,9637,7
val,1804,3
val,8879,4
val,7065,3
val,9844,1
val,3138,3
val,8311,6
val,4926,6
val,8427,1
val,8818,0
val,4806,1
val,7261,0
val,4820,8
val,5815,3
val,5399,1
val,1910,5
val,5026,9
val,6087,5
val,4669,7
val,696,1
val,7775,4
val,1607,3
val,6555,8
val,2428,6
val,1883,7
val,8631,7
val,5833,5
val,8144,7
val,6375,1
val,9248,7
val,8925,4
val,4460,7
val,5498,7
val,9631,0
val,7506,0
val,1255,9
val,4381,5
val,1982,6
val,9746,7
val,9159,5
val,8459,1
val,4543,8
val,7014,1
val,1411,0
val,6146,5
val,1178,4
val,4450,1
val,2380,9
val,7937,4
val,6132,2
val,9371,4
val,7694,8
val,8920,9
val,1806,7
val,5494,2
val,3512,0
val,3617,6
val,5410,5
val,9472,9
val,4846,9
val,7872,8
val,7244,8
val,8434,4
val,6474,4
val,9267,4
val,3182,6
val,9795,1
val,5030,6
val,4821,7
val,7965,5
val,5558,6
val,7092,4
val,953,4
val,7515,9
val,4042,4
val,5005,1
val,9426,6
val,9587,9
val,362,2
val,8368,6
val,9576,7
val,7306,5
val,4491,1
val,1842,2
val,55,0
val,9423,9
val,8365,2
val,4408,9
val,1898,0
val,6197,6
val,4207,8
val,4978,8
val,9950,1
val,6541,2
val,4891,0
val,4226,5
val,329,1
val,7116,6
val,4270,3
val,4646,1
val,3420,1
val,8490,0
val,2527,0
val,1031,2
val,5595,2
val,2946,1
val,2284,3
val,6537,5
val,2478,9
val,3377,4
val,7811,1
val,209,9
val,2046,4
val,8481,0
val,5779,5
val,5787,9
val,8016,0
val,4010,1
val,7161,0
val,9369,2
val,7849,3
val,8988,1
val,7824,6
val,7671,0
val,4862,0
val,8677,6
val,1575,4
val,348,1
val,1414,9
val,3436,2
val,3118,6
val,4637,5
val,4058,8
val,3102,5
val,6504,3
val,4677,7
val,5136,6
val,959,4
val,1069,3
val,9600,5
val,7023,1
val,1566,7
val,2042,0
val,6073,1
val,6826,8
val,6167,6
val,4000,9
val,3641,1
val,8168,2
val,3731,2
val,5990,0
val,3553,9
val,719,4
val,5754,9
val,6406,6
val,647,1
val,5793,6
val,2002,6
val,93,3
val,481,9
val,740,4
val,2789,1
val,6005,1
val,6488,4
val,4797,8
val,9736,6
val,9034,4
val,929,1
val,5883,2
val,1832,3
val,30,3
val,2674,1
val,9109,5
val,9596,8
val,8816,8
val,9325,0
val,4047,9
val,2791,6
val,7543,3
val,9732,8
val,2854,9
val,2671,7
val,7861,7
val,8910,3
val,6344,0
val,8857,8
val,4597,1
val,6425,6
val,9978,1
val,9297,0
val,8710,5
val,6997,4
val,1123,6
val,4894,3
val,4209,6
val,2178,0
val,6220,4
val,9094,9
val,1681,3
val,8022,1
val,8237,6
val,7504,7
val,3243,0
val,290,8
val,2191,2
val,6104,6
val,1965,2
val,8172,0
val,5313,7
val,5113,1
val,6650,9
val,5756,0
val,2241,5
val,3287,9
val,6157,9
val,6208,7
val,7459,9
val,5682,5
val,7997,5
val,3939,6
val,9810,1
val,3276,1
val,7929,6
val,1852,6
val,7265,8
val,2960,8
val,2530,4
val,6192,1
val,9170,9
val,5710,8
val,4021,1
val,7982,4
val,1421,5
val,7380,9
val,420,4
val,3814,5
val,9741,9
val,4106,3
val,814,6
val,9370,3
val,4306,3
val,8275,5
val,9364,6
val,7702,0
val,5145,6
val,6602,0
val,9096,1
val,4074,1
val,3068,8
val,6841,0
val,4639,8
val,1352,2
val,4347,6
val,5832,4
val,3428,6
val,6281,2
val,3870,0
val,2751,6
val,6827,9
val,1497,7
val,2540,5
val,5520,1
val,5811,1
val,976,3
val,5380,8
val,6568,9
val,6852,7
val,7897,6
val,3775,2
val,1244,7
val,9418,8
val,4617,0
val,2314,7
val,1413,4
val,2701,4
val,1296,6
val,1996,6
val,3713,7
val,5920,6
val,7255,0
val,2573,5
val,3739,3
val,6796,2
val,2375,4
val,7684,6
val,9329,5
val,321,2
val,3822,6
val,4453,7
val,8695,4
val,9672,4
val,6546,0
val,8040,6
val,2104,7
val,1369,7
val,2403,0
val,7230,7
val,7012,2
val,4098,2
val,5817,4
val,4191,1
val,9108,7
val,66,6
val,3699,1
val,4853,1
val,7760,7
val,1941,7
val,1975,7
val,2435,0
val,5319,4
val,23,5
val,9365,3
val,3802,2
val,6218,6
val,552,0
val,5213,6
val,3220,5
val,3637,7
val,3985,9
val,6892,0
val,1392,1
val,1489,3
val,1014,6
val,2467,8
val,8115,3
val,3434,1
val,4399,8
val,826,1
val,9958,7
val,3494,7
val,2798,5
val,7537,0
val,5289,9
val,242,8
val,2147,9
val,8511,4
val,6759,4
val,8780,3
val,918,1
val,2472,9
val,919,2
val,4198,9
val,8903,3
val,2942,0
val,185,9
val,9300,7
val,1521,5
val,8872,8
val,8893,9
val,5748,2
val,2878,1
val,2596,2
val,3997,7
val,9332,3
val,2990,8
val,9315,5
val,5114,7
val,4112,8
val,2782,6
val,4094,5
val,3616,7
val,1410,2
val,5961,9
val,596,8
val,1485,2
val,3679,1
val,2175,1
val,6803,5
val,3169,4
val,5462,8
val,7974,5
val,5672,9
val,6079,7
val,1623,0
val,857,5
val,3332,4
val,4951,1
val,5069,0
val,3015,3
val,1,2
val,2721,6
val,8055,0
val,5879,2
val,7471,9
val,3771,8
val,5183,8
val,6162,1
val,5245,3
val,31,1
val,104,9
val,4030,9
val,6124,9
val,7772,2
val,3774,0
val,5435,0
val,3894,1
val,2928,1
val,364,5
val,1890,2
val,565,4
val,4061,7
val,7181,8
val,1628,3
val,4672,0
val,4955,7
val,3088,6
val,1864,4
val,1813,8
val,3112,8
val,1859,8
val,487,9
val,2693,1
val,3309,7
val,2031,3
val,4114,2
val,6927,0
val,9247,6
val,5475,2
val,3886,6
val,7688,0
val,7906,6
val,6868,1
val,5956,4
val,3101,7
val,5128,1
val,6303,9
val,4655,1
val,3456,3
val,430,1
val,7305,6
val,7586,8
val,3095,5
val,6,4
val,4415,2
val,8562,4
val,7675,3
val,6253,7
val,2452,5
val,1674,1
val,8673,2
val,6520,9
val,6154,8
val,5677,4
val,3005,9
val,6067,5
val,5191,4
val,9529,6
val,4324,4
val,4008,6
val,8360,1
val,2842,0
val,6016,0
val,3805,0
val,5601,8
val,8662,4
val,7747,0
val,4154,9
val,6264,0
val,239,1
val,5825,4
val,544,4
val,4253,8
val,5065,8
val,739,5
val,8284,7
val,685,8
val,4712,5
val,1847,5
val,6707,6
val,2827,1
val,4776,0
val,3214,1
val,6736,3
val,9103,4
val,3236,7
val,3001,9
val,7530,4
val,3625,1
val,5219,9
val,2536,0
val,9408,9
val,764,2
val,2324,1
val,333,5
val,1189,1
val,3737,8
val,2737,6
val,551,7
val,9047,4
val,4569,5
val,792,3
val,3649,1
val,6478,0
val,5056,5
val,9227,3
val,7888,5
val,5830,0
val,1734,7
val,7674,3
val,8061,4
val,235,9
val,5320,0
val,9707,3
val,2919,5
val,334,3
val,76,3
val,3409,3
val,9518,1
val,8297,8
val,9929,7
val,9394,8
val,6889,8
val,2581,5
val,9113,7
val,4980,6
val,3530,4
val,9907,5
val,1547,4
val,2657,0
val,343,3
val,401,8
val,5421,6
val,1134,3
val,9429,3
val,2969,5
val,8829,4
val,3304,6
val,1155,2
val,9821,3
val,9859,7
val,1726,0
val,9541,4
val,3506,5
val,6119,7
val,774,4
val,5502,2
val,3185,0
val,8877,8
val,1840,3
val,5470,0
val,7228,1
val,6142,5
val,908,4
val,9897,0
val,6639,6
val,5630,1
val,1066,3
val,1968,8
val,4556,9
val,2218,4
val,5142,8
val,8842,3
val,9435,1
val,9861,4
val,3100,5
val,1641,5
val,9090,1
val,1745,9
val,53,5
val,7184,2
val,6108,1
val,8145,8
val,1725,6
val,6006,7
val,8653,5
val,8134,7
val,8758,1
val,8140,3
val,215,0
val,2759,6
val,522,7
val,8772,0
val,2224,5
val,3733,1
val,5323,1
val,6900,6
val,4867,5
val,9236,0
val,747,3
val,5519,0
val,2812,9
val,5900,4
val,3295,5
val,3306,0
val,3605,1
val,4699,6
val,7656,3
val,8955,9
val,9989,6
val,71,0
val,4071,4
val,6042,5
val,4795,9
val,570,5
val,9123,2
val,2871,3
val,202,1
val,9849,2
val,5860,3
val,1192,9
val,1545,9
val,1238,1
val,3203,1
val,5732,1
val,397,5
val,2440,4
val,7489,9
val,9160,5
val,2580,6
val,1971,6
val,2690,3
val,7390,7
val,5975,4
val,1482,6
val,9914,3
val,2541,1
val,4759,1
val,13,0
val,4088,9
val,5301,0
val,7115,2
val,8260,0
val,308,4
val,9714,0
val,7810,0
val,9223,0
val,6188,7
val,6283,6
val,8059,2
val,9780,8
val,45,5
val,8869,6
val,363,2
val,3986,2
val,1707,1
val,529,1
val,5291,1
val,4069,1
val,542,8
val,6158,7
val,5294,4
val,6776,8
val,4542,0
val,7412,2
val,5372,7
val,1158,4
val,3137,4
val,5246,7
val,6257,5
val,7880,6
val,266,8
val,4946,4
val,1948,5
val,7560,4
val,2081,0
val,4341,2
val,1792,7
val,6974,4
val,6247,9
val,2775,5
val,1452,9
val,3924,9
val,442,3
val,5420,5
val,103,4
val,1239,3
val,5272,2
val,5117,6
val,9636,3
val,9788,7
val,8837,7
val,8693,2
val,7474,5
val,4290,8
val,288,1
val,617,7
val,7378,8
val,5305,0
val,4630,3
val,1828,3
val,7609,2
val,1841,0
val,6596,6
val,5829,2
val,3504,9
val,9712,8
val,7343,6
val,358,7
val,717,0
val,5100,9
val,1420,6
val,7491,0
val,5996,9
val,3773,2
val,6566,2
val,7395,1
val,1853,9
val,1456,6
val,2417,0
val,5828,0
val,496,9
val,3378,7
val,2838,2
val,7625,0
val,9975,3
val,7729,2
val,3729,2
val,5523,9
val,44,3
val,6965,5
val,7910,4
val,7517,1
val,2578,7
val,7043,9
val,842,7
val,7016,8
val,5216,2
val,3534,4
val,9548,3
val,8389,0
val,8156,3
val,8746,2
val,4786,9
val,94,1
val,813,9
val,2286,6
val,5315,9
val,1219,8
val,1353,8
val,5858,7
val,1507,7
val,165,5
val,4546,2
val,7168,0
val,9417,2
val,132,5
val,5394,8
val,5364,5
val,8192,5
val,6217,2
val,452,2
val,3971,4
val,9622,1
val,8123,6
val,7488,4
val,4248,2
val,5697,5
val,8474,6
val,5926,4
val,1505,7
val,9440,0
val,4679,9
val,1373,6
val,9792,4
val,5655,7
val,1207,2
val,5029,9
val,6431,2
val,8937,6
val,1159,4
val,7545,8
val,4232,1
val,9553,9
val,4706,9
val,1589,0
val,7848,2
val,6335,7
val,4477,0
val,3013,0
val,1865,4
val,6077,5
val,9825,9
val,3915,4
val,2182,1
val,3249,4
val,5072,1
val,8891,7
val,5340,2
val,8009,8
val,8272,3
val,8870,2
val,7787,6
val,3145,5
val,8106,7
val,8367,1
val,1344,6
val,6757,1
val,4673,9
val,9141,7
val,7912,7
val,4764,1
val,7949,6
val,7131,3
val,1462,2
val,3970,9
val,9828,3
val,1824,2
val,114,7
val,2419,8
val,5882,3
val,9212,7
val,5667,2
val,1339,5
val,2387,9
val,6302,9
val,3568,4
val,8098,0
val,6289,3
val,9139,8
val,8287,6
val,3408,5
val,264,9
val,4864,1
val,8882,9
val,7033,4
val,2107,8
val,7432,7
val,124,7
val,5162,7
val,5554,0
val,6200,9
val,4163,9
val,2080,3
val,300,4
val,5485,7
val,2227,9
val,832,7
val,583,2
val,6416,9
val,4227,0
val,8314,4
val,5693,6
val,1559,9
val,2931,3
val,7134,5
val,7164,8
val,7239,6
val,1395,2
val,4286,0
val,139,4
val,2273,1
val,8918,7
val,2925,5
val,9754,5
val,920,1
val,3792,4
val,9557,8
val,6840,3
val,8931,7
val,8279,8
val,4456,2
val,8999,0
val,8333,6
val,3018,6
val,6447,3
val,8656,5
val,807,3
val,6675,6
val,1079,6
val,4848,2
val,6306,7
val,1291,3
val,6010,2
val,930,7
val,2952,3
val,9043,2
val,6631,8
val,6476,5
val,179,8
val,6482,1
val,2766,6
val,4325,9
val,9763,0
val,2437,2
val,939,2
val,1688,6
val,8294,8
val,1405,5
val,7936,3
val,5458,6
val,3991,6
val,865,3
val,3845,8
val,988,1
val,6786,0
val,2083,3
val,3862,2
val,8083,6
val,6924,4
val,7271,2
val,5033,0
val,5307,0
val,7815,2
val,9432,9
val,2771,4
val,9134,0
val,8708,1
val,9554,9
val,4686,6
val,4431,4
val,7187,5
val,5046,3
val,7721,6
val,1152,9
val,2034,1
val,9326,8
val,3809,1
val,5341,6
val,8031,2
val,9287,9
val,9713,9
val,9254,9
val,7885,4
val,3054,7
val,6149,7
val,3555,8
val,6895,9
val,837,2
val,1120,8
val,1029,8
val,9997,4
val,6563,3
val,4060,4
val,2247,5
val,3890,5
val,7311,3
val,1249,8
val,7660,8
val,7883,4
val,5891,5
val,7448,5
val,7726,4
val,154,1
val,944,3
val,6987,6
val,8087,3
val,6797,2
val,5497,6
val,7745,8
val,1167,4
val,7900,1
val,3909,2
val,9501,3
val,5441,6
val,8472,4
val,1989,4
val,2795,6
val,4901,9
val,888,2
val,4676,1
val,8226,3
val,7541,5
val,7083,4
val,8667,8
val,1871,2
val,7873,0
val,5565,9
val,8954,4
val,6552,4
val,3208,7
val,1463,3
val,2636,8
val,8554,6
val,2348,3
val,8539,5
val,3079,7
val,1050,2
val,393,1
val,8449,1
val,57,1
val,6435,8
val,56,4
val,7478,5
val,1498,7
val,621,8
val,419,1
val,593,9
val,8391,7
val,8558,0
val,5944,2
val,6381,3
val,2215,6
val,891,2
val,7150,1
val,7793,5
val,3327,2
val,2219,8
val,5418,3
val,260,8
val,1324,8
val,6854,4
val,4432,0
val,2099,8
val,5854,7
val,7342,0
val,6392,5
val,5431,1
val,3058,6
val,6120,5
val,6664,3
val,7151,2
val,6795,0
val,9881,3
val,9361,6
val,473,1
val,3067,6
val,1633,1
val,5205,7
val,9698,6
val,1105,9
val,2291,5
val,2424,3
val,4851,6
val,2441,3
val,2790,5
val,9249,1
val,8200,6
val,3589,7
val,9196,7
val,8703,3
val,2058,2
val,5194,5
val,1893,8
val,8729,1
val,2781,9
val,3630,3
val,4666,2
val,8683,2
val,3308,7
val,3558,5
val,7388,5
val,9275,3
val,9198,9
val,7931,9
val,5835,7
val,3903,0
val,1438,0
val,3799,7
val,1067,3
val,3044,0
val,1500,7
val,7113,6
val,8510,7
val,7782,0
val,8343,0
val,1624,7
val,7913,0
val,5989,6
val,38,2
val,4938,7
val,8542,6
val,2124,4
val,7281,2
val,1527,1
val,654,5
val,4511,9
val,9133,5
val,8269,4
val,3758,4
val,8202,7
val,6269,7
val,579,7
val,9768,2
val,6002,6
val,1966,7
val,3984,9
val,3133,4
val,9687,0
val,8996,6
val,578,3
val,5324,7
val,753,3
val,4535,3
val,271,0
val,8235,4
val,5518,5
val,8997,6
val,3361,7
val,2923,9
val,5165,0
val,6088,6
val,2724,8
val,3651,1
val,5002,9
val,4126,8
val,8880,2
val,4351,0
val,2694,9
val,1673,1
val,9536,3
val,6819,1
val,6228,9
val,4579,6
val,9112,1
val,5208,1
val,1168,5
val,3884,9
val,1135,5
val,5045,2
val,5149,2
val,1510,5
val,809,1
val,2538,9
val,2040,5
val,746,7
val,1797,3
val,805,8
val,4711,5
val,6822,4
val,7933,0
val,3859,9
val,3776,5
val,7866,0
val,9585,0
val,743,6
val,538,8
val,675,1
val,6150,8
val,6434,7
val,9420,8
val,494,7
val,3311,5
val,4354,2
val,281,9
val,7328,2
val,7316,4
val,6632,9
val,9508,0
val,8751,9
val,2829,5
val,1196,6
val,5158,3
val,5890,0
val,912,3
val,6614,2
val,2155,0
val,3465,4
val,9231,3
val,292,9
val,3596,4
val,5540,7
val,4391,7
val,5696,4
val,5606,3
val,8977,9
val,4728,5
val,1956,4
val,6327,8
val,8536,1
val,1738,3
val,4115,2
val,6248,8
val,2623,3
val,1364,8
val,9316,8
val,2260,2
val,3660,0
val,9854,8
val,1045,9
val,5101,4
val,4992,0
val,4284,9
val,9484,4
val,8873,1
val,3665,6
val,3564,6
val,9711,7
val,2024,7
val,265,1
val,5496,7
val,1154,0
val,6698,2
val,3486,3
val,7119,3
val,6388,6
val,1764,0
val,8489,3
val,9502,4
val,6338,1
val,6297,8
val,5086,2
val,7315,5
val,1250,6
val,624,2
val,6926,6
val,8553,5
val,277,8
val,1668,9
val,5726,5
val,4417,9
val,2955,3
val,4166,0
val,8042,6
val,6766,0
val,8675,4
val,1314,4
val,52,5
val,3659,3
val,309,3
val,3998,4
val,7680,9
val,7010,3
val,2650,8
val,1750,7
val,9105,0
val,5925,3
val,5028,3
val,2947,6
val,9838,1
val,5839,1
val,7556,1
val,257,8
val,2988,0
val,5509,4
val,4949,1
val,7313,8
val,3298,4
val,2458,6
val,4199,7
val,3305,0
val,8504,9
val,1107,9
val,8335,0
val,4552,3
val,8122,5
val,7144,7
val,7283,4
val,8754,4
val,2676,1
val,9088,8
val,409,1
val,6241,0
val,5978,1
val,1458,6
val,4515,0
val,3027,1
val,2133,2
val,8162,3
val,873,2
val,1048,9
val,7464,9
val,4849,8
val,5021,5
val,7509,3
val,5816,4
val,5407,2
val,4760,7
val,4278,0
val,7646,0
val,9042,8
val,5652,0
val,5820,2
val,4845,8
val,9132,5
val,1313,4
val,6062,0
val,3543,4
val,5042,9
val,6635,2
val,6383,0
val,6503,7
val,7490,7
val,7056,4
val,5384,1
val,8655,3
val,4507,1
val,8349,6
val,7632,7
val,2325,7
val,6724,7
val,4220,3
val,7894,2
val,6610,9
val,9901,9
val,6143,4
val,8386,5
val,221,2
val,1217,9
val,7917,2
val,3390,3
val,4695,4
val,3252,6
val,1695,9
val,287,4
val,8940,5
val,198,4
val,6194,3
val,5266,2
val,6783,1
val,3851,1
val,9969,1
val,924,2
val,101,0
val,421,2
val,3874,9
val,1803,3
val,8234,7
val,8995,1
val,2068,9
val,3667,7
val,6935,8
val,1854,6
val,6502,1
val,8404,9
val,3573,7
val,403,8
val,7971,8
val,9461,6
val,1928,3
val,9421,2
val,5627,9
val,8447,5
val,3954,8
val,4568,7
val,7055,3
val,6722,3
val,256,2
val,4604,0
val,9785,9
val,1800,6
val,1201,1
val,2579,8
val,2412,2
val,8471,3
val,9944,3
val,6646,3
val,762,4
val,4217,4
val,3046,8
val,1282,9
val,5299,9
val,1144,5
val,6373,4
val,9301,1
val,2601,6
val,1106,6
val,701,0
val,9366,6
val,978,5
val,5317,7
val,1131,5
val,2943,1
val,3738,3
val,3502,8
val,9905,3
val,3076,4
val,9550,4
val,8523,9
val,4113,2
val,1346,7
val,2836,4
val,1384,3
val,806,8
val,2639,3
val,8394,2
val,6723,4
val,4020,8
val,3210,0
val,6953,6
val,8959,7
val,4727,3
val,8151,7
val,8091,2
val,4504,2
val,5658,5
val,4966,7
val,8289,1
val,8436,9
val,3066,4
val,4645,5
val,7516,0
val,97,7
val,95,4
val,4907,3
val,5848,1
val,8627,8
val,7796,7
val,1925,7
val,4530,7
val,1272,5
val,5586,8
val,6666,7
val,649,7
val,1276,7
val,7967,0
val,5564,4
val,3501,9
val,8233,1
val,9909,7
val,2818,4
val,8408,8
val,6468,1
val,7817,0
val,7118,9
val,2365,7
val,7703,0
val,8413,8
val,9661,1
val,6368,5
val,5321,0
val,4594,2
val,6980,9
val,4832,6
val,2442,7
val,9353,4
val,9319,9
val,2009,9
val,4933,5
val,6175,4
val,7211,3
val,9363,3
val,6356,1
val,8388,0
val,914,8
val,3941,4
val,9459,0
val,7735,8
val,1528,1
val,4355,5
val,8253,2
val,1406,5
val,4657,3
val,7739,2
val,6469,2
val,269,0
val,7351,5
val,508,6
val,127,5
val,6744,2
val,6754,2
val,2268,7
val,6363,7
val,7425,4
val,8400,4
val,8193,4
val,3623,5
val,839,8
val,8119,2
val,5626,2
val,7867,9
val,5668,5
val,5733,2
val,5092,1
val,4462,0
val,498,0
val,6777,6
val,1810,5
val,8808,0
val,5588,1
val,4533,1
val,3230,1
val,5536,2
val,8222,4
val,5898,6
val,3537,5
val,392,6
val,8240,6
val,9106,3
val,85,4
val,1348,2
val,170,4
val,1308,9
val,89,1
val,8120,3
val,144,7
val,7585,6
val,9455,0
val,4178,1
val,4329,0
val,2612,1
val,4964,2
val,283,5
val,6397,1
val,6183,2
val,5141,0
val,3153,8
val,9764,4
val,9605,4
val,3751,7
val,2078,5
val,336,9
val,5199,6
val,2918,2
val,3457,1
val,8412,5
val,5718,0
val,3701,3
val,8258,8
val,2564,7
val,6871,7
val,6121,7
val,7087,1
val,8921,0
val,4285,6
val,880,7
val,4550,9
val,7766,7
val,9491,3
val,9938,6
val,33,4
val,157,0
val,3905,8
val,7607,0
val,4343,0
val,5388,9
val,7296,7
val,2605,7
val,7591,1
val,486,8
val,8451,3
val,8050,3
val,3423,7
val,192,0
val,678,9
val,4024,4
val,8431,9
val,6817,9
val,5621,8
val,1306,4
val,1913,3
val,8477,9
val,9409,3
val,1582,1
val,3507,9
val,9152,4
val,4614,0
val,1949,7
val,7058,6
val,4289,2
val,7598,7
val,1321,7
val,8543,1
val,2911,8
val,5182,9
val,6526,0
val,1166,3
val,5242,9
val,7935,2
val,7492,2
val,3357,4
val,8005,1
val,2474,7
val,186,2
val,6979,0
val,5653,0
val,870,6
val,9142,9
val,9379,2
val,451,3
val,8610,4
val,5202,4
val,6205,4
val,8530,8
val,3557,6
val,5641,2
val,488,9
val,9462,8
val,928,9
val,5499,1
val,2652,2
val,4783,4
val,9705,1
val,5332,6
val,1651,8
val,1675,8
val,6942,5
val,7980,1
val,3034,9
val,2543,8
val,8369,4
val,4804,0
val,5526,0
val,8324,1
val,7953,0
val,2084,4
val,9583,5
val,3490,4
val,4120,3
val,3481,0
val,4142,7
val,9545,5
val,2077,5
val,4603,1
val,3652,1
val,5439,4
val,429,8
val,2706,1
val,9784,9
val,2057,6
val,4960,8
val,6574,2
val,5852,5
val,6870,9
val,642,0
val,8981,3
val,1549,4
val,9479,3
val,8952,3
val,99,9
val,2524,1
val,2489,4
val,1529,4
val,5386,9
val,3728,4
val,1399,0
val,5616,3
val,8320,2
val,2479,0
val,9328,7
val,7686,1
val,4146,0
val,14,1
val,2436,4
val,9241,1
val,8379,3
val,3446,0
val,6529,4
val,9098,4
val,112,3
val,6290,3
val,6102,4
val,4139,6
val,2767,3
val,564,0
val,6584,2
val,665,6
val,6020,6
val,9474,3
val,8153,2
val,3931,6
val,1920,4
val,3085,3
val,8534,9
val,7878,8
val,7767,8
val,887,3
val,1608,3
val,7007,2
val,5460,1
val,3364,8
val,4618,6
val,5600,7
val,4457,0
val,7404,6
val,8325,0
val,910,4
val,2542,6
val,5222,5
val,6044,1
val,7993,3
val,1879,5
val,7843,6
val,8079,2
val,9745,4
val,2450,3
val,5528,5
val,9080,0
val,996,2
val,1616,6
val,4945,9
val,1923,3
val,614,3
val,2211,8
val,2499,4
val,4725,2
val,2615,4
val,6070,8
val,6049,8
val,3315,0
val,3080,3
val,3331,6
val,822,7
val,2963,4
val,6069,7
val,2363,4
val,981,0
val,2157,2
val,6355,6
val,1303,2
val,3291,4
val,8259,9
val,1970,5
val,6913,1
val,5631,4
val,8323,2
val,3848,7
val,6309,0
val,6869,1
val,431,8
val,212,9
val,1768,0
val,3056,9
val,433,5
val,4638,3
val,6501,3
val,4362,8
val,4908,6
val,9226,6
val,8972,3
val,8515,6
val,9639,4
val,7039,6
val,652,1
val,6728,5
val,5757,9
val,6354,6
val,7723,0
val,3505,7
val,9620,9
val,366,6
val,9378,1
val,205,3
val,5221,6
val,2614,8
val,6732,2
val,3264,1
val,5258,1
val,6940,3
val,6730,7
val,1649,4
val,5361,1
val,9826,0
val,7930,2
val,1476,5
val,7852,7
val,1477,7
val,9753,0
val,1423,9
val,8455,7
val,3786,1
val,3201,2
val,9834,8
val,648,3
val,6013,4
val,9776,6
val,7049,0
val,3611,2
val,4237,9
val,3712,6
val,9512,4
val,8914,1
val,2128,3
val,9493,5
val,7776,8
val,7458,3
val,7310,6
val,9244,0
val,6986,7
val,1615,3
val,4406,3
val,9081,1
val,4948,8
val,3766,3
val,4040,9
val,934,5
val,3151,2
val,9644,7
val,6272,3
val,802,4
val,534,6
val,4746,7
val,520,8
val,464,3
val,5728,7
val,823,2
val,251,1
val,8078,1
val,2114,5
val,1273,0
val,1698,6
val,3217,3
val,734,3
val,24,4
val,6066,4
val,8600,1
val,9666,0
val,6778,9
val,6608,9
val,8045,1
val,5390,2
val,387,2
val,8982,5
val,8814,6
val,7508,2
val,5746,1
val,4682,9
val,4887,0
val,5543,8
val,4421,4
val,3961,6
val,7850,5
val,1991,2
val,3136,7
val,6446,2
val,51,3
val,3218,6
val,3286,9
val,2270,7
val,9891,9
val,2300,3
val,9565,4
val,36,7
val,5853,6
val,6360,7
val,9500,2
val,2449,0
val,6525,5
val,3582,1
val,6704,3
val,6578,8
val,4798,6
val,2582,9
val,4741,0
val,7278,9
val,6605,6
val,8167,3
val,713,0
val,9624,3
val,405,4
val,9237,8
val,1636,4
val,945,2
val,3658,2
val,4459,7
val,9252,9
val,2073,5
val,3350,6
val,1466,5
val,9836,1
val,7030,7
val,2505,7
val,5801,6
val,237,2
val,326,2
val,6911,4
val,2824,0
val,3982,0
val,3987,8
val,4019,6
val,7084,0
val,2992,3
val,7074,2
val,2658,4
val,7032,7
val,7009,4
val,5717,2
val,8971,1
val,5847,0
val,4180,2
val,6975,3
val,6659,8
val,5450,0
val,7908,7
val,9089,9
val,9307,8
val,5766,3
val,4738,4
val,3270,6
val,4065,0
val,6251,4
val,2572,2
val,7428,8
val,6512,9
val,7505,0
val,9437,6
val,6285,3
val,2708,4
val,3162,7
val,7570,2
val,573,3
val,7371,8
val,1139,1
val,3496,0
val,90,3
val,2613,4
val,2638,0
val,6742,4
val,6847,6
val,8271,3
val,4488,6
val,2004,8
val,993,0
val,1164,7
val,2537,4
val,8136,9
val,5104,4
val,3566,2
val,7152,6
val,3781,8
val,9960,4
val,1433,8
val,4590,4
val,368,6
val,2940,2
val,5269,9
val,7638,1
val,3977,3
val,4317,3
val,5865,0
val,9895,7
val,1251,2
val,479,9
val,238,4
val,6177,3
val,6015,0
val,5877,6
val,5151,4
val,8570,3
val,8178,4
val,7486,2
val,3474,2
val,9552,0
val,5187,5
val,282,7
val,9204,7
val,3965,3
val,1437,4
val,2914,3
val,1569,6
val,1560,8
val,8755,4
val,6711,0
val,3888,9
val,6349,3
val,4016,9
val,4809,5
val,8435,3
val,9789,4
val,3008,9
val,377,1
val,5686,0
val,8936,2
val,3891,9
val,7831,3
val,3187,6
val,4902,5
val,2085,2
val,2244,9
val,3072,8
val,8834,5
val,3343,8
val,890,3
val,8112,2
val,1483,1
val,4547,6
val,6890,4
val,8759,8
val,8245,2
val,2101,2
val,6025,4
val,8983,0
val,8244,1
val,7569,8
val,8531,5
val,1511,4
val,9846,1
val,5121,7
val,6179,6
val,1343,9
val,1354,3
val,1299,5
val,2546,5
val,9392,6
val,3677,0
val,3928,5
val,6185,4
val,3224,8
val,3879,9
val,9544,9
val,8533,3
val,3716,9
val,7415,6
val,2315,1
val,3320,1
val,8824,6
val,2282,5
val,7273,4
val,5103,8
val,5209,8
val,1720,4
val,4204,2
val,1835,1
val,2376,0
val,3374,8
val,5466,7
val,2642,7
val,2875,9
val,4143,9
val,4482,2
val,1538,2
val,9721,7
val,9921,6
val,5851,4
val,3228,4
val,998,8
val,7046,8
val,9992,9
val,7527,1
val,7720,8
val,3116,2
val,4096,8
val,3059,7
val,4322,7
val,2470,8
val,6499,2
val,8648,2
val,6570,3
val,9253,4
val,4090,0
val,9995,2
val,3247,4
val,177,8
val,6702,1
val,3976,7
val,7133,0
val,136,0
val,7048,1
val,8532,2
val,3613,0
val,7077,5
val,9453,4
val,7763,3
val,7773,2
val,8225,2
val,6607,2
val,2655,1
val,6054,7
val,276,1
val,3449,3
val,1755,5
val,9758,3
val,6141,1
val,4250,2
val,313,3
val,2156,6
val,6773,2
val,530,9
val,3241,9
val,4128,3
val,970,5
val,1126,7
val,3324,8
val,6138,4
val,7226,1
val,5357,6
val,9431,3
val,2044,2
val,3445,0
val,820,6
val,8944,6
val,6989,2
val,4920,2
val,7288,9
val,5116,6
val,8676,5
val,1318,1
val,5024,2
val,2916,9
val,3722,4
val,5387,8
val,6824,6
val,3354,1
val,5195,4
val,9441,6
val,3549,3
val,3581,0
val,4696,5
val,8598,3
val,2569,5
val,3294,7
val,5723,2
val,5761,2
val,6331,3
val,2319,4
val,5241,0
val,585,7
val,2551,3
val,5549,7
val,6382,3
val,1901,9
val,3627,8
val,2033,0
val,5089,2
val,8150,9
val,6956,9
val,5350,1
val,3854,7
val,8398,7
val,9061,1
val,302,1
val,9717,3
val,7407,3
val,3258,2
val,1028,3
val,9119,5
val,676,7
val,8416,4
val,4730,7
val,4107,7
val,1331,5
val,958,3
val,5559,4
val,6672,0
val,262,7
val,8084,9
val,2622,7
val,7655,0
val,6564,3
val,1903,7
val,5334,7
val,7069,7
val,1891,2
val,8177,6
val,1721,7
val,7446,0
val,9561,3
val,5615,2
val,6308,1
val,7697,9
val,7258,6
val,9375,8
val,2806,4
val,9384,7
val,98,6
val,2667,8
val,6053,5
val,7186,4
val,4407,9
val,9807,8
val,339,6
val,4988,9
val,2938,4
val,8502,5
val,8544,2
val,1412,2
val,8612,2
val,474,8
val,5228,6
val,3929,5
val,8650,1
val,3047,2
val,8155,4
val,4231,8
val,7665,1
val,8980,1
val,3477,9
val,4885,3
val,4974,4
val,2793,8
val,4777,8
val,8813,5
val,1536,6
val,9814,5
val,62,9
val,1011,1
val,4803,4
val,2082,2
val,3866,1
val,360,4
val,7207,3
val,2700,7
val,7588,9
val,5449,2
val,9376,9
val,2631,0
val,70,7
val,7295,6
val,3995,3
val,5911,8
val,634,9
val,3349,7
val,2951,5
val,6412,2
val,5025,1
val,6286,0
val,8584,2
val,650,6
val,3273,6
val,1827,8
val,750,0
val,1921,6
val,4081,6
val,9469,7
val,4309,9
val,1002,2
val,3184,7
val,4037,6
val,9842,6
val,2901,4
val,3964,8
val,8046,8
val,8274,9
val,511,4
val,3344,6
val,5908,9
val,7250,3
val,6651,0
val,7194,4
val,8804,6
val,8998,9
val,5286,6
val,9264,0
val,5592,0
val,9937,2
val,2251,4
val,2971,2
val,37,1
val,7572,2
val,836,1
val,9140,1
val,176,1
val,5998,1
val,1041,5
val,3552,5
val,729,6
val,1418,9
val,9373,6
val,7203,0
val,3061,7
val,6282,5
val,6145,8
val,2431,3
val,148,0
val,7862,8
val,5476,4
val,8103,6
val,7942,9
val,5987,0
val,7629,4
val,2460,5
val,5923,4
val,6984,9
val,5318,1
val,4300,5
val,4689,5
val,7762,2
val,316,6
val,8827,9
val,5189,2
val,2523,7
val,4959,0
val,2560,3
val,9404,9
val,1260,7
val,1319,8
val,8741,5
val,1076,2
val,1089,5
val,1098,3
val,4150,0
val,7225,0
val,7095,9
val,6036,2
val,9959,8
val,8547,8
val,5798,7
val,4843,9
val,8947,4
val,5794,1
val,618,5
val,9615,4
val,3168,9
val,2831,6
val,1330,4
val,2863,9
val,328,7
val,5108,0
val,5688,7
val,9883,5
val,7137,4
val,5097,7
val,1187,2
val,9669,4
val,3297,0
val,5236,8
val,7485,0
val,515,3
val,9168,2
val,8077,0
val,9510,2
val,2172,8
val,5610,7
