,Simplification Threshold,Count
0,0,4122
1,0.000010039657354354858,4121
2,0.00001358427107334137,4120
3,0.000014046207070350647,4119
4,0.000014253892004489899,4118
5,0.00001475214958190918,4117
6,0.000022873282432556152,4116
7,0.000024883076548576355,4115
8,0.00002798996865749359,4114
9,0.00003297068178653717,4113
10,0.000038526952266693115,4112
11,0.00003914535045623779,4111
12,0.00003956630825996399,4110
13,0.0000471179373562336,4109
14,0.00006124284118413925,4108
15,0.00007850769907236099,4107
16,0.00008378364145755768,4106
17,0.00008588097989559174,4105
18,0.00008602673187851906,4104
19,0.00010996498167514801,4103
20,0.00011059176176786423,4102
21,0.0001142304390668869,4101
22,0.00011777970939874649,4100
23,0.0001246035099029541,4099
24,0.00012857839465141296,4098
25,0.00013650208711624146,4097
26,0.0001460295170545578,4096
27,0.0001499820500612259,4095
28,0.0001533075701445341,4094
29,0.0001588575541973114,4093
30,0.00016883609350770712,4092
31,0.00017312169075012207,4091
32,0.0001828344538807869,4090
33,0.00018349848687648773,4089
34,0.00019418727606534958,4088
35,0.00023145508021116257,4087
36,0.00023936480283737183,4086
37,0.00024234503507614136,4085
38,0.00024275854229927063,4084
39,0.00024311570450663567,4083
40,0.0002532020444050431,4082
41,0.0002636285498738289,4081
42,0.0002684248611330986,4080
43,0.00027292966842651367,4079
44,0.00027492642402648926,4078
45,0.00028391554951667786,4077
46,0.0002977875992655754,4076
47,0.0002991482615470886,4075
48,0.0003008730709552765,4074
49,0.00030225515365600586,4073
50,0.0003086943179368973,4072
51,0.00032709166407585144,4071
52,0.00033457763493061066,4070
53,0.00033915601670742035,4069
54,0.0003393888473510742,4068
55,0.0003405008465051651,4067
56,0.0003443816676735878,4066
57,0.0003518909215927124,4065
58,0.00035251863300800323,4064
59,0.00035293400287628174,4063
60,0.00035537034273147583,4062
61,0.0003596581518650055,4061
62,0.00036254897713661194,4060
63,0.00036435993388295174,4059
64,0.00036581605672836304,4058
65,0.00036786054261028767,4057
66,0.0003689797595143318,4056
67,0.0003789439797401428,4055
68,0.00037901103496551514,4054
69,0.00040031038224697113,4053
70,0.0004040505737066269,4052
71,0.0004045218229293823,4051
72,0.0004144832491874695,4050
73,0.00041656196117401123,4049
74,0.00042988918721675873,4048
75,0.00044061802327632904,4047
76,0.00044258125126361847,4046
77,0.0004481673240661621,4045
78,0.0004495754837989807,4044
79,0.000456799753010273,4043
80,0.00046068429946899414,4042
81,0.00046247150748968124,4041
82,0.0004646517336368561,4040
83,0.0004715956747531891,4039
84,0.0004738320130854845,4038
85,0.00047880783677101135,4037
86,0.0005116984248161316,4036
87,0.0005281418561935425,4035
88,0.0005303341895341873,4034
89,0.000531238503754139,4033
90,0.0005337633192539215,4032
91,0.0005364571698009968,4031
92,0.0005550682544708252,4030
93,0.0005571357905864716,4029
94,0.0005765333771705627,4028
95,0.0006057368591427803,4027
96,0.0006083361804485321,4026
97,0.0006130896508693695,4025
98,0.0006198433693498373,4024
99,0.0006241612136363983,4023
100,0.0006327715236693621,4022
101,0.0006434498354792595,4021
102,0.0006445907056331635,4020
103,0.0006548250094056129,4019
104,0.0006638411432504654,4018
105,0.0006651254370808601,4017
106,0.0006694160401821136,4016
107,0.0006699413061141968,4015
108,0.0006924350745975971,4014
109,0.0007058875635266304,4013
110,0.0007065907120704651,4012
111,0.0007106326520442963,4011
112,0.0007143076509237289,4010
113,0.0007183365523815155,4009
114,0.0007302695885300636,4008
115,0.0007329769432544708,4007
116,0.000736478716135025,4006
117,0.0007524155080318451,4005
118,0.0007552206516265869,4004
119,0.0007553864270448685,4003
120,0.0007674507796764374,4002
121,0.0007813237607479095,4001
122,0.000798691064119339,4000
123,0.0007999241352081299,3999
124,0.0008107037283480167,3998
125,0.0008146143518388271,3997
126,0.0008255532011389732,3996
127,0.0008313227444887161,3995
128,0.0008320426568388939,3994
129,0.0008344824891537428,3993
130,0.0008348152041435242,3992
131,0.000857919454574585,3991
132,0.000867798924446106,3990
133,0.0008732732385396957,3989
134,0.0008787140250205994,3988
135,0.0008821338415145874,3987
136,0.0008832681924104691,3986
137,0.0008854586631059647,3985
138,0.0008891867473721504,3984
139,0.0008995085954666138,3983
140,0.0009047985076904297,3982
141,0.0009079007431864738,3981
142,0.0009154342114925385,3980
143,0.0009276652708649635,3979
144,0.0009541106410324574,3978
145,0.0009607542306184769,3977
146,0.0009776130318641663,3976
147,0.0009963512420654297,3975
148,0.001006145030260086,3974
149,0.0010165385901927948,3973
150,0.0010182182304561138,3972
151,0.0010197311639785767,3971
152,0.001039072871208191,3970
153,0.0010489057749509811,3969
154,0.0010714102536439896,3968
155,0.0010740868747234344,3967
156,0.001084731426090002,3966
157,0.0011010058224201202,3965
158,0.0011098850518465042,3964
159,0.001110621728003025,3963
160,0.0011277683079242706,3962
161,0.0011325173545628786,3961
162,0.0011335350573062897,3960
163,0.0011448580771684647,3959
164,0.0011458192020654678,3958
165,0.001166224479675293,3957
166,0.0011743465438485146,3956
167,0.0011800909414887428,3955
168,0.0011847615242004395,3954
169,0.0011873585171997547,3953
170,0.0011930391192436218,3952
171,0.0011953338980674744,3951
172,0.0011981427669525146,3950
173,0.0012080604210495949,3949
174,0.0012084171175956726,3948
175,0.0012142863124608994,3947
176,0.0012226849794387817,3946
177,0.0012343619018793106,3945
178,0.0012496596900746226,3944
179,0.0012683048844337463,3943
180,0.0012686941772699356,3942
181,0.0012738374061882496,3941
182,0.0012777121737599373,3940
183,0.0012781471014022827,3939
184,0.0012830346822738647,3938
185,0.0012943670153617859,3937
186,0.0012982487678527832,3936
187,0.0013090549036860466,3935
188,0.001317096408456564,3934
189,0.0013289311900734901,3933
190,0.0013335570693016052,3932
191,0.0013419687747955322,3931
192,0.001345297321677208,3930
193,0.0013484098017215729,3929
194,0.0013500438071787357,3928
195,0.0013765892945230007,3927
196,0.0013858601450920105,3926
197,0.0013888757675886154,3925
198,0.0013960008509457111,3924
199,0.0014016283676028252,3923
200,0.0014020558446645737,3922
201,0.0014053639024496078,3921
202,0.001419663429260254,3920
203,0.0014196857810020447,3919
204,0.0014210138469934464,3918
205,0.0014281552284955978,3917
206,0.0014388486742973328,3916
207,0.001440245658159256,3915
208,0.0014547519385814667,3914
209,0.0014601945877075195,3913
210,0.0014644283801317215,3912
211,0.0014659008011221886,3911
212,0.0014659585431218147,3910
213,0.0014673946425318718,3909
214,0.00147194042801857,3908
215,0.0015007741749286652,3907
216,0.001504107378423214,3906
217,0.001509029883891344,3905
218,0.0015225382521748543,3904
219,0.0015243440866470337,3903
220,0.0015376340597867966,3902
221,0.0015411910135298967,3901
222,0.001548686996102333,3900
223,0.00155738927423954,3899
224,0.0015575222205370665,3898
225,0.0015604428481310606,3897
226,0.0015718508511781693,3896
227,0.0015721321105957031,3895
228,0.0015777060762047768,3894
229,0.001582615077495575,3893
230,0.0015929564833641052,3892
231,0.001601627329364419,3891
232,0.0016084592789411545,3890
233,0.0016133328899741173,3889
234,0.0016184356063604355,3888
235,0.001630203565582633,3887
236,0.0016342103481292725,3886
237,0.001634226180613041,3885
238,0.001639844849705696,3884
239,0.0016508549451828003,3883
240,0.0016612231265753508,3882
241,0.0016660201363265514,3881
242,0.001666484633460641,3880
243,0.001677628606557846,3879
244,0.001681499183177948,3878
245,0.0016837147995829582,3877
246,0.0016846563667058945,3876
247,0.0017163138836622238,3875
248,0.00171675905585289,3874
249,0.0017174908425658941,3873
250,0.0017196740955114365,3872
251,0.0017214827239513397,3871
252,0.0017276108264923096,3870
253,0.0017357692122459412,3869
254,0.0017494636122137308,3868
255,0.0017506410367786884,3867
256,0.0017529241740703583,3866
257,0.0017551819328218699,3865
258,0.0017591267824172974,3864
259,0.0017704167403280735,3863
260,0.00178469717502594,3862
261,0.0017868652939796448,3861
262,0.0017878487706184387,3860
263,0.0017943158745765686,3859
264,0.001802690327167511,3858
265,0.0018075909465551376,3857
266,0.0018141120672225952,3856
267,0.0018174462020397186,3855
268,0.0018274486064910889,3854
269,0.0018463768064975739,3853
270,0.0018569622188806534,3852
271,0.0018571186810731888,3851
272,0.0018673539161682129,3850
273,0.0018734410405158997,3849
274,0.0018835216760635376,3848
275,0.001901421695947647,3847
276,0.0019097868353128433,3846
277,0.0019269250333309174,3845
278,0.0019373951945453882,3844
279,0.001939399167895317,3843
280,0.001950921956449747,3842
281,0.001951463520526886,3841
282,0.0019521638751029968,3840
283,0.0019740909337997437,3839
284,0.001977181062102318,3838
285,0.0019791610538959503,3837
286,0.0019885096698999405,3836
287,0.0020138584077358246,3835
288,0.0020148493349552155,3834
289,0.0020153112709522247,3833
290,0.0020250529050827026,3832
291,0.00204000947996974,3831
292,0.0020521879196166992,3830
293,0.0020674876868724823,3829
294,0.002070617862045765,3828
295,0.0020744334906339645,3827
296,0.002076420933008194,3826
297,0.0020800232887268066,3825
298,0.0020856475457549095,3824
299,0.002088204026222229,3823
300,0.0020910105668008327,3822
301,0.0020984141156077385,3821
302,0.002106158062815666,3820
303,0.002106446772813797,3819
304,0.002111830748617649,3818
305,0.0021123960614204407,3817
306,0.0021210089325904846,3816
307,0.002127343788743019,3815
308,0.0021379608660936356,3814
309,0.002138202078640461,3813
310,0.0021577058359980583,3812
311,0.00216182810254395,3811
312,0.0021824929863214493,3810
313,0.002189747989177704,3809
314,0.002194363623857498,3808
315,0.002194830682128668,3807
316,0.0022227554582059383,3806
317,0.002223108895123005,3805
318,0.0022298749536275864,3804
319,0.002238777931779623,3803
320,0.002250785008072853,3802
321,0.002265583723783493,3801
322,0.0022724843584001064,3800
323,0.0022730394266545773,3799
324,0.0022740960121154785,3798
325,0.0022757165133953094,3797
326,0.002281749155372381,3796
327,0.0022820960730314255,3795
328,0.0023032762110233307,3794
329,0.002308056689798832,3793
330,0.0023135999217629433,3792
331,0.002369936555624008,3791
332,0.0023719891905784607,3790
333,0.002373158000409603,3789
334,0.0023783016949892044,3788
335,0.0023871944285929203,3787
336,0.0024037212133407593,3786
337,0.0024064702447503805,3785
338,0.0024084411561489105,3784
339,0.0024111862294375896,3783
340,0.0024126525968313217,3782
341,0.0024382970295846462,3781
342,0.0024395869113504887,3780
343,0.002440229058265686,3779
344,0.0024437569081783295,3778
345,0.0024538394063711166,3777
346,0.0024553686380386353,3776
347,0.002465238329023123,3775
348,0.002487209625542164,3774
349,0.0024916725233197212,3773
350,0.002492479979991913,3772
351,0.0024943300522863865,3771
352,0.002502860501408577,3770
353,0.0025152936577796936,3769
354,0.002518871333450079,3768
355,0.0025204760022461414,3767
356,0.0025237463414669037,3766
357,0.0025267228484153748,3765
358,0.0025346484035253525,3764
359,0.0025373511016368866,3763
360,0.002541942521929741,3762
361,0.002547476440668106,3761
362,0.0025517307221889496,3760
363,0.0025569871068000793,3759
364,0.0025652721524238586,3758
365,0.002580900676548481,3757
366,0.0025871358811855316,3756
367,0.002600599080324173,3755
368,0.002607351401820779,3754
369,0.0026080948300659657,3753
370,0.002615835517644882,3752
371,0.0026377812027931213,3751
372,0.002641037106513977,3750
373,0.0026418897323310375,3749
374,0.002650173380970955,3748
375,0.0026517354417592287,3747
376,0.0026560546830296516,3746
377,0.0026606284081935883,3745
378,0.002664634957909584,3744
379,0.0026771221309900284,3743
380,0.0026810839772224426,3742
381,0.0026822462677955627,3741
382,0.0026845529209822416,3740
383,0.0027085691690444946,3739
384,0.002709418535232544,3738
385,0.002713407389819622,3737
386,0.002717534778639674,3736
387,0.0027183741331100464,3735
388,0.0027228007093071938,3734
389,0.00272541306912899,3733
390,0.002738509327173233,3732
391,0.002740757539868355,3731
392,0.0027445240411907434,3730
393,0.00274832546710968,3729
394,0.002750893123447895,3728
395,0.002757154405117035,3727
396,0.002760443137958646,3726
397,0.0027790525928139687,3725
398,0.0027950992807745934,3724
399,0.0028152037411928177,3723
400,0.002816186286509037,3722
401,0.002819775603711605,3721
402,0.00282219797372818,3720
403,0.0028326082974672318,3719
404,0.002834022045135498,3718
405,0.0028376951813697815,3717
406,0.0028409361839294434,3716
407,0.0028457995504140854,3715
408,0.0028484463691711426,3714
409,0.0028628334403038025,3713
410,0.0028636418282985687,3712
411,0.0028693859931081533,3711
412,0.002875499427318573,3710
413,0.002889959141612053,3709
414,0.0028996672481298447,3708
415,0.00290755950845778,3707
416,0.002915646880865097,3706
417,0.002918943762779236,3705
418,0.002921750769019127,3704
419,0.002924226922914386,3703
420,0.002924496540799737,3702
421,0.0029282839968800545,3701
422,0.0029408540576696396,3700
423,0.0029610376805067062,3699
424,0.0029620863497257233,3698
425,0.0029628146439790726,3697
426,0.0029840469360351562,3696
427,0.0029965918511152267,3695
428,0.003005705773830414,3694
429,0.0030128206126391888,3693
430,0.0030180886387825012,3692
431,0.003032401204109192,3691
432,0.003035403788089752,3690
433,0.0030363621190190315,3689
434,0.003037367481738329,3688
435,0.0030393414199352264,3687
436,0.0030596116557717323,3686
437,0.0030641648918390274,3685
438,0.0030666072852909565,3684
439,0.003074592910706997,3683
440,0.003079429967328906,3682
441,0.00308440625667572,3681
442,0.0030884393490850925,3680
443,0.00309602078050375,3679
444,0.003123784437775612,3678
445,0.0031252149492502213,3677
446,0.0031395500991493464,3676
447,0.003157659899443388,3675
448,0.003172367811203003,3674
449,0.00317327119410038,3673
450,0.0031762286089360714,3672
451,0.003181949257850647,3671
452,0.0031862687319517136,3670
453,0.0032002124935388565,3669
454,0.003206819761544466,3668
455,0.003208667039871216,3667
456,0.0032104551792144775,3666
457,0.0032128021121025085,3665
458,0.0032191318459808826,3664
459,0.0032325778156518936,3663
460,0.0032326364889740944,3662
461,0.003238160163164139,3661
462,0.0032395198941230774,3660
463,0.003249228000640869,3659
464,0.0032714884728193283,3658
465,0.0032720938324928284,3657
466,0.0032827267423272133,3656
467,0.0032837390899658203,3655
468,0.003296598792076111,3654
469,0.003316769376397133,3653
470,0.0033232716377824545,3652
471,0.003330100327730179,3651
472,0.0033469926565885544,3650
473,0.0033607706427574158,3649
474,0.00336090219207108,3648
475,0.0033639147877693176,3647
476,0.0033813174813985825,3646
477,0.0033868327736854553,3645
478,0.0033871191553771496,3644
479,0.003392124082893133,3643
480,0.0034005376510322094,3642
481,0.003405774012207985,3641
482,0.003408460645005107,3640
483,0.0034268759191036224,3639
484,0.003434419631958008,3638
485,0.003444001078605652,3637
486,0.003444856032729149,3636
487,0.003448275849223137,3635
488,0.0034514376893639565,3634
489,0.003458026796579361,3633
490,0.0034752553328871727,3632
491,0.0034796539694070816,3631
492,0.003479696810245514,3630
493,0.0034920447506010532,3629
494,0.0034981057979166508,3628
495,0.0035398341715335846,3627
496,0.003544711507856846,3626
497,0.0035494789481163025,3625
498,0.00355414766818285,3624
499,0.00355447456240654,3623
500,0.003554895520210266,3622
501,0.0035574855282902718,3621
502,0.003562585450708866,3620
503,0.0035720476880669594,3619
504,0.0035767245572060347,3618
505,0.0035768896341323853,3617
506,0.003583269426599145,3616
507,0.0035939663648605347,3615
508,0.0035958513617515564,3614
509,0.003626454621553421,3613
510,0.003630027174949646,3612
511,0.0036332067102193832,3611
512,0.0036404766142368317,3610
513,0.0036432023625820875,3609
514,0.0036446377635002136,3608
515,0.0036535952240228653,3607
516,0.003667965531349182,3606
517,0.003686932846903801,3605
518,0.0036922842264175415,3604
519,0.00370938703417778,3603
520,0.0037175314500927925,3602
521,0.00372978113591671,3601
522,0.003749057650566101,3600
523,0.0037601664662361145,3599
524,0.003769722767174244,3598
525,0.003777960315346718,3597
526,0.0037800073623657227,3596
527,0.0037889061495661736,3595
528,0.0037933127023279667,3594
529,0.003793626092374325,3593
530,0.0037956684827804565,3592
531,0.0037987902760505676,3591
532,0.003804631531238556,3590
533,0.0038217753171920776,3589
534,0.0038317758589982986,3588
535,0.0038478970527648926,3587
536,0.0038479664362967014,3586
537,0.0038591171614825726,3585
538,0.003871496766805649,3584
539,0.0038840733468532562,3583
540,0.003884304314851761,3582
541,0.003891909494996071,3581
542,0.003895215690135956,3580
543,0.0038988031446933746,3579
544,0.0039018895477056503,3578
545,0.003908582031726837,3577
546,0.0039187222719192505,3576
547,0.003936975263059139,3575
548,0.0039586275815963745,3574
549,0.003973271697759628,3573
550,0.003978472203016281,3572
551,0.0040017906576395035,3571
552,0.004006009548902512,3570
553,0.004012364894151688,3569
554,0.004013443365693092,3568
555,0.004022384062409401,3567
556,0.00403435155749321,3566
557,0.004044528119266033,3565
558,0.0040640151128172874,3564
559,0.004069391638040543,3563
560,0.004072799813002348,3562
561,0.004076667129993439,3561
562,0.004080313723534346,3560
563,0.004083659499883652,3559
564,0.0040999893099069595,3558
565,0.004121266305446625,3557
566,0.004124760627746582,3556
567,0.004125739447772503,3555
568,0.004132737871259451,3554
569,0.004134677350521088,3553
570,0.0041352794505655766,3552
571,0.004147537052631378,3551
572,0.004152894020080566,3550
573,0.0041626193560659885,3549
574,0.004164256155490875,3548
575,0.004167336970567703,3547
576,0.004178047180175781,3546
577,0.004196568392217159,3545
578,0.0041972920298576355,3544
579,0.0042022038251161575,3543
580,0.004204802215099335,3542
581,0.004204976838082075,3541
582,0.0042060380801558495,3540
583,0.004210896790027618,3539
584,0.004212229512631893,3538
585,0.004218491725623608,3537
586,0.004220472648739815,3536
587,0.004227282479405403,3535
588,0.004230733960866928,3534
589,0.004241170361638069,3533
590,0.004241902381181717,3532
591,0.004250542726367712,3531
592,0.0042609358206391335,3530
593,0.0042671337723731995,3529
594,0.00427585281431675,3528
595,0.004277873784303665,3527
596,0.004281278233975172,3526
597,0.004283125512301922,3525
598,0.004286040551960468,3524
599,0.004288235679268837,3523
600,0.004288813099265099,3522
601,0.004295805003494024,3521
602,0.0043061282485723495,3520
603,0.004313393030315638,3519
604,0.00431463960558176,3518
605,0.004315313883125782,3517
606,0.0043247477151453495,3516
607,0.0043401168659329414,3515
608,0.004341207444667816,3514
609,0.004345743916928768,3513
610,0.004355869721621275,3512
611,0.004362810868769884,3511
612,0.004377606324851513,3510
613,0.0043845511972904205,3509
614,0.004389055073261261,3508
615,0.004403483122587204,3507
616,0.004407472908496857,3506
617,0.004410667344927788,3505
618,0.004414327442646027,3504
619,0.0044151898473501205,3503
620,0.0044290125370025635,3502
621,0.004442624747753143,3501
622,0.004445038735866547,3500
623,0.00444900244474411,3499
624,0.004452355206012726,3498
625,0.0044535081833601,3497
626,0.004459016025066376,3496
627,0.004469245672225952,3495
628,0.004472976550459862,3494
629,0.004477601498365402,3493
630,0.004485360346734524,3492
631,0.0044898055493831635,3491
632,0.0044938549399375916,3490
633,0.004510760307312012,3489
634,0.004517733119428158,3488
635,0.0045222751796245575,3487
636,0.004523179493844509,3486
637,0.004524543881416321,3485
638,0.004525478929281235,3484
639,0.004528269171714783,3483
640,0.0045376792550086975,3482
641,0.004541527479887009,3481
642,0.004554716404527426,3480
643,0.004558362066745758,3479
644,0.004560685250908136,3478
645,0.004576738923788071,3477
646,0.004590272903442383,3476
647,0.004596454557031393,3475
648,0.004611907992511988,3474
649,0.004614233039319515,3473
650,0.004615791141986847,3472
651,0.004622441716492176,3471
652,0.004627244547009468,3470
653,0.004635741002857685,3469
654,0.004644068889319897,3468
655,0.00464676134288311,3467
656,0.004647265188395977,3466
657,0.00464855320751667,3465
658,0.004654130898416042,3464
659,0.004656240344047546,3463
660,0.00466061569750309,3462
661,0.0046675922349095345,3461
662,0.004670614376664162,3460
663,0.004671143367886543,3459
664,0.004683174192905426,3458
665,0.004683251492679119,3457
666,0.00468361284583807,3456
667,0.004684755578637123,3455
668,0.0046942830085754395,3454
669,0.004699127748608589,3453
670,0.00470268540084362,3452
671,0.004705364815890789,3451
672,0.004712902940809727,3450
673,0.0047152079641819,3449
674,0.00472453236579895,3448
675,0.004729018546640873,3447
676,0.004730522632598877,3446
677,0.004732796456664801,3445
678,0.004733413457870483,3444
679,0.004738683812320232,3443
680,0.004740508273243904,3442
681,0.004752956330776215,3441
682,0.0047590285539627075,3440
683,0.004762738943099976,3439
684,0.0047690849751234055,3438
685,0.004778923001140356,3437
686,0.004801467061042786,3436
687,0.004804443567991257,3435
688,0.0048253946006298065,3434
689,0.004828020930290222,3433
690,0.004836236592382193,3432
691,0.004840812645852566,3431
692,0.004863506183028221,3430
693,0.004868663847446442,3429
694,0.004876723513007164,3428
695,0.004877336323261261,3427
696,0.004879343323409557,3426
697,0.004889361094683409,3425
698,0.004895145073533058,3424
699,0.00489555299282074,3423
700,0.004896342754364014,3422
701,0.00490193534642458,3421
702,0.004906566813588142,3420
703,0.004917696118354797,3419
704,0.004921532701700926,3418
705,0.004928070120513439,3417
706,0.004934605211019516,3416
707,0.004951441660523415,3415
708,0.004951633512973785,3414
709,0.004966653883457184,3413
710,0.0049667395651340485,3412
711,0.004967682063579559,3411
712,0.004969960078597069,3410
713,0.0049728997983038425,3409
714,0.0049734413623809814,3408
715,0.004974182695150375,3407
716,0.0049797287210822105,3406
717,0.004981331527233124,3405
718,0.004989836364984512,3404
719,0.0050053829327225685,3403
720,0.005009867250919342,3402
721,0.005017112009227276,3401
722,0.005017783492803574,3400
723,0.005023568868637085,3399
724,0.005025015212595463,3398
725,0.005025517661124468,3397
726,0.005029479041695595,3396
727,0.005032083485275507,3395
728,0.005043980665504932,3394
729,0.005054023116827011,3393
730,0.005061950534582138,3392
731,0.005064859986305237,3391
732,0.005068978760391474,3390
733,0.005072091240435839,3389
734,0.005078552756458521,3388
735,0.005079890601336956,3387
736,0.0050801560282707214,3386
737,0.005095027387142181,3385
738,0.005095037631690502,3384
739,0.005099918693304062,3383
740,0.005101379007101059,3382
741,0.005101743154227734,3381
742,0.005115829408168793,3380
743,0.0051286667585372925,3379
744,0.005143259651958942,3378
745,0.005145184695720673,3377
746,0.005145508795976639,3376
747,0.005146494135260582,3375
748,0.005152124911546707,3374
749,0.005176996812224388,3373
750,0.005177782382816076,3372
751,0.005193829536437988,3371
752,0.005195481702685356,3370
753,0.0052008237689733505,3369
754,0.005220177583396435,3368
755,0.005247808992862701,3367
756,0.00525030680000782,3366
757,0.005258528515696526,3365
758,0.005276600830256939,3364
759,0.005278676748275757,3363
760,0.005282411351799965,3362
761,0.005287822335958481,3361
762,0.00529114156961441,3360
763,0.0053166598081588745,3359
764,0.005319356918334961,3358
765,0.0053196921944618225,3357
766,0.005322312004864216,3356
767,0.005334408953785896,3355
768,0.005339067429304123,3354
769,0.005351908504962921,3353
770,0.005354797933250666,3352
771,0.0053588408045470715,3351
772,0.005366284400224686,3350
773,0.005372429266571999,3349
774,0.0053840987384319305,3348
775,0.005400000140070915,3347
776,0.0054122284054756165,3346
777,0.00541682168841362,3345
778,0.0054315924644470215,3344
779,0.005431732162833214,3343
780,0.005442602559924126,3342
781,0.005451670847833157,3341
782,0.005475696176290512,3340
783,0.005475729703903198,3339
784,0.005476565100252628,3338
785,0.0054991841316223145,3337
786,0.005500068888068199,3336
787,0.005502920597791672,3335
788,0.005503736436367035,3334
789,0.005504215136170387,3333
790,0.005507525056600571,3332
791,0.0055084265768527985,3331
792,0.0055182985961437225,3330
793,0.005540136247873306,3329
794,0.005540169775485992,3328
795,0.005546636879444122,3327
796,0.005550190806388855,3326
797,0.005552837625145912,3325
798,0.0055544450879096985,3324
799,0.0055794790387153625,3323
800,0.005580454133450985,3322
801,0.005588882602751255,3321
802,0.005588975269347429,3320
803,0.005595296621322632,3319
804,0.0056035807356238365,3318
805,0.00562253687530756,3317
806,0.005645293742418289,3316
807,0.005649065598845482,3315
808,0.005649913102388382,3314
809,0.005651157349348068,3313
810,0.0056541115045547485,3312
811,0.00566679984331131,3311
812,0.005670458078384399,3310
813,0.005684267729520798,3309
814,0.005687965080142021,3308
815,0.005693876184523106,3307
816,0.005699481815099716,3306
817,0.00570286251604557,3305
818,0.005711961537599564,3304
819,0.005713389255106449,3303
820,0.0057293809950351715,3302
821,0.005731439683586359,3301
822,0.005747746676206589,3300
823,0.005760661326348782,3299
824,0.005762490443885326,3298
825,0.005780236795544624,3297
826,0.0057807182893157005,3296
827,0.005791477859020233,3295
828,0.00580724747851491,3294
829,0.0058160386979579926,3293
830,0.00581732764840126,3292
831,0.005821157246828079,3291
832,0.005831863731145859,3290
833,0.005835576448589563,3289
834,0.0058481404557824135,3288
835,0.0058487593196332455,3287
836,0.0058718351647257805,3286
837,0.005890157073736191,3285
838,0.00589220505207777,3284
839,0.0059014176949858665,3283
840,0.005910838488489389,3282
841,0.005916061345487833,3281
842,0.00592353381216526,3280
843,0.005923714488744736,3279
844,0.005937227979302406,3278
845,0.005952867679297924,3277
846,0.00595493707805872,3276
847,0.005955774337053299,3275
848,0.005960861220955849,3274
849,0.005965415388345718,3273
850,0.005972081795334816,3272
851,0.005978398025035858,3271
852,0.0059791915118694305,3270
853,0.005983926355838776,3269
854,0.005992144346237183,3268
855,0.005992164835333824,3267
856,0.0059935562312603,3266
857,0.005996702238917351,3265
858,0.006004789844155312,3264
859,0.006005250848829746,3263
860,0.0060124993324279785,3262
861,0.0060127973556518555,3261
862,0.00601571798324585,3260
863,0.006016793195158243,3259
864,0.0060174292884767056,3258
865,0.0060257804580032825,3257
866,0.006035232916474342,3256
867,0.006038963794708252,3255
868,0.006060468032956123,3254
869,0.0060634613037109375,3253
870,0.006073102355003357,3252
871,0.006076086312532425,3251
872,0.006081694737076759,3250
873,0.0060940515249967575,3249
874,0.006103967782109976,3248
875,0.006116895005106926,3247
876,0.006130583584308624,3246
877,0.006151129491627216,3245
878,0.006174870766699314,3244
879,0.006176069378852844,3243
880,0.00617684330791235,3242
881,0.0061845071613788605,3241
882,0.006190722808241844,3240
883,0.006194606889039278,3239
884,0.00620105117559433,3238
885,0.006211504340171814,3237
886,0.006217306479811668,3236
887,0.006220574490725994,3235
888,0.006220906041562557,3234
889,0.006221820134669542,3233
890,0.006222933530807495,3232
891,0.006231953389942646,3231
892,0.006240392103791237,3230
893,0.006247668527066708,3229
894,0.0062509262934327126,3228
895,0.006256959401071072,3227
896,0.006262900307774544,3226
897,0.006270705256611109,3225
898,0.006274207029491663,3224
899,0.0062769558280706406,3223
900,0.006277211010456085,3222
901,0.0062882439233362675,3221
902,0.00629534013569355,3220
903,0.006333019584417343,3219
904,0.006342444568872452,3218
905,0.006346785929054022,3217
906,0.0063557978719472885,3216
907,0.006358901038765907,3215
908,0.006387921050190926,3214
909,0.006398755591362715,3213
910,0.006412729620933533,3212
911,0.006421292200684547,3211
912,0.006442975252866745,3210
913,0.006443736143410206,3209
914,0.006445109844207764,3208
915,0.006453070789575577,3207
916,0.006455957889556885,3206
917,0.0064651984721422195,3205
918,0.006470100022852421,3204
919,0.006474824622273445,3203
920,0.006483384408056736,3202
921,0.006494761910289526,3201
922,0.006494880188256502,3200
923,0.00649716891348362,3199
924,0.00650494359433651,3198
925,0.00651288777589798,3197
926,0.006519004702568054,3196
927,0.00652068667113781,3195
928,0.006537772715091705,3194
929,0.006563529372215271,3193
930,0.00657258927822113,3192
931,0.006576143205165863,3191
932,0.006578887812793255,3190
933,0.006588188465684652,3189
934,0.006590775214135647,3188
935,0.006591796875,3187
936,0.0065988944843411446,3186
937,0.006601342931389809,3185
938,0.006617255974560976,3184
939,0.006623865570873022,3183
940,0.006624402943998575,3182
941,0.006626628339290619,3181
942,0.006647191941738129,3180
943,0.0066512152552604675,3179
944,0.006661876104772091,3178
945,0.006662577390670776,3177
946,0.006677847355604172,3176
947,0.0066878171637654305,3175
948,0.0066929468885064125,3174
949,0.006700191646814346,3173
950,0.006713986396789551,3172
951,0.006720224395394325,3171
952,0.006733303889632225,3170
953,0.006740721873939037,3169
954,0.006753845140337944,3168
955,0.006761044263839722,3167
956,0.006762779783457518,3166
957,0.006762869656085968,3165
958,0.006773992907255888,3164
959,0.006775182206183672,3163
960,0.006781384348869324,3162
961,0.006784224882721901,3161
962,0.006786562502384186,3160
963,0.006797391921281815,3159
964,0.006800301838666201,3158
965,0.006801243871450424,3157
966,0.006809990853071213,3156
967,0.006814667955040932,3155
968,0.006817487068474293,3154
969,0.006828363984823227,3153
970,0.006859734654426575,3152
971,0.006861657369881868,3151
972,0.006865642964839935,3150
973,0.006876610219478607,3149
974,0.006878679618239403,3148
975,0.006881522014737129,3147
976,0.006912127137184143,3146
977,0.0069262925535440445,3145
978,0.0069385310634970665,3144
979,0.006956199184060097,3143
980,0.0069703608751297,3142
981,0.0069819968193769455,3141
982,0.006983259227126837,3140
983,0.006993421353399754,3139
984,0.00699593685567379,3138
985,0.0070039499551057816,3137
986,0.007007800042629242,3136
987,0.007020965218544006,3135
988,0.0070259468629956245,3134
989,0.007028333842754364,3133
990,0.007044374942779541,3132
991,0.0070465970784425735,3131
992,0.00705331563949585,3130
993,0.007065223529934883,3129
994,0.007067595608532429,3128
995,0.007071349769830704,3127
996,0.007089231163263321,3126
997,0.007091153413057327,3125
998,0.00709928572177887,3124
999,0.00709983566775918,3123
1000,0.007100341375917196,3122
1001,0.007117554545402527,3121
1002,0.007118135690689087,3120
1003,0.007122913375496864,3119
1004,0.0071270158514380455,3118
1005,0.007141415029764175,3117
1006,0.007153770420700312,3116
1007,0.007155148312449455,3115
1008,0.007165795192122459,3114
1009,0.007171295583248138,3113
1010,0.0072229765355587006,3112
1011,0.007250934839248657,3111
1012,0.007255217060446739,3110
1013,0.007255371659994125,3109
1014,0.007260778918862343,3108
1015,0.007263489067554474,3107
1016,0.007282073609530926,3106
1017,0.007286360487341881,3105
1018,0.00728655606508255,3104
1019,0.007294175215065479,3103
1020,0.00730574456974864,3102
1021,0.007311254274100065,3101
1022,0.007313900627195835,3100
1023,0.007339248433709145,3099
1024,0.007345210760831833,3098
1025,0.007349239196628332,3097
1026,0.007376296445727348,3096
1027,0.007385661825537682,3095
1028,0.007398739457130432,3094
1029,0.007401755079627037,3093
1030,0.0074105653911828995,3092
1031,0.00741695798933506,3091
1032,0.007417179644107819,3090
1033,0.00741913914680481,3089
1034,0.007438100874423981,3088
1035,0.007451377809047699,3087
1036,0.007451475597918034,3086
1037,0.007454797625541687,3085
1038,0.0074712312780320644,3084
1039,0.007472207769751549,3083
1040,0.007472618483006954,3082
1041,0.00747792050242424,3081
1042,0.00749627873301506,3080
1043,0.007498875260353088,3079
1044,0.007507925853133202,3078
1045,0.007515212520956993,3077
1046,0.007528943940997124,3076
1047,0.007531789597123861,3075
1048,0.007532588206231594,3074
1049,0.007533536292612553,3073
1050,0.007535379379987717,3072
1051,0.007541700266301632,3071
1052,0.007547289133071899,3070
1053,0.007550462149083614,3069
1054,0.0075534190982580185,3068
1055,0.007555529475212097,3067
1056,0.007560396566987038,3066
1057,0.007563387043774128,3065
1058,0.007563721388578415,3064
1059,0.007575783878564835,3063
1060,0.007605785503983498,3062
1061,0.007644761353731155,3061
1062,0.007649896200746298,3060
1063,0.007653677836060524,3059
1064,0.00765629205852747,3058
1065,0.007658195681869984,3057
1066,0.007674739230424166,3056
1067,0.007675919681787491,3055
1068,0.00769136194139719,3054
1069,0.007698191329836845,3053
1070,0.007711723446846008,3052
1071,0.007715858519077301,3051
1072,0.007716491352766752,3050
1073,0.007727634161710739,3049
1074,0.007730651646852493,3048
1075,0.007739579305052757,3047
1076,0.007741180714219809,3046
1077,0.007741332054138184,3045
1078,0.007750026881694794,3044
1079,0.00775193190202117,3043
1080,0.007752392441034317,3042
1081,0.007755905389785767,3041
1082,0.007765607442706823,3040
1083,0.007771584205329418,3039
1084,0.0077729858458042145,3038
1085,0.007773030083626509,3037
1086,0.007776487618684769,3036
1087,0.007778450846672058,3035
1088,0.00777870137244463,3034
1089,0.007779715582728386,3033
1090,0.007780056446790695,3032
1091,0.007783517241477966,3031
1092,0.007796360179781914,3030
1093,0.007797755300998688,3029
1094,0.007798077538609505,3028
1095,0.007818600162863731,3027
1096,0.007820233702659607,3026
1097,0.00782088004052639,3025
1098,0.00782102532684803,3024
1099,0.007821151055395603,3023
1100,0.007824207656085491,3022
1101,0.007836084812879562,3021
1102,0.00783851370215416,3020
1103,0.00784444808959961,3019
1104,0.00784691795706749,3018
1105,0.007863998413085938,3017
1106,0.007873618975281715,3016
1107,0.007882214151322842,3015
1108,0.00788412056863308,3014
1109,0.00788465328514576,3013
1110,0.00788702443242073,3012
1111,0.007894869893789291,3011
1112,0.007895410060882568,3010
1113,0.007895602844655514,3009
1114,0.007907025516033173,3008
1115,0.007926896214485168,3007
1116,0.007929876446723938,3006
1117,0.00795329362154007,3005
1118,0.007969459518790245,3004
1119,0.007990743964910507,3003
1120,0.007995035499334335,3002
1121,0.008008752018213272,3001
1122,0.008022136986255646,3000
1123,0.008025933057069778,2999
1124,0.008028450421988964,2998
1125,0.008036810904741287,2997
1126,0.00804354902356863,2996
1127,0.008045678026974201,2995
1128,0.008046436123549938,2994
1129,0.00805249810218811,2993
1130,0.008060242980718613,2992
1131,0.00806325115263462,2991
1132,0.008086849004030228,2990
1133,0.008096516132354736,2989
1134,0.008100166916847229,2988
1135,0.008115535601973534,2987
1136,0.008122744038701057,2986
1137,0.008126344531774521,2985
1138,0.008131969720125198,2984
1139,0.008138298988342285,2983
1140,0.008139610290527344,2982
1141,0.00814061425626278,2981
1142,0.008142704144120216,2980
1143,0.008145125582814217,2979
1144,0.008149707689881325,2978
1145,0.008152781054377556,2977
1146,0.008162681013345718,2976
1147,0.008176775649189949,2975
1148,0.008181009441614151,2974
1149,0.008182808756828308,2973
1150,0.00821551401168108,2972
1151,0.008227890357375145,2971
1152,0.008233051747083664,2970
1153,0.008233429864048958,2969
1154,0.0082398047670722,2968
1155,0.00823993980884552,2967
1156,0.008252407424151897,2966
1157,0.008254492655396461,2965
1158,0.008273066952824593,2964
1159,0.008302373811602592,2963
1160,0.008328285999596119,2962
1161,0.008332408964633942,2961
1162,0.008333645761013031,2960
1163,0.008364292792975903,2959
1164,0.008378326892852783,2958
1165,0.008378807455301285,2957
1166,0.008379477076232433,2956
1167,0.008380347862839699,2955
1168,0.008391895331442356,2954
1169,0.008393881842494011,2953
1170,0.008414285257458687,2952
1171,0.008423159830272198,2951
1172,0.008429469540715218,2950
1173,0.008447663858532906,2949
1174,0.008448170498013496,2948
1175,0.008461395278573036,2947
1176,0.008466117084026337,2946
1177,0.008467517793178558,2945
1178,0.008471633307635784,2944
1179,0.00847984291613102,2943
1180,0.008505032397806644,2942
1181,0.008506778627634048,2941
1182,0.008510258048772812,2940
1183,0.008531017228960991,2939
1184,0.008538156747817993,2938
1185,0.008539076894521713,2937
1186,0.008539164438843727,2936
1187,0.008540906012058258,2935
1188,0.008543714880943298,2934
1189,0.008553067222237587,2933
1190,0.008557973429560661,2932
1191,0.008571397513151169,2931
1192,0.008599866181612015,2930
1193,0.008601032197475433,2929
1194,0.008613241836428642,2928
1195,0.00861598551273346,2927
1196,0.008616834878921509,2926
1197,0.008640693500638008,2925
1198,0.008644212037324905,2924
1199,0.008679698221385479,2923
1200,0.008686564862728119,2922
1201,0.008687138557434082,2921
1202,0.008692328818142414,2920
1203,0.008695724420249462,2919
1204,0.008695997297763824,2918
1205,0.008705008774995804,2917
1206,0.008717190474271774,2916
1207,0.008718898519873619,2915
1208,0.008720427751541138,2914
1209,0.008766808547079563,2913
1210,0.008768312633037567,2912
1211,0.008769312873482704,2911
1212,0.008780673146247864,2910
1213,0.008782150223851204,2909
1214,0.008800718933343887,2908
1215,0.008802585303783417,2907
1216,0.008811414241790771,2906
1217,0.00882301852107048,2905
1218,0.008825336582958698,2904
1219,0.008825898170471191,2903
1220,0.008826103061437607,2902
1221,0.008837064728140831,2901
1222,0.008839298039674759,2900
1223,0.008858401328325272,2899
1224,0.008860986679792404,2898
1225,0.008863300085067749,2897
1226,0.008868811652064323,2896
1227,0.008878731168806553,2895
1228,0.00888688676059246,2894
1229,0.008890829049050808,2893
1230,0.008906757459044456,2892
1231,0.00891982764005661,2891
1232,0.008936148136854172,2890
1233,0.008943639695644379,2889
1234,0.008950440213084221,2888
1235,0.008971009403467178,2887
1236,0.008974604308605194,2886
1237,0.008979428559541702,2885
1238,0.008989664725959301,2884
1239,0.008996343240141869,2883
1240,0.009001040831208229,2882
1241,0.009001567959785461,2881
1242,0.009001635015010834,2880
1243,0.009009670466184616,2879
1244,0.009012892842292786,2878
1245,0.009018927812576294,2877
1246,0.009030360728502274,2876
1247,0.009072835557162762,2875
1248,0.009086184203624725,2874
1249,0.00910208374261856,2873
1250,0.009113963693380356,2872
1251,0.009120846167206764,2871
1252,0.009121432900428772,2870
1253,0.00913095474243164,2869
1254,0.009140674024820328,2868
1255,0.009162090718746185,2867
1256,0.0091688372194767,2866
1257,0.009177698753774166,2865
1258,0.009179177694022655,2864
1259,0.009188778698444366,2863
1260,0.00919693149626255,2862
1261,0.009218784049153328,2861
1262,0.009228560142219067,2860
1263,0.009235743433237076,2859
1264,0.009237952530384064,2858
1265,0.009244627319276333,2857
1266,0.009247258305549622,2856
1267,0.00925067625939846,2855
1268,0.00927107036113739,2854
1269,0.009290885180234909,2853
1270,0.009291674941778183,2852
1271,0.009292444214224815,2851
1272,0.00930769369006157,2850
1273,0.009347367100417614,2849
1274,0.009354953654110432,2848
1275,0.00936337560415268,2847
1276,0.00936468318104744,2846
1277,0.009384267032146454,2845
1278,0.009394945576786995,2844
1279,0.009404701180756092,2843
1280,0.00940895825624466,2842
1281,0.009421966969966888,2841
1282,0.009425200521945953,2840
1283,0.009428894147276878,2839
1284,0.009449215605854988,2838
1285,0.00944985169917345,2837
1286,0.009454146027565002,2836
1287,0.00946690235286951,2835
1288,0.00947067141532898,2834
1289,0.009509524330496788,2833
1290,0.00952185969799757,2832
1291,0.009534256532788277,2831
1292,0.009545113891363144,2830
1293,0.009569859132170677,2829
1294,0.009597241878509521,2828
1295,0.00959739089012146,2827
1296,0.009610030800104141,2826
1297,0.009614262729883194,2825
1298,0.00962420180439949,2824
1299,0.009630218148231506,2823
1300,0.009650170803070068,2822
1301,0.009652335196733475,2821
1302,0.009656962007284164,2820
1303,0.00967101939022541,2819
1304,0.009676825255155563,2818
1305,0.00968170166015625,2817
1306,0.00968882068991661,2816
1307,0.009694814682006836,2815
1308,0.009694917127490044,2814
1309,0.00969950295984745,2813
1310,0.009702451527118683,2812
1311,0.00970738846808672,2811
1312,0.00972769781947136,2810
1313,0.009733414277434349,2809
1314,0.009745389223098755,2808
1315,0.009751901030540466,2807
1316,0.009752050042152405,2806
1317,0.009764526039361954,2805
1318,0.009766947478055954,2804
1319,0.009797265753149986,2803
1320,0.009801963344216347,2802
1321,0.009804174304008484,2801
1322,0.009824585169553757,2800
1323,0.00983791146427393,2799
1324,0.009841240011155605,2798
1325,0.009844012558460236,2797
1326,0.009847884997725487,2796
1327,0.009853615425527096,2795
1328,0.009859941899776459,2794
1329,0.009863091632723808,2793
1330,0.00987457949668169,2792
1331,0.00987530779093504,2791
1332,0.009877867065370083,2790
1333,0.00988311693072319,2789
1334,0.009887882508337498,2788
1335,0.009894413873553276,2787
1336,0.009906161576509476,2786
1337,0.009912747889757156,2785
1338,0.009929763153195381,2784
1339,0.00993441790342331,2783
1340,0.00994301587343216,2782
1341,0.009956362657248974,2781
1342,0.009959645569324493,2780
1343,0.009969615377485752,2779
1344,0.009969930164515972,2778
1345,0.009976688772439957,2777
1346,0.009977564215660095,2776
1347,0.009982503019273281,2775
1348,0.009998604655265808,2774
1349,0.010003384202718735,2773
1350,0.010009702295064926,2772
1351,0.010026232339441776,2771
1352,0.010028757154941559,2770
1353,0.010045848786830902,2769
1354,0.010046416893601418,2768
1355,0.010052911937236786,2767
1356,0.010059855878353119,2766
1357,0.01007077470421791,2765
1358,0.01007511094212532,2764
1359,0.010076209902763367,2763
1360,0.010081710293889046,2762
1361,0.010105187073349953,2761
1362,0.010107165202498436,2760
1363,0.010110026225447655,2759
1364,0.010114982724189758,2758
1365,0.010124571621418,2757
1366,0.010128684341907501,2756
1367,0.010141098871827126,2755
1368,0.010143067687749863,2754
1369,0.01014353334903717,2753
1370,0.01014782302081585,2752
1371,0.010160665959119797,2751
1372,0.010181612335145473,2750
1373,0.01018858328461647,2749
1374,0.010196251794695854,2748
1375,0.01019676961004734,2747
1376,0.010202713310718536,2746
1377,0.010208256542682648,2745
1378,0.010219710879027843,2744
1379,0.010232143104076385,2743
1380,0.010238035582005978,2742
1381,0.01025599054992199,2741
1382,0.010263994336128235,2740
1383,0.010276461951434612,2739
1384,0.010292427614331245,2738
1385,0.010299565270543098,2737
1386,0.010307680815458298,2736
1387,0.010308295488357544,2735
1388,0.010309838689863682,2734
1389,0.010313726961612701,2733
1390,0.010328780859708786,2732
1391,0.010358970612287521,2731
1392,0.010365605354309082,2730
1393,0.010372183285653591,2729
1394,0.010375652462244034,2728
1395,0.010377611964941025,2727
1396,0.010380072519183159,2726
1397,0.010380632244050503,2725
1398,0.010384805500507355,2724
1399,0.010405812412500381,2723
1400,0.010414437390863895,2722
1401,0.010421674698591232,2721
1402,0.010427851229906082,2720
1403,0.010442612692713737,2719
1404,0.010445620864629745,2718
1405,0.01044952217489481,2717
1406,0.010451890528202057,2716
1407,0.010474052280187607,2715
1408,0.010476956143975258,2714
1409,0.0104839988052845,2713
1410,0.010492395609617233,2712
1411,0.010505430400371552,2711
1412,0.01050938107073307,2710
1413,0.010513564571738243,2709
1414,0.010520604439079762,2708
1415,0.010526284575462341,2707
1416,0.01053534634411335,2706
1417,0.010542487725615501,2705
1418,0.010543892160058022,2704
1419,0.010545478202402592,2703
1420,0.010550066828727722,2702
1421,0.010557581670582294,2701
1422,0.010561451315879822,2700
1423,0.010562628507614136,2699
1424,0.010584547184407711,2698
1425,0.010585837066173553,2697
1426,0.010608647018671036,2696
1427,0.010609096847474575,2695
1428,0.010610193014144897,2694
1429,0.010627932846546173,2693
1430,0.010646449401974678,2692
1431,0.010649106465280056,2691
1432,0.010651979595422745,2690
1433,0.010675827972590923,2689
1434,0.01068824902176857,2688
1435,0.010694190859794617,2687
1436,0.010695446282625198,2686
1437,0.010696154087781906,2685
1438,0.010709701105952263,2684
1439,0.01072852686047554,2683
1440,0.010739315301179886,2682
1441,0.01077522337436676,2681
1442,0.010792283341288567,2680
1443,0.0107981376349926,2679
1444,0.01080204825848341,2678
1445,0.010811278596520424,2677
1446,0.010814890265464783,2676
1447,0.010845188051462173,2675
1448,0.010846700519323349,2674
1449,0.010847577825188637,2673
1450,0.010848462581634521,2672
1451,0.010857602581381798,2671
1452,0.010868874378502369,2670
1453,0.010870752856135368,2669
1454,0.010878583416342735,2668
1455,0.010887868702411652,2667
1456,0.010898008942604065,2666
1457,0.010904652997851372,2665
1458,0.010910418815910816,2664
1459,0.010917473584413528,2663
1460,0.010917533189058304,2662
1461,0.010927468538284302,2661
1462,0.010942136868834496,2660
1463,0.01096051000058651,2659
1464,0.01096080057322979,2658
1465,0.010968056507408619,2657
1466,0.01097184233367443,2656
1467,0.010975440964102745,2655
1468,0.010991159826517105,2654
1469,0.01100309006869793,2653
1470,0.011014878749847412,2652
1471,0.011019667610526085,2651
1472,0.01104717142879963,2650
1473,0.011048354208469391,2649
1474,0.01104860007762909,2648
1475,0.011080048978328705,2647
1476,0.011087946593761444,2646
1477,0.011089939624071121,2645
1478,0.011093494482338428,2644
1479,0.011122256517410278,2643
1480,0.01114610955119133,2642
1481,0.011154340580105782,2641
1482,0.01115759089589119,2640
1483,0.011162560433149338,2639
1484,0.011182702146470547,2638
1485,0.011189643293619156,2637
1486,0.011191291734576225,2636
1487,0.011194739490747452,2635
1488,0.011199573054909706,2634
1489,0.011202195659279823,2633
1490,0.011207660660147667,2632
1491,0.011210348457098007,2631
1492,0.011222533881664276,2630
1493,0.011243196204304695,2629
1494,0.011244131252169609,2628
1495,0.011251372285187244,2627
1496,0.011265795677900314,2626
1497,0.01127465721219778,2625
1498,0.01128530316054821,2624
1499,0.01128733903169632,2623
1500,0.011291563510894775,2622
1501,0.011292638257145882,2621
1502,0.01130918599665165,2620
1503,0.01130921021103859,2619
1504,0.011315381154417992,2618
1505,0.01132212858647108,2617
1506,0.011355185881257057,2616
1507,0.011359650641679764,2615
1508,0.01137467846274376,2614
1509,0.011417992413043976,2613
1510,0.011453627608716488,2612
1511,0.011454757302999496,2611
1512,0.011461436748504639,2610
1513,0.011475158855319023,2609
1514,0.011476412415504456,2608
1515,0.011496752500534058,2607
1516,0.011499911546707153,2606
1517,0.011501114815473557,2605
1518,0.01152128167450428,2604
1519,0.011525258421897888,2603
1520,0.011527192778885365,2602
1521,0.011529343202710152,2601
1522,0.011553928256034851,2600
1523,0.011558044701814651,2599
1524,0.011558430269360542,2598
1525,0.011569458991289139,2597
1526,0.011571979150176048,2596
1527,0.0115775465965271,2595
1528,0.011591661721467972,2594
1529,0.011594677343964577,2593
1530,0.011599652469158173,2592
1531,0.01160942018032074,2591
1532,0.011633744463324547,2590
1533,0.011637680232524872,2589
1534,0.011660104617476463,2588
1535,0.011673489585518837,2587
1536,0.011674669571220875,2586
1537,0.011694557964801788,2585
1538,0.011717889457941055,2584
1539,0.011734036728739738,2583
1540,0.01174706220626831,2582
1541,0.01175798662006855,2581
1542,0.01177971437573433,2580
1543,0.01181129738688469,2579
1544,0.01181887835264206,2578
1545,0.011822143569588661,2577
1546,0.011824015527963638,2576
1547,0.011830763891339302,2575
1548,0.011849011294543743,2574
1549,0.011854156851768494,2573
1550,0.011856421828269958,2572
1551,0.011873326264321804,2571
1552,0.011892527341842651,2570
1553,0.011909236200153828,2569
1554,0.011919945478439331,2568
1555,0.011922568082809448,2567
1556,0.01192482654005289,2566
1557,0.01192484050989151,2565
1558,0.011929050087928772,2564
1559,0.011942949146032333,2563
1560,0.011946244165301323,2562
1561,0.011954446323215961,2561
1562,0.011978672817349434,2560
1563,0.0119809340685606,2559
1564,0.011983356438577175,2558
1565,0.011983754113316536,2557
1566,0.01198764517903328,2556
1567,0.011997323483228683,2555
1568,0.011998852714896202,2554
1569,0.012005195021629333,2553
1570,0.012006787583231926,2552
1571,0.012018740177154541,2551
1572,0.01203201711177826,2550
1573,0.012035589665174484,2549
1574,0.01203666627407074,2548
1575,0.012048428878188133,2547
1576,0.012054294347763062,2546
1577,0.012059047818183899,2545
1578,0.01207035779953003,2544
1579,0.012071870267391205,2543
1580,0.01207213569432497,2542
1581,0.012088816612958908,2541
1582,0.01209062896668911,2540
1583,0.012095306068658829,2539
1584,0.012109174393117428,2538
1585,0.012121262960135937,2537
1586,0.012125328183174133,2536
1587,0.012131141498684883,2535
1588,0.012147081084549427,2534
1589,0.012147188186645508,2533
1590,0.012167185544967651,2532
1591,0.012167571112513542,2531
1592,0.012191995978355408,2530
1593,0.0122193843126297,2529
1594,0.01223757117986679,2528
1595,0.012259941548109055,2527
1596,0.012260016985237598,2526
1597,0.012281285598874092,2525
1598,0.012282522395253181,2524
1599,0.01229126937687397,2523
1600,0.012299474328756332,2522
1601,0.012303092516958714,2521
1602,0.012348717078566551,2520
1603,0.01235944777727127,2519
1604,0.012360312975943089,2518
1605,0.01237289048731327,2517
1606,0.012375228106975555,2516
1607,0.012379584833979607,2515
1608,0.012380704283714294,2514
1609,0.012384677305817604,2513
1610,0.012385524809360504,2512
1611,0.012389512732625008,2511
1612,0.012390192598104477,2510
1613,0.01239323616027832,2509
1614,0.012405098415911198,2508
1615,0.012425394728779793,2507
1616,0.012439435347914696,2506
1617,0.012445589527487755,2505
1618,0.012446356937289238,2504
1619,0.012465570122003555,2503
1620,0.012493874877691269,2502
1621,0.012498639523983002,2501
1622,0.012500716373324394,2500
1623,0.01251321379095316,2499
1624,0.012515952810645103,2498
1625,0.01251780055463314,2497
1626,0.012540705502033234,2496
1627,0.012540806084871292,2495
1628,0.012541824020445347,2494
1629,0.012571211904287338,2493
1630,0.01261148601770401,2492
1631,0.012613622471690178,2491
1632,0.012614548206329346,2490
1633,0.012617587111890316,2489
1634,0.012629454024136066,2488
1635,0.012638245709240437,2487
1636,0.012655552476644516,2486
1637,0.012655602768063545,2485
1638,0.012671047821640968,2484
1639,0.012679867446422577,2483
1640,0.012698307633399963,2482
1641,0.01271564606577158,2481
1642,0.012742318212985992,2480
1643,0.012745100073516369,2479
1644,0.012778228148818016,2478
1645,0.012784093618392944,2477
1646,0.012789517641067505,2476
1647,0.012801788747310638,2475
1648,0.012803060933947563,2474
1649,0.012820102274417877,2473
1650,0.012824950739741325,2472
1651,0.012835758738219738,2471
1652,0.012836387380957603,2470
1653,0.012839490547776222,2469
1654,0.01285409927368164,2468
1655,0.012854653410613537,2467
1656,0.0128621282055974,2466
1657,0.012870818376541138,2465
1658,0.012874888256192207,2464
1659,0.01288347877562046,2463
1660,0.012895472347736359,2462
1661,0.012897707521915436,2461
1662,0.012901252135634422,2460
1663,0.012907094322144985,2459
1664,0.012924397364258766,2458
1665,0.012929443269968033,2457
1666,0.012929679825901985,2456
1667,0.012933626770973206,2455
1668,0.01293526403605938,2454
1669,0.012947555631399155,2453
1670,0.01297368947416544,2452
1671,0.012991799041628838,2451
1672,0.012993548065423965,2450
1673,0.013005435466766357,2449
1674,0.013040388002991676,2448
1675,0.01308688335120678,2447
1676,0.013089751824736595,2446
1677,0.01309744082391262,2445
1678,0.01310236006975174,2444
1679,0.013104025274515152,2443
1680,0.013121132738888264,2442
1681,0.013122070580720901,2441
1682,0.013145815581083298,2440
1683,0.013148961588740349,2439
1684,0.013164941221475601,2438
1685,0.013171307742595673,2437
1686,0.013182670809328556,2436
1687,0.013205248862504959,2435
1688,0.013209906406700611,2434
1689,0.01321270503103733,2433
1690,0.013213953003287315,2432
1691,0.01322227343916893,2431
1692,0.013223152607679367,2430
1693,0.013226620852947235,2429
1694,0.01323544979095459,2428
1695,0.013258900493383408,2427
1696,0.013259951025247574,2426
1697,0.013266153633594513,2425
1698,0.013284057378768921,2424
1699,0.01328650489449501,2423
1700,0.013305448926985264,2422
1701,0.013341730460524559,2421
1702,0.013346746563911438,2420
1703,0.013364691287279129,2419
1704,0.013371888548135757,2418
1705,0.01338181272149086,2417
1706,0.013406677171587944,2416
1707,0.013411864638328552,2415
1708,0.013418210670351982,2414
1709,0.013423698022961617,2413
1710,0.01342647336423397,2412
1711,0.01343656424432993,2411
1712,0.013437272980809212,2410
1713,0.01345752738416195,2409
1714,0.013464242219924927,2408
1715,0.013466760516166687,2407
1716,0.013494908809661865,2406
1717,0.013510658405721188,2405
1718,0.01352785900235176,2404
1719,0.013529909774661064,2403
1720,0.013557322323322296,2402
1721,0.013566769659519196,2401
1722,0.013570358976721764,2400
1723,0.01359667256474495,2399
1724,0.013597212731838226,2398
1725,0.013600261881947517,2397
1726,0.013602621853351593,2396
1727,0.013605767861008644,2395
1728,0.01361026894301176,2394
1729,0.01362147368490696,2393
1730,0.013640642166137695,2392
1731,0.013643255457282066,2391
1732,0.013645511120557785,2390
1733,0.013686657883226871,2389
1734,0.013695374131202698,2388
1735,0.013710795901715755,2387
1736,0.013724375516176224,2386
1737,0.013729959726333618,2385
1738,0.013733338564634323,2384
1739,0.013747069053351879,2383
1740,0.013755185529589653,2382
1741,0.013776496052742004,2381
1742,0.013777317479252815,2380
1743,0.013779518194496632,2379
1744,0.013783449307084084,2378
1745,0.013795014470815659,2377
1746,0.013796091079711914,2376
1747,0.013797836378216743,2375
1748,0.013804966583848,2374
1749,0.01380965393036604,2373
1750,0.013817906379699707,2372
1751,0.01381969079375267,2371
1752,0.013826476410031319,2370
1753,0.01383892074227333,2369
1754,0.013916194438934326,2368
1755,0.0139215849339962,2367
1756,0.01394028589129448,2366
1757,0.013941004872322083,2365
1758,0.01394694298505783,2364
1759,0.013947337865829468,2363
1760,0.013953398913145065,2362
1761,0.013996224850416183,2361
1762,0.014012932777404785,2360
1763,0.014026162214577198,2359
1764,0.014033136889338493,2358
1765,0.014034118503332138,2357
1766,0.014040273614227772,2356
1767,0.014051735401153564,2355
1768,0.014051795937120914,2354
1769,0.014079985208809376,2353
1770,0.014080340042710304,2352
1771,0.014082472771406174,2351
1772,0.014088548719882965,2350
1773,0.01408916525542736,2349
1774,0.014103996567428112,2348
1775,0.014105262234807014,2347
1776,0.014126449823379517,2346
1777,0.014130420982837677,2345
1778,0.014137281104922295,2344
1779,0.014155099168419838,2343
1780,0.014159008860588074,2342
1781,0.014168786816298962,2341
1782,0.014177746139466763,2340
1783,0.014177769422531128,2339
1784,0.014183474704623222,2338
1785,0.014186352491378784,2337
1786,0.014221258461475372,2336
1787,0.014252031221985817,2335
1788,0.01425359770655632,2334
1789,0.014258673414587975,2333
1790,0.014263693243265152,2332
1791,0.014264333993196487,2331
1792,0.014273709617555141,2330
1793,0.01427965797483921,2329
1794,0.014283895492553711,2328
1795,0.014284282922744751,2327
1796,0.014286837540566921,2326
1797,0.014294493943452835,2325
1798,0.014299750328063965,2324
1799,0.014330320060253143,2323
1800,0.014331262558698654,2322
1801,0.014332262799143791,2321
1802,0.01433492824435234,2320
1803,0.014339040964841843,2319
1804,0.014343276619911194,2318
1805,0.014362361282110214,2317
1806,0.014380041509866714,2316
1807,0.014387531206011772,2315
1808,0.014392659068107605,2314
1809,0.014399632811546326,2313
1810,0.014433592557907104,2312
1811,0.014473388902842999,2311
1812,0.014478233642876148,2310
1813,0.014479471370577812,2309
1814,0.014481944963335991,2308
1815,0.01448315754532814,2307
1816,0.014490772038698196,2306
1817,0.014499237760901451,2305
1818,0.01450815424323082,2304
1819,0.014513908885419369,2303
1820,0.014516251161694527,2302
1821,0.014519669115543365,2301
1822,0.01453588716685772,2300
1823,0.014537962153553963,2299
1824,0.014547355473041534,2298
1825,0.014563649892807007,2297
1826,0.01456671953201294,2296
1827,0.014579549431800842,2295
1828,0.014599574729800224,2294
1829,0.014603736810386181,2293
1830,0.014613793231546879,2292
1831,0.014625582844018936,2291
1832,0.01462811790406704,2290
1833,0.014629407785832882,2289
1834,0.014651994220912457,2288
1835,0.01467985287308693,2287
1836,0.014704449102282524,2286
1837,0.014708384871482849,2285
1838,0.014725223183631897,2284
1839,0.014731315895915031,2283
1840,0.014735023491084576,2282
1841,0.014748906716704369,2281
1842,0.01476018875837326,2280
1843,0.014768112450838089,2279
1844,0.014780379831790924,2278
1845,0.01478353887796402,2277
1846,0.014784961938858032,2276
1847,0.01480749063193798,2275
1848,0.01481131836771965,2274
1849,0.014815173111855984,2273
1850,0.014827758073806763,2272
1851,0.01484786905348301,2271
1852,0.014855383895337582,2270
1853,0.014884579926729202,2269
1854,0.014891119673848152,2268
1855,0.014899913221597672,2267
1856,0.014902723953127861,2266
1857,0.014917075634002686,2265
1858,0.01493629440665245,2264
1859,0.014945026487112045,2263
1860,0.014946730807423592,2262
1861,0.01495384145528078,2261
1862,0.014961421489715576,2260
1863,0.015000790357589722,2259
1864,0.01501761469990015,2258
1865,0.015030831098556519,2257
1866,0.015031392686069012,2256
1867,0.015035014599561691,2255
1868,0.015057245269417763,2254
1869,0.015070244669914246,2253
1870,0.015073415823280811,2252
1871,0.015080736950039864,2251
1872,0.015103533864021301,2250
1873,0.015104369260370731,2249
1874,0.015152746811509132,2248
1875,0.015166857279837132,2247
1876,0.015187060460448265,2246
1877,0.015215523540973663,2245
1878,0.015227526426315308,2244
1879,0.015228446573019028,2243
1880,0.015248605981469154,2242
1881,0.01525506004691124,2241
1882,0.015271365642547607,2240
1883,0.015293728560209274,2239
1884,0.015324197709560394,2238
1885,0.015329552814364433,2237
1886,0.015338603407144547,2236
1887,0.015344060957431793,2235
1888,0.015363024547696114,2234
1889,0.015371316112577915,2233
1890,0.015384562313556671,2232
1891,0.015389664098620415,2231
1892,0.015424451790750027,2230
1893,0.015428944490849972,2229
1894,0.015431135892868042,2228
1895,0.015440726652741432,2227
1896,0.015450900420546532,2226
1897,0.01545388251543045,2225
1898,0.01545743364840746,2224
1899,0.015460388734936714,2223
1900,0.015516430139541626,2222
1901,0.015523592010140419,2221
1902,0.015533313155174255,2220
1903,0.01556235272437334,2219
1904,0.015592679381370544,2218
1905,0.015595615841448307,2217
1906,0.015599150210618973,2216
1907,0.01562131755053997,2215
1908,0.01563992351293564,2214
1909,0.015644211322069168,2213
1910,0.015644621104002,2212
1911,0.015655644237995148,2211
1912,0.015663430094718933,2210
1913,0.01569788157939911,2209
1914,0.015702519565820694,2208
1915,0.01571284979581833,2207
1916,0.015716195106506348,2206
1917,0.015725957229733467,2205
1918,0.015745380893349648,2204
1919,0.015754729509353638,2203
1920,0.0157612357288599,2202
1921,0.01576893962919712,2201
1922,0.015789903700351715,2200
1923,0.015803782269358635,2199
1924,0.015807410702109337,2198
1925,0.015808552503585815,2197
1926,0.015841875225305557,2196
1927,0.015868037939071655,2195
1928,0.01587015576660633,2194
1929,0.015875911340117455,2193
1930,0.01589023508131504,2192
1931,0.015938833355903625,2191
1932,0.01594237983226776,2190
1933,0.015950744971632957,2189
1934,0.015969477593898773,2188
1935,0.015973927453160286,2187
1936,0.015974011272192,2186
1937,0.01597624272108078,2185
1938,0.016006486490368843,2184
1939,0.016018012538552284,2183
1940,0.016029149293899536,2182
1941,0.016046596691012383,2181
1942,0.01605219393968582,2180
1943,0.016068384051322937,2179
1944,0.01606941781938076,2178
1945,0.01607443392276764,2177
1946,0.016076423227787018,2176
1947,0.01607799157500267,2175
1948,0.016092371195554733,2174
1949,0.016094854101538658,2173
1950,0.01609509065747261,2172
1951,0.01614220440387726,2171
1952,0.016154762357473373,2170
1953,0.0161808580160141,2169
1954,0.01621716469526291,2168
1955,0.016231805086135864,2167
1956,0.016273178160190582,2166
1957,0.01629483699798584,2165
1958,0.01630350388586521,2164
1959,0.016304058954119682,2163
1960,0.01633514277637005,2162
1961,0.016337431967258453,2161
1962,0.016340073198080063,2160
1963,0.01635408028960228,2159
1964,0.01636509597301483,2158
1965,0.016382331028580666,2157
1966,0.016384661197662354,2156
1967,0.016389116644859314,2155
1968,0.016393432393670082,2154
1969,0.016401270404458046,2153
1970,0.016405796632170677,2152
1971,0.01642584055662155,2151
1972,0.016438767313957214,2150
1973,0.016454599797725677,2149
1974,0.016503287479281425,2148
1975,0.016511783003807068,2147
1976,0.016534235328435898,2146
1977,0.016548175364732742,2145
1978,0.016555413603782654,2144
1979,0.016563836485147476,2143
1980,0.016566794365644455,2142
1981,0.01661534607410431,2141
1982,0.0166157316416502,2140
1983,0.01663360744714737,2139
1984,0.01663733832538128,2138
1985,0.01664632000029087,2137
1986,0.01664779894053936,2136
1987,0.016650449484586716,2135
1988,0.016675136983394623,2134
1989,0.016683753579854965,2133
1990,0.01668665185570717,2132
1991,0.016700292006134987,2131
1992,0.01670590415596962,2130
1993,0.016718775033950806,2129
1994,0.016719719395041466,2128
1995,0.016725607216358185,2127
1996,0.0167294442653656,2126
1997,0.016743794083595276,2125
1998,0.01675325259566307,2124
1999,0.01678246632218361,2123
2000,0.016798758879303932,2122
2001,0.016803845763206482,2121
2002,0.016814904287457466,2120
2003,0.016845976933836937,2119
2004,0.016859717667102814,2118
2005,0.016862675547599792,2117
2006,0.016902299597859383,2116
2007,0.016910262405872345,2115
2008,0.016912216320633888,2114
2009,0.016918543726205826,2113
2010,0.016937531530857086,2112
2011,0.016942493617534637,2111
2012,0.0169430710375309,2110
2013,0.016953058540821075,2109
2014,0.0169544480741024,2108
2015,0.01696494221687317,2107
2016,0.016976356506347656,2106
2017,0.016993697732686996,2105
2018,0.017025530338287354,2104
2019,0.017043765634298325,2103
2020,0.017048871144652367,2102
2021,0.01705384999513626,2101
2022,0.01708616130053997,2100
2023,0.017094573006033897,2099
2024,0.017100758850574493,2098
2025,0.017117014154791832,2097
2026,0.017123885452747345,2096
2027,0.017129983752965927,2095
2028,0.017133675515651703,2094
2029,0.017140446230769157,2093
2030,0.017155606299638748,2092
2031,0.01716441661119461,2091
2032,0.0171678364276886,2090
2033,0.017172005027532578,2089
2034,0.017212077975273132,2088
2035,0.01722026616334915,2087
2036,0.01725771464407444,2086
2037,0.017259890213608742,2085
2038,0.017268991097807884,2084
2039,0.017284084111452103,2083
2040,0.01728915423154831,2082
2041,0.017316177487373352,2081
2042,0.017331399023532867,2080
2043,0.01734030991792679,2079
2044,0.017354849725961685,2078
2045,0.01735975220799446,2077
2046,0.01737995259463787,2076
2047,0.017395712435245514,2075
2048,0.017398936673998833,2074
2049,0.017440130934119225,2073
2050,0.01744207739830017,2072
2051,0.017442353069782257,2071
2052,0.017460431903600693,2070
2053,0.0174684040248394,2069
2054,0.017472462728619576,2068
2055,0.017473489046096802,2067
2056,0.017481863498687744,2066
2057,0.017487293109297752,2065
2058,0.01748983934521675,2064
2059,0.017504531890153885,2063
2060,0.017517417669296265,2062
2061,0.017586344853043556,2061
2062,0.017589669674634933,2060
2063,0.01760067045688629,2059
2064,0.01761441119015217,2058
2065,0.01764122024178505,2057
2066,0.01767103374004364,2056
2067,0.017680928111076355,2055
2068,0.017695557326078415,2054
2069,0.017756324261426926,2053
2070,0.017789378762245178,2052
2071,0.017791204154491425,2051
2072,0.0177936814725399,2050
2073,0.01779605634510517,2049
2074,0.01779821515083313,2048
2075,0.01781545951962471,2047
2076,0.017827359959483147,2046
2077,0.017843814566731453,2045
2078,0.01785033941268921,2044
2079,0.017867986112833023,2043
2080,0.01788688451051712,2042
2081,0.017893066629767418,2041
2082,0.017896907404065132,2040
2083,0.017911503091454506,2039
2084,0.017913250252604485,2038
2085,0.017930366098880768,2037
2086,0.017939073964953423,2036
2087,0.01795082539319992,2035
2088,0.01799125410616398,2034
2089,0.018020153045654297,2033
2090,0.018033606931567192,2032
2091,0.018049877136945724,2031
2092,0.018063362687826157,2030
2093,0.018065236508846283,2029
2094,0.018073389306664467,2028
2095,0.018074659630656242,2027
2096,0.01808575913310051,2026
2097,0.018104340881109238,2025
2098,0.0181318037211895,2024
2099,0.018133001402020454,2023
2100,0.018155397847294807,2022
2101,0.01817205920815468,2021
2102,0.018176808953285217,2020
2103,0.018177660182118416,2019
2104,0.01817970536649227,2018
2105,0.018183430656790733,2017
2106,0.0181877464056015,2016
2107,0.018194343894720078,2015
2108,0.01819976046681404,2014
2109,0.018226105719804764,2013
2110,0.018226735293865204,2012
2111,0.018230147659778595,2011
2112,0.018249016255140305,2010
2113,0.018261605873703957,2009
2114,0.018266480416059494,2008
2115,0.018271859735250473,2007
2116,0.01828797161579132,2006
2117,0.018301313742995262,2005
2118,0.018320120871067047,2004
2119,0.018333621323108673,2003
2120,0.018336817622184753,2002
2121,0.01840892806649208,2001
2122,0.018411478027701378,2000
2123,0.018413184210658073,1999
2124,0.018436547368764877,1998
2125,0.018450234085321426,1997
2126,0.018456926569342613,1996
2127,0.018494009971618652,1995
2128,0.018495658412575722,1994
2129,0.018500206992030144,1993
2130,0.01851780340075493,1992
2131,0.018535248935222626,1991
2132,0.018604926764965057,1990
2133,0.01864515244960785,1989
2134,0.01864694058895111,1988
2135,0.018658356741070747,1987
2136,0.01866297423839569,1986
2137,0.01866758242249489,1985
2138,0.01867496594786644,1984
2139,0.01867879554629326,1983
2140,0.018694989383220673,1982
2141,0.018704548478126526,1981
2142,0.018721317872405052,1980
2143,0.018742982298135757,1979
2144,0.018757019191980362,1978
2145,0.018781041726469994,1977
2146,0.018813181668519974,1976
2147,0.018816344439983368,1975
2148,0.018851863220334053,1974
2149,0.01890605129301548,1973
2150,0.018917376175522804,1972
2151,0.01893880032002926,1971
2152,0.018973983824253082,1970
2153,0.01899179443717003,1969
2154,0.01899421215057373,1968
2155,0.018994690850377083,1967
2156,0.018999695777893066,1966
2157,0.01901700533926487,1965
2158,0.019018743187189102,1964
2159,0.01903139241039753,1963
2160,0.019031599164009094,1962
2161,0.019037973135709763,1961
2162,0.019041627645492554,1960
2163,0.019044555723667145,1959
2164,0.019051942974328995,1958
2165,0.019056763499975204,1957
2166,0.01907454989850521,1956
2167,0.019106797873973846,1955
2168,0.0191157478839159,1954
2169,0.019118808209896088,1953
2170,0.019129034131765366,1952
2171,0.019142072647809982,1951
2172,0.019159911200404167,1950
2173,0.01917087472975254,1949
2174,0.01917102001607418,1948
2175,0.019177503883838654,1947
2176,0.0191813912242651,1946
2177,0.019222544506192207,1945
2178,0.019254546612501144,1944
2179,0.019267262890934944,1943
2180,0.019295552745461464,1942
2181,0.019388429820537567,1941
2182,0.019408008083701134,1940
2183,0.019416600465774536,1939
2184,0.019445307552814484,1938
2185,0.01947455108165741,1937
2186,0.01947714015841484,1936
2187,0.019479984417557716,1935
2188,0.019498519599437714,1934
2189,0.01950713060796261,1933
2190,0.01951596885919571,1932
2191,0.01951751857995987,1931
2192,0.01952121965587139,1930
2193,0.019525719806551933,1929
2194,0.019556909799575806,1928
2195,0.01957525685429573,1927
2196,0.019579991698265076,1926
2197,0.01958337426185608,1925
2198,0.019595377147197723,1924
2199,0.01959807798266411,1923
2200,0.019614120945334435,1922
2201,0.019616147503256798,1921
2202,0.019626878201961517,1920
2203,0.019643396139144897,1919
2204,0.019649852067232132,1918
2205,0.019673192873597145,1917
2206,0.019687719643115997,1916
2207,0.019696801900863647,1915
2208,0.019697139039635658,1914
2209,0.019697465002536774,1913
2210,0.019711904227733612,1912
2211,0.019712036475539207,1911
2212,0.01972535252571106,1910
2213,0.01973489113152027,1909
2214,0.019737614318728447,1908
2215,0.019744664430618286,1907
2216,0.019808661192655563,1906
2217,0.019813261926174164,1905
2218,0.019817207008600235,1904
2219,0.0198197104036808,1903
2220,0.019825199618935585,1902
2221,0.019831117242574692,1901
2222,0.01984287053346634,1900
2223,0.019862057641148567,1899
2224,0.01986626908183098,1898
2225,0.019907532259821892,1897
2226,0.01991070806980133,1896
2227,0.019916078075766563,1895
2228,0.01992614008486271,1894
2229,0.019937194883823395,1893
2230,0.019947141408920288,1892
2231,0.019953297451138496,1891
2232,0.01995479315519333,1890
2233,0.01995975710451603,1889
2234,0.019965406507253647,1888
2235,0.019975904375314713,1887
2236,0.019995663315057755,1886
2237,0.02003820613026619,1885
2238,0.020050467923283577,1884
2239,0.0200529545545578,1883
2240,0.0200545322149992,1882
2241,0.02006262168288231,1881
2242,0.020084446296095848,1880
2243,0.020084591582417488,1879
2244,0.020098000764846802,1878
2245,0.02010435424745083,1877
2246,0.020105618983507156,1876
2247,0.020106058567762375,1875
2248,0.02013193443417549,1874
2249,0.02013515681028366,1873
2250,0.020140651613473892,1872
2251,0.02019021473824978,1871
2252,0.020191311836242676,1870
2253,0.020204707980155945,1869
2254,0.020218640565872192,1868
2255,0.02023598551750183,1867
2256,0.020248468965291977,1866
2257,0.020259058102965355,1865
2258,0.02025914564728737,1864
2259,0.020261604338884354,1863
2260,0.02028806507587433,1862
2261,0.02029247395694256,1861
2262,0.020298736169934273,1860
2263,0.02031174674630165,1859
2264,0.020314812660217285,1858
2265,0.02031954564154148,1857
2266,0.020326051861047745,1856
2267,0.02033464051783085,1855
2268,0.020337995141744614,1854
2269,0.020343201234936714,1853
2270,0.020343750715255737,1852
2271,0.020345160737633705,1851
2272,0.020347826182842255,1850
2273,0.020351380109786987,1849
2274,0.02036435902118683,1848
2275,0.020374607294797897,1847
2276,0.020375588908791542,1846
2277,0.020381394773721695,1845
2278,0.02038436383008957,1844
2279,0.020419618114829063,1843
2280,0.020433597266674042,1842
2281,0.02045951783657074,1841
2282,0.020460914820432663,1840
2283,0.02047901600599289,1839
2284,0.020502032712101936,1838
2285,0.020521771162748337,1837
2286,0.020523037761449814,1836
2287,0.020529329776763916,1835
2288,0.020533990114927292,1834
2289,0.02053728885948658,1833
2290,0.020540941506624222,1832
2291,0.020550686866044998,1831
2292,0.020554685965180397,1830
2293,0.020562391728162766,1829
2294,0.0205699373036623,1828
2295,0.020598091185092926,1827
2296,0.02063804864883423,1826
2297,0.020645108073949814,1825
2298,0.02065568044781685,1824
2299,0.02071581408381462,1823
2300,0.02073303982615471,1822
2301,0.02073836140334606,1821
2302,0.020744480192661285,1820
2303,0.020779114216566086,1819
2304,0.020795639604330063,1818
2305,0.02081942930817604,1817
2306,0.02082173153758049,1816
2307,0.020848236978054047,1815
2308,0.020852629095315933,1814
2309,0.02085723541676998,1813
2310,0.020858773961663246,1812
2311,0.020860938355326653,1811
2312,0.02086362987756729,1810
2313,0.020882276818156242,1809
2314,0.020892348140478134,1808
2315,0.020902223885059357,1807
2316,0.020917370915412903,1806
2317,0.02096710354089737,1805
2318,0.02097877860069275,1804
2319,0.020985256880521774,1803
2320,0.020994562655687332,1802
2321,0.021012146025896072,1801
2322,0.0210198312997818,1800
2323,0.021021725609898567,1799
2324,0.021029362455010414,1798
2325,0.02106575481593609,1797
2326,0.021087855100631714,1796
2327,0.02112344652414322,1795
2328,0.021143481135368347,1794
2329,0.021175697445869446,1793
2330,0.02117789164185524,1792
2331,0.02119600772857666,1791
2332,0.02121148258447647,1790
2333,0.02121361717581749,1789
2334,0.021215206012129784,1788
2335,0.021217556670308113,1787
2336,0.021218910813331604,1786
2337,0.021234527230262756,1785
2338,0.02123756892979145,1784
2339,0.021274417638778687,1783
2340,0.02128133364021778,1782
2341,0.02133939415216446,1781
2342,0.02134057879447937,1780
2343,0.021362286061048508,1779
2344,0.021376673132181168,1778
2345,0.021377041935920715,1777
2346,0.0213807113468647,1776
2347,0.021383943036198616,1775
2348,0.02139005810022354,1774
2349,0.021398045122623444,1773
2350,0.021403227001428604,1772
2351,0.02141263708472252,1771
2352,0.021420247852802277,1770
2353,0.021428687497973442,1769
2354,0.021433211863040924,1768
2355,0.021440546959638596,1767
2356,0.0214550718665123,1766
2357,0.021474888548254967,1765
2358,0.021486127749085426,1764
2359,0.0214877650141716,1763
2360,0.021513115614652634,1762
2361,0.021543610841035843,1761
2362,0.021561186760663986,1760
2363,0.021576667204499245,1759
2364,0.021594759076833725,1758
2365,0.021613679826259613,1757
2366,0.021647116169333458,1756
2367,0.021707484498620033,1755
2368,0.02171272598206997,1754
2369,0.02171621099114418,1753
2370,0.02172151207923889,1752
2371,0.021729733794927597,1751
2372,0.02175227925181389,1750
2373,0.021770911291241646,1749
2374,0.02177385240793228,1748
2375,0.021784372627735138,1747
2376,0.021791335195302963,1746
2377,0.021794497966766357,1745
2378,0.02179475873708725,1744
2379,0.02182169258594513,1743
2380,0.021824872121214867,1742
2381,0.02182740718126297,1741
2382,0.021845491603016853,1740
2383,0.021877048537135124,1739
2384,0.021879322826862335,1738
2385,0.021892694756388664,1737
2386,0.02191172167658806,1736
2387,0.021955180913209915,1735
2388,0.02196275070309639,1734
2389,0.021964170038700104,1733
2390,0.022002965211868286,1732
2391,0.02203448861837387,1731
2392,0.022053567692637444,1730
2393,0.02205682173371315,1729
2394,0.022068459540605545,1728
2395,0.022077439352869987,1727
2396,0.022102005779743195,1726
2397,0.0221383199095726,1725
2398,0.022148849442601204,1724
2399,0.022151872515678406,1723
2400,0.02216816134750843,1722
2401,0.022169405594468117,1721
2402,0.022174060344696045,1720
2403,0.022177450358867645,1719
2404,0.022180378437042236,1718
2405,0.022205203771591187,1717
2406,0.02221151813864708,1716
2407,0.022221527993679047,1715
2408,0.022229395806789398,1714
2409,0.022232886403799057,1713
2410,0.022256001830101013,1712
2411,0.02227277308702469,1711
2412,0.02227749675512314,1710
2413,0.022293761372566223,1709
2414,0.02230484038591385,1708
2415,0.02231142669916153,1707
2416,0.02232521027326584,1706
2417,0.022329755127429962,1705
2418,0.0223359614610672,1704
2419,0.02235138602554798,1703
2420,0.022377770394086838,1702
2421,0.022378770634531975,1701
2422,0.022400371730327606,1700
2423,0.02240961790084839,1699
2424,0.02241397649049759,1698
2425,0.022428633645176888,1697
2426,0.022445667535066605,1696
2427,0.022479970008134842,1695
2428,0.022492097690701485,1694
2429,0.022492744028568268,1693
2430,0.022509485483169556,1692
2431,0.022516876459121704,1691
2432,0.022523999214172363,1690
2433,0.022525351494550705,1689
2434,0.02253062278032303,1688
2435,0.022540897130966187,1687
2436,0.022556699812412262,1686
2437,0.022566214203834534,1685
2438,0.022595496848225594,1684
2439,0.022606436163187027,1683
2440,0.022616153582930565,1682
2441,0.02261902019381523,1681
2442,0.022620026022195816,1680
2443,0.022635236382484436,1679
2444,0.022645296528935432,1678
2445,0.022651858627796173,1677
2446,0.02267247997224331,1676
2447,0.022676799446344376,1675
2448,0.022686708718538284,1674
2449,0.022688250988721848,1673
2450,0.022731291130185127,1672
2451,0.022733118385076523,1671
2452,0.022738121449947357,1670
2453,0.022740276530385017,1669
2454,0.022753380239009857,1668
2455,0.02277410961687565,1667
2456,0.022780654951930046,1666
2457,0.022810453549027443,1665
2458,0.022895794361829758,1664
2459,0.02289775013923645,1663
2460,0.02290167845785618,1662
2461,0.022941693663597107,1661
2462,0.022950775921344757,1660
2463,0.022956229746341705,1659
2464,0.02295905351638794,1658
2465,0.022974073886871338,1657
2466,0.022974960505962372,1656
2467,0.022977136075496674,1655
2468,0.02298220433294773,1654
2469,0.02298547327518463,1653
2470,0.022990725934505463,1652
2471,0.02299550548195839,1651
2472,0.022997675463557243,1650
2473,0.023014724254608154,1649
2474,0.023049969226121902,1648
2475,0.023061756044626236,1647
2476,0.02306765504181385,1646
2477,0.023078113794326782,1645
2478,0.023083122447133064,1644
2479,0.023087406530976295,1643
2480,0.02311384491622448,1642
2481,0.023115083575248718,1641
2482,0.02311776578426361,1640
2483,0.023126933723688126,1639
2484,0.02316085435450077,1638
2485,0.023183321580290794,1637
2486,0.023219503462314606,1636
2487,0.02323034591972828,1635
2488,0.02323126047849655,1634
2489,0.023249365389347076,1633
2490,0.023280635476112366,1632
2491,0.023303642868995667,1631
2492,0.023325689136981964,1630
2493,0.023338086903095245,1629
2494,0.023347437381744385,1628
2495,0.023348119109869003,1627
2496,0.023351702839136124,1626
2497,0.023417934775352478,1625
2498,0.023422742262482643,1624
2499,0.02343343198299408,1623
2500,0.023444142192602158,1622
2501,0.023451514542102814,1621
2502,0.023454848676919937,1620
2503,0.023461878299713135,1619
2504,0.02349073812365532,1618
2505,0.023490849882364273,1617
2506,0.023495256900787354,1616
2507,0.02354014664888382,1615
2508,0.023544013500213623,1614
2509,0.023547809571027756,1613
2510,0.023555435240268707,1612
2511,0.0235692597925663,1611
2512,0.023576892912387848,1610
2513,0.02357906475663185,1609
2514,0.0235883891582489,1608
2515,0.023590222001075745,1607
2516,0.023602917790412903,1606
2517,0.023610804229974747,1605
2518,0.023632101714611053,1604
2519,0.02368040196597576,1603
2520,0.023681500926613808,1602
2521,0.023690275847911835,1601
2522,0.023706145584583282,1600
2523,0.023732123896479607,1599
2524,0.023739470168948174,1598
2525,0.02374430000782013,1597
2526,0.02375020459294319,1596
2527,0.023752445355057716,1595
2528,0.02375440113246441,1594
2529,0.02377411350607872,1593
2530,0.023811085149645805,1592
2531,0.023829402402043343,1591
2532,0.02384021133184433,1590
2533,0.02385110780596733,1589
2534,0.023862633854150772,1588
2535,0.023886725306510925,1587
2536,0.023893315345048904,1586
2537,0.023921852931380272,1585
2538,0.02394714578986168,1584
2539,0.023947516456246376,1583
2540,0.0239628367125988,1582
2541,0.023964539170265198,1581
2542,0.02400869131088257,1580
2543,0.024024242535233498,1579
2544,0.024082541465759277,1578
2545,0.024101199582219124,1577
2546,0.0241184551268816,1576
2547,0.024132005870342255,1575
2548,0.0241415873169899,1574
2549,0.024204295128583908,1573
2550,0.024241287261247635,1572
2551,0.02428354136645794,1571
2552,0.02428469993174076,1570
2553,0.02428482472896576,1569
2554,0.024286430329084396,1568
2555,0.024305328726768494,1567
2556,0.024311613291502,1566
2557,0.024347946047782898,1565
2558,0.024367686361074448,1564
2559,0.024367833510041237,1563
2560,0.02439138852059841,1562
2561,0.0244046188890934,1561
2562,0.024419842287898064,1560
2563,0.024425722658634186,1559
2564,0.024450313299894333,1558
2565,0.024467378854751587,1557
2566,0.024491451680660248,1556
2567,0.024532463401556015,1555
2568,0.024558886885643005,1554
2569,0.024592868983745575,1553
2570,0.02460138499736786,1552
2571,0.024625908583402634,1551
2572,0.024628162384033203,1550
2573,0.024629980325698853,1549
2574,0.024650365114212036,1548
2575,0.02465580403804779,1547
2576,0.024708012118935585,1546
2577,0.024732433259487152,1545
2578,0.024745754897594452,1544
2579,0.02476106584072113,1543
2580,0.0247708261013031,1542
2581,0.024783428758382797,1541
2582,0.02478562667965889,1540
2583,0.024804258719086647,1539
2584,0.024875503033399582,1538
2585,0.024901339784264565,1537
2586,0.02490377426147461,1536
2587,0.024927150458097458,1535
2588,0.024968188256025314,1534
2589,0.02497512847185135,1533
2590,0.02497858926653862,1532
2591,0.024986520409584045,1531
2592,0.025002293288707733,1530
2593,0.025013480335474014,1529
2594,0.025038443505764008,1528
2595,0.025108516216278076,1527
2596,0.02519659511744976,1526
2597,0.02524169534444809,1525
2598,0.025246473029255867,1524
2599,0.025266729295253754,1523
2600,0.025332782417535782,1522
2601,0.02533728815615177,1521
2602,0.025341831147670746,1520
2603,0.0253542959690094,1519
2604,0.02538221701979637,1518
2605,0.025390658527612686,1517
2606,0.025406569242477417,1516
2607,0.025421123951673508,1515
2608,0.02543078362941742,1514
2609,0.025436632335186005,1513
2610,0.025463184341788292,1512
2611,0.025477169081568718,1511
2612,0.025484859943389893,1510
2613,0.025495143607258797,1509
2614,0.02554100751876831,1508
2615,0.025545790791511536,1507
2616,0.025553982704877853,1506
2617,0.025568826124072075,1505
2618,0.025577591732144356,1504
2619,0.02561705745756626,1503
2620,0.02563340961933136,1502
2621,0.025640416890382767,1501
2622,0.025656618177890778,1500
2623,0.02568146400153637,1499
2624,0.025686003267765045,1498
2625,0.025703418999910355,1497
2626,0.025704555213451385,1496
2627,0.02570594847202301,1495
2628,0.02571197599172592,1494
2629,0.025715038180351257,1493
2630,0.02572011575102806,1492
2631,0.025749724358320236,1491
2632,0.025764532387256622,1490
2633,0.0257730670273304,1489
2634,0.02582871913909912,1488
2635,0.025871824473142624,1487
2636,0.025894392281770706,1486
2637,0.025902390480041504,1485
2638,0.025905989110469818,1484
2639,0.02595379762351513,1483
2640,0.0259600467979908,1482
2641,0.026005182415246964,1481
2642,0.02603493072092533,1480
2643,0.02606193907558918,1479
2644,0.026062019169330597,1478
2645,0.026066258549690247,1477
2646,0.026088207960128784,1476
2647,0.026091337203979492,1475
2648,0.026145612820982933,1474
2649,0.026155970990657806,1473
2650,0.026161693036556244,1472
2651,0.0261661596596241,1471
2652,0.02623588778078556,1470
2653,0.026254236698150635,1469
2654,0.02630232274532318,1468
2655,0.026343608275055885,1467
2656,0.02637677639722824,1466
2657,0.02637728676199913,1465
2658,0.026398582383990288,1464
2659,0.02641594409942627,1463
2660,0.026424158364534378,1462
2661,0.02645079419016838,1461
2662,0.026476480066776276,1460
2663,0.02649274468421936,1459
2664,0.02649916522204876,1458
2665,0.02651447057723999,1457
2666,0.026526331901550293,1456
2667,0.026602167636156082,1455
2668,0.026612408459186554,1454
2669,0.02661728486418724,1453
2670,0.026620030403137207,1452
2671,0.02665572054684162,1451
2672,0.026655789464712143,1450
2673,0.026724066585302353,1449
2674,0.026731004938483238,1448
2675,0.026736579835414886,1447
2676,0.026799093931913376,1446
2677,0.026817351579666138,1445
2678,0.02685069665312767,1444
2679,0.026851894333958626,1443
2680,0.026862025260925293,1442
2681,0.026882395148277283,1441
2682,0.026884451508522034,1440
2683,0.026908699423074722,1439
2684,0.02692825347185135,1438
2685,0.026944033801555634,1437
2686,0.026963261887431145,1436
2687,0.026972275227308273,1435
2688,0.02698761411011219,1434
2689,0.027019143104553223,1433
2690,0.02703067660331726,1432
2691,0.02706097438931465,1431
2692,0.02708433009684086,1430
2693,0.027088329195976257,1429
2694,0.027103908360004425,1428
2695,0.027134478092193604,1427
2696,0.027136579155921936,1426
2697,0.027157798409461975,1425
2698,0.027170855551958084,1424
2699,0.027173705399036407,1423
2700,0.02717750146985054,1422
2701,0.027181588113307953,1421
2702,0.02720574289560318,1420
2703,0.027224350720643997,1419
2704,0.027245372533798218,1418
2705,0.027256403118371964,1417
2706,0.02726050838828087,1416
2707,0.027274280786514282,1415
2708,0.0272967591881752,1414
2709,0.027301670983433723,1413
2710,0.027304867282509804,1412
2711,0.027342917397618294,1411
2712,0.027364805340766907,1410
2713,0.027367733418941498,1409
2714,0.027371898293495178,1408
2715,0.02741040289402008,1407
2716,0.027436088770627975,1406
2717,0.027457334101200104,1405
2718,0.027465637773275375,1404
2719,0.02754317596554756,1403
2720,0.02755187824368477,1402
2721,0.02755197510123253,1401
2722,0.027552835643291473,1400
2723,0.02755989134311676,1399
2724,0.027572117745876312,1398
2725,0.02759217843413353,1397
2726,0.027636609971523285,1396
2727,0.027649790048599243,1395
2728,0.02765682339668274,1394
2729,0.02770966850221157,1393
2730,0.027716010808944702,1392
2731,0.027716193348169327,1391
2732,0.02773953415453434,1390
2733,0.027745552361011505,1389
2734,0.027775943279266357,1388
2735,0.02781575545668602,1387
2736,0.027866318821907043,1386
2737,0.027871089056134224,1385
2738,0.027897443622350693,1384
2739,0.027934491634368896,1383
2740,0.02794828452169895,1382
2741,0.027952570468187332,1381
2742,0.027967818081378937,1380
2743,0.027982106432318687,1379
2744,0.027987316250801086,1378
2745,0.027991656213998795,1377
2746,0.027999240905046463,1376
2747,0.02800356224179268,1375
2748,0.028017165139317513,1374
2749,0.028069861233234406,1373
2750,0.028093060478568077,1372
2751,0.028112147003412247,1371
2752,0.028113793581724167,1370
2753,0.028142647817730904,1369
2754,0.02817699685692787,1368
2755,0.028215685859322548,1367
2756,0.028233643621206284,1366
2757,0.028243087232112885,1365
2758,0.028253458440303802,1364
2759,0.028348561376333237,1363
2760,0.028350217267870903,1362
2761,0.02838454395532608,1361
2762,0.028448335826396942,1360
2763,0.028484156355261803,1359
2764,0.02849830687046051,1358
2765,0.028506547212600708,1357
2766,0.028515644371509552,1356
2767,0.028540000319480896,1355
2768,0.028617341071367264,1354
2769,0.02864859625697136,1353
2770,0.028691425919532776,1352
2771,0.02869732864201069,1351
2772,0.028698600828647614,1350
2773,0.028704747557640076,1349
2774,0.028718147426843643,1348
2775,0.028718749061226845,1347
2776,0.02872442454099655,1346
2777,0.028753049671649933,1345
2778,0.02884684130549431,1344
2779,0.028887394815683365,1343
2780,0.028901368379592896,1342
2781,0.028903361409902573,1341
2782,0.028913889080286026,1340
2783,0.028978951275348663,1339
2784,0.028990041464567184,1338
2785,0.02899044379591942,1337
2786,0.029026880860328674,1336
2787,0.029027605429291725,1335
2788,0.02903572842478752,1334
2789,0.02904301881790161,1333
2790,0.02905712090432644,1332
2791,0.029077589511871338,1331
2792,0.02907821536064148,1330
2793,0.0290895476937294,1329
2794,0.0290976669639349,1328
2795,0.02910182625055313,1327
2796,0.029120255261659622,1326
2797,0.029137805104255676,1325
2798,0.02916925586760044,1324
2799,0.029177531599998474,1323
2800,0.029196564108133316,1322
2801,0.02923497185111046,1321
2802,0.02927515283226967,1320
2803,0.029321491718292236,1319
2804,0.029323384165763855,1318
2805,0.02935689687728882,1317
2806,0.029383612796664238,1316
2807,0.029451917856931686,1315
2808,0.02945898100733757,1314
2809,0.0294847022742033,1313
2810,0.029494591057300568,1312
2811,0.029546115547418594,1311
2812,0.029556879773736,1310
2813,0.029559703543782234,1309
2814,0.029569486156105995,1308
2815,0.029580198228359222,1307
2816,0.02959379181265831,1306
2817,0.029682397842407227,1305
2818,0.02970603108406067,1304
2819,0.029711872339248657,1303
2820,0.029749251902103424,1302
2821,0.029796063899993896,1301
2822,0.029816091060638428,1300
2823,0.029835747554898262,1299
2824,0.029869206249713898,1298
2825,0.029925916343927383,1297
2826,0.02997201308608055,1296
2827,0.02998768538236618,1295
2828,0.02999614179134369,1294
2829,0.03000851906836033,1293
2830,0.030019160360097885,1292
2831,0.030019309371709824,1291
2832,0.030020393431186676,1290
2833,0.030055809766054153,1289
2834,0.03005995973944664,1288
2835,0.030098479241132736,1287
2836,0.030119426548480988,1286
2837,0.030129559338092804,1285
2838,0.030161775648593903,1284
2839,0.03016386181116104,1283
2840,0.0301671102643013,1282
2841,0.030171632766723633,1281
2842,0.030187837779521942,1280
2843,0.030218616127967834,1279
2844,0.030231084674596786,1278
2845,0.030306821689009666,1277
2846,0.030312970280647278,1276
2847,0.030333830043673515,1275
2848,0.0303812138736248,1274
2849,0.030398420989513397,1273
2850,0.03040570765733719,1272
2851,0.03048049286007881,1271
2852,0.030497273430228233,1270
2853,0.030525466427206993,1269
2854,0.03052729368209839,1268
2855,0.030607564374804497,1267
2856,0.030629755929112434,1266
2857,0.030632220208644867,1265
2858,0.030649999156594276,1264
2859,0.030699031427502632,1263
2860,0.03072306700050831,1262
2861,0.03075026348233223,1261
2862,0.030754465609788895,1260
2863,0.03075571358203888,1259
2864,0.030814800411462784,1258
2865,0.030816983431577682,1257
2866,0.03082124888896942,1256
2867,0.03082982450723648,1255
2868,0.03084019385278225,1254
2869,0.03091531991958618,1253
2870,0.03092457540333271,1252
2871,0.030960025265812874,1251
2872,0.030965764075517654,1250
2873,0.031015360727906227,1249
2874,0.031024636700749397,1248
2875,0.03110012412071228,1247
2876,0.031101515516638756,1246
2877,0.031110746785998344,1245
2878,0.031136080622673035,1244
2879,0.0311430674046278,1243
2880,0.03116786479949951,1242
2881,0.031207546591758728,1241
2882,0.031211823225021362,1240
2883,0.03121666982769966,1239
2884,0.031228870153427124,1238
2885,0.031243011355400085,1237
2886,0.0312647707760334,1236
2887,0.03128071874380112,1235
2888,0.0313081294298172,1234
2889,0.031310610473155975,1233
2890,0.031351953744888306,1232
2891,0.03138696402311325,1231
2892,0.031413596123456955,1230
2893,0.03141438215970993,1229
2894,0.0314614437520504,1228
2895,0.03146655857563019,1227
2896,0.03153568133711815,1226
2897,0.03154759481549263,1225
2898,0.03157180920243263,1224
2899,0.031572140753269196,1223
2900,0.03160693123936653,1222
2901,0.03162141889333725,1221
2902,0.03163014352321625,1220
2903,0.03163202479481697,1219
2904,0.03164711222052574,1218
2905,0.03166201710700989,1217
2906,0.03168229013681412,1216
2907,0.03171858936548233,1215
2908,0.03175038844347,1214
2909,0.03178286552429199,1213
2910,0.03179098665714264,1212
2911,0.03179437294602394,1211
2912,0.031803205609321594,1210
2913,0.03181849420070648,1209
2914,0.031821899116039276,1208
2915,0.03188648447394371,1207
2916,0.03191840648651123,1206
2917,0.0319451279938221,1205
2918,0.0319586843252182,1204
2919,0.031964875757694244,1203
2920,0.0319708026945591,1202
2921,0.031989049166440964,1201
2922,0.03214610368013382,1200
2923,0.03214680776000023,1199
2924,0.03216110169887543,1198
2925,0.03217894211411476,1197
2926,0.03218965604901314,1196
2927,0.03219496086239815,1195
2928,0.03222011774778366,1194
2929,0.03225238621234894,1193
2930,0.032255418598651886,1192
2931,0.032268770039081573,1191
2932,0.032292112708091736,1190
2933,0.032296597957611084,1189
2934,0.03229881078004837,1188
2935,0.032300908118486404,1187
2936,0.0323423370718956,1186
2937,0.03235197812318802,1185
2938,0.03240916505455971,1184
2939,0.032425642013549805,1183
2940,0.03246963024139404,1182
2941,0.03250785917043686,1181
2942,0.03253508359193802,1180
2943,0.03255215287208557,1179
2944,0.03256058320403099,1178
2945,0.032585836946964264,1177
2946,0.03262109309434891,1176
2947,0.03262978792190552,1175
2948,0.03266628831624985,1174
2949,0.03267522156238556,1173
2950,0.032683003693819046,1172
2951,0.032761313021183014,1171
2952,0.03277294710278511,1170
2953,0.03277388587594032,1169
2954,0.03277577459812164,1168
2955,0.03278021886944771,1167
2956,0.032784149050712585,1166
2957,0.032802991569042206,1165
2958,0.032820697873830795,1164
2959,0.03282999247312546,1163
2960,0.0328940749168396,1162
2961,0.0328979454934597,1161
2962,0.032983239740133286,1160
2963,0.03299127146601677,1159
2964,0.03299304470419884,1158
2965,0.03300492465496063,1157
2966,0.033024419099092484,1156
2967,0.03303072601556778,1155
2968,0.03305583447217941,1154
2969,0.03306189924478531,1153
2970,0.03306544944643974,1152
2971,0.03309287875890732,1151
2972,0.03309705853462219,1150
2973,0.03310226649045944,1149
2974,0.03310826048254967,1148
2975,0.03313436731696129,1147
2976,0.033154696226119995,1146
2977,0.033180758357048035,1145
2978,0.03319332003593445,1144
2979,0.033272117376327515,1143
2980,0.033423371613025665,1142
2981,0.03345360606908798,1141
2982,0.033466849476099014,1140
2983,0.03347991406917572,1139
2984,0.033484235405921936,1138
2985,0.03350241109728813,1137
2986,0.03351966664195061,1136
2987,0.03352833539247513,1135
2988,0.03353090584278107,1134
2989,0.03360891714692116,1133
2990,0.03360924869775772,1132
2991,0.03361827880144119,1131
2992,0.033697113394737244,1130
2993,0.03371918946504593,1129
2994,0.0337221622467041,1128
2995,0.03375520184636116,1127
2996,0.03376618027687073,1126
2997,0.03376632556319237,1125
2998,0.03387684375047684,1124
2999,0.033909521996974945,1123
3000,0.033952467143535614,1122
3001,0.03395748883485794,1121
3002,0.03396430239081383,1120
3003,0.03398787975311279,1119
3004,0.034001849591732025,1118
3005,0.03401518240571022,1117
3006,0.03402404487133026,1116
3007,0.03410498797893524,1115
3008,0.034118905663490295,1114
3009,0.03417205810546875,1113
3010,0.034215811640024185,1112
3011,0.034235384315252304,1111
3012,0.0342436358332634,1110
3013,0.03424464538693428,1109
3014,0.03425337374210358,1108
3015,0.0342918261885643,1107
3016,0.0343036875128746,1106
3017,0.03430948406457901,1105
3018,0.03431560844182968,1104
3019,0.034360162913799286,1103
3020,0.034397635608911514,1102
3021,0.034456077963113785,1101
3022,0.03448420763015747,1100
3023,0.03450782969594002,1099
3024,0.034511812031269073,1098
3025,0.034548696130514145,1097
3026,0.03458596393465996,1096
3027,0.03459127992391586,1095
3028,0.03459804505109787,1094
3029,0.03460177034139633,1093
3030,0.03464329615235329,1092
3031,0.03464975953102112,1091
3032,0.03466286510229111,1090
3033,0.03467665612697601,1089
3034,0.03468641638755798,1088
3035,0.03470159322023392,1087
3036,0.03477063775062561,1086
3037,0.03477310389280319,1085
3038,0.034812815487384796,1084
3039,0.0348367840051651,1083
3040,0.03484185039997101,1082
3041,0.034864433109760284,1081
3042,0.03487517312169075,1080
3043,0.034883804619312286,1079
3044,0.03492234647274017,1078
3045,0.03497482091188431,1077
3046,0.034980978816747665,1076
3047,0.03498713672161102,1075
3048,0.03500882536172867,1074
3049,0.03501633554697037,1073
3050,0.035047467797994614,1072
3051,0.035061657428741455,1071
3052,0.035073477774858475,1070
3053,0.03509543836116791,1069
3054,0.03510601073503494,1068
3055,0.03516651317477226,1067
3056,0.035187143832445145,1066
3057,0.03526981174945831,1065
3058,0.03527110069990158,1064
3059,0.0353526696562767,1063
3060,0.03540593758225441,1062
3061,0.03549102693796158,1061
3062,0.035515569150447845,1060
3063,0.03556171432137489,1059
3064,0.03561760112643242,1058
3065,0.035651713609695435,1057
3066,0.035659343004226685,1056
3067,0.03566407784819603,1055
3068,0.03568149358034134,1054
3069,0.03574216365814209,1053
3070,0.035742223262786865,1052
3071,0.03577367961406708,1051
3072,0.03578424081206322,1050
3073,0.035903412848711014,1049
3074,0.035957954823970795,1048
3075,0.03599797189235687,1047
3076,0.036050401628017426,1046
3077,0.03605121374130249,1045
3078,0.036099620163440704,1044
3079,0.03610970824956894,1043
3080,0.03613315522670746,1042
3081,0.03623690828680992,1041
3082,0.0362403430044651,1040
3083,0.03626662492752075,1039
3084,0.03628601133823395,1038
3085,0.036295320838689804,1037
3086,0.03630632162094116,1036
3087,0.03632848709821701,1035
3088,0.036407314240932465,1034
3089,0.036492303013801575,1033
3090,0.03658391162753105,1032
3091,0.03658483177423477,1031
3092,0.03658969700336456,1030
3093,0.03664359450340271,1029
3094,0.03665684163570404,1028
3095,0.03666926175355911,1027
3096,0.036672599613666534,1026
3097,0.03669534996151924,1025
3098,0.03669822961091995,1024
3099,0.036706503480672836,1023
3100,0.03677357733249664,1022
3101,0.03679365664720535,1021
3102,0.03680659085512161,1020
3103,0.03680665045976639,1019
3104,0.03682338446378708,1018
3105,0.036825165152549744,1017
3106,0.036868348717689514,1016
3107,0.0369383804500103,1015
3108,0.036959677934646606,1014
3109,0.037005141377449036,1013
3110,0.03702356293797493,1012
3111,0.03703688085079193,1011
3112,0.03704703599214554,1010
3113,0.037086136639118195,1009
3114,0.03709039092063904,1008
3115,0.03709923475980759,1007
3116,0.03711220622062683,1006
3117,0.03713338077068329,1005
3118,0.03716679662466049,1004
3119,0.03731007128953934,1003
3120,0.03732011839747429,1002
3121,0.0373326912522316,1001
3122,0.03734225779771805,1000
3123,0.037358589470386505,999
3124,0.03737238794565201,998
3125,0.037385549396276474,997
3126,0.037407971918582916,996
3127,0.037413790822029114,995
3128,0.03742486983537674,994
3129,0.03748411685228348,993
3130,0.037505269050598145,992
3131,0.037515103816986084,991
3132,0.0375201515853405,990
3133,0.03752095252275467,989
3134,0.03752249851822853,988
3135,0.037594884634017944,987
3136,0.037706390023231506,986
3137,0.03772323951125145,985
3138,0.03773478791117668,984
3139,0.03774978965520859,983
3140,0.037797462195158005,982
3141,0.037799399346113205,981
3142,0.03780271112918854,980
3143,0.03782010078430176,979
3144,0.037824831902980804,978
3145,0.03792116418480873,977
3146,0.03798075020313263,976
3147,0.038004159927368164,975
3148,0.03810469061136246,974
3149,0.03812480717897415,973
3150,0.038184188306331635,972
3151,0.038191601634025574,971
3152,0.03821223974227905,970
3153,0.0382205992937088,969
3154,0.03825352340936661,968
3155,0.03838678076863289,967
3156,0.038457632064819336,966
3157,0.038457758724689484,965
3158,0.03847706317901611,964
3159,0.038484275341033936,963
3160,0.0385383702814579,962
3161,0.03855122625827789,961
3162,0.03858201578259468,960
3163,0.03869384527206421,959
3164,0.038702383637428284,958
3165,0.0387052558362484,957
3166,0.03870702534914017,956
3167,0.038773313164711,955
3168,0.03882850334048271,954
3169,0.038920529186725616,953
3170,0.03896189481019974,952
3171,0.03903193026781082,951
3172,0.039046525955200195,950
3173,0.039074987173080444,949
3174,0.039077237248420715,948
3175,0.03909134864807129,947
3176,0.039093293249607086,946
3177,0.0391077846288681,945
3178,0.039122991263866425,944
3179,0.039173778146505356,943
3180,0.039204273372888565,942
3181,0.039238180965185165,941
3182,0.039285145699977875,940
3183,0.03930668532848358,939
3184,0.03936595469713211,938
3185,0.039427999407052994,937
3186,0.03954035043716431,936
3187,0.03955502063035965,935
3188,0.039563678205013275,934
3189,0.03957509621977806,933
3190,0.03958670049905777,932
3191,0.03959609195590019,931
3192,0.03964244946837425,930
3193,0.03968515247106552,929
3194,0.03969172388315201,928
3195,0.039697133004665375,927
3196,0.039738088846206665,926
3197,0.03975807875394821,925
3198,0.039765384048223495,924
3199,0.039782240986824036,923
3200,0.039805278182029724,922
3201,0.03981311246752739,921
3202,0.039848387241363525,920
3203,0.03987201303243637,919
3204,0.039908938109874725,918
3205,0.03992880508303642,917
3206,0.039975062012672424,916
3207,0.03998196870088577,915
3208,0.039984509348869324,914
3209,0.040057286620140076,913
3210,0.04007250815629959,912
3211,0.04022728651762009,911
3212,0.040233105421066284,910
3213,0.040269434452056885,909
3214,0.040278591215610504,908
3215,0.04032064229249954,907
3216,0.04035739600658417,906
3217,0.04040784388780594,905
3218,0.04041680693626404,904
3219,0.040421560406684875,903
3220,0.04046841710805893,902
3221,0.04048524796962738,901
3222,0.04049035906791687,900
3223,0.040581561625003815,899
3224,0.040665462613105774,898
3225,0.040768105536699295,897
3226,0.04079003632068634,896
3227,0.040847890079021454,895
3228,0.04088447988033295,894
3229,0.040888793766498566,893
3230,0.0409625843167305,892
3231,0.04100927710533142,891
3232,0.04103852063417435,890
3233,0.041038695722818375,889
3234,0.04112529009580612,888
3235,0.04113928973674774,887
3236,0.04119747877120972,886
3237,0.04126621037721634,885
3238,0.04127790406346321,884
3239,0.041355401277542114,883
3240,0.041356831789016724,882
3241,0.04137463867664337,881
3242,0.041506774723529816,880
3243,0.041519876569509506,879
3244,0.04161980003118515,878
3245,0.04163449630141258,877
3246,0.04164883494377136,876
3247,0.04167233407497406,875
3248,0.04167967662215233,874
3249,0.041723549365997314,873
3250,0.04174216836690903,872
3251,0.04184071719646454,871
3252,0.0419207438826561,870
3253,0.04196339473128319,869
3254,0.041965872049331665,868
3255,0.042005330324172974,867
3256,0.04201284423470497,866
3257,0.04202036187052727,865
3258,0.04203855246305466,864
3259,0.04205602407455444,863
3260,0.04207342118024826,862
3261,0.042076632380485535,861
3262,0.04211685061454773,860
3263,0.04215101897716522,859
3264,0.04221484810113907,858
3265,0.04222638159990311,857
3266,0.04231327772140503,856
3267,0.042328909039497375,855
3268,0.04235277324914932,854
3269,0.04241597652435303,853
3270,0.04243873432278633,852
3271,0.04245268180966377,851
3272,0.04254676774144173,850
3273,0.04261425510048866,849
3274,0.0426178015768528,848
3275,0.042666688561439514,847
3276,0.04276439547538757,846
3277,0.042804054915905,845
3278,0.042843885719776154,844
3279,0.04287537932395935,843
3280,0.04289310798048973,842
3281,0.04291755333542824,841
3282,0.04295240715146065,840
3283,0.04297906160354614,839
3284,0.043036848306655884,838
3285,0.04309767112135887,837
3286,0.04314236342906952,836
3287,0.04314348101615906,835
3288,0.04323771968483925,834
3289,0.04326687753200531,833
3290,0.04327400028705597,832
3291,0.043317440897226334,831
3292,0.043377287685871124,830
3293,0.0434001162648201,829
3294,0.04340218007564545,828
3295,0.04341550171375275,827
3296,0.04343372583389282,826
3297,0.04355297237634659,825
3298,0.0435798354446888,824
3299,0.04361017793416977,823
3300,0.0436297282576561,822
3301,0.043662458658218384,821
3302,0.04374834895133972,820
3303,0.04376246780157089,819
3304,0.04377788305282593,818
3305,0.04385361820459366,817
3306,0.043866634368896484,816
3307,0.043868571519851685,815
3308,0.04389886185526848,814
3309,0.04397765174508095,813
3310,0.044011764228343964,812
3311,0.044023141264915466,811
3312,0.04403049126267433,810
3313,0.04404275119304657,809
3314,0.04404405876994133,808
3315,0.04409951716661453,807
3316,0.044143933802843094,806
3317,0.04418805614113808,805
3318,0.04425210505723953,804
3319,0.044254764914512634,803
3320,0.044275689870119095,802
3321,0.044276654720306396,801
3322,0.0442814901471138,800
3323,0.044299229979515076,799
3324,0.04430148005485535,798
3325,0.044355858117341995,797
3326,0.04439254850149155,796
3327,0.044441189616918564,795
3328,0.04446082189679146,794
3329,0.04454547166824341,793
3330,0.04456816241145134,792
3331,0.04461563006043434,791
3332,0.04462656006217003,790
3333,0.04464928060770035,789
3334,0.044713087379932404,788
3335,0.04475623369216919,787
3336,0.044767096638679504,786
3337,0.04477261006832123,785
3338,0.044881243258714676,784
3339,0.04489798843860626,783
3340,0.04491754621267319,782
3341,0.04497046768665314,781
3342,0.045051366090774536,780
3343,0.045172106474637985,779
3344,0.045176126062870026,778
3345,0.04522927477955818,777
3346,0.045254919677972794,776
3347,0.045264821499586105,775
3348,0.04526783153414726,774
3349,0.04529537260532379,773
3350,0.045313410460948944,772
3351,0.04534754902124405,771
3352,0.045375123620033264,770
3353,0.04539760202169418,769
3354,0.045481808483600616,768
3355,0.04550090432167053,767
3356,0.045535992830991745,766
3357,0.04553607478737831,765
3358,0.04557082802057266,764
3359,0.04560684412717819,763
3360,0.045637279748916626,762
3361,0.0456378236413002,761
3362,0.045878373086452484,760
3363,0.04589734598994255,759
3364,0.04593402147293091,758
3365,0.04595319181680679,757
3366,0.04599782079458237,756
3367,0.0460018515586853,755
3368,0.046048544347286224,754
3369,0.04616914689540863,753
3370,0.04623103514313698,752
3371,0.046246323734521866,751
3372,0.0462605282664299,750
3373,0.046284280717372894,749
3374,0.04628928005695343,748
3375,0.046452879905700684,747
3376,0.046547070145606995,746
3377,0.046594515442848206,745
3378,0.04660078138113022,744
3379,0.04660841077566147,743
3380,0.04664357006549835,742
3381,0.04670340567827225,741
3382,0.046732544898986816,740
3383,0.04677445441484451,739
3384,0.046779390424489975,738
3385,0.046794090420007706,737
3386,0.046799927949905396,736
3387,0.04681604728102684,735
3388,0.04683142155408859,734
3389,0.0468558631837368,733
3390,0.04686666652560234,732
3391,0.04686859995126724,731
3392,0.04691433534026146,730
3393,0.0470161959528923,729
3394,0.047063197940588,728
3395,0.047143321484327316,727
3396,0.04716365039348602,726
3397,0.04719860851764679,725
3398,0.047206565737724304,724
3399,0.04721575230360031,723
3400,0.047216348350048065,722
3401,0.047241635620594025,721
3402,0.047243088483810425,720
3403,0.04728890582919121,719
3404,0.04744814336299896,718
3405,0.04749984294176102,717
3406,0.047587063163518906,716
3407,0.04763772338628769,715
3408,0.04764817655086517,714
3409,0.04766086861491203,713
3410,0.04768141359090805,712
3411,0.04775147885084152,711
3412,0.04776217043399811,710
3413,0.047791749238967896,709
3414,0.04780574142932892,708
3415,0.04780622571706772,707
3416,0.047881949692964554,706
3417,0.047966599464416504,705
3418,0.04802047461271286,704
3419,0.04815439507365227,703
3420,0.048201192170381546,702
3421,0.04830298200249672,701
3422,0.04835665971040726,700
3423,0.04838399961590767,699
3424,0.048396266996860504,698
3425,0.04839661717414856,697
3426,0.048426076769828796,696
3427,0.04845771938562393,695
3428,0.04849136993288994,694
3429,0.048535723239183426,693
3430,0.04855198413133621,692
3431,0.04860164225101471,691
3432,0.04863102734088898,690
3433,0.04864422231912613,689
3434,0.048648785799741745,688
3435,0.0488167479634285,687
3436,0.04889756441116333,686
3437,0.04895346611738205,685
3438,0.04896383732557297,684
3439,0.04899049922823906,683
3440,0.0491035021841526,682
3441,0.04910523444414139,681
3442,0.04911342263221741,680
3443,0.04911450296640396,679
3444,0.049161896109580994,678
3445,0.04916653409600258,677
3446,0.04920751228928566,676
3447,0.04934421181678772,675
3448,0.04936763644218445,674
3449,0.04938366636633873,673
3450,0.04941263794898987,672
3451,0.04944072291254997,671
3452,0.049513764679431915,670
3453,0.049539290368556976,669
3454,0.04954202473163605,668
3455,0.049624811857938766,667
3456,0.04967859014868736,666
3457,0.04972212016582489,665
3458,0.049782633781433105,664
3459,0.04982001334428787,663
3460,0.04988899081945419,662
3461,0.049954161047935486,661
3462,0.04995649680495262,660
3463,0.050047360360622406,659
3464,0.05015195906162262,658
3465,0.050194092094898224,657
3466,0.050194256007671356,656
3467,0.05019763112068176,655
3468,0.05022682249546051,654
3469,0.05032120645046234,653
3470,0.0504179447889328,652
3471,0.0504431426525116,651
3472,0.05045683681964874,650
3473,0.05046193301677704,649
3474,0.05054376646876335,648
3475,0.050553545355796814,647
3476,0.050653934478759766,646
3477,0.05071452632546425,645
3478,0.050753023475408554,644
3479,0.05078045278787613,643
3480,0.05091319978237152,642
3481,0.050965696573257446,641
3482,0.051007628440856934,640
3483,0.05101720616221428,639
3484,0.05105488747358322,638
3485,0.05109487846493721,637
3486,0.051152996718883514,636
3487,0.051220253109931946,635
3488,0.05138595774769783,634
3489,0.051438093185424805,633
3490,0.05145221948623657,632
3491,0.05149427056312561,631
3492,0.05150092765688896,630
3493,0.051523953676223755,629
3494,0.051543090492486954,628
3495,0.0515495203435421,627
3496,0.051595233380794525,626
3497,0.051631227135658264,625
3498,0.051758624613285065,624
3499,0.051803238689899445,623
3500,0.051843948662281036,622
3501,0.05186610668897629,621
3502,0.051917992532253265,620
3503,0.05195607244968414,619
3504,0.05207589268684387,618
3505,0.05213596671819687,617
3506,0.05218746140599251,616
3507,0.05231454223394394,615
3508,0.05235397070646286,614
3509,0.052356112748384476,613
3510,0.052516188472509384,612
3511,0.05264516919851303,611
3512,0.052718520164489746,610
3513,0.05274265259504318,609
3514,0.05277809500694275,608
3515,0.05287298932671547,607
3516,0.052873652428388596,606
3517,0.05295756459236145,605
3518,0.05297974497079849,604
3519,0.053143903613090515,603
3520,0.05320289731025696,602
3521,0.05327619984745979,601
3522,0.053311459720134735,600
3523,0.05335686355829239,599
3524,0.053370360285043716,598
3525,0.05337201803922653,597
3526,0.053372904658317566,596
3527,0.05345749855041504,595
3528,0.053620144724845886,594
3529,0.05362386256456375,593
3530,0.053640373051166534,592
3531,0.053733941167593,591
3532,0.053744975477457047,590
3533,0.053765520453453064,589
3534,0.05385042726993561,588
3535,0.053850892931222916,587
3536,0.053863249719142914,586
3537,0.05432993546128273,585
3538,0.05438739433884621,584
3539,0.05439739674329758,583
3540,0.05444982275366783,582
3541,0.05445758253335953,581
3542,0.05451512709259987,580
3543,0.054558806121349335,579
3544,0.05460219457745552,578
3545,0.05472898110747337,577
3546,0.05476931110024452,576
3547,0.05490648001432419,575
3548,0.054986510425806046,574
3549,0.055001646280288696,573
3550,0.055017441511154175,572
3551,0.05504164099693298,571
3552,0.055103812366724014,570
3553,0.055127181112766266,569
3554,0.05532284826040268,568
3555,0.055350761860609055,567
3556,0.055389177054166794,566
3557,0.05545055866241455,565
3558,0.05549207329750061,564
3559,0.05566579848527908,563
3560,0.05573087930679321,562
3561,0.055951304733753204,561
3562,0.05597788468003273,560
3563,0.05604139715433121,559
3564,0.05614982172846794,558
3565,0.05615910142660141,557
3566,0.05620449036359787,556
3567,0.05624828487634659,555
3568,0.05635516345500946,554
3569,0.0563557893037796,553
3570,0.0563826821744442,552
3571,0.0565401092171669,551
3572,0.056584976613521576,550
3573,0.05669138953089714,549
3574,0.05676354467868805,548
3575,0.05676354840397835,547
3576,0.05685625597834587,546
3577,0.05687658488750458,545
3578,0.0568985790014267,544
3579,0.056926827877759933,543
3580,0.05704398453235626,542
3581,0.05705074965953827,541
3582,0.05716599151492119,540
3583,0.05718965083360672,539
3584,0.0571938082575798,538
3585,0.0573415607213974,537
3586,0.05734866112470627,536
3587,0.05742887407541275,535
3588,0.0574558787047863,534
3589,0.05751702934503555,533
3590,0.05769243836402893,532
3591,0.05770399793982506,531
3592,0.057794392108917236,530
3593,0.05784160643815994,529
3594,0.05790926143527031,528
3595,0.057961009442806244,527
3596,0.058219507336616516,526
3597,0.05836423486471176,525
3598,0.05843194201588631,524
3599,0.05847584456205368,523
3600,0.05852813273668289,522
3601,0.05856848508119583,521
3602,0.05858030915260315,520
3603,0.05870318040251732,519
3604,0.0587964728474617,518
3605,0.0588977187871933,517
3606,0.05893354490399361,516
3607,0.059016648679971695,515
3608,0.059082042425870895,514
3609,0.05908556282520294,513
3610,0.059160538017749786,512
3611,0.05918474122881889,511
3612,0.05919548124074936,510
3613,0.059199392795562744,509
3614,0.05926516652107239,508
3615,0.05927486717700958,507
3616,0.059302300214767456,506
3617,0.05939638242125511,505
3618,0.059592343866825104,504
3619,0.059631429612636566,503
3620,0.0597207248210907,502
3621,0.05977975204586983,501
3622,0.0597839429974556,500
3623,0.05984331667423248,499
3624,0.06000695005059242,498
3625,0.06020372360944748,497
3626,0.06027229130268097,496
3627,0.060280412435531616,495
3628,0.06030582636594772,494
3629,0.060311511158943176,493
3630,0.06039309874176979,492
3631,0.06042272225022316,491
3632,0.060648344457149506,490
3633,0.0606861487030983,489
3634,0.060769833624362946,488
3635,0.06077975034713745,487
3636,0.060898616909980774,486
3637,0.06092998385429382,485
3638,0.061023201793432236,484
3639,0.06103072687983513,483
3640,0.06104026734828949,482
3641,0.06104768067598343,481
3642,0.06110137701034546,480
3643,0.06113377586007118,479
3644,0.06115834042429924,478
3645,0.061216723173856735,477
3646,0.0612349808216095,476
3647,0.06126701086759567,475
3648,0.06127258390188217,474
3649,0.06131235510110855,473
3650,0.06137716770172119,472
3651,0.061482690274715424,471
3652,0.061559416353702545,470
3653,0.06160762906074524,469
3654,0.061704155057668686,468
3655,0.061733752489089966,467
3656,0.06180845946073532,466
3657,0.06186899170279503,465
3658,0.06196504458785057,464
3659,0.0619874969124794,463
3660,0.06213755905628204,462
3661,0.0625181794166565,461
3662,0.0625244677066803,460
3663,0.0629025474190712,459
3664,0.06306222826242447,458
3665,0.06306856125593185,457
3666,0.06322848051786423,456
3667,0.06333781778812408,455
3668,0.06350437551736832,454
3669,0.06353141367435455,453
3670,0.06357947736978531,452
3671,0.06365658342838287,451
3672,0.06367582082748413,450
3673,0.06367973983287811,449
3674,0.06386755406856537,448
3675,0.06391485780477524,447
3676,0.0641106367111206,446
3677,0.06411688029766083,445
3678,0.06412503868341446,444
3679,0.06419938802719116,443
3680,0.06423666328191757,442
3681,0.06424382328987122,441
3682,0.06433793902397156,440
3683,0.06447792053222656,439
3684,0.0645199716091156,438
3685,0.06453347206115723,437
3686,0.06469805538654327,436
3687,0.06486248970031738,435
3688,0.06487248837947845,434
3689,0.06490235030651093,433
3690,0.06505542248487473,432
3691,0.06508783251047134,431
3692,0.0653223767876625,430
3693,0.06543520092964172,429
3694,0.06550111621618271,428
3695,0.06550133973360062,427
3696,0.06561143696308136,426
3697,0.06607437133789062,425
3698,0.06608130037784576,424
3699,0.06625474989414215,423
3700,0.06626838445663452,422
3701,0.06633807718753815,421
3702,0.06664664298295975,420
3703,0.06695824861526489,419
3704,0.06698812544345856,418
3705,0.06702978909015656,417
3706,0.06723015755414963,416
3707,0.06723837554454803,415
3708,0.06763933598995209,414
3709,0.0676659420132637,413
3710,0.06786800175905228,412
3711,0.0679648146033287,411
3712,0.06800732016563416,410
3713,0.06811156868934631,409
3714,0.06820664554834366,408
3715,0.06838063895702362,407
3716,0.06845475733280182,406
3717,0.06851768493652344,405
3718,0.06864027678966522,404
3719,0.06877011060714722,403
3720,0.06887875497341156,402
3721,0.06908947974443436,401
3722,0.06928981095552444,400
3723,0.06935923546552658,399
3724,0.06943166255950928,398
3725,0.06950880587100983,397
3726,0.06954296678304672,396
3727,0.06960370391607285,395
3728,0.0696718767285347,394
3729,0.06970077753067017,393
3730,0.06974588334560394,392
3731,0.07007423043251038,391
3732,0.07009710371494293,390
3733,0.07013107091188431,389
3734,0.07030201703310013,388
3735,0.07040207087993622,387
3736,0.07048213481903076,386
3737,0.07048739492893219,385
3738,0.07055851072072983,384
3739,0.0705614686012268,383
3740,0.07058044523000717,382
3741,0.07095684111118317,381
3742,0.07100628316402435,380
3743,0.07102203369140625,379
3744,0.07122741639614105,378
3745,0.07136879116296768,377
3746,0.0713905617594719,376
3747,0.0717710480093956,375
3748,0.07193481922149658,374
3749,0.07199456542730331,373
3750,0.07204887270927429,372
3751,0.07209528982639313,371
3752,0.07217203825712204,370
3753,0.07217934727668762,369
3754,0.07222790271043777,368
3755,0.07223883271217346,367
3756,0.07227351516485214,366
3757,0.07260244339704514,365
3758,0.07266603410243988,364
3759,0.07268063724040985,363
3760,0.07273959368467331,362
3761,0.07303103804588318,361
3762,0.07319433987140656,360
3763,0.0733938068151474,359
3764,0.07347674667835236,358
3765,0.07352504879236221,357
3766,0.07352712750434875,356
3767,0.07365991175174713,355
3768,0.07375310361385345,354
3769,0.07378703355789185,353
3770,0.07398199290037155,352
3771,0.07399213314056396,351
3772,0.07400849461555481,350
3773,0.07423025369644165,349
3774,0.07479354739189148,348
3775,0.07487835735082626,347
3776,0.0749620795249939,346
3777,0.07497420907020569,345
3778,0.07505517452955246,344
3779,0.07515031099319458,343
3780,0.07533217966556549,342
3781,0.07541901618242264,341
3782,0.07547496259212494,340
3783,0.07553143799304962,339
3784,0.07577784359455109,338
3785,0.07580751925706863,337
3786,0.07584334909915924,336
3787,0.07600869238376617,335
3788,0.07627938687801361,334
3789,0.07649902999401093,333
3790,0.0765901431441307,332
3791,0.07673200219869614,331
3792,0.07678894698619843,330
3793,0.0769321396946907,329
3794,0.076983243227005,328
3795,0.07705605775117874,327
3796,0.07708226889371872,326
3797,0.07740280032157898,325
3798,0.0774933397769928,324
3799,0.07753592729568481,323
3800,0.07761725783348083,322
3801,0.07785490900278091,321
3802,0.07796996831893921,320
3803,0.07815150171518326,319
3804,0.07834506779909134,318
3805,0.07843615859746933,317
3806,0.07844775915145874,316
3807,0.07853595912456512,315
3808,0.07854358851909637,314
3809,0.078600212931633,313
3810,0.07861995697021484,312
3811,0.07872387021780014,311
3812,0.07887166738510132,310
3813,0.07887392491102219,309
3814,0.07914675772190094,308
3815,0.07916182279586792,307
3816,0.0795765370130539,306
3817,0.0799204558134079,305
3818,0.08005676418542862,304
3819,0.08008579164743423,303
3820,0.08038799464702606,302
3821,0.08045919239521027,301
3822,0.08052067458629608,300
3823,0.08058740943670273,299
3824,0.08071564137935638,298
3825,0.08079797029495239,297
3826,0.0809154063463211,296
3827,0.08094405382871628,295
3828,0.08101248741149902,294
3829,0.08142033964395523,293
3830,0.0814734399318695,292
3831,0.08152186870574951,291
3832,0.0816318541765213,290
3833,0.08166374266147614,289
3834,0.08168308436870575,288
3835,0.0818462073802948,287
3836,0.08282718807458878,286
3837,0.0829659029841423,285
3838,0.08305384963750839,284
3839,0.08310551941394806,283
3840,0.08359049260616302,282
3841,0.08391721546649933,281
3842,0.083924800157547,280
3843,0.08406047523021698,279
3844,0.08429817110300064,278
3845,0.0843731015920639,277
3846,0.08438286185264587,276
3847,0.08440899103879929,275
3848,0.08449115604162216,274
3849,0.08486499637365341,273
3850,0.08492977917194366,272
3851,0.08504581451416016,271
3852,0.08531307429075241,270
3853,0.08584155887365341,269
3854,0.08590533584356308,268
3855,0.08590593934059143,267
3856,0.08597403019666672,266
3857,0.08602868765592575,265
3858,0.08644893765449524,264
3859,0.0865517109632492,263
3860,0.08663962781429291,262
3861,0.08674228191375732,261
3862,0.08680543303489685,260
3863,0.08682529628276825,259
3864,0.08690886944532394,258
3865,0.08776754885911942,257
3866,0.08801538497209549,256
3867,0.08805301785469055,255
3868,0.08840039372444153,254
3869,0.08863547444343567,253
3870,0.08888382464647293,252
3871,0.08899770677089691,251
3872,0.08925827592611313,250
3873,0.08951198309659958,249
3874,0.08952461183071136,248
3875,0.08953353762626648,247
3876,0.08957508206367493,246
3877,0.08962056040763855,245
3878,0.09008936583995819,244
3879,0.09052705019712448,243
3880,0.09071557223796844,242
3881,0.09112415462732315,241
3882,0.09137700498104095,240
3883,0.09157140552997589,239
3884,0.09172725677490234,238
3885,0.09180764853954315,237
3886,0.09190654009580612,236
3887,0.09204883873462677,235
3888,0.09207785129547119,234
3889,0.09209630638360977,233
3890,0.09254328906536102,232
3891,0.09288638085126877,231
3892,0.09360027313232422,230
3893,0.0936347097158432,229
3894,0.09366337954998016,228
3895,0.09374609589576721,227
3896,0.09390278905630112,226
3897,0.0940219908952713,225
3898,0.09423496574163437,224
3899,0.09442161023616791,223
3900,0.09447017312049866,222
3901,0.09475699812173843,221
3902,0.09479528665542603,220
3903,0.09480573236942291,219
3904,0.09507535398006439,218
3905,0.09529164433479309,217
3906,0.09538821876049042,216
3907,0.09548886120319366,215
3908,0.0956585556268692,214
3909,0.09580419212579727,213
3910,0.09597373008728027,212
3911,0.09618347883224487,211
3912,0.09650389105081558,210
3913,0.09739179909229279,209
3914,0.09802812337875366,208
3915,0.09815779328346252,207
3916,0.09870283305644989,206
3917,0.09958638995885849,205
3918,0.09968190640211105,204
3919,0.09985295683145523,203
3920,0.09992413222789764,202
3921,0.10060335695743561,201
3922,0.10074765980243683,200
3923,0.10081589221954346,199
3924,0.10096308588981628,198
3925,0.10109607875347137,197
3926,0.1016564592719078,196
3927,0.10211535543203354,195
3928,0.10220707207918167,194
3929,0.1023174524307251,193
3930,0.10245110094547272,192
3931,0.1025533601641655,191
3932,0.10263945162296295,190
3933,0.10271088778972626,189
3934,0.10277429223060608,188
3935,0.10297656804323196,187
3936,0.10346372425556183,186
3937,0.1038459986448288,185
3938,0.10417725890874863,184
3939,0.10420441627502441,183
3940,0.10422889143228531,182
3941,0.10434020310640335,181
3942,0.10449981689453125,180
3943,0.10500739514827728,179
3944,0.10537369549274445,178
3945,0.10546834766864777,177
3946,0.105618417263031,176
3947,0.10562039911746979,175
3948,0.10586955398321152,174
3949,0.10601381957530975,173
3950,0.1063595861196518,172
3951,0.10659901797771454,171
3952,0.10664653778076172,170
3953,0.10678844153881073,169
3954,0.10696761310100555,168
3955,0.1073111742734909,167
3956,0.10774040222167969,166
3957,0.10776610672473907,165
3958,0.10801662504673004,164
3959,0.10855989158153534,163
3960,0.1086517870426178,162
3961,0.10889323055744171,161
3962,0.10903020203113556,160
3963,0.1091613918542862,159
3964,0.10936607420444489,158
3965,0.10937238484621048,157
3966,0.10954897105693817,156
3967,0.11037052422761917,155
3968,0.11089673638343811,154
3969,0.1111525297164917,153
3970,0.11127083748579025,152
3971,0.11150000989437103,151
3972,0.11165916919708252,150
3973,0.11185529828071594,149
3974,0.11192245781421661,148
3975,0.11254244297742844,147
3976,0.11291126906871796,146
3977,0.11328741908073425,145
3978,0.11328776925802231,144
3979,0.11374152451753616,143
3980,0.11376254260540009,142
3981,0.11379600316286087,141
3982,0.11393141746520996,140
3983,0.11447763442993164,139
3984,0.11492130905389786,138
3985,0.11535415798425674,137
3986,0.11541642993688583,136
3987,0.11636979132890701,135
3988,0.11680439859628677,134
3989,0.11780121177434921,133
3990,0.11806967109441757,132
3991,0.11855656653642654,131
3992,0.11907030642032623,130
3993,0.11925743520259857,129
3994,0.11947649717330933,128
3995,0.1206299364566803,127
3996,0.12063349783420563,126
3997,0.12084414064884186,125
3998,0.12102891504764557,124
3999,0.12105171382427216,123
4000,0.12151244282722473,122
4001,0.12237405776977539,121
4002,0.12256867438554764,120
4003,0.12276403605937958,119
4004,0.12279824167490005,118
4005,0.12285346537828445,117
4006,0.12292586266994476,116
4007,0.1229533851146698,115
4008,0.1229626014828682,114
4009,0.123093381524086,113
4010,0.12331913411617279,112
4011,0.12390266358852386,111
4012,0.12417766451835632,110
4013,0.12419489026069641,109
4014,0.1248496025800705,108
4015,0.12498147785663605,107
4016,0.12565064430236816,106
4017,0.12588700652122498,105
4018,0.12660115957260132,104
4019,0.12766459584236145,103
4020,0.12776786088943481,102
4021,0.12789028882980347,101
4022,0.12804387509822845,100
4023,0.12820574641227722,99
4024,0.1293574720621109,98
4025,0.12984783947467804,97
4026,0.1299266666173935,96
4027,0.1301059126853943,95
4028,0.1302323043346405,94
4029,0.13038736581802368,93
4030,0.13091039657592773,92
4031,0.13099782168865204,91
4032,0.1313284933567047,90
4033,0.13207878172397614,89
4034,0.13278400897979736,88
4035,0.13378384709358215,87
4036,0.1342158019542694,86
4037,0.13439437747001648,85
4038,0.13578259944915771,84
4039,0.1360647976398468,83
4040,0.13648508489131927,82
4041,0.1368802934885025,81
4042,0.13733133673667908,80
4043,0.13816317915916443,79
4044,0.13996396958827972,78
4045,0.14020372927188873,77
4046,0.14172226190567017,76
4047,0.14279019832611084,75
4048,0.14310969412326813,74
4049,0.1432466357946396,73
4050,0.1444057673215866,72
4051,0.1445094645023346,71
4052,0.14562785625457764,70
4053,0.14640922844409943,69
4054,0.1464689075946808,68
4055,0.14790774881839752,67
4056,0.14825083315372467,66
4057,0.14984458684921265,65
4058,0.15331535041332245,64
4059,0.15356972813606262,63
4060,0.15408341586589813,62
4061,0.15422438085079193,61
4062,0.15603624284267426,60
4063,0.15649184584617615,59
4064,0.15769582986831665,58
4065,0.15881308913230896,57
4066,0.16111116111278534,56
4067,0.16114288568496704,55
4068,0.16237324476242065,54
4069,0.16309112310409546,53
4070,0.1636214554309845,52
4071,0.16416439414024353,51
4072,0.16419759392738342,50
4073,0.16441409289836884,49
4074,0.16486959159374237,48
4075,0.1654426008462906,47
4076,0.16689835488796234,46
4077,0.16988202929496765,45
4078,0.1700718253850937,44
4079,0.17236562073230743,43
4080,0.1747605949640274,42
4081,0.17954859137535095,41
4082,0.1797514110803604,40
4083,0.18243752419948578,39
4084,0.18255096673965454,38
4085,0.1845778524875641,37
4086,0.18753057718276978,36
4087,0.1915123611688614,35
4088,0.19290988147258759,34
4089,0.19627878069877625,33
4090,0.19906088709831238,32
4091,0.20389215648174286,31
4092,0.20389613509178162,30
4093,0.2041475474834442,29
4094,0.2041918933391571,28
4095,0.20559364557266235,27
4096,0.20775938034057617,26
4097,0.21016038954257965,25
4098,0.21040885150432587,24
4099,0.2116040289402008,23
4100,0.21275514364242554,22
4101,0.21422331035137177,21
4102,0.22182324528694153,20
4103,0.22296205163002014,19
4104,0.22523435950279236,18
4105,0.2291049063205719,17
4106,0.229611337184906,16
4107,0.2362179160118103,15
4108,0.2366161048412323,14
4109,0.24493329226970673,13
4110,0.24505198001861572,12
4111,0.2513459026813507,11
4112,0.25568631291389465,10
4113,0.25651830434799194,9
4114,0.26002803444862366,8
4115,0.265380859375,7
4116,0.2655330300331116,6
4117,0.2745882272720337,5
4118,0.28336697816848755,4
4119,0.2869051694869995,3
4120,0.3304342031478882,2
4121,0.3589059114456177,1
