Simplification Threshold,Data Index,Feature ID
2e-05,0,12
2e-05,1,0
2e-05,2,10
2e-05,3,12
2e-05,4,3
2e-05,5,6
2e-05,6,0
2e-05,7,11
2e-05,8,0
2e-05,9,16
2e-05,10,9
2e-05,11,11
2e-05,12,9
2e-05,13,10
2e-05,14,5
2e-05,15,1
2e-05,16,1
2e-05,17,0
2e-05,18,5
2e-05,19,5
2e-05,20,9
2e-05,21,10
2e-05,22,9
2e-05,23,13
2e-05,24,7
2e-05,25,0
2e-05,26,12
2e-05,27,3
2e-05,28,0
2e-05,29,12
2e-05,30,9
2e-05,31,0
2e-05,32,3
2e-05,33,12
2e-05,34,9
2e-05,35,5
2e-05,36,9
2e-05,37,0
2e-05,38,6
2e-05,39,5
2e-05,40,13
2e-05,41,0
2e-05,42,2
2e-05,43,3
2e-05,44,2
2e-05,45,9
2e-05,46,3
2e-05,47,3
2e-05,48,10
2e-05,49,16
2e-05,50,13
2e-05,51,13
2e-05,52,13
2e-05,53,10
2e-05,54,13
2e-05,55,13
2e-05,56,2
2e-05,57,0
2e-05,58,5
2e-05,59,10
2e-05,60,11
2e-05,61,5
2e-05,62,3
2e-05,63,3
2e-05,64,9
2e-05,65,6
2e-05,66,1
2e-05,67,2
2e-05,68,10
2e-05,69,6
2e-05,70,5
2e-05,71,17
2e-05,72,10
2e-05,73,3
2e-05,74,10
2e-05,75,13
2e-05,76,3
2e-05,77,12
2e-05,78,1
2e-05,79,10
2e-05,80,0
2e-05,81,13
2e-05,82,11
2e-05,83,0
2e-05,84,18
2e-05,85,11
2e-05,86,10
2e-05,87,11
2e-05,88,5
2e-05,89,3
2e-05,90,6
2e-05,91,10
2e-05,92,2
2e-05,93,5
2e-05,94,12
2e-05,95,13
2e-05,96,2
2e-05,97,2
2e-05,98,3
2e-05,99,0
2e-05,100,11
2e-05,101,10
2e-05,102,0
2e-05,103,5
2e-05,104,5
2e-05,105,6
2e-05,106,6
2e-05,107,9
2e-05,108,2
2e-05,109,11
2e-05,110,12
2e-05,111,1
2e-05,112,1
2e-05,113,1
2e-05,114,9
2e-05,115,13
2e-05,116,1
2e-05,117,9
2e-05,118,2
2e-05,119,16
2e-05,120,0
2e-05,121,12
2e-05,122,1
2e-05,123,0
2e-05,124,12
2e-05,125,6
2e-05,126,5
2e-05,127,0
2e-05,128,2
2e-05,129,11
2e-05,130,6
2e-05,131,0
2e-05,132,11
2e-05,133,6
2e-05,134,3
2e-05,135,3
2e-05,136,5
2e-05,137,10
2e-05,138,2
2e-05,139,9
2e-05,140,9
2e-05,141,1
2e-05,142,3
2e-05,143,5
2e-05,144,13
2e-05,145,13
2e-05,146,2
2e-05,147,2
2e-05,148,3
2e-05,149,0
2e-05,150,3
2e-05,151,2
2e-05,152,6
2e-05,153,11
2e-05,154,3
2e-05,155,6
2e-05,156,0
2e-05,157,0
2e-05,158,5
2e-05,159,5
2e-05,160,1
2e-05,161,12
2e-05,162,6
2e-05,163,1
2e-05,164,5
2e-05,165,1
2e-05,166,3
2e-05,167,9
2e-05,168,1
2e-05,169,3
2e-05,170,11
2e-05,171,12
2e-05,172,15
2e-05,173,11
2e-05,174,13
2e-05,175,12
2e-05,176,9
2e-05,177,2
2e-05,178,11
2e-05,179,1
2e-05,180,10
2e-05,181,11
2e-05,182,13
2e-05,183,8
2e-05,184,9
2e-05,185,10
2e-05,186,0
2e-05,187,1
2e-05,188,10
2e-05,189,1
2e-05,190,1
2e-05,191,12
2e-05,192,3
2e-05,193,3
2e-05,194,5
2e-05,195,2
2e-05,196,3
2e-05,197,5
2e-05,198,10
2e-05,199,0
2e-05,200,1
2e-05,201,2
2e-05,202,5
2e-05,203,13
2e-05,204,2
2e-05,205,6
2e-05,206,0
2e-05,207,12
2e-05,208,3
2e-05,209,1
2e-05,210,9
2e-05,211,3
2e-05,212,6
2e-05,213,12
2e-05,214,1
2e-05,215,6
2e-05,216,3
2e-05,217,6
2e-05,218,13
2e-05,219,10
2e-05,220,2
2e-05,221,6
2e-05,222,2
2e-05,223,1
2e-05,224,0
2e-05,225,11
2e-05,226,1
2e-05,227,8
2e-05,228,2
2e-05,229,6
2e-05,230,5
2e-05,231,12
2e-05,232,10
2e-05,233,9
2e-05,234,0
2e-05,235,9
2e-05,236,12
2e-05,237,5
2e-05,238,1
2e-05,239,9
2e-05,240,1
2e-05,241,9
2e-05,242,1
2e-05,243,9
2e-05,244,1
2e-05,245,5
2e-05,246,11
2e-05,247,5
2e-05,248,11
2e-05,249,1
2e-05,250,1
2e-05,251,13
2e-05,252,1
2e-05,253,10
2e-05,254,10
2e-05,255,0
2e-05,256,1
2e-05,257,10
2e-05,258,13
2e-05,259,3
2e-05,260,0
2e-05,261,11
2e-05,262,6
2e-05,263,11
2e-05,264,11
2e-05,265,10
2e-05,266,10
2e-05,267,5
2e-05,268,1
2e-05,269,1
2e-05,270,5
2e-05,271,12
2e-05,272,0
2e-05,273,1
2e-05,274,11
2e-05,275,5
2e-05,276,9
2e-05,277,9
2e-05,278,3
2e-05,279,12
2e-05,280,2
2e-05,281,8
2e-05,282,10
2e-05,283,5
2e-05,284,10
2e-05,285,0
2e-05,286,11
2e-05,287,0
2e-05,288,10
2e-05,289,3
2e-05,290,2
2e-05,291,3
2e-05,292,11
2e-05,293,0
2e-05,294,5
2e-05,295,3
2e-05,296,5
2e-05,297,5
2e-05,298,10
2e-05,299,9
2e-05,300,5
2e-05,301,10
2e-05,302,12
2e-05,303,12
2e-05,304,9
2e-05,305,2
2e-05,306,13
2e-05,307,2
2e-05,308,8
2e-05,309,5
2e-05,310,8
2e-05,311,6
2e-05,312,5
2e-05,313,13
2e-05,314,9
2e-05,315,13
2e-05,316,10
2e-05,317,2
2e-05,318,0
2e-05,319,3
2e-05,320,8
2e-05,321,13
2e-05,322,12
2e-05,323,5
2e-05,324,6
2e-05,325,11
2e-05,326,3
2e-05,327,9
2e-05,328,13
2e-05,329,12
2e-05,330,5
2e-05,331,1
2e-05,332,5
2e-05,333,3
2e-05,334,10
2e-05,335,13
2e-05,336,5
2e-05,337,3
2e-05,338,12
2e-05,339,10
2e-05,340,17
2e-05,341,3
2e-05,342,4
2e-05,343,3
2e-05,344,2
2e-05,345,12
2e-05,346,9
2e-05,347,10
2e-05,348,2
2e-05,349,2
2e-05,350,1
2e-05,351,9
2e-05,352,12
2e-05,353,0
2e-05,354,13
2e-05,355,12
2e-05,356,5
2e-05,357,2
2e-05,358,5
2e-05,359,9
2e-05,360,5
2e-05,361,2
2e-05,362,5
2e-05,363,0
2e-05,364,11
2e-05,365,3
2e-05,366,6
2e-05,367,6
2e-05,368,2
2e-05,369,1
2e-05,370,11
2e-05,371,5
2e-05,372,2
2e-05,373,2
2e-05,374,9
2e-05,375,1
2e-05,376,6
2e-05,377,0
2e-05,378,9
2e-05,379,2
2e-05,380,3
2e-05,381,9
2e-05,382,2
2e-05,383,9
2e-05,384,10
2e-05,385,6
2e-05,386,6
2e-05,387,13
2e-05,388,6
2e-05,389,2
2e-05,390,13
2e-05,391,6
2e-05,392,3
2e-05,393,12
2e-05,394,13
2e-05,395,2
2e-05,396,6
2e-05,397,2
2e-05,398,3
2e-05,399,1
2e-05,400,12
2e-05,401,0
2e-05,402,1
2e-05,403,10
2e-05,404,13
2e-05,405,1
2e-05,406,11
2e-05,407,0
2e-05,408,13
2e-05,409,1
2e-05,410,1
2e-05,411,13
2e-05,412,9
2e-05,413,10
2e-05,414,9
2e-05,415,13
2e-05,416,9
2e-05,417,9
2e-05,418,5
2e-05,419,6
2e-05,420,3
2e-05,421,13
2e-05,422,6
2e-05,423,10
2e-05,424,8
2e-05,425,0
2e-05,426,9
2e-05,427,11
2e-05,428,12
2e-05,429,6
2e-05,430,3
2e-05,431,3
2e-05,432,11
2e-05,433,3
2e-05,434,9
2e-05,435,5
2e-05,436,2
2e-05,437,1
2e-05,438,10
2e-05,439,13
2e-05,440,12
2e-05,441,3
2e-05,442,12
2e-05,443,12
2e-05,444,3
2e-05,445,2
2e-05,446,3
2e-05,447,5
2e-05,448,9
2e-05,449,12
2e-05,450,6
2e-05,451,12
2e-05,452,12
2e-05,453,0
2e-05,454,5
2e-05,455,3
2e-05,456,6
2e-05,457,11
2e-05,458,5
2e-05,459,3
2e-05,460,12
2e-05,461,5
2e-05,462,3
2e-05,463,6
2e-05,464,9
2e-05,465,0
2e-05,466,11
2e-05,467,10
2e-05,468,9
2e-05,469,10
2e-05,470,10
2e-05,471,13
2e-05,472,0
2e-05,473,13
2e-05,474,10
2e-05,475,9
2e-05,476,11
2e-05,477,9
2e-05,478,12
2e-05,479,6
2e-05,480,6
2e-05,481,6
2e-05,482,9
2e-05,483,5
2e-05,484,4
2e-05,485,2
2e-05,486,1
2e-05,487,9
2e-05,488,5
2e-05,489,1
2e-05,490,9
2e-05,491,9
2e-05,492,3
2e-05,493,5
2e-05,494,12
2e-05,495,13
2e-05,496,2
2e-05,497,1
2e-05,498,0
2e-05,499,11
2e-05,500,0
2e-05,501,6
2e-05,502,6
2e-05,503,11
2e-05,504,6
2e-05,505,2
2e-05,506,2
2e-05,507,16
2e-05,508,10
2e-05,509,10
2e-05,510,5
2e-05,511,6
2e-05,512,5
2e-05,513,10
2e-05,514,11
2e-05,515,6
2e-05,516,1
2e-05,517,12
2e-05,518,5
2e-05,519,5
2e-05,520,1
2e-05,521,12
2e-05,522,11
2e-05,523,6
2e-05,524,11
2e-05,525,12
2e-05,526,10
2e-05,527,3
2e-05,528,6
2e-05,529,12
2e-05,530,9
2e-05,531,9
2e-05,532,9
2e-05,533,0
2e-05,534,13
2e-05,535,3
2e-05,536,6
2e-05,537,11
2e-05,538,10
2e-05,539,13
2e-05,540,1
2e-05,541,2
2e-05,542,6
2e-05,543,12
2e-05,544,16
2e-05,545,11
2e-05,546,11
2e-05,547,11
2e-05,548,3
2e-05,549,3
2e-05,550,9
2e-05,551,3
2e-05,552,9
2e-05,553,13
2e-05,554,13
2e-05,555,11
2e-05,556,12
2e-05,557,9
2e-05,558,10
2e-05,559,3
2e-05,560,0
2e-05,561,9
2e-05,562,1
2e-05,563,1
2e-05,564,9
2e-05,565,3
2e-05,566,13
2e-05,567,12
2e-05,568,9
2e-05,569,2
2e-05,570,0
2e-05,571,1
2e-05,572,6
2e-05,573,6
2e-05,574,5
2e-05,575,0
2e-05,576,0
2e-05,577,11
2e-05,578,12
2e-05,579,5
2e-05,580,5
2e-05,581,3
2e-05,582,1
2e-05,583,10
2e-05,584,6
2e-05,585,5
2e-05,586,1
2e-05,587,6
2e-05,588,10
2e-05,589,6
2e-05,590,11
2e-05,591,8
2e-05,592,3
2e-05,593,10
2e-05,594,3
2e-05,595,5
2e-05,596,3
2e-05,597,11
2e-05,598,16
2e-05,599,12
2e-05,600,11
2e-05,601,6
2e-05,602,12
2e-05,603,12
2e-05,604,3
2e-05,605,13
2e-05,606,5
2e-05,607,9
2e-05,608,2
2e-05,609,12
2e-05,610,9
2e-05,611,9
2e-05,612,3
2e-05,613,0
2e-05,614,13
2e-05,615,6
2e-05,616,13
2e-05,617,0
2e-05,618,3
2e-05,619,9
2e-05,620,0
2e-05,621,6
2e-05,622,3
2e-05,623,0
2e-05,624,11
2e-05,625,2
2e-05,626,11
2e-05,627,13
2e-05,628,2
2e-05,629,5
2e-05,630,6
2e-05,631,9
2e-05,632,16
2e-05,633,2
2e-05,634,9
2e-05,635,11
2e-05,636,1
2e-05,637,3
2e-05,638,0
2e-05,639,16
2e-05,640,11
2e-05,641,10
2e-05,642,0
2e-05,643,12
2e-05,644,0
2e-05,645,1
2e-05,646,13
2e-05,647,9
2e-05,648,0
2e-05,649,11
2e-05,650,13
2e-05,651,13
2e-05,652,0
2e-05,653,2
2e-05,654,0
2e-05,655,11
2e-05,656,9
2e-05,657,9
2e-05,658,6
2e-05,659,9
2e-05,660,0
2e-05,661,6
2e-05,662,9
2e-05,663,2
2e-05,664,1
2e-05,665,9
2e-05,666,6
2e-05,667,1
2e-05,668,11
2e-05,669,12
2e-05,670,2
2e-05,671,10
2e-05,672,6
2e-05,673,6
2e-05,674,10
2e-05,675,16
2e-05,676,13
2e-05,677,9
2e-05,678,5
2e-05,679,1
2e-05,680,1
2e-05,681,1
2e-05,682,10
2e-05,683,13
2e-05,684,12
2e-05,685,11
2e-05,686,11
2e-05,687,9
2e-05,688,12
2e-05,689,6
2e-05,690,16
2e-05,691,1
2e-05,692,3
2e-05,693,9
2e-05,694,9
2e-05,695,11
2e-05,696,0
2e-05,697,11
2e-05,698,3
2e-05,699,0
2e-05,700,9
2e-05,701,9
2e-05,702,13
2e-05,703,1
2e-05,704,11
2e-05,705,2
2e-05,706,1
2e-05,707,11
2e-05,708,13
2e-05,709,0
2e-05,710,6
2e-05,711,0
2e-05,712,0
2e-05,713,2
2e-05,714,5
2e-05,715,0
2e-05,716,11
2e-05,717,11
2e-05,718,2
2e-05,719,10
2e-05,720,3
2e-05,721,2
2e-05,722,12
2e-05,723,11
2e-05,724,11
2e-05,725,0
2e-05,726,1
2e-05,727,6
2e-05,728,13
2e-05,729,13
2e-05,730,10
2e-05,731,3
2e-05,732,9
2e-05,733,13
2e-05,734,5
2e-05,735,10
2e-05,736,11
2e-05,737,3
2e-05,738,12
2e-05,739,0
2e-05,740,13
2e-05,741,6
2e-05,742,5
2e-05,743,9
2e-05,744,10
2e-05,745,5
2e-05,746,10
2e-05,747,0
2e-05,748,9
2e-05,749,10
2e-05,750,12
2e-05,751,13
2e-05,752,1
2e-05,753,6
2e-05,754,13
2e-05,755,0
2e-05,756,12
2e-05,757,2
2e-05,758,9
2e-05,759,0
2e-05,760,1
2e-05,761,1
2e-05,762,9
2e-05,763,10
2e-05,764,3
2e-05,765,10
2e-05,766,1
2e-05,767,11
2e-05,768,12
2e-05,769,3
2e-05,770,13
2e-05,771,13
2e-05,772,1
2e-05,773,2
2e-05,774,11
2e-05,775,13
2e-05,776,1
2e-05,777,13
2e-05,778,13
2e-05,779,3
2e-05,780,0
2e-05,781,1
2e-05,782,2
2e-05,783,2
2e-05,784,13
2e-05,785,3
2e-05,786,5
2e-05,787,13
2e-05,788,10
2e-05,789,9
2e-05,790,1
2e-05,791,0
2e-05,792,3
2e-05,793,10
2e-05,794,5
2e-05,795,3
2e-05,796,10
2e-05,797,1
2e-05,798,11
2e-05,799,1
2e-05,800,2
2e-05,801,9
2e-05,802,6
2e-05,803,6
2e-05,804,6
2e-05,805,5
2e-05,806,2
2e-05,807,10
2e-05,808,6
2e-05,809,6
2e-05,810,12
2e-05,811,9
2e-05,812,6
2e-05,813,11
2e-05,814,6
2e-05,815,13
2e-05,816,11
2e-05,817,5
2e-05,818,9
2e-05,819,9
2e-05,820,3
2e-05,821,16
2e-05,822,3
2e-05,823,11
2e-05,824,8
2e-05,825,0
2e-05,826,11
2e-05,827,8
2e-05,828,11
2e-05,829,2
2e-05,830,10
2e-05,831,13
2e-05,832,9
2e-05,833,12
2e-05,834,12
2e-05,835,13
2e-05,836,12
2e-05,837,8
2e-05,838,10
2e-05,839,10
2e-05,840,0
2e-05,841,5
2e-05,842,13
2e-05,843,1
2e-05,844,0
2e-05,845,13
2e-05,846,5
2e-05,847,5
2e-05,848,6
2e-05,849,0
2e-05,850,9
2e-05,851,6
2e-05,852,2
2e-05,853,9
2e-05,854,3
2e-05,855,16
2e-05,856,11
2e-05,857,6
2e-05,858,0
2e-05,859,10
2e-05,860,10
2e-05,861,9
2e-05,862,6
2e-05,863,5
2e-05,864,1
2e-05,865,12
2e-05,866,11
2e-05,867,5
2e-05,868,11
2e-05,869,3
2e-05,870,11
2e-05,871,12
2e-05,872,1
2e-05,873,2
2e-05,874,10
2e-05,875,10
2e-05,876,1
2e-05,877,13
2e-05,878,1
2e-05,879,2
2e-05,880,11
2e-05,881,10
2e-05,882,6
2e-05,883,0
2e-05,884,10
2e-05,885,5
2e-05,886,2
2e-05,887,5
2e-05,888,6
2e-05,889,2
2e-05,890,8
2e-05,891,11
2e-05,892,11
2e-05,893,11
2e-05,894,13
2e-05,895,9
2e-05,896,13
2e-05,897,2
2e-05,898,11
2e-05,899,11
2e-05,900,13
2e-05,901,11
2e-05,902,5
2e-05,903,3
2e-05,904,2
2e-05,905,3
2e-05,906,2
2e-05,907,5
2e-05,908,3
2e-05,909,12
2e-05,910,16
2e-05,911,1
2e-05,912,0
2e-05,913,2
2e-05,914,9
2e-05,915,2
2e-05,916,1
2e-05,917,6
2e-05,918,5
2e-05,919,13
2e-05,920,16
2e-05,921,3
2e-05,922,3
2e-05,923,11
2e-05,924,13
2e-05,925,11
2e-05,926,10
2e-05,927,0
2e-05,928,0
2e-05,929,1
2e-05,930,11
2e-05,931,6
2e-05,932,6
2e-05,933,13
2e-05,934,9
2e-05,935,13
2e-05,936,2
2e-05,937,0
2e-05,938,6
2e-05,939,9
2e-05,940,1
2e-05,941,3
2e-05,942,2
2e-05,943,0
2e-05,944,1
2e-05,945,8
2e-05,946,8
2e-05,947,6
2e-05,948,0
2e-05,949,5
2e-05,950,5
2e-05,951,12
2e-05,952,5
2e-05,953,0
2e-05,954,1
2e-05,955,6
2e-05,956,1
2e-05,957,13
2e-05,958,3
2e-05,959,12
2e-05,960,3
2e-05,961,3
2e-05,962,11
2e-05,963,9
2e-05,964,6
2e-05,965,10
2e-05,966,0
2e-05,967,9
2e-05,968,0
2e-05,969,3
2e-05,970,11
2e-05,971,6
2e-05,972,11
2e-05,973,10
2e-05,974,9
2e-05,975,1
2e-05,976,0
2e-05,977,5
2e-05,978,12
2e-05,979,3
2e-05,980,1
2e-05,981,1
2e-05,982,2
2e-05,983,6
2e-05,984,1
2e-05,985,9
2e-05,986,10
2e-05,987,9
2e-05,988,5
2e-05,989,1
2e-05,990,5
2e-05,991,1
2e-05,992,6
2e-05,993,11
2e-05,994,6
2e-05,995,0
2e-05,996,2
2e-05,997,11
2e-05,998,12
2e-05,999,10
2e-05,1000,5
2e-05,1001,13
2e-05,1002,0
2e-05,1003,5
2e-05,1004,12
2e-05,1005,0
2e-05,1006,12
2e-05,1007,1
2e-05,1008,6
2e-05,1009,12
2e-05,1010,5
2e-05,1011,2
2e-05,1012,0
2e-05,1013,1
2e-05,1014,10
2e-05,1015,12
2e-05,1016,11
2e-05,1017,0
2e-05,1018,6
2e-05,1019,6
2e-05,1020,10
2e-05,1021,10
2e-05,1022,12
2e-05,1023,11
2e-05,1024,5
2e-05,1025,1
2e-05,1026,10
2e-05,1027,2
2e-05,1028,10
2e-05,1029,12
2e-05,1030,2
2e-05,1031,0
2e-05,1032,10
2e-05,1033,11
2e-05,1034,0
2e-05,1035,9
2e-05,1036,0
2e-05,1037,13
2e-05,1038,1
2e-05,1039,6
2e-05,1040,16
2e-05,1041,9
2e-05,1042,1
2e-05,1043,16
2e-05,1044,9
2e-05,1045,12
2e-05,1046,13
2e-05,1047,2
2e-05,1048,0
2e-05,1049,6
2e-05,1050,10
2e-05,1051,6
2e-05,1052,10
2e-05,1053,6
2e-05,1054,13
2e-05,1055,13
2e-05,1056,3
2e-05,1057,10
2e-05,1058,12
2e-05,1059,2
2e-05,1060,10
2e-05,1061,11
2e-05,1062,6
2e-05,1063,1
2e-05,1064,2
2e-05,1065,13
2e-05,1066,12
2e-05,1067,12
2e-05,1068,3
2e-05,1069,12
2e-05,1070,5
2e-05,1071,0
2e-05,1072,1
2e-05,1073,11
2e-05,1074,9
2e-05,1075,10
2e-05,1076,6
2e-05,1077,2
2e-05,1078,6
2e-05,1079,1
2e-05,1080,12
2e-05,1081,10
2e-05,1082,10
2e-05,1083,5
2e-05,1084,0
2e-05,1085,9
2e-05,1086,3
2e-05,1087,9
2e-05,1088,5
2e-05,1089,9
2e-05,1090,12
2e-05,1091,2
2e-05,1092,5
2e-05,1093,0
2e-05,1094,2
2e-05,1095,10
2e-05,1096,1
2e-05,1097,0
2e-05,1098,13
2e-05,1099,13
2e-05,1100,1
2e-05,1101,3
2e-05,1102,0
2e-05,1103,1
2e-05,1104,6
2e-05,1105,4
2e-05,1106,2
2e-05,1107,2
2e-05,1108,13
2e-05,1109,2
2e-05,1110,11
2e-05,1111,9
2e-05,1112,2
2e-05,1113,0
2e-05,1114,16
2e-05,1115,2
2e-05,1116,10
2e-05,1117,13
2e-05,1118,11
2e-05,1119,2
2e-05,1120,5
2e-05,1121,10
2e-05,1122,3
2e-05,1123,0
2e-05,1124,10
2e-05,1125,13
2e-05,1126,13
2e-05,1127,5
2e-05,1128,12
2e-05,1129,12
2e-05,1130,1
2e-05,1131,13
2e-05,1132,10
2e-05,1133,2
2e-05,1134,0
2e-05,1135,6
2e-05,1136,3
2e-05,1137,5
2e-05,1138,11
2e-05,1139,2
2e-05,1140,12
2e-05,1141,5
2e-05,1142,9
2e-05,1143,0
2e-05,1144,5
2e-05,1145,13
2e-05,1146,12
2e-05,1147,1
2e-05,1148,3
2e-05,1149,6
2e-05,1150,1
2e-05,1151,11
2e-05,1152,0
2e-05,1153,0
2e-05,1154,12
2e-05,1155,6
2e-05,1156,13
2e-05,1157,11
2e-05,1158,6
2e-05,1159,11
2e-05,1160,9
2e-05,1161,6
2e-05,1162,13
2e-05,1163,9
2e-05,1164,10
2e-05,1165,2
2e-05,1166,9
2e-05,1167,4
2e-05,1168,9
2e-05,1169,3
2e-05,1170,2
2e-05,1171,13
2e-05,1172,1
2e-05,1173,0
2e-05,1174,12
2e-05,1175,1
2e-05,1176,11
2e-05,1177,6
2e-05,1178,9
2e-05,1179,16
2e-05,1180,12
2e-05,1181,2
2e-05,1182,6
2e-05,1183,11
2e-05,1184,10
2e-05,1185,13
2e-05,1186,10
2e-05,1187,2
2e-05,1188,1
2e-05,1189,1
2e-05,1190,1
2e-05,1191,0
2e-05,1192,13
2e-05,1193,5
2e-05,1194,12
2e-05,1195,11
2e-05,1196,11
2e-05,1197,10
2e-05,1198,3
2e-05,1199,9
2e-05,1200,0
2e-05,1201,5
2e-05,1202,10
2e-05,1203,10
2e-05,1204,1
2e-05,1205,13
2e-05,1206,12
2e-05,1207,11
2e-05,1208,13
2e-05,1209,10
2e-05,1210,9
2e-05,1211,5
2e-05,1212,12
2e-05,1213,3
2e-05,1214,0
2e-05,1215,11
2e-05,1216,10
2e-05,1217,9
2e-05,1218,13
2e-05,1219,3
2e-05,1220,1
2e-05,1221,6
2e-05,1222,3
2e-05,1223,12
2e-05,1224,1
2e-05,1225,3
2e-05,1226,10
2e-05,1227,1
2e-05,1228,12
2e-05,1229,2
2e-05,1230,12
2e-05,1231,1
2e-05,1232,0
2e-05,1233,13
2e-05,1234,10
2e-05,1235,0
2e-05,1236,13
2e-05,1237,12
2e-05,1238,3
2e-05,1239,11
2e-05,1240,6
2e-05,1241,9
2e-05,1242,1
2e-05,1243,10
2e-05,1244,2
2e-05,1245,9
2e-05,1246,2
2e-05,1247,10
2e-05,1248,6
2e-05,1249,12
2e-05,1250,2
2e-05,1251,1
2e-05,1252,3
2e-05,1253,11
2e-05,1254,13
2e-05,1255,5
2e-05,1256,2
2e-05,1257,5
2e-05,1258,1
2e-05,1259,5
2e-05,1260,5
2e-05,1261,12
2e-05,1262,9
2e-05,1263,0
2e-05,1264,12
2e-05,1265,10
2e-05,1266,10
2e-05,1267,9
2e-05,1268,12
2e-05,1269,10
2e-05,1270,3
2e-05,1271,3
2e-05,1272,1
2e-05,1273,2
2e-05,1274,2
2e-05,1275,9
2e-05,1276,6
2e-05,1277,11
2e-05,1278,11
2e-05,1279,1
2e-05,1280,6
2e-05,1281,10
2e-05,1282,6
2e-05,1283,5
2e-05,1284,13
2e-05,1285,1
2e-05,1286,12
2e-05,1287,5
2e-05,1288,9
2e-05,1289,2
2e-05,1290,1
2e-05,1291,10
2e-05,1292,2
2e-05,1293,12
2e-05,1294,9
2e-05,1295,13
2e-05,1296,10
2e-05,1297,11
2e-05,1298,2
2e-05,1299,3
2e-05,1300,11
2e-05,1301,0
2e-05,1302,5
2e-05,1303,11
2e-05,1304,12
2e-05,1305,1
2e-05,1306,12
2e-05,1307,0
2e-05,1308,13
2e-05,1309,9
2e-05,1310,2
2e-05,1311,0
2e-05,1312,9
2e-05,1313,9
2e-05,1314,0
2e-05,1315,13
2e-05,1316,6
2e-05,1317,2
2e-05,1318,1
2e-05,1319,0
2e-05,1320,6
2e-05,1321,2
2e-05,1322,6
2e-05,1323,6
2e-05,1324,11
2e-05,1325,2
2e-05,1326,6
2e-05,1327,1
2e-05,1328,5
2e-05,1329,8
2e-05,1330,0
2e-05,1331,10
2e-05,1332,0
2e-05,1333,5
2e-05,1334,10
2e-05,1335,9
2e-05,1336,12
2e-05,1337,1
2e-05,1338,13
2e-05,1339,8
2e-05,1340,11
2e-05,1341,3
2e-05,1342,5
2e-05,1343,2
2e-05,1344,9
2e-05,1345,10
2e-05,1346,0
2e-05,1347,0
2e-05,1348,11
2e-05,1349,12
2e-05,1350,0
2e-05,1351,10
2e-05,1352,3
2e-05,1353,11
2e-05,1354,13
2e-05,1355,10
2e-05,1356,13
2e-05,1357,13
2e-05,1358,6
2e-05,1359,11
2e-05,1360,2
2e-05,1361,11
2e-05,1362,13
2e-05,1363,0
2e-05,1364,13
2e-05,1365,5
2e-05,1366,5
2e-05,1367,2
2e-05,1368,11
2e-05,1369,6
2e-05,1370,10
2e-05,1371,5
2e-05,1372,6
2e-05,1373,5
2e-05,1374,12
2e-05,1375,11
2e-05,1376,12
2e-05,1377,10
2e-05,1378,3
2e-05,1379,6
2e-05,1380,12
2e-05,1381,5
2e-05,1382,0
2e-05,1383,11
2e-05,1384,1
2e-05,1385,0
2e-05,1386,1
2e-05,1387,12
2e-05,1388,3
2e-05,1389,2
2e-05,1390,1
2e-05,1391,9
2e-05,1392,11
2e-05,1393,0
2e-05,1394,6
2e-05,1395,0
2e-05,1396,13
2e-05,1397,13
2e-05,1398,2
2e-05,1399,10
2e-05,1400,12
2e-05,1401,0
2e-05,1402,11
2e-05,1403,10
2e-05,1404,3
2e-05,1405,11
2e-05,1406,10
2e-05,1407,3
2e-05,1408,6
2e-05,1409,10
2e-05,1410,10
2e-05,1411,13
2e-05,1412,11
2e-05,1413,10
2e-05,1414,0
2e-05,1415,0
2e-05,1416,3
2e-05,1417,6
2e-05,1418,11
2e-05,1419,2
2e-05,1420,13
2e-05,1421,6
2e-05,1422,0
2e-05,1423,13
2e-05,1424,6
2e-05,1425,6
2e-05,1426,6
2e-05,1427,11
2e-05,1428,0
2e-05,1429,0
2e-05,1430,10
2e-05,1431,12
2e-05,1432,2
2e-05,1433,1
2e-05,1434,9
2e-05,1435,11
2e-05,1436,0
2e-05,1437,12
2e-05,1438,10
2e-05,1439,2
2e-05,1440,5
2e-05,1441,10
2e-05,1442,2
2e-05,1443,1
2e-05,1444,9
2e-05,1445,0
2e-05,1446,6
2e-05,1447,5
2e-05,1448,5
2e-05,1449,0
2e-05,1450,13
2e-05,1451,12
2e-05,1452,3
2e-05,1453,12
2e-05,1454,11
2e-05,1455,10
2e-05,1456,2
2e-05,1457,3
2e-05,1458,12
2e-05,1459,2
2e-05,1460,3
2e-05,1461,6
2e-05,1462,1
2e-05,1463,12
2e-05,1464,1
2e-05,1465,2
2e-05,1466,3
2e-05,1467,2
2e-05,1468,12
2e-05,1469,4
2e-05,1470,3
2e-05,1471,9
2e-05,1472,10
2e-05,1473,2
2e-05,1474,10
2e-05,1475,0
2e-05,1476,5
2e-05,1477,2
2e-05,1478,5
2e-05,1479,10
2e-05,1480,0
2e-05,1481,9
2e-05,1482,2
2e-05,1483,2
2e-05,1484,3
2e-05,1485,1
2e-05,1486,11
2e-05,1487,2
2e-05,1488,16
2e-05,1489,10
2e-05,1490,12
2e-05,1491,12
2e-05,1492,6
2e-05,1493,9
2e-05,1494,11
2e-05,1495,11
2e-05,1496,0
2e-05,1497,10
2e-05,1498,6
2e-05,1499,2
2e-05,1500,6
2e-05,1501,6
2e-05,1502,10
2e-05,1503,2
2e-05,1504,5
2e-05,1505,12
2e-05,1506,0
2e-05,1507,10
2e-05,1508,9
2e-05,1509,13
2e-05,1510,9
2e-05,1511,9
2e-05,1512,6
2e-05,1513,1
2e-05,1514,9
2e-05,1515,13
2e-05,1516,11
2e-05,1517,5
2e-05,1518,1
2e-05,1519,11
2e-05,1520,1
2e-05,1521,2
2e-05,1522,9
2e-05,1523,1
2e-05,1524,10
2e-05,1525,1
2e-05,1526,10
2e-05,1527,1
2e-05,1528,9
2e-05,1529,6
2e-05,1530,2
2e-05,1531,1
2e-05,1532,5
2e-05,1533,1
2e-05,1534,9
2e-05,1535,11
2e-05,1536,12
2e-05,1537,11
2e-05,1538,2
2e-05,1539,3
2e-05,1540,11
2e-05,1541,11
2e-05,1542,2
2e-05,1543,2
2e-05,1544,11
2e-05,1545,6
2e-05,1546,10
2e-05,1547,10
2e-05,1548,11
2e-05,1549,17
2e-05,1550,5
2e-05,1551,6
2e-05,1552,1
2e-05,1553,9
2e-05,1554,1
2e-05,1555,3
2e-05,1556,1
2e-05,1557,0
2e-05,1558,9
2e-05,1559,6
2e-05,1560,11
2e-05,1561,10
2e-05,1562,12
2e-05,1563,0
2e-05,1564,10
2e-05,1565,16
2e-05,1566,13
2e-05,1567,10
2e-05,1568,11
2e-05,1569,1
2e-05,1570,5
2e-05,1571,2
2e-05,1572,3
2e-05,1573,14
2e-05,1574,13
2e-05,1575,0
2e-05,1576,15
2e-05,1577,13
2e-05,1578,11
2e-05,1579,10
2e-05,1580,3
2e-05,1581,2
2e-05,1582,10
2e-05,1583,0
2e-05,1584,9
2e-05,1585,12
2e-05,1586,10
2e-05,1587,2
2e-05,1588,3
2e-05,1589,5
2e-05,1590,12
2e-05,1591,12
2e-05,1592,3
2e-05,1593,1
2e-05,1594,5
2e-05,1595,11
2e-05,1596,6
2e-05,1597,5
2e-05,1598,0
2e-05,1599,10
2e-05,1600,2
2e-05,1601,9
2e-05,1602,6
2e-05,1603,2
2e-05,1604,1
2e-05,1605,2
2e-05,1606,10
2e-05,1607,5
2e-05,1608,0
2e-05,1609,13
2e-05,1610,3
2e-05,1611,1
2e-05,1612,2
2e-05,1613,2
2e-05,1614,13
2e-05,1615,0
2e-05,1616,11
2e-05,1617,9
2e-05,1618,10
2e-05,1619,1
2e-05,1620,0
2e-05,1621,1
2e-05,1622,12
2e-05,1623,9
2e-05,1624,11
2e-05,1625,0
2e-05,1626,1
2e-05,1627,3
2e-05,1628,0
2e-05,1629,13
2e-05,1630,3
2e-05,1631,11
2e-05,1632,3
2e-05,1633,3
2e-05,1634,10
2e-05,1635,2
2e-05,1636,3
2e-05,1637,3
2e-05,1638,2
2e-05,1639,6
2e-05,1640,9
2e-05,1641,11
2e-05,1642,9
2e-05,1643,0
2e-05,1644,11
2e-05,1645,6
2e-05,1646,2
2e-05,1647,6
2e-05,1648,8
2e-05,1649,5
2e-05,1650,1
2e-05,1651,1
2e-05,1652,0
2e-05,1653,1
2e-05,1654,1
2e-05,1655,10
2e-05,1656,12
2e-05,1657,5
2e-05,1658,13
2e-05,1659,11
2e-05,1660,3
2e-05,1661,3
2e-05,1662,2
2e-05,1663,0
2e-05,1664,11
2e-05,1665,1
2e-05,1666,12
2e-05,1667,12
2e-05,1668,6
2e-05,1669,12
2e-05,1670,2
2e-05,1671,10
2e-05,1672,9
2e-05,1673,10
2e-05,1674,3
2e-05,1675,3
2e-05,1676,11
2e-05,1677,10
2e-05,1678,1
2e-05,1679,11
2e-05,1680,5
2e-05,1681,9
2e-05,1682,12
2e-05,1683,2
2e-05,1684,5
2e-05,1685,9
2e-05,1686,11
2e-05,1687,10
2e-05,1688,0
2e-05,1689,9
2e-05,1690,3
2e-05,1691,6
2e-05,1692,13
2e-05,1693,0
2e-05,1694,6
2e-05,1695,10
2e-05,1696,1
2e-05,1697,0
2e-05,1698,2
2e-05,1699,9
2e-05,1700,10
2e-05,1701,6
2e-05,1702,11
2e-05,1703,0
2e-05,1704,12
2e-05,1705,9
2e-05,1706,11
2e-05,1707,13
2e-05,1708,10
2e-05,1709,11
2e-05,1710,12
2e-05,1711,9
2e-05,1712,1
2e-05,1713,1
2e-05,1714,12
2e-05,1715,13
2e-05,1716,13
2e-05,1717,0
2e-05,1718,2
2e-05,1719,9
2e-05,1720,13
2e-05,1721,11
2e-05,1722,13
2e-05,1723,5
2e-05,1724,2
2e-05,1725,9
2e-05,1726,10
2e-05,1727,0
2e-05,1728,8
2e-05,1729,3
2e-05,1730,2
2e-05,1731,0
2e-05,1732,2
2e-05,1733,12
2e-05,1734,12
2e-05,1735,5
2e-05,1736,9
2e-05,1737,9
2e-05,1738,6
2e-05,1739,11
2e-05,1740,12
2e-05,1741,1
2e-05,1742,5
2e-05,1743,9
2e-05,1744,6
2e-05,1745,2
2e-05,1746,6
2e-05,1747,0
2e-05,1748,12
2e-05,1749,13
2e-05,1750,0
2e-05,1751,11
2e-05,1752,10
2e-05,1753,2
2e-05,1754,12
2e-05,1755,0
2e-05,1756,9
2e-05,1757,13
2e-05,1758,11
2e-05,1759,9
2e-05,1760,3
2e-05,1761,0
2e-05,1762,2
2e-05,1763,1
2e-05,1764,6
2e-05,1765,0
2e-05,1766,3
2e-05,1767,2
2e-05,1768,11
2e-05,1769,3
2e-05,1770,0
2e-05,1771,5
2e-05,1772,0
2e-05,1773,11
2e-05,1774,1
2e-05,1775,2
2e-05,1776,9
2e-05,1777,12
2e-05,1778,2
2e-05,1779,9
2e-05,1780,0
2e-05,1781,6
2e-05,1782,11
2e-05,1783,5
2e-05,1784,2
2e-05,1785,0
2e-05,1786,10
2e-05,1787,12
2e-05,1788,12
2e-05,1789,10
2e-05,1790,11
2e-05,1791,10
2e-05,1792,10
2e-05,1793,2
2e-05,1794,5
2e-05,1795,13
2e-05,1796,9
2e-05,1797,5
2e-05,1798,1
2e-05,1799,2
2e-05,1800,1
2e-05,1801,1
2e-05,1802,12
2e-05,1803,13
2e-05,1804,10
2e-05,1805,11
2e-05,1806,2
2e-05,1807,10
2e-05,1808,12
2e-05,1809,12
2e-05,1810,11
2e-05,1811,3
2e-05,1812,6
2e-05,1813,13
2e-05,1814,12
2e-05,1815,9
2e-05,1816,0
2e-05,1817,1
2e-05,1818,3
2e-05,1819,3
2e-05,1820,8
2e-05,1821,6
2e-05,1822,9
2e-05,1823,3
2e-05,1824,4
2e-05,1825,11
2e-05,1826,13
2e-05,1827,0
2e-05,1828,12
2e-05,1829,11
2e-05,1830,11
2e-05,1831,9
2e-05,1832,5
2e-05,1833,8
2e-05,1834,5
2e-05,1835,12
2e-05,1836,2
2e-05,1837,13
2e-05,1838,3
2e-05,1839,10
2e-05,1840,5
2e-05,1841,2
2e-05,1842,6
2e-05,1843,2
2e-05,1844,11
2e-05,1845,5
2e-05,1846,2
2e-05,1847,1
2e-05,1848,12
2e-05,1849,1
2e-05,1850,5
2e-05,1851,6
2e-05,1852,5
2e-05,1853,1
2e-05,1854,11
2e-05,1855,9
2e-05,1856,5
2e-05,1857,2
2e-05,1858,4
2e-05,1859,6
2e-05,1860,1
2e-05,1861,3
2e-05,1862,11
2e-05,1863,3
2e-05,1864,11
2e-05,1865,10
2e-05,1866,0
2e-05,1867,9
2e-05,1868,12
2e-05,1869,10
2e-05,1870,5
2e-05,1871,12
2e-05,1872,0
2e-05,1873,11
2e-05,1874,6
2e-05,1875,0
2e-05,1876,12
2e-05,1877,3
2e-05,1878,5
2e-05,1879,17
2e-05,1880,6
2e-05,1881,1
2e-05,1882,0
2e-05,1883,5
2e-05,1884,2
2e-05,1885,6
2e-05,1886,9
2e-05,1887,10
2e-05,1888,9
2e-05,1889,8
2e-05,1890,1
2e-05,1891,12
2e-05,1892,12
2e-05,1893,12
2e-05,1894,11
2e-05,1895,6
2e-05,1896,12
2e-05,1897,12
2e-05,1898,10
2e-05,1899,12
2e-05,1900,13
2e-05,1901,3
2e-05,1902,6
2e-05,1903,11
2e-05,1904,10
2e-05,1905,13
2e-05,1906,11
2e-05,1907,3
2e-05,1908,2
2e-05,1909,2
2e-05,1910,10
2e-05,1911,0
2e-05,1912,2
2e-05,1913,5
2e-05,1914,5
2e-05,1915,10
2e-05,1916,11
2e-05,1917,0
2e-05,1918,13
2e-05,1919,3
2e-05,1920,5
2e-05,1921,6
2e-05,1922,11
2e-05,1923,2
2e-05,1924,16
2e-05,1925,9
2e-05,1926,11
2e-05,1927,9
2e-05,1928,16
2e-05,1929,0
2e-05,1930,11
2e-05,1931,2
2e-05,1932,3
2e-05,1933,10
2e-05,1934,9
2e-05,1935,9
2e-05,1936,10
2e-05,1937,2
2e-05,1938,2
2e-05,1939,6
2e-05,1940,9
2e-05,1941,13
2e-05,1942,11
2e-05,1943,6
2e-05,1944,6
2e-05,1945,3
2e-05,1946,1
2e-05,1947,5
2e-05,1948,9
2e-05,1949,4
2e-05,1950,2
2e-05,1951,11
2e-05,1952,1
2e-05,1953,12
2e-05,1954,10
2e-05,1955,0
2e-05,1956,1
2e-05,1957,2
2e-05,1958,5
2e-05,1959,3
2e-05,1960,9
2e-05,1961,13
2e-05,1962,10
2e-05,1963,0
2e-05,1964,9
2e-05,1965,2
2e-05,1966,16
2e-05,1967,13
2e-05,1968,3
2e-05,1969,5
2e-05,1970,9
2e-05,1971,6
2e-05,1972,0
2e-05,1973,3
2e-05,1974,12
2e-05,1975,0
2e-05,1976,0
2e-05,1977,6
2e-05,1978,12
2e-05,1979,12
2e-05,1980,2
2e-05,1981,11
2e-05,1982,11
2e-05,1983,9
2e-05,1984,0
2e-05,1985,0
2e-05,1986,10
2e-05,1987,10
2e-05,1988,13
2e-05,1989,1
2e-05,1990,6
2e-05,1991,12
2e-05,1992,3
2e-05,1993,2
2e-05,1994,6
2e-05,1995,9
2e-05,1996,1
2e-05,1997,11
2e-05,1998,3
2e-05,1999,12
2e-05,2000,6
2e-05,2001,12
2e-05,2002,0
2e-05,2003,3
2e-05,2004,13
2e-05,2005,1
2e-05,2006,11
2e-05,2007,1
2e-05,2008,16
2e-05,2009,13
2e-05,2010,6
2e-05,2011,3
2e-05,2012,13
2e-05,2013,3
2e-05,2014,6
2e-05,2015,3
2e-05,2016,9
2e-05,2017,11
2e-05,2018,5
2e-05,2019,10
2e-05,2020,1
2e-05,2021,0
2e-05,2022,12
2e-05,2023,9
2e-05,2024,1
2e-05,2025,9
2e-05,2026,10
2e-05,2027,2
2e-05,2028,9
2e-05,2029,6
2e-05,2030,1
2e-05,2031,6
2e-05,2032,3
2e-05,2033,6
2e-05,2034,3
2e-05,2035,2
2e-05,2036,5
2e-05,2037,11
2e-05,2038,12
2e-05,2039,11
2e-05,2040,0
2e-05,2041,1
2e-05,2042,1
2e-05,2043,0
2e-05,2044,1
2e-05,2045,10
2e-05,2046,3
2e-05,2047,8
2e-05,2048,2
2e-05,2049,14
2e-05,2050,6
2e-05,2051,5
2e-05,2052,11
2e-05,2053,1
2e-05,2054,10
2e-05,2055,9
2e-05,2056,12
2e-05,2057,11
2e-05,2058,11
2e-05,2059,3
2e-05,2060,6
2e-05,2061,1
2e-05,2062,10
2e-05,2063,12
2e-05,2064,10
2e-05,2065,12
2e-05,2066,9
2e-05,2067,10
2e-05,2068,1
2e-05,2069,5
2e-05,2070,0
2e-05,2071,12
2e-05,2072,12
2e-05,2073,3
2e-05,2074,11
2e-05,2075,1
2e-05,2076,12
2e-05,2077,11
2e-05,2078,5
2e-05,2079,10
2e-05,2080,6
2e-05,2081,9
2e-05,2082,11
2e-05,2083,12
2e-05,2084,6
2e-05,2085,3
2e-05,2086,10
2e-05,2087,11
2e-05,2088,2
2e-05,2089,9
2e-05,2090,0
2e-05,2091,0
2e-05,2092,1
2e-05,2093,5
2e-05,2094,6
2e-05,2095,5
2e-05,2096,13
2e-05,2097,5
2e-05,2098,13
2e-05,2099,0
2e-05,2100,2
2e-05,2101,10
2e-05,2102,11
2e-05,2103,9
2e-05,2104,11
2e-05,2105,3
2e-05,2106,1
2e-05,2107,9
2e-05,2108,3
2e-05,2109,9
2e-05,2110,2
2e-05,2111,12
2e-05,2112,6
2e-05,2113,12
2e-05,2114,1
2e-05,2115,11
2e-05,2116,10
2e-05,2117,5
2e-05,2118,11
2e-05,2119,9
2e-05,2120,9
2e-05,2121,6
2e-05,2122,10
2e-05,2123,6
2e-05,2124,3
2e-05,2125,10
2e-05,2126,9
2e-05,2127,12
2e-05,2128,6
2e-05,2129,6
2e-05,2130,13
2e-05,2131,12
2e-05,2132,9
2e-05,2133,2
2e-05,2134,3
2e-05,2135,11
2e-05,2136,11
2e-05,2137,3
2e-05,2138,3
2e-05,2139,5
2e-05,2140,13
2e-05,2141,12
2e-05,2142,10
2e-05,2143,13
2e-05,2144,11
2e-05,2145,10
2e-05,2146,13
2e-05,2147,0
2e-05,2148,5
2e-05,2149,0
2e-05,2150,13
2e-05,2151,10
2e-05,2152,11
2e-05,2153,13
2e-05,2154,10
2e-05,2155,10
2e-05,2156,9
2e-05,2157,5
2e-05,2158,10
2e-05,2159,11
2e-05,2160,9
2e-05,2161,10
2e-05,2162,3
2e-05,2163,6
2e-05,2164,11
2e-05,2165,3
2e-05,2166,0
2e-05,2167,16
2e-05,2168,9
2e-05,2169,5
2e-05,2170,10
2e-05,2171,12
2e-05,2172,12
2e-05,2173,1
2e-05,2174,5
2e-05,2175,1
2e-05,2176,11
2e-05,2177,12
2e-05,2178,0
2e-05,2179,11
2e-05,2180,5
2e-05,2181,6
2e-05,2182,9
2e-05,2183,5
2e-05,2184,0
2e-05,2185,6
2e-05,2186,13
2e-05,2187,5
2e-05,2188,6
2e-05,2189,2
2e-05,2190,1
2e-05,2191,11
2e-05,2192,12
2e-05,2193,0
2e-05,2194,11
2e-05,2195,5
2e-05,2196,3
2e-05,2197,9
2e-05,2198,0
2e-05,2199,3
2e-05,2200,1
2e-05,2201,11
2e-05,2202,10
2e-05,2203,9
2e-05,2204,3
2e-05,2205,0
2e-05,2206,3
2e-05,2207,3
2e-05,2208,9
2e-05,2209,9
2e-05,2210,9
2e-05,2211,11
2e-05,2212,0
2e-05,2213,9
2e-05,2214,13
2e-05,2215,6
2e-05,2216,10
2e-05,2217,9
2e-05,2218,5
2e-05,2219,5
2e-05,2220,10
2e-05,2221,0
2e-05,2222,16
2e-05,2223,9
2e-05,2224,9
2e-05,2225,6
2e-05,2226,13
2e-05,2227,1
2e-05,2228,6
2e-05,2229,10
2e-05,2230,3
2e-05,2231,6
2e-05,2232,9
2e-05,2233,5
2e-05,2234,5
2e-05,2235,13
2e-05,2236,0
2e-05,2237,0
2e-05,2238,3
2e-05,2239,2
2e-05,2240,6
2e-05,2241,6
2e-05,2242,3
2e-05,2243,11
2e-05,2244,1
2e-05,2245,9
2e-05,2246,0
2e-05,2247,13
2e-05,2248,6
2e-05,2249,1
2e-05,2250,0
2e-05,2251,12
2e-05,2252,13
2e-05,2253,1
2e-05,2254,9
2e-05,2255,0
2e-05,2256,10
2e-05,2257,11
2e-05,2258,1
2e-05,2259,1
2e-05,2260,0
2e-05,2261,16
2e-05,2262,2
2e-05,2263,11
2e-05,2264,10
2e-05,2265,5
2e-05,2266,2
2e-05,2267,11
2e-05,2268,11
2e-05,2269,0
2e-05,2270,0
2e-05,2271,13
2e-05,2272,6
2e-05,2273,2
2e-05,2274,16
2e-05,2275,10
2e-05,2276,10
2e-05,2277,3
2e-05,2278,6
2e-05,2279,0
2e-05,2280,10
2e-05,2281,0
2e-05,2282,10
2e-05,2283,13
2e-05,2284,17
2e-05,2285,1
2e-05,2286,12
2e-05,2287,1
2e-05,2288,5
2e-05,2289,5
2e-05,2290,1
2e-05,2291,3
2e-05,2292,0
2e-05,2293,5
2e-05,2294,1
2e-05,2295,11
2e-05,2296,2
2e-05,2297,2
2e-05,2298,9
2e-05,2299,6
2e-05,2300,6
2e-05,2301,12
2e-05,2302,11
2e-05,2303,2
2e-05,2304,1
2e-05,2305,3
2e-05,2306,6
2e-05,2307,3
2e-05,2308,6
2e-05,2309,11
2e-05,2310,12
2e-05,2311,9
2e-05,2312,11
2e-05,2313,10
2e-05,2314,0
2e-05,2315,9
2e-05,2316,12
2e-05,2317,13
2e-05,2318,6
2e-05,2319,9
2e-05,2320,11
2e-05,2321,10
2e-05,2322,9
2e-05,2323,2
2e-05,2324,6
2e-05,2325,0
2e-05,2326,1
2e-05,2327,5
2e-05,2328,12
2e-05,2329,17
2e-05,2330,9
2e-05,2331,10
2e-05,2332,12
2e-05,2333,0
2e-05,2334,12
2e-05,2335,0
2e-05,2336,0
2e-05,2337,2
2e-05,2338,0
2e-05,2339,6
2e-05,2340,3
2e-05,2341,0
2e-05,2342,3
2e-05,2343,5
2e-05,2344,13
2e-05,2345,11
2e-05,2346,9
2e-05,2347,10
2e-05,2348,2
2e-05,2349,0
2e-05,2350,6
2e-05,2351,9
2e-05,2352,0
2e-05,2353,1
2e-05,2354,12
2e-05,2355,11
2e-05,2356,1
2e-05,2357,13
2e-05,2358,9
2e-05,2359,2
2e-05,2360,11
2e-05,2361,0
2e-05,2362,8
2e-05,2363,11
2e-05,2364,10
2e-05,2365,6
2e-05,2366,1
2e-05,2367,16
2e-05,2368,5
2e-05,2369,5
2e-05,2370,12
2e-05,2371,5
2e-05,2372,3
2e-05,2373,3
2e-05,2374,0
2e-05,2375,12
2e-05,2376,1
2e-05,2377,1
2e-05,2378,10
2e-05,2379,3
2e-05,2380,6
2e-05,2381,11
2e-05,2382,11
2e-05,2383,5
2e-05,2384,11
2e-05,2385,9
2e-05,2386,6
2e-05,2387,11
2e-05,2388,10
2e-05,2389,1
2e-05,2390,10
2e-05,2391,1
2e-05,2392,13
2e-05,2393,6
2e-05,2394,2
2e-05,2395,10
2e-05,2396,0
2e-05,2397,9
2e-05,2398,6
2e-05,2399,12
2e-05,2400,10
2e-05,2401,11
2e-05,2402,5
2e-05,2403,13
2e-05,2404,2
2e-05,2405,13
2e-05,2406,5
2e-05,2407,9
2e-05,2408,5
2e-05,2409,2
2e-05,2410,1
2e-05,2411,9
2e-05,2412,2
2e-05,2413,10
2e-05,2414,13
2e-05,2415,2
2e-05,2416,2
2e-05,2417,10
2e-05,2418,2
2e-05,2419,5
2e-05,2420,12
2e-05,2421,0
2e-05,2422,6
2e-05,2423,3
2e-05,2424,11
2e-05,2425,8
2e-05,2426,6
2e-05,2427,6
2e-05,2428,13
2e-05,2429,12
2e-05,2430,1
2e-05,2431,11
2e-05,2432,1
2e-05,2433,3
2e-05,2434,9
2e-05,2435,3
2e-05,2436,1
2e-05,2437,1
2e-05,2438,11
2e-05,2439,1
2e-05,2440,1
2e-05,2441,11
2e-05,2442,10
2e-05,2443,2
2e-05,2444,3
2e-05,2445,9
2e-05,2446,10
2e-05,2447,3
2e-05,2448,9
2e-05,2449,6
2e-05,2450,5
2e-05,2451,13
2e-05,2452,11
2e-05,2453,3
2e-05,2454,10
2e-05,2455,1
2e-05,2456,11
2e-05,2457,2
2e-05,2458,9
2e-05,2459,11
2e-05,2460,6
2e-05,2461,11
2e-05,2462,10
2e-05,2463,6
2e-05,2464,11
2e-05,2465,11
2e-05,2466,13
2e-05,2467,2
2e-05,2468,0
2e-05,2469,0
2e-05,2470,9
2e-05,2471,9
2e-05,2472,9
2e-05,2473,9
2e-05,2474,12
2e-05,2475,5
2e-05,2476,10
2e-05,2477,10
2e-05,2478,3
2e-05,2479,2
2e-05,2480,10
2e-05,2481,10
2e-05,2482,0
2e-05,2483,11
2e-05,2484,0
2e-05,2485,16
2e-05,2486,13
2e-05,2487,10
2e-05,2488,6
2e-05,2489,12
2e-05,2490,6
2e-05,2491,6
2e-05,2492,1
2e-05,2493,1
2e-05,2494,2
2e-05,2495,2
2e-05,2496,1
2e-05,2497,10
2e-05,2498,12
2e-05,2499,10
2e-05,2500,0
2e-05,2501,2
2e-05,2502,1
2e-05,2503,13
2e-05,2504,11
2e-05,2505,6
2e-05,2506,0
2e-05,2507,5
2e-05,2508,12
2e-05,2509,9
2e-05,2510,1
2e-05,2511,1
2e-05,2512,3
2e-05,2513,9
2e-05,2514,5
2e-05,2515,6
2e-05,2516,10
2e-05,2517,9
2e-05,2518,0
2e-05,2519,0
2e-05,2520,0
2e-05,2521,16
2e-05,2522,6
2e-05,2523,13
2e-05,2524,12
2e-05,2525,2
2e-05,2526,2
2e-05,2527,1
2e-05,2528,3
2e-05,2529,3
2e-05,2530,9
2e-05,2531,10
2e-05,2532,10
2e-05,2533,3
2e-05,2534,9
2e-05,2535,3
2e-05,2536,13
2e-05,2537,5
2e-05,2538,13
2e-05,2539,10
2e-05,2540,3
2e-05,2541,2
2e-05,2542,11
2e-05,2543,11
2e-05,2544,10
2e-05,2545,5
2e-05,2546,9
2e-05,2547,3
2e-05,2548,10
2e-05,2549,1
2e-05,2550,10
2e-05,2551,12
2e-05,2552,9
2e-05,2553,16
2e-05,2554,9
2e-05,2555,3
2e-05,2556,10
2e-05,2557,11
2e-05,2558,0
2e-05,2559,0
2e-05,2560,0
2e-05,2561,1
2e-05,2562,11
2e-05,2563,0
2e-05,2564,13
2e-05,2565,6
2e-05,2566,13
2e-05,2567,8
2e-05,2568,0
2e-05,2569,6
2e-05,2570,11
2e-05,2571,5
2e-05,2572,12
2e-05,2573,3
2e-05,2574,3
2e-05,2575,2
2e-05,2576,5
2e-05,2577,0
2e-05,2578,11
2e-05,2579,4
2e-05,2580,13
2e-05,2581,5
2e-05,2582,3
2e-05,2583,6
2e-05,2584,11
2e-05,2585,13
2e-05,2586,2
2e-05,2587,5
2e-05,2588,3
2e-05,2589,6
2e-05,2590,12
2e-05,2591,13
2e-05,2592,11
2e-05,2593,5
2e-05,2594,12
2e-05,2595,9
2e-05,2596,5
2e-05,2597,11
2e-05,2598,0
2e-05,2599,6
2e-05,2600,9
2e-05,2601,0
2e-05,2602,2
2e-05,2603,11
2e-05,2604,9
2e-05,2605,11
2e-05,2606,0
2e-05,2607,13
2e-05,2608,12
2e-05,2609,6
2e-05,2610,10
2e-05,2611,9
2e-05,2612,12
2e-05,2613,6
2e-05,2614,10
2e-05,2615,5
2e-05,2616,10
2e-05,2617,6
2e-05,2618,12
2e-05,2619,10
2e-05,2620,2
2e-05,2621,11
2e-05,2622,9
2e-05,2623,2
2e-05,2624,5
2e-05,2625,6
2e-05,2626,2
2e-05,2627,13
2e-05,2628,0
2e-05,2629,3
2e-05,2630,12
2e-05,2631,6
2e-05,2632,10
2e-05,2633,12
2e-05,2634,13
2e-05,2635,12
2e-05,2636,0
2e-05,2637,16
2e-05,2638,5
2e-05,2639,6
2e-05,2640,11
2e-05,2641,3
2e-05,2642,2
2e-05,2643,9
2e-05,2644,0
2e-05,2645,6
2e-05,2646,12
2e-05,2647,11
2e-05,2648,11
2e-05,2649,9
2e-05,2650,9
2e-05,2651,11
2e-05,2652,11
2e-05,2653,10
2e-05,2654,12
2e-05,2655,1
2e-05,2656,5
2e-05,2657,1
2e-05,2658,5
2e-05,2659,0
2e-05,2660,2
2e-05,2661,12
2e-05,2662,10
2e-05,2663,12
2e-05,2664,2
2e-05,2665,0
2e-05,2666,3
2e-05,2667,11
2e-05,2668,13
2e-05,2669,5
2e-05,2670,11
2e-05,2671,3
2e-05,2672,5
2e-05,2673,12
2e-05,2674,13
2e-05,2675,1
2e-05,2676,13
2e-05,2677,13
2e-05,2678,0
2e-05,2679,12
2e-05,2680,5
2e-05,2681,2
2e-05,2682,6
2e-05,2683,3
2e-05,2684,3
2e-05,2685,10
2e-05,2686,1
2e-05,2687,9
2e-05,2688,3
2e-05,2689,5
2e-05,2690,9
2e-05,2691,13
2e-05,2692,0
2e-05,2693,0
2e-05,2694,5
2e-05,2695,5
2e-05,2696,2
2e-05,2697,5
2e-05,2698,5
2e-05,2699,13
2e-05,2700,2
2e-05,2701,1
2e-05,2702,5
2e-05,2703,9
2e-05,2704,0
2e-05,2705,9
2e-05,2706,5
2e-05,2707,0
2e-05,2708,11
2e-05,2709,3
2e-05,2710,5
2e-05,2711,9
2e-05,2712,13
2e-05,2713,5
2e-05,2714,13
2e-05,2715,1
2e-05,2716,3
2e-05,2717,5
2e-05,2718,12
2e-05,2719,0
2e-05,2720,0
2e-05,2721,1
2e-05,2722,3
2e-05,2723,5
2e-05,2724,9
2e-05,2725,9
2e-05,2726,11
2e-05,2727,5
2e-05,2728,12
2e-05,2729,11
2e-05,2730,2
2e-05,2731,9
2e-05,2732,1
2e-05,2733,4
2e-05,2734,10
2e-05,2735,0
2e-05,2736,13
2e-05,2737,11
2e-05,2738,0
2e-05,2739,11
2e-05,2740,11
2e-05,2741,5
2e-05,2742,10
2e-05,2743,0
2e-05,2744,12
2e-05,2745,11
2e-05,2746,0
2e-05,2747,9
2e-05,2748,5
2e-05,2749,6
2e-05,2750,0
2e-05,2751,11
2e-05,2752,9
2e-05,2753,3
2e-05,2754,10
2e-05,2755,0
2e-05,2756,5
2e-05,2757,11
2e-05,2758,11
2e-05,2759,9
2e-05,2760,12
2e-05,2761,6
2e-05,2762,5
2e-05,2763,1
2e-05,2764,3
2e-05,2765,11
2e-05,2766,3
2e-05,2767,6
2e-05,2768,10
2e-05,2769,1
2e-05,2770,2
2e-05,2771,10
2e-05,2772,2
2e-05,2773,5
2e-05,2774,11
2e-05,2775,9
2e-05,2776,12
2e-05,2777,10
2e-05,2778,3
2e-05,2779,11
2e-05,2780,3
2e-05,2781,11
2e-05,2782,11
2e-05,2783,3
2e-05,2784,2
2e-05,2785,11
2e-05,2786,12
2e-05,2787,9
2e-05,2788,1
2e-05,2789,12
2e-05,2790,6
2e-05,2791,5
2e-05,2792,10
2e-05,2793,3
2e-05,2794,1
2e-05,2795,0
2e-05,2796,8
2e-05,2797,3
2e-05,2798,1
2e-05,2799,10
2e-05,2800,9
2e-05,2801,13
2e-05,2802,3
2e-05,2803,1
2e-05,2804,13
2e-05,2805,9
2e-05,2806,9
2e-05,2807,9
2e-05,2808,3
2e-05,2809,3
2e-05,2810,1
2e-05,2811,0
2e-05,2812,13
2e-05,2813,1
2e-05,2814,10
2e-05,2815,5
2e-05,2816,0
2e-05,2817,0
2e-05,2818,12
2e-05,2819,2
2e-05,2820,6
2e-05,2821,3
2e-05,2822,8
2e-05,2823,6
2e-05,2824,1
2e-05,2825,5
2e-05,2826,9
2e-05,2827,13
2e-05,2828,6
2e-05,2829,12
2e-05,2830,6
2e-05,2831,2
2e-05,2832,6
2e-05,2833,0
2e-05,2834,5
2e-05,2835,11
2e-05,2836,13
2e-05,2837,2
2e-05,2838,0
2e-05,2839,10
2e-05,2840,12
2e-05,2841,6
2e-05,2842,11
2e-05,2843,1
2e-05,2844,3
2e-05,2845,6
2e-05,2846,2
2e-05,2847,13
2e-05,2848,6
2e-05,2849,0
2e-05,2850,13
2e-05,2851,10
2e-05,2852,1
2e-05,2853,9
2e-05,2854,6
2e-05,2855,1
2e-05,2856,13
2e-05,2857,10
2e-05,2858,1
2e-05,2859,13
2e-05,2860,10
2e-05,2861,12
2e-05,2862,5
2e-05,2863,10
2e-05,2864,5
2e-05,2865,11
2e-05,2866,2
2e-05,2867,13
2e-05,2868,1
2e-05,2869,2
2e-05,2870,1
2e-05,2871,0
2e-05,2872,3
2e-05,2873,11
2e-05,2874,5
2e-05,2875,3
2e-05,2876,9
2e-05,2877,6
2e-05,2878,12
2e-05,2879,12
2e-05,2880,11
2e-05,2881,12
2e-05,2882,9
2e-05,2883,2
2e-05,2884,6
2e-05,2885,6
2e-05,2886,9
2e-05,2887,3
2e-05,2888,6
2e-05,2889,12
2e-05,2890,3
2e-05,2891,12
2e-05,2892,6
2e-05,2893,1
2e-05,2894,11
2e-05,2895,0
2e-05,2896,9
2e-05,2897,12
2e-05,2898,3
2e-05,2899,16
2e-05,2900,3
2e-05,2901,12
2e-05,2902,0
2e-05,2903,2
2e-05,2904,5
2e-05,2905,6
2e-05,2906,12
2e-05,2907,3
2e-05,2908,11
2e-05,2909,9
2e-05,2910,9
2e-05,2911,2
2e-05,2912,6
2e-05,2913,9
2e-05,2914,12
2e-05,2915,13
2e-05,2916,9
2e-05,2917,10
2e-05,2918,6
2e-05,2919,0
2e-05,2920,12
2e-05,2921,3
2e-05,2922,10
2e-05,2923,2
2e-05,2924,3
2e-05,2925,16
2e-05,2926,11
2e-05,2927,11
2e-05,2928,2
2e-05,2929,1
2e-05,2930,13
2e-05,2931,2
2e-05,2932,8
2e-05,2933,9
2e-05,2934,0
2e-05,2935,10
2e-05,2936,1
2e-05,2937,1
2e-05,2938,13
2e-05,2939,9
2e-05,2940,2
2e-05,2941,12
2e-05,2942,0
2e-05,2943,3
2e-05,2944,1
2e-05,2945,0
2e-05,2946,17
2e-05,2947,9
2e-05,2948,2
2e-05,2949,2
2e-05,2950,10
2e-05,2951,2
2e-05,2952,13
2e-05,2953,3
2e-05,2954,5
2e-05,2955,12
2e-05,2956,0
2e-05,2957,11
2e-05,2958,1
2e-05,2959,5
2e-05,2960,1
2e-05,2961,11
2e-05,2962,11
2e-05,2963,12
2e-05,2964,5
2e-05,2965,11
2e-05,2966,3
2e-05,2967,1
2e-05,2968,0
2e-05,2969,0
2e-05,2970,11
2e-05,2971,9
2e-05,2972,12
2e-05,2973,5
2e-05,2974,9
2e-05,2975,12
2e-05,2976,9
2e-05,2977,5
2e-05,2978,6
2e-05,2979,5
2e-05,2980,10
2e-05,2981,9
2e-05,2982,6
2e-05,2983,14
2e-05,2984,0
2e-05,2985,11
2e-05,2986,13
2e-05,2987,0
2e-05,2988,9
2e-05,2989,3
2e-05,2990,6
2e-05,2991,0
2e-05,2992,11
2e-05,2993,0
2e-05,2994,10
2e-05,2995,9
2e-05,2996,10
2e-05,2997,12
2e-05,2998,1
2e-05,2999,1
2e-05,3000,5
2e-05,3001,10
2e-05,3002,0
2e-05,3003,9
2e-05,3004,10
2e-05,3005,6
2e-05,3006,0
2e-05,3007,2
2e-05,3008,6
2e-05,3009,9
2e-05,3010,2
2e-05,3011,11
2e-05,3012,5
2e-05,3013,9
2e-05,3014,16
2e-05,3015,2
2e-05,3016,11
2e-05,3017,13
2e-05,3018,5
2e-05,3019,3
2e-05,3020,5
2e-05,3021,13
2e-05,3022,10
2e-05,3023,5
2e-05,3024,11
2e-05,3025,2
2e-05,3026,11
2e-05,3027,1
2e-05,3028,11
2e-05,3029,10
2e-05,3030,13
2e-05,3031,12
2e-05,3032,11
2e-05,3033,5
2e-05,3034,6
2e-05,3035,9
2e-05,3036,0
2e-05,3037,1
2e-05,3038,5
2e-05,3039,3
2e-05,3040,3
2e-05,3041,10
2e-05,3042,5
2e-05,3043,6
2e-05,3044,9
2e-05,3045,6
2e-05,3046,4
2e-05,3047,1
2e-05,3048,1
2e-05,3049,11
2e-05,3050,11
2e-05,3051,10
2e-05,3052,10
2e-05,3053,6
2e-05,3054,10
2e-05,3055,1
2e-05,3056,3
2e-05,3057,1
2e-05,3058,13
2e-05,3059,1
2e-05,3060,0
2e-05,3061,11
2e-05,3062,2
2e-05,3063,11
2e-05,3064,3
2e-05,3065,11
2e-05,3066,12
2e-05,3067,11
2e-05,3068,2
2e-05,3069,1
2e-05,3070,5
2e-05,3071,12
2e-05,3072,12
2e-05,3073,0
2e-05,3074,0
2e-05,3075,10
2e-05,3076,6
2e-05,3077,9
2e-05,3078,1
2e-05,3079,12
2e-05,3080,9
2e-05,3081,1
2e-05,3082,11
2e-05,3083,11
2e-05,3084,12
2e-05,3085,1
2e-05,3086,1
2e-05,3087,2
2e-05,3088,10
2e-05,3089,2
2e-05,3090,3
2e-05,3091,5
2e-05,3092,13
2e-05,3093,3
2e-05,3094,13
2e-05,3095,12
2e-05,3096,12
2e-05,3097,0
2e-05,3098,13
2e-05,3099,2
2e-05,3100,0
2e-05,3101,12
2e-05,3102,3
2e-05,3103,12
2e-05,3104,2
2e-05,3105,6
2e-05,3106,9
2e-05,3107,10
2e-05,3108,5
2e-05,3109,5
2e-05,3110,12
2e-05,3111,2
2e-05,3112,10
2e-05,3113,2
2e-05,3114,13
2e-05,3115,11
2e-05,3116,6
2e-05,3117,9
2e-05,3118,9
2e-05,3119,6
2e-05,3120,12
2e-05,3121,5
2e-05,3122,0
2e-05,3123,3
2e-05,3124,1
2e-05,3125,1
2e-05,3126,11
2e-05,3127,0
2e-05,3128,1
2e-05,3129,6
2e-05,3130,9
2e-05,3131,0
2e-05,3132,3
2e-05,3133,10
2e-05,3134,0
2e-05,3135,2
2e-05,3136,11
2e-05,3137,3
2e-05,3138,11
2e-05,3139,5
2e-05,3140,1
2e-05,3141,13
2e-05,3142,13
2e-05,3143,1
2e-05,3144,1
2e-05,3145,1
2e-05,3146,12
2e-05,3147,13
2e-05,3148,6
2e-05,3149,12
2e-05,3150,13
2e-05,3151,9
2e-05,3152,17
2e-05,3153,12
2e-05,3154,13
2e-05,3155,8
2e-05,3156,6
2e-05,3157,12
2e-05,3158,9
2e-05,3159,9
2e-05,3160,0
2e-05,3161,6
2e-05,3162,9
2e-05,3163,11
2e-05,3164,5
2e-05,3165,5
2e-05,3166,6
2e-05,3167,6
2e-05,3168,1
2e-05,3169,2
2e-05,3170,5
2e-05,3171,3
2e-05,3172,9
2e-05,3173,13
2e-05,3174,0
2e-05,3175,5
2e-05,3176,0
2e-05,3177,5
2e-05,3178,0
2e-05,3179,2
2e-05,3180,9
2e-05,3181,9
2e-05,3182,11
2e-05,3183,9
2e-05,3184,6
2e-05,3185,13
2e-05,3186,5
2e-05,3187,9
2e-05,3188,3
2e-05,3189,1
2e-05,3190,2
2e-05,3191,0
2e-05,3192,9
2e-05,3193,9
2e-05,3194,5
2e-05,3195,10
2e-05,3196,3
2e-05,3197,0
2e-05,3198,2
2e-05,3199,3
2e-05,3200,0
2e-05,3201,13
2e-05,3202,16
2e-05,3203,2
2e-05,3204,11
2e-05,3205,10
2e-05,3206,9
2e-05,3207,10
2e-05,3208,10
2e-05,3209,13
2e-05,3210,2
2e-05,3211,11
2e-05,3212,5
2e-05,3213,0
2e-05,3214,13
2e-05,3215,12
2e-05,3216,5
2e-05,3217,5
2e-05,3218,11
2e-05,3219,12
2e-05,3220,2
2e-05,3221,10
2e-05,3222,2
2e-05,3223,3
2e-05,3224,5
2e-05,3225,10
2e-05,3226,10
2e-05,3227,11
2e-05,3228,11
2e-05,3229,1
2e-05,3230,13
2e-05,3231,13
2e-05,3232,3
2e-05,3233,1
2e-05,3234,5
2e-05,3235,0
2e-05,3236,5
2e-05,3237,10
2e-05,3238,6
2e-05,3239,6
2e-05,3240,12
2e-05,3241,11
2e-05,3242,6
2e-05,3243,12
2e-05,3244,5
2e-05,3245,9
2e-05,3246,10
2e-05,3247,8
2e-05,3248,12
2e-05,3249,0
2e-05,3250,3
2e-05,3251,10
2e-05,3252,6
2e-05,3253,12
2e-05,3254,13
2e-05,3255,6
2e-05,3256,11
2e-05,3257,11
2e-05,3258,6
2e-05,3259,5
2e-05,3260,1
2e-05,3261,5
2e-05,3262,1
2e-05,3263,11
2e-05,3264,3
2e-05,3265,6
2e-05,3266,10
2e-05,3267,13
2e-05,3268,1
2e-05,3269,6
2e-05,3270,5
2e-05,3271,0
2e-05,3272,0
2e-05,3273,12
2e-05,3274,2
2e-05,3275,8
2e-05,3276,5
2e-05,3277,6
2e-05,3278,3
2e-05,3279,2
2e-05,3280,5
2e-05,3281,10
2e-05,3282,10
2e-05,3283,6
2e-05,3284,5
2e-05,3285,5
2e-05,3286,6
2e-05,3287,0
2e-05,3288,10
2e-05,3289,10
2e-05,3290,6
2e-05,3291,0
2e-05,3292,6
2e-05,3293,10
2e-05,3294,5
2e-05,3295,9
2e-05,3296,1
2e-05,3297,10
2e-05,3298,0
2e-05,3299,6
2e-05,3300,10
2e-05,3301,13
2e-05,3302,5
2e-05,3303,3
2e-05,3304,1
2e-05,3305,1
2e-05,3306,10
2e-05,3307,0
2e-05,3308,5
2e-05,3309,5
2e-05,3310,6
2e-05,3311,3
2e-05,3312,2
2e-05,3313,11
2e-05,3314,6
2e-05,3315,12
2e-05,3316,9
2e-05,3317,9
2e-05,3318,3
2e-05,3319,9
2e-05,3320,3
2e-05,3321,2
2e-05,3322,1
2e-05,3323,11
2e-05,3324,9
2e-05,3325,1
2e-05,3326,5
2e-05,3327,6
2e-05,3328,10
2e-05,3329,1
2e-05,3330,6
2e-05,3331,8
2e-05,3332,0
2e-05,3333,5
2e-05,3334,5
2e-05,3335,0
2e-05,3336,5
2e-05,3337,11
2e-05,3338,6
2e-05,3339,11
2e-05,3340,13
2e-05,3341,10
2e-05,3342,1
2e-05,3343,12
2e-05,3344,6
2e-05,3345,5
2e-05,3346,12
2e-05,3347,11
2e-05,3348,2
2e-05,3349,12
2e-05,3350,14
2e-05,3351,3
2e-05,3352,3
2e-05,3353,13
2e-05,3354,1
2e-05,3355,3
2e-05,3356,13
2e-05,3357,11
2e-05,3358,9
2e-05,3359,10
2e-05,3360,9
2e-05,3361,5
2e-05,3362,0
2e-05,3363,2
2e-05,3364,9
2e-05,3365,4
2e-05,3366,1
2e-05,3367,3
2e-05,3368,0
2e-05,3369,2
2e-05,3370,1
2e-05,3371,13
2e-05,3372,5
2e-05,3373,9
2e-05,3374,12
2e-05,3375,13
2e-05,3376,10
2e-05,3377,1
2e-05,3378,6
2e-05,3379,2
2e-05,3380,11
2e-05,3381,10
2e-05,3382,3
2e-05,3383,13
2e-05,3384,5
2e-05,3385,1
2e-05,3386,1
2e-05,3387,0
2e-05,3388,13
2e-05,3389,3
2e-05,3390,10
2e-05,3391,10
2e-05,3392,0
2e-05,3393,1
2e-05,3394,0
2e-05,3395,3
2e-05,3396,11
2e-05,3397,6
2e-05,3398,11
2e-05,3399,9
2e-05,3400,12
2e-05,3401,1
2e-05,3402,1
2e-05,3403,6
2e-05,3404,11
2e-05,3405,12
2e-05,3406,10
2e-05,3407,6
2e-05,3408,2
2e-05,3409,3
2e-05,3410,10
2e-05,3411,9
2e-05,3412,1
2e-05,3413,6
2e-05,3414,5
2e-05,3415,3
2e-05,3416,10
2e-05,3417,9
2e-05,3418,4
2e-05,3419,13
2e-05,3420,10
2e-05,3421,2
2e-05,3422,0
2e-05,3423,10
2e-05,3424,1
2e-05,3425,6
2e-05,3426,2
2e-05,3427,9
2e-05,3428,2
2e-05,3429,13
2e-05,3430,11
2e-05,3431,6
2e-05,3432,0
2e-05,3433,3
2e-05,3434,11
2e-05,3435,0
2e-05,3436,2
2e-05,3437,13
2e-05,3438,13
2e-05,3439,0
2e-05,3440,5
2e-05,3441,13
2e-05,3442,6
2e-05,3443,0
2e-05,3444,3
2e-05,3445,6
2e-05,3446,3
2e-05,3447,6
2e-05,3448,0
2e-05,3449,6
2e-05,3450,1
2e-05,3451,11
2e-05,3452,0
2e-05,3453,13
2e-05,3454,13
2e-05,3455,1
2e-05,3456,0
2e-05,3457,3
2e-05,3458,3
2e-05,3459,1
2e-05,3460,5
2e-05,3461,10
2e-05,3462,8
2e-05,3463,0
2e-05,3464,1
2e-05,3465,10
2e-05,3466,6
2e-05,3467,10
2e-05,3468,12
2e-05,3469,9
2e-05,3470,2
2e-05,3471,9
2e-05,3472,0
2e-05,3473,12
2e-05,3474,0
2e-05,3475,1
2e-05,3476,3
2e-05,3477,11
2e-05,3478,3
2e-05,3479,10
2e-05,3480,0
2e-05,3481,0
2e-05,3482,9
2e-05,3483,4
2e-05,3484,17
2e-05,3485,0
2e-05,3486,5
2e-05,3487,3
2e-05,3488,5
2e-05,3489,1
2e-05,3490,11
2e-05,3491,5
2e-05,3492,2
2e-05,3493,2
2e-05,3494,11
2e-05,3495,4
2e-05,3496,5
2e-05,3497,12
2e-05,3498,5
2e-05,3499,6
2e-05,3500,9
2e-05,3501,11
2e-05,3502,9
2e-05,3503,10
2e-05,3504,9
2e-05,3505,5
2e-05,3506,13
2e-05,3507,0
2e-05,3508,0
2e-05,3509,6
2e-05,3510,9
2e-05,3511,2
2e-05,3512,16
2e-05,3513,11
2e-05,3514,3
2e-05,3515,10
2e-05,3516,11
2e-05,3517,9
2e-05,3518,3
2e-05,3519,0
2e-05,3520,3
2e-05,3521,6
2e-05,3522,2
2e-05,3523,5
2e-05,3524,13
2e-05,3525,9
2e-05,3526,6
2e-05,3527,2
2e-05,3528,0
2e-05,3529,14
2e-05,3530,6
2e-05,3531,13
2e-05,3532,2
2e-05,3533,11
2e-05,3534,2
2e-05,3535,4
2e-05,3536,11
2e-05,3537,10
2e-05,3538,3
2e-05,3539,2
2e-05,3540,1
2e-05,3541,9
2e-05,3542,5
2e-05,3543,9
2e-05,3544,2
2e-05,3545,3
2e-05,3546,3
2e-05,3547,3
2e-05,3548,6
2e-05,3549,1
2e-05,3550,10
2e-05,3551,1
2e-05,3552,6
2e-05,3553,1
2e-05,3554,5
2e-05,3555,2
2e-05,3556,10
2e-05,3557,2
2e-05,3558,5
2e-05,3559,11
2e-05,3560,2
2e-05,3561,12
2e-05,3562,12
2e-05,3563,11
2e-05,3564,3
2e-05,3565,9
2e-05,3566,13
2e-05,3567,3
2e-05,3568,3
2e-05,3569,5
2e-05,3570,2
2e-05,3571,3
2e-05,3572,11
2e-05,3573,1
2e-05,3574,12
2e-05,3575,5
2e-05,3576,10
2e-05,3577,11
2e-05,3578,1
2e-05,3579,9
2e-05,3580,10
2e-05,3581,1
2e-05,3582,13
2e-05,3583,12
2e-05,3584,0
2e-05,3585,0
2e-05,3586,9
2e-05,3587,3
2e-05,3588,11
2e-05,3589,11
2e-05,3590,5
2e-05,3591,6
2e-05,3592,13
2e-05,3593,10
2e-05,3594,0
2e-05,3595,0
2e-05,3596,5
2e-05,3597,12
2e-05,3598,5
2e-05,3599,12
2e-05,3600,2
2e-05,3601,11
2e-05,3602,10
2e-05,3603,5
2e-05,3604,5
2e-05,3605,10
2e-05,3606,9
2e-05,3607,0
2e-05,3608,10
2e-05,3609,1
2e-05,3610,11
2e-05,3611,5
2e-05,3612,13
2e-05,3613,10
2e-05,3614,6
2e-05,3615,9
2e-05,3616,6
2e-05,3617,1
2e-05,3618,6
2e-05,3619,2
2e-05,3620,13
2e-05,3621,6
2e-05,3622,0
2e-05,3623,13
2e-05,3624,3
2e-05,3625,3
2e-05,3626,10
2e-05,3627,9
2e-05,3628,5
2e-05,3629,3
2e-05,3630,1
2e-05,3631,12
2e-05,3632,10
2e-05,3633,6
2e-05,3634,14
2e-05,3635,3
2e-05,3636,5
2e-05,3637,9
2e-05,3638,13
2e-05,3639,13
2e-05,3640,3
2e-05,3641,6
2e-05,3642,1
2e-05,3643,10
2e-05,3644,6
2e-05,3645,2
2e-05,3646,6
2e-05,3647,5
2e-05,3648,10
2e-05,3649,9
2e-05,3650,11
2e-05,3651,10
2e-05,3652,6
2e-05,3653,1
2e-05,3654,10
2e-05,3655,10
2e-05,3656,3
2e-05,3657,2
2e-05,3658,10
2e-05,3659,12
2e-05,3660,9
2e-05,3661,1
2e-05,3662,10
2e-05,3663,12
2e-05,3664,12
2e-05,3665,2
2e-05,3666,9
2e-05,3667,10
2e-05,3668,10
2e-05,3669,9
2e-05,3670,10
2e-05,3671,0
2e-05,3672,10
2e-05,3673,11
2e-05,3674,2
2e-05,3675,1
2e-05,3676,10
2e-05,3677,13
2e-05,3678,0
2e-05,3679,0
2e-05,3680,6
2e-05,3681,6
2e-05,3682,11
2e-05,3683,8
2e-05,3684,9
2e-05,3685,6
2e-05,3686,1
2e-05,3687,12
2e-05,3688,5
2e-05,3689,1
2e-05,3690,6
2e-05,3691,11
2e-05,3692,11
2e-05,3693,3
2e-05,3694,11
2e-05,3695,0
2e-05,3696,5
2e-05,3697,11
2e-05,3698,9
2e-05,3699,11
2e-05,3700,12
2e-05,3701,6
2e-05,3702,0
2e-05,3703,2
2e-05,3704,9
2e-05,3705,9
2e-05,3706,5
2e-05,3707,10
2e-05,3708,10
2e-05,3709,2
2e-05,3710,11
2e-05,3711,2
2e-05,3712,1
2e-05,3713,1
2e-05,3714,13
2e-05,3715,12
2e-05,3716,10
2e-05,3717,0
2e-05,3718,5
2e-05,3719,6
2e-05,3720,5
2e-05,3721,16
2e-05,3722,13
2e-05,3723,5
2e-05,3724,5
2e-05,3725,3
2e-05,3726,11
2e-05,3727,3
2e-05,3728,6
2e-05,3729,1
2e-05,3730,12
2e-05,3731,5
2e-05,3732,0
2e-05,3733,16
2e-05,3734,6
2e-05,3735,11
2e-05,3736,0
2e-05,3737,12
2e-05,3738,0
2e-05,3739,2
2e-05,3740,3
2e-05,3741,11
2e-05,3742,13
2e-05,3743,3
2e-05,3744,3
2e-05,3745,10
2e-05,3746,3
2e-05,3747,1
2e-05,3748,9
2e-05,3749,5
2e-05,3750,6
2e-05,3751,3
2e-05,3752,11
2e-05,3753,6
2e-05,3754,11
2e-05,3755,3
2e-05,3756,12
2e-05,3757,10
2e-05,3758,9
2e-05,3759,2
2e-05,3760,13
2e-05,3761,11
2e-05,3762,12
2e-05,3763,6
2e-05,3764,0
2e-05,3765,11
2e-05,3766,2
2e-05,3767,10
2e-05,3768,0
2e-05,3769,0
2e-05,3770,6
2e-05,3771,13
2e-05,3772,1
2e-05,3773,13
2e-05,3774,9
2e-05,3775,3
2e-05,3776,6
2e-05,3777,10
2e-05,3778,6
2e-05,3779,11
2e-05,3780,12
2e-05,3781,5
2e-05,3782,0
2e-05,3783,3
2e-05,3784,3
2e-05,3785,3
2e-05,3786,3
2e-05,3787,11
2e-05,3788,3
2e-05,3789,5
2e-05,3790,6
2e-05,3791,13
2e-05,3792,12
2e-05,3793,3
2e-05,3794,1
2e-05,3795,0
2e-05,3796,10
2e-05,3797,6
2e-05,3798,9
2e-05,3799,12
2e-05,3800,9
2e-05,3801,10
2e-05,3802,11
2e-05,3803,5
2e-05,3804,9
2e-05,3805,11
2e-05,3806,9
2e-05,3807,2
2e-05,3808,5
2e-05,3809,17
2e-05,3810,13
2e-05,3811,5
2e-05,3812,5
2e-05,3813,5
2e-05,3814,0
2e-05,3815,6
2e-05,3816,10
2e-05,3817,0
2e-05,3818,13
2e-05,3819,2
2e-05,3820,9
2e-05,3821,13
2e-05,3822,13
2e-05,3823,1
2e-05,3824,13
2e-05,3825,10
2e-05,3826,5
2e-05,3827,11
2e-05,3828,16
2e-05,3829,6
2e-05,3830,5
2e-05,3831,0
2e-05,3832,12
2e-05,3833,3
2e-05,3834,2
2e-05,3835,1
2e-05,3836,11
2e-05,3837,5
2e-05,3838,9
2e-05,3839,1
2e-05,3840,6
2e-05,3841,13
2e-05,3842,11
2e-05,3843,12
2e-05,3844,3
2e-05,3845,2
2e-05,3846,5
2e-05,3847,9
2e-05,3848,7
2e-05,3849,3
2e-05,3850,2
2e-05,3851,6
2e-05,3852,13
2e-05,3853,2
2e-05,3854,8
2e-05,3855,2
2e-05,3856,0
2e-05,3857,1
2e-05,3858,10
2e-05,3859,0
2e-05,3860,3
2e-05,3861,0
2e-05,3862,8
2e-05,3863,1
2e-05,3864,13
2e-05,3865,3
2e-05,3866,0
2e-05,3867,2
2e-05,3868,8
2e-05,3869,0
2e-05,3870,11
2e-05,3871,1
2e-05,3872,10
2e-05,3873,8
2e-05,3874,12
2e-05,3875,2
2e-05,3876,12
2e-05,3877,10
2e-05,3878,0
2e-05,3879,3
2e-05,3880,9
2e-05,3881,5
2e-05,3882,3
2e-05,3883,6
2e-05,3884,9
2e-05,3885,2
2e-05,3886,12
2e-05,3887,9
2e-05,3888,3
2e-05,3889,12
2e-05,3890,3
2e-05,3891,12
2e-05,3892,1
2e-05,3893,0
2e-05,3894,13
2e-05,3895,5
2e-05,3896,13
2e-05,3897,1
2e-05,3898,0
2e-05,3899,0
2e-05,3900,1
2e-05,3901,5
2e-05,3902,13
2e-05,3903,3
2e-05,3904,5
2e-05,3905,13
2e-05,3906,10
2e-05,3907,0
2e-05,3908,12
2e-05,3909,13
2e-05,3910,10
2e-05,3911,11
2e-05,3912,13
2e-05,3913,2
2e-05,3914,5
2e-05,3915,3
2e-05,3916,5
2e-05,3917,10
2e-05,3918,3
2e-05,3919,6
2e-05,3920,3
2e-05,3921,3
2e-05,3922,1
2e-05,3923,3
2e-05,3924,11
2e-05,3925,11
2e-05,3926,1
2e-05,3927,1
2e-05,3928,11
2e-05,3929,2
2e-05,3930,0
2e-05,3931,11
2e-05,3932,5
2e-05,3933,12
2e-05,3934,12
2e-05,3935,13
2e-05,3936,5
2e-05,3937,0
2e-05,3938,5
2e-05,3939,9
2e-05,3940,1
2e-05,3941,11
2e-05,3942,6
2e-05,3943,1
2e-05,3944,1
2e-05,3945,3
2e-05,3946,1
2e-05,3947,3
2e-05,3948,0
2e-05,3949,5
2e-05,3950,2
2e-05,3951,10
2e-05,3952,11
2e-05,3953,13
2e-05,3954,13
2e-05,3955,2
2e-05,3956,9
2e-05,3957,10
2e-05,3958,5
2e-05,3959,15
2e-05,3960,11
2e-05,3961,6
2e-05,3962,9
2e-05,3963,11
2e-05,3964,1
2e-05,3965,9
2e-05,3966,11
2e-05,3967,10
2e-05,3968,12
2e-05,3969,0
2e-05,3970,12
2e-05,3971,10
2e-05,3972,13
2e-05,3973,6
2e-05,3974,6
2e-05,3975,9
2e-05,3976,5
2e-05,3977,11
2e-05,3978,5
2e-05,3979,0
2e-05,3980,13
2e-05,3981,12
2e-05,3982,6
2e-05,3983,5
2e-05,3984,1
2e-05,3985,3
2e-05,3986,3
2e-05,3987,2
2e-05,3988,9
2e-05,3989,11
2e-05,3990,11
2e-05,3991,11
2e-05,3992,10
2e-05,3993,10
2e-05,3994,12
2e-05,3995,1
2e-05,3996,0
2e-05,3997,10
2e-05,3998,6
2e-05,3999,10
2e-05,4000,2
2e-05,4001,0
2e-05,4002,11
2e-05,4003,2
2e-05,4004,3
2e-05,4005,5
2e-05,4006,6
2e-05,4007,9
2e-05,4008,1
2e-05,4009,2
2e-05,4010,13
2e-05,4011,12
2e-05,4012,2
2e-05,4013,3
2e-05,4014,2
2e-05,4015,13
2e-05,4016,10
2e-05,4017,3
2e-05,4018,3
2e-05,4019,2
2e-05,4020,10
2e-05,4021,11
2e-05,4022,9
2e-05,4023,5
2e-05,4024,13
2e-05,4025,0
2e-05,4026,1
2e-05,4027,9
2e-05,4028,2
2e-05,4029,8
2e-05,4030,3
2e-05,4031,13
2e-05,4032,0
2e-05,4033,2
2e-05,4034,1
2e-05,4035,9
2e-05,4036,12
2e-05,4037,3
2e-05,4038,12
2e-05,4039,11
2e-05,4040,12
2e-05,4041,11
2e-05,4042,3
2e-05,4043,11
2e-05,4044,3
2e-05,4045,9
2e-05,4046,2
2e-05,4047,6
2e-05,4048,2
2e-05,4049,9
2e-05,4050,1
2e-05,4051,5
2e-05,4052,11
2e-05,4053,2
2e-05,4054,2
2e-05,4055,11
2e-05,4056,9
2e-05,4057,9
2e-05,4058,2
2e-05,4059,10
2e-05,4060,5
2e-05,4061,3
2e-05,4062,2
2e-05,4063,0
2e-05,4064,3
2e-05,4065,2
2e-05,4066,16
2e-05,4067,5
2e-05,4068,1
2e-05,4069,5
2e-05,4070,2
2e-05,4071,13
2e-05,4072,9
2e-05,4073,10
2e-05,4074,11
2e-05,4075,1
2e-05,4076,2
2e-05,4077,5
2e-05,4078,0
2e-05,4079,9
2e-05,4080,13
2e-05,4081,9
2e-05,4082,13
2e-05,4083,10
2e-05,4084,0
2e-05,4085,11
2e-05,4086,0
2e-05,4087,9
2e-05,4088,5
2e-05,4089,10
2e-05,4090,11
2e-05,4091,10
2e-05,4092,0
2e-05,4093,5
2e-05,4094,5
2e-05,4095,12
2e-05,4096,0
2e-05,4097,6
2e-05,4098,9
2e-05,4099,9
2e-05,4100,3
2e-05,4101,0
2e-05,4102,10
2e-05,4103,10
2e-05,4104,6
2e-05,4105,3
2e-05,4106,2
2e-05,4107,9
2e-05,4108,5
2e-05,4109,6
2e-05,4110,13
2e-05,4111,11
2e-05,4112,0
2e-05,4113,5
2e-05,4114,9
2e-05,4115,0
2e-05,4116,3
2e-05,4117,2
2e-05,4118,13
2e-05,4119,0
2e-05,4120,10
2e-05,4121,1
2e-05,4122,2
2e-05,4123,0
2e-05,4124,12
2e-05,4125,9
2e-05,4126,5
2e-05,4127,9
2e-05,4128,6
2e-05,4129,1
2e-05,4130,9
2e-05,4131,11
2e-05,4132,5
2e-05,4133,2
2e-05,4134,13
2e-05,4135,12
2e-05,4136,11
2e-05,4137,1
2e-05,4138,0
2e-05,4139,3
2e-05,4140,5
2e-05,4141,2
2e-05,4142,10
2e-05,4143,3
2e-05,4144,1
2e-05,4145,2
2e-05,4146,9
2e-05,4147,1
2e-05,4148,0
2e-05,4149,0
2e-05,4150,0
2e-05,4151,3
2e-05,4152,5
2e-05,4153,10
2e-05,4154,5
2e-05,4155,6
2e-05,4156,11
2e-05,4157,9
2e-05,4158,2
2e-05,4159,0
2e-05,4160,5
2e-05,4161,10
2e-05,4162,0
2e-05,4163,1
2e-05,4164,13
2e-05,4165,0
2e-05,4166,10
2e-05,4167,6
2e-05,4168,5
2e-05,4169,5
2e-05,4170,1
2e-05,4171,12
2e-05,4172,0
2e-05,4173,2
2e-05,4174,9
2e-05,4175,11
2e-05,4176,3
2e-05,4177,0
2e-05,4178,12
2e-05,4179,11
2e-05,4180,11
2e-05,4181,11
2e-05,4182,5
2e-05,4183,1
2e-05,4184,10
2e-05,4185,5
2e-05,4186,0
2e-05,4187,9
2e-05,4188,6
2e-05,4189,5
2e-05,4190,2
2e-05,4191,10
2e-05,4192,10
2e-05,4193,9
2e-05,4194,13
2e-05,4195,11
2e-05,4196,6
2e-05,4197,9
2e-05,4198,9
2e-05,4199,1
2e-05,4200,2
2e-05,4201,1
2e-05,4202,10
2e-05,4203,5
2e-05,4204,2
2e-05,4205,1
2e-05,4206,9
2e-05,4207,10
2e-05,4208,13
2e-05,4209,12
2e-05,4210,0
2e-05,4211,1
2e-05,4212,9
2e-05,4213,12
2e-05,4214,9
2e-05,4215,10
2e-05,4216,10
2e-05,4217,11
2e-05,4218,10
2e-05,4219,11
2e-05,4220,6
2e-05,4221,2
2e-05,4222,0
2e-05,4223,13
2e-05,4224,0
2e-05,4225,1
2e-05,4226,0
2e-05,4227,2
2e-05,4228,1
2e-05,4229,3
2e-05,4230,10
2e-05,4231,12
2e-05,4232,10
2e-05,4233,11
2e-05,4234,9
2e-05,4235,11
2e-05,4236,9
2e-05,4237,1
2e-05,4238,11
2e-05,4239,0
2e-05,4240,2
2e-05,4241,9
2e-05,4242,13
2e-05,4243,1
2e-05,4244,9
2e-05,4245,6
2e-05,4246,3
2e-05,4247,6
2e-05,4248,6
2e-05,4249,10
2e-05,4250,2
2e-05,4251,10
2e-05,4252,3
2e-05,4253,11
2e-05,4254,6
2e-05,4255,9
2e-05,4256,0
2e-05,4257,9
2e-05,4258,2
2e-05,4259,10
2e-05,4260,1
2e-05,4261,11
2e-05,4262,2
2e-05,4263,5
2e-05,4264,6
2e-05,4265,0
2e-05,4266,3
2e-05,4267,10
2e-05,4268,0
2e-05,4269,9
2e-05,4270,10
2e-05,4271,3
2e-05,4272,5
2e-05,4273,9
2e-05,4274,3
2e-05,4275,9
2e-05,4276,3
2e-05,4277,13
2e-05,4278,10
2e-05,4279,3
2e-05,4280,10
2e-05,4281,5
2e-05,4282,6
2e-05,4283,3
2e-05,4284,0
2e-05,4285,13
2e-05,4286,3
2e-05,4287,0
2e-05,4288,10
2e-05,4289,10
2e-05,4290,1
2e-05,4291,5
2e-05,4292,2
2e-05,4293,12
2e-05,4294,12
2e-05,4295,2
2e-05,4296,0
2e-05,4297,6
2e-05,4298,3
2e-05,4299,1
2e-05,4300,11
2e-05,4301,1
2e-05,4302,2
2e-05,4303,6
2e-05,4304,9
2e-05,4305,10
2e-05,4306,3
2e-05,4307,0
2e-05,4308,16
2e-05,4309,0
2e-05,4310,10
2e-05,4311,0
2e-05,4312,13
2e-05,4313,6
2e-05,4314,12
2e-05,4315,10
2e-05,4316,12
2e-05,4317,10
2e-05,4318,11
2e-05,4319,5
2e-05,4320,12
2e-05,4321,9
2e-05,4322,11
2e-05,4323,13
2e-05,4324,1
2e-05,4325,11
2e-05,4326,0
2e-05,4327,12
2e-05,4328,6
2e-05,4329,10
2e-05,4330,1
2e-05,4331,5
2e-05,4332,5
2e-05,4333,6
2e-05,4334,1
2e-05,4335,9
2e-05,4336,9
2e-05,4337,0
2e-05,4338,11
2e-05,4339,9
2e-05,4340,16
2e-05,4341,12
2e-05,4342,1
2e-05,4343,10
2e-05,4344,8
2e-05,4345,10
2e-05,4346,1
2e-05,4347,2
2e-05,4348,12
2e-05,4349,3
2e-05,4350,16
2e-05,4351,11
2e-05,4352,0
2e-05,4353,6
2e-05,4354,11
2e-05,4355,3
2e-05,4356,2
2e-05,4357,2
2e-05,4358,11
2e-05,4359,1
2e-05,4360,5
2e-05,4361,3
2e-05,4362,10
2e-05,4363,0
2e-05,4364,6
2e-05,4365,5
2e-05,4366,13
2e-05,4367,11
2e-05,4368,10
2e-05,4369,2
2e-05,4370,6
2e-05,4371,9
2e-05,4372,9
2e-05,4373,0
2e-05,4374,9
2e-05,4375,13
2e-05,4376,9
2e-05,4377,9
2e-05,4378,5
2e-05,4379,2
2e-05,4380,0
2e-05,4381,6
2e-05,4382,6
2e-05,4383,13
2e-05,4384,6
2e-05,4385,0
2e-05,4386,16
2e-05,4387,3
2e-05,4388,10
2e-05,4389,10
2e-05,4390,0
2e-05,4391,6
2e-05,4392,13
2e-05,4393,12
2e-05,4394,11
2e-05,4395,6
2e-05,4396,3
2e-05,4397,16
2e-05,4398,9
2e-05,4399,1
2e-05,4400,12
2e-05,4401,12
2e-05,4402,6
2e-05,4403,5
2e-05,4404,5
2e-05,4405,9
2e-05,4406,3
2e-05,4407,3
2e-05,4408,6
2e-05,4409,1
2e-05,4410,2
2e-05,4411,11
2e-05,4412,12
2e-05,4413,11
2e-05,4414,1
2e-05,4415,11
2e-05,4416,3
2e-05,4417,0
2e-05,4418,3
2e-05,4419,3
2e-05,4420,2
2e-05,4421,0
2e-05,4422,6
2e-05,4423,11
2e-05,4424,11
2e-05,4425,5
2e-05,4426,3
2e-05,4427,6
2e-05,4428,8
2e-05,4429,16
2e-05,4430,8
2e-05,4431,11
2e-05,4432,6
2e-05,4433,13
2e-05,4434,5
2e-05,4435,1
2e-05,4436,12
2e-05,4437,12
2e-05,4438,0
2e-05,4439,11
2e-05,4440,6
2e-05,4441,11
2e-05,4442,10
2e-05,4443,9
2e-05,4444,5
2e-05,4445,3
2e-05,4446,12
2e-05,4447,11
2e-05,4448,10
2e-05,4449,5
2e-05,4450,13
2e-05,4451,9
2e-05,4452,9
2e-05,4453,12
2e-05,4454,0
2e-05,4455,0
2e-05,4456,6
2e-05,4457,11
2e-05,4458,11
2e-05,4459,2
2e-05,4460,3
2e-05,4461,1
2e-05,4462,2
2e-05,4463,6
2e-05,4464,0
2e-05,4465,10
2e-05,4466,10
2e-05,4467,3
2e-05,4468,10
2e-05,4469,1
2e-05,4470,2
2e-05,4471,12
2e-05,4472,12
2e-05,4473,9
2e-05,4474,9
2e-05,4475,5
2e-05,4476,6
2e-05,4477,2
2e-05,4478,10
2e-05,4479,6
2e-05,4480,2
2e-05,4481,6
2e-05,4482,1
2e-05,4483,2
2e-05,4484,10
2e-05,4485,11
2e-05,4486,1
2e-05,4487,6
2e-05,4488,2
2e-05,4489,5
2e-05,4490,6
2e-05,4491,9
2e-05,4492,6
2e-05,4493,2
2e-05,4494,10
2e-05,4495,6
2e-05,4496,12
2e-05,4497,3
2e-05,4498,1
2e-05,4499,9
2e-05,4500,13
2e-05,4501,12
2e-05,4502,1
2e-05,4503,10
2e-05,4504,3
2e-05,4505,0
2e-05,4506,3
2e-05,4507,11
2e-05,4508,13
2e-05,4509,13
2e-05,4510,6
2e-05,4511,10
2e-05,4512,3
2e-05,4513,10
2e-05,4514,1
2e-05,4515,2
2e-05,4516,11
2e-05,4517,11
2e-05,4518,5
2e-05,4519,0
2e-05,4520,12
2e-05,4521,5
2e-05,4522,6
2e-05,4523,11
2e-05,4524,0
2e-05,4525,14
2e-05,4526,6
2e-05,4527,1
2e-05,4528,9
2e-05,4529,8
2e-05,4530,12
2e-05,4531,9
2e-05,4532,0
2e-05,4533,6
2e-05,4534,2
2e-05,4535,12
2e-05,4536,13
2e-05,4537,5
2e-05,4538,3
2e-05,4539,1
2e-05,4540,6
2e-05,4541,8
2e-05,4542,10
2e-05,4543,0
2e-05,4544,3
2e-05,4545,9
2e-05,4546,11
2e-05,4547,11
2e-05,4548,11
2e-05,4549,6
2e-05,4550,5
2e-05,4551,3
2e-05,4552,1
2e-05,4553,6
2e-05,4554,11
2e-05,4555,13
2e-05,4556,5
2e-05,4557,10
2e-05,4558,11
2e-05,4559,9
2e-05,4560,10
2e-05,4561,11
2e-05,4562,6
2e-05,4563,12
2e-05,4564,2
2e-05,4565,1
2e-05,4566,6
2e-05,4567,2
2e-05,4568,6
2e-05,4569,11
2e-05,4570,12
2e-05,4571,10
2e-05,4572,2
2e-05,4573,2
2e-05,4574,12
2e-05,4575,5
2e-05,4576,8
2e-05,4577,2
2e-05,4578,1
2e-05,4579,3
2e-05,4580,12
2e-05,4581,11
2e-05,4582,3
2e-05,4583,12
2e-05,4584,2
2e-05,4585,1
2e-05,4586,6
2e-05,4587,9
2e-05,4588,2
2e-05,4589,13
2e-05,4590,10
2e-05,4591,10
2e-05,4592,10
2e-05,4593,0
2e-05,4594,11
2e-05,4595,1
2e-05,4596,1
2e-05,4597,2
2e-05,4598,2
2e-05,4599,1
2e-05,4600,13
2e-05,4601,3
2e-05,4602,11
2e-05,4603,11
2e-05,4604,3
2e-05,4605,1
2e-05,4606,6
2e-05,4607,16
2e-05,4608,2
2e-05,4609,0
2e-05,4610,9
2e-05,4611,11
2e-05,4612,2
2e-05,4613,0
2e-05,4614,10
2e-05,4615,6
2e-05,4616,3
2e-05,4617,9
2e-05,4618,5
2e-05,4619,11
2e-05,4620,10
2e-05,4621,1
2e-05,4622,6
2e-05,4623,1
2e-05,4624,10
2e-05,4625,11
2e-05,4626,12
2e-05,4627,3
2e-05,4628,6
2e-05,4629,12
2e-05,4630,1
2e-05,4631,0
2e-05,4632,11
2e-05,4633,3
2e-05,4634,11
2e-05,4635,0
2e-05,4636,2
2e-05,4637,16
2e-05,4638,3
2e-05,4639,10
2e-05,4640,1
2e-05,4641,0
2e-05,4642,13
2e-05,4643,9
2e-05,4644,10
2e-05,4645,9
2e-05,4646,9
2e-05,4647,0
2e-05,4648,0
2e-05,4649,10
2e-05,4650,11
2e-05,4651,3
2e-05,4652,10
2e-05,4653,0
2e-05,4654,9
2e-05,4655,0
2e-05,4656,2
2e-05,4657,13
2e-05,4658,10
2e-05,4659,0
2e-05,4660,6
2e-05,4661,10
2e-05,4662,16
2e-05,4663,10
2e-05,4664,11
2e-05,4665,1
2e-05,4666,12
2e-05,4667,6
2e-05,4668,1
2e-05,4669,6
2e-05,4670,6
2e-05,4671,16
2e-05,4672,10
2e-05,4673,0
2e-05,4674,3
2e-05,4675,10
2e-05,4676,3
2e-05,4677,5
2e-05,4678,11
2e-05,4679,10
2e-05,4680,9
2e-05,4681,0
2e-05,4682,0
2e-05,4683,0
2e-05,4684,10
2e-05,4685,6
2e-05,4686,10
2e-05,4687,9
2e-05,4688,2
2e-05,4689,5
2e-05,4690,6
2e-05,4691,3
2e-05,4692,6
2e-05,4693,10
2e-05,4694,3
2e-05,4695,12
2e-05,4696,11
2e-05,4697,2
2e-05,4698,5
2e-05,4699,13
2e-05,4700,0
2e-05,4701,9
2e-05,4702,5
2e-05,4703,10
2e-05,4704,3
2e-05,4705,12
2e-05,4706,6
2e-05,4707,12
2e-05,4708,1
2e-05,4709,10
2e-05,4710,6
2e-05,4711,9
2e-05,4712,11
2e-05,4713,13
2e-05,4714,10
2e-05,4715,6
2e-05,4716,3
2e-05,4717,3
2e-05,4718,6
2e-05,4719,3
2e-05,4720,3
2e-05,4721,2
2e-05,4722,11
2e-05,4723,12
2e-05,4724,3
2e-05,4725,10
2e-05,4726,11
2e-05,4727,2
2e-05,4728,6
2e-05,4729,8
2e-05,4730,3
2e-05,4731,9
2e-05,4732,12
2e-05,4733,16
2e-05,4734,13
2e-05,4735,3
2e-05,4736,0
2e-05,4737,2
2e-05,4738,6
2e-05,4739,2
2e-05,4740,10
2e-05,4741,5
2e-05,4742,9
2e-05,4743,9
2e-05,4744,11
2e-05,4745,3
2e-05,4746,9
2e-05,4747,9
2e-05,4748,10
2e-05,4749,2
2e-05,4750,12
2e-05,4751,13
2e-05,4752,13
2e-05,4753,0
2e-05,4754,12
2e-05,4755,10
2e-05,4756,0
2e-05,4757,3
2e-05,4758,13
2e-05,4759,2
2e-05,4760,9
2e-05,4761,1
2e-05,4762,1
2e-05,4763,2
2e-05,4764,11
2e-05,4765,10
2e-05,4766,3
2e-05,4767,6
2e-05,4768,1
2e-05,4769,13
2e-05,4770,13
2e-05,4771,12
2e-05,4772,9
2e-05,4773,2
2e-05,4774,3
2e-05,4775,13
2e-05,4776,13
2e-05,4777,2
2e-05,4778,15
2e-05,4779,0
2e-05,4780,1
2e-05,4781,6
2e-05,4782,1
2e-05,4783,3
2e-05,4784,9
2e-05,4785,0
2e-05,4786,3
2e-05,4787,13
2e-05,4788,3
2e-05,4789,11
2e-05,4790,5
2e-05,4791,1
2e-05,4792,3
2e-05,4793,13
2e-05,4794,3
2e-05,4795,5
2e-05,4796,6
2e-05,4797,1
2e-05,4798,13
2e-05,4799,2
2e-05,4800,13
2e-05,4801,11
2e-05,4802,9
2e-05,4803,1
2e-05,4804,6
2e-05,4805,0
2e-05,4806,3
2e-05,4807,10
2e-05,4808,2
2e-05,4809,11
2e-05,4810,11
2e-05,4811,10
2e-05,4812,0
2e-05,4813,1
2e-05,4814,3
2e-05,4815,1
2e-05,4816,6
2e-05,4817,1
2e-05,4818,1
2e-05,4819,3
2e-05,4820,12
2e-05,4821,10
2e-05,4822,5
2e-05,4823,0
2e-05,4824,1
2e-05,4825,6
2e-05,4826,10
2e-05,4827,12
2e-05,4828,9
2e-05,4829,13
2e-05,4830,0
2e-05,4831,3
2e-05,4832,2
2e-05,4833,2
2e-05,4834,5
2e-05,4835,3
2e-05,4836,0
2e-05,4837,2
2e-05,4838,6
2e-05,4839,9
2e-05,4840,1
2e-05,4841,10
2e-05,4842,6
2e-05,4843,11
2e-05,4844,1
2e-05,4845,2
2e-05,4846,6
2e-05,4847,2
2e-05,4848,3
2e-05,4849,4
2e-05,4850,1
2e-05,4851,3
2e-05,4852,2
2e-05,4853,6
2e-05,4854,5
2e-05,4855,12
2e-05,4856,2
2e-05,4857,4
2e-05,4858,1
2e-05,4859,2
2e-05,4860,10
2e-05,4861,3
2e-05,4862,13
2e-05,4863,1
2e-05,4864,1
2e-05,4865,0
2e-05,4866,1
2e-05,4867,0
2e-05,4868,1
2e-05,4869,3
2e-05,4870,2
2e-05,4871,9
2e-05,4872,0
2e-05,4873,13
2e-05,4874,0
2e-05,4875,11
2e-05,4876,3
2e-05,4877,11
2e-05,4878,0
2e-05,4879,5
2e-05,4880,13
2e-05,4881,6
2e-05,4882,6
2e-05,4883,3
2e-05,4884,6
2e-05,4885,3
2e-05,4886,2
2e-05,4887,1
2e-05,4888,9
2e-05,4889,3
2e-05,4890,1
2e-05,4891,9
2e-05,4892,5
2e-05,4893,13
2e-05,4894,2
2e-05,4895,0
2e-05,4896,1
2e-05,4897,10
2e-05,4898,2
2e-05,4899,11
2e-05,4900,3
2e-05,4901,6
2e-05,4902,3
2e-05,4903,3
2e-05,4904,12
2e-05,4905,3
2e-05,4906,11
2e-05,4907,13
2e-05,4908,9
2e-05,4909,11
2e-05,4910,5
2e-05,4911,1
2e-05,4912,5
2e-05,4913,1
2e-05,4914,4
2e-05,4915,9
2e-05,4916,9
2e-05,4917,11
2e-05,4918,10
2e-05,4919,12
2e-05,4920,2
2e-05,4921,0
2e-05,4922,3
2e-05,4923,12
2e-05,4924,10
2e-05,4925,8
2e-05,4926,12
2e-05,4927,10
2e-05,4928,2
2e-05,4929,10
2e-05,4930,9
2e-05,4931,1
2e-05,4932,0
2e-05,4933,8
2e-05,4934,3
2e-05,4935,12
2e-05,4936,3
2e-05,4937,0
2e-05,4938,1
2e-05,4939,3
2e-05,4940,3
2e-05,4941,10
2e-05,4942,9
2e-05,4943,12
2e-05,4944,0
2e-05,4945,10
2e-05,4946,9
2e-05,4947,13
2e-05,4948,9
2e-05,4949,6
2e-05,4950,1
2e-05,4951,11
2e-05,4952,3
2e-05,4953,0
2e-05,4954,0
2e-05,4955,8
2e-05,4956,5
2e-05,4957,2
2e-05,4958,2
2e-05,4959,5
2e-05,4960,5
2e-05,4961,13
2e-05,4962,3
2e-05,4963,0
2e-05,4964,5
2e-05,4965,11
2e-05,4966,9
2e-05,4967,11
2e-05,4968,0
2e-05,4969,12
2e-05,4970,13
2e-05,4971,11
2e-05,4972,6
2e-05,4973,10
2e-05,4974,1
2e-05,4975,11
2e-05,4976,11
2e-05,4977,3
2e-05,4978,10
2e-05,4979,5
2e-05,4980,11
2e-05,4981,3
2e-05,4982,0
2e-05,4983,13
2e-05,4984,1
2e-05,4985,11
2e-05,4986,6
2e-05,4987,1
2e-05,4988,3
2e-05,4989,13
2e-05,4990,2
2e-05,4991,0
2e-05,4992,3
2e-05,4993,2
2e-05,4994,13
2e-05,4995,11
2e-05,4996,5
2e-05,4997,1
2e-05,4998,12
2e-05,4999,11
2e-05,5000,13
2e-05,5001,1
2e-05,5002,12
2e-05,5003,11
2e-05,5004,10
2e-05,5005,1
2e-05,5006,0
2e-05,5007,3
2e-05,5008,12
2e-05,5009,2
2e-05,5010,1
2e-05,5011,3
2e-05,5012,0
2e-05,5013,12
2e-05,5014,1
2e-05,5015,2
2e-05,5016,11
2e-05,5017,9
2e-05,5018,3
2e-05,5019,5
2e-05,5020,0
2e-05,5021,12
2e-05,5022,2
2e-05,5023,10
2e-05,5024,13
2e-05,5025,5
2e-05,5026,10
2e-05,5027,1
2e-05,5028,2
2e-05,5029,11
2e-05,5030,9
2e-05,5031,2
2e-05,5032,13
2e-05,5033,1
2e-05,5034,2
2e-05,5035,5
2e-05,5036,12
2e-05,5037,10
2e-05,5038,12
2e-05,5039,13
2e-05,5040,0
2e-05,5041,11
2e-05,5042,2
2e-05,5043,3
2e-05,5044,0
2e-05,5045,11
2e-05,5046,13
2e-05,5047,3
2e-05,5048,5
2e-05,5049,2
2e-05,5050,0
2e-05,5051,11
2e-05,5052,3
2e-05,5053,2
2e-05,5054,5
2e-05,5055,9
2e-05,5056,9
2e-05,5057,1
2e-05,5058,0
2e-05,5059,9
2e-05,5060,12
2e-05,5061,6
2e-05,5062,9
2e-05,5063,3
2e-05,5064,13
2e-05,5065,6
2e-05,5066,2
2e-05,5067,3
2e-05,5068,0
2e-05,5069,2
2e-05,5070,0
2e-05,5071,11
2e-05,5072,1
2e-05,5073,0
2e-05,5074,3
2e-05,5075,0
2e-05,5076,2
2e-05,5077,6
2e-05,5078,0
2e-05,5079,1
2e-05,5080,6
2e-05,5081,3
2e-05,5082,10
2e-05,5083,3
2e-05,5084,3
2e-05,5085,17
2e-05,5086,11
2e-05,5087,1
2e-05,5088,6
2e-05,5089,0
2e-05,5090,2
2e-05,5091,1
2e-05,5092,9
2e-05,5093,2
2e-05,5094,0
2e-05,5095,2
2e-05,5096,10
2e-05,5097,6
2e-05,5098,3
2e-05,5099,11
2e-05,5100,9
2e-05,5101,2
2e-05,5102,12
2e-05,5103,12
2e-05,5104,9
2e-05,5105,11
2e-05,5106,1
2e-05,5107,3
2e-05,5108,6
2e-05,5109,11
2e-05,5110,10
2e-05,5111,3
2e-05,5112,8
2e-05,5113,0
2e-05,5114,2
2e-05,5115,5
2e-05,5116,9
2e-05,5117,10
2e-05,5118,6
2e-05,5119,10
2e-05,5120,9
2e-05,5121,0
2e-05,5122,0
2e-05,5123,3
2e-05,5124,11
2e-05,5125,10
2e-05,5126,10
2e-05,5127,6
2e-05,5128,2
2e-05,5129,9
2e-05,5130,3
2e-05,5131,2
2e-05,5132,13
2e-05,5133,3
2e-05,5134,2
2e-05,5135,10
2e-05,5136,0
2e-05,5137,9
2e-05,5138,9
2e-05,5139,6
2e-05,5140,5
2e-05,5141,13
2e-05,5142,6
2e-05,5143,10
2e-05,5144,5
2e-05,5145,10
2e-05,5146,13
2e-05,5147,10
2e-05,5148,5
2e-05,5149,9
2e-05,5150,13
2e-05,5151,0
2e-05,5152,11
2e-05,5153,2
2e-05,5154,3
2e-05,5155,2
2e-05,5156,6
2e-05,5157,5
2e-05,5158,9
2e-05,5159,5
2e-05,5160,11
2e-05,5161,10
2e-05,5162,2
2e-05,5163,11
2e-05,5164,0
2e-05,5165,2
2e-05,5166,10
2e-05,5167,10
2e-05,5168,11
2e-05,5169,13
2e-05,5170,13
2e-05,5171,11
2e-05,5172,0
2e-05,5173,6
2e-05,5174,1
2e-05,5175,12
2e-05,5176,13
2e-05,5177,5
2e-05,5178,1
2e-05,5179,11
2e-05,5180,12
2e-05,5181,0
2e-05,5182,0
2e-05,5183,10
2e-05,5184,9
2e-05,5185,13
2e-05,5186,10
2e-05,5187,11
2e-05,5188,9
2e-05,5189,2
2e-05,5190,15
2e-05,5191,8
2e-05,5192,5
2e-05,5193,1
2e-05,5194,1
2e-05,5195,1
2e-05,5196,6
2e-05,5197,11
2e-05,5198,3
2e-05,5199,2
2e-05,5200,2
2e-05,5201,11
2e-05,5202,6
2e-05,5203,12
2e-05,5204,1
2e-05,5205,5
2e-05,5206,9
2e-05,5207,1
2e-05,5208,6
2e-05,5209,6
2e-05,5210,5
2e-05,5211,13
2e-05,5212,13
2e-05,5213,0
2e-05,5214,11
2e-05,5215,5
2e-05,5216,12
2e-05,5217,9
2e-05,5218,6
2e-05,5219,1
2e-05,5220,16
2e-05,5221,0
2e-05,5222,6
2e-05,5223,11
2e-05,5224,10
2e-05,5225,1
2e-05,5226,3
2e-05,5227,3
2e-05,5228,10
2e-05,5229,12
2e-05,5230,9
2e-05,5231,3
2e-05,5232,3
2e-05,5233,12
2e-05,5234,3
2e-05,5235,5
2e-05,5236,10
2e-05,5237,13
2e-05,5238,3
2e-05,5239,9
2e-05,5240,11
2e-05,5241,3
2e-05,5242,12
2e-05,5243,6
2e-05,5244,9
2e-05,5245,1
2e-05,5246,2
2e-05,5247,5
2e-05,5248,12
2e-05,5249,3
2e-05,5250,2
2e-05,5251,3
2e-05,5252,0
2e-05,5253,10
2e-05,5254,6
2e-05,5255,11
2e-05,5256,10
2e-05,5257,10
2e-05,5258,10
2e-05,5259,1
2e-05,5260,0
2e-05,5261,10
2e-05,5262,6
2e-05,5263,0
2e-05,5264,2
2e-05,5265,12
2e-05,5266,0
2e-05,5267,2
2e-05,5268,6
2e-05,5269,2
2e-05,5270,13
2e-05,5271,10
2e-05,5272,3
2e-05,5273,11
2e-05,5274,5
2e-05,5275,6
2e-05,5276,0
2e-05,5277,13
2e-05,5278,10
2e-05,5279,11
2e-05,5280,0
2e-05,5281,5
2e-05,5282,13
2e-05,5283,3
2e-05,5284,10
2e-05,5285,13
2e-05,5286,12
2e-05,5287,1
2e-05,5288,9
2e-05,5289,12
2e-05,5290,10
2e-05,5291,6
2e-05,5292,10
2e-05,5293,12
2e-05,5294,3
2e-05,5295,5
2e-05,5296,10
2e-05,5297,1
2e-05,5298,12
2e-05,5299,13
2e-05,5300,3
2e-05,5301,2
2e-05,5302,11
2e-05,5303,9
2e-05,5304,0
2e-05,5305,3
2e-05,5306,0
2e-05,5307,3
2e-05,5308,10
2e-05,5309,10
2e-05,5310,1
2e-05,5311,10
2e-05,5312,10
2e-05,5313,1
2e-05,5314,11
2e-05,5315,1
2e-05,5316,6
2e-05,5317,10
2e-05,5318,1
2e-05,5319,11
2e-05,5320,2
2e-05,5321,5
2e-05,5322,3
2e-05,5323,13
2e-05,5324,9
2e-05,5325,9
2e-05,5326,3
2e-05,5327,0
2e-05,5328,0
2e-05,5329,0
2e-05,5330,2
2e-05,5331,9
2e-05,5332,9
2e-05,5333,6
2e-05,5334,1
2e-05,5335,6
2e-05,5336,0
2e-05,5337,1
2e-05,5338,0
2e-05,5339,11
2e-05,5340,5
2e-05,5341,13
2e-05,5342,11
2e-05,5343,5
2e-05,5344,11
2e-05,5345,5
2e-05,5346,2
2e-05,5347,13
2e-05,5348,10
2e-05,5349,10
2e-05,5350,3
2e-05,5351,1
2e-05,5352,10
2e-05,5353,0
2e-05,5354,9
2e-05,5355,12
2e-05,5356,3
2e-05,5357,1
2e-05,5358,13
2e-05,5359,5
2e-05,5360,9
2e-05,5361,3
2e-05,5362,8
2e-05,5363,1
2e-05,5364,3
2e-05,5365,5
2e-05,5366,10
2e-05,5367,2
2e-05,5368,0
2e-05,5369,1
2e-05,5370,9
2e-05,5371,1
2e-05,5372,12
2e-05,5373,9
2e-05,5374,10
2e-05,5375,5
2e-05,5376,0
2e-05,5377,3
2e-05,5378,12
2e-05,5379,12
2e-05,5380,0
2e-05,5381,5
2e-05,5382,1
2e-05,5383,1
2e-05,5384,11
2e-05,5385,16
2e-05,5386,13
2e-05,5387,11
2e-05,5388,12
2e-05,5389,11
2e-05,5390,12
2e-05,5391,8
2e-05,5392,5
2e-05,5393,5
2e-05,5394,3
2e-05,5395,10
2e-05,5396,3
2e-05,5397,1
2e-05,5398,0
2e-05,5399,12
2e-05,5400,1
2e-05,5401,9
2e-05,5402,5
2e-05,5403,11
2e-05,5404,0
2e-05,5405,10
2e-05,5406,1
2e-05,5407,6
2e-05,5408,12
2e-05,5409,17
2e-05,5410,13
2e-05,5411,6
2e-05,5412,9
2e-05,5413,11
2e-05,5414,11
2e-05,5415,3
2e-05,5416,10
2e-05,5417,5
2e-05,5418,10
2e-05,5419,12
2e-05,5420,6
2e-05,5421,3
2e-05,5422,1
2e-05,5423,11
2e-05,5424,5
2e-05,5425,11
2e-05,5426,2
2e-05,5427,8
2e-05,5428,10
2e-05,5429,0
2e-05,5430,5
2e-05,5431,6
2e-05,5432,6
2e-05,5433,6
2e-05,5434,5
2e-05,5435,5
2e-05,5436,1
2e-05,5437,5
2e-05,5438,3
2e-05,5439,6
2e-05,5440,16
2e-05,5441,11
2e-05,5442,11
2e-05,5443,17
2e-05,5444,9
2e-05,5445,3
2e-05,5446,12
2e-05,5447,1
2e-05,5448,1
2e-05,5449,1
2e-05,5450,6
2e-05,5451,1
2e-05,5452,0
2e-05,5453,13
2e-05,5454,1
2e-05,5455,13
2e-05,5456,10
2e-05,5457,13
2e-05,5458,2
2e-05,5459,4
2e-05,5460,1
2e-05,5461,11
2e-05,5462,5
2e-05,5463,9
2e-05,5464,5
2e-05,5465,10
2e-05,5466,11
2e-05,5467,5
2e-05,5468,12
2e-05,5469,11
2e-05,5470,3
2e-05,5471,2
2e-05,5472,10
2e-05,5473,3
2e-05,5474,3
2e-05,5475,2
2e-05,5476,2
2e-05,5477,2
2e-05,5478,12
2e-05,5479,11
2e-05,5480,9
2e-05,5481,0
2e-05,5482,3
2e-05,5483,6
2e-05,5484,9
2e-05,5485,11
2e-05,5486,3
2e-05,5487,9
2e-05,5488,11
2e-05,5489,3
2e-05,5490,11
2e-05,5491,6
2e-05,5492,1
2e-05,5493,11
2e-05,5494,9
2e-05,5495,13
2e-05,5496,0
2e-05,5497,9
2e-05,5498,2
2e-05,5499,10
2e-05,5500,3
2e-05,5501,6
2e-05,5502,6
2e-05,5503,11
2e-05,5504,5
2e-05,5505,0
2e-05,5506,6
2e-05,5507,12
2e-05,5508,6
2e-05,5509,0
2e-05,5510,16
2e-05,5511,6
2e-05,5512,1
2e-05,5513,2
2e-05,5514,9
2e-05,5515,1
2e-05,5516,5
2e-05,5517,11
2e-05,5518,10
2e-05,5519,11
2e-05,5520,10
2e-05,5521,11
2e-05,5522,6
2e-05,5523,8
2e-05,5524,1
2e-05,5525,5
2e-05,5526,12
2e-05,5527,12
2e-05,5528,6
2e-05,5529,11
2e-05,5530,2
2e-05,5531,1
2e-05,5532,10
2e-05,5533,12
2e-05,5534,14
2e-05,5535,11
2e-05,5536,2
2e-05,5537,1
2e-05,5538,11
2e-05,5539,7
2e-05,5540,12
2e-05,5541,10
2e-05,5542,1
2e-05,5543,3
2e-05,5544,11
2e-05,5545,9
2e-05,5546,9
2e-05,5547,9
2e-05,5548,11
2e-05,5549,9
2e-05,5550,0
2e-05,5551,6
2e-05,5552,5
2e-05,5553,11
2e-05,5554,1
2e-05,5555,13
2e-05,5556,5
2e-05,5557,2
2e-05,5558,13
2e-05,5559,6
2e-05,5560,0
2e-05,5561,5
2e-05,5562,11
2e-05,5563,6
2e-05,5564,11
2e-05,5565,3
2e-05,5566,2
2e-05,5567,2
2e-05,5568,9
2e-05,5569,9
2e-05,5570,13
2e-05,5571,1
2e-05,5572,13
2e-05,5573,3
2e-05,5574,6
2e-05,5575,3
2e-05,5576,6
2e-05,5577,2
2e-05,5578,0
2e-05,5579,11
2e-05,5580,11
2e-05,5581,1
2e-05,5582,3
2e-05,5583,12
2e-05,5584,9
2e-05,5585,3
2e-05,5586,1
2e-05,5587,13
2e-05,5588,5
2e-05,5589,16
2e-05,5590,0
2e-05,5591,9
2e-05,5592,6
2e-05,5593,5
2e-05,5594,1
2e-05,5595,10
2e-05,5596,13
2e-05,5597,9
2e-05,5598,2
2e-05,5599,1
2e-05,5600,3
2e-05,5601,1
2e-05,5602,2
2e-05,5603,13
2e-05,5604,1
2e-05,5605,0
2e-05,5606,1
2e-05,5607,6
2e-05,5608,4
2e-05,5609,2
2e-05,5610,9
2e-05,5611,9
2e-05,5612,3
2e-05,5613,6
2e-05,5614,2
2e-05,5615,5
2e-05,5616,6
2e-05,5617,3
2e-05,5618,3
2e-05,5619,0
2e-05,5620,13
2e-05,5621,12
2e-05,5622,9
2e-05,5623,0
2e-05,5624,5
2e-05,5625,3
2e-05,5626,8
2e-05,5627,6
2e-05,5628,1
2e-05,5629,6
2e-05,5630,12
2e-05,5631,12
2e-05,5632,1
2e-05,5633,1
2e-05,5634,11
2e-05,5635,2
2e-05,5636,12
2e-05,5637,9
2e-05,5638,13
2e-05,5639,10
2e-05,5640,5
2e-05,5641,1
2e-05,5642,1
2e-05,5643,11
2e-05,5644,13
2e-05,5645,4
2e-05,5646,12
2e-05,5647,12
2e-05,5648,13
2e-05,5649,0
2e-05,5650,11
2e-05,5651,10
2e-05,5652,2
2e-05,5653,5
2e-05,5654,3
2e-05,5655,13
2e-05,5656,9
2e-05,5657,10
2e-05,5658,11
2e-05,5659,1
2e-05,5660,11
2e-05,5661,5
2e-05,5662,3
2e-05,5663,1
2e-05,5664,3
2e-05,5665,3
2e-05,5666,13
2e-05,5667,0
2e-05,5668,2
2e-05,5669,5
2e-05,5670,6
2e-05,5671,0
2e-05,5672,3
2e-05,5673,11
2e-05,5674,12
2e-05,5675,2
2e-05,5676,10
2e-05,5677,6
2e-05,5678,3
2e-05,5679,9
2e-05,5680,9
2e-05,5681,2
2e-05,5682,3
2e-05,5683,9
2e-05,5684,11
2e-05,5685,16
2e-05,5686,12
2e-05,5687,9
2e-05,5688,9
2e-05,5689,5
2e-05,5690,0
2e-05,5691,1
2e-05,5692,6
2e-05,5693,11
2e-05,5694,3
2e-05,5695,5
2e-05,5696,3
2e-05,5697,13
2e-05,5698,11
2e-05,5699,0
2e-05,5700,10
2e-05,5701,6
2e-05,5702,8
2e-05,5703,1
2e-05,5704,13
2e-05,5705,0
2e-05,5706,3
2e-05,5707,12
2e-05,5708,5
2e-05,5709,6
2e-05,5710,10
2e-05,5711,13
2e-05,5712,10
2e-05,5713,2
2e-05,5714,11
2e-05,5715,13
2e-05,5716,6
2e-05,5717,2
2e-05,5718,13
2e-05,5719,9
2e-05,5720,16
2e-05,5721,5
2e-05,5722,8
2e-05,5723,2
2e-05,5724,0
2e-05,5725,3
2e-05,5726,10
2e-05,5727,2
2e-05,5728,2
2e-05,5729,10
2e-05,5730,5
2e-05,5731,6
2e-05,5732,11
2e-05,5733,5
2e-05,5734,3
2e-05,5735,0
2e-05,5736,5
2e-05,5737,1
2e-05,5738,9
2e-05,5739,1
2e-05,5740,11
2e-05,5741,4
2e-05,5742,3
2e-05,5743,10
2e-05,5744,13
2e-05,5745,0
2e-05,5746,1
2e-05,5747,0
2e-05,5748,6
2e-05,5749,10
2e-05,5750,6
2e-05,5751,10
2e-05,5752,1
2e-05,5753,10
2e-05,5754,6
2e-05,5755,6
2e-05,5756,12
2e-05,5757,1
2e-05,5758,3
2e-05,5759,12
2e-05,5760,9
2e-05,5761,2
2e-05,5762,0
2e-05,5763,6
2e-05,5764,10
2e-05,5765,6
2e-05,5766,2
2e-05,5767,12
2e-05,5768,12
2e-05,5769,3
2e-05,5770,11
2e-05,5771,9
2e-05,5772,6
2e-05,5773,11
2e-05,5774,5
2e-05,5775,11
2e-05,5776,6
2e-05,5777,5
2e-05,5778,1
2e-05,5779,10
2e-05,5780,9
2e-05,5781,1
2e-05,5782,6
2e-05,5783,0
2e-05,5784,10
2e-05,5785,9
2e-05,5786,3
2e-05,5787,1
2e-05,5788,12
2e-05,5789,6
2e-05,5790,6
2e-05,5791,0
2e-05,5792,12
2e-05,5793,12
2e-05,5794,12
2e-05,5795,5
2e-05,5796,9
2e-05,5797,12
2e-05,5798,2
2e-05,5799,1
2e-05,5800,13
2e-05,5801,13
2e-05,5802,12
2e-05,5803,0
2e-05,5804,6
2e-05,5805,10
2e-05,5806,11
2e-05,5807,10
2e-05,5808,9
2e-05,5809,5
2e-05,5810,6
2e-05,5811,13
2e-05,5812,9
2e-05,5813,9
2e-05,5814,13
2e-05,5815,2
2e-05,5816,0
2e-05,5817,11
2e-05,5818,3
2e-05,5819,6
2e-05,5820,6
2e-05,5821,0
2e-05,5822,9
2e-05,5823,6
2e-05,5824,2
2e-05,5825,3
2e-05,5826,6
2e-05,5827,12
2e-05,5828,0
2e-05,5829,2
2e-05,5830,5
2e-05,5831,12
2e-05,5832,0
2e-05,5833,6
2e-05,5834,10
2e-05,5835,12
2e-05,5836,13
2e-05,5837,5
2e-05,5838,13
2e-05,5839,12
2e-05,5840,9
2e-05,5841,2
2e-05,5842,5
2e-05,5843,3
2e-05,5844,0
2e-05,5845,10
2e-05,5846,9
2e-05,5847,13
2e-05,5848,9
2e-05,5849,6
2e-05,5850,12
2e-05,5851,6
2e-05,5852,5
2e-05,5853,3
2e-05,5854,5
2e-05,5855,6
2e-05,5856,12
2e-05,5857,5
2e-05,5858,12
2e-05,5859,13
2e-05,5860,10
2e-05,5861,11
2e-05,5862,0
2e-05,5863,11
2e-05,5864,10
2e-05,5865,9
2e-05,5866,0
2e-05,5867,9
2e-05,5868,1
2e-05,5869,9
2e-05,5870,0
2e-05,5871,13
2e-05,5872,6
2e-05,5873,9
2e-05,5874,2
2e-05,5875,10
2e-05,5876,12
2e-05,5877,12
2e-05,5878,3
2e-05,5879,5
2e-05,5880,9
2e-05,5881,11
2e-05,5882,3
2e-05,5883,2
2e-05,5884,10
2e-05,5885,13
2e-05,5886,2
2e-05,5887,2
2e-05,5888,10
2e-05,5889,1
2e-05,5890,1
2e-05,5891,3
2e-05,5892,3
2e-05,5893,13
2e-05,5894,0
2e-05,5895,12
2e-05,5896,5
2e-05,5897,10
2e-05,5898,3
2e-05,5899,12
2e-05,5900,5
2e-05,5901,6
2e-05,5902,3
2e-05,5903,3
2e-05,5904,10
2e-05,5905,2
2e-05,5906,12
2e-05,5907,11
2e-05,5908,12
2e-05,5909,6
2e-05,5910,11
2e-05,5911,6
2e-05,5912,1
2e-05,5913,4
2e-05,5914,11
2e-05,5915,3
2e-05,5916,5
2e-05,5917,10
2e-05,5918,11
2e-05,5919,6
2e-05,5920,16
2e-05,5921,11
2e-05,5922,3
2e-05,5923,3
2e-05,5924,10
2e-05,5925,3
2e-05,5926,11
2e-05,5927,2
2e-05,5928,9
2e-05,5929,1
2e-05,5930,0
2e-05,5931,5
2e-05,5932,9
2e-05,5933,11
2e-05,5934,1
2e-05,5935,1
2e-05,5936,13
2e-05,5937,13
2e-05,5938,0
2e-05,5939,5
2e-05,5940,17
2e-05,5941,10
2e-05,5942,9
2e-05,5943,6
2e-05,5944,6
2e-05,5945,9
2e-05,5946,13
2e-05,5947,2
2e-05,5948,3
2e-05,5949,0
2e-05,5950,6
2e-05,5951,0
2e-05,5952,2
2e-05,5953,0
2e-05,5954,12
2e-05,5955,1
2e-05,5956,10
2e-05,5957,2
2e-05,5958,2
2e-05,5959,10
2e-05,5960,12
2e-05,5961,11
2e-05,5962,3
2e-05,5963,11
2e-05,5964,12
2e-05,5965,9
2e-05,5966,12
2e-05,5967,5
2e-05,5968,11
2e-05,5969,13
2e-05,5970,12
2e-05,5971,13
2e-05,5972,5
2e-05,5973,8
2e-05,5974,9
2e-05,5975,0
2e-05,5976,0
2e-05,5977,0
2e-05,5978,2
2e-05,5979,11
2e-05,5980,11
2e-05,5981,1
2e-05,5982,9
2e-05,5983,2
2e-05,5984,13
2e-05,5985,6
2e-05,5986,11
2e-05,5987,1
2e-05,5988,11
2e-05,5989,13
2e-05,5990,2
2e-05,5991,6
2e-05,5992,1
2e-05,5993,3
2e-05,5994,0
2e-05,5995,2
2e-05,5996,5
2e-05,5997,4
2e-05,5998,2
2e-05,5999,11
2e-05,6000,5
2e-05,6001,1
2e-05,6002,6
2e-05,6003,9
2e-05,6004,5
2e-05,6005,12
2e-05,6006,6
2e-05,6007,2
2e-05,6008,11
2e-05,6009,6
2e-05,6010,9
2e-05,6011,5
2e-05,6012,11
2e-05,6013,10
2e-05,6014,12
2e-05,6015,5
2e-05,6016,0
2e-05,6017,0
2e-05,6018,12
2e-05,6019,8
2e-05,6020,6
2e-05,6021,6
2e-05,6022,1
2e-05,6023,16
2e-05,6024,3
2e-05,6025,5
2e-05,6026,6
2e-05,6027,0
2e-05,6028,11
2e-05,6029,12
2e-05,6030,0
2e-05,6031,3
2e-05,6032,2
2e-05,6033,12
2e-05,6034,16
2e-05,6035,2
2e-05,6036,11
2e-05,6037,2
2e-05,6038,1
2e-05,6039,5
2e-05,6040,9
2e-05,6041,2
2e-05,6042,2
2e-05,6043,6
2e-05,6044,13
2e-05,6045,3
2e-05,6046,1
2e-05,6047,3
2e-05,6048,3
2e-05,6049,0
2e-05,6050,5
2e-05,6051,1
2e-05,6052,3
2e-05,6053,13
2e-05,6054,0
2e-05,6055,3
2e-05,6056,3
2e-05,6057,0
2e-05,6058,11
2e-05,6059,5
2e-05,6060,13
2e-05,6061,13
2e-05,6062,5
2e-05,6063,11
2e-05,6064,13
2e-05,6065,3
2e-05,6066,11
2e-05,6067,10
2e-05,6068,2
2e-05,6069,0
2e-05,6070,3
2e-05,6071,7
2e-05,6072,2
2e-05,6073,6
2e-05,6074,3
2e-05,6075,6
2e-05,6076,12
2e-05,6077,16
2e-05,6078,5
2e-05,6079,11
2e-05,6080,3
2e-05,6081,3
2e-05,6082,11
2e-05,6083,0
2e-05,6084,6
2e-05,6085,9
2e-05,6086,5
2e-05,6087,6
2e-05,6088,10
2e-05,6089,0
2e-05,6090,3
2e-05,6091,16
2e-05,6092,6
2e-05,6093,6
2e-05,6094,9
2e-05,6095,10
2e-05,6096,11
2e-05,6097,3
2e-05,6098,13
2e-05,6099,13
2e-05,6100,9
2e-05,6101,1
2e-05,6102,11
2e-05,6103,13
2e-05,6104,3
2e-05,6105,10
2e-05,6106,5
2e-05,6107,9
2e-05,6108,5
2e-05,6109,11
2e-05,6110,12
2e-05,6111,3
2e-05,6112,12
2e-05,6113,1
2e-05,6114,2
2e-05,6115,13
2e-05,6116,2
2e-05,6117,9
2e-05,6118,1
2e-05,6119,11
2e-05,6120,6
2e-05,6121,6
2e-05,6122,2
2e-05,6123,13
2e-05,6124,3
2e-05,6125,5
2e-05,6126,1
2e-05,6127,13
2e-05,6128,6
2e-05,6129,6
2e-05,6130,14
2e-05,6131,16
2e-05,6132,12
2e-05,6133,10
2e-05,6134,12
2e-05,6135,10
2e-05,6136,1
2e-05,6137,5
2e-05,6138,9
2e-05,6139,0
2e-05,6140,6
2e-05,6141,11
2e-05,6142,9
2e-05,6143,13
2e-05,6144,6
2e-05,6145,13
2e-05,6146,0
2e-05,6147,3
2e-05,6148,9
2e-05,6149,6
2e-05,6150,5
2e-05,6151,3
2e-05,6152,3
2e-05,6153,0
2e-05,6154,9
2e-05,6155,10
2e-05,6156,10
2e-05,6157,11
2e-05,6158,0
2e-05,6159,13
2e-05,6160,16
2e-05,6161,10
2e-05,6162,3
2e-05,6163,0
2e-05,6164,2
2e-05,6165,0
2e-05,6166,9
2e-05,6167,13
2e-05,6168,12
2e-05,6169,1
2e-05,6170,1
2e-05,6171,16
2e-05,6172,5
2e-05,6173,1
2e-05,6174,9
2e-05,6175,9
2e-05,6176,3
2e-05,6177,1
2e-05,6178,9
2e-05,6179,2
2e-05,6180,3
2e-05,6181,13
2e-05,6182,2
2e-05,6183,2
2e-05,6184,1
2e-05,6185,3
2e-05,6186,1
2e-05,6187,12
2e-05,6188,12
2e-05,6189,0
2e-05,6190,9
2e-05,6191,3
2e-05,6192,10
2e-05,6193,11
2e-05,6194,13
2e-05,6195,6
2e-05,6196,1
2e-05,6197,13
2e-05,6198,13
2e-05,6199,0
2e-05,6200,13
2e-05,6201,12
2e-05,6202,9
2e-05,6203,1
2e-05,6204,6
2e-05,6205,3
2e-05,6206,3
2e-05,6207,3
2e-05,6208,8
2e-05,6209,5
2e-05,6210,16
2e-05,6211,9
2e-05,6212,9
2e-05,6213,2
2e-05,6214,0
2e-05,6215,9
2e-05,6216,12
2e-05,6217,5
2e-05,6218,3
2e-05,6219,10
2e-05,6220,6
2e-05,6221,11
2e-05,6222,1
2e-05,6223,0
2e-05,6224,6
2e-05,6225,11
2e-05,6226,6
2e-05,6227,5
2e-05,6228,11
2e-05,6229,10
2e-05,6230,6
2e-05,6231,3
2e-05,6232,11
2e-05,6233,11
2e-05,6234,9
2e-05,6235,10
2e-05,6236,5
2e-05,6237,5
2e-05,6238,11
2e-05,6239,1
2e-05,6240,6
2e-05,6241,1
2e-05,6242,11
2e-05,6243,12
2e-05,6244,9
2e-05,6245,10
2e-05,6246,0
2e-05,6247,10
2e-05,6248,10
2e-05,6249,2
2e-05,6250,6
2e-05,6251,11
2e-05,6252,9
2e-05,6253,0
2e-05,6254,11
2e-05,6255,0
2e-05,6256,9
2e-05,6257,6
2e-05,6258,2
2e-05,6259,9
2e-05,6260,13
2e-05,6261,13
2e-05,6262,2
2e-05,6263,9
2e-05,6264,13
2e-05,6265,5
2e-05,6266,13
2e-05,6267,10
2e-05,6268,1
2e-05,6269,1
2e-05,6270,5
2e-05,6271,12
2e-05,6272,5
2e-05,6273,5
2e-05,6274,13
2e-05,6275,1
2e-05,6276,13
2e-05,6277,0
2e-05,6278,2
2e-05,6279,2
2e-05,6280,1
2e-05,6281,2
2e-05,6282,3
2e-05,6283,6
2e-05,6284,2
2e-05,6285,11
2e-05,6286,13
2e-05,6287,9
2e-05,6288,5
2e-05,6289,0
2e-05,6290,14
2e-05,6291,13
2e-05,6292,1
2e-05,6293,16
2e-05,6294,3
2e-05,6295,1
2e-05,6296,5
2e-05,6297,6
2e-05,6298,1
2e-05,6299,11
2e-05,6300,12
2e-05,6301,1
2e-05,6302,7
2e-05,6303,6
2e-05,6304,10
2e-05,6305,1
2e-05,6306,5
2e-05,6307,12
2e-05,6308,0
2e-05,6309,9
2e-05,6310,5
2e-05,6311,3
2e-05,6312,2
2e-05,6313,2
2e-05,6314,6
2e-05,6315,5
2e-05,6316,12
2e-05,6317,9
2e-05,6318,13
2e-05,6319,9
2e-05,6320,3
2e-05,6321,10
2e-05,6322,10
2e-05,6323,1
2e-05,6324,3
2e-05,6325,0
2e-05,6326,11
2e-05,6327,12
2e-05,6328,12
2e-05,6329,2
2e-05,6330,1
2e-05,6331,1
2e-05,6332,17
2e-05,6333,1
2e-05,6334,0
2e-05,6335,0
2e-05,6336,6
2e-05,6337,2
2e-05,6338,5
2e-05,6339,12
2e-05,6340,3
2e-05,6341,0
2e-05,6342,10
2e-05,6343,10
2e-05,6344,0
2e-05,6345,3
2e-05,6346,5
2e-05,6347,0
2e-05,6348,9
2e-05,6349,3
2e-05,6350,17
2e-05,6351,12
2e-05,6352,1
2e-05,6353,9
2e-05,6354,11
2e-05,6355,9
2e-05,6356,5
2e-05,6357,5
2e-05,6358,5
2e-05,6359,1
2e-05,6360,10
2e-05,6361,10
2e-05,6362,11
2e-05,6363,12
2e-05,6364,2
2e-05,6365,5
2e-05,6366,6
2e-05,6367,9
2e-05,6368,11
2e-05,6369,1
2e-05,6370,5
2e-05,6371,2
2e-05,6372,11
2e-05,6373,13
2e-05,6374,11
2e-05,6375,3
2e-05,6376,6
2e-05,6377,1
2e-05,6378,10
2e-05,6379,12
2e-05,6380,0
2e-05,6381,2
2e-05,6382,1
2e-05,6383,9
2e-05,6384,2
2e-05,6385,9
2e-05,6386,6
2e-05,6387,2
2e-05,6388,2
2e-05,6389,5
2e-05,6390,1
2e-05,6391,11
2e-05,6392,6
2e-05,6393,6
2e-05,6394,11
2e-05,6395,13
2e-05,6396,13
2e-05,6397,10
2e-05,6398,2
2e-05,6399,2
2e-05,6400,0
2e-05,6401,9
2e-05,6402,10
2e-05,6403,13
2e-05,6404,10
2e-05,6405,15
2e-05,6406,2
2e-05,6407,10
2e-05,6408,2
2e-05,6409,9
2e-05,6410,5
2e-05,6411,5
2e-05,6412,12
2e-05,6413,6
2e-05,6414,0
2e-05,6415,10
2e-05,6416,2
2e-05,6417,5
2e-05,6418,2
2e-05,6419,1
2e-05,6420,2
2e-05,6421,13
2e-05,6422,17
2e-05,6423,11
2e-05,6424,3
2e-05,6425,5
2e-05,6426,1
2e-05,6427,0
2e-05,6428,11
2e-05,6429,1
2e-05,6430,1
2e-05,6431,2
2e-05,6432,6
2e-05,6433,13
2e-05,6434,6
2e-05,6435,5
2e-05,6436,1
2e-05,6437,12
2e-05,6438,1
2e-05,6439,11
2e-05,6440,6
2e-05,6441,3
2e-05,6442,0
2e-05,6443,3
2e-05,6444,6
2e-05,6445,5
2e-05,6446,11
2e-05,6447,11
2e-05,6448,0
2e-05,6449,9
2e-05,6450,10
2e-05,6451,12
2e-05,6452,16
2e-05,6453,6
2e-05,6454,9
2e-05,6455,11
2e-05,6456,11
2e-05,6457,8
2e-05,6458,2
2e-05,6459,3
2e-05,6460,1
2e-05,6461,2
2e-05,6462,9
2e-05,6463,4
2e-05,6464,10
2e-05,6465,12
2e-05,6466,9
2e-05,6467,1
2e-05,6468,1
2e-05,6469,11
2e-05,6470,6
2e-05,6471,12
2e-05,6472,11
2e-05,6473,6
2e-05,6474,11
2e-05,6475,1
2e-05,6476,6
2e-05,6477,9
2e-05,6478,6
2e-05,6479,2
2e-05,6480,6
2e-05,6481,5
2e-05,6482,10
2e-05,6483,1
2e-05,6484,9
2e-05,6485,10
2e-05,6486,2
2e-05,6487,6
2e-05,6488,6
2e-05,6489,2
2e-05,6490,0
2e-05,6491,6
2e-05,6492,11
2e-05,6493,1
2e-05,6494,9
2e-05,6495,6
2e-05,6496,12
2e-05,6497,13
2e-05,6498,12
2e-05,6499,13
2e-05,6500,13
2e-05,6501,13
2e-05,6502,5
2e-05,6503,2
2e-05,6504,16
2e-05,6505,13
2e-05,6506,10
2e-05,6507,9
2e-05,6508,0
2e-05,6509,13
2e-05,6510,2
2e-05,6511,2
2e-05,6512,10
2e-05,6513,13
2e-05,6514,1
2e-05,6515,12
2e-05,6516,16
2e-05,6517,5
2e-05,6518,2
2e-05,6519,5
2e-05,6520,11
2e-05,6521,12
2e-05,6522,12
2e-05,6523,9
2e-05,6524,6
2e-05,6525,1
2e-05,6526,13
2e-05,6527,1
2e-05,6528,16
2e-05,6529,2
2e-05,6530,9
2e-05,6531,13
2e-05,6532,0
2e-05,6533,0
2e-05,6534,9
2e-05,6535,6
2e-05,6536,3
2e-05,6537,2
2e-05,6538,10
2e-05,6539,0
2e-05,6540,10
2e-05,6541,13
2e-05,6542,10
2e-05,6543,12
2e-05,6544,1
2e-05,6545,11
2e-05,6546,10
2e-05,6547,12
2e-05,6548,1
2e-05,6549,6
2e-05,6550,5
2e-05,6551,0
2e-05,6552,12
2e-05,6553,12
2e-05,6554,6
2e-05,6555,10
2e-05,6556,12
2e-05,6557,12
2e-05,6558,12
2e-05,6559,9
2e-05,6560,5
2e-05,6561,0
2e-05,6562,1
2e-05,6563,11
2e-05,6564,12
2e-05,6565,1
2e-05,6566,2
2e-05,6567,9
2e-05,6568,11
2e-05,6569,11
2e-05,6570,12
2e-05,6571,12
2e-05,6572,2
2e-05,6573,11
2e-05,6574,0
2e-05,6575,0
2e-05,6576,0
2e-05,6577,2
2e-05,6578,13
2e-05,6579,1
2e-05,6580,3
2e-05,6581,11
2e-05,6582,1
2e-05,6583,9
2e-05,6584,6
2e-05,6585,5
2e-05,6586,11
2e-05,6587,3
2e-05,6588,11
2e-05,6589,11
2e-05,6590,6
2e-05,6591,2
2e-05,6592,10
2e-05,6593,6
2e-05,6594,16
2e-05,6595,10
2e-05,6596,11
2e-05,6597,2
2e-05,6598,11
2e-05,6599,11
2e-05,6600,3
2e-05,6601,12
2e-05,6602,0
2e-05,6603,1
2e-05,6604,10
2e-05,6605,9
2e-05,6606,6
2e-05,6607,10
2e-05,6608,2
2e-05,6609,0
2e-05,6610,2
2e-05,6611,3
2e-05,6612,8
2e-05,6613,12
2e-05,6614,6
2e-05,6615,12
2e-05,6616,11
2e-05,6617,6
2e-05,6618,12
2e-05,6619,11
2e-05,6620,1
2e-05,6621,10
2e-05,6622,13
2e-05,6623,4
2e-05,6624,0
2e-05,6625,1
2e-05,6626,10
2e-05,6627,9
2e-05,6628,5
2e-05,6629,1
2e-05,6630,13
2e-05,6631,0
2e-05,6632,10
2e-05,6633,9
2e-05,6634,2
2e-05,6635,9
2e-05,6636,1
2e-05,6637,11
2e-05,6638,6
2e-05,6639,3
2e-05,6640,3
2e-05,6641,13
2e-05,6642,2
2e-05,6643,12
2e-05,6644,13
2e-05,6645,2
2e-05,6646,9
2e-05,6647,10
2e-05,6648,0
2e-05,6649,5
2e-05,6650,11
2e-05,6651,5
2e-05,6652,1
2e-05,6653,0
2e-05,6654,13
2e-05,6655,9
2e-05,6656,0
2e-05,6657,11
2e-05,6658,5
2e-05,6659,3
2e-05,6660,11
2e-05,6661,10
2e-05,6662,3
2e-05,6663,6
2e-05,6664,13
2e-05,6665,12
2e-05,6666,9
2e-05,6667,2
2e-05,6668,3
2e-05,6669,3
2e-05,6670,3
2e-05,6671,2
2e-05,6672,11
2e-05,6673,11
2e-05,6674,1
2e-05,6675,1
2e-05,6676,13
2e-05,6677,1
2e-05,6678,16
2e-05,6679,10
2e-05,6680,10
2e-05,6681,6
2e-05,6682,2
2e-05,6683,0
2e-05,6684,10
2e-05,6685,9
2e-05,6686,1
2e-05,6687,3
2e-05,6688,2
2e-05,6689,12
2e-05,6690,2
2e-05,6691,12
2e-05,6692,9
2e-05,6693,12
2e-05,6694,2
2e-05,6695,11
2e-05,6696,5
2e-05,6697,6
2e-05,6698,11
2e-05,6699,0
2e-05,6700,13
2e-05,6701,9
2e-05,6702,10
2e-05,6703,0
2e-05,6704,0
2e-05,6705,1
2e-05,6706,5
2e-05,6707,10
2e-05,6708,13
2e-05,6709,11
2e-05,6710,9
2e-05,6711,12
2e-05,6712,11
2e-05,6713,9
2e-05,6714,12
2e-05,6715,5
2e-05,6716,0
2e-05,6717,10
2e-05,6718,1
2e-05,6719,5
2e-05,6720,0
2e-05,6721,0
2e-05,6722,11
2e-05,6723,6
2e-05,6724,1
2e-05,6725,11
2e-05,6726,10
2e-05,6727,4
2e-05,6728,6
2e-05,6729,10
2e-05,6730,11
2e-05,6731,12
2e-05,6732,5
2e-05,6733,12
2e-05,6734,10
2e-05,6735,2
2e-05,6736,5
2e-05,6737,16
2e-05,6738,13
2e-05,6739,3
2e-05,6740,12
2e-05,6741,3
2e-05,6742,6
2e-05,6743,0
2e-05,6744,13
2e-05,6745,12
2e-05,6746,1
2e-05,6747,2
2e-05,6748,6
2e-05,6749,9
2e-05,6750,9
2e-05,6751,9
2e-05,6752,9
2e-05,6753,3
2e-05,6754,11
2e-05,6755,6
2e-05,6756,11
2e-05,6757,2
2e-05,6758,13
2e-05,6759,9
2e-05,6760,11
2e-05,6761,0
2e-05,6762,2
2e-05,6763,9
2e-05,6764,5
2e-05,6765,13
2e-05,6766,13
2e-05,6767,12
2e-05,6768,9
2e-05,6769,3
2e-05,6770,11
2e-05,6771,10
2e-05,6772,2
2e-05,6773,2
2e-05,6774,0
2e-05,6775,6
2e-05,6776,6
2e-05,6777,9
2e-05,6778,5
2e-05,6779,10
2e-05,6780,1
2e-05,6781,3
2e-05,6782,5
2e-05,6783,2
2e-05,6784,13
2e-05,6785,6
2e-05,6786,11
2e-05,6787,12
2e-05,6788,11
2e-05,6789,10
2e-05,6790,12
2e-05,6791,6
2e-05,6792,2
2e-05,6793,5
2e-05,6794,13
2e-05,6795,12
2e-05,6796,3
2e-05,6797,0
2e-05,6798,12
2e-05,6799,16
2e-05,6800,2
2e-05,6801,9
2e-05,6802,2
2e-05,6803,11
2e-05,6804,10
2e-05,6805,1
2e-05,6806,11
2e-05,6807,10
2e-05,6808,16
2e-05,6809,13
2e-05,6810,0
2e-05,6811,1
2e-05,6812,12
2e-05,6813,11
2e-05,6814,3
2e-05,6815,0
2e-05,6816,9
2e-05,6817,10
2e-05,6818,1
2e-05,6819,3
2e-05,6820,13
2e-05,6821,2
2e-05,6822,5
2e-05,6823,12
2e-05,6824,6
2e-05,6825,5
2e-05,6826,1
2e-05,6827,13
2e-05,6828,0
2e-05,6829,10
2e-05,6830,1
2e-05,6831,12
2e-05,6832,9
2e-05,6833,10
2e-05,6834,9
2e-05,6835,6
2e-05,6836,0
2e-05,6837,0
2e-05,6838,2
2e-05,6839,10
2e-05,6840,6
2e-05,6841,0
2e-05,6842,6
2e-05,6843,0
2e-05,6844,3
2e-05,6845,12
2e-05,6846,12
2e-05,6847,11
2e-05,6848,10
2e-05,6849,1
2e-05,6850,12
2e-05,6851,0
2e-05,6852,6
2e-05,6853,12
2e-05,6854,5
2e-05,6855,1
2e-05,6856,9
2e-05,6857,1
2e-05,6858,13
2e-05,6859,6
2e-05,6860,3
2e-05,6861,9
2e-05,6862,10
2e-05,6863,1
2e-05,6864,1
2e-05,6865,11
2e-05,6866,13
2e-05,6867,6
2e-05,6868,2
2e-05,6869,12
2e-05,6870,5
2e-05,6871,6
2e-05,6872,9
2e-05,6873,1
2e-05,6874,10
2e-05,6875,2
2e-05,6876,9
2e-05,6877,0
2e-05,6878,0
2e-05,6879,6
2e-05,6880,2
2e-05,6881,1
2e-05,6882,3
2e-05,6883,16
2e-05,6884,2
2e-05,6885,11
2e-05,6886,13
2e-05,6887,10
2e-05,6888,1
2e-05,6889,1
2e-05,6890,1
2e-05,6891,12
2e-05,6892,3
2e-05,6893,12
2e-05,6894,9
2e-05,6895,9
2e-05,6896,9
2e-05,6897,11
2e-05,6898,11
2e-05,6899,13
2e-05,6900,2
2e-05,6901,6
2e-05,6902,2
2e-05,6903,11
2e-05,6904,11
2e-05,6905,6
2e-05,6906,13
2e-05,6907,0
2e-05,6908,0
2e-05,6909,10
2e-05,6910,0
2e-05,6911,6
2e-05,6912,0
2e-05,6913,5
2e-05,6914,12
2e-05,6915,3
2e-05,6916,3
2e-05,6917,2
2e-05,6918,6
2e-05,6919,0
2e-05,6920,5
2e-05,6921,12
2e-05,6922,3
2e-05,6923,10
2e-05,6924,6
2e-05,6925,11
2e-05,6926,11
2e-05,6927,9
2e-05,6928,6
2e-05,6929,6
2e-05,6930,6
2e-05,6931,0
2e-05,6932,0
2e-05,6933,3
2e-05,6934,9
2e-05,6935,0
2e-05,6936,12
2e-05,6937,2
2e-05,6938,11
2e-05,6939,2
2e-05,6940,9
2e-05,6941,11
2e-05,6942,11
2e-05,6943,0
2e-05,6944,5
2e-05,6945,1
2e-05,6946,1
2e-05,6947,11
2e-05,6948,11
2e-05,6949,3
2e-05,6950,12
2e-05,6951,1
2e-05,6952,11
2e-05,6953,2
2e-05,6954,3
2e-05,6955,5
2e-05,6956,13
2e-05,6957,2
2e-05,6958,13
2e-05,6959,9
2e-05,6960,10
2e-05,6961,12
2e-05,6962,1
2e-05,6963,0
2e-05,6964,3
2e-05,6965,0
2e-05,6966,10
2e-05,6967,6
2e-05,6968,13
2e-05,6969,13
2e-05,6970,12
2e-05,6971,11
2e-05,6972,11
2e-05,6973,3
2e-05,6974,0
2e-05,6975,2
2e-05,6976,1
2e-05,6977,11
2e-05,6978,9
2e-05,6979,1
2e-05,6980,6
2e-05,6981,9
2e-05,6982,9
2e-05,6983,1
2e-05,6984,3
2e-05,6985,9
2e-05,6986,13
2e-05,6987,12
2e-05,6988,12
2e-05,6989,6
2e-05,6990,12
2e-05,6991,0
2e-05,6992,12
2e-05,6993,2
2e-05,6994,12
2e-05,6995,5
2e-05,6996,5
2e-05,6997,1
2e-05,6998,1
2e-05,6999,3
2e-05,7000,11
2e-05,7001,10
2e-05,7002,6
2e-05,7003,6
2e-05,7004,6
2e-05,7005,2
2e-05,7006,11
2e-05,7007,3
2e-05,7008,10
2e-05,7009,9
2e-05,7010,1
2e-05,7011,2
2e-05,7012,9
2e-05,7013,1
2e-05,7014,1
2e-05,7015,5
2e-05,7016,1
2e-05,7017,11
2e-05,7018,10
2e-05,7019,2
2e-05,7020,5
2e-05,7021,13
2e-05,7022,2
2e-05,7023,3
2e-05,7024,2
2e-05,7025,1
2e-05,7026,0
2e-05,7027,6
2e-05,7028,9
2e-05,7029,6
2e-05,7030,11
2e-05,7031,12
2e-05,7032,3
2e-05,7033,1
2e-05,7034,0
2e-05,7035,13
2e-05,7036,9
2e-05,7037,0
2e-05,7038,10
2e-05,7039,0
2e-05,7040,11
2e-05,7041,2
2e-05,7042,1
2e-05,7043,2
2e-05,7044,2
2e-05,7045,9
2e-05,7046,10
2e-05,7047,2
2e-05,7048,9
2e-05,7049,11
2e-05,7050,11
2e-05,7051,3
2e-05,7052,1
2e-05,7053,5
2e-05,7054,5
2e-05,7055,9
2e-05,7056,13
2e-05,7057,6
2e-05,7058,2
2e-05,7059,6
2e-05,7060,5
2e-05,7061,1
2e-05,7062,12
2e-05,7063,0
2e-05,7064,13
2e-05,7065,10
2e-05,7066,5
2e-05,7067,2
2e-05,7068,3
2e-05,7069,9
2e-05,7070,11
2e-05,7071,0
2e-05,7072,3
2e-05,7073,8
2e-05,7074,11
2e-05,7075,3
2e-05,7076,9
2e-05,7077,0
2e-05,7078,5
2e-05,7079,10
2e-05,7080,0
2e-05,7081,10
2e-05,7082,9
2e-05,7083,6
2e-05,7084,6
2e-05,7085,5
2e-05,7086,13
2e-05,7087,9
2e-05,7088,2
2e-05,7089,9
2e-05,7090,0
2e-05,7091,5
2e-05,7092,10
2e-05,7093,1
2e-05,7094,0
2e-05,7095,1
2e-05,7096,12
2e-05,7097,3
2e-05,7098,3
2e-05,7099,3
2e-05,7100,9
2e-05,7101,3
2e-05,7102,9
2e-05,7103,9
2e-05,7104,9
2e-05,7105,6
2e-05,7106,12
2e-05,7107,9
2e-05,7108,2
2e-05,7109,0
2e-05,7110,13
2e-05,7111,5
2e-05,7112,10
2e-05,7113,10
2e-05,7114,6
2e-05,7115,3
2e-05,7116,12
2e-05,7117,0
2e-05,7118,9
2e-05,7119,0
2e-05,7120,0
2e-05,7121,10
2e-05,7122,0
2e-05,7123,5
2e-05,7124,1
2e-05,7125,11
2e-05,7126,9
2e-05,7127,13
2e-05,7128,12
2e-05,7129,6
2e-05,7130,10
2e-05,7131,9
2e-05,7132,13
2e-05,7133,2
2e-05,7134,5
2e-05,7135,0
2e-05,7136,2
2e-05,7137,9
2e-05,7138,10
2e-05,7139,2
2e-05,7140,0
2e-05,7141,0
2e-05,7142,0
2e-05,7143,11
2e-05,7144,2
2e-05,7145,9
2e-05,7146,11
2e-05,7147,10
2e-05,7148,0
2e-05,7149,1
2e-05,7150,0
2e-05,7151,1
2e-05,7152,1
2e-05,7153,10
2e-05,7154,11
2e-05,7155,10
2e-05,7156,0
2e-05,7157,3
2e-05,7158,0
2e-05,7159,10
2e-05,7160,0
2e-05,7161,13
2e-05,7162,2
2e-05,7163,5
2e-05,7164,0
2e-05,7165,11
2e-05,7166,1
2e-05,7167,2
2e-05,7168,0
2e-05,7169,11
2e-05,7170,10
2e-05,7171,5
2e-05,7172,13
2e-05,7173,0
2e-05,7174,12
2e-05,7175,6
2e-05,7176,11
2e-05,7177,5
2e-05,7178,2
2e-05,7179,5
2e-05,7180,16
2e-05,7181,10
2e-05,7182,3
2e-05,7183,2
2e-05,7184,14
2e-05,7185,2
2e-05,7186,3
2e-05,7187,0
2e-05,7188,1
2e-05,7189,9
2e-05,7190,5
2e-05,7191,1
2e-05,7192,9
2e-05,7193,5
2e-05,7194,12
2e-05,7195,6
2e-05,7196,12
2e-05,7197,3
2e-05,7198,9
2e-05,7199,13
2e-05,7200,1
2e-05,7201,1
2e-05,7202,3
2e-05,7203,11
2e-05,7204,3
2e-05,7205,11
2e-05,7206,13
2e-05,7207,10
2e-05,7208,6
2e-05,7209,0
2e-05,7210,6
2e-05,7211,1
2e-05,7212,9
2e-05,7213,13
2e-05,7214,0
2e-05,7215,9
2e-05,7216,6
2e-05,7217,3
2e-05,7218,1
2e-05,7219,1
2e-05,7220,4
2e-05,7221,0
2e-05,7222,12
2e-05,7223,12
2e-05,7224,4
2e-05,7225,9
2e-05,7226,10
2e-05,7227,11
2e-05,7228,12
2e-05,7229,3
2e-05,7230,2
2e-05,7231,5
2e-05,7232,3
2e-05,7233,9
2e-05,7234,0
2e-05,7235,10
2e-05,7236,10
2e-05,7237,16
2e-05,7238,1
2e-05,7239,1
2e-05,7240,2
2e-05,7241,12
2e-05,7242,5
2e-05,7243,2
2e-05,7244,5
2e-05,7245,13
2e-05,7246,9
2e-05,7247,6
2e-05,7248,2
2e-05,7249,9
2e-05,7250,1
2e-05,7251,1
2e-05,7252,2
2e-05,7253,3
2e-05,7254,11
2e-05,7255,12
2e-05,7256,10
2e-05,7257,3
2e-05,7258,0
2e-05,7259,6
2e-05,7260,6
2e-05,7261,12
2e-05,7262,12
2e-05,7263,11
2e-05,7264,13
2e-05,7265,3
2e-05,7266,6
2e-05,7267,0
2e-05,7268,1
2e-05,7269,2
2e-05,7270,0
2e-05,7271,0
2e-05,7272,4
2e-05,7273,6
2e-05,7274,13
2e-05,7275,9
2e-05,7276,9
2e-05,7277,12
2e-05,7278,0
2e-05,7279,5
2e-05,7280,10
2e-05,7281,5
2e-05,7282,6
2e-05,7283,13
2e-05,7284,12
2e-05,7285,16
2e-05,7286,6
2e-05,7287,3
2e-05,7288,6
2e-05,7289,11
2e-05,7290,2
2e-05,7291,15
2e-05,7292,10
2e-05,7293,0
2e-05,7294,2
2e-05,7295,2
2e-05,7296,0
2e-05,7297,9
2e-05,7298,1
2e-05,7299,5
2e-05,7300,5
2e-05,7301,11
2e-05,7302,10
2e-05,7303,17
2e-05,7304,1
2e-05,7305,5
2e-05,7306,9
2e-05,7307,9
2e-05,7308,9
2e-05,7309,6
2e-05,7310,11
2e-05,7311,5
2e-05,7312,5
2e-05,7313,2
2e-05,7314,0
2e-05,7315,3
2e-05,7316,2
2e-05,7317,6
2e-05,7318,0
2e-05,7319,13
2e-05,7320,11
2e-05,7321,13
2e-05,7322,10
2e-05,7323,1
2e-05,7324,5
2e-05,7325,11
2e-05,7326,13
2e-05,7327,5
2e-05,7328,11
2e-05,7329,1
2e-05,7330,2
2e-05,7331,9
2e-05,7332,2
2e-05,7333,6
2e-05,7334,2
2e-05,7335,10
2e-05,7336,1
2e-05,7337,9
2e-05,7338,5
2e-05,7339,6
2e-05,7340,9
2e-05,7341,3
2e-05,7342,5
2e-05,7343,5
2e-05,7344,3
2e-05,7345,5
2e-05,7346,5
2e-05,7347,11
2e-05,7348,11
2e-05,7349,0
2e-05,7350,13
2e-05,7351,3
2e-05,7352,3
2e-05,7353,0
2e-05,7354,0
2e-05,7355,3
2e-05,7356,13
2e-05,7357,11
2e-05,7358,1
2e-05,7359,11
2e-05,7360,6
2e-05,7361,10
2e-05,7362,3
2e-05,7363,6
2e-05,7364,16
2e-05,7365,6
2e-05,7366,6
2e-05,7367,6
2e-05,7368,11
2e-05,7369,5
2e-05,7370,12
2e-05,7371,3
2e-05,7372,10
2e-05,7373,10
2e-05,7374,10
2e-05,7375,11
2e-05,7376,11
2e-05,7377,9
2e-05,7378,3
2e-05,7379,0
2e-05,7380,1
2e-05,7381,10
2e-05,7382,3
2e-05,7383,10
2e-05,7384,5
2e-05,7385,13
2e-05,7386,10
2e-05,7387,5
2e-05,7388,2
2e-05,7389,13
2e-05,7390,1
2e-05,7391,0
2e-05,7392,12
2e-05,7393,12
2e-05,7394,0
2e-05,7395,11
2e-05,7396,3
2e-05,7397,13
2e-05,7398,0
2e-05,7399,0
2e-05,7400,12
2e-05,7401,6
2e-05,7402,9
2e-05,7403,9
2e-05,7404,11
2e-05,7405,5
2e-05,7406,2
2e-05,7407,13
2e-05,7408,6
2e-05,7409,12
2e-05,7410,5
2e-05,7411,11
2e-05,7412,6
2e-05,7413,12
2e-05,7414,5
2e-05,7415,12
2e-05,7416,3
2e-05,7417,9
2e-05,7418,0
2e-05,7419,10
2e-05,7420,3
2e-05,7421,1
2e-05,7422,3
2e-05,7423,12
2e-05,7424,9
2e-05,7425,13
2e-05,7426,2
2e-05,7427,5
2e-05,7428,1
2e-05,7429,0
2e-05,7430,6
2e-05,7431,5
2e-05,7432,5
2e-05,7433,3
2e-05,7434,13
2e-05,7435,13
2e-05,7436,11
2e-05,7437,5
2e-05,7438,13
2e-05,7439,2
2e-05,7440,0
2e-05,7441,13
2e-05,7442,2
2e-05,7443,6
2e-05,7444,3
2e-05,7445,0
2e-05,7446,5
2e-05,7447,11
2e-05,7448,0
2e-05,7449,5
2e-05,7450,0
2e-05,7451,1
2e-05,7452,1
2e-05,7453,9
2e-05,7454,0
2e-05,7455,6
2e-05,7456,6
2e-05,7457,9
2e-05,7458,3
2e-05,7459,3
2e-05,7460,5
2e-05,7461,6
2e-05,7462,1
2e-05,7463,1
2e-05,7464,2
2e-05,7465,5
2e-05,7466,6
2e-05,7467,10
2e-05,7468,9
2e-05,7469,1
2e-05,7470,1
2e-05,7471,9
2e-05,7472,11
2e-05,7473,12
2e-05,7474,13
2e-05,7475,2
2e-05,7476,9
2e-05,7477,10
2e-05,7478,5
2e-05,7479,11
2e-05,7480,6
2e-05,7481,12
2e-05,7482,3
2e-05,7483,6
2e-05,7484,12
2e-05,7485,12
2e-05,7486,2
2e-05,7487,2
2e-05,7488,3
2e-05,7489,12
2e-05,7490,6
2e-05,7491,5
2e-05,7492,2
2e-05,7493,6
2e-05,7494,13
2e-05,7495,11
2e-05,7496,10
2e-05,7497,9
2e-05,7498,12
2e-05,7499,6
2e-05,7500,10
2e-05,7501,1
2e-05,7502,2
2e-05,7503,9
2e-05,7504,10
2e-05,7505,5
2e-05,7506,6
2e-05,7507,11
2e-05,7508,2
2e-05,7509,3
2e-05,7510,13
2e-05,7511,11
2e-05,7512,6
2e-05,7513,5
2e-05,7514,0
2e-05,7515,13
2e-05,7516,1
2e-05,7517,5
2e-05,7518,2
2e-05,7519,14
2e-05,7520,0
2e-05,7521,0
2e-05,7522,1
2e-05,7523,6
2e-05,7524,13
2e-05,7525,8
2e-05,7526,3
2e-05,7527,2
2e-05,7528,0
2e-05,7529,13
2e-05,7530,11
2e-05,7531,6
2e-05,7532,11
2e-05,7533,2
2e-05,7534,2
2e-05,7535,12
2e-05,7536,10
2e-05,7537,11
2e-05,7538,0
2e-05,7539,12
2e-05,7540,0
2e-05,7541,0
2e-05,7542,11
2e-05,7543,5
2e-05,7544,13
2e-05,7545,11
2e-05,7546,9
2e-05,7547,3
2e-05,7548,6
2e-05,7549,1
2e-05,7550,12
2e-05,7551,0
2e-05,7552,11
2e-05,7553,10
2e-05,7554,2
2e-05,7555,10
2e-05,7556,12
2e-05,7557,10
2e-05,7558,11
2e-05,7559,9
2e-05,7560,3
2e-05,7561,2
2e-05,7562,2
2e-05,7563,9
2e-05,7564,5
2e-05,7565,6
2e-05,7566,13
2e-05,7567,11
2e-05,7568,10
2e-05,7569,10
2e-05,7570,10
2e-05,7571,0
2e-05,7572,12
2e-05,7573,0
2e-05,7574,6
2e-05,7575,5
2e-05,7576,3
2e-05,7577,0
2e-05,7578,12
2e-05,7579,9
2e-05,7580,5
2e-05,7581,10
2e-05,7582,14
2e-05,7583,13
2e-05,7584,3
2e-05,7585,0
2e-05,7586,2
2e-05,7587,6
2e-05,7588,11
2e-05,7589,2
2e-05,7590,11
2e-05,7591,10
2e-05,7592,10
2e-05,7593,12
2e-05,7594,11
2e-05,7595,0
2e-05,7596,2
2e-05,7597,11
2e-05,7598,12
2e-05,7599,3
2e-05,7600,11
2e-05,7601,6
2e-05,7602,1
2e-05,7603,8
2e-05,7604,5
2e-05,7605,9
2e-05,7606,3
2e-05,7607,3
2e-05,7608,10
2e-05,7609,12
2e-05,7610,0
2e-05,7611,1
2e-05,7612,6
2e-05,7613,6
2e-05,7614,5
2e-05,7615,0
2e-05,7616,1
2e-05,7617,10
2e-05,7618,12
2e-05,7619,0
2e-05,7620,6
2e-05,7621,5
2e-05,7622,1
2e-05,7623,10
2e-05,7624,11
2e-05,7625,1
2e-05,7626,3
2e-05,7627,0
2e-05,7628,5
2e-05,7629,11
2e-05,7630,6
2e-05,7631,6
2e-05,7632,12
2e-05,7633,5
2e-05,7634,11
2e-05,7635,10
2e-05,7636,9
2e-05,7637,13
2e-05,7638,0
2e-05,7639,2
2e-05,7640,6
2e-05,7641,11
2e-05,7642,6
2e-05,7643,3
2e-05,7644,12
2e-05,7645,2
2e-05,7646,13
2e-05,7647,0
2e-05,7648,9
2e-05,7649,11
2e-05,7650,12
2e-05,7651,5
2e-05,7652,5
2e-05,7653,2
2e-05,7654,2
2e-05,7655,5
2e-05,7656,5
2e-05,7657,0
2e-05,7658,11
2e-05,7659,11
2e-05,7660,8
2e-05,7661,3
2e-05,7662,4
2e-05,7663,0
2e-05,7664,13
2e-05,7665,2
2e-05,7666,11
2e-05,7667,3
2e-05,7668,11
2e-05,7669,5
2e-05,7670,10
2e-05,7671,9
2e-05,7672,1
2e-05,7673,0
2e-05,7674,0
2e-05,7675,10
2e-05,7676,3
2e-05,7677,6
2e-05,7678,11
2e-05,7679,2
2e-05,7680,0
2e-05,7681,3
2e-05,7682,10
2e-05,7683,1
2e-05,7684,0
2e-05,7685,0
2e-05,7686,5
2e-05,7687,2
2e-05,7688,0
2e-05,7689,6
2e-05,7690,1
2e-05,7691,1
2e-05,7692,11
2e-05,7693,11
2e-05,7694,5
2e-05,7695,10
2e-05,7696,17
2e-05,7697,2
2e-05,7698,13
2e-05,7699,9
2e-05,7700,12
2e-05,7701,10
2e-05,7702,0
2e-05,7703,5
2e-05,7704,5
2e-05,7705,9
2e-05,7706,10
2e-05,7707,6
2e-05,7708,12
2e-05,7709,3
2e-05,7710,13
2e-05,7711,9
2e-05,7712,6
2e-05,7713,13
2e-05,7714,0
2e-05,7715,3
2e-05,7716,2
2e-05,7717,10
2e-05,7718,1
2e-05,7719,5
2e-05,7720,0
2e-05,7721,9
2e-05,7722,12
2e-05,7723,5
2e-05,7724,3
2e-05,7725,11
2e-05,7726,1
2e-05,7727,13
2e-05,7728,1
2e-05,7729,6
2e-05,7730,2
2e-05,7731,6
2e-05,7732,11
2e-05,7733,13
2e-05,7734,13
2e-05,7735,5
2e-05,7736,10
2e-05,7737,12
2e-05,7738,10
2e-05,7739,10
2e-05,7740,5
2e-05,7741,4
2e-05,7742,6
2e-05,7743,10
2e-05,7744,5
2e-05,7745,1
2e-05,7746,13
2e-05,7747,2
2e-05,7748,0
2e-05,7749,11
2e-05,7750,6
2e-05,7751,9
2e-05,7752,6
2e-05,7753,10
2e-05,7754,9
2e-05,7755,6
2e-05,7756,1
2e-05,7757,3
2e-05,7758,5
2e-05,7759,11
2e-05,7760,11
2e-05,7761,6
2e-05,7762,10
2e-05,7763,10
2e-05,7764,10
2e-05,7765,0
2e-05,7766,10
2e-05,7767,3
2e-05,7768,11
2e-05,7769,2
2e-05,7770,13
2e-05,7771,1
2e-05,7772,5
2e-05,7773,1
2e-05,7774,5
2e-05,7775,11
2e-05,7776,12
2e-05,7777,0
2e-05,7778,11
2e-05,7779,13
2e-05,7780,13
2e-05,7781,2
2e-05,7782,11
2e-05,7783,11
2e-05,7784,11
2e-05,7785,11
2e-05,7786,0
2e-05,7787,10
2e-05,7788,12
2e-05,7789,6
2e-05,7790,0
2e-05,7791,3
2e-05,7792,0
2e-05,7793,9
2e-05,7794,11
2e-05,7795,13
2e-05,7796,13
2e-05,7797,10
2e-05,7798,12
2e-05,7799,6
2e-05,7800,12
2e-05,7801,5
2e-05,7802,10
2e-05,7803,0
2e-05,7804,5
2e-05,7805,3
2e-05,7806,3
2e-05,7807,10
2e-05,7808,6
2e-05,7809,12
2e-05,7810,10
2e-05,7811,11
2e-05,7812,10
2e-05,7813,10
2e-05,7814,5
2e-05,7815,3
2e-05,7816,10
2e-05,7817,2
2e-05,7818,9
2e-05,7819,11
2e-05,7820,2
2e-05,7821,9
2e-05,7822,0
2e-05,7823,12
2e-05,7824,9
2e-05,7825,11
2e-05,7826,1
2e-05,7827,10
2e-05,7828,5
2e-05,7829,10
2e-05,7830,13
2e-05,7831,3
2e-05,7832,10
2e-05,7833,1
2e-05,7834,13
2e-05,7835,5
2e-05,7836,9
2e-05,7837,0
2e-05,7838,5
2e-05,7839,12
2e-05,7840,2
2e-05,7841,2
2e-05,7842,3
2e-05,7843,1
2e-05,7844,13
2e-05,7845,1
2e-05,7846,10
2e-05,7847,5
2e-05,7848,1
2e-05,7849,5
2e-05,7850,0
2e-05,7851,11
2e-05,7852,11
2e-05,7853,12
2e-05,7854,12
2e-05,7855,11
2e-05,7856,10
2e-05,7857,5
2e-05,7858,8
2e-05,7859,13
2e-05,7860,11
2e-05,7861,12
2e-05,7862,11
2e-05,7863,13
2e-05,7864,3
2e-05,7865,2
2e-05,7866,12
2e-05,7867,3
2e-05,7868,10
2e-05,7869,6
2e-05,7870,0
2e-05,7871,6
2e-05,7872,11
2e-05,7873,0
2e-05,7874,13
2e-05,7875,13
2e-05,7876,16
2e-05,7877,5
2e-05,7878,3
2e-05,7879,10
2e-05,7880,5
2e-05,7881,11
2e-05,7882,10
2e-05,7883,13
2e-05,7884,11
2e-05,7885,9
2e-05,7886,9
2e-05,7887,9
2e-05,7888,1
2e-05,7889,11
2e-05,7890,5
2e-05,7891,6
2e-05,7892,9
2e-05,7893,10
2e-05,7894,2
2e-05,7895,6
2e-05,7896,6
2e-05,7897,2
2e-05,7898,12
2e-05,7899,2
2e-05,7900,0
2e-05,7901,11
2e-05,7902,5
2e-05,7903,9
2e-05,7904,0
2e-05,7905,10
2e-05,7906,6
2e-05,7907,9
2e-05,7908,5
2e-05,7909,5
2e-05,7910,2
2e-05,7911,5
2e-05,7912,11
2e-05,7913,12
2e-05,7914,12
2e-05,7915,10
2e-05,7916,3
2e-05,7917,5
2e-05,7918,12
2e-05,7919,2
2e-05,7920,11
2e-05,7921,9
2e-05,7922,6
2e-05,7923,1
2e-05,7924,3
2e-05,7925,3
2e-05,7926,2
2e-05,7927,5
2e-05,7928,3
2e-05,7929,11
2e-05,7930,11
2e-05,7931,6
2e-05,7932,0
2e-05,7933,13
2e-05,7934,3
2e-05,7935,10
2e-05,7936,6
2e-05,7937,6
2e-05,7938,5
2e-05,7939,0
2e-05,7940,5
2e-05,7941,9
2e-05,7942,5
2e-05,7943,13
2e-05,7944,9
2e-05,7945,1
2e-05,7946,11
2e-05,7947,13
2e-05,7948,5
2e-05,7949,0
2e-05,7950,6
2e-05,7951,3
2e-05,7952,5
2e-05,7953,12
2e-05,7954,11
2e-05,7955,2
2e-05,7956,0
2e-05,7957,8
2e-05,7958,9
2e-05,7959,0
2e-05,7960,6
2e-05,7961,10
2e-05,7962,3
2e-05,7963,11
2e-05,7964,0
2e-05,7965,11
2e-05,7966,9
2e-05,7967,2
2e-05,7968,1
2e-05,7969,2
2e-05,7970,11
2e-05,7971,3
2e-05,7972,11
2e-05,7973,9
2e-05,7974,1
2e-05,7975,8
2e-05,7976,3
2e-05,7977,6
2e-05,7978,13
2e-05,7979,9
2e-05,7980,5
2e-05,7981,0
2e-05,7982,5
2e-05,7983,10
2e-05,7984,2
2e-05,7985,3
2e-05,7986,11
2e-05,7987,10
2e-05,7988,9
2e-05,7989,1
2e-05,7990,1
2e-05,7991,13
2e-05,7992,11
2e-05,7993,13
2e-05,7994,2
2e-05,7995,3
2e-05,7996,0
2e-05,7997,2
2e-05,7998,11
2e-05,7999,5
2e-05,8000,3
2e-05,8001,5
2e-05,8002,5
2e-05,8003,0
2e-05,8004,5
2e-05,8005,6
2e-05,8006,11
2e-05,8007,0
2e-05,8008,1
2e-05,8009,0
2e-05,8010,0
2e-05,8011,6
2e-05,8012,1
2e-05,8013,0
2e-05,8014,9
2e-05,8015,6
2e-05,8016,1
2e-05,8017,10
2e-05,8018,10
2e-05,8019,3
2e-05,8020,10
2e-05,8021,9
2e-05,8022,5
2e-05,8023,2
2e-05,8024,5
2e-05,8025,2
2e-05,8026,2
2e-05,8027,1
2e-05,8028,3
2e-05,8029,12
2e-05,8030,12
2e-05,8031,9
2e-05,8032,11
2e-05,8033,2
2e-05,8034,0
2e-05,8035,13
2e-05,8036,9
2e-05,8037,13
2e-05,8038,11
2e-05,8039,6
2e-05,8040,10
2e-05,8041,0
2e-05,8042,0
2e-05,8043,3
2e-05,8044,4
2e-05,8045,5
2e-05,8046,6
2e-05,8047,0
2e-05,8048,13
2e-05,8049,5
2e-05,8050,2
2e-05,8051,5
2e-05,8052,6
2e-05,8053,9
2e-05,8054,3
2e-05,8055,6
2e-05,8056,9
2e-05,8057,3
2e-05,8058,16
2e-05,8059,12
2e-05,8060,12
2e-05,8061,0
2e-05,8062,5
2e-05,8063,0
2e-05,8064,3
2e-05,8065,1
2e-05,8066,13
2e-05,8067,5
2e-05,8068,13
2e-05,8069,10
2e-05,8070,2
2e-05,8071,11
2e-05,8072,12
2e-05,8073,5
2e-05,8074,11
2e-05,8075,5
2e-05,8076,8
2e-05,8077,11
2e-05,8078,13
2e-05,8079,12
2e-05,8080,1
2e-05,8081,1
2e-05,8082,9
2e-05,8083,13
2e-05,8084,10
2e-05,8085,2
2e-05,8086,6
2e-05,8087,1
2e-05,8088,11
2e-05,8089,10
2e-05,8090,11
2e-05,8091,10
2e-05,8092,3
2e-05,8093,10
2e-05,8094,0
2e-05,8095,2
2e-05,8096,13
2e-05,8097,5
2e-05,8098,9
2e-05,8099,9
2e-05,8100,0
2e-05,8101,1
2e-05,8102,11
2e-05,8103,0
2e-05,8104,0
2e-05,8105,1
2e-05,8106,13
2e-05,8107,0
2e-05,8108,10
2e-05,8109,0
2e-05,8110,12
2e-05,8111,1
2e-05,8112,13
2e-05,8113,2
2e-05,8114,12
2e-05,8115,2
2e-05,8116,13
2e-05,8117,6
2e-05,8118,10
2e-05,8119,9
2e-05,8120,6
2e-05,8121,6
2e-05,8122,2
2e-05,8123,11
2e-05,8124,9
2e-05,8125,12
2e-05,8126,11
2e-05,8127,9
2e-05,8128,10
2e-05,8129,2
2e-05,8130,6
2e-05,8131,13
2e-05,8132,12
2e-05,8133,5
2e-05,8134,3
2e-05,8135,3
2e-05,8136,5
2e-05,8137,3
2e-05,8138,2
2e-05,8139,9
2e-05,8140,6
2e-05,8141,10
2e-05,8142,0
2e-05,8143,6
2e-05,8144,2
2e-05,8145,10
2e-05,8146,3
2e-05,8147,9
2e-05,8148,5
2e-05,8149,1
2e-05,8150,1
2e-05,8151,1
2e-05,8152,5
2e-05,8153,6
2e-05,8154,12
2e-05,8155,5
2e-05,8156,2
2e-05,8157,3
2e-05,8158,0
2e-05,8159,11
2e-05,8160,13
2e-05,8161,1
2e-05,8162,9
2e-05,8163,3
2e-05,8164,0
2e-05,8165,1
2e-05,8166,11
2e-05,8167,11
2e-05,8168,2
2e-05,8169,6
2e-05,8170,2
2e-05,8171,11
2e-05,8172,1
2e-05,8173,6
2e-05,8174,12
2e-05,8175,12
2e-05,8176,2
2e-05,8177,3
2e-05,8178,13
2e-05,8179,3
2e-05,8180,5
2e-05,8181,1
2e-05,8182,1
2e-05,8183,11
2e-05,8184,1
2e-05,8185,5
2e-05,8186,13
2e-05,8187,0
2e-05,8188,9
2e-05,8189,5
2e-05,8190,2
2e-05,8191,9
2e-05,8192,10
2e-05,8193,0
2e-05,8194,11
2e-05,8195,9
2e-05,8196,13
2e-05,8197,0
2e-05,8198,6
2e-05,8199,11
2e-05,8200,0
2e-05,8201,0
2e-05,8202,11
2e-05,8203,2
2e-05,8204,12
2e-05,8205,12
2e-05,8206,2
2e-05,8207,11
2e-05,8208,0
2e-05,8209,3
2e-05,8210,0
2e-05,8211,5
2e-05,8212,0
2e-05,8213,12
2e-05,8214,0
2e-05,8215,5
2e-05,8216,2
2e-05,8217,12
2e-05,8218,5
2e-05,8219,11
2e-05,8220,6
2e-05,8221,11
2e-05,8222,2
2e-05,8223,16
2e-05,8224,1
2e-05,8225,10
2e-05,8226,1
2e-05,8227,10
2e-05,8228,5
2e-05,8229,1
2e-05,8230,10
2e-05,8231,11
2e-05,8232,3
2e-05,8233,10
2e-05,8234,12
2e-05,8235,11
2e-05,8236,11
2e-05,8237,13
2e-05,8238,0
2e-05,8239,5
2e-05,8240,6
2e-05,8241,2
2e-05,8242,11
2e-05,8243,11
2e-05,8244,9
2e-05,8245,10
2e-05,8246,5
2e-05,8247,6
2e-05,8248,0
2e-05,8249,6
2e-05,8250,13
2e-05,8251,10
2e-05,8252,12
2e-05,8253,6
2e-05,8254,3
2e-05,8255,2
2e-05,8256,5
2e-05,8257,1
2e-05,8258,1
2e-05,8259,1
2e-05,8260,11
2e-05,8261,6
2e-05,8262,6
2e-05,8263,5
2e-05,8264,5
2e-05,8265,9
2e-05,8266,0
2e-05,8267,17
2e-05,8268,5
2e-05,8269,2
2e-05,8270,10
2e-05,8271,9
2e-05,8272,13
2e-05,8273,11
2e-05,8274,1
2e-05,8275,0
2e-05,8276,10
2e-05,8277,2
2e-05,8278,3
2e-05,8279,1
2e-05,8280,10
2e-05,8281,1
2e-05,8282,9
2e-05,8283,5
2e-05,8284,5
2e-05,8285,11
2e-05,8286,10
2e-05,8287,5
2e-05,8288,5
2e-05,8289,12
2e-05,8290,0
2e-05,8291,5
2e-05,8292,0
2e-05,8293,0
2e-05,8294,3
2e-05,8295,1
2e-05,8296,3
2e-05,8297,6
2e-05,8298,10
2e-05,8299,9
2e-05,8300,0
2e-05,8301,10
2e-05,8302,10
2e-05,8303,5
2e-05,8304,0
2e-05,8305,11
2e-05,8306,3
2e-05,8307,12
2e-05,8308,17
2e-05,8309,3
2e-05,8310,9
2e-05,8311,9
2e-05,8312,1
2e-05,8313,15
2e-05,8314,5
2e-05,8315,1
2e-05,8316,6
2e-05,8317,6
2e-05,8318,11
2e-05,8319,9
2e-05,8320,2
2e-05,8321,2
2e-05,8322,6
2e-05,8323,9
2e-05,8324,11
2e-05,8325,6
2e-05,8326,5
2e-05,8327,1
2e-05,8328,10
2e-05,8329,6
2e-05,8330,9
2e-05,8331,10
2e-05,8332,5
2e-05,8333,9
2e-05,8334,1
2e-05,8335,6
2e-05,8336,11
2e-05,8337,2
2e-05,8338,12
2e-05,8339,2
2e-05,8340,10
2e-05,8341,1
2e-05,8342,6
2e-05,8343,0
2e-05,8344,9
2e-05,8345,9
2e-05,8346,10
2e-05,8347,9
2e-05,8348,10
2e-05,8349,10
2e-05,8350,6
2e-05,8351,0
2e-05,8352,0
2e-05,8353,10
2e-05,8354,12
2e-05,8355,9
2e-05,8356,9
2e-05,8357,1
2e-05,8358,5
2e-05,8359,1
2e-05,8360,3
2e-05,8361,11
2e-05,8362,11
2e-05,8363,9
2e-05,8364,12
2e-05,8365,12
2e-05,8366,5
2e-05,8367,3
2e-05,8368,3
2e-05,8369,6
2e-05,8370,3
2e-05,8371,11
2e-05,8372,2
2e-05,8373,13
2e-05,8374,9
2e-05,8375,11
2e-05,8376,5
2e-05,8377,0
2e-05,8378,11
2e-05,8379,0
2e-05,8380,11
2e-05,8381,0
2e-05,8382,6
2e-05,8383,6
2e-05,8384,0
2e-05,8385,1
2e-05,8386,9
2e-05,8387,9
2e-05,8388,0
2e-05,8389,5
2e-05,8390,11
2e-05,8391,3
2e-05,8392,5
2e-05,8393,3
2e-05,8394,11
2e-05,8395,0
2e-05,8396,13
2e-05,8397,0
2e-05,8398,12
2e-05,8399,1
2e-05,8400,0
2e-05,8401,11
2e-05,8402,12
2e-05,8403,2
2e-05,8404,5
2e-05,8405,13
2e-05,8406,16
2e-05,8407,5
2e-05,8408,13
2e-05,8409,1
2e-05,8410,6
2e-05,8411,1
2e-05,8412,2
2e-05,8413,9
2e-05,8414,9
2e-05,8415,11
2e-05,8416,1
2e-05,8417,13
2e-05,8418,0
2e-05,8419,3
2e-05,8420,11
2e-05,8421,0
2e-05,8422,6
2e-05,8423,0
2e-05,8424,5
2e-05,8425,3
2e-05,8426,0
2e-05,8427,9
2e-05,8428,11
2e-05,8429,3
2e-05,8430,2
2e-05,8431,10
2e-05,8432,12
2e-05,8433,10
2e-05,8434,13
2e-05,8435,1
2e-05,8436,0
2e-05,8437,13
2e-05,8438,5
2e-05,8439,3
2e-05,8440,5
2e-05,8441,13
2e-05,8442,13
2e-05,8443,9
2e-05,8444,13
2e-05,8445,9
2e-05,8446,1
2e-05,8447,11
2e-05,8448,0
2e-05,8449,12
2e-05,8450,8
2e-05,8451,3
2e-05,8452,2
2e-05,8453,0
2e-05,8454,8
2e-05,8455,5
2e-05,8456,11
2e-05,8457,6
2e-05,8458,3
2e-05,8459,11
2e-05,8460,10
2e-05,8461,3
2e-05,8462,9
2e-05,8463,10
2e-05,8464,6
2e-05,8465,11
2e-05,8466,8
2e-05,8467,5
2e-05,8468,12
2e-05,8469,9
2e-05,8470,2
2e-05,8471,2
2e-05,8472,11
2e-05,8473,11
2e-05,8474,3
2e-05,8475,5
2e-05,8476,0
2e-05,8477,6
2e-05,8478,2
2e-05,8479,11
2e-05,8480,5
2e-05,8481,12
2e-05,8482,13
2e-05,8483,13
2e-05,8484,11
2e-05,8485,11
2e-05,8486,6
2e-05,8487,1
2e-05,8488,1
2e-05,8489,5
2e-05,8490,5
2e-05,8491,4
2e-05,8492,10
2e-05,8493,3
2e-05,8494,5
2e-05,8495,3
2e-05,8496,10
2e-05,8497,2
2e-05,8498,2
2e-05,8499,11
2e-05,8500,3
2e-05,8501,9
2e-05,8502,5
2e-05,8503,13
2e-05,8504,15
2e-05,8505,13
2e-05,8506,0
2e-05,8507,12
2e-05,8508,12
2e-05,8509,1
2e-05,8510,12
2e-05,8511,9
2e-05,8512,12
2e-05,8513,2
2e-05,8514,3
2e-05,8515,0
2e-05,8516,13
2e-05,8517,12
2e-05,8518,6
2e-05,8519,12
2e-05,8520,3
2e-05,8521,10
2e-05,8522,13
2e-05,8523,6
2e-05,8524,10
2e-05,8525,13
2e-05,8526,6
2e-05,8527,0
2e-05,8528,5
2e-05,8529,8
2e-05,8530,11
2e-05,8531,12
2e-05,8532,0
2e-05,8533,9
2e-05,8534,11
2e-05,8535,9
2e-05,8536,6
2e-05,8537,6
2e-05,8538,0
2e-05,8539,11
2e-05,8540,2
2e-05,8541,5
2e-05,8542,11
2e-05,8543,2
2e-05,8544,0
2e-05,8545,2
2e-05,8546,5
2e-05,8547,10
2e-05,8548,5
2e-05,8549,6
2e-05,8550,9
2e-05,8551,10
2e-05,8552,13
2e-05,8553,6
2e-05,8554,1
2e-05,8555,10
2e-05,8556,6
2e-05,8557,6
2e-05,8558,9
2e-05,8559,1
2e-05,8560,0
2e-05,8561,11
2e-05,8562,0
2e-05,8563,12
2e-05,8564,5
2e-05,8565,2
2e-05,8566,1
2e-05,8567,6
2e-05,8568,6
2e-05,8569,13
2e-05,8570,11
2e-05,8571,6
2e-05,8572,5
2e-05,8573,6
2e-05,8574,0
2e-05,8575,11
2e-05,8576,10
2e-05,8577,2
2e-05,8578,5
2e-05,8579,2
2e-05,8580,1
2e-05,8581,3
2e-05,8582,13
2e-05,8583,11
2e-05,8584,6
2e-05,8585,6
2e-05,8586,5
2e-05,8587,5
2e-05,8588,5
2e-05,8589,3
2e-05,8590,13
2e-05,8591,3
2e-05,8592,8
2e-05,8593,11
2e-05,8594,1
2e-05,8595,13
2e-05,8596,13
2e-05,8597,11
2e-05,8598,1
2e-05,8599,0
2e-05,8600,9
2e-05,8601,5
2e-05,8602,5
2e-05,8603,2
2e-05,8604,3
2e-05,8605,3
2e-05,8606,1
2e-05,8607,1
2e-05,8608,13
2e-05,8609,12
2e-05,8610,5
2e-05,8611,10
2e-05,8612,9
2e-05,8613,5
2e-05,8614,0
2e-05,8615,9
2e-05,8616,6
2e-05,8617,12
2e-05,8618,2
2e-05,8619,12
2e-05,8620,12
2e-05,8621,6
2e-05,8622,10
2e-05,8623,5
2e-05,8624,9
2e-05,8625,10
2e-05,8626,11
2e-05,8627,3
2e-05,8628,3
2e-05,8629,13
2e-05,8630,11
2e-05,8631,2
2e-05,8632,6
2e-05,8633,5
2e-05,8634,1
2e-05,8635,6
2e-05,8636,1
2e-05,8637,0
2e-05,8638,11
2e-05,8639,6
2e-05,8640,11
2e-05,8641,11
2e-05,8642,3
2e-05,8643,3
2e-05,8644,5
2e-05,8645,9
2e-05,8646,16
2e-05,8647,1
2e-05,8648,3
2e-05,8649,12
2e-05,8650,0
2e-05,8651,2
2e-05,8652,3
2e-05,8653,9
2e-05,8654,13
2e-05,8655,11
2e-05,8656,6
2e-05,8657,10
2e-05,8658,0
2e-05,8659,10
2e-05,8660,1
2e-05,8661,6
2e-05,8662,11
2e-05,8663,9
2e-05,8664,6
2e-05,8665,11
2e-05,8666,8
2e-05,8667,11
2e-05,8668,12
2e-05,8669,1
2e-05,8670,13
2e-05,8671,12
2e-05,8672,9
2e-05,8673,9
2e-05,8674,11
2e-05,8675,6
2e-05,8676,11
2e-05,8677,5
2e-05,8678,13
2e-05,8679,6
2e-05,8680,8
2e-05,8681,10
2e-05,8682,2
2e-05,8683,13
2e-05,8684,9
2e-05,8685,5
2e-05,8686,3
2e-05,8687,0
2e-05,8688,10
2e-05,8689,2
2e-05,8690,11
2e-05,8691,6
2e-05,8692,10
2e-05,8693,13
2e-05,8694,6
2e-05,8695,3
2e-05,8696,10
2e-05,8697,0
2e-05,8698,6
2e-05,8699,1
2e-05,8700,11
2e-05,8701,3
2e-05,8702,13
2e-05,8703,2
2e-05,8704,1
2e-05,8705,9
2e-05,8706,6
2e-05,8707,0
2e-05,8708,10
2e-05,8709,3
2e-05,8710,11
2e-05,8711,5
2e-05,8712,2
2e-05,8713,12
2e-05,8714,2
2e-05,8715,3
2e-05,8716,10
2e-05,8717,6
2e-05,8718,3
2e-05,8719,9
2e-05,8720,2
2e-05,8721,1
2e-05,8722,13
2e-05,8723,11
2e-05,8724,9
2e-05,8725,10
2e-05,8726,9
2e-05,8727,16
2e-05,8728,6
2e-05,8729,12
2e-05,8730,1
2e-05,8731,10
2e-05,8732,1
2e-05,8733,13
2e-05,8734,11
2e-05,8735,0
2e-05,8736,0
2e-05,8737,6
2e-05,8738,10
2e-05,8739,10
2e-05,8740,0
2e-05,8741,2
2e-05,8742,2
2e-05,8743,13
2e-05,8744,11
2e-05,8745,10
2e-05,8746,10
2e-05,8747,5
2e-05,8748,11
2e-05,8749,3
2e-05,8750,9
2e-05,8751,6
2e-05,8752,2
2e-05,8753,9
2e-05,8754,2
2e-05,8755,3
2e-05,8756,3
2e-05,8757,5
2e-05,8758,8
2e-05,8759,10
2e-05,8760,0
2e-05,8761,5
2e-05,8762,6
2e-05,8763,5
2e-05,8764,2
2e-05,8765,3
2e-05,8766,10
2e-05,8767,11
2e-05,8768,12
2e-05,8769,10
2e-05,8770,6
2e-05,8771,3
2e-05,8772,3
2e-05,8773,1
2e-05,8774,9
2e-05,8775,5
2e-05,8776,1
2e-05,8777,4
2e-05,8778,9
2e-05,8779,2
2e-05,8780,2
2e-05,8781,9
2e-05,8782,9
2e-05,8783,2
2e-05,8784,9
2e-05,8785,9
2e-05,8786,5
2e-05,8787,12
2e-05,8788,9
2e-05,8789,9
2e-05,8790,0
2e-05,8791,3
2e-05,8792,3
2e-05,8793,5
2e-05,8794,3
2e-05,8795,5
2e-05,8796,9
2e-05,8797,11
2e-05,8798,1
2e-05,8799,2
2e-05,8800,13
2e-05,8801,1
2e-05,8802,11
2e-05,8803,1
2e-05,8804,0
2e-05,8805,6
2e-05,8806,13
2e-05,8807,11
2e-05,8808,9
2e-05,8809,1
2e-05,8810,1
2e-05,8811,9
2e-05,8812,14
2e-05,8813,9
2e-05,8814,3
2e-05,8815,1
2e-05,8816,6
2e-05,8817,0
2e-05,8818,2
2e-05,8819,11
2e-05,8820,2
2e-05,8821,1
2e-05,8822,13
2e-05,8823,5
2e-05,8824,12
2e-05,8825,1
2e-05,8826,10
2e-05,8827,5
2e-05,8828,6
2e-05,8829,5
2e-05,8830,2
2e-05,8831,13
2e-05,8832,1
2e-05,8833,11
2e-05,8834,11
2e-05,8835,9
2e-05,8836,11
2e-05,8837,9
2e-05,8838,2
2e-05,8839,10
2e-05,8840,9
2e-05,8841,6
2e-05,8842,12
2e-05,8843,9
2e-05,8844,3
2e-05,8845,1
2e-05,8846,2
2e-05,8847,13
2e-05,8848,3
2e-05,8849,3
2e-05,8850,11
2e-05,8851,9
2e-05,8852,11
2e-05,8853,1
2e-05,8854,11
2e-05,8855,11
2e-05,8856,10
2e-05,8857,9
2e-05,8858,10
2e-05,8859,6
2e-05,8860,1
2e-05,8861,11
2e-05,8862,2
2e-05,8863,6
2e-05,8864,12
2e-05,8865,13
2e-05,8866,6
2e-05,8867,10
2e-05,8868,6
2e-05,8869,6
2e-05,8870,5
2e-05,8871,9
2e-05,8872,9
2e-05,8873,3
2e-05,8874,12
2e-05,8875,12
2e-05,8876,6
2e-05,8877,3
2e-05,8878,9
2e-05,8879,2
2e-05,8880,0
2e-05,8881,1
2e-05,8882,5
2e-05,8883,12
2e-05,8884,0
2e-05,8885,11
2e-05,8886,6
2e-05,8887,6
2e-05,8888,3
2e-05,8889,12
2e-05,8890,12
2e-05,8891,11
2e-05,8892,9
2e-05,8893,9
2e-05,8894,9
2e-05,8895,10
2e-05,8896,13
2e-05,8897,11
2e-05,8898,11
2e-05,8899,1
2e-05,8900,0
2e-05,8901,11
2e-05,8902,8
2e-05,8903,11
2e-05,8904,11
2e-05,8905,1
2e-05,8906,12
2e-05,8907,0
2e-05,8908,2
2e-05,8909,2
2e-05,8910,9
2e-05,8911,6
2e-05,8912,10
2e-05,8913,6
2e-05,8914,5
2e-05,8915,3
2e-05,8916,2
2e-05,8917,9
2e-05,8918,10
2e-05,8919,0
2e-05,8920,10
2e-05,8921,13
2e-05,8922,12
2e-05,8923,3
2e-05,8924,0
2e-05,8925,2
2e-05,8926,2
2e-05,8927,6
2e-05,8928,2
2e-05,8929,1
2e-05,8930,11
2e-05,8931,5
2e-05,8932,9
2e-05,8933,10
2e-05,8934,3
2e-05,8935,5
2e-05,8936,9
2e-05,8937,11
2e-05,8938,9
2e-05,8939,3
2e-05,8940,13
2e-05,8941,13
2e-05,8942,10
2e-05,8943,10
2e-05,8944,0
2e-05,8945,11
2e-05,8946,4
2e-05,8947,5
2e-05,8948,0
2e-05,8949,2
2e-05,8950,5
2e-05,8951,12
2e-05,8952,9
2e-05,8953,2
2e-05,8954,13
2e-05,8955,2
2e-05,8956,11
2e-05,8957,9
2e-05,8958,12
2e-05,8959,12
2e-05,8960,1
2e-05,8961,2
2e-05,8962,11
2e-05,8963,12
2e-05,8964,11
2e-05,8965,6
2e-05,8966,2
2e-05,8967,12
2e-05,8968,6
2e-05,8969,9
2e-05,8970,13
2e-05,8971,6
2e-05,8972,5
2e-05,8973,2
2e-05,8974,1
2e-05,8975,5
2e-05,8976,0
2e-05,8977,2
2e-05,8978,2
2e-05,8979,5
2e-05,8980,10
2e-05,8981,11
2e-05,8982,10
2e-05,8983,2
2e-05,8984,1
2e-05,8985,9
2e-05,8986,12
2e-05,8987,12
2e-05,8988,5
2e-05,8989,12
2e-05,8990,0
2e-05,8991,6
2e-05,8992,10
2e-05,8993,5
2e-05,8994,6
2e-05,8995,3
2e-05,8996,6
2e-05,8997,6
2e-05,8998,10
2e-05,8999,9
2e-05,9000,0
2e-05,9001,6
2e-05,9002,10
2e-05,9003,0
2e-05,9004,11
2e-05,9005,3
2e-05,9006,0
2e-05,9007,13
2e-05,9008,10
2e-05,9009,6
2e-05,9010,1
2e-05,9011,2
2e-05,9012,1
2e-05,9013,13
2e-05,9014,0
2e-05,9015,5
2e-05,9016,9
2e-05,9017,0
2e-05,9018,9
2e-05,9019,3
2e-05,9020,3
2e-05,9021,5
2e-05,9022,5
2e-05,9023,5
2e-05,9024,5
2e-05,9025,13
2e-05,9026,2
2e-05,9027,12
2e-05,9028,13
2e-05,9029,3
2e-05,9030,3
2e-05,9031,10
2e-05,9032,9
2e-05,9033,2
2e-05,9034,6
2e-05,9035,5
2e-05,9036,1
2e-05,9037,2
2e-05,9038,5
2e-05,9039,12
2e-05,9040,5
2e-05,9041,12
2e-05,9042,11
2e-05,9043,2
2e-05,9044,13
2e-05,9045,9
2e-05,9046,10
2e-05,9047,9
2e-05,9048,13
2e-05,9049,1
2e-05,9050,13
2e-05,9051,13
2e-05,9052,6
2e-05,9053,9
2e-05,9054,2
2e-05,9055,9
2e-05,9056,11
2e-05,9057,6
2e-05,9058,0
2e-05,9059,10
2e-05,9060,1
2e-05,9061,1
2e-05,9062,3
2e-05,9063,5
2e-05,9064,10
2e-05,9065,1
2e-05,9066,14
2e-05,9067,3
2e-05,9068,6
2e-05,9069,2
2e-05,9070,3
2e-05,9071,1
2e-05,9072,10
2e-05,9073,2
2e-05,9074,12
2e-05,9075,11
2e-05,9076,10
2e-05,9077,13
2e-05,9078,12
2e-05,9079,11
2e-05,9080,2
2e-05,9081,11
2e-05,9082,5
2e-05,9083,11
2e-05,9084,6
2e-05,9085,10
2e-05,9086,6
2e-05,9087,5
2e-05,9088,2
2e-05,9089,1
2e-05,9090,1
2e-05,9091,12
2e-05,9092,10
2e-05,9093,2
2e-05,9094,8
2e-05,9095,6
2e-05,9096,9
2e-05,9097,2
2e-05,9098,12
2e-05,9099,0
2e-05,9100,13
2e-05,9101,2
2e-05,9102,6
2e-05,9103,12
2e-05,9104,12
2e-05,9105,9
2e-05,9106,10
2e-05,9107,0
2e-05,9108,0
2e-05,9109,12
2e-05,9110,9
2e-05,9111,2
2e-05,9112,6
2e-05,9113,10
2e-05,9114,11
2e-05,9115,5
2e-05,9116,9
2e-05,9117,13
2e-05,9118,9
2e-05,9119,1
2e-05,9120,10
2e-05,9121,0
2e-05,9122,1
2e-05,9123,16
2e-05,9124,10
2e-05,9125,9
2e-05,9126,3
2e-05,9127,2
2e-05,9128,5
2e-05,9129,3
2e-05,9130,9
2e-05,9131,9
2e-05,9132,11
2e-05,9133,5
2e-05,9134,11
2e-05,9135,9
2e-05,9136,11
2e-05,9137,3
2e-05,9138,12
2e-05,9139,2
2e-05,9140,12
2e-05,9141,11
2e-05,9142,9
2e-05,9143,5
2e-05,9144,6
2e-05,9145,5
2e-05,9146,0
2e-05,9147,3
2e-05,9148,2
2e-05,9149,6
2e-05,9150,6
2e-05,9151,1
2e-05,9152,2
2e-05,9153,9
2e-05,9154,11
2e-05,9155,11
2e-05,9156,9
2e-05,9157,0
2e-05,9158,6
2e-05,9159,11
2e-05,9160,10
2e-05,9161,6
2e-05,9162,6
2e-05,9163,5
2e-05,9164,10
2e-05,9165,2
2e-05,9166,2
2e-05,9167,12
2e-05,9168,9
2e-05,9169,9
2e-05,9170,5
2e-05,9171,6
2e-05,9172,12
2e-05,9173,12
2e-05,9174,3
2e-05,9175,11
2e-05,9176,1
2e-05,9177,5
2e-05,9178,1
2e-05,9179,12
2e-05,9180,10
2e-05,9181,9
2e-05,9182,13
2e-05,9183,0
2e-05,9184,2
2e-05,9185,16
2e-05,9186,3
2e-05,9187,6
2e-05,9188,3
2e-05,9189,12
2e-05,9190,10
2e-05,9191,12
2e-05,9192,0
2e-05,9193,6
2e-05,9194,1
2e-05,9195,2
2e-05,9196,12
2e-05,9197,9
2e-05,9198,2
2e-05,9199,12
2e-05,9200,12
2e-05,9201,2
2e-05,9202,10
2e-05,9203,9
2e-05,9204,6
2e-05,9205,11
2e-05,9206,0
2e-05,9207,6
2e-05,9208,1
2e-05,9209,13
2e-05,9210,16
2e-05,9211,5
2e-05,9212,0
2e-05,9213,0
2e-05,9214,6
2e-05,9215,10
2e-05,9216,13
2e-05,9217,1
2e-05,9218,3
2e-05,9219,6
2e-05,9220,6
2e-05,9221,10
2e-05,9222,5
2e-05,9223,0
2e-05,9224,3
2e-05,9225,1
2e-05,9226,13
2e-05,9227,9
2e-05,9228,16
2e-05,9229,12
2e-05,9230,3
2e-05,9231,2
2e-05,9232,11
2e-05,9233,3
2e-05,9234,11
2e-05,9235,6
2e-05,9236,5
2e-05,9237,6
2e-05,9238,12
2e-05,9239,2
2e-05,9240,2
2e-05,9241,12
2e-05,9242,0
2e-05,9243,2
2e-05,9244,2
2e-05,9245,10
2e-05,9246,1
2e-05,9247,12
2e-05,9248,6
2e-05,9249,9
2e-05,9250,14
2e-05,9251,10
2e-05,9252,5
2e-05,9253,1
2e-05,9254,6
2e-05,9255,1
2e-05,9256,0
2e-05,9257,1
2e-05,9258,11
2e-05,9259,2
2e-05,9260,13
2e-05,9261,1
2e-05,9262,10
2e-05,9263,10
2e-05,9264,3
2e-05,9265,1
2e-05,9266,8
2e-05,9267,0
2e-05,9268,6
2e-05,9269,5
2e-05,9270,12
2e-05,9271,1
2e-05,9272,6
2e-05,9273,3
2e-05,9274,1
2e-05,9275,11
2e-05,9276,10
2e-05,9277,13
2e-05,9278,10
2e-05,9279,1
2e-05,9280,0
2e-05,9281,13
2e-05,9282,1
2e-05,9283,6
2e-05,9284,12
2e-05,9285,3
2e-05,9286,3
2e-05,9287,3
2e-05,9288,10
2e-05,9289,11
2e-05,9290,9
2e-05,9291,11
2e-05,9292,1
2e-05,9293,11
2e-05,9294,13
2e-05,9295,11
2e-05,9296,10
2e-05,9297,0
2e-05,9298,5
2e-05,9299,5
2e-05,9300,13
2e-05,9301,1
2e-05,9302,10
2e-05,9303,10
2e-05,9304,5
2e-05,9305,5
2e-05,9306,5
2e-05,9307,4
2e-05,9308,9
2e-05,9309,2
2e-05,9310,10
2e-05,9311,9
2e-05,9312,13
2e-05,9313,0
2e-05,9314,12
2e-05,9315,0
2e-05,9316,9
2e-05,9317,9
2e-05,9318,9
2e-05,9319,10
2e-05,9320,11
2e-05,9321,6
2e-05,9322,0
2e-05,9323,13
2e-05,9324,1
2e-05,9325,16
2e-05,9326,12
2e-05,9327,3
2e-05,9328,0
2e-05,9329,17
2e-05,9330,11
2e-05,9331,9
2e-05,9332,6
2e-05,9333,0
2e-05,9334,5
2e-05,9335,9
2e-05,9336,6
2e-05,9337,9
2e-05,9338,13
2e-05,9339,2
2e-05,9340,11
2e-05,9341,5
2e-05,9342,6
2e-05,9343,1
2e-05,9344,13
2e-05,9345,11
2e-05,9346,11
2e-05,9347,2
2e-05,9348,2
2e-05,9349,13
2e-05,9350,3
2e-05,9351,9
2e-05,9352,5
2e-05,9353,3
2e-05,9354,1
2e-05,9355,11
2e-05,9356,1
2e-05,9357,11
2e-05,9358,13
2e-05,9359,12
2e-05,9360,12
2e-05,9361,5
2e-05,9362,9
2e-05,9363,5
2e-05,9364,0
2e-05,9365,11
2e-05,9366,6
2e-05,9367,2
2e-05,9368,6
2e-05,9369,5
2e-05,9370,5
2e-05,9371,13
2e-05,9372,0
2e-05,9373,9
2e-05,9374,0
2e-05,9375,10
2e-05,9376,10
2e-05,9377,0
2e-05,9378,1
2e-05,9379,0
2e-05,9380,1
2e-05,9381,5
2e-05,9382,2
2e-05,9383,10
2e-05,9384,11
2e-05,9385,5
2e-05,9386,3
2e-05,9387,6
2e-05,9388,11
2e-05,9389,11
2e-05,9390,0
2e-05,9391,3
2e-05,9392,12
2e-05,9393,6
2e-05,9394,1
2e-05,9395,11
2e-05,9396,11
2e-05,9397,6
2e-05,9398,13
2e-05,9399,9
2e-05,9400,10
2e-05,9401,12
2e-05,9402,0
2e-05,9403,1
2e-05,9404,1
2e-05,9405,11
2e-05,9406,6
2e-05,9407,1
2e-05,9408,9
2e-05,9409,9
2e-05,9410,0
2e-05,9411,3
2e-05,9412,5
2e-05,9413,1
2e-05,9414,10
2e-05,9415,1
2e-05,9416,1
2e-05,9417,0
2e-05,9418,0
2e-05,9419,1
2e-05,9420,5
2e-05,9421,11
2e-05,9422,13
2e-05,9423,1
2e-05,9424,14
2e-05,9425,2
2e-05,9426,16
2e-05,9427,11
2e-05,9428,2
2e-05,9429,5
2e-05,9430,0
2e-05,9431,6
2e-05,9432,1
2e-05,9433,9
2e-05,9434,11
2e-05,9435,11
2e-05,9436,6
2e-05,9437,5
2e-05,9438,5
2e-05,9439,0
2e-05,9440,11
2e-05,9441,2
2e-05,9442,3
2e-05,9443,0
2e-05,9444,6
2e-05,9445,2
2e-05,9446,1
2e-05,9447,5
2e-05,9448,1
2e-05,9449,3
2e-05,9450,16
2e-05,9451,9
2e-05,9452,10
2e-05,9453,0
2e-05,9454,0
2e-05,9455,6
2e-05,9456,5
2e-05,9457,6
2e-05,9458,12
2e-05,9459,10
2e-05,9460,10
2e-05,9461,9
2e-05,9462,6
2e-05,9463,10
2e-05,9464,9
2e-05,9465,10
2e-05,9466,13
2e-05,9467,2
2e-05,9468,2
2e-05,9469,5
2e-05,9470,1
2e-05,9471,12
2e-05,9472,11
2e-05,9473,3
2e-05,9474,2
2e-05,9475,13
2e-05,9476,10
2e-05,9477,12
2e-05,9478,6
2e-05,9479,6
2e-05,9480,13
2e-05,9481,5
2e-05,9482,3
2e-05,9483,2
2e-05,9484,0
2e-05,9485,5
2e-05,9486,13
2e-05,9487,11
2e-05,9488,10
2e-05,9489,11
2e-05,9490,6
2e-05,9491,2
2e-05,9492,8
2e-05,9493,10
2e-05,9494,11
2e-05,9495,0
2e-05,9496,0
2e-05,9497,2
2e-05,9498,3
2e-05,9499,2
2e-05,9500,7
2e-05,9501,1
2e-05,9502,13
2e-05,9503,11
2e-05,9504,11
2e-05,9505,3
2e-05,9506,0
2e-05,9507,10
2e-05,9508,2
2e-05,9509,13
2e-05,9510,13
2e-05,9511,6
2e-05,9512,5
2e-05,9513,6
2e-05,9514,13
2e-05,9515,2
2e-05,9516,2
2e-05,9517,1
2e-05,9518,2
2e-05,9519,5
2e-05,9520,13
2e-05,9521,9
2e-05,9522,11
2e-05,9523,12
2e-05,9524,11
2e-05,9525,2
2e-05,9526,2
2e-05,9527,2
2e-05,9528,10
2e-05,9529,1
2e-05,9530,13
2e-05,9531,3
2e-05,9532,0
2e-05,9533,0
2e-05,9534,6
2e-05,9535,2
2e-05,9536,10
2e-05,9537,0
2e-05,9538,13
2e-05,9539,2
2e-05,9540,2
2e-05,9541,3
2e-05,9542,1
2e-05,9543,11
2e-05,9544,2
2e-05,9545,2
2e-05,9546,5
2e-05,9547,12
2e-05,9548,1
2e-05,9549,11
2e-05,9550,9
2e-05,9551,10
2e-05,9552,5
2e-05,9553,0
2e-05,9554,2
2e-05,9555,10
2e-05,9556,0
2e-05,9557,1
2e-05,9558,12
2e-05,9559,10
2e-05,9560,3
2e-05,9561,10
2e-05,9562,6
2e-05,9563,9
2e-05,9564,2
2e-05,9565,10
2e-05,9566,13
2e-05,9567,1
2e-05,9568,5
2e-05,9569,11
2e-05,9570,5
2e-05,9571,13
2e-05,9572,5
2e-05,9573,5
2e-05,9574,9
2e-05,9575,2
2e-05,9576,0
2e-05,9577,3
2e-05,9578,12
2e-05,9579,1
2e-05,9580,13
2e-05,9581,13
2e-05,9582,9
2e-05,9583,10
2e-05,9584,1
2e-05,9585,1
2e-05,9586,13
2e-05,9587,11
2e-05,9588,13
2e-05,9589,1
2e-05,9590,1
2e-05,9591,11
2e-05,9592,3
2e-05,9593,12
2e-05,9594,9
2e-05,9595,10
2e-05,9596,11
2e-05,9597,5
2e-05,9598,0
2e-05,9599,9
2e-05,9600,10
2e-05,9601,1
2e-05,9602,5
2e-05,9603,13
2e-05,9604,11
2e-05,9605,11
2e-05,9606,0
2e-05,9607,1
2e-05,9608,13
2e-05,9609,12
2e-05,9610,1
2e-05,9611,1
2e-05,9612,5
2e-05,9613,2
2e-05,9614,11
2e-05,9615,11
2e-05,9616,10
2e-05,9617,2
2e-05,9618,11
2e-05,9619,6
2e-05,9620,10
2e-05,9621,3
2e-05,9622,5
2e-05,9623,12
2e-05,9624,0
2e-05,9625,10
2e-05,9626,1
2e-05,9627,10
2e-05,9628,12
2e-05,9629,1
2e-05,9630,1
2e-05,9631,9
2e-05,9632,13
2e-05,9633,2
2e-05,9634,2
2e-05,9635,12
2e-05,9636,1
2e-05,9637,10
2e-05,9638,9
2e-05,9639,11
2e-05,9640,12
2e-05,9641,12
2e-05,9642,3
2e-05,9643,11
2e-05,9644,3
2e-05,9645,10
2e-05,9646,1
2e-05,9647,11
2e-05,9648,0
2e-05,9649,6
2e-05,9650,11
2e-05,9651,0
2e-05,9652,10
2e-05,9653,1
2e-05,9654,5
2e-05,9655,10
2e-05,9656,16
2e-05,9657,10
2e-05,9658,3
2e-05,9659,12
2e-05,9660,3
2e-05,9661,1
2e-05,9662,10
2e-05,9663,13
2e-05,9664,5
2e-05,9665,10
2e-05,9666,5
2e-05,9667,13
2e-05,9668,5
2e-05,9669,5
2e-05,9670,0
2e-05,9671,3
2e-05,9672,1
2e-05,9673,6
2e-05,9674,6
2e-05,9675,12
2e-05,9676,0
2e-05,9677,10
2e-05,9678,11
2e-05,9679,0
2e-05,9680,10
2e-05,9681,3
2e-05,9682,0
2e-05,9683,10
2e-05,9684,5
2e-05,9685,13
2e-05,9686,9
2e-05,9687,2
2e-05,9688,8
2e-05,9689,2
2e-05,9690,1
2e-05,9691,11
2e-05,9692,9
2e-05,9693,10
2e-05,9694,11
2e-05,9695,9
2e-05,9696,6
2e-05,9697,10
2e-05,9698,9
2e-05,9699,3
2e-05,9700,2
2e-05,9701,0
2e-05,9702,5
2e-05,9703,12
2e-05,9704,1
2e-05,9705,11
2e-05,9706,11
2e-05,9707,3
2e-05,9708,12
2e-05,9709,10
2e-05,9710,5
2e-05,9711,5
2e-05,9712,3
2e-05,9713,10
2e-05,9714,12
2e-05,9715,13
2e-05,9716,13
2e-05,9717,0
2e-05,9718,9
2e-05,9719,16
2e-05,9720,12
2e-05,9721,13
2e-05,9722,1
2e-05,9723,11
2e-05,9724,13
2e-05,9725,6
2e-05,9726,12
2e-05,9727,3
2e-05,9728,0
2e-05,9729,9
2e-05,9730,9
2e-05,9731,5
2e-05,9732,6
2e-05,9733,6
2e-05,9734,9
2e-05,9735,0
2e-05,9736,1
2e-05,9737,9
2e-05,9738,12
2e-05,9739,13
2e-05,9740,6
2e-05,9741,3
2e-05,9742,11
2e-05,9743,13
2e-05,9744,11
2e-05,9745,14
2e-05,9746,1
2e-05,9747,13
2e-05,9748,1
2e-05,9749,0
2e-05,9750,9
2e-05,9751,1
2e-05,9752,12
2e-05,9753,0
2e-05,9754,17
2e-05,9755,10
2e-05,9756,5
2e-05,9757,11
2e-05,9758,6
2e-05,9759,9
2e-05,9760,1
2e-05,9761,3
2e-05,9762,12
2e-05,9763,9
2e-05,9764,6
2e-05,9765,6
2e-05,9766,2
2e-05,9767,10
2e-05,9768,11
2e-05,9769,0
2e-05,9770,3
2e-05,9771,2
2e-05,9772,5
2e-05,9773,6
2e-05,9774,3
2e-05,9775,0
2e-05,9776,3
2e-05,9777,2
2e-05,9778,3
2e-05,9779,11
2e-05,9780,3
2e-05,9781,10
2e-05,9782,11
2e-05,9783,2
2e-05,9784,3
2e-05,9785,1
2e-05,9786,5
2e-05,9787,11
2e-05,9788,6
2e-05,9789,9
2e-05,9790,6
2e-05,9791,2
2e-05,9792,13
2e-05,9793,3
2e-05,9794,3
2e-05,9795,0
2e-05,9796,11
2e-05,9797,2
2e-05,9798,11
2e-05,9799,10
2e-05,9800,1
2e-05,9801,3
2e-05,9802,10
2e-05,9803,9
2e-05,9804,13
2e-05,9805,1
2e-05,9806,17
2e-05,9807,11
2e-05,9808,3
2e-05,9809,0
2e-05,9810,0
2e-05,9811,17
2e-05,9812,10
2e-05,9813,0
2e-05,9814,2
2e-05,9815,0
2e-05,9816,3
2e-05,9817,2
2e-05,9818,13
2e-05,9819,0
2e-05,9820,5
2e-05,9821,12
2e-05,9822,5
2e-05,9823,3
2e-05,9824,10
2e-05,9825,3
2e-05,9826,9
2e-05,9827,9
2e-05,9828,12
2e-05,9829,3
2e-05,9830,13
2e-05,9831,16
2e-05,9832,2
2e-05,9833,9
2e-05,9834,6
2e-05,9835,11
2e-05,9836,5
2e-05,9837,6
2e-05,9838,3
2e-05,9839,5
2e-05,9840,5
2e-05,9841,9
2e-05,9842,12
2e-05,9843,9
2e-05,9844,11
2e-05,9845,11
2e-05,9846,3
2e-05,9847,1
2e-05,9848,3
2e-05,9849,10
2e-05,9850,1
2e-05,9851,9
2e-05,9852,6
2e-05,9853,12
2e-05,9854,3
2e-05,9855,11
2e-05,9856,1
2e-05,9857,12
2e-05,9858,5
2e-05,9859,0
2e-05,9860,1
2e-05,9861,11
2e-05,9862,9
2e-05,9863,10
2e-05,9864,11
2e-05,9865,10
2e-05,9866,10
2e-05,9867,0
2e-05,9868,12
2e-05,9869,3
2e-05,9870,13
2e-05,9871,2
2e-05,9872,3
2e-05,9873,3
2e-05,9874,5
2e-05,9875,13
2e-05,9876,0
2e-05,9877,13
2e-05,9878,13
2e-05,9879,3
2e-05,9880,11
2e-05,9881,0
2e-05,9882,5
2e-05,9883,11
2e-05,9884,11
2e-05,9885,6
2e-05,9886,16
2e-05,9887,3
2e-05,9888,3
2e-05,9889,11
2e-05,9890,10
2e-05,9891,6
2e-05,9892,12
2e-05,9893,3
2e-05,9894,3
2e-05,9895,3
2e-05,9896,5
2e-05,9897,12
2e-05,9898,6
2e-05,9899,12
2e-05,9900,1
2e-05,9901,0
2e-05,9902,3
2e-05,9903,2
2e-05,9904,3
2e-05,9905,5
2e-05,9906,11
2e-05,9907,0
2e-05,9908,10
2e-05,9909,6
2e-05,9910,2
2e-05,9911,6
2e-05,9912,6
2e-05,9913,11
2e-05,9914,2
2e-05,9915,2
2e-05,9916,5
2e-05,9917,6
2e-05,9918,0
2e-05,9919,0
2e-05,9920,11
2e-05,9921,3
2e-05,9922,11
2e-05,9923,0
2e-05,9924,5
2e-05,9925,13
2e-05,9926,0
2e-05,9927,12
2e-05,9928,3
2e-05,9929,1
2e-05,9930,6
2e-05,9931,9
2e-05,9932,11
2e-05,9933,0
2e-05,9934,12
2e-05,9935,3
2e-05,9936,11
2e-05,9937,9
2e-05,9938,2
2e-05,9939,10
2e-05,9940,3
2e-05,9941,1
2e-05,9942,10
2e-05,9943,0
2e-05,9944,5
2e-05,9945,1
2e-05,9946,10
2e-05,9947,13
2e-05,9948,1
2e-05,9949,10
2e-05,9950,2
2e-05,9951,13
2e-05,9952,6
2e-05,9953,6
2e-05,9954,10
2e-05,9955,5
2e-05,9956,0
2e-05,9957,5
2e-05,9958,13
2e-05,9959,12
2e-05,9960,3
2e-05,9961,5
2e-05,9962,6
2e-05,9963,3
2e-05,9964,12
2e-05,9965,5
2e-05,9966,2
2e-05,9967,0
2e-05,9968,9
2e-05,9969,1
2e-05,9970,12
2e-05,9971,10
2e-05,9972,11
2e-05,9973,1
2e-05,9974,11
2e-05,9975,13
2e-05,9976,0
2e-05,9977,12
2e-05,9978,11
2e-05,9979,3
2e-05,9980,0
2e-05,9981,0
2e-05,9982,6
2e-05,9983,11
2e-05,9984,11
2e-05,9985,5
2e-05,9986,6
2e-05,9987,3
2e-05,9988,11
2e-05,9989,2
2e-05,9990,5
2e-05,9991,2
2e-05,9992,1
2e-05,9993,9
2e-05,9994,13
2e-05,9995,2
2e-05,9996,6
2e-05,9997,6
2e-05,9998,6
2e-05,9999,14
2e-05,10000,10
2e-05,10001,5
2e-05,10002,9
2e-05,10003,13
2e-05,10004,12
2e-05,10005,9
2e-05,10006,3
2e-05,10007,10
2e-05,10008,10
2e-05,10009,10
2e-05,10010,11
2e-05,10011,2
2e-05,10012,2
2e-05,10013,6
2e-05,10014,12
2e-05,10015,1
2e-05,10016,3
2e-05,10017,11
2e-05,10018,2
2e-05,10019,13
2e-05,10020,1
2e-05,10021,2
2e-05,10022,2
2e-05,10023,0
2e-05,10024,1
2e-05,10025,6
2e-05,10026,5
2e-05,10027,13
2e-05,10028,3
2e-05,10029,3
2e-05,10030,10
2e-05,10031,5
2e-05,10032,2
2e-05,10033,5
2e-05,10034,3
2e-05,10035,12
2e-05,10036,0
2e-05,10037,10
2e-05,10038,13
2e-05,10039,0
2e-05,10040,0
2e-05,10041,1
2e-05,10042,10
2e-05,10043,0
2e-05,10044,10
2e-05,10045,12
2e-05,10046,13
2e-05,10047,11
2e-05,10048,6
2e-05,10049,5
2e-05,10050,11
2e-05,10051,3
2e-05,10052,11
2e-05,10053,5
2e-05,10054,5
2e-05,10055,13
2e-05,10056,9
2e-05,10057,3
2e-05,10058,3
2e-05,10059,1
2e-05,10060,5
2e-05,10061,11
2e-05,10062,10
2e-05,10063,9
2e-05,10064,6
2e-05,10065,11
2e-05,10066,2
2e-05,10067,11
2e-05,10068,13
2e-05,10069,10
2e-05,10070,11
2e-05,10071,10
2e-05,10072,11
2e-05,10073,11
2e-05,10074,3
2e-05,10075,5
2e-05,10076,11
2e-05,10077,6
2e-05,10078,0
2e-05,10079,11
2e-05,10080,2
2e-05,10081,3
2e-05,10082,10
2e-05,10083,3
2e-05,10084,11
2e-05,10085,0
2e-05,10086,11
2e-05,10087,11
2e-05,10088,13
2e-05,10089,2
2e-05,10090,12
2e-05,10091,3
2e-05,10092,4
2e-05,10093,5
2e-05,10094,5
2e-05,10095,4
2e-05,10096,12
2e-05,10097,5
2e-05,10098,11
2e-05,10099,9
2e-05,10100,6
2e-05,10101,10
2e-05,10102,9
2e-05,10103,9
2e-05,10104,9
2e-05,10105,5
2e-05,10106,12
2e-05,10107,5
2e-05,10108,1
2e-05,10109,10
2e-05,10110,2
2e-05,10111,11
2e-05,10112,1
2e-05,10113,10
2e-05,10114,5
2e-05,10115,3
2e-05,10116,6
2e-05,10117,11
2e-05,10118,11
2e-05,10119,2
2e-05,10120,13
2e-05,10121,1
2e-05,10122,9
2e-05,10123,10
2e-05,10124,10
2e-05,10125,1
2e-05,10126,0
2e-05,10127,0
2e-05,10128,3
2e-05,10129,3
2e-05,10130,2
2e-05,10131,13
2e-05,10132,0
2e-05,10133,2
2e-05,10134,12
2e-05,10135,11
2e-05,10136,11
2e-05,10137,2
2e-05,10138,0
2e-05,10139,3
2e-05,10140,9
2e-05,10141,2
2e-05,10142,5
2e-05,10143,9
2e-05,10144,9
2e-05,10145,16
2e-05,10146,13
2e-05,10147,11
2e-05,10148,9
2e-05,10149,5
2e-05,10150,5
2e-05,10151,3
2e-05,10152,3
2e-05,10153,11
2e-05,10154,2
2e-05,10155,5
2e-05,10156,6
2e-05,10157,5
2e-05,10158,1
2e-05,10159,13
2e-05,10160,10
2e-05,10161,0
2e-05,10162,1
2e-05,10163,3
2e-05,10164,6
2e-05,10165,11
2e-05,10166,11
2e-05,10167,1
2e-05,10168,13
2e-05,10169,10
2e-05,10170,11
2e-05,10171,5
2e-05,10172,2
2e-05,10173,13
2e-05,10174,11
2e-05,10175,10
2e-05,10176,10
2e-05,10177,3
2e-05,10178,11
2e-05,10179,0
2e-05,10180,13
2e-05,10181,11
2e-05,10182,3
2e-05,10183,10
2e-05,10184,12
2e-05,10185,5
2e-05,10186,13
2e-05,10187,2
2e-05,10188,5
2e-05,10189,6
2e-05,10190,0
2e-05,10191,11
2e-05,10192,6
2e-05,10193,10
2e-05,10194,13
2e-05,10195,9
2e-05,10196,11
2e-05,10197,13
2e-05,10198,9
2e-05,10199,11
2e-05,10200,6
2e-05,10201,2
2e-05,10202,6
2e-05,10203,9
2e-05,10204,9
2e-05,10205,10
2e-05,10206,11
2e-05,10207,5
2e-05,10208,9
2e-05,10209,10
2e-05,10210,6
2e-05,10211,13
2e-05,10212,6
2e-05,10213,1
2e-05,10214,11
2e-05,10215,5
2e-05,10216,13
2e-05,10217,5
2e-05,10218,13
2e-05,10219,11
2e-05,10220,2
2e-05,10221,10
2e-05,10222,9
2e-05,10223,10
2e-05,10224,5
2e-05,10225,12
2e-05,10226,6
2e-05,10227,2
2e-05,10228,1
2e-05,10229,6
2e-05,10230,11
2e-05,10231,0
2e-05,10232,5
2e-05,10233,2
2e-05,10234,3
2e-05,10235,10
2e-05,10236,5
2e-05,10237,13
2e-05,10238,6
2e-05,10239,3
2e-05,10240,5
2e-05,10241,9
2e-05,10242,12
2e-05,10243,12
2e-05,10244,0
2e-05,10245,3
2e-05,10246,13
2e-05,10247,13
2e-05,10248,10
2e-05,10249,1
2e-05,10250,6
2e-05,10251,11
2e-05,10252,3
2e-05,10253,9
2e-05,10254,3
2e-05,10255,5
2e-05,10256,9
2e-05,10257,13
2e-05,10258,12
2e-05,10259,3
2e-05,10260,12
2e-05,10261,6
2e-05,10262,5
2e-05,10263,0
2e-05,10264,1
2e-05,10265,6
2e-05,10266,12
2e-05,10267,13
2e-05,10268,13
2e-05,10269,2
2e-05,10270,9
2e-05,10271,12
2e-05,10272,3
2e-05,10273,5
2e-05,10274,0
2e-05,10275,0
2e-05,10276,9
2e-05,10277,9
2e-05,10278,12
2e-05,10279,0
2e-05,10280,13
2e-05,10281,3
2e-05,10282,12
2e-05,10283,10
2e-05,10284,3
2e-05,10285,5
2e-05,10286,9
2e-05,10287,3
2e-05,10288,9
2e-05,10289,11
2e-05,10290,12
2e-05,10291,3
2e-05,10292,6
2e-05,10293,9
2e-05,10294,2
2e-05,10295,0
2e-05,10296,10
2e-05,10297,9
2e-05,10298,3
2e-05,10299,0
2e-05,10300,13
2e-05,10301,10
2e-05,10302,12
2e-05,10303,12
2e-05,10304,2
2e-05,10305,13
2e-05,10306,12
2e-05,10307,0
2e-05,10308,13
2e-05,10309,9
2e-05,10310,6
2e-05,10311,11
2e-05,10312,2
2e-05,10313,1
2e-05,10314,13
2e-05,10315,3
2e-05,10316,12
2e-05,10317,3
2e-05,10318,10
2e-05,10319,4
2e-05,10320,2
2e-05,10321,0
2e-05,10322,9
2e-05,10323,3
2e-05,10324,6
2e-05,10325,5
2e-05,10326,5
2e-05,10327,5
2e-05,10328,9
2e-05,10329,1
2e-05,10330,10
2e-05,10331,0
2e-05,10332,13
2e-05,10333,1
2e-05,10334,0
2e-05,10335,12
2e-05,10336,9
2e-05,10337,11
2e-05,10338,11
2e-05,10339,10
2e-05,10340,6
2e-05,10341,10
2e-05,10342,5
2e-05,10343,5
2e-05,10344,5
2e-05,10345,11
2e-05,10346,2
2e-05,10347,3
2e-05,10348,3
2e-05,10349,0
2e-05,10350,0
2e-05,10351,1
2e-05,10352,2
2e-05,10353,11
2e-05,10354,0
2e-05,10355,10
2e-05,10356,13
2e-05,10357,6
2e-05,10358,1
2e-05,10359,11
2e-05,10360,1
2e-05,10361,10
2e-05,10362,0
2e-05,10363,13
2e-05,10364,0
2e-05,10365,5
2e-05,10366,10
2e-05,10367,11
2e-05,10368,11
2e-05,10369,5
2e-05,10370,1
2e-05,10371,9
2e-05,10372,0
2e-05,10373,1
2e-05,10374,5
2e-05,10375,5
2e-05,10376,2
2e-05,10377,11
2e-05,10378,9
2e-05,10379,6
2e-05,10380,3
2e-05,10381,9
2e-05,10382,1
2e-05,10383,9
2e-05,10384,2
2e-05,10385,10
2e-05,10386,0
2e-05,10387,6
2e-05,10388,10
2e-05,10389,11
2e-05,10390,13
2e-05,10391,3
2e-05,10392,2
2e-05,10393,3
2e-05,10394,6
2e-05,10395,6
2e-05,10396,2
2e-05,10397,12
2e-05,10398,10
2e-05,10399,12
2e-05,10400,9
2e-05,10401,12
2e-05,10402,16
2e-05,10403,5
2e-05,10404,11
2e-05,10405,11
2e-05,10406,2
2e-05,10407,12
2e-05,10408,9
2e-05,10409,3
2e-05,10410,10
2e-05,10411,6
2e-05,10412,6
2e-05,10413,1
2e-05,10414,0
2e-05,10415,0
2e-05,10416,10
2e-05,10417,5
2e-05,10418,6
2e-05,10419,0
2e-05,10420,3
2e-05,10421,10
2e-05,10422,5
2e-05,10423,10
2e-05,10424,13
2e-05,10425,5
2e-05,10426,1
2e-05,10427,1
2e-05,10428,10
2e-05,10429,6
2e-05,10430,2
2e-05,10431,1
2e-05,10432,9
2e-05,10433,2
2e-05,10434,12
2e-05,10435,11
2e-05,10436,2
2e-05,10437,6
2e-05,10438,6
2e-05,10439,11
2e-05,10440,12
2e-05,10441,3
2e-05,10442,9
2e-05,10443,0
2e-05,10444,6
2e-05,10445,0
2e-05,10446,1
2e-05,10447,11
2e-05,10448,2
2e-05,10449,5
2e-05,10450,5
2e-05,10451,1
2e-05,10452,9
2e-05,10453,5
2e-05,10454,11
2e-05,10455,2
2e-05,10456,8
2e-05,10457,1
2e-05,10458,13
2e-05,10459,10
2e-05,10460,2
2e-05,10461,12
2e-05,10462,3
2e-05,10463,6
2e-05,10464,0
2e-05,10465,6
2e-05,10466,12
2e-05,10467,12
2e-05,10468,10
2e-05,10469,3
2e-05,10470,12
2e-05,10471,2
2e-05,10472,9
2e-05,10473,11
2e-05,10474,1
2e-05,10475,2
2e-05,10476,12
2e-05,10477,6
2e-05,10478,9
2e-05,10479,5
2e-05,10480,2
2e-05,10481,0
2e-05,10482,1
2e-05,10483,11
2e-05,10484,3
2e-05,10485,6
2e-05,10486,13
2e-05,10487,0
2e-05,10488,12
2e-05,10489,11
2e-05,10490,10
2e-05,10491,12
2e-05,10492,9
2e-05,10493,12
2e-05,10494,6
2e-05,10495,11
2e-05,10496,10
2e-05,10497,0
2e-05,10498,11
2e-05,10499,10
2e-05,10500,10
2e-05,10501,5
2e-05,10502,12
2e-05,10503,11
2e-05,10504,6
2e-05,10505,6
2e-05,10506,2
2e-05,10507,10
2e-05,10508,11
2e-05,10509,12
2e-05,10510,10
2e-05,10511,2
2e-05,10512,9
2e-05,10513,5
2e-05,10514,2
2e-05,10515,6
2e-05,10516,10
2e-05,10517,6
2e-05,10518,13
2e-05,10519,11
2e-05,10520,13
2e-05,10521,11
2e-05,10522,5
2e-05,10523,6
2e-05,10524,6
2e-05,10525,8
2e-05,10526,5
2e-05,10527,12
2e-05,10528,6
2e-05,10529,2
2e-05,10530,11
2e-05,10531,12
2e-05,10532,3
2e-05,10533,10
2e-05,10534,9
2e-05,10535,6
2e-05,10536,12
2e-05,10537,0
2e-05,10538,9
2e-05,10539,13
2e-05,10540,6
2e-05,10541,3
2e-05,10542,12
2e-05,10543,11
2e-05,10544,1
2e-05,10545,3
2e-05,10546,6
2e-05,10547,2
2e-05,10548,12
2e-05,10549,3
2e-05,10550,11
2e-05,10551,1
2e-05,10552,5
2e-05,10553,11
2e-05,10554,10
2e-05,10555,12
2e-05,10556,9
2e-05,10557,1
2e-05,10558,1
2e-05,10559,12
2e-05,10560,9
2e-05,10561,13
2e-05,10562,1
2e-05,10563,12
2e-05,10564,6
2e-05,10565,9
2e-05,10566,9
2e-05,10567,1
2e-05,10568,5
2e-05,10569,2
2e-05,10570,13
2e-05,10571,1
2e-05,10572,2
2e-05,10573,0
2e-05,10574,0
2e-05,10575,1
2e-05,10576,6
2e-05,10577,5
2e-05,10578,3
2e-05,10579,6
2e-05,10580,11
2e-05,10581,11
2e-05,10582,0
2e-05,10583,12
2e-05,10584,6
2e-05,10585,5
2e-05,10586,8
2e-05,10587,6
2e-05,10588,0
2e-05,10589,6
2e-05,10590,9
2e-05,10591,5
2e-05,10592,6
2e-05,10593,0
2e-05,10594,3
2e-05,10595,13
2e-05,10596,6
2e-05,10597,0
2e-05,10598,9
2e-05,10599,5
2e-05,10600,9
2e-05,10601,11
2e-05,10602,3
2e-05,10603,9
2e-05,10604,3
2e-05,10605,3
2e-05,10606,3
2e-05,10607,10
2e-05,10608,6
2e-05,10609,10
2e-05,10610,11
2e-05,10611,11
2e-05,10612,11
2e-05,10613,13
2e-05,10614,10
2e-05,10615,2
2e-05,10616,12
2e-05,10617,9
2e-05,10618,3
2e-05,10619,12
2e-05,10620,6
2e-05,10621,9
2e-05,10622,0
2e-05,10623,9
2e-05,10624,5
2e-05,10625,0
2e-05,10626,16
2e-05,10627,2
2e-05,10628,11
2e-05,10629,11
2e-05,10630,11
2e-05,10631,13
2e-05,10632,1
2e-05,10633,12
2e-05,10634,10
2e-05,10635,11
2e-05,10636,0
2e-05,10637,12
2e-05,10638,5
2e-05,10639,9
2e-05,10640,5
2e-05,10641,10
2e-05,10642,2
2e-05,10643,9
2e-05,10644,9
2e-05,10645,1
2e-05,10646,16
2e-05,10647,0
2e-05,10648,0
2e-05,10649,12
2e-05,10650,0
2e-05,10651,3
2e-05,10652,0
2e-05,10653,3
2e-05,10654,12
2e-05,10655,6
2e-05,10656,3
2e-05,10657,3
2e-05,10658,3
2e-05,10659,5
2e-05,10660,3
2e-05,10661,0
2e-05,10662,2
2e-05,10663,11
2e-05,10664,6
2e-05,10665,1
2e-05,10666,12
2e-05,10667,13
2e-05,10668,0
2e-05,10669,10
2e-05,10670,13
2e-05,10671,9
2e-05,10672,9
2e-05,10673,9
2e-05,10674,2
2e-05,10675,9
2e-05,10676,13
2e-05,10677,13
2e-05,10678,10
2e-05,10679,10
2e-05,10680,11
2e-05,10681,4
2e-05,10682,2
2e-05,10683,1
2e-05,10684,12
2e-05,10685,3
2e-05,10686,0
2e-05,10687,11
2e-05,10688,16
2e-05,10689,11
2e-05,10690,5
2e-05,10691,13
2e-05,10692,0
2e-05,10693,13
2e-05,10694,0
2e-05,10695,13
2e-05,10696,2
2e-05,10697,11
2e-05,10698,9
2e-05,10699,9
2e-05,10700,3
2e-05,10701,0
2e-05,10702,13
2e-05,10703,11
2e-05,10704,2
2e-05,10705,9
2e-05,10706,9
2e-05,10707,12
2e-05,10708,11
2e-05,10709,12
2e-05,10710,12
2e-05,10711,2
2e-05,10712,12
2e-05,10713,10
2e-05,10714,1
2e-05,10715,10
2e-05,10716,12
2e-05,10717,9
2e-05,10718,6
2e-05,10719,0
2e-05,10720,10
2e-05,10721,2
2e-05,10722,12
2e-05,10723,10
2e-05,10724,9
2e-05,10725,9
2e-05,10726,11
2e-05,10727,5
2e-05,10728,11
2e-05,10729,9
2e-05,10730,3
2e-05,10731,6
2e-05,10732,12
2e-05,10733,1
2e-05,10734,6
2e-05,10735,11
2e-05,10736,13
2e-05,10737,1
2e-05,10738,0
2e-05,10739,13
2e-05,10740,2
2e-05,10741,13
2e-05,10742,5
2e-05,10743,10
2e-05,10744,6
2e-05,10745,10
2e-05,10746,6
2e-05,10747,6
2e-05,10748,5
2e-05,10749,8
2e-05,10750,13
2e-05,10751,1
2e-05,10752,8
2e-05,10753,1
2e-05,10754,6
2e-05,10755,9
2e-05,10756,12
2e-05,10757,1
2e-05,10758,13
2e-05,10759,14
2e-05,10760,12
2e-05,10761,1
2e-05,10762,11
2e-05,10763,11
2e-05,10764,0
2e-05,10765,2
2e-05,10766,3
2e-05,10767,1
2e-05,10768,3
2e-05,10769,1
2e-05,10770,12
2e-05,10771,5
2e-05,10772,1
2e-05,10773,13
2e-05,10774,10
2e-05,10775,10
2e-05,10776,16
2e-05,10777,2
2e-05,10778,8
2e-05,10779,10
2e-05,10780,5
2e-05,10781,2
2e-05,10782,0
2e-05,10783,5
2e-05,10784,8
2e-05,10785,9
2e-05,10786,3
2e-05,10787,3
2e-05,10788,2
2e-05,10789,2
2e-05,10790,0
2e-05,10791,2
2e-05,10792,13
2e-05,10793,1
2e-05,10794,3
2e-05,10795,0
2e-05,10796,16
2e-05,10797,13
2e-05,10798,5
2e-05,10799,2
2e-05,10800,9
2e-05,10801,12
2e-05,10802,5
2e-05,10803,6
2e-05,10804,3
2e-05,10805,0
2e-05,10806,10
2e-05,10807,3
2e-05,10808,2
2e-05,10809,12
2e-05,10810,6
2e-05,10811,1
2e-05,10812,9
2e-05,10813,6
2e-05,10814,5
2e-05,10815,10
2e-05,10816,3
2e-05,10817,3
2e-05,10818,3
2e-05,10819,10
2e-05,10820,5
2e-05,10821,13
2e-05,10822,1
2e-05,10823,3
2e-05,10824,10
2e-05,10825,12
2e-05,10826,12
2e-05,10827,4
2e-05,10828,2
2e-05,10829,2
2e-05,10830,3
2e-05,10831,5
2e-05,10832,6
2e-05,10833,10
2e-05,10834,3
2e-05,10835,5
2e-05,10836,13
2e-05,10837,2
2e-05,10838,4
2e-05,10839,12
2e-05,10840,13
2e-05,10841,6
2e-05,10842,11
2e-05,10843,12
2e-05,10844,13
2e-05,10845,0
2e-05,10846,6
2e-05,10847,3
2e-05,10848,3
2e-05,10849,10
2e-05,10850,10
2e-05,10851,11
2e-05,10852,2
2e-05,10853,5
2e-05,10854,5
2e-05,10855,2
2e-05,10856,13
2e-05,10857,6
2e-05,10858,6
2e-05,10859,11
2e-05,10860,1
2e-05,10861,2
2e-05,10862,6
2e-05,10863,6
2e-05,10864,5
2e-05,10865,9
2e-05,10866,6
2e-05,10867,13
2e-05,10868,9
2e-05,10869,5
2e-05,10870,11
2e-05,10871,0
2e-05,10872,12
2e-05,10873,11
2e-05,10874,8
2e-05,10875,3
2e-05,10876,13
2e-05,10877,6
2e-05,10878,9
2e-05,10879,11
2e-05,10880,5
2e-05,10881,5
2e-05,10882,2
2e-05,10883,13
2e-05,10884,2
2e-05,10885,5
2e-05,10886,1
2e-05,10887,11
2e-05,10888,13
2e-05,10889,2
2e-05,10890,12
2e-05,10891,2
2e-05,10892,3
2e-05,10893,11
2e-05,10894,13
2e-05,10895,11
2e-05,10896,2
2e-05,10897,5
2e-05,10898,13
2e-05,10899,3
2e-05,10900,11
2e-05,10901,6
2e-05,10902,3
2e-05,10903,9
2e-05,10904,11
2e-05,10905,3
2e-05,10906,9
2e-05,10907,9
2e-05,10908,3
2e-05,10909,13
2e-05,10910,10
2e-05,10911,5
2e-05,10912,13
2e-05,10913,13
2e-05,10914,3
2e-05,10915,6
2e-05,10916,5
2e-05,10917,3
2e-05,10918,3
2e-05,10919,1
2e-05,10920,13
2e-05,10921,13
2e-05,10922,9
2e-05,10923,5
2e-05,10924,3
2e-05,10925,3
2e-05,10926,6
2e-05,10927,6
2e-05,10928,3
2e-05,10929,11
2e-05,10930,10
2e-05,10931,9
2e-05,10932,10
2e-05,10933,0
2e-05,10934,3
2e-05,10935,12
2e-05,10936,10
2e-05,10937,3
2e-05,10938,3
2e-05,10939,0
2e-05,10940,9
2e-05,10941,11
2e-05,10942,11
2e-05,10943,1
2e-05,10944,13
2e-05,10945,3
2e-05,10946,1
2e-05,10947,0
2e-05,10948,11
2e-05,10949,2
2e-05,10950,2
2e-05,10951,11
2e-05,10952,12
2e-05,10953,10
2e-05,10954,0
2e-05,10955,10
2e-05,10956,12
2e-05,10957,1
2e-05,10958,11
2e-05,10959,11
2e-05,10960,8
2e-05,10961,2
2e-05,10962,1
2e-05,10963,3
2e-05,10964,12
2e-05,10965,3
2e-05,10966,2
2e-05,10967,0
2e-05,10968,1
2e-05,10969,1
2e-05,10970,3
2e-05,10971,1
2e-05,10972,10
2e-05,10973,10
2e-05,10974,10
2e-05,10975,12
2e-05,10976,6
2e-05,10977,6
2e-05,10978,3
2e-05,10979,13
2e-05,10980,5
2e-05,10981,5
2e-05,10982,2
2e-05,10983,13
2e-05,10984,1
2e-05,10985,12
2e-05,10986,11
2e-05,10987,9
2e-05,10988,12
2e-05,10989,9
2e-05,10990,3
2e-05,10991,11
2e-05,10992,2
2e-05,10993,10
2e-05,10994,0
2e-05,10995,5
2e-05,10996,5
2e-05,10997,3
2e-05,10998,11
2e-05,10999,9
2e-05,11000,0
2e-05,11001,0
2e-05,11002,6
2e-05,11003,1
2e-05,11004,9
2e-05,11005,11
2e-05,11006,5
2e-05,11007,13
2e-05,11008,3
2e-05,11009,6
2e-05,11010,12
2e-05,11011,6
2e-05,11012,8
2e-05,11013,8
2e-05,11014,13
2e-05,11015,10
2e-05,11016,6
2e-05,11017,10
2e-05,11018,9
2e-05,11019,12
2e-05,11020,9
2e-05,11021,9
2e-05,11022,1
2e-05,11023,5
2e-05,11024,11
2e-05,11025,10
2e-05,11026,5
2e-05,11027,0
2e-05,11028,5
2e-05,11029,6
2e-05,11030,1
2e-05,11031,1
2e-05,11032,5
2e-05,11033,5
2e-05,11034,10
2e-05,11035,2
2e-05,11036,1
2e-05,11037,1
2e-05,11038,11
2e-05,11039,9
2e-05,11040,1
2e-05,11041,13
2e-05,11042,9
2e-05,11043,9
2e-05,11044,5
2e-05,11045,9
2e-05,11046,10
2e-05,11047,1
2e-05,11048,2
2e-05,11049,0
2e-05,11050,3
2e-05,11051,5
2e-05,11052,1
2e-05,11053,12
2e-05,11054,10
2e-05,11055,3
2e-05,11056,6
2e-05,11057,11
2e-05,11058,0
2e-05,11059,9
2e-05,11060,6
2e-05,11061,12
2e-05,11062,12
2e-05,11063,5
2e-05,11064,0
2e-05,11065,18
2e-05,11066,6
2e-05,11067,5
2e-05,11068,3
2e-05,11069,1
2e-05,11070,2
2e-05,11071,0
2e-05,11072,1
2e-05,11073,1
2e-05,11074,0
2e-05,11075,3
2e-05,11076,16
2e-05,11077,1
2e-05,11078,5
2e-05,11079,6
2e-05,11080,9
2e-05,11081,6
2e-05,11082,13
2e-05,11083,10
2e-05,11084,12
2e-05,11085,2
2e-05,11086,0
2e-05,11087,13
2e-05,11088,0
2e-05,11089,13
2e-05,11090,0
2e-05,11091,2
2e-05,11092,3
2e-05,11093,3
2e-05,11094,12
2e-05,11095,2
2e-05,11096,1
2e-05,11097,6
2e-05,11098,5
2e-05,11099,0
2e-05,11100,3
2e-05,11101,6
2e-05,11102,9
2e-05,11103,1
2e-05,11104,13
2e-05,11105,10
2e-05,11106,12
2e-05,11107,5
2e-05,11108,13
2e-05,11109,10
2e-05,11110,2
2e-05,11111,13
2e-05,11112,2
2e-05,11113,1
2e-05,11114,0
2e-05,11115,11
2e-05,11116,2
2e-05,11117,9
2e-05,11118,3
2e-05,11119,13
2e-05,11120,10
2e-05,11121,0
2e-05,11122,11
2e-05,11123,2
2e-05,11124,2
2e-05,11125,5
2e-05,11126,9
2e-05,11127,6
2e-05,11128,9
2e-05,11129,10
2e-05,11130,12
2e-05,11131,0
2e-05,11132,1
2e-05,11133,10
2e-05,11134,9
2e-05,11135,6
2e-05,11136,1
2e-05,11137,12
2e-05,11138,6
2e-05,11139,6
2e-05,11140,13
2e-05,11141,1
2e-05,11142,13
2e-05,11143,10
2e-05,11144,0
2e-05,11145,10
2e-05,11146,12
2e-05,11147,1
2e-05,11148,0
2e-05,11149,9
2e-05,11150,12
2e-05,11151,1
2e-05,11152,13
2e-05,11153,13
2e-05,11154,5
2e-05,11155,1
2e-05,11156,6
2e-05,11157,0
2e-05,11158,12
2e-05,11159,0
2e-05,11160,11
2e-05,11161,1
2e-05,11162,13
2e-05,11163,10
2e-05,11164,1
2e-05,11165,5
2e-05,11166,0
2e-05,11167,6
2e-05,11168,0
2e-05,11169,5
2e-05,11170,5
2e-05,11171,0
2e-05,11172,5
2e-05,11173,6
2e-05,11174,10
2e-05,11175,3
2e-05,11176,9
2e-05,11177,3
2e-05,11178,3
2e-05,11179,0
2e-05,11180,10
2e-05,11181,2
2e-05,11182,13
2e-05,11183,0
2e-05,11184,6
2e-05,11185,3
2e-05,11186,11
2e-05,11187,9
2e-05,11188,0
2e-05,11189,5
2e-05,11190,1
2e-05,11191,13
2e-05,11192,9
2e-05,11193,12
2e-05,11194,5
2e-05,11195,16
2e-05,11196,10
2e-05,11197,10
2e-05,11198,10
2e-05,11199,11
2e-05,11200,3
2e-05,11201,10
2e-05,11202,2
2e-05,11203,1
2e-05,11204,2
2e-05,11205,9
2e-05,11206,1
2e-05,11207,0
2e-05,11208,5
2e-05,11209,13
2e-05,11210,9
2e-05,11211,5
2e-05,11212,1
2e-05,11213,9
2e-05,11214,6
2e-05,11215,0
2e-05,11216,12
2e-05,11217,5
2e-05,11218,6
2e-05,11219,10
2e-05,11220,11
2e-05,11221,10
2e-05,11222,8
2e-05,11223,9
2e-05,11224,0
2e-05,11225,2
2e-05,11226,9
2e-05,11227,10
2e-05,11228,10
2e-05,11229,8
2e-05,11230,11
2e-05,11231,10
2e-05,11232,12
2e-05,11233,5
2e-05,11234,12
2e-05,11235,1
2e-05,11236,16
2e-05,11237,2
2e-05,11238,10
2e-05,11239,12
2e-05,11240,2
2e-05,11241,0
2e-05,11242,1
2e-05,11243,3
2e-05,11244,12
2e-05,11245,1
2e-05,11246,10
2e-05,11247,0
2e-05,11248,6
2e-05,11249,12
2e-05,11250,11
2e-05,11251,11
2e-05,11252,6
2e-05,11253,12
2e-05,11254,5
2e-05,11255,0
2e-05,11256,2
2e-05,11257,6
2e-05,11258,3
2e-05,11259,5
2e-05,11260,2
2e-05,11261,6
2e-05,11262,10
2e-05,11263,11
2e-05,11264,11
2e-05,11265,11
2e-05,11266,5
2e-05,11267,1
2e-05,11268,16
2e-05,11269,0
2e-05,11270,12
2e-05,11271,5
2e-05,11272,3
2e-05,11273,11
2e-05,11274,11
2e-05,11275,9
2e-05,11276,11
2e-05,11277,13
2e-05,11278,1
2e-05,11279,0
2e-05,11280,6
2e-05,11281,6
2e-05,11282,11
2e-05,11283,1
2e-05,11284,6
2e-05,11285,13
2e-05,11286,10
2e-05,11287,6
2e-05,11288,0
2e-05,11289,0
2e-05,11290,9
2e-05,11291,3
2e-05,11292,10
2e-05,11293,5
2e-05,11294,9
2e-05,11295,0
2e-05,11296,0
2e-05,11297,13
2e-05,11298,1
2e-05,11299,13
2e-05,11300,2
2e-05,11301,6
2e-05,11302,9
2e-05,11303,5
2e-05,11304,3
2e-05,11305,9
2e-05,11306,6
2e-05,11307,5
2e-05,11308,2
2e-05,11309,13
2e-05,11310,9
2e-05,11311,10
2e-05,11312,9
2e-05,11313,0
2e-05,11314,12
2e-05,11315,3
2e-05,11316,12
2e-05,11317,6
2e-05,11318,5
2e-05,11319,2
2e-05,11320,10
2e-05,11321,3
2e-05,11322,12
2e-05,11323,0
2e-05,11324,12
2e-05,11325,1
2e-05,11326,9
2e-05,11327,0
2e-05,11328,11
2e-05,11329,18
2e-05,11330,3
2e-05,11331,12
2e-05,11332,6
2e-05,11333,3
2e-05,11334,9
2e-05,11335,6
2e-05,11336,5
2e-05,11337,0
2e-05,11338,3
2e-05,11339,0
2e-05,11340,6
2e-05,11341,4
2e-05,11342,6
2e-05,11343,6
2e-05,11344,3
2e-05,11345,11
2e-05,11346,1
2e-05,11347,0
2e-05,11348,6
2e-05,11349,11
2e-05,11350,2
2e-05,11351,3
2e-05,11352,13
2e-05,11353,6
2e-05,11354,12
2e-05,11355,12
2e-05,11356,1
2e-05,11357,6
2e-05,11358,9
2e-05,11359,12
2e-05,11360,9
2e-05,11361,13
2e-05,11362,13
2e-05,11363,6
2e-05,11364,12
2e-05,11365,1
2e-05,11366,5
2e-05,11367,5
2e-05,11368,11
2e-05,11369,4
2e-05,11370,10
2e-05,11371,2
2e-05,11372,13
2e-05,11373,11
2e-05,11374,11
2e-05,11375,6
2e-05,11376,2
2e-05,11377,6
2e-05,11378,9
2e-05,11379,0
2e-05,11380,11
2e-05,11381,0
2e-05,11382,1
2e-05,11383,10
2e-05,11384,6
2e-05,11385,5
2e-05,11386,3
2e-05,11387,12
2e-05,11388,11
2e-05,11389,12
2e-05,11390,1
2e-05,11391,11
2e-05,11392,12
2e-05,11393,6
2e-05,11394,1
2e-05,11395,13
2e-05,11396,3
2e-05,11397,6
2e-05,11398,10
2e-05,11399,6
2e-05,11400,9
2e-05,11401,13
2e-05,11402,9
2e-05,11403,13
2e-05,11404,6
2e-05,11405,3
2e-05,11406,10
2e-05,11407,6
2e-05,11408,16
2e-05,11409,12
2e-05,11410,0
2e-05,11411,1
2e-05,11412,16
2e-05,11413,11
2e-05,11414,12
2e-05,11415,2
2e-05,11416,9
2e-05,11417,5
2e-05,11418,5
2e-05,11419,11
2e-05,11420,1
2e-05,11421,5
2e-05,11422,11
2e-05,11423,1
2e-05,11424,3
2e-05,11425,6
2e-05,11426,10
2e-05,11427,6
2e-05,11428,9
2e-05,11429,10
2e-05,11430,12
2e-05,11431,6
2e-05,11432,9
2e-05,11433,10
2e-05,11434,10
2e-05,11435,3
2e-05,11436,5
2e-05,11437,5
2e-05,11438,1
2e-05,11439,0
2e-05,11440,11
2e-05,11441,9
2e-05,11442,5
2e-05,11443,10
2e-05,11444,6
2e-05,11445,1
2e-05,11446,9
2e-05,11447,3
2e-05,11448,3
2e-05,11449,13
2e-05,11450,2
2e-05,11451,2
2e-05,11452,0
2e-05,11453,1
2e-05,11454,5
2e-05,11455,6
2e-05,11456,13
2e-05,11457,3
2e-05,11458,3
2e-05,11459,10
2e-05,11460,11
2e-05,11461,9
2e-05,11462,12
2e-05,11463,15
2e-05,11464,0
2e-05,11465,3
2e-05,11466,10
2e-05,11467,1
2e-05,11468,2
2e-05,11469,11
2e-05,11470,10
2e-05,11471,6
2e-05,11472,1
2e-05,11473,1
2e-05,11474,0
2e-05,11475,9
2e-05,11476,0
2e-05,11477,0
2e-05,11478,12
2e-05,11479,13
2e-05,11480,5
2e-05,11481,6
2e-05,11482,11
2e-05,11483,1
2e-05,11484,1
2e-05,11485,12
2e-05,11486,2
2e-05,11487,9
2e-05,11488,2
2e-05,11489,13
2e-05,11490,11
2e-05,11491,3
2e-05,11492,16
2e-05,11493,6
2e-05,11494,6
2e-05,11495,3
2e-05,11496,3
2e-05,11497,9
2e-05,11498,0
2e-05,11499,9
2e-05,11500,2
2e-05,11501,10
2e-05,11502,0
2e-05,11503,0
2e-05,11504,0
2e-05,11505,9
2e-05,11506,0
2e-05,11507,6
2e-05,11508,11
2e-05,11509,1
2e-05,11510,10
2e-05,11511,2
2e-05,11512,3
2e-05,11513,1
2e-05,11514,10
2e-05,11515,9
2e-05,11516,2
2e-05,11517,6
2e-05,11518,13
2e-05,11519,12
2e-05,11520,11
2e-05,11521,13
2e-05,11522,0
2e-05,11523,6
2e-05,11524,12
2e-05,11525,2
2e-05,11526,6
2e-05,11527,0
2e-05,11528,11
2e-05,11529,6
2e-05,11530,13
2e-05,11531,12
2e-05,11532,1
2e-05,11533,13
2e-05,11534,11
2e-05,11535,5
2e-05,11536,0
2e-05,11537,12
2e-05,11538,10
2e-05,11539,6
2e-05,11540,6
2e-05,11541,10
2e-05,11542,9
2e-05,11543,12
2e-05,11544,5
2e-05,11545,3
2e-05,11546,12
2e-05,11547,3
2e-05,11548,1
2e-05,11549,0
2e-05,11550,2
2e-05,11551,3
2e-05,11552,3
2e-05,11553,2
2e-05,11554,12
2e-05,11555,9
2e-05,11556,16
2e-05,11557,1
2e-05,11558,11
2e-05,11559,0
2e-05,11560,11
2e-05,11561,13
2e-05,11562,6
2e-05,11563,5
2e-05,11564,5
2e-05,11565,11
2e-05,11566,3
2e-05,11567,8
2e-05,11568,1
2e-05,11569,2
2e-05,11570,1
2e-05,11571,5
2e-05,11572,9
2e-05,11573,3
2e-05,11574,5
2e-05,11575,16
2e-05,11576,3
2e-05,11577,0
2e-05,11578,13
2e-05,11579,11
2e-05,11580,9
2e-05,11581,6
2e-05,11582,1
2e-05,11583,0
2e-05,11584,6
2e-05,11585,11
2e-05,11586,14
2e-05,11587,9
2e-05,11588,2
2e-05,11589,13
2e-05,11590,0
2e-05,11591,11
2e-05,11592,6
2e-05,11593,6
2e-05,11594,0
2e-05,11595,12
2e-05,11596,9
2e-05,11597,5
2e-05,11598,2
2e-05,11599,6
2e-05,11600,5
2e-05,11601,9
2e-05,11602,2
2e-05,11603,5
2e-05,11604,16
2e-05,11605,6
2e-05,11606,2
2e-05,11607,2
2e-05,11608,13
2e-05,11609,10
2e-05,11610,1
2e-05,11611,9
2e-05,11612,10
2e-05,11613,3
2e-05,11614,9
2e-05,11615,6
2e-05,11616,10
2e-05,11617,1
2e-05,11618,0
2e-05,11619,9
2e-05,11620,16
2e-05,11621,11
2e-05,11622,12
2e-05,11623,6
2e-05,11624,5
2e-05,11625,5
2e-05,11626,11
2e-05,11627,0
2e-05,11628,0
2e-05,11629,1
2e-05,11630,11
2e-05,11631,9
2e-05,11632,3
2e-05,11633,6
2e-05,11634,2
2e-05,11635,0
2e-05,11636,10
2e-05,11637,13
2e-05,11638,10
2e-05,11639,0
2e-05,11640,1
2e-05,11641,5
2e-05,11642,5
2e-05,11643,9
2e-05,11644,1
2e-05,11645,5
2e-05,11646,12
2e-05,11647,9
2e-05,11648,9
2e-05,11649,10
2e-05,11650,9
2e-05,11651,0
2e-05,11652,12
2e-05,11653,1
2e-05,11654,11
2e-05,11655,5
2e-05,11656,11
2e-05,11657,13
2e-05,11658,13
2e-05,11659,9
2e-05,11660,3
2e-05,11661,3
2e-05,11662,13
2e-05,11663,2
2e-05,11664,10
2e-05,11665,9
2e-05,11666,9
2e-05,11667,12
2e-05,11668,6
2e-05,11669,11
2e-05,11670,11
2e-05,11671,2
2e-05,11672,3
2e-05,11673,3
2e-05,11674,0
2e-05,11675,3
2e-05,11676,9
2e-05,11677,1
2e-05,11678,13
2e-05,11679,0
2e-05,11680,10
2e-05,11681,9
2e-05,11682,0
2e-05,11683,3
2e-05,11684,6
2e-05,11685,9
2e-05,11686,13
2e-05,11687,6
2e-05,11688,10
2e-05,11689,5
2e-05,11690,10
2e-05,11691,9
2e-05,11692,6
2e-05,11693,2
2e-05,11694,6
2e-05,11695,2
2e-05,11696,12
2e-05,11697,0
2e-05,11698,15
2e-05,11699,5
2e-05,11700,13
2e-05,11701,11
2e-05,11702,1
2e-05,11703,0
2e-05,11704,6
2e-05,11705,11
2e-05,11706,5
2e-05,11707,10
2e-05,11708,10
2e-05,11709,16
2e-05,11710,12
2e-05,11711,12
2e-05,11712,9
2e-05,11713,0
2e-05,11714,10
2e-05,11715,6
2e-05,11716,12
2e-05,11717,1
2e-05,11718,9
2e-05,11719,12
2e-05,11720,2
2e-05,11721,6
2e-05,11722,3
2e-05,11723,3
2e-05,11724,1
2e-05,11725,12
2e-05,11726,0
2e-05,11727,3
2e-05,11728,1
2e-05,11729,2
2e-05,11730,9
2e-05,11731,12
2e-05,11732,1
2e-05,11733,10
2e-05,11734,12
2e-05,11735,13
2e-05,11736,11
2e-05,11737,13
2e-05,11738,6
2e-05,11739,13
2e-05,11740,12
2e-05,11741,1
2e-05,11742,13
2e-05,11743,0
2e-05,11744,3
2e-05,11745,12
2e-05,11746,1
2e-05,11747,13
2e-05,11748,9
2e-05,11749,9
2e-05,11750,11
2e-05,11751,9
2e-05,11752,16
2e-05,11753,2
2e-05,11754,11
2e-05,11755,2
2e-05,11756,10
2e-05,11757,3
2e-05,11758,0
2e-05,11759,13
2e-05,11760,0
2e-05,11761,0
2e-05,11762,0
2e-05,11763,6
2e-05,11764,2
2e-05,11765,2
2e-05,11766,10
2e-05,11767,10
2e-05,11768,8
2e-05,11769,1
2e-05,11770,6
2e-05,11771,5
2e-05,11772,13
2e-05,11773,1
2e-05,11774,0
2e-05,11775,2
2e-05,11776,10
2e-05,11777,2
2e-05,11778,10
2e-05,11779,12
2e-05,11780,11
2e-05,11781,1
2e-05,11782,0
2e-05,11783,10
2e-05,11784,6
2e-05,11785,2
2e-05,11786,16
2e-05,11787,12
2e-05,11788,6
2e-05,11789,12
2e-05,11790,0
2e-05,11791,9
2e-05,11792,1
2e-05,11793,6
2e-05,11794,1
2e-05,11795,1
2e-05,11796,6
2e-05,11797,12
2e-05,11798,16
2e-05,11799,2
2e-05,11800,9
2e-05,11801,2
2e-05,11802,10
2e-05,11803,3
2e-05,11804,10
2e-05,11805,3
2e-05,11806,2
2e-05,11807,3
2e-05,11808,11
2e-05,11809,9
2e-05,11810,1
2e-05,11811,6
2e-05,11812,2
2e-05,11813,8
2e-05,11814,3
2e-05,11815,6
2e-05,11816,11
2e-05,11817,1
2e-05,11818,6
2e-05,11819,3
2e-05,11820,5
2e-05,11821,5
2e-05,11822,1
2e-05,11823,2
2e-05,11824,12
2e-05,11825,9
2e-05,11826,9
2e-05,11827,5
2e-05,11828,12
2e-05,11829,13
2e-05,11830,1
2e-05,11831,10
2e-05,11832,3
2e-05,11833,1
2e-05,11834,3
2e-05,11835,3
2e-05,11836,3
2e-05,11837,11
2e-05,11838,5
2e-05,11839,1
2e-05,11840,5
2e-05,11841,6
2e-05,11842,13
2e-05,11843,8
2e-05,11844,11
2e-05,11845,10
2e-05,11846,0
2e-05,11847,13
2e-05,11848,16
2e-05,11849,11
2e-05,11850,1
2e-05,11851,0
2e-05,11852,16
2e-05,11853,2
2e-05,11854,9
2e-05,11855,1
2e-05,11856,1
2e-05,11857,9
2e-05,11858,3
2e-05,11859,0
2e-05,11860,6
2e-05,11861,5
2e-05,11862,11
2e-05,11863,0
2e-05,11864,11
2e-05,11865,1
2e-05,11866,0
2e-05,11867,6
2e-05,11868,0
2e-05,11869,6
2e-05,11870,0
2e-05,11871,12
2e-05,11872,2
2e-05,11873,0
2e-05,11874,13
2e-05,11875,10
2e-05,11876,4
2e-05,11877,0
2e-05,11878,5
2e-05,11879,5
2e-05,11880,9
2e-05,11881,10
2e-05,11882,4
2e-05,11883,11
2e-05,11884,0
2e-05,11885,0
2e-05,11886,1
2e-05,11887,2
2e-05,11888,0
2e-05,11889,11
2e-05,11890,3
2e-05,11891,2
2e-05,11892,10
2e-05,11893,13
2e-05,11894,6
2e-05,11895,3
2e-05,11896,11
2e-05,11897,3
2e-05,11898,10
2e-05,11899,9
2e-05,11900,5
2e-05,11901,13
2e-05,11902,12
2e-05,11903,9
2e-05,11904,11
2e-05,11905,6
2e-05,11906,0
2e-05,11907,12
2e-05,11908,11
2e-05,11909,2
2e-05,11910,11
2e-05,11911,10
2e-05,11912,6
2e-05,11913,10
2e-05,11914,2
2e-05,11915,12
2e-05,11916,3
2e-05,11917,11
2e-05,11918,9
2e-05,11919,1
2e-05,11920,1
2e-05,11921,11
2e-05,11922,11
2e-05,11923,11
2e-05,11924,9
2e-05,11925,11
2e-05,11926,12
2e-05,11927,9
2e-05,11928,13
2e-05,11929,8
2e-05,11930,6
2e-05,11931,3
2e-05,11932,3
2e-05,11933,5
2e-05,11934,12
2e-05,11935,2
2e-05,11936,12
2e-05,11937,6
2e-05,11938,12
2e-05,11939,6
2e-05,11940,13
2e-05,11941,2
2e-05,11942,1
2e-05,11943,1
2e-05,11944,0
2e-05,11945,0
2e-05,11946,10
2e-05,11947,11
2e-05,11948,11
2e-05,11949,12
2e-05,11950,3
2e-05,11951,5
2e-05,11952,2
2e-05,11953,3
2e-05,11954,11
2e-05,11955,0
2e-05,11956,10
2e-05,11957,13
2e-05,11958,9
2e-05,11959,3
2e-05,11960,3
2e-05,11961,6
2e-05,11962,11
2e-05,11963,1
2e-05,11964,11
2e-05,11965,6
2e-05,11966,9
2e-05,11967,5
2e-05,11968,9
2e-05,11969,9
2e-05,11970,3
2e-05,11971,3
2e-05,11972,9
2e-05,11973,0
2e-05,11974,10
2e-05,11975,16
2e-05,11976,12
2e-05,11977,9
2e-05,11978,11
2e-05,11979,9
2e-05,11980,6
2e-05,11981,9
2e-05,11982,2
2e-05,11983,9
2e-05,11984,10
2e-05,11985,2
2e-05,11986,11
2e-05,11987,13
2e-05,11988,12
2e-05,11989,0
2e-05,11990,13
2e-05,11991,5
2e-05,11992,11
2e-05,11993,1
2e-05,11994,11
2e-05,11995,0
2e-05,11996,5
2e-05,11997,12
2e-05,11998,9
2e-05,11999,9
2e-05,12000,6
2e-05,12001,13
2e-05,12002,12
2e-05,12003,12
2e-05,12004,0
2e-05,12005,10
2e-05,12006,2
2e-05,12007,13
2e-05,12008,13
2e-05,12009,10
2e-05,12010,12
2e-05,12011,3
2e-05,12012,17
2e-05,12013,1
2e-05,12014,6
2e-05,12015,5
2e-05,12016,6
2e-05,12017,9
2e-05,12018,0
2e-05,12019,12
2e-05,12020,13
2e-05,12021,5
2e-05,12022,5
2e-05,12023,6
2e-05,12024,2
2e-05,12025,1
2e-05,12026,6
2e-05,12027,2
2e-05,12028,1
2e-05,12029,9
2e-05,12030,11
2e-05,12031,13
2e-05,12032,9
2e-05,12033,1
2e-05,12034,6
2e-05,12035,11
2e-05,12036,12
2e-05,12037,11
2e-05,12038,9
2e-05,12039,1
2e-05,12040,11
2e-05,12041,5
2e-05,12042,6
2e-05,12043,6
2e-05,12044,1
2e-05,12045,1
2e-05,12046,6
2e-05,12047,12
2e-05,12048,9
2e-05,12049,2
2e-05,12050,11
2e-05,12051,2
2e-05,12052,1
2e-05,12053,13
2e-05,12054,12
2e-05,12055,1
2e-05,12056,9
2e-05,12057,6
2e-05,12058,0
2e-05,12059,11
2e-05,12060,10
2e-05,12061,13
2e-05,12062,1
2e-05,12063,5
2e-05,12064,1
2e-05,12065,1
2e-05,12066,5
2e-05,12067,5
2e-05,12068,5
2e-05,12069,0
2e-05,12070,6
2e-05,12071,9
2e-05,12072,9
2e-05,12073,10
2e-05,12074,11
2e-05,12075,9
2e-05,12076,13
2e-05,12077,12
2e-05,12078,11
2e-05,12079,6
2e-05,12080,11
2e-05,12081,11
2e-05,12082,1
2e-05,12083,1
2e-05,12084,9
2e-05,12085,6
2e-05,12086,6
2e-05,12087,3
2e-05,12088,12
2e-05,12089,0
2e-05,12090,5
2e-05,12091,9
2e-05,12092,0
2e-05,12093,9
2e-05,12094,0
2e-05,12095,13
2e-05,12096,5
2e-05,12097,13
2e-05,12098,12
2e-05,12099,2
2e-05,12100,0
2e-05,12101,3
2e-05,12102,11
2e-05,12103,5
2e-05,12104,6
2e-05,12105,6
2e-05,12106,5
2e-05,12107,9
2e-05,12108,10
2e-05,12109,2
2e-05,12110,11
2e-05,12111,17
2e-05,12112,1
2e-05,12113,13
2e-05,12114,3
2e-05,12115,5
2e-05,12116,5
2e-05,12117,12
2e-05,12118,11
2e-05,12119,6
2e-05,12120,9
2e-05,12121,0
2e-05,12122,1
2e-05,12123,5
2e-05,12124,13
2e-05,12125,12
2e-05,12126,10
2e-05,12127,0
2e-05,12128,1
2e-05,12129,16
2e-05,12130,16
2e-05,12131,3
2e-05,12132,3
2e-05,12133,13
2e-05,12134,2
2e-05,12135,0
2e-05,12136,11
2e-05,12137,2
2e-05,12138,6
2e-05,12139,13
2e-05,12140,1
2e-05,12141,13
2e-05,12142,13
2e-05,12143,9
2e-05,12144,11
2e-05,12145,10
2e-05,12146,6
2e-05,12147,3
2e-05,12148,10
2e-05,12149,6
2e-05,12150,10
2e-05,12151,12
2e-05,12152,6
2e-05,12153,0
2e-05,12154,12
2e-05,12155,0
2e-05,12156,1
2e-05,12157,12
2e-05,12158,0
2e-05,12159,13
2e-05,12160,12
2e-05,12161,3
2e-05,12162,1
2e-05,12163,0
2e-05,12164,0
2e-05,12165,13
2e-05,12166,12
2e-05,12167,6
2e-05,12168,3
2e-05,12169,12
2e-05,12170,5
2e-05,12171,9
2e-05,12172,6
2e-05,12173,5
2e-05,12174,1
2e-05,12175,10
2e-05,12176,9
2e-05,12177,5
2e-05,12178,5
2e-05,12179,5
2e-05,12180,13
2e-05,12181,9
2e-05,12182,0
2e-05,12183,5
2e-05,12184,2
2e-05,12185,9
2e-05,12186,10
2e-05,12187,11
2e-05,12188,12
2e-05,12189,5
2e-05,12190,13
2e-05,12191,10
2e-05,12192,9
2e-05,12193,9
2e-05,12194,9
2e-05,12195,9
2e-05,12196,17
2e-05,12197,6
2e-05,12198,3
2e-05,12199,6
2e-05,12200,1
2e-05,12201,12
2e-05,12202,5
2e-05,12203,3
2e-05,12204,12
2e-05,12205,9
2e-05,12206,6
2e-05,12207,2
2e-05,12208,8
2e-05,12209,3
2e-05,12210,11
2e-05,12211,6
2e-05,12212,10
2e-05,12213,5
2e-05,12214,0
2e-05,12215,3
2e-05,12216,2
2e-05,12217,6
2e-05,12218,2
2e-05,12219,0
2e-05,12220,9
2e-05,12221,2
2e-05,12222,12
2e-05,12223,11
2e-05,12224,5
2e-05,12225,3
2e-05,12226,1
2e-05,12227,10
2e-05,12228,0
2e-05,12229,6
2e-05,12230,9
2e-05,12231,6
2e-05,12232,5
2e-05,12233,0
2e-05,12234,5
2e-05,12235,9
2e-05,12236,0
2e-05,12237,5
2e-05,12238,2
2e-05,12239,3
2e-05,12240,10
2e-05,12241,0
2e-05,12242,9
2e-05,12243,9
2e-05,12244,0
2e-05,12245,2
2e-05,12246,11
2e-05,12247,6
2e-05,12248,0
2e-05,12249,9
2e-05,12250,2
2e-05,12251,1
2e-05,12252,11
2e-05,12253,6
2e-05,12254,6
2e-05,12255,3
2e-05,12256,3
2e-05,12257,10
2e-05,12258,1
2e-05,12259,12
2e-05,12260,9
2e-05,12261,10
2e-05,12262,9
2e-05,12263,10
2e-05,12264,12
2e-05,12265,10
2e-05,12266,11
2e-05,12267,13
2e-05,12268,2
2e-05,12269,5
2e-05,12270,12
2e-05,12271,2
2e-05,12272,5
2e-05,12273,1
2e-05,12274,9
2e-05,12275,1
2e-05,12276,2
2e-05,12277,5
2e-05,12278,10
2e-05,12279,1
2e-05,12280,12
2e-05,12281,3
2e-05,12282,13
2e-05,12283,0
2e-05,12284,5
2e-05,12285,12
2e-05,12286,1
2e-05,12287,5
2e-05,12288,13
2e-05,12289,9
2e-05,12290,11
2e-05,12291,10
2e-05,12292,8
2e-05,12293,9
2e-05,12294,0
2e-05,12295,5
2e-05,12296,4
2e-05,12297,13
2e-05,12298,3
2e-05,12299,5
2e-05,12300,11
2e-05,12301,1
2e-05,12302,11
2e-05,12303,10
2e-05,12304,10
2e-05,12305,2
2e-05,12306,13
2e-05,12307,11
2e-05,12308,2
2e-05,12309,6
2e-05,12310,10
2e-05,12311,1
2e-05,12312,3
2e-05,12313,16
2e-05,12314,13
2e-05,12315,1
2e-05,12316,5
2e-05,12317,0
2e-05,12318,11
2e-05,12319,12
2e-05,12320,3
2e-05,12321,12
2e-05,12322,3
2e-05,12323,10
2e-05,12324,6
2e-05,12325,1
2e-05,12326,9
2e-05,12327,10
2e-05,12328,13
2e-05,12329,1
2e-05,12330,12
2e-05,12331,0
2e-05,12332,6
2e-05,12333,0
2e-05,12334,12
2e-05,12335,5
2e-05,12336,3
2e-05,12337,11
2e-05,12338,16
2e-05,12339,2
2e-05,12340,12
2e-05,12341,2
2e-05,12342,0
2e-05,12343,2
2e-05,12344,11
2e-05,12345,3
2e-05,12346,10
2e-05,12347,12
2e-05,12348,5
2e-05,12349,1
2e-05,12350,6
2e-05,12351,6
2e-05,12352,6
2e-05,12353,2
2e-05,12354,11
2e-05,12355,2
2e-05,12356,12
2e-05,12357,11
2e-05,12358,16
2e-05,12359,3
2e-05,12360,11
2e-05,12361,9
2e-05,12362,12
2e-05,12363,6
2e-05,12364,3
2e-05,12365,1
2e-05,12366,13
2e-05,12367,2
2e-05,12368,9
2e-05,12369,0
2e-05,12370,12
2e-05,12371,13
2e-05,12372,11
2e-05,12373,5
2e-05,12374,10
2e-05,12375,1
2e-05,12376,5
2e-05,12377,0
2e-05,12378,1
2e-05,12379,10
2e-05,12380,5
2e-05,12381,1
2e-05,12382,13
2e-05,12383,10
2e-05,12384,10
2e-05,12385,12
2e-05,12386,1
2e-05,12387,11
2e-05,12388,13
2e-05,12389,3
2e-05,12390,5
2e-05,12391,9
2e-05,12392,0
2e-05,12393,11
2e-05,12394,13
2e-05,12395,10
2e-05,12396,11
2e-05,12397,10
2e-05,12398,10
2e-05,12399,2
2e-05,12400,2
2e-05,12401,12
2e-05,12402,0
2e-05,12403,11
2e-05,12404,2
2e-05,12405,3
2e-05,12406,3
2e-05,12407,6
2e-05,12408,6
2e-05,12409,11
2e-05,12410,12
2e-05,12411,1
2e-05,12412,5
2e-05,12413,11
2e-05,12414,6
2e-05,12415,12
2e-05,12416,11
2e-05,12417,13
2e-05,12418,9
2e-05,12419,9
2e-05,12420,12
2e-05,12421,9
2e-05,12422,9
2e-05,12423,3
2e-05,12424,9
2e-05,12425,12
2e-05,12426,16
2e-05,12427,6
2e-05,12428,2
2e-05,12429,10
2e-05,12430,5
2e-05,12431,3
2e-05,12432,1
2e-05,12433,12
2e-05,12434,0
2e-05,12435,11
2e-05,12436,10
2e-05,12437,3
2e-05,12438,1
2e-05,12439,5
2e-05,12440,9
2e-05,12441,11
2e-05,12442,9
2e-05,12443,2
2e-05,12444,10
2e-05,12445,5
2e-05,12446,0
2e-05,12447,9
2e-05,12448,2
2e-05,12449,9
2e-05,12450,9
2e-05,12451,3
2e-05,12452,5
2e-05,12453,3
2e-05,12454,6
2e-05,12455,9
2e-05,12456,13
2e-05,12457,11
2e-05,12458,11
2e-05,12459,13
2e-05,12460,6
2e-05,12461,3
2e-05,12462,13
2e-05,12463,11
2e-05,12464,0
2e-05,12465,12
2e-05,12466,1
2e-05,12467,5
2e-05,12468,3
2e-05,12469,9
2e-05,12470,6
2e-05,12471,10
2e-05,12472,10
2e-05,12473,11
2e-05,12474,1
2e-05,12475,3
2e-05,12476,12
2e-05,12477,13
2e-05,12478,9
2e-05,12479,0
2e-05,12480,11
2e-05,12481,2
2e-05,12482,0
2e-05,12483,11
2e-05,12484,0
2e-05,12485,10
2e-05,12486,13
2e-05,12487,0
2e-05,12488,1
2e-05,12489,0
2e-05,12490,1
2e-05,12491,1
2e-05,12492,3
2e-05,12493,2
2e-05,12494,5
2e-05,12495,1
2e-05,12496,11
2e-05,12497,11
2e-05,12498,3
2e-05,12499,5
2e-05,12500,3
2e-05,12501,9
2e-05,12502,1
2e-05,12503,5
2e-05,12504,9
2e-05,12505,8
2e-05,12506,0
2e-05,12507,11
2e-05,12508,11
2e-05,12509,2
2e-05,12510,5
2e-05,12511,13
2e-05,12512,10
2e-05,12513,1
2e-05,12514,3
2e-05,12515,17
2e-05,12516,10
2e-05,12517,10
2e-05,12518,9
2e-05,12519,3
2e-05,12520,11
2e-05,12521,1
2e-05,12522,12
2e-05,12523,2
2e-05,12524,0
2e-05,12525,0
2e-05,12526,6
2e-05,12527,6
2e-05,12528,11
2e-05,12529,12
2e-05,12530,10
2e-05,12531,13
2e-05,12532,2
2e-05,12533,6
2e-05,12534,9
2e-05,12535,0
2e-05,12536,10
2e-05,12537,1
2e-05,12538,13
2e-05,12539,13
2e-05,12540,0
2e-05,12541,9
2e-05,12542,10
2e-05,12543,5
2e-05,12544,9
2e-05,12545,1
2e-05,12546,6
2e-05,12547,5
2e-05,12548,1
2e-05,12549,6
2e-05,12550,9
2e-05,12551,0
2e-05,12552,2
2e-05,12553,0
2e-05,12554,1
2e-05,12555,2
2e-05,12556,6
2e-05,12557,6
2e-05,12558,12
2e-05,12559,11
2e-05,12560,2
2e-05,12561,3
2e-05,12562,1
2e-05,12563,12
2e-05,12564,12
2e-05,12565,1
2e-05,12566,11
2e-05,12567,0
2e-05,12568,10
2e-05,12569,9
2e-05,12570,17
2e-05,12571,0
2e-05,12572,10
2e-05,12573,9
2e-05,12574,2
2e-05,12575,5
2e-05,12576,2
2e-05,12577,9
2e-05,12578,5
2e-05,12579,6
2e-05,12580,11
2e-05,12581,11
2e-05,12582,9
2e-05,12583,6
2e-05,12584,12
2e-05,12585,1
2e-05,12586,9
2e-05,12587,0
2e-05,12588,12
2e-05,12589,5
2e-05,12590,3
2e-05,12591,10
2e-05,12592,9
2e-05,12593,1
2e-05,12594,3
2e-05,12595,13
2e-05,12596,12
2e-05,12597,6
2e-05,12598,3
2e-05,12599,10
2e-05,12600,2
2e-05,12601,3
2e-05,12602,2
2e-05,12603,5
2e-05,12604,10
2e-05,12605,11
2e-05,12606,5
2e-05,12607,11
2e-05,12608,11
2e-05,12609,2
2e-05,12610,0
2e-05,12611,10
2e-05,12612,13
2e-05,12613,6
2e-05,12614,10
2e-05,12615,9
2e-05,12616,9
2e-05,12617,6
2e-05,12618,10
2e-05,12619,6
2e-05,12620,12
2e-05,12621,5
2e-05,12622,10
2e-05,12623,9
2e-05,12624,6
2e-05,12625,3
2e-05,12626,5
2e-05,12627,9
2e-05,12628,1
2e-05,12629,12
2e-05,12630,10
2e-05,12631,9
2e-05,12632,6
2e-05,12633,2
2e-05,12634,2
2e-05,12635,13
2e-05,12636,11
2e-05,12637,2
2e-05,12638,5
2e-05,12639,0
2e-05,12640,10
2e-05,12641,6
2e-05,12642,6
2e-05,12643,5
2e-05,12644,3
2e-05,12645,1
2e-05,12646,1
2e-05,12647,11
2e-05,12648,12
2e-05,12649,12
2e-05,12650,0
2e-05,12651,6
2e-05,12652,10
2e-05,12653,13
2e-05,12654,6
2e-05,12655,9
2e-05,12656,11
2e-05,12657,3
2e-05,12658,3
2e-05,12659,12
2e-05,12660,10
2e-05,12661,10
2e-05,12662,3
2e-05,12663,12
2e-05,12664,11
2e-05,12665,5
2e-05,12666,13
2e-05,12667,13
2e-05,12668,12
2e-05,12669,0
2e-05,12670,2
2e-05,12671,9
2e-05,12672,0
2e-05,12673,12
2e-05,12674,3
2e-05,12675,10
2e-05,12676,5
2e-05,12677,5
2e-05,12678,1
2e-05,12679,12
2e-05,12680,10
2e-05,12681,11
2e-05,12682,6
2e-05,12683,1
2e-05,12684,12
2e-05,12685,13
2e-05,12686,2
2e-05,12687,6
2e-05,12688,10
2e-05,12689,0
2e-05,12690,0
2e-05,12691,11
2e-05,12692,3
2e-05,12693,0
2e-05,12694,5
2e-05,12695,1
2e-05,12696,11
2e-05,12697,3
2e-05,12698,6
2e-05,12699,9
2e-05,12700,5
2e-05,12701,9
2e-05,12702,11
2e-05,12703,0
2e-05,12704,0
2e-05,12705,2
2e-05,12706,2
2e-05,12707,12
2e-05,12708,13
2e-05,12709,6
2e-05,12710,5
2e-05,12711,0
2e-05,12712,6
2e-05,12713,6
2e-05,12714,12
2e-05,12715,13
2e-05,12716,1
2e-05,12717,3
2e-05,12718,5
2e-05,12719,9
2e-05,12720,5
2e-05,12721,3
2e-05,12722,5
2e-05,12723,12
2e-05,12724,12
2e-05,12725,0
2e-05,12726,12
2e-05,12727,17
2e-05,12728,10
2e-05,12729,13
2e-05,12730,13
2e-05,12731,3
2e-05,12732,1
2e-05,12733,2
2e-05,12734,5
2e-05,12735,3
2e-05,12736,3
2e-05,12737,2
2e-05,12738,12
2e-05,12739,2
2e-05,12740,13
2e-05,12741,12
2e-05,12742,10
2e-05,12743,6
2e-05,12744,9
2e-05,12745,9
2e-05,12746,12
2e-05,12747,11
2e-05,12748,11
2e-05,12749,6
2e-05,12750,13
2e-05,12751,13
2e-05,12752,6
2e-05,12753,11
2e-05,12754,6
2e-05,12755,8
2e-05,12756,10
2e-05,12757,0
2e-05,12758,9
2e-05,12759,11
2e-05,12760,1
2e-05,12761,6
2e-05,12762,1
2e-05,12763,8
2e-05,12764,1
2e-05,12765,3
2e-05,12766,5
2e-05,12767,0
2e-05,12768,10
2e-05,12769,1
2e-05,12770,10
2e-05,12771,5
2e-05,12772,6
2e-05,12773,9
2e-05,12774,3
2e-05,12775,13
2e-05,12776,0
2e-05,12777,13
2e-05,12778,11
2e-05,12779,5
2e-05,12780,3
2e-05,12781,5
2e-05,12782,13
2e-05,12783,2
2e-05,12784,1
2e-05,12785,10
2e-05,12786,1
2e-05,12787,12
2e-05,12788,3
2e-05,12789,0
2e-05,12790,10
2e-05,12791,2
2e-05,12792,1
2e-05,12793,6
2e-05,12794,11
2e-05,12795,6
2e-05,12796,12
2e-05,12797,0
2e-05,12798,11
2e-05,12799,3
2e-05,12800,9
2e-05,12801,1
2e-05,12802,1
2e-05,12803,0
2e-05,12804,11
2e-05,12805,2
2e-05,12806,9
2e-05,12807,13
2e-05,12808,3
2e-05,12809,3
2e-05,12810,13
2e-05,12811,6
2e-05,12812,11
2e-05,12813,11
2e-05,12814,1
2e-05,12815,0
2e-05,12816,11
2e-05,12817,11
2e-05,12818,12
2e-05,12819,3
2e-05,12820,12
2e-05,12821,10
2e-05,12822,12
2e-05,12823,16
2e-05,12824,3
2e-05,12825,6
2e-05,12826,12
2e-05,12827,0
2e-05,12828,5
2e-05,12829,0
2e-05,12830,3
2e-05,12831,12
2e-05,12832,5
2e-05,12833,6
2e-05,12834,13
2e-05,12835,9
2e-05,12836,11
2e-05,12837,9
2e-05,12838,2
2e-05,12839,11
2e-05,12840,2
2e-05,12841,13
2e-05,12842,2
2e-05,12843,13
2e-05,12844,16
2e-05,12845,6
2e-05,12846,13
2e-05,12847,0
2e-05,12848,3
2e-05,12849,11
2e-05,12850,0
2e-05,12851,10
2e-05,12852,11
2e-05,12853,0
2e-05,12854,11
2e-05,12855,3
2e-05,12856,6
2e-05,12857,12
2e-05,12858,9
2e-05,12859,0
2e-05,12860,13
2e-05,12861,10
2e-05,12862,10
2e-05,12863,10
2e-05,12864,0
2e-05,12865,0
2e-05,12866,10
2e-05,12867,5
2e-05,12868,6
2e-05,12869,1
2e-05,12870,10
2e-05,12871,2
2e-05,12872,10
2e-05,12873,9
2e-05,12874,6
2e-05,12875,1
2e-05,12876,13
2e-05,12877,9
2e-05,12878,10
2e-05,12879,5
2e-05,12880,0
2e-05,12881,6
2e-05,12882,6
2e-05,12883,16
2e-05,12884,1
2e-05,12885,0
2e-05,12886,10
2e-05,12887,2
2e-05,12888,9
2e-05,12889,6
2e-05,12890,9
2e-05,12891,5
2e-05,12892,6
2e-05,12893,3
2e-05,12894,6
2e-05,12895,1
2e-05,12896,6
2e-05,12897,3
2e-05,12898,2
2e-05,12899,9
2e-05,12900,0
2e-05,12901,9
2e-05,12902,10
2e-05,12903,3
2e-05,12904,3
2e-05,12905,13
2e-05,12906,0
2e-05,12907,1
2e-05,12908,6
2e-05,12909,12
2e-05,12910,5
2e-05,12911,13
2e-05,12912,2
2e-05,12913,9
2e-05,12914,12
2e-05,12915,6
2e-05,12916,2
2e-05,12917,11
2e-05,12918,1
2e-05,12919,1
2e-05,12920,5
2e-05,12921,11
2e-05,12922,6
2e-05,12923,3
2e-05,12924,10
2e-05,12925,0
2e-05,12926,3
2e-05,12927,2
2e-05,12928,1
2e-05,12929,9
2e-05,12930,6
2e-05,12931,2
2e-05,12932,2
2e-05,12933,12
2e-05,12934,10
2e-05,12935,10
2e-05,12936,6
2e-05,12937,11
2e-05,12938,0
2e-05,12939,10
2e-05,12940,6
2e-05,12941,9
2e-05,12942,11
2e-05,12943,0
2e-05,12944,3
2e-05,12945,10
2e-05,12946,17
2e-05,12947,2
2e-05,12948,11
2e-05,12949,1
2e-05,12950,6
2e-05,12951,9
2e-05,12952,1
2e-05,12953,2
2e-05,12954,10
2e-05,12955,13
2e-05,12956,9
2e-05,12957,9
2e-05,12958,1
2e-05,12959,5
2e-05,12960,1
2e-05,12961,5
2e-05,12962,12
2e-05,12963,6
2e-05,12964,1
2e-05,12965,9
2e-05,12966,0
2e-05,12967,17
2e-05,12968,11
2e-05,12969,6
2e-05,12970,9
2e-05,12971,10
2e-05,12972,13
2e-05,12973,1
2e-05,12974,10
2e-05,12975,11
2e-05,12976,12
2e-05,12977,1
2e-05,12978,5
2e-05,12979,13
2e-05,12980,1
2e-05,12981,9
2e-05,12982,9
2e-05,12983,13
2e-05,12984,1
2e-05,12985,3
2e-05,12986,10
2e-05,12987,6
2e-05,12988,12
2e-05,12989,5
2e-05,12990,3
2e-05,12991,13
2e-05,12992,10
2e-05,12993,13
2e-05,12994,5
2e-05,12995,10
2e-05,12996,9
2e-05,12997,5
2e-05,12998,5
2e-05,12999,1
2e-05,13000,11
2e-05,13001,10
2e-05,13002,1
2e-05,13003,12
2e-05,13004,10
2e-05,13005,0
2e-05,13006,6
2e-05,13007,5
2e-05,13008,6
2e-05,13009,9
2e-05,13010,1
2e-05,13011,6
2e-05,13012,16
2e-05,13013,3
2e-05,13014,5
2e-05,13015,2
2e-05,13016,2
2e-05,13017,13
2e-05,13018,13
2e-05,13019,5
2e-05,13020,3
2e-05,13021,2
2e-05,13022,1
2e-05,13023,10
2e-05,13024,12
2e-05,13025,5
2e-05,13026,13
2e-05,13027,6
2e-05,13028,10
2e-05,13029,9
2e-05,13030,2
2e-05,13031,13
2e-05,13032,10
2e-05,13033,12
2e-05,13034,3
2e-05,13035,3
2e-05,13036,3
2e-05,13037,9
2e-05,13038,9
2e-05,13039,6
2e-05,13040,9
2e-05,13041,5
2e-05,13042,0
2e-05,13043,1
2e-05,13044,10
2e-05,13045,12
2e-05,13046,3
2e-05,13047,9
2e-05,13048,1
2e-05,13049,11
2e-05,13050,0
2e-05,13051,3
2e-05,13052,5
2e-05,13053,2
2e-05,13054,11
2e-05,13055,0
2e-05,13056,12
2e-05,13057,11
2e-05,13058,8
2e-05,13059,2
2e-05,13060,9
2e-05,13061,10
2e-05,13062,11
2e-05,13063,10
2e-05,13064,13
2e-05,13065,9
2e-05,13066,10
2e-05,13067,0
2e-05,13068,11
2e-05,13069,11
2e-05,13070,10
2e-05,13071,2
2e-05,13072,2
2e-05,13073,11
2e-05,13074,10
2e-05,13075,5
2e-05,13076,9
2e-05,13077,10
2e-05,13078,5
2e-05,13079,5
2e-05,13080,1
2e-05,13081,3
2e-05,13082,12
2e-05,13083,3
2e-05,13084,0
2e-05,13085,5
2e-05,13086,12
2e-05,13087,3
2e-05,13088,13
2e-05,13089,0
2e-05,13090,12
2e-05,13091,3
2e-05,13092,12
2e-05,13093,11
2e-05,13094,10
2e-05,13095,11
2e-05,13096,6
2e-05,13097,9
2e-05,13098,9
2e-05,13099,10
2e-05,13100,6
2e-05,13101,1
2e-05,13102,5
2e-05,13103,3
2e-05,13104,9
2e-05,13105,3
2e-05,13106,3
2e-05,13107,13
2e-05,13108,13
2e-05,13109,11
2e-05,13110,0
2e-05,13111,11
2e-05,13112,10
2e-05,13113,3
2e-05,13114,16
2e-05,13115,2
2e-05,13116,10
2e-05,13117,1
2e-05,13118,11
2e-05,13119,1
2e-05,13120,9
2e-05,13121,9
2e-05,13122,6
2e-05,13123,0
2e-05,13124,13
2e-05,13125,10
2e-05,13126,6
2e-05,13127,9
2e-05,13128,9
2e-05,13129,0
2e-05,13130,10
2e-05,13131,0
2e-05,13132,0
2e-05,13133,11
2e-05,13134,6
2e-05,13135,13
2e-05,13136,6
2e-05,13137,1
2e-05,13138,12
2e-05,13139,11
2e-05,13140,2
2e-05,13141,6
2e-05,13142,10
2e-05,13143,13
2e-05,13144,2
2e-05,13145,5
2e-05,13146,12
2e-05,13147,0
2e-05,13148,11
2e-05,13149,10
2e-05,13150,0
2e-05,13151,2
2e-05,13152,1
2e-05,13153,1
2e-05,13154,1
2e-05,13155,12
2e-05,13156,2
2e-05,13157,6
2e-05,13158,11
2e-05,13159,12
2e-05,13160,10
2e-05,13161,13
2e-05,13162,1
2e-05,13163,9
2e-05,13164,6
2e-05,13165,6
2e-05,13166,5
2e-05,13167,1
2e-05,13168,11
2e-05,13169,4
2e-05,13170,1
2e-05,13171,10
2e-05,13172,10
2e-05,13173,13
2e-05,13174,2
2e-05,13175,5
2e-05,13176,1
2e-05,13177,5
2e-05,13178,10
2e-05,13179,6
2e-05,13180,0
2e-05,13181,9
2e-05,13182,11
2e-05,13183,6
2e-05,13184,11
2e-05,13185,3
2e-05,13186,16
2e-05,13187,12
2e-05,13188,12
2e-05,13189,5
2e-05,13190,6
2e-05,13191,13
2e-05,13192,6
2e-05,13193,6
2e-05,13194,12
2e-05,13195,6
2e-05,13196,6
2e-05,13197,5
2e-05,13198,3
2e-05,13199,12
2e-05,13200,3
2e-05,13201,10
2e-05,13202,2
2e-05,13203,11
2e-05,13204,13
2e-05,13205,13
2e-05,13206,3
2e-05,13207,9
2e-05,13208,12
2e-05,13209,13
2e-05,13210,13
2e-05,13211,6
2e-05,13212,0
2e-05,13213,5
2e-05,13214,12
2e-05,13215,5
2e-05,13216,0
2e-05,13217,11
2e-05,13218,12
2e-05,13219,4
2e-05,13220,5
2e-05,13221,3
2e-05,13222,12
2e-05,13223,16
2e-05,13224,5
2e-05,13225,2
2e-05,13226,11
2e-05,13227,13
2e-05,13228,9
2e-05,13229,3
2e-05,13230,3
2e-05,13231,3
2e-05,13232,10
2e-05,13233,6
2e-05,13234,12
2e-05,13235,5
2e-05,13236,4
2e-05,13237,12
2e-05,13238,9
2e-05,13239,9
2e-05,13240,10
2e-05,13241,2
2e-05,13242,3
2e-05,13243,0
2e-05,13244,0
2e-05,13245,13
2e-05,13246,2
2e-05,13247,11
2e-05,13248,1
2e-05,13249,1
2e-05,13250,12
2e-05,13251,12
2e-05,13252,5
2e-05,13253,9
2e-05,13254,12
2e-05,13255,9
2e-05,13256,0
2e-05,13257,1
2e-05,13258,12
2e-05,13259,2
2e-05,13260,11
2e-05,13261,10
2e-05,13262,5
2e-05,13263,10
2e-05,13264,12
2e-05,13265,3
2e-05,13266,6
2e-05,13267,0
2e-05,13268,5
2e-05,13269,10
2e-05,13270,6
2e-05,13271,9
2e-05,13272,9
2e-05,13273,3
2e-05,13274,6
2e-05,13275,5
2e-05,13276,0
2e-05,13277,13
2e-05,13278,3
2e-05,13279,11
2e-05,13280,5
2e-05,13281,11
2e-05,13282,0
2e-05,13283,12
2e-05,13284,2
2e-05,13285,2
2e-05,13286,13
2e-05,13287,3
2e-05,13288,13
2e-05,13289,5
2e-05,13290,9
2e-05,13291,5
2e-05,13292,9
2e-05,13293,2
2e-05,13294,5
2e-05,13295,5
2e-05,13296,0
2e-05,13297,1
2e-05,13298,6
2e-05,13299,13
2e-05,13300,6
2e-05,13301,5
2e-05,13302,2
2e-05,13303,9
2e-05,13304,11
2e-05,13305,5
2e-05,13306,10
2e-05,13307,0
2e-05,13308,1
2e-05,13309,1
2e-05,13310,2
2e-05,13311,11
2e-05,13312,6
2e-05,13313,9
2e-05,13314,3
2e-05,13315,3
2e-05,13316,11
2e-05,13317,6
2e-05,13318,1
2e-05,13319,11
2e-05,13320,3
2e-05,13321,2
2e-05,13322,11
2e-05,13323,6
2e-05,13324,6
2e-05,13325,10
2e-05,13326,11
2e-05,13327,0
2e-05,13328,2
2e-05,13329,0
2e-05,13330,11
2e-05,13331,11
2e-05,13332,6
2e-05,13333,12
2e-05,13334,9
2e-05,13335,1
2e-05,13336,4
2e-05,13337,6
2e-05,13338,1
2e-05,13339,1
2e-05,13340,16
2e-05,13341,10
2e-05,13342,6
2e-05,13343,1
2e-05,13344,13
2e-05,13345,6
2e-05,13346,11
2e-05,13347,1
2e-05,13348,10
2e-05,13349,11
2e-05,13350,6
2e-05,13351,11
2e-05,13352,9
2e-05,13353,5
2e-05,13354,6
2e-05,13355,1
2e-05,13356,5
2e-05,13357,11
2e-05,13358,10
2e-05,13359,10
2e-05,13360,1
2e-05,13361,11
2e-05,13362,11
2e-05,13363,13
2e-05,13364,2
2e-05,13365,9
2e-05,13366,5
2e-05,13367,12
2e-05,13368,13
2e-05,13369,0
2e-05,13370,3
2e-05,13371,3
2e-05,13372,11
2e-05,13373,10
2e-05,13374,12
2e-05,13375,5
2e-05,13376,2
2e-05,13377,11
2e-05,13378,0
2e-05,13379,2
2e-05,13380,13
2e-05,13381,6
2e-05,13382,13
2e-05,13383,13
2e-05,13384,9
2e-05,13385,13
2e-05,13386,11
2e-05,13387,5
2e-05,13388,5
2e-05,13389,9
2e-05,13390,11
2e-05,13391,5
2e-05,13392,6
2e-05,13393,9
2e-05,13394,11
2e-05,13395,5
2e-05,13396,2
2e-05,13397,2
2e-05,13398,0
2e-05,13399,6
2e-05,13400,5
2e-05,13401,12
2e-05,13402,3
2e-05,13403,11
2e-05,13404,1
2e-05,13405,11
2e-05,13406,6
2e-05,13407,13
2e-05,13408,13
2e-05,13409,9
2e-05,13410,14
2e-05,13411,10
2e-05,13412,9
2e-05,13413,9
2e-05,13414,6
2e-05,13415,10
2e-05,13416,5
2e-05,13417,5
2e-05,13418,0
2e-05,13419,13
2e-05,13420,6
2e-05,13421,3
2e-05,13422,5
2e-05,13423,6
2e-05,13424,1
2e-05,13425,16
2e-05,13426,6
2e-05,13427,10
2e-05,13428,6
2e-05,13429,0
2e-05,13430,13
2e-05,13431,9
2e-05,13432,13
2e-05,13433,1
2e-05,13434,3
2e-05,13435,13
2e-05,13436,3
2e-05,13437,6
2e-05,13438,6
2e-05,13439,2
2e-05,13440,0
2e-05,13441,6
2e-05,13442,6
2e-05,13443,0
2e-05,13444,0
2e-05,13445,11
2e-05,13446,1
2e-05,13447,5
2e-05,13448,13
2e-05,13449,9
2e-05,13450,5
2e-05,13451,11
2e-05,13452,11
2e-05,13453,1
2e-05,13454,3
2e-05,13455,3
2e-05,13456,9
2e-05,13457,9
2e-05,13458,1
2e-05,13459,0
2e-05,13460,1
2e-05,13461,0
2e-05,13462,0
2e-05,13463,0
2e-05,13464,10
2e-05,13465,12
2e-05,13466,1
2e-05,13467,0
2e-05,13468,6
2e-05,13469,3
2e-05,13470,3
2e-05,13471,9
2e-05,13472,5
2e-05,13473,3
2e-05,13474,11
2e-05,13475,10
2e-05,13476,6
2e-05,13477,3
2e-05,13478,6
2e-05,13479,1
2e-05,13480,3
2e-05,13481,3
2e-05,13482,9
2e-05,13483,13
2e-05,13484,6
2e-05,13485,3
2e-05,13486,3
2e-05,13487,11
2e-05,13488,12
2e-05,13489,0
2e-05,13490,9
2e-05,13491,13
2e-05,13492,9
2e-05,13493,1
2e-05,13494,2
2e-05,13495,1
2e-05,13496,5
2e-05,13497,9
2e-05,13498,0
2e-05,13499,4
2e-05,13500,12
2e-05,13501,5
2e-05,13502,3
2e-05,13503,12
2e-05,13504,5
2e-05,13505,0
2e-05,13506,2
2e-05,13507,2
2e-05,13508,1
2e-05,13509,2
2e-05,13510,4
2e-05,13511,2
2e-05,13512,2
2e-05,13513,2
2e-05,13514,11
2e-05,13515,12
2e-05,13516,5
2e-05,13517,0
2e-05,13518,1
2e-05,13519,2
2e-05,13520,2
2e-05,13521,11
2e-05,13522,0
2e-05,13523,12
2e-05,13524,4
2e-05,13525,0
2e-05,13526,13
2e-05,13527,8
2e-05,13528,3
2e-05,13529,3
2e-05,13530,5
2e-05,13531,13
2e-05,13532,1
2e-05,13533,11
2e-05,13534,5
2e-05,13535,3
2e-05,13536,1
2e-05,13537,11
2e-05,13538,3
2e-05,13539,4
2e-05,13540,10
2e-05,13541,2
2e-05,13542,0
2e-05,13543,12
2e-05,13544,3
2e-05,13545,10
2e-05,13546,2
2e-05,13547,13
2e-05,13548,2
2e-05,13549,0
2e-05,13550,6
2e-05,13551,12
2e-05,13552,16
2e-05,13553,9
2e-05,13554,5
2e-05,13555,12
2e-05,13556,9
2e-05,13557,16
2e-05,13558,5
2e-05,13559,9
2e-05,13560,5
2e-05,13561,0
2e-05,13562,1
2e-05,13563,9
2e-05,13564,13
2e-05,13565,0
2e-05,13566,6
2e-05,13567,1
2e-05,13568,2
2e-05,13569,1
2e-05,13570,1
2e-05,13571,1
2e-05,13572,1
2e-05,13573,16
2e-05,13574,11
2e-05,13575,0
2e-05,13576,10
2e-05,13577,9
2e-05,13578,10
2e-05,13579,6
2e-05,13580,5
2e-05,13581,5
2e-05,13582,2
2e-05,13583,3
2e-05,13584,9
2e-05,13585,2
2e-05,13586,12
2e-05,13587,5
2e-05,13588,5
2e-05,13589,13
2e-05,13590,5
2e-05,13591,11
2e-05,13592,5
2e-05,13593,9
2e-05,13594,11
2e-05,13595,9
2e-05,13596,12
2e-05,13597,12
2e-05,13598,11
2e-05,13599,11
2e-05,13600,16
2e-05,13601,10
2e-05,13602,10
2e-05,13603,2
2e-05,13604,3
2e-05,13605,0
2e-05,13606,5
2e-05,13607,13
2e-05,13608,0
2e-05,13609,2
2e-05,13610,11
2e-05,13611,3
2e-05,13612,3
2e-05,13613,10
2e-05,13614,9
2e-05,13615,16
2e-05,13616,6
2e-05,13617,11
2e-05,13618,8
2e-05,13619,6
2e-05,13620,5
2e-05,13621,2
2e-05,13622,10
2e-05,13623,10
2e-05,13624,13
2e-05,13625,12
2e-05,13626,9
2e-05,13627,0
2e-05,13628,12
2e-05,13629,3
2e-05,13630,11
2e-05,13631,12
2e-05,13632,9
2e-05,13633,1
2e-05,13634,11
2e-05,13635,1
2e-05,13636,10
2e-05,13637,10
2e-05,13638,2
2e-05,13639,13
2e-05,13640,13
2e-05,13641,5
2e-05,13642,11
2e-05,13643,9
2e-05,13644,12
2e-05,13645,6
2e-05,13646,0
2e-05,13647,2
2e-05,13648,12
2e-05,13649,13
2e-05,13650,13
2e-05,13651,10
2e-05,13652,11
2e-05,13653,13
2e-05,13654,5
2e-05,13655,13
2e-05,13656,0
2e-05,13657,0
2e-05,13658,8
2e-05,13659,9
2e-05,13660,6
2e-05,13661,13
2e-05,13662,10
2e-05,13663,11
2e-05,13664,11
2e-05,13665,13
2e-05,13666,0
2e-05,13667,10
2e-05,13668,10
2e-05,13669,9
2e-05,13670,10
2e-05,13671,13
2e-05,13672,5
2e-05,13673,10
2e-05,13674,0
2e-05,13675,0
2e-05,13676,0
2e-05,13677,3
2e-05,13678,0
2e-05,13679,6
2e-05,13680,6
2e-05,13681,11
2e-05,13682,3
2e-05,13683,12
2e-05,13684,0
2e-05,13685,12
2e-05,13686,9
2e-05,13687,6
2e-05,13688,11
2e-05,13689,2
2e-05,13690,3
2e-05,13691,6
2e-05,13692,10
2e-05,13693,11
2e-05,13694,1
2e-05,13695,0
2e-05,13696,12
2e-05,13697,1
2e-05,13698,6
2e-05,13699,11
2e-05,13700,5
2e-05,13701,1
2e-05,13702,3
2e-05,13703,5
2e-05,13704,6
2e-05,13705,9
2e-05,13706,13
2e-05,13707,0
2e-05,13708,6
2e-05,13709,3
2e-05,13710,1
2e-05,13711,6
2e-05,13712,5
2e-05,13713,6
2e-05,13714,9
2e-05,13715,0
2e-05,13716,0
2e-05,13717,1
2e-05,13718,1
2e-05,13719,1
2e-05,13720,12
2e-05,13721,6
2e-05,13722,6
2e-05,13723,11
2e-05,13724,0
2e-05,13725,12
2e-05,13726,9
2e-05,13727,11
2e-05,13728,2
2e-05,13729,10
2e-05,13730,12
2e-05,13731,11
2e-05,13732,11
2e-05,13733,11
2e-05,13734,11
2e-05,13735,0
2e-05,13736,13
2e-05,13737,1
2e-05,13738,1
2e-05,13739,0
2e-05,13740,0
2e-05,13741,11
2e-05,13742,6
2e-05,13743,11
2e-05,13744,13
2e-05,13745,10
2e-05,13746,1
2e-05,13747,11
2e-05,13748,5
2e-05,13749,8
2e-05,13750,1
2e-05,13751,9
2e-05,13752,2
2e-05,13753,11
2e-05,13754,12
2e-05,13755,13
2e-05,13756,6
2e-05,13757,2
2e-05,13758,12
2e-05,13759,10
2e-05,13760,11
2e-05,13761,13
2e-05,13762,10
2e-05,13763,10
2e-05,13764,6
2e-05,13765,6
2e-05,13766,11
2e-05,13767,5
2e-05,13768,12
2e-05,13769,11
2e-05,13770,6
2e-05,13771,9
2e-05,13772,7
2e-05,13773,2
2e-05,13774,9
2e-05,13775,6
2e-05,13776,6
2e-05,13777,6
2e-05,13778,12
2e-05,13779,6
2e-05,13780,13
2e-05,13781,1
2e-05,13782,9
2e-05,13783,2
2e-05,13784,12
2e-05,13785,5
2e-05,13786,0
2e-05,13787,10
2e-05,13788,11
2e-05,13789,9
2e-05,13790,8
2e-05,13791,2
2e-05,13792,5
2e-05,13793,6
2e-05,13794,11
2e-05,13795,6
2e-05,13796,12
2e-05,13797,5
2e-05,13798,8
2e-05,13799,13
2e-05,13800,3
2e-05,13801,9
2e-05,13802,5
2e-05,13803,1
2e-05,13804,16
2e-05,13805,12
2e-05,13806,9
2e-05,13807,5
2e-05,13808,2
2e-05,13809,10
2e-05,13810,6
2e-05,13811,13
2e-05,13812,2
2e-05,13813,13
2e-05,13814,3
2e-05,13815,0
2e-05,13816,5
2e-05,13817,3
2e-05,13818,11
2e-05,13819,1
2e-05,13820,3
2e-05,13821,5
2e-05,13822,2
2e-05,13823,6
2e-05,13824,10
2e-05,13825,11
2e-05,13826,3
2e-05,13827,9
2e-05,13828,5
2e-05,13829,10
2e-05,13830,6
2e-05,13831,9
2e-05,13832,9
2e-05,13833,2
2e-05,13834,13
2e-05,13835,8
2e-05,13836,2
2e-05,13837,0
2e-05,13838,1
2e-05,13839,11
2e-05,13840,10
2e-05,13841,9
2e-05,13842,0
2e-05,13843,13
2e-05,13844,0
2e-05,13845,12
2e-05,13846,12
2e-05,13847,6
2e-05,13848,12
2e-05,13849,3
2e-05,13850,9
2e-05,13851,9
2e-05,13852,6
2e-05,13853,5
2e-05,13854,6
2e-05,13855,5
2e-05,13856,10
2e-05,13857,0
2e-05,13858,12
2e-05,13859,3
2e-05,13860,2
2e-05,13861,3
2e-05,13862,5
2e-05,13863,12
2e-05,13864,6
2e-05,13865,12
2e-05,13866,1
2e-05,13867,1
2e-05,13868,5
2e-05,13869,12
2e-05,13870,6
2e-05,13871,5
2e-05,13872,11
2e-05,13873,0
2e-05,13874,9
2e-05,13875,11
2e-05,13876,6
2e-05,13877,0
2e-05,13878,1
2e-05,13879,1
2e-05,13880,9
2e-05,13881,11
2e-05,13882,14
2e-05,13883,0
2e-05,13884,1
2e-05,13885,0
2e-05,13886,1
2e-05,13887,5
2e-05,13888,11
2e-05,13889,5
2e-05,13890,13
2e-05,13891,6
2e-05,13892,16
2e-05,13893,12
2e-05,13894,10
2e-05,13895,0
2e-05,13896,5
2e-05,13897,6
2e-05,13898,3
2e-05,13899,12
2e-05,13900,11
2e-05,13901,1
2e-05,13902,2
2e-05,13903,1
2e-05,13904,12
2e-05,13905,6
2e-05,13906,1
2e-05,13907,10
2e-05,13908,12
2e-05,13909,0
2e-05,13910,17
2e-05,13911,0
2e-05,13912,6
2e-05,13913,10
2e-05,13914,6
2e-05,13915,5
2e-05,13916,12
2e-05,13917,6
2e-05,13918,1
2e-05,13919,2
2e-05,13920,6
2e-05,13921,6
2e-05,13922,1
2e-05,13923,3
2e-05,13924,10
2e-05,13925,0
2e-05,13926,13
2e-05,13927,2
2e-05,13928,10
2e-05,13929,9
2e-05,13930,3
2e-05,13931,3
2e-05,13932,12
2e-05,13933,3
2e-05,13934,12
2e-05,13935,1
2e-05,13936,1
2e-05,13937,13
2e-05,13938,5
2e-05,13939,2
2e-05,13940,11
2e-05,13941,10
2e-05,13942,13
2e-05,13943,2
2e-05,13944,6
2e-05,13945,9
2e-05,13946,12
2e-05,13947,9
2e-05,13948,13
2e-05,13949,0
2e-05,13950,1
2e-05,13951,12
2e-05,13952,10
2e-05,13953,9
2e-05,13954,10
2e-05,13955,3
2e-05,13956,5
2e-05,13957,10
2e-05,13958,13
2e-05,13959,2
2e-05,13960,1
2e-05,13961,9
2e-05,13962,8
2e-05,13963,1
2e-05,13964,12
2e-05,13965,9
2e-05,13966,11
2e-05,13967,0
2e-05,13968,5
2e-05,13969,9
2e-05,13970,2
2e-05,13971,11
2e-05,13972,10
2e-05,13973,3
2e-05,13974,6
2e-05,13975,0
2e-05,13976,3
2e-05,13977,12
2e-05,13978,11
2e-05,13979,4
2e-05,13980,9
2e-05,13981,5
2e-05,13982,10
2e-05,13983,5
2e-05,13984,10
2e-05,13985,9
2e-05,13986,12
2e-05,13987,11
2e-05,13988,3
2e-05,13989,12
2e-05,13990,9
2e-05,13991,10
2e-05,13992,5
2e-05,13993,6
2e-05,13994,3
2e-05,13995,3
2e-05,13996,1
2e-05,13997,12
2e-05,13998,9
2e-05,13999,0
2e-05,14000,13
2e-05,14001,12
2e-05,14002,11
2e-05,14003,11
2e-05,14004,5
2e-05,14005,12
2e-05,14006,1
2e-05,14007,1
2e-05,14008,13
2e-05,14009,0
2e-05,14010,2
2e-05,14011,0
2e-05,14012,2
2e-05,14013,10
2e-05,14014,0
2e-05,14015,1
2e-05,14016,11
2e-05,14017,11
2e-05,14018,9
2e-05,14019,12
2e-05,14020,3
2e-05,14021,2
2e-05,14022,10
2e-05,14023,10
2e-05,14024,2
2e-05,14025,0
2e-05,14026,12
2e-05,14027,16
2e-05,14028,11
2e-05,14029,9
2e-05,14030,12
2e-05,14031,13
2e-05,14032,3
2e-05,14033,9
2e-05,14034,1
2e-05,14035,9
2e-05,14036,1
2e-05,14037,2
2e-05,14038,6
2e-05,14039,9
2e-05,14040,7
2e-05,14041,3
2e-05,14042,3
2e-05,14043,1
2e-05,14044,11
2e-05,14045,6
2e-05,14046,6
2e-05,14047,2
2e-05,14048,10
2e-05,14049,3
2e-05,14050,0
2e-05,14051,3
2e-05,14052,12
2e-05,14053,10
2e-05,14054,10
2e-05,14055,0
2e-05,14056,9
2e-05,14057,1
2e-05,14058,12
2e-05,14059,1
2e-05,14060,9
2e-05,14061,5
2e-05,14062,2
2e-05,14063,9
2e-05,14064,10
2e-05,14065,12
2e-05,14066,3
2e-05,14067,0
2e-05,14068,13
2e-05,14069,2
2e-05,14070,1
2e-05,14071,2
2e-05,14072,6
2e-05,14073,9
2e-05,14074,1
2e-05,14075,2
2e-05,14076,5
2e-05,14077,11
2e-05,14078,10
2e-05,14079,12
2e-05,14080,0
2e-05,14081,11
2e-05,14082,6
2e-05,14083,2
2e-05,14084,11
2e-05,14085,5
2e-05,14086,13
2e-05,14087,12
2e-05,14088,12
2e-05,14089,2
2e-05,14090,12
2e-05,14091,6
2e-05,14092,10
2e-05,14093,10
2e-05,14094,6
2e-05,14095,6
2e-05,14096,11
2e-05,14097,11
2e-05,14098,5
2e-05,14099,11
2e-05,14100,13
2e-05,14101,0
2e-05,14102,12
2e-05,14103,9
2e-05,14104,6
2e-05,14105,12
2e-05,14106,16
2e-05,14107,16
2e-05,14108,2
2e-05,14109,13
2e-05,14110,6
2e-05,14111,12
2e-05,14112,11
2e-05,14113,0
2e-05,14114,13
2e-05,14115,5
2e-05,14116,2
2e-05,14117,0
2e-05,14118,1
2e-05,14119,12
2e-05,14120,5
2e-05,14121,9
2e-05,14122,9
2e-05,14123,9
2e-05,14124,6
2e-05,14125,0
2e-05,14126,1
2e-05,14127,1
2e-05,14128,5
2e-05,14129,5
2e-05,14130,10
2e-05,14131,0
2e-05,14132,16
2e-05,14133,13
2e-05,14134,1
2e-05,14135,13
2e-05,14136,12
2e-05,14137,9
2e-05,14138,13
2e-05,14139,10
2e-05,14140,10
2e-05,14141,13
2e-05,14142,10
2e-05,14143,5
2e-05,14144,6
2e-05,14145,1
2e-05,14146,11
2e-05,14147,12
2e-05,14148,1
2e-05,14149,11
2e-05,14150,16
2e-05,14151,11
2e-05,14152,9
2e-05,14153,12
2e-05,14154,2
2e-05,14155,3
2e-05,14156,2
2e-05,14157,3
2e-05,14158,0
2e-05,14159,2
2e-05,14160,2
2e-05,14161,6
2e-05,14162,9
2e-05,14163,12
2e-05,14164,6
2e-05,14165,13
2e-05,14166,11
2e-05,14167,2
2e-05,14168,0
2e-05,14169,0
2e-05,14170,6
2e-05,14171,11
2e-05,14172,9
2e-05,14173,10
2e-05,14174,0
2e-05,14175,6
2e-05,14176,10
2e-05,14177,9
2e-05,14178,1
2e-05,14179,3
2e-05,14180,3
2e-05,14181,6
2e-05,14182,10
2e-05,14183,13
2e-05,14184,10
2e-05,14185,11
2e-05,14186,10
2e-05,14187,2
2e-05,14188,9
2e-05,14189,10
2e-05,14190,5
2e-05,14191,2
2e-05,14192,0
2e-05,14193,0
2e-05,14194,3
2e-05,14195,11
2e-05,14196,3
2e-05,14197,2
2e-05,14198,3
2e-05,14199,10
2e-05,14200,2
2e-05,14201,0
2e-05,14202,9
2e-05,14203,6
2e-05,14204,11
2e-05,14205,11
2e-05,14206,5
2e-05,14207,8
2e-05,14208,13
2e-05,14209,13
2e-05,14210,2
2e-05,14211,13
2e-05,14212,2
2e-05,14213,13
2e-05,14214,6
2e-05,14215,11
2e-05,14216,2
2e-05,14217,1
2e-05,14218,10
2e-05,14219,6
2e-05,14220,6
2e-05,14221,3
2e-05,14222,10
2e-05,14223,11
2e-05,14224,3
2e-05,14225,0
2e-05,14226,1
2e-05,14227,1
2e-05,14228,3
2e-05,14229,2
2e-05,14230,17
2e-05,14231,0
2e-05,14232,16
2e-05,14233,9
2e-05,14234,11
2e-05,14235,2
2e-05,14236,12
2e-05,14237,12
2e-05,14238,13
2e-05,14239,12
2e-05,14240,13
2e-05,14241,11
2e-05,14242,5
2e-05,14243,11
2e-05,14244,0
2e-05,14245,0
2e-05,14246,13
2e-05,14247,11
2e-05,14248,12
2e-05,14249,11
2e-05,14250,10
2e-05,14251,4
2e-05,14252,13
2e-05,14253,2
2e-05,14254,1
2e-05,14255,11
2e-05,14256,3
2e-05,14257,6
2e-05,14258,2
2e-05,14259,1
2e-05,14260,4
2e-05,14261,0
2e-05,14262,3
2e-05,14263,2
2e-05,14264,2
2e-05,14265,5
2e-05,14266,0
2e-05,14267,3
2e-05,14268,1
2e-05,14269,1
2e-05,14270,6
2e-05,14271,10
2e-05,14272,3
2e-05,14273,11
2e-05,14274,12
2e-05,14275,2
2e-05,14276,5
2e-05,14277,13
2e-05,14278,9
2e-05,14279,11
2e-05,14280,2
2e-05,14281,1
2e-05,14282,6
2e-05,14283,0
2e-05,14284,11
2e-05,14285,5
2e-05,14286,11
2e-05,14287,9
2e-05,14288,3
2e-05,14289,6
2e-05,14290,1
2e-05,14291,11
2e-05,14292,5
2e-05,14293,2
2e-05,14294,10
2e-05,14295,9
2e-05,14296,0
2e-05,14297,5
2e-05,14298,11
2e-05,14299,0
2e-05,14300,11
2e-05,14301,12
2e-05,14302,3
2e-05,14303,2
2e-05,14304,5
2e-05,14305,6
2e-05,14306,9
2e-05,14307,3
2e-05,14308,0
2e-05,14309,6
2e-05,14310,11
2e-05,14311,5
2e-05,14312,9
2e-05,14313,1
2e-05,14314,11
2e-05,14315,9
2e-05,14316,1
2e-05,14317,11
2e-05,14318,1
2e-05,14319,0
2e-05,14320,9
2e-05,14321,13
2e-05,14322,6
2e-05,14323,17
2e-05,14324,6
2e-05,14325,1
2e-05,14326,10
2e-05,14327,5
2e-05,14328,1
2e-05,14329,13
2e-05,14330,11
2e-05,14331,5
2e-05,14332,3
2e-05,14333,10
2e-05,14334,3
2e-05,14335,11
2e-05,14336,0
2e-05,14337,11
2e-05,14338,11
2e-05,14339,2
2e-05,14340,3
2e-05,14341,6
2e-05,14342,13
2e-05,14343,1
2e-05,14344,0
2e-05,14345,11
2e-05,14346,6
2e-05,14347,6
2e-05,14348,10
2e-05,14349,6
2e-05,14350,12
2e-05,14351,9
2e-05,14352,9
2e-05,14353,11
2e-05,14354,0
2e-05,14355,10
2e-05,14356,3
2e-05,14357,3
2e-05,14358,6
2e-05,14359,2
2e-05,14360,9
2e-05,14361,0
2e-05,14362,2
2e-05,14363,12
2e-05,14364,10
2e-05,14365,5
2e-05,14366,0
2e-05,14367,9
2e-05,14368,9
2e-05,14369,2
2e-05,14370,10
2e-05,14371,11
2e-05,14372,12
2e-05,14373,3
2e-05,14374,12
2e-05,14375,11
2e-05,14376,10
2e-05,14377,13
2e-05,14378,13
2e-05,14379,10
2e-05,14380,3
2e-05,14381,1
2e-05,14382,2
2e-05,14383,10
2e-05,14384,11
2e-05,14385,11
2e-05,14386,5
2e-05,14387,10
2e-05,14388,1
2e-05,14389,1
2e-05,14390,6
2e-05,14391,6
2e-05,14392,3
2e-05,14393,0
2e-05,14394,5
2e-05,14395,13
2e-05,14396,11
2e-05,14397,6
2e-05,14398,13
2e-05,14399,10
2e-05,14400,2
2e-05,14401,5
2e-05,14402,12
2e-05,14403,12
2e-05,14404,2
2e-05,14405,16
2e-05,14406,0
2e-05,14407,12
2e-05,14408,2
2e-05,14409,5
2e-05,14410,16
2e-05,14411,9
2e-05,14412,11
2e-05,14413,0
2e-05,14414,9
2e-05,14415,11
2e-05,14416,0
2e-05,14417,1
2e-05,14418,11
2e-05,14419,3
2e-05,14420,9
2e-05,14421,0
2e-05,14422,9
2e-05,14423,16
2e-05,14424,13
2e-05,14425,5
2e-05,14426,1
2e-05,14427,13
2e-05,14428,3
2e-05,14429,12
2e-05,14430,9
2e-05,14431,0
2e-05,14432,6
2e-05,14433,6
2e-05,14434,11
2e-05,14435,1
2e-05,14436,11
2e-05,14437,3
2e-05,14438,2
2e-05,14439,9
2e-05,14440,6
2e-05,14441,5
2e-05,14442,13
2e-05,14443,0
2e-05,14444,13
2e-05,14445,2
2e-05,14446,12
2e-05,14447,1
2e-05,14448,1
2e-05,14449,9
2e-05,14450,2
2e-05,14451,9
2e-05,14452,12
2e-05,14453,5
2e-05,14454,6
2e-05,14455,12
2e-05,14456,0
2e-05,14457,3
2e-05,14458,7
2e-05,14459,6
2e-05,14460,11
2e-05,14461,6
2e-05,14462,11
2e-05,14463,1
2e-05,14464,2
2e-05,14465,0
2e-05,14466,1
2e-05,14467,6
2e-05,14468,1
2e-05,14469,11
2e-05,14470,8
2e-05,14471,12
2e-05,14472,6
2e-05,14473,2
2e-05,14474,6
2e-05,14475,11
2e-05,14476,2
2e-05,14477,0
2e-05,14478,9
2e-05,14479,12
2e-05,14480,0
2e-05,14481,10
2e-05,14482,3
2e-05,14483,10
2e-05,14484,6
2e-05,14485,5
2e-05,14486,10
2e-05,14487,10
2e-05,14488,5
2e-05,14489,0
2e-05,14490,9
2e-05,14491,10
2e-05,14492,9
2e-05,14493,3
2e-05,14494,12
2e-05,14495,4
2e-05,14496,6
2e-05,14497,9
2e-05,14498,6
2e-05,14499,12
2e-05,14500,5
2e-05,14501,0
2e-05,14502,9
2e-05,14503,6
2e-05,14504,3
2e-05,14505,6
2e-05,14506,12
2e-05,14507,9
2e-05,14508,3
2e-05,14509,12
2e-05,14510,13
2e-05,14511,5
2e-05,14512,5
2e-05,14513,1
2e-05,14514,3
2e-05,14515,12
2e-05,14516,10
2e-05,14517,9
2e-05,14518,0
2e-05,14519,5
2e-05,14520,12
2e-05,14521,5
2e-05,14522,6
2e-05,14523,2
2e-05,14524,5
2e-05,14525,10
2e-05,14526,5
2e-05,14527,11
2e-05,14528,5
2e-05,14529,10
2e-05,14530,2
2e-05,14531,10
2e-05,14532,0
2e-05,14533,0
2e-05,14534,5
2e-05,14535,5
2e-05,14536,2
2e-05,14537,3
2e-05,14538,11
2e-05,14539,1
2e-05,14540,3
2e-05,14541,9
2e-05,14542,5
2e-05,14543,6
2e-05,14544,10
2e-05,14545,2
2e-05,14546,6
2e-05,14547,16
2e-05,14548,3
2e-05,14549,1
2e-05,14550,13
2e-05,14551,0
2e-05,14552,11
2e-05,14553,5
2e-05,14554,3
2e-05,14555,3
2e-05,14556,3
2e-05,14557,6
2e-05,14558,1
2e-05,14559,12
2e-05,14560,5
2e-05,14561,11
2e-05,14562,0
2e-05,14563,12
2e-05,14564,2
2e-05,14565,2
2e-05,14566,0
2e-05,14567,10
2e-05,14568,6
2e-05,14569,0
2e-05,14570,1
2e-05,14571,11
2e-05,14572,10
2e-05,14573,1
2e-05,14574,10
2e-05,14575,9
2e-05,14576,13
2e-05,14577,5
2e-05,14578,2
2e-05,14579,6
2e-05,14580,11
2e-05,14581,9
2e-05,14582,1
2e-05,14583,11
2e-05,14584,11
2e-05,14585,12
2e-05,14586,6
2e-05,14587,3
2e-05,14588,9
2e-05,14589,3
2e-05,14590,12
2e-05,14591,11
2e-05,14592,11
2e-05,14593,6
2e-05,14594,2
2e-05,14595,2
2e-05,14596,1
2e-05,14597,11
2e-05,14598,13
2e-05,14599,1
2e-05,14600,6
2e-05,14601,0
2e-05,14602,0
2e-05,14603,6
2e-05,14604,4
2e-05,14605,1
2e-05,14606,0
2e-05,14607,12
2e-05,14608,11
2e-05,14609,6
2e-05,14610,13
2e-05,14611,1
2e-05,14612,3
2e-05,14613,11
2e-05,14614,2
2e-05,14615,0
2e-05,14616,1
2e-05,14617,11
2e-05,14618,3
2e-05,14619,10
2e-05,14620,2
2e-05,14621,11
2e-05,14622,5
2e-05,14623,3
2e-05,14624,10
2e-05,14625,12
2e-05,14626,10
2e-05,14627,5
2e-05,14628,12
2e-05,14629,3
2e-05,14630,1
2e-05,14631,9
2e-05,14632,2
2e-05,14633,12
2e-05,14634,0
2e-05,14635,10
2e-05,14636,12
2e-05,14637,6
2e-05,14638,11
2e-05,14639,5
2e-05,14640,2
2e-05,14641,3
2e-05,14642,11
2e-05,14643,3
2e-05,14644,5
2e-05,14645,2
2e-05,14646,3
2e-05,14647,10
2e-05,14648,2
2e-05,14649,3
2e-05,14650,6
2e-05,14651,0
2e-05,14652,11
2e-05,14653,2
2e-05,14654,10
2e-05,14655,6
2e-05,14656,1
2e-05,14657,10
2e-05,14658,0
2e-05,14659,10
2e-05,14660,11
2e-05,14661,5
2e-05,14662,0
2e-05,14663,11
2e-05,14664,12
2e-05,14665,1
2e-05,14666,2
2e-05,14667,12
2e-05,14668,6
2e-05,14669,13
2e-05,14670,16
2e-05,14671,5
2e-05,14672,12
2e-05,14673,16
2e-05,14674,5
2e-05,14675,2
2e-05,14676,11
2e-05,14677,10
2e-05,14678,3
2e-05,14679,3
2e-05,14680,1
2e-05,14681,2
2e-05,14682,12
2e-05,14683,10
2e-05,14684,11
2e-05,14685,3
2e-05,14686,9
2e-05,14687,3
2e-05,14688,2
2e-05,14689,0
2e-05,14690,12
2e-05,14691,3
2e-05,14692,6
2e-05,14693,6
2e-05,14694,6
2e-05,14695,0
2e-05,14696,10
2e-05,14697,2
2e-05,14698,12
2e-05,14699,0
2e-05,14700,5
2e-05,14701,5
2e-05,14702,13
2e-05,14703,12
2e-05,14704,5
2e-05,14705,9
2e-05,14706,10
2e-05,14707,5
2e-05,14708,5
2e-05,14709,0
2e-05,14710,5
2e-05,14711,1
2e-05,14712,6
2e-05,14713,12
2e-05,14714,11
2e-05,14715,11
2e-05,14716,1
2e-05,14717,1
2e-05,14718,1
2e-05,14719,11
2e-05,14720,0
2e-05,14721,6
2e-05,14722,11
2e-05,14723,6
2e-05,14724,3
2e-05,14725,3
2e-05,14726,10
2e-05,14727,11
2e-05,14728,13
2e-05,14729,6
2e-05,14730,0
2e-05,14731,11
2e-05,14732,5
2e-05,14733,0
2e-05,14734,1
2e-05,14735,12
2e-05,14736,3
2e-05,14737,9
2e-05,14738,3
2e-05,14739,12
2e-05,14740,5
2e-05,14741,13
2e-05,14742,1
2e-05,14743,11
2e-05,14744,0
2e-05,14745,9
2e-05,14746,0
2e-05,14747,9
2e-05,14748,12
2e-05,14749,9
2e-05,14750,8
2e-05,14751,0
2e-05,14752,3
2e-05,14753,5
2e-05,14754,10
2e-05,14755,5
2e-05,14756,6
2e-05,14757,5
2e-05,14758,6
2e-05,14759,11
2e-05,14760,5
2e-05,14761,13
2e-05,14762,13
2e-05,14763,3
2e-05,14764,11
2e-05,14765,0
2e-05,14766,5
2e-05,14767,11
2e-05,14768,1
2e-05,14769,13
2e-05,14770,5
2e-05,14771,2
2e-05,14772,1
2e-05,14773,11
2e-05,14774,13
2e-05,14775,2
2e-05,14776,3
2e-05,14777,1
2e-05,14778,10
2e-05,14779,4
2e-05,14780,3
2e-05,14781,12
2e-05,14782,6
2e-05,14783,6
2e-05,14784,9
2e-05,14785,13
2e-05,14786,0
2e-05,14787,12
2e-05,14788,12
2e-05,14789,2
2e-05,14790,0
2e-05,14791,11
2e-05,14792,11
2e-05,14793,16
2e-05,14794,10
2e-05,14795,11
2e-05,14796,12
2e-05,14797,3
2e-05,14798,6
2e-05,14799,6
2e-05,14800,5
2e-05,14801,13
2e-05,14802,9
2e-05,14803,2
2e-05,14804,11
2e-05,14805,12
2e-05,14806,12
2e-05,14807,6
2e-05,14808,9
2e-05,14809,1
2e-05,14810,9
2e-05,14811,10
2e-05,14812,6
2e-05,14813,10
2e-05,14814,0
2e-05,14815,12
2e-05,14816,1
2e-05,14817,5
2e-05,14818,5
2e-05,14819,9
2e-05,14820,6
2e-05,14821,11
2e-05,14822,5
2e-05,14823,11
2e-05,14824,6
2e-05,14825,1
2e-05,14826,1
2e-05,14827,11
2e-05,14828,0
2e-05,14829,11
2e-05,14830,3
2e-05,14831,9
2e-05,14832,1
2e-05,14833,3
2e-05,14834,6
2e-05,14835,0
2e-05,14836,1
2e-05,14837,1
2e-05,14838,13
2e-05,14839,10
2e-05,14840,2
2e-05,14841,12
2e-05,14842,6
2e-05,14843,0
2e-05,14844,11
2e-05,14845,1
2e-05,14846,5
2e-05,14847,11
2e-05,14848,5
2e-05,14849,3
2e-05,14850,1
2e-05,14851,9
2e-05,14852,3
2e-05,14853,11
2e-05,14854,9
2e-05,14855,10
2e-05,14856,3
2e-05,14857,11
2e-05,14858,3
2e-05,14859,9
2e-05,14860,12
2e-05,14861,12
2e-05,14862,11
2e-05,14863,10
2e-05,14864,9
2e-05,14865,2
2e-05,14866,11
2e-05,14867,9
2e-05,14868,3
2e-05,14869,6
2e-05,14870,12
2e-05,14871,6
2e-05,14872,10
2e-05,14873,1
2e-05,14874,1
2e-05,14875,1
2e-05,14876,3
2e-05,14877,1
2e-05,14878,2
2e-05,14879,2
2e-05,14880,5
2e-05,14881,2
2e-05,14882,11
2e-05,14883,3
2e-05,14884,5
2e-05,14885,0
2e-05,14886,9
2e-05,14887,2
2e-05,14888,3
2e-05,14889,2
2e-05,14890,2
2e-05,14891,1
2e-05,14892,6
2e-05,14893,6
2e-05,14894,0
2e-05,14895,13
2e-05,14896,0
2e-05,14897,0
2e-05,14898,10
2e-05,14899,5
2e-05,14900,3
2e-05,14901,10
2e-05,14902,5
2e-05,14903,3
2e-05,14904,5
2e-05,14905,12
2e-05,14906,1
2e-05,14907,0
2e-05,14908,12
2e-05,14909,13
2e-05,14910,9
2e-05,14911,11
2e-05,14912,12
2e-05,14913,10
2e-05,14914,13
2e-05,14915,6
2e-05,14916,12
2e-05,14917,11
2e-05,14918,11
2e-05,14919,9
2e-05,14920,9
2e-05,14921,2
2e-05,14922,11
2e-05,14923,6
2e-05,14924,9
2e-05,14925,12
2e-05,14926,9
2e-05,14927,13
2e-05,14928,13
2e-05,14929,1
2e-05,14930,9
2e-05,14931,13
2e-05,14932,5
2e-05,14933,15
2e-05,14934,1
2e-05,14935,2
2e-05,14936,13
2e-05,14937,12
2e-05,14938,1
2e-05,14939,13
2e-05,14940,1
2e-05,14941,2
2e-05,14942,11
2e-05,14943,3
2e-05,14944,1
2e-05,14945,1
2e-05,14946,0
2e-05,14947,6
2e-05,14948,13
2e-05,14949,10
2e-05,14950,8
2e-05,14951,2
2e-05,14952,12
2e-05,14953,5
2e-05,14954,12
2e-05,14955,1
2e-05,14956,1
2e-05,14957,5
2e-05,14958,10
2e-05,14959,3
2e-05,14960,10
2e-05,14961,12
2e-05,14962,2
2e-05,14963,1
2e-05,14964,3
2e-05,14965,1
2e-05,14966,11
2e-05,14967,9
2e-05,14968,13
2e-05,14969,11
2e-05,14970,2
2e-05,14971,3
2e-05,14972,0
2e-05,14973,6
2e-05,14974,12
2e-05,14975,5
2e-05,14976,3
2e-05,14977,0
2e-05,14978,11
2e-05,14979,13
2e-05,14980,2
2e-05,14981,0
2e-05,14982,13
2e-05,14983,2
2e-05,14984,11
2e-05,14985,13
2e-05,14986,12
2e-05,14987,13
2e-05,14988,6
2e-05,14989,10
2e-05,14990,12
2e-05,14991,9
2e-05,14992,12
2e-05,14993,6
2e-05,14994,3
2e-05,14995,3
2e-05,14996,5
2e-05,14997,13
2e-05,14998,16
2e-05,14999,6
2e-05,15000,8
2e-05,15001,6
2e-05,15002,11
2e-05,15003,1
2e-05,15004,3
2e-05,15005,6
2e-05,15006,0
2e-05,15007,11
2e-05,15008,11
2e-05,15009,0
2e-05,15010,2
2e-05,15011,6
2e-05,15012,9
2e-05,15013,6
2e-05,15014,5
2e-05,15015,2
2e-05,15016,1
2e-05,15017,5
2e-05,15018,5
2e-05,15019,2
2e-05,15020,2
2e-05,15021,11
2e-05,15022,13
2e-05,15023,6
2e-05,15024,6
2e-05,15025,10
2e-05,15026,11
2e-05,15027,12
2e-05,15028,12
2e-05,15029,2
2e-05,15030,6
2e-05,15031,3
2e-05,15032,2
2e-05,15033,5
2e-05,15034,0
2e-05,15035,3
2e-05,15036,5
2e-05,15037,2
2e-05,15038,5
2e-05,15039,11
2e-05,15040,0
2e-05,15041,9
2e-05,15042,2
2e-05,15043,2
2e-05,15044,12
2e-05,15045,3
2e-05,15046,9
2e-05,15047,2
2e-05,15048,2
2e-05,15049,10
2e-05,15050,6
2e-05,15051,6
2e-05,15052,9
2e-05,15053,2
2e-05,15054,5
2e-05,15055,2
2e-05,15056,1
2e-05,15057,11
2e-05,15058,8
2e-05,15059,12
2e-05,15060,3
2e-05,15061,11
2e-05,15062,10
2e-05,15063,11
2e-05,15064,3
2e-05,15065,0
2e-05,15066,3
2e-05,15067,6
2e-05,15068,4
2e-05,15069,12
2e-05,15070,0
2e-05,15071,10
2e-05,15072,13
2e-05,15073,6
2e-05,15074,1
2e-05,15075,9
2e-05,15076,5
2e-05,15077,6
2e-05,15078,6
2e-05,15079,9
2e-05,15080,3
2e-05,15081,2
2e-05,15082,12
2e-05,15083,6
2e-05,15084,12
2e-05,15085,13
2e-05,15086,6
2e-05,15087,3
2e-05,15088,12
2e-05,15089,10
2e-05,15090,6
2e-05,15091,6
2e-05,15092,3
2e-05,15093,0
2e-05,15094,5
2e-05,15095,5
2e-05,15096,12
2e-05,15097,9
2e-05,15098,0
2e-05,15099,0
2e-05,15100,10
2e-05,15101,12
2e-05,15102,1
2e-05,15103,5
2e-05,15104,1
2e-05,15105,6
2e-05,15106,0
2e-05,15107,13
2e-05,15108,12
2e-05,15109,5
2e-05,15110,12
2e-05,15111,11
2e-05,15112,9
2e-05,15113,5
2e-05,15114,10
2e-05,15115,12
2e-05,15116,0
2e-05,15117,11
2e-05,15118,11
2e-05,15119,5
2e-05,15120,4
2e-05,15121,11
2e-05,15122,0
2e-05,15123,0
2e-05,15124,13
2e-05,15125,9
2e-05,15126,9
2e-05,15127,3
2e-05,15128,12
2e-05,15129,11
2e-05,15130,1
2e-05,15131,1
2e-05,15132,1
2e-05,15133,0
2e-05,15134,0
2e-05,15135,6
2e-05,15136,12
2e-05,15137,13
2e-05,15138,12
2e-05,15139,11
2e-05,15140,1
2e-05,15141,16
2e-05,15142,10
2e-05,15143,11
2e-05,15144,12
2e-05,15145,2
2e-05,15146,5
2e-05,15147,16
2e-05,15148,13
2e-05,15149,6
2e-05,15150,11
2e-05,15151,13
2e-05,15152,10
2e-05,15153,0
2e-05,15154,11
2e-05,15155,0
2e-05,15156,6
2e-05,15157,13
2e-05,15158,2
2e-05,15159,8
2e-05,15160,10
2e-05,15161,9
2e-05,15162,0
2e-05,15163,12
2e-05,15164,10
2e-05,15165,6
2e-05,15166,13
2e-05,15167,0
2e-05,15168,10
2e-05,15169,1
2e-05,15170,6
2e-05,15171,6
2e-05,15172,0
2e-05,15173,9
2e-05,15174,6
2e-05,15175,6
2e-05,15176,13
2e-05,15177,10
2e-05,15178,6
2e-05,15179,3
2e-05,15180,1
2e-05,15181,0
2e-05,15182,2
2e-05,15183,0
2e-05,15184,13
2e-05,15185,1
2e-05,15186,10
2e-05,15187,10
2e-05,15188,11
2e-05,15189,5
2e-05,15190,3
2e-05,15191,6
2e-05,15192,12
2e-05,15193,12
2e-05,15194,11
2e-05,15195,3
2e-05,15196,2
2e-05,15197,9
2e-05,15198,10
2e-05,15199,6
2e-05,15200,9
2e-05,15201,11
2e-05,15202,12
2e-05,15203,1
2e-05,15204,0
2e-05,15205,3
2e-05,15206,2
2e-05,15207,0
2e-05,15208,13
2e-05,15209,6
2e-05,15210,12
2e-05,15211,1
2e-05,15212,3
2e-05,15213,10
2e-05,15214,13
2e-05,15215,1
2e-05,15216,4
2e-05,15217,9
2e-05,15218,18
2e-05,15219,11
2e-05,15220,1
2e-05,15221,10
2e-05,15222,2
2e-05,15223,3
2e-05,15224,5
2e-05,15225,3
2e-05,15226,10
2e-05,15227,3
2e-05,15228,10
2e-05,15229,0
2e-05,15230,3
2e-05,15231,13
2e-05,15232,11
2e-05,15233,13
2e-05,15234,6
2e-05,15235,10
2e-05,15236,6
2e-05,15237,3
2e-05,15238,11
2e-05,15239,2
2e-05,15240,5
2e-05,15241,9
2e-05,15242,8
2e-05,15243,3
2e-05,15244,2
2e-05,15245,13
2e-05,15246,6
2e-05,15247,6
2e-05,15248,5
2e-05,15249,11
2e-05,15250,12
2e-05,15251,6
2e-05,15252,11
2e-05,15253,10
2e-05,15254,5
2e-05,15255,13
2e-05,15256,16
2e-05,15257,1
2e-05,15258,3
2e-05,15259,10
2e-05,15260,10
2e-05,15261,11
2e-05,15262,1
2e-05,15263,5
2e-05,15264,10
2e-05,15265,9
2e-05,15266,12
2e-05,15267,0
2e-05,15268,5
2e-05,15269,3
2e-05,15270,6
2e-05,15271,3
2e-05,15272,0
2e-05,15273,10
2e-05,15274,6
2e-05,15275,12
2e-05,15276,10
2e-05,15277,8
2e-05,15278,11
2e-05,15279,1
2e-05,15280,2
2e-05,15281,1
2e-05,15282,2
2e-05,15283,0
2e-05,15284,9
2e-05,15285,6
2e-05,15286,5
2e-05,15287,13
2e-05,15288,6
2e-05,15289,5
2e-05,15290,2
2e-05,15291,1
2e-05,15292,0
2e-05,15293,2
2e-05,15294,5
2e-05,15295,9
2e-05,15296,9
2e-05,15297,10
2e-05,15298,11
2e-05,15299,12
2e-05,15300,5
2e-05,15301,0
2e-05,15302,1
2e-05,15303,1
2e-05,15304,11
2e-05,15305,6
2e-05,15306,2
2e-05,15307,10
2e-05,15308,10
2e-05,15309,9
2e-05,15310,5
2e-05,15311,9
2e-05,15312,13
2e-05,15313,12
2e-05,15314,12
2e-05,15315,5
2e-05,15316,6
2e-05,15317,2
2e-05,15318,0
2e-05,15319,9
2e-05,15320,1
2e-05,15321,12
2e-05,15322,3
2e-05,15323,0
2e-05,15324,0
2e-05,15325,12
2e-05,15326,2
2e-05,15327,9
2e-05,15328,1
2e-05,15329,5
2e-05,15330,3
2e-05,15331,0
2e-05,15332,2
2e-05,15333,0
2e-05,15334,11
2e-05,15335,2
2e-05,15336,3
2e-05,15337,9
2e-05,15338,6
2e-05,15339,3
2e-05,15340,1
2e-05,15341,5
2e-05,15342,1
2e-05,15343,10
2e-05,15344,12
2e-05,15345,5
2e-05,15346,9
2e-05,15347,5
2e-05,15348,11
2e-05,15349,0
2e-05,15350,3
2e-05,15351,3
2e-05,15352,5
2e-05,15353,2
2e-05,15354,13
2e-05,15355,13
2e-05,15356,9
2e-05,15357,11
2e-05,15358,1
2e-05,15359,6
2e-05,15360,5
2e-05,15361,5
2e-05,15362,8
2e-05,15363,6
2e-05,15364,16
2e-05,15365,2
2e-05,15366,1
2e-05,15367,13
2e-05,15368,6
2e-05,15369,16
2e-05,15370,5
2e-05,15371,5
2e-05,15372,10
2e-05,15373,13
2e-05,15374,9
2e-05,15375,5
2e-05,15376,2
2e-05,15377,10
2e-05,15378,5
2e-05,15379,0
2e-05,15380,3
2e-05,15381,5
2e-05,15382,9
2e-05,15383,5
2e-05,15384,10
2e-05,15385,9
2e-05,15386,12
2e-05,15387,1
2e-05,15388,9
2e-05,15389,3
2e-05,15390,1
2e-05,15391,9
2e-05,15392,5
2e-05,15393,4
2e-05,15394,11
2e-05,15395,6
2e-05,15396,1
2e-05,15397,2
2e-05,15398,3
2e-05,15399,13
2e-05,15400,0
2e-05,15401,10
2e-05,15402,2
2e-05,15403,11
2e-05,15404,6
2e-05,15405,6
2e-05,15406,0
2e-05,15407,0
2e-05,15408,12
2e-05,15409,0
2e-05,15410,1
2e-05,15411,16
2e-05,15412,3
2e-05,15413,5
2e-05,15414,12
2e-05,15415,9
2e-05,15416,0
2e-05,15417,10
2e-05,15418,2
2e-05,15419,11
2e-05,15420,2
2e-05,15421,10
2e-05,15422,12
2e-05,15423,11
2e-05,15424,9
2e-05,15425,11
2e-05,15426,1
2e-05,15427,2
2e-05,15428,12
2e-05,15429,2
2e-05,15430,9
2e-05,15431,13
2e-05,15432,12
2e-05,15433,9
2e-05,15434,1
2e-05,15435,10
2e-05,15436,16
2e-05,15437,8
2e-05,15438,6
2e-05,15439,13
2e-05,15440,2
2e-05,15441,2
2e-05,15442,1
2e-05,15443,9
2e-05,15444,2
2e-05,15445,10
2e-05,15446,5
2e-05,15447,6
2e-05,15448,2
2e-05,15449,3
2e-05,15450,1
2e-05,15451,12
2e-05,15452,1
2e-05,15453,9
2e-05,15454,0
2e-05,15455,0
2e-05,15456,6
2e-05,15457,6
2e-05,15458,12
2e-05,15459,13
2e-05,15460,11
2e-05,15461,9
2e-05,15462,11
2e-05,15463,6
2e-05,15464,3
2e-05,15465,9
2e-05,15466,11
2e-05,15467,10
2e-05,15468,1
2e-05,15469,13
2e-05,15470,3
2e-05,15471,3
2e-05,15472,11
2e-05,15473,10
2e-05,15474,10
2e-05,15475,3
2e-05,15476,10
2e-05,15477,9
2e-05,15478,8
2e-05,15479,0
2e-05,15480,10
2e-05,15481,9
2e-05,15482,1
2e-05,15483,13
2e-05,15484,11
2e-05,15485,6
2e-05,15486,1
2e-05,15487,2
2e-05,15488,6
2e-05,15489,9
2e-05,15490,2
2e-05,15491,1
2e-05,15492,1
2e-05,15493,11
2e-05,15494,2
2e-05,15495,6
2e-05,15496,2
2e-05,15497,3
2e-05,15498,1
2e-05,15499,6
2e-05,15500,12
2e-05,15501,10
2e-05,15502,3
2e-05,15503,3
2e-05,15504,12
2e-05,15505,5
2e-05,15506,11
2e-05,15507,11
2e-05,15508,6
2e-05,15509,1
2e-05,15510,1
2e-05,15511,5
2e-05,15512,3
2e-05,15513,1
2e-05,15514,10
2e-05,15515,0
2e-05,15516,5
2e-05,15517,5
2e-05,15518,10
2e-05,15519,12
2e-05,15520,12
2e-05,15521,2
2e-05,15522,12
2e-05,15523,6
2e-05,15524,0
2e-05,15525,11
2e-05,15526,1
2e-05,15527,13
2e-05,15528,0
2e-05,15529,6
2e-05,15530,1
2e-05,15531,11
2e-05,15532,6
2e-05,15533,1
2e-05,15534,0
2e-05,15535,1
2e-05,15536,11
2e-05,15537,9
2e-05,15538,8
2e-05,15539,10
2e-05,15540,0
2e-05,15541,9
2e-05,15542,10
2e-05,15543,2
2e-05,15544,13
2e-05,15545,10
2e-05,15546,0
2e-05,15547,9
2e-05,15548,3
2e-05,15549,11
2e-05,15550,5
2e-05,15551,9
2e-05,15552,9
2e-05,15553,2
2e-05,15554,9
2e-05,15555,5
2e-05,15556,10
2e-05,15557,13
2e-05,15558,0
2e-05,15559,3
2e-05,15560,10
2e-05,15561,10
2e-05,15562,6
2e-05,15563,1
2e-05,15564,5
2e-05,15565,6
2e-05,15566,2
2e-05,15567,5
2e-05,15568,5
2e-05,15569,0
2e-05,15570,3
2e-05,15571,1
2e-05,15572,3
2e-05,15573,5
2e-05,15574,0
2e-05,15575,10
2e-05,15576,1
2e-05,15577,3
2e-05,15578,1
2e-05,15579,6
2e-05,15580,3
2e-05,15581,1
2e-05,15582,11
2e-05,15583,9
2e-05,15584,12
2e-05,15585,11
2e-05,15586,11
2e-05,15587,2
2e-05,15588,9
2e-05,15589,3
2e-05,15590,11
2e-05,15591,0
2e-05,15592,10
2e-05,15593,1
2e-05,15594,12
2e-05,15595,11
2e-05,15596,10
2e-05,15597,0
2e-05,15598,1
2e-05,15599,11
2e-05,15600,9
2e-05,15601,6
2e-05,15602,6
2e-05,15603,6
2e-05,15604,5
2e-05,15605,3
2e-05,15606,0
2e-05,15607,9
2e-05,15608,6
2e-05,15609,3
2e-05,15610,3
2e-05,15611,2
2e-05,15612,10
2e-05,15613,1
2e-05,15614,9
2e-05,15615,8
2e-05,15616,10
2e-05,15617,5
2e-05,15618,10
2e-05,15619,3
2e-05,15620,11
2e-05,15621,5
2e-05,15622,3
2e-05,15623,11
2e-05,15624,5
2e-05,15625,11
2e-05,15626,3
2e-05,15627,9
2e-05,15628,6
2e-05,15629,10
2e-05,15630,5
2e-05,15631,11
2e-05,15632,9
2e-05,15633,17
2e-05,15634,2
2e-05,15635,0
2e-05,15636,5
2e-05,15637,5
2e-05,15638,11
2e-05,15639,2
2e-05,15640,12
2e-05,15641,9
2e-05,15642,2
2e-05,15643,5
2e-05,15644,10
2e-05,15645,12
2e-05,15646,2
2e-05,15647,6
2e-05,15648,0
2e-05,15649,0
2e-05,15650,3
2e-05,15651,11
2e-05,15652,0
2e-05,15653,11
2e-05,15654,3
2e-05,15655,0
2e-05,15656,1
2e-05,15657,13
2e-05,15658,1
2e-05,15659,2
2e-05,15660,13
2e-05,15661,12
2e-05,15662,6
2e-05,15663,1
2e-05,15664,9
2e-05,15665,10
2e-05,15666,1
2e-05,15667,5
2e-05,15668,2
2e-05,15669,5
2e-05,15670,2
2e-05,15671,1
2e-05,15672,9
2e-05,15673,3
2e-05,15674,9
2e-05,15675,2
2e-05,15676,10
2e-05,15677,12
2e-05,15678,10
2e-05,15679,11
2e-05,15680,12
2e-05,15681,9
2e-05,15682,12
2e-05,15683,2
2e-05,15684,3
2e-05,15685,10
2e-05,15686,10
2e-05,15687,5
2e-05,15688,10
2e-05,15689,11
2e-05,15690,10
2e-05,15691,3
2e-05,15692,3
2e-05,15693,12
2e-05,15694,3
2e-05,15695,10
2e-05,15696,10
2e-05,15697,4
2e-05,15698,6
2e-05,15699,13
2e-05,15700,10
2e-05,15701,3
2e-05,15702,12
2e-05,15703,10
2e-05,15704,0
2e-05,15705,12
2e-05,15706,10
2e-05,15707,11
2e-05,15708,10
2e-05,15709,11
2e-05,15710,14
2e-05,15711,3
2e-05,15712,5
2e-05,15713,2
2e-05,15714,11
2e-05,15715,1
2e-05,15716,6
2e-05,15717,11
2e-05,15718,2
2e-05,15719,5
2e-05,15720,9
2e-05,15721,6
2e-05,15722,2
2e-05,15723,1
2e-05,15724,3
2e-05,15725,12
2e-05,15726,10
2e-05,15727,16
2e-05,15728,5
2e-05,15729,10
2e-05,15730,3
2e-05,15731,2
2e-05,15732,11
2e-05,15733,10
2e-05,15734,9
2e-05,15735,11
2e-05,15736,3
2e-05,15737,1
2e-05,15738,3
2e-05,15739,2
2e-05,15740,12
2e-05,15741,0
2e-05,15742,10
2e-05,15743,13
2e-05,15744,11
2e-05,15745,11
2e-05,15746,6
2e-05,15747,2
2e-05,15748,1
2e-05,15749,6
2e-05,15750,2
2e-05,15751,16
2e-05,15752,12
2e-05,15753,10
2e-05,15754,10
2e-05,15755,16
2e-05,15756,0
2e-05,15757,3
2e-05,15758,5
2e-05,15759,9
2e-05,15760,12
2e-05,15761,6
2e-05,15762,0
2e-05,15763,5
2e-05,15764,2
2e-05,15765,0
2e-05,15766,12
2e-05,15767,11
2e-05,15768,3
2e-05,15769,11
2e-05,15770,1
2e-05,15771,10
2e-05,15772,2
2e-05,15773,12
2e-05,15774,6
2e-05,15775,13
2e-05,15776,1
2e-05,15777,11
2e-05,15778,9
2e-05,15779,9
2e-05,15780,6
2e-05,15781,12
2e-05,15782,6
2e-05,15783,0
2e-05,15784,3
2e-05,15785,0
2e-05,15786,4
2e-05,15787,6
2e-05,15788,2
2e-05,15789,11
2e-05,15790,6
2e-05,15791,9
2e-05,15792,1
2e-05,15793,10
2e-05,15794,6
2e-05,15795,13
2e-05,15796,11
2e-05,15797,6
2e-05,15798,6
2e-05,15799,5
2e-05,15800,6
2e-05,15801,3
2e-05,15802,9
2e-05,15803,1
2e-05,15804,9
2e-05,15805,0
2e-05,15806,5
2e-05,15807,6
2e-05,15808,2
2e-05,15809,6
2e-05,15810,6
2e-05,15811,1
2e-05,15812,3
2e-05,15813,6
2e-05,15814,2
2e-05,15815,9
2e-05,15816,3
2e-05,15817,12
2e-05,15818,0
2e-05,15819,10
2e-05,15820,6
2e-05,15821,3
2e-05,15822,0
2e-05,15823,10
2e-05,15824,12
2e-05,15825,11
2e-05,15826,13
2e-05,15827,9
2e-05,15828,2
2e-05,15829,2
2e-05,15830,3
2e-05,15831,12
2e-05,15832,10
2e-05,15833,6
2e-05,15834,5
2e-05,15835,9
2e-05,15836,10
2e-05,15837,2
2e-05,15838,10
2e-05,15839,12
2e-05,15840,11
2e-05,15841,2
2e-05,15842,0
2e-05,15843,1
2e-05,15844,9
2e-05,15845,2
2e-05,15846,9
2e-05,15847,2
2e-05,15848,1
2e-05,15849,5
2e-05,15850,0
2e-05,15851,12
2e-05,15852,3
2e-05,15853,1
2e-05,15854,9
2e-05,15855,8
2e-05,15856,11
2e-05,15857,1
2e-05,15858,11
2e-05,15859,13
2e-05,15860,0
2e-05,15861,11
2e-05,15862,10
2e-05,15863,1
2e-05,15864,1
2e-05,15865,5
2e-05,15866,11
2e-05,15867,6
2e-05,15868,0
2e-05,15869,11
2e-05,15870,11
2e-05,15871,3
2e-05,15872,0
2e-05,15873,0
2e-05,15874,11
2e-05,15875,1
2e-05,15876,0
2e-05,15877,3
2e-05,15878,11
2e-05,15879,1
2e-05,15880,2
2e-05,15881,12
2e-05,15882,6
2e-05,15883,6
2e-05,15884,7
2e-05,15885,0
2e-05,15886,2
2e-05,15887,5
2e-05,15888,1
2e-05,15889,10
2e-05,15890,2
2e-05,15891,9
2e-05,15892,0
2e-05,15893,10
2e-05,15894,3
2e-05,15895,5
2e-05,15896,6
2e-05,15897,13
2e-05,15898,1
2e-05,15899,10
2e-05,15900,6
2e-05,15901,12
2e-05,15902,3
2e-05,15903,11
2e-05,15904,9
2e-05,15905,9
2e-05,15906,5
2e-05,15907,2
2e-05,15908,8
2e-05,15909,6
2e-05,15910,2
2e-05,15911,11
2e-05,15912,13
2e-05,15913,3
2e-05,15914,5
2e-05,15915,12
2e-05,15916,6
2e-05,15917,4
2e-05,15918,5
2e-05,15919,12
2e-05,15920,4
2e-05,15921,6
2e-05,15922,13
2e-05,15923,1
2e-05,15924,1
2e-05,15925,10
2e-05,15926,6
2e-05,15927,11
2e-05,15928,12
2e-05,15929,9
2e-05,15930,9
2e-05,15931,2
2e-05,15932,3
2e-05,15933,9
2e-05,15934,10
2e-05,15935,10
2e-05,15936,3
2e-05,15937,1
2e-05,15938,3
2e-05,15939,5
2e-05,15940,10
2e-05,15941,1
2e-05,15942,5
2e-05,15943,6
2e-05,15944,10
2e-05,15945,12
2e-05,15946,2
2e-05,15947,5
2e-05,15948,13
2e-05,15949,5
2e-05,15950,10
2e-05,15951,12
2e-05,15952,10
2e-05,15953,9
2e-05,15954,12
2e-05,15955,5
2e-05,15956,13
2e-05,15957,3
2e-05,15958,1
2e-05,15959,10
2e-05,15960,0
2e-05,15961,10
2e-05,15962,6
2e-05,15963,3
2e-05,15964,6
2e-05,15965,9
2e-05,15966,10
2e-05,15967,3
2e-05,15968,6
2e-05,15969,11
2e-05,15970,2
2e-05,15971,1
2e-05,15972,1
2e-05,15973,5
2e-05,15974,3
2e-05,15975,10
2e-05,15976,1
2e-05,15977,9
2e-05,15978,13
2e-05,15979,9
2e-05,15980,3
2e-05,15981,6
2e-05,15982,5
2e-05,15983,9
2e-05,15984,2
2e-05,15985,11
2e-05,15986,9
2e-05,15987,1
2e-05,15988,2
2e-05,15989,1
2e-05,15990,3
2e-05,15991,10
2e-05,15992,2
2e-05,15993,12
2e-05,15994,11
2e-05,15995,1
2e-05,15996,11
2e-05,15997,2
2e-05,15998,9
2e-05,15999,9
2e-05,16000,6
2e-05,16001,12
2e-05,16002,13
2e-05,16003,5
2e-05,16004,13
2e-05,16005,11
2e-05,16006,0
2e-05,16007,0
2e-05,16008,13
2e-05,16009,11
2e-05,16010,5
2e-05,16011,13
2e-05,16012,6
2e-05,16013,12
2e-05,16014,1
2e-05,16015,6
2e-05,16016,3
2e-05,16017,13
2e-05,16018,11
2e-05,16019,9
2e-05,16020,12
2e-05,16021,9
2e-05,16022,1
2e-05,16023,11
2e-05,16024,0
2e-05,16025,12
2e-05,16026,10
2e-05,16027,10
2e-05,16028,10
2e-05,16029,1
2e-05,16030,0
2e-05,16031,1
2e-05,16032,6
2e-05,16033,12
2e-05,16034,1
2e-05,16035,10
2e-05,16036,11
2e-05,16037,0
2e-05,16038,0
2e-05,16039,5
2e-05,16040,9
2e-05,16041,3
2e-05,16042,2
2e-05,16043,12
2e-05,16044,6
2e-05,16045,11
2e-05,16046,9
2e-05,16047,12
2e-05,16048,13
2e-05,16049,1
2e-05,16050,9
2e-05,16051,2
2e-05,16052,5
2e-05,16053,1
2e-05,16054,5
2e-05,16055,5
2e-05,16056,6
2e-05,16057,0
2e-05,16058,1
2e-05,16059,5
2e-05,16060,5
2e-05,16061,5
2e-05,16062,9
2e-05,16063,8
2e-05,16064,6
2e-05,16065,16
2e-05,16066,9
2e-05,16067,2
2e-05,16068,9
2e-05,16069,5
2e-05,16070,9
2e-05,16071,9
2e-05,16072,5
2e-05,16073,6
2e-05,16074,12
2e-05,16075,6
2e-05,16076,11
2e-05,16077,2
2e-05,16078,0
2e-05,16079,9
2e-05,16080,9
2e-05,16081,6
2e-05,16082,13
2e-05,16083,2
2e-05,16084,0
2e-05,16085,9
2e-05,16086,1
2e-05,16087,3
2e-05,16088,12
2e-05,16089,11
2e-05,16090,6
2e-05,16091,10
2e-05,16092,11
2e-05,16093,13
2e-05,16094,13
2e-05,16095,5
2e-05,16096,11
2e-05,16097,1
2e-05,16098,0
2e-05,16099,1
2e-05,16100,2
2e-05,16101,13
2e-05,16102,9
2e-05,16103,2
2e-05,16104,9
2e-05,16105,3
2e-05,16106,10
2e-05,16107,3
2e-05,16108,13
2e-05,16109,10
2e-05,16110,1
2e-05,16111,3
2e-05,16112,10
2e-05,16113,3
2e-05,16114,2
2e-05,16115,0
2e-05,16116,6
2e-05,16117,12
2e-05,16118,10
2e-05,16119,6
2e-05,16120,5
2e-05,16121,3
2e-05,16122,6
2e-05,16123,12
2e-05,16124,11
2e-05,16125,6
2e-05,16126,5
2e-05,16127,3
2e-05,16128,5
2e-05,16129,5
2e-05,16130,1
2e-05,16131,6
2e-05,16132,3
2e-05,16133,1
2e-05,16134,11
2e-05,16135,1
2e-05,16136,5
2e-05,16137,2
2e-05,16138,3
2e-05,16139,5
2e-05,16140,6
2e-05,16141,10
2e-05,16142,12
2e-05,16143,0
2e-05,16144,0
2e-05,16145,11
2e-05,16146,6
2e-05,16147,0
2e-05,16148,6
2e-05,16149,1
2e-05,16150,0
2e-05,16151,3
2e-05,16152,1
2e-05,16153,5
2e-05,16154,0
2e-05,16155,3
2e-05,16156,0
2e-05,16157,3
2e-05,16158,3
2e-05,16159,11
2e-05,16160,2
2e-05,16161,1
2e-05,16162,1
2e-05,16163,10
2e-05,16164,12
2e-05,16165,6
2e-05,16166,11
2e-05,16167,10
2e-05,16168,0
2e-05,16169,3
2e-05,16170,6
2e-05,16171,0
2e-05,16172,0
2e-05,16173,13
2e-05,16174,11
2e-05,16175,9
2e-05,16176,5
2e-05,16177,5
2e-05,16178,0
2e-05,16179,13
2e-05,16180,10
2e-05,16181,11
2e-05,16182,6
2e-05,16183,2
2e-05,16184,9
2e-05,16185,0
2e-05,16186,2
2e-05,16187,1
2e-05,16188,13
2e-05,16189,2
2e-05,16190,6
2e-05,16191,2
2e-05,16192,1
2e-05,16193,11
2e-05,16194,6
2e-05,16195,6
2e-05,16196,14
2e-05,16197,9
2e-05,16198,0
2e-05,16199,3
2e-05,16200,10
2e-05,16201,12
2e-05,16202,6
2e-05,16203,13
2e-05,16204,3
2e-05,16205,3
2e-05,16206,6
2e-05,16207,9
2e-05,16208,5
2e-05,16209,12
2e-05,16210,11
2e-05,16211,10
2e-05,16212,3
2e-05,16213,0
2e-05,16214,3
2e-05,16215,6
2e-05,16216,10
2e-05,16217,0
2e-05,16218,2
2e-05,16219,10
2e-05,16220,11
2e-05,16221,0
2e-05,16222,6
2e-05,16223,9
2e-05,16224,6
2e-05,16225,2
2e-05,16226,9
2e-05,16227,3
2e-05,16228,6
2e-05,16229,2
2e-05,16230,3
2e-05,16231,12
2e-05,16232,11
2e-05,16233,10
2e-05,16234,12
2e-05,16235,5
2e-05,16236,5
2e-05,16237,16
2e-05,16238,1
2e-05,16239,16
2e-05,16240,1
2e-05,16241,0
2e-05,16242,6
2e-05,16243,9
2e-05,16244,9
2e-05,16245,11
2e-05,16246,9
2e-05,16247,16
2e-05,16248,12
2e-05,16249,13
2e-05,16250,9
2e-05,16251,10
2e-05,16252,11
2e-05,16253,5
2e-05,16254,10
2e-05,16255,12
2e-05,16256,5
2e-05,16257,1
2e-05,16258,11
2e-05,16259,0
2e-05,16260,2
2e-05,16261,6
2e-05,16262,5
2e-05,16263,8
2e-05,16264,2
2e-05,16265,9
2e-05,16266,6
2e-05,16267,12
2e-05,16268,9
2e-05,16269,12
2e-05,16270,1
2e-05,16271,11
2e-05,16272,10
2e-05,16273,5
2e-05,16274,9
2e-05,16275,11
2e-05,16276,3
2e-05,16277,0
2e-05,16278,11
2e-05,16279,10
2e-05,16280,9
2e-05,16281,12
2e-05,16282,5
2e-05,16283,11
2e-05,16284,12
2e-05,16285,11
2e-05,16286,6
2e-05,16287,0
2e-05,16288,0
2e-05,16289,1
2e-05,16290,3
2e-05,16291,0
2e-05,16292,12
2e-05,16293,10
2e-05,16294,2
2e-05,16295,1
2e-05,16296,16
2e-05,16297,13
2e-05,16298,9
2e-05,16299,6
2e-05,16300,5
2e-05,16301,10
2e-05,16302,11
2e-05,16303,9
2e-05,16304,5
2e-05,16305,6
2e-05,16306,3
2e-05,16307,3
2e-05,16308,3
2e-05,16309,13
2e-05,16310,12
2e-05,16311,2
2e-05,16312,12
2e-05,16313,2
2e-05,16314,6
2e-05,16315,5
2e-05,16316,12
2e-05,16317,11
2e-05,16318,13
2e-05,16319,2
2e-05,16320,2
2e-05,16321,2
2e-05,16322,6
2e-05,16323,2
2e-05,16324,0
2e-05,16325,13
2e-05,16326,11
2e-05,16327,3
2e-05,16328,3
2e-05,16329,2
2e-05,16330,3
2e-05,16331,3
2e-05,16332,1
2e-05,16333,5
2e-05,16334,6
2e-05,16335,11
2e-05,16336,5
2e-05,16337,11
2e-05,16338,0
2e-05,16339,3
2e-05,16340,10
2e-05,16341,10
2e-05,16342,6
2e-05,16343,0
2e-05,16344,5
2e-05,16345,5
2e-05,16346,11
2e-05,16347,2
2e-05,16348,1
2e-05,16349,9
2e-05,16350,9
2e-05,16351,3
2e-05,16352,3
2e-05,16353,5
2e-05,16354,2
2e-05,16355,1
2e-05,16356,12
2e-05,16357,2
2e-05,16358,5
2e-05,16359,5
2e-05,16360,0
2e-05,16361,2
2e-05,16362,0
2e-05,16363,12
2e-05,16364,13
2e-05,16365,3
2e-05,16366,10
2e-05,16367,9
2e-05,16368,9
2e-05,16369,5
2e-05,16370,0
2e-05,16371,10
2e-05,16372,10
2e-05,16373,11
2e-05,16374,10
2e-05,16375,6
2e-05,16376,9
2e-05,16377,3
2e-05,16378,5
2e-05,16379,9
2e-05,16380,3
2e-05,16381,1
2e-05,16382,11
2e-05,16383,12
2e-05,16384,2
2e-05,16385,0
2e-05,16386,0
2e-05,16387,11
2e-05,16388,0
2e-05,16389,5
2e-05,16390,8
2e-05,16391,10
2e-05,16392,5
2e-05,16393,3
2e-05,16394,6
2e-05,16395,0
2e-05,16396,9
2e-05,16397,1
2e-05,16398,10
2e-05,16399,0
2e-05,16400,1
2e-05,16401,0
2e-05,16402,0
2e-05,16403,6
2e-05,16404,9
2e-05,16405,5
2e-05,16406,5
2e-05,16407,13
2e-05,16408,11
2e-05,16409,5
2e-05,16410,9
2e-05,16411,5
2e-05,16412,5
2e-05,16413,9
2e-05,16414,1
2e-05,16415,1
2e-05,16416,13
2e-05,16417,12
2e-05,16418,5
2e-05,16419,0
2e-05,16420,9
2e-05,16421,11
2e-05,16422,11
2e-05,16423,6
2e-05,16424,6
2e-05,16425,1
2e-05,16426,2
2e-05,16427,3
2e-05,16428,12
2e-05,16429,11
2e-05,16430,0
2e-05,16431,6
2e-05,16432,13
2e-05,16433,5
2e-05,16434,1
2e-05,16435,8
2e-05,16436,16
2e-05,16437,10
2e-05,16438,0
2e-05,16439,9
2e-05,16440,12
2e-05,16441,1
2e-05,16442,2
2e-05,16443,6
2e-05,16444,2
2e-05,16445,1
2e-05,16446,11
2e-05,16447,0
2e-05,16448,3
2e-05,16449,10
2e-05,16450,13
2e-05,16451,12
2e-05,16452,0
2e-05,16453,3
2e-05,16454,6
2e-05,16455,5
2e-05,16456,12
2e-05,16457,12
2e-05,16458,3
2e-05,16459,0
2e-05,16460,9
2e-05,16461,0
2e-05,16462,2
2e-05,16463,2
2e-05,16464,10
2e-05,16465,11
2e-05,16466,6
2e-05,16467,9
2e-05,16468,11
2e-05,16469,12
2e-05,16470,9
2e-05,16471,2
2e-05,16472,0
2e-05,16473,4
2e-05,16474,9
2e-05,16475,11
2e-05,16476,11
2e-05,16477,2
2e-05,16478,0
2e-05,16479,0
2e-05,16480,5
2e-05,16481,10
2e-05,16482,13
2e-05,16483,9
2e-05,16484,16
2e-05,16485,11
2e-05,16486,11
2e-05,16487,0
2e-05,16488,2
2e-05,16489,5
2e-05,16490,11
2e-05,16491,11
2e-05,16492,2
2e-05,16493,12
2e-05,16494,10
2e-05,16495,11
2e-05,16496,16
2e-05,16497,3
2e-05,16498,11
2e-05,16499,1
2e-05,16500,4
2e-05,16501,3
2e-05,16502,2
2e-05,16503,1
2e-05,16504,0
2e-05,16505,3
2e-05,16506,0
2e-05,16507,11
2e-05,16508,9
2e-05,16509,11
2e-05,16510,13
2e-05,16511,9
2e-05,16512,11
2e-05,16513,10
2e-05,16514,9
2e-05,16515,10
2e-05,16516,16
2e-05,16517,13
2e-05,16518,1
2e-05,16519,5
2e-05,16520,9
2e-05,16521,11
2e-05,16522,12
2e-05,16523,0
2e-05,16524,10
2e-05,16525,9
2e-05,16526,5
2e-05,16527,3
2e-05,16528,3
2e-05,16529,12
2e-05,16530,11
2e-05,16531,1
2e-05,16532,12
2e-05,16533,1
2e-05,16534,9
2e-05,16535,2
2e-05,16536,9
2e-05,16537,13
2e-05,16538,3
2e-05,16539,1
2e-05,16540,1
2e-05,16541,1
2e-05,16542,6
2e-05,16543,12
2e-05,16544,12
2e-05,16545,2
2e-05,16546,10
2e-05,16547,10
2e-05,16548,1
2e-05,16549,13
2e-05,16550,3
2e-05,16551,1
2e-05,16552,13
2e-05,16553,12
2e-05,16554,10
2e-05,16555,3
2e-05,16556,10
2e-05,16557,12
2e-05,16558,0
2e-05,16559,9
2e-05,16560,3
2e-05,16561,2
2e-05,16562,10
2e-05,16563,2
2e-05,16564,11
2e-05,16565,3
2e-05,16566,6
2e-05,16567,14
2e-05,16568,11
2e-05,16569,3
2e-05,16570,13
2e-05,16571,1
2e-05,16572,11
2e-05,16573,0
2e-05,16574,11
2e-05,16575,13
2e-05,16576,11
2e-05,16577,12
2e-05,16578,6
2e-05,16579,3
2e-05,16580,6
2e-05,16581,11
2e-05,16582,0
2e-05,16583,2
2e-05,16584,6
2e-05,16585,0
2e-05,16586,13
2e-05,16587,1
2e-05,16588,11
2e-05,16589,6
2e-05,16590,6
2e-05,16591,3
2e-05,16592,0
2e-05,16593,6
2e-05,16594,9
2e-05,16595,2
2e-05,16596,12
2e-05,16597,5
2e-05,16598,13
2e-05,16599,9
2e-05,16600,1
2e-05,16601,9
2e-05,16602,5
2e-05,16603,5
2e-05,16604,9
2e-05,16605,3
2e-05,16606,6
2e-05,16607,10
2e-05,16608,5
2e-05,16609,10
2e-05,16610,1
2e-05,16611,12
2e-05,16612,11
2e-05,16613,11
2e-05,16614,2
2e-05,16615,6
2e-05,16616,16
2e-05,16617,1
2e-05,16618,2
2e-05,16619,1
2e-05,16620,9
2e-05,16621,11
2e-05,16622,12
2e-05,16623,12
2e-05,16624,13
2e-05,16625,3
2e-05,16626,11
2e-05,16627,2
2e-05,16628,9
2e-05,16629,12
2e-05,16630,6
2e-05,16631,3
2e-05,16632,0
2e-05,16633,1
2e-05,16634,12
2e-05,16635,10
2e-05,16636,2
2e-05,16637,3
2e-05,16638,11
2e-05,16639,5
2e-05,16640,1
2e-05,16641,11
2e-05,16642,9
2e-05,16643,0
2e-05,16644,10
2e-05,16645,13
2e-05,16646,13
2e-05,16647,13
2e-05,16648,11
2e-05,16649,13
2e-05,16650,16
2e-05,16651,11
2e-05,16652,9
2e-05,16653,3
2e-05,16654,6
2e-05,16655,1
2e-05,16656,2
2e-05,16657,5
2e-05,16658,9
2e-05,16659,10
2e-05,16660,10
2e-05,16661,5
2e-05,16662,6
2e-05,16663,5
2e-05,16664,3
2e-05,16665,1
2e-05,16666,0
2e-05,16667,9
2e-05,16668,1
2e-05,16669,11
2e-05,16670,12
2e-05,16671,1
2e-05,16672,11
2e-05,16673,3
2e-05,16674,3
2e-05,16675,6
2e-05,16676,6
2e-05,16677,10
2e-05,16678,13
2e-05,16679,6
2e-05,16680,11
2e-05,16681,2
2e-05,16682,10
2e-05,16683,9
2e-05,16684,0
2e-05,16685,2
2e-05,16686,13
2e-05,16687,10
2e-05,16688,1
2e-05,16689,0
2e-05,16690,10
2e-05,16691,11
2e-05,16692,11
2e-05,16693,16
2e-05,16694,10
2e-05,16695,1
2e-05,16696,3
2e-05,16697,2
2e-05,16698,1
2e-05,16699,12
2e-05,16700,1
2e-05,16701,5
2e-05,16702,10
2e-05,16703,6
2e-05,16704,0
2e-05,16705,3
2e-05,16706,5
2e-05,16707,12
2e-05,16708,2
2e-05,16709,11
2e-05,16710,6
2e-05,16711,13
2e-05,16712,0
2e-05,16713,13
2e-05,16714,1
2e-05,16715,0
2e-05,16716,1
2e-05,16717,13
2e-05,16718,9
2e-05,16719,0
2e-05,16720,12
2e-05,16721,9
2e-05,16722,11
2e-05,16723,12
2e-05,16724,10
2e-05,16725,11
2e-05,16726,9
2e-05,16727,1
2e-05,16728,11
2e-05,16729,6
2e-05,16730,5
2e-05,16731,1
2e-05,16732,0
2e-05,16733,1
2e-05,16734,5
2e-05,16735,11
2e-05,16736,0
2e-05,16737,11
2e-05,16738,11
2e-05,16739,13
2e-05,16740,5
2e-05,16741,3
2e-05,16742,12
2e-05,16743,11
2e-05,16744,0
2e-05,16745,0
2e-05,16746,10
2e-05,16747,0
2e-05,16748,5
2e-05,16749,13
2e-05,16750,9
2e-05,16751,1
2e-05,16752,6
2e-05,16753,13
2e-05,16754,2
2e-05,16755,0
2e-05,16756,10
2e-05,16757,12
2e-05,16758,3
2e-05,16759,3
2e-05,16760,0
2e-05,16761,2
2e-05,16762,1
2e-05,16763,11
2e-05,16764,13
2e-05,16765,10
2e-05,16766,13
2e-05,16767,2
2e-05,16768,13
2e-05,16769,10
2e-05,16770,13
2e-05,16771,6
2e-05,16772,13
2e-05,16773,1
2e-05,16774,9
2e-05,16775,13
2e-05,16776,1
2e-05,16777,2
2e-05,16778,2
2e-05,16779,0
2e-05,16780,13
2e-05,16781,10
2e-05,16782,0
2e-05,16783,2
2e-05,16784,10
2e-05,16785,1
2e-05,16786,11
2e-05,16787,1
2e-05,16788,13
2e-05,16789,9
2e-05,16790,10
2e-05,16791,3
2e-05,16792,13
2e-05,16793,8
2e-05,16794,6
2e-05,16795,5
2e-05,16796,10
2e-05,16797,12
2e-05,16798,11
2e-05,16799,11
2e-05,16800,0
2e-05,16801,10
2e-05,16802,5
2e-05,16803,13
2e-05,16804,0
2e-05,16805,13
2e-05,16806,1
2e-05,16807,11
2e-05,16808,9
2e-05,16809,3
2e-05,16810,9
2e-05,16811,9
2e-05,16812,3
2e-05,16813,9
2e-05,16814,10
2e-05,16815,0
2e-05,16816,1
2e-05,16817,9
2e-05,16818,1
2e-05,16819,10
2e-05,16820,6
2e-05,16821,11
2e-05,16822,5
2e-05,16823,11
2e-05,16824,0
2e-05,16825,10
2e-05,16826,3
2e-05,16827,11
2e-05,16828,6
2e-05,16829,2
2e-05,16830,6
2e-05,16831,1
2e-05,16832,5
2e-05,16833,11
2e-05,16834,11
2e-05,16835,13
2e-05,16836,9
2e-05,16837,8
2e-05,16838,9
2e-05,16839,10
2e-05,16840,0
2e-05,16841,0
2e-05,16842,2
2e-05,16843,3
2e-05,16844,13
2e-05,16845,9
2e-05,16846,0
2e-05,16847,10
2e-05,16848,9
2e-05,16849,11
2e-05,16850,5
2e-05,16851,9
2e-05,16852,3
2e-05,16853,9
2e-05,16854,9
2e-05,16855,9
2e-05,16856,9
2e-05,16857,1
2e-05,16858,3
2e-05,16859,1
2e-05,16860,1
2e-05,16861,2
2e-05,16862,13
2e-05,16863,1
2e-05,16864,12
2e-05,16865,5
2e-05,16866,11
2e-05,16867,10
2e-05,16868,16
2e-05,16869,6
2e-05,16870,3
2e-05,16871,11
2e-05,16872,10
2e-05,16873,2
2e-05,16874,6
2e-05,16875,2
2e-05,16876,8
2e-05,16877,12
2e-05,16878,8
2e-05,16879,2
2e-05,16880,13
2e-05,16881,10
2e-05,16882,13
2e-05,16883,12
2e-05,16884,5
2e-05,16885,13
2e-05,16886,5
2e-05,16887,7
2e-05,16888,2
2e-05,16889,5
2e-05,16890,12
2e-05,16891,9
2e-05,16892,9
2e-05,16893,3
2e-05,16894,13
2e-05,16895,6
2e-05,16896,1
2e-05,16897,10
2e-05,16898,2
2e-05,16899,3
2e-05,16900,9
2e-05,16901,10
2e-05,16902,1
2e-05,16903,2
2e-05,16904,10
2e-05,16905,0
2e-05,16906,9
2e-05,16907,9
2e-05,16908,1
2e-05,16909,11
2e-05,16910,0
2e-05,16911,9
2e-05,16912,3
2e-05,16913,1
2e-05,16914,11
2e-05,16915,3
2e-05,16916,2
2e-05,16917,2
2e-05,16918,3
2e-05,16919,11
2e-05,16920,6
2e-05,16921,6
2e-05,16922,10
2e-05,16923,12
2e-05,16924,6
2e-05,16925,5
2e-05,16926,11
2e-05,16927,9
2e-05,16928,12
2e-05,16929,6
2e-05,16930,0
2e-05,16931,17
2e-05,16932,0
2e-05,16933,0
2e-05,16934,5
2e-05,16935,1
2e-05,16936,11
2e-05,16937,11
2e-05,16938,5
2e-05,16939,10
2e-05,16940,9
2e-05,16941,5
2e-05,16942,5
2e-05,16943,0
2e-05,16944,6
2e-05,16945,2
2e-05,16946,9
2e-05,16947,0
2e-05,16948,10
2e-05,16949,9
2e-05,16950,1
2e-05,16951,1
2e-05,16952,13
2e-05,16953,2
2e-05,16954,9
2e-05,16955,11
2e-05,16956,8
2e-05,16957,9
2e-05,16958,5
2e-05,16959,6
2e-05,16960,0
2e-05,16961,11
2e-05,16962,16
2e-05,16963,1
2e-05,16964,2
2e-05,16965,6
2e-05,16966,1
2e-05,16967,2
2e-05,16968,2
2e-05,16969,6
2e-05,16970,3
2e-05,16971,9
2e-05,16972,11
2e-05,16973,5
2e-05,16974,12
2e-05,16975,2
2e-05,16976,5
2e-05,16977,0
2e-05,16978,11
2e-05,16979,6
2e-05,16980,9
2e-05,16981,3
2e-05,16982,12
2e-05,16983,3
2e-05,16984,10
2e-05,16985,6
2e-05,16986,2
2e-05,16987,17
2e-05,16988,0
2e-05,16989,0
2e-05,16990,9
2e-05,16991,11
2e-05,16992,5
2e-05,16993,9
2e-05,16994,11
2e-05,16995,0
2e-05,16996,4
2e-05,16997,12
2e-05,16998,10
2e-05,16999,11
2e-05,17000,2
2e-05,17001,12
2e-05,17002,17
2e-05,17003,6
2e-05,17004,6
2e-05,17005,0
2e-05,17006,2
2e-05,17007,6
2e-05,17008,0
2e-05,17009,3
2e-05,17010,1
2e-05,17011,3
2e-05,17012,9
2e-05,17013,2
2e-05,17014,10
2e-05,17015,9
2e-05,17016,3
2e-05,17017,6
2e-05,17018,12
2e-05,17019,2
2e-05,17020,13
2e-05,17021,13
2e-05,17022,6
2e-05,17023,5
2e-05,17024,9
2e-05,17025,11
2e-05,17026,0
2e-05,17027,11
2e-05,17028,5
2e-05,17029,5
2e-05,17030,11
2e-05,17031,10
2e-05,17032,2
2e-05,17033,9
2e-05,17034,11
2e-05,17035,9
2e-05,17036,16
2e-05,17037,3
2e-05,17038,0
2e-05,17039,11
2e-05,17040,2
2e-05,17041,3
2e-05,17042,12
2e-05,17043,1
2e-05,17044,9
2e-05,17045,5
2e-05,17046,11
2e-05,17047,12
2e-05,17048,13
2e-05,17049,1
2e-05,17050,11
2e-05,17051,13
2e-05,17052,3
2e-05,17053,6
2e-05,17054,9
2e-05,17055,11
2e-05,17056,16
2e-05,17057,5
2e-05,17058,9
2e-05,17059,9
2e-05,17060,12
2e-05,17061,2
2e-05,17062,0
2e-05,17063,3
2e-05,17064,13
2e-05,17065,5
2e-05,17066,3
2e-05,17067,8
2e-05,17068,1
2e-05,17069,5
2e-05,17070,2
2e-05,17071,6
2e-05,17072,3
2e-05,17073,16
2e-05,17074,13
2e-05,17075,10
2e-05,17076,5
2e-05,17077,5
2e-05,17078,10
2e-05,17079,1
2e-05,17080,5
2e-05,17081,9
2e-05,17082,5
2e-05,17083,9
2e-05,17084,5
2e-05,17085,3
2e-05,17086,12
2e-05,17087,13
2e-05,17088,0
2e-05,17089,6
2e-05,17090,10
2e-05,17091,5
2e-05,17092,2
2e-05,17093,9
2e-05,17094,3
2e-05,17095,1
2e-05,17096,3
2e-05,17097,3
2e-05,17098,3
2e-05,17099,3
2e-05,17100,9
2e-05,17101,12
2e-05,17102,9
2e-05,17103,5
2e-05,17104,6
2e-05,17105,6
2e-05,17106,0
2e-05,17107,9
2e-05,17108,6
2e-05,17109,11
2e-05,17110,1
2e-05,17111,0
2e-05,17112,0
2e-05,17113,11
2e-05,17114,9
2e-05,17115,0
2e-05,17116,2
2e-05,17117,0
2e-05,17118,11
2e-05,17119,9
2e-05,17120,2
2e-05,17121,9
2e-05,17122,9
2e-05,17123,0
2e-05,17124,2
2e-05,17125,3
2e-05,17126,2
2e-05,17127,6
2e-05,17128,10
2e-05,17129,2
2e-05,17130,6
2e-05,17131,10
2e-05,17132,6
2e-05,17133,0
2e-05,17134,2
2e-05,17135,1
2e-05,17136,15
2e-05,17137,13
2e-05,17138,9
2e-05,17139,5
2e-05,17140,3
2e-05,17141,0
2e-05,17142,6
2e-05,17143,11
2e-05,17144,8
2e-05,17145,4
2e-05,17146,11
2e-05,17147,12
2e-05,17148,1
2e-05,17149,6
2e-05,17150,0
2e-05,17151,11
2e-05,17152,9
2e-05,17153,6
2e-05,17154,3
2e-05,17155,6
2e-05,17156,2
2e-05,17157,13
2e-05,17158,0
2e-05,17159,3
2e-05,17160,3
2e-05,17161,0
2e-05,17162,1
2e-05,17163,1
2e-05,17164,3
2e-05,17165,2
2e-05,17166,0
2e-05,17167,2
2e-05,17168,9
2e-05,17169,0
2e-05,17170,6
2e-05,17171,2
2e-05,17172,11
2e-05,17173,6
2e-05,17174,10
2e-05,17175,10
2e-05,17176,0
2e-05,17177,2
2e-05,17178,1
2e-05,17179,9
2e-05,17180,2
2e-05,17181,9
2e-05,17182,11
2e-05,17183,11
2e-05,17184,12
2e-05,17185,5
2e-05,17186,11
2e-05,17187,2
2e-05,17188,0
2e-05,17189,2
2e-05,17190,3
2e-05,17191,1
2e-05,17192,5
2e-05,17193,6
2e-05,17194,3
2e-05,17195,1
2e-05,17196,6
2e-05,17197,11
2e-05,17198,13
2e-05,17199,0
2e-05,17200,12
2e-05,17201,5
2e-05,17202,3
2e-05,17203,10
2e-05,17204,9
2e-05,17205,10
2e-05,17206,10
2e-05,17207,5
2e-05,17208,10
2e-05,17209,2
2e-05,17210,1
2e-05,17211,3
2e-05,17212,11
2e-05,17213,9
2e-05,17214,12
2e-05,17215,11
2e-05,17216,2
2e-05,17217,13
2e-05,17218,3
2e-05,17219,9
2e-05,17220,9
2e-05,17221,2
2e-05,17222,10
2e-05,17223,6
2e-05,17224,8
2e-05,17225,13
2e-05,17226,3
2e-05,17227,13
2e-05,17228,12
2e-05,17229,2
2e-05,17230,3
2e-05,17231,3
2e-05,17232,12
2e-05,17233,3
2e-05,17234,10
2e-05,17235,9
2e-05,17236,13
2e-05,17237,1
2e-05,17238,11
2e-05,17239,0
2e-05,17240,10
2e-05,17241,6
2e-05,17242,5
2e-05,17243,11
2e-05,17244,10
2e-05,17245,6
2e-05,17246,13
2e-05,17247,3
2e-05,17248,1
2e-05,17249,10
2e-05,17250,6
2e-05,17251,13
2e-05,17252,0
2e-05,17253,0
2e-05,17254,12
2e-05,17255,13
2e-05,17256,9
2e-05,17257,9
2e-05,17258,11
2e-05,17259,2
2e-05,17260,9
2e-05,17261,11
2e-05,17262,12
2e-05,17263,1
2e-05,17264,1
2e-05,17265,0
2e-05,17266,6
2e-05,17267,9
2e-05,17268,10
2e-05,17269,9
2e-05,17270,5
2e-05,17271,6
2e-05,17272,13
2e-05,17273,13
2e-05,17274,0
2e-05,17275,13
2e-05,17276,10
2e-05,17277,6
2e-05,17278,11
2e-05,17279,5
2e-05,17280,5
2e-05,17281,0
2e-05,17282,1
2e-05,17283,1
2e-05,17284,10
2e-05,17285,5
2e-05,17286,6
2e-05,17287,10
2e-05,17288,3
2e-05,17289,5
2e-05,17290,2
2e-05,17291,13
2e-05,17292,11
2e-05,17293,6
2e-05,17294,5
2e-05,17295,2
2e-05,17296,6
2e-05,17297,11
2e-05,17298,2
2e-05,17299,5
2e-05,17300,5
2e-05,17301,3
2e-05,17302,1
2e-05,17303,3
2e-05,17304,10
2e-05,17305,3
2e-05,17306,10
2e-05,17307,0
2e-05,17308,3
2e-05,17309,2
2e-05,17310,13
2e-05,17311,3
2e-05,17312,0
2e-05,17313,6
2e-05,17314,6
2e-05,17315,10
2e-05,17316,0
2e-05,17317,3
2e-05,17318,1
2e-05,17319,5
2e-05,17320,5
2e-05,17321,2
2e-05,17322,5
2e-05,17323,2
2e-05,17324,12
2e-05,17325,2
2e-05,17326,6
2e-05,17327,11
2e-05,17328,3
2e-05,17329,9
2e-05,17330,13
2e-05,17331,10
2e-05,17332,9
2e-05,17333,1
2e-05,17334,6
2e-05,17335,10
2e-05,17336,3
2e-05,17337,2
2e-05,17338,6
2e-05,17339,3
2e-05,17340,0
2e-05,17341,0
2e-05,17342,11
2e-05,17343,10
2e-05,17344,13
2e-05,17345,11
2e-05,17346,0
2e-05,17347,11
2e-05,17348,12
2e-05,17349,2
2e-05,17350,10
2e-05,17351,13
2e-05,17352,10
2e-05,17353,11
2e-05,17354,1
2e-05,17355,5
2e-05,17356,0
2e-05,17357,1
2e-05,17358,1
2e-05,17359,10
2e-05,17360,10
2e-05,17361,1
2e-05,17362,12
2e-05,17363,10
2e-05,17364,2
2e-05,17365,0
2e-05,17366,8
2e-05,17367,6
2e-05,17368,6
2e-05,17369,6
2e-05,17370,9
2e-05,17371,0
2e-05,17372,11
2e-05,17373,11
2e-05,17374,10
2e-05,17375,12
2e-05,17376,5
2e-05,17377,0
2e-05,17378,10
2e-05,17379,6
2e-05,17380,9
2e-05,17381,6
2e-05,17382,11
2e-05,17383,0
2e-05,17384,11
2e-05,17385,5
2e-05,17386,0
2e-05,17387,5
2e-05,17388,0
2e-05,17389,9
2e-05,17390,0
2e-05,17391,11
2e-05,17392,10
2e-05,17393,6
2e-05,17394,6
2e-05,17395,5
2e-05,17396,12
2e-05,17397,0
2e-05,17398,11
2e-05,17399,9
2e-05,17400,10
2e-05,17401,0
2e-05,17402,1
2e-05,17403,11
2e-05,17404,16
2e-05,17405,2
2e-05,17406,0
2e-05,17407,11
2e-05,17408,6
2e-05,17409,5
2e-05,17410,6
2e-05,17411,1
2e-05,17412,9
2e-05,17413,11
2e-05,17414,1
2e-05,17415,9
2e-05,17416,9
2e-05,17417,10
2e-05,17418,9
2e-05,17419,12
2e-05,17420,10
2e-05,17421,10
2e-05,17422,11
2e-05,17423,9
2e-05,17424,0
2e-05,17425,9
2e-05,17426,1
2e-05,17427,0
2e-05,17428,1
2e-05,17429,2
2e-05,17430,3
2e-05,17431,3
2e-05,17432,2
2e-05,17433,1
2e-05,17434,2
2e-05,17435,12
2e-05,17436,6
2e-05,17437,3
2e-05,17438,6
2e-05,17439,12
2e-05,17440,9
2e-05,17441,10
2e-05,17442,1
2e-05,17443,0
2e-05,17444,10
2e-05,17445,2
2e-05,17446,11
2e-05,17447,2
2e-05,17448,9
2e-05,17449,11
2e-05,17450,2
2e-05,17451,2
2e-05,17452,0
2e-05,17453,2
2e-05,17454,0
2e-05,17455,5
2e-05,17456,0
2e-05,17457,10
2e-05,17458,12
2e-05,17459,12
2e-05,17460,2
2e-05,17461,1
2e-05,17462,3
2e-05,17463,11
2e-05,17464,13
2e-05,17465,9
2e-05,17466,5
2e-05,17467,11
2e-05,17468,5
2e-05,17469,10
2e-05,17470,3
2e-05,17471,0
2e-05,17472,11
2e-05,17473,12
2e-05,17474,5
2e-05,17475,10
2e-05,17476,13
2e-05,17477,6
2e-05,17478,3
2e-05,17479,3
2e-05,17480,1
2e-05,17481,13
2e-05,17482,12
2e-05,17483,10
2e-05,17484,1
2e-05,17485,1
2e-05,17486,3
2e-05,17487,2
2e-05,17488,6
2e-05,17489,9
2e-05,17490,3
2e-05,17491,16
2e-05,17492,16
2e-05,17493,13
2e-05,17494,5
2e-05,17495,10
2e-05,17496,12
2e-05,17497,6
2e-05,17498,9
2e-05,17499,11
2e-05,17500,16
2e-05,17501,11
2e-05,17502,2
2e-05,17503,11
2e-05,17504,10
2e-05,17505,12
2e-05,17506,6
2e-05,17507,5
2e-05,17508,9
2e-05,17509,6
2e-05,17510,11
2e-05,17511,0
2e-05,17512,10
2e-05,17513,3
2e-05,17514,13
2e-05,17515,9
2e-05,17516,6
2e-05,17517,1
2e-05,17518,9
2e-05,17519,0
2e-05,17520,6
2e-05,17521,5
2e-05,17522,11
2e-05,17523,0
2e-05,17524,9
2e-05,17525,1
2e-05,17526,6
2e-05,17527,3
2e-05,17528,0
2e-05,17529,11
2e-05,17530,12
2e-05,17531,1
2e-05,17532,5
2e-05,17533,6
2e-05,17534,2
2e-05,17535,3
2e-05,17536,9
2e-05,17537,9
2e-05,17538,12
2e-05,17539,12
2e-05,17540,5
2e-05,17541,10
2e-05,17542,6
2e-05,17543,5
2e-05,17544,0
2e-05,17545,3
2e-05,17546,10
2e-05,17547,9
2e-05,17548,1
2e-05,17549,12
2e-05,17550,11
2e-05,17551,11
2e-05,17552,0
2e-05,17553,1
2e-05,17554,9
2e-05,17555,5
2e-05,17556,2
2e-05,17557,11
2e-05,17558,1
2e-05,17559,1
2e-05,17560,0
2e-05,17561,5
2e-05,17562,3
2e-05,17563,10
2e-05,17564,3
2e-05,17565,3
2e-05,17566,7
2e-05,17567,0
2e-05,17568,3
2e-05,17569,2
2e-05,17570,2
2e-05,17571,6
2e-05,17572,2
2e-05,17573,2
2e-05,17574,9
2e-05,17575,9
2e-05,17576,5
2e-05,17577,12
2e-05,17578,10
2e-05,17579,2
2e-05,17580,12
2e-05,17581,12
2e-05,17582,1
2e-05,17583,6
2e-05,17584,6
2e-05,17585,10
2e-05,17586,17
2e-05,17587,11
2e-05,17588,0
2e-05,17589,10
2e-05,17590,8
2e-05,17591,2
2e-05,17592,6
2e-05,17593,5
2e-05,17594,2
2e-05,17595,6
2e-05,17596,3
2e-05,17597,0
2e-05,17598,11
2e-05,17599,13
2e-05,17600,6
2e-05,17601,6
2e-05,17602,1
2e-05,17603,2
2e-05,17604,5
2e-05,17605,6
2e-05,17606,5
2e-05,17607,0
2e-05,17608,9
2e-05,17609,10
2e-05,17610,3
2e-05,17611,1
2e-05,17612,12
2e-05,17613,9
2e-05,17614,6
2e-05,17615,12
2e-05,17616,1
2e-05,17617,12
2e-05,17618,3
2e-05,17619,9
2e-05,17620,9
2e-05,17621,13
2e-05,17622,11
2e-05,17623,2
2e-05,17624,11
2e-05,17625,5
2e-05,17626,10
2e-05,17627,1
2e-05,17628,12
2e-05,17629,12
2e-05,17630,9
2e-05,17631,11
2e-05,17632,3
2e-05,17633,3
2e-05,17634,0
2e-05,17635,12
2e-05,17636,5
2e-05,17637,11
2e-05,17638,0
2e-05,17639,6
2e-05,17640,5
2e-05,17641,5
2e-05,17642,1
2e-05,17643,11
2e-05,17644,0
2e-05,17645,13
2e-05,17646,10
2e-05,17647,11
2e-05,17648,9
2e-05,17649,11
2e-05,17650,6
2e-05,17651,10
2e-05,17652,13
2e-05,17653,2
2e-05,17654,6
2e-05,17655,1
2e-05,17656,11
2e-05,17657,9
2e-05,17658,6
2e-05,17659,11
2e-05,17660,10
2e-05,17661,12
2e-05,17662,3
2e-05,17663,0
2e-05,17664,5
2e-05,17665,9
2e-05,17666,11
2e-05,17667,12
2e-05,17668,10
2e-05,17669,1
2e-05,17670,2
2e-05,17671,11
2e-05,17672,2
2e-05,17673,13
2e-05,17674,0
2e-05,17675,3
2e-05,17676,0
2e-05,17677,12
2e-05,17678,6
2e-05,17679,3
2e-05,17680,0
2e-05,17681,6
2e-05,17682,2
2e-05,17683,9
2e-05,17684,5
2e-05,17685,2
2e-05,17686,10
2e-05,17687,13
2e-05,17688,2
2e-05,17689,5
2e-05,17690,6
2e-05,17691,6
2e-05,17692,10
2e-05,17693,0
2e-05,17694,5
2e-05,17695,11
2e-05,17696,2
2e-05,17697,11
2e-05,17698,1
2e-05,17699,0
2e-05,17700,1
2e-05,17701,11
2e-05,17702,2
2e-05,17703,11
2e-05,17704,2
2e-05,17705,5
2e-05,17706,12
2e-05,17707,12
2e-05,17708,9
2e-05,17709,12
2e-05,17710,10
2e-05,17711,1
2e-05,17712,6
2e-05,17713,2
2e-05,17714,6
2e-05,17715,13
2e-05,17716,6
2e-05,17717,9
2e-05,17718,0
2e-05,17719,11
2e-05,17720,3
2e-05,17721,1
2e-05,17722,2
2e-05,17723,5
2e-05,17724,12
2e-05,17725,1
2e-05,17726,6
2e-05,17727,3
2e-05,17728,3
2e-05,17729,1
2e-05,17730,6
2e-05,17731,11
2e-05,17732,3
2e-05,17733,3
2e-05,17734,5
2e-05,17735,3
2e-05,17736,11
2e-05,17737,6
2e-05,17738,12
2e-05,17739,5
2e-05,17740,11
2e-05,17741,13
2e-05,17742,1
2e-05,17743,12
2e-05,17744,11
2e-05,17745,5
2e-05,17746,10
2e-05,17747,1
2e-05,17748,12
2e-05,17749,13
2e-05,17750,0
2e-05,17751,9
2e-05,17752,13
2e-05,17753,0
2e-05,17754,13
2e-05,17755,13
2e-05,17756,12
2e-05,17757,13
2e-05,17758,10
2e-05,17759,0
2e-05,17760,10
2e-05,17761,13
2e-05,17762,13
2e-05,17763,9
2e-05,17764,5
2e-05,17765,13
2e-05,17766,3
2e-05,17767,5
2e-05,17768,9
2e-05,17769,12
2e-05,17770,11
2e-05,17771,15
2e-05,17772,13
2e-05,17773,1
2e-05,17774,3
2e-05,17775,10
2e-05,17776,6
2e-05,17777,12
2e-05,17778,10
2e-05,17779,12
2e-05,17780,11
2e-05,17781,11
2e-05,17782,9
2e-05,17783,3
2e-05,17784,3
2e-05,17785,10
2e-05,17786,0
2e-05,17787,11
2e-05,17788,17
2e-05,17789,16
2e-05,17790,1
2e-05,17791,1
2e-05,17792,2
2e-05,17793,11
2e-05,17794,0
2e-05,17795,16
2e-05,17796,5
2e-05,17797,2
2e-05,17798,5
2e-05,17799,1
2e-05,17800,10
2e-05,17801,16
2e-05,17802,12
2e-05,17803,2
2e-05,17804,3
2e-05,17805,2
2e-05,17806,9
2e-05,17807,5
2e-05,17808,1
2e-05,17809,9
2e-05,17810,5
2e-05,17811,12
2e-05,17812,2
2e-05,17813,5
2e-05,17814,9
2e-05,17815,13
2e-05,17816,1
2e-05,17817,11
2e-05,17818,16
2e-05,17819,5
2e-05,17820,3
2e-05,17821,13
2e-05,17822,2
2e-05,17823,3
2e-05,17824,13
2e-05,17825,3
2e-05,17826,1
2e-05,17827,12
2e-05,17828,12
2e-05,17829,9
2e-05,17830,11
2e-05,17831,6
2e-05,17832,9
2e-05,17833,0
2e-05,17834,1
2e-05,17835,3
2e-05,17836,13
2e-05,17837,12
2e-05,17838,1
2e-05,17839,1
2e-05,17840,1
2e-05,17841,11
2e-05,17842,9
2e-05,17843,9
2e-05,17844,9
2e-05,17845,6
2e-05,17846,1
2e-05,17847,6
2e-05,17848,0
2e-05,17849,5
2e-05,17850,5
2e-05,17851,13
2e-05,17852,11
2e-05,17853,6
2e-05,17854,2
2e-05,17855,13
2e-05,17856,9
2e-05,17857,10
2e-05,17858,0
2e-05,17859,10
2e-05,17860,3
2e-05,17861,3
2e-05,17862,12
2e-05,17863,12
2e-05,17864,6
2e-05,17865,5
2e-05,17866,0
2e-05,17867,3
2e-05,17868,5
2e-05,17869,11
2e-05,17870,2
2e-05,17871,2
2e-05,17872,2
2e-05,17873,3
2e-05,17874,3
2e-05,17875,9
2e-05,17876,10
2e-05,17877,15
2e-05,17878,2
2e-05,17879,6
2e-05,17880,9
2e-05,17881,16
2e-05,17882,0
2e-05,17883,5
2e-05,17884,2
2e-05,17885,11
2e-05,17886,10
2e-05,17887,10
2e-05,17888,10
2e-05,17889,1
2e-05,17890,11
2e-05,17891,9
2e-05,17892,11
2e-05,17893,0
2e-05,17894,5
2e-05,17895,12
2e-05,17896,3
2e-05,17897,12
2e-05,17898,9
2e-05,17899,13
2e-05,17900,11
2e-05,17901,11
2e-05,17902,11
2e-05,17903,6
2e-05,17904,5
2e-05,17905,11
2e-05,17906,17
2e-05,17907,0
2e-05,17908,12
2e-05,17909,12
2e-05,17910,11
2e-05,17911,11
2e-05,17912,0
2e-05,17913,1
2e-05,17914,2
2e-05,17915,3
2e-05,17916,11
2e-05,17917,11
2e-05,17918,9
2e-05,17919,11
2e-05,17920,3
2e-05,17921,13
2e-05,17922,5
2e-05,17923,2
2e-05,17924,13
2e-05,17925,5
2e-05,17926,5
2e-05,17927,12
2e-05,17928,10
2e-05,17929,0
2e-05,17930,11
2e-05,17931,5
2e-05,17932,9
2e-05,17933,9
2e-05,17934,13
2e-05,17935,3
2e-05,17936,3
2e-05,17937,9
2e-05,17938,3
2e-05,17939,12
2e-05,17940,12
2e-05,17941,11
2e-05,17942,11
2e-05,17943,9
2e-05,17944,0
2e-05,17945,3
2e-05,17946,3
2e-05,17947,2
2e-05,17948,11
2e-05,17949,10
2e-05,17950,0
2e-05,17951,11
2e-05,17952,5
2e-05,17953,2
2e-05,17954,11
2e-05,17955,3
2e-05,17956,0
2e-05,17957,10
2e-05,17958,1
2e-05,17959,1
2e-05,17960,13
2e-05,17961,9
2e-05,17962,1
2e-05,17963,0
2e-05,17964,10
2e-05,17965,6
2e-05,17966,6
2e-05,17967,0
2e-05,17968,9
2e-05,17969,1
2e-05,17970,13
2e-05,17971,3
2e-05,17972,3
2e-05,17973,13
2e-05,17974,10
2e-05,17975,13
2e-05,17976,13
2e-05,17977,6
2e-05,17978,2
2e-05,17979,13
2e-05,17980,3
2e-05,17981,11
2e-05,17982,12
2e-05,17983,2
2e-05,17984,12
2e-05,17985,9
2e-05,17986,11
2e-05,17987,5
2e-05,17988,2
2e-05,17989,6
2e-05,17990,5
2e-05,17991,11
2e-05,17992,0
2e-05,17993,3
2e-05,17994,0
2e-05,17995,2
2e-05,17996,9
2e-05,17997,0
2e-05,17998,6
2e-05,17999,0
2e-05,18000,5
2e-05,18001,0
2e-05,18002,0
2e-05,18003,2
2e-05,18004,12
2e-05,18005,9
2e-05,18006,13
2e-05,18007,5
2e-05,18008,9
2e-05,18009,6
2e-05,18010,1
2e-05,18011,6
2e-05,18012,1
2e-05,18013,11
2e-05,18014,0
2e-05,18015,1
2e-05,18016,6
2e-05,18017,1
2e-05,18018,0
2e-05,18019,10
2e-05,18020,1
2e-05,18021,5
2e-05,18022,0
2e-05,18023,3
2e-05,18024,11
2e-05,18025,3
2e-05,18026,6
2e-05,18027,2
2e-05,18028,2
2e-05,18029,6
2e-05,18030,13
2e-05,18031,0
2e-05,18032,9
2e-05,18033,3
2e-05,18034,13
2e-05,18035,0
2e-05,18036,0
2e-05,18037,1
2e-05,18038,0
2e-05,18039,9
2e-05,18040,6
2e-05,18041,10
2e-05,18042,3
2e-05,18043,2
2e-05,18044,11
2e-05,18045,3
2e-05,18046,10
2e-05,18047,1
2e-05,18048,9
2e-05,18049,3
2e-05,18050,2
2e-05,18051,12
2e-05,18052,11
2e-05,18053,6
2e-05,18054,6
2e-05,18055,5
2e-05,18056,2
2e-05,18057,5
2e-05,18058,13
2e-05,18059,5
2e-05,18060,3
2e-05,18061,9
2e-05,18062,2
2e-05,18063,9
2e-05,18064,10
2e-05,18065,0
2e-05,18066,2
2e-05,18067,12
2e-05,18068,0
2e-05,18069,12
2e-05,18070,6
2e-05,18071,9
2e-05,18072,13
2e-05,18073,0
2e-05,18074,12
2e-05,18075,2
2e-05,18076,6
2e-05,18077,5
2e-05,18078,0
2e-05,18079,9
2e-05,18080,2
2e-05,18081,2
2e-05,18082,0
2e-05,18083,3
2e-05,18084,0
2e-05,18085,6
2e-05,18086,3
2e-05,18087,11
2e-05,18088,10
2e-05,18089,5
2e-05,18090,3
2e-05,18091,3
2e-05,18092,1
2e-05,18093,11
2e-05,18094,3
2e-05,18095,9
2e-05,18096,12
2e-05,18097,0
2e-05,18098,3
2e-05,18099,9
2e-05,18100,1
2e-05,18101,1
2e-05,18102,0
2e-05,18103,10
2e-05,18104,11
2e-05,18105,10
2e-05,18106,0
2e-05,18107,2
2e-05,18108,3
2e-05,18109,0
2e-05,18110,0
2e-05,18111,6
2e-05,18112,10
2e-05,18113,1
2e-05,18114,0
2e-05,18115,1
2e-05,18116,9
2e-05,18117,6
2e-05,18118,3
2e-05,18119,9
2e-05,18120,11
2e-05,18121,0
2e-05,18122,10
2e-05,18123,1
2e-05,18124,3
2e-05,18125,11
2e-05,18126,11
2e-05,18127,11
2e-05,18128,5
2e-05,18129,5
2e-05,18130,2
2e-05,18131,11
2e-05,18132,13
2e-05,18133,13
2e-05,18134,11
2e-05,18135,13
2e-05,18136,12
2e-05,18137,0
2e-05,18138,5
2e-05,18139,5
2e-05,18140,13
2e-05,18141,6
2e-05,18142,9
2e-05,18143,11
2e-05,18144,11
2e-05,18145,5
2e-05,18146,3
2e-05,18147,9
2e-05,18148,10
2e-05,18149,11
2e-05,18150,1
2e-05,18151,10
2e-05,18152,9
2e-05,18153,13
2e-05,18154,6
2e-05,18155,2
2e-05,18156,11
2e-05,18157,11
2e-05,18158,0
2e-05,18159,10
2e-05,18160,0
2e-05,18161,16
2e-05,18162,1
2e-05,18163,5
2e-05,18164,11
2e-05,18165,12
2e-05,18166,3
2e-05,18167,13
2e-05,18168,11
2e-05,18169,0
2e-05,18170,3
2e-05,18171,9
2e-05,18172,5
2e-05,18173,3
2e-05,18174,0
2e-05,18175,0
2e-05,18176,3
2e-05,18177,9
2e-05,18178,12
2e-05,18179,13
2e-05,18180,12
2e-05,18181,2
2e-05,18182,10
2e-05,18183,3
2e-05,18184,12
2e-05,18185,9
2e-05,18186,6
2e-05,18187,2
2e-05,18188,11
2e-05,18189,3
2e-05,18190,12
2e-05,18191,12
2e-05,18192,10
2e-05,18193,12
2e-05,18194,10
2e-05,18195,13
2e-05,18196,2
2e-05,18197,3
2e-05,18198,5
2e-05,18199,12
2e-05,18200,6
2e-05,18201,9
2e-05,18202,9
2e-05,18203,13
2e-05,18204,12
2e-05,18205,12
2e-05,18206,10
2e-05,18207,3
2e-05,18208,12
2e-05,18209,11
2e-05,18210,9
2e-05,18211,10
2e-05,18212,11
2e-05,18213,13
2e-05,18214,5
2e-05,18215,1
2e-05,18216,9
2e-05,18217,10
2e-05,18218,9
2e-05,18219,13
2e-05,18220,3
2e-05,18221,9
2e-05,18222,6
2e-05,18223,0
2e-05,18224,3
2e-05,18225,11
2e-05,18226,11
2e-05,18227,3
2e-05,18228,10
2e-05,18229,9
2e-05,18230,11
2e-05,18231,10
2e-05,18232,5
2e-05,18233,11
2e-05,18234,5
2e-05,18235,12
2e-05,18236,12
2e-05,18237,5
2e-05,18238,5
2e-05,18239,6
2e-05,18240,12
2e-05,18241,2
2e-05,18242,3
2e-05,18243,13
2e-05,18244,3
2e-05,18245,10
2e-05,18246,13
2e-05,18247,2
2e-05,18248,2
2e-05,18249,1
2e-05,18250,10
2e-05,18251,3
2e-05,18252,13
2e-05,18253,3
2e-05,18254,9
2e-05,18255,12
2e-05,18256,3
2e-05,18257,11
2e-05,18258,9
2e-05,18259,1
2e-05,18260,2
2e-05,18261,11
2e-05,18262,11
2e-05,18263,13
2e-05,18264,12
2e-05,18265,6
2e-05,18266,3
2e-05,18267,9
2e-05,18268,9
2e-05,18269,10
2e-05,18270,5
2e-05,18271,13
2e-05,18272,3
2e-05,18273,3
2e-05,18274,0
2e-05,18275,1
2e-05,18276,3
2e-05,18277,1
2e-05,18278,5
2e-05,18279,9
2e-05,18280,9
2e-05,18281,1
2e-05,18282,10
2e-05,18283,2
2e-05,18284,9
2e-05,18285,0
2e-05,18286,13
2e-05,18287,6
2e-05,18288,6
2e-05,18289,11
2e-05,18290,10
2e-05,18291,3
2e-05,18292,9
2e-05,18293,11
2e-05,18294,1
2e-05,18295,3
2e-05,18296,10
2e-05,18297,2
2e-05,18298,12
2e-05,18299,0
2e-05,18300,6
2e-05,18301,3
2e-05,18302,12
2e-05,18303,0
2e-05,18304,2
2e-05,18305,13
2e-05,18306,2
2e-05,18307,12
2e-05,18308,4
2e-05,18309,2
2e-05,18310,9
2e-05,18311,11
2e-05,18312,6
2e-05,18313,12
2e-05,18314,2
2e-05,18315,6
2e-05,18316,3
2e-05,18317,11
2e-05,18318,12
2e-05,18319,5
2e-05,18320,10
2e-05,18321,0
2e-05,18322,9
2e-05,18323,12
2e-05,18324,13
2e-05,18325,5
2e-05,18326,10
2e-05,18327,11
2e-05,18328,13
2e-05,18329,9
2e-05,18330,3
2e-05,18331,3
2e-05,18332,13
2e-05,18333,6
2e-05,18334,12
2e-05,18335,10
2e-05,18336,10
2e-05,18337,16
2e-05,18338,2
2e-05,18339,3
2e-05,18340,12
2e-05,18341,1
2e-05,18342,0
2e-05,18343,13
2e-05,18344,10
2e-05,18345,9
2e-05,18346,2
2e-05,18347,3
2e-05,18348,3
2e-05,18349,11
2e-05,18350,1
2e-05,18351,1
2e-05,18352,0
2e-05,18353,6
2e-05,18354,11
2e-05,18355,9
2e-05,18356,12
2e-05,18357,6
2e-05,18358,13
2e-05,18359,5
2e-05,18360,0
2e-05,18361,9
2e-05,18362,0
2e-05,18363,2
2e-05,18364,11
2e-05,18365,5
2e-05,18366,9
2e-05,18367,12
2e-05,18368,1
2e-05,18369,11
2e-05,18370,12
2e-05,18371,6
2e-05,18372,0
2e-05,18373,10
2e-05,18374,12
2e-05,18375,12
2e-05,18376,3
2e-05,18377,13
2e-05,18378,9
2e-05,18379,10
2e-05,18380,10
2e-05,18381,1
2e-05,18382,1
2e-05,18383,6
2e-05,18384,11
2e-05,18385,10
2e-05,18386,0
2e-05,18387,5
2e-05,18388,11
2e-05,18389,10
2e-05,18390,10
2e-05,18391,5
2e-05,18392,10
2e-05,18393,11
2e-05,18394,0
2e-05,18395,3
2e-05,18396,12
2e-05,18397,0
2e-05,18398,0
2e-05,18399,0
2e-05,18400,11
2e-05,18401,5
2e-05,18402,0
2e-05,18403,0
2e-05,18404,5
2e-05,18405,9
2e-05,18406,3
2e-05,18407,6
2e-05,18408,5
2e-05,18409,6
2e-05,18410,3
2e-05,18411,0
2e-05,18412,0
2e-05,18413,11
2e-05,18414,0
2e-05,18415,1
2e-05,18416,16
2e-05,18417,9
2e-05,18418,1
2e-05,18419,13
2e-05,18420,1
2e-05,18421,6
2e-05,18422,0
2e-05,18423,5
2e-05,18424,2
2e-05,18425,16
2e-05,18426,11
2e-05,18427,5
2e-05,18428,10
2e-05,18429,6
2e-05,18430,0
2e-05,18431,10
2e-05,18432,11
2e-05,18433,9
2e-05,18434,13
2e-05,18435,9
2e-05,18436,9
2e-05,18437,2
2e-05,18438,10
2e-05,18439,3
2e-05,18440,5
2e-05,18441,2
2e-05,18442,2
2e-05,18443,5
2e-05,18444,9
2e-05,18445,3
2e-05,18446,3
2e-05,18447,13
2e-05,18448,6
2e-05,18449,10
2e-05,18450,0
2e-05,18451,2
2e-05,18452,2
2e-05,18453,12
2e-05,18454,1
2e-05,18455,2
2e-05,18456,12
2e-05,18457,1
2e-05,18458,0
2e-05,18459,11
2e-05,18460,2
2e-05,18461,3
2e-05,18462,1
2e-05,18463,6
2e-05,18464,5
2e-05,18465,6
2e-05,18466,11
2e-05,18467,1
2e-05,18468,1
2e-05,18469,6
2e-05,18470,9
2e-05,18471,2
2e-05,18472,6
2e-05,18473,1
2e-05,18474,6
2e-05,18475,3
2e-05,18476,11
2e-05,18477,0
2e-05,18478,2
2e-05,18479,2
2e-05,18480,0
2e-05,18481,12
2e-05,18482,0
2e-05,18483,3
2e-05,18484,9
2e-05,18485,10
2e-05,18486,1
2e-05,18487,6
2e-05,18488,10
2e-05,18489,11
2e-05,18490,12
2e-05,18491,11
2e-05,18492,0
2e-05,18493,0
2e-05,18494,13
2e-05,18495,10
2e-05,18496,3
2e-05,18497,13
2e-05,18498,13
2e-05,18499,9
2e-05,18500,5
2e-05,18501,1
2e-05,18502,3
2e-05,18503,12
2e-05,18504,3
2e-05,18505,0
2e-05,18506,0
2e-05,18507,16
2e-05,18508,0
2e-05,18509,13
2e-05,18510,6
2e-05,18511,5
2e-05,18512,0
2e-05,18513,6
2e-05,18514,12
2e-05,18515,2
2e-05,18516,3
2e-05,18517,0
2e-05,18518,1
2e-05,18519,12
2e-05,18520,5
2e-05,18521,1
2e-05,18522,9
2e-05,18523,0
2e-05,18524,5
2e-05,18525,2
2e-05,18526,16
2e-05,18527,11
2e-05,18528,5
2e-05,18529,3
2e-05,18530,3
2e-05,18531,3
2e-05,18532,5
2e-05,18533,9
2e-05,18534,3
2e-05,18535,11
2e-05,18536,2
2e-05,18537,6
2e-05,18538,4
2e-05,18539,5
2e-05,18540,1
2e-05,18541,9
2e-05,18542,9
2e-05,18543,3
2e-05,18544,2
2e-05,18545,2
2e-05,18546,0
2e-05,18547,12
2e-05,18548,10
2e-05,18549,11
2e-05,18550,0
2e-05,18551,9
2e-05,18552,9
2e-05,18553,11
2e-05,18554,10
2e-05,18555,12
2e-05,18556,9
2e-05,18557,9
2e-05,18558,1
2e-05,18559,9
2e-05,18560,3
2e-05,18561,2
2e-05,18562,10
2e-05,18563,10
2e-05,18564,12
2e-05,18565,8
2e-05,18566,3
2e-05,18567,3
2e-05,18568,2
2e-05,18569,1
2e-05,18570,9
2e-05,18571,5
2e-05,18572,12
2e-05,18573,13
2e-05,18574,6
2e-05,18575,9
2e-05,18576,12
2e-05,18577,0
2e-05,18578,10
2e-05,18579,10
2e-05,18580,3
2e-05,18581,5
2e-05,18582,9
2e-05,18583,9
2e-05,18584,13
2e-05,18585,6
2e-05,18586,2
2e-05,18587,1
2e-05,18588,13
2e-05,18589,1
2e-05,18590,11
2e-05,18591,10
2e-05,18592,1
2e-05,18593,5
2e-05,18594,13
2e-05,18595,6
2e-05,18596,10
2e-05,18597,2
2e-05,18598,6
2e-05,18599,9
2e-05,18600,9
2e-05,18601,5
2e-05,18602,13
2e-05,18603,6
2e-05,18604,7
2e-05,18605,5
2e-05,18606,0
2e-05,18607,9
2e-05,18608,12
2e-05,18609,9
2e-05,18610,0
2e-05,18611,16
2e-05,18612,11
2e-05,18613,2
2e-05,18614,3
2e-05,18615,0
2e-05,18616,2
2e-05,18617,12
2e-05,18618,10
2e-05,18619,9
2e-05,18620,6
2e-05,18621,12
2e-05,18622,6
2e-05,18623,2
2e-05,18624,11
2e-05,18625,12
2e-05,18626,1
2e-05,18627,5
2e-05,18628,12
2e-05,18629,3
2e-05,18630,1
2e-05,18631,0
2e-05,18632,11
2e-05,18633,5
2e-05,18634,9
2e-05,18635,10
2e-05,18636,6
2e-05,18637,11
2e-05,18638,1
2e-05,18639,11
2e-05,18640,1
2e-05,18641,13
2e-05,18642,13
2e-05,18643,13
2e-05,18644,6
2e-05,18645,6
2e-05,18646,12
2e-05,18647,5
2e-05,18648,0
2e-05,18649,9
2e-05,18650,11
2e-05,18651,1
2e-05,18652,1
2e-05,18653,0
2e-05,18654,0
2e-05,18655,11
2e-05,18656,9
2e-05,18657,13
2e-05,18658,6
2e-05,18659,2
2e-05,18660,12
2e-05,18661,12
2e-05,18662,12
2e-05,18663,5
2e-05,18664,2
2e-05,18665,0
2e-05,18666,0
2e-05,18667,10
2e-05,18668,5
2e-05,18669,0
2e-05,18670,11
2e-05,18671,1
2e-05,18672,9
2e-05,18673,3
2e-05,18674,11
2e-05,18675,10
2e-05,18676,1
2e-05,18677,6
2e-05,18678,0
2e-05,18679,0
2e-05,18680,9
2e-05,18681,12
2e-05,18682,0
2e-05,18683,11
2e-05,18684,2
2e-05,18685,5
2e-05,18686,5
2e-05,18687,6
2e-05,18688,12
2e-05,18689,11
2e-05,18690,6
2e-05,18691,5
2e-05,18692,5
2e-05,18693,11
2e-05,18694,5
2e-05,18695,1
2e-05,18696,12
2e-05,18697,10
2e-05,18698,9
2e-05,18699,9
2e-05,18700,11
2e-05,18701,12
2e-05,18702,11
2e-05,18703,9
2e-05,18704,6
2e-05,18705,9
2e-05,18706,13
2e-05,18707,0
2e-05,18708,0
2e-05,18709,9
2e-05,18710,11
2e-05,18711,1
2e-05,18712,9
2e-05,18713,6
2e-05,18714,2
2e-05,18715,12
2e-05,18716,2
2e-05,18717,0
2e-05,18718,16
2e-05,18719,5
2e-05,18720,11
2e-05,18721,12
2e-05,18722,1
2e-05,18723,11
2e-05,18724,8
2e-05,18725,5
2e-05,18726,9
2e-05,18727,9
2e-05,18728,6
2e-05,18729,5
2e-05,18730,6
2e-05,18731,9
2e-05,18732,2
2e-05,18733,1
2e-05,18734,9
2e-05,18735,6
2e-05,18736,3
2e-05,18737,11
2e-05,18738,11
2e-05,18739,6
2e-05,18740,11
2e-05,18741,0
2e-05,18742,12
2e-05,18743,6
2e-05,18744,13
2e-05,18745,6
2e-05,18746,0
2e-05,18747,3
2e-05,18748,9
2e-05,18749,1
2e-05,18750,9
2e-05,18751,9
2e-05,18752,6
2e-05,18753,11
2e-05,18754,3
2e-05,18755,5
2e-05,18756,9
2e-05,18757,9
2e-05,18758,3
2e-05,18759,3
2e-05,18760,5
2e-05,18761,1
2e-05,18762,6
2e-05,18763,11
2e-05,18764,12
2e-05,18765,13
2e-05,18766,12
2e-05,18767,2
2e-05,18768,1
2e-05,18769,11
2e-05,18770,3
2e-05,18771,13
2e-05,18772,2
2e-05,18773,11
2e-05,18774,1
2e-05,18775,6
2e-05,18776,10
2e-05,18777,13
2e-05,18778,1
2e-05,18779,2
2e-05,18780,10
2e-05,18781,3
2e-05,18782,12
2e-05,18783,11
2e-05,18784,0
2e-05,18785,12
2e-05,18786,6
2e-05,18787,6
2e-05,18788,3
2e-05,18789,13
2e-05,18790,1
2e-05,18791,6
2e-05,18792,12
2e-05,18793,12
2e-05,18794,11
2e-05,18795,1
2e-05,18796,11
2e-05,18797,2
2e-05,18798,1
2e-05,18799,2
2e-05,18800,10
2e-05,18801,9
2e-05,18802,0
2e-05,18803,1
2e-05,18804,6
2e-05,18805,1
2e-05,18806,9
2e-05,18807,0
2e-05,18808,2
2e-05,18809,9
2e-05,18810,2
2e-05,18811,3
2e-05,18812,9
2e-05,18813,9
2e-05,18814,2
2e-05,18815,12
2e-05,18816,11
2e-05,18817,0
2e-05,18818,9
2e-05,18819,1
2e-05,18820,0
2e-05,18821,10
2e-05,18822,12
2e-05,18823,10
2e-05,18824,0
2e-05,18825,10
2e-05,18826,0
2e-05,18827,10
2e-05,18828,10
2e-05,18829,13
2e-05,18830,10
2e-05,18831,11
2e-05,18832,0
2e-05,18833,12
2e-05,18834,9
2e-05,18835,9
2e-05,18836,9
2e-05,18837,1
2e-05,18838,10
2e-05,18839,5
2e-05,18840,9
2e-05,18841,3
2e-05,18842,10
2e-05,18843,10
2e-05,18844,9
2e-05,18845,11
2e-05,18846,11
2e-05,18847,5
2e-05,18848,5
2e-05,18849,3
2e-05,18850,1
2e-05,18851,5
2e-05,18852,2
2e-05,18853,12
2e-05,18854,13
2e-05,18855,12
2e-05,18856,1
2e-05,18857,11
2e-05,18858,5
2e-05,18859,5
2e-05,18860,2
2e-05,18861,11
2e-05,18862,0
2e-05,18863,3
2e-05,18864,1
2e-05,18865,13
2e-05,18866,0
2e-05,18867,11
2e-05,18868,6
2e-05,18869,2
2e-05,18870,12
2e-05,18871,10
2e-05,18872,3
2e-05,18873,11
2e-05,18874,6
2e-05,18875,1
2e-05,18876,3
2e-05,18877,14
2e-05,18878,6
2e-05,18879,13
2e-05,18880,6
2e-05,18881,5
2e-05,18882,9
2e-05,18883,12
2e-05,18884,0
2e-05,18885,12
2e-05,18886,0
2e-05,18887,10
2e-05,18888,5
2e-05,18889,3
2e-05,18890,0
2e-05,18891,9
2e-05,18892,12
2e-05,18893,11
2e-05,18894,2
2e-05,18895,3
2e-05,18896,3
2e-05,18897,3
2e-05,18898,12
2e-05,18899,3
2e-05,18900,13
2e-05,18901,6
2e-05,18902,1
2e-05,18903,1
2e-05,18904,3
2e-05,18905,6
2e-05,18906,11
2e-05,18907,1
2e-05,18908,6
2e-05,18909,9
2e-05,18910,9
2e-05,18911,11
2e-05,18912,9
2e-05,18913,5
2e-05,18914,2
2e-05,18915,1
2e-05,18916,12
2e-05,18917,11
2e-05,18918,9
2e-05,18919,10
2e-05,18920,10
2e-05,18921,9
2e-05,18922,1
2e-05,18923,5
2e-05,18924,5
2e-05,18925,1
2e-05,18926,5
2e-05,18927,1
2e-05,18928,1
2e-05,18929,5
2e-05,18930,1
2e-05,18931,3
2e-05,18932,10
2e-05,18933,3
2e-05,18934,5
2e-05,18935,11
2e-05,18936,13
2e-05,18937,16
2e-05,18938,9
2e-05,18939,0
2e-05,18940,9
2e-05,18941,13
2e-05,18942,2
2e-05,18943,3
2e-05,18944,11
2e-05,18945,5
2e-05,18946,3
2e-05,18947,5
2e-05,18948,3
2e-05,18949,11
2e-05,18950,9
2e-05,18951,1
2e-05,18952,2
2e-05,18953,3
2e-05,18954,12
2e-05,18955,11
2e-05,18956,11
2e-05,18957,11
2e-05,18958,0
2e-05,18959,9
2e-05,18960,11
2e-05,18961,15
2e-05,18962,9
2e-05,18963,3
2e-05,18964,9
2e-05,18965,9
2e-05,18966,0
2e-05,18967,5
2e-05,18968,13
2e-05,18969,2
2e-05,18970,13
2e-05,18971,12
2e-05,18972,6
2e-05,18973,5
2e-05,18974,2
2e-05,18975,0
2e-05,18976,9
2e-05,18977,10
2e-05,18978,1
2e-05,18979,10
2e-05,18980,0
2e-05,18981,2
2e-05,18982,5
2e-05,18983,13
2e-05,18984,0
2e-05,18985,6
2e-05,18986,5
2e-05,18987,10
2e-05,18988,3
2e-05,18989,10
2e-05,18990,1
2e-05,18991,12
2e-05,18992,12
2e-05,18993,2
2e-05,18994,13
2e-05,18995,1
2e-05,18996,6
2e-05,18997,1
2e-05,18998,3
2e-05,18999,1
2e-05,19000,10
2e-05,19001,12
2e-05,19002,0
2e-05,19003,4
2e-05,19004,5
2e-05,19005,11
2e-05,19006,0
2e-05,19007,6
2e-05,19008,1
2e-05,19009,2
2e-05,19010,0
2e-05,19011,10
2e-05,19012,6
2e-05,19013,12
2e-05,19014,16
2e-05,19015,12
2e-05,19016,0
2e-05,19017,0
2e-05,19018,0
2e-05,19019,5
2e-05,19020,12
2e-05,19021,11
2e-05,19022,9
2e-05,19023,0
2e-05,19024,1
2e-05,19025,10
2e-05,19026,9
2e-05,19027,13
2e-05,19028,10
2e-05,19029,12
2e-05,19030,1
2e-05,19031,9
2e-05,19032,9
2e-05,19033,16
2e-05,19034,1
2e-05,19035,5
2e-05,19036,1
2e-05,19037,11
2e-05,19038,12
2e-05,19039,12
2e-05,19040,6
2e-05,19041,9
2e-05,19042,2
2e-05,19043,10
2e-05,19044,5
2e-05,19045,11
2e-05,19046,3
2e-05,19047,6
2e-05,19048,9
2e-05,19049,11
2e-05,19050,9
2e-05,19051,0
2e-05,19052,5
2e-05,19053,12
2e-05,19054,9
2e-05,19055,5
2e-05,19056,1
2e-05,19057,0
2e-05,19058,11
2e-05,19059,3
2e-05,19060,2
2e-05,19061,10
2e-05,19062,2
2e-05,19063,5
2e-05,19064,11
2e-05,19065,12
2e-05,19066,1
2e-05,19067,13
2e-05,19068,12
2e-05,19069,10
2e-05,19070,1
2e-05,19071,5
2e-05,19072,12
2e-05,19073,1
2e-05,19074,9
2e-05,19075,11
2e-05,19076,12
2e-05,19077,11
2e-05,19078,12
2e-05,19079,12
2e-05,19080,0
2e-05,19081,3
2e-05,19082,5
2e-05,19083,6
2e-05,19084,9
2e-05,19085,2
2e-05,19086,11
2e-05,19087,13
2e-05,19088,13
2e-05,19089,11
2e-05,19090,1
2e-05,19091,1
2e-05,19092,0
2e-05,19093,2
2e-05,19094,5
2e-05,19095,16
2e-05,19096,5
2e-05,19097,13
2e-05,19098,12
2e-05,19099,9
2e-05,19100,3
2e-05,19101,13
2e-05,19102,0
2e-05,19103,10
2e-05,19104,5
2e-05,19105,1
2e-05,19106,13
2e-05,19107,5
2e-05,19108,11
2e-05,19109,11
2e-05,19110,11
2e-05,19111,5
2e-05,19112,10
2e-05,19113,8
2e-05,19114,9
2e-05,19115,6
2e-05,19116,2
2e-05,19117,13
2e-05,19118,3
2e-05,19119,3
2e-05,19120,11
2e-05,19121,6
2e-05,19122,3
2e-05,19123,6
2e-05,19124,10
2e-05,19125,6
2e-05,19126,0
2e-05,19127,1
2e-05,19128,2
2e-05,19129,3
2e-05,19130,9
2e-05,19131,6
2e-05,19132,5
2e-05,19133,6
2e-05,19134,9
2e-05,19135,5
2e-05,19136,6
2e-05,19137,11
2e-05,19138,10
2e-05,19139,5
2e-05,19140,5
2e-05,19141,1
2e-05,19142,0
2e-05,19143,12
2e-05,19144,10
2e-05,19145,2
2e-05,19146,6
2e-05,19147,11
2e-05,19148,2
2e-05,19149,5
2e-05,19150,12
2e-05,19151,11
2e-05,19152,16
2e-05,19153,12
2e-05,19154,10
2e-05,19155,1
2e-05,19156,11
2e-05,19157,5
2e-05,19158,3
2e-05,19159,9
2e-05,19160,6
2e-05,19161,10
2e-05,19162,3
2e-05,19163,3
2e-05,19164,3
2e-05,19165,10
2e-05,19166,1
2e-05,19167,2
2e-05,19168,3
2e-05,19169,12
2e-05,19170,5
2e-05,19171,2
2e-05,19172,2
2e-05,19173,9
2e-05,19174,10
2e-05,19175,9
2e-05,19176,11
2e-05,19177,6
2e-05,19178,2
2e-05,19179,5
2e-05,19180,5
2e-05,19181,6
2e-05,19182,11
2e-05,19183,6
2e-05,19184,0
2e-05,19185,10
2e-05,19186,2
2e-05,19187,6
2e-05,19188,9
2e-05,19189,1
2e-05,19190,0
2e-05,19191,8
2e-05,19192,11
2e-05,19193,3
2e-05,19194,11
2e-05,19195,0
2e-05,19196,6
2e-05,19197,11
2e-05,19198,11
2e-05,19199,11
2e-05,19200,10
2e-05,19201,2
2e-05,19202,11
2e-05,19203,10
2e-05,19204,9
2e-05,19205,11
2e-05,19206,13
2e-05,19207,9
2e-05,19208,9
2e-05,19209,9
2e-05,19210,2
2e-05,19211,10
2e-05,19212,13
2e-05,19213,0
2e-05,19214,10
2e-05,19215,0
2e-05,19216,6
2e-05,19217,5
2e-05,19218,12
2e-05,19219,0
2e-05,19220,6
2e-05,19221,10
2e-05,19222,1
2e-05,19223,10
2e-05,19224,12
2e-05,19225,5
2e-05,19226,1
2e-05,19227,1
2e-05,19228,5
2e-05,19229,16
2e-05,19230,6
2e-05,19231,1
2e-05,19232,11
2e-05,19233,11
2e-05,19234,10
2e-05,19235,6
2e-05,19236,2
2e-05,19237,3
2e-05,19238,3
2e-05,19239,9
2e-05,19240,2
2e-05,19241,5
2e-05,19242,2
2e-05,19243,12
2e-05,19244,2
2e-05,19245,6
2e-05,19246,10
2e-05,19247,1
2e-05,19248,5
2e-05,19249,1
2e-05,19250,6
2e-05,19251,9
2e-05,19252,2
2e-05,19253,13
2e-05,19254,3
2e-05,19255,3
2e-05,19256,6
2e-05,19257,3
2e-05,19258,1
2e-05,19259,2
2e-05,19260,3
2e-05,19261,3
2e-05,19262,2
2e-05,19263,10
2e-05,19264,0
2e-05,19265,10
2e-05,19266,13
2e-05,19267,6
2e-05,19268,6
2e-05,19269,3
2e-05,19270,11
2e-05,19271,0
2e-05,19272,3
2e-05,19273,5
2e-05,19274,6
2e-05,19275,11
2e-05,19276,17
2e-05,19277,1
2e-05,19278,2
2e-05,19279,10
2e-05,19280,1
2e-05,19281,16
2e-05,19282,9
2e-05,19283,0
2e-05,19284,5
2e-05,19285,5
2e-05,19286,2
2e-05,19287,6
2e-05,19288,11
2e-05,19289,1
2e-05,19290,1
2e-05,19291,6
2e-05,19292,0
2e-05,19293,2
2e-05,19294,13
2e-05,19295,13
2e-05,19296,9
2e-05,19297,6
2e-05,19298,8
2e-05,19299,5
2e-05,19300,2
2e-05,19301,13
2e-05,19302,3
2e-05,19303,11
2e-05,19304,6
2e-05,19305,3
2e-05,19306,1
2e-05,19307,3
2e-05,19308,10
2e-05,19309,3
2e-05,19310,9
2e-05,19311,0
2e-05,19312,13
2e-05,19313,5
2e-05,19314,5
2e-05,19315,3
2e-05,19316,3
2e-05,19317,11
2e-05,19318,10
2e-05,19319,5
2e-05,19320,11
2e-05,19321,5
2e-05,19322,5
2e-05,19323,9
2e-05,19324,0
2e-05,19325,1
2e-05,19326,9
2e-05,19327,0
2e-05,19328,13
2e-05,19329,2
2e-05,19330,0
2e-05,19331,11
2e-05,19332,6
2e-05,19333,5
2e-05,19334,9
2e-05,19335,3
2e-05,19336,11
2e-05,19337,1
2e-05,19338,6
2e-05,19339,16
2e-05,19340,13
2e-05,19341,13
2e-05,19342,3
2e-05,19343,3
2e-05,19344,1
2e-05,19345,11
2e-05,19346,3
2e-05,19347,9
2e-05,19348,10
2e-05,19349,1
2e-05,19350,5
2e-05,19351,5
2e-05,19352,13
2e-05,19353,6
2e-05,19354,2
2e-05,19355,12
2e-05,19356,3
2e-05,19357,3
2e-05,19358,0
2e-05,19359,3
2e-05,19360,3
2e-05,19361,9
2e-05,19362,9
2e-05,19363,13
2e-05,19364,9
2e-05,19365,9
2e-05,19366,3
2e-05,19367,1
2e-05,19368,5
2e-05,19369,3
2e-05,19370,11
2e-05,19371,1
2e-05,19372,5
2e-05,19373,12
2e-05,19374,13
2e-05,19375,0
2e-05,19376,12
2e-05,19377,5
2e-05,19378,6
2e-05,19379,6
2e-05,19380,0
2e-05,19381,6
2e-05,19382,12
2e-05,19383,16
2e-05,19384,1
2e-05,19385,10
2e-05,19386,3
2e-05,19387,11
2e-05,19388,9
2e-05,19389,0
2e-05,19390,6
2e-05,19391,13
2e-05,19392,11
2e-05,19393,11
2e-05,19394,6
2e-05,19395,0
2e-05,19396,1
2e-05,19397,6
2e-05,19398,10
2e-05,19399,3
2e-05,19400,11
2e-05,19401,12
2e-05,19402,2
2e-05,19403,11
2e-05,19404,1
2e-05,19405,1
2e-05,19406,5
2e-05,19407,2
2e-05,19408,9
2e-05,19409,3
2e-05,19410,6
2e-05,19411,6
2e-05,19412,13
2e-05,19413,8
2e-05,19414,0
2e-05,19415,11
2e-05,19416,3
2e-05,19417,6
2e-05,19418,5
2e-05,19419,11
2e-05,19420,6
2e-05,19421,10
2e-05,19422,5
2e-05,19423,13
2e-05,19424,6
2e-05,19425,12
2e-05,19426,3
2e-05,19427,12
2e-05,19428,3
2e-05,19429,0
2e-05,19430,1
2e-05,19431,0
2e-05,19432,5
2e-05,19433,6
2e-05,19434,10
2e-05,19435,3
2e-05,19436,16
2e-05,19437,10
2e-05,19438,2
2e-05,19439,13
2e-05,19440,5
2e-05,19441,3
2e-05,19442,3
2e-05,19443,6
2e-05,19444,12
2e-05,19445,3
2e-05,19446,6
2e-05,19447,5
2e-05,19448,9
2e-05,19449,2
2e-05,19450,6
2e-05,19451,1
2e-05,19452,12
2e-05,19453,5
2e-05,19454,6
2e-05,19455,6
2e-05,19456,6
2e-05,19457,1
2e-05,19458,3
2e-05,19459,1
2e-05,19460,1
2e-05,19461,3
2e-05,19462,1
2e-05,19463,11
2e-05,19464,11
2e-05,19465,10
2e-05,19466,2
2e-05,19467,2
2e-05,19468,11
2e-05,19469,1
2e-05,19470,5
2e-05,19471,0
2e-05,19472,2
2e-05,19473,9
2e-05,19474,9
2e-05,19475,9
2e-05,19476,0
2e-05,19477,12
2e-05,19478,13
2e-05,19479,9
2e-05,19480,5
2e-05,19481,10
2e-05,19482,12
2e-05,19483,9
2e-05,19484,6
2e-05,19485,0
2e-05,19486,12
2e-05,19487,5
2e-05,19488,6
2e-05,19489,13
2e-05,19490,11
2e-05,19491,6
2e-05,19492,3
2e-05,19493,5
2e-05,19494,5
2e-05,19495,2
2e-05,19496,3
2e-05,19497,11
2e-05,19498,5
2e-05,19499,11
2e-05,19500,8
2e-05,19501,13
2e-05,19502,12
2e-05,19503,10
2e-05,19504,0
2e-05,19505,0
2e-05,19506,0
2e-05,19507,2
2e-05,19508,2
2e-05,19509,12
2e-05,19510,1
2e-05,19511,2
2e-05,19512,9
2e-05,19513,3
2e-05,19514,6
2e-05,19515,4
2e-05,19516,10
2e-05,19517,5
2e-05,19518,1
2e-05,19519,13
2e-05,19520,10
2e-05,19521,10
2e-05,19522,9
2e-05,19523,2
2e-05,19524,11
2e-05,19525,11
2e-05,19526,5
2e-05,19527,13
2e-05,19528,2
2e-05,19529,1
2e-05,19530,5
2e-05,19531,11
2e-05,19532,0
2e-05,19533,12
2e-05,19534,9
2e-05,19535,16
2e-05,19536,3
2e-05,19537,0
2e-05,19538,6
2e-05,19539,2
2e-05,19540,5
2e-05,19541,3
2e-05,19542,12
2e-05,19543,6
2e-05,19544,2
2e-05,19545,1
2e-05,19546,4
2e-05,19547,11
2e-05,19548,6
2e-05,19549,1
2e-05,19550,3
2e-05,19551,11
2e-05,19552,3
2e-05,19553,1
2e-05,19554,3
2e-05,19555,3
2e-05,19556,3
2e-05,19557,5
2e-05,19558,6
2e-05,19559,5
2e-05,19560,13
2e-05,19561,10
2e-05,19562,3
2e-05,19563,3
2e-05,19564,10
2e-05,19565,11
2e-05,19566,6
2e-05,19567,3
2e-05,19568,3
2e-05,19569,12
2e-05,19570,9
2e-05,19571,1
2e-05,19572,11
2e-05,19573,6
2e-05,19574,0
2e-05,19575,1
2e-05,19576,10
2e-05,19577,12
2e-05,19578,13
2e-05,19579,9
2e-05,19580,2
2e-05,19581,5
2e-05,19582,13
2e-05,19583,0
2e-05,19584,10
2e-05,19585,11
2e-05,19586,10
2e-05,19587,10
2e-05,19588,3
2e-05,19589,11
2e-05,19590,11
2e-05,19591,13
2e-05,19592,9
2e-05,19593,3
2e-05,19594,3
2e-05,19595,9
2e-05,19596,11
2e-05,19597,1
2e-05,19598,3
2e-05,19599,6
2e-05,19600,9
2e-05,19601,2
2e-05,19602,11
2e-05,19603,0
2e-05,19604,3
2e-05,19605,11
2e-05,19606,8
2e-05,19607,11
2e-05,19608,0
2e-05,19609,2
2e-05,19610,10
2e-05,19611,6
2e-05,19612,9
2e-05,19613,5
2e-05,19614,12
2e-05,19615,3
2e-05,19616,12
2e-05,19617,11
2e-05,19618,11
2e-05,19619,5
2e-05,19620,10
2e-05,19621,1
2e-05,19622,6
2e-05,19623,12
2e-05,19624,1
2e-05,19625,9
2e-05,19626,13
2e-05,19627,13
2e-05,19628,3
2e-05,19629,6
2e-05,19630,1
2e-05,19631,6
2e-05,19632,0
2e-05,19633,12
2e-05,19634,9
2e-05,19635,8
2e-05,19636,13
2e-05,19637,1
2e-05,19638,2
2e-05,19639,1
2e-05,19640,13
2e-05,19641,12
2e-05,19642,6
2e-05,19643,2
2e-05,19644,1
2e-05,19645,5
2e-05,19646,12
2e-05,19647,11
2e-05,19648,2
2e-05,19649,0
2e-05,19650,0
2e-05,19651,10
2e-05,19652,6
2e-05,19653,5
2e-05,19654,11
2e-05,19655,6
2e-05,19656,1
2e-05,19657,1
2e-05,19658,2
2e-05,19659,6
2e-05,19660,1
2e-05,19661,11
2e-05,19662,11
2e-05,19663,0
2e-05,19664,13
2e-05,19665,9
2e-05,19666,6
2e-05,19667,11
2e-05,19668,11
2e-05,19669,5
2e-05,19670,12
2e-05,19671,10
2e-05,19672,1
2e-05,19673,0
2e-05,19674,2
2e-05,19675,10
2e-05,19676,11
2e-05,19677,6
2e-05,19678,1
2e-05,19679,5
2e-05,19680,1
2e-05,19681,0
2e-05,19682,9
2e-05,19683,1
2e-05,19684,12
2e-05,19685,3
2e-05,19686,13
2e-05,19687,6
2e-05,19688,3
2e-05,19689,10
2e-05,19690,2
2e-05,19691,9
2e-05,19692,2
2e-05,19693,2
2e-05,19694,11
2e-05,19695,2
2e-05,19696,2
2e-05,19697,9
2e-05,19698,10
2e-05,19699,9
2e-05,19700,2
2e-05,19701,3
2e-05,19702,2
2e-05,19703,9
2e-05,19704,2
2e-05,19705,0
2e-05,19706,9
2e-05,19707,9
2e-05,19708,10
2e-05,19709,6
2e-05,19710,1
2e-05,19711,11
2e-05,19712,2
2e-05,19713,10
2e-05,19714,9
2e-05,19715,11
2e-05,19716,10
2e-05,19717,0
2e-05,19718,11
2e-05,19719,3
2e-05,19720,1
2e-05,19721,12
2e-05,19722,8
2e-05,19723,1
2e-05,19724,5
2e-05,19725,9
2e-05,19726,12
2e-05,19727,2
2e-05,19728,13
2e-05,19729,9
2e-05,19730,11
2e-05,19731,10
2e-05,19732,1
2e-05,19733,10
2e-05,19734,9
2e-05,19735,10
2e-05,19736,11
2e-05,19737,1
2e-05,19738,9
2e-05,19739,10
2e-05,19740,2
2e-05,19741,0
2e-05,19742,16
2e-05,19743,5
2e-05,19744,2
2e-05,19745,13
2e-05,19746,10
2e-05,19747,11
2e-05,19748,6
2e-05,19749,12
2e-05,19750,0
2e-05,19751,3
2e-05,19752,5
2e-05,19753,2
2e-05,19754,1
2e-05,19755,1
2e-05,19756,2
2e-05,19757,9
2e-05,19758,1
2e-05,19759,5
2e-05,19760,6
2e-05,19761,5
2e-05,19762,2
2e-05,19763,1
2e-05,19764,1
2e-05,19765,11
2e-05,19766,2
2e-05,19767,2
2e-05,19768,6
2e-05,19769,10
2e-05,19770,2
2e-05,19771,12
2e-05,19772,9
2e-05,19773,5
2e-05,19774,3
2e-05,19775,3
2e-05,19776,9
2e-05,19777,2
2e-05,19778,1
2e-05,19779,2
2e-05,19780,1
2e-05,19781,0
2e-05,19782,3
2e-05,19783,2
2e-05,19784,6
2e-05,19785,10
2e-05,19786,10
2e-05,19787,11
2e-05,19788,0
2e-05,19789,1
2e-05,19790,6
2e-05,19791,5
2e-05,19792,5
2e-05,19793,11
2e-05,19794,6
2e-05,19795,2
2e-05,19796,2
2e-05,19797,11
2e-05,19798,2
2e-05,19799,5
2e-05,19800,11
2e-05,19801,9
2e-05,19802,12
2e-05,19803,6
2e-05,19804,12
2e-05,19805,5
2e-05,19806,11
2e-05,19807,1
2e-05,19808,4
2e-05,19809,2
2e-05,19810,0
2e-05,19811,10
2e-05,19812,1
2e-05,19813,11
2e-05,19814,11
2e-05,19815,1
2e-05,19816,5
2e-05,19817,11
2e-05,19818,13
2e-05,19819,0
2e-05,19820,9
2e-05,19821,0
2e-05,19822,3
2e-05,19823,13
2e-05,19824,12
2e-05,19825,9
2e-05,19826,11
2e-05,19827,9
2e-05,19828,11
2e-05,19829,5
2e-05,19830,3
2e-05,19831,11
2e-05,19832,1
2e-05,19833,9
2e-05,19834,6
2e-05,19835,3
2e-05,19836,10
2e-05,19837,10
2e-05,19838,5
2e-05,19839,1
2e-05,19840,5
2e-05,19841,0
2e-05,19842,6
2e-05,19843,6
2e-05,19844,9
2e-05,19845,9
2e-05,19846,6
2e-05,19847,10
2e-05,19848,9
2e-05,19849,6
2e-05,19850,9
2e-05,19851,3
2e-05,19852,14
2e-05,19853,12
2e-05,19854,0
2e-05,19855,3
2e-05,19856,11
2e-05,19857,3
2e-05,19858,13
2e-05,19859,6
2e-05,19860,5
2e-05,19861,5
2e-05,19862,1
2e-05,19863,13
2e-05,19864,1
2e-05,19865,5
2e-05,19866,6
2e-05,19867,5
2e-05,19868,2
2e-05,19869,6
2e-05,19870,1
2e-05,19871,12
2e-05,19872,11
2e-05,19873,0
2e-05,19874,11
2e-05,19875,3
2e-05,19876,10
2e-05,19877,10
2e-05,19878,10
2e-05,19879,5
2e-05,19880,13
2e-05,19881,3
2e-05,19882,9
2e-05,19883,0
2e-05,19884,12
2e-05,19885,11
2e-05,19886,11
2e-05,19887,9
2e-05,19888,2
2e-05,19889,11
2e-05,19890,10
2e-05,19891,9
2e-05,19892,0
2e-05,19893,2
2e-05,19894,0
2e-05,19895,12
2e-05,19896,10
2e-05,19897,11
2e-05,19898,11
2e-05,19899,2
2e-05,19900,2
2e-05,19901,5
2e-05,19902,0
2e-05,19903,12
2e-05,19904,13
2e-05,19905,13
2e-05,19906,6
2e-05,19907,1
2e-05,19908,2
2e-05,19909,6
2e-05,19910,13
2e-05,19911,2
2e-05,19912,10
2e-05,19913,11
2e-05,19914,13
2e-05,19915,6
2e-05,19916,13
2e-05,19917,12
2e-05,19918,11
2e-05,19919,12
2e-05,19920,12
2e-05,19921,6
2e-05,19922,1
2e-05,19923,3
2e-05,19924,2
2e-05,19925,0
2e-05,19926,3
2e-05,19927,5
2e-05,19928,11
2e-05,19929,12
2e-05,19930,9
2e-05,19931,9
2e-05,19932,5
2e-05,19933,2
2e-05,19934,1
2e-05,19935,1
2e-05,19936,3
2e-05,19937,0
2e-05,19938,9
2e-05,19939,12
2e-05,19940,1
2e-05,19941,9
2e-05,19942,13
2e-05,19943,5
2e-05,19944,6
2e-05,19945,2
2e-05,19946,1
2e-05,19947,12
2e-05,19948,6
2e-05,19949,10
2e-05,19950,9
2e-05,19951,2
2e-05,19952,13
2e-05,19953,3
2e-05,19954,11
2e-05,19955,5
2e-05,19956,11
2e-05,19957,9
2e-05,19958,1
2e-05,19959,10
2e-05,19960,11
2e-05,19961,13
2e-05,19962,0
2e-05,19963,9
2e-05,19964,1
2e-05,19965,13
2e-05,19966,3
2e-05,19967,13
2e-05,19968,2
2e-05,19969,11
2e-05,19970,6
2e-05,19971,12
2e-05,19972,7
2e-05,19973,2
2e-05,19974,0
2e-05,19975,3
2e-05,19976,9
2e-05,19977,6
2e-05,19978,11
2e-05,19979,5
2e-05,19980,2
2e-05,19981,1
2e-05,19982,1
2e-05,19983,1
2e-05,19984,10
2e-05,19985,13
2e-05,19986,6
2e-05,19987,2
2e-05,19988,6
2e-05,19989,13
2e-05,19990,6
2e-05,19991,9
2e-05,19992,10
2e-05,19993,5
2e-05,19994,2
2e-05,19995,9
2e-05,19996,5
2e-05,19997,1
2e-05,19998,9
2e-05,19999,6
2e-05,20000,10
2e-05,20001,11
2e-05,20002,0
2e-05,20003,11
2e-05,20004,11
2e-05,20005,9
2e-05,20006,11
2e-05,20007,1
2e-05,20008,5
2e-05,20009,1
2e-05,20010,9
2e-05,20011,9
2e-05,20012,3
2e-05,20013,10
2e-05,20014,10
2e-05,20015,10
2e-05,20016,12
2e-05,20017,3
2e-05,20018,3
2e-05,20019,11
2e-05,20020,0
2e-05,20021,12
2e-05,20022,16
2e-05,20023,3
2e-05,20024,11
2e-05,20025,5
2e-05,20026,0
2e-05,20027,3
2e-05,20028,9
2e-05,20029,11
2e-05,20030,5
2e-05,20031,9
2e-05,20032,3
2e-05,20033,9
2e-05,20034,12
2e-05,20035,5
2e-05,20036,9
2e-05,20037,16
2e-05,20038,2
2e-05,20039,5
2e-05,20040,9
2e-05,20041,1
2e-05,20042,13
2e-05,20043,6
2e-05,20044,3
2e-05,20045,2
2e-05,20046,12
2e-05,20047,1
2e-05,20048,5
2e-05,20049,10
2e-05,20050,12
2e-05,20051,12
2e-05,20052,9
2e-05,20053,10
2e-05,20054,1
2e-05,20055,3
2e-05,20056,3
2e-05,20057,3
2e-05,20058,5
2e-05,20059,0
2e-05,20060,12
2e-05,20061,2
2e-05,20062,13
2e-05,20063,9
2e-05,20064,12
2e-05,20065,0
2e-05,20066,9
2e-05,20067,3
2e-05,20068,0
2e-05,20069,5
2e-05,20070,6
2e-05,20071,10
2e-05,20072,9
2e-05,20073,2
2e-05,20074,9
2e-05,20075,3
2e-05,20076,11
2e-05,20077,12
2e-05,20078,2
2e-05,20079,12
2e-05,20080,5
2e-05,20081,2
2e-05,20082,0
2e-05,20083,2
2e-05,20084,9
2e-05,20085,3
2e-05,20086,6
2e-05,20087,12
2e-05,20088,6
2e-05,20089,5
2e-05,20090,10
2e-05,20091,12
2e-05,20092,10
2e-05,20093,11
2e-05,20094,3
2e-05,20095,1
2e-05,20096,13
2e-05,20097,3
2e-05,20098,9
2e-05,20099,10
2e-05,20100,0
2e-05,20101,2
2e-05,20102,0
2e-05,20103,2
2e-05,20104,0
2e-05,20105,13
2e-05,20106,2
2e-05,20107,16
2e-05,20108,3
2e-05,20109,13
2e-05,20110,0
2e-05,20111,6
2e-05,20112,6
2e-05,20113,6
2e-05,20114,10
2e-05,20115,13
2e-05,20116,0
2e-05,20117,6
2e-05,20118,13
2e-05,20119,1
2e-05,20120,12
2e-05,20121,6
2e-05,20122,13
2e-05,20123,11
2e-05,20124,1
2e-05,20125,13
2e-05,20126,13
2e-05,20127,6
2e-05,20128,13
2e-05,20129,11
2e-05,20130,5
2e-05,20131,0
2e-05,20132,12
2e-05,20133,0
2e-05,20134,12
2e-05,20135,5
2e-05,20136,6
2e-05,20137,11
2e-05,20138,5
2e-05,20139,9
2e-05,20140,5
2e-05,20141,10
2e-05,20142,2
2e-05,20143,12
2e-05,20144,12
2e-05,20145,5
2e-05,20146,13
2e-05,20147,2
2e-05,20148,11
2e-05,20149,3
2e-05,20150,13
2e-05,20151,0
2e-05,20152,10
2e-05,20153,5
2e-05,20154,11
2e-05,20155,12
2e-05,20156,1
2e-05,20157,13
2e-05,20158,12
2e-05,20159,6
2e-05,20160,1
2e-05,20161,16
2e-05,20162,16
2e-05,20163,13
2e-05,20164,11
2e-05,20165,0
2e-05,20166,13
2e-05,20167,11
2e-05,20168,1
2e-05,20169,0
2e-05,20170,12
2e-05,20171,11
2e-05,20172,13
2e-05,20173,1
2e-05,20174,0
2e-05,20175,1
2e-05,20176,10
2e-05,20177,13
2e-05,20178,11
2e-05,20179,3
2e-05,20180,1
2e-05,20181,10
2e-05,20182,6
2e-05,20183,9
2e-05,20184,0
2e-05,20185,9
2e-05,20186,6
2e-05,20187,1
2e-05,20188,5
2e-05,20189,2
2e-05,20190,0
2e-05,20191,11
2e-05,20192,9
2e-05,20193,1
2e-05,20194,0
2e-05,20195,11
2e-05,20196,10
2e-05,20197,5
2e-05,20198,6
2e-05,20199,2
2e-05,20200,12
2e-05,20201,11
2e-05,20202,1
2e-05,20203,2
2e-05,20204,1
2e-05,20205,5
2e-05,20206,5
2e-05,20207,5
2e-05,20208,2
2e-05,20209,10
2e-05,20210,12
2e-05,20211,6
2e-05,20212,9
2e-05,20213,1
2e-05,20214,2
2e-05,20215,1
2e-05,20216,1
2e-05,20217,1
2e-05,20218,9
2e-05,20219,1
2e-05,20220,3
2e-05,20221,6
2e-05,20222,12
2e-05,20223,13
2e-05,20224,13
2e-05,20225,10
2e-05,20226,10
2e-05,20227,0
2e-05,20228,0
2e-05,20229,3
2e-05,20230,6
2e-05,20231,3
2e-05,20232,3
2e-05,20233,10
2e-05,20234,9
2e-05,20235,0
2e-05,20236,5
2e-05,20237,2
2e-05,20238,2
2e-05,20239,3
2e-05,20240,1
2e-05,20241,11
2e-05,20242,0
2e-05,20243,12
2e-05,20244,12
2e-05,20245,2
2e-05,20246,10
2e-05,20247,1
2e-05,20248,10
2e-05,20249,9
2e-05,20250,9
2e-05,20251,5
2e-05,20252,3
2e-05,20253,9
2e-05,20254,0
2e-05,20255,11
2e-05,20256,3
2e-05,20257,10
2e-05,20258,0
2e-05,20259,1
2e-05,20260,1
2e-05,20261,11
2e-05,20262,5
2e-05,20263,11
2e-05,20264,3
2e-05,20265,0
2e-05,20266,16
2e-05,20267,9
2e-05,20268,1
2e-05,20269,13
2e-05,20270,1
2e-05,20271,9
2e-05,20272,13
2e-05,20273,3
2e-05,20274,0
2e-05,20275,2
2e-05,20276,9
2e-05,20277,13
2e-05,20278,1
2e-05,20279,10
2e-05,20280,5
2e-05,20281,9
2e-05,20282,1
2e-05,20283,0
2e-05,20284,6
2e-05,20285,3
2e-05,20286,5
2e-05,20287,11
2e-05,20288,12
2e-05,20289,13
2e-05,20290,2
2e-05,20291,5
2e-05,20292,0
2e-05,20293,0
2e-05,20294,11
2e-05,20295,3
2e-05,20296,9
2e-05,20297,10
2e-05,20298,10
2e-05,20299,5
2e-05,20300,1
2e-05,20301,6
2e-05,20302,0
2e-05,20303,0
2e-05,20304,11
2e-05,20305,9
2e-05,20306,12
2e-05,20307,10
2e-05,20308,10
2e-05,20309,13
2e-05,20310,1
2e-05,20311,12
2e-05,20312,1
2e-05,20313,2
2e-05,20314,1
2e-05,20315,12
2e-05,20316,3
2e-05,20317,8
2e-05,20318,9
2e-05,20319,9
2e-05,20320,3
2e-05,20321,12
2e-05,20322,10
2e-05,20323,10
2e-05,20324,9
2e-05,20325,12
2e-05,20326,5
2e-05,20327,11
2e-05,20328,12
2e-05,20329,1
2e-05,20330,13
2e-05,20331,13
2e-05,20332,6
2e-05,20333,6
2e-05,20334,13
2e-05,20335,0
2e-05,20336,13
2e-05,20337,5
2e-05,20338,1
2e-05,20339,10
2e-05,20340,11
2e-05,20341,11
2e-05,20342,6
2e-05,20343,12
2e-05,20344,11
2e-05,20345,10
2e-05,20346,9
2e-05,20347,10
2e-05,20348,10
2e-05,20349,1
2e-05,20350,9
2e-05,20351,14
2e-05,20352,5
2e-05,20353,11
2e-05,20354,8
2e-05,20355,0
2e-05,20356,13
2e-05,20357,3
2e-05,20358,5
2e-05,20359,11
2e-05,20360,2
2e-05,20361,13
2e-05,20362,13
2e-05,20363,9
2e-05,20364,6
2e-05,20365,6
2e-05,20366,0
2e-05,20367,10
2e-05,20368,6
2e-05,20369,0
2e-05,20370,12
2e-05,20371,9
2e-05,20372,9
2e-05,20373,3
2e-05,20374,0
2e-05,20375,11
2e-05,20376,12
2e-05,20377,12
2e-05,20378,0
2e-05,20379,13
2e-05,20380,11
2e-05,20381,1
2e-05,20382,9
2e-05,20383,2
2e-05,20384,11
2e-05,20385,10
2e-05,20386,12
2e-05,20387,9
2e-05,20388,13
2e-05,20389,9
2e-05,20390,2
2e-05,20391,9
2e-05,20392,9
2e-05,20393,12
2e-05,20394,5
2e-05,20395,1
2e-05,20396,2
2e-05,20397,3
2e-05,20398,8
2e-05,20399,3
2e-05,20400,9
2e-05,20401,3
2e-05,20402,14
2e-05,20403,6
2e-05,20404,11
2e-05,20405,3
2e-05,20406,3
2e-05,20407,9
2e-05,20408,0
2e-05,20409,0
2e-05,20410,5
2e-05,20411,0
2e-05,20412,10
2e-05,20413,3
2e-05,20414,1
2e-05,20415,13
2e-05,20416,11
2e-05,20417,6
2e-05,20418,1
2e-05,20419,9
2e-05,20420,0
2e-05,20421,9
2e-05,20422,12
2e-05,20423,3
2e-05,20424,12
2e-05,20425,3
2e-05,20426,0
2e-05,20427,2
2e-05,20428,8
2e-05,20429,9
2e-05,20430,0
2e-05,20431,11
2e-05,20432,5
2e-05,20433,12
2e-05,20434,10
2e-05,20435,11
2e-05,20436,13
2e-05,20437,2
2e-05,20438,6
2e-05,20439,9
2e-05,20440,5
2e-05,20441,5
2e-05,20442,6
2e-05,20443,9
2e-05,20444,0
2e-05,20445,9
2e-05,20446,12
2e-05,20447,9
2e-05,20448,2
2e-05,20449,12
2e-05,20450,1
2e-05,20451,12
2e-05,20452,11
2e-05,20453,16
2e-05,20454,2
2e-05,20455,1
2e-05,20456,1
2e-05,20457,11
2e-05,20458,3
2e-05,20459,9
2e-05,20460,2
2e-05,20461,11
2e-05,20462,5
2e-05,20463,11
2e-05,20464,1
2e-05,20465,1
2e-05,20466,13
2e-05,20467,6
2e-05,20468,12
2e-05,20469,1
2e-05,20470,6
2e-05,20471,12
2e-05,20472,1
2e-05,20473,9
2e-05,20474,10
2e-05,20475,11
2e-05,20476,11
2e-05,20477,12
2e-05,20478,12
2e-05,20479,1
2e-05,20480,5
2e-05,20481,2
2e-05,20482,13
2e-05,20483,1
2e-05,20484,12
2e-05,20485,11
2e-05,20486,13
2e-05,20487,0
2e-05,20488,5
2e-05,20489,9
2e-05,20490,12
2e-05,20491,9
2e-05,20492,10
2e-05,20493,5
2e-05,20494,5
2e-05,20495,3
2e-05,20496,9
2e-05,20497,12
2e-05,20498,1
2e-05,20499,12
2e-05,20500,0
2e-05,20501,6
2e-05,20502,0
2e-05,20503,11
2e-05,20504,5
2e-05,20505,0
2e-05,20506,5
2e-05,20507,6
2e-05,20508,11
2e-05,20509,3
2e-05,20510,1
2e-05,20511,10
2e-05,20512,10
2e-05,20513,9
2e-05,20514,11
2e-05,20515,0
2e-05,20516,3
2e-05,20517,0
2e-05,20518,9
2e-05,20519,13
2e-05,20520,3
2e-05,20521,3
2e-05,20522,12
2e-05,20523,9
2e-05,20524,2
2e-05,20525,3
2e-05,20526,1
2e-05,20527,0
2e-05,20528,10
2e-05,20529,0
2e-05,20530,11
2e-05,20531,0
2e-05,20532,9
2e-05,20533,9
2e-05,20534,1
2e-05,20535,2
2e-05,20536,10
2e-05,20537,13
2e-05,20538,10
2e-05,20539,12
2e-05,20540,1
2e-05,20541,1
2e-05,20542,10
2e-05,20543,2
2e-05,20544,10
2e-05,20545,1
2e-05,20546,2
2e-05,20547,3
2e-05,20548,10
2e-05,20549,1
2e-05,20550,3
2e-05,20551,6
2e-05,20552,5
2e-05,20553,9
2e-05,20554,2
2e-05,20555,2
2e-05,20556,12
2e-05,20557,1
2e-05,20558,9
2e-05,20559,12
2e-05,20560,6
2e-05,20561,13
2e-05,20562,1
2e-05,20563,6
2e-05,20564,3
2e-05,20565,9
2e-05,20566,5
2e-05,20567,1
2e-05,20568,1
2e-05,20569,0
2e-05,20570,6
2e-05,20571,5
2e-05,20572,1
2e-05,20573,3
2e-05,20574,10
2e-05,20575,6
2e-05,20576,3
2e-05,20577,12
2e-05,20578,11
2e-05,20579,0
2e-05,20580,5
2e-05,20581,2
2e-05,20582,12
2e-05,20583,5
2e-05,20584,11
2e-05,20585,3
2e-05,20586,9
2e-05,20587,5
2e-05,20588,1
2e-05,20589,13
2e-05,20590,11
2e-05,20591,5
2e-05,20592,11
2e-05,20593,13
2e-05,20594,6
2e-05,20595,13
2e-05,20596,6
2e-05,20597,2
2e-05,20598,1
2e-05,20599,5
2e-05,20600,2
2e-05,20601,5
2e-05,20602,12
2e-05,20603,3
2e-05,20604,2
2e-05,20605,11
2e-05,20606,11
2e-05,20607,13
2e-05,20608,9
2e-05,20609,0
2e-05,20610,12
2e-05,20611,2
2e-05,20612,2
2e-05,20613,2
2e-05,20614,0
2e-05,20615,1
2e-05,20616,5
2e-05,20617,9
2e-05,20618,11
2e-05,20619,10
2e-05,20620,13
2e-05,20621,9
2e-05,20622,6
2e-05,20623,2
2e-05,20624,10
2e-05,20625,10
2e-05,20626,6
2e-05,20627,12
2e-05,20628,1
2e-05,20629,2
2e-05,20630,12
2e-05,20631,9
2e-05,20632,3
2e-05,20633,13
2e-05,20634,13
2e-05,20635,3
2e-05,20636,11
2e-05,20637,0
2e-05,20638,13
2e-05,20639,2
2e-05,20640,5
2e-05,20641,6
2e-05,20642,1
2e-05,20643,3
2e-05,20644,2
2e-05,20645,0
2e-05,20646,2
2e-05,20647,11
2e-05,20648,3
2e-05,20649,2
2e-05,20650,0
2e-05,20651,11
2e-05,20652,6
2e-05,20653,12
2e-05,20654,1
2e-05,20655,6
2e-05,20656,5
2e-05,20657,5
2e-05,20658,0
2e-05,20659,6
2e-05,20660,5
2e-05,20661,9
2e-05,20662,13
2e-05,20663,6
2e-05,20664,0
2e-05,20665,0
2e-05,20666,13
2e-05,20667,2
2e-05,20668,10
2e-05,20669,3
2e-05,20670,3
2e-05,20671,1
2e-05,20672,10
2e-05,20673,9
2e-05,20674,5
2e-05,20675,13
2e-05,20676,12
2e-05,20677,3
2e-05,20678,11
2e-05,20679,1
2e-05,20680,8
2e-05,20681,0
2e-05,20682,13
2e-05,20683,0
2e-05,20684,3
2e-05,20685,2
2e-05,20686,3
2e-05,20687,5
2e-05,20688,6
2e-05,20689,10
2e-05,20690,13
2e-05,20691,3
2e-05,20692,2
2e-05,20693,5
2e-05,20694,13
2e-05,20695,0
2e-05,20696,6
2e-05,20697,11
2e-05,20698,11
2e-05,20699,11
2e-05,20700,0
2e-05,20701,0
2e-05,20702,11
2e-05,20703,2
2e-05,20704,3
2e-05,20705,6
2e-05,20706,5
2e-05,20707,14
2e-05,20708,12
2e-05,20709,1
2e-05,20710,9
2e-05,20711,6
2e-05,20712,6
2e-05,20713,8
2e-05,20714,13
2e-05,20715,10
2e-05,20716,8
2e-05,20717,5
2e-05,20718,11
2e-05,20719,6
2e-05,20720,11
2e-05,20721,3
2e-05,20722,1
2e-05,20723,3
2e-05,20724,12
2e-05,20725,3
2e-05,20726,10
2e-05,20727,5
2e-05,20728,3
2e-05,20729,13
2e-05,20730,3
2e-05,20731,13
2e-05,20732,1
2e-05,20733,13
2e-05,20734,3
2e-05,20735,13
2e-05,20736,12
2e-05,20737,10
2e-05,20738,4
2e-05,20739,1
2e-05,20740,6
2e-05,20741,1
2e-05,20742,0
2e-05,20743,3
2e-05,20744,8
2e-05,20745,0
2e-05,20746,2
2e-05,20747,2
2e-05,20748,12
2e-05,20749,0
2e-05,20750,11
2e-05,20751,12
2e-05,20752,9
2e-05,20753,1
2e-05,20754,2
2e-05,20755,0
2e-05,20756,3
2e-05,20757,10
2e-05,20758,3
2e-05,20759,6
2e-05,20760,0
2e-05,20761,12
2e-05,20762,9
2e-05,20763,11
2e-05,20764,9
2e-05,20765,11
2e-05,20766,13
2e-05,20767,6
2e-05,20768,6
2e-05,20769,12
2e-05,20770,3
2e-05,20771,1
2e-05,20772,2
2e-05,20773,6
2e-05,20774,13
2e-05,20775,11
2e-05,20776,0
2e-05,20777,9
2e-05,20778,1
2e-05,20779,2
2e-05,20780,1
2e-05,20781,0
2e-05,20782,5
2e-05,20783,2
2e-05,20784,10
2e-05,20785,1
2e-05,20786,2
2e-05,20787,3
2e-05,20788,10
2e-05,20789,0
2e-05,20790,9
2e-05,20791,9
2e-05,20792,6
2e-05,20793,1
2e-05,20794,11
2e-05,20795,6
2e-05,20796,0
2e-05,20797,8
2e-05,20798,5
2e-05,20799,10
2e-05,20800,6
2e-05,20801,3
2e-05,20802,10
2e-05,20803,2
2e-05,20804,1
2e-05,20805,11
2e-05,20806,9
2e-05,20807,3
2e-05,20808,0
2e-05,20809,1
2e-05,20810,5
2e-05,20811,0
2e-05,20812,6
2e-05,20813,2
2e-05,20814,12
2e-05,20815,5
2e-05,20816,11
2e-05,20817,6
2e-05,20818,6
2e-05,20819,10
2e-05,20820,3
2e-05,20821,12
2e-05,20822,11
2e-05,20823,3
2e-05,20824,2
2e-05,20825,3
2e-05,20826,9
2e-05,20827,10
2e-05,20828,6
2e-05,20829,4
2e-05,20830,1
2e-05,20831,5
2e-05,20832,2
2e-05,20833,2
2e-05,20834,12
2e-05,20835,11
2e-05,20836,6
2e-05,20837,3
2e-05,20838,13
2e-05,20839,5
2e-05,20840,0
2e-05,20841,6
2e-05,20842,6
2e-05,20843,13
2e-05,20844,11
2e-05,20845,9
2e-05,20846,2
2e-05,20847,10
2e-05,20848,2
2e-05,20849,11
2e-05,20850,1
2e-05,20851,2
2e-05,20852,0
2e-05,20853,6
2e-05,20854,0
2e-05,20855,9
2e-05,20856,13
2e-05,20857,5
2e-05,20858,10
2e-05,20859,13
2e-05,20860,12
2e-05,20861,2
2e-05,20862,6
2e-05,20863,11
2e-05,20864,5
2e-05,20865,13
2e-05,20866,5
2e-05,20867,0
2e-05,20868,9
2e-05,20869,5
2e-05,20870,6
2e-05,20871,16
2e-05,20872,5
2e-05,20873,1
2e-05,20874,2
2e-05,20875,1
2e-05,20876,11
2e-05,20877,6
2e-05,20878,0
2e-05,20879,5
2e-05,20880,6
2e-05,20881,11
2e-05,20882,9
2e-05,20883,1
2e-05,20884,10
2e-05,20885,12
2e-05,20886,9
2e-05,20887,0
2e-05,20888,12
2e-05,20889,6
2e-05,20890,3
2e-05,20891,6
2e-05,20892,0
2e-05,20893,13
2e-05,20894,13
2e-05,20895,2
2e-05,20896,3
2e-05,20897,3
2e-05,20898,5
2e-05,20899,9
2e-05,20900,0
2e-05,20901,11
2e-05,20902,9
2e-05,20903,1
2e-05,20904,12
2e-05,20905,2
2e-05,20906,12
2e-05,20907,2
2e-05,20908,6
2e-05,20909,6
2e-05,20910,17
2e-05,20911,5
2e-05,20912,1
2e-05,20913,1
2e-05,20914,10
2e-05,20915,0
2e-05,20916,12
2e-05,20917,10
2e-05,20918,5
2e-05,20919,2
2e-05,20920,2
2e-05,20921,11
2e-05,20922,8
2e-05,20923,3
2e-05,20924,10
2e-05,20925,13
2e-05,20926,2
2e-05,20927,6
2e-05,20928,9
2e-05,20929,1
2e-05,20930,1
2e-05,20931,12
2e-05,20932,9
2e-05,20933,12
2e-05,20934,2
2e-05,20935,2
2e-05,20936,9
2e-05,20937,11
2e-05,20938,1
2e-05,20939,10
2e-05,20940,1
2e-05,20941,6
2e-05,20942,10
2e-05,20943,13
2e-05,20944,9
2e-05,20945,5
2e-05,20946,12
2e-05,20947,11
2e-05,20948,10
2e-05,20949,6
2e-05,20950,5
2e-05,20951,10
2e-05,20952,6
2e-05,20953,2
2e-05,20954,9
2e-05,20955,6
2e-05,20956,11
2e-05,20957,9
2e-05,20958,12
2e-05,20959,13
2e-05,20960,13
2e-05,20961,12
2e-05,20962,9
2e-05,20963,0
2e-05,20964,0
2e-05,20965,0
2e-05,20966,11
2e-05,20967,12
2e-05,20968,0
2e-05,20969,6
2e-05,20970,11
2e-05,20971,9
2e-05,20972,12
2e-05,20973,6
2e-05,20974,6
2e-05,20975,1
2e-05,20976,11
2e-05,20977,3
2e-05,20978,13
2e-05,20979,0
2e-05,20980,2
2e-05,20981,10
2e-05,20982,11
2e-05,20983,2
2e-05,20984,5
2e-05,20985,0
2e-05,20986,10
2e-05,20987,3
2e-05,20988,1
2e-05,20989,13
2e-05,20990,12
2e-05,20991,3
2e-05,20992,12
2e-05,20993,1
2e-05,20994,1
2e-05,20995,6
2e-05,20996,6
2e-05,20997,9
2e-05,20998,1
2e-05,20999,9
2e-05,21000,2
2e-05,21001,13
2e-05,21002,11
2e-05,21003,2
2e-05,21004,10
2e-05,21005,3
2e-05,21006,2
2e-05,21007,11
2e-05,21008,6
2e-05,21009,11
2e-05,21010,2
2e-05,21011,1
2e-05,21012,12
2e-05,21013,13
2e-05,21014,0
2e-05,21015,12
2e-05,21016,2
2e-05,21017,6
2e-05,21018,9
2e-05,21019,1
2e-05,21020,5
2e-05,21021,10
2e-05,21022,2
2e-05,21023,2
2e-05,21024,6
2e-05,21025,6
2e-05,21026,2
2e-05,21027,5
2e-05,21028,0
2e-05,21029,6
2e-05,21030,12
2e-05,21031,0
2e-05,21032,12
2e-05,21033,10
2e-05,21034,13
2e-05,21035,3
2e-05,21036,9
2e-05,21037,3
2e-05,21038,10
2e-05,21039,10
2e-05,21040,6
2e-05,21041,10
2e-05,21042,0
2e-05,21043,10
2e-05,21044,3
2e-05,21045,5
2e-05,21046,11
2e-05,21047,10
2e-05,21048,3
2e-05,21049,4
2e-05,21050,5
2e-05,21051,13
2e-05,21052,2
2e-05,21053,6
2e-05,21054,2
2e-05,21055,2
2e-05,21056,5
2e-05,21057,1
2e-05,21058,9
2e-05,21059,13
2e-05,21060,12
2e-05,21061,3
2e-05,21062,6
2e-05,21063,10
2e-05,21064,2
2e-05,21065,5
2e-05,21066,12
2e-05,21067,12
2e-05,21068,2
2e-05,21069,3
2e-05,21070,6
2e-05,21071,5
2e-05,21072,3
2e-05,21073,12
2e-05,21074,12
2e-05,21075,3
2e-05,21076,12
2e-05,21077,9
2e-05,21078,9
2e-05,21079,9
2e-05,21080,6
2e-05,21081,10
2e-05,21082,2
2e-05,21083,6
2e-05,21084,10
2e-05,21085,12
2e-05,21086,1
2e-05,21087,10
2e-05,21088,10
2e-05,21089,11
2e-05,21090,10
2e-05,21091,9
2e-05,21092,12
2e-05,21093,6
2e-05,21094,0
2e-05,21095,9
2e-05,21096,6
2e-05,21097,12
2e-05,21098,12
2e-05,21099,12
2e-05,21100,12
2e-05,21101,2
2e-05,21102,11
2e-05,21103,6
2e-05,21104,10
2e-05,21105,8
2e-05,21106,15
2e-05,21107,3
2e-05,21108,12
2e-05,21109,3
2e-05,21110,2
2e-05,21111,0
2e-05,21112,1
2e-05,21113,1
2e-05,21114,5
2e-05,21115,0
2e-05,21116,3
2e-05,21117,6
2e-05,21118,13
2e-05,21119,5
2e-05,21120,11
2e-05,21121,10
2e-05,21122,5
2e-05,21123,11
2e-05,21124,13
2e-05,21125,1
2e-05,21126,5
2e-05,21127,5
2e-05,21128,9
2e-05,21129,9
2e-05,21130,5
2e-05,21131,11
2e-05,21132,9
2e-05,21133,10
2e-05,21134,6
2e-05,21135,12
2e-05,21136,3
2e-05,21137,6
2e-05,21138,11
2e-05,21139,9
2e-05,21140,11
2e-05,21141,15
2e-05,21142,6
2e-05,21143,1
2e-05,21144,0
2e-05,21145,11
2e-05,21146,9
2e-05,21147,6
2e-05,21148,11
2e-05,21149,13
2e-05,21150,10
2e-05,21151,12
2e-05,21152,2
2e-05,21153,9
2e-05,21154,6
2e-05,21155,12
2e-05,21156,11
2e-05,21157,5
2e-05,21158,3
2e-05,21159,12
2e-05,21160,9
2e-05,21161,12
2e-05,21162,1
2e-05,21163,10
2e-05,21164,2
2e-05,21165,6
2e-05,21166,9
2e-05,21167,3
2e-05,21168,1
2e-05,21169,9
2e-05,21170,1
2e-05,21171,9
2e-05,21172,6
2e-05,21173,1
2e-05,21174,13
2e-05,21175,0
2e-05,21176,9
2e-05,21177,5
2e-05,21178,6
2e-05,21179,10
2e-05,21180,5
2e-05,21181,6
2e-05,21182,11
2e-05,21183,0
2e-05,21184,2
2e-05,21185,6
2e-05,21186,11
2e-05,21187,2
2e-05,21188,3
2e-05,21189,1
2e-05,21190,11
2e-05,21191,8
2e-05,21192,13
2e-05,21193,6
2e-05,21194,12
2e-05,21195,3
2e-05,21196,2
2e-05,21197,1
2e-05,21198,3
2e-05,21199,11
2e-05,21200,5
2e-05,21201,0
2e-05,21202,3
2e-05,21203,3
2e-05,21204,13
2e-05,21205,6
2e-05,21206,1
2e-05,21207,12
2e-05,21208,11
2e-05,21209,9
2e-05,21210,0
2e-05,21211,5
2e-05,21212,9
2e-05,21213,2
2e-05,21214,9
2e-05,21215,9
2e-05,21216,0
2e-05,21217,0
2e-05,21218,6
2e-05,21219,0
2e-05,21220,2
2e-05,21221,3
2e-05,21222,13
2e-05,21223,11
2e-05,21224,12
2e-05,21225,1
2e-05,21226,13
2e-05,21227,1
2e-05,21228,0
2e-05,21229,3
2e-05,21230,11
2e-05,21231,11
2e-05,21232,6
2e-05,21233,2
2e-05,21234,2
2e-05,21235,17
2e-05,21236,1
2e-05,21237,5
2e-05,21238,3
2e-05,21239,5
2e-05,21240,10
2e-05,21241,12
2e-05,21242,12
2e-05,21243,11
2e-05,21244,5
2e-05,21245,1
2e-05,21246,11
2e-05,21247,13
2e-05,21248,10
2e-05,21249,3
2e-05,21250,2
2e-05,21251,13
2e-05,21252,3
2e-05,21253,0
2e-05,21254,12
2e-05,21255,0
2e-05,21256,2
2e-05,21257,3
2e-05,21258,5
2e-05,21259,10
2e-05,21260,2
2e-05,21261,11
2e-05,21262,1
2e-05,21263,1
2e-05,21264,12
2e-05,21265,10
2e-05,21266,1
2e-05,21267,10
2e-05,21268,12
2e-05,21269,9
2e-05,21270,11
2e-05,21271,6
2e-05,21272,1
2e-05,21273,3
2e-05,21274,5
2e-05,21275,3
2e-05,21276,12
2e-05,21277,9
2e-05,21278,11
2e-05,21279,0
2e-05,21280,0
2e-05,21281,0
2e-05,21282,1
2e-05,21283,10
2e-05,21284,0
2e-05,21285,3
2e-05,21286,9
2e-05,21287,13
2e-05,21288,3
2e-05,21289,10
2e-05,21290,10
2e-05,21291,3
2e-05,21292,11
2e-05,21293,11
2e-05,21294,2
2e-05,21295,13
2e-05,21296,6
2e-05,21297,3
2e-05,21298,6
2e-05,21299,5
2e-05,21300,1
2e-05,21301,0
2e-05,21302,3
2e-05,21303,2
2e-05,21304,9
2e-05,21305,11
2e-05,21306,3
2e-05,21307,0
2e-05,21308,0
2e-05,21309,6
2e-05,21310,2
2e-05,21311,11
2e-05,21312,6
2e-05,21313,0
2e-05,21314,9
2e-05,21315,5
2e-05,21316,12
2e-05,21317,12
2e-05,21318,0
2e-05,21319,9
2e-05,21320,11
2e-05,21321,10
2e-05,21322,2
2e-05,21323,0
2e-05,21324,11
2e-05,21325,12
2e-05,21326,13
2e-05,21327,10
2e-05,21328,10
2e-05,21329,6
2e-05,21330,6
2e-05,21331,1
2e-05,21332,3
2e-05,21333,0
2e-05,21334,9
2e-05,21335,3
2e-05,21336,1
2e-05,21337,12
2e-05,21338,0
2e-05,21339,11
2e-05,21340,3
2e-05,21341,10
2e-05,21342,1
2e-05,21343,1
2e-05,21344,5
2e-05,21345,0
2e-05,21346,11
2e-05,21347,10
2e-05,21348,1
2e-05,21349,12
2e-05,21350,11
2e-05,21351,1
2e-05,21352,13
2e-05,21353,11
2e-05,21354,0
2e-05,21355,1
2e-05,21356,8
2e-05,21357,6
2e-05,21358,2
2e-05,21359,12
2e-05,21360,2
2e-05,21361,1
2e-05,21362,10
2e-05,21363,2
2e-05,21364,0
2e-05,21365,0
2e-05,21366,1
2e-05,21367,11
2e-05,21368,10
2e-05,21369,9
2e-05,21370,12
2e-05,21371,9
2e-05,21372,7
2e-05,21373,9
2e-05,21374,6
2e-05,21375,11
2e-05,21376,6
2e-05,21377,12
2e-05,21378,9
2e-05,21379,11
2e-05,21380,13
2e-05,21381,11
2e-05,21382,2
2e-05,21383,11
2e-05,21384,6
2e-05,21385,17
2e-05,21386,13
2e-05,21387,1
2e-05,21388,1
2e-05,21389,5
2e-05,21390,2
2e-05,21391,1
2e-05,21392,9
2e-05,21393,10
2e-05,21394,13
2e-05,21395,1
2e-05,21396,12
2e-05,21397,0
2e-05,21398,11
2e-05,21399,11
2e-05,21400,6
2e-05,21401,0
2e-05,21402,10
2e-05,21403,5
2e-05,21404,3
2e-05,21405,9
2e-05,21406,9
2e-05,21407,3
2e-05,21408,10
2e-05,21409,16
2e-05,21410,1
2e-05,21411,10
2e-05,21412,6
2e-05,21413,0
2e-05,21414,5
2e-05,21415,9
2e-05,21416,5
2e-05,21417,12
2e-05,21418,1
2e-05,21419,11
2e-05,21420,5
2e-05,21421,13
2e-05,21422,1
2e-05,21423,10
2e-05,21424,11
2e-05,21425,11
2e-05,21426,3
2e-05,21427,0
2e-05,21428,1
2e-05,21429,9
2e-05,21430,11
2e-05,21431,10
2e-05,21432,10
2e-05,21433,3
2e-05,21434,13
2e-05,21435,9
2e-05,21436,10
2e-05,21437,11
2e-05,21438,10
2e-05,21439,6
2e-05,21440,13
2e-05,21441,0
2e-05,21442,2
2e-05,21443,10
2e-05,21444,1
2e-05,21445,6
2e-05,21446,12
2e-05,21447,10
2e-05,21448,0
2e-05,21449,1
2e-05,21450,2
2e-05,21451,6
2e-05,21452,12
2e-05,21453,9
2e-05,21454,9
2e-05,21455,5
2e-05,21456,0
2e-05,21457,6
2e-05,21458,5
2e-05,21459,11
2e-05,21460,10
2e-05,21461,17
2e-05,21462,12
2e-05,21463,0
2e-05,21464,0
2e-05,21465,1
2e-05,21466,0
2e-05,21467,5
2e-05,21468,1
2e-05,21469,5
2e-05,21470,13
2e-05,21471,11
2e-05,21472,11
2e-05,21473,9
2e-05,21474,9
2e-05,21475,12
2e-05,21476,11
2e-05,21477,6
2e-05,21478,11
2e-05,21479,11
2e-05,21480,2
2e-05,21481,3
2e-05,21482,11
2e-05,21483,1
2e-05,21484,5
2e-05,21485,1
2e-05,21486,0
2e-05,21487,13
2e-05,21488,3
2e-05,21489,9
2e-05,21490,1
2e-05,21491,0
2e-05,21492,5
2e-05,21493,0
2e-05,21494,17
2e-05,21495,3
2e-05,21496,8
2e-05,21497,3
2e-05,21498,5
2e-05,21499,9
2e-05,21500,0
2e-05,21501,2
2e-05,21502,9
2e-05,21503,5
2e-05,21504,5
2e-05,21505,9
2e-05,21506,3
2e-05,21507,5
2e-05,21508,13
2e-05,21509,12
2e-05,21510,12
2e-05,21511,1
2e-05,21512,10
2e-05,21513,2
2e-05,21514,3
2e-05,21515,0
2e-05,21516,6
2e-05,21517,9
2e-05,21518,2
2e-05,21519,5
2e-05,21520,5
2e-05,21521,5
2e-05,21522,0
2e-05,21523,1
2e-05,21524,6
2e-05,21525,6
2e-05,21526,9
2e-05,21527,0
2e-05,21528,0
2e-05,21529,3
2e-05,21530,3
2e-05,21531,2
2e-05,21532,11
2e-05,21533,2
2e-05,21534,10
2e-05,21535,6
2e-05,21536,11
2e-05,21537,6
2e-05,21538,13
2e-05,21539,10
2e-05,21540,5
2e-05,21541,11
2e-05,21542,11
2e-05,21543,2
2e-05,21544,1
2e-05,21545,11
2e-05,21546,3
2e-05,21547,6
2e-05,21548,5
2e-05,21549,6
2e-05,21550,1
2e-05,21551,0
2e-05,21552,0
2e-05,21553,0
2e-05,21554,10
2e-05,21555,3
2e-05,21556,5
2e-05,21557,1
2e-05,21558,9
2e-05,21559,0
2e-05,21560,3
2e-05,21561,1
2e-05,21562,10
2e-05,21563,1
2e-05,21564,2
2e-05,21565,1
2e-05,21566,11
2e-05,21567,5
2e-05,21568,3
2e-05,21569,12
2e-05,21570,12
2e-05,21571,11
2e-05,21572,9
2e-05,21573,11
2e-05,21574,3
2e-05,21575,12
2e-05,21576,12
2e-05,21577,5
2e-05,21578,6
2e-05,21579,0
2e-05,21580,2
2e-05,21581,13
2e-05,21582,0
2e-05,21583,10
2e-05,21584,1
2e-05,21585,0
2e-05,21586,12
2e-05,21587,12
2e-05,21588,10
2e-05,21589,2
2e-05,21590,10
2e-05,21591,3
2e-05,21592,1
2e-05,21593,6
2e-05,21594,6
2e-05,21595,2
2e-05,21596,12
2e-05,21597,10
2e-05,21598,5
2e-05,21599,13
2e-05,21600,3
2e-05,21601,5
2e-05,21602,5
2e-05,21603,9
2e-05,21604,6
2e-05,21605,2
2e-05,21606,12
2e-05,21607,3
2e-05,21608,1
2e-05,21609,2
2e-05,21610,9
2e-05,21611,3
2e-05,21612,6
2e-05,21613,13
2e-05,21614,13
2e-05,21615,9
2e-05,21616,12
2e-05,21617,9
2e-05,21618,11
2e-05,21619,1
2e-05,21620,12
2e-05,21621,2
2e-05,21622,10
2e-05,21623,0
2e-05,21624,11
2e-05,21625,9
2e-05,21626,13
2e-05,21627,10
2e-05,21628,10
2e-05,21629,10
2e-05,21630,6
2e-05,21631,0
2e-05,21632,9
2e-05,21633,12
2e-05,21634,10
2e-05,21635,11
2e-05,21636,2
2e-05,21637,16
2e-05,21638,11
2e-05,21639,9
2e-05,21640,3
2e-05,21641,11
2e-05,21642,2
2e-05,21643,1
2e-05,21644,9
2e-05,21645,3
2e-05,21646,11
2e-05,21647,2
2e-05,21648,11
2e-05,21649,9
2e-05,21650,12
2e-05,21651,0
2e-05,21652,1
2e-05,21653,10
2e-05,21654,3
2e-05,21655,11
2e-05,21656,12
2e-05,21657,6
2e-05,21658,3
2e-05,21659,0
2e-05,21660,12
2e-05,21661,12
2e-05,21662,6
2e-05,21663,0
2e-05,21664,3
2e-05,21665,5
2e-05,21666,0
2e-05,21667,6
2e-05,21668,0
2e-05,21669,6
2e-05,21670,11
2e-05,21671,9
2e-05,21672,12
2e-05,21673,1
2e-05,21674,0
2e-05,21675,10
2e-05,21676,2
2e-05,21677,11
2e-05,21678,10
2e-05,21679,6
2e-05,21680,10
2e-05,21681,9
2e-05,21682,5
2e-05,21683,5
2e-05,21684,11
2e-05,21685,2
2e-05,21686,11
2e-05,21687,10
2e-05,21688,1
2e-05,21689,1
2e-05,21690,2
2e-05,21691,6
2e-05,21692,1
2e-05,21693,3
2e-05,21694,9
2e-05,21695,11
2e-05,21696,5
2e-05,21697,6
2e-05,21698,5
2e-05,21699,3
2e-05,21700,5
2e-05,21701,6
2e-05,21702,16
2e-05,21703,10
2e-05,21704,2
2e-05,21705,5
2e-05,21706,1
2e-05,21707,9
2e-05,21708,11
2e-05,21709,13
2e-05,21710,13
2e-05,21711,2
2e-05,21712,0
2e-05,21713,2
2e-05,21714,11
2e-05,21715,12
2e-05,21716,16
2e-05,21717,0
2e-05,21718,10
2e-05,21719,0
2e-05,21720,5
2e-05,21721,11
2e-05,21722,13
2e-05,21723,2
2e-05,21724,6
2e-05,21725,12
2e-05,21726,2
2e-05,21727,10
2e-05,21728,2
2e-05,21729,1
2e-05,21730,10
2e-05,21731,12
2e-05,21732,6
2e-05,21733,11
2e-05,21734,11
2e-05,21735,11
2e-05,21736,3
2e-05,21737,5
2e-05,21738,13
2e-05,21739,3
2e-05,21740,13
2e-05,21741,9
2e-05,21742,13
2e-05,21743,6
2e-05,21744,9
2e-05,21745,12
2e-05,21746,3
2e-05,21747,2
2e-05,21748,6
2e-05,21749,0
2e-05,21750,11
2e-05,21751,10
2e-05,21752,3
2e-05,21753,12
2e-05,21754,12
2e-05,21755,13
2e-05,21756,11
2e-05,21757,6
2e-05,21758,11
2e-05,21759,11
2e-05,21760,3
2e-05,21761,2
2e-05,21762,5
2e-05,21763,5
2e-05,21764,13
2e-05,21765,0
2e-05,21766,13
2e-05,21767,10
2e-05,21768,13
2e-05,21769,4
2e-05,21770,12
2e-05,21771,2
2e-05,21772,2
2e-05,21773,6
2e-05,21774,12
2e-05,21775,6
2e-05,21776,10
2e-05,21777,9
2e-05,21778,3
2e-05,21779,3
2e-05,21780,10
2e-05,21781,11
2e-05,21782,1
2e-05,21783,0
2e-05,21784,10
2e-05,21785,11
2e-05,21786,1
2e-05,21787,1
2e-05,21788,0
2e-05,21789,2
2e-05,21790,0
2e-05,21791,11
2e-05,21792,11
2e-05,21793,11
2e-05,21794,2
2e-05,21795,2
2e-05,21796,13
2e-05,21797,10
2e-05,21798,5
2e-05,21799,10
2e-05,21800,1
2e-05,21801,3
2e-05,21802,2
2e-05,21803,9
2e-05,21804,0
2e-05,21805,5
2e-05,21806,1
2e-05,21807,1
2e-05,21808,12
2e-05,21809,5
2e-05,21810,10
2e-05,21811,8
2e-05,21812,13
2e-05,21813,11
2e-05,21814,12
2e-05,21815,2
2e-05,21816,9
2e-05,21817,11
2e-05,21818,5
2e-05,21819,6
2e-05,21820,1
2e-05,21821,6
2e-05,21822,10
2e-05,21823,1
2e-05,21824,10
2e-05,21825,0
2e-05,21826,13
2e-05,21827,2
2e-05,21828,11
2e-05,21829,6
2e-05,21830,9
2e-05,21831,9
2e-05,21832,3
2e-05,21833,11
2e-05,21834,10
2e-05,21835,1
2e-05,21836,9
2e-05,21837,5
2e-05,21838,3
2e-05,21839,6
2e-05,21840,1
2e-05,21841,11
2e-05,21842,9
2e-05,21843,9
2e-05,21844,12
2e-05,21845,1
2e-05,21846,2
2e-05,21847,10
2e-05,21848,5
2e-05,21849,11
2e-05,21850,5
2e-05,21851,12
2e-05,21852,13
2e-05,21853,5
2e-05,21854,9
2e-05,21855,13
2e-05,21856,5
2e-05,21857,11
2e-05,21858,1
2e-05,21859,9
2e-05,21860,10
2e-05,21861,0
2e-05,21862,3
2e-05,21863,0
2e-05,21864,1
2e-05,21865,10
2e-05,21866,3
2e-05,21867,11
2e-05,21868,12
2e-05,21869,11
2e-05,21870,6
2e-05,21871,5
2e-05,21872,6
2e-05,21873,6
2e-05,21874,11
2e-05,21875,13
2e-05,21876,2
2e-05,21877,5
2e-05,21878,13
2e-05,21879,6
2e-05,21880,8
2e-05,21881,9
2e-05,21882,5
2e-05,21883,13
2e-05,21884,12
2e-05,21885,0
2e-05,21886,13
2e-05,21887,6
2e-05,21888,16
2e-05,21889,6
2e-05,21890,3
2e-05,21891,6
2e-05,21892,11
2e-05,21893,12
2e-05,21894,10
2e-05,21895,13
2e-05,21896,9
2e-05,21897,5
2e-05,21898,6
2e-05,21899,5
2e-05,21900,2
2e-05,21901,3
2e-05,21902,12
2e-05,21903,6
2e-05,21904,6
2e-05,21905,10
2e-05,21906,2
2e-05,21907,11
2e-05,21908,5
2e-05,21909,11
2e-05,21910,1
2e-05,21911,3
2e-05,21912,10
2e-05,21913,11
2e-05,21914,0
2e-05,21915,1
2e-05,21916,2
2e-05,21917,1
2e-05,21918,5
2e-05,21919,6
2e-05,21920,0
2e-05,21921,10
2e-05,21922,2
2e-05,21923,2
2e-05,21924,2
2e-05,21925,12
2e-05,21926,13
2e-05,21927,9
2e-05,21928,11
2e-05,21929,12
2e-05,21930,9
2e-05,21931,3
2e-05,21932,6
2e-05,21933,0
2e-05,21934,6
2e-05,21935,2
2e-05,21936,12
2e-05,21937,11
2e-05,21938,5
2e-05,21939,11
2e-05,21940,13
2e-05,21941,0
2e-05,21942,0
2e-05,21943,10
2e-05,21944,5
2e-05,21945,13
2e-05,21946,3
2e-05,21947,5
2e-05,21948,13
2e-05,21949,11
2e-05,21950,3
2e-05,21951,6
2e-05,21952,9
2e-05,21953,10
2e-05,21954,5
2e-05,21955,12
2e-05,21956,6
2e-05,21957,13
2e-05,21958,1
2e-05,21959,3
2e-05,21960,6
2e-05,21961,3
2e-05,21962,6
2e-05,21963,2
2e-05,21964,0
2e-05,21965,11
2e-05,21966,1
2e-05,21967,10
2e-05,21968,3
2e-05,21969,12
2e-05,21970,1
2e-05,21971,5
2e-05,21972,12
2e-05,21973,2
2e-05,21974,10
2e-05,21975,3
2e-05,21976,9
2e-05,21977,2
2e-05,21978,6
2e-05,21979,10
2e-05,21980,3
2e-05,21981,11
2e-05,21982,0
2e-05,21983,6
2e-05,21984,13
2e-05,21985,11
2e-05,21986,13
2e-05,21987,1
2e-05,21988,1
2e-05,21989,1
2e-05,21990,9
2e-05,21991,0
2e-05,21992,2
2e-05,21993,12
2e-05,21994,10
2e-05,21995,13
2e-05,21996,9
2e-05,21997,9
2e-05,21998,6
2e-05,21999,2
2e-05,22000,5
2e-05,22001,0
2e-05,22002,11
2e-05,22003,11
2e-05,22004,9
2e-05,22005,5
2e-05,22006,6
2e-05,22007,12
2e-05,22008,12
2e-05,22009,8
2e-05,22010,1
2e-05,22011,11
2e-05,22012,11
2e-05,22013,5
2e-05,22014,2
2e-05,22015,2
2e-05,22016,5
2e-05,22017,1
2e-05,22018,1
2e-05,22019,3
2e-05,22020,9
2e-05,22021,10
2e-05,22022,8
2e-05,22023,6
2e-05,22024,12
2e-05,22025,11
2e-05,22026,11
2e-05,22027,9
2e-05,22028,12
2e-05,22029,3
2e-05,22030,13
2e-05,22031,9
2e-05,22032,9
2e-05,22033,0
2e-05,22034,0
2e-05,22035,9
2e-05,22036,10
2e-05,22037,5
2e-05,22038,6
2e-05,22039,11
2e-05,22040,10
2e-05,22041,11
2e-05,22042,9
2e-05,22043,6
2e-05,22044,3
2e-05,22045,9
2e-05,22046,5
2e-05,22047,9
2e-05,22048,12
2e-05,22049,9
2e-05,22050,1
2e-05,22051,1
2e-05,22052,9
2e-05,22053,5
2e-05,22054,11
2e-05,22055,2
2e-05,22056,5
2e-05,22057,10
2e-05,22058,5
2e-05,22059,10
2e-05,22060,5
2e-05,22061,3
2e-05,22062,2
2e-05,22063,10
2e-05,22064,11
2e-05,22065,5
2e-05,22066,1
2e-05,22067,3
2e-05,22068,10
2e-05,22069,0
2e-05,22070,2
2e-05,22071,11
2e-05,22072,13
2e-05,22073,6
2e-05,22074,1
2e-05,22075,13
2e-05,22076,9
2e-05,22077,3
2e-05,22078,6
2e-05,22079,5
2e-05,22080,10
2e-05,22081,6
2e-05,22082,1
2e-05,22083,5
2e-05,22084,0
2e-05,22085,11
2e-05,22086,13
2e-05,22087,6
2e-05,22088,2
2e-05,22089,3
2e-05,22090,3
2e-05,22091,9
2e-05,22092,11
2e-05,22093,13
2e-05,22094,5
2e-05,22095,10
2e-05,22096,0
2e-05,22097,1
2e-05,22098,9
2e-05,22099,11
2e-05,22100,0
2e-05,22101,3
2e-05,22102,16
2e-05,22103,5
2e-05,22104,1
2e-05,22105,9
2e-05,22106,1
2e-05,22107,13
2e-05,22108,2
2e-05,22109,6
2e-05,22110,2
2e-05,22111,2
2e-05,22112,11
2e-05,22113,6
2e-05,22114,11
2e-05,22115,11
2e-05,22116,5
2e-05,22117,11
2e-05,22118,16
2e-05,22119,9
2e-05,22120,9
2e-05,22121,6
2e-05,22122,11
2e-05,22123,2
2e-05,22124,12
2e-05,22125,11
2e-05,22126,12
2e-05,22127,6
2e-05,22128,13
2e-05,22129,2
2e-05,22130,10
2e-05,22131,0
2e-05,22132,1
2e-05,22133,0
2e-05,22134,0
2e-05,22135,3
2e-05,22136,6
2e-05,22137,3
2e-05,22138,16
2e-05,22139,2
2e-05,22140,3
2e-05,22141,12
2e-05,22142,11
2e-05,22143,9
2e-05,22144,9
2e-05,22145,6
2e-05,22146,3
2e-05,22147,6
2e-05,22148,1
2e-05,22149,2
2e-05,22150,5
2e-05,22151,6
2e-05,22152,1
2e-05,22153,13
2e-05,22154,12
2e-05,22155,10
2e-05,22156,12
2e-05,22157,11
2e-05,22158,9
2e-05,22159,12
2e-05,22160,10
2e-05,22161,2
2e-05,22162,6
2e-05,22163,3
2e-05,22164,16
2e-05,22165,5
2e-05,22166,10
2e-05,22167,3
2e-05,22168,10
2e-05,22169,11
2e-05,22170,6
2e-05,22171,1
2e-05,22172,3
2e-05,22173,6
2e-05,22174,9
2e-05,22175,10
2e-05,22176,0
2e-05,22177,11
2e-05,22178,9
2e-05,22179,1
2e-05,22180,6
2e-05,22181,13
2e-05,22182,5
2e-05,22183,5
2e-05,22184,10
2e-05,22185,5
2e-05,22186,1
2e-05,22187,2
2e-05,22188,12
2e-05,22189,0
2e-05,22190,5
2e-05,22191,0
2e-05,22192,11
2e-05,22193,12
2e-05,22194,12
2e-05,22195,2
2e-05,22196,2
2e-05,22197,3
2e-05,22198,5
2e-05,22199,12
2e-05,22200,2
2e-05,22201,9
2e-05,22202,12
2e-05,22203,9
2e-05,22204,9
2e-05,22205,3
2e-05,22206,10
2e-05,22207,6
2e-05,22208,11
2e-05,22209,10
2e-05,22210,12
2e-05,22211,11
2e-05,22212,6
2e-05,22213,11
2e-05,22214,11
2e-05,22215,12
2e-05,22216,9
2e-05,22217,13
2e-05,22218,11
2e-05,22219,0
2e-05,22220,2
2e-05,22221,5
2e-05,22222,11
2e-05,22223,3
2e-05,22224,11
2e-05,22225,6
2e-05,22226,13
2e-05,22227,13
2e-05,22228,9
2e-05,22229,1
2e-05,22230,3
2e-05,22231,6
2e-05,22232,1
2e-05,22233,3
2e-05,22234,1
2e-05,22235,9
2e-05,22236,13
2e-05,22237,1
2e-05,22238,9
2e-05,22239,0
2e-05,22240,6
2e-05,22241,5
2e-05,22242,5
2e-05,22243,10
2e-05,22244,1
2e-05,22245,3
2e-05,22246,13
2e-05,22247,1
2e-05,22248,0
2e-05,22249,11
2e-05,22250,12
2e-05,22251,9
2e-05,22252,9
2e-05,22253,13
2e-05,22254,0
2e-05,22255,9
2e-05,22256,1
2e-05,22257,9
2e-05,22258,8
2e-05,22259,3
2e-05,22260,2
2e-05,22261,13
2e-05,22262,1
2e-05,22263,6
2e-05,22264,11
2e-05,22265,12
2e-05,22266,9
2e-05,22267,10
2e-05,22268,2
2e-05,22269,6
2e-05,22270,3
2e-05,22271,1
2e-05,22272,6
2e-05,22273,12
2e-05,22274,6
2e-05,22275,0
2e-05,22276,12
2e-05,22277,11
2e-05,22278,2
2e-05,22279,5
2e-05,22280,1
2e-05,22281,0
2e-05,22282,9
2e-05,22283,2
2e-05,22284,11
2e-05,22285,3
2e-05,22286,3
2e-05,22287,5
2e-05,22288,13
2e-05,22289,16
2e-05,22290,9
2e-05,22291,0
2e-05,22292,5
2e-05,22293,0
2e-05,22294,3
2e-05,22295,0
2e-05,22296,2
2e-05,22297,16
2e-05,22298,11
2e-05,22299,5
2e-05,22300,11
2e-05,22301,12
2e-05,22302,12
2e-05,22303,1
2e-05,22304,3
2e-05,22305,1
2e-05,22306,5
2e-05,22307,12
2e-05,22308,5
2e-05,22309,11
2e-05,22310,11
2e-05,22311,3
2e-05,22312,9
2e-05,22313,3
2e-05,22314,0
2e-05,22315,6
2e-05,22316,5
2e-05,22317,1
2e-05,22318,9
2e-05,22319,2
2e-05,22320,11
2e-05,22321,6
2e-05,22322,3
2e-05,22323,3
2e-05,22324,10
2e-05,22325,11
2e-05,22326,3
2e-05,22327,6
2e-05,22328,3
2e-05,22329,10
2e-05,22330,2
2e-05,22331,3
2e-05,22332,2
2e-05,22333,12
2e-05,22334,10
2e-05,22335,9
2e-05,22336,10
2e-05,22337,9
2e-05,22338,16
2e-05,22339,13
2e-05,22340,0
2e-05,22341,6
2e-05,22342,3
2e-05,22343,2
2e-05,22344,3
2e-05,22345,4
2e-05,22346,9
2e-05,22347,10
2e-05,22348,11
2e-05,22349,10
2e-05,22350,3
2e-05,22351,13
2e-05,22352,1
2e-05,22353,3
2e-05,22354,3
2e-05,22355,1
2e-05,22356,11
2e-05,22357,3
2e-05,22358,9
2e-05,22359,12
2e-05,22360,1
2e-05,22361,10
2e-05,22362,9
2e-05,22363,6
2e-05,22364,9
2e-05,22365,11
2e-05,22366,11
2e-05,22367,11
2e-05,22368,5
2e-05,22369,3
2e-05,22370,11
2e-05,22371,16
2e-05,22372,5
2e-05,22373,5
2e-05,22374,10
2e-05,22375,5
2e-05,22376,0
2e-05,22377,9
2e-05,22378,0
2e-05,22379,2
2e-05,22380,0
2e-05,22381,6
2e-05,22382,10
2e-05,22383,2
2e-05,22384,3
2e-05,22385,2
2e-05,22386,10
2e-05,22387,3
2e-05,22388,12
2e-05,22389,2
2e-05,22390,3
2e-05,22391,0
2e-05,22392,6
2e-05,22393,9
2e-05,22394,9
2e-05,22395,12
2e-05,22396,11
2e-05,22397,5
2e-05,22398,11
2e-05,22399,6
2e-05,22400,2
2e-05,22401,6
2e-05,22402,10
2e-05,22403,9
2e-05,22404,0
2e-05,22405,2
2e-05,22406,11
2e-05,22407,0
2e-05,22408,3
2e-05,22409,12
2e-05,22410,5
2e-05,22411,3
2e-05,22412,13
2e-05,22413,5
2e-05,22414,3
2e-05,22415,10
2e-05,22416,6
2e-05,22417,3
2e-05,22418,3
2e-05,22419,3
2e-05,22420,11
2e-05,22421,0
2e-05,22422,2
2e-05,22423,11
2e-05,22424,10
2e-05,22425,5
2e-05,22426,10
2e-05,22427,10
2e-05,22428,2
2e-05,22429,2
2e-05,22430,11
2e-05,22431,11
2e-05,22432,0
2e-05,22433,11
2e-05,22434,13
2e-05,22435,1
2e-05,22436,11
2e-05,22437,12
2e-05,22438,12
2e-05,22439,3
2e-05,22440,1
2e-05,22441,11
2e-05,22442,11
2e-05,22443,3
2e-05,22444,8
2e-05,22445,6
2e-05,22446,1
2e-05,22447,9
2e-05,22448,3
2e-05,22449,5
2e-05,22450,10
2e-05,22451,1
2e-05,22452,3
2e-05,22453,5
2e-05,22454,3
2e-05,22455,9
2e-05,22456,0
2e-05,22457,9
2e-05,22458,13
2e-05,22459,12
2e-05,22460,8
2e-05,22461,2
2e-05,22462,11
2e-05,22463,2
2e-05,22464,2
2e-05,22465,11
2e-05,22466,0
2e-05,22467,10
2e-05,22468,5
2e-05,22469,0
2e-05,22470,1
2e-05,22471,3
2e-05,22472,6
2e-05,22473,9
2e-05,22474,11
2e-05,22475,1
2e-05,22476,6
2e-05,22477,0
2e-05,22478,3
2e-05,22479,5
2e-05,22480,9
2e-05,22481,6
2e-05,22482,9
2e-05,22483,13
2e-05,22484,12
2e-05,22485,16
2e-05,22486,2
2e-05,22487,9
2e-05,22488,0
2e-05,22489,3
2e-05,22490,6
2e-05,22491,9
2e-05,22492,10
2e-05,22493,0
2e-05,22494,9
2e-05,22495,9
2e-05,22496,12
2e-05,22497,5
2e-05,22498,12
2e-05,22499,12
2e-05,22500,0
2e-05,22501,5
2e-05,22502,11
2e-05,22503,2
2e-05,22504,0
2e-05,22505,12
2e-05,22506,6
2e-05,22507,12
2e-05,22508,3
2e-05,22509,2
2e-05,22510,12
2e-05,22511,0
2e-05,22512,1
2e-05,22513,10
2e-05,22514,2
2e-05,22515,10
2e-05,22516,12
2e-05,22517,16
2e-05,22518,9
2e-05,22519,0
2e-05,22520,12
2e-05,22521,3
2e-05,22522,5
2e-05,22523,0
2e-05,22524,9
2e-05,22525,0
2e-05,22526,2
2e-05,22527,6
2e-05,22528,3
2e-05,22529,9
2e-05,22530,6
2e-05,22531,5
2e-05,22532,13
2e-05,22533,3
2e-05,22534,11
2e-05,22535,11
2e-05,22536,10
2e-05,22537,3
2e-05,22538,11
2e-05,22539,3
2e-05,22540,11
2e-05,22541,9
2e-05,22542,6
2e-05,22543,6
2e-05,22544,10
2e-05,22545,5
2e-05,22546,15
2e-05,22547,11
2e-05,22548,2
2e-05,22549,0
2e-05,22550,13
2e-05,22551,9
2e-05,22552,1
2e-05,22553,0
2e-05,22554,6
2e-05,22555,2
2e-05,22556,1
2e-05,22557,1
2e-05,22558,3
2e-05,22559,11
2e-05,22560,0
2e-05,22561,3
2e-05,22562,1
2e-05,22563,11
2e-05,22564,13
2e-05,22565,12
2e-05,22566,13
2e-05,22567,3
2e-05,22568,11
2e-05,22569,11
2e-05,22570,3
2e-05,22571,1
2e-05,22572,10
2e-05,22573,9
2e-05,22574,10
2e-05,22575,10
2e-05,22576,9
2e-05,22577,1
2e-05,22578,11
2e-05,22579,3
2e-05,22580,3
2e-05,22581,11
2e-05,22582,1
2e-05,22583,5
2e-05,22584,9
2e-05,22585,12
2e-05,22586,13
2e-05,22587,2
2e-05,22588,1
2e-05,22589,0
2e-05,22590,10
2e-05,22591,1
2e-05,22592,0
2e-05,22593,10
2e-05,22594,10
2e-05,22595,6
2e-05,22596,2
2e-05,22597,1
2e-05,22598,0
2e-05,22599,9
2e-05,22600,12
2e-05,22601,5
2e-05,22602,13
2e-05,22603,9
2e-05,22604,9
2e-05,22605,11
2e-05,22606,1
2e-05,22607,11
2e-05,22608,0
2e-05,22609,9
2e-05,22610,3
2e-05,22611,12
2e-05,22612,9
2e-05,22613,9
2e-05,22614,13
2e-05,22615,6
2e-05,22616,11
2e-05,22617,12
2e-05,22618,11
2e-05,22619,3
2e-05,22620,12
2e-05,22621,6
2e-05,22622,6
2e-05,22623,2
2e-05,22624,0
2e-05,22625,13
2e-05,22626,3
2e-05,22627,13
2e-05,22628,2
2e-05,22629,6
2e-05,22630,0
2e-05,22631,6
2e-05,22632,11
2e-05,22633,10
2e-05,22634,10
2e-05,22635,12
2e-05,22636,0
2e-05,22637,5
2e-05,22638,5
2e-05,22639,3
2e-05,22640,13
2e-05,22641,10
2e-05,22642,0
2e-05,22643,11
2e-05,22644,12
2e-05,22645,5
2e-05,22646,5
2e-05,22647,12
2e-05,22648,3
2e-05,22649,13
2e-05,22650,6
2e-05,22651,6
2e-05,22652,1
2e-05,22653,11
2e-05,22654,12
2e-05,22655,12
2e-05,22656,9
2e-05,22657,13
2e-05,22658,1
2e-05,22659,9
2e-05,22660,11
2e-05,22661,13
2e-05,22662,5
2e-05,22663,2
2e-05,22664,12
2e-05,22665,16
2e-05,22666,5
2e-05,22667,0
2e-05,22668,1
2e-05,22669,11
2e-05,22670,1
2e-05,22671,2
2e-05,22672,10
2e-05,22673,0
2e-05,22674,11
2e-05,22675,3
2e-05,22676,2
2e-05,22677,0
2e-05,22678,1
2e-05,22679,9
2e-05,22680,6
2e-05,22681,5
2e-05,22682,1
2e-05,22683,0
2e-05,22684,6
2e-05,22685,6
2e-05,22686,1
2e-05,22687,11
2e-05,22688,5
2e-05,22689,6
2e-05,22690,12
2e-05,22691,9
2e-05,22692,2
2e-05,22693,0
2e-05,22694,2
2e-05,22695,9
2e-05,22696,0
2e-05,22697,1
2e-05,22698,3
2e-05,22699,0
2e-05,22700,9
2e-05,22701,2
2e-05,22702,11
2e-05,22703,0
2e-05,22704,4
2e-05,22705,2
2e-05,22706,9
2e-05,22707,3
2e-05,22708,11
2e-05,22709,6
2e-05,22710,12
2e-05,22711,13
2e-05,22712,9
2e-05,22713,1
2e-05,22714,13
2e-05,22715,6
2e-05,22716,5
2e-05,22717,9
2e-05,22718,9
2e-05,22719,11
2e-05,22720,2
2e-05,22721,13
2e-05,22722,3
2e-05,22723,2
2e-05,22724,13
2e-05,22725,10
2e-05,22726,3
2e-05,22727,10
2e-05,22728,1
2e-05,22729,12
2e-05,22730,11
2e-05,22731,6
2e-05,22732,3
2e-05,22733,0
2e-05,22734,0
2e-05,22735,16
2e-05,22736,9
2e-05,22737,3
2e-05,22738,2
2e-05,22739,6
2e-05,22740,3
2e-05,22741,6
2e-05,22742,9
2e-05,22743,2
2e-05,22744,12
2e-05,22745,5
2e-05,22746,9
2e-05,22747,3
2e-05,22748,12
2e-05,22749,2
2e-05,22750,0
2e-05,22751,9
2e-05,22752,0
2e-05,22753,5
2e-05,22754,1
2e-05,22755,13
2e-05,22756,9
2e-05,22757,10
2e-05,22758,0
2e-05,22759,0
2e-05,22760,9
2e-05,22761,5
2e-05,22762,5
2e-05,22763,0
2e-05,22764,1
2e-05,22765,10
2e-05,22766,10
2e-05,22767,13
2e-05,22768,13
2e-05,22769,11
2e-05,22770,3
2e-05,22771,2
2e-05,22772,11
2e-05,22773,1
2e-05,22774,6
2e-05,22775,2
2e-05,22776,11
2e-05,22777,1
2e-05,22778,11
2e-05,22779,11
2e-05,22780,10
2e-05,22781,13
2e-05,22782,1
2e-05,22783,6
2e-05,22784,0
2e-05,22785,11
2e-05,22786,9
2e-05,22787,16
2e-05,22788,0
2e-05,22789,6
2e-05,22790,9
2e-05,22791,11
2e-05,22792,11
2e-05,22793,5
2e-05,22794,11
2e-05,22795,12
2e-05,22796,1
2e-05,22797,12
2e-05,22798,10
2e-05,22799,6
2e-05,22800,1
2e-05,22801,13
2e-05,22802,9
2e-05,22803,2
2e-05,22804,12
2e-05,22805,11
2e-05,22806,17
2e-05,22807,10
2e-05,22808,11
2e-05,22809,3
2e-05,22810,10
2e-05,22811,10
2e-05,22812,3
2e-05,22813,12
2e-05,22814,10
2e-05,22815,9
2e-05,22816,0
2e-05,22817,10
2e-05,22818,11
2e-05,22819,0
2e-05,22820,2
2e-05,22821,5
2e-05,22822,3
2e-05,22823,13
2e-05,22824,1
2e-05,22825,1
2e-05,22826,3
2e-05,22827,2
2e-05,22828,9
2e-05,22829,0
2e-05,22830,1
2e-05,22831,10
2e-05,22832,1
2e-05,22833,2
2e-05,22834,11
2e-05,22835,3
2e-05,22836,13
2e-05,22837,0
2e-05,22838,1
2e-05,22839,11
2e-05,22840,5
2e-05,22841,2
2e-05,22842,6
2e-05,22843,5
2e-05,22844,10
2e-05,22845,1
2e-05,22846,5
2e-05,22847,11
2e-05,22848,9
2e-05,22849,12
2e-05,22850,6
2e-05,22851,11
2e-05,22852,6
2e-05,22853,5
2e-05,22854,1
2e-05,22855,3
2e-05,22856,10
2e-05,22857,12
2e-05,22858,10
2e-05,22859,11
2e-05,22860,3
2e-05,22861,2
2e-05,22862,13
2e-05,22863,5
2e-05,22864,11
2e-05,22865,11
2e-05,22866,12
2e-05,22867,6
2e-05,22868,1
2e-05,22869,12
2e-05,22870,10
2e-05,22871,13
2e-05,22872,11
2e-05,22873,1
2e-05,22874,12
2e-05,22875,3
2e-05,22876,9
2e-05,22877,11
2e-05,22878,1
2e-05,22879,9
2e-05,22880,16
2e-05,22881,16
2e-05,22882,0
2e-05,22883,2
2e-05,22884,3
2e-05,22885,1
2e-05,22886,10
2e-05,22887,13
2e-05,22888,0
2e-05,22889,0
2e-05,22890,5
2e-05,22891,2
2e-05,22892,10
2e-05,22893,0
2e-05,22894,10
2e-05,22895,6
2e-05,22896,1
2e-05,22897,1
2e-05,22898,1
2e-05,22899,5
2e-05,22900,3
2e-05,22901,10
2e-05,22902,13
2e-05,22903,0
2e-05,22904,10
2e-05,22905,7
2e-05,22906,9
2e-05,22907,0
2e-05,22908,3
2e-05,22909,9
2e-05,22910,10
2e-05,22911,11
2e-05,22912,3
2e-05,22913,11
2e-05,22914,0
2e-05,22915,10
2e-05,22916,1
2e-05,22917,3
2e-05,22918,6
2e-05,22919,12
2e-05,22920,9
2e-05,22921,3
2e-05,22922,5
2e-05,22923,0
2e-05,22924,13
2e-05,22925,6
2e-05,22926,3
2e-05,22927,1
2e-05,22928,0
2e-05,22929,0
2e-05,22930,1
2e-05,22931,1
2e-05,22932,6
2e-05,22933,6
2e-05,22934,5
2e-05,22935,1
2e-05,22936,5
2e-05,22937,6
2e-05,22938,13
2e-05,22939,11
2e-05,22940,2
2e-05,22941,11
2e-05,22942,9
2e-05,22943,0
2e-05,22944,6
2e-05,22945,1
2e-05,22946,2
2e-05,22947,5
2e-05,22948,9
2e-05,22949,5
2e-05,22950,13
2e-05,22951,3
2e-05,22952,8
2e-05,22953,1
2e-05,22954,9
2e-05,22955,4
2e-05,22956,3
2e-05,22957,16
2e-05,22958,10
2e-05,22959,0
2e-05,22960,6
2e-05,22961,11
2e-05,22962,1
2e-05,22963,6
2e-05,22964,12
2e-05,22965,10
2e-05,22966,3
2e-05,22967,1
2e-05,22968,12
2e-05,22969,3
2e-05,22970,10
2e-05,22971,9
2e-05,22972,11
2e-05,22973,12
2e-05,22974,13
2e-05,22975,1
2e-05,22976,13
2e-05,22977,9
2e-05,22978,3
2e-05,22979,11
2e-05,22980,6
2e-05,22981,6
2e-05,22982,0
2e-05,22983,0
2e-05,22984,11
2e-05,22985,4
2e-05,22986,10
2e-05,22987,9
2e-05,22988,2
2e-05,22989,11
2e-05,22990,6
2e-05,22991,12
2e-05,22992,3
2e-05,22993,5
2e-05,22994,3
2e-05,22995,0
2e-05,22996,3
2e-05,22997,5
2e-05,22998,2
2e-05,22999,1
2e-05,23000,3
2e-05,23001,0
2e-05,23002,11
2e-05,23003,12
2e-05,23004,0
2e-05,23005,12
2e-05,23006,11
2e-05,23007,3
2e-05,23008,6
2e-05,23009,4
2e-05,23010,12
2e-05,23011,1
2e-05,23012,0
2e-05,23013,10
2e-05,23014,1
2e-05,23015,0
2e-05,23016,12
2e-05,23017,1
2e-05,23018,12
2e-05,23019,9
2e-05,23020,16
2e-05,23021,11
2e-05,23022,5
2e-05,23023,5
2e-05,23024,4
2e-05,23025,0
2e-05,23026,2
2e-05,23027,1
2e-05,23028,6
2e-05,23029,12
2e-05,23030,3
2e-05,23031,10
2e-05,23032,9
2e-05,23033,3
2e-05,23034,0
2e-05,23035,0
2e-05,23036,5
2e-05,23037,13
2e-05,23038,6
2e-05,23039,5
2e-05,23040,1
2e-05,23041,9
2e-05,23042,0
2e-05,23043,5
2e-05,23044,11
2e-05,23045,2
2e-05,23046,11
2e-05,23047,10
2e-05,23048,10
2e-05,23049,10
2e-05,23050,9
2e-05,23051,10
2e-05,23052,11
2e-05,23053,12
2e-05,23054,6
2e-05,23055,9
2e-05,23056,6
2e-05,23057,0
2e-05,23058,3
2e-05,23059,0
2e-05,23060,5
2e-05,23061,6
2e-05,23062,13
2e-05,23063,3
2e-05,23064,3
2e-05,23065,9
2e-05,23066,9
2e-05,23067,9
2e-05,23068,0
2e-05,23069,11
2e-05,23070,12
2e-05,23071,0
2e-05,23072,2
2e-05,23073,2
2e-05,23074,10
2e-05,23075,3
2e-05,23076,9
2e-05,23077,3
2e-05,23078,13
2e-05,23079,12
2e-05,23080,12
2e-05,23081,3
2e-05,23082,6
2e-05,23083,13
2e-05,23084,0
2e-05,23085,11
2e-05,23086,9
2e-05,23087,6
2e-05,23088,1
2e-05,23089,0
2e-05,23090,6
2e-05,23091,11
2e-05,23092,9
2e-05,23093,3
2e-05,23094,3
2e-05,23095,0
2e-05,23096,12
2e-05,23097,2
2e-05,23098,13
2e-05,23099,9
2e-05,23100,0
2e-05,23101,11
2e-05,23102,5
2e-05,23103,1
2e-05,23104,1
2e-05,23105,6
2e-05,23106,14
2e-05,23107,5
2e-05,23108,13
2e-05,23109,10
2e-05,23110,17
2e-05,23111,2
2e-05,23112,11
2e-05,23113,10
2e-05,23114,11
2e-05,23115,12
2e-05,23116,0
2e-05,23117,13
2e-05,23118,5
2e-05,23119,6
2e-05,23120,3
2e-05,23121,3
2e-05,23122,9
2e-05,23123,2
2e-05,23124,1
2e-05,23125,10
2e-05,23126,1
2e-05,23127,6
2e-05,23128,9
2e-05,23129,0
2e-05,23130,9
2e-05,23131,10
2e-05,23132,0
2e-05,23133,6
2e-05,23134,0
2e-05,23135,10
2e-05,23136,2
2e-05,23137,6
2e-05,23138,0
2e-05,23139,2
2e-05,23140,12
2e-05,23141,1
2e-05,23142,13
2e-05,23143,1
2e-05,23144,6
2e-05,23145,13
2e-05,23146,1
2e-05,23147,10
2e-05,23148,5
2e-05,23149,0
2e-05,23150,2
2e-05,23151,9
2e-05,23152,0
2e-05,23153,3
2e-05,23154,5
2e-05,23155,2
2e-05,23156,0
2e-05,23157,1
2e-05,23158,0
2e-05,23159,13
2e-05,23160,1
2e-05,23161,2
2e-05,23162,12
2e-05,23163,2
2e-05,23164,6
2e-05,23165,1
2e-05,23166,3
2e-05,23167,13
2e-05,23168,6
2e-05,23169,2
2e-05,23170,6
2e-05,23171,6
2e-05,23172,11
2e-05,23173,13
2e-05,23174,11
2e-05,23175,2
2e-05,23176,9
2e-05,23177,13
2e-05,23178,12
2e-05,23179,13
2e-05,23180,5
2e-05,23181,10
2e-05,23182,1
2e-05,23183,10
2e-05,23184,5
2e-05,23185,9
2e-05,23186,10
2e-05,23187,12
2e-05,23188,6
2e-05,23189,6
2e-05,23190,0
2e-05,23191,2
2e-05,23192,2
2e-05,23193,1
2e-05,23194,9
2e-05,23195,13
2e-05,23196,3
2e-05,23197,9
2e-05,23198,13
2e-05,23199,5
2e-05,23200,5
2e-05,23201,10
2e-05,23202,12
2e-05,23203,2
2e-05,23204,5
2e-05,23205,5
2e-05,23206,9
2e-05,23207,1
2e-05,23208,6
2e-05,23209,5
2e-05,23210,13
2e-05,23211,5
2e-05,23212,9
2e-05,23213,9
2e-05,23214,9
2e-05,23215,0
2e-05,23216,3
2e-05,23217,0
2e-05,23218,9
2e-05,23219,1
2e-05,23220,3
2e-05,23221,6
2e-05,23222,2
2e-05,23223,0
2e-05,23224,0
2e-05,23225,2
2e-05,23226,0
2e-05,23227,6
2e-05,23228,12
2e-05,23229,8
2e-05,23230,11
2e-05,23231,1
2e-05,23232,6
2e-05,23233,10
2e-05,23234,11
2e-05,23235,9
2e-05,23236,6
2e-05,23237,16
2e-05,23238,14
2e-05,23239,10
2e-05,23240,9
2e-05,23241,6
2e-05,23242,12
2e-05,23243,11
2e-05,23244,9
2e-05,23245,5
2e-05,23246,11
2e-05,23247,10
2e-05,23248,10
2e-05,23249,6
2e-05,23250,9
2e-05,23251,2
2e-05,23252,11
2e-05,23253,6
2e-05,23254,2
2e-05,23255,9
2e-05,23256,10
2e-05,23257,3
2e-05,23258,11
2e-05,23259,2
2e-05,23260,11
2e-05,23261,13
2e-05,23262,11
2e-05,23263,5
2e-05,23264,2
2e-05,23265,12
2e-05,23266,13
2e-05,23267,9
2e-05,23268,5
2e-05,23269,1
2e-05,23270,0
2e-05,23271,1
2e-05,23272,6
2e-05,23273,0
2e-05,23274,9
2e-05,23275,5
2e-05,23276,10
2e-05,23277,3
2e-05,23278,6
2e-05,23279,13
2e-05,23280,0
2e-05,23281,0
2e-05,23282,2
2e-05,23283,12
2e-05,23284,2
2e-05,23285,0
2e-05,23286,0
2e-05,23287,9
2e-05,23288,9
2e-05,23289,9
2e-05,23290,13
2e-05,23291,13
2e-05,23292,13
2e-05,23293,1
2e-05,23294,3
2e-05,23295,3
2e-05,23296,11
2e-05,23297,0
2e-05,23298,6
2e-05,23299,11
2e-05,23300,13
2e-05,23301,13
2e-05,23302,11
2e-05,23303,10
2e-05,23304,9
2e-05,23305,2
2e-05,23306,9
2e-05,23307,2
2e-05,23308,0
2e-05,23309,11
2e-05,23310,9
2e-05,23311,13
2e-05,23312,2
2e-05,23313,11
2e-05,23314,1
2e-05,23315,0
2e-05,23316,1
2e-05,23317,11
2e-05,23318,6
2e-05,23319,11
2e-05,23320,3
2e-05,23321,10
2e-05,23322,5
2e-05,23323,9
2e-05,23324,11
2e-05,23325,6
2e-05,23326,1
2e-05,23327,12
2e-05,23328,1
2e-05,23329,0
2e-05,23330,8
2e-05,23331,10
2e-05,23332,1
2e-05,23333,11
2e-05,23334,9
2e-05,23335,11
2e-05,23336,5
2e-05,23337,13
2e-05,23338,6
2e-05,23339,3
2e-05,23340,0
2e-05,23341,13
2e-05,23342,11
2e-05,23343,0
2e-05,23344,1
2e-05,23345,13
2e-05,23346,11
2e-05,23347,13
2e-05,23348,2
2e-05,23349,6
2e-05,23350,11
2e-05,23351,2
2e-05,23352,2
2e-05,23353,9
2e-05,23354,5
2e-05,23355,1
2e-05,23356,1
2e-05,23357,10
2e-05,23358,12
2e-05,23359,13
2e-05,23360,1
2e-05,23361,2
2e-05,23362,1
2e-05,23363,10
2e-05,23364,10
2e-05,23365,10
2e-05,23366,11
2e-05,23367,1
2e-05,23368,6
2e-05,23369,10
2e-05,23370,1
2e-05,23371,9
2e-05,23372,11
2e-05,23373,11
2e-05,23374,2
2e-05,23375,0
2e-05,23376,13
2e-05,23377,11
2e-05,23378,5
2e-05,23379,5
2e-05,23380,3
2e-05,23381,13
2e-05,23382,9
2e-05,23383,10
2e-05,23384,1
2e-05,23385,10
2e-05,23386,6
2e-05,23387,6
2e-05,23388,1
2e-05,23389,1
2e-05,23390,5
2e-05,23391,3
2e-05,23392,12
2e-05,23393,13
2e-05,23394,11
2e-05,23395,2
2e-05,23396,12
2e-05,23397,6
2e-05,23398,0
2e-05,23399,5
2e-05,23400,9
2e-05,23401,3
2e-05,23402,1
2e-05,23403,13
2e-05,23404,1
2e-05,23405,0
2e-05,23406,5
2e-05,23407,1
2e-05,23408,0
2e-05,23409,5
2e-05,23410,11
2e-05,23411,3
2e-05,23412,12
2e-05,23413,1
2e-05,23414,10
2e-05,23415,1
2e-05,23416,11
2e-05,23417,3
2e-05,23418,3
2e-05,23419,3
2e-05,23420,9
2e-05,23421,2
2e-05,23422,0
2e-05,23423,10
2e-05,23424,0
2e-05,23425,6
2e-05,23426,5
2e-05,23427,9
2e-05,23428,3
2e-05,23429,2
2e-05,23430,3
2e-05,23431,0
2e-05,23432,1
2e-05,23433,8
2e-05,23434,12
2e-05,23435,0
2e-05,23436,10
2e-05,23437,1
2e-05,23438,4
2e-05,23439,5
2e-05,23440,2
2e-05,23441,3
2e-05,23442,12
2e-05,23443,2
2e-05,23444,0
2e-05,23445,3
2e-05,23446,2
2e-05,23447,12
2e-05,23448,5
2e-05,23449,5
2e-05,23450,5
2e-05,23451,3
2e-05,23452,9
2e-05,23453,11
2e-05,23454,2
2e-05,23455,10
2e-05,23456,13
2e-05,23457,9
2e-05,23458,9
2e-05,23459,1
2e-05,23460,12
2e-05,23461,9
2e-05,23462,6
2e-05,23463,11
2e-05,23464,13
2e-05,23465,2
2e-05,23466,6
2e-05,23467,12
2e-05,23468,2
2e-05,23469,6
2e-05,23470,10
2e-05,23471,2
2e-05,23472,13
2e-05,23473,12
2e-05,23474,0
2e-05,23475,0
2e-05,23476,11
2e-05,23477,9
2e-05,23478,11
2e-05,23479,13
2e-05,23480,11
2e-05,23481,9
2e-05,23482,3
2e-05,23483,3
2e-05,23484,11
2e-05,23485,0
2e-05,23486,5
2e-05,23487,12
2e-05,23488,0
2e-05,23489,10
2e-05,23490,11
2e-05,23491,2
2e-05,23492,5
2e-05,23493,13
2e-05,23494,5
2e-05,23495,12
2e-05,23496,11
2e-05,23497,3
2e-05,23498,2
2e-05,23499,1
2e-05,23500,11
2e-05,23501,0
2e-05,23502,12
2e-05,23503,9
2e-05,23504,11
2e-05,23505,1
2e-05,23506,10
2e-05,23507,1
2e-05,23508,1
2e-05,23509,3
2e-05,23510,11
2e-05,23511,10
2e-05,23512,13
2e-05,23513,12
2e-05,23514,9
2e-05,23515,5
2e-05,23516,16
2e-05,23517,5
2e-05,23518,0
2e-05,23519,5
2e-05,23520,5
2e-05,23521,5
2e-05,23522,0
2e-05,23523,2
2e-05,23524,3
2e-05,23525,1
2e-05,23526,11
2e-05,23527,8
2e-05,23528,2
2e-05,23529,5
2e-05,23530,6
2e-05,23531,11
2e-05,23532,12
2e-05,23533,3
2e-05,23534,10
2e-05,23535,6
2e-05,23536,13
2e-05,23537,2
2e-05,23538,3
2e-05,23539,5
2e-05,23540,2
2e-05,23541,5
2e-05,23542,5
2e-05,23543,0
2e-05,23544,1
2e-05,23545,5
2e-05,23546,1
2e-05,23547,6
2e-05,23548,1
2e-05,23549,9
2e-05,23550,13
2e-05,23551,1
2e-05,23552,9
2e-05,23553,11
2e-05,23554,9
2e-05,23555,11
2e-05,23556,6
2e-05,23557,0
2e-05,23558,9
2e-05,23559,11
2e-05,23560,2
2e-05,23561,10
2e-05,23562,5
2e-05,23563,13
2e-05,23564,10
2e-05,23565,5
2e-05,23566,10
2e-05,23567,3
2e-05,23568,13
2e-05,23569,2
2e-05,23570,9
2e-05,23571,13
2e-05,23572,3
2e-05,23573,12
2e-05,23574,10
2e-05,23575,10
2e-05,23576,3
2e-05,23577,11
2e-05,23578,12
2e-05,23579,10
2e-05,23580,2
2e-05,23581,6
2e-05,23582,10
2e-05,23583,10
2e-05,23584,5
2e-05,23585,10
2e-05,23586,5
2e-05,23587,10
2e-05,23588,11
2e-05,23589,3
2e-05,23590,9
2e-05,23591,13
2e-05,23592,0
2e-05,23593,13
2e-05,23594,13
2e-05,23595,13
2e-05,23596,10
2e-05,23597,11
2e-05,23598,0
2e-05,23599,9
2e-05,23600,10
2e-05,23601,5
2e-05,23602,16
2e-05,23603,6
2e-05,23604,11
2e-05,23605,1
2e-05,23606,2
2e-05,23607,5
2e-05,23608,11
2e-05,23609,10
2e-05,23610,0
2e-05,23611,1
2e-05,23612,1
2e-05,23613,12
2e-05,23614,5
2e-05,23615,0
2e-05,23616,2
2e-05,23617,3
2e-05,23618,5
2e-05,23619,6
2e-05,23620,0
2e-05,23621,11
2e-05,23622,11
2e-05,23623,3
2e-05,23624,11
2e-05,23625,6
2e-05,23626,5
2e-05,23627,9
2e-05,23628,5
2e-05,23629,1
2e-05,23630,10
2e-05,23631,13
2e-05,23632,0
2e-05,23633,10
2e-05,23634,0
2e-05,23635,1
2e-05,23636,9
2e-05,23637,3
2e-05,23638,5
2e-05,23639,9
2e-05,23640,6
2e-05,23641,0
2e-05,23642,0
2e-05,23643,3
2e-05,23644,9
2e-05,23645,2
2e-05,23646,13
2e-05,23647,10
2e-05,23648,5
2e-05,23649,9
2e-05,23650,2
2e-05,23651,3
2e-05,23652,13
2e-05,23653,2
2e-05,23654,11
2e-05,23655,0
2e-05,23656,3
2e-05,23657,5
2e-05,23658,12
2e-05,23659,1
2e-05,23660,6
2e-05,23661,0
2e-05,23662,2
2e-05,23663,0
2e-05,23664,2
2e-05,23665,12
2e-05,23666,0
2e-05,23667,0
2e-05,23668,3
2e-05,23669,1
2e-05,23670,1
2e-05,23671,13
2e-05,23672,6
2e-05,23673,10
2e-05,23674,13
2e-05,23675,5
2e-05,23676,9
2e-05,23677,5
2e-05,23678,0
2e-05,23679,12
2e-05,23680,11
2e-05,23681,13
2e-05,23682,3
2e-05,23683,3
2e-05,23684,10
2e-05,23685,9
2e-05,23686,6
2e-05,23687,0
2e-05,23688,13
2e-05,23689,9
2e-05,23690,1
2e-05,23691,0
2e-05,23692,0
2e-05,23693,0
2e-05,23694,1
2e-05,23695,6
2e-05,23696,12
2e-05,23697,6
2e-05,23698,16
2e-05,23699,13
2e-05,23700,0
2e-05,23701,11
2e-05,23702,6
2e-05,23703,5
2e-05,23704,1
2e-05,23705,5
2e-05,23706,17
2e-05,23707,3
2e-05,23708,12
2e-05,23709,1
2e-05,23710,11
2e-05,23711,6
2e-05,23712,5
2e-05,23713,13
2e-05,23714,6
2e-05,23715,6
2e-05,23716,10
2e-05,23717,2
2e-05,23718,10
2e-05,23719,6
2e-05,23720,10
2e-05,23721,13
2e-05,23722,10
2e-05,23723,13
2e-05,23724,0
2e-05,23725,13
2e-05,23726,11
2e-05,23727,13
2e-05,23728,11
2e-05,23729,8
2e-05,23730,0
2e-05,23731,10
2e-05,23732,6
2e-05,23733,12
2e-05,23734,5
2e-05,23735,1
2e-05,23736,13
2e-05,23737,9
2e-05,23738,6
2e-05,23739,10
2e-05,23740,3
2e-05,23741,13
2e-05,23742,1
2e-05,23743,3
2e-05,23744,12
2e-05,23745,5
2e-05,23746,3
2e-05,23747,1
2e-05,23748,8
2e-05,23749,5
2e-05,23750,12
2e-05,23751,2
2e-05,23752,0
2e-05,23753,12
2e-05,23754,1
2e-05,23755,6
2e-05,23756,11
2e-05,23757,3
2e-05,23758,10
2e-05,23759,11
2e-05,23760,12
2e-05,23761,1
2e-05,23762,11
2e-05,23763,2
2e-05,23764,4
2e-05,23765,10
2e-05,23766,6
2e-05,23767,10
2e-05,23768,12
2e-05,23769,3
2e-05,23770,6
2e-05,23771,3
2e-05,23772,9
2e-05,23773,11
2e-05,23774,1
2e-05,23775,3
2e-05,23776,11
2e-05,23777,5
2e-05,23778,12
2e-05,23779,1
2e-05,23780,1
2e-05,23781,10
2e-05,23782,11
2e-05,23783,1
2e-05,23784,1
2e-05,23785,3
2e-05,23786,2
2e-05,23787,0
2e-05,23788,6
2e-05,23789,0
2e-05,23790,9
2e-05,23791,9
2e-05,23792,0
2e-05,23793,10
2e-05,23794,13
2e-05,23795,6
2e-05,23796,5
2e-05,23797,0
2e-05,23798,10
2e-05,23799,11
2e-05,23800,5
2e-05,23801,6
2e-05,23802,2
2e-05,23803,0
2e-05,23804,10
2e-05,23805,10
2e-05,23806,6
2e-05,23807,10
2e-05,23808,9
2e-05,23809,12
2e-05,23810,12
2e-05,23811,11
2e-05,23812,11
2e-05,23813,1
2e-05,23814,9
2e-05,23815,13
2e-05,23816,0
2e-05,23817,10
2e-05,23818,6
2e-05,23819,6
2e-05,23820,9
2e-05,23821,1
2e-05,23822,10
2e-05,23823,5
2e-05,23824,8
2e-05,23825,9
2e-05,23826,0
2e-05,23827,11
2e-05,23828,10
2e-05,23829,11
2e-05,23830,5
2e-05,23831,5
2e-05,23832,2
2e-05,23833,9
2e-05,23834,11
2e-05,23835,10
2e-05,23836,3
2e-05,23837,11
2e-05,23838,6
2e-05,23839,5
2e-05,23840,10
2e-05,23841,2
2e-05,23842,3
2e-05,23843,3
2e-05,23844,3
2e-05,23845,8
2e-05,23846,1
2e-05,23847,9
2e-05,23848,2
2e-05,23849,3
2e-05,23850,9
2e-05,23851,1
2e-05,23852,10
2e-05,23853,0
2e-05,23854,2
2e-05,23855,9
2e-05,23856,11
2e-05,23857,8
2e-05,23858,9
2e-05,23859,12
2e-05,23860,16
2e-05,23861,13
2e-05,23862,3
2e-05,23863,2
2e-05,23864,11
2e-05,23865,11
2e-05,23866,1
2e-05,23867,6
2e-05,23868,12
2e-05,23869,0
2e-05,23870,11
2e-05,23871,0
2e-05,23872,3
2e-05,23873,6
2e-05,23874,3
2e-05,23875,10
2e-05,23876,8
2e-05,23877,2
2e-05,23878,1
2e-05,23879,12
2e-05,23880,3
2e-05,23881,3
2e-05,23882,11
2e-05,23883,12
2e-05,23884,10
2e-05,23885,11
2e-05,23886,2
2e-05,23887,6
2e-05,23888,10
2e-05,23889,13
2e-05,23890,0
2e-05,23891,2
2e-05,23892,3
2e-05,23893,11
2e-05,23894,12
2e-05,23895,5
2e-05,23896,2
2e-05,23897,10
2e-05,23898,13
2e-05,23899,1
2e-05,23900,0
2e-05,23901,12
2e-05,23902,2
2e-05,23903,9
2e-05,23904,1
2e-05,23905,5
2e-05,23906,2
2e-05,23907,1
2e-05,23908,2
2e-05,23909,2
2e-05,23910,1
2e-05,23911,5
2e-05,23912,5
2e-05,23913,0
2e-05,23914,12
2e-05,23915,0
2e-05,23916,11
2e-05,23917,12
2e-05,23918,6
2e-05,23919,12
2e-05,23920,0
2e-05,23921,10
2e-05,23922,1
2e-05,23923,5
2e-05,23924,12
2e-05,23925,3
2e-05,23926,6
2e-05,23927,13
2e-05,23928,10
2e-05,23929,13
2e-05,23930,2
2e-05,23931,5
2e-05,23932,12
2e-05,23933,12
2e-05,23934,1
2e-05,23935,6
2e-05,23936,10
2e-05,23937,2
2e-05,23938,2
2e-05,23939,11
2e-05,23940,12
2e-05,23941,7
2e-05,23942,10
2e-05,23943,1
2e-05,23944,10
2e-05,23945,6
2e-05,23946,9
2e-05,23947,6
2e-05,23948,2
2e-05,23949,6
2e-05,23950,13
2e-05,23951,12
2e-05,23952,10
2e-05,23953,9
2e-05,23954,0
2e-05,23955,0
2e-05,23956,9
2e-05,23957,5
2e-05,23958,0
2e-05,23959,2
2e-05,23960,13
2e-05,23961,11
2e-05,23962,0
2e-05,23963,6
2e-05,23964,3
2e-05,23965,12
2e-05,23966,11
2e-05,23967,3
2e-05,23968,10
2e-05,23969,6
2e-05,23970,11
2e-05,23971,1
2e-05,23972,6
2e-05,23973,0
2e-05,23974,2
2e-05,23975,5
2e-05,23976,13
2e-05,23977,0
2e-05,23978,3
2e-05,23979,2
2e-05,23980,9
2e-05,23981,13
2e-05,23982,1
2e-05,23983,1
2e-05,23984,0
2e-05,23985,9
2e-05,23986,8
2e-05,23987,13
2e-05,23988,3
2e-05,23989,1
2e-05,23990,6
2e-05,23991,5
2e-05,23992,6
2e-05,23993,9
2e-05,23994,2
2e-05,23995,3
2e-05,23996,11
2e-05,23997,11
2e-05,23998,5
2e-05,23999,2
2e-05,24000,11
2e-05,24001,11
2e-05,24002,10
2e-05,24003,2
2e-05,24004,6
2e-05,24005,11
2e-05,24006,3
2e-05,24007,9
2e-05,24008,10
2e-05,24009,5
2e-05,24010,13
2e-05,24011,4
2e-05,24012,12
2e-05,24013,6
2e-05,24014,1
2e-05,24015,12
2e-05,24016,6
2e-05,24017,0
2e-05,24018,12
2e-05,24019,1
2e-05,24020,0
2e-05,24021,13
2e-05,24022,0
2e-05,24023,0
2e-05,24024,11
2e-05,24025,11
2e-05,24026,2
2e-05,24027,6
2e-05,24028,12
2e-05,24029,6
2e-05,24030,11
2e-05,24031,1
2e-05,24032,5
2e-05,24033,12
2e-05,24034,5
2e-05,24035,10
2e-05,24036,10
2e-05,24037,5
2e-05,24038,1
2e-05,24039,2
2e-05,24040,1
2e-05,24041,13
2e-05,24042,3
2e-05,24043,2
2e-05,24044,6
2e-05,24045,0
2e-05,24046,0
2e-05,24047,11
2e-05,24048,13
2e-05,24049,11
2e-05,24050,10
2e-05,24051,5
2e-05,24052,9
2e-05,24053,9
2e-05,24054,12
2e-05,24055,10
2e-05,24056,10
2e-05,24057,10
2e-05,24058,1
2e-05,24059,5
2e-05,24060,13
2e-05,24061,6
2e-05,24062,10
2e-05,24063,11
2e-05,24064,6
2e-05,24065,10
2e-05,24066,6
2e-05,24067,13
2e-05,24068,13
2e-05,24069,10
2e-05,24070,11
2e-05,24071,9
2e-05,24072,0
2e-05,24073,8
2e-05,24074,1
2e-05,24075,11
2e-05,24076,3
2e-05,24077,9
2e-05,24078,12
2e-05,24079,13
2e-05,24080,3
2e-05,24081,11
2e-05,24082,3
2e-05,24083,0
2e-05,24084,1
2e-05,24085,5
2e-05,24086,13
2e-05,24087,11
2e-05,24088,1
2e-05,24089,12
2e-05,24090,6
2e-05,24091,3
2e-05,24092,12
2e-05,24093,5
2e-05,24094,5
2e-05,24095,5
2e-05,24096,3
2e-05,24097,1
2e-05,24098,11
2e-05,24099,5
2e-05,24100,2
2e-05,24101,2
2e-05,24102,1
2e-05,24103,5
2e-05,24104,11
2e-05,24105,12
2e-05,24106,9
2e-05,24107,10
2e-05,24108,6
2e-05,24109,3
2e-05,24110,5
2e-05,24111,9
2e-05,24112,0
2e-05,24113,2
2e-05,24114,6
2e-05,24115,12
2e-05,24116,6
2e-05,24117,5
2e-05,24118,12
2e-05,24119,11
2e-05,24120,9
2e-05,24121,11
2e-05,24122,5
2e-05,24123,10
2e-05,24124,2
2e-05,24125,11
2e-05,24126,2
2e-05,24127,3
2e-05,24128,11
2e-05,24129,6
2e-05,24130,3
2e-05,24131,12
2e-05,24132,2
2e-05,24133,11
2e-05,24134,9
2e-05,24135,2
2e-05,24136,11
2e-05,24137,12
2e-05,24138,10
2e-05,24139,5
2e-05,24140,0
2e-05,24141,9
2e-05,24142,3
2e-05,24143,9
2e-05,24144,13
2e-05,24145,12
2e-05,24146,5
2e-05,24147,5
2e-05,24148,9
2e-05,24149,3
2e-05,24150,1
2e-05,24151,5
2e-05,24152,5
2e-05,24153,4
2e-05,24154,11
2e-05,24155,16
2e-05,24156,10
2e-05,24157,12
2e-05,24158,11
2e-05,24159,11
2e-05,24160,13
2e-05,24161,0
2e-05,24162,13
2e-05,24163,11
2e-05,24164,9
2e-05,24165,16
2e-05,24166,13
2e-05,24167,9
2e-05,24168,12
2e-05,24169,5
2e-05,24170,0
2e-05,24171,1
2e-05,24172,2
2e-05,24173,0
2e-05,24174,6
2e-05,24175,8
2e-05,24176,10
2e-05,24177,5
2e-05,24178,11
2e-05,24179,11
2e-05,24180,3
2e-05,24181,3
2e-05,24182,12
2e-05,24183,11
2e-05,24184,3
2e-05,24185,0
2e-05,24186,11
2e-05,24187,12
2e-05,24188,6
2e-05,24189,9
2e-05,24190,14
2e-05,24191,6
2e-05,24192,5
2e-05,24193,9
2e-05,24194,0
2e-05,24195,11
2e-05,24196,10
2e-05,24197,5
2e-05,24198,9
2e-05,24199,3
2e-05,24200,1
2e-05,24201,0
2e-05,24202,1
2e-05,24203,13
2e-05,24204,9
2e-05,24205,5
2e-05,24206,10
2e-05,24207,0
2e-05,24208,0
2e-05,24209,2
2e-05,24210,6
2e-05,24211,9
2e-05,24212,1
2e-05,24213,5
2e-05,24214,5
2e-05,24215,12
2e-05,24216,2
2e-05,24217,9
2e-05,24218,1
2e-05,24219,3
2e-05,24220,5
2e-05,24221,6
2e-05,24222,0
2e-05,24223,0
2e-05,24224,0
2e-05,24225,16
2e-05,24226,6
2e-05,24227,5
2e-05,24228,6
2e-05,24229,6
2e-05,24230,5
2e-05,24231,13
2e-05,24232,12
2e-05,24233,12
2e-05,24234,3
2e-05,24235,0
2e-05,24236,12
2e-05,24237,1
2e-05,24238,13
2e-05,24239,0
2e-05,24240,5
2e-05,24241,1
2e-05,24242,2
2e-05,24243,1
2e-05,24244,11
2e-05,24245,6
2e-05,24246,3
2e-05,24247,2
2e-05,24248,12
2e-05,24249,9
2e-05,24250,2
2e-05,24251,13
2e-05,24252,12
2e-05,24253,10
2e-05,24254,10
2e-05,24255,11
2e-05,24256,0
2e-05,24257,3
2e-05,24258,12
2e-05,24259,1
2e-05,24260,2
2e-05,24261,6
2e-05,24262,6
2e-05,24263,13
2e-05,24264,1
2e-05,24265,6
2e-05,24266,6
2e-05,24267,1
2e-05,24268,3
2e-05,24269,11
2e-05,24270,6
2e-05,24271,2
2e-05,24272,13
2e-05,24273,3
2e-05,24274,9
2e-05,24275,13
2e-05,24276,12
2e-05,24277,10
2e-05,24278,2
2e-05,24279,0
2e-05,24280,5
2e-05,24281,13
2e-05,24282,5
2e-05,24283,9
2e-05,24284,9
2e-05,24285,2
2e-05,24286,9
2e-05,24287,9
2e-05,24288,9
2e-05,24289,2
2e-05,24290,1
2e-05,24291,13
2e-05,24292,12
2e-05,24293,1
2e-05,24294,11
2e-05,24295,1
2e-05,24296,5
2e-05,24297,3
2e-05,24298,12
2e-05,24299,2
2e-05,24300,0
2e-05,24301,1
2e-05,24302,1
2e-05,24303,3
2e-05,24304,0
2e-05,24305,13
2e-05,24306,6
2e-05,24307,11
2e-05,24308,3
2e-05,24309,3
2e-05,24310,12
2e-05,24311,0
2e-05,24312,1
2e-05,24313,3
2e-05,24314,11
2e-05,24315,5
2e-05,24316,11
2e-05,24317,5
2e-05,24318,1
2e-05,24319,12
2e-05,24320,5
2e-05,24321,5
2e-05,24322,5
2e-05,24323,2
2e-05,24324,1
2e-05,24325,2
2e-05,24326,12
2e-05,24327,6
2e-05,24328,3
2e-05,24329,13
2e-05,24330,12
2e-05,24331,10
2e-05,24332,6
2e-05,24333,1
2e-05,24334,0
2e-05,24335,3
2e-05,24336,2
2e-05,24337,1
2e-05,24338,10
2e-05,24339,5
2e-05,24340,2
2e-05,24341,12
2e-05,24342,1
2e-05,24343,12
2e-05,24344,11
2e-05,24345,12
2e-05,24346,13
2e-05,24347,0
2e-05,24348,10
2e-05,24349,5
2e-05,24350,6
2e-05,24351,13
2e-05,24352,5
2e-05,24353,9
2e-05,24354,5
2e-05,24355,3
2e-05,24356,1
2e-05,24357,10
2e-05,24358,2
2e-05,24359,12
2e-05,24360,0
2e-05,24361,0
2e-05,24362,10
2e-05,24363,11
2e-05,24364,11
2e-05,24365,6
2e-05,24366,12
2e-05,24367,6
2e-05,24368,0
2e-05,24369,3
2e-05,24370,5
2e-05,24371,2
2e-05,24372,11
2e-05,24373,0
2e-05,24374,6
2e-05,24375,11
2e-05,24376,1
2e-05,24377,0
2e-05,24378,5
2e-05,24379,2
2e-05,24380,2
2e-05,24381,2
2e-05,24382,12
2e-05,24383,2
2e-05,24384,2
2e-05,24385,11
2e-05,24386,5
2e-05,24387,11
2e-05,24388,12
2e-05,24389,9
2e-05,24390,0
2e-05,24391,10
2e-05,24392,9
2e-05,24393,1
2e-05,24394,6
2e-05,24395,1
2e-05,24396,10
2e-05,24397,5
2e-05,24398,9
2e-05,24399,4
2e-05,24400,9
2e-05,24401,0
2e-05,24402,6
2e-05,24403,10
2e-05,24404,5
2e-05,24405,12
2e-05,24406,9
2e-05,24407,6
2e-05,24408,3
2e-05,24409,2
2e-05,24410,2
2e-05,24411,0
2e-05,24412,1
2e-05,24413,6
2e-05,24414,5
2e-05,24415,1
2e-05,24416,13
2e-05,24417,10
2e-05,24418,11
2e-05,24419,16
2e-05,24420,6
2e-05,24421,6
2e-05,24422,11
2e-05,24423,12
2e-05,24424,1
2e-05,24425,11
2e-05,24426,5
2e-05,24427,1
2e-05,24428,12
2e-05,24429,12
2e-05,24430,10
2e-05,24431,0
2e-05,24432,13
2e-05,24433,5
2e-05,24434,10
2e-05,24435,5
2e-05,24436,9
2e-05,24437,5
2e-05,24438,1
2e-05,24439,10
2e-05,24440,16
2e-05,24441,12
2e-05,24442,9
2e-05,24443,1
2e-05,24444,11
2e-05,24445,11
2e-05,24446,10
2e-05,24447,13
2e-05,24448,1
2e-05,24449,3
2e-05,24450,11
2e-05,24451,2
2e-05,24452,9
2e-05,24453,13
2e-05,24454,5
2e-05,24455,9
2e-05,24456,6
2e-05,24457,6
2e-05,24458,13
2e-05,24459,10
2e-05,24460,6
2e-05,24461,9
2e-05,24462,12
2e-05,24463,12
2e-05,24464,12
2e-05,24465,11
2e-05,24466,1
2e-05,24467,9
2e-05,24468,12
2e-05,24469,10
2e-05,24470,11
2e-05,24471,9
2e-05,24472,10
2e-05,24473,3
2e-05,24474,5
2e-05,24475,5
2e-05,24476,11
2e-05,24477,10
2e-05,24478,9
2e-05,24479,1
2e-05,24480,0
2e-05,24481,5
2e-05,24482,1
2e-05,24483,6
2e-05,24484,10
2e-05,24485,3
2e-05,24486,0
2e-05,24487,3
2e-05,24488,0
2e-05,24489,10
2e-05,24490,10
2e-05,24491,3
2e-05,24492,6
2e-05,24493,0
2e-05,24494,1
2e-05,24495,9
2e-05,24496,1
2e-05,24497,11
2e-05,24498,11
2e-05,24499,9
2e-05,24500,0
2e-05,24501,10
2e-05,24502,13
2e-05,24503,9
2e-05,24504,1
2e-05,24505,6
2e-05,24506,3
2e-05,24507,0
2e-05,24508,6
2e-05,24509,0
2e-05,24510,1
2e-05,24511,13
2e-05,24512,0
2e-05,24513,11
2e-05,24514,11
2e-05,24515,2
2e-05,24516,5
2e-05,24517,5
2e-05,24518,0
2e-05,24519,9
2e-05,24520,11
2e-05,24521,6
2e-05,24522,10
2e-05,24523,11
2e-05,24524,11
2e-05,24525,5
2e-05,24526,9
2e-05,24527,11
2e-05,24528,10
2e-05,24529,1
2e-05,24530,12
2e-05,24531,13
2e-05,24532,12
2e-05,24533,9
2e-05,24534,6
2e-05,24535,11
2e-05,24536,6
2e-05,24537,12
2e-05,24538,2
2e-05,24539,9
2e-05,24540,13
2e-05,24541,1
2e-05,24542,3
2e-05,24543,1
2e-05,24544,6
2e-05,24545,3
2e-05,24546,11
2e-05,24547,2
2e-05,24548,3
2e-05,24549,2
2e-05,24550,6
2e-05,24551,11
2e-05,24552,2
2e-05,24553,6
2e-05,24554,6
2e-05,24555,10
2e-05,24556,5
2e-05,24557,5
2e-05,24558,10
2e-05,24559,13
2e-05,24560,11
2e-05,24561,10
2e-05,24562,0
2e-05,24563,6
2e-05,24564,2
2e-05,24565,2
2e-05,24566,2
2e-05,24567,9
2e-05,24568,2
2e-05,24569,5
2e-05,24570,3
2e-05,24571,2
2e-05,24572,9
2e-05,24573,13
2e-05,24574,5
2e-05,24575,11
2e-05,24576,9
2e-05,24577,12
2e-05,24578,2
2e-05,24579,2
2e-05,24580,5
2e-05,24581,1
2e-05,24582,2
2e-05,24583,0
2e-05,24584,11
2e-05,24585,12
2e-05,24586,2
2e-05,24587,11
2e-05,24588,3
2e-05,24589,6
2e-05,24590,0
2e-05,24591,1
2e-05,24592,8
2e-05,24593,1
2e-05,24594,12
2e-05,24595,11
2e-05,24596,13
2e-05,24597,6
2e-05,24598,4
2e-05,24599,6
2e-05,24600,0
2e-05,24601,12
2e-05,24602,9
2e-05,24603,6
2e-05,24604,11
2e-05,24605,6
2e-05,24606,5
2e-05,24607,10
2e-05,24608,9
2e-05,24609,0
2e-05,24610,10
2e-05,24611,5
2e-05,24612,6
2e-05,24613,6
2e-05,24614,12
2e-05,24615,11
2e-05,24616,13
2e-05,24617,0
2e-05,24618,10
2e-05,24619,11
2e-05,24620,1
2e-05,24621,10
2e-05,24622,0
2e-05,24623,2
2e-05,24624,10
2e-05,24625,5
2e-05,24626,6
2e-05,24627,10
2e-05,24628,11
2e-05,24629,12
2e-05,24630,2
2e-05,24631,1
2e-05,24632,9
2e-05,24633,1
2e-05,24634,5
2e-05,24635,1
2e-05,24636,6
2e-05,24637,5
2e-05,24638,0
2e-05,24639,3
2e-05,24640,2
2e-05,24641,5
2e-05,24642,11
2e-05,24643,0
2e-05,24644,11
2e-05,24645,0
2e-05,24646,6
2e-05,24647,6
2e-05,24648,9
2e-05,24649,13
2e-05,24650,12
2e-05,24651,6
2e-05,24652,1
2e-05,24653,3
2e-05,24654,9
2e-05,24655,12
2e-05,24656,2
2e-05,24657,1
2e-05,24658,9
2e-05,24659,11
2e-05,24660,5
2e-05,24661,0
2e-05,24662,3
2e-05,24663,10
2e-05,24664,0
2e-05,24665,5
2e-05,24666,9
2e-05,24667,2
2e-05,24668,10
2e-05,24669,11
2e-05,24670,12
2e-05,24671,5
2e-05,24672,11
2e-05,24673,12
2e-05,24674,6
2e-05,24675,0
2e-05,24676,6
2e-05,24677,0
2e-05,24678,16
2e-05,24679,1
2e-05,24680,10
2e-05,24681,6
2e-05,24682,1
2e-05,24683,9
2e-05,24684,0
2e-05,24685,2
2e-05,24686,3
2e-05,24687,3
2e-05,24688,13
2e-05,24689,1
2e-05,24690,2
2e-05,24691,0
2e-05,24692,2
2e-05,24693,5
2e-05,24694,9
2e-05,24695,9
2e-05,24696,6
2e-05,24697,9
2e-05,24698,6
2e-05,24699,17
2e-05,24700,2
2e-05,24701,6
2e-05,24702,1
2e-05,24703,3
2e-05,24704,9
2e-05,24705,3
2e-05,24706,3
2e-05,24707,1
2e-05,24708,9
2e-05,24709,5
2e-05,24710,9
2e-05,24711,11
2e-05,24712,2
2e-05,24713,0
2e-05,24714,2
2e-05,24715,1
2e-05,24716,6
2e-05,24717,10
2e-05,24718,2
2e-05,24719,12
2e-05,24720,1
2e-05,24721,6
2e-05,24722,9
2e-05,24723,0
2e-05,24724,9
2e-05,24725,12
2e-05,24726,13
2e-05,24727,12
2e-05,24728,10
2e-05,24729,11
2e-05,24730,9
2e-05,24731,11
2e-05,24732,3
2e-05,24733,13
2e-05,24734,6
2e-05,24735,13
2e-05,24736,10
2e-05,24737,17
2e-05,24738,2
2e-05,24739,0
2e-05,24740,10
2e-05,24741,10
2e-05,24742,0
2e-05,24743,2
2e-05,24744,5
2e-05,24745,1
2e-05,24746,1
2e-05,24747,13
2e-05,24748,5
2e-05,24749,0
2e-05,24750,1
2e-05,24751,2
2e-05,24752,10
2e-05,24753,12
2e-05,24754,3
2e-05,24755,12
2e-05,24756,9
2e-05,24757,3
2e-05,24758,0
2e-05,24759,11
2e-05,24760,10
2e-05,24761,5
2e-05,24762,11
2e-05,24763,9
2e-05,24764,10
2e-05,24765,4
2e-05,24766,10
2e-05,24767,10
2e-05,24768,5
2e-05,24769,5
2e-05,24770,6
2e-05,24771,6
2e-05,24772,2
2e-05,24773,0
2e-05,24774,0
2e-05,24775,0
2e-05,24776,1
2e-05,24777,12
2e-05,24778,12
2e-05,24779,13
2e-05,24780,13
2e-05,24781,0
2e-05,24782,11
2e-05,24783,10
2e-05,24784,0
2e-05,24785,6
2e-05,24786,10
2e-05,24787,2
2e-05,24788,11
2e-05,24789,9
2e-05,24790,1
2e-05,24791,12
2e-05,24792,6
2e-05,24793,0
2e-05,24794,11
2e-05,24795,0
2e-05,24796,2
2e-05,24797,11
2e-05,24798,11
2e-05,24799,12
2e-05,24800,3
2e-05,24801,9
2e-05,24802,3
2e-05,24803,6
2e-05,24804,2
2e-05,24805,3
2e-05,24806,3
2e-05,24807,10
2e-05,24808,2
2e-05,24809,6
2e-05,24810,10
2e-05,24811,0
2e-05,24812,9
2e-05,24813,1
2e-05,24814,6
2e-05,24815,6
2e-05,24816,3
2e-05,24817,0
2e-05,24818,5
2e-05,24819,0
2e-05,24820,10
2e-05,24821,11
2e-05,24822,3
2e-05,24823,12
2e-05,24824,10
2e-05,24825,0
2e-05,24826,0
2e-05,24827,12
2e-05,24828,9
2e-05,24829,0
2e-05,24830,1
2e-05,24831,10
2e-05,24832,5
2e-05,24833,6
2e-05,24834,5
2e-05,24835,12
2e-05,24836,13
2e-05,24837,1
2e-05,24838,3
2e-05,24839,9
2e-05,24840,6
2e-05,24841,4
2e-05,24842,1
2e-05,24843,5
2e-05,24844,9
2e-05,24845,2
2e-05,24846,11
2e-05,24847,11
2e-05,24848,1
2e-05,24849,16
2e-05,24850,5
2e-05,24851,11
2e-05,24852,13
2e-05,24853,10
2e-05,24854,12
2e-05,24855,5
2e-05,24856,0
2e-05,24857,12
2e-05,24858,5
2e-05,24859,2
2e-05,24860,10
2e-05,24861,11
2e-05,24862,8
2e-05,24863,9
2e-05,24864,0
2e-05,24865,6
2e-05,24866,11
2e-05,24867,3
2e-05,24868,3
2e-05,24869,11
2e-05,24870,5
2e-05,24871,9
2e-05,24872,12
2e-05,24873,9
2e-05,24874,2
2e-05,24875,13
2e-05,24876,8
2e-05,24877,6
2e-05,24878,2
2e-05,24879,0
2e-05,24880,4
2e-05,24881,12
2e-05,24882,12
2e-05,24883,0
2e-05,24884,5
2e-05,24885,5
2e-05,24886,13
2e-05,24887,1
2e-05,24888,5
2e-05,24889,10
2e-05,24890,3
2e-05,24891,12
2e-05,24892,1
2e-05,24893,5
2e-05,24894,6
2e-05,24895,1
2e-05,24896,12
2e-05,24897,3
2e-05,24898,11
2e-05,24899,11
2e-05,24900,2
2e-05,24901,1
2e-05,24902,11
2e-05,24903,3
2e-05,24904,11
2e-05,24905,10
2e-05,24906,13
2e-05,24907,2
2e-05,24908,3
2e-05,24909,2
2e-05,24910,10
2e-05,24911,0
2e-05,24912,5
2e-05,24913,6
2e-05,24914,12
2e-05,24915,0
2e-05,24916,12
2e-05,24917,3
2e-05,24918,10
2e-05,24919,1
2e-05,24920,3
2e-05,24921,2
2e-05,24922,10
2e-05,24923,7
2e-05,24924,2
2e-05,24925,13
2e-05,24926,3
2e-05,24927,9
2e-05,24928,13
2e-05,24929,3
2e-05,24930,1
2e-05,24931,12
2e-05,24932,9
2e-05,24933,13
2e-05,24934,3
2e-05,24935,2
2e-05,24936,6
2e-05,24937,9
2e-05,24938,10
2e-05,24939,3
2e-05,24940,9
2e-05,24941,1
2e-05,24942,1
2e-05,24943,3
2e-05,24944,1
2e-05,24945,1
2e-05,24946,11
2e-05,24947,11
2e-05,24948,6
2e-05,24949,10
2e-05,24950,3
2e-05,24951,13
2e-05,24952,11
2e-05,24953,1
2e-05,24954,6
2e-05,24955,5
2e-05,24956,11
2e-05,24957,6
2e-05,24958,2
2e-05,24959,3
2e-05,24960,14
2e-05,24961,6
2e-05,24962,12
2e-05,24963,6
2e-05,24964,13
2e-05,24965,1
2e-05,24966,13
2e-05,24967,2
2e-05,24968,2
2e-05,24969,3
2e-05,24970,6
2e-05,24971,6
2e-05,24972,5
2e-05,24973,3
2e-05,24974,11
2e-05,24975,12
2e-05,24976,10
2e-05,24977,9
2e-05,24978,9
2e-05,24979,3
2e-05,24980,5
2e-05,24981,2
2e-05,24982,11
2e-05,24983,6
2e-05,24984,5
2e-05,24985,6
2e-05,24986,1
2e-05,24987,10
2e-05,24988,3
2e-05,24989,1
2e-05,24990,1
2e-05,24991,13
2e-05,24992,6
2e-05,24993,5
2e-05,24994,13
2e-05,24995,11
2e-05,24996,12
2e-05,24997,5
2e-05,24998,5
2e-05,24999,2
2e-05,25000,6
2e-05,25001,10
2e-05,25002,11
2e-05,25003,6
2e-05,25004,6
2e-05,25005,11
2e-05,25006,6
2e-05,25007,3
2e-05,25008,10
2e-05,25009,2
2e-05,25010,11
2e-05,25011,5
2e-05,25012,13
2e-05,25013,3
2e-05,25014,5
2e-05,25015,5
2e-05,25016,5
2e-05,25017,13
2e-05,25018,10
2e-05,25019,3
2e-05,25020,5
2e-05,25021,12
2e-05,25022,1
2e-05,25023,10
2e-05,25024,12
2e-05,25025,1
2e-05,25026,2
2e-05,25027,5
2e-05,25028,6
2e-05,25029,10
2e-05,25030,13
2e-05,25031,6
2e-05,25032,10
2e-05,25033,12
2e-05,25034,9
2e-05,25035,1
2e-05,25036,3
2e-05,25037,6
2e-05,25038,2
2e-05,25039,10
2e-05,25040,0
2e-05,25041,0
2e-05,25042,0
2e-05,25043,6
2e-05,25044,11
2e-05,25045,2
2e-05,25046,14
2e-05,25047,12
2e-05,25048,6
2e-05,25049,6
2e-05,25050,9
2e-05,25051,1
2e-05,25052,11
2e-05,25053,6
2e-05,25054,5
2e-05,25055,1
2e-05,25056,6
2e-05,25057,9
2e-05,25058,11
2e-05,25059,9
2e-05,25060,0
2e-05,25061,5
2e-05,25062,6
2e-05,25063,6
2e-05,25064,0
2e-05,25065,12
2e-05,25066,0
2e-05,25067,3
2e-05,25068,5
2e-05,25069,1
2e-05,25070,6
2e-05,25071,12
2e-05,25072,8
2e-05,25073,6
2e-05,25074,6
2e-05,25075,8
2e-05,25076,11
2e-05,25077,2
2e-05,25078,13
2e-05,25079,12
2e-05,25080,10
2e-05,25081,3
2e-05,25082,13
2e-05,25083,10
2e-05,25084,11
2e-05,25085,0
2e-05,25086,12
2e-05,25087,10
2e-05,25088,3
2e-05,25089,5
2e-05,25090,10
2e-05,25091,13
2e-05,25092,6
2e-05,25093,12
2e-05,25094,11
2e-05,25095,9
2e-05,25096,12
2e-05,25097,1
2e-05,25098,2
2e-05,25099,12
2e-05,25100,0
2e-05,25101,2
2e-05,25102,3
2e-05,25103,2
2e-05,25104,3
2e-05,25105,12
2e-05,25106,0
2e-05,25107,3
2e-05,25108,9
2e-05,25109,8
2e-05,25110,3
2e-05,25111,2
2e-05,25112,1
2e-05,25113,13
2e-05,25114,11
2e-05,25115,1
2e-05,25116,6
2e-05,25117,12
2e-05,25118,6
2e-05,25119,9
2e-05,25120,10
2e-05,25121,3
2e-05,25122,2
2e-05,25123,11
2e-05,25124,3
2e-05,25125,5
2e-05,25126,11
2e-05,25127,3
2e-05,25128,12
2e-05,25129,1
2e-05,25130,11
2e-05,25131,10
2e-05,25132,3
2e-05,25133,5
2e-05,25134,6
2e-05,25135,3
2e-05,25136,6
2e-05,25137,11
2e-05,25138,9
2e-05,25139,11
2e-05,25140,2
2e-05,25141,12
2e-05,25142,9
2e-05,25143,3
2e-05,25144,11
2e-05,25145,10
2e-05,25146,13
2e-05,25147,3
2e-05,25148,3
2e-05,25149,0
2e-05,25150,10
2e-05,25151,16
2e-05,25152,12
2e-05,25153,5
2e-05,25154,2
2e-05,25155,6
2e-05,25156,6
2e-05,25157,0
2e-05,25158,5
2e-05,25159,5
2e-05,25160,6
2e-05,25161,1
2e-05,25162,0
2e-05,25163,0
2e-05,25164,13
2e-05,25165,2
2e-05,25166,3
2e-05,25167,3
2e-05,25168,9
2e-05,25169,11
2e-05,25170,10
2e-05,25171,5
2e-05,25172,4
2e-05,25173,3
2e-05,25174,13
2e-05,25175,0
2e-05,25176,12
2e-05,25177,6
2e-05,25178,2
2e-05,25179,1
2e-05,25180,11
2e-05,25181,0
2e-05,25182,2
2e-05,25183,11
2e-05,25184,6
2e-05,25185,2
2e-05,25186,2
2e-05,25187,6
2e-05,25188,5
2e-05,25189,3
2e-05,25190,1
2e-05,25191,11
2e-05,25192,10
2e-05,25193,13
2e-05,25194,9
2e-05,25195,0
2e-05,25196,0
2e-05,25197,3
2e-05,25198,11
2e-05,25199,0
2e-05,25200,11
2e-05,25201,9
2e-05,25202,3
2e-05,25203,9
2e-05,25204,13
2e-05,25205,0
2e-05,25206,13
2e-05,25207,10
2e-05,25208,6
2e-05,25209,10
2e-05,25210,2
2e-05,25211,11
2e-05,25212,6
2e-05,25213,0
2e-05,25214,10
2e-05,25215,7
2e-05,25216,5
2e-05,25217,3
2e-05,25218,11
2e-05,25219,6
2e-05,25220,0
2e-05,25221,9
2e-05,25222,5
2e-05,25223,11
2e-05,25224,3
2e-05,25225,0
2e-05,25226,9
2e-05,25227,0
2e-05,25228,3
2e-05,25229,5
2e-05,25230,11
2e-05,25231,2
2e-05,25232,10
2e-05,25233,12
2e-05,25234,10
2e-05,25235,12
2e-05,25236,10
2e-05,25237,12
2e-05,25238,1
2e-05,25239,2
2e-05,25240,9
2e-05,25241,6
2e-05,25242,11
2e-05,25243,9
2e-05,25244,6
2e-05,25245,3
2e-05,25246,5
2e-05,25247,2
2e-05,25248,6
2e-05,25249,6
2e-05,25250,5
2e-05,25251,2
2e-05,25252,9
2e-05,25253,12
2e-05,25254,3
2e-05,25255,0
2e-05,25256,10
2e-05,25257,12
2e-05,25258,6
2e-05,25259,9
2e-05,25260,0
2e-05,25261,1
2e-05,25262,12
2e-05,25263,1
2e-05,25264,11
2e-05,25265,3
2e-05,25266,13
2e-05,25267,3
2e-05,25268,6
2e-05,25269,1
2e-05,25270,11
2e-05,25271,1
2e-05,25272,5
2e-05,25273,0
2e-05,25274,9
2e-05,25275,3
2e-05,25276,11
2e-05,25277,6
2e-05,25278,0
2e-05,25279,0
2e-05,25280,13
2e-05,25281,5
2e-05,25282,12
2e-05,25283,6
2e-05,25284,9
2e-05,25285,3
2e-05,25286,12
2e-05,25287,0
2e-05,25288,9
2e-05,25289,0
2e-05,25290,0
2e-05,25291,0
2e-05,25292,2
2e-05,25293,5
2e-05,25294,9
2e-05,25295,1
2e-05,25296,6
2e-05,25297,2
2e-05,25298,9
2e-05,25299,9
2e-05,25300,5
2e-05,25301,6
2e-05,25302,5
2e-05,25303,9
2e-05,25304,5
2e-05,25305,9
2e-05,25306,0
2e-05,25307,9
2e-05,25308,2
2e-05,25309,1
2e-05,25310,0
2e-05,25311,11
2e-05,25312,9
2e-05,25313,5
2e-05,25314,12
2e-05,25315,0
2e-05,25316,6
2e-05,25317,12
2e-05,25318,6
2e-05,25319,13
2e-05,25320,2
2e-05,25321,11
2e-05,25322,1
2e-05,25323,11
2e-05,25324,10
2e-05,25325,12
2e-05,25326,0
2e-05,25327,11
2e-05,25328,11
2e-05,25329,1
2e-05,25330,3
2e-05,25331,9
2e-05,25332,5
2e-05,25333,1
2e-05,25334,3
2e-05,25335,0
2e-05,25336,8
2e-05,25337,0
2e-05,25338,5
2e-05,25339,13
2e-05,25340,11
2e-05,25341,3
2e-05,25342,0
2e-05,25343,3
2e-05,25344,11
2e-05,25345,6
2e-05,25346,12
2e-05,25347,0
2e-05,25348,0
2e-05,25349,0
2e-05,25350,2
2e-05,25351,5
2e-05,25352,2
2e-05,25353,0
2e-05,25354,6
2e-05,25355,10
2e-05,25356,13
2e-05,25357,5
2e-05,25358,5
2e-05,25359,11
2e-05,25360,16
2e-05,25361,9
2e-05,25362,1
2e-05,25363,2
2e-05,25364,2
2e-05,25365,9
2e-05,25366,9
2e-05,25367,11
2e-05,25368,2
2e-05,25369,11
2e-05,25370,3
2e-05,25371,1
2e-05,25372,7
2e-05,25373,11
2e-05,25374,5
2e-05,25375,10
2e-05,25376,10
2e-05,25377,6
2e-05,25378,10
2e-05,25379,11
2e-05,25380,0
2e-05,25381,10
2e-05,25382,0
2e-05,25383,9
2e-05,25384,11
2e-05,25385,10
2e-05,25386,3
2e-05,25387,5
2e-05,25388,11
2e-05,25389,1
2e-05,25390,13
2e-05,25391,5
2e-05,25392,3
2e-05,25393,1
2e-05,25394,0
2e-05,25395,11
2e-05,25396,11
2e-05,25397,6
2e-05,25398,6
2e-05,25399,1
2e-05,25400,6
2e-05,25401,5
2e-05,25402,10
2e-05,25403,10
2e-05,25404,6
2e-05,25405,9
2e-05,25406,6
2e-05,25407,11
2e-05,25408,4
2e-05,25409,6
2e-05,25410,2
2e-05,25411,6
2e-05,25412,3
2e-05,25413,12
2e-05,25414,1
2e-05,25415,1
2e-05,25416,10
2e-05,25417,0
2e-05,25418,2
2e-05,25419,11
2e-05,25420,13
2e-05,25421,6
2e-05,25422,2
2e-05,25423,0
2e-05,25424,2
2e-05,25425,1
2e-05,25426,11
2e-05,25427,3
2e-05,25428,1
2e-05,25429,11
2e-05,25430,5
2e-05,25431,6
2e-05,25432,13
2e-05,25433,13
2e-05,25434,13
2e-05,25435,0
2e-05,25436,0
2e-05,25437,13
2e-05,25438,12
2e-05,25439,0
2e-05,25440,1
2e-05,25441,6
2e-05,25442,3
2e-05,25443,13
2e-05,25444,9
2e-05,25445,0
2e-05,25446,3
2e-05,25447,11
2e-05,25448,11
2e-05,25449,0
2e-05,25450,13
2e-05,25451,11
2e-05,25452,5
2e-05,25453,5
2e-05,25454,9
2e-05,25455,1
2e-05,25456,6
2e-05,25457,5
2e-05,25458,13
2e-05,25459,0
2e-05,25460,0
2e-05,25461,12
2e-05,25462,10
2e-05,25463,5
2e-05,25464,5
2e-05,25465,5
2e-05,25466,3
2e-05,25467,11
2e-05,25468,0
2e-05,25469,9
2e-05,25470,11
2e-05,25471,10
2e-05,25472,12
2e-05,25473,5
2e-05,25474,0
2e-05,25475,12
2e-05,25476,13
2e-05,25477,6
2e-05,25478,10
2e-05,25479,6
2e-05,25480,0
2e-05,25481,10
2e-05,25482,6
2e-05,25483,16
2e-05,25484,2
2e-05,25485,11
2e-05,25486,5
2e-05,25487,3
2e-05,25488,6
2e-05,25489,9
2e-05,25490,8
2e-05,25491,3
2e-05,25492,5
2e-05,25493,2
2e-05,25494,3
2e-05,25495,9
2e-05,25496,6
2e-05,25497,2
2e-05,25498,3
2e-05,25499,2
2e-05,25500,0
2e-05,25501,1
2e-05,25502,1
2e-05,25503,9
2e-05,25504,2
2e-05,25505,10
2e-05,25506,5
2e-05,25507,3
2e-05,25508,11
2e-05,25509,9
2e-05,25510,0
2e-05,25511,13
2e-05,25512,2
2e-05,25513,9
2e-05,25514,9
2e-05,25515,6
2e-05,25516,10
2e-05,25517,6
2e-05,25518,11
2e-05,25519,9
2e-05,25520,2
2e-05,25521,2
2e-05,25522,2
2e-05,25523,2
2e-05,25524,11
2e-05,25525,16
2e-05,25526,12
2e-05,25527,1
2e-05,25528,5
2e-05,25529,13
2e-05,25530,11
2e-05,25531,3
2e-05,25532,6
2e-05,25533,9
2e-05,25534,12
2e-05,25535,3
2e-05,25536,13
2e-05,25537,12
2e-05,25538,6
2e-05,25539,2
2e-05,25540,10
2e-05,25541,8
2e-05,25542,0
2e-05,25543,2
2e-05,25544,5
2e-05,25545,11
2e-05,25546,1
2e-05,25547,0
2e-05,25548,1
2e-05,25549,6
2e-05,25550,11
2e-05,25551,6
2e-05,25552,0
2e-05,25553,1
2e-05,25554,11
2e-05,25555,9
2e-05,25556,12
2e-05,25557,2
2e-05,25558,5
2e-05,25559,12
2e-05,25560,6
2e-05,25561,11
2e-05,25562,2
2e-05,25563,10
2e-05,25564,3
2e-05,25565,1
2e-05,25566,12
2e-05,25567,0
2e-05,25568,6
2e-05,25569,2
2e-05,25570,5
2e-05,25571,13
2e-05,25572,11
2e-05,25573,13
2e-05,25574,11
2e-05,25575,3
2e-05,25576,12
2e-05,25577,9
2e-05,25578,12
2e-05,25579,6
2e-05,25580,3
2e-05,25581,12
2e-05,25582,3
2e-05,25583,6
2e-05,25584,13
2e-05,25585,0
2e-05,25586,5
2e-05,25587,10
2e-05,25588,4
2e-05,25589,6
2e-05,25590,10
2e-05,25591,2
2e-05,25592,13
2e-05,25593,9
2e-05,25594,3
2e-05,25595,13
2e-05,25596,13
2e-05,25597,10
2e-05,25598,2
2e-05,25599,3
2e-05,25600,2
2e-05,25601,6
2e-05,25602,12
2e-05,25603,9
2e-05,25604,5
2e-05,25605,15
2e-05,25606,9
2e-05,25607,5
2e-05,25608,12
2e-05,25609,11
2e-05,25610,3
2e-05,25611,3
2e-05,25612,13
2e-05,25613,11
2e-05,25614,3
2e-05,25615,11
2e-05,25616,9
2e-05,25617,6
2e-05,25618,1
2e-05,25619,13
2e-05,25620,11
2e-05,25621,11
2e-05,25622,11
2e-05,25623,11
2e-05,25624,12
2e-05,25625,3
2e-05,25626,2
2e-05,25627,2
2e-05,25628,12
2e-05,25629,1
2e-05,25630,3
2e-05,25631,2
2e-05,25632,3
2e-05,25633,6
2e-05,25634,11
2e-05,25635,11
2e-05,25636,13
2e-05,25637,14
2e-05,25638,10
2e-05,25639,5
2e-05,25640,5
2e-05,25641,6
2e-05,25642,6
2e-05,25643,3
2e-05,25644,0
2e-05,25645,0
2e-05,25646,8
2e-05,25647,3
2e-05,25648,12
2e-05,25649,10
2e-05,25650,6
2e-05,25651,11
2e-05,25652,11
2e-05,25653,3
2e-05,25654,1
2e-05,25655,0
2e-05,25656,13
2e-05,25657,0
2e-05,25658,0
2e-05,25659,2
2e-05,25660,0
2e-05,25661,11
2e-05,25662,5
2e-05,25663,5
2e-05,25664,1
2e-05,25665,0
2e-05,25666,2
2e-05,25667,8
2e-05,25668,11
2e-05,25669,1
2e-05,25670,6
2e-05,25671,11
2e-05,25672,0
2e-05,25673,6
2e-05,25674,1
2e-05,25675,1
2e-05,25676,9
2e-05,25677,10
2e-05,25678,11
2e-05,25679,1
2e-05,25680,3
2e-05,25681,0
2e-05,25682,9
2e-05,25683,11
2e-05,25684,2
2e-05,25685,11
2e-05,25686,12
2e-05,25687,13
2e-05,25688,1
2e-05,25689,3
2e-05,25690,12
2e-05,25691,11
2e-05,25692,3
2e-05,25693,11
2e-05,25694,1
2e-05,25695,0
2e-05,25696,6
2e-05,25697,6
2e-05,25698,13
2e-05,25699,1
2e-05,25700,0
2e-05,25701,10
2e-05,25702,11
2e-05,25703,6
2e-05,25704,11
2e-05,25705,2
2e-05,25706,10
2e-05,25707,12
2e-05,25708,11
2e-05,25709,1
2e-05,25710,3
2e-05,25711,12
2e-05,25712,12
2e-05,25713,9
2e-05,25714,9
2e-05,25715,13
2e-05,25716,0
2e-05,25717,3
2e-05,25718,5
2e-05,25719,13
2e-05,25720,10
2e-05,25721,5
2e-05,25722,9
2e-05,25723,3
2e-05,25724,5
2e-05,25725,1
2e-05,25726,2
2e-05,25727,9
2e-05,25728,1
2e-05,25729,6
2e-05,25730,1
2e-05,25731,12
2e-05,25732,5
2e-05,25733,2
2e-05,25734,1
2e-05,25735,1
2e-05,25736,10
2e-05,25737,13
2e-05,25738,13
2e-05,25739,1
2e-05,25740,5
2e-05,25741,2
2e-05,25742,3
2e-05,25743,5
2e-05,25744,12
2e-05,25745,5
2e-05,25746,13
2e-05,25747,5
2e-05,25748,10
2e-05,25749,11
2e-05,25750,0
2e-05,25751,2
2e-05,25752,5
2e-05,25753,9
2e-05,25754,2
2e-05,25755,5
2e-05,25756,11
2e-05,25757,13
2e-05,25758,3
2e-05,25759,2
2e-05,25760,2
2e-05,25761,1
2e-05,25762,10
2e-05,25763,12
2e-05,25764,5
2e-05,25765,2
2e-05,25766,12
2e-05,25767,5
2e-05,25768,1
2e-05,25769,3
2e-05,25770,3
2e-05,25771,1
2e-05,25772,2
2e-05,25773,9
2e-05,25774,6
2e-05,25775,3
2e-05,25776,9
2e-05,25777,11
2e-05,25778,1
2e-05,25779,6
2e-05,25780,2
2e-05,25781,0
2e-05,25782,10
2e-05,25783,9
2e-05,25784,1
2e-05,25785,0
2e-05,25786,11
2e-05,25787,0
2e-05,25788,5
2e-05,25789,0
2e-05,25790,3
2e-05,25791,11
2e-05,25792,13
2e-05,25793,11
2e-05,25794,10
2e-05,25795,1
2e-05,25796,10
2e-05,25797,5
2e-05,25798,1
2e-05,25799,12
2e-05,25800,1
2e-05,25801,2
2e-05,25802,9
2e-05,25803,13
2e-05,25804,11
2e-05,25805,11
2e-05,25806,0
2e-05,25807,0
2e-05,25808,0
2e-05,25809,6
2e-05,25810,1
2e-05,25811,12
2e-05,25812,9
2e-05,25813,10
2e-05,25814,2
2e-05,25815,6
2e-05,25816,0
2e-05,25817,0
2e-05,25818,0
2e-05,25819,9
2e-05,25820,11
2e-05,25821,3
2e-05,25822,13
2e-05,25823,2
2e-05,25824,12
2e-05,25825,6
2e-05,25826,1
2e-05,25827,8
2e-05,25828,0
2e-05,25829,10
2e-05,25830,1
2e-05,25831,13
2e-05,25832,1
2e-05,25833,12
2e-05,25834,9
2e-05,25835,9
2e-05,25836,12
2e-05,25837,11
2e-05,25838,12
2e-05,25839,6
2e-05,25840,9
2e-05,25841,8
2e-05,25842,11
2e-05,25843,16
2e-05,25844,9
2e-05,25845,1
2e-05,25846,6
2e-05,25847,2
2e-05,25848,9
2e-05,25849,1
2e-05,25850,14
2e-05,25851,11
2e-05,25852,12
2e-05,25853,1
2e-05,25854,10
2e-05,25855,13
2e-05,25856,0
2e-05,25857,3
2e-05,25858,5
2e-05,25859,12
2e-05,25860,6
2e-05,25861,6
2e-05,25862,5
2e-05,25863,9
2e-05,25864,3
2e-05,25865,11
2e-05,25866,1
2e-05,25867,0
2e-05,25868,9
2e-05,25869,0
2e-05,25870,0
2e-05,25871,10
2e-05,25872,3
2e-05,25873,11
2e-05,25874,1
2e-05,25875,11
2e-05,25876,1
2e-05,25877,8
2e-05,25878,12
2e-05,25879,2
2e-05,25880,2
2e-05,25881,13
2e-05,25882,10
2e-05,25883,5
2e-05,25884,11
2e-05,25885,2
2e-05,25886,0
2e-05,25887,12
2e-05,25888,9
2e-05,25889,6
2e-05,25890,3
2e-05,25891,16
2e-05,25892,9
2e-05,25893,11
2e-05,25894,11
2e-05,25895,1
2e-05,25896,11
2e-05,25897,5
2e-05,25898,11
2e-05,25899,11
2e-05,25900,11
2e-05,25901,10
2e-05,25902,12
2e-05,25903,9
2e-05,25904,5
2e-05,25905,13
2e-05,25906,10
2e-05,25907,0
2e-05,25908,3
2e-05,25909,9
2e-05,25910,6
2e-05,25911,0
2e-05,25912,6
2e-05,25913,5
2e-05,25914,2
2e-05,25915,12
2e-05,25916,11
2e-05,25917,6
2e-05,25918,5
2e-05,25919,13
2e-05,25920,12
2e-05,25921,9
2e-05,25922,10
2e-05,25923,9
2e-05,25924,1
2e-05,25925,13
2e-05,25926,6
2e-05,25927,5
2e-05,25928,2
2e-05,25929,3
2e-05,25930,5
2e-05,25931,3
2e-05,25932,0
2e-05,25933,5
2e-05,25934,2
2e-05,25935,11
2e-05,25936,9
2e-05,25937,13
2e-05,25938,0
2e-05,25939,3
2e-05,25940,13
2e-05,25941,0
2e-05,25942,9
2e-05,25943,3
2e-05,25944,5
2e-05,25945,10
2e-05,25946,9
2e-05,25947,10
2e-05,25948,3
2e-05,25949,0
2e-05,25950,12
2e-05,25951,11
2e-05,25952,3
2e-05,25953,2
2e-05,25954,12
2e-05,25955,6
2e-05,25956,9
2e-05,25957,5
2e-05,25958,2
2e-05,25959,10
2e-05,25960,9
2e-05,25961,5
2e-05,25962,11
2e-05,25963,17
2e-05,25964,6
2e-05,25965,1
2e-05,25966,11
2e-05,25967,11
2e-05,25968,5
2e-05,25969,5
2e-05,25970,0
2e-05,25971,0
2e-05,25972,3
2e-05,25973,16
2e-05,25974,0
2e-05,25975,5
2e-05,25976,11
2e-05,25977,5
2e-05,25978,13
2e-05,25979,6
2e-05,25980,0
2e-05,25981,3
2e-05,25982,11
2e-05,25983,10
2e-05,25984,6
2e-05,25985,9
2e-05,25986,4
2e-05,25987,10
2e-05,25988,11
2e-05,25989,1
2e-05,25990,10
2e-05,25991,2
2e-05,25992,13
2e-05,25993,2
2e-05,25994,11
2e-05,25995,2
2e-05,25996,10
2e-05,25997,5
2e-05,25998,2
2e-05,25999,0
2e-05,26000,5
2e-05,26001,1
2e-05,26002,3
2e-05,26003,0
2e-05,26004,11
2e-05,26005,6
2e-05,26006,9
2e-05,26007,9
2e-05,26008,8
2e-05,26009,6
2e-05,26010,6
2e-05,26011,0
2e-05,26012,11
2e-05,26013,6
2e-05,26014,3
2e-05,26015,1
2e-05,26016,13
2e-05,26017,1
2e-05,26018,0
2e-05,26019,2
2e-05,26020,0
2e-05,26021,10
2e-05,26022,13
2e-05,26023,0
2e-05,26024,3
2e-05,26025,11
2e-05,26026,6
2e-05,26027,12
2e-05,26028,10
2e-05,26029,11
2e-05,26030,10
2e-05,26031,0
2e-05,26032,3
2e-05,26033,5
2e-05,26034,12
2e-05,26035,0
2e-05,26036,9
2e-05,26037,13
2e-05,26038,0
2e-05,26039,11
2e-05,26040,12
2e-05,26041,10
2e-05,26042,1
2e-05,26043,12
2e-05,26044,9
2e-05,26045,11
2e-05,26046,2
2e-05,26047,3
2e-05,26048,6
2e-05,26049,5
2e-05,26050,13
2e-05,26051,0
2e-05,26052,11
2e-05,26053,1
2e-05,26054,11
2e-05,26055,2
2e-05,26056,5
2e-05,26057,2
2e-05,26058,3
2e-05,26059,6
2e-05,26060,12
2e-05,26061,6
2e-05,26062,3
2e-05,26063,12
2e-05,26064,1
2e-05,26065,5
2e-05,26066,12
2e-05,26067,5
2e-05,26068,1
2e-05,26069,9
2e-05,26070,12
2e-05,26071,0
2e-05,26072,10
2e-05,26073,2
2e-05,26074,13
2e-05,26075,2
2e-05,26076,1
2e-05,26077,4
2e-05,26078,3
2e-05,26079,6
2e-05,26080,12
2e-05,26081,6
2e-05,26082,12
2e-05,26083,13
2e-05,26084,10
2e-05,26085,11
2e-05,26086,5
2e-05,26087,1
2e-05,26088,12
2e-05,26089,0
2e-05,26090,11
2e-05,26091,2
2e-05,26092,10
2e-05,26093,0
2e-05,26094,1
2e-05,26095,5
2e-05,26096,2
2e-05,26097,6
2e-05,26098,2
2e-05,26099,10
2e-05,26100,1
2e-05,26101,12
2e-05,26102,12
2e-05,26103,5
2e-05,26104,1
2e-05,26105,6
2e-05,26106,2
2e-05,26107,5
2e-05,26108,6
2e-05,26109,10
2e-05,26110,5
2e-05,26111,12
2e-05,26112,12
2e-05,26113,5
2e-05,26114,2
2e-05,26115,3
2e-05,26116,11
2e-05,26117,9
2e-05,26118,1
2e-05,26119,9
2e-05,26120,2
2e-05,26121,9
2e-05,26122,6
2e-05,26123,1
2e-05,26124,16
2e-05,26125,10
2e-05,26126,5
2e-05,26127,12
2e-05,26128,12
2e-05,26129,5
2e-05,26130,16
2e-05,26131,3
2e-05,26132,1
2e-05,26133,9
2e-05,26134,11
2e-05,26135,13
2e-05,26136,1
2e-05,26137,13
2e-05,26138,11
2e-05,26139,10
2e-05,26140,3
2e-05,26141,3
2e-05,26142,12
2e-05,26143,9
2e-05,26144,9
2e-05,26145,1
2e-05,26146,6
2e-05,26147,10
2e-05,26148,5
2e-05,26149,2
2e-05,26150,11
2e-05,26151,10
2e-05,26152,12
2e-05,26153,11
2e-05,26154,5
2e-05,26155,11
2e-05,26156,12
2e-05,26157,10
2e-05,26158,2
2e-05,26159,11
2e-05,26160,3
2e-05,26161,3
2e-05,26162,0
2e-05,26163,10
2e-05,26164,11
2e-05,26165,10
2e-05,26166,1
2e-05,26167,12
2e-05,26168,5
2e-05,26169,5
2e-05,26170,3
2e-05,26171,1
2e-05,26172,5
2e-05,26173,9
2e-05,26174,5
2e-05,26175,9
2e-05,26176,2
2e-05,26177,0
2e-05,26178,2
2e-05,26179,13
2e-05,26180,3
2e-05,26181,10
2e-05,26182,5
2e-05,26183,2
2e-05,26184,11
2e-05,26185,12
2e-05,26186,5
2e-05,26187,1
2e-05,26188,13
2e-05,26189,0
2e-05,26190,10
2e-05,26191,1
2e-05,26192,1
2e-05,26193,13
2e-05,26194,6
2e-05,26195,10
2e-05,26196,10
2e-05,26197,10
2e-05,26198,3
2e-05,26199,10
2e-05,26200,12
2e-05,26201,3
2e-05,26202,1
2e-05,26203,11
2e-05,26204,3
2e-05,26205,11
2e-05,26206,10
2e-05,26207,1
2e-05,26208,11
2e-05,26209,5
2e-05,26210,1
2e-05,26211,13
2e-05,26212,11
2e-05,26213,6
2e-05,26214,9
2e-05,26215,11
2e-05,26216,2
2e-05,26217,5
2e-05,26218,2
2e-05,26219,1
2e-05,26220,3
2e-05,26221,13
2e-05,26222,5
2e-05,26223,13
2e-05,26224,10
2e-05,26225,9
2e-05,26226,11
2e-05,26227,1
2e-05,26228,5
2e-05,26229,10
2e-05,26230,6
2e-05,26231,6
2e-05,26232,0
2e-05,26233,1
2e-05,26234,8
2e-05,26235,0
2e-05,26236,6
2e-05,26237,11
2e-05,26238,0
2e-05,26239,11
2e-05,26240,6
2e-05,26241,9
2e-05,26242,13
2e-05,26243,10
2e-05,26244,13
2e-05,26245,10
2e-05,26246,2
2e-05,26247,11
2e-05,26248,9
2e-05,26249,0
2e-05,26250,11
2e-05,26251,13
2e-05,26252,17
2e-05,26253,5
2e-05,26254,6
2e-05,26255,0
2e-05,26256,6
2e-05,26257,10
2e-05,26258,16
2e-05,26259,3
2e-05,26260,3
2e-05,26261,8
2e-05,26262,11
2e-05,26263,10
2e-05,26264,10
2e-05,26265,5
2e-05,26266,9
2e-05,26267,9
2e-05,26268,11
2e-05,26269,2
2e-05,26270,5
2e-05,26271,0
2e-05,26272,9
2e-05,26273,5
2e-05,26274,12
2e-05,26275,5
2e-05,26276,3
2e-05,26277,0
2e-05,26278,1
2e-05,26279,9
2e-05,26280,11
2e-05,26281,12
2e-05,26282,2
2e-05,26283,2
2e-05,26284,0
2e-05,26285,1
2e-05,26286,13
2e-05,26287,3
2e-05,26288,3
2e-05,26289,11
2e-05,26290,2
2e-05,26291,11
2e-05,26292,9
2e-05,26293,0
2e-05,26294,11
2e-05,26295,11
2e-05,26296,1
2e-05,26297,5
2e-05,26298,5
2e-05,26299,11
2e-05,26300,11
2e-05,26301,16
2e-05,26302,9
2e-05,26303,1
2e-05,26304,11
2e-05,26305,6
2e-05,26306,11
2e-05,26307,9
2e-05,26308,1
2e-05,26309,6
2e-05,26310,11
2e-05,26311,12
2e-05,26312,11
2e-05,26313,12
2e-05,26314,2
2e-05,26315,5
2e-05,26316,11
2e-05,26317,6
2e-05,26318,2
2e-05,26319,3
2e-05,26320,2
2e-05,26321,11
2e-05,26322,12
2e-05,26323,1
2e-05,26324,10
2e-05,26325,2
2e-05,26326,6
2e-05,26327,12
2e-05,26328,12
2e-05,26329,3
2e-05,26330,0
2e-05,26331,12
2e-05,26332,5
2e-05,26333,0
2e-05,26334,11
2e-05,26335,9
2e-05,26336,2
2e-05,26337,11
2e-05,26338,6
2e-05,26339,0
2e-05,26340,9
2e-05,26341,9
2e-05,26342,0
2e-05,26343,6
2e-05,26344,13
2e-05,26345,9
2e-05,26346,10
2e-05,26347,9
2e-05,26348,0
2e-05,26349,1
2e-05,26350,6
2e-05,26351,2
2e-05,26352,3
2e-05,26353,0
2e-05,26354,11
2e-05,26355,13
2e-05,26356,3
2e-05,26357,9
2e-05,26358,12
2e-05,26359,0
2e-05,26360,10
2e-05,26361,5
2e-05,26362,5
2e-05,26363,2
2e-05,26364,1
2e-05,26365,9
2e-05,26366,2
2e-05,26367,2
2e-05,26368,1
2e-05,26369,0
2e-05,26370,5
2e-05,26371,13
2e-05,26372,11
2e-05,26373,0
2e-05,26374,0
2e-05,26375,5
2e-05,26376,12
2e-05,26377,13
2e-05,26378,3
2e-05,26379,11
2e-05,26380,0
2e-05,26381,5
2e-05,26382,13
2e-05,26383,2
2e-05,26384,11
2e-05,26385,11
2e-05,26386,5
2e-05,26387,11
2e-05,26388,1
2e-05,26389,2
2e-05,26390,1
2e-05,26391,13
2e-05,26392,5
2e-05,26393,3
2e-05,26394,0
2e-05,26395,3
2e-05,26396,3
2e-05,26397,12
2e-05,26398,12
2e-05,26399,13
2e-05,26400,1
2e-05,26401,5
2e-05,26402,11
2e-05,26403,3
2e-05,26404,1
2e-05,26405,3
2e-05,26406,13
2e-05,26407,5
2e-05,26408,10
2e-05,26409,11
2e-05,26410,11
2e-05,26411,0
2e-05,26412,8
2e-05,26413,11
2e-05,26414,2
2e-05,26415,12
2e-05,26416,12
2e-05,26417,11
2e-05,26418,9
2e-05,26419,11
2e-05,26420,5
2e-05,26421,16
2e-05,26422,1
2e-05,26423,11
2e-05,26424,2
2e-05,26425,10
2e-05,26426,12
2e-05,26427,3
2e-05,26428,9
2e-05,26429,2
2e-05,26430,6
2e-05,26431,11
2e-05,26432,3
2e-05,26433,5
2e-05,26434,10
2e-05,26435,1
2e-05,26436,9
2e-05,26437,6
2e-05,26438,12
2e-05,26439,9
2e-05,26440,1
2e-05,26441,0
2e-05,26442,16
2e-05,26443,1
2e-05,26444,15
2e-05,26445,12
2e-05,26446,0
2e-05,26447,6
2e-05,26448,0
2e-05,26449,2
2e-05,26450,3
2e-05,26451,0
2e-05,26452,3
2e-05,26453,12
2e-05,26454,6
2e-05,26455,1
2e-05,26456,6
2e-05,26457,9
2e-05,26458,4
2e-05,26459,3
2e-05,26460,10
2e-05,26461,1
2e-05,26462,2
2e-05,26463,1
2e-05,26464,2
2e-05,26465,0
2e-05,26466,11
2e-05,26467,2
2e-05,26468,6
2e-05,26469,2
2e-05,26470,17
2e-05,26471,6
2e-05,26472,12
2e-05,26473,12
2e-05,26474,1
2e-05,26475,0
2e-05,26476,5
2e-05,26477,6
2e-05,26478,9
2e-05,26479,11
2e-05,26480,13
2e-05,26481,11
2e-05,26482,10
2e-05,26483,12
2e-05,26484,0
2e-05,26485,11
2e-05,26486,4
2e-05,26487,9
2e-05,26488,5
2e-05,26489,10
2e-05,26490,13
2e-05,26491,6
2e-05,26492,6
2e-05,26493,11
2e-05,26494,13
2e-05,26495,5
2e-05,26496,11
2e-05,26497,13
2e-05,26498,11
2e-05,26499,12
2e-05,26500,8
2e-05,26501,9
2e-05,26502,0
2e-05,26503,6
2e-05,26504,0
2e-05,26505,10
2e-05,26506,0
2e-05,26507,10
2e-05,26508,12
2e-05,26509,1
2e-05,26510,9
2e-05,26511,13
2e-05,26512,12
2e-05,26513,10
2e-05,26514,9
2e-05,26515,10
2e-05,26516,0
2e-05,26517,10
2e-05,26518,11
2e-05,26519,3
2e-05,26520,6
2e-05,26521,0
2e-05,26522,10
2e-05,26523,12
2e-05,26524,12
2e-05,26525,5
2e-05,26526,6
2e-05,26527,11
2e-05,26528,5
2e-05,26529,2
2e-05,26530,5
2e-05,26531,5
2e-05,26532,3
2e-05,26533,3
2e-05,26534,13
2e-05,26535,12
2e-05,26536,0
2e-05,26537,9
2e-05,26538,10
2e-05,26539,10
2e-05,26540,9
2e-05,26541,6
2e-05,26542,6
2e-05,26543,5
2e-05,26544,17
2e-05,26545,0
2e-05,26546,9
2e-05,26547,10
2e-05,26548,0
2e-05,26549,0
2e-05,26550,6
2e-05,26551,5
2e-05,26552,6
2e-05,26553,9
2e-05,26554,13
2e-05,26555,11
2e-05,26556,5
2e-05,26557,3
2e-05,26558,11
2e-05,26559,12
2e-05,26560,13
2e-05,26561,2
2e-05,26562,11
2e-05,26563,3
2e-05,26564,3
2e-05,26565,0
2e-05,26566,9
2e-05,26567,1
2e-05,26568,1
2e-05,26569,0
2e-05,26570,10
2e-05,26571,5
2e-05,26572,13
2e-05,26573,13
2e-05,26574,1
2e-05,26575,0
2e-05,26576,3
2e-05,26577,12
2e-05,26578,9
2e-05,26579,12
2e-05,26580,1
2e-05,26581,5
2e-05,26582,9
2e-05,26583,1
2e-05,26584,1
2e-05,26585,5
2e-05,26586,9
2e-05,26587,11
2e-05,26588,9
2e-05,26589,11
2e-05,26590,6
2e-05,26591,12
2e-05,26592,11
2e-05,26593,10
2e-05,26594,6
2e-05,26595,11
2e-05,26596,14
2e-05,26597,5
2e-05,26598,5
2e-05,26599,10
2e-05,26600,10
2e-05,26601,1
2e-05,26602,12
2e-05,26603,5
2e-05,26604,5
2e-05,26605,5
2e-05,26606,5
2e-05,26607,3
2e-05,26608,9
2e-05,26609,16
2e-05,26610,13
2e-05,26611,5
2e-05,26612,6
2e-05,26613,1
2e-05,26614,6
2e-05,26615,13
2e-05,26616,0
2e-05,26617,2
2e-05,26618,5
2e-05,26619,5
2e-05,26620,2
2e-05,26621,9
2e-05,26622,5
2e-05,26623,10
2e-05,26624,6
2e-05,26625,5
2e-05,26626,3
2e-05,26627,3
2e-05,26628,10
2e-05,26629,12
2e-05,26630,3
2e-05,26631,0
2e-05,26632,0
2e-05,26633,13
2e-05,26634,12
2e-05,26635,6
2e-05,26636,1
2e-05,26637,12
2e-05,26638,1
2e-05,26639,1
2e-05,26640,11
2e-05,26641,5
2e-05,26642,3
2e-05,26643,8
2e-05,26644,2
2e-05,26645,11
2e-05,26646,10
2e-05,26647,4
2e-05,26648,5
2e-05,26649,2
2e-05,26650,11
2e-05,26651,0
2e-05,26652,11
2e-05,26653,12
2e-05,26654,6
2e-05,26655,3
2e-05,26656,10
2e-05,26657,10
2e-05,26658,12
2e-05,26659,6
2e-05,26660,13
2e-05,26661,10
2e-05,26662,11
2e-05,26663,8
2e-05,26664,10
2e-05,26665,9
2e-05,26666,12
2e-05,26667,13
2e-05,26668,11
2e-05,26669,9
2e-05,26670,10
2e-05,26671,6
2e-05,26672,5
2e-05,26673,10
2e-05,26674,5
2e-05,26675,13
2e-05,26676,10
2e-05,26677,10
2e-05,26678,5
2e-05,26679,3
2e-05,26680,5
2e-05,26681,9
2e-05,26682,0
2e-05,26683,1
2e-05,26684,5
2e-05,26685,13
2e-05,26686,2
2e-05,26687,10
2e-05,26688,0
2e-05,26689,16
2e-05,26690,13
2e-05,26691,6
2e-05,26692,6
2e-05,26693,10
2e-05,26694,0
2e-05,26695,2
2e-05,26696,1
2e-05,26697,11
2e-05,26698,2
2e-05,26699,2
2e-05,26700,12
2e-05,26701,3
2e-05,26702,12
2e-05,26703,11
2e-05,26704,2
2e-05,26705,11
2e-05,26706,3
2e-05,26707,5
2e-05,26708,0
2e-05,26709,1
2e-05,26710,0
2e-05,26711,12
2e-05,26712,6
2e-05,26713,0
2e-05,26714,5
2e-05,26715,6
2e-05,26716,5
2e-05,26717,5
2e-05,26718,12
2e-05,26719,10
2e-05,26720,5
2e-05,26721,3
2e-05,26722,12
2e-05,26723,6
2e-05,26724,0
2e-05,26725,5
2e-05,26726,10
2e-05,26727,2
2e-05,26728,13
2e-05,26729,11
2e-05,26730,6
2e-05,26731,2
2e-05,26732,1
2e-05,26733,3
2e-05,26734,11
2e-05,26735,1
2e-05,26736,2
2e-05,26737,9
2e-05,26738,10
2e-05,26739,6
2e-05,26740,3
2e-05,26741,12
2e-05,26742,11
2e-05,26743,5
2e-05,26744,10
2e-05,26745,1
2e-05,26746,5
2e-05,26747,11
2e-05,26748,5
2e-05,26749,13
2e-05,26750,9
2e-05,26751,6
2e-05,26752,5
2e-05,26753,9
2e-05,26754,2
2e-05,26755,6
2e-05,26756,3
2e-05,26757,6
2e-05,26758,12
2e-05,26759,0
2e-05,26760,1
2e-05,26761,10
2e-05,26762,6
2e-05,26763,4
2e-05,26764,13
2e-05,26765,6
2e-05,26766,1
2e-05,26767,2
2e-05,26768,2
2e-05,26769,10
2e-05,26770,9
2e-05,26771,16
2e-05,26772,0
2e-05,26773,10
2e-05,26774,5
2e-05,26775,0
2e-05,26776,11
2e-05,26777,1
2e-05,26778,6
2e-05,26779,9
2e-05,26780,6
2e-05,26781,5
2e-05,26782,9
2e-05,26783,6
2e-05,26784,10
2e-05,26785,11
2e-05,26786,5
2e-05,26787,1
2e-05,26788,5
2e-05,26789,0
2e-05,26790,10
2e-05,26791,11
2e-05,26792,0
2e-05,26793,6
2e-05,26794,0
2e-05,26795,2
2e-05,26796,3
2e-05,26797,8
2e-05,26798,11
2e-05,26799,10
2e-05,26800,0
2e-05,26801,1
2e-05,26802,2
2e-05,26803,11
2e-05,26804,5
2e-05,26805,12
2e-05,26806,1
2e-05,26807,9
2e-05,26808,5
2e-05,26809,6
2e-05,26810,5
2e-05,26811,9
2e-05,26812,6
2e-05,26813,1
2e-05,26814,2
2e-05,26815,9
2e-05,26816,5
2e-05,26817,7
2e-05,26818,2
2e-05,26819,5
2e-05,26820,6
2e-05,26821,11
2e-05,26822,11
2e-05,26823,10
2e-05,26824,0
2e-05,26825,1
2e-05,26826,9
2e-05,26827,6
2e-05,26828,0
2e-05,26829,11
2e-05,26830,12
2e-05,26831,1
2e-05,26832,6
2e-05,26833,12
2e-05,26834,12
2e-05,26835,3
2e-05,26836,13
2e-05,26837,2
2e-05,26838,5
2e-05,26839,8
2e-05,26840,6
2e-05,26841,9
2e-05,26842,9
2e-05,26843,12
2e-05,26844,5
2e-05,26845,11
2e-05,26846,5
2e-05,26847,3
2e-05,26848,9
2e-05,26849,3
2e-05,26850,3
2e-05,26851,3
2e-05,26852,10
2e-05,26853,3
2e-05,26854,1
2e-05,26855,8
2e-05,26856,12
2e-05,26857,1
2e-05,26858,11
2e-05,26859,5
2e-05,26860,16
2e-05,26861,2
2e-05,26862,6
2e-05,26863,1
2e-05,26864,5
2e-05,26865,13
2e-05,26866,12
2e-05,26867,12
2e-05,26868,6
2e-05,26869,11
2e-05,26870,9
2e-05,26871,2
2e-05,26872,2
2e-05,26873,13
2e-05,26874,1
2e-05,26875,2
2e-05,26876,0
2e-05,26877,1
2e-05,26878,12
2e-05,26879,2
2e-05,26880,6
2e-05,26881,1
2e-05,26882,3
2e-05,26883,10
2e-05,26884,5
2e-05,26885,9
2e-05,26886,0
2e-05,26887,3
2e-05,26888,6
2e-05,26889,5
2e-05,26890,11
2e-05,26891,6
2e-05,26892,2
2e-05,26893,11
2e-05,26894,6
2e-05,26895,12
2e-05,26896,2
2e-05,26897,6
2e-05,26898,2
2e-05,26899,10
2e-05,26900,5
2e-05,26901,13
2e-05,26902,13
2e-05,26903,10
2e-05,26904,0
2e-05,26905,6
2e-05,26906,10
2e-05,26907,10
2e-05,26908,1
2e-05,26909,13
2e-05,26910,8
2e-05,26911,10
2e-05,26912,6
2e-05,26913,13
2e-05,26914,3
2e-05,26915,13
2e-05,26916,2
2e-05,26917,1
2e-05,26918,3
2e-05,26919,11
2e-05,26920,5
2e-05,26921,10
2e-05,26922,11
2e-05,26923,0
2e-05,26924,9
2e-05,26925,1
2e-05,26926,3
2e-05,26927,3
2e-05,26928,10
2e-05,26929,1
2e-05,26930,6
2e-05,26931,12
2e-05,26932,2
2e-05,26933,1
2e-05,26934,9
2e-05,26935,9
2e-05,26936,13
2e-05,26937,5
2e-05,26938,10
2e-05,26939,13
2e-05,26940,11
2e-05,26941,10
2e-05,26942,11
2e-05,26943,0
2e-05,26944,5
2e-05,26945,0
2e-05,26946,6
2e-05,26947,5
2e-05,26948,10
2e-05,26949,0
2e-05,26950,0
2e-05,26951,0
2e-05,26952,1
2e-05,26953,6
2e-05,26954,2
2e-05,26955,13
2e-05,26956,11
2e-05,26957,10
2e-05,26958,12
2e-05,26959,12
2e-05,26960,2
2e-05,26961,12
2e-05,26962,1
2e-05,26963,5
2e-05,26964,11
2e-05,26965,6
2e-05,26966,16
2e-05,26967,10
2e-05,26968,11
2e-05,26969,6
2e-05,26970,6
2e-05,26971,5
2e-05,26972,6
2e-05,26973,3
2e-05,26974,5
2e-05,26975,12
2e-05,26976,12
2e-05,26977,11
2e-05,26978,3
2e-05,26979,12
2e-05,26980,11
2e-05,26981,3
2e-05,26982,6
2e-05,26983,13
2e-05,26984,1
2e-05,26985,10
2e-05,26986,10
2e-05,26987,10
2e-05,26988,9
2e-05,26989,10
2e-05,26990,13
2e-05,26991,12
2e-05,26992,12
2e-05,26993,9
2e-05,26994,3
2e-05,26995,9
2e-05,26996,0
2e-05,26997,11
2e-05,26998,11
2e-05,26999,3
2e-05,27000,6
2e-05,27001,1
2e-05,27002,5
2e-05,27003,1
2e-05,27004,5
2e-05,27005,0
2e-05,27006,2
2e-05,27007,5
2e-05,27008,9
2e-05,27009,13
2e-05,27010,12
2e-05,27011,6
2e-05,27012,6
2e-05,27013,11
2e-05,27014,12
2e-05,27015,9
2e-05,27016,10
2e-05,27017,5
2e-05,27018,12
2e-05,27019,0
2e-05,27020,11
2e-05,27021,2
2e-05,27022,4
2e-05,27023,0
2e-05,27024,2
2e-05,27025,12
2e-05,27026,6
2e-05,27027,12
2e-05,27028,11
2e-05,27029,10
2e-05,27030,13
2e-05,27031,2
2e-05,27032,6
2e-05,27033,3
2e-05,27034,2
2e-05,27035,1
2e-05,27036,5
2e-05,27037,12
2e-05,27038,9
2e-05,27039,2
2e-05,27040,9
2e-05,27041,2
2e-05,27042,6
2e-05,27043,9
2e-05,27044,6
2e-05,27045,3
2e-05,27046,6
2e-05,27047,11
2e-05,27048,11
2e-05,27049,13
2e-05,27050,12
2e-05,27051,6
2e-05,27052,6
2e-05,27053,9
2e-05,27054,10
2e-05,27055,11
2e-05,27056,6
2e-05,27057,6
2e-05,27058,10
2e-05,27059,9
2e-05,27060,5
2e-05,27061,11
2e-05,27062,15
2e-05,27063,12
2e-05,27064,0
2e-05,27065,10
2e-05,27066,5
2e-05,27067,6
2e-05,27068,5
2e-05,27069,3
2e-05,27070,3
2e-05,27071,6
2e-05,27072,1
2e-05,27073,3
2e-05,27074,12
2e-05,27075,5
2e-05,27076,9
2e-05,27077,9
2e-05,27078,1
2e-05,27079,6
2e-05,27080,9
2e-05,27081,0
2e-05,27082,12
2e-05,27083,1
2e-05,27084,2
2e-05,27085,3
2e-05,27086,0
2e-05,27087,3
2e-05,27088,13
2e-05,27089,9
2e-05,27090,13
2e-05,27091,13
2e-05,27092,2
2e-05,27093,10
2e-05,27094,12
2e-05,27095,13
2e-05,27096,3
2e-05,27097,11
2e-05,27098,13
2e-05,27099,5
2e-05,27100,4
2e-05,27101,10
2e-05,27102,9
2e-05,27103,13
2e-05,27104,5
2e-05,27105,12
2e-05,27106,3
2e-05,27107,9
2e-05,27108,0
2e-05,27109,2
2e-05,27110,11
2e-05,27111,13
2e-05,27112,3
2e-05,27113,3
2e-05,27114,13
2e-05,27115,9
2e-05,27116,5
2e-05,27117,11
2e-05,27118,5
2e-05,27119,3
2e-05,27120,11
2e-05,27121,6
2e-05,27122,5
2e-05,27123,0
2e-05,27124,9
2e-05,27125,9
2e-05,27126,2
2e-05,27127,13
2e-05,27128,3
2e-05,27129,9
2e-05,27130,3
2e-05,27131,11
2e-05,27132,9
2e-05,27133,2
2e-05,27134,3
2e-05,27135,6
2e-05,27136,9
2e-05,27137,11
2e-05,27138,6
2e-05,27139,12
2e-05,27140,11
2e-05,27141,3
2e-05,27142,13
2e-05,27143,13
2e-05,27144,3
2e-05,27145,6
2e-05,27146,6
2e-05,27147,1
2e-05,27148,6
2e-05,27149,5
2e-05,27150,13
2e-05,27151,9
2e-05,27152,10
2e-05,27153,13
2e-05,27154,5
2e-05,27155,12
2e-05,27156,6
2e-05,27157,8
2e-05,27158,13
2e-05,27159,5
2e-05,27160,12
2e-05,27161,0
2e-05,27162,1
2e-05,27163,3
2e-05,27164,6
2e-05,27165,5
2e-05,27166,5
2e-05,27167,1
2e-05,27168,9
2e-05,27169,0
2e-05,27170,5
2e-05,27171,11
2e-05,27172,2
2e-05,27173,10
2e-05,27174,12
2e-05,27175,1
2e-05,27176,1
2e-05,27177,12
2e-05,27178,9
2e-05,27179,0
2e-05,27180,9
2e-05,27181,5
2e-05,27182,5
2e-05,27183,1
2e-05,27184,5
2e-05,27185,16
2e-05,27186,2
2e-05,27187,6
2e-05,27188,0
2e-05,27189,10
2e-05,27190,12
2e-05,27191,4
2e-05,27192,2
2e-05,27193,11
2e-05,27194,5
2e-05,27195,3
2e-05,27196,10
2e-05,27197,0
2e-05,27198,0
2e-05,27199,11
2e-05,27200,3
2e-05,27201,11
2e-05,27202,12
2e-05,27203,8
2e-05,27204,12
2e-05,27205,2
2e-05,27206,11
2e-05,27207,1
2e-05,27208,1
2e-05,27209,1
2e-05,27210,12
2e-05,27211,3
2e-05,27212,12
2e-05,27213,1
2e-05,27214,9
2e-05,27215,9
2e-05,27216,0
2e-05,27217,6
2e-05,27218,0
2e-05,27219,3
2e-05,27220,10
2e-05,27221,11
2e-05,27222,3
2e-05,27223,11
2e-05,27224,16
2e-05,27225,0
2e-05,27226,0
2e-05,27227,1
2e-05,27228,11
2e-05,27229,1
2e-05,27230,9
2e-05,27231,9
2e-05,27232,0
2e-05,27233,11
2e-05,27234,0
2e-05,27235,3
2e-05,27236,13
2e-05,27237,1
2e-05,27238,13
2e-05,27239,5
2e-05,27240,12
2e-05,27241,11
2e-05,27242,6
2e-05,27243,11
2e-05,27244,3
2e-05,27245,12
2e-05,27246,3
2e-05,27247,6
2e-05,27248,10
2e-05,27249,11
2e-05,27250,0
2e-05,27251,8
2e-05,27252,6
2e-05,27253,10
2e-05,27254,13
2e-05,27255,12
2e-05,27256,5
2e-05,27257,2
2e-05,27258,5
2e-05,27259,2
2e-05,27260,12
2e-05,27261,11
2e-05,27262,11
2e-05,27263,12
2e-05,27264,1
2e-05,27265,5
2e-05,27266,0
2e-05,27267,6
2e-05,27268,11
2e-05,27269,5
2e-05,27270,9
2e-05,27271,1
2e-05,27272,11
2e-05,27273,6
2e-05,27274,9
2e-05,27275,13
2e-05,27276,11
2e-05,27277,3
2e-05,27278,9
2e-05,27279,3
2e-05,27280,9
2e-05,27281,0
2e-05,27282,12
2e-05,27283,3
2e-05,27284,5
2e-05,27285,6
2e-05,27286,9
2e-05,27287,3
2e-05,27288,5
2e-05,27289,6
2e-05,27290,0
2e-05,27291,1
2e-05,27292,1
2e-05,27293,3
2e-05,27294,9
2e-05,27295,10
2e-05,27296,9
2e-05,27297,2
2e-05,27298,9
2e-05,27299,1
2e-05,27300,9
2e-05,27301,2
2e-05,27302,11
2e-05,27303,0
2e-05,27304,5
2e-05,27305,6
2e-05,27306,6
2e-05,27307,11
2e-05,27308,12
2e-05,27309,9
2e-05,27310,0
2e-05,27311,9
2e-05,27312,9
2e-05,27313,9
2e-05,27314,5
2e-05,27315,9
2e-05,27316,13
2e-05,27317,6
2e-05,27318,13
2e-05,27319,1
2e-05,27320,1
2e-05,27321,1
2e-05,27322,10
2e-05,27323,12
2e-05,27324,1
2e-05,27325,5
2e-05,27326,3
2e-05,27327,0
2e-05,27328,6
2e-05,27329,9
2e-05,27330,12
2e-05,27331,10
2e-05,27332,10
2e-05,27333,3
2e-05,27334,2
2e-05,27335,1
2e-05,27336,9
2e-05,27337,5
2e-05,27338,5
2e-05,27339,5
2e-05,27340,10
2e-05,27341,11
2e-05,27342,11
2e-05,27343,11
2e-05,27344,13
2e-05,27345,2
2e-05,27346,16
2e-05,27347,1
2e-05,27348,13
2e-05,27349,10
2e-05,27350,3
2e-05,27351,9
2e-05,27352,16
2e-05,27353,0
2e-05,27354,9
2e-05,27355,12
2e-05,27356,15
2e-05,27357,1
2e-05,27358,12
2e-05,27359,16
2e-05,27360,1
2e-05,27361,9
2e-05,27362,2
2e-05,27363,11
2e-05,27364,6
2e-05,27365,6
2e-05,27366,8
2e-05,27367,0
2e-05,27368,8
2e-05,27369,10
2e-05,27370,6
2e-05,27371,11
2e-05,27372,12
2e-05,27373,10
2e-05,27374,11
2e-05,27375,12
2e-05,27376,2
2e-05,27377,12
2e-05,27378,2
2e-05,27379,10
2e-05,27380,6
2e-05,27381,13
2e-05,27382,6
2e-05,27383,10
2e-05,27384,9
2e-05,27385,3
2e-05,27386,3
2e-05,27387,11
2e-05,27388,6
2e-05,27389,5
2e-05,27390,12
2e-05,27391,6
2e-05,27392,6
2e-05,27393,5
2e-05,27394,6
2e-05,27395,11
2e-05,27396,1
2e-05,27397,13
2e-05,27398,13
2e-05,27399,9
2e-05,27400,5
2e-05,27401,5
2e-05,27402,1
2e-05,27403,5
2e-05,27404,9
2e-05,27405,13
2e-05,27406,9
2e-05,27407,1
2e-05,27408,1
2e-05,27409,0
2e-05,27410,0
2e-05,27411,6
2e-05,27412,1
2e-05,27413,11
2e-05,27414,10
2e-05,27415,3
2e-05,27416,5
2e-05,27417,9
2e-05,27418,9
2e-05,27419,6
2e-05,27420,10
2e-05,27421,5
2e-05,27422,0
2e-05,27423,6
2e-05,27424,2
2e-05,27425,6
2e-05,27426,10
2e-05,27427,9
2e-05,27428,2
2e-05,27429,13
2e-05,27430,12
2e-05,27431,13
2e-05,27432,3
2e-05,27433,5
2e-05,27434,16
2e-05,27435,9
2e-05,27436,3
2e-05,27437,9
2e-05,27438,12
2e-05,27439,3
2e-05,27440,5
2e-05,27441,10
2e-05,27442,9
2e-05,27443,11
2e-05,27444,2
2e-05,27445,6
2e-05,27446,2
2e-05,27447,5
2e-05,27448,9
2e-05,27449,10
2e-05,27450,3
2e-05,27451,13
2e-05,27452,5
2e-05,27453,9
2e-05,27454,3
2e-05,27455,10
2e-05,27456,9
2e-05,27457,9
2e-05,27458,6
2e-05,27459,0
2e-05,27460,9
2e-05,27461,6
2e-05,27462,4
2e-05,27463,9
2e-05,27464,9
2e-05,27465,1
2e-05,27466,5
2e-05,27467,5
2e-05,27468,6
2e-05,27469,2
2e-05,27470,1
2e-05,27471,3
2e-05,27472,6
2e-05,27473,11
2e-05,27474,2
2e-05,27475,10
2e-05,27476,10
2e-05,27477,2
2e-05,27478,2
2e-05,27479,2
2e-05,27480,10
2e-05,27481,11
2e-05,27482,9
2e-05,27483,1
2e-05,27484,5
2e-05,27485,1
2e-05,27486,5
2e-05,27487,11
2e-05,27488,5
2e-05,27489,9
2e-05,27490,13
2e-05,27491,3
2e-05,27492,10
2e-05,27493,16
2e-05,27494,11
2e-05,27495,6
2e-05,27496,6
2e-05,27497,2
2e-05,27498,9
2e-05,27499,13
2e-05,27500,6
2e-05,27501,0
2e-05,27502,11
2e-05,27503,0
2e-05,27504,9
2e-05,27505,12
2e-05,27506,0
2e-05,27507,5
2e-05,27508,9
2e-05,27509,10
2e-05,27510,5
2e-05,27511,3
2e-05,27512,11
2e-05,27513,3
2e-05,27514,1
2e-05,27515,5
2e-05,27516,1
2e-05,27517,6
2e-05,27518,11
2e-05,27519,13
2e-05,27520,9
2e-05,27521,6
2e-05,27522,0
2e-05,27523,2
2e-05,27524,6
2e-05,27525,11
2e-05,27526,0
2e-05,27527,3
2e-05,27528,6
2e-05,27529,8
2e-05,27530,2
2e-05,27531,6
2e-05,27532,10
2e-05,27533,5
2e-05,27534,0
2e-05,27535,11
2e-05,27536,10
2e-05,27537,9
2e-05,27538,1
2e-05,27539,11
2e-05,27540,6
2e-05,27541,9
2e-05,27542,6
2e-05,27543,12
2e-05,27544,11
2e-05,27545,9
2e-05,27546,11
2e-05,27547,11
2e-05,27548,5
2e-05,27549,11
2e-05,27550,5
2e-05,27551,12
2e-05,27552,6
2e-05,27553,1
2e-05,27554,9
2e-05,27555,9
2e-05,27556,2
2e-05,27557,9
2e-05,27558,11
2e-05,27559,9
2e-05,27560,1
2e-05,27561,1
2e-05,27562,3
2e-05,27563,11
2e-05,27564,10
2e-05,27565,11
2e-05,27566,9
2e-05,27567,10
2e-05,27568,9
2e-05,27569,6
2e-05,27570,3
2e-05,27571,6
2e-05,27572,5
2e-05,27573,0
2e-05,27574,5
2e-05,27575,5
2e-05,27576,13
2e-05,27577,9
2e-05,27578,11
2e-05,27579,10
2e-05,27580,5
2e-05,27581,0
2e-05,27582,10
2e-05,27583,2
2e-05,27584,11
2e-05,27585,11
2e-05,27586,9
2e-05,27587,4
2e-05,27588,13
2e-05,27589,2
2e-05,27590,5
2e-05,27591,1
2e-05,27592,10
2e-05,27593,12
2e-05,27594,3
2e-05,27595,6
2e-05,27596,2
2e-05,27597,5
2e-05,27598,0
2e-05,27599,9
2e-05,27600,10
2e-05,27601,5
2e-05,27602,3
2e-05,27603,9
2e-05,27604,6
2e-05,27605,5
2e-05,27606,2
2e-05,27607,0
2e-05,27608,13
2e-05,27609,5
2e-05,27610,0
2e-05,27611,3
2e-05,27612,11
2e-05,27613,1
2e-05,27614,6
2e-05,27615,0
2e-05,27616,11
2e-05,27617,2
2e-05,27618,10
2e-05,27619,2
2e-05,27620,3
2e-05,27621,13
2e-05,27622,6
2e-05,27623,1
2e-05,27624,3
2e-05,27625,1
2e-05,27626,11
2e-05,27627,3
2e-05,27628,9
2e-05,27629,12
2e-05,27630,3
2e-05,27631,11
2e-05,27632,5
2e-05,27633,10
2e-05,27634,3
2e-05,27635,12
2e-05,27636,11
2e-05,27637,2
2e-05,27638,11
2e-05,27639,1
2e-05,27640,2
2e-05,27641,11
2e-05,27642,5
2e-05,27643,1
2e-05,27644,10
2e-05,27645,16
2e-05,27646,11
2e-05,27647,6
2e-05,27648,0
2e-05,27649,10
2e-05,27650,12
2e-05,27651,2
2e-05,27652,6
2e-05,27653,6
2e-05,27654,10
2e-05,27655,9
2e-05,27656,5
2e-05,27657,6
2e-05,27658,12
2e-05,27659,3
2e-05,27660,5
2e-05,27661,9
2e-05,27662,3
2e-05,27663,2
2e-05,27664,0
2e-05,27665,3
2e-05,27666,5
2e-05,27667,9
2e-05,27668,10
2e-05,27669,12
2e-05,27670,0
2e-05,27671,6
2e-05,27672,0
2e-05,27673,3
2e-05,27674,10
2e-05,27675,11
2e-05,27676,3
2e-05,27677,6
2e-05,27678,5
2e-05,27679,0
2e-05,27680,6
2e-05,27681,3
2e-05,27682,3
2e-05,27683,9
2e-05,27684,9
2e-05,27685,0
2e-05,27686,0
2e-05,27687,12
2e-05,27688,5
2e-05,27689,6
2e-05,27690,9
2e-05,27691,0
2e-05,27692,0
2e-05,27693,2
2e-05,27694,9
2e-05,27695,1
2e-05,27696,6
2e-05,27697,12
2e-05,27698,2
2e-05,27699,11
2e-05,27700,2
2e-05,27701,5
2e-05,27702,12
2e-05,27703,2
2e-05,27704,9
2e-05,27705,9
2e-05,27706,2
2e-05,27707,1
2e-05,27708,8
2e-05,27709,1
2e-05,27710,0
2e-05,27711,1
2e-05,27712,10
2e-05,27713,6
2e-05,27714,11
2e-05,27715,6
2e-05,27716,9
2e-05,27717,3
2e-05,27718,13
2e-05,27719,12
2e-05,27720,13
2e-05,27721,0
2e-05,27722,3
2e-05,27723,10
2e-05,27724,13
2e-05,27725,0
2e-05,27726,11
2e-05,27727,3
2e-05,27728,3
2e-05,27729,3
2e-05,27730,9
2e-05,27731,1
2e-05,27732,6
2e-05,27733,1
2e-05,27734,9
2e-05,27735,1
2e-05,27736,10
2e-05,27737,9
2e-05,27738,1
2e-05,27739,5
2e-05,27740,0
2e-05,27741,1
2e-05,27742,10
2e-05,27743,11
2e-05,27744,11
2e-05,27745,11
2e-05,27746,2
2e-05,27747,10
2e-05,27748,13
2e-05,27749,9
2e-05,27750,11
2e-05,27751,1
2e-05,27752,10
2e-05,27753,1
2e-05,27754,1
2e-05,27755,12
2e-05,27756,9
2e-05,27757,9
2e-05,27758,0
2e-05,27759,1
2e-05,27760,11
2e-05,27761,11
2e-05,27762,11
2e-05,27763,1
2e-05,27764,5
2e-05,27765,12
2e-05,27766,10
2e-05,27767,9
2e-05,27768,5
2e-05,27769,0
2e-05,27770,5
2e-05,27771,5
2e-05,27772,5
2e-05,27773,5
2e-05,27774,0
2e-05,27775,12
2e-05,27776,5
2e-05,27777,0
2e-05,27778,5
2e-05,27779,10
2e-05,27780,9
2e-05,27781,12
2e-05,27782,5
2e-05,27783,12
2e-05,27784,11
2e-05,27785,11
2e-05,27786,3
2e-05,27787,0
2e-05,27788,9
2e-05,27789,0
2e-05,27790,8
2e-05,27791,12
2e-05,27792,0
2e-05,27793,13
2e-05,27794,11
2e-05,27795,6
2e-05,27796,11
2e-05,27797,13
2e-05,27798,3
2e-05,27799,9
2e-05,27800,5
2e-05,27801,13
2e-05,27802,9
2e-05,27803,1
2e-05,27804,5
2e-05,27805,0
2e-05,27806,10
2e-05,27807,6
2e-05,27808,1
2e-05,27809,11
2e-05,27810,12
2e-05,27811,3
2e-05,27812,13
2e-05,27813,0
2e-05,27814,5
2e-05,27815,9
2e-05,27816,3
2e-05,27817,0
2e-05,27818,6
2e-05,27819,3
2e-05,27820,1
2e-05,27821,2
2e-05,27822,12
2e-05,27823,6
2e-05,27824,0
2e-05,27825,0
2e-05,27826,2
2e-05,27827,6
2e-05,27828,1
2e-05,27829,10
2e-05,27830,6
2e-05,27831,12
2e-05,27832,3
2e-05,27833,12
2e-05,27834,11
2e-05,27835,7
2e-05,27836,1
2e-05,27837,9
2e-05,27838,2
2e-05,27839,5
2e-05,27840,5
2e-05,27841,0
2e-05,27842,2
2e-05,27843,3
2e-05,27844,13
2e-05,27845,13
2e-05,27846,16
2e-05,27847,9
2e-05,27848,0
2e-05,27849,2
2e-05,27850,1
2e-05,27851,3
2e-05,27852,9
2e-05,27853,6
2e-05,27854,10
2e-05,27855,11
2e-05,27856,8
2e-05,27857,0
2e-05,27858,6
2e-05,27859,3
2e-05,27860,2
2e-05,27861,1
2e-05,27862,6
2e-05,27863,0
2e-05,27864,9
2e-05,27865,2
2e-05,27866,1
2e-05,27867,5
2e-05,27868,2
2e-05,27869,12
2e-05,27870,10
2e-05,27871,12
2e-05,27872,11
2e-05,27873,5
2e-05,27874,10
2e-05,27875,9
2e-05,27876,3
2e-05,27877,9
2e-05,27878,11
2e-05,27879,13
2e-05,27880,11
2e-05,27881,10
2e-05,27882,12
2e-05,27883,13
2e-05,27884,3
2e-05,27885,6
2e-05,27886,5
2e-05,27887,1
2e-05,27888,10
2e-05,27889,3
2e-05,27890,12
2e-05,27891,10
2e-05,27892,10
2e-05,27893,12
2e-05,27894,0
2e-05,27895,13
2e-05,27896,12
2e-05,27897,3
2e-05,27898,5
2e-05,27899,9
2e-05,27900,2
2e-05,27901,1
2e-05,27902,5
2e-05,27903,5
2e-05,27904,12
2e-05,27905,0
2e-05,27906,2
2e-05,27907,10
2e-05,27908,12
2e-05,27909,5
2e-05,27910,1
2e-05,27911,3
2e-05,27912,6
2e-05,27913,1
2e-05,27914,9
2e-05,27915,0
2e-05,27916,1
2e-05,27917,0
2e-05,27918,6
2e-05,27919,6
2e-05,27920,10
2e-05,27921,10
2e-05,27922,5
2e-05,27923,3
2e-05,27924,12
2e-05,27925,8
2e-05,27926,11
2e-05,27927,0
2e-05,27928,13
2e-05,27929,1
2e-05,27930,12
2e-05,27931,1
2e-05,27932,2
2e-05,27933,0
2e-05,27934,2
2e-05,27935,0
2e-05,27936,6
2e-05,27937,6
2e-05,27938,11
2e-05,27939,3
2e-05,27940,2
2e-05,27941,11
2e-05,27942,9
2e-05,27943,10
2e-05,27944,9
2e-05,27945,1
2e-05,27946,12
2e-05,27947,11
2e-05,27948,13
2e-05,27949,4
2e-05,27950,6
2e-05,27951,9
2e-05,27952,1
2e-05,27953,2
2e-05,27954,5
2e-05,27955,3
2e-05,27956,2
2e-05,27957,8
2e-05,27958,10
2e-05,27959,3
2e-05,27960,13
2e-05,27961,1
2e-05,27962,11
2e-05,27963,10
2e-05,27964,3
2e-05,27965,9
2e-05,27966,11
2e-05,27967,2
2e-05,27968,10
2e-05,27969,6
2e-05,27970,3
2e-05,27971,6
2e-05,27972,0
2e-05,27973,4
2e-05,27974,5
2e-05,27975,12
2e-05,27976,3
2e-05,27977,3
2e-05,27978,3
2e-05,27979,13
2e-05,27980,9
2e-05,27981,10
2e-05,27982,6
2e-05,27983,5
2e-05,27984,6
2e-05,27985,13
2e-05,27986,11
2e-05,27987,1
2e-05,27988,10
2e-05,27989,6
2e-05,27990,1
2e-05,27991,3
2e-05,27992,12
2e-05,27993,10
2e-05,27994,13
2e-05,27995,11
2e-05,27996,9
2e-05,27997,5
2e-05,27998,5
2e-05,27999,11
2e-05,28000,5
2e-05,28001,13
2e-05,28002,9
2e-05,28003,0
2e-05,28004,9
2e-05,28005,12
2e-05,28006,3
2e-05,28007,10
2e-05,28008,13
2e-05,28009,3
2e-05,28010,12
2e-05,28011,3
2e-05,28012,1
2e-05,28013,11
2e-05,28014,6
2e-05,28015,0
2e-05,28016,1
2e-05,28017,11
2e-05,28018,16
2e-05,28019,10
2e-05,28020,2
2e-05,28021,0
2e-05,28022,10
2e-05,28023,2
2e-05,28024,3
2e-05,28025,5
2e-05,28026,9
2e-05,28027,11
2e-05,28028,9
2e-05,28029,11
2e-05,28030,0
2e-05,28031,8
2e-05,28032,6
2e-05,28033,2
2e-05,28034,6
2e-05,28035,2
2e-05,28036,2
2e-05,28037,5
2e-05,28038,1
2e-05,28039,12
2e-05,28040,5
2e-05,28041,3
2e-05,28042,1
2e-05,28043,3
2e-05,28044,10
2e-05,28045,13
2e-05,28046,8
2e-05,28047,3
2e-05,28048,1
2e-05,28049,13
2e-05,28050,0
2e-05,28051,6
2e-05,28052,3
2e-05,28053,2
2e-05,28054,6
2e-05,28055,6
2e-05,28056,1
2e-05,28057,6
2e-05,28058,2
2e-05,28059,1
2e-05,28060,1
2e-05,28061,10
2e-05,28062,1
2e-05,28063,6
2e-05,28064,2
2e-05,28065,1
2e-05,28066,1
2e-05,28067,10
2e-05,28068,11
2e-05,28069,10
2e-05,28070,1
2e-05,28071,6
2e-05,28072,5
2e-05,28073,3
2e-05,28074,12
2e-05,28075,11
2e-05,28076,1
2e-05,28077,1
2e-05,28078,0
2e-05,28079,1
2e-05,28080,0
2e-05,28081,12
2e-05,28082,3
2e-05,28083,11
2e-05,28084,5
2e-05,28085,3
2e-05,28086,13
2e-05,28087,1
2e-05,28088,11
2e-05,28089,9
2e-05,28090,12
2e-05,28091,8
2e-05,28092,6
2e-05,28093,11
2e-05,28094,5
2e-05,28095,6
2e-05,28096,5
2e-05,28097,6
2e-05,28098,11
2e-05,28099,10
2e-05,28100,5
2e-05,28101,11
2e-05,28102,11
2e-05,28103,9
2e-05,28104,10
2e-05,28105,9
2e-05,28106,10
2e-05,28107,13
2e-05,28108,1
2e-05,28109,9
2e-05,28110,8
2e-05,28111,12
2e-05,28112,6
2e-05,28113,4
2e-05,28114,6
2e-05,28115,13
2e-05,28116,8
2e-05,28117,12
2e-05,28118,13
2e-05,28119,3
2e-05,28120,2
2e-05,28121,9
2e-05,28122,9
2e-05,28123,11
2e-05,28124,12
2e-05,28125,6
2e-05,28126,3
2e-05,28127,0
2e-05,28128,2
2e-05,28129,12
2e-05,28130,10
2e-05,28131,11
2e-05,28132,2
2e-05,28133,9
2e-05,28134,1
2e-05,28135,6
2e-05,28136,10
2e-05,28137,3
2e-05,28138,11
2e-05,28139,12
2e-05,28140,3
2e-05,28141,13
2e-05,28142,2
2e-05,28143,11
2e-05,28144,11
2e-05,28145,11
2e-05,28146,3
2e-05,28147,13
2e-05,28148,10
2e-05,28149,10
2e-05,28150,5
2e-05,28151,10
2e-05,28152,13
2e-05,28153,0
2e-05,28154,0
2e-05,28155,10
2e-05,28156,2
2e-05,28157,3
2e-05,28158,5
2e-05,28159,9
2e-05,28160,1
2e-05,28161,11
2e-05,28162,3
2e-05,28163,6
2e-05,28164,10
2e-05,28165,9
2e-05,28166,3
2e-05,28167,0
2e-05,28168,6
2e-05,28169,11
2e-05,28170,3
2e-05,28171,5
2e-05,28172,1
2e-05,28173,5
2e-05,28174,0
2e-05,28175,3
2e-05,28176,10
2e-05,28177,2
2e-05,28178,1
2e-05,28179,6
2e-05,28180,1
2e-05,28181,12
2e-05,28182,2
2e-05,28183,3
2e-05,28184,1
2e-05,28185,3
2e-05,28186,3
2e-05,28187,3
2e-05,28188,12
2e-05,28189,1
2e-05,28190,0
2e-05,28191,11
2e-05,28192,6
2e-05,28193,11
2e-05,28194,9
2e-05,28195,5
2e-05,28196,9
2e-05,28197,2
2e-05,28198,10
2e-05,28199,0
2e-05,28200,0
2e-05,28201,1
2e-05,28202,2
2e-05,28203,3
2e-05,28204,1
2e-05,28205,3
2e-05,28206,12
2e-05,28207,6
2e-05,28208,12
2e-05,28209,11
2e-05,28210,3
2e-05,28211,12
2e-05,28212,11
2e-05,28213,0
2e-05,28214,10
2e-05,28215,9
2e-05,28216,3
2e-05,28217,12
2e-05,28218,6
2e-05,28219,12
2e-05,28220,2
2e-05,28221,11
2e-05,28222,11
2e-05,28223,11
2e-05,28224,9
2e-05,28225,0
2e-05,28226,5
2e-05,28227,6
2e-05,28228,11
2e-05,28229,3
2e-05,28230,10
2e-05,28231,5
2e-05,28232,3
2e-05,28233,9
2e-05,28234,10
2e-05,28235,10
2e-05,28236,4
2e-05,28237,12
2e-05,28238,13
2e-05,28239,12
2e-05,28240,10
2e-05,28241,5
2e-05,28242,9
2e-05,28243,9
2e-05,28244,13
2e-05,28245,11
2e-05,28246,0
2e-05,28247,9
2e-05,28248,9
2e-05,28249,12
2e-05,28250,1
2e-05,28251,12
2e-05,28252,13
2e-05,28253,11
2e-05,28254,1
2e-05,28255,12
2e-05,28256,5
2e-05,28257,9
2e-05,28258,3
2e-05,28259,10
2e-05,28260,6
2e-05,28261,5
2e-05,28262,3
2e-05,28263,10
2e-05,28264,6
2e-05,28265,1
2e-05,28266,13
2e-05,28267,9
2e-05,28268,1
2e-05,28269,13
2e-05,28270,5
2e-05,28271,5
2e-05,28272,5
2e-05,28273,3
2e-05,28274,12
2e-05,28275,0
2e-05,28276,13
2e-05,28277,13
2e-05,28278,11
2e-05,28279,0
2e-05,28280,6
2e-05,28281,2
2e-05,28282,6
2e-05,28283,10
2e-05,28284,10
2e-05,28285,1
2e-05,28286,2
2e-05,28287,13
2e-05,28288,13
2e-05,28289,9
2e-05,28290,10
2e-05,28291,1
2e-05,28292,3
2e-05,28293,9
2e-05,28294,13
2e-05,28295,5
2e-05,28296,1
2e-05,28297,5
2e-05,28298,12
2e-05,28299,6
2e-05,28300,0
2e-05,28301,3
2e-05,28302,11
2e-05,28303,5
2e-05,28304,1
2e-05,28305,12
2e-05,28306,9
2e-05,28307,3
2e-05,28308,1
2e-05,28309,5
2e-05,28310,11
2e-05,28311,10
2e-05,28312,1
2e-05,28313,9
2e-05,28314,12
2e-05,28315,11
2e-05,28316,1
2e-05,28317,5
2e-05,28318,5
2e-05,28319,11
2e-05,28320,11
2e-05,28321,9
2e-05,28322,10
2e-05,28323,13
2e-05,28324,6
2e-05,28325,5
2e-05,28326,3
2e-05,28327,1
2e-05,28328,11
2e-05,28329,13
2e-05,28330,11
2e-05,28331,3
2e-05,28332,11
2e-05,28333,13
2e-05,28334,6
2e-05,28335,3
2e-05,28336,2
2e-05,28337,5
2e-05,28338,12
2e-05,28339,9
2e-05,28340,11
2e-05,28341,0
2e-05,28342,3
2e-05,28343,11
2e-05,28344,6
2e-05,28345,6
2e-05,28346,11
2e-05,28347,1
2e-05,28348,11
2e-05,28349,10
2e-05,28350,6
2e-05,28351,5
2e-05,28352,9
2e-05,28353,0
2e-05,28354,1
2e-05,28355,13
2e-05,28356,5
2e-05,28357,12
2e-05,28358,0
2e-05,28359,0
2e-05,28360,6
2e-05,28361,3
2e-05,28362,12
2e-05,28363,5
2e-05,28364,10
2e-05,28365,9
2e-05,28366,12
2e-05,28367,6
2e-05,28368,6
2e-05,28369,0
2e-05,28370,2
2e-05,28371,11
2e-05,28372,13
2e-05,28373,13
2e-05,28374,3
2e-05,28375,11
2e-05,28376,2
2e-05,28377,3
2e-05,28378,11
2e-05,28379,11
2e-05,28380,2
2e-05,28381,10
2e-05,28382,9
2e-05,28383,0
2e-05,28384,5
2e-05,28385,6
2e-05,28386,11
2e-05,28387,11
2e-05,28388,5
2e-05,28389,9
2e-05,28390,3
2e-05,28391,11
2e-05,28392,13
2e-05,28393,9
2e-05,28394,11
2e-05,28395,2
2e-05,28396,2
2e-05,28397,9
2e-05,28398,3
2e-05,28399,0
2e-05,28400,0
2e-05,28401,0
2e-05,28402,16
2e-05,28403,5
2e-05,28404,6
2e-05,28405,5
2e-05,28406,0
2e-05,28407,13
2e-05,28408,5
2e-05,28409,11
2e-05,28410,6
2e-05,28411,11
2e-05,28412,9
2e-05,28413,12
2e-05,28414,13
2e-05,28415,11
2e-05,28416,10
2e-05,28417,12
2e-05,28418,10
2e-05,28419,3
2e-05,28420,1
2e-05,28421,6
2e-05,28422,0
2e-05,28423,2
2e-05,28424,9
2e-05,28425,2
2e-05,28426,3
2e-05,28427,16
2e-05,28428,6
2e-05,28429,0
2e-05,28430,9
2e-05,28431,1
2e-05,28432,6
2e-05,28433,1
2e-05,28434,1
2e-05,28435,1
2e-05,28436,3
2e-05,28437,13
2e-05,28438,2
2e-05,28439,0
2e-05,28440,16
2e-05,28441,9
2e-05,28442,11
2e-05,28443,5
2e-05,28444,11
2e-05,28445,5
2e-05,28446,6
2e-05,28447,10
2e-05,28448,5
2e-05,28449,3
2e-05,28450,6
2e-05,28451,0
2e-05,28452,5
2e-05,28453,0
2e-05,28454,9
2e-05,28455,11
2e-05,28456,6
2e-05,28457,5
2e-05,28458,6
2e-05,28459,1
2e-05,28460,3
2e-05,28461,12
2e-05,28462,9
2e-05,28463,12
2e-05,28464,5
2e-05,28465,10
2e-05,28466,0
2e-05,28467,2
2e-05,28468,3
2e-05,28469,11
2e-05,28470,13
2e-05,28471,2
2e-05,28472,6
2e-05,28473,0
2e-05,28474,2
2e-05,28475,10
2e-05,28476,3
2e-05,28477,2
2e-05,28478,0
2e-05,28479,2
2e-05,28480,13
2e-05,28481,6
2e-05,28482,0
2e-05,28483,5
2e-05,28484,5
2e-05,28485,11
2e-05,28486,2
2e-05,28487,9
2e-05,28488,12
2e-05,28489,3
2e-05,28490,0
2e-05,28491,2
2e-05,28492,6
2e-05,28493,3
2e-05,28494,2
2e-05,28495,9
2e-05,28496,3
2e-05,28497,6
2e-05,28498,10
2e-05,28499,10
2e-05,28500,11
2e-05,28501,11
2e-05,28502,6
2e-05,28503,0
2e-05,28504,6
2e-05,28505,13
2e-05,28506,13
2e-05,28507,0
2e-05,28508,5
2e-05,28509,13
2e-05,28510,3
2e-05,28511,13
2e-05,28512,14
2e-05,28513,1
2e-05,28514,5
2e-05,28515,13
2e-05,28516,10
2e-05,28517,11
2e-05,28518,2
2e-05,28519,11
2e-05,28520,9
2e-05,28521,9
2e-05,28522,10
2e-05,28523,12
2e-05,28524,0
2e-05,28525,13
2e-05,28526,0
2e-05,28527,11
2e-05,28528,6
2e-05,28529,3
2e-05,28530,12
2e-05,28531,10
2e-05,28532,0
2e-05,28533,5
2e-05,28534,5
2e-05,28535,1
2e-05,28536,5
2e-05,28537,5
2e-05,28538,3
2e-05,28539,5
2e-05,28540,10
2e-05,28541,2
2e-05,28542,0
2e-05,28543,9
2e-05,28544,1
2e-05,28545,0
2e-05,28546,2
2e-05,28547,6
2e-05,28548,2
2e-05,28549,11
2e-05,28550,5
2e-05,28551,6
2e-05,28552,2
2e-05,28553,0
2e-05,28554,11
2e-05,28555,11
2e-05,28556,6
2e-05,28557,2
2e-05,28558,8
2e-05,28559,2
2e-05,28560,6
2e-05,28561,0
2e-05,28562,11
2e-05,28563,12
2e-05,28564,12
2e-05,28565,5
2e-05,28566,1
2e-05,28567,9
2e-05,28568,10
2e-05,28569,11
2e-05,28570,15
2e-05,28571,2
2e-05,28572,10
2e-05,28573,2
2e-05,28574,12
2e-05,28575,13
2e-05,28576,9
2e-05,28577,9
2e-05,28578,10
2e-05,28579,9
2e-05,28580,13
2e-05,28581,11
2e-05,28582,3
2e-05,28583,3
2e-05,28584,11
2e-05,28585,0
2e-05,28586,11
2e-05,28587,0
2e-05,28588,6
2e-05,28589,13
2e-05,28590,10
2e-05,28591,1
2e-05,28592,2
2e-05,28593,2
2e-05,28594,5
2e-05,28595,9
2e-05,28596,3
2e-05,28597,8
2e-05,28598,3
2e-05,28599,12
2e-05,28600,13
2e-05,28601,2
2e-05,28602,1
2e-05,28603,5
2e-05,28604,6
2e-05,28605,9
2e-05,28606,12
2e-05,28607,2
2e-05,28608,10
2e-05,28609,10
2e-05,28610,0
2e-05,28611,10
2e-05,28612,12
2e-05,28613,0
2e-05,28614,13
2e-05,28615,11
2e-05,28616,12
2e-05,28617,2
2e-05,28618,9
2e-05,28619,5
2e-05,28620,3
2e-05,28621,3
2e-05,28622,9
2e-05,28623,9
2e-05,28624,9
2e-05,28625,3
2e-05,28626,13
2e-05,28627,13
2e-05,28628,10
2e-05,28629,13
2e-05,28630,11
2e-05,28631,6
2e-05,28632,0
2e-05,28633,3
2e-05,28634,11
2e-05,28635,11
2e-05,28636,6
2e-05,28637,0
2e-05,28638,6
2e-05,28639,12
2e-05,28640,10
2e-05,28641,6
2e-05,28642,13
2e-05,28643,12
2e-05,28644,10
2e-05,28645,12
2e-05,28646,11
2e-05,28647,6
2e-05,28648,11
2e-05,28649,2
2e-05,28650,1
2e-05,28651,5
2e-05,28652,1
2e-05,28653,11
2e-05,28654,10
2e-05,28655,12
2e-05,28656,2
2e-05,28657,2
2e-05,28658,2
2e-05,28659,0
2e-05,28660,2
2e-05,28661,1
2e-05,28662,2
2e-05,28663,11
2e-05,28664,13
2e-05,28665,0
2e-05,28666,11
2e-05,28667,3
2e-05,28668,10
2e-05,28669,2
2e-05,28670,6
2e-05,28671,5
2e-05,28672,13
2e-05,28673,12
2e-05,28674,5
2e-05,28675,0
2e-05,28676,0
2e-05,28677,11
2e-05,28678,11
2e-05,28679,5
2e-05,28680,2
2e-05,28681,2
2e-05,28682,2
2e-05,28683,5
2e-05,28684,1
2e-05,28685,12
2e-05,28686,1
2e-05,28687,5
2e-05,28688,5
2e-05,28689,11
2e-05,28690,11
2e-05,28691,11
2e-05,28692,3
2e-05,28693,3
2e-05,28694,3
2e-05,28695,12
2e-05,28696,9
2e-05,28697,11
2e-05,28698,10
2e-05,28699,6
2e-05,28700,10
2e-05,28701,10
2e-05,28702,13
2e-05,28703,6
2e-05,28704,1
2e-05,28705,10
2e-05,28706,13
2e-05,28707,9
2e-05,28708,16
2e-05,28709,6
2e-05,28710,0
2e-05,28711,0
2e-05,28712,2
2e-05,28713,0
2e-05,28714,10
2e-05,28715,10
2e-05,28716,6
2e-05,28717,1
2e-05,28718,9
2e-05,28719,10
2e-05,28720,11
2e-05,28721,10
2e-05,28722,3
2e-05,28723,9
2e-05,28724,0
2e-05,28725,0
2e-05,28726,3
2e-05,28727,3
2e-05,28728,6
2e-05,28729,2
2e-05,28730,0
2e-05,28731,9
2e-05,28732,0
2e-05,28733,6
2e-05,28734,3
2e-05,28735,16
2e-05,28736,3
2e-05,28737,11
2e-05,28738,6
2e-05,28739,10
2e-05,28740,11
2e-05,28741,11
2e-05,28742,10
2e-05,28743,11
2e-05,28744,9
2e-05,28745,9
2e-05,28746,10
2e-05,28747,12
2e-05,28748,12
2e-05,28749,1
2e-05,28750,10
2e-05,28751,11
2e-05,28752,6
2e-05,28753,11
2e-05,28754,5
2e-05,28755,3
2e-05,28756,10
2e-05,28757,10
2e-05,28758,1
2e-05,28759,5
2e-05,28760,12
2e-05,28761,10
2e-05,28762,2
2e-05,28763,12
2e-05,28764,3
2e-05,28765,6
2e-05,28766,9
2e-05,28767,0
2e-05,28768,0
2e-05,28769,5
2e-05,28770,12
2e-05,28771,1
2e-05,28772,11
2e-05,28773,11
2e-05,28774,16
2e-05,28775,2
2e-05,28776,1
2e-05,28777,2
2e-05,28778,0
2e-05,28779,2
2e-05,28780,1
2e-05,28781,2
2e-05,28782,1
2e-05,28783,10
2e-05,28784,10
2e-05,28785,5
2e-05,28786,13
2e-05,28787,10
2e-05,28788,2
2e-05,28789,6
2e-05,28790,1
2e-05,28791,0
2e-05,28792,5
2e-05,28793,11
2e-05,28794,5
2e-05,28795,10
2e-05,28796,5
2e-05,28797,1
2e-05,28798,2
2e-05,28799,10
2e-05,28800,12
2e-05,28801,9
2e-05,28802,1
2e-05,28803,1
2e-05,28804,3
2e-05,28805,1
2e-05,28806,10
2e-05,28807,10
2e-05,28808,10
2e-05,28809,1
2e-05,28810,3
2e-05,28811,11
2e-05,28812,6
2e-05,28813,6
2e-05,28814,8
2e-05,28815,2
2e-05,28816,2
2e-05,28817,11
2e-05,28818,13
2e-05,28819,6
2e-05,28820,13
2e-05,28821,11
2e-05,28822,3
2e-05,28823,9
2e-05,28824,3
2e-05,28825,5
2e-05,28826,9
2e-05,28827,13
2e-05,28828,14
2e-05,28829,0
2e-05,28830,3
2e-05,28831,12
2e-05,28832,1
2e-05,28833,0
2e-05,28834,16
2e-05,28835,2
2e-05,28836,2
2e-05,28837,9
2e-05,28838,1
2e-05,28839,5
2e-05,28840,12
2e-05,28841,0
2e-05,28842,1
2e-05,28843,6
2e-05,28844,10
2e-05,28845,10
2e-05,28846,1
2e-05,28847,5
2e-05,28848,5
2e-05,28849,11
2e-05,28850,9
2e-05,28851,11
2e-05,28852,0
2e-05,28853,2
2e-05,28854,9
2e-05,28855,9
2e-05,28856,6
2e-05,28857,2
2e-05,28858,2
2e-05,28859,5
2e-05,28860,0
2e-05,28861,10
2e-05,28862,6
2e-05,28863,10
2e-05,28864,9
2e-05,28865,12
2e-05,28866,2
2e-05,28867,11
2e-05,28868,12
2e-05,28869,10
2e-05,28870,10
2e-05,28871,10
2e-05,28872,0
2e-05,28873,9
2e-05,28874,13
2e-05,28875,1
2e-05,28876,9
2e-05,28877,9
2e-05,28878,12
2e-05,28879,9
2e-05,28880,1
2e-05,28881,6
2e-05,28882,6
2e-05,28883,11
2e-05,28884,10
2e-05,28885,12
2e-05,28886,12
2e-05,28887,1
2e-05,28888,12
2e-05,28889,6
2e-05,28890,6
2e-05,28891,3
2e-05,28892,2
2e-05,28893,6
2e-05,28894,5
2e-05,28895,1
2e-05,28896,10
2e-05,28897,3
2e-05,28898,9
2e-05,28899,2
2e-05,28900,8
2e-05,28901,0
2e-05,28902,4
2e-05,28903,0
2e-05,28904,6
2e-05,28905,11
2e-05,28906,11
2e-05,28907,3
2e-05,28908,6
2e-05,28909,2
2e-05,28910,13
2e-05,28911,11
2e-05,28912,6
2e-05,28913,0
2e-05,28914,3
2e-05,28915,5
2e-05,28916,10
2e-05,28917,0
2e-05,28918,2
2e-05,28919,1
2e-05,28920,2
2e-05,28921,12
2e-05,28922,9
2e-05,28923,9
2e-05,28924,2
2e-05,28925,0
2e-05,28926,11
2e-05,28927,3
2e-05,28928,10
2e-05,28929,5
2e-05,28930,3
2e-05,28931,10
2e-05,28932,12
2e-05,28933,12
2e-05,28934,0
2e-05,28935,1
2e-05,28936,12
2e-05,28937,0
2e-05,28938,3
2e-05,28939,13
2e-05,28940,11
2e-05,28941,16
2e-05,28942,0
2e-05,28943,11
2e-05,28944,0
2e-05,28945,1
2e-05,28946,12
2e-05,28947,13
2e-05,28948,10
2e-05,28949,5
2e-05,28950,11
2e-05,28951,12
2e-05,28952,6
2e-05,28953,5
2e-05,28954,3
2e-05,28955,9
2e-05,28956,0
2e-05,28957,2
2e-05,28958,3
2e-05,28959,10
2e-05,28960,1
2e-05,28961,13
2e-05,28962,3
2e-05,28963,2
2e-05,28964,1
2e-05,28965,13
2e-05,28966,5
2e-05,28967,9
2e-05,28968,3
2e-05,28969,12
2e-05,28970,10
2e-05,28971,11
2e-05,28972,12
2e-05,28973,11
2e-05,28974,3
2e-05,28975,10
2e-05,28976,9
2e-05,28977,9
2e-05,28978,10
2e-05,28979,13
2e-05,28980,12
2e-05,28981,13
2e-05,28982,2
2e-05,28983,0
2e-05,28984,0
2e-05,28985,11
2e-05,28986,0
2e-05,28987,10
2e-05,28988,6
2e-05,28989,1
2e-05,28990,8
2e-05,28991,5
2e-05,28992,12
2e-05,28993,5
2e-05,28994,5
2e-05,28995,2
2e-05,28996,0
2e-05,28997,9
2e-05,28998,10
2e-05,28999,11
2e-05,29000,3
2e-05,29001,3
2e-05,29002,11
2e-05,29003,9
2e-05,29004,3
2e-05,29005,0
2e-05,29006,1
2e-05,29007,3
2e-05,29008,11
2e-05,29009,12
2e-05,29010,11
2e-05,29011,12
2e-05,29012,10
2e-05,29013,1
2e-05,29014,10
2e-05,29015,0
2e-05,29016,10
2e-05,29017,10
2e-05,29018,13
2e-05,29019,11
2e-05,29020,16
2e-05,29021,0
2e-05,29022,11
2e-05,29023,1
2e-05,29024,3
2e-05,29025,6
2e-05,29026,11
2e-05,29027,2
2e-05,29028,6
2e-05,29029,11
2e-05,29030,5
2e-05,29031,10
2e-05,29032,9
2e-05,29033,1
2e-05,29034,9
2e-05,29035,11
2e-05,29036,12
2e-05,29037,6
2e-05,29038,13
2e-05,29039,12
2e-05,29040,1
2e-05,29041,13
2e-05,29042,13
2e-05,29043,6
2e-05,29044,11
2e-05,29045,5
2e-05,29046,9
2e-05,29047,3
2e-05,29048,11
2e-05,29049,10
2e-05,29050,1
2e-05,29051,10
2e-05,29052,13
2e-05,29053,11
2e-05,29054,6
2e-05,29055,6
2e-05,29056,11
2e-05,29057,11
2e-05,29058,3
2e-05,29059,10
2e-05,29060,10
2e-05,29061,13
2e-05,29062,2
2e-05,29063,8
2e-05,29064,11
2e-05,29065,6
2e-05,29066,1
2e-05,29067,12
2e-05,29068,10
2e-05,29069,6
2e-05,29070,6
2e-05,29071,10
2e-05,29072,5
2e-05,29073,13
2e-05,29074,2
2e-05,29075,0
2e-05,29076,7
2e-05,29077,1
2e-05,29078,11
2e-05,29079,5
2e-05,29080,6
2e-05,29081,9
2e-05,29082,11
2e-05,29083,9
2e-05,29084,10
2e-05,29085,12
2e-05,29086,10
2e-05,29087,3
2e-05,29088,3
2e-05,29089,1
2e-05,29090,1
2e-05,29091,11
2e-05,29092,2
2e-05,29093,1
2e-05,29094,6
2e-05,29095,9
2e-05,29096,5
2e-05,29097,11
2e-05,29098,5
2e-05,29099,0
2e-05,29100,3
2e-05,29101,6
2e-05,29102,11
2e-05,29103,8
2e-05,29104,9
2e-05,29105,6
2e-05,29106,9
2e-05,29107,10
2e-05,29108,6
2e-05,29109,0
2e-05,29110,9
2e-05,29111,1
2e-05,29112,10
2e-05,29113,9
2e-05,29114,5
2e-05,29115,12
2e-05,29116,9
2e-05,29117,6
2e-05,29118,13
2e-05,29119,1
2e-05,29120,2
2e-05,29121,1
2e-05,29122,2
2e-05,29123,11
2e-05,29124,0
2e-05,29125,0
2e-05,29126,1
2e-05,29127,8
2e-05,29128,11
2e-05,29129,0
2e-05,29130,5
2e-05,29131,1
2e-05,29132,9
2e-05,29133,0
2e-05,29134,1
2e-05,29135,9
2e-05,29136,13
2e-05,29137,12
2e-05,29138,3
2e-05,29139,9
2e-05,29140,5
2e-05,29141,9
2e-05,29142,5
2e-05,29143,9
2e-05,29144,11
2e-05,29145,2
2e-05,29146,0
2e-05,29147,1
2e-05,29148,11
2e-05,29149,13
2e-05,29150,12
2e-05,29151,0
2e-05,29152,10
2e-05,29153,3
2e-05,29154,2
2e-05,29155,6
2e-05,29156,5
2e-05,29157,12
2e-05,29158,10
2e-05,29159,9
2e-05,29160,10
2e-05,29161,9
2e-05,29162,11
2e-05,29163,11
2e-05,29164,3
2e-05,29165,3
2e-05,29166,6
2e-05,29167,11
2e-05,29168,0
2e-05,29169,2
2e-05,29170,0
2e-05,29171,5
2e-05,29172,10
2e-05,29173,2
2e-05,29174,13
2e-05,29175,13
2e-05,29176,6
2e-05,29177,1
2e-05,29178,2
2e-05,29179,1
2e-05,29180,11
2e-05,29181,1
2e-05,29182,0
2e-05,29183,6
2e-05,29184,6
2e-05,29185,11
2e-05,29186,5
2e-05,29187,6
2e-05,29188,11
2e-05,29189,12
2e-05,29190,6
2e-05,29191,10
2e-05,29192,9
2e-05,29193,11
2e-05,29194,9
2e-05,29195,5
2e-05,29196,9
2e-05,29197,3
2e-05,29198,12
2e-05,29199,10
2e-05,29200,13
2e-05,29201,12
2e-05,29202,2
2e-05,29203,5
2e-05,29204,8
2e-05,29205,9
2e-05,29206,6
2e-05,29207,0
2e-05,29208,2
2e-05,29209,12
2e-05,29210,3
2e-05,29211,10
2e-05,29212,1
2e-05,29213,3
2e-05,29214,2
2e-05,29215,1
2e-05,29216,5
2e-05,29217,5
2e-05,29218,5
2e-05,29219,12
2e-05,29220,6
2e-05,29221,6
2e-05,29222,11
2e-05,29223,6
2e-05,29224,9
2e-05,29225,10
2e-05,29226,11
2e-05,29227,6
2e-05,29228,12
2e-05,29229,2
2e-05,29230,5
2e-05,29231,9
2e-05,29232,1
2e-05,29233,6
2e-05,29234,13
2e-05,29235,6
2e-05,29236,12
2e-05,29237,6
2e-05,29238,5
2e-05,29239,6
2e-05,29240,6
2e-05,29241,0
2e-05,29242,2
2e-05,29243,11
2e-05,29244,3
2e-05,29245,12
2e-05,29246,1
2e-05,29247,1
2e-05,29248,1
2e-05,29249,0
2e-05,29250,11
2e-05,29251,0
2e-05,29252,2
2e-05,29253,12
2e-05,29254,3
2e-05,29255,13
2e-05,29256,3
2e-05,29257,17
2e-05,29258,11
2e-05,29259,3
2e-05,29260,9
2e-05,29261,6
2e-05,29262,12
2e-05,29263,6
2e-05,29264,6
2e-05,29265,12
2e-05,29266,5
2e-05,29267,10
2e-05,29268,0
2e-05,29269,2
2e-05,29270,13
2e-05,29271,10
2e-05,29272,11
2e-05,29273,0
2e-05,29274,1
2e-05,29275,3
2e-05,29276,12
2e-05,29277,2
2e-05,29278,2
2e-05,29279,3
2e-05,29280,13
2e-05,29281,11
2e-05,29282,6
2e-05,29283,5
2e-05,29284,11
2e-05,29285,3
2e-05,29286,4
2e-05,29287,2
2e-05,29288,13
2e-05,29289,3
2e-05,29290,0
2e-05,29291,2
2e-05,29292,10
2e-05,29293,8
2e-05,29294,9
2e-05,29295,11
2e-05,29296,2
2e-05,29297,2
2e-05,29298,0
2e-05,29299,12
2e-05,29300,5
2e-05,29301,0
2e-05,29302,12
2e-05,29303,9
2e-05,29304,12
2e-05,29305,13
2e-05,29306,11
2e-05,29307,9
2e-05,29308,0
2e-05,29309,3
2e-05,29310,1
2e-05,29311,3
2e-05,29312,9
2e-05,29313,2
2e-05,29314,9
2e-05,29315,0
2e-05,29316,6
2e-05,29317,10
2e-05,29318,13
2e-05,29319,1
2e-05,29320,11
2e-05,29321,11
2e-05,29322,6
2e-05,29323,5
2e-05,29324,3
2e-05,29325,9
2e-05,29326,12
2e-05,29327,6
2e-05,29328,3
2e-05,29329,12
2e-05,29330,11
2e-05,29331,12
2e-05,29332,6
2e-05,29333,0
2e-05,29334,3
2e-05,29335,0
2e-05,29336,16
2e-05,29337,11
2e-05,29338,2
2e-05,29339,1
2e-05,29340,10
2e-05,29341,2
2e-05,29342,8
2e-05,29343,6
2e-05,29344,1
2e-05,29345,1
2e-05,29346,5
2e-05,29347,0
2e-05,29348,3
2e-05,29349,9
2e-05,29350,3
2e-05,29351,11
2e-05,29352,5
2e-05,29353,10
2e-05,29354,1
2e-05,29355,2
2e-05,29356,0
2e-05,29357,1
2e-05,29358,16
2e-05,29359,3
2e-05,29360,0
2e-05,29361,2
2e-05,29362,0
2e-05,29363,11
2e-05,29364,1
2e-05,29365,1
2e-05,29366,3
2e-05,29367,1
2e-05,29368,9
2e-05,29369,10
2e-05,29370,0
2e-05,29371,6
2e-05,29372,3
2e-05,29373,3
2e-05,29374,12
2e-05,29375,12
2e-05,29376,1
2e-05,29377,2
2e-05,29378,1
2e-05,29379,11
2e-05,29380,11
2e-05,29381,6
2e-05,29382,0
2e-05,29383,12
2e-05,29384,0
2e-05,29385,12
2e-05,29386,13
2e-05,29387,13
2e-05,29388,0
2e-05,29389,9
2e-05,29390,12
2e-05,29391,3
2e-05,29392,1
2e-05,29393,3
2e-05,29394,0
2e-05,29395,3
2e-05,29396,13
2e-05,29397,13
2e-05,29398,11
2e-05,29399,11
2e-05,29400,3
2e-05,29401,11
2e-05,29402,0
2e-05,29403,10
2e-05,29404,0
2e-05,29405,3
2e-05,29406,0
2e-05,29407,0
2e-05,29408,0
2e-05,29409,3
2e-05,29410,5
2e-05,29411,9
2e-05,29412,2
2e-05,29413,9
2e-05,29414,6
2e-05,29415,2
2e-05,29416,2
2e-05,29417,2
2e-05,29418,12
2e-05,29419,10
2e-05,29420,13
2e-05,29421,1
2e-05,29422,2
2e-05,29423,11
2e-05,29424,2
2e-05,29425,5
2e-05,29426,8
2e-05,29427,10
2e-05,29428,2
2e-05,29429,0
2e-05,29430,9
2e-05,29431,9
2e-05,29432,2
2e-05,29433,5
2e-05,29434,0
2e-05,29435,0
2e-05,29436,11
2e-05,29437,10
2e-05,29438,0
2e-05,29439,0
2e-05,29440,12
2e-05,29441,0
2e-05,29442,1
2e-05,29443,9
2e-05,29444,5
2e-05,29445,0
2e-05,29446,9
2e-05,29447,9
2e-05,29448,9
2e-05,29449,6
2e-05,29450,1
2e-05,29451,9
2e-05,29452,0
2e-05,29453,12
2e-05,29454,2
2e-05,29455,9
2e-05,29456,9
2e-05,29457,1
2e-05,29458,5
2e-05,29459,6
2e-05,29460,16
2e-05,29461,12
2e-05,29462,10
2e-05,29463,6
2e-05,29464,0
2e-05,29465,5
2e-05,29466,6
2e-05,29467,11
2e-05,29468,12
2e-05,29469,3
2e-05,29470,0
2e-05,29471,11
2e-05,29472,11
2e-05,29473,11
2e-05,29474,10
2e-05,29475,3
2e-05,29476,1
2e-05,29477,16
2e-05,29478,5
2e-05,29479,3
2e-05,29480,10
2e-05,29481,2
2e-05,29482,12
2e-05,29483,11
2e-05,29484,13
2e-05,29485,0
2e-05,29486,10
2e-05,29487,6
2e-05,29488,3
2e-05,29489,2
2e-05,29490,3
2e-05,29491,10
2e-05,29492,10
2e-05,29493,1
2e-05,29494,9
2e-05,29495,4
2e-05,29496,5
2e-05,29497,10
2e-05,29498,1
2e-05,29499,11
2e-05,29500,3
2e-05,29501,11
2e-05,29502,12
2e-05,29503,11
2e-05,29504,4
2e-05,29505,9
2e-05,29506,6
2e-05,29507,3
2e-05,29508,11
2e-05,29509,6
2e-05,29510,1
2e-05,29511,13
2e-05,29512,12
2e-05,29513,10
2e-05,29514,9
2e-05,29515,0
2e-05,29516,5
2e-05,29517,0
2e-05,29518,13
2e-05,29519,9
2e-05,29520,12
2e-05,29521,9
2e-05,29522,9
2e-05,29523,11
2e-05,29524,2
2e-05,29525,5
2e-05,29526,5
2e-05,29527,1
2e-05,29528,10
2e-05,29529,6
2e-05,29530,3
2e-05,29531,9
2e-05,29532,0
2e-05,29533,0
2e-05,29534,1
2e-05,29535,12
2e-05,29536,0
2e-05,29537,5
2e-05,29538,13
2e-05,29539,2
2e-05,29540,9
2e-05,29541,10
2e-05,29542,10
2e-05,29543,5
2e-05,29544,0
2e-05,29545,1
2e-05,29546,9
2e-05,29547,1
2e-05,29548,13
2e-05,29549,12
2e-05,29550,5
2e-05,29551,9
2e-05,29552,5
2e-05,29553,5
2e-05,29554,0
2e-05,29555,3
2e-05,29556,2
2e-05,29557,9
2e-05,29558,5
2e-05,29559,10
2e-05,29560,0
2e-05,29561,2
2e-05,29562,9
2e-05,29563,11
2e-05,29564,3
2e-05,29565,1
2e-05,29566,2
2e-05,29567,10
2e-05,29568,5
2e-05,29569,13
2e-05,29570,12
2e-05,29571,4
2e-05,29572,4
2e-05,29573,9
2e-05,29574,5
2e-05,29575,10
2e-05,29576,4
2e-05,29577,12
2e-05,29578,5
2e-05,29579,0
2e-05,29580,9
2e-05,29581,2
2e-05,29582,6
2e-05,29583,0
2e-05,29584,9
2e-05,29585,10
2e-05,29586,0
2e-05,29587,9
2e-05,29588,0
2e-05,29589,0
2e-05,29590,5
2e-05,29591,10
2e-05,29592,5
2e-05,29593,2
2e-05,29594,11
2e-05,29595,0
2e-05,29596,5
2e-05,29597,6
2e-05,29598,13
2e-05,29599,6
2e-05,29600,11
2e-05,29601,2
2e-05,29602,6
2e-05,29603,13
2e-05,29604,0
2e-05,29605,11
2e-05,29606,11
2e-05,29607,11
2e-05,29608,3
2e-05,29609,10
2e-05,29610,11
2e-05,29611,11
2e-05,29612,1
2e-05,29613,9
2e-05,29614,3
2e-05,29615,3
2e-05,29616,5
2e-05,29617,11
2e-05,29618,6
2e-05,29619,1
2e-05,29620,1
2e-05,29621,0
2e-05,29622,1
2e-05,29623,1
2e-05,29624,2
2e-05,29625,3
2e-05,29626,13
2e-05,29627,0
2e-05,29628,0
2e-05,29629,10
2e-05,29630,3
2e-05,29631,2
2e-05,29632,11
2e-05,29633,10
2e-05,29634,5
2e-05,29635,11
2e-05,29636,13
2e-05,29637,5
2e-05,29638,2
2e-05,29639,2
2e-05,29640,10
2e-05,29641,1
2e-05,29642,11
2e-05,29643,13
2e-05,29644,11
2e-05,29645,0
2e-05,29646,3
2e-05,29647,6
2e-05,29648,13
2e-05,29649,16
2e-05,29650,0
2e-05,29651,13
2e-05,29652,10
2e-05,29653,5
2e-05,29654,0
2e-05,29655,5
2e-05,29656,0
2e-05,29657,1
2e-05,29658,12
2e-05,29659,2
2e-05,29660,3
2e-05,29661,13
2e-05,29662,10
2e-05,29663,1
2e-05,29664,10
2e-05,29665,5
2e-05,29666,9
2e-05,29667,0
2e-05,29668,10
2e-05,29669,11
2e-05,29670,9
2e-05,29671,11
2e-05,29672,13
2e-05,29673,6
2e-05,29674,6
2e-05,29675,11
2e-05,29676,10
2e-05,29677,11
2e-05,29678,6
2e-05,29679,6
2e-05,29680,12
2e-05,29681,5
2e-05,29682,6
2e-05,29683,2
2e-05,29684,9
2e-05,29685,5
2e-05,29686,1
2e-05,29687,13
2e-05,29688,10
2e-05,29689,6
2e-05,29690,1
2e-05,29691,3
2e-05,29692,2
2e-05,29693,13
2e-05,29694,9
2e-05,29695,2
2e-05,29696,3
2e-05,29697,3
2e-05,29698,11
2e-05,29699,3
2e-05,29700,6
2e-05,29701,12
2e-05,29702,16
2e-05,29703,17
2e-05,29704,6
2e-05,29705,12
2e-05,29706,6
2e-05,29707,9
2e-05,29708,9
2e-05,29709,1
2e-05,29710,11
2e-05,29711,1
2e-05,29712,6
2e-05,29713,9
2e-05,29714,0
2e-05,29715,6
2e-05,29716,9
2e-05,29717,9
2e-05,29718,9
2e-05,29719,11
2e-05,29720,0
2e-05,29721,11
2e-05,29722,3
2e-05,29723,11
2e-05,29724,0
2e-05,29725,11
2e-05,29726,9
2e-05,29727,10
2e-05,29728,10
2e-05,29729,0
2e-05,29730,12
2e-05,29731,1
2e-05,29732,3
2e-05,29733,10
2e-05,29734,10
2e-05,29735,2
2e-05,29736,8
2e-05,29737,0
2e-05,29738,1
2e-05,29739,13
2e-05,29740,13
2e-05,29741,9
2e-05,29742,17
2e-05,29743,6
2e-05,29744,13
2e-05,29745,10
2e-05,29746,2
2e-05,29747,5
2e-05,29748,0
2e-05,29749,10
2e-05,29750,0
2e-05,29751,12
2e-05,29752,9
2e-05,29753,13
2e-05,29754,3
2e-05,29755,12
2e-05,29756,1
2e-05,29757,1
2e-05,29758,3
2e-05,29759,2
2e-05,29760,6
2e-05,29761,9
2e-05,29762,6
2e-05,29763,8
2e-05,29764,3
2e-05,29765,10
2e-05,29766,5
2e-05,29767,13
2e-05,29768,10
2e-05,29769,11
2e-05,29770,9
2e-05,29771,13
2e-05,29772,10
2e-05,29773,9
2e-05,29774,1
2e-05,29775,9
2e-05,29776,11
2e-05,29777,11
2e-05,29778,11
2e-05,29779,9
2e-05,29780,1
2e-05,29781,9
2e-05,29782,12
2e-05,29783,10
2e-05,29784,12
2e-05,29785,13
2e-05,29786,1
2e-05,29787,3
2e-05,29788,13
2e-05,29789,11
2e-05,29790,11
2e-05,29791,11
2e-05,29792,10
2e-05,29793,10
2e-05,29794,2
2e-05,29795,12
2e-05,29796,14
2e-05,29797,1
2e-05,29798,11
2e-05,29799,2
2e-05,29800,11
2e-05,29801,1
2e-05,29802,1
2e-05,29803,13
2e-05,29804,2
2e-05,29805,10
2e-05,29806,1
2e-05,29807,6
2e-05,29808,10
2e-05,29809,2
2e-05,29810,6
2e-05,29811,0
2e-05,29812,9
2e-05,29813,12
2e-05,29814,2
2e-05,29815,12
2e-05,29816,12
2e-05,29817,12
2e-05,29818,6
2e-05,29819,11
2e-05,29820,11
2e-05,29821,9
2e-05,29822,11
2e-05,29823,9
2e-05,29824,6
2e-05,29825,9
2e-05,29826,11
2e-05,29827,0
2e-05,29828,11
2e-05,29829,12
2e-05,29830,5
2e-05,29831,6
2e-05,29832,3
2e-05,29833,5
2e-05,29834,10
2e-05,29835,6
2e-05,29836,5
2e-05,29837,0
2e-05,29838,11
2e-05,29839,1
2e-05,29840,9
2e-05,29841,11
2e-05,29842,2
2e-05,29843,12
2e-05,29844,5
2e-05,29845,6
2e-05,29846,11
2e-05,29847,13
2e-05,29848,11
2e-05,29849,5
2e-05,29850,10
2e-05,29851,9
2e-05,29852,2
2e-05,29853,0
2e-05,29854,13
2e-05,29855,12
2e-05,29856,10
2e-05,29857,5
2e-05,29858,13
2e-05,29859,11
2e-05,29860,2
2e-05,29861,1
2e-05,29862,8
2e-05,29863,9
2e-05,29864,11
2e-05,29865,1
2e-05,29866,10
2e-05,29867,11
2e-05,29868,11
2e-05,29869,6
2e-05,29870,2
2e-05,29871,11
2e-05,29872,11
2e-05,29873,3
2e-05,29874,2
2e-05,29875,13
2e-05,29876,12
2e-05,29877,13
2e-05,29878,3
2e-05,29879,6
2e-05,29880,1
2e-05,29881,9
2e-05,29882,5
2e-05,29883,10
2e-05,29884,13
2e-05,29885,10
2e-05,29886,5
2e-05,29887,3
2e-05,29888,1
2e-05,29889,3
2e-05,29890,1
2e-05,29891,3
2e-05,29892,10
2e-05,29893,2
2e-05,29894,6
2e-05,29895,12
2e-05,29896,0
2e-05,29897,13
2e-05,29898,11
2e-05,29899,11
2e-05,29900,10
2e-05,29901,13
2e-05,29902,5
2e-05,29903,11
2e-05,29904,1
2e-05,29905,2
2e-05,29906,6
2e-05,29907,1
2e-05,29908,1
2e-05,29909,2
2e-05,29910,12
2e-05,29911,3
2e-05,29912,13
2e-05,29913,2
2e-05,29914,0
2e-05,29915,1
2e-05,29916,12
2e-05,29917,13
2e-05,29918,9
2e-05,29919,13
2e-05,29920,3
2e-05,29921,0
2e-05,29922,9
2e-05,29923,9
2e-05,29924,13
2e-05,29925,6
2e-05,29926,2
2e-05,29927,11
2e-05,29928,10
2e-05,29929,11
2e-05,29930,5
2e-05,29931,11
2e-05,29932,11
2e-05,29933,3
2e-05,29934,2
2e-05,29935,10
2e-05,29936,2
2e-05,29937,9
2e-05,29938,1
2e-05,29939,11
2e-05,29940,6
2e-05,29941,11
2e-05,29942,10
2e-05,29943,12
2e-05,29944,6
2e-05,29945,9
2e-05,29946,10
2e-05,29947,6
2e-05,29948,6
2e-05,29949,1
2e-05,29950,5
2e-05,29951,2
2e-05,29952,11
2e-05,29953,5
2e-05,29954,11
2e-05,29955,12
2e-05,29956,0
2e-05,29957,9
2e-05,29958,9
2e-05,29959,11
2e-05,29960,1
2e-05,29961,13
2e-05,29962,11
2e-05,29963,11
2e-05,29964,13
2e-05,29965,1
2e-05,29966,3
2e-05,29967,1
2e-05,29968,10
2e-05,29969,6
2e-05,29970,1
2e-05,29971,12
2e-05,29972,10
2e-05,29973,10
2e-05,29974,11
2e-05,29975,12
2e-05,29976,13
2e-05,29977,10
2e-05,29978,10
2e-05,29979,12
2e-05,29980,12
2e-05,29981,9
2e-05,29982,5
2e-05,29983,12
2e-05,29984,10
2e-05,29985,2
2e-05,29986,6
2e-05,29987,0
2e-05,29988,10
2e-05,29989,6
2e-05,29990,5
2e-05,29991,13
2e-05,29992,0
2e-05,29993,7
2e-05,29994,7
2e-05,29995,12
2e-05,29996,2
2e-05,29997,2
2e-05,29998,11
2e-05,29999,12
2e-05,30000,12
2e-05,30001,6
2e-05,30002,1
2e-05,30003,0
2e-05,30004,1
2e-05,30005,13
2e-05,30006,11
2e-05,30007,8
2e-05,30008,3
2e-05,30009,5
2e-05,30010,12
2e-05,30011,12
2e-05,30012,12
2e-05,30013,3
2e-05,30014,13
2e-05,30015,13
2e-05,30016,9
2e-05,30017,11
2e-05,30018,6
2e-05,30019,9
2e-05,30020,11
2e-05,30021,13
2e-05,30022,9
2e-05,30023,10
2e-05,30024,3
2e-05,30025,5
2e-05,30026,11
2e-05,30027,1
2e-05,30028,2
2e-05,30029,12
2e-05,30030,1
2e-05,30031,1
2e-05,30032,11
2e-05,30033,8
2e-05,30034,10
2e-05,30035,11
2e-05,30036,12
2e-05,30037,5
2e-05,30038,9
2e-05,30039,5
2e-05,30040,13
2e-05,30041,5
2e-05,30042,10
2e-05,30043,2
2e-05,30044,3
2e-05,30045,11
2e-05,30046,1
2e-05,30047,1
2e-05,30048,12
2e-05,30049,6
2e-05,30050,6
2e-05,30051,6
2e-05,30052,3
2e-05,30053,10
2e-05,30054,9
2e-05,30055,0
2e-05,30056,2
2e-05,30057,5
2e-05,30058,9
2e-05,30059,13
2e-05,30060,2
2e-05,30061,0
2e-05,30062,2
2e-05,30063,5
2e-05,30064,10
2e-05,30065,3
2e-05,30066,12
2e-05,30067,2
2e-05,30068,12
2e-05,30069,10
2e-05,30070,1
2e-05,30071,2
2e-05,30072,12
2e-05,30073,1
2e-05,30074,2
2e-05,30075,12
2e-05,30076,10
2e-05,30077,13
2e-05,30078,12
2e-05,30079,11
2e-05,30080,6
2e-05,30081,10
2e-05,30082,11
2e-05,30083,5
2e-05,30084,3
2e-05,30085,5
2e-05,30086,10
2e-05,30087,9
2e-05,30088,11
2e-05,30089,11
2e-05,30090,6
2e-05,30091,5
2e-05,30092,6
2e-05,30093,9
2e-05,30094,8
2e-05,30095,6
2e-05,30096,10
2e-05,30097,6
2e-05,30098,10
2e-05,30099,1
2e-05,30100,6
2e-05,30101,1
2e-05,30102,3
2e-05,30103,9
2e-05,30104,12
2e-05,30105,0
2e-05,30106,2
2e-05,30107,2
2e-05,30108,0
2e-05,30109,6
2e-05,30110,5
2e-05,30111,5
2e-05,30112,13
2e-05,30113,2
2e-05,30114,1
2e-05,30115,12
2e-05,30116,6
2e-05,30117,0
2e-05,30118,6
2e-05,30119,13
2e-05,30120,9
2e-05,30121,2
2e-05,30122,6
2e-05,30123,10
2e-05,30124,0
2e-05,30125,13
2e-05,30126,11
2e-05,30127,3
2e-05,30128,10
2e-05,30129,10
2e-05,30130,6
2e-05,30131,3
2e-05,30132,6
2e-05,30133,13
2e-05,30134,6
2e-05,30135,12
2e-05,30136,13
2e-05,30137,11
2e-05,30138,12
2e-05,30139,6
2e-05,30140,9
2e-05,30141,5
2e-05,30142,11
2e-05,30143,12
2e-05,30144,13
2e-05,30145,2
2e-05,30146,12
2e-05,30147,6
2e-05,30148,10
2e-05,30149,6
2e-05,30150,6
2e-05,30151,1
2e-05,30152,9
2e-05,30153,5
2e-05,30154,1
2e-05,30155,6
2e-05,30156,17
2e-05,30157,11
2e-05,30158,10
2e-05,30159,5
2e-05,30160,0
2e-05,30161,11
2e-05,30162,10
2e-05,30163,2
2e-05,30164,6
2e-05,30165,12
2e-05,30166,2
2e-05,30167,2
2e-05,30168,12
2e-05,30169,9
2e-05,30170,1
2e-05,30171,10
2e-05,30172,12
2e-05,30173,5
2e-05,30174,12
2e-05,30175,11
2e-05,30176,3
2e-05,30177,12
2e-05,30178,5
2e-05,30179,6
2e-05,30180,1
2e-05,30181,11
2e-05,30182,11
2e-05,30183,1
2e-05,30184,12
2e-05,30185,12
2e-05,30186,0
2e-05,30187,13
2e-05,30188,13
2e-05,30189,3
2e-05,30190,11
2e-05,30191,1
2e-05,30192,3
2e-05,30193,10
2e-05,30194,12
2e-05,30195,9
2e-05,30196,11
2e-05,30197,11
2e-05,30198,2
2e-05,30199,5
2e-05,30200,12
2e-05,30201,5
2e-05,30202,10
2e-05,30203,1
2e-05,30204,12
2e-05,30205,5
2e-05,30206,11
2e-05,30207,5
2e-05,30208,9
2e-05,30209,2
2e-05,30210,6
2e-05,30211,1
2e-05,30212,1
2e-05,30213,9
2e-05,30214,0
2e-05,30215,3
2e-05,30216,13
2e-05,30217,13
2e-05,30218,6
2e-05,30219,2
2e-05,30220,9
2e-05,30221,11
2e-05,30222,9
2e-05,30223,2
2e-05,30224,11
2e-05,30225,3
2e-05,30226,6
2e-05,30227,8
2e-05,30228,1
2e-05,30229,3
2e-05,30230,9
2e-05,30231,9
2e-05,30232,10
2e-05,30233,13
2e-05,30234,10
2e-05,30235,13
2e-05,30236,11
2e-05,30237,5
2e-05,30238,6
2e-05,30239,0
2e-05,30240,9
2e-05,30241,12
2e-05,30242,1
2e-05,30243,3
2e-05,30244,5
2e-05,30245,0
2e-05,30246,5
2e-05,30247,11
2e-05,30248,9
2e-05,30249,6
2e-05,30250,5
2e-05,30251,3
2e-05,30252,9
2e-05,30253,11
2e-05,30254,5
2e-05,30255,1
2e-05,30256,9
2e-05,30257,6
2e-05,30258,1
2e-05,30259,5
2e-05,30260,3
2e-05,30261,9
2e-05,30262,12
2e-05,30263,11
2e-05,30264,2
2e-05,30265,1
2e-05,30266,0
2e-05,30267,2
2e-05,30268,3
2e-05,30269,9
2e-05,30270,2
2e-05,30271,10
2e-05,30272,5
2e-05,30273,1
2e-05,30274,5
2e-05,30275,5
2e-05,30276,3
2e-05,30277,13
2e-05,30278,6
2e-05,30279,9
2e-05,30280,10
2e-05,30281,5
2e-05,30282,13
2e-05,30283,1
2e-05,30284,10
2e-05,30285,10
2e-05,30286,0
2e-05,30287,11
2e-05,30288,9
2e-05,30289,9
2e-05,30290,1
2e-05,30291,6
2e-05,30292,3
2e-05,30293,12
2e-05,30294,12
2e-05,30295,6
2e-05,30296,0
2e-05,30297,15
2e-05,30298,9
2e-05,30299,0
2e-05,30300,2
2e-05,30301,9
2e-05,30302,2
2e-05,30303,12
2e-05,30304,13
2e-05,30305,12
2e-05,30306,11
2e-05,30307,6
2e-05,30308,10
2e-05,30309,16
2e-05,30310,2
2e-05,30311,11
2e-05,30312,10
2e-05,30313,1
2e-05,30314,12
2e-05,30315,1
2e-05,30316,11
2e-05,30317,13
2e-05,30318,10
2e-05,30319,9
2e-05,30320,9
2e-05,30321,2
2e-05,30322,2
2e-05,30323,9
2e-05,30324,1
2e-05,30325,11
2e-05,30326,9
2e-05,30327,5
2e-05,30328,1
2e-05,30329,0
2e-05,30330,10
2e-05,30331,11
2e-05,30332,9
2e-05,30333,11
2e-05,30334,3
2e-05,30335,11
2e-05,30336,0
2e-05,30337,6
2e-05,30338,3
2e-05,30339,10
2e-05,30340,12
2e-05,30341,9
2e-05,30342,12
2e-05,30343,0
2e-05,30344,0
2e-05,30345,9
2e-05,30346,0
2e-05,30347,1
2e-05,30348,11
2e-05,30349,12
2e-05,30350,10
2e-05,30351,2
2e-05,30352,6
2e-05,30353,10
2e-05,30354,10
2e-05,30355,11
2e-05,30356,12
2e-05,30357,10
2e-05,30358,6
2e-05,30359,11
2e-05,30360,6
2e-05,30361,12
2e-05,30362,10
2e-05,30363,0
2e-05,30364,11
2e-05,30365,9
2e-05,30366,10
2e-05,30367,10
2e-05,30368,10
2e-05,30369,3
2e-05,30370,11
2e-05,30371,0
2e-05,30372,12
2e-05,30373,12
2e-05,30374,12
2e-05,30375,5
2e-05,30376,1
2e-05,30377,5
2e-05,30378,2
2e-05,30379,2
2e-05,30380,11
2e-05,30381,14
2e-05,30382,1
2e-05,30383,10
2e-05,30384,9
2e-05,30385,11
2e-05,30386,6
2e-05,30387,11
2e-05,30388,1
2e-05,30389,1
2e-05,30390,3
2e-05,30391,11
2e-05,30392,1
2e-05,30393,5
2e-05,30394,0
2e-05,30395,0
2e-05,30396,5
2e-05,30397,5
2e-05,30398,12
2e-05,30399,9
2e-05,30400,0
2e-05,30401,8
2e-05,30402,9
2e-05,30403,3
2e-05,30404,11
2e-05,30405,10
2e-05,30406,2
2e-05,30407,11
2e-05,30408,3
2e-05,30409,2
2e-05,30410,5
2e-05,30411,5
2e-05,30412,0
2e-05,30413,11
2e-05,30414,11
2e-05,30415,6
2e-05,30416,0
2e-05,30417,9
2e-05,30418,0
2e-05,30419,3
2e-05,30420,3
2e-05,30421,13
2e-05,30422,5
2e-05,30423,6
2e-05,30424,9
2e-05,30425,11
2e-05,30426,5
2e-05,30427,9
2e-05,30428,0
2e-05,30429,5
2e-05,30430,10
2e-05,30431,13
2e-05,30432,5
2e-05,30433,16
2e-05,30434,6
2e-05,30435,5
2e-05,30436,2
2e-05,30437,6
2e-05,30438,3
2e-05,30439,5
2e-05,30440,13
2e-05,30441,6
2e-05,30442,3
2e-05,30443,3
2e-05,30444,10
2e-05,30445,5
2e-05,30446,5
2e-05,30447,10
2e-05,30448,12
2e-05,30449,3
2e-05,30450,11
2e-05,30451,13
2e-05,30452,6
2e-05,30453,1
2e-05,30454,2
2e-05,30455,1
2e-05,30456,6
2e-05,30457,13
2e-05,30458,9
2e-05,30459,11
2e-05,30460,9
2e-05,30461,5
2e-05,30462,6
2e-05,30463,9
2e-05,30464,9
2e-05,30465,0
2e-05,30466,13
2e-05,30467,3
2e-05,30468,0
2e-05,30469,0
2e-05,30470,9
2e-05,30471,5
2e-05,30472,5
2e-05,30473,9
2e-05,30474,3
2e-05,30475,5
2e-05,30476,0
2e-05,30477,11
2e-05,30478,13
2e-05,30479,10
2e-05,30480,11
2e-05,30481,9
2e-05,30482,3
2e-05,30483,12
2e-05,30484,6
2e-05,30485,6
2e-05,30486,5
2e-05,30487,6
2e-05,30488,8
2e-05,30489,11
2e-05,30490,3
2e-05,30491,5
2e-05,30492,1
2e-05,30493,10
2e-05,30494,3
2e-05,30495,11
2e-05,30496,0
2e-05,30497,6
2e-05,30498,1
2e-05,30499,16
2e-05,30500,11
2e-05,30501,9
2e-05,30502,11
2e-05,30503,10
2e-05,30504,10
2e-05,30505,10
2e-05,30506,13
2e-05,30507,16
2e-05,30508,2
2e-05,30509,0
2e-05,30510,6
2e-05,30511,12
2e-05,30512,5
2e-05,30513,9
2e-05,30514,5
2e-05,30515,10
2e-05,30516,1
2e-05,30517,1
2e-05,30518,3
2e-05,30519,2
2e-05,30520,1
2e-05,30521,5
2e-05,30522,9
2e-05,30523,0
2e-05,30524,13
2e-05,30525,0
2e-05,30526,12
2e-05,30527,0
2e-05,30528,6
2e-05,30529,10
2e-05,30530,10
2e-05,30531,5
2e-05,30532,10
2e-05,30533,16
2e-05,30534,11
2e-05,30535,10
2e-05,30536,12
2e-05,30537,10
2e-05,30538,2
2e-05,30539,11
2e-05,30540,1
2e-05,30541,0
2e-05,30542,0
2e-05,30543,0
2e-05,30544,0
2e-05,30545,16
2e-05,30546,11
2e-05,30547,11
2e-05,30548,1
2e-05,30549,5
2e-05,30550,13
2e-05,30551,1
2e-05,30552,9
2e-05,30553,2
2e-05,30554,1
2e-05,30555,12
2e-05,30556,11
2e-05,30557,2
2e-05,30558,4
2e-05,30559,13
2e-05,30560,11
2e-05,30561,13
2e-05,30562,13
2e-05,30563,1
2e-05,30564,0
2e-05,30565,12
2e-05,30566,5
2e-05,30567,6
2e-05,30568,11
2e-05,30569,13
2e-05,30570,13
2e-05,30571,0
2e-05,30572,10
2e-05,30573,1
2e-05,30574,11
2e-05,30575,6
2e-05,30576,9
2e-05,30577,2
2e-05,30578,1
2e-05,30579,0
2e-05,30580,9
2e-05,30581,1
2e-05,30582,9
2e-05,30583,3
2e-05,30584,0
2e-05,30585,6
2e-05,30586,6
2e-05,30587,5
2e-05,30588,5
2e-05,30589,3
2e-05,30590,1
2e-05,30591,10
2e-05,30592,5
2e-05,30593,12
2e-05,30594,11
2e-05,30595,13
2e-05,30596,5
2e-05,30597,11
2e-05,30598,1
2e-05,30599,9
2e-05,30600,6
2e-05,30601,1
2e-05,30602,12
2e-05,30603,6
2e-05,30604,10
2e-05,30605,1
2e-05,30606,9
2e-05,30607,3
2e-05,30608,3
2e-05,30609,6
2e-05,30610,2
2e-05,30611,13
2e-05,30612,5
2e-05,30613,9
2e-05,30614,13
2e-05,30615,3
2e-05,30616,6
2e-05,30617,3
2e-05,30618,12
2e-05,30619,11
2e-05,30620,12
2e-05,30621,5
2e-05,30622,11
2e-05,30623,9
2e-05,30624,2
2e-05,30625,11
2e-05,30626,11
2e-05,30627,5
2e-05,30628,11
2e-05,30629,12
2e-05,30630,1
2e-05,30631,0
2e-05,30632,3
2e-05,30633,0
2e-05,30634,10
2e-05,30635,10
2e-05,30636,13
2e-05,30637,10
2e-05,30638,0
2e-05,30639,1
2e-05,30640,13
2e-05,30641,1
2e-05,30642,13
2e-05,30643,1
2e-05,30644,5
2e-05,30645,2
2e-05,30646,2
2e-05,30647,3
2e-05,30648,2
2e-05,30649,0
2e-05,30650,9
2e-05,30651,9
2e-05,30652,2
2e-05,30653,12
2e-05,30654,3
2e-05,30655,0
2e-05,30656,9
2e-05,30657,12
2e-05,30658,5
2e-05,30659,9
2e-05,30660,16
2e-05,30661,2
2e-05,30662,9
2e-05,30663,10
2e-05,30664,1
2e-05,30665,10
2e-05,30666,11
2e-05,30667,10
2e-05,30668,2
2e-05,30669,10
2e-05,30670,13
2e-05,30671,3
2e-05,30672,3
2e-05,30673,1
2e-05,30674,5
2e-05,30675,6
2e-05,30676,5
2e-05,30677,6
2e-05,30678,0
2e-05,30679,10
2e-05,30680,10
2e-05,30681,11
2e-05,30682,11
2e-05,30683,11
2e-05,30684,0
2e-05,30685,12
2e-05,30686,2
2e-05,30687,0
2e-05,30688,6
2e-05,30689,1
2e-05,30690,11
2e-05,30691,5
2e-05,30692,11
2e-05,30693,1
2e-05,30694,9
2e-05,30695,10
2e-05,30696,13
2e-05,30697,0
2e-05,30698,1
2e-05,30699,10
2e-05,30700,3
2e-05,30701,3
2e-05,30702,0
2e-05,30703,11
2e-05,30704,3
2e-05,30705,11
2e-05,30706,6
2e-05,30707,9
2e-05,30708,3
2e-05,30709,13
2e-05,30710,0
2e-05,30711,5
2e-05,30712,11
2e-05,30713,9
2e-05,30714,8
2e-05,30715,3
2e-05,30716,12
2e-05,30717,5
2e-05,30718,9
2e-05,30719,11
2e-05,30720,12
2e-05,30721,3
2e-05,30722,0
2e-05,30723,8
2e-05,30724,13
2e-05,30725,0
2e-05,30726,6
2e-05,30727,0
2e-05,30728,3
2e-05,30729,6
2e-05,30730,3
2e-05,30731,12
2e-05,30732,1
2e-05,30733,9
2e-05,30734,10
2e-05,30735,3
2e-05,30736,10
2e-05,30737,10
2e-05,30738,13
2e-05,30739,3
2e-05,30740,3
2e-05,30741,11
2e-05,30742,1
2e-05,30743,11
2e-05,30744,9
2e-05,30745,3
2e-05,30746,9
2e-05,30747,12
2e-05,30748,10
2e-05,30749,1
2e-05,30750,0
2e-05,30751,1
2e-05,30752,1
2e-05,30753,9
2e-05,30754,5
2e-05,30755,11
2e-05,30756,5
2e-05,30757,1
2e-05,30758,9
2e-05,30759,3
2e-05,30760,6
2e-05,30761,13
2e-05,30762,1
2e-05,30763,1
2e-05,30764,1
2e-05,30765,2
2e-05,30766,5
2e-05,30767,5
2e-05,30768,12
2e-05,30769,13
2e-05,30770,10
2e-05,30771,1
2e-05,30772,0
2e-05,30773,9
2e-05,30774,3
2e-05,30775,0
2e-05,30776,12
2e-05,30777,11
2e-05,30778,10
2e-05,30779,4
2e-05,30780,12
2e-05,30781,9
2e-05,30782,11
2e-05,30783,5
2e-05,30784,5
2e-05,30785,0
2e-05,30786,10
2e-05,30787,9
2e-05,30788,11
2e-05,30789,0
2e-05,30790,2
2e-05,30791,9
2e-05,30792,10
2e-05,30793,9
2e-05,30794,10
2e-05,30795,3
2e-05,30796,3
2e-05,30797,11
2e-05,30798,9
2e-05,30799,17
2e-05,30800,9
2e-05,30801,11
2e-05,30802,1
2e-05,30803,10
2e-05,30804,13
2e-05,30805,3
2e-05,30806,6
2e-05,30807,2
2e-05,30808,5
2e-05,30809,1
2e-05,30810,5
2e-05,30811,2
2e-05,30812,3
2e-05,30813,5
2e-05,30814,10
2e-05,30815,5
2e-05,30816,2
2e-05,30817,13
2e-05,30818,2
2e-05,30819,13
2e-05,30820,0
2e-05,30821,9
2e-05,30822,10
2e-05,30823,13
2e-05,30824,6
2e-05,30825,5
2e-05,30826,11
2e-05,30827,9
2e-05,30828,2
2e-05,30829,5
2e-05,30830,10
2e-05,30831,6
2e-05,30832,10
2e-05,30833,6
2e-05,30834,9
2e-05,30835,0
2e-05,30836,12
2e-05,30837,1
2e-05,30838,12
2e-05,30839,2
2e-05,30840,13
2e-05,30841,6
2e-05,30842,12
2e-05,30843,11
2e-05,30844,10
2e-05,30845,1
2e-05,30846,9
2e-05,30847,5
2e-05,30848,13
2e-05,30849,0
2e-05,30850,11
2e-05,30851,5
2e-05,30852,10
2e-05,30853,11
2e-05,30854,3
2e-05,30855,16
2e-05,30856,0
2e-05,30857,6
2e-05,30858,12
2e-05,30859,13
2e-05,30860,1
2e-05,30861,9
2e-05,30862,1
2e-05,30863,6
2e-05,30864,2
2e-05,30865,13
2e-05,30866,0
2e-05,30867,11
2e-05,30868,11
2e-05,30869,10
2e-05,30870,12
2e-05,30871,2
2e-05,30872,9
2e-05,30873,13
2e-05,30874,9
2e-05,30875,2
2e-05,30876,5
2e-05,30877,5
2e-05,30878,0
2e-05,30879,1
2e-05,30880,13
2e-05,30881,13
2e-05,30882,1
2e-05,30883,13
2e-05,30884,11
2e-05,30885,1
2e-05,30886,1
2e-05,30887,13
2e-05,30888,1
2e-05,30889,13
2e-05,30890,1
2e-05,30891,9
2e-05,30892,12
2e-05,30893,6
2e-05,30894,0
2e-05,30895,9
2e-05,30896,0
2e-05,30897,0
2e-05,30898,3
2e-05,30899,9
2e-05,30900,13
2e-05,30901,17
2e-05,30902,1
2e-05,30903,1
2e-05,30904,9
2e-05,30905,10
2e-05,30906,5
2e-05,30907,1
2e-05,30908,6
2e-05,30909,10
2e-05,30910,3
2e-05,30911,13
2e-05,30912,12
2e-05,30913,3
2e-05,30914,6
2e-05,30915,10
2e-05,30916,1
2e-05,30917,0
2e-05,30918,5
2e-05,30919,1
2e-05,30920,0
2e-05,30921,11
2e-05,30922,10
2e-05,30923,9
2e-05,30924,5
2e-05,30925,2
2e-05,30926,6
2e-05,30927,1
2e-05,30928,9
2e-05,30929,9
2e-05,30930,10
2e-05,30931,5
2e-05,30932,2
2e-05,30933,3
2e-05,30934,0
2e-05,30935,11
2e-05,30936,5
2e-05,30937,0
2e-05,30938,9
2e-05,30939,5
2e-05,30940,0
2e-05,30941,11
2e-05,30942,6
2e-05,30943,5
2e-05,30944,1
2e-05,30945,10
2e-05,30946,1
2e-05,30947,3
2e-05,30948,12
2e-05,30949,1
2e-05,30950,13
2e-05,30951,2
2e-05,30952,9
2e-05,30953,1
2e-05,30954,2
2e-05,30955,11
2e-05,30956,9
2e-05,30957,9
2e-05,30958,3
2e-05,30959,1
2e-05,30960,6
2e-05,30961,5
2e-05,30962,11
2e-05,30963,5
2e-05,30964,6
2e-05,30965,2
2e-05,30966,5
2e-05,30967,11
2e-05,30968,10
2e-05,30969,9
2e-05,30970,11
2e-05,30971,0
2e-05,30972,12
2e-05,30973,9
2e-05,30974,6
2e-05,30975,0
2e-05,30976,6
2e-05,30977,11
2e-05,30978,5
2e-05,30979,6
2e-05,30980,10
2e-05,30981,9
2e-05,30982,10
2e-05,30983,11
2e-05,30984,10
2e-05,30985,1
2e-05,30986,2
2e-05,30987,3
2e-05,30988,6
2e-05,30989,1
2e-05,30990,10
2e-05,30991,13
2e-05,30992,0
2e-05,30993,3
2e-05,30994,11
2e-05,30995,11
2e-05,30996,8
2e-05,30997,9
2e-05,30998,5
2e-05,30999,12
2e-05,31000,13
2e-05,31001,5
2e-05,31002,5
2e-05,31003,10
2e-05,31004,2
2e-05,31005,5
2e-05,31006,1
2e-05,31007,9
2e-05,31008,10
2e-05,31009,12
2e-05,31010,10
2e-05,31011,3
2e-05,31012,11
2e-05,31013,9
2e-05,31014,13
2e-05,31015,10
2e-05,31016,11
2e-05,31017,6
2e-05,31018,6
2e-05,31019,6
2e-05,31020,5
2e-05,31021,12
2e-05,31022,8
2e-05,31023,0
2e-05,31024,11
2e-05,31025,11
2e-05,31026,11
2e-05,31027,11
2e-05,31028,1
2e-05,31029,12
2e-05,31030,5
2e-05,31031,1
2e-05,31032,0
2e-05,31033,5
2e-05,31034,12
2e-05,31035,9
2e-05,31036,0
2e-05,31037,8
2e-05,31038,0
2e-05,31039,11
2e-05,31040,1
2e-05,31041,3
2e-05,31042,6
2e-05,31043,1
2e-05,31044,10
2e-05,31045,12
2e-05,31046,10
2e-05,31047,13
2e-05,31048,4
2e-05,31049,9
2e-05,31050,12
2e-05,31051,11
2e-05,31052,5
2e-05,31053,12
2e-05,31054,5
2e-05,31055,3
2e-05,31056,0
2e-05,31057,1
2e-05,31058,9
2e-05,31059,9
2e-05,31060,6
2e-05,31061,11
2e-05,31062,2
2e-05,31063,1
2e-05,31064,6
2e-05,31065,2
2e-05,31066,11
2e-05,31067,11
2e-05,31068,1
2e-05,31069,2
2e-05,31070,9
2e-05,31071,1
2e-05,31072,6
2e-05,31073,3
2e-05,31074,1
2e-05,31075,3
2e-05,31076,6
2e-05,31077,5
2e-05,31078,2
2e-05,31079,0
2e-05,31080,10
2e-05,31081,9
2e-05,31082,6
2e-05,31083,3
2e-05,31084,9
2e-05,31085,9
2e-05,31086,13
2e-05,31087,3
2e-05,31088,2
2e-05,31089,9
2e-05,31090,1
2e-05,31091,3
2e-05,31092,11
2e-05,31093,2
2e-05,31094,9
2e-05,31095,11
2e-05,31096,1
2e-05,31097,11
2e-05,31098,2
2e-05,31099,13
2e-05,31100,11
2e-05,31101,12
2e-05,31102,3
2e-05,31103,1
2e-05,31104,9
2e-05,31105,0
2e-05,31106,2
2e-05,31107,10
2e-05,31108,0
2e-05,31109,13
2e-05,31110,5
2e-05,31111,11
2e-05,31112,6
2e-05,31113,11
2e-05,31114,10
2e-05,31115,0
2e-05,31116,11
2e-05,31117,2
2e-05,31118,9
2e-05,31119,13
2e-05,31120,3
2e-05,31121,6
2e-05,31122,12
2e-05,31123,11
2e-05,31124,12
2e-05,31125,10
2e-05,31126,2
2e-05,31127,11
2e-05,31128,9
2e-05,31129,11
2e-05,31130,9
2e-05,31131,2
2e-05,31132,11
2e-05,31133,12
2e-05,31134,5
2e-05,31135,3
2e-05,31136,12
2e-05,31137,13
2e-05,31138,16
2e-05,31139,0
2e-05,31140,13
2e-05,31141,1
2e-05,31142,6
2e-05,31143,9
2e-05,31144,10
2e-05,31145,11
2e-05,31146,11
2e-05,31147,3
2e-05,31148,2
2e-05,31149,6
2e-05,31150,13
2e-05,31151,1
2e-05,31152,2
2e-05,31153,0
2e-05,31154,9
2e-05,31155,16
2e-05,31156,1
2e-05,31157,11
2e-05,31158,12
2e-05,31159,0
2e-05,31160,3
2e-05,31161,6
2e-05,31162,3
2e-05,31163,11
2e-05,31164,1
2e-05,31165,3
2e-05,31166,12
2e-05,31167,2
2e-05,31168,11
2e-05,31169,13
2e-05,31170,3
2e-05,31171,5
2e-05,31172,3
2e-05,31173,6
2e-05,31174,2
2e-05,31175,12
2e-05,31176,10
2e-05,31177,9
2e-05,31178,6
2e-05,31179,6
2e-05,31180,2
2e-05,31181,2
2e-05,31182,1
2e-05,31183,6
2e-05,31184,5
2e-05,31185,8
2e-05,31186,0
2e-05,31187,11
2e-05,31188,1
2e-05,31189,5
2e-05,31190,12
2e-05,31191,5
2e-05,31192,17
2e-05,31193,2
2e-05,31194,11
2e-05,31195,6
2e-05,31196,5
2e-05,31197,5
2e-05,31198,6
2e-05,31199,0
2e-05,31200,5
2e-05,31201,11
2e-05,31202,2
2e-05,31203,13
2e-05,31204,10
2e-05,31205,11
2e-05,31206,11
2e-05,31207,3
2e-05,31208,10
2e-05,31209,13
2e-05,31210,9
2e-05,31211,9
2e-05,31212,1
2e-05,31213,3
2e-05,31214,9
2e-05,31215,2
2e-05,31216,6
2e-05,31217,10
2e-05,31218,11
2e-05,31219,13
2e-05,31220,9
2e-05,31221,2
2e-05,31222,2
2e-05,31223,13
2e-05,31224,13
2e-05,31225,0
2e-05,31226,11
2e-05,31227,11
2e-05,31228,12
2e-05,31229,13
2e-05,31230,5
2e-05,31231,2
2e-05,31232,11
2e-05,31233,16
2e-05,31234,2
2e-05,31235,3
2e-05,31236,1
2e-05,31237,11
2e-05,31238,3
2e-05,31239,12
2e-05,31240,9
2e-05,31241,5
2e-05,31242,16
2e-05,31243,13
2e-05,31244,12
2e-05,31245,1
2e-05,31246,5
2e-05,31247,6
2e-05,31248,9
2e-05,31249,1
2e-05,31250,3
2e-05,31251,2
2e-05,31252,6
2e-05,31253,9
2e-05,31254,6
2e-05,31255,12
2e-05,31256,3
2e-05,31257,3
2e-05,31258,9
2e-05,31259,3
2e-05,31260,13
2e-05,31261,13
2e-05,31262,13
2e-05,31263,10
2e-05,31264,10
2e-05,31265,2
2e-05,31266,10
2e-05,31267,3
2e-05,31268,13
2e-05,31269,11
2e-05,31270,3
2e-05,31271,2
2e-05,31272,9
2e-05,31273,9
2e-05,31274,0
2e-05,31275,11
2e-05,31276,3
2e-05,31277,0
2e-05,31278,9
2e-05,31279,6
2e-05,31280,11
2e-05,31281,10
2e-05,31282,2
2e-05,31283,13
2e-05,31284,12
2e-05,31285,0
2e-05,31286,13
2e-05,31287,11
2e-05,31288,6
2e-05,31289,1
2e-05,31290,6
2e-05,31291,10
2e-05,31292,9
2e-05,31293,2
2e-05,31294,10
2e-05,31295,13
2e-05,31296,9
2e-05,31297,11
2e-05,31298,11
2e-05,31299,10
2e-05,31300,0
2e-05,31301,2
2e-05,31302,9
2e-05,31303,13
2e-05,31304,0
2e-05,31305,10
2e-05,31306,10
2e-05,31307,6
2e-05,31308,6
2e-05,31309,1
2e-05,31310,0
2e-05,31311,3
2e-05,31312,10
2e-05,31313,6
2e-05,31314,9
2e-05,31315,5
2e-05,31316,5
2e-05,31317,2
2e-05,31318,0
2e-05,31319,3
2e-05,31320,0
2e-05,31321,13
2e-05,31322,1
2e-05,31323,16
2e-05,31324,16
2e-05,31325,12
2e-05,31326,11
2e-05,31327,9
2e-05,31328,12
2e-05,31329,1
2e-05,31330,0
2e-05,31331,9
2e-05,31332,11
2e-05,31333,13
2e-05,31334,9
2e-05,31335,13
2e-05,31336,10
2e-05,31337,11
2e-05,31338,3
2e-05,31339,1
2e-05,31340,12
2e-05,31341,3
2e-05,31342,0
2e-05,31343,9
2e-05,31344,1
2e-05,31345,2
2e-05,31346,3
2e-05,31347,13
2e-05,31348,2
2e-05,31349,0
2e-05,31350,12
2e-05,31351,11
2e-05,31352,9
2e-05,31353,0
2e-05,31354,5
2e-05,31355,0
2e-05,31356,0
2e-05,31357,2
2e-05,31358,9
2e-05,31359,11
2e-05,31360,10
2e-05,31361,10
2e-05,31362,11
2e-05,31363,0
2e-05,31364,1
2e-05,31365,12
2e-05,31366,1
2e-05,31367,6
2e-05,31368,2
2e-05,31369,0
2e-05,31370,6
2e-05,31371,2
2e-05,31372,2
2e-05,31373,9
2e-05,31374,0
2e-05,31375,12
2e-05,31376,5
2e-05,31377,6
2e-05,31378,11
2e-05,31379,13
2e-05,31380,13
2e-05,31381,6
2e-05,31382,11
2e-05,31383,15
2e-05,31384,6
2e-05,31385,3
2e-05,31386,12
2e-05,31387,3
2e-05,31388,2
2e-05,31389,1
2e-05,31390,10
2e-05,31391,5
2e-05,31392,12
2e-05,31393,11
2e-05,31394,3
2e-05,31395,11
2e-05,31396,16
2e-05,31397,5
2e-05,31398,13
2e-05,31399,5
2e-05,31400,5
2e-05,31401,13
2e-05,31402,12
2e-05,31403,2
2e-05,31404,9
2e-05,31405,3
2e-05,31406,2
2e-05,31407,10
2e-05,31408,11
2e-05,31409,11
2e-05,31410,9
2e-05,31411,0
2e-05,31412,9
2e-05,31413,13
2e-05,31414,10
2e-05,31415,5
2e-05,31416,8
2e-05,31417,3
2e-05,31418,6
2e-05,31419,8
2e-05,31420,12
2e-05,31421,9
2e-05,31422,11
2e-05,31423,3
2e-05,31424,2
2e-05,31425,10
2e-05,31426,6
2e-05,31427,0
2e-05,31428,1
2e-05,31429,13
2e-05,31430,3
2e-05,31431,9
2e-05,31432,1
2e-05,31433,6
2e-05,31434,11
2e-05,31435,0
2e-05,31436,13
2e-05,31437,6
2e-05,31438,13
2e-05,31439,12
2e-05,31440,10
2e-05,31441,16
2e-05,31442,0
2e-05,31443,6
2e-05,31444,16
2e-05,31445,8
2e-05,31446,11
2e-05,31447,0
2e-05,31448,5
2e-05,31449,11
2e-05,31450,0
2e-05,31451,12
2e-05,31452,3
2e-05,31453,3
2e-05,31454,16
2e-05,31455,10
2e-05,31456,3
2e-05,31457,12
2e-05,31458,3
2e-05,31459,11
2e-05,31460,13
2e-05,31461,13
2e-05,31462,1
2e-05,31463,11
2e-05,31464,6
2e-05,31465,12
2e-05,31466,9
2e-05,31467,10
2e-05,31468,4
2e-05,31469,0
2e-05,31470,1
2e-05,31471,3
2e-05,31472,3
2e-05,31473,10
2e-05,31474,13
2e-05,31475,3
2e-05,31476,3
2e-05,31477,5
2e-05,31478,11
2e-05,31479,12
2e-05,31480,1
2e-05,31481,9
2e-05,31482,5
2e-05,31483,5
2e-05,31484,1
2e-05,31485,0
2e-05,31486,1
2e-05,31487,1
2e-05,31488,1
2e-05,31489,11
2e-05,31490,2
2e-05,31491,9
2e-05,31492,13
2e-05,31493,10
2e-05,31494,4
2e-05,31495,13
2e-05,31496,12
2e-05,31497,10
2e-05,31498,3
2e-05,31499,0
2e-05,31500,9
2e-05,31501,11
2e-05,31502,10
2e-05,31503,1
2e-05,31504,13
2e-05,31505,10
2e-05,31506,0
2e-05,31507,12
2e-05,31508,3
2e-05,31509,1
2e-05,31510,10
2e-05,31511,17
2e-05,31512,9
2e-05,31513,10
2e-05,31514,2
2e-05,31515,3
2e-05,31516,10
2e-05,31517,3
2e-05,31518,3
2e-05,31519,6
2e-05,31520,12
2e-05,31521,2
2e-05,31522,0
2e-05,31523,3
2e-05,31524,9
2e-05,31525,1
2e-05,31526,0
2e-05,31527,2
2e-05,31528,10
2e-05,31529,11
2e-05,31530,11
2e-05,31531,10
2e-05,31532,5
2e-05,31533,12
2e-05,31534,14
2e-05,31535,10
2e-05,31536,10
2e-05,31537,12
2e-05,31538,8
2e-05,31539,11
2e-05,31540,5
2e-05,31541,12
2e-05,31542,2
2e-05,31543,0
2e-05,31544,0
2e-05,31545,12
2e-05,31546,12
2e-05,31547,12
2e-05,31548,1
2e-05,31549,9
2e-05,31550,0
2e-05,31551,9
2e-05,31552,9
2e-05,31553,6
2e-05,31554,6
2e-05,31555,3
2e-05,31556,0
2e-05,31557,2
2e-05,31558,3
2e-05,31559,6
2e-05,31560,12
2e-05,31561,5
2e-05,31562,9
2e-05,31563,12
2e-05,31564,0
2e-05,31565,6
2e-05,31566,5
2e-05,31567,12
2e-05,31568,2
2e-05,31569,12
2e-05,31570,10
2e-05,31571,5
2e-05,31572,0
2e-05,31573,9
2e-05,31574,0
2e-05,31575,11
2e-05,31576,11
2e-05,31577,11
2e-05,31578,10
2e-05,31579,5
2e-05,31580,13
2e-05,31581,11
2e-05,31582,0
2e-05,31583,0
2e-05,31584,5
2e-05,31585,3
2e-05,31586,1
2e-05,31587,1
2e-05,31588,13
2e-05,31589,2
2e-05,31590,2
2e-05,31591,6
2e-05,31592,1
2e-05,31593,0
2e-05,31594,1
2e-05,31595,17
2e-05,31596,1
2e-05,31597,9
2e-05,31598,1
2e-05,31599,12
2e-05,31600,11
2e-05,31601,2
2e-05,31602,9
2e-05,31603,2
2e-05,31604,6
2e-05,31605,3
2e-05,31606,2
2e-05,31607,1
2e-05,31608,9
2e-05,31609,5
2e-05,31610,9
2e-05,31611,10
2e-05,31612,9
2e-05,31613,5
2e-05,31614,0
2e-05,31615,1
2e-05,31616,1
2e-05,31617,12
2e-05,31618,9
2e-05,31619,12
2e-05,31620,1
2e-05,31621,1
2e-05,31622,5
2e-05,31623,11
2e-05,31624,1
2e-05,31625,12
2e-05,31626,11
2e-05,31627,11
2e-05,31628,13
2e-05,31629,10
2e-05,31630,11
2e-05,31631,0
2e-05,31632,13
2e-05,31633,5
2e-05,31634,10
2e-05,31635,0
2e-05,31636,1
2e-05,31637,1
2e-05,31638,12
2e-05,31639,5
2e-05,31640,11
2e-05,31641,0
2e-05,31642,5
2e-05,31643,5
2e-05,31644,5
2e-05,31645,6
2e-05,31646,11
2e-05,31647,5
2e-05,31648,0
2e-05,31649,15
2e-05,31650,13
2e-05,31651,2
2e-05,31652,5
2e-05,31653,0
2e-05,31654,9
2e-05,31655,10
2e-05,31656,3
2e-05,31657,11
2e-05,31658,16
2e-05,31659,12
2e-05,31660,11
2e-05,31661,11
2e-05,31662,12
2e-05,31663,16
2e-05,31664,1
2e-05,31665,0
2e-05,31666,10
2e-05,31667,11
2e-05,31668,6
2e-05,31669,6
2e-05,31670,10
2e-05,31671,5
2e-05,31672,9
2e-05,31673,2
2e-05,31674,6
2e-05,31675,2
2e-05,31676,6
2e-05,31677,1
2e-05,31678,12
2e-05,31679,13
2e-05,31680,2
2e-05,31681,4
2e-05,31682,11
2e-05,31683,2
2e-05,31684,11
2e-05,31685,11
2e-05,31686,1
2e-05,31687,9
2e-05,31688,13
2e-05,31689,9
2e-05,31690,5
2e-05,31691,5
2e-05,31692,6
2e-05,31693,11
2e-05,31694,5
2e-05,31695,5
2e-05,31696,2
2e-05,31697,13
2e-05,31698,9
2e-05,31699,10
2e-05,31700,11
2e-05,31701,9
2e-05,31702,10
2e-05,31703,6
2e-05,31704,6
2e-05,31705,9
2e-05,31706,13
2e-05,31707,11
2e-05,31708,13
2e-05,31709,3
2e-05,31710,13
2e-05,31711,3
2e-05,31712,10
2e-05,31713,1
2e-05,31714,5
2e-05,31715,11
2e-05,31716,1
2e-05,31717,1
2e-05,31718,3
2e-05,31719,11
2e-05,31720,6
2e-05,31721,0
2e-05,31722,6
2e-05,31723,13
2e-05,31724,6
2e-05,31725,12
2e-05,31726,3
2e-05,31727,12
2e-05,31728,10
2e-05,31729,5
2e-05,31730,10
2e-05,31731,12
2e-05,31732,5
2e-05,31733,5
2e-05,31734,5
2e-05,31735,11
2e-05,31736,10
2e-05,31737,11
2e-05,31738,6
2e-05,31739,1
2e-05,31740,2
2e-05,31741,9
2e-05,31742,13
2e-05,31743,0
2e-05,31744,5
2e-05,31745,6
2e-05,31746,3
2e-05,31747,11
2e-05,31748,11
2e-05,31749,6
2e-05,31750,6
2e-05,31751,2
2e-05,31752,12
2e-05,31753,0
2e-05,31754,9
2e-05,31755,12
2e-05,31756,0
2e-05,31757,11
2e-05,31758,0
2e-05,31759,11
2e-05,31760,1
2e-05,31761,10
2e-05,31762,1
2e-05,31763,6
2e-05,31764,0
2e-05,31765,10
2e-05,31766,9
2e-05,31767,13
2e-05,31768,11
2e-05,31769,3
2e-05,31770,5
2e-05,31771,3
2e-05,31772,5
2e-05,31773,9
2e-05,31774,13
2e-05,31775,6
2e-05,31776,6
2e-05,31777,2
2e-05,31778,10
2e-05,31779,13
2e-05,31780,0
2e-05,31781,0
2e-05,31782,10
2e-05,31783,10
2e-05,31784,5
2e-05,31785,3
2e-05,31786,13
2e-05,31787,3
2e-05,31788,0
2e-05,31789,5
2e-05,31790,9
2e-05,31791,5
2e-05,31792,9
2e-05,31793,12
2e-05,31794,1
2e-05,31795,2
2e-05,31796,6
2e-05,31797,12
2e-05,31798,6
2e-05,31799,1
2e-05,31800,5
2e-05,31801,11
2e-05,31802,0
2e-05,31803,11
2e-05,31804,6
2e-05,31805,1
2e-05,31806,12
2e-05,31807,3
2e-05,31808,12
2e-05,31809,0
2e-05,31810,6
2e-05,31811,6
2e-05,31812,0
2e-05,31813,0
2e-05,31814,13
2e-05,31815,1
2e-05,31816,10
2e-05,31817,6
2e-05,31818,5
2e-05,31819,5
2e-05,31820,9
2e-05,31821,3
2e-05,31822,1
2e-05,31823,5
2e-05,31824,6
2e-05,31825,0
2e-05,31826,13
2e-05,31827,11
2e-05,31828,9
2e-05,31829,13
2e-05,31830,16
2e-05,31831,9
2e-05,31832,13
2e-05,31833,13
2e-05,31834,11
2e-05,31835,12
2e-05,31836,9
2e-05,31837,3
2e-05,31838,13
2e-05,31839,12
2e-05,31840,2
2e-05,31841,5
2e-05,31842,9
2e-05,31843,12
2e-05,31844,11
2e-05,31845,12
2e-05,31846,5
2e-05,31847,6
2e-05,31848,10
2e-05,31849,10
2e-05,31850,10
2e-05,31851,9
2e-05,31852,9
2e-05,31853,2
2e-05,31854,2
2e-05,31855,9
2e-05,31856,16
2e-05,31857,0
2e-05,31858,5
2e-05,31859,5
2e-05,31860,10
2e-05,31861,9
2e-05,31862,5
2e-05,31863,10
2e-05,31864,6
2e-05,31865,8
2e-05,31866,13
2e-05,31867,12
2e-05,31868,9
2e-05,31869,13
2e-05,31870,1
2e-05,31871,0
2e-05,31872,12
2e-05,31873,5
2e-05,31874,12
2e-05,31875,2
2e-05,31876,6
2e-05,31877,6
2e-05,31878,6
2e-05,31879,13
2e-05,31880,2
2e-05,31881,5
2e-05,31882,1
2e-05,31883,5
2e-05,31884,2
2e-05,31885,2
2e-05,31886,12
2e-05,31887,9
2e-05,31888,13
2e-05,31889,2
2e-05,31890,0
2e-05,31891,5
2e-05,31892,10
2e-05,31893,12
2e-05,31894,3
2e-05,31895,10
2e-05,31896,5
2e-05,31897,11
2e-05,31898,2
2e-05,31899,9
2e-05,31900,1
2e-05,31901,9
2e-05,31902,0
2e-05,31903,13
2e-05,31904,9
2e-05,31905,2
2e-05,31906,10
2e-05,31907,10
2e-05,31908,1
2e-05,31909,10
2e-05,31910,6
2e-05,31911,11
2e-05,31912,0
2e-05,31913,0
2e-05,31914,11
2e-05,31915,13
2e-05,31916,6
2e-05,31917,2
2e-05,31918,9
2e-05,31919,5
2e-05,31920,9
2e-05,31921,2
2e-05,31922,10
2e-05,31923,12
2e-05,31924,10
2e-05,31925,9
2e-05,31926,3
2e-05,31927,2
2e-05,31928,12
2e-05,31929,9
2e-05,31930,5
2e-05,31931,1
2e-05,31932,0
2e-05,31933,1
2e-05,31934,11
2e-05,31935,2
2e-05,31936,10
2e-05,31937,11
2e-05,31938,12
2e-05,31939,3
2e-05,31940,3
2e-05,31941,0
2e-05,31942,3
2e-05,31943,12
2e-05,31944,10
2e-05,31945,13
2e-05,31946,4
2e-05,31947,6
2e-05,31948,6
2e-05,31949,11
2e-05,31950,3
2e-05,31951,13
2e-05,31952,0
2e-05,31953,6
2e-05,31954,2
2e-05,31955,6
2e-05,31956,9
2e-05,31957,12
2e-05,31958,6
2e-05,31959,1
2e-05,31960,12
2e-05,31961,10
2e-05,31962,6
2e-05,31963,3
2e-05,31964,0
2e-05,31965,1
2e-05,31966,11
2e-05,31967,3
2e-05,31968,13
2e-05,31969,5
2e-05,31970,6
2e-05,31971,9
2e-05,31972,0
2e-05,31973,5
2e-05,31974,12
2e-05,31975,13
2e-05,31976,5
2e-05,31977,3
2e-05,31978,1
2e-05,31979,3
2e-05,31980,11
2e-05,31981,11
2e-05,31982,5
2e-05,31983,12
2e-05,31984,2
2e-05,31985,5
2e-05,31986,1
2e-05,31987,12
2e-05,31988,6
2e-05,31989,12
2e-05,31990,1
2e-05,31991,13
2e-05,31992,12
2e-05,31993,5
2e-05,31994,6
2e-05,31995,13
2e-05,31996,12
2e-05,31997,6
2e-05,31998,9
2e-05,31999,10
2e-05,32000,11
2e-05,32001,6
2e-05,32002,9
2e-05,32003,2
2e-05,32004,11
2e-05,32005,9
2e-05,32006,10
2e-05,32007,9
2e-05,32008,5
2e-05,32009,5
2e-05,32010,5
2e-05,32011,10
2e-05,32012,6
2e-05,32013,5
2e-05,32014,2
2e-05,32015,13
2e-05,32016,5
2e-05,32017,13
2e-05,32018,5
2e-05,32019,1
2e-05,32020,8
2e-05,32021,5
2e-05,32022,9
2e-05,32023,12
2e-05,32024,10
2e-05,32025,17
2e-05,32026,16
2e-05,32027,2
2e-05,32028,3
2e-05,32029,3
2e-05,32030,4
2e-05,32031,6
2e-05,32032,7
2e-05,32033,3
2e-05,32034,4
2e-05,32035,3
2e-05,32036,9
2e-05,32037,0
2e-05,32038,1
2e-05,32039,9
2e-05,32040,10
2e-05,32041,11
2e-05,32042,13
2e-05,32043,2
2e-05,32044,9
2e-05,32045,9
2e-05,32046,12
2e-05,32047,11
2e-05,32048,1
2e-05,32049,11
2e-05,32050,1
2e-05,32051,9
2e-05,32052,1
2e-05,32053,6
2e-05,32054,9
2e-05,32055,9
2e-05,32056,0
2e-05,32057,1
2e-05,32058,10
2e-05,32059,3
2e-05,32060,9
2e-05,32061,12
2e-05,32062,10
2e-05,32063,9
2e-05,32064,12
2e-05,32065,6
2e-05,32066,5
2e-05,32067,1
2e-05,32068,11
2e-05,32069,5
2e-05,32070,2
2e-05,32071,1
2e-05,32072,11
2e-05,32073,10
2e-05,32074,9
2e-05,32075,9
2e-05,32076,2
2e-05,32077,9
2e-05,32078,6
2e-05,32079,13
2e-05,32080,6
2e-05,32081,11
2e-05,32082,10
2e-05,32083,6
2e-05,32084,6
2e-05,32085,5
2e-05,32086,9
2e-05,32087,9
2e-05,32088,9
2e-05,32089,13
2e-05,32090,9
2e-05,32091,13
2e-05,32092,10
2e-05,32093,2
2e-05,32094,9
2e-05,32095,0
2e-05,32096,10
2e-05,32097,6
2e-05,32098,5
2e-05,32099,1
2e-05,32100,1
2e-05,32101,12
2e-05,32102,10
2e-05,32103,9
2e-05,32104,6
2e-05,32105,2
2e-05,32106,2
2e-05,32107,2
2e-05,32108,11
2e-05,32109,6
2e-05,32110,3
2e-05,32111,11
2e-05,32112,2
2e-05,32113,11
2e-05,32114,5
2e-05,32115,1
2e-05,32116,0
2e-05,32117,0
2e-05,32118,10
2e-05,32119,6
2e-05,32120,12
2e-05,32121,13
2e-05,32122,9
2e-05,32123,5
2e-05,32124,12
2e-05,32125,10
2e-05,32126,1
2e-05,32127,3
2e-05,32128,2
2e-05,32129,10
2e-05,32130,5
2e-05,32131,9
2e-05,32132,11
2e-05,32133,11
2e-05,32134,0
2e-05,32135,2
2e-05,32136,2
2e-05,32137,9
2e-05,32138,5
2e-05,32139,10
2e-05,32140,11
2e-05,32141,5
2e-05,32142,2
2e-05,32143,1
2e-05,32144,13
2e-05,32145,1
2e-05,32146,3
2e-05,32147,3
2e-05,32148,10
2e-05,32149,5
2e-05,32150,6
2e-05,32151,10
2e-05,32152,9
2e-05,32153,13
2e-05,32154,2
2e-05,32155,2
2e-05,32156,11
2e-05,32157,0
2e-05,32158,3
2e-05,32159,11
2e-05,32160,0
2e-05,32161,8
2e-05,32162,6
2e-05,32163,11
2e-05,32164,1
2e-05,32165,12
2e-05,32166,2
2e-05,32167,3
2e-05,32168,8
2e-05,32169,3
2e-05,32170,12
2e-05,32171,1
2e-05,32172,1
2e-05,32173,13
2e-05,32174,2
2e-05,32175,12
2e-05,32176,6
2e-05,32177,10
2e-05,32178,1
2e-05,32179,11
2e-05,32180,13
2e-05,32181,9
2e-05,32182,13
2e-05,32183,5
2e-05,32184,1
2e-05,32185,3
2e-05,32186,3
2e-05,32187,3
2e-05,32188,2
2e-05,32189,12
2e-05,32190,5
2e-05,32191,6
2e-05,32192,13
2e-05,32193,11
2e-05,32194,0
2e-05,32195,12
2e-05,32196,3
2e-05,32197,6
2e-05,32198,10
2e-05,32199,1
2e-05,32200,3
2e-05,32201,1
2e-05,32202,0
2e-05,32203,10
2e-05,32204,2
2e-05,32205,6
2e-05,32206,1
2e-05,32207,9
2e-05,32208,12
2e-05,32209,1
2e-05,32210,9
2e-05,32211,9
2e-05,32212,9
2e-05,32213,11
2e-05,32214,6
2e-05,32215,12
2e-05,32216,6
2e-05,32217,1
2e-05,32218,0
2e-05,32219,10
2e-05,32220,3
2e-05,32221,3
2e-05,32222,12
2e-05,32223,9
2e-05,32224,0
2e-05,32225,13
2e-05,32226,1
2e-05,32227,6
2e-05,32228,5
2e-05,32229,1
2e-05,32230,2
2e-05,32231,11
2e-05,32232,6
2e-05,32233,11
2e-05,32234,3
2e-05,32235,2
2e-05,32236,12
2e-05,32237,1
2e-05,32238,10
2e-05,32239,12
2e-05,32240,10
2e-05,32241,1
2e-05,32242,6
2e-05,32243,1
2e-05,32244,6
2e-05,32245,10
2e-05,32246,10
2e-05,32247,1
2e-05,32248,12
2e-05,32249,6
2e-05,32250,5
2e-05,32251,6
2e-05,32252,12
2e-05,32253,2
2e-05,32254,3
2e-05,32255,0
2e-05,32256,6
2e-05,32257,6
2e-05,32258,6
2e-05,32259,2
2e-05,32260,0
2e-05,32261,12
2e-05,32262,0
2e-05,32263,11
2e-05,32264,5
2e-05,32265,11
2e-05,32266,11
2e-05,32267,0
2e-05,32268,3
2e-05,32269,11
2e-05,32270,3
2e-05,32271,2
2e-05,32272,11
2e-05,32273,0
2e-05,32274,5
2e-05,32275,1
2e-05,32276,13
2e-05,32277,3
2e-05,32278,2
2e-05,32279,5
2e-05,32280,9
2e-05,32281,5
2e-05,32282,6
2e-05,32283,11
2e-05,32284,8
2e-05,32285,13
2e-05,32286,16
2e-05,32287,12
2e-05,32288,3
2e-05,32289,0
2e-05,32290,0
2e-05,32291,8
2e-05,32292,12
2e-05,32293,3
2e-05,32294,1
2e-05,32295,10
2e-05,32296,12
2e-05,32297,5
2e-05,32298,9
2e-05,32299,13
2e-05,32300,6
2e-05,32301,11
2e-05,32302,6
2e-05,32303,14
2e-05,32304,5
2e-05,32305,9
2e-05,32306,17
2e-05,32307,12
2e-05,32308,3
2e-05,32309,6
2e-05,32310,9
2e-05,32311,9
2e-05,32312,13
2e-05,32313,5
2e-05,32314,0
2e-05,32315,11
2e-05,32316,10
2e-05,32317,9
2e-05,32318,6
2e-05,32319,1
2e-05,32320,10
2e-05,32321,3
2e-05,32322,0
2e-05,32323,10
2e-05,32324,13
2e-05,32325,6
2e-05,32326,0
2e-05,32327,0
2e-05,32328,10
2e-05,32329,8
2e-05,32330,9
2e-05,32331,6
2e-05,32332,1
2e-05,32333,12
2e-05,32334,6
2e-05,32335,3
2e-05,32336,9
2e-05,32337,0
2e-05,32338,10
2e-05,32339,11
2e-05,32340,1
2e-05,32341,10
2e-05,32342,3
2e-05,32343,5
2e-05,32344,10
2e-05,32345,4
2e-05,32346,13
2e-05,32347,6
2e-05,32348,11
2e-05,32349,11
2e-05,32350,13
2e-05,32351,5
2e-05,32352,11
2e-05,32353,11
2e-05,32354,12
2e-05,32355,3
2e-05,32356,3
2e-05,32357,5
2e-05,32358,3
2e-05,32359,1
2e-05,32360,10
2e-05,32361,10
2e-05,32362,12
2e-05,32363,5
2e-05,32364,1
2e-05,32365,10
2e-05,32366,5
2e-05,32367,6
2e-05,32368,2
2e-05,32369,12
2e-05,32370,10
2e-05,32371,9
2e-05,32372,6
2e-05,32373,0
2e-05,32374,11
2e-05,32375,2
2e-05,32376,6
2e-05,32377,6
2e-05,32378,12
2e-05,32379,2
2e-05,32380,2
2e-05,32381,11
2e-05,32382,11
2e-05,32383,11
2e-05,32384,11
2e-05,32385,2
2e-05,32386,0
2e-05,32387,2
2e-05,32388,13
2e-05,32389,11
2e-05,32390,11
2e-05,32391,1
2e-05,32392,11
2e-05,32393,5
2e-05,32394,1
2e-05,32395,9
2e-05,32396,9
2e-05,32397,12
2e-05,32398,11
2e-05,32399,0
2e-05,32400,3
2e-05,32401,6
2e-05,32402,6
2e-05,32403,0
2e-05,32404,5
2e-05,32405,9
2e-05,32406,11
2e-05,32407,10
2e-05,32408,6
2e-05,32409,10
2e-05,32410,13
2e-05,32411,3
2e-05,32412,11
2e-05,32413,9
2e-05,32414,6
2e-05,32415,0
2e-05,32416,0
2e-05,32417,13
2e-05,32418,5
2e-05,32419,5
2e-05,32420,2
2e-05,32421,12
2e-05,32422,8
2e-05,32423,0
2e-05,32424,3
2e-05,32425,12
2e-05,32426,0
2e-05,32427,3
2e-05,32428,0
2e-05,32429,3
2e-05,32430,12
2e-05,32431,6
2e-05,32432,11
2e-05,32433,11
2e-05,32434,16
2e-05,32435,9
2e-05,32436,6
2e-05,32437,6
2e-05,32438,6
2e-05,32439,0
2e-05,32440,1
2e-05,32441,1
2e-05,32442,6
2e-05,32443,1
2e-05,32444,13
2e-05,32445,3
2e-05,32446,13
2e-05,32447,6
2e-05,32448,11
2e-05,32449,11
2e-05,32450,9
2e-05,32451,3
2e-05,32452,0
2e-05,32453,5
2e-05,32454,11
2e-05,32455,2
2e-05,32456,10
2e-05,32457,6
2e-05,32458,12
2e-05,32459,12
2e-05,32460,15
2e-05,32461,9
2e-05,32462,5
2e-05,32463,11
2e-05,32464,5
2e-05,32465,2
2e-05,32466,13
2e-05,32467,12
2e-05,32468,2
2e-05,32469,12
2e-05,32470,0
2e-05,32471,11
2e-05,32472,3
2e-05,32473,11
2e-05,32474,12
2e-05,32475,12
2e-05,32476,13
2e-05,32477,0
2e-05,32478,10
2e-05,32479,1
2e-05,32480,6
2e-05,32481,10
2e-05,32482,13
2e-05,32483,3
2e-05,32484,11
2e-05,32485,2
2e-05,32486,11
2e-05,32487,10
2e-05,32488,9
2e-05,32489,3
2e-05,32490,9
2e-05,32491,5
2e-05,32492,1
2e-05,32493,9
2e-05,32494,11
2e-05,32495,12
2e-05,32496,3
2e-05,32497,9
2e-05,32498,13
2e-05,32499,11
2e-05,32500,10
2e-05,32501,13
2e-05,32502,11
2e-05,32503,11
2e-05,32504,12
2e-05,32505,6
2e-05,32506,5
2e-05,32507,1
2e-05,32508,10
2e-05,32509,9
2e-05,32510,9
2e-05,32511,0
2e-05,32512,5
2e-05,32513,12
2e-05,32514,10
2e-05,32515,12
2e-05,32516,11
2e-05,32517,12
2e-05,32518,5
2e-05,32519,0
2e-05,32520,9
2e-05,32521,11
2e-05,32522,1
2e-05,32523,13
2e-05,32524,3
2e-05,32525,6
2e-05,32526,10
2e-05,32527,2
2e-05,32528,9
2e-05,32529,11
2e-05,32530,12
2e-05,32531,10
2e-05,32532,12
2e-05,32533,9
2e-05,32534,9
2e-05,32535,1
2e-05,32536,9
2e-05,32537,2
2e-05,32538,6
2e-05,32539,2
2e-05,32540,12
2e-05,32541,3
2e-05,32542,9
2e-05,32543,0
2e-05,32544,6
2e-05,32545,13
2e-05,32546,3
2e-05,32547,0
2e-05,32548,2
2e-05,32549,3
2e-05,32550,10
2e-05,32551,12
2e-05,32552,13
2e-05,32553,11
2e-05,32554,3
2e-05,32555,10
2e-05,32556,5
2e-05,32557,4
2e-05,32558,9
2e-05,32559,17
2e-05,32560,1
2e-05,32561,11
2e-05,32562,1
2e-05,32563,3
2e-05,32564,3
2e-05,32565,2
2e-05,32566,3
2e-05,32567,1
2e-05,32568,1
2e-05,32569,9
2e-05,32570,6
2e-05,32571,2
2e-05,32572,8
2e-05,32573,1
2e-05,32574,10
2e-05,32575,3
2e-05,32576,0
2e-05,32577,9
2e-05,32578,3
2e-05,32579,11
2e-05,32580,1
2e-05,32581,1
2e-05,32582,1
2e-05,32583,6
2e-05,32584,2
2e-05,32585,11
2e-05,32586,11
2e-05,32587,6
2e-05,32588,10
2e-05,32589,12
2e-05,32590,5
2e-05,32591,3
2e-05,32592,5
2e-05,32593,1
2e-05,32594,0
2e-05,32595,0
2e-05,32596,3
2e-05,32597,2
2e-05,32598,11
2e-05,32599,6
2e-05,32600,3
2e-05,32601,1
2e-05,32602,3
2e-05,32603,9
2e-05,32604,1
2e-05,32605,10
2e-05,32606,10
2e-05,32607,10
2e-05,32608,5
2e-05,32609,1
2e-05,32610,16
2e-05,32611,2
2e-05,32612,12
2e-05,32613,13
2e-05,32614,9
2e-05,32615,5
2e-05,32616,2
2e-05,32617,0
2e-05,32618,9
2e-05,32619,10
2e-05,32620,11
2e-05,32621,6
2e-05,32622,12
2e-05,32623,3
2e-05,32624,6
2e-05,32625,0
2e-05,32626,13
2e-05,32627,9
2e-05,32628,3
2e-05,32629,13
2e-05,32630,1
2e-05,32631,17
2e-05,32632,12
2e-05,32633,6
2e-05,32634,9
2e-05,32635,12
2e-05,32636,11
2e-05,32637,12
2e-05,32638,3
2e-05,32639,9
2e-05,32640,12
2e-05,32641,2
2e-05,32642,5
2e-05,32643,12
2e-05,32644,12
2e-05,32645,12
2e-05,32646,13
2e-05,32647,10
2e-05,32648,2
2e-05,32649,11
2e-05,32650,2
2e-05,32651,13
2e-05,32652,1
2e-05,32653,13
2e-05,32654,5
2e-05,32655,3
2e-05,32656,2
2e-05,32657,2
2e-05,32658,6
2e-05,32659,0
2e-05,32660,1
2e-05,32661,12
2e-05,32662,6
2e-05,32663,3
2e-05,32664,11
2e-05,32665,11
2e-05,32666,5
2e-05,32667,10
2e-05,32668,3
2e-05,32669,11
2e-05,32670,10
2e-05,32671,1
2e-05,32672,10
2e-05,32673,9
2e-05,32674,10
2e-05,32675,5
2e-05,32676,13
2e-05,32677,11
2e-05,32678,13
2e-05,32679,2
2e-05,32680,3
2e-05,32681,1
2e-05,32682,12
2e-05,32683,11
2e-05,32684,13
2e-05,32685,9
2e-05,32686,5
2e-05,32687,13
2e-05,32688,5
2e-05,32689,2
2e-05,32690,2
2e-05,32691,3
2e-05,32692,1
2e-05,32693,0
2e-05,32694,1
2e-05,32695,2
2e-05,32696,10
2e-05,32697,10
2e-05,32698,10
2e-05,32699,0
2e-05,32700,3
2e-05,32701,12
2e-05,32702,12
2e-05,32703,0
2e-05,32704,3
2e-05,32705,12
2e-05,32706,6
2e-05,32707,11
2e-05,32708,13
2e-05,32709,12
2e-05,32710,5
2e-05,32711,9
2e-05,32712,2
2e-05,32713,11
2e-05,32714,5
2e-05,32715,5
2e-05,32716,5
2e-05,32717,2
2e-05,32718,13
2e-05,32719,3
2e-05,32720,6
2e-05,32721,3
2e-05,32722,6
2e-05,32723,0
2e-05,32724,10
2e-05,32725,5
2e-05,32726,3
2e-05,32727,5
2e-05,32728,9
2e-05,32729,11
2e-05,32730,6
2e-05,32731,6
2e-05,32732,2
2e-05,32733,6
2e-05,32734,10
2e-05,32735,6
2e-05,32736,0
2e-05,32737,5
2e-05,32738,12
2e-05,32739,6
2e-05,32740,9
2e-05,32741,10
2e-05,32742,1
2e-05,32743,6
2e-05,32744,13
2e-05,32745,11
2e-05,32746,2
2e-05,32747,8
2e-05,32748,5
2e-05,32749,11
2e-05,32750,5
2e-05,32751,1
2e-05,32752,9
2e-05,32753,0
2e-05,32754,1
2e-05,32755,13
2e-05,32756,2
2e-05,32757,9
2e-05,32758,12
2e-05,32759,1
2e-05,32760,12
2e-05,32761,3
2e-05,32762,11
2e-05,32763,5
2e-05,32764,10
2e-05,32765,9
2e-05,32766,1
2e-05,32767,10
2e-05,32768,1
2e-05,32769,1
2e-05,32770,5
2e-05,32771,5
2e-05,32772,1
2e-05,32773,6
2e-05,32774,10
2e-05,32775,13
2e-05,32776,13
2e-05,32777,12
2e-05,32778,0
2e-05,32779,4
2e-05,32780,11
2e-05,32781,9
2e-05,32782,10
2e-05,32783,9
2e-05,32784,6
2e-05,32785,5
2e-05,32786,5
2e-05,32787,10
2e-05,32788,5
2e-05,32789,0
2e-05,32790,9
2e-05,32791,13
2e-05,32792,5
2e-05,32793,8
2e-05,32794,3
2e-05,32795,6
2e-05,32796,11
2e-05,32797,5
2e-05,32798,2
2e-05,32799,11
2e-05,32800,6
2e-05,32801,13
2e-05,32802,1
2e-05,32803,9
2e-05,32804,10
2e-05,32805,9
2e-05,32806,1
2e-05,32807,3
2e-05,32808,1
2e-05,32809,2
2e-05,32810,3
2e-05,32811,11
2e-05,32812,10
2e-05,32813,2
2e-05,32814,2
2e-05,32815,6
2e-05,32816,11
2e-05,32817,1
2e-05,32818,12
2e-05,32819,12
2e-05,32820,11
2e-05,32821,13
2e-05,32822,6
2e-05,32823,3
2e-05,32824,11
2e-05,32825,5
2e-05,32826,10
2e-05,32827,0
2e-05,32828,9
2e-05,32829,6
2e-05,32830,9
2e-05,32831,0
2e-05,32832,2
2e-05,32833,11
2e-05,32834,6
2e-05,32835,5
2e-05,32836,2
2e-05,32837,1
2e-05,32838,12
2e-05,32839,11
2e-05,32840,5
2e-05,32841,2
2e-05,32842,3
2e-05,32843,0
2e-05,32844,6
2e-05,32845,13
2e-05,32846,0
2e-05,32847,0
2e-05,32848,1
2e-05,32849,0
2e-05,32850,9
2e-05,32851,2
2e-05,32852,10
2e-05,32853,11
2e-05,32854,12
2e-05,32855,9
2e-05,32856,1
2e-05,32857,1
2e-05,32858,9
2e-05,32859,5
2e-05,32860,1
2e-05,32861,13
2e-05,32862,11
2e-05,32863,10
2e-05,32864,11
2e-05,32865,12
2e-05,32866,10
2e-05,32867,11
2e-05,32868,12
2e-05,32869,2
2e-05,32870,5
2e-05,32871,10
2e-05,32872,2
2e-05,32873,13
2e-05,32874,1
2e-05,32875,5
2e-05,32876,16
2e-05,32877,0
2e-05,32878,2
2e-05,32879,3
2e-05,32880,12
2e-05,32881,6
2e-05,32882,2
2e-05,32883,11
2e-05,32884,11
2e-05,32885,2
2e-05,32886,10
2e-05,32887,12
2e-05,32888,5
2e-05,32889,12
2e-05,32890,2
2e-05,32891,0
2e-05,32892,3
2e-05,32893,6
2e-05,32894,10
2e-05,32895,13
2e-05,32896,0
2e-05,32897,2
2e-05,32898,10
2e-05,32899,6
2e-05,32900,1
2e-05,32901,9
2e-05,32902,2
2e-05,32903,3
2e-05,32904,1
2e-05,32905,5
2e-05,32906,9
2e-05,32907,13
2e-05,32908,10
2e-05,32909,12
2e-05,32910,12
2e-05,32911,2
2e-05,32912,10
2e-05,32913,1
2e-05,32914,12
2e-05,32915,10
2e-05,32916,3
2e-05,32917,0
2e-05,32918,3
2e-05,32919,3
2e-05,32920,3
2e-05,32921,11
2e-05,32922,9
2e-05,32923,5
2e-05,32924,9
2e-05,32925,11
2e-05,32926,1
2e-05,32927,3
2e-05,32928,12
2e-05,32929,11
2e-05,32930,3
2e-05,32931,5
2e-05,32932,8
2e-05,32933,6
2e-05,32934,10
2e-05,32935,0
2e-05,32936,0
2e-05,32937,13
2e-05,32938,3
2e-05,32939,1
2e-05,32940,5
2e-05,32941,13
2e-05,32942,3
2e-05,32943,2
2e-05,32944,9
2e-05,32945,1
2e-05,32946,9
2e-05,32947,9
2e-05,32948,11
2e-05,32949,6
2e-05,32950,0
2e-05,32951,5
2e-05,32952,16
2e-05,32953,3
2e-05,32954,5
2e-05,32955,3
2e-05,32956,2
2e-05,32957,5
2e-05,32958,11
2e-05,32959,10
2e-05,32960,10
2e-05,32961,0
2e-05,32962,5
2e-05,32963,6
2e-05,32964,6
2e-05,32965,2
2e-05,32966,9
2e-05,32967,2
2e-05,32968,0
2e-05,32969,0
2e-05,32970,12
2e-05,32971,16
2e-05,32972,5
2e-05,32973,9
2e-05,32974,0
2e-05,32975,5
2e-05,32976,11
2e-05,32977,0
2e-05,32978,6
2e-05,32979,5
2e-05,32980,13
2e-05,32981,11
2e-05,32982,1
2e-05,32983,10
2e-05,32984,1
2e-05,32985,10
2e-05,32986,0
2e-05,32987,1
2e-05,32988,12
2e-05,32989,12
2e-05,32990,1
2e-05,32991,13
2e-05,32992,0
2e-05,32993,3
2e-05,32994,3
2e-05,32995,2
2e-05,32996,5
2e-05,32997,6
2e-05,32998,10
2e-05,32999,11
2e-05,33000,5
2e-05,33001,3
2e-05,33002,0
2e-05,33003,3
2e-05,33004,1
2e-05,33005,3
2e-05,33006,10
2e-05,33007,6
2e-05,33008,6
2e-05,33009,11
2e-05,33010,3
2e-05,33011,11
2e-05,33012,12
2e-05,33013,11
2e-05,33014,2
2e-05,33015,6
2e-05,33016,11
2e-05,33017,16
2e-05,33018,1
2e-05,33019,6
2e-05,33020,11
2e-05,33021,9
2e-05,33022,4
2e-05,33023,2
2e-05,33024,9
2e-05,33025,0
2e-05,33026,3
2e-05,33027,3
2e-05,33028,1
2e-05,33029,12
2e-05,33030,0
2e-05,33031,0
2e-05,33032,11
2e-05,33033,12
2e-05,33034,1
2e-05,33035,9
2e-05,33036,6
2e-05,33037,13
2e-05,33038,2
2e-05,33039,9
2e-05,33040,11
2e-05,33041,9
2e-05,33042,11
2e-05,33043,11
2e-05,33044,12
2e-05,33045,1
2e-05,33046,2
2e-05,33047,12
2e-05,33048,0
2e-05,33049,10
2e-05,33050,9
2e-05,33051,11
2e-05,33052,12
2e-05,33053,6
2e-05,33054,9
2e-05,33055,11
2e-05,33056,1
2e-05,33057,6
2e-05,33058,0
2e-05,33059,9
2e-05,33060,2
2e-05,33061,6
2e-05,33062,10
2e-05,33063,3
2e-05,33064,5
2e-05,33065,6
2e-05,33066,5
2e-05,33067,2
2e-05,33068,3
2e-05,33069,1
2e-05,33070,8
2e-05,33071,5
2e-05,33072,5
2e-05,33073,0
2e-05,33074,10
2e-05,33075,12
2e-05,33076,9
2e-05,33077,6
2e-05,33078,2
2e-05,33079,6
2e-05,33080,18
2e-05,33081,11
2e-05,33082,6
2e-05,33083,9
2e-05,33084,1
2e-05,33085,5
2e-05,33086,2
2e-05,33087,12
2e-05,33088,5
2e-05,33089,12
2e-05,33090,2
2e-05,33091,13
2e-05,33092,1
2e-05,33093,11
2e-05,33094,11
2e-05,33095,11
2e-05,33096,0
2e-05,33097,1
2e-05,33098,1
2e-05,33099,2
2e-05,33100,13
2e-05,33101,1
2e-05,33102,13
2e-05,33103,6
2e-05,33104,3
2e-05,33105,0
2e-05,33106,1
2e-05,33107,13
2e-05,33108,12
2e-05,33109,5
2e-05,33110,8
2e-05,33111,11
2e-05,33112,12
2e-05,33113,3
2e-05,33114,5
2e-05,33115,2
2e-05,33116,5
2e-05,33117,11
2e-05,33118,6
2e-05,33119,16
2e-05,33120,9
2e-05,33121,5
2e-05,33122,0
2e-05,33123,5
2e-05,33124,10
2e-05,33125,1
2e-05,33126,13
2e-05,33127,10
2e-05,33128,10
2e-05,33129,5
2e-05,33130,3
2e-05,33131,6
2e-05,33132,6
2e-05,33133,11
2e-05,33134,10
2e-05,33135,2
2e-05,33136,3
2e-05,33137,10
2e-05,33138,9
2e-05,33139,5
2e-05,33140,12
2e-05,33141,1
2e-05,33142,12
2e-05,33143,3
2e-05,33144,6
2e-05,33145,2
2e-05,33146,1
2e-05,33147,16
2e-05,33148,9
2e-05,33149,10
2e-05,33150,10
2e-05,33151,3
2e-05,33152,11
2e-05,33153,10
2e-05,33154,10
2e-05,33155,11
2e-05,33156,13
2e-05,33157,14
2e-05,33158,9
2e-05,33159,0
2e-05,33160,12
2e-05,33161,10
2e-05,33162,10
2e-05,33163,11
2e-05,33164,5
2e-05,33165,0
2e-05,33166,3
2e-05,33167,0
2e-05,33168,10
2e-05,33169,11
2e-05,33170,9
2e-05,33171,6
2e-05,33172,13
2e-05,33173,0
2e-05,33174,1
2e-05,33175,6
2e-05,33176,12
2e-05,33177,9
2e-05,33178,0
2e-05,33179,13
2e-05,33180,0
2e-05,33181,10
2e-05,33182,1
2e-05,33183,9
2e-05,33184,9
2e-05,33185,3
2e-05,33186,3
2e-05,33187,6
2e-05,33188,9
2e-05,33189,1
2e-05,33190,5
2e-05,33191,14
2e-05,33192,2
2e-05,33193,13
2e-05,33194,5
2e-05,33195,5
2e-05,33196,6
2e-05,33197,0
2e-05,33198,3
2e-05,33199,0
2e-05,33200,2
2e-05,33201,1
2e-05,33202,11
2e-05,33203,3
2e-05,33204,3
2e-05,33205,10
2e-05,33206,9
2e-05,33207,12
2e-05,33208,2
2e-05,33209,11
2e-05,33210,12
2e-05,33211,1
2e-05,33212,5
2e-05,33213,0
2e-05,33214,0
2e-05,33215,3
2e-05,33216,13
2e-05,33217,0
2e-05,33218,9
2e-05,33219,1
2e-05,33220,5
2e-05,33221,12
2e-05,33222,2
2e-05,33223,6
2e-05,33224,11
2e-05,33225,13
2e-05,33226,10
2e-05,33227,13
2e-05,33228,11
2e-05,33229,2
2e-05,33230,5
2e-05,33231,9
2e-05,33232,0
2e-05,33233,5
2e-05,33234,6
2e-05,33235,2
2e-05,33236,11
2e-05,33237,6
2e-05,33238,6
2e-05,33239,3
2e-05,33240,3
2e-05,33241,12
2e-05,33242,2
2e-05,33243,10
2e-05,33244,1
2e-05,33245,3
2e-05,33246,0
2e-05,33247,2
2e-05,33248,6
2e-05,33249,6
2e-05,33250,12
2e-05,33251,6
2e-05,33252,10
2e-05,33253,3
2e-05,33254,11
2e-05,33255,16
2e-05,33256,9
2e-05,33257,9
2e-05,33258,13
2e-05,33259,10
2e-05,33260,1
2e-05,33261,4
2e-05,33262,11
2e-05,33263,1
2e-05,33264,0
2e-05,33265,12
2e-05,33266,3
2e-05,33267,11
2e-05,33268,0
2e-05,33269,12
2e-05,33270,0
2e-05,33271,12
2e-05,33272,3
2e-05,33273,11
2e-05,33274,1
2e-05,33275,5
2e-05,33276,10
2e-05,33277,1
2e-05,33278,12
2e-05,33279,0
2e-05,33280,3
2e-05,33281,13
2e-05,33282,2
2e-05,33283,6
2e-05,33284,3
2e-05,33285,11
2e-05,33286,3
2e-05,33287,10
2e-05,33288,11
2e-05,33289,13
2e-05,33290,12
2e-05,33291,3
2e-05,33292,6
2e-05,33293,9
2e-05,33294,9
2e-05,33295,10
2e-05,33296,11
2e-05,33297,9
2e-05,33298,13
2e-05,33299,9
2e-05,33300,9
2e-05,33301,9
2e-05,33302,11
2e-05,33303,13
2e-05,33304,12
2e-05,33305,5
2e-05,33306,10
2e-05,33307,10
2e-05,33308,9
2e-05,33309,11
2e-05,33310,1
2e-05,33311,6
2e-05,33312,10
2e-05,33313,5
2e-05,33314,6
2e-05,33315,11
2e-05,33316,0
2e-05,33317,1
2e-05,33318,12
2e-05,33319,0
2e-05,33320,12
2e-05,33321,2
2e-05,33322,6
2e-05,33323,1
2e-05,33324,6
2e-05,33325,12
2e-05,33326,0
2e-05,33327,11
2e-05,33328,2
2e-05,33329,2
2e-05,33330,3
2e-05,33331,9
2e-05,33332,10
2e-05,33333,3
2e-05,33334,11
2e-05,33335,3
2e-05,33336,0
2e-05,33337,5
2e-05,33338,11
2e-05,33339,5
2e-05,33340,10
2e-05,33341,11
2e-05,33342,9
2e-05,33343,11
2e-05,33344,6
2e-05,33345,6
2e-05,33346,11
2e-05,33347,5
2e-05,33348,0
2e-05,33349,12
2e-05,33350,3
2e-05,33351,10
2e-05,33352,9
2e-05,33353,5
2e-05,33354,12
2e-05,33355,3
2e-05,33356,10
2e-05,33357,6
2e-05,33358,10
2e-05,33359,10
2e-05,33360,0
2e-05,33361,16
2e-05,33362,9
2e-05,33363,0
2e-05,33364,1
2e-05,33365,11
2e-05,33366,2
2e-05,33367,6
2e-05,33368,1
2e-05,33369,2
2e-05,33370,0
2e-05,33371,5
2e-05,33372,9
2e-05,33373,5
2e-05,33374,9
2e-05,33375,12
2e-05,33376,10
2e-05,33377,13
2e-05,33378,2
2e-05,33379,10
2e-05,33380,10
2e-05,33381,2
2e-05,33382,2
2e-05,33383,0
2e-05,33384,1
2e-05,33385,11
2e-05,33386,2
2e-05,33387,13
2e-05,33388,1
2e-05,33389,10
2e-05,33390,1
2e-05,33391,3
2e-05,33392,13
2e-05,33393,10
2e-05,33394,0
2e-05,33395,1
2e-05,33396,9
2e-05,33397,13
2e-05,33398,9
2e-05,33399,12
2e-05,33400,9
2e-05,33401,6
2e-05,33402,16
2e-05,33403,5
2e-05,33404,5
2e-05,33405,6
2e-05,33406,1
2e-05,33407,11
2e-05,33408,11
2e-05,33409,0
2e-05,33410,0
2e-05,33411,0
2e-05,33412,13
2e-05,33413,12
2e-05,33414,5
2e-05,33415,2
2e-05,33416,10
2e-05,33417,6
2e-05,33418,10
2e-05,33419,3
2e-05,33420,3
2e-05,33421,5
2e-05,33422,0
2e-05,33423,11
2e-05,33424,9
2e-05,33425,6
2e-05,33426,2
2e-05,33427,0
2e-05,33428,6
2e-05,33429,1
2e-05,33430,12
2e-05,33431,3
2e-05,33432,12
2e-05,33433,4
2e-05,33434,11
2e-05,33435,0
2e-05,33436,11
2e-05,33437,8
2e-05,33438,0
2e-05,33439,1
2e-05,33440,11
2e-05,33441,3
2e-05,33442,3
2e-05,33443,1
2e-05,33444,9
2e-05,33445,0
2e-05,33446,1
2e-05,33447,12
2e-05,33448,6
2e-05,33449,6
2e-05,33450,12
2e-05,33451,0
2e-05,33452,5
2e-05,33453,9
2e-05,33454,1
2e-05,33455,8
2e-05,33456,2
2e-05,33457,6
2e-05,33458,1
2e-05,33459,9
2e-05,33460,2
2e-05,33461,6
2e-05,33462,1
2e-05,33463,3
2e-05,33464,13
2e-05,33465,10
2e-05,33466,2
2e-05,33467,6
2e-05,33468,5
2e-05,33469,10
2e-05,33470,0
2e-05,33471,5
2e-05,33472,9
2e-05,33473,3
2e-05,33474,1
2e-05,33475,1
2e-05,33476,0
2e-05,33477,1
2e-05,33478,2
2e-05,33479,3
2e-05,33480,11
2e-05,33481,6
2e-05,33482,5
2e-05,33483,2
2e-05,33484,1
2e-05,33485,13
2e-05,33486,0
2e-05,33487,6
2e-05,33488,2
2e-05,33489,12
2e-05,33490,6
2e-05,33491,5
2e-05,33492,5
2e-05,33493,12
2e-05,33494,12
2e-05,33495,5
2e-05,33496,9
2e-05,33497,9
2e-05,33498,11
2e-05,33499,10
2e-05,33500,5
2e-05,33501,3
2e-05,33502,2
2e-05,33503,3
2e-05,33504,6
2e-05,33505,13
2e-05,33506,3
2e-05,33507,9
2e-05,33508,12
2e-05,33509,12
2e-05,33510,10
2e-05,33511,1
2e-05,33512,12
2e-05,33513,5
2e-05,33514,13
2e-05,33515,2
2e-05,33516,11
2e-05,33517,2
2e-05,33518,9
2e-05,33519,3
2e-05,33520,9
2e-05,33521,6
2e-05,33522,11
2e-05,33523,11
2e-05,33524,2
2e-05,33525,13
2e-05,33526,11
2e-05,33527,3
2e-05,33528,15
2e-05,33529,12
2e-05,33530,0
2e-05,33531,12
2e-05,33532,6
2e-05,33533,3
2e-05,33534,0
2e-05,33535,5
2e-05,33536,11
2e-05,33537,2
2e-05,33538,2
2e-05,33539,5
2e-05,33540,6
2e-05,33541,2
2e-05,33542,6
2e-05,33543,5
2e-05,33544,5
2e-05,33545,0
2e-05,33546,6
2e-05,33547,6
2e-05,33548,2
2e-05,33549,6
2e-05,33550,13
2e-05,33551,0
2e-05,33552,11
2e-05,33553,9
2e-05,33554,13
2e-05,33555,2
2e-05,33556,10
2e-05,33557,3
2e-05,33558,11
2e-05,33559,0
2e-05,33560,1
2e-05,33561,11
2e-05,33562,1
2e-05,33563,0
2e-05,33564,10
2e-05,33565,0
2e-05,33566,5
2e-05,33567,3
2e-05,33568,11
2e-05,33569,1
2e-05,33570,0
2e-05,33571,0
2e-05,33572,1
2e-05,33573,9
2e-05,33574,5
2e-05,33575,2
2e-05,33576,12
2e-05,33577,0
2e-05,33578,12
2e-05,33579,13
2e-05,33580,13
2e-05,33581,5
2e-05,33582,6
2e-05,33583,3
2e-05,33584,10
2e-05,33585,4
2e-05,33586,3
2e-05,33587,6
2e-05,33588,2
2e-05,33589,0
2e-05,33590,1
2e-05,33591,0
2e-05,33592,11
2e-05,33593,9
2e-05,33594,5
2e-05,33595,9
2e-05,33596,1
2e-05,33597,17
2e-05,33598,12
2e-05,33599,5
2e-05,33600,0
2e-05,33601,5
2e-05,33602,11
2e-05,33603,5
2e-05,33604,11
2e-05,33605,11
2e-05,33606,6
2e-05,33607,10
2e-05,33608,3
2e-05,33609,12
2e-05,33610,1
2e-05,33611,5
2e-05,33612,0
2e-05,33613,9
2e-05,33614,10
2e-05,33615,0
2e-05,33616,6
2e-05,33617,13
2e-05,33618,2
2e-05,33619,9
2e-05,33620,3
2e-05,33621,11
2e-05,33622,10
2e-05,33623,9
2e-05,33624,2
2e-05,33625,12
2e-05,33626,9
2e-05,33627,10
2e-05,33628,6
2e-05,33629,3
2e-05,33630,1
2e-05,33631,11
2e-05,33632,11
2e-05,33633,9
2e-05,33634,1
2e-05,33635,9
2e-05,33636,9
2e-05,33637,11
2e-05,33638,5
2e-05,33639,1
2e-05,33640,12
2e-05,33641,13
2e-05,33642,0
2e-05,33643,9
2e-05,33644,3
2e-05,33645,12
2e-05,33646,10
2e-05,33647,5
2e-05,33648,5
2e-05,33649,5
2e-05,33650,3
2e-05,33651,9
2e-05,33652,2
2e-05,33653,2
2e-05,33654,12
2e-05,33655,5
2e-05,33656,4
2e-05,33657,9
2e-05,33658,0
2e-05,33659,13
2e-05,33660,0
2e-05,33661,1
2e-05,33662,11
2e-05,33663,1
2e-05,33664,0
2e-05,33665,0
2e-05,33666,6
2e-05,33667,0
2e-05,33668,5
2e-05,33669,14
2e-05,33670,9
2e-05,33671,1
2e-05,33672,3
2e-05,33673,3
2e-05,33674,2
2e-05,33675,10
2e-05,33676,10
2e-05,33677,0
2e-05,33678,2
2e-05,33679,0
2e-05,33680,6
2e-05,33681,12
2e-05,33682,3
2e-05,33683,12
2e-05,33684,9
2e-05,33685,6
2e-05,33686,13
2e-05,33687,11
2e-05,33688,2
2e-05,33689,5
2e-05,33690,10
2e-05,33691,11
2e-05,33692,2
2e-05,33693,10
2e-05,33694,5
2e-05,33695,5
2e-05,33696,6
2e-05,33697,5
2e-05,33698,13
2e-05,33699,1
2e-05,33700,13
2e-05,33701,11
2e-05,33702,12
2e-05,33703,11
2e-05,33704,1
2e-05,33705,3
2e-05,33706,2
2e-05,33707,2
2e-05,33708,9
2e-05,33709,12
2e-05,33710,1
2e-05,33711,12
2e-05,33712,16
2e-05,33713,2
2e-05,33714,13
2e-05,33715,3
2e-05,33716,11
2e-05,33717,3
2e-05,33718,2
2e-05,33719,10
2e-05,33720,2
2e-05,33721,9
2e-05,33722,1
2e-05,33723,2
2e-05,33724,0
2e-05,33725,9
2e-05,33726,1
2e-05,33727,9
2e-05,33728,13
2e-05,33729,12
2e-05,33730,11
2e-05,33731,2
2e-05,33732,11
2e-05,33733,9
2e-05,33734,2
2e-05,33735,9
2e-05,33736,0
2e-05,33737,10
2e-05,33738,9
2e-05,33739,12
2e-05,33740,5
2e-05,33741,9
2e-05,33742,11
2e-05,33743,9
2e-05,33744,2
2e-05,33745,11
2e-05,33746,2
2e-05,33747,0
2e-05,33748,1
2e-05,33749,5
2e-05,33750,2
2e-05,33751,2
2e-05,33752,11
2e-05,33753,1
2e-05,33754,11
2e-05,33755,1
2e-05,33756,1
2e-05,33757,1
2e-05,33758,2
2e-05,33759,13
2e-05,33760,0
2e-05,33761,9
2e-05,33762,12
2e-05,33763,10
2e-05,33764,2
2e-05,33765,11
2e-05,33766,5
2e-05,33767,1
2e-05,33768,1
2e-05,33769,10
2e-05,33770,13
2e-05,33771,12
2e-05,33772,13
2e-05,33773,1
2e-05,33774,3
2e-05,33775,1
2e-05,33776,10
2e-05,33777,0
2e-05,33778,1
2e-05,33779,2
2e-05,33780,5
2e-05,33781,3
2e-05,33782,12
2e-05,33783,12
2e-05,33784,10
2e-05,33785,0
2e-05,33786,13
2e-05,33787,9
2e-05,33788,12
2e-05,33789,0
2e-05,33790,12
2e-05,33791,5
2e-05,33792,6
2e-05,33793,5
2e-05,33794,13
2e-05,33795,10
2e-05,33796,10
2e-05,33797,0
2e-05,33798,1
2e-05,33799,13
2e-05,33800,3
2e-05,33801,9
2e-05,33802,6
2e-05,33803,11
2e-05,33804,13
2e-05,33805,2
2e-05,33806,3
2e-05,33807,5
2e-05,33808,9
2e-05,33809,13
2e-05,33810,13
2e-05,33811,13
2e-05,33812,10
2e-05,33813,13
2e-05,33814,11
2e-05,33815,13
2e-05,33816,9
2e-05,33817,9
2e-05,33818,2
2e-05,33819,6
2e-05,33820,13
2e-05,33821,12
2e-05,33822,3
2e-05,33823,2
2e-05,33824,0
2e-05,33825,10
2e-05,33826,6
2e-05,33827,2
2e-05,33828,12
2e-05,33829,5
2e-05,33830,9
2e-05,33831,12
2e-05,33832,2
2e-05,33833,6
2e-05,33834,3
2e-05,33835,3
2e-05,33836,10
2e-05,33837,3
2e-05,33838,0
2e-05,33839,8
2e-05,33840,5
2e-05,33841,1
2e-05,33842,10
2e-05,33843,11
2e-05,33844,3
2e-05,33845,9
2e-05,33846,6
2e-05,33847,0
2e-05,33848,3
2e-05,33849,11
2e-05,33850,5
2e-05,33851,3
2e-05,33852,9
2e-05,33853,3
2e-05,33854,5
2e-05,33855,11
2e-05,33856,11
2e-05,33857,13
2e-05,33858,3
2e-05,33859,5
2e-05,33860,4
2e-05,33861,2
2e-05,33862,9
2e-05,33863,1
2e-05,33864,3
2e-05,33865,12
2e-05,33866,3
2e-05,33867,12
2e-05,33868,2
2e-05,33869,1
2e-05,33870,5
2e-05,33871,9
2e-05,33872,5
2e-05,33873,6
2e-05,33874,1
2e-05,33875,0
2e-05,33876,10
2e-05,33877,13
2e-05,33878,8
2e-05,33879,10
2e-05,33880,11
2e-05,33881,6
2e-05,33882,10
2e-05,33883,13
2e-05,33884,2
2e-05,33885,6
2e-05,33886,9
2e-05,33887,10
2e-05,33888,3
2e-05,33889,10
2e-05,33890,5
2e-05,33891,12
2e-05,33892,1
2e-05,33893,11
2e-05,33894,13
2e-05,33895,0
2e-05,33896,9
2e-05,33897,9
2e-05,33898,3
2e-05,33899,6
2e-05,33900,6
2e-05,33901,0
2e-05,33902,5
2e-05,33903,9
2e-05,33904,3
2e-05,33905,6
2e-05,33906,6
2e-05,33907,9
2e-05,33908,10
2e-05,33909,11
2e-05,33910,6
2e-05,33911,2
2e-05,33912,6
2e-05,33913,11
2e-05,33914,11
2e-05,33915,11
2e-05,33916,3
2e-05,33917,9
2e-05,33918,12
2e-05,33919,6
2e-05,33920,1
2e-05,33921,5
2e-05,33922,0
2e-05,33923,5
2e-05,33924,11
2e-05,33925,12
2e-05,33926,0
2e-05,33927,2
2e-05,33928,0
2e-05,33929,5
2e-05,33930,1
2e-05,33931,5
2e-05,33932,0
2e-05,33933,0
2e-05,33934,13
2e-05,33935,1
2e-05,33936,2
2e-05,33937,1
2e-05,33938,2
2e-05,33939,11
2e-05,33940,10
2e-05,33941,5
2e-05,33942,3
2e-05,33943,5
2e-05,33944,3
2e-05,33945,9
2e-05,33946,9
2e-05,33947,3
2e-05,33948,1
2e-05,33949,11
2e-05,33950,0
2e-05,33951,11
2e-05,33952,3
2e-05,33953,5
2e-05,33954,1
2e-05,33955,6
2e-05,33956,11
2e-05,33957,13
2e-05,33958,3
2e-05,33959,3
2e-05,33960,1
2e-05,33961,11
2e-05,33962,3
2e-05,33963,12
2e-05,33964,3
2e-05,33965,12
2e-05,33966,5
2e-05,33967,0
2e-05,33968,6
2e-05,33969,12
2e-05,33970,10
2e-05,33971,1
2e-05,33972,2
2e-05,33973,13
2e-05,33974,9
2e-05,33975,5
2e-05,33976,6
2e-05,33977,0
2e-05,33978,10
2e-05,33979,5
2e-05,33980,11
2e-05,33981,5
2e-05,33982,15
2e-05,33983,11
2e-05,33984,1
2e-05,33985,8
2e-05,33986,12
2e-05,33987,9
2e-05,33988,11
2e-05,33989,11
2e-05,33990,5
2e-05,33991,9
2e-05,33992,1
2e-05,33993,12
2e-05,33994,10
2e-05,33995,3
2e-05,33996,10
2e-05,33997,2
2e-05,33998,0
2e-05,33999,1
2e-05,34000,11
2e-05,34001,0
2e-05,34002,5
2e-05,34003,9
2e-05,34004,2
2e-05,34005,1
2e-05,34006,1
2e-05,34007,11
2e-05,34008,10
2e-05,34009,13
2e-05,34010,12
2e-05,34011,13
2e-05,34012,2
2e-05,34013,3
2e-05,34014,11
2e-05,34015,0
2e-05,34016,10
2e-05,34017,5
2e-05,34018,5
2e-05,34019,0
2e-05,34020,9
2e-05,34021,5
2e-05,34022,1
2e-05,34023,1
2e-05,34024,2
2e-05,34025,6
2e-05,34026,1
2e-05,34027,6
2e-05,34028,6
2e-05,34029,10
2e-05,34030,13
2e-05,34031,9
2e-05,34032,9
2e-05,34033,11
2e-05,34034,10
2e-05,34035,11
2e-05,34036,10
2e-05,34037,9
2e-05,34038,2
2e-05,34039,1
2e-05,34040,2
2e-05,34041,13
2e-05,34042,13
2e-05,34043,5
2e-05,34044,3
2e-05,34045,5
2e-05,34046,10
2e-05,34047,1
2e-05,34048,9
2e-05,34049,1
2e-05,34050,13
2e-05,34051,3
2e-05,34052,5
2e-05,34053,6
2e-05,34054,1
2e-05,34055,11
2e-05,34056,10
2e-05,34057,3
2e-05,34058,11
2e-05,34059,9
2e-05,34060,0
2e-05,34061,10
2e-05,34062,13
2e-05,34063,2
2e-05,34064,1
2e-05,34065,13
2e-05,34066,12
2e-05,34067,11
2e-05,34068,0
2e-05,34069,5
2e-05,34070,4
2e-05,34071,11
2e-05,34072,11
2e-05,34073,3
2e-05,34074,2
2e-05,34075,16
2e-05,34076,9
2e-05,34077,5
2e-05,34078,3
2e-05,34079,5
2e-05,34080,10
2e-05,34081,1
2e-05,34082,4
2e-05,34083,8
2e-05,34084,16
2e-05,34085,3
2e-05,34086,3
2e-05,34087,12
2e-05,34088,0
2e-05,34089,2
2e-05,34090,12
2e-05,34091,10
2e-05,34092,13
2e-05,34093,11
2e-05,34094,2
2e-05,34095,10
2e-05,34096,9
2e-05,34097,13
2e-05,34098,1
2e-05,34099,10
2e-05,34100,12
2e-05,34101,6
2e-05,34102,12
2e-05,34103,9
2e-05,34104,0
2e-05,34105,2
2e-05,34106,11
2e-05,34107,12
2e-05,34108,9
2e-05,34109,4
2e-05,34110,11
2e-05,34111,1
2e-05,34112,0
2e-05,34113,6
2e-05,34114,12
2e-05,34115,0
2e-05,34116,1
2e-05,34117,6
2e-05,34118,12
2e-05,34119,1
2e-05,34120,0
2e-05,34121,10
2e-05,34122,3
2e-05,34123,2
2e-05,34124,3
2e-05,34125,9
2e-05,34126,6
2e-05,34127,10
2e-05,34128,11
2e-05,34129,3
2e-05,34130,16
2e-05,34131,3
2e-05,34132,5
2e-05,34133,1
2e-05,34134,10
2e-05,34135,11
2e-05,34136,11
2e-05,34137,9
2e-05,34138,13
2e-05,34139,9
2e-05,34140,0
2e-05,34141,0
2e-05,34142,10
2e-05,34143,0
2e-05,34144,0
2e-05,34145,5
2e-05,34146,16
2e-05,34147,5
2e-05,34148,2
2e-05,34149,9
2e-05,34150,1
2e-05,34151,4
2e-05,34152,2
2e-05,34153,9
2e-05,34154,10
2e-05,34155,0
2e-05,34156,16
2e-05,34157,11
2e-05,34158,3
2e-05,34159,11
2e-05,34160,10
2e-05,34161,11
2e-05,34162,9
2e-05,34163,0
2e-05,34164,1
2e-05,34165,11
2e-05,34166,11
2e-05,34167,11
2e-05,34168,11
2e-05,34169,12
2e-05,34170,0
2e-05,34171,5
2e-05,34172,1
2e-05,34173,1
2e-05,34174,14
2e-05,34175,5
2e-05,34176,8
2e-05,34177,1
2e-05,34178,12
2e-05,34179,2
2e-05,34180,0
2e-05,34181,1
2e-05,34182,10
2e-05,34183,11
2e-05,34184,12
2e-05,34185,5
2e-05,34186,1
2e-05,34187,11
2e-05,34188,9
2e-05,34189,6
2e-05,34190,11
2e-05,34191,6
2e-05,34192,6
2e-05,34193,9
2e-05,34194,12
2e-05,34195,11
2e-05,34196,13
2e-05,34197,13
2e-05,34198,1
2e-05,34199,9
2e-05,34200,5
2e-05,34201,2
2e-05,34202,2
2e-05,34203,2
2e-05,34204,0
2e-05,34205,5
2e-05,34206,14
2e-05,34207,1
2e-05,34208,12
2e-05,34209,9
2e-05,34210,10
2e-05,34211,2
2e-05,34212,11
2e-05,34213,4
2e-05,34214,5
2e-05,34215,0
2e-05,34216,0
2e-05,34217,6
2e-05,34218,1
2e-05,34219,12
2e-05,34220,13
2e-05,34221,10
2e-05,34222,0
2e-05,34223,13
2e-05,34224,6
2e-05,34225,10
2e-05,34226,9
2e-05,34227,16
2e-05,34228,13
2e-05,34229,1
2e-05,34230,1
2e-05,34231,9
2e-05,34232,5
2e-05,34233,6
2e-05,34234,3
2e-05,34235,2
2e-05,34236,5
2e-05,34237,3
2e-05,34238,10
2e-05,34239,10
2e-05,34240,11
2e-05,34241,6
2e-05,34242,11
2e-05,34243,3
2e-05,34244,9
2e-05,34245,5
2e-05,34246,2
2e-05,34247,0
2e-05,34248,10
2e-05,34249,12
2e-05,34250,6
2e-05,34251,6
2e-05,34252,9
2e-05,34253,2
2e-05,34254,10
2e-05,34255,5
2e-05,34256,13
2e-05,34257,11
2e-05,34258,4
2e-05,34259,6
2e-05,34260,12
2e-05,34261,11
2e-05,34262,1
2e-05,34263,0
2e-05,34264,6
2e-05,34265,2
2e-05,34266,12
2e-05,34267,2
2e-05,34268,1
2e-05,34269,12
2e-05,34270,13
2e-05,34271,6
2e-05,34272,9
2e-05,34273,1
2e-05,34274,10
2e-05,34275,1
2e-05,34276,2
2e-05,34277,2
2e-05,34278,6
2e-05,34279,11
2e-05,34280,13
2e-05,34281,5
2e-05,34282,12
2e-05,34283,5
2e-05,34284,12
2e-05,34285,2
2e-05,34286,2
2e-05,34287,11
2e-05,34288,1
2e-05,34289,1
2e-05,34290,12
2e-05,34291,2
2e-05,34292,12
2e-05,34293,9
2e-05,34294,0
2e-05,34295,10
2e-05,34296,3
2e-05,34297,2
2e-05,34298,6
2e-05,34299,11
2e-05,34300,6
2e-05,34301,9
2e-05,34302,3
2e-05,34303,6
2e-05,34304,12
2e-05,34305,0
2e-05,34306,9
2e-05,34307,10
2e-05,34308,9
2e-05,34309,13
2e-05,34310,3
2e-05,34311,0
2e-05,34312,9
2e-05,34313,11
2e-05,34314,6
2e-05,34315,6
2e-05,34316,3
2e-05,34317,3
2e-05,34318,0
2e-05,34319,13
2e-05,34320,9
2e-05,34321,12
2e-05,34322,13
2e-05,34323,5
2e-05,34324,2
2e-05,34325,12
2e-05,34326,1
2e-05,34327,9
2e-05,34328,10
2e-05,34329,5
2e-05,34330,6
2e-05,34331,13
2e-05,34332,13
2e-05,34333,11
2e-05,34334,0
2e-05,34335,5
2e-05,34336,12
2e-05,34337,6
2e-05,34338,1
2e-05,34339,2
2e-05,34340,5
2e-05,34341,11
2e-05,34342,3
2e-05,34343,5
2e-05,34344,3
2e-05,34345,11
2e-05,34346,12
2e-05,34347,12
2e-05,34348,12
2e-05,34349,2
2e-05,34350,1
2e-05,34351,13
2e-05,34352,12
2e-05,34353,1
2e-05,34354,13
2e-05,34355,12
2e-05,34356,6
2e-05,34357,1
2e-05,34358,0
2e-05,34359,12
2e-05,34360,5
2e-05,34361,5
2e-05,34362,13
2e-05,34363,0
2e-05,34364,6
2e-05,34365,2
2e-05,34366,0
2e-05,34367,5
2e-05,34368,12
2e-05,34369,5
2e-05,34370,11
2e-05,34371,11
2e-05,34372,3
2e-05,34373,11
2e-05,34374,0
2e-05,34375,11
2e-05,34376,0
2e-05,34377,13
2e-05,34378,6
2e-05,34379,2
2e-05,34380,5
2e-05,34381,0
2e-05,34382,12
2e-05,34383,12
2e-05,34384,11
2e-05,34385,13
2e-05,34386,2
2e-05,34387,13
2e-05,34388,6
2e-05,34389,0
2e-05,34390,13
2e-05,34391,11
2e-05,34392,12
2e-05,34393,2
2e-05,34394,1
2e-05,34395,0
2e-05,34396,0
2e-05,34397,12
2e-05,34398,1
2e-05,34399,4
2e-05,34400,12
2e-05,34401,12
2e-05,34402,11
2e-05,34403,11
2e-05,34404,3
2e-05,34405,13
2e-05,34406,9
2e-05,34407,3
2e-05,34408,8
2e-05,34409,0
2e-05,34410,12
2e-05,34411,2
2e-05,34412,1
2e-05,34413,9
2e-05,34414,12
2e-05,34415,1
2e-05,34416,6
2e-05,34417,11
2e-05,34418,13
2e-05,34419,2
2e-05,34420,5
2e-05,34421,9
2e-05,34422,5
2e-05,34423,6
2e-05,34424,0
2e-05,34425,10
2e-05,34426,6
2e-05,34427,11
2e-05,34428,5
2e-05,34429,11
2e-05,34430,5
2e-05,34431,1
2e-05,34432,10
2e-05,34433,10
2e-05,34434,9
2e-05,34435,6
2e-05,34436,13
2e-05,34437,3
2e-05,34438,2
2e-05,34439,3
2e-05,34440,6
2e-05,34441,9
2e-05,34442,10
2e-05,34443,9
2e-05,34444,13
2e-05,34445,1
2e-05,34446,6
2e-05,34447,3
2e-05,34448,10
2e-05,34449,10
2e-05,34450,10
2e-05,34451,13
2e-05,34452,11
2e-05,34453,9
2e-05,34454,3
2e-05,34455,11
2e-05,34456,11
2e-05,34457,6
2e-05,34458,0
2e-05,34459,11
2e-05,34460,11
2e-05,34461,10
2e-05,34462,5
2e-05,34463,5
2e-05,34464,12
2e-05,34465,9
2e-05,34466,10
2e-05,34467,12
2e-05,34468,6
2e-05,34469,5
2e-05,34470,5
2e-05,34471,11
2e-05,34472,13
2e-05,34473,0
2e-05,34474,11
2e-05,34475,13
2e-05,34476,6
2e-05,34477,2
2e-05,34478,10
2e-05,34479,1
2e-05,34480,12
2e-05,34481,5
2e-05,34482,2
2e-05,34483,12
2e-05,34484,8
2e-05,34485,9
2e-05,34486,3
2e-05,34487,10
2e-05,34488,2
2e-05,34489,12
2e-05,34490,11
2e-05,34491,6
2e-05,34492,0
2e-05,34493,0
2e-05,34494,6
2e-05,34495,10
2e-05,34496,13
2e-05,34497,13
2e-05,34498,9
2e-05,34499,1
2e-05,34500,9
2e-05,34501,1
2e-05,34502,5
2e-05,34503,3
2e-05,34504,1
2e-05,34505,0
2e-05,34506,2
2e-05,34507,10
2e-05,34508,11
2e-05,34509,12
2e-05,34510,5
2e-05,34511,9
2e-05,34512,12
2e-05,34513,2
2e-05,34514,5
2e-05,34515,11
2e-05,34516,10
2e-05,34517,13
2e-05,34518,6
2e-05,34519,13
2e-05,34520,2
2e-05,34521,6
2e-05,34522,10
2e-05,34523,9
2e-05,34524,12
2e-05,34525,5
2e-05,34526,6
2e-05,34527,3
2e-05,34528,9
2e-05,34529,10
2e-05,34530,12
2e-05,34531,11
2e-05,34532,2
2e-05,34533,0
2e-05,34534,0
2e-05,34535,2
2e-05,34536,0
2e-05,34537,6
2e-05,34538,11
2e-05,34539,13
2e-05,34540,10
2e-05,34541,11
2e-05,34542,9
2e-05,34543,9
2e-05,34544,2
2e-05,34545,2
2e-05,34546,5
2e-05,34547,1
2e-05,34548,11
2e-05,34549,9
2e-05,34550,12
2e-05,34551,13
2e-05,34552,1
2e-05,34553,9
2e-05,34554,9
2e-05,34555,0
2e-05,34556,0
2e-05,34557,2
2e-05,34558,2
2e-05,34559,0
2e-05,34560,11
2e-05,34561,2
2e-05,34562,10
2e-05,34563,2
2e-05,34564,13
2e-05,34565,13
2e-05,34566,3
2e-05,34567,1
2e-05,34568,6
2e-05,34569,5
2e-05,34570,0
2e-05,34571,10
2e-05,34572,9
2e-05,34573,13
2e-05,34574,0
2e-05,34575,12
2e-05,34576,5
2e-05,34577,9
2e-05,34578,3
2e-05,34579,11
2e-05,34580,9
2e-05,34581,10
2e-05,34582,5
2e-05,34583,11
2e-05,34584,13
2e-05,34585,13
2e-05,34586,11
2e-05,34587,11
2e-05,34588,10
2e-05,34589,16
2e-05,34590,2
2e-05,34591,3
2e-05,34592,1
2e-05,34593,13
2e-05,34594,11
2e-05,34595,12
2e-05,34596,3
2e-05,34597,11
2e-05,34598,3
2e-05,34599,2
2e-05,34600,3
2e-05,34601,11
2e-05,34602,3
2e-05,34603,12
2e-05,34604,11
2e-05,34605,2
2e-05,34606,2
2e-05,34607,10
2e-05,34608,11
2e-05,34609,10
2e-05,34610,11
2e-05,34611,10
2e-05,34612,2
2e-05,34613,12
2e-05,34614,11
2e-05,34615,2
2e-05,34616,0
2e-05,34617,6
2e-05,34618,6
2e-05,34619,12
2e-05,34620,3
2e-05,34621,11
2e-05,34622,2
2e-05,34623,2
2e-05,34624,0
2e-05,34625,5
2e-05,34626,11
2e-05,34627,5
2e-05,34628,11
2e-05,34629,10
2e-05,34630,1
2e-05,34631,12
2e-05,34632,5
2e-05,34633,12
2e-05,34634,10
2e-05,34635,6
2e-05,34636,6
2e-05,34637,11
2e-05,34638,5
2e-05,34639,3
2e-05,34640,9
2e-05,34641,12
2e-05,34642,3
2e-05,34643,13
2e-05,34644,9
2e-05,34645,2
2e-05,34646,6
2e-05,34647,11
2e-05,34648,2
2e-05,34649,5
2e-05,34650,10
2e-05,34651,6
2e-05,34652,13
2e-05,34653,10
2e-05,34654,10
2e-05,34655,9
2e-05,34656,10
2e-05,34657,5
2e-05,34658,11
2e-05,34659,1
2e-05,34660,5
2e-05,34661,10
2e-05,34662,10
2e-05,34663,6
2e-05,34664,9
2e-05,34665,1
2e-05,34666,1
2e-05,34667,6
2e-05,34668,10
2e-05,34669,12
2e-05,34670,6
2e-05,34671,2
2e-05,34672,0
2e-05,34673,11
2e-05,34674,13
2e-05,34675,6
2e-05,34676,3
2e-05,34677,13
2e-05,34678,12
2e-05,34679,11
2e-05,34680,10
2e-05,34681,6
2e-05,34682,12
2e-05,34683,11
2e-05,34684,3
2e-05,34685,6
2e-05,34686,10
2e-05,34687,9
2e-05,34688,5
2e-05,34689,9
2e-05,34690,2
2e-05,34691,5
2e-05,34692,10
2e-05,34693,11
2e-05,34694,11
2e-05,34695,9
2e-05,34696,6
2e-05,34697,9
2e-05,34698,2
2e-05,34699,5
2e-05,34700,11
2e-05,34701,6
2e-05,34702,11
2e-05,34703,3
2e-05,34704,12
2e-05,34705,0
2e-05,34706,12
2e-05,34707,0
2e-05,34708,8
2e-05,34709,1
2e-05,34710,13
2e-05,34711,12
2e-05,34712,2
2e-05,34713,12
2e-05,34714,3
2e-05,34715,10
2e-05,34716,12
2e-05,34717,5
2e-05,34718,3
2e-05,34719,13
2e-05,34720,10
2e-05,34721,0
2e-05,34722,5
2e-05,34723,11
2e-05,34724,5
2e-05,34725,5
2e-05,34726,11
2e-05,34727,2
2e-05,34728,9
2e-05,34729,2
2e-05,34730,5
2e-05,34731,5
2e-05,34732,2
2e-05,34733,1
2e-05,34734,2
2e-05,34735,10
2e-05,34736,12
2e-05,34737,6
2e-05,34738,5
2e-05,34739,11
2e-05,34740,1
2e-05,34741,3
2e-05,34742,12
2e-05,34743,0
2e-05,34744,11
2e-05,34745,1
2e-05,34746,10
2e-05,34747,12
2e-05,34748,9
2e-05,34749,11
2e-05,34750,11
2e-05,34751,0
2e-05,34752,6
2e-05,34753,13
2e-05,34754,6
2e-05,34755,11
2e-05,34756,9
2e-05,34757,11
2e-05,34758,11
2e-05,34759,12
2e-05,34760,10
2e-05,34761,1
2e-05,34762,10
2e-05,34763,4
2e-05,34764,1
2e-05,34765,0
2e-05,34766,1
2e-05,34767,1
2e-05,34768,1
2e-05,34769,9
2e-05,34770,6
2e-05,34771,0
2e-05,34772,5
2e-05,34773,5
2e-05,34774,3
2e-05,34775,10
2e-05,34776,11
2e-05,34777,5
2e-05,34778,1
2e-05,34779,13
2e-05,34780,6
2e-05,34781,8
2e-05,34782,1
2e-05,34783,0
2e-05,34784,5
2e-05,34785,16
2e-05,34786,3
2e-05,34787,11
2e-05,34788,6
2e-05,34789,12
2e-05,34790,2
2e-05,34791,13
2e-05,34792,2
2e-05,34793,0
2e-05,34794,3
2e-05,34795,9
2e-05,34796,9
2e-05,34797,5
2e-05,34798,6
2e-05,34799,3
2e-05,34800,10
2e-05,34801,13
2e-05,34802,11
2e-05,34803,6
2e-05,34804,6
2e-05,34805,10
2e-05,34806,11
2e-05,34807,3
2e-05,34808,0
2e-05,34809,6
2e-05,34810,3
2e-05,34811,10
2e-05,34812,9
2e-05,34813,9
2e-05,34814,5
2e-05,34815,6
2e-05,34816,1
2e-05,34817,10
2e-05,34818,0
2e-05,34819,5
2e-05,34820,0
2e-05,34821,0
2e-05,34822,8
2e-05,34823,12
2e-05,34824,0
2e-05,34825,9
2e-05,34826,12
2e-05,34827,5
2e-05,34828,5
2e-05,34829,6
2e-05,34830,1
2e-05,34831,1
2e-05,34832,6
2e-05,34833,13
2e-05,34834,1
2e-05,34835,11
2e-05,34836,5
2e-05,34837,1
2e-05,34838,10
2e-05,34839,3
2e-05,34840,5
2e-05,34841,9
2e-05,34842,12
2e-05,34843,9
2e-05,34844,1
2e-05,34845,6
2e-05,34846,9
2e-05,34847,9
2e-05,34848,10
2e-05,34849,12
2e-05,34850,12
2e-05,34851,12
2e-05,34852,5
2e-05,34853,5
2e-05,34854,10
2e-05,34855,13
2e-05,34856,12
2e-05,34857,11
2e-05,34858,1
2e-05,34859,12
2e-05,34860,6
2e-05,34861,3
2e-05,34862,6
2e-05,34863,10
2e-05,34864,3
2e-05,34865,6
2e-05,34866,2
2e-05,34867,5
2e-05,34868,11
2e-05,34869,3
2e-05,34870,12
2e-05,34871,0
2e-05,34872,3
2e-05,34873,11
2e-05,34874,12
2e-05,34875,12
2e-05,34876,12
2e-05,34877,9
2e-05,34878,2
2e-05,34879,10
2e-05,34880,11
2e-05,34881,0
2e-05,34882,1
2e-05,34883,3
2e-05,34884,1
2e-05,34885,9
2e-05,34886,1
2e-05,34887,11
2e-05,34888,12
2e-05,34889,11
2e-05,34890,6
2e-05,34891,12
2e-05,34892,12
2e-05,34893,13
2e-05,34894,9
2e-05,34895,3
2e-05,34896,6
2e-05,34897,3
2e-05,34898,3
2e-05,34899,2
2e-05,34900,11
2e-05,34901,5
2e-05,34902,3
2e-05,34903,5
2e-05,34904,8
2e-05,34905,1
2e-05,34906,11
2e-05,34907,10
2e-05,34908,10
2e-05,34909,13
2e-05,34910,11
2e-05,34911,6
2e-05,34912,9
2e-05,34913,0
2e-05,34914,10
2e-05,34915,16
2e-05,34916,3
2e-05,34917,12
2e-05,34918,11
2e-05,34919,2
2e-05,34920,12
2e-05,34921,6
2e-05,34922,10
2e-05,34923,11
2e-05,34924,10
2e-05,34925,12
2e-05,34926,1
2e-05,34927,11
2e-05,34928,6
2e-05,34929,5
2e-05,34930,5
2e-05,34931,5
2e-05,34932,1
2e-05,34933,9
2e-05,34934,2
2e-05,34935,11
2e-05,34936,1
2e-05,34937,11
2e-05,34938,10
2e-05,34939,3
2e-05,34940,5
2e-05,34941,10
2e-05,34942,5
2e-05,34943,2
2e-05,34944,5
2e-05,34945,2
2e-05,34946,0
2e-05,34947,12
2e-05,34948,2
2e-05,34949,9
2e-05,34950,5
2e-05,34951,6
2e-05,34952,6
2e-05,34953,6
2e-05,34954,6
2e-05,34955,10
2e-05,34956,1
2e-05,34957,6
2e-05,34958,2
2e-05,34959,10
2e-05,34960,5
2e-05,34961,12
2e-05,34962,9
2e-05,34963,11
2e-05,34964,1
2e-05,34965,12
2e-05,34966,12
2e-05,34967,10
2e-05,34968,3
2e-05,34969,2
2e-05,34970,2
2e-05,34971,2
2e-05,34972,0
2e-05,34973,3
2e-05,34974,12
2e-05,34975,10
2e-05,34976,0
2e-05,34977,6
2e-05,34978,5
2e-05,34979,13
2e-05,34980,13
2e-05,34981,6
2e-05,34982,10
2e-05,34983,9
2e-05,34984,0
2e-05,34985,1
2e-05,34986,9
2e-05,34987,0
2e-05,34988,11
2e-05,34989,3
2e-05,34990,9
2e-05,34991,1
2e-05,34992,6
2e-05,34993,11
2e-05,34994,1
2e-05,34995,9
2e-05,34996,1
2e-05,34997,3
2e-05,34998,9
2e-05,34999,11
2e-05,35000,13
2e-05,35001,1
2e-05,35002,5
2e-05,35003,6
2e-05,35004,5
2e-05,35005,10
2e-05,35006,6
2e-05,35007,2
2e-05,35008,10
2e-05,35009,1
2e-05,35010,1
2e-05,35011,1
2e-05,35012,9
2e-05,35013,10
2e-05,35014,5
2e-05,35015,2
2e-05,35016,11
2e-05,35017,10
2e-05,35018,12
2e-05,35019,5
2e-05,35020,1
2e-05,35021,12
2e-05,35022,3
2e-05,35023,13
2e-05,35024,9
2e-05,35025,9
2e-05,35026,10
2e-05,35027,13
2e-05,35028,10
2e-05,35029,2
2e-05,35030,1
2e-05,35031,12
2e-05,35032,3
2e-05,35033,12
2e-05,35034,5
2e-05,35035,4
2e-05,35036,10
2e-05,35037,2
2e-05,35038,0
2e-05,35039,5
2e-05,35040,11
2e-05,35041,12
2e-05,35042,9
2e-05,35043,10
2e-05,35044,1
2e-05,35045,1
2e-05,35046,10
2e-05,35047,3
2e-05,35048,6
2e-05,35049,0
2e-05,35050,11
2e-05,35051,9
2e-05,35052,5
2e-05,35053,2
2e-05,35054,6
2e-05,35055,14
2e-05,35056,3
2e-05,35057,2
2e-05,35058,6
2e-05,35059,1
2e-05,35060,2
2e-05,35061,12
2e-05,35062,5
2e-05,35063,2
2e-05,35064,11
2e-05,35065,9
2e-05,35066,6
2e-05,35067,3
2e-05,35068,0
2e-05,35069,5
2e-05,35070,12
2e-05,35071,6
2e-05,35072,13
2e-05,35073,11
2e-05,35074,13
2e-05,35075,10
2e-05,35076,2
2e-05,35077,11
2e-05,35078,13
2e-05,35079,5
2e-05,35080,13
2e-05,35081,1
2e-05,35082,12
2e-05,35083,11
2e-05,35084,0
2e-05,35085,1
2e-05,35086,0
2e-05,35087,2
2e-05,35088,11
2e-05,35089,11
2e-05,35090,10
2e-05,35091,0
2e-05,35092,13
2e-05,35093,6
2e-05,35094,0
2e-05,35095,13
2e-05,35096,5
2e-05,35097,0
2e-05,35098,1
2e-05,35099,6
2e-05,35100,6
2e-05,35101,6
2e-05,35102,9
2e-05,35103,5
2e-05,35104,2
2e-05,35105,3
2e-05,35106,10
2e-05,35107,3
2e-05,35108,6
2e-05,35109,11
2e-05,35110,6
2e-05,35111,8
2e-05,35112,0
2e-05,35113,9
2e-05,35114,10
2e-05,35115,11
2e-05,35116,6
2e-05,35117,10
2e-05,35118,11
2e-05,35119,5
2e-05,35120,2
2e-05,35121,10
2e-05,35122,5
2e-05,35123,3
2e-05,35124,12
2e-05,35125,5
2e-05,35126,9
2e-05,35127,6
2e-05,35128,0
2e-05,35129,9
2e-05,35130,2
2e-05,35131,5
2e-05,35132,9
2e-05,35133,11
2e-05,35134,6
2e-05,35135,0
2e-05,35136,9
2e-05,35137,5
2e-05,35138,12
2e-05,35139,9
2e-05,35140,11
2e-05,35141,1
2e-05,35142,4
2e-05,35143,0
2e-05,35144,6
2e-05,35145,10
2e-05,35146,3
2e-05,35147,5
2e-05,35148,0
2e-05,35149,5
2e-05,35150,9
2e-05,35151,6
2e-05,35152,0
2e-05,35153,6
2e-05,35154,16
2e-05,35155,6
2e-05,35156,6
2e-05,35157,3
2e-05,35158,13
2e-05,35159,9
2e-05,35160,13
2e-05,35161,11
2e-05,35162,6
2e-05,35163,6
2e-05,35164,4
2e-05,35165,5
2e-05,35166,6
2e-05,35167,9
2e-05,35168,10
2e-05,35169,1
2e-05,35170,0
2e-05,35171,13
2e-05,35172,12
2e-05,35173,12
2e-05,35174,10
2e-05,35175,10
2e-05,35176,13
2e-05,35177,13
2e-05,35178,2
2e-05,35179,2
2e-05,35180,2
2e-05,35181,2
2e-05,35182,3
2e-05,35183,12
2e-05,35184,13
2e-05,35185,9
2e-05,35186,1
2e-05,35187,9
2e-05,35188,0
2e-05,35189,11
2e-05,35190,12
2e-05,35191,8
2e-05,35192,9
2e-05,35193,6
2e-05,35194,5
2e-05,35195,3
2e-05,35196,6
2e-05,35197,6
2e-05,35198,9
2e-05,35199,9
2e-05,35200,12
2e-05,35201,9
2e-05,35202,10
2e-05,35203,11
2e-05,35204,13
2e-05,35205,8
2e-05,35206,1
2e-05,35207,6
2e-05,35208,11
2e-05,35209,13
2e-05,35210,13
2e-05,35211,6
2e-05,35212,12
2e-05,35213,10
2e-05,35214,6
2e-05,35215,0
2e-05,35216,2
2e-05,35217,2
2e-05,35218,6
2e-05,35219,9
2e-05,35220,5
2e-05,35221,3
2e-05,35222,11
2e-05,35223,11
2e-05,35224,0
2e-05,35225,10
2e-05,35226,11
2e-05,35227,1
2e-05,35228,11
2e-05,35229,11
2e-05,35230,1
2e-05,35231,12
2e-05,35232,1
2e-05,35233,7
2e-05,35234,12
2e-05,35235,2
2e-05,35236,13
2e-05,35237,6
2e-05,35238,1
2e-05,35239,3
2e-05,35240,11
2e-05,35241,1
2e-05,35242,3
2e-05,35243,3
2e-05,35244,5
2e-05,35245,9
2e-05,35246,5
2e-05,35247,3
2e-05,35248,3
2e-05,35249,1
2e-05,35250,3
2e-05,35251,13
2e-05,35252,13
2e-05,35253,11
2e-05,35254,5
2e-05,35255,6
2e-05,35256,2
2e-05,35257,11
2e-05,35258,10
2e-05,35259,10
2e-05,35260,0
2e-05,35261,5
2e-05,35262,3
2e-05,35263,4
2e-05,35264,11
2e-05,35265,11
2e-05,35266,1
2e-05,35267,3
2e-05,35268,2
2e-05,35269,9
2e-05,35270,9
2e-05,35271,13
2e-05,35272,0
2e-05,35273,10
2e-05,35274,9
2e-05,35275,9
2e-05,35276,1
2e-05,35277,1
2e-05,35278,5
2e-05,35279,11
2e-05,35280,3
2e-05,35281,2
2e-05,35282,2
2e-05,35283,5
2e-05,35284,1
2e-05,35285,1
2e-05,35286,11
2e-05,35287,0
2e-05,35288,11
2e-05,35289,13
2e-05,35290,10
2e-05,35291,12
2e-05,35292,13
2e-05,35293,16
2e-05,35294,10
2e-05,35295,0
2e-05,35296,2
2e-05,35297,9
2e-05,35298,9
2e-05,35299,12
2e-05,35300,1
2e-05,35301,2
2e-05,35302,9
2e-05,35303,1
2e-05,35304,1
2e-05,35305,0
2e-05,35306,12
2e-05,35307,0
2e-05,35308,12
2e-05,35309,13
2e-05,35310,6
2e-05,35311,5
2e-05,35312,5
2e-05,35313,5
2e-05,35314,0
2e-05,35315,11
2e-05,35316,5
2e-05,35317,9
2e-05,35318,6
2e-05,35319,0
2e-05,35320,1
2e-05,35321,9
2e-05,35322,17
2e-05,35323,1
2e-05,35324,13
2e-05,35325,5
2e-05,35326,9
2e-05,35327,13
2e-05,35328,4
2e-05,35329,1
2e-05,35330,9
2e-05,35331,12
2e-05,35332,3
2e-05,35333,6
2e-05,35334,3
2e-05,35335,12
2e-05,35336,9
2e-05,35337,9
2e-05,35338,10
2e-05,35339,3
2e-05,35340,3
2e-05,35341,6
2e-05,35342,5
2e-05,35343,2
2e-05,35344,0
2e-05,35345,1
2e-05,35346,0
2e-05,35347,9
2e-05,35348,9
2e-05,35349,11
2e-05,35350,5
2e-05,35351,0
2e-05,35352,1
2e-05,35353,10
2e-05,35354,9
2e-05,35355,13
2e-05,35356,0
2e-05,35357,13
2e-05,35358,11
2e-05,35359,6
2e-05,35360,10
2e-05,35361,17
2e-05,35362,3
2e-05,35363,2
2e-05,35364,9
2e-05,35365,11
2e-05,35366,2
2e-05,35367,5
2e-05,35368,3
2e-05,35369,9
2e-05,35370,3
2e-05,35371,14
2e-05,35372,0
2e-05,35373,12
2e-05,35374,3
2e-05,35375,12
2e-05,35376,10
2e-05,35377,13
2e-05,35378,10
2e-05,35379,3
2e-05,35380,9
2e-05,35381,9
2e-05,35382,1
2e-05,35383,13
2e-05,35384,5
2e-05,35385,0
2e-05,35386,13
2e-05,35387,5
2e-05,35388,11
2e-05,35389,13
2e-05,35390,6
2e-05,35391,11
2e-05,35392,10
2e-05,35393,11
2e-05,35394,1
2e-05,35395,6
2e-05,35396,9
2e-05,35397,11
2e-05,35398,11
2e-05,35399,17
2e-05,35400,10
2e-05,35401,5
2e-05,35402,13
2e-05,35403,3
2e-05,35404,8
2e-05,35405,10
2e-05,35406,11
2e-05,35407,6
2e-05,35408,0
2e-05,35409,12
2e-05,35410,5
2e-05,35411,2
2e-05,35412,3
2e-05,35413,1
2e-05,35414,2
2e-05,35415,13
2e-05,35416,10
2e-05,35417,3
2e-05,35418,10
2e-05,35419,10
2e-05,35420,11
2e-05,35421,9
2e-05,35422,5
2e-05,35423,1
2e-05,35424,11
2e-05,35425,4
2e-05,35426,9
2e-05,35427,6
2e-05,35428,1
2e-05,35429,9
2e-05,35430,12
2e-05,35431,5
2e-05,35432,13
2e-05,35433,9
2e-05,35434,5
2e-05,35435,13
2e-05,35436,11
2e-05,35437,1
2e-05,35438,11
2e-05,35439,2
2e-05,35440,9
2e-05,35441,6
2e-05,35442,1
2e-05,35443,9
2e-05,35444,13
2e-05,35445,9
2e-05,35446,16
2e-05,35447,2
2e-05,35448,12
2e-05,35449,13
2e-05,35450,12
2e-05,35451,10
2e-05,35452,0
2e-05,35453,11
2e-05,35454,5
2e-05,35455,13
2e-05,35456,2
2e-05,35457,0
2e-05,35458,10
2e-05,35459,9
2e-05,35460,12
2e-05,35461,13
2e-05,35462,4
2e-05,35463,1
2e-05,35464,11
2e-05,35465,5
2e-05,35466,11
2e-05,35467,10
2e-05,35468,1
2e-05,35469,0
2e-05,35470,11
2e-05,35471,8
2e-05,35472,6
2e-05,35473,10
2e-05,35474,5
2e-05,35475,12
2e-05,35476,3
2e-05,35477,0
2e-05,35478,2
2e-05,35479,2
2e-05,35480,9
2e-05,35481,1
2e-05,35482,6
2e-05,35483,9
2e-05,35484,12
2e-05,35485,5
2e-05,35486,11
2e-05,35487,2
2e-05,35488,11
2e-05,35489,13
2e-05,35490,11
2e-05,35491,1
2e-05,35492,5
2e-05,35493,1
2e-05,35494,2
2e-05,35495,5
2e-05,35496,10
2e-05,35497,10
2e-05,35498,0
2e-05,35499,11
2e-05,35500,12
2e-05,35501,11
2e-05,35502,6
2e-05,35503,5
2e-05,35504,5
2e-05,35505,1
2e-05,35506,6
2e-05,35507,5
2e-05,35508,6
2e-05,35509,10
2e-05,35510,2
2e-05,35511,16
2e-05,35512,5
2e-05,35513,1
2e-05,35514,12
2e-05,35515,11
2e-05,35516,10
2e-05,35517,0
2e-05,35518,9
2e-05,35519,10
2e-05,35520,12
2e-05,35521,9
2e-05,35522,3
2e-05,35523,10
2e-05,35524,5
2e-05,35525,3
2e-05,35526,11
2e-05,35527,13
2e-05,35528,3
2e-05,35529,2
2e-05,35530,2
2e-05,35531,6
2e-05,35532,3
2e-05,35533,12
2e-05,35534,1
2e-05,35535,10
2e-05,35536,9
2e-05,35537,6
2e-05,35538,12
2e-05,35539,1
2e-05,35540,13
2e-05,35541,5
2e-05,35542,9
2e-05,35543,9
2e-05,35544,1
2e-05,35545,13
2e-05,35546,9
2e-05,35547,5
2e-05,35548,9
2e-05,35549,14
2e-05,35550,5
2e-05,35551,0
2e-05,35552,9
2e-05,35553,2
2e-05,35554,3
2e-05,35555,12
2e-05,35556,2
2e-05,35557,9
2e-05,35558,13
2e-05,35559,1
2e-05,35560,10
2e-05,35561,12
2e-05,35562,2
2e-05,35563,0
2e-05,35564,0
2e-05,35565,10
2e-05,35566,3
2e-05,35567,5
2e-05,35568,3
2e-05,35569,9
2e-05,35570,2
2e-05,35571,2
2e-05,35572,10
2e-05,35573,10
2e-05,35574,1
2e-05,35575,3
2e-05,35576,9
2e-05,35577,6
2e-05,35578,2
2e-05,35579,2
2e-05,35580,12
2e-05,35581,6
2e-05,35582,5
2e-05,35583,0
2e-05,35584,1
2e-05,35585,12
2e-05,35586,1
2e-05,35587,3
2e-05,35588,13
2e-05,35589,1
2e-05,35590,9
2e-05,35591,13
2e-05,35592,9
2e-05,35593,1
2e-05,35594,6
2e-05,35595,1
2e-05,35596,1
2e-05,35597,3
2e-05,35598,13
2e-05,35599,1
2e-05,35600,1
2e-05,35601,1
2e-05,35602,11
2e-05,35603,12
2e-05,35604,12
2e-05,35605,11
2e-05,35606,0
2e-05,35607,3
2e-05,35608,11
2e-05,35609,1
2e-05,35610,3
2e-05,35611,5
2e-05,35612,0
2e-05,35613,12
2e-05,35614,11
2e-05,35615,3
2e-05,35616,0
2e-05,35617,6
2e-05,35618,13
2e-05,35619,13
2e-05,35620,9
2e-05,35621,3
2e-05,35622,12
2e-05,35623,10
2e-05,35624,13
2e-05,35625,13
2e-05,35626,5
2e-05,35627,5
2e-05,35628,2
2e-05,35629,10
2e-05,35630,11
2e-05,35631,13
2e-05,35632,3
2e-05,35633,1
2e-05,35634,3
2e-05,35635,11
2e-05,35636,11
2e-05,35637,10
2e-05,35638,12
2e-05,35639,3
2e-05,35640,12
2e-05,35641,1
2e-05,35642,6
2e-05,35643,5
2e-05,35644,12
2e-05,35645,6
2e-05,35646,11
2e-05,35647,1
2e-05,35648,14
2e-05,35649,2
2e-05,35650,11
2e-05,35651,12
2e-05,35652,8
2e-05,35653,5
2e-05,35654,5
2e-05,35655,2
2e-05,35656,12
2e-05,35657,6
2e-05,35658,3
2e-05,35659,5
2e-05,35660,10
2e-05,35661,2
2e-05,35662,9
2e-05,35663,12
2e-05,35664,6
2e-05,35665,0
2e-05,35666,11
2e-05,35667,12
2e-05,35668,5
2e-05,35669,11
2e-05,35670,6
2e-05,35671,5
2e-05,35672,11
2e-05,35673,16
2e-05,35674,12
2e-05,35675,16
2e-05,35676,12
2e-05,35677,3
2e-05,35678,9
2e-05,35679,0
2e-05,35680,10
2e-05,35681,6
2e-05,35682,1
2e-05,35683,9
2e-05,35684,1
2e-05,35685,3
2e-05,35686,9
2e-05,35687,1
2e-05,35688,10
2e-05,35689,10
2e-05,35690,13
2e-05,35691,2
2e-05,35692,1
2e-05,35693,6
2e-05,35694,13
2e-05,35695,0
2e-05,35696,0
2e-05,35697,0
2e-05,35698,3
2e-05,35699,16
2e-05,35700,11
2e-05,35701,11
2e-05,35702,1
2e-05,35703,5
2e-05,35704,5
2e-05,35705,1
2e-05,35706,1
2e-05,35707,13
2e-05,35708,13
2e-05,35709,0
2e-05,35710,11
2e-05,35711,1
2e-05,35712,1
2e-05,35713,9
2e-05,35714,13
2e-05,35715,0
2e-05,35716,0
2e-05,35717,0
2e-05,35718,1
2e-05,35719,6
2e-05,35720,0
2e-05,35721,9
2e-05,35722,11
2e-05,35723,5
2e-05,35724,3
2e-05,35725,4
2e-05,35726,2
2e-05,35727,9
2e-05,35728,11
2e-05,35729,9
2e-05,35730,0
2e-05,35731,12
2e-05,35732,4
2e-05,35733,2
2e-05,35734,9
2e-05,35735,3
2e-05,35736,0
2e-05,35737,5
2e-05,35738,9
2e-05,35739,10
2e-05,35740,11
2e-05,35741,5
2e-05,35742,10
2e-05,35743,6
2e-05,35744,10
2e-05,35745,11
2e-05,35746,12
2e-05,35747,6
2e-05,35748,0
2e-05,35749,11
2e-05,35750,3
2e-05,35751,5
2e-05,35752,10
2e-05,35753,6
2e-05,35754,1
2e-05,35755,10
2e-05,35756,10
2e-05,35757,12
2e-05,35758,1
2e-05,35759,6
2e-05,35760,6
2e-05,35761,11
2e-05,35762,10
2e-05,35763,0
2e-05,35764,9
2e-05,35765,10
2e-05,35766,2
2e-05,35767,1
2e-05,35768,3
2e-05,35769,9
2e-05,35770,9
2e-05,35771,3
2e-05,35772,3
2e-05,35773,11
2e-05,35774,6
2e-05,35775,0
2e-05,35776,10
2e-05,35777,0
2e-05,35778,13
2e-05,35779,2
2e-05,35780,0
2e-05,35781,1
2e-05,35782,3
2e-05,35783,9
2e-05,35784,1
2e-05,35785,9
2e-05,35786,6
2e-05,35787,5
2e-05,35788,6
2e-05,35789,8
2e-05,35790,1
2e-05,35791,0
2e-05,35792,6
2e-05,35793,1
2e-05,35794,3
2e-05,35795,13
2e-05,35796,12
2e-05,35797,2
2e-05,35798,1
2e-05,35799,11
2e-05,35800,1
2e-05,35801,5
2e-05,35802,16
2e-05,35803,9
2e-05,35804,16
2e-05,35805,9
2e-05,35806,12
2e-05,35807,1
2e-05,35808,1
2e-05,35809,5
2e-05,35810,5
2e-05,35811,10
2e-05,35812,12
2e-05,35813,13
2e-05,35814,12
2e-05,35815,0
2e-05,35816,2
2e-05,35817,5
2e-05,35818,0
2e-05,35819,0
2e-05,35820,6
2e-05,35821,9
2e-05,35822,5
2e-05,35823,6
2e-05,35824,3
2e-05,35825,10
2e-05,35826,11
2e-05,35827,6
2e-05,35828,12
2e-05,35829,10
2e-05,35830,12
2e-05,35831,5
2e-05,35832,8
2e-05,35833,10
2e-05,35834,2
2e-05,35835,3
2e-05,35836,0
2e-05,35837,13
2e-05,35838,12
2e-05,35839,5
2e-05,35840,6
2e-05,35841,5
2e-05,35842,9
2e-05,35843,5
2e-05,35844,10
2e-05,35845,3
2e-05,35846,6
2e-05,35847,3
2e-05,35848,6
2e-05,35849,12
2e-05,35850,0
2e-05,35851,5
2e-05,35852,0
2e-05,35853,9
2e-05,35854,1
2e-05,35855,1
2e-05,35856,11
2e-05,35857,5
2e-05,35858,0
2e-05,35859,9
2e-05,35860,6
2e-05,35861,12
2e-05,35862,6
2e-05,35863,13
2e-05,35864,6
2e-05,35865,9
2e-05,35866,3
2e-05,35867,5
2e-05,35868,13
2e-05,35869,5
2e-05,35870,5
2e-05,35871,0
2e-05,35872,1
2e-05,35873,6
2e-05,35874,2
2e-05,35875,2
2e-05,35876,5
2e-05,35877,10
2e-05,35878,11
2e-05,35879,11
2e-05,35880,5
2e-05,35881,3
2e-05,35882,10
2e-05,35883,6
2e-05,35884,1
2e-05,35885,1
2e-05,35886,3
2e-05,35887,13
2e-05,35888,10
2e-05,35889,1
2e-05,35890,6
2e-05,35891,13
2e-05,35892,6
2e-05,35893,0
2e-05,35894,10
2e-05,35895,11
2e-05,35896,1
2e-05,35897,6
2e-05,35898,5
2e-05,35899,3
2e-05,35900,13
2e-05,35901,10
2e-05,35902,2
2e-05,35903,6
2e-05,35904,12
2e-05,35905,1
2e-05,35906,10
2e-05,35907,12
2e-05,35908,6
2e-05,35909,6
2e-05,35910,11
2e-05,35911,3
2e-05,35912,0
2e-05,35913,0
2e-05,35914,3
2e-05,35915,2
2e-05,35916,6
2e-05,35917,11
2e-05,35918,0
2e-05,35919,11
2e-05,35920,2
2e-05,35921,13
2e-05,35922,9
2e-05,35923,16
2e-05,35924,3
2e-05,35925,9
2e-05,35926,12
2e-05,35927,1
2e-05,35928,5
2e-05,35929,2
2e-05,35930,6
2e-05,35931,3
2e-05,35932,12
2e-05,35933,13
2e-05,35934,12
2e-05,35935,5
2e-05,35936,1
2e-05,35937,9
2e-05,35938,13
2e-05,35939,0
2e-05,35940,0
2e-05,35941,0
2e-05,35942,2
2e-05,35943,1
2e-05,35944,1
2e-05,35945,16
2e-05,35946,0
2e-05,35947,1
2e-05,35948,11
2e-05,35949,12
2e-05,35950,0
2e-05,35951,1
2e-05,35952,11
2e-05,35953,6
2e-05,35954,3
2e-05,35955,5
2e-05,35956,9
2e-05,35957,6
2e-05,35958,8
2e-05,35959,9
2e-05,35960,10
2e-05,35961,13
2e-05,35962,12
2e-05,35963,11
2e-05,35964,13
2e-05,35965,5
2e-05,35966,11
2e-05,35967,11
2e-05,35968,0
2e-05,35969,11
2e-05,35970,11
2e-05,35971,2
2e-05,35972,1
2e-05,35973,2
2e-05,35974,1
2e-05,35975,0
2e-05,35976,11
2e-05,35977,9
2e-05,35978,13
2e-05,35979,5
2e-05,35980,1
2e-05,35981,0
2e-05,35982,5
2e-05,35983,6
2e-05,35984,5
2e-05,35985,3
2e-05,35986,9
2e-05,35987,9
2e-05,35988,11
2e-05,35989,1
2e-05,35990,1
2e-05,35991,9
2e-05,35992,13
2e-05,35993,3
2e-05,35994,0
2e-05,35995,9
2e-05,35996,1
2e-05,35997,6
2e-05,35998,1
2e-05,35999,13
2e-05,36000,5
2e-05,36001,5
2e-05,36002,9
2e-05,36003,6
2e-05,36004,1
2e-05,36005,9
2e-05,36006,6
2e-05,36007,0
2e-05,36008,1
2e-05,36009,3
2e-05,36010,10
2e-05,36011,9
2e-05,36012,3
2e-05,36013,2
2e-05,36014,0
2e-05,36015,13
2e-05,36016,3
2e-05,36017,5
2e-05,36018,13
2e-05,36019,0
2e-05,36020,8
2e-05,36021,6
2e-05,36022,12
2e-05,36023,13
2e-05,36024,3
2e-05,36025,3
2e-05,36026,10
2e-05,36027,6
2e-05,36028,11
2e-05,36029,13
2e-05,36030,2
2e-05,36031,9
2e-05,36032,9
2e-05,36033,12
2e-05,36034,11
2e-05,36035,3
2e-05,36036,5
2e-05,36037,1
2e-05,36038,8
2e-05,36039,0
2e-05,36040,10
2e-05,36041,3
2e-05,36042,12
2e-05,36043,5
2e-05,36044,9
2e-05,36045,6
2e-05,36046,1
2e-05,36047,2
2e-05,36048,0
2e-05,36049,13
2e-05,36050,2
2e-05,36051,13
2e-05,36052,11
2e-05,36053,12
2e-05,36054,9
2e-05,36055,6
2e-05,36056,10
2e-05,36057,3
2e-05,36058,1
2e-05,36059,0
2e-05,36060,5
2e-05,36061,9
2e-05,36062,9
2e-05,36063,0
2e-05,36064,9
2e-05,36065,8
2e-05,36066,11
2e-05,36067,10
2e-05,36068,3
2e-05,36069,11
2e-05,36070,0
2e-05,36071,5
2e-05,36072,11
2e-05,36073,0
2e-05,36074,9
2e-05,36075,1
2e-05,36076,12
2e-05,36077,10
2e-05,36078,9
2e-05,36079,11
2e-05,36080,10
2e-05,36081,3
2e-05,36082,0
2e-05,36083,0
2e-05,36084,10
2e-05,36085,11
2e-05,36086,9
2e-05,36087,0
2e-05,36088,6
2e-05,36089,5
2e-05,36090,2
2e-05,36091,1
2e-05,36092,3
2e-05,36093,3
2e-05,36094,2
2e-05,36095,1
2e-05,36096,6
2e-05,36097,13
2e-05,36098,11
2e-05,36099,0
2e-05,36100,10
2e-05,36101,11
2e-05,36102,11
2e-05,36103,0
2e-05,36104,1
2e-05,36105,2
2e-05,36106,5
2e-05,36107,11
2e-05,36108,2
2e-05,36109,2
2e-05,36110,12
2e-05,36111,10
2e-05,36112,1
2e-05,36113,11
2e-05,36114,3
2e-05,36115,16
2e-05,36116,0
2e-05,36117,3
2e-05,36118,1
2e-05,36119,10
2e-05,36120,10
2e-05,36121,10
2e-05,36122,0
2e-05,36123,1
2e-05,36124,11
2e-05,36125,2
2e-05,36126,17
2e-05,36127,6
2e-05,36128,6
2e-05,36129,6
2e-05,36130,0
2e-05,36131,13
2e-05,36132,11
2e-05,36133,12
2e-05,36134,5
2e-05,36135,9
2e-05,36136,13
2e-05,36137,9
2e-05,36138,5
2e-05,36139,1
2e-05,36140,3
2e-05,36141,11
2e-05,36142,3
2e-05,36143,13
2e-05,36144,12
2e-05,36145,13
2e-05,36146,2
2e-05,36147,9
2e-05,36148,9
2e-05,36149,12
2e-05,36150,11
2e-05,36151,1
2e-05,36152,6
2e-05,36153,1
2e-05,36154,6
2e-05,36155,0
2e-05,36156,6
2e-05,36157,6
2e-05,36158,11
2e-05,36159,10
2e-05,36160,1
2e-05,36161,0
2e-05,36162,10
2e-05,36163,0
2e-05,36164,12
2e-05,36165,1
2e-05,36166,12
2e-05,36167,2
2e-05,36168,0
2e-05,36169,13
2e-05,36170,1
2e-05,36171,1
2e-05,36172,12
2e-05,36173,3
2e-05,36174,2
2e-05,36175,5
2e-05,36176,3
2e-05,36177,12
2e-05,36178,10
2e-05,36179,9
2e-05,36180,10
2e-05,36181,1
2e-05,36182,8
2e-05,36183,11
2e-05,36184,0
2e-05,36185,13
2e-05,36186,5
2e-05,36187,6
2e-05,36188,9
2e-05,36189,1
2e-05,36190,1
2e-05,36191,13
2e-05,36192,3
2e-05,36193,12
2e-05,36194,3
2e-05,36195,9
2e-05,36196,0
2e-05,36197,10
2e-05,36198,2
2e-05,36199,10
2e-05,36200,13
2e-05,36201,1
2e-05,36202,9
2e-05,36203,2
2e-05,36204,10
2e-05,36205,2
2e-05,36206,1
2e-05,36207,1
2e-05,36208,9
2e-05,36209,2
2e-05,36210,3
2e-05,36211,1
2e-05,36212,2
2e-05,36213,0
2e-05,36214,11
2e-05,36215,3
2e-05,36216,5
2e-05,36217,11
2e-05,36218,10
2e-05,36219,2
2e-05,36220,10
2e-05,36221,5
2e-05,36222,9
2e-05,36223,12
2e-05,36224,5
2e-05,36225,6
2e-05,36226,13
2e-05,36227,11
2e-05,36228,2
2e-05,36229,5
2e-05,36230,5
2e-05,36231,5
2e-05,36232,3
2e-05,36233,11
2e-05,36234,6
2e-05,36235,3
2e-05,36236,2
2e-05,36237,10
2e-05,36238,14
2e-05,36239,5
2e-05,36240,0
2e-05,36241,10
2e-05,36242,5
2e-05,36243,1
2e-05,36244,0
2e-05,36245,11
2e-05,36246,2
2e-05,36247,9
2e-05,36248,1
2e-05,36249,0
2e-05,36250,6
2e-05,36251,6
2e-05,36252,9
2e-05,36253,8
2e-05,36254,3
2e-05,36255,3
2e-05,36256,1
2e-05,36257,9
2e-05,36258,12
2e-05,36259,0
2e-05,36260,5
2e-05,36261,9
2e-05,36262,0
2e-05,36263,10
2e-05,36264,3
2e-05,36265,0
2e-05,36266,9
2e-05,36267,10
2e-05,36268,11
2e-05,36269,9
2e-05,36270,1
2e-05,36271,10
2e-05,36272,6
2e-05,36273,12
2e-05,36274,1
2e-05,36275,3
2e-05,36276,3
2e-05,36277,9
2e-05,36278,12
2e-05,36279,9
2e-05,36280,3
2e-05,36281,2
2e-05,36282,10
2e-05,36283,5
2e-05,36284,13
2e-05,36285,10
2e-05,36286,11
2e-05,36287,10
2e-05,36288,2
2e-05,36289,11
2e-05,36290,6
2e-05,36291,0
2e-05,36292,13
2e-05,36293,3
2e-05,36294,11
2e-05,36295,12
2e-05,36296,10
2e-05,36297,0
2e-05,36298,10
2e-05,36299,5
2e-05,36300,14
2e-05,36301,3
2e-05,36302,11
2e-05,36303,2
2e-05,36304,6
2e-05,36305,13
2e-05,36306,2
2e-05,36307,0
2e-05,36308,9
2e-05,36309,9
2e-05,36310,11
2e-05,36311,3
2e-05,36312,3
2e-05,36313,13
2e-05,36314,6
2e-05,36315,10
2e-05,36316,2
2e-05,36317,1
2e-05,36318,2
2e-05,36319,6
2e-05,36320,13
2e-05,36321,0
2e-05,36322,5
2e-05,36323,10
2e-05,36324,1
2e-05,36325,0
2e-05,36326,3
2e-05,36327,9
2e-05,36328,3
2e-05,36329,2
2e-05,36330,12
2e-05,36331,1
2e-05,36332,11
2e-05,36333,10
2e-05,36334,2
2e-05,36335,3
2e-05,36336,0
2e-05,36337,5
2e-05,36338,13
2e-05,36339,13
2e-05,36340,0
2e-05,36341,2
2e-05,36342,1
2e-05,36343,1
2e-05,36344,8
2e-05,36345,11
2e-05,36346,1
2e-05,36347,9
2e-05,36348,2
2e-05,36349,12
2e-05,36350,13
2e-05,36351,11
2e-05,36352,3
2e-05,36353,0
2e-05,36354,0
2e-05,36355,4
2e-05,36356,9
2e-05,36357,3
2e-05,36358,9
2e-05,36359,6
2e-05,36360,16
2e-05,36361,6
2e-05,36362,12
2e-05,36363,11
2e-05,36364,9
2e-05,36365,1
2e-05,36366,1
2e-05,36367,2
2e-05,36368,12
2e-05,36369,12
2e-05,36370,1
2e-05,36371,13
2e-05,36372,1
2e-05,36373,2
2e-05,36374,9
2e-05,36375,8
2e-05,36376,10
2e-05,36377,12
2e-05,36378,12
2e-05,36379,11
2e-05,36380,11
2e-05,36381,3
2e-05,36382,0
2e-05,36383,10
2e-05,36384,6
2e-05,36385,6
2e-05,36386,8
2e-05,36387,13
2e-05,36388,1
2e-05,36389,2
2e-05,36390,6
2e-05,36391,9
2e-05,36392,6
2e-05,36393,1
2e-05,36394,6
2e-05,36395,11
2e-05,36396,12
2e-05,36397,9
2e-05,36398,9
2e-05,36399,11
2e-05,36400,10
2e-05,36401,12
2e-05,36402,0
2e-05,36403,1
2e-05,36404,0
2e-05,36405,9
2e-05,36406,6
2e-05,36407,13
2e-05,36408,12
2e-05,36409,0
2e-05,36410,9
2e-05,36411,12
2e-05,36412,2
2e-05,36413,3
2e-05,36414,2
2e-05,36415,3
2e-05,36416,2
2e-05,36417,13
2e-05,36418,5
2e-05,36419,11
2e-05,36420,13
2e-05,36421,0
2e-05,36422,2
2e-05,36423,3
2e-05,36424,1
2e-05,36425,6
2e-05,36426,10
2e-05,36427,1
2e-05,36428,2
2e-05,36429,2
2e-05,36430,13
2e-05,36431,2
2e-05,36432,0
2e-05,36433,10
2e-05,36434,9
2e-05,36435,13
2e-05,36436,0
2e-05,36437,9
2e-05,36438,13
2e-05,36439,1
2e-05,36440,13
2e-05,36441,9
2e-05,36442,13
2e-05,36443,1
2e-05,36444,10
2e-05,36445,3
2e-05,36446,9
2e-05,36447,6
2e-05,36448,2
2e-05,36449,11
2e-05,36450,2
2e-05,36451,1
2e-05,36452,3
2e-05,36453,6
2e-05,36454,10
2e-05,36455,2
2e-05,36456,11
2e-05,36457,11
2e-05,36458,12
2e-05,36459,3
2e-05,36460,2
2e-05,36461,3
2e-05,36462,5
2e-05,36463,13
2e-05,36464,6
2e-05,36465,9
2e-05,36466,9
2e-05,36467,5
2e-05,36468,0
2e-05,36469,5
2e-05,36470,16
2e-05,36471,0
2e-05,36472,13
2e-05,36473,1
2e-05,36474,0
2e-05,36475,13
2e-05,36476,9
2e-05,36477,2
2e-05,36478,11
2e-05,36479,0
2e-05,36480,16
2e-05,36481,11
2e-05,36482,13
2e-05,36483,12
2e-05,36484,6
2e-05,36485,12
2e-05,36486,6
2e-05,36487,9
2e-05,36488,11
2e-05,36489,12
2e-05,36490,9
2e-05,36491,11
2e-05,36492,11
2e-05,36493,11
2e-05,36494,3
2e-05,36495,10
2e-05,36496,13
2e-05,36497,3
2e-05,36498,3
2e-05,36499,5
2e-05,36500,11
2e-05,36501,5
2e-05,36502,9
2e-05,36503,9
2e-05,36504,3
2e-05,36505,6
2e-05,36506,10
2e-05,36507,9
2e-05,36508,5
2e-05,36509,5
2e-05,36510,11
2e-05,36511,1
2e-05,36512,5
2e-05,36513,1
2e-05,36514,1
2e-05,36515,2
2e-05,36516,1
2e-05,36517,5
2e-05,36518,13
2e-05,36519,12
2e-05,36520,10
2e-05,36521,11
2e-05,36522,10
2e-05,36523,2
2e-05,36524,5
2e-05,36525,2
2e-05,36526,0
2e-05,36527,12
2e-05,36528,0
2e-05,36529,0
2e-05,36530,9
2e-05,36531,9
2e-05,36532,10
2e-05,36533,12
2e-05,36534,11
2e-05,36535,5
2e-05,36536,13
2e-05,36537,12
2e-05,36538,12
2e-05,36539,6
2e-05,36540,11
2e-05,36541,10
2e-05,36542,2
2e-05,36543,10
2e-05,36544,3
2e-05,36545,6
2e-05,36546,0
2e-05,36547,9
2e-05,36548,12
2e-05,36549,6
2e-05,36550,1
2e-05,36551,3
2e-05,36552,0
2e-05,36553,6
2e-05,36554,2
2e-05,36555,8
2e-05,36556,11
2e-05,36557,13
2e-05,36558,5
2e-05,36559,9
2e-05,36560,2
2e-05,36561,1
2e-05,36562,9
2e-05,36563,11
2e-05,36564,1
2e-05,36565,12
2e-05,36566,13
2e-05,36567,6
2e-05,36568,2
2e-05,36569,1
2e-05,36570,10
2e-05,36571,5
2e-05,36572,2
2e-05,36573,11
2e-05,36574,5
2e-05,36575,5
2e-05,36576,13
2e-05,36577,0
2e-05,36578,2
2e-05,36579,2
2e-05,36580,6
2e-05,36581,2
2e-05,36582,10
2e-05,36583,10
2e-05,36584,11
2e-05,36585,1
2e-05,36586,6
2e-05,36587,2
2e-05,36588,3
2e-05,36589,6
2e-05,36590,13
2e-05,36591,2
2e-05,36592,6
2e-05,36593,10
2e-05,36594,2
2e-05,36595,5
2e-05,36596,13
2e-05,36597,5
2e-05,36598,10
2e-05,36599,11
2e-05,36600,5
2e-05,36601,6
2e-05,36602,10
2e-05,36603,2
2e-05,36604,2
2e-05,36605,6
2e-05,36606,11
2e-05,36607,5
2e-05,36608,2
2e-05,36609,1
2e-05,36610,9
2e-05,36611,13
2e-05,36612,9
2e-05,36613,12
2e-05,36614,10
2e-05,36615,9
2e-05,36616,1
2e-05,36617,6
2e-05,36618,6
2e-05,36619,9
2e-05,36620,11
2e-05,36621,5
2e-05,36622,4
2e-05,36623,11
2e-05,36624,10
2e-05,36625,11
2e-05,36626,9
2e-05,36627,3
2e-05,36628,5
2e-05,36629,1
2e-05,36630,11
2e-05,36631,9
2e-05,36632,9
2e-05,36633,3
2e-05,36634,11
2e-05,36635,5
2e-05,36636,2
2e-05,36637,9
2e-05,36638,5
2e-05,36639,6
2e-05,36640,12
2e-05,36641,8
2e-05,36642,6
2e-05,36643,2
2e-05,36644,1
2e-05,36645,0
2e-05,36646,10
2e-05,36647,3
2e-05,36648,1
2e-05,36649,9
2e-05,36650,6
2e-05,36651,3
2e-05,36652,10
2e-05,36653,13
2e-05,36654,9
2e-05,36655,2
2e-05,36656,3
2e-05,36657,1
2e-05,36658,10
2e-05,36659,1
2e-05,36660,6
2e-05,36661,2
2e-05,36662,1
2e-05,36663,12
2e-05,36664,13
2e-05,36665,12
2e-05,36666,10
2e-05,36667,1
2e-05,36668,3
2e-05,36669,10
2e-05,36670,12
2e-05,36671,1
2e-05,36672,13
2e-05,36673,10
2e-05,36674,12
2e-05,36675,5
2e-05,36676,3
2e-05,36677,3
2e-05,36678,9
2e-05,36679,11
2e-05,36680,11
2e-05,36681,3
2e-05,36682,12
2e-05,36683,9
2e-05,36684,12
2e-05,36685,9
2e-05,36686,9
2e-05,36687,1
2e-05,36688,16
2e-05,36689,0
2e-05,36690,9
2e-05,36691,5
2e-05,36692,2
2e-05,36693,2
2e-05,36694,12
2e-05,36695,3
2e-05,36696,6
2e-05,36697,6
2e-05,36698,10
2e-05,36699,2
2e-05,36700,2
2e-05,36701,6
2e-05,36702,2
2e-05,36703,3
2e-05,36704,2
2e-05,36705,1
2e-05,36706,6
2e-05,36707,1
2e-05,36708,12
2e-05,36709,3
2e-05,36710,1
2e-05,36711,0
2e-05,36712,9
2e-05,36713,6
2e-05,36714,5
2e-05,36715,12
2e-05,36716,10
2e-05,36717,0
2e-05,36718,3
2e-05,36719,12
2e-05,36720,12
2e-05,36721,6
2e-05,36722,5
2e-05,36723,9
2e-05,36724,11
2e-05,36725,9
2e-05,36726,6
2e-05,36727,6
2e-05,36728,11
2e-05,36729,11
2e-05,36730,10
2e-05,36731,3
2e-05,36732,3
2e-05,36733,11
2e-05,36734,6
2e-05,36735,12
2e-05,36736,13
2e-05,36737,13
2e-05,36738,11
2e-05,36739,10
2e-05,36740,2
2e-05,36741,13
2e-05,36742,2
2e-05,36743,0
2e-05,36744,3
2e-05,36745,10
2e-05,36746,6
2e-05,36747,13
2e-05,36748,12
2e-05,36749,9
2e-05,36750,3
2e-05,36751,9
2e-05,36752,1
2e-05,36753,6
2e-05,36754,5
2e-05,36755,13
2e-05,36756,5
2e-05,36757,1
2e-05,36758,1
2e-05,36759,13
2e-05,36760,4
2e-05,36761,12
2e-05,36762,3
2e-05,36763,3
2e-05,36764,3
2e-05,36765,5
2e-05,36766,0
2e-05,36767,11
2e-05,36768,3
2e-05,36769,6
2e-05,36770,0
2e-05,36771,5
2e-05,36772,0
2e-05,36773,3
2e-05,36774,4
2e-05,36775,11
2e-05,36776,12
2e-05,36777,10
2e-05,36778,1
2e-05,36779,10
2e-05,36780,12
2e-05,36781,11
2e-05,36782,5
2e-05,36783,2
2e-05,36784,6
2e-05,36785,9
2e-05,36786,2
2e-05,36787,5
2e-05,36788,10
2e-05,36789,10
2e-05,36790,11
2e-05,36791,2
2e-05,36792,10
2e-05,36793,10
2e-05,36794,0
2e-05,36795,10
2e-05,36796,9
2e-05,36797,10
2e-05,36798,5
2e-05,36799,2
2e-05,36800,2
2e-05,36801,12
2e-05,36802,12
2e-05,36803,6
2e-05,36804,5
2e-05,36805,0
2e-05,36806,12
2e-05,36807,10
2e-05,36808,2
2e-05,36809,9
2e-05,36810,3
2e-05,36811,0
2e-05,36812,11
2e-05,36813,11
2e-05,36814,11
2e-05,36815,1
2e-05,36816,8
2e-05,36817,12
2e-05,36818,11
2e-05,36819,9
2e-05,36820,3
2e-05,36821,9
2e-05,36822,11
2e-05,36823,5
2e-05,36824,11
2e-05,36825,13
2e-05,36826,5
2e-05,36827,11
2e-05,36828,5
2e-05,36829,2
2e-05,36830,3
2e-05,36831,1
2e-05,36832,0
2e-05,36833,2
2e-05,36834,12
2e-05,36835,0
2e-05,36836,0
2e-05,36837,13
2e-05,36838,0
2e-05,36839,2
2e-05,36840,12
2e-05,36841,10
2e-05,36842,16
2e-05,36843,6
2e-05,36844,12
2e-05,36845,9
2e-05,36846,10
2e-05,36847,1
2e-05,36848,6
2e-05,36849,10
2e-05,36850,6
2e-05,36851,0
2e-05,36852,16
2e-05,36853,5
2e-05,36854,10
2e-05,36855,0
2e-05,36856,1
2e-05,36857,3
2e-05,36858,13
2e-05,36859,2
2e-05,36860,15
2e-05,36861,13
2e-05,36862,12
2e-05,36863,3
2e-05,36864,13
2e-05,36865,1
2e-05,36866,6
2e-05,36867,11
2e-05,36868,2
2e-05,36869,1
2e-05,36870,9
2e-05,36871,2
2e-05,36872,10
2e-05,36873,9
2e-05,36874,11
2e-05,36875,12
2e-05,36876,13
2e-05,36877,6
2e-05,36878,1
2e-05,36879,12
2e-05,36880,0
2e-05,36881,12
2e-05,36882,9
2e-05,36883,0
2e-05,36884,6
2e-05,36885,6
2e-05,36886,1
2e-05,36887,2
2e-05,36888,9
2e-05,36889,11
2e-05,36890,1
2e-05,36891,6
2e-05,36892,10
2e-05,36893,0
2e-05,36894,10
2e-05,36895,10
2e-05,36896,9
2e-05,36897,1
2e-05,36898,0
2e-05,36899,10
2e-05,36900,11
2e-05,36901,9
2e-05,36902,5
2e-05,36903,15
2e-05,36904,10
2e-05,36905,16
2e-05,36906,5
2e-05,36907,5
2e-05,36908,8
2e-05,36909,3
2e-05,36910,6
2e-05,36911,2
2e-05,36912,9
2e-05,36913,10
2e-05,36914,13
2e-05,36915,1
2e-05,36916,10
2e-05,36917,6
2e-05,36918,2
2e-05,36919,13
2e-05,36920,13
2e-05,36921,6
2e-05,36922,2
2e-05,36923,13
2e-05,36924,6
2e-05,36925,3
2e-05,36926,2
2e-05,36927,11
2e-05,36928,0
2e-05,36929,0
2e-05,36930,9
2e-05,36931,11
2e-05,36932,1
2e-05,36933,9
2e-05,36934,5
2e-05,36935,10
2e-05,36936,5
2e-05,36937,11
2e-05,36938,6
2e-05,36939,17
2e-05,36940,0
2e-05,36941,13
2e-05,36942,12
2e-05,36943,5
2e-05,36944,0
2e-05,36945,0
2e-05,36946,0
2e-05,36947,11
2e-05,36948,11
2e-05,36949,12
2e-05,36950,0
2e-05,36951,11
2e-05,36952,13
2e-05,36953,6
2e-05,36954,1
2e-05,36955,6
2e-05,36956,3
2e-05,36957,2
2e-05,36958,2
2e-05,36959,12
2e-05,36960,13
2e-05,36961,1
2e-05,36962,0
2e-05,36963,5
2e-05,36964,5
2e-05,36965,12
2e-05,36966,13
2e-05,36967,3
2e-05,36968,0
2e-05,36969,2
2e-05,36970,9
2e-05,36971,11
2e-05,36972,5
2e-05,36973,2
2e-05,36974,2
2e-05,36975,11
2e-05,36976,6
2e-05,36977,9
2e-05,36978,10
2e-05,36979,12
2e-05,36980,12
2e-05,36981,6
2e-05,36982,10
2e-05,36983,5
2e-05,36984,6
2e-05,36985,11
2e-05,36986,7
2e-05,36987,1
2e-05,36988,1
2e-05,36989,12
2e-05,36990,2
2e-05,36991,2
2e-05,36992,1
2e-05,36993,6
2e-05,36994,6
2e-05,36995,8
2e-05,36996,12
2e-05,36997,10
2e-05,36998,1
2e-05,36999,1
2e-05,37000,5
2e-05,37001,10
2e-05,37002,5
2e-05,37003,12
2e-05,37004,1
2e-05,37005,10
2e-05,37006,1
2e-05,37007,10
2e-05,37008,11
2e-05,37009,6
2e-05,37010,5
2e-05,37011,6
2e-05,37012,5
2e-05,37013,13
2e-05,37014,2
2e-05,37015,2
2e-05,37016,10
2e-05,37017,2
2e-05,37018,10
2e-05,37019,11
2e-05,37020,3
2e-05,37021,1
2e-05,37022,3
2e-05,37023,5
2e-05,37024,2
2e-05,37025,11
2e-05,37026,11
2e-05,37027,12
2e-05,37028,13
2e-05,37029,5
2e-05,37030,5
2e-05,37031,11
2e-05,37032,9
2e-05,37033,9
2e-05,37034,16
2e-05,37035,6
2e-05,37036,9
2e-05,37037,10
2e-05,37038,12
2e-05,37039,0
2e-05,37040,11
2e-05,37041,11
2e-05,37042,12
2e-05,37043,6
2e-05,37044,10
2e-05,37045,11
2e-05,37046,11
2e-05,37047,11
2e-05,37048,9
2e-05,37049,5
2e-05,37050,10
2e-05,37051,6
2e-05,37052,12
2e-05,37053,6
2e-05,37054,0
2e-05,37055,9
2e-05,37056,9
2e-05,37057,12
2e-05,37058,12
2e-05,37059,11
2e-05,37060,8
2e-05,37061,5
2e-05,37062,12
2e-05,37063,9
2e-05,37064,9
2e-05,37065,1
2e-05,37066,12
2e-05,37067,6
2e-05,37068,0
2e-05,37069,3
2e-05,37070,9
2e-05,37071,5
2e-05,37072,9
2e-05,37073,0
2e-05,37074,12
2e-05,37075,6
2e-05,37076,12
2e-05,37077,10
2e-05,37078,9
2e-05,37079,13
2e-05,37080,1
2e-05,37081,9
2e-05,37082,13
2e-05,37083,16
2e-05,37084,13
2e-05,37085,9
2e-05,37086,12
2e-05,37087,11
2e-05,37088,6
2e-05,37089,10
2e-05,37090,10
2e-05,37091,2
2e-05,37092,5
2e-05,37093,3
2e-05,37094,11
2e-05,37095,3
2e-05,37096,9
2e-05,37097,10
2e-05,37098,1
2e-05,37099,11
2e-05,37100,1
2e-05,37101,9
2e-05,37102,1
2e-05,37103,6
2e-05,37104,16
2e-05,37105,10
2e-05,37106,11
2e-05,37107,5
2e-05,37108,2
2e-05,37109,5
2e-05,37110,13
2e-05,37111,0
2e-05,37112,2
2e-05,37113,1
2e-05,37114,0
2e-05,37115,11
2e-05,37116,5
2e-05,37117,11
2e-05,37118,5
2e-05,37119,10
2e-05,37120,2
2e-05,37121,4
2e-05,37122,10
2e-05,37123,3
2e-05,37124,12
2e-05,37125,0
2e-05,37126,2
2e-05,37127,5
2e-05,37128,3
2e-05,37129,0
2e-05,37130,11
2e-05,37131,13
2e-05,37132,9
2e-05,37133,6
2e-05,37134,6
2e-05,37135,5
2e-05,37136,1
2e-05,37137,0
2e-05,37138,5
2e-05,37139,1
2e-05,37140,5
2e-05,37141,11
2e-05,37142,5
2e-05,37143,3
2e-05,37144,0
2e-05,37145,10
2e-05,37146,9
2e-05,37147,6
2e-05,37148,9
2e-05,37149,12
2e-05,37150,6
2e-05,37151,3
2e-05,37152,3
2e-05,37153,12
2e-05,37154,0
2e-05,37155,3
2e-05,37156,6
2e-05,37157,10
2e-05,37158,13
2e-05,37159,9
2e-05,37160,10
2e-05,37161,12
2e-05,37162,3
2e-05,37163,9
2e-05,37164,9
2e-05,37165,11
2e-05,37166,6
2e-05,37167,11
2e-05,37168,12
2e-05,37169,0
2e-05,37170,9
2e-05,37171,10
2e-05,37172,9
2e-05,37173,3
2e-05,37174,11
2e-05,37175,3
2e-05,37176,1
2e-05,37177,6
2e-05,37178,2
2e-05,37179,9
2e-05,37180,0
2e-05,37181,10
2e-05,37182,9
2e-05,37183,11
2e-05,37184,16
2e-05,37185,6
2e-05,37186,13
2e-05,37187,3
2e-05,37188,1
2e-05,37189,0
2e-05,37190,10
2e-05,37191,3
2e-05,37192,6
2e-05,37193,10
2e-05,37194,3
2e-05,37195,6
2e-05,37196,9
2e-05,37197,10
2e-05,37198,13
2e-05,37199,2
2e-05,37200,13
2e-05,37201,0
2e-05,37202,13
2e-05,37203,1
2e-05,37204,1
2e-05,37205,3
2e-05,37206,1
2e-05,37207,6
2e-05,37208,9
2e-05,37209,0
2e-05,37210,2
2e-05,37211,12
2e-05,37212,6
2e-05,37213,13
2e-05,37214,11
2e-05,37215,5
2e-05,37216,5
2e-05,37217,12
2e-05,37218,2
2e-05,37219,15
2e-05,37220,12
2e-05,37221,10
2e-05,37222,0
2e-05,37223,11
2e-05,37224,10
2e-05,37225,0
2e-05,37226,9
2e-05,37227,10
2e-05,37228,10
2e-05,37229,9
2e-05,37230,12
2e-05,37231,3
2e-05,37232,9
2e-05,37233,6
2e-05,37234,0
2e-05,37235,5
2e-05,37236,17
2e-05,37237,9
2e-05,37238,2
2e-05,37239,0
2e-05,37240,2
2e-05,37241,1
2e-05,37242,6
2e-05,37243,9
2e-05,37244,2
2e-05,37245,9
2e-05,37246,12
2e-05,37247,10
2e-05,37248,12
2e-05,37249,9
2e-05,37250,9
2e-05,37251,0
2e-05,37252,3
2e-05,37253,2
2e-05,37254,13
2e-05,37255,1
2e-05,37256,0
2e-05,37257,10
2e-05,37258,1
2e-05,37259,3
2e-05,37260,11
2e-05,37261,5
2e-05,37262,0
2e-05,37263,0
2e-05,37264,13
2e-05,37265,10
2e-05,37266,0
2e-05,37267,5
2e-05,37268,8
2e-05,37269,3
2e-05,37270,10
2e-05,37271,3
2e-05,37272,5
2e-05,37273,12
2e-05,37274,10
2e-05,37275,13
2e-05,37276,16
2e-05,37277,12
2e-05,37278,10
2e-05,37279,14
2e-05,37280,6
2e-05,37281,5
2e-05,37282,10
2e-05,37283,6
2e-05,37284,10
2e-05,37285,10
2e-05,37286,1
2e-05,37287,1
2e-05,37288,3
2e-05,37289,11
2e-05,37290,10
2e-05,37291,6
2e-05,37292,9
2e-05,37293,2
2e-05,37294,2
2e-05,37295,13
2e-05,37296,8
2e-05,37297,12
2e-05,37298,10
2e-05,37299,11
2e-05,37300,1
2e-05,37301,5
2e-05,37302,0
2e-05,37303,10
2e-05,37304,2
2e-05,37305,5
2e-05,37306,5
2e-05,37307,11
2e-05,37308,1
2e-05,37309,11
2e-05,37310,10
2e-05,37311,10
2e-05,37312,3
2e-05,37313,5
2e-05,37314,2
2e-05,37315,6
2e-05,37316,5
2e-05,37317,9
2e-05,37318,13
2e-05,37319,6
2e-05,37320,12
2e-05,37321,0
2e-05,37322,5
2e-05,37323,10
2e-05,37324,5
2e-05,37325,5
2e-05,37326,12
2e-05,37327,5
2e-05,37328,2
2e-05,37329,1
2e-05,37330,0
2e-05,37331,6
2e-05,37332,6
2e-05,37333,3
2e-05,37334,9
2e-05,37335,2
2e-05,37336,1
2e-05,37337,11
2e-05,37338,9
2e-05,37339,12
2e-05,37340,0
2e-05,37341,9
2e-05,37342,9
2e-05,37343,11
2e-05,37344,13
2e-05,37345,10
2e-05,37346,6
2e-05,37347,10
2e-05,37348,11
2e-05,37349,8
2e-05,37350,11
2e-05,37351,10
2e-05,37352,3
2e-05,37353,9
2e-05,37354,13
2e-05,37355,12
2e-05,37356,13
2e-05,37357,1
2e-05,37358,10
2e-05,37359,3
2e-05,37360,9
2e-05,37361,5
2e-05,37362,11
2e-05,37363,12
2e-05,37364,5
2e-05,37365,6
2e-05,37366,5
2e-05,37367,9
2e-05,37368,10
2e-05,37369,1
2e-05,37370,10
2e-05,37371,7
2e-05,37372,2
2e-05,37373,1
2e-05,37374,9
2e-05,37375,1
2e-05,37376,11
2e-05,37377,10
2e-05,37378,9
2e-05,37379,1
2e-05,37380,11
2e-05,37381,5
2e-05,37382,9
2e-05,37383,0
2e-05,37384,13
2e-05,37385,1
2e-05,37386,16
2e-05,37387,6
2e-05,37388,1
2e-05,37389,3
2e-05,37390,11
2e-05,37391,0
2e-05,37392,5
2e-05,37393,12
2e-05,37394,5
2e-05,37395,13
2e-05,37396,9
2e-05,37397,13
2e-05,37398,10
2e-05,37399,12
2e-05,37400,6
2e-05,37401,10
2e-05,37402,2
2e-05,37403,11
2e-05,37404,2
2e-05,37405,6
2e-05,37406,16
2e-05,37407,1
2e-05,37408,9
2e-05,37409,3
2e-05,37410,10
2e-05,37411,2
2e-05,37412,5
2e-05,37413,9
2e-05,37414,12
2e-05,37415,0
2e-05,37416,2
2e-05,37417,10
2e-05,37418,0
2e-05,37419,1
2e-05,37420,10
2e-05,37421,12
2e-05,37422,11
2e-05,37423,10
2e-05,37424,6
2e-05,37425,9
2e-05,37426,0
2e-05,37427,1
2e-05,37428,12
2e-05,37429,12
2e-05,37430,0
2e-05,37431,5
2e-05,37432,6
2e-05,37433,6
2e-05,37434,13
2e-05,37435,9
2e-05,37436,11
2e-05,37437,3
2e-05,37438,2
2e-05,37439,6
2e-05,37440,11
2e-05,37441,1
2e-05,37442,9
2e-05,37443,13
2e-05,37444,0
2e-05,37445,13
2e-05,37446,3
2e-05,37447,3
2e-05,37448,13
2e-05,37449,13
2e-05,37450,5
2e-05,37451,2
2e-05,37452,3
2e-05,37453,6
2e-05,37454,0
2e-05,37455,7
2e-05,37456,10
2e-05,37457,0
2e-05,37458,2
2e-05,37459,5
2e-05,37460,1
2e-05,37461,11
2e-05,37462,1
2e-05,37463,11
2e-05,37464,13
2e-05,37465,10
2e-05,37466,13
2e-05,37467,1
2e-05,37468,11
2e-05,37469,3
2e-05,37470,5
2e-05,37471,10
2e-05,37472,2
2e-05,37473,5
2e-05,37474,11
2e-05,37475,12
2e-05,37476,0
2e-05,37477,11
2e-05,37478,10
2e-05,37479,10
2e-05,37480,1
2e-05,37481,10
2e-05,37482,10
2e-05,37483,11
2e-05,37484,5
2e-05,37485,1
2e-05,37486,11
2e-05,37487,0
2e-05,37488,9
2e-05,37489,13
2e-05,37490,11
2e-05,37491,3
2e-05,37492,1
2e-05,37493,3
2e-05,37494,6
2e-05,37495,0
2e-05,37496,2
2e-05,37497,5
2e-05,37498,9
2e-05,37499,9
2e-05,37500,5
2e-05,37501,5
2e-05,37502,11
2e-05,37503,11
2e-05,37504,10
2e-05,37505,5
2e-05,37506,3
2e-05,37507,9
2e-05,37508,11
2e-05,37509,9
2e-05,37510,12
2e-05,37511,10
2e-05,37512,9
2e-05,37513,5
2e-05,37514,0
2e-05,37515,13
2e-05,37516,9
2e-05,37517,6
2e-05,37518,1
2e-05,37519,3
2e-05,37520,11
2e-05,37521,12
2e-05,37522,6
2e-05,37523,6
2e-05,37524,3
2e-05,37525,6
2e-05,37526,6
2e-05,37527,2
2e-05,37528,3
2e-05,37529,13
2e-05,37530,5
2e-05,37531,12
2e-05,37532,2
2e-05,37533,11
2e-05,37534,10
2e-05,37535,11
2e-05,37536,4
2e-05,37537,1
2e-05,37538,5
2e-05,37539,6
2e-05,37540,10
2e-05,37541,12
2e-05,37542,16
2e-05,37543,6
2e-05,37544,9
2e-05,37545,5
2e-05,37546,0
2e-05,37547,5
2e-05,37548,10
2e-05,37549,0
2e-05,37550,1
2e-05,37551,12
2e-05,37552,5
2e-05,37553,5
2e-05,37554,5
2e-05,37555,11
2e-05,37556,11
2e-05,37557,9
2e-05,37558,6
2e-05,37559,6
2e-05,37560,10
2e-05,37561,6
2e-05,37562,11
2e-05,37563,0
2e-05,37564,16
2e-05,37565,3
2e-05,37566,9
2e-05,37567,5
2e-05,37568,12
2e-05,37569,9
2e-05,37570,0
2e-05,37571,3
2e-05,37572,6
2e-05,37573,5
2e-05,37574,3
2e-05,37575,2
2e-05,37576,3
2e-05,37577,11
2e-05,37578,3
2e-05,37579,12
2e-05,37580,11
2e-05,37581,0
2e-05,37582,5
2e-05,37583,3
2e-05,37584,10
2e-05,37585,5
2e-05,37586,12
2e-05,37587,1
2e-05,37588,0
2e-05,37589,5
2e-05,37590,0
2e-05,37591,13
2e-05,37592,9
2e-05,37593,9
2e-05,37594,16
2e-05,37595,12
2e-05,37596,5
2e-05,37597,1
2e-05,37598,12
2e-05,37599,16
2e-05,37600,12
2e-05,37601,9
2e-05,37602,11
2e-05,37603,12
2e-05,37604,1
2e-05,37605,10
2e-05,37606,6
2e-05,37607,10
2e-05,37608,2
2e-05,37609,11
2e-05,37610,13
2e-05,37611,2
2e-05,37612,6
2e-05,37613,9
2e-05,37614,9
2e-05,37615,2
2e-05,37616,0
2e-05,37617,11
2e-05,37618,10
2e-05,37619,4
2e-05,37620,12
2e-05,37621,5
2e-05,37622,5
2e-05,37623,3
2e-05,37624,11
2e-05,37625,10
2e-05,37626,0
2e-05,37627,3
2e-05,37628,1
2e-05,37629,1
2e-05,37630,2
2e-05,37631,11
2e-05,37632,2
2e-05,37633,4
2e-05,37634,13
2e-05,37635,11
2e-05,37636,1
2e-05,37637,13
2e-05,37638,6
2e-05,37639,0
2e-05,37640,0
2e-05,37641,9
2e-05,37642,3
2e-05,37643,1
2e-05,37644,3
2e-05,37645,9
2e-05,37646,5
2e-05,37647,9
2e-05,37648,2
2e-05,37649,6
2e-05,37650,1
2e-05,37651,5
2e-05,37652,11
2e-05,37653,0
2e-05,37654,1
2e-05,37655,5
2e-05,37656,12
2e-05,37657,12
2e-05,37658,2
2e-05,37659,9
2e-05,37660,0
2e-05,37661,5
2e-05,37662,9
2e-05,37663,9
2e-05,37664,5
2e-05,37665,2
2e-05,37666,11
2e-05,37667,10
2e-05,37668,6
2e-05,37669,11
2e-05,37670,10
2e-05,37671,10
2e-05,37672,3
2e-05,37673,1
2e-05,37674,2
2e-05,37675,10
2e-05,37676,0
2e-05,37677,13
2e-05,37678,12
2e-05,37679,3
2e-05,37680,9
2e-05,37681,2
2e-05,37682,13
2e-05,37683,5
2e-05,37684,0
2e-05,37685,5
2e-05,37686,9
2e-05,37687,9
2e-05,37688,9
2e-05,37689,10
2e-05,37690,1
2e-05,37691,0
2e-05,37692,6
2e-05,37693,11
2e-05,37694,6
2e-05,37695,0
2e-05,37696,3
2e-05,37697,9
2e-05,37698,0
2e-05,37699,6
2e-05,37700,11
2e-05,37701,6
2e-05,37702,10
2e-05,37703,8
2e-05,37704,11
2e-05,37705,9
2e-05,37706,2
2e-05,37707,17
2e-05,37708,5
2e-05,37709,5
2e-05,37710,8
2e-05,37711,5
2e-05,37712,11
2e-05,37713,3
2e-05,37714,1
2e-05,37715,3
2e-05,37716,6
2e-05,37717,12
2e-05,37718,1
2e-05,37719,10
2e-05,37720,1
2e-05,37721,13
2e-05,37722,6
2e-05,37723,11
2e-05,37724,10
2e-05,37725,11
2e-05,37726,1
2e-05,37727,3
2e-05,37728,11
2e-05,37729,11
2e-05,37730,2
2e-05,37731,2
2e-05,37732,3
2e-05,37733,5
2e-05,37734,1
2e-05,37735,11
2e-05,37736,11
2e-05,37737,10
2e-05,37738,11
2e-05,37739,10
2e-05,37740,9
2e-05,37741,9
2e-05,37742,12
2e-05,37743,9
2e-05,37744,2
2e-05,37745,10
2e-05,37746,5
2e-05,37747,16
2e-05,37748,11
2e-05,37749,3
2e-05,37750,9
2e-05,37751,10
2e-05,37752,9
2e-05,37753,5
2e-05,37754,0
2e-05,37755,2
2e-05,37756,12
2e-05,37757,10
2e-05,37758,11
2e-05,37759,12
2e-05,37760,9
2e-05,37761,11
2e-05,37762,0
2e-05,37763,0
2e-05,37764,1
2e-05,37765,6
2e-05,37766,2
2e-05,37767,13
2e-05,37768,9
2e-05,37769,12
2e-05,37770,10
2e-05,37771,2
2e-05,37772,3
2e-05,37773,12
2e-05,37774,10
2e-05,37775,1
2e-05,37776,1
2e-05,37777,2
2e-05,37778,3
2e-05,37779,13
2e-05,37780,5
2e-05,37781,13
2e-05,37782,2
2e-05,37783,9
2e-05,37784,3
2e-05,37785,3
2e-05,37786,2
2e-05,37787,3
2e-05,37788,12
2e-05,37789,5
2e-05,37790,12
2e-05,37791,11
2e-05,37792,10
2e-05,37793,1
2e-05,37794,5
2e-05,37795,13
2e-05,37796,9
2e-05,37797,10
2e-05,37798,2
2e-05,37799,11
2e-05,37800,3
2e-05,37801,0
2e-05,37802,3
2e-05,37803,9
2e-05,37804,11
2e-05,37805,5
2e-05,37806,11
2e-05,37807,9
2e-05,37808,1
2e-05,37809,13
2e-05,37810,11
2e-05,37811,3
2e-05,37812,3
2e-05,37813,11
2e-05,37814,5
2e-05,37815,12
2e-05,37816,10
2e-05,37817,11
2e-05,37818,10
2e-05,37819,6
2e-05,37820,9
2e-05,37821,16
2e-05,37822,11
2e-05,37823,5
2e-05,37824,1
2e-05,37825,3
2e-05,37826,5
2e-05,37827,0
2e-05,37828,10
2e-05,37829,10
2e-05,37830,2
2e-05,37831,13
2e-05,37832,13
2e-05,37833,6
2e-05,37834,0
2e-05,37835,9
2e-05,37836,6
2e-05,37837,2
2e-05,37838,13
2e-05,37839,3
2e-05,37840,10
2e-05,37841,5
2e-05,37842,12
2e-05,37843,13
2e-05,37844,6
2e-05,37845,12
2e-05,37846,2
2e-05,37847,12
2e-05,37848,10
2e-05,37849,0
2e-05,37850,6
2e-05,37851,6
2e-05,37852,8
2e-05,37853,10
2e-05,37854,0
2e-05,37855,5
2e-05,37856,10
2e-05,37857,5
2e-05,37858,0
2e-05,37859,13
2e-05,37860,9
2e-05,37861,5
2e-05,37862,5
2e-05,37863,1
2e-05,37864,0
2e-05,37865,13
2e-05,37866,11
2e-05,37867,6
2e-05,37868,9
2e-05,37869,9
2e-05,37870,6
2e-05,37871,11
2e-05,37872,11
2e-05,37873,5
2e-05,37874,12
2e-05,37875,4
2e-05,37876,1
2e-05,37877,11
2e-05,37878,11
2e-05,37879,17
2e-05,37880,9
2e-05,37881,3
2e-05,37882,10
2e-05,37883,5
2e-05,37884,6
2e-05,37885,13
2e-05,37886,1
2e-05,37887,5
2e-05,37888,11
2e-05,37889,8
2e-05,37890,9
2e-05,37891,1
2e-05,37892,12
2e-05,37893,9
2e-05,37894,0
2e-05,37895,6
2e-05,37896,2
2e-05,37897,10
2e-05,37898,11
2e-05,37899,3
2e-05,37900,13
2e-05,37901,3
2e-05,37902,14
2e-05,37903,6
2e-05,37904,12
2e-05,37905,11
2e-05,37906,6
2e-05,37907,12
2e-05,37908,16
2e-05,37909,11
2e-05,37910,2
2e-05,37911,0
2e-05,37912,3
2e-05,37913,0
2e-05,37914,3
2e-05,37915,6
2e-05,37916,6
2e-05,37917,3
2e-05,37918,0
2e-05,37919,1
2e-05,37920,2
2e-05,37921,1
2e-05,37922,0
2e-05,37923,12
2e-05,37924,9
2e-05,37925,10
2e-05,37926,11
2e-05,37927,1
2e-05,37928,11
2e-05,37929,11
2e-05,37930,10
2e-05,37931,12
2e-05,37932,0
2e-05,37933,12
2e-05,37934,11
2e-05,37935,2
2e-05,37936,9
2e-05,37937,9
2e-05,37938,2
2e-05,37939,10
2e-05,37940,6
2e-05,37941,6
2e-05,37942,6
2e-05,37943,9
2e-05,37944,12
2e-05,37945,9
2e-05,37946,12
2e-05,37947,0
2e-05,37948,10
2e-05,37949,9
2e-05,37950,11
2e-05,37951,9
2e-05,37952,2
2e-05,37953,0
2e-05,37954,12
2e-05,37955,2
2e-05,37956,13
2e-05,37957,0
2e-05,37958,5
2e-05,37959,3
2e-05,37960,0
2e-05,37961,9
2e-05,37962,11
2e-05,37963,3
2e-05,37964,6
2e-05,37965,5
2e-05,37966,6
2e-05,37967,6
2e-05,37968,1
2e-05,37969,13
2e-05,37970,6
2e-05,37971,12
2e-05,37972,1
2e-05,37973,5
2e-05,37974,1
2e-05,37975,11
2e-05,37976,10
2e-05,37977,3
2e-05,37978,6
2e-05,37979,2
2e-05,37980,6
2e-05,37981,5
2e-05,37982,11
2e-05,37983,0
2e-05,37984,2
2e-05,37985,6
2e-05,37986,13
2e-05,37987,13
2e-05,37988,12
2e-05,37989,6
2e-05,37990,13
2e-05,37991,5
2e-05,37992,11
2e-05,37993,6
2e-05,37994,6
2e-05,37995,11
2e-05,37996,0
2e-05,37997,2
2e-05,37998,10
2e-05,37999,9
2e-05,38000,5
2e-05,38001,9
2e-05,38002,13
2e-05,38003,6
2e-05,38004,0
2e-05,38005,3
2e-05,38006,1
2e-05,38007,10
2e-05,38008,1
2e-05,38009,13
2e-05,38010,11
2e-05,38011,6
2e-05,38012,13
2e-05,38013,9
2e-05,38014,2
2e-05,38015,4
2e-05,38016,11
2e-05,38017,1
2e-05,38018,10
2e-05,38019,3
2e-05,38020,6
2e-05,38021,2
2e-05,38022,1
2e-05,38023,12
2e-05,38024,12
2e-05,38025,3
2e-05,38026,13
2e-05,38027,13
2e-05,38028,9
2e-05,38029,1
2e-05,38030,3
2e-05,38031,16
2e-05,38032,5
2e-05,38033,10
2e-05,38034,10
2e-05,38035,12
2e-05,38036,2
2e-05,38037,10
2e-05,38038,0
2e-05,38039,10
2e-05,38040,11
2e-05,38041,1
2e-05,38042,1
2e-05,38043,11
2e-05,38044,9
2e-05,38045,10
2e-05,38046,12
2e-05,38047,6
2e-05,38048,3
2e-05,38049,1
2e-05,38050,12
2e-05,38051,12
2e-05,38052,10
2e-05,38053,11
2e-05,38054,3
2e-05,38055,10
2e-05,38056,3
2e-05,38057,1
2e-05,38058,3
2e-05,38059,11
2e-05,38060,0
2e-05,38061,6
2e-05,38062,12
2e-05,38063,5
2e-05,38064,6
2e-05,38065,2
2e-05,38066,5
2e-05,38067,11
2e-05,38068,10
2e-05,38069,9
2e-05,38070,13
2e-05,38071,2
2e-05,38072,1
2e-05,38073,3
2e-05,38074,3
2e-05,38075,6
2e-05,38076,9
2e-05,38077,3
2e-05,38078,0
2e-05,38079,12
2e-05,38080,5
2e-05,38081,2
2e-05,38082,13
2e-05,38083,10
2e-05,38084,10
2e-05,38085,5
2e-05,38086,2
2e-05,38087,0
2e-05,38088,5
2e-05,38089,9
2e-05,38090,9
2e-05,38091,2
2e-05,38092,2
2e-05,38093,2
2e-05,38094,9
2e-05,38095,2
2e-05,38096,2
2e-05,38097,0
2e-05,38098,5
2e-05,38099,2
2e-05,38100,12
2e-05,38101,2
2e-05,38102,10
2e-05,38103,12
2e-05,38104,1
2e-05,38105,9
2e-05,38106,6
2e-05,38107,5
2e-05,38108,5
2e-05,38109,10
2e-05,38110,13
2e-05,38111,13
2e-05,38112,10
2e-05,38113,1
2e-05,38114,13
2e-05,38115,13
2e-05,38116,11
2e-05,38117,9
2e-05,38118,11
2e-05,38119,11
2e-05,38120,5
2e-05,38121,9
2e-05,38122,9
2e-05,38123,2
2e-05,38124,10
2e-05,38125,0
2e-05,38126,9
2e-05,38127,0
2e-05,38128,2
2e-05,38129,13
2e-05,38130,6
2e-05,38131,13
2e-05,38132,9
2e-05,38133,9
2e-05,38134,11
2e-05,38135,2
2e-05,38136,3
2e-05,38137,2
2e-05,38138,3
2e-05,38139,9
2e-05,38140,3
2e-05,38141,6
2e-05,38142,2
2e-05,38143,9
2e-05,38144,3
2e-05,38145,16
2e-05,38146,5
2e-05,38147,9
2e-05,38148,2
2e-05,38149,13
2e-05,38150,0
2e-05,38151,0
2e-05,38152,1
2e-05,38153,3
2e-05,38154,1
2e-05,38155,12
2e-05,38156,5
2e-05,38157,9
2e-05,38158,0
2e-05,38159,13
2e-05,38160,6
2e-05,38161,0
2e-05,38162,6
2e-05,38163,11
2e-05,38164,0
2e-05,38165,6
2e-05,38166,11
2e-05,38167,5
2e-05,38168,10
2e-05,38169,13
2e-05,38170,17
2e-05,38171,3
2e-05,38172,0
2e-05,38173,0
2e-05,38174,0
2e-05,38175,1
2e-05,38176,2
2e-05,38177,6
2e-05,38178,0
2e-05,38179,5
2e-05,38180,10
2e-05,38181,5
2e-05,38182,0
2e-05,38183,13
2e-05,38184,12
2e-05,38185,6
2e-05,38186,0
2e-05,38187,1
2e-05,38188,13
2e-05,38189,1
2e-05,38190,5
2e-05,38191,10
2e-05,38192,2
2e-05,38193,5
2e-05,38194,1
2e-05,38195,9
2e-05,38196,13
2e-05,38197,6
2e-05,38198,10
2e-05,38199,12
2e-05,38200,2
2e-05,38201,5
2e-05,38202,11
2e-05,38203,12
2e-05,38204,12
2e-05,38205,2
2e-05,38206,0
2e-05,38207,11
2e-05,38208,3
2e-05,38209,9
2e-05,38210,6
2e-05,38211,11
2e-05,38212,1
2e-05,38213,5
2e-05,38214,11
2e-05,38215,12
2e-05,38216,1
2e-05,38217,1
2e-05,38218,3
2e-05,38219,11
2e-05,38220,8
2e-05,38221,0
2e-05,38222,5
2e-05,38223,1
2e-05,38224,6
2e-05,38225,3
2e-05,38226,11
2e-05,38227,3
2e-05,38228,11
2e-05,38229,12
2e-05,38230,9
2e-05,38231,3
2e-05,38232,11
2e-05,38233,13
2e-05,38234,11
2e-05,38235,0
2e-05,38236,5
2e-05,38237,11
2e-05,38238,5
2e-05,38239,9
2e-05,38240,5
2e-05,38241,12
2e-05,38242,11
2e-05,38243,11
2e-05,38244,5
2e-05,38245,6
2e-05,38246,0
2e-05,38247,5
2e-05,38248,1
2e-05,38249,6
2e-05,38250,11
2e-05,38251,10
2e-05,38252,11
2e-05,38253,3
2e-05,38254,11
2e-05,38255,12
2e-05,38256,10
2e-05,38257,11
2e-05,38258,5
2e-05,38259,5
2e-05,38260,6
2e-05,38261,0
2e-05,38262,12
2e-05,38263,3
2e-05,38264,10
2e-05,38265,5
2e-05,38266,11
2e-05,38267,13
2e-05,38268,0
2e-05,38269,0
2e-05,38270,5
2e-05,38271,3
2e-05,38272,2
2e-05,38273,11
2e-05,38274,6
2e-05,38275,0
2e-05,38276,2
2e-05,38277,10
2e-05,38278,17
2e-05,38279,9
2e-05,38280,0
2e-05,38281,11
2e-05,38282,9
2e-05,38283,5
2e-05,38284,3
2e-05,38285,0
2e-05,38286,2
2e-05,38287,2
2e-05,38288,1
2e-05,38289,2
2e-05,38290,13
2e-05,38291,11
2e-05,38292,3
2e-05,38293,2
2e-05,38294,11
2e-05,38295,11
2e-05,38296,0
2e-05,38297,9
2e-05,38298,5
2e-05,38299,5
2e-05,38300,1
2e-05,38301,10
2e-05,38302,9
2e-05,38303,11
2e-05,38304,11
2e-05,38305,11
2e-05,38306,0
2e-05,38307,3
2e-05,38308,10
2e-05,38309,3
2e-05,38310,13
2e-05,38311,5
2e-05,38312,1
2e-05,38313,6
2e-05,38314,1
2e-05,38315,10
2e-05,38316,3
2e-05,38317,5
2e-05,38318,2
2e-05,38319,5
2e-05,38320,6
2e-05,38321,1
2e-05,38322,1
2e-05,38323,12
2e-05,38324,5
2e-05,38325,2
2e-05,38326,2
2e-05,38327,9
2e-05,38328,5
2e-05,38329,1
2e-05,38330,10
2e-05,38331,3
2e-05,38332,9
2e-05,38333,6
2e-05,38334,12
2e-05,38335,2
2e-05,38336,1
2e-05,38337,9
2e-05,38338,8
2e-05,38339,1
2e-05,38340,1
2e-05,38341,11
2e-05,38342,2
2e-05,38343,1
2e-05,38344,0
2e-05,38345,5
2e-05,38346,2
2e-05,38347,9
2e-05,38348,9
2e-05,38349,1
2e-05,38350,5
2e-05,38351,9
2e-05,38352,9
2e-05,38353,1
2e-05,38354,9
2e-05,38355,13
2e-05,38356,9
2e-05,38357,12
2e-05,38358,1
2e-05,38359,12
2e-05,38360,6
2e-05,38361,13
2e-05,38362,1
2e-05,38363,13
2e-05,38364,3
2e-05,38365,1
2e-05,38366,6
2e-05,38367,9
2e-05,38368,0
2e-05,38369,9
2e-05,38370,11
2e-05,38371,9
2e-05,38372,10
2e-05,38373,6
2e-05,38374,5
2e-05,38375,11
2e-05,38376,5
2e-05,38377,9
2e-05,38378,10
2e-05,38379,2
2e-05,38380,4
2e-05,38381,13
2e-05,38382,9
2e-05,38383,9
2e-05,38384,6
2e-05,38385,16
2e-05,38386,11
2e-05,38387,5
2e-05,38388,0
2e-05,38389,3
2e-05,38390,13
2e-05,38391,12
2e-05,38392,6
2e-05,38393,9
2e-05,38394,10
2e-05,38395,0
2e-05,38396,1
2e-05,38397,3
2e-05,38398,5
2e-05,38399,0
2e-05,38400,1
2e-05,38401,3
2e-05,38402,11
2e-05,38403,13
2e-05,38404,9
2e-05,38405,16
2e-05,38406,9
2e-05,38407,9
2e-05,38408,3
2e-05,38409,0
2e-05,38410,2
2e-05,38411,9
2e-05,38412,13
2e-05,38413,9
2e-05,38414,11
2e-05,38415,9
2e-05,38416,6
2e-05,38417,10
2e-05,38418,12
2e-05,38419,9
2e-05,38420,3
2e-05,38421,9
2e-05,38422,9
2e-05,38423,2
2e-05,38424,1
2e-05,38425,9
2e-05,38426,5
2e-05,38427,5
2e-05,38428,10
2e-05,38429,6
2e-05,38430,5
2e-05,38431,10
2e-05,38432,5
2e-05,38433,3
2e-05,38434,2
2e-05,38435,12
2e-05,38436,2
2e-05,38437,11
2e-05,38438,12
2e-05,38439,10
2e-05,38440,0
2e-05,38441,12
2e-05,38442,13
2e-05,38443,0
2e-05,38444,12
2e-05,38445,10
2e-05,38446,11
2e-05,38447,9
2e-05,38448,2
2e-05,38449,5
2e-05,38450,2
2e-05,38451,6
2e-05,38452,3
2e-05,38453,3
2e-05,38454,6
2e-05,38455,0
2e-05,38456,10
2e-05,38457,10
2e-05,38458,0
2e-05,38459,3
2e-05,38460,12
2e-05,38461,10
2e-05,38462,0
2e-05,38463,6
2e-05,38464,3
2e-05,38465,13
2e-05,38466,12
2e-05,38467,11
2e-05,38468,10
2e-05,38469,6
2e-05,38470,12
2e-05,38471,10
2e-05,38472,6
2e-05,38473,12
2e-05,38474,9
2e-05,38475,2
2e-05,38476,11
2e-05,38477,11
2e-05,38478,2
2e-05,38479,2
2e-05,38480,6
2e-05,38481,10
2e-05,38482,3
2e-05,38483,0
2e-05,38484,10
2e-05,38485,12
2e-05,38486,12
2e-05,38487,5
2e-05,38488,9
2e-05,38489,2
2e-05,38490,3
2e-05,38491,6
2e-05,38492,11
2e-05,38493,13
2e-05,38494,13
2e-05,38495,12
2e-05,38496,11
2e-05,38497,9
2e-05,38498,16
2e-05,38499,1
2e-05,38500,16
2e-05,38501,0
2e-05,38502,9
2e-05,38503,0
2e-05,38504,0
2e-05,38505,2
2e-05,38506,11
2e-05,38507,11
2e-05,38508,13
2e-05,38509,5
2e-05,38510,10
2e-05,38511,2
2e-05,38512,10
2e-05,38513,1
2e-05,38514,0
2e-05,38515,10
2e-05,38516,3
2e-05,38517,0
2e-05,38518,12
2e-05,38519,6
2e-05,38520,6
2e-05,38521,0
2e-05,38522,11
2e-05,38523,13
2e-05,38524,6
2e-05,38525,9
2e-05,38526,3
2e-05,38527,10
2e-05,38528,11
2e-05,38529,3
2e-05,38530,7
2e-05,38531,11
2e-05,38532,2
2e-05,38533,13
2e-05,38534,10
2e-05,38535,6
2e-05,38536,0
2e-05,38537,9
2e-05,38538,5
2e-05,38539,0
2e-05,38540,11
2e-05,38541,0
2e-05,38542,5
2e-05,38543,5
2e-05,38544,2
2e-05,38545,3
2e-05,38546,11
2e-05,38547,1
2e-05,38548,3
2e-05,38549,5
2e-05,38550,6
2e-05,38551,1
2e-05,38552,6
2e-05,38553,11
2e-05,38554,5
2e-05,38555,6
2e-05,38556,6
2e-05,38557,11
2e-05,38558,5
2e-05,38559,2
2e-05,38560,11
2e-05,38561,3
2e-05,38562,10
2e-05,38563,8
2e-05,38564,9
2e-05,38565,11
2e-05,38566,1
2e-05,38567,12
2e-05,38568,6
2e-05,38569,0
2e-05,38570,2
2e-05,38571,6
2e-05,38572,12
2e-05,38573,10
2e-05,38574,6
2e-05,38575,5
2e-05,38576,9
2e-05,38577,5
2e-05,38578,12
2e-05,38579,11
2e-05,38580,6
2e-05,38581,0
2e-05,38582,12
2e-05,38583,1
2e-05,38584,3
2e-05,38585,2
2e-05,38586,10
2e-05,38587,2
2e-05,38588,10
2e-05,38589,10
2e-05,38590,11
2e-05,38591,5
2e-05,38592,5
2e-05,38593,9
2e-05,38594,3
2e-05,38595,11
2e-05,38596,11
2e-05,38597,1
2e-05,38598,1
2e-05,38599,12
2e-05,38600,6
2e-05,38601,0
2e-05,38602,1
2e-05,38603,6
2e-05,38604,11
2e-05,38605,5
2e-05,38606,1
2e-05,38607,1
2e-05,38608,10
2e-05,38609,11
2e-05,38610,2
2e-05,38611,2
2e-05,38612,5
2e-05,38613,0
2e-05,38614,2
2e-05,38615,5
2e-05,38616,1
2e-05,38617,11
2e-05,38618,11
2e-05,38619,3
2e-05,38620,12
2e-05,38621,1
2e-05,38622,1
2e-05,38623,6
2e-05,38624,11
2e-05,38625,10
2e-05,38626,5
2e-05,38627,5
2e-05,38628,3
2e-05,38629,9
2e-05,38630,5
2e-05,38631,5
2e-05,38632,5
2e-05,38633,3
2e-05,38634,3
2e-05,38635,10
2e-05,38636,1
2e-05,38637,0
2e-05,38638,5
2e-05,38639,4
2e-05,38640,11
2e-05,38641,3
2e-05,38642,3
2e-05,38643,9
2e-05,38644,9
2e-05,38645,11
2e-05,38646,11
2e-05,38647,11
2e-05,38648,6
2e-05,38649,11
2e-05,38650,5
2e-05,38651,5
2e-05,38652,2
2e-05,38653,11
2e-05,38654,11
2e-05,38655,10
2e-05,38656,1
2e-05,38657,16
2e-05,38658,13
2e-05,38659,2
2e-05,38660,11
2e-05,38661,13
2e-05,38662,13
2e-05,38663,2
2e-05,38664,12
2e-05,38665,1
2e-05,38666,12
2e-05,38667,11
2e-05,38668,12
2e-05,38669,0
2e-05,38670,11
2e-05,38671,11
2e-05,38672,13
2e-05,38673,5
2e-05,38674,5
2e-05,38675,13
2e-05,38676,0
2e-05,38677,6
2e-05,38678,6
2e-05,38679,13
2e-05,38680,3
2e-05,38681,12
2e-05,38682,5
2e-05,38683,12
2e-05,38684,9
2e-05,38685,16
2e-05,38686,1
2e-05,38687,13
2e-05,38688,1
2e-05,38689,3
2e-05,38690,8
2e-05,38691,11
2e-05,38692,12
2e-05,38693,9
2e-05,38694,2
2e-05,38695,11
2e-05,38696,13
2e-05,38697,12
2e-05,38698,1
2e-05,38699,9
2e-05,38700,1
2e-05,38701,3
2e-05,38702,3
2e-05,38703,0
2e-05,38704,12
2e-05,38705,3
2e-05,38706,2
2e-05,38707,13
2e-05,38708,12
2e-05,38709,2
2e-05,38710,6
2e-05,38711,6
2e-05,38712,1
2e-05,38713,3
2e-05,38714,5
2e-05,38715,1
2e-05,38716,9
2e-05,38717,11
2e-05,38718,1
2e-05,38719,11
2e-05,38720,3
2e-05,38721,1
2e-05,38722,10
2e-05,38723,5
2e-05,38724,11
2e-05,38725,12
2e-05,38726,13
2e-05,38727,2
2e-05,38728,0
2e-05,38729,11
2e-05,38730,2
2e-05,38731,9
2e-05,38732,6
2e-05,38733,6
2e-05,38734,11
2e-05,38735,5
2e-05,38736,3
2e-05,38737,3
2e-05,38738,9
2e-05,38739,6
2e-05,38740,11
2e-05,38741,10
2e-05,38742,12
2e-05,38743,13
2e-05,38744,6
2e-05,38745,5
2e-05,38746,10
2e-05,38747,3
2e-05,38748,0
2e-05,38749,3
2e-05,38750,0
2e-05,38751,1
2e-05,38752,3
2e-05,38753,11
2e-05,38754,1
2e-05,38755,0
2e-05,38756,0
2e-05,38757,11
2e-05,38758,1
2e-05,38759,5
2e-05,38760,9
2e-05,38761,9
2e-05,38762,0
2e-05,38763,10
2e-05,38764,0
2e-05,38765,9
2e-05,38766,3
2e-05,38767,8
2e-05,38768,9
2e-05,38769,6
2e-05,38770,11
2e-05,38771,6
2e-05,38772,11
2e-05,38773,1
2e-05,38774,11
2e-05,38775,2
2e-05,38776,5
2e-05,38777,13
2e-05,38778,11
2e-05,38779,2
2e-05,38780,10
2e-05,38781,2
2e-05,38782,5
2e-05,38783,6
2e-05,38784,13
2e-05,38785,6
2e-05,38786,13
2e-05,38787,12
2e-05,38788,1
2e-05,38789,3
2e-05,38790,9
2e-05,38791,6
2e-05,38792,5
2e-05,38793,3
2e-05,38794,3
2e-05,38795,12
2e-05,38796,9
2e-05,38797,5
2e-05,38798,0
2e-05,38799,2
2e-05,38800,0
2e-05,38801,3
2e-05,38802,5
2e-05,38803,10
2e-05,38804,0
2e-05,38805,13
2e-05,38806,3
2e-05,38807,11
2e-05,38808,5
2e-05,38809,5
2e-05,38810,11
2e-05,38811,5
2e-05,38812,5
2e-05,38813,1
2e-05,38814,9
2e-05,38815,11
2e-05,38816,10
2e-05,38817,9
2e-05,38818,2
2e-05,38819,2
2e-05,38820,10
2e-05,38821,2
2e-05,38822,0
2e-05,38823,10
2e-05,38824,2
2e-05,38825,11
2e-05,38826,13
2e-05,38827,6
2e-05,38828,6
2e-05,38829,9
2e-05,38830,11
2e-05,38831,2
2e-05,38832,3
2e-05,38833,6
2e-05,38834,0
2e-05,38835,10
2e-05,38836,6
2e-05,38837,11
2e-05,38838,11
2e-05,38839,13
2e-05,38840,13
2e-05,38841,1
2e-05,38842,8
2e-05,38843,0
2e-05,38844,3
2e-05,38845,11
2e-05,38846,5
2e-05,38847,9
2e-05,38848,4
2e-05,38849,13
2e-05,38850,6
2e-05,38851,10
2e-05,38852,3
2e-05,38853,11
2e-05,38854,3
2e-05,38855,11
2e-05,38856,1
2e-05,38857,11
2e-05,38858,12
2e-05,38859,9
2e-05,38860,13
2e-05,38861,12
2e-05,38862,3
2e-05,38863,12
2e-05,38864,5
2e-05,38865,5
2e-05,38866,11
2e-05,38867,12
2e-05,38868,16
2e-05,38869,11
2e-05,38870,0
2e-05,38871,10
2e-05,38872,10
2e-05,38873,0
2e-05,38874,12
2e-05,38875,5
2e-05,38876,2
2e-05,38877,3
2e-05,38878,11
2e-05,38879,6
2e-05,38880,12
2e-05,38881,10
2e-05,38882,9
2e-05,38883,9
2e-05,38884,3
2e-05,38885,9
2e-05,38886,8
2e-05,38887,10
2e-05,38888,3
2e-05,38889,5
2e-05,38890,11
2e-05,38891,11
2e-05,38892,13
2e-05,38893,9
2e-05,38894,0
2e-05,38895,5
2e-05,38896,12
2e-05,38897,3
2e-05,38898,9
2e-05,38899,16
2e-05,38900,9
2e-05,38901,2
2e-05,38902,11
2e-05,38903,5
2e-05,38904,2
2e-05,38905,5
2e-05,38906,11
2e-05,38907,5
2e-05,38908,0
2e-05,38909,9
2e-05,38910,11
2e-05,38911,11
2e-05,38912,3
2e-05,38913,2
2e-05,38914,6
2e-05,38915,15
2e-05,38916,3
2e-05,38917,11
2e-05,38918,0
2e-05,38919,0
2e-05,38920,5
2e-05,38921,10
2e-05,38922,0
2e-05,38923,9
2e-05,38924,11
2e-05,38925,2
2e-05,38926,9
2e-05,38927,5
2e-05,38928,10
2e-05,38929,11
2e-05,38930,0
2e-05,38931,11
2e-05,38932,1
2e-05,38933,3
2e-05,38934,2
2e-05,38935,5
2e-05,38936,9
2e-05,38937,3
2e-05,38938,8
2e-05,38939,6
2e-05,38940,11
2e-05,38941,10
2e-05,38942,18
2e-05,38943,3
2e-05,38944,12
2e-05,38945,5
2e-05,38946,1
2e-05,38947,2
2e-05,38948,3
2e-05,38949,2
2e-05,38950,5
2e-05,38951,0
2e-05,38952,0
2e-05,38953,1
2e-05,38954,11
2e-05,38955,11
2e-05,38956,11
2e-05,38957,1
2e-05,38958,0
2e-05,38959,10
2e-05,38960,13
2e-05,38961,13
2e-05,38962,12
2e-05,38963,10
2e-05,38964,1
2e-05,38965,13
2e-05,38966,10
2e-05,38967,6
2e-05,38968,10
2e-05,38969,12
2e-05,38970,11
2e-05,38971,10
2e-05,38972,2
2e-05,38973,9
2e-05,38974,10
2e-05,38975,11
2e-05,38976,0
2e-05,38977,5
2e-05,38978,11
2e-05,38979,11
2e-05,38980,5
2e-05,38981,13
2e-05,38982,11
2e-05,38983,9
2e-05,38984,5
2e-05,38985,2
2e-05,38986,12
2e-05,38987,0
2e-05,38988,0
2e-05,38989,2
2e-05,38990,11
2e-05,38991,12
2e-05,38992,13
2e-05,38993,5
2e-05,38994,6
2e-05,38995,5
2e-05,38996,13
2e-05,38997,1
2e-05,38998,3
2e-05,38999,6
2e-05,39000,9
2e-05,39001,11
2e-05,39002,11
2e-05,39003,9
2e-05,39004,5
2e-05,39005,1
2e-05,39006,10
2e-05,39007,13
2e-05,39008,11
2e-05,39009,17
2e-05,39010,9
2e-05,39011,12
2e-05,39012,12
2e-05,39013,1
2e-05,39014,6
2e-05,39015,3
2e-05,39016,3
2e-05,39017,11
2e-05,39018,6
2e-05,39019,1
2e-05,39020,0
2e-05,39021,12
2e-05,39022,6
2e-05,39023,2
2e-05,39024,9
2e-05,39025,0
2e-05,39026,6
2e-05,39027,12
2e-05,39028,5
2e-05,39029,9
2e-05,39030,1
2e-05,39031,1
2e-05,39032,0
2e-05,39033,12
2e-05,39034,5
2e-05,39035,11
2e-05,39036,6
2e-05,39037,8
2e-05,39038,12
2e-05,39039,11
2e-05,39040,3
2e-05,39041,16
2e-05,39042,9
2e-05,39043,8
2e-05,39044,5
2e-05,39045,11
2e-05,39046,6
2e-05,39047,0
2e-05,39048,1
2e-05,39049,5
2e-05,39050,1
2e-05,39051,10
2e-05,39052,13
2e-05,39053,13
2e-05,39054,16
2e-05,39055,1
2e-05,39056,6
2e-05,39057,10
2e-05,39058,10
2e-05,39059,3
2e-05,39060,13
2e-05,39061,11
2e-05,39062,1
2e-05,39063,2
2e-05,39064,12
2e-05,39065,13
2e-05,39066,0
2e-05,39067,6
2e-05,39068,10
2e-05,39069,2
2e-05,39070,2
2e-05,39071,9
2e-05,39072,6
2e-05,39073,1
2e-05,39074,11
2e-05,39075,0
2e-05,39076,3
2e-05,39077,11
2e-05,39078,6
2e-05,39079,5
2e-05,39080,5
2e-05,39081,13
2e-05,39082,10
2e-05,39083,2
2e-05,39084,16
2e-05,39085,1
2e-05,39086,6
2e-05,39087,6
2e-05,39088,1
2e-05,39089,2
2e-05,39090,2
2e-05,39091,13
2e-05,39092,3
2e-05,39093,9
2e-05,39094,6
2e-05,39095,0
2e-05,39096,12
2e-05,39097,11
2e-05,39098,6
2e-05,39099,3
2e-05,39100,1
2e-05,39101,16
2e-05,39102,1
2e-05,39103,10
2e-05,39104,2
2e-05,39105,6
2e-05,39106,11
2e-05,39107,12
2e-05,39108,6
2e-05,39109,3
2e-05,39110,11
2e-05,39111,12
2e-05,39112,3
2e-05,39113,1
2e-05,39114,0
2e-05,39115,6
2e-05,39116,2
2e-05,39117,13
2e-05,39118,12
2e-05,39119,5
2e-05,39120,1
2e-05,39121,16
2e-05,39122,0
2e-05,39123,12
2e-05,39124,12
2e-05,39125,1
2e-05,39126,13
2e-05,39127,13
2e-05,39128,3
2e-05,39129,6
2e-05,39130,0
2e-05,39131,12
2e-05,39132,12
2e-05,39133,1
2e-05,39134,9
2e-05,39135,10
2e-05,39136,13
2e-05,39137,1
2e-05,39138,13
2e-05,39139,12
2e-05,39140,3
2e-05,39141,0
2e-05,39142,9
2e-05,39143,11
2e-05,39144,0
2e-05,39145,3
2e-05,39146,5
2e-05,39147,13
2e-05,39148,10
2e-05,39149,1
2e-05,39150,12
2e-05,39151,13
2e-05,39152,3
2e-05,39153,11
2e-05,39154,12
2e-05,39155,2
2e-05,39156,9
2e-05,39157,11
2e-05,39158,1
2e-05,39159,16
2e-05,39160,6
2e-05,39161,13
2e-05,39162,13
2e-05,39163,11
2e-05,39164,13
2e-05,39165,12
2e-05,39166,0
2e-05,39167,5
2e-05,39168,3
2e-05,39169,14
2e-05,39170,0
2e-05,39171,3
2e-05,39172,12
2e-05,39173,3
2e-05,39174,1
2e-05,39175,11
2e-05,39176,3
2e-05,39177,2
2e-05,39178,13
2e-05,39179,6
2e-05,39180,0
2e-05,39181,11
2e-05,39182,9
2e-05,39183,12
2e-05,39184,9
2e-05,39185,6
2e-05,39186,13
2e-05,39187,10
2e-05,39188,0
2e-05,39189,10
2e-05,39190,3
2e-05,39191,9
2e-05,39192,1
2e-05,39193,1
2e-05,39194,6
2e-05,39195,5
2e-05,39196,13
2e-05,39197,9
2e-05,39198,0
2e-05,39199,9
2e-05,39200,5
2e-05,39201,1
2e-05,39202,11
2e-05,39203,10
2e-05,39204,5
2e-05,39205,1
2e-05,39206,3
2e-05,39207,0
2e-05,39208,6
2e-05,39209,12
2e-05,39210,5
2e-05,39211,2
2e-05,39212,3
2e-05,39213,4
2e-05,39214,9
2e-05,39215,1
2e-05,39216,3
2e-05,39217,0
2e-05,39218,5
2e-05,39219,6
2e-05,39220,12
2e-05,39221,1
2e-05,39222,9
2e-05,39223,10
2e-05,39224,1
2e-05,39225,10
2e-05,39226,17
2e-05,39227,1
2e-05,39228,5
2e-05,39229,0
2e-05,39230,12
2e-05,39231,0
2e-05,39232,12
2e-05,39233,0
2e-05,39234,3
2e-05,39235,12
2e-05,39236,6
2e-05,39237,10
2e-05,39238,1
2e-05,39239,13
2e-05,39240,6
2e-05,39241,11
2e-05,39242,2
2e-05,39243,0
2e-05,39244,3
2e-05,39245,13
2e-05,39246,0
2e-05,39247,12
2e-05,39248,5
2e-05,39249,3
2e-05,39250,1
2e-05,39251,9
2e-05,39252,2
2e-05,39253,11
2e-05,39254,8
2e-05,39255,9
2e-05,39256,9
2e-05,39257,11
2e-05,39258,0
2e-05,39259,5
2e-05,39260,0
2e-05,39261,12
2e-05,39262,1
2e-05,39263,2
2e-05,39264,1
2e-05,39265,11
2e-05,39266,9
2e-05,39267,3
2e-05,39268,9
2e-05,39269,16
2e-05,39270,5
2e-05,39271,9
2e-05,39272,2
2e-05,39273,13
2e-05,39274,4
2e-05,39275,11
2e-05,39276,9
2e-05,39277,3
2e-05,39278,12
2e-05,39279,13
2e-05,39280,3
2e-05,39281,10
2e-05,39282,13
2e-05,39283,13
2e-05,39284,10
2e-05,39285,1
2e-05,39286,11
2e-05,39287,9
2e-05,39288,10
2e-05,39289,6
2e-05,39290,11
2e-05,39291,8
2e-05,39292,1
2e-05,39293,3
2e-05,39294,12
2e-05,39295,10
2e-05,39296,10
2e-05,39297,3
2e-05,39298,5
2e-05,39299,1
2e-05,39300,2
2e-05,39301,0
2e-05,39302,2
2e-05,39303,6
2e-05,39304,5
2e-05,39305,13
2e-05,39306,9
2e-05,39307,5
2e-05,39308,6
2e-05,39309,3
2e-05,39310,0
2e-05,39311,6
2e-05,39312,11
2e-05,39313,1
2e-05,39314,2
2e-05,39315,12
2e-05,39316,1
2e-05,39317,2
2e-05,39318,10
2e-05,39319,2
2e-05,39320,12
2e-05,39321,10
2e-05,39322,11
2e-05,39323,0
2e-05,39324,2
2e-05,39325,1
2e-05,39326,11
2e-05,39327,6
2e-05,39328,13
2e-05,39329,0
2e-05,39330,3
2e-05,39331,6
2e-05,39332,6
2e-05,39333,1
2e-05,39334,12
2e-05,39335,11
2e-05,39336,6
2e-05,39337,12
2e-05,39338,10
2e-05,39339,5
2e-05,39340,0
2e-05,39341,10
2e-05,39342,12
2e-05,39343,9
2e-05,39344,13
2e-05,39345,10
2e-05,39346,12
2e-05,39347,3
2e-05,39348,3
2e-05,39349,12
2e-05,39350,10
2e-05,39351,0
2e-05,39352,6
2e-05,39353,8
2e-05,39354,1
2e-05,39355,2
2e-05,39356,5
2e-05,39357,12
2e-05,39358,1
2e-05,39359,10
2e-05,39360,10
2e-05,39361,12
2e-05,39362,1
2e-05,39363,0
2e-05,39364,2
2e-05,39365,11
2e-05,39366,6
2e-05,39367,12
2e-05,39368,10
2e-05,39369,11
2e-05,39370,5
2e-05,39371,10
2e-05,39372,12
2e-05,39373,13
2e-05,39374,6
2e-05,39375,11
2e-05,39376,2
2e-05,39377,3
2e-05,39378,9
2e-05,39379,9
2e-05,39380,1
2e-05,39381,1
2e-05,39382,1
2e-05,39383,10
2e-05,39384,3
2e-05,39385,1
2e-05,39386,11
2e-05,39387,0
2e-05,39388,11
2e-05,39389,11
2e-05,39390,2
2e-05,39391,10
2e-05,39392,2
2e-05,39393,9
2e-05,39394,13
2e-05,39395,2
2e-05,39396,5
2e-05,39397,1
2e-05,39398,13
2e-05,39399,8
2e-05,39400,9
2e-05,39401,2
2e-05,39402,11
2e-05,39403,3
2e-05,39404,0
2e-05,39405,10
2e-05,39406,1
2e-05,39407,1
2e-05,39408,1
2e-05,39409,13
2e-05,39410,3
2e-05,39411,12
2e-05,39412,2
2e-05,39413,9
2e-05,39414,10
2e-05,39415,6
2e-05,39416,6
2e-05,39417,10
2e-05,39418,10
2e-05,39419,1
2e-05,39420,11
2e-05,39421,0
2e-05,39422,5
2e-05,39423,11
2e-05,39424,1
2e-05,39425,11
2e-05,39426,0
2e-05,39427,2
2e-05,39428,5
2e-05,39429,13
2e-05,39430,10
2e-05,39431,13
2e-05,39432,3
2e-05,39433,0
2e-05,39434,12
2e-05,39435,1
2e-05,39436,1
2e-05,39437,12
2e-05,39438,5
2e-05,39439,10
2e-05,39440,6
2e-05,39441,1
2e-05,39442,2
2e-05,39443,2
2e-05,39444,5
2e-05,39445,17
2e-05,39446,5
2e-05,39447,5
2e-05,39448,12
2e-05,39449,5
2e-05,39450,3
2e-05,39451,5
2e-05,39452,0
2e-05,39453,3
2e-05,39454,12
2e-05,39455,3
2e-05,39456,3
2e-05,39457,11
2e-05,39458,11
2e-05,39459,0
2e-05,39460,13
2e-05,39461,1
2e-05,39462,1
2e-05,39463,0
2e-05,39464,1
2e-05,39465,0
2e-05,39466,9
2e-05,39467,3
2e-05,39468,12
2e-05,39469,2
2e-05,39470,13
2e-05,39471,12
2e-05,39472,9
2e-05,39473,9
2e-05,39474,2
2e-05,39475,9
2e-05,39476,0
2e-05,39477,13
2e-05,39478,13
2e-05,39479,6
2e-05,39480,2
2e-05,39481,10
2e-05,39482,1
2e-05,39483,9
2e-05,39484,9
2e-05,39485,3
2e-05,39486,13
2e-05,39487,16
2e-05,39488,11
2e-05,39489,3
2e-05,39490,9
2e-05,39491,3
2e-05,39492,0
2e-05,39493,12
2e-05,39494,16
2e-05,39495,1
2e-05,39496,2
2e-05,39497,12
2e-05,39498,12
2e-05,39499,9
2e-05,39500,0
2e-05,39501,1
2e-05,39502,6
2e-05,39503,0
2e-05,39504,11
2e-05,39505,5
2e-05,39506,10
2e-05,39507,9
2e-05,39508,5
2e-05,39509,2
2e-05,39510,8
2e-05,39511,6
2e-05,39512,5
2e-05,39513,9
2e-05,39514,0
2e-05,39515,5
2e-05,39516,10
2e-05,39517,2
2e-05,39518,5
2e-05,39519,9
2e-05,39520,11
2e-05,39521,11
2e-05,39522,11
2e-05,39523,5
2e-05,39524,1
2e-05,39525,5
2e-05,39526,5
2e-05,39527,12
2e-05,39528,5
2e-05,39529,10
2e-05,39530,6
2e-05,39531,1
2e-05,39532,5
2e-05,39533,9
2e-05,39534,3
2e-05,39535,1
2e-05,39536,12
2e-05,39537,5
2e-05,39538,11
2e-05,39539,2
2e-05,39540,2
2e-05,39541,1
2e-05,39542,9
2e-05,39543,9
2e-05,39544,5
2e-05,39545,0
2e-05,39546,1
2e-05,39547,10
2e-05,39548,11
2e-05,39549,12
2e-05,39550,13
2e-05,39551,1
2e-05,39552,12
2e-05,39553,3
2e-05,39554,0
2e-05,39555,3
2e-05,39556,9
2e-05,39557,3
2e-05,39558,12
2e-05,39559,1
2e-05,39560,10
2e-05,39561,6
2e-05,39562,5
2e-05,39563,6
2e-05,39564,12
2e-05,39565,2
2e-05,39566,5
2e-05,39567,11
2e-05,39568,0
2e-05,39569,5
2e-05,39570,1
2e-05,39571,13
2e-05,39572,1
2e-05,39573,1
2e-05,39574,5
2e-05,39575,1
2e-05,39576,6
2e-05,39577,11
2e-05,39578,12
2e-05,39579,10
2e-05,39580,1
2e-05,39581,11
2e-05,39582,2
2e-05,39583,12
2e-05,39584,0
2e-05,39585,2
2e-05,39586,12
2e-05,39587,13
2e-05,39588,6
2e-05,39589,0
2e-05,39590,0
2e-05,39591,11
2e-05,39592,0
2e-05,39593,2
2e-05,39594,11
2e-05,39595,10
2e-05,39596,3
2e-05,39597,2
2e-05,39598,1
2e-05,39599,13
2e-05,39600,6
2e-05,39601,1
2e-05,39602,2
2e-05,39603,13
2e-05,39604,3
2e-05,39605,0
2e-05,39606,9
2e-05,39607,3
2e-05,39608,9
2e-05,39609,9
2e-05,39610,12
2e-05,39611,11
2e-05,39612,9
2e-05,39613,2
2e-05,39614,13
2e-05,39615,9
2e-05,39616,12
2e-05,39617,0
2e-05,39618,3
2e-05,39619,9
2e-05,39620,13
2e-05,39621,9
2e-05,39622,3
2e-05,39623,11
2e-05,39624,0
2e-05,39625,13
2e-05,39626,11
2e-05,39627,10
2e-05,39628,3
2e-05,39629,11
2e-05,39630,13
2e-05,39631,13
2e-05,39632,8
2e-05,39633,5
2e-05,39634,3
2e-05,39635,11
2e-05,39636,1
2e-05,39637,5
2e-05,39638,2
2e-05,39639,9
2e-05,39640,13
2e-05,39641,11
2e-05,39642,0
2e-05,39643,11
2e-05,39644,10
2e-05,39645,10
2e-05,39646,11
2e-05,39647,12
2e-05,39648,3
2e-05,39649,10
2e-05,39650,6
2e-05,39651,2
2e-05,39652,11
2e-05,39653,12
2e-05,39654,1
2e-05,39655,2
2e-05,39656,6
2e-05,39657,11
2e-05,39658,13
2e-05,39659,10
2e-05,39660,6
2e-05,39661,12
2e-05,39662,9
2e-05,39663,3
2e-05,39664,11
2e-05,39665,2
2e-05,39666,12
2e-05,39667,5
2e-05,39668,9
2e-05,39669,3
2e-05,39670,6
2e-05,39671,8
2e-05,39672,11
2e-05,39673,13
2e-05,39674,10
2e-05,39675,1
2e-05,39676,5
2e-05,39677,12
2e-05,39678,1
2e-05,39679,2
2e-05,39680,10
2e-05,39681,3
2e-05,39682,1
2e-05,39683,4
2e-05,39684,0
2e-05,39685,0
2e-05,39686,11
2e-05,39687,3
2e-05,39688,0
2e-05,39689,9
2e-05,39690,12
2e-05,39691,9
2e-05,39692,9
2e-05,39693,9
2e-05,39694,9
2e-05,39695,0
2e-05,39696,9
2e-05,39697,9
2e-05,39698,0
2e-05,39699,2
2e-05,39700,5
2e-05,39701,2
2e-05,39702,11
2e-05,39703,6
2e-05,39704,6
2e-05,39705,4
2e-05,39706,11
2e-05,39707,10
2e-05,39708,9
2e-05,39709,10
2e-05,39710,11
2e-05,39711,9
2e-05,39712,4
2e-05,39713,12
2e-05,39714,2
2e-05,39715,3
2e-05,39716,2
2e-05,39717,1
2e-05,39718,11
2e-05,39719,12
2e-05,39720,5
2e-05,39721,1
2e-05,39722,9
2e-05,39723,5
2e-05,39724,3
2e-05,39725,2
2e-05,39726,12
2e-05,39727,6
2e-05,39728,10
2e-05,39729,1
2e-05,39730,5
2e-05,39731,9
2e-05,39732,10
2e-05,39733,6
2e-05,39734,12
2e-05,39735,3
2e-05,39736,10
2e-05,39737,11
2e-05,39738,6
2e-05,39739,1
2e-05,39740,6
2e-05,39741,6
2e-05,39742,3
2e-05,39743,0
2e-05,39744,9
2e-05,39745,11
2e-05,39746,1
2e-05,39747,0
2e-05,39748,0
2e-05,39749,11
2e-05,39750,12
2e-05,39751,0
2e-05,39752,0
2e-05,39753,6
2e-05,39754,0
2e-05,39755,9
2e-05,39756,13
2e-05,39757,12
2e-05,39758,2
2e-05,39759,16
2e-05,39760,14
2e-05,39761,6
2e-05,39762,13
2e-05,39763,10
2e-05,39764,6
2e-05,39765,1
2e-05,39766,1
2e-05,39767,11
2e-05,39768,1
2e-05,39769,0
2e-05,39770,5
2e-05,39771,13
2e-05,39772,0
2e-05,39773,10
2e-05,39774,11
2e-05,39775,5
2e-05,39776,1
2e-05,39777,9
2e-05,39778,12
2e-05,39779,13
2e-05,39780,2
2e-05,39781,2
2e-05,39782,3
2e-05,39783,6
2e-05,39784,2
2e-05,39785,10
2e-05,39786,2
2e-05,39787,5
2e-05,39788,3
2e-05,39789,9
2e-05,39790,9
2e-05,39791,11
2e-05,39792,2
2e-05,39793,1
2e-05,39794,5
2e-05,39795,11
2e-05,39796,13
2e-05,39797,5
2e-05,39798,10
2e-05,39799,0
2e-05,39800,3
2e-05,39801,1
2e-05,39802,9
2e-05,39803,5
2e-05,39804,9
2e-05,39805,5
2e-05,39806,1
2e-05,39807,9
2e-05,39808,6
2e-05,39809,12
2e-05,39810,5
2e-05,39811,12
2e-05,39812,1
2e-05,39813,6
2e-05,39814,10
2e-05,39815,9
2e-05,39816,6
2e-05,39817,10
2e-05,39818,10
2e-05,39819,5
2e-05,39820,9
2e-05,39821,13
2e-05,39822,6
2e-05,39823,2
2e-05,39824,10
2e-05,39825,2
2e-05,39826,11
2e-05,39827,2
2e-05,39828,6
2e-05,39829,11
2e-05,39830,0
2e-05,39831,6
2e-05,39832,16
2e-05,39833,1
2e-05,39834,9
2e-05,39835,5
2e-05,39836,13
2e-05,39837,12
2e-05,39838,1
2e-05,39839,10
2e-05,39840,11
2e-05,39841,6
2e-05,39842,0
2e-05,39843,8
2e-05,39844,6
2e-05,39845,6
2e-05,39846,6
2e-05,39847,5
2e-05,39848,9
2e-05,39849,0
2e-05,39850,13
2e-05,39851,13
2e-05,39852,13
2e-05,39853,6
2e-05,39854,5
2e-05,39855,12
2e-05,39856,6
2e-05,39857,9
2e-05,39858,10
2e-05,39859,9
2e-05,39860,9
2e-05,39861,9
2e-05,39862,5
2e-05,39863,2
2e-05,39864,13
2e-05,39865,13
2e-05,39866,13
2e-05,39867,13
2e-05,39868,6
2e-05,39869,9
2e-05,39870,13
2e-05,39871,0
2e-05,39872,13
2e-05,39873,3
2e-05,39874,12
2e-05,39875,1
2e-05,39876,9
2e-05,39877,0
2e-05,39878,2
2e-05,39879,1
2e-05,39880,11
2e-05,39881,12
2e-05,39882,9
2e-05,39883,0
2e-05,39884,1
2e-05,39885,5
2e-05,39886,2
2e-05,39887,0
2e-05,39888,3
2e-05,39889,11
2e-05,39890,14
2e-05,39891,9
2e-05,39892,10
2e-05,39893,11
2e-05,39894,10
2e-05,39895,10
2e-05,39896,10
2e-05,39897,12
2e-05,39898,2
2e-05,39899,0
2e-05,39900,12
2e-05,39901,9
2e-05,39902,3
2e-05,39903,11
2e-05,39904,12
2e-05,39905,5
2e-05,39906,2
2e-05,39907,10
2e-05,39908,13
2e-05,39909,3
2e-05,39910,0
2e-05,39911,9
2e-05,39912,0
2e-05,39913,3
2e-05,39914,0
2e-05,39915,13
2e-05,39916,0
2e-05,39917,10
2e-05,39918,2
2e-05,39919,0
2e-05,39920,2
2e-05,39921,13
2e-05,39922,3
2e-05,39923,12
2e-05,39924,10
2e-05,39925,6
2e-05,39926,11
2e-05,39927,5
2e-05,39928,11
2e-05,39929,9
2e-05,39930,6
2e-05,39931,10
2e-05,39932,0
2e-05,39933,2
2e-05,39934,0
2e-05,39935,12
2e-05,39936,2
2e-05,39937,10
2e-05,39938,8
2e-05,39939,6
2e-05,39940,10
2e-05,39941,13
2e-05,39942,3
2e-05,39943,0
2e-05,39944,6
2e-05,39945,12
2e-05,39946,9
2e-05,39947,13
2e-05,39948,9
2e-05,39949,11
2e-05,39950,0
2e-05,39951,6
2e-05,39952,10
2e-05,39953,2
2e-05,39954,12
2e-05,39955,10
2e-05,39956,12
2e-05,39957,11
2e-05,39958,1
2e-05,39959,5
2e-05,39960,3
2e-05,39961,9
2e-05,39962,5
2e-05,39963,9
2e-05,39964,10
2e-05,39965,5
2e-05,39966,11
2e-05,39967,0
2e-05,39968,12
2e-05,39969,6
2e-05,39970,11
2e-05,39971,11
2e-05,39972,2
2e-05,39973,0
2e-05,39974,1
2e-05,39975,0
2e-05,39976,10
2e-05,39977,9
2e-05,39978,5
2e-05,39979,3
2e-05,39980,6
2e-05,39981,13
2e-05,39982,2
2e-05,39983,3
2e-05,39984,0
2e-05,39985,2
2e-05,39986,1
2e-05,39987,11
2e-05,39988,6
2e-05,39989,9
2e-05,39990,1
2e-05,39991,13
2e-05,39992,13
2e-05,39993,2
2e-05,39994,5
2e-05,39995,5
2e-05,39996,10
2e-05,39997,2
2e-05,39998,11
2e-05,39999,9
2e-05,40000,12
2e-05,40001,3
2e-05,40002,11
2e-05,40003,6
2e-05,40004,0
2e-05,40005,9
2e-05,40006,16
2e-05,40007,6
2e-05,40008,11
2e-05,40009,2
2e-05,40010,11
2e-05,40011,11
2e-05,40012,0
2e-05,40013,5
2e-05,40014,5
2e-05,40015,9
2e-05,40016,12
2e-05,40017,2
2e-05,40018,5
2e-05,40019,16
2e-05,40020,10
2e-05,40021,13
2e-05,40022,5
2e-05,40023,1
2e-05,40024,6
2e-05,40025,5
2e-05,40026,11
2e-05,40027,9
2e-05,40028,2
2e-05,40029,5
2e-05,40030,2
2e-05,40031,11
2e-05,40032,5
2e-05,40033,1
2e-05,40034,6
2e-05,40035,0
2e-05,40036,6
2e-05,40037,6
2e-05,40038,4
2e-05,40039,12
2e-05,40040,9
2e-05,40041,9
2e-05,40042,10
2e-05,40043,3
2e-05,40044,2
2e-05,40045,2
2e-05,40046,2
2e-05,40047,1
2e-05,40048,10
2e-05,40049,6
2e-05,40050,2
2e-05,40051,0
2e-05,40052,5
2e-05,40053,17
2e-05,40054,9
2e-05,40055,9
2e-05,40056,6
2e-05,40057,5
2e-05,40058,6
2e-05,40059,11
2e-05,40060,3
2e-05,40061,5
2e-05,40062,12
2e-05,40063,13
2e-05,40064,2
2e-05,40065,9
2e-05,40066,13
2e-05,40067,13
2e-05,40068,11
2e-05,40069,3
2e-05,40070,6
2e-05,40071,11
2e-05,40072,10
2e-05,40073,1
2e-05,40074,13
2e-05,40075,6
2e-05,40076,0
2e-05,40077,9
2e-05,40078,0
2e-05,40079,6
2e-05,40080,10
2e-05,40081,10
2e-05,40082,0
2e-05,40083,11
2e-05,40084,11
2e-05,40085,13
2e-05,40086,13
2e-05,40087,10
2e-05,40088,3
2e-05,40089,12
2e-05,40090,1
2e-05,40091,6
2e-05,40092,2
2e-05,40093,11
2e-05,40094,0
2e-05,40095,11
2e-05,40096,11
2e-05,40097,2
2e-05,40098,13
2e-05,40099,9
2e-05,40100,0
2e-05,40101,1
2e-05,40102,5
2e-05,40103,10
2e-05,40104,9
2e-05,40105,12
2e-05,40106,13
2e-05,40107,1
2e-05,40108,0
2e-05,40109,11
2e-05,40110,13
2e-05,40111,0
2e-05,40112,12
2e-05,40113,3
2e-05,40114,3
2e-05,40115,5
2e-05,40116,9
2e-05,40117,2
2e-05,40118,1
2e-05,40119,11
2e-05,40120,1
2e-05,40121,0
2e-05,40122,2
2e-05,40123,5
2e-05,40124,10
2e-05,40125,2
2e-05,40126,11
2e-05,40127,9
2e-05,40128,12
2e-05,40129,2
2e-05,40130,0
2e-05,40131,11
2e-05,40132,10
2e-05,40133,1
2e-05,40134,13
2e-05,40135,10
2e-05,40136,2
2e-05,40137,8
2e-05,40138,9
2e-05,40139,3
2e-05,40140,1
2e-05,40141,12
2e-05,40142,11
2e-05,40143,1
2e-05,40144,9
2e-05,40145,12
2e-05,40146,6
2e-05,40147,9
2e-05,40148,1
2e-05,40149,9
2e-05,40150,12
2e-05,40151,5
2e-05,40152,1
2e-05,40153,12
2e-05,40154,11
2e-05,40155,5
2e-05,40156,5
2e-05,40157,2
2e-05,40158,1
2e-05,40159,11
2e-05,40160,10
2e-05,40161,10
2e-05,40162,11
2e-05,40163,3
2e-05,40164,5
2e-05,40165,2
2e-05,40166,12
2e-05,40167,6
2e-05,40168,0
2e-05,40169,11
2e-05,40170,9
2e-05,40171,13
2e-05,40172,5
2e-05,40173,5
2e-05,40174,5
2e-05,40175,0
2e-05,40176,0
2e-05,40177,5
2e-05,40178,0
2e-05,40179,12
2e-05,40180,10
2e-05,40181,0
2e-05,40182,2
2e-05,40183,0
2e-05,40184,1
2e-05,40185,1
2e-05,40186,0
2e-05,40187,13
2e-05,40188,16
2e-05,40189,0
2e-05,40190,1
2e-05,40191,12
2e-05,40192,12
2e-05,40193,9
2e-05,40194,10
2e-05,40195,2
2e-05,40196,5
2e-05,40197,11
2e-05,40198,11
2e-05,40199,3
2e-05,40200,10
2e-05,40201,13
2e-05,40202,10
2e-05,40203,6
2e-05,40204,1
2e-05,40205,16
2e-05,40206,12
2e-05,40207,10
2e-05,40208,3
2e-05,40209,6
2e-05,40210,11
2e-05,40211,0
2e-05,40212,0
2e-05,40213,1
2e-05,40214,11
2e-05,40215,5
2e-05,40216,9
2e-05,40217,0
2e-05,40218,5
2e-05,40219,11
2e-05,40220,5
2e-05,40221,5
2e-05,40222,10
2e-05,40223,10
2e-05,40224,0
2e-05,40225,10
2e-05,40226,9
2e-05,40227,3
2e-05,40228,8
2e-05,40229,11
2e-05,40230,5
2e-05,40231,0
2e-05,40232,3
2e-05,40233,10
2e-05,40234,0
2e-05,40235,6
2e-05,40236,10
2e-05,40237,3
2e-05,40238,13
2e-05,40239,6
2e-05,40240,9
2e-05,40241,5
2e-05,40242,9
2e-05,40243,10
2e-05,40244,0
2e-05,40245,10
2e-05,40246,6
2e-05,40247,11
2e-05,40248,6
2e-05,40249,9
2e-05,40250,11
2e-05,40251,11
2e-05,40252,6
2e-05,40253,11
2e-05,40254,3
2e-05,40255,0
2e-05,40256,11
2e-05,40257,6
2e-05,40258,10
2e-05,40259,12
2e-05,40260,11
2e-05,40261,13
2e-05,40262,2
2e-05,40263,1
2e-05,40264,9
2e-05,40265,1
2e-05,40266,2
2e-05,40267,3
2e-05,40268,6
2e-05,40269,12
2e-05,40270,10
2e-05,40271,3
2e-05,40272,0
2e-05,40273,5
2e-05,40274,6
2e-05,40275,0
2e-05,40276,11
2e-05,40277,9
2e-05,40278,11
2e-05,40279,1
2e-05,40280,1
2e-05,40281,12
2e-05,40282,9
2e-05,40283,11
2e-05,40284,3
2e-05,40285,11
2e-05,40286,1
2e-05,40287,2
2e-05,40288,5
2e-05,40289,13
2e-05,40290,12
2e-05,40291,10
2e-05,40292,1
2e-05,40293,0
2e-05,40294,12
2e-05,40295,2
2e-05,40296,2
2e-05,40297,5
2e-05,40298,13
2e-05,40299,3
2e-05,40300,0
2e-05,40301,11
2e-05,40302,2
2e-05,40303,11
2e-05,40304,10
2e-05,40305,5
2e-05,40306,13
2e-05,40307,10
2e-05,40308,10
2e-05,40309,13
2e-05,40310,10
2e-05,40311,1
2e-05,40312,13
2e-05,40313,10
2e-05,40314,12
2e-05,40315,13
2e-05,40316,3
2e-05,40317,12
2e-05,40318,6
2e-05,40319,11
2e-05,40320,2
2e-05,40321,10
2e-05,40322,2
2e-05,40323,2
2e-05,40324,12
2e-05,40325,13
2e-05,40326,11
2e-05,40327,1
2e-05,40328,13
2e-05,40329,2
2e-05,40330,13
2e-05,40331,5
2e-05,40332,3
2e-05,40333,1
2e-05,40334,11
2e-05,40335,5
2e-05,40336,6
2e-05,40337,10
2e-05,40338,2
2e-05,40339,9
2e-05,40340,13
2e-05,40341,10
2e-05,40342,2
2e-05,40343,12
2e-05,40344,5
2e-05,40345,11
2e-05,40346,13
2e-05,40347,5
2e-05,40348,12
2e-05,40349,12
2e-05,40350,10
2e-05,40351,9
2e-05,40352,11
2e-05,40353,3
2e-05,40354,9
2e-05,40355,12
2e-05,40356,11
2e-05,40357,11
2e-05,40358,1
2e-05,40359,11
2e-05,40360,13
2e-05,40361,11
2e-05,40362,3
2e-05,40363,11
2e-05,40364,1
2e-05,40365,5
2e-05,40366,10
2e-05,40367,13
2e-05,40368,11
2e-05,40369,6
2e-05,40370,1
2e-05,40371,2
2e-05,40372,2
2e-05,40373,0
2e-05,40374,10
2e-05,40375,11
2e-05,40376,13
2e-05,40377,0
2e-05,40378,12
2e-05,40379,5
2e-05,40380,16
2e-05,40381,11
2e-05,40382,11
2e-05,40383,2
2e-05,40384,2
2e-05,40385,13
2e-05,40386,3
2e-05,40387,6
2e-05,40388,9
2e-05,40389,11
2e-05,40390,5
2e-05,40391,10
2e-05,40392,10
2e-05,40393,5
2e-05,40394,12
2e-05,40395,10
2e-05,40396,2
2e-05,40397,5
2e-05,40398,1
2e-05,40399,9
2e-05,40400,10
2e-05,40401,5
2e-05,40402,5
2e-05,40403,9
2e-05,40404,9
2e-05,40405,1
2e-05,40406,2
2e-05,40407,10
2e-05,40408,2
2e-05,40409,1
2e-05,40410,1
2e-05,40411,12
2e-05,40412,13
2e-05,40413,1
2e-05,40414,10
2e-05,40415,0
2e-05,40416,9
2e-05,40417,0
2e-05,40418,1
2e-05,40419,12
2e-05,40420,11
2e-05,40421,1
2e-05,40422,13
2e-05,40423,2
2e-05,40424,12
2e-05,40425,6
2e-05,40426,6
2e-05,40427,9
2e-05,40428,3
2e-05,40429,9
2e-05,40430,0
2e-05,40431,3
2e-05,40432,0
2e-05,40433,3
2e-05,40434,9
2e-05,40435,0
2e-05,40436,1
2e-05,40437,9
2e-05,40438,6
2e-05,40439,6
2e-05,40440,5
2e-05,40441,11
2e-05,40442,0
2e-05,40443,11
2e-05,40444,6
2e-05,40445,1
2e-05,40446,5
2e-05,40447,11
2e-05,40448,11
2e-05,40449,13
2e-05,40450,6
2e-05,40451,11
2e-05,40452,10
2e-05,40453,3
2e-05,40454,3
2e-05,40455,9
2e-05,40456,2
2e-05,40457,5
2e-05,40458,5
2e-05,40459,12
2e-05,40460,6
2e-05,40461,6
2e-05,40462,6
2e-05,40463,11
2e-05,40464,1
2e-05,40465,3
2e-05,40466,10
2e-05,40467,3
2e-05,40468,6
2e-05,40469,3
2e-05,40470,6
2e-05,40471,2
2e-05,40472,3
2e-05,40473,0
2e-05,40474,9
2e-05,40475,0
2e-05,40476,2
2e-05,40477,3
2e-05,40478,11
2e-05,40479,2
2e-05,40480,1
2e-05,40481,3
2e-05,40482,13
2e-05,40483,0
2e-05,40484,2
2e-05,40485,0
2e-05,40486,9
2e-05,40487,12
2e-05,40488,10
2e-05,40489,6
2e-05,40490,10
2e-05,40491,5
2e-05,40492,10
2e-05,40493,2
2e-05,40494,5
2e-05,40495,2
2e-05,40496,9
2e-05,40497,13
2e-05,40498,11
2e-05,40499,13
2e-05,40500,12
2e-05,40501,2
2e-05,40502,3
2e-05,40503,0
2e-05,40504,5
2e-05,40505,11
2e-05,40506,11
2e-05,40507,13
2e-05,40508,8
2e-05,40509,3
2e-05,40510,10
2e-05,40511,10
2e-05,40512,0
2e-05,40513,16
2e-05,40514,11
2e-05,40515,3
2e-05,40516,12
2e-05,40517,10
2e-05,40518,0
2e-05,40519,6
2e-05,40520,11
2e-05,40521,2
2e-05,40522,12
2e-05,40523,13
2e-05,40524,1
2e-05,40525,1
2e-05,40526,0
2e-05,40527,12
2e-05,40528,11
2e-05,40529,1
2e-05,40530,9
2e-05,40531,11
2e-05,40532,3
2e-05,40533,0
2e-05,40534,9
2e-05,40535,1
2e-05,40536,5
2e-05,40537,3
2e-05,40538,13
2e-05,40539,6
2e-05,40540,13
2e-05,40541,0
2e-05,40542,12
2e-05,40543,12
2e-05,40544,6
2e-05,40545,3
2e-05,40546,12
2e-05,40547,1
2e-05,40548,3
2e-05,40549,14
2e-05,40550,6
2e-05,40551,2
2e-05,40552,12
2e-05,40553,9
2e-05,40554,12
2e-05,40555,5
2e-05,40556,6
2e-05,40557,0
2e-05,40558,11
2e-05,40559,11
2e-05,40560,0
2e-05,40561,1
2e-05,40562,10
2e-05,40563,12
2e-05,40564,9
2e-05,40565,5
2e-05,40566,6
2e-05,40567,11
2e-05,40568,3
2e-05,40569,2
2e-05,40570,5
2e-05,40571,3
2e-05,40572,11
2e-05,40573,5
2e-05,40574,13
2e-05,40575,10
2e-05,40576,0
2e-05,40577,3
2e-05,40578,11
2e-05,40579,13
2e-05,40580,13
2e-05,40581,10
2e-05,40582,5
2e-05,40583,10
2e-05,40584,13
2e-05,40585,13
2e-05,40586,10
2e-05,40587,2
2e-05,40588,13
2e-05,40589,3
2e-05,40590,11
2e-05,40591,5
2e-05,40592,2
2e-05,40593,12
2e-05,40594,11
2e-05,40595,0
2e-05,40596,12
2e-05,40597,11
2e-05,40598,1
2e-05,40599,5
2e-05,40600,13
2e-05,40601,3
2e-05,40602,11
2e-05,40603,3
2e-05,40604,2
2e-05,40605,11
2e-05,40606,1
2e-05,40607,13
2e-05,40608,2
2e-05,40609,6
2e-05,40610,1
2e-05,40611,13
2e-05,40612,10
2e-05,40613,1
2e-05,40614,10
2e-05,40615,3
2e-05,40616,11
2e-05,40617,13
2e-05,40618,1
2e-05,40619,9
2e-05,40620,11
2e-05,40621,11
2e-05,40622,9
2e-05,40623,0
2e-05,40624,16
2e-05,40625,3
2e-05,40626,1
2e-05,40627,11
2e-05,40628,6
2e-05,40629,12
2e-05,40630,12
2e-05,40631,11
2e-05,40632,6
2e-05,40633,11
2e-05,40634,12
2e-05,40635,9
2e-05,40636,12
2e-05,40637,4
2e-05,40638,3
2e-05,40639,9
2e-05,40640,1
2e-05,40641,1
2e-05,40642,11
2e-05,40643,9
2e-05,40644,5
2e-05,40645,12
2e-05,40646,6
2e-05,40647,6
2e-05,40648,13
2e-05,40649,5
2e-05,40650,16
2e-05,40651,0
2e-05,40652,13
2e-05,40653,0
2e-05,40654,1
2e-05,40655,9
2e-05,40656,6
2e-05,40657,1
2e-05,40658,6
2e-05,40659,12
2e-05,40660,11
2e-05,40661,6
2e-05,40662,6
2e-05,40663,9
2e-05,40664,2
2e-05,40665,6
2e-05,40666,1
2e-05,40667,12
2e-05,40668,6
2e-05,40669,3
2e-05,40670,6
2e-05,40671,5
2e-05,40672,12
2e-05,40673,13
2e-05,40674,10
2e-05,40675,9
2e-05,40676,1
2e-05,40677,2
2e-05,40678,11
2e-05,40679,0
2e-05,40680,11
2e-05,40681,3
2e-05,40682,0
2e-05,40683,11
2e-05,40684,5
2e-05,40685,6
2e-05,40686,1
2e-05,40687,9
2e-05,40688,9
2e-05,40689,1
2e-05,40690,12
2e-05,40691,9
2e-05,40692,11
2e-05,40693,3
2e-05,40694,11
2e-05,40695,5
2e-05,40696,9
2e-05,40697,9
2e-05,40698,11
2e-05,40699,0
2e-05,40700,6
2e-05,40701,9
2e-05,40702,3
2e-05,40703,3
2e-05,40704,13
2e-05,40705,0
2e-05,40706,2
2e-05,40707,1
2e-05,40708,5
2e-05,40709,9
2e-05,40710,12
2e-05,40711,9
2e-05,40712,13
2e-05,40713,1
2e-05,40714,6
2e-05,40715,5
2e-05,40716,13
2e-05,40717,12
2e-05,40718,11
2e-05,40719,1
2e-05,40720,5
2e-05,40721,10
2e-05,40722,1
2e-05,40723,12
2e-05,40724,13
2e-05,40725,3
2e-05,40726,12
2e-05,40727,3
2e-05,40728,5
2e-05,40729,2
2e-05,40730,12
2e-05,40731,10
2e-05,40732,5
2e-05,40733,2
2e-05,40734,13
2e-05,40735,13
2e-05,40736,11
2e-05,40737,11
2e-05,40738,0
2e-05,40739,10
2e-05,40740,11
2e-05,40741,6
2e-05,40742,1
2e-05,40743,12
2e-05,40744,10
2e-05,40745,11
2e-05,40746,9
2e-05,40747,4
2e-05,40748,2
2e-05,40749,5
2e-05,40750,0
2e-05,40751,3
2e-05,40752,9
2e-05,40753,9
2e-05,40754,9
2e-05,40755,9
2e-05,40756,0
2e-05,40757,13
2e-05,40758,13
2e-05,40759,9
2e-05,40760,13
2e-05,40761,11
2e-05,40762,3
2e-05,40763,11
2e-05,40764,11
2e-05,40765,1
2e-05,40766,0
2e-05,40767,5
2e-05,40768,3
2e-05,40769,12
2e-05,40770,1
2e-05,40771,0
2e-05,40772,1
2e-05,40773,9
2e-05,40774,5
2e-05,40775,9
2e-05,40776,11
2e-05,40777,0
2e-05,40778,13
2e-05,40779,6
2e-05,40780,10
2e-05,40781,1
2e-05,40782,11
2e-05,40783,10
2e-05,40784,13
2e-05,40785,13
2e-05,40786,6
2e-05,40787,5
2e-05,40788,6
2e-05,40789,0
2e-05,40790,5
2e-05,40791,13
2e-05,40792,5
2e-05,40793,3
2e-05,40794,1
2e-05,40795,0
2e-05,40796,6
2e-05,40797,6
2e-05,40798,9
2e-05,40799,1
2e-05,40800,3
2e-05,40801,11
2e-05,40802,0
2e-05,40803,5
2e-05,40804,2
2e-05,40805,2
2e-05,40806,6
2e-05,40807,2
2e-05,40808,10
2e-05,40809,3
2e-05,40810,14
2e-05,40811,13
2e-05,40812,10
2e-05,40813,9
2e-05,40814,12
2e-05,40815,9
2e-05,40816,0
2e-05,40817,0
2e-05,40818,11
2e-05,40819,3
2e-05,40820,10
2e-05,40821,10
2e-05,40822,9
2e-05,40823,5
2e-05,40824,10
2e-05,40825,9
2e-05,40826,11
2e-05,40827,6
2e-05,40828,8
2e-05,40829,2
2e-05,40830,1
2e-05,40831,1
2e-05,40832,6
2e-05,40833,12
2e-05,40834,10
2e-05,40835,5
2e-05,40836,9
2e-05,40837,2
2e-05,40838,1
2e-05,40839,10
2e-05,40840,6
2e-05,40841,10
2e-05,40842,10
2e-05,40843,2
2e-05,40844,11
2e-05,40845,10
2e-05,40846,10
2e-05,40847,3
2e-05,40848,6
2e-05,40849,1
2e-05,40850,11
2e-05,40851,5
2e-05,40852,1
2e-05,40853,9
2e-05,40854,10
2e-05,40855,9
2e-05,40856,3
2e-05,40857,6
2e-05,40858,10
2e-05,40859,0
2e-05,40860,14
2e-05,40861,5
2e-05,40862,5
2e-05,40863,2
2e-05,40864,6
2e-05,40865,6
2e-05,40866,13
2e-05,40867,10
2e-05,40868,5
2e-05,40869,5
2e-05,40870,10
2e-05,40871,0
2e-05,40872,10
2e-05,40873,10
2e-05,40874,9
2e-05,40875,10
2e-05,40876,9
2e-05,40877,3
2e-05,40878,1
2e-05,40879,2
2e-05,40880,0
2e-05,40881,0
2e-05,40882,6
2e-05,40883,6
2e-05,40884,1
2e-05,40885,0
2e-05,40886,11
2e-05,40887,6
2e-05,40888,11
2e-05,40889,9
2e-05,40890,9
2e-05,40891,9
2e-05,40892,1
2e-05,40893,11
2e-05,40894,0
2e-05,40895,6
2e-05,40896,2
2e-05,40897,5
2e-05,40898,11
2e-05,40899,11
2e-05,40900,1
2e-05,40901,1
2e-05,40902,11
2e-05,40903,9
2e-05,40904,2
2e-05,40905,6
2e-05,40906,0
2e-05,40907,13
2e-05,40908,9
2e-05,40909,3
2e-05,40910,9
2e-05,40911,3
2e-05,40912,1
2e-05,40913,12
2e-05,40914,6
2e-05,40915,2
2e-05,40916,11
2e-05,40917,3
2e-05,40918,3
2e-05,40919,6
2e-05,40920,13
2e-05,40921,0
2e-05,40922,0
2e-05,40923,11
2e-05,40924,11
2e-05,40925,11
2e-05,40926,11
2e-05,40927,11
2e-05,40928,1
2e-05,40929,5
2e-05,40930,6
2e-05,40931,8
2e-05,40932,1
2e-05,40933,6
2e-05,40934,5
2e-05,40935,1
2e-05,40936,6
2e-05,40937,11
2e-05,40938,0
2e-05,40939,9
2e-05,40940,6
2e-05,40941,6
2e-05,40942,12
2e-05,40943,0
2e-05,40944,0
2e-05,40945,2
2e-05,40946,5
2e-05,40947,12
2e-05,40948,10
2e-05,40949,11
2e-05,40950,2
2e-05,40951,0
2e-05,40952,11
2e-05,40953,2
2e-05,40954,6
2e-05,40955,2
2e-05,40956,11
2e-05,40957,0
2e-05,40958,6
2e-05,40959,3
2e-05,40960,13
2e-05,40961,6
2e-05,40962,3
2e-05,40963,1
2e-05,40964,13
2e-05,40965,10
2e-05,40966,10
2e-05,40967,3
2e-05,40968,6
2e-05,40969,6
2e-05,40970,3
2e-05,40971,1
2e-05,40972,2
2e-05,40973,5
2e-05,40974,1
2e-05,40975,3
2e-05,40976,9
2e-05,40977,12
2e-05,40978,0
2e-05,40979,1
2e-05,40980,1
2e-05,40981,3
2e-05,40982,2
2e-05,40983,13
2e-05,40984,11
2e-05,40985,3
2e-05,40986,13
2e-05,40987,0
2e-05,40988,1
2e-05,40989,9
2e-05,40990,11
2e-05,40991,9
2e-05,40992,3
2e-05,40993,2
2e-05,40994,5
2e-05,40995,2
2e-05,40996,13
2e-05,40997,11
2e-05,40998,8
2e-05,40999,6
2e-05,41000,2
2e-05,41001,1
2e-05,41002,9
2e-05,41003,9
2e-05,41004,0
2e-05,41005,9
2e-05,41006,11
2e-05,41007,8
2e-05,41008,3
2e-05,41009,3
2e-05,41010,1
2e-05,41011,13
2e-05,41012,11
2e-05,41013,12
2e-05,41014,5
2e-05,41015,2
2e-05,41016,0
2e-05,41017,6
2e-05,41018,5
2e-05,41019,6
2e-05,41020,3
2e-05,41021,1
2e-05,41022,0
2e-05,41023,0
2e-05,41024,10
2e-05,41025,0
2e-05,41026,2
2e-05,41027,10
2e-05,41028,11
2e-05,41029,5
2e-05,41030,13
2e-05,41031,6
2e-05,41032,12
2e-05,41033,9
2e-05,41034,11
2e-05,41035,0
2e-05,41036,13
2e-05,41037,11
2e-05,41038,8
2e-05,41039,9
2e-05,41040,6
2e-05,41041,12
2e-05,41042,3
2e-05,41043,3
2e-05,41044,0
2e-05,41045,13
2e-05,41046,0
2e-05,41047,12
2e-05,41048,5
2e-05,41049,1
2e-05,41050,5
2e-05,41051,0
2e-05,41052,11
2e-05,41053,9
2e-05,41054,1
2e-05,41055,0
2e-05,41056,1
2e-05,41057,11
2e-05,41058,11
2e-05,41059,12
2e-05,41060,16
2e-05,41061,11
2e-05,41062,11
2e-05,41063,9
2e-05,41064,3
2e-05,41065,10
2e-05,41066,3
2e-05,41067,12
2e-05,41068,9
2e-05,41069,5
2e-05,41070,5
2e-05,41071,3
2e-05,41072,2
2e-05,41073,3
2e-05,41074,3
2e-05,41075,10
2e-05,41076,13
2e-05,41077,5
2e-05,41078,12
2e-05,41079,2
2e-05,41080,13
2e-05,41081,5
2e-05,41082,9
2e-05,41083,5
2e-05,41084,11
2e-05,41085,1
2e-05,41086,12
2e-05,41087,5
2e-05,41088,2
2e-05,41089,13
2e-05,41090,0
2e-05,41091,6
2e-05,41092,11
2e-05,41093,0
2e-05,41094,1
2e-05,41095,3
2e-05,41096,11
2e-05,41097,0
2e-05,41098,1
2e-05,41099,0
2e-05,41100,3
2e-05,41101,10
2e-05,41102,13
2e-05,41103,0
2e-05,41104,1
2e-05,41105,2
2e-05,41106,2
2e-05,41107,9
2e-05,41108,1
2e-05,41109,2
2e-05,41110,8
2e-05,41111,16
2e-05,41112,1
2e-05,41113,6
2e-05,41114,0
2e-05,41115,6
2e-05,41116,6
2e-05,41117,11
2e-05,41118,6
2e-05,41119,5
2e-05,41120,13
2e-05,41121,10
2e-05,41122,12
2e-05,41123,5
2e-05,41124,0
2e-05,41125,1
2e-05,41126,5
2e-05,41127,6
2e-05,41128,12
2e-05,41129,5
2e-05,41130,9
2e-05,41131,9
2e-05,41132,3
2e-05,41133,12
2e-05,41134,13
2e-05,41135,0
2e-05,41136,5
2e-05,41137,3
2e-05,41138,10
2e-05,41139,10
2e-05,41140,6
2e-05,41141,2
2e-05,41142,13
2e-05,41143,10
2e-05,41144,3
2e-05,41145,9
2e-05,41146,6
2e-05,41147,13
2e-05,41148,6
2e-05,41149,3
2e-05,41150,3
2e-05,41151,2
2e-05,41152,11
2e-05,41153,9
2e-05,41154,10
2e-05,41155,3
2e-05,41156,9
2e-05,41157,12
2e-05,41158,0
2e-05,41159,11
2e-05,41160,3
2e-05,41161,11
2e-05,41162,0
2e-05,41163,1
2e-05,41164,0
2e-05,41165,0
2e-05,41166,1
2e-05,41167,13
2e-05,41168,1
2e-05,41169,1
2e-05,41170,10
2e-05,41171,5
2e-05,41172,12
2e-05,41173,16
2e-05,41174,11
2e-05,41175,11
2e-05,41176,6
2e-05,41177,11
2e-05,41178,1
2e-05,41179,16
2e-05,41180,10
2e-05,41181,11
2e-05,41182,9
2e-05,41183,5
2e-05,41184,11
2e-05,41185,6
2e-05,41186,3
2e-05,41187,12
2e-05,41188,1
2e-05,41189,11
2e-05,41190,3
2e-05,41191,9
2e-05,41192,2
2e-05,41193,12
2e-05,41194,5
2e-05,41195,6
2e-05,41196,11
2e-05,41197,1
2e-05,41198,0
2e-05,41199,2
2e-05,41200,2
2e-05,41201,11
2e-05,41202,0
2e-05,41203,11
2e-05,41204,8
2e-05,41205,3
2e-05,41206,3
2e-05,41207,13
2e-05,41208,0
2e-05,41209,3
2e-05,41210,10
2e-05,41211,11
2e-05,41212,13
2e-05,41213,12
2e-05,41214,1
2e-05,41215,5
2e-05,41216,0
2e-05,41217,9
2e-05,41218,10
2e-05,41219,5
2e-05,41220,2
2e-05,41221,11
2e-05,41222,3
2e-05,41223,10
2e-05,41224,6
2e-05,41225,11
2e-05,41226,2
2e-05,41227,17
2e-05,41228,0
2e-05,41229,11
2e-05,41230,2
2e-05,41231,10
2e-05,41232,0
2e-05,41233,13
2e-05,41234,2
2e-05,41235,9
2e-05,41236,10
2e-05,41237,10
2e-05,41238,1
2e-05,41239,2
2e-05,41240,3
2e-05,41241,2
2e-05,41242,13
2e-05,41243,11
2e-05,41244,6
2e-05,41245,9
2e-05,41246,13
2e-05,41247,11
2e-05,41248,9
2e-05,41249,0
2e-05,41250,6
2e-05,41251,9
2e-05,41252,13
2e-05,41253,2
2e-05,41254,2
2e-05,41255,1
2e-05,41256,5
2e-05,41257,0
2e-05,41258,12
2e-05,41259,0
2e-05,41260,11
2e-05,41261,10
2e-05,41262,5
2e-05,41263,3
2e-05,41264,0
2e-05,41265,0
2e-05,41266,1
2e-05,41267,9
2e-05,41268,3
2e-05,41269,1
2e-05,41270,10
2e-05,41271,2
2e-05,41272,5
2e-05,41273,1
2e-05,41274,1
2e-05,41275,3
2e-05,41276,11
2e-05,41277,3
2e-05,41278,3
2e-05,41279,6
2e-05,41280,2
2e-05,41281,2
2e-05,41282,5
2e-05,41283,10
2e-05,41284,12
2e-05,41285,5
2e-05,41286,3
2e-05,41287,5
2e-05,41288,3
2e-05,41289,5
2e-05,41290,1
2e-05,41291,0
2e-05,41292,1
2e-05,41293,2
2e-05,41294,8
2e-05,41295,13
2e-05,41296,9
2e-05,41297,2
2e-05,41298,5
2e-05,41299,3
2e-05,41300,10
2e-05,41301,1
2e-05,41302,11
2e-05,41303,3
2e-05,41304,10
2e-05,41305,6
2e-05,41306,1
2e-05,41307,9
2e-05,41308,12
2e-05,41309,5
2e-05,41310,3
2e-05,41311,0
2e-05,41312,2
2e-05,41313,5
2e-05,41314,9
2e-05,41315,4
2e-05,41316,12
2e-05,41317,9
2e-05,41318,5
2e-05,41319,6
2e-05,41320,1
2e-05,41321,9
2e-05,41322,13
2e-05,41323,6
2e-05,41324,13
2e-05,41325,12
2e-05,41326,1
2e-05,41327,12
2e-05,41328,6
2e-05,41329,12
2e-05,41330,9
2e-05,41331,3
2e-05,41332,9
2e-05,41333,1
2e-05,41334,2
2e-05,41335,10
2e-05,41336,3
2e-05,41337,9
2e-05,41338,11
2e-05,41339,2
2e-05,41340,10
2e-05,41341,2
2e-05,41342,2
2e-05,41343,9
2e-05,41344,0
2e-05,41345,6
2e-05,41346,13
2e-05,41347,2
2e-05,41348,6
2e-05,41349,3
2e-05,41350,0
2e-05,41351,5
2e-05,41352,11
2e-05,41353,6
2e-05,41354,3
2e-05,41355,1
2e-05,41356,0
2e-05,41357,12
2e-05,41358,10
2e-05,41359,6
2e-05,41360,0
2e-05,41361,2
2e-05,41362,10
2e-05,41363,5
2e-05,41364,12
2e-05,41365,0
2e-05,41366,3
2e-05,41367,12
2e-05,41368,5
2e-05,41369,6
2e-05,41370,6
2e-05,41371,6
2e-05,41372,13
2e-05,41373,0
2e-05,41374,16
2e-05,41375,5
2e-05,41376,11
2e-05,41377,9
2e-05,41378,3
2e-05,41379,5
2e-05,41380,10
2e-05,41381,9
2e-05,41382,12
2e-05,41383,10
2e-05,41384,9
2e-05,41385,1
2e-05,41386,2
2e-05,41387,12
2e-05,41388,5
2e-05,41389,11
2e-05,41390,1
2e-05,41391,2
2e-05,41392,16
2e-05,41393,2
2e-05,41394,9
2e-05,41395,5
2e-05,41396,9
2e-05,41397,10
2e-05,41398,13
2e-05,41399,11
2e-05,41400,3
2e-05,41401,0
2e-05,41402,1
2e-05,41403,11
2e-05,41404,0
2e-05,41405,0
2e-05,41406,10
2e-05,41407,5
2e-05,41408,3
2e-05,41409,1
2e-05,41410,11
2e-05,41411,9
2e-05,41412,10
2e-05,41413,11
2e-05,41414,10
2e-05,41415,5
2e-05,41416,11
2e-05,41417,0
2e-05,41418,13
2e-05,41419,16
2e-05,41420,12
2e-05,41421,5
2e-05,41422,12
2e-05,41423,13
2e-05,41424,12
2e-05,41425,5
2e-05,41426,1
2e-05,41427,0
2e-05,41428,3
2e-05,41429,0
2e-05,41430,1
2e-05,41431,2
2e-05,41432,6
2e-05,41433,5
2e-05,41434,5
2e-05,41435,9
2e-05,41436,3
2e-05,41437,0
2e-05,41438,2
2e-05,41439,2
2e-05,41440,0
2e-05,41441,8
2e-05,41442,10
2e-05,41443,0
2e-05,41444,12
2e-05,41445,9
2e-05,41446,11
2e-05,41447,0
2e-05,41448,12
2e-05,41449,10
2e-05,41450,3
2e-05,41451,5
2e-05,41452,16
2e-05,41453,11
2e-05,41454,12
2e-05,41455,12
2e-05,41456,6
2e-05,41457,12
2e-05,41458,3
2e-05,41459,13
2e-05,41460,10
2e-05,41461,10
2e-05,41462,0
2e-05,41463,5
2e-05,41464,0
2e-05,41465,13
2e-05,41466,3
2e-05,41467,9
2e-05,41468,3
2e-05,41469,5
2e-05,41470,1
2e-05,41471,1
2e-05,41472,6
2e-05,41473,13
2e-05,41474,1
2e-05,41475,3
2e-05,41476,3
2e-05,41477,0
2e-05,41478,11
2e-05,41479,12
2e-05,41480,0
2e-05,41481,13
2e-05,41482,0
2e-05,41483,11
2e-05,41484,12
2e-05,41485,0
2e-05,41486,9
2e-05,41487,2
2e-05,41488,10
2e-05,41489,10
2e-05,41490,5
2e-05,41491,11
2e-05,41492,12
2e-05,41493,1
2e-05,41494,3
2e-05,41495,12
2e-05,41496,3
2e-05,41497,2
2e-05,41498,5
2e-05,41499,11
2e-05,41500,6
2e-05,41501,13
2e-05,41502,12
2e-05,41503,10
2e-05,41504,10
2e-05,41505,2
2e-05,41506,6
2e-05,41507,0
2e-05,41508,11
2e-05,41509,2
2e-05,41510,11
2e-05,41511,1
2e-05,41512,9
2e-05,41513,1
2e-05,41514,11
2e-05,41515,2
2e-05,41516,6
2e-05,41517,1
2e-05,41518,12
2e-05,41519,13
2e-05,41520,3
2e-05,41521,9
2e-05,41522,9
2e-05,41523,9
2e-05,41524,0
2e-05,41525,12
2e-05,41526,12
2e-05,41527,6
2e-05,41528,2
2e-05,41529,2
2e-05,41530,9
2e-05,41531,9
2e-05,41532,0
2e-05,41533,6
2e-05,41534,12
2e-05,41535,5
2e-05,41536,9
2e-05,41537,13
2e-05,41538,11
2e-05,41539,2
2e-05,41540,3
2e-05,41541,9
2e-05,41542,0
2e-05,41543,0
2e-05,41544,16
2e-05,41545,2
2e-05,41546,10
2e-05,41547,1
2e-05,41548,12
2e-05,41549,12
2e-05,41550,12
2e-05,41551,9
2e-05,41552,0
2e-05,41553,3
2e-05,41554,11
2e-05,41555,12
2e-05,41556,2
2e-05,41557,1
2e-05,41558,3
2e-05,41559,10
2e-05,41560,0
2e-05,41561,9
2e-05,41562,10
2e-05,41563,6
2e-05,41564,0
2e-05,41565,10
2e-05,41566,2
2e-05,41567,10
2e-05,41568,0
2e-05,41569,1
2e-05,41570,11
2e-05,41571,9
2e-05,41572,11
2e-05,41573,11
2e-05,41574,2
2e-05,41575,9
2e-05,41576,12
2e-05,41577,11
2e-05,41578,2
2e-05,41579,1
2e-05,41580,5
2e-05,41581,12
2e-05,41582,6
2e-05,41583,11
2e-05,41584,1
2e-05,41585,1
2e-05,41586,5
2e-05,41587,6
2e-05,41588,2
2e-05,41589,9
2e-05,41590,12
2e-05,41591,1
2e-05,41592,5
2e-05,41593,8
2e-05,41594,10
2e-05,41595,3
2e-05,41596,6
2e-05,41597,9
2e-05,41598,2
2e-05,41599,11
2e-05,41600,0
2e-05,41601,3
2e-05,41602,9
2e-05,41603,3
2e-05,41604,11
2e-05,41605,1
2e-05,41606,11
2e-05,41607,10
2e-05,41608,6
2e-05,41609,16
2e-05,41610,9
2e-05,41611,2
2e-05,41612,3
2e-05,41613,0
2e-05,41614,3
2e-05,41615,2
2e-05,41616,1
2e-05,41617,6
2e-05,41618,1
2e-05,41619,5
2e-05,41620,3
2e-05,41621,9
2e-05,41622,12
2e-05,41623,5
2e-05,41624,0
2e-05,41625,0
2e-05,41626,0
2e-05,41627,9
2e-05,41628,11
2e-05,41629,5
2e-05,41630,0
2e-05,41631,1
2e-05,41632,12
2e-05,41633,9
2e-05,41634,1
2e-05,41635,6
2e-05,41636,5
2e-05,41637,2
2e-05,41638,3
2e-05,41639,12
2e-05,41640,2
2e-05,41641,13
2e-05,41642,2
2e-05,41643,2
2e-05,41644,12
2e-05,41645,3
2e-05,41646,3
2e-05,41647,0
2e-05,41648,12
2e-05,41649,1
2e-05,41650,9
2e-05,41651,3
2e-05,41652,10
2e-05,41653,3
2e-05,41654,16
2e-05,41655,5
2e-05,41656,5
2e-05,41657,1
2e-05,41658,12
2e-05,41659,5
2e-05,41660,0
2e-05,41661,0
2e-05,41662,2
2e-05,41663,3
2e-05,41664,1
2e-05,41665,3
2e-05,41666,10
2e-05,41667,11
2e-05,41668,12
2e-05,41669,9
2e-05,41670,0
2e-05,41671,6
2e-05,41672,6
2e-05,41673,11
2e-05,41674,5
2e-05,41675,12
2e-05,41676,10
2e-05,41677,0
2e-05,41678,13
2e-05,41679,10
2e-05,41680,6
2e-05,41681,9
2e-05,41682,9
2e-05,41683,9
2e-05,41684,1
2e-05,41685,13
2e-05,41686,9
2e-05,41687,5
2e-05,41688,0
2e-05,41689,5
2e-05,41690,6
2e-05,41691,9
2e-05,41692,2
2e-05,41693,9
2e-05,41694,12
2e-05,41695,6
2e-05,41696,9
2e-05,41697,5
2e-05,41698,9
2e-05,41699,3
2e-05,41700,3
2e-05,41701,10
2e-05,41702,0
2e-05,41703,13
2e-05,41704,2
2e-05,41705,12
2e-05,41706,11
2e-05,41707,11
2e-05,41708,1
2e-05,41709,9
2e-05,41710,9
2e-05,41711,16
2e-05,41712,0
2e-05,41713,3
2e-05,41714,6
2e-05,41715,0
2e-05,41716,13
2e-05,41717,11
2e-05,41718,6
2e-05,41719,1
2e-05,41720,11
2e-05,41721,3
2e-05,41722,3
2e-05,41723,0
2e-05,41724,1
2e-05,41725,5
2e-05,41726,2
2e-05,41727,11
2e-05,41728,9
2e-05,41729,6
2e-05,41730,1
2e-05,41731,12
2e-05,41732,3
2e-05,41733,11
2e-05,41734,5
2e-05,41735,9
2e-05,41736,6
2e-05,41737,12
2e-05,41738,0
2e-05,41739,5
2e-05,41740,13
2e-05,41741,11
2e-05,41742,5
2e-05,41743,1
2e-05,41744,0
2e-05,41745,6
2e-05,41746,3
2e-05,41747,1
2e-05,41748,0
2e-05,41749,3
2e-05,41750,2
2e-05,41751,3
2e-05,41752,1
2e-05,41753,12
2e-05,41754,17
2e-05,41755,11
2e-05,41756,12
2e-05,41757,11
2e-05,41758,9
2e-05,41759,11
2e-05,41760,13
2e-05,41761,3
2e-05,41762,11
2e-05,41763,10
2e-05,41764,12
2e-05,41765,3
2e-05,41766,1
2e-05,41767,9
2e-05,41768,2
2e-05,41769,11
2e-05,41770,3
2e-05,41771,2
2e-05,41772,0
2e-05,41773,1
2e-05,41774,3
2e-05,41775,11
2e-05,41776,11
2e-05,41777,11
2e-05,41778,9
2e-05,41779,9
2e-05,41780,8
2e-05,41781,11
2e-05,41782,2
2e-05,41783,9
2e-05,41784,2
2e-05,41785,4
2e-05,41786,11
2e-05,41787,2
2e-05,41788,10
2e-05,41789,3
2e-05,41790,1
2e-05,41791,5
2e-05,41792,0
2e-05,41793,0
2e-05,41794,5
2e-05,41795,11
2e-05,41796,0
2e-05,41797,12
2e-05,41798,9
2e-05,41799,4
2e-05,41800,6
2e-05,41801,0
2e-05,41802,12
2e-05,41803,0
2e-05,41804,13
2e-05,41805,11
2e-05,41806,11
2e-05,41807,12
2e-05,41808,5
2e-05,41809,0
2e-05,41810,2
2e-05,41811,1
2e-05,41812,9
2e-05,41813,16
2e-05,41814,13
2e-05,41815,5
2e-05,41816,16
2e-05,41817,13
2e-05,41818,6
2e-05,41819,1
2e-05,41820,10
2e-05,41821,10
2e-05,41822,0
2e-05,41823,9
2e-05,41824,11
2e-05,41825,0
2e-05,41826,12
2e-05,41827,1
2e-05,41828,11
2e-05,41829,10
2e-05,41830,5
2e-05,41831,6
2e-05,41832,5
2e-05,41833,6
2e-05,41834,6
2e-05,41835,5
2e-05,41836,10
2e-05,41837,13
2e-05,41838,1
2e-05,41839,11
2e-05,41840,5
2e-05,41841,13
2e-05,41842,13
2e-05,41843,5
2e-05,41844,6
2e-05,41845,9
2e-05,41846,1
2e-05,41847,9
2e-05,41848,2
2e-05,41849,1
2e-05,41850,5
2e-05,41851,2
2e-05,41852,6
2e-05,41853,3
2e-05,41854,6
2e-05,41855,6
2e-05,41856,6
2e-05,41857,9
2e-05,41858,3
2e-05,41859,6
2e-05,41860,9
2e-05,41861,5
2e-05,41862,3
2e-05,41863,1
2e-05,41864,12
2e-05,41865,2
2e-05,41866,0
2e-05,41867,2
2e-05,41868,3
2e-05,41869,5
2e-05,41870,6
2e-05,41871,10
2e-05,41872,13
2e-05,41873,0
2e-05,41874,0
2e-05,41875,10
2e-05,41876,1
2e-05,41877,10
2e-05,41878,3
2e-05,41879,5
2e-05,41880,11
2e-05,41881,1
2e-05,41882,11
2e-05,41883,9
2e-05,41884,6
2e-05,41885,13
2e-05,41886,3
2e-05,41887,13
2e-05,41888,5
2e-05,41889,6
2e-05,41890,1
2e-05,41891,9
2e-05,41892,6
2e-05,41893,11
2e-05,41894,1
2e-05,41895,6
2e-05,41896,0
2e-05,41897,12
2e-05,41898,10
2e-05,41899,11
2e-05,41900,1
2e-05,41901,0
2e-05,41902,10
2e-05,41903,8
2e-05,41904,2
2e-05,41905,1
2e-05,41906,12
2e-05,41907,6
2e-05,41908,11
2e-05,41909,9
2e-05,41910,2
2e-05,41911,12
2e-05,41912,0
2e-05,41913,1
2e-05,41914,0
2e-05,41915,13
2e-05,41916,9
2e-05,41917,11
2e-05,41918,3
2e-05,41919,11
2e-05,41920,3
2e-05,41921,2
2e-05,41922,6
2e-05,41923,9
2e-05,41924,13
2e-05,41925,10
2e-05,41926,16
2e-05,41927,12
2e-05,41928,5
2e-05,41929,9
2e-05,41930,12
2e-05,41931,3
2e-05,41932,8
2e-05,41933,6
2e-05,41934,6
2e-05,41935,9
2e-05,41936,0
2e-05,41937,2
2e-05,41938,0
2e-05,41939,13
2e-05,41940,11
2e-05,41941,0
2e-05,41942,0
2e-05,41943,2
2e-05,41944,11
2e-05,41945,9
2e-05,41946,1
2e-05,41947,6
2e-05,41948,2
2e-05,41949,1
2e-05,41950,13
2e-05,41951,8
2e-05,41952,11
2e-05,41953,1
2e-05,41954,10
2e-05,41955,0
2e-05,41956,12
2e-05,41957,6
2e-05,41958,11
2e-05,41959,11
2e-05,41960,6
2e-05,41961,3
2e-05,41962,0
2e-05,41963,1
2e-05,41964,11
2e-05,41965,10
2e-05,41966,1
2e-05,41967,11
2e-05,41968,3
2e-05,41969,5
2e-05,41970,5
2e-05,41971,10
2e-05,41972,13
2e-05,41973,9
2e-05,41974,5
2e-05,41975,11
2e-05,41976,11
2e-05,41977,10
2e-05,41978,0
2e-05,41979,11
2e-05,41980,0
2e-05,41981,12
2e-05,41982,6
2e-05,41983,9
2e-05,41984,5
2e-05,41985,10
2e-05,41986,1
2e-05,41987,10
2e-05,41988,5
2e-05,41989,9
2e-05,41990,6
2e-05,41991,2
2e-05,41992,10
2e-05,41993,6
2e-05,41994,6
2e-05,41995,6
2e-05,41996,2
2e-05,41997,2
2e-05,41998,5
2e-05,41999,9
2e-05,42000,6
2e-05,42001,12
2e-05,42002,5
2e-05,42003,9
2e-05,42004,9
2e-05,42005,12
2e-05,42006,10
2e-05,42007,11
2e-05,42008,6
2e-05,42009,1
2e-05,42010,0
2e-05,42011,5
2e-05,42012,13
2e-05,42013,0
2e-05,42014,2
2e-05,42015,10
2e-05,42016,12
2e-05,42017,9
2e-05,42018,10
2e-05,42019,6
2e-05,42020,3
2e-05,42021,13
2e-05,42022,16
2e-05,42023,6
2e-05,42024,10
2e-05,42025,0
2e-05,42026,11
2e-05,42027,5
2e-05,42028,1
2e-05,42029,3
2e-05,42030,12
2e-05,42031,13
2e-05,42032,9
2e-05,42033,6
2e-05,42034,0
2e-05,42035,11
2e-05,42036,12
2e-05,42037,9
2e-05,42038,4
2e-05,42039,9
2e-05,42040,1
2e-05,42041,2
2e-05,42042,9
2e-05,42043,13
2e-05,42044,12
2e-05,42045,10
2e-05,42046,5
2e-05,42047,11
2e-05,42048,2
2e-05,42049,6
2e-05,42050,3
2e-05,42051,1
2e-05,42052,10
2e-05,42053,10
2e-05,42054,11
2e-05,42055,3
2e-05,42056,11
2e-05,42057,13
2e-05,42058,10
2e-05,42059,6
2e-05,42060,16
2e-05,42061,11
2e-05,42062,9
2e-05,42063,11
2e-05,42064,5
2e-05,42065,11
2e-05,42066,0
2e-05,42067,3
2e-05,42068,9
2e-05,42069,1
2e-05,42070,11
2e-05,42071,12
2e-05,42072,6
2e-05,42073,10
2e-05,42074,6
2e-05,42075,10
2e-05,42076,12
2e-05,42077,12
2e-05,42078,0
2e-05,42079,12
2e-05,42080,10
2e-05,42081,10
2e-05,42082,5
2e-05,42083,0
2e-05,42084,12
2e-05,42085,0
2e-05,42086,3
2e-05,42087,12
2e-05,42088,5
2e-05,42089,3
2e-05,42090,2
2e-05,42091,9
2e-05,42092,13
2e-05,42093,1
2e-05,42094,11
2e-05,42095,9
2e-05,42096,11
2e-05,42097,8
2e-05,42098,1
2e-05,42099,10
2e-05,42100,3
2e-05,42101,3
2e-05,42102,13
2e-05,42103,13
2e-05,42104,10
2e-05,42105,0
2e-05,42106,2
2e-05,42107,5
2e-05,42108,5
2e-05,42109,0
2e-05,42110,12
2e-05,42111,3
2e-05,42112,5
2e-05,42113,11
2e-05,42114,9
2e-05,42115,11
2e-05,42116,9
2e-05,42117,6
2e-05,42118,13
2e-05,42119,6
2e-05,42120,3
2e-05,42121,12
2e-05,42122,0
2e-05,42123,3
2e-05,42124,1
2e-05,42125,2
2e-05,42126,6
2e-05,42127,10
2e-05,42128,9
2e-05,42129,0
2e-05,42130,0
2e-05,42131,1
2e-05,42132,2
2e-05,42133,2
2e-05,42134,2
2e-05,42135,9
2e-05,42136,10
2e-05,42137,3
2e-05,42138,1
2e-05,42139,2
2e-05,42140,9
2e-05,42141,9
2e-05,42142,6
2e-05,42143,3
2e-05,42144,1
2e-05,42145,9
2e-05,42146,5
2e-05,42147,6
2e-05,42148,1
2e-05,42149,10
2e-05,42150,13
2e-05,42151,0
2e-05,42152,10
2e-05,42153,6
2e-05,42154,0
2e-05,42155,3
2e-05,42156,1
2e-05,42157,13
2e-05,42158,0
2e-05,42159,1
2e-05,42160,9
2e-05,42161,10
2e-05,42162,11
2e-05,42163,9
2e-05,42164,16
2e-05,42165,9
2e-05,42166,6
2e-05,42167,3
2e-05,42168,10
2e-05,42169,0
2e-05,42170,9
2e-05,42171,9
2e-05,42172,9
2e-05,42173,12
2e-05,42174,12
2e-05,42175,2
2e-05,42176,5
2e-05,42177,11
2e-05,42178,3
2e-05,42179,10
2e-05,42180,5
2e-05,42181,3
2e-05,42182,10
2e-05,42183,9
2e-05,42184,5
2e-05,42185,11
2e-05,42186,1
2e-05,42187,0
2e-05,42188,2
2e-05,42189,11
2e-05,42190,0
2e-05,42191,0
2e-05,42192,6
2e-05,42193,5
2e-05,42194,9
2e-05,42195,0
2e-05,42196,11
2e-05,42197,5
2e-05,42198,3
2e-05,42199,1
2e-05,42200,1
2e-05,42201,11
2e-05,42202,8
2e-05,42203,10
2e-05,42204,0
2e-05,42205,6
2e-05,42206,3
2e-05,42207,12
2e-05,42208,9
2e-05,42209,11
2e-05,42210,11
2e-05,42211,13
2e-05,42212,3
2e-05,42213,1
2e-05,42214,13
2e-05,42215,13
2e-05,42216,12
2e-05,42217,11
2e-05,42218,0
2e-05,42219,13
2e-05,42220,9
2e-05,42221,12
2e-05,42222,0
2e-05,42223,5
2e-05,42224,12
2e-05,42225,13
2e-05,42226,13
2e-05,42227,9
2e-05,42228,12
2e-05,42229,1
2e-05,42230,11
2e-05,42231,5
2e-05,42232,9
2e-05,42233,11
2e-05,42234,5
2e-05,42235,10
2e-05,42236,11
2e-05,42237,10
2e-05,42238,11
2e-05,42239,10
2e-05,42240,3
2e-05,42241,12
2e-05,42242,2
2e-05,42243,11
2e-05,42244,1
2e-05,42245,5
2e-05,42246,11
2e-05,42247,10
2e-05,42248,5
2e-05,42249,1
2e-05,42250,1
2e-05,42251,11
2e-05,42252,9
2e-05,42253,10
2e-05,42254,11
2e-05,42255,2
2e-05,42256,16
2e-05,42257,1
2e-05,42258,1
2e-05,42259,12
2e-05,42260,1
2e-05,42261,9
2e-05,42262,6
2e-05,42263,2
2e-05,42264,1
2e-05,42265,12
2e-05,42266,1
2e-05,42267,6
2e-05,42268,13
2e-05,42269,9
2e-05,42270,2
2e-05,42271,11
2e-05,42272,9
2e-05,42273,5
2e-05,42274,6
2e-05,42275,5
2e-05,42276,12
2e-05,42277,12
2e-05,42278,0
2e-05,42279,0
2e-05,42280,0
2e-05,42281,6
2e-05,42282,0
2e-05,42283,6
2e-05,42284,5
2e-05,42285,9
2e-05,42286,11
2e-05,42287,1
2e-05,42288,2
2e-05,42289,6
2e-05,42290,13
2e-05,42291,1
2e-05,42292,9
2e-05,42293,9
2e-05,42294,5
2e-05,42295,8
2e-05,42296,3
2e-05,42297,6
2e-05,42298,9
2e-05,42299,6
2e-05,42300,11
2e-05,42301,13
2e-05,42302,1
2e-05,42303,1
2e-05,42304,11
2e-05,42305,12
2e-05,42306,9
2e-05,42307,16
2e-05,42308,9
2e-05,42309,6
2e-05,42310,5
2e-05,42311,3
2e-05,42312,17
2e-05,42313,11
2e-05,42314,13
2e-05,42315,1
2e-05,42316,9
2e-05,42317,2
2e-05,42318,10
2e-05,42319,13
2e-05,42320,11
2e-05,42321,5
2e-05,42322,5
2e-05,42323,3
2e-05,42324,5
2e-05,42325,9
2e-05,42326,5
2e-05,42327,10
2e-05,42328,13
2e-05,42329,11
2e-05,42330,6
2e-05,42331,1
2e-05,42332,16
2e-05,42333,11
2e-05,42334,5
2e-05,42335,6
2e-05,42336,6
2e-05,42337,10
2e-05,42338,9
2e-05,42339,11
2e-05,42340,9
2e-05,42341,5
2e-05,42342,11
2e-05,42343,11
2e-05,42344,5
2e-05,42345,5
2e-05,42346,10
2e-05,42347,1
2e-05,42348,11
2e-05,42349,5
2e-05,42350,13
2e-05,42351,13
2e-05,42352,3
2e-05,42353,16
2e-05,42354,5
2e-05,42355,1
2e-05,42356,10
2e-05,42357,0
2e-05,42358,13
2e-05,42359,5
2e-05,42360,13
2e-05,42361,0
2e-05,42362,10
2e-05,42363,12
2e-05,42364,0
2e-05,42365,6
2e-05,42366,2
2e-05,42367,16
2e-05,42368,10
2e-05,42369,1
2e-05,42370,13
2e-05,42371,9
2e-05,42372,11
2e-05,42373,12
2e-05,42374,1
2e-05,42375,12
2e-05,42376,6
2e-05,42377,2
2e-05,42378,2
2e-05,42379,1
2e-05,42380,12
2e-05,42381,11
2e-05,42382,6
2e-05,42383,0
2e-05,42384,11
2e-05,42385,5
2e-05,42386,12
2e-05,42387,1
2e-05,42388,10
2e-05,42389,9
2e-05,42390,11
2e-05,42391,13
2e-05,42392,11
2e-05,42393,0
2e-05,42394,0
2e-05,42395,10
2e-05,42396,12
2e-05,42397,5
2e-05,42398,10
2e-05,42399,0
2e-05,42400,13
2e-05,42401,11
2e-05,42402,11
2e-05,42403,11
2e-05,42404,13
2e-05,42405,3
2e-05,42406,6
2e-05,42407,10
2e-05,42408,9
2e-05,42409,5
2e-05,42410,0
2e-05,42411,0
2e-05,42412,6
2e-05,42413,5
2e-05,42414,12
2e-05,42415,12
2e-05,42416,4
2e-05,42417,12
2e-05,42418,10
2e-05,42419,1
2e-05,42420,6
2e-05,42421,5
2e-05,42422,3
2e-05,42423,1
2e-05,42424,2
2e-05,42425,11
2e-05,42426,5
2e-05,42427,10
2e-05,42428,2
2e-05,42429,5
2e-05,42430,11
2e-05,42431,15
2e-05,42432,6
2e-05,42433,6
2e-05,42434,5
2e-05,42435,2
2e-05,42436,5
2e-05,42437,16
2e-05,42438,3
2e-05,42439,6
2e-05,42440,5
2e-05,42441,1
2e-05,42442,0
2e-05,42443,1
2e-05,42444,12
2e-05,42445,11
2e-05,42446,13
2e-05,42447,10
2e-05,42448,1
2e-05,42449,11
2e-05,42450,2
2e-05,42451,6
2e-05,42452,6
2e-05,42453,10
2e-05,42454,12
2e-05,42455,6
2e-05,42456,10
2e-05,42457,9
2e-05,42458,5
2e-05,42459,4
2e-05,42460,5
2e-05,42461,0
2e-05,42462,9
2e-05,42463,3
2e-05,42464,10
2e-05,42465,0
2e-05,42466,5
2e-05,42467,0
2e-05,42468,3
2e-05,42469,10
2e-05,42470,13
2e-05,42471,0
2e-05,42472,6
2e-05,42473,12
2e-05,42474,6
2e-05,42475,0
2e-05,42476,11
2e-05,42477,1
2e-05,42478,2
2e-05,42479,2
2e-05,42480,14
2e-05,42481,5
2e-05,42482,3
2e-05,42483,2
2e-05,42484,5
2e-05,42485,11
2e-05,42486,10
2e-05,42487,1
2e-05,42488,0
2e-05,42489,3
2e-05,42490,13
2e-05,42491,0
2e-05,42492,3
2e-05,42493,3
2e-05,42494,11
2e-05,42495,2
2e-05,42496,10
2e-05,42497,13
2e-05,42498,9
2e-05,42499,10
2e-05,42500,17
2e-05,42501,13
2e-05,42502,6
2e-05,42503,5
2e-05,42504,13
2e-05,42505,5
2e-05,42506,3
2e-05,42507,1
2e-05,42508,11
2e-05,42509,12
2e-05,42510,8
2e-05,42511,0
2e-05,42512,2
2e-05,42513,2
2e-05,42514,6
2e-05,42515,3
2e-05,42516,1
2e-05,42517,2
2e-05,42518,0
2e-05,42519,8
2e-05,42520,8
2e-05,42521,5
2e-05,42522,1
2e-05,42523,0
2e-05,42524,3
2e-05,42525,1
2e-05,42526,2
2e-05,42527,13
2e-05,42528,12
2e-05,42529,9
2e-05,42530,3
2e-05,42531,6
2e-05,42532,0
2e-05,42533,10
2e-05,42534,0
2e-05,42535,5
2e-05,42536,6
2e-05,42537,6
2e-05,42538,6
2e-05,42539,5
2e-05,42540,10
2e-05,42541,2
2e-05,42542,1
2e-05,42543,12
2e-05,42544,1
2e-05,42545,10
2e-05,42546,2
2e-05,42547,6
2e-05,42548,11
2e-05,42549,9
2e-05,42550,5
2e-05,42551,5
2e-05,42552,2
2e-05,42553,6
2e-05,42554,3
2e-05,42555,10
2e-05,42556,5
2e-05,42557,0
2e-05,42558,5
2e-05,42559,12
2e-05,42560,12
2e-05,42561,12
2e-05,42562,11
2e-05,42563,9
2e-05,42564,5
2e-05,42565,2
2e-05,42566,3
2e-05,42567,9
2e-05,42568,0
2e-05,42569,0
2e-05,42570,6
2e-05,42571,1
2e-05,42572,9
2e-05,42573,1
2e-05,42574,12
2e-05,42575,13
2e-05,42576,11
2e-05,42577,6
2e-05,42578,11
2e-05,42579,0
2e-05,42580,12
2e-05,42581,1
2e-05,42582,13
2e-05,42583,3
2e-05,42584,2
2e-05,42585,6
2e-05,42586,11
2e-05,42587,9
2e-05,42588,11
2e-05,42589,11
2e-05,42590,6
2e-05,42591,6
2e-05,42592,11
2e-05,42593,11
2e-05,42594,3
2e-05,42595,6
2e-05,42596,9
2e-05,42597,10
2e-05,42598,10
2e-05,42599,2
2e-05,42600,9
2e-05,42601,9
2e-05,42602,9
2e-05,42603,1
2e-05,42604,6
2e-05,42605,1
2e-05,42606,13
2e-05,42607,9
2e-05,42608,0
2e-05,42609,9
2e-05,42610,12
2e-05,42611,1
2e-05,42612,6
2e-05,42613,1
2e-05,42614,6
2e-05,42615,5
2e-05,42616,1
2e-05,42617,13
2e-05,42618,11
2e-05,42619,13
2e-05,42620,2
2e-05,42621,16
2e-05,42622,1
2e-05,42623,16
2e-05,42624,1
2e-05,42625,6
2e-05,42626,1
2e-05,42627,6
2e-05,42628,1
2e-05,42629,3
2e-05,42630,6
2e-05,42631,1
2e-05,42632,12
2e-05,42633,2
2e-05,42634,6
2e-05,42635,1
2e-05,42636,9
2e-05,42637,11
2e-05,42638,2
2e-05,42639,12
2e-05,42640,10
2e-05,42641,2
2e-05,42642,12
2e-05,42643,0
2e-05,42644,11
2e-05,42645,2
2e-05,42646,11
2e-05,42647,6
2e-05,42648,8
2e-05,42649,12
2e-05,42650,9
2e-05,42651,6
2e-05,42652,2
2e-05,42653,5
2e-05,42654,11
2e-05,42655,12
2e-05,42656,1
2e-05,42657,11
2e-05,42658,2
2e-05,42659,3
2e-05,42660,9
2e-05,42661,3
2e-05,42662,2
2e-05,42663,2
2e-05,42664,10
2e-05,42665,5
2e-05,42666,1
2e-05,42667,13
2e-05,42668,0
2e-05,42669,2
2e-05,42670,9
2e-05,42671,1
2e-05,42672,9
2e-05,42673,13
2e-05,42674,0
2e-05,42675,0
2e-05,42676,1
2e-05,42677,11
2e-05,42678,1
2e-05,42679,1
2e-05,42680,9
2e-05,42681,5
2e-05,42682,14
2e-05,42683,13
2e-05,42684,2
2e-05,42685,0
2e-05,42686,2
2e-05,42687,11
2e-05,42688,5
2e-05,42689,12
2e-05,42690,0
2e-05,42691,6
2e-05,42692,6
2e-05,42693,9
2e-05,42694,11
2e-05,42695,2
2e-05,42696,1
2e-05,42697,12
2e-05,42698,12
2e-05,42699,6
2e-05,42700,5
2e-05,42701,5
2e-05,42702,12
2e-05,42703,12
2e-05,42704,11
2e-05,42705,10
2e-05,42706,3
2e-05,42707,13
2e-05,42708,13
2e-05,42709,1
2e-05,42710,12
2e-05,42711,9
2e-05,42712,6
2e-05,42713,3
2e-05,42714,9
2e-05,42715,1
2e-05,42716,1
2e-05,42717,5
2e-05,42718,0
2e-05,42719,6
2e-05,42720,11
2e-05,42721,10
2e-05,42722,9
2e-05,42723,12
2e-05,42724,0
2e-05,42725,3
2e-05,42726,3
2e-05,42727,0
2e-05,42728,1
2e-05,42729,12
2e-05,42730,10
2e-05,42731,12
2e-05,42732,2
2e-05,42733,9
2e-05,42734,3
2e-05,42735,13
2e-05,42736,2
2e-05,42737,11
2e-05,42738,6
2e-05,42739,10
2e-05,42740,2
2e-05,42741,0
2e-05,42742,9
2e-05,42743,10
2e-05,42744,12
2e-05,42745,10
2e-05,42746,12
2e-05,42747,12
2e-05,42748,0
2e-05,42749,9
2e-05,42750,1
2e-05,42751,12
2e-05,42752,8
2e-05,42753,1
2e-05,42754,6
2e-05,42755,10
2e-05,42756,1
2e-05,42757,1
2e-05,42758,3
2e-05,42759,12
2e-05,42760,12
2e-05,42761,13
2e-05,42762,6
2e-05,42763,9
2e-05,42764,11
2e-05,42765,1
2e-05,42766,2
2e-05,42767,2
2e-05,42768,9
2e-05,42769,5
2e-05,42770,4
2e-05,42771,11
2e-05,42772,3
2e-05,42773,3
2e-05,42774,0
2e-05,42775,11
2e-05,42776,11
2e-05,42777,3
2e-05,42778,5
2e-05,42779,3
2e-05,42780,1
2e-05,42781,10
2e-05,42782,9
2e-05,42783,3
2e-05,42784,16
2e-05,42785,10
2e-05,42786,11
2e-05,42787,12
2e-05,42788,3
2e-05,42789,6
2e-05,42790,9
2e-05,42791,1
2e-05,42792,12
2e-05,42793,0
2e-05,42794,3
2e-05,42795,6
2e-05,42796,3
2e-05,42797,9
2e-05,42798,0
2e-05,42799,6
2e-05,42800,11
2e-05,42801,12
2e-05,42802,3
2e-05,42803,1
2e-05,42804,1
2e-05,42805,2
2e-05,42806,1
2e-05,42807,0
2e-05,42808,10
2e-05,42809,16
2e-05,42810,18
2e-05,42811,9
2e-05,42812,9
2e-05,42813,13
2e-05,42814,10
2e-05,42815,12
2e-05,42816,12
2e-05,42817,2
2e-05,42818,15
2e-05,42819,3
2e-05,42820,9
2e-05,42821,9
2e-05,42822,0
2e-05,42823,5
2e-05,42824,2
2e-05,42825,5
2e-05,42826,1
2e-05,42827,5
2e-05,42828,6
2e-05,42829,1
2e-05,42830,5
2e-05,42831,13
2e-05,42832,0
2e-05,42833,6
2e-05,42834,11
2e-05,42835,11
2e-05,42836,9
2e-05,42837,13
2e-05,42838,13
2e-05,42839,9
2e-05,42840,1
2e-05,42841,12
2e-05,42842,9
2e-05,42843,3
2e-05,42844,13
2e-05,42845,6
2e-05,42846,12
2e-05,42847,3
2e-05,42848,13
2e-05,42849,5
2e-05,42850,6
2e-05,42851,10
2e-05,42852,6
2e-05,42853,9
2e-05,42854,6
2e-05,42855,5
2e-05,42856,6
2e-05,42857,9
2e-05,42858,2
2e-05,42859,0
2e-05,42860,12
2e-05,42861,11
2e-05,42862,0
2e-05,42863,1
2e-05,42864,8
2e-05,42865,6
2e-05,42866,3
2e-05,42867,12
2e-05,42868,2
2e-05,42869,0
2e-05,42870,6
2e-05,42871,9
2e-05,42872,12
2e-05,42873,10
2e-05,42874,9
2e-05,42875,12
2e-05,42876,12
2e-05,42877,3
2e-05,42878,6
2e-05,42879,13
2e-05,42880,6
2e-05,42881,9
2e-05,42882,13
2e-05,42883,0
2e-05,42884,1
2e-05,42885,3
2e-05,42886,12
2e-05,42887,13
2e-05,42888,6
2e-05,42889,1
2e-05,42890,2
2e-05,42891,13
2e-05,42892,9
2e-05,42893,11
2e-05,42894,3
2e-05,42895,9
2e-05,42896,0
2e-05,42897,13
2e-05,42898,9
2e-05,42899,6
2e-05,42900,3
2e-05,42901,12
2e-05,42902,2
2e-05,42903,12
2e-05,42904,9
2e-05,42905,5
2e-05,42906,10
2e-05,42907,12
2e-05,42908,13
2e-05,42909,1
2e-05,42910,3
2e-05,42911,10
2e-05,42912,2
2e-05,42913,12
2e-05,42914,5
2e-05,42915,1
2e-05,42916,9
2e-05,42917,11
2e-05,42918,3
2e-05,42919,0
2e-05,42920,5
2e-05,42921,1
2e-05,42922,5
2e-05,42923,5
2e-05,42924,0
2e-05,42925,9
2e-05,42926,5
2e-05,42927,9
2e-05,42928,5
2e-05,42929,1
2e-05,42930,0
2e-05,42931,1
2e-05,42932,0
2e-05,42933,13
2e-05,42934,6
2e-05,42935,10
2e-05,42936,2
2e-05,42937,10
2e-05,42938,12
2e-05,42939,6
2e-05,42940,2
2e-05,42941,11
2e-05,42942,10
2e-05,42943,1
2e-05,42944,11
2e-05,42945,5
2e-05,42946,5
2e-05,42947,5
2e-05,42948,11
2e-05,42949,5
2e-05,42950,0
2e-05,42951,12
2e-05,42952,11
2e-05,42953,11
2e-05,42954,13
2e-05,42955,14
2e-05,42956,6
2e-05,42957,11
2e-05,42958,9
2e-05,42959,9
2e-05,42960,10
2e-05,42961,9
2e-05,42962,0
2e-05,42963,1
2e-05,42964,13
2e-05,42965,10
2e-05,42966,1
2e-05,42967,0
2e-05,42968,2
2e-05,42969,2
2e-05,42970,11
2e-05,42971,6
2e-05,42972,10
2e-05,42973,6
2e-05,42974,1
2e-05,42975,12
2e-05,42976,3
2e-05,42977,0
2e-05,42978,2
2e-05,42979,13
2e-05,42980,13
2e-05,42981,6
2e-05,42982,3
2e-05,42983,10
2e-05,42984,5
2e-05,42985,6
2e-05,42986,11
2e-05,42987,0
2e-05,42988,13
2e-05,42989,3
2e-05,42990,3
2e-05,42991,1
2e-05,42992,2
2e-05,42993,11
2e-05,42994,13
2e-05,42995,13
2e-05,42996,10
2e-05,42997,11
2e-05,42998,2
2e-05,42999,10
2e-05,43000,9
2e-05,43001,3
2e-05,43002,5
2e-05,43003,6
2e-05,43004,11
2e-05,43005,11
2e-05,43006,13
2e-05,43007,3
2e-05,43008,5
2e-05,43009,5
2e-05,43010,10
2e-05,43011,3
2e-05,43012,0
2e-05,43013,6
2e-05,43014,11
2e-05,43015,5
2e-05,43016,0
2e-05,43017,5
2e-05,43018,12
2e-05,43019,1
2e-05,43020,12
2e-05,43021,6
2e-05,43022,5
2e-05,43023,1
2e-05,43024,6
2e-05,43025,2
2e-05,43026,2
2e-05,43027,0
2e-05,43028,10
2e-05,43029,6
2e-05,43030,2
2e-05,43031,12
2e-05,43032,5
2e-05,43033,2
2e-05,43034,2
2e-05,43035,6
2e-05,43036,10
2e-05,43037,13
2e-05,43038,10
2e-05,43039,9
2e-05,43040,11
2e-05,43041,3
2e-05,43042,1
2e-05,43043,16
2e-05,43044,9
2e-05,43045,6
2e-05,43046,9
2e-05,43047,9
2e-05,43048,5
2e-05,43049,11
2e-05,43050,10
2e-05,43051,10
2e-05,43052,13
2e-05,43053,9
2e-05,43054,6
2e-05,43055,6
2e-05,43056,2
2e-05,43057,11
2e-05,43058,3
2e-05,43059,6
2e-05,43060,9
2e-05,43061,9
2e-05,43062,11
2e-05,43063,9
2e-05,43064,1
2e-05,43065,3
2e-05,43066,0
2e-05,43067,1
2e-05,43068,1
2e-05,43069,2
2e-05,43070,5
2e-05,43071,11
2e-05,43072,11
2e-05,43073,13
2e-05,43074,10
2e-05,43075,5
2e-05,43076,2
2e-05,43077,12
2e-05,43078,2
2e-05,43079,6
2e-05,43080,1
2e-05,43081,0
2e-05,43082,16
2e-05,43083,10
2e-05,43084,2
2e-05,43085,5
2e-05,43086,1
2e-05,43087,9
2e-05,43088,9
2e-05,43089,12
2e-05,43090,13
2e-05,43091,11
2e-05,43092,0
2e-05,43093,2
2e-05,43094,1
2e-05,43095,5
2e-05,43096,3
2e-05,43097,0
2e-05,43098,12
2e-05,43099,2
2e-05,43100,5
2e-05,43101,2
2e-05,43102,2
2e-05,43103,3
2e-05,43104,5
2e-05,43105,12
2e-05,43106,9
2e-05,43107,13
2e-05,43108,5
2e-05,43109,6
2e-05,43110,9
2e-05,43111,9
2e-05,43112,11
2e-05,43113,0
2e-05,43114,11
2e-05,43115,6
2e-05,43116,6
2e-05,43117,6
2e-05,43118,5
2e-05,43119,2
2e-05,43120,10
2e-05,43121,16
2e-05,43122,1
2e-05,43123,5
2e-05,43124,3
2e-05,43125,6
2e-05,43126,12
2e-05,43127,13
2e-05,43128,9
2e-05,43129,9
2e-05,43130,11
2e-05,43131,2
2e-05,43132,3
2e-05,43133,2
2e-05,43134,6
2e-05,43135,16
2e-05,43136,0
2e-05,43137,3
2e-05,43138,2
2e-05,43139,6
2e-05,43140,5
2e-05,43141,3
2e-05,43142,9
2e-05,43143,2
2e-05,43144,9
2e-05,43145,2
2e-05,43146,0
2e-05,43147,0
2e-05,43148,0
2e-05,43149,12
2e-05,43150,1
2e-05,43151,11
2e-05,43152,3
2e-05,43153,3
2e-05,43154,13
2e-05,43155,1
2e-05,43156,9
2e-05,43157,11
2e-05,43158,6
2e-05,43159,0
2e-05,43160,3
2e-05,43161,5
2e-05,43162,1
2e-05,43163,10
2e-05,43164,16
2e-05,43165,3
2e-05,43166,1
2e-05,43167,13
2e-05,43168,0
2e-05,43169,1
2e-05,43170,13
2e-05,43171,2
2e-05,43172,6
2e-05,43173,9
2e-05,43174,12
2e-05,43175,10
2e-05,43176,9
2e-05,43177,3
2e-05,43178,3
2e-05,43179,3
2e-05,43180,11
2e-05,43181,5
2e-05,43182,10
2e-05,43183,3
2e-05,43184,9
2e-05,43185,11
2e-05,43186,13
2e-05,43187,5
2e-05,43188,9
2e-05,43189,1
2e-05,43190,0
2e-05,43191,13
2e-05,43192,9
2e-05,43193,6
2e-05,43194,3
2e-05,43195,1
2e-05,43196,0
2e-05,43197,3
2e-05,43198,10
2e-05,43199,6
2e-05,43200,12
2e-05,43201,6
2e-05,43202,6
2e-05,43203,12
2e-05,43204,9
2e-05,43205,6
2e-05,43206,0
2e-05,43207,9
2e-05,43208,9
2e-05,43209,0
2e-05,43210,0
2e-05,43211,9
2e-05,43212,12
2e-05,43213,10
2e-05,43214,0
2e-05,43215,3
2e-05,43216,12
2e-05,43217,2
2e-05,43218,8
2e-05,43219,9
2e-05,43220,9
2e-05,43221,11
2e-05,43222,11
2e-05,43223,1
2e-05,43224,11
2e-05,43225,1
2e-05,43226,10
2e-05,43227,5
2e-05,43228,12
2e-05,43229,11
2e-05,43230,5
2e-05,43231,1
2e-05,43232,10
2e-05,43233,9
2e-05,43234,11
2e-05,43235,17
2e-05,43236,1
2e-05,43237,9
2e-05,43238,0
2e-05,43239,9
2e-05,43240,11
2e-05,43241,1
2e-05,43242,0
2e-05,43243,6
2e-05,43244,0
2e-05,43245,9
2e-05,43246,5
2e-05,43247,5
2e-05,43248,13
2e-05,43249,9
2e-05,43250,2
2e-05,43251,12
2e-05,43252,12
2e-05,43253,3
2e-05,43254,9
2e-05,43255,5
2e-05,43256,3
2e-05,43257,2
2e-05,43258,12
2e-05,43259,2
2e-05,43260,5
2e-05,43261,12
2e-05,43262,13
2e-05,43263,11
2e-05,43264,11
2e-05,43265,10
2e-05,43266,6
2e-05,43267,12
2e-05,43268,11
2e-05,43269,5
2e-05,43270,1
2e-05,43271,0
2e-05,43272,5
2e-05,43273,6
2e-05,43274,6
2e-05,43275,12
2e-05,43276,9
2e-05,43277,10
2e-05,43278,0
2e-05,43279,11
2e-05,43280,10
2e-05,43281,13
2e-05,43282,3
2e-05,43283,11
2e-05,43284,5
2e-05,43285,5
2e-05,43286,6
2e-05,43287,8
2e-05,43288,5
2e-05,43289,13
2e-05,43290,9
2e-05,43291,1
2e-05,43292,0
2e-05,43293,0
2e-05,43294,12
2e-05,43295,1
2e-05,43296,12
2e-05,43297,11
2e-05,43298,0
2e-05,43299,11
2e-05,43300,1
2e-05,43301,10
2e-05,43302,13
2e-05,43303,12
2e-05,43304,2
2e-05,43305,5
2e-05,43306,13
2e-05,43307,2
2e-05,43308,9
2e-05,43309,0
2e-05,43310,5
2e-05,43311,6
2e-05,43312,11
2e-05,43313,0
2e-05,43314,2
2e-05,43315,11
2e-05,43316,9
2e-05,43317,10
2e-05,43318,9
2e-05,43319,2
2e-05,43320,15
2e-05,43321,10
2e-05,43322,9
2e-05,43323,0
2e-05,43324,0
2e-05,43325,13
2e-05,43326,12
2e-05,43327,11
2e-05,43328,6
2e-05,43329,2
2e-05,43330,5
2e-05,43331,3
2e-05,43332,6
2e-05,43333,9
2e-05,43334,12
2e-05,43335,13
2e-05,43336,3
2e-05,43337,10
2e-05,43338,10
2e-05,43339,1
2e-05,43340,6
2e-05,43341,10
2e-05,43342,1
2e-05,43343,12
2e-05,43344,11
2e-05,43345,2
2e-05,43346,1
2e-05,43347,6
2e-05,43348,2
2e-05,43349,9
2e-05,43350,6
2e-05,43351,6
2e-05,43352,3
2e-05,43353,12
2e-05,43354,11
2e-05,43355,11
2e-05,43356,3
2e-05,43357,9
2e-05,43358,11
2e-05,43359,9
2e-05,43360,3
2e-05,43361,10
2e-05,43362,5
2e-05,43363,2
2e-05,43364,0
2e-05,43365,1
2e-05,43366,6
2e-05,43367,10
2e-05,43368,12
2e-05,43369,11
2e-05,43370,3
2e-05,43371,10
2e-05,43372,9
2e-05,43373,0
2e-05,43374,1
2e-05,43375,2
2e-05,43376,9
2e-05,43377,0
2e-05,43378,10
2e-05,43379,6
2e-05,43380,9
2e-05,43381,2
2e-05,43382,8
2e-05,43383,5
2e-05,43384,2
2e-05,43385,5
2e-05,43386,9
2e-05,43387,2
2e-05,43388,8
2e-05,43389,3
2e-05,43390,6
2e-05,43391,9
2e-05,43392,10
2e-05,43393,6
2e-05,43394,5
2e-05,43395,5
2e-05,43396,10
2e-05,43397,10
2e-05,43398,6
2e-05,43399,3
2e-05,43400,3
2e-05,43401,5
2e-05,43402,2
2e-05,43403,6
2e-05,43404,1
2e-05,43405,2
2e-05,43406,17
2e-05,43407,1
2e-05,43408,2
2e-05,43409,0
2e-05,43410,2
2e-05,43411,2
2e-05,43412,11
2e-05,43413,1
2e-05,43414,11
2e-05,43415,0
2e-05,43416,11
2e-05,43417,10
2e-05,43418,1
2e-05,43419,5
2e-05,43420,11
2e-05,43421,11
2e-05,43422,11
2e-05,43423,12
2e-05,43424,1
2e-05,43425,5
2e-05,43426,3
2e-05,43427,5
2e-05,43428,6
2e-05,43429,9
2e-05,43430,0
2e-05,43431,13
2e-05,43432,0
2e-05,43433,2
2e-05,43434,12
2e-05,43435,11
2e-05,43436,10
2e-05,43437,12
2e-05,43438,3
2e-05,43439,9
2e-05,43440,6
2e-05,43441,0
2e-05,43442,0
2e-05,43443,1
2e-05,43444,0
2e-05,43445,0
2e-05,43446,1
2e-05,43447,1
2e-05,43448,9
2e-05,43449,5
2e-05,43450,10
2e-05,43451,5
2e-05,43452,3
2e-05,43453,16
2e-05,43454,1
2e-05,43455,1
2e-05,43456,11
2e-05,43457,1
2e-05,43458,9
2e-05,43459,12
2e-05,43460,8
2e-05,43461,2
2e-05,43462,5
2e-05,43463,6
2e-05,43464,2
2e-05,43465,2
2e-05,43466,0
2e-05,43467,3
2e-05,43468,6
2e-05,43469,9
2e-05,43470,4
2e-05,43471,10
2e-05,43472,11
2e-05,43473,11
2e-05,43474,10
2e-05,43475,0
2e-05,43476,6
2e-05,43477,0
2e-05,43478,13
2e-05,43479,3
2e-05,43480,9
2e-05,43481,8
2e-05,43482,11
2e-05,43483,1
2e-05,43484,9
2e-05,43485,10
2e-05,43486,11
2e-05,43487,0
2e-05,43488,12
2e-05,43489,1
2e-05,43490,11
2e-05,43491,6
2e-05,43492,9
2e-05,43493,1
2e-05,43494,12
2e-05,43495,12
2e-05,43496,16
2e-05,43497,13
2e-05,43498,1
2e-05,43499,2
2e-05,43500,0
2e-05,43501,16
2e-05,43502,0
2e-05,43503,3
2e-05,43504,10
2e-05,43505,10
2e-05,43506,0
2e-05,43507,13
2e-05,43508,1
2e-05,43509,3
2e-05,43510,0
2e-05,43511,10
2e-05,43512,13
2e-05,43513,9
2e-05,43514,3
2e-05,43515,13
2e-05,43516,10
2e-05,43517,11
2e-05,43518,5
2e-05,43519,5
2e-05,43520,1
2e-05,43521,5
2e-05,43522,5
2e-05,43523,1
2e-05,43524,12
2e-05,43525,10
2e-05,43526,1
2e-05,43527,10
2e-05,43528,5
2e-05,43529,1
2e-05,43530,0
2e-05,43531,10
2e-05,43532,5
2e-05,43533,6
2e-05,43534,0
2e-05,43535,3
2e-05,43536,0
2e-05,43537,0
2e-05,43538,6
2e-05,43539,13
2e-05,43540,11
2e-05,43541,0
2e-05,43542,12
2e-05,43543,9
2e-05,43544,11
2e-05,43545,13
2e-05,43546,0
2e-05,43547,13
2e-05,43548,13
2e-05,43549,13
2e-05,43550,12
2e-05,43551,11
2e-05,43552,11
2e-05,43553,3
2e-05,43554,9
2e-05,43555,11
2e-05,43556,2
2e-05,43557,12
2e-05,43558,3
2e-05,43559,6
2e-05,43560,13
2e-05,43561,9
2e-05,43562,13
2e-05,43563,6
2e-05,43564,16
2e-05,43565,11
2e-05,43566,8
2e-05,43567,9
2e-05,43568,10
2e-05,43569,13
2e-05,43570,6
2e-05,43571,3
2e-05,43572,5
2e-05,43573,13
2e-05,43574,5
2e-05,43575,9
2e-05,43576,3
2e-05,43577,3
2e-05,43578,11
2e-05,43579,9
2e-05,43580,14
2e-05,43581,2
2e-05,43582,11
2e-05,43583,13
2e-05,43584,13
2e-05,43585,6
2e-05,43586,11
2e-05,43587,0
2e-05,43588,9
2e-05,43589,8
2e-05,43590,11
2e-05,43591,9
2e-05,43592,11
2e-05,43593,6
2e-05,43594,6
2e-05,43595,13
2e-05,43596,12
2e-05,43597,9
2e-05,43598,3
2e-05,43599,2
2e-05,43600,5
2e-05,43601,1
2e-05,43602,2
2e-05,43603,0
2e-05,43604,3
2e-05,43605,10
2e-05,43606,3
2e-05,43607,5
2e-05,43608,9
2e-05,43609,11
2e-05,43610,13
2e-05,43611,0
2e-05,43612,0
2e-05,43613,0
2e-05,43614,9
2e-05,43615,11
2e-05,43616,1
2e-05,43617,11
2e-05,43618,1
2e-05,43619,10
2e-05,43620,0
2e-05,43621,6
2e-05,43622,12
2e-05,43623,2
2e-05,43624,6
2e-05,43625,1
2e-05,43626,4
2e-05,43627,12
2e-05,43628,10
2e-05,43629,3
2e-05,43630,12
2e-05,43631,1
2e-05,43632,5
2e-05,43633,1
2e-05,43634,5
2e-05,43635,6
2e-05,43636,3
2e-05,43637,12
2e-05,43638,13
2e-05,43639,10
2e-05,43640,16
2e-05,43641,11
2e-05,43642,5
2e-05,43643,10
2e-05,43644,3
2e-05,43645,2
2e-05,43646,13
2e-05,43647,10
2e-05,43648,10
2e-05,43649,12
2e-05,43650,2
2e-05,43651,2
2e-05,43652,10
2e-05,43653,11
2e-05,43654,3
2e-05,43655,17
2e-05,43656,5
2e-05,43657,2
2e-05,43658,9
2e-05,43659,6
2e-05,43660,1
2e-05,43661,1
2e-05,43662,2
2e-05,43663,11
2e-05,43664,12
2e-05,43665,13
2e-05,43666,1
2e-05,43667,13
2e-05,43668,1
2e-05,43669,6
2e-05,43670,6
2e-05,43671,5
2e-05,43672,5
2e-05,43673,5
2e-05,43674,3
2e-05,43675,2
2e-05,43676,2
2e-05,43677,3
2e-05,43678,1
2e-05,43679,11
2e-05,43680,9
2e-05,43681,5
2e-05,43682,11
2e-05,43683,6
2e-05,43684,11
2e-05,43685,12
2e-05,43686,0
2e-05,43687,2
2e-05,43688,11
2e-05,43689,6
2e-05,43690,3
2e-05,43691,0
2e-05,43692,9
2e-05,43693,10
2e-05,43694,12
2e-05,43695,3
2e-05,43696,5
2e-05,43697,0
2e-05,43698,5
2e-05,43699,9
2e-05,43700,6
2e-05,43701,10
2e-05,43702,9
2e-05,43703,6
2e-05,43704,0
2e-05,43705,3
2e-05,43706,11
2e-05,43707,11
2e-05,43708,13
2e-05,43709,0
2e-05,43710,2
2e-05,43711,1
2e-05,43712,11
2e-05,43713,2
2e-05,43714,2
2e-05,43715,11
2e-05,43716,11
2e-05,43717,13
2e-05,43718,13
2e-05,43719,3
2e-05,43720,3
2e-05,43721,9
2e-05,43722,5
2e-05,43723,1
2e-05,43724,1
2e-05,43725,12
2e-05,43726,1
2e-05,43727,10
2e-05,43728,12
2e-05,43729,2
2e-05,43730,12
2e-05,43731,0
2e-05,43732,1
2e-05,43733,11
2e-05,43734,12
2e-05,43735,12
2e-05,43736,9
2e-05,43737,0
2e-05,43738,10
2e-05,43739,0
2e-05,43740,1
2e-05,43741,0
2e-05,43742,9
2e-05,43743,0
2e-05,43744,9
2e-05,43745,1
2e-05,43746,11
2e-05,43747,5
2e-05,43748,13
2e-05,43749,2
2e-05,43750,5
2e-05,43751,6
2e-05,43752,5
2e-05,43753,9
2e-05,43754,0
2e-05,43755,1
2e-05,43756,12
2e-05,43757,10
2e-05,43758,10
2e-05,43759,16
2e-05,43760,6
2e-05,43761,1
2e-05,43762,10
2e-05,43763,4
2e-05,43764,6
2e-05,43765,6
2e-05,43766,6
2e-05,43767,5
2e-05,43768,2
2e-05,43769,1
2e-05,43770,0
2e-05,43771,3
2e-05,43772,9
2e-05,43773,12
2e-05,43774,10
2e-05,43775,6
2e-05,43776,11
2e-05,43777,3
2e-05,43778,3
2e-05,43779,2
2e-05,43780,3
2e-05,43781,5
2e-05,43782,11
2e-05,43783,11
2e-05,43784,0
2e-05,43785,10
2e-05,43786,10
2e-05,43787,13
2e-05,43788,2
2e-05,43789,1
2e-05,43790,2
2e-05,43791,11
2e-05,43792,9
2e-05,43793,12
2e-05,43794,2
2e-05,43795,5
2e-05,43796,7
2e-05,43797,11
2e-05,43798,2
2e-05,43799,1
2e-05,43800,10
2e-05,43801,3
2e-05,43802,11
2e-05,43803,9
2e-05,43804,0
2e-05,43805,5
2e-05,43806,9
2e-05,43807,2
2e-05,43808,1
2e-05,43809,2
2e-05,43810,3
2e-05,43811,6
2e-05,43812,6
2e-05,43813,13
2e-05,43814,6
2e-05,43815,1
2e-05,43816,5
2e-05,43817,6
2e-05,43818,10
2e-05,43819,3
2e-05,43820,11
2e-05,43821,0
2e-05,43822,9
2e-05,43823,5
2e-05,43824,11
2e-05,43825,3
2e-05,43826,3
2e-05,43827,6
2e-05,43828,5
2e-05,43829,1
2e-05,43830,11
2e-05,43831,10
2e-05,43832,11
2e-05,43833,11
2e-05,43834,0
2e-05,43835,0
2e-05,43836,6
2e-05,43837,13
2e-05,43838,3
2e-05,43839,11
2e-05,43840,1
2e-05,43841,12
2e-05,43842,1
2e-05,43843,2
2e-05,43844,0
2e-05,43845,12
2e-05,43846,2
2e-05,43847,1
2e-05,43848,5
2e-05,43849,8
2e-05,43850,5
2e-05,43851,11
2e-05,43852,2
2e-05,43853,2
2e-05,43854,6
2e-05,43855,1
2e-05,43856,4
2e-05,43857,9
2e-05,43858,6
2e-05,43859,12
2e-05,43860,0
2e-05,43861,10
2e-05,43862,1
2e-05,43863,1
2e-05,43864,1
2e-05,43865,6
2e-05,43866,0
2e-05,43867,0
2e-05,43868,10
2e-05,43869,11
2e-05,43870,12
2e-05,43871,5
2e-05,43872,5
2e-05,43873,2
2e-05,43874,1
2e-05,43875,11
2e-05,43876,16
2e-05,43877,6
2e-05,43878,9
2e-05,43879,3
2e-05,43880,12
2e-05,43881,3
2e-05,43882,3
2e-05,43883,1
2e-05,43884,1
2e-05,43885,2
2e-05,43886,11
2e-05,43887,11
2e-05,43888,6
2e-05,43889,1
2e-05,43890,12
2e-05,43891,1
2e-05,43892,8
2e-05,43893,1
2e-05,43894,6
2e-05,43895,0
2e-05,43896,0
2e-05,43897,3
2e-05,43898,2
2e-05,43899,2
2e-05,43900,12
2e-05,43901,12
2e-05,43902,9
2e-05,43903,0
2e-05,43904,1
2e-05,43905,11
2e-05,43906,5
2e-05,43907,13
2e-05,43908,1
2e-05,43909,2
2e-05,43910,0
2e-05,43911,11
2e-05,43912,3
2e-05,43913,2
2e-05,43914,6
2e-05,43915,13
2e-05,43916,3
2e-05,43917,6
2e-05,43918,1
2e-05,43919,13
2e-05,43920,12
2e-05,43921,10
2e-05,43922,0
2e-05,43923,3
2e-05,43924,12
2e-05,43925,3
2e-05,43926,11
2e-05,43927,3
2e-05,43928,3
2e-05,43929,11
2e-05,43930,6
2e-05,43931,5
2e-05,43932,5
2e-05,43933,0
2e-05,43934,11
2e-05,43935,13
2e-05,43936,11
2e-05,43937,0
2e-05,43938,5
2e-05,43939,5
2e-05,43940,10
2e-05,43941,0
2e-05,43942,13
2e-05,43943,3
2e-05,43944,0
2e-05,43945,3
2e-05,43946,6
2e-05,43947,3
2e-05,43948,11
2e-05,43949,2
2e-05,43950,6
2e-05,43951,11
2e-05,43952,0
2e-05,43953,0
2e-05,43954,13
2e-05,43955,16
2e-05,43956,10
2e-05,43957,12
2e-05,43958,5
2e-05,43959,6
2e-05,43960,1
2e-05,43961,3
2e-05,43962,3
2e-05,43963,9
2e-05,43964,9
2e-05,43965,5
2e-05,43966,2
2e-05,43967,0
2e-05,43968,1
2e-05,43969,9
2e-05,43970,8
2e-05,43971,11
2e-05,43972,11
2e-05,43973,1
2e-05,43974,9
2e-05,43975,2
2e-05,43976,11
2e-05,43977,0
2e-05,43978,12
2e-05,43979,2
2e-05,43980,0
2e-05,43981,10
2e-05,43982,5
2e-05,43983,5
2e-05,43984,5
2e-05,43985,13
2e-05,43986,3
2e-05,43987,3
2e-05,43988,2
2e-05,43989,6
2e-05,43990,2
2e-05,43991,10
2e-05,43992,3
2e-05,43993,3
2e-05,43994,0
2e-05,43995,3
2e-05,43996,11
2e-05,43997,10
2e-05,43998,5
2e-05,43999,2
2e-05,44000,10
2e-05,44001,10
2e-05,44002,0
2e-05,44003,10
2e-05,44004,6
2e-05,44005,13
2e-05,44006,5
2e-05,44007,3
2e-05,44008,2
2e-05,44009,13
2e-05,44010,11
2e-05,44011,3
2e-05,44012,12
2e-05,44013,11
2e-05,44014,13
2e-05,44015,3
2e-05,44016,0
2e-05,44017,2
2e-05,44018,5
2e-05,44019,12
2e-05,44020,11
2e-05,44021,12
2e-05,44022,12
2e-05,44023,2
2e-05,44024,0
2e-05,44025,5
2e-05,44026,0
2e-05,44027,10
2e-05,44028,13
2e-05,44029,1
2e-05,44030,1
2e-05,44031,11
2e-05,44032,0
2e-05,44033,13
2e-05,44034,0
2e-05,44035,1
2e-05,44036,10
2e-05,44037,9
2e-05,44038,0
2e-05,44039,3
2e-05,44040,2
2e-05,44041,0
2e-05,44042,11
2e-05,44043,10
2e-05,44044,1
2e-05,44045,13
2e-05,44046,5
2e-05,44047,8
2e-05,44048,11
2e-05,44049,5
2e-05,44050,1
2e-05,44051,1
2e-05,44052,1
2e-05,44053,1
2e-05,44054,12
2e-05,44055,1
2e-05,44056,10
2e-05,44057,2
2e-05,44058,0
2e-05,44059,11
2e-05,44060,13
2e-05,44061,11
2e-05,44062,10
2e-05,44063,6
2e-05,44064,3
2e-05,44065,12
2e-05,44066,11
2e-05,44067,0
2e-05,44068,1
2e-05,44069,6
2e-05,44070,11
2e-05,44071,0
2e-05,44072,5
2e-05,44073,6
2e-05,44074,11
2e-05,44075,1
2e-05,44076,9
2e-05,44077,12
2e-05,44078,2
2e-05,44079,5
2e-05,44080,5
2e-05,44081,1
2e-05,44082,2
2e-05,44083,5
2e-05,44084,3
2e-05,44085,2
2e-05,44086,4
2e-05,44087,12
2e-05,44088,10
2e-05,44089,12
2e-05,44090,1
2e-05,44091,9
2e-05,44092,1
2e-05,44093,10
2e-05,44094,2
2e-05,44095,2
2e-05,44096,1
2e-05,44097,9
2e-05,44098,16
2e-05,44099,9
2e-05,44100,11
2e-05,44101,4
2e-05,44102,2
2e-05,44103,11
2e-05,44104,5
2e-05,44105,12
2e-05,44106,13
2e-05,44107,3
2e-05,44108,0
2e-05,44109,3
2e-05,44110,5
2e-05,44111,3
2e-05,44112,11
2e-05,44113,6
2e-05,44114,9
2e-05,44115,1
2e-05,44116,12
2e-05,44117,11
2e-05,44118,11
2e-05,44119,9
2e-05,44120,10
2e-05,44121,11
2e-05,44122,16
2e-05,44123,11
2e-05,44124,6
2e-05,44125,5
2e-05,44126,0
2e-05,44127,9
2e-05,44128,0
2e-05,44129,12
2e-05,44130,10
2e-05,44131,10
2e-05,44132,0
2e-05,44133,13
2e-05,44134,11
2e-05,44135,9
2e-05,44136,13
2e-05,44137,12
2e-05,44138,1
2e-05,44139,10
2e-05,44140,1
2e-05,44141,0
2e-05,44142,9
2e-05,44143,1
2e-05,44144,12
2e-05,44145,0
2e-05,44146,2
2e-05,44147,3
2e-05,44148,0
2e-05,44149,3
2e-05,44150,12
2e-05,44151,1
2e-05,44152,6
2e-05,44153,0
2e-05,44154,5
2e-05,44155,12
2e-05,44156,9
2e-05,44157,9
2e-05,44158,5
2e-05,44159,3
2e-05,44160,5
2e-05,44161,5
2e-05,44162,10
2e-05,44163,0
2e-05,44164,1
2e-05,44165,1
2e-05,44166,2
2e-05,44167,13
2e-05,44168,0
2e-05,44169,11
2e-05,44170,5
2e-05,44171,0
2e-05,44172,1
2e-05,44173,11
2e-05,44174,3
2e-05,44175,10
2e-05,44176,13
2e-05,44177,5
2e-05,44178,6
2e-05,44179,5
2e-05,44180,2
2e-05,44181,1
2e-05,44182,2
2e-05,44183,3
2e-05,44184,16
2e-05,44185,11
2e-05,44186,10
2e-05,44187,9
2e-05,44188,3
2e-05,44189,2
2e-05,44190,1
2e-05,44191,0
2e-05,44192,2
2e-05,44193,5
2e-05,44194,11
2e-05,44195,0
2e-05,44196,2
2e-05,44197,13
2e-05,44198,12
2e-05,44199,12
2e-05,44200,12
2e-05,44201,0
2e-05,44202,1
2e-05,44203,3
2e-05,44204,5
2e-05,44205,5
2e-05,44206,11
2e-05,44207,5
2e-05,44208,13
2e-05,44209,3
2e-05,44210,13
2e-05,44211,0
2e-05,44212,9
2e-05,44213,11
2e-05,44214,11
2e-05,44215,10
2e-05,44216,2
2e-05,44217,10
2e-05,44218,5
2e-05,44219,3
2e-05,44220,5
2e-05,44221,11
2e-05,44222,12
2e-05,44223,12
2e-05,44224,0
2e-05,44225,9
2e-05,44226,5
2e-05,44227,10
2e-05,44228,10
2e-05,44229,12
2e-05,44230,9
2e-05,44231,5
2e-05,44232,0
2e-05,44233,2
2e-05,44234,11
2e-05,44235,6
2e-05,44236,6
2e-05,44237,11
2e-05,44238,9
2e-05,44239,0
2e-05,44240,6
2e-05,44241,10
2e-05,44242,0
2e-05,44243,10
2e-05,44244,13
2e-05,44245,1
2e-05,44246,3
2e-05,44247,2
2e-05,44248,6
2e-05,44249,10
2e-05,44250,2
2e-05,44251,9
2e-05,44252,11
2e-05,44253,6
2e-05,44254,10
2e-05,44255,3
2e-05,44256,6
2e-05,44257,6
2e-05,44258,0
2e-05,44259,0
2e-05,44260,5
2e-05,44261,12
2e-05,44262,2
2e-05,44263,1
2e-05,44264,11
2e-05,44265,3
2e-05,44266,3
2e-05,44267,1
2e-05,44268,12
2e-05,44269,2
2e-05,44270,5
2e-05,44271,6
2e-05,44272,11
2e-05,44273,11
2e-05,44274,9
2e-05,44275,2
2e-05,44276,5
2e-05,44277,13
2e-05,44278,0
2e-05,44279,10
2e-05,44280,6
2e-05,44281,2
2e-05,44282,11
2e-05,44283,10
2e-05,44284,5
2e-05,44285,13
2e-05,44286,10
2e-05,44287,3
2e-05,44288,10
2e-05,44289,12
2e-05,44290,10
2e-05,44291,16
2e-05,44292,3
2e-05,44293,10
2e-05,44294,11
2e-05,44295,3
2e-05,44296,0
2e-05,44297,6
2e-05,44298,13
2e-05,44299,5
2e-05,44300,10
2e-05,44301,7
2e-05,44302,1
2e-05,44303,12
2e-05,44304,1
2e-05,44305,0
2e-05,44306,11
2e-05,44307,5
2e-05,44308,11
2e-05,44309,12
2e-05,44310,12
2e-05,44311,3
2e-05,44312,6
2e-05,44313,11
2e-05,44314,9
2e-05,44315,3
2e-05,44316,11
2e-05,44317,10
2e-05,44318,13
2e-05,44319,5
2e-05,44320,1
2e-05,44321,5
2e-05,44322,11
2e-05,44323,10
2e-05,44324,9
2e-05,44325,3
2e-05,44326,12
2e-05,44327,10
2e-05,44328,6
2e-05,44329,8
2e-05,44330,13
2e-05,44331,0
2e-05,44332,1
2e-05,44333,12
2e-05,44334,6
2e-05,44335,9
2e-05,44336,1
2e-05,44337,8
2e-05,44338,2
2e-05,44339,13
2e-05,44340,8
2e-05,44341,3
2e-05,44342,5
2e-05,44343,11
2e-05,44344,3
2e-05,44345,6
2e-05,44346,11
2e-05,44347,11
2e-05,44348,5
2e-05,44349,1
2e-05,44350,6
2e-05,44351,12
2e-05,44352,10
2e-05,44353,13
2e-05,44354,0
2e-05,44355,9
2e-05,44356,3
2e-05,44357,0
2e-05,44358,12
2e-05,44359,10
2e-05,44360,5
2e-05,44361,3
2e-05,44362,9
2e-05,44363,3
2e-05,44364,13
2e-05,44365,0
2e-05,44366,13
2e-05,44367,5
2e-05,44368,1
2e-05,44369,3
2e-05,44370,10
2e-05,44371,13
2e-05,44372,5
2e-05,44373,8
2e-05,44374,11
2e-05,44375,13
2e-05,44376,0
2e-05,44377,9
2e-05,44378,3
2e-05,44379,1
2e-05,44380,1
2e-05,44381,9
2e-05,44382,5
2e-05,44383,12
2e-05,44384,12
2e-05,44385,3
2e-05,44386,6
2e-05,44387,10
2e-05,44388,9
2e-05,44389,2
2e-05,44390,2
2e-05,44391,2
2e-05,44392,2
2e-05,44393,11
2e-05,44394,6
2e-05,44395,11
2e-05,44396,13
2e-05,44397,1
2e-05,44398,1
2e-05,44399,12
2e-05,44400,9
2e-05,44401,0
2e-05,44402,9
2e-05,44403,11
2e-05,44404,11
2e-05,44405,13
2e-05,44406,0
2e-05,44407,2
2e-05,44408,0
2e-05,44409,6
2e-05,44410,0
2e-05,44411,12
2e-05,44412,1
2e-05,44413,0
2e-05,44414,5
2e-05,44415,5
2e-05,44416,1
2e-05,44417,0
2e-05,44418,1
2e-05,44419,2
2e-05,44420,4
2e-05,44421,6
2e-05,44422,1
2e-05,44423,0
2e-05,44424,5
2e-05,44425,9
2e-05,44426,1
2e-05,44427,16
2e-05,44428,12
2e-05,44429,6
2e-05,44430,2
2e-05,44431,5
2e-05,44432,3
2e-05,44433,2
2e-05,44434,2
2e-05,44435,6
2e-05,44436,6
2e-05,44437,2
2e-05,44438,13
2e-05,44439,3
2e-05,44440,1
2e-05,44441,2
2e-05,44442,10
2e-05,44443,12
2e-05,44444,11
2e-05,44445,10
2e-05,44446,11
2e-05,44447,11
2e-05,44448,11
2e-05,44449,2
2e-05,44450,11
2e-05,44451,0
2e-05,44452,9
2e-05,44453,5
2e-05,44454,2
2e-05,44455,12
2e-05,44456,0
2e-05,44457,6
2e-05,44458,9
2e-05,44459,11
2e-05,44460,1
2e-05,44461,11
2e-05,44462,6
2e-05,44463,11
2e-05,44464,2
2e-05,44465,3
2e-05,44466,2
2e-05,44467,3
2e-05,44468,1
2e-05,44469,6
2e-05,44470,12
2e-05,44471,2
2e-05,44472,6
2e-05,44473,8
2e-05,44474,1
2e-05,44475,11
2e-05,44476,11
2e-05,44477,6
2e-05,44478,5
2e-05,44479,9
2e-05,44480,1
2e-05,44481,5
2e-05,44482,6
2e-05,44483,9
2e-05,44484,1
2e-05,44485,13
2e-05,44486,10
2e-05,44487,10
2e-05,44488,3
2e-05,44489,12
2e-05,44490,2
2e-05,44491,11
2e-05,44492,3
2e-05,44493,13
2e-05,44494,1
2e-05,44495,11
2e-05,44496,1
2e-05,44497,0
2e-05,44498,0
2e-05,44499,10
2e-05,44500,1
2e-05,44501,6
2e-05,44502,9
2e-05,44503,9
2e-05,44504,3
2e-05,44505,9
2e-05,44506,10
2e-05,44507,1
2e-05,44508,12
2e-05,44509,5
2e-05,44510,11
2e-05,44511,3
2e-05,44512,10
2e-05,44513,9
2e-05,44514,9
2e-05,44515,11
2e-05,44516,0
2e-05,44517,0
2e-05,44518,0
2e-05,44519,6
2e-05,44520,10
2e-05,44521,5
2e-05,44522,9
2e-05,44523,2
2e-05,44524,13
2e-05,44525,3
2e-05,44526,6
2e-05,44527,13
2e-05,44528,0
2e-05,44529,9
2e-05,44530,6
2e-05,44531,12
2e-05,44532,1
2e-05,44533,0
2e-05,44534,3
2e-05,44535,13
2e-05,44536,0
2e-05,44537,9
2e-05,44538,10
2e-05,44539,9
2e-05,44540,5
2e-05,44541,3
2e-05,44542,3
2e-05,44543,10
2e-05,44544,10
2e-05,44545,2
2e-05,44546,11
2e-05,44547,5
2e-05,44548,5
2e-05,44549,0
2e-05,44550,2
2e-05,44551,9
2e-05,44552,5
2e-05,44553,3
2e-05,44554,1
2e-05,44555,11
2e-05,44556,10
2e-05,44557,1
2e-05,44558,9
2e-05,44559,10
2e-05,44560,3
2e-05,44561,6
2e-05,44562,2
2e-05,44563,1
2e-05,44564,9
2e-05,44565,9
2e-05,44566,6
2e-05,44567,4
2e-05,44568,1
2e-05,44569,1
2e-05,44570,10
2e-05,44571,9
2e-05,44572,13
2e-05,44573,17
2e-05,44574,9
2e-05,44575,2
2e-05,44576,2
2e-05,44577,6
2e-05,44578,6
2e-05,44579,6
2e-05,44580,1
2e-05,44581,1
2e-05,44582,2
2e-05,44583,17
2e-05,44584,11
2e-05,44585,0
2e-05,44586,11
2e-05,44587,13
2e-05,44588,0
2e-05,44589,3
2e-05,44590,9
2e-05,44591,0
2e-05,44592,10
2e-05,44593,5
2e-05,44594,13
2e-05,44595,5
2e-05,44596,13
2e-05,44597,5
2e-05,44598,6
2e-05,44599,9
2e-05,44600,0
2e-05,44601,5
2e-05,44602,0
2e-05,44603,5
2e-05,44604,11
2e-05,44605,0
2e-05,44606,3
2e-05,44607,3
2e-05,44608,6
2e-05,44609,13
2e-05,44610,10
2e-05,44611,3
2e-05,44612,5
2e-05,44613,1
2e-05,44614,2
2e-05,44615,12
2e-05,44616,11
2e-05,44617,6
2e-05,44618,5
2e-05,44619,3
2e-05,44620,0
2e-05,44621,0
2e-05,44622,6
2e-05,44623,10
2e-05,44624,12
2e-05,44625,1
2e-05,44626,5
2e-05,44627,12
2e-05,44628,12
2e-05,44629,1
2e-05,44630,11
2e-05,44631,12
2e-05,44632,0
2e-05,44633,10
2e-05,44634,11
2e-05,44635,2
2e-05,44636,10
2e-05,44637,10
2e-05,44638,6
2e-05,44639,11
2e-05,44640,2
2e-05,44641,11
2e-05,44642,0
2e-05,44643,1
2e-05,44644,2
2e-05,44645,10
2e-05,44646,3
2e-05,44647,11
2e-05,44648,10
2e-05,44649,9
2e-05,44650,5
2e-05,44651,11
2e-05,44652,10
2e-05,44653,5
2e-05,44654,11
2e-05,44655,9
2e-05,44656,9
2e-05,44657,0
2e-05,44658,5
2e-05,44659,11
2e-05,44660,11
2e-05,44661,9
2e-05,44662,13
2e-05,44663,0
2e-05,44664,9
2e-05,44665,0
2e-05,44666,3
2e-05,44667,5
2e-05,44668,11
2e-05,44669,6
2e-05,44670,13
2e-05,44671,3
2e-05,44672,6
2e-05,44673,9
2e-05,44674,0
2e-05,44675,13
2e-05,44676,1
2e-05,44677,0
2e-05,44678,10
2e-05,44679,12
2e-05,44680,1
2e-05,44681,10
2e-05,44682,11
2e-05,44683,2
2e-05,44684,3
2e-05,44685,13
2e-05,44686,1
2e-05,44687,13
2e-05,44688,11
2e-05,44689,2
2e-05,44690,2
2e-05,44691,13
2e-05,44692,13
2e-05,44693,1
2e-05,44694,3
2e-05,44695,12
2e-05,44696,9
2e-05,44697,1
2e-05,44698,9
2e-05,44699,2
2e-05,44700,3
2e-05,44701,0
2e-05,44702,9
2e-05,44703,0
2e-05,44704,13
2e-05,44705,2
2e-05,44706,10
2e-05,44707,12
2e-05,44708,10
2e-05,44709,12
2e-05,44710,3
2e-05,44711,5
2e-05,44712,3
2e-05,44713,12
2e-05,44714,11
2e-05,44715,3
2e-05,44716,9
2e-05,44717,3
2e-05,44718,0
2e-05,44719,5
2e-05,44720,0
2e-05,44721,11
2e-05,44722,12
2e-05,44723,3
2e-05,44724,6
2e-05,44725,0
2e-05,44726,12
2e-05,44727,11
2e-05,44728,0
2e-05,44729,12
2e-05,44730,11
2e-05,44731,0
2e-05,44732,5
2e-05,44733,5
2e-05,44734,0
2e-05,44735,11
2e-05,44736,11
2e-05,44737,6
2e-05,44738,5
2e-05,44739,2
2e-05,44740,11
2e-05,44741,13
2e-05,44742,1
2e-05,44743,11
2e-05,44744,12
2e-05,44745,16
2e-05,44746,11
2e-05,44747,13
2e-05,44748,2
2e-05,44749,3
2e-05,44750,8
2e-05,44751,1
2e-05,44752,1
2e-05,44753,3
2e-05,44754,12
2e-05,44755,10
2e-05,44756,12
2e-05,44757,1
2e-05,44758,10
2e-05,44759,11
2e-05,44760,12
2e-05,44761,10
2e-05,44762,13
2e-05,44763,0
2e-05,44764,9
2e-05,44765,6
2e-05,44766,6
2e-05,44767,0
2e-05,44768,12
2e-05,44769,0
2e-05,44770,6
2e-05,44771,9
2e-05,44772,10
2e-05,44773,2
2e-05,44774,5
2e-05,44775,5
2e-05,44776,5
2e-05,44777,13
2e-05,44778,3
2e-05,44779,9
2e-05,44780,1
2e-05,44781,2
2e-05,44782,11
2e-05,44783,9
2e-05,44784,6
2e-05,44785,9
2e-05,44786,1
2e-05,44787,3
2e-05,44788,5
2e-05,44789,12
2e-05,44790,2
2e-05,44791,6
2e-05,44792,1
2e-05,44793,13
2e-05,44794,0
2e-05,44795,12
2e-05,44796,10
2e-05,44797,5
2e-05,44798,3
2e-05,44799,10
2e-05,44800,5
2e-05,44801,0
2e-05,44802,0
2e-05,44803,1
2e-05,44804,0
2e-05,44805,5
2e-05,44806,9
2e-05,44807,5
2e-05,44808,11
2e-05,44809,10
2e-05,44810,9
2e-05,44811,1
2e-05,44812,11
2e-05,44813,4
2e-05,44814,12
2e-05,44815,9
2e-05,44816,10
2e-05,44817,3
2e-05,44818,11
2e-05,44819,3
2e-05,44820,10
2e-05,44821,1
2e-05,44822,2
2e-05,44823,6
2e-05,44824,12
2e-05,44825,11
2e-05,44826,0
2e-05,44827,0
2e-05,44828,9
2e-05,44829,2
2e-05,44830,9
2e-05,44831,11
2e-05,44832,6
2e-05,44833,3
2e-05,44834,1
2e-05,44835,1
2e-05,44836,13
2e-05,44837,12
2e-05,44838,5
2e-05,44839,3
2e-05,44840,9
2e-05,44841,9
2e-05,44842,3
2e-05,44843,3
2e-05,44844,9
2e-05,44845,5
2e-05,44846,9
2e-05,44847,3
2e-05,44848,11
2e-05,44849,2
2e-05,44850,2
2e-05,44851,10
2e-05,44852,6
2e-05,44853,2
2e-05,44854,11
2e-05,44855,11
2e-05,44856,11
2e-05,44857,5
2e-05,44858,5
2e-05,44859,3
2e-05,44860,9
2e-05,44861,11
2e-05,44862,1
2e-05,44863,6
2e-05,44864,11
2e-05,44865,9
2e-05,44866,9
2e-05,44867,10
2e-05,44868,11
2e-05,44869,11
2e-05,44870,10
2e-05,44871,6
2e-05,44872,0
2e-05,44873,5
2e-05,44874,1
2e-05,44875,5
2e-05,44876,2
2e-05,44877,16
2e-05,44878,3
2e-05,44879,9
2e-05,44880,0
2e-05,44881,2
2e-05,44882,2
2e-05,44883,0
2e-05,44884,10
2e-05,44885,5
2e-05,44886,2
2e-05,44887,3
2e-05,44888,2
2e-05,44889,12
2e-05,44890,2
2e-05,44891,1
2e-05,44892,6
2e-05,44893,6
2e-05,44894,5
2e-05,44895,9
2e-05,44896,6
2e-05,44897,10
2e-05,44898,3
2e-05,44899,3
2e-05,44900,12
2e-05,44901,0
2e-05,44902,8
2e-05,44903,3
2e-05,44904,11
2e-05,44905,12
2e-05,44906,12
2e-05,44907,6
2e-05,44908,6
2e-05,44909,1
2e-05,44910,11
2e-05,44911,2
2e-05,44912,4
2e-05,44913,3
2e-05,44914,1
2e-05,44915,5
2e-05,44916,10
2e-05,44917,1
2e-05,44918,12
2e-05,44919,3
2e-05,44920,10
2e-05,44921,11
2e-05,44922,11
2e-05,44923,5
2e-05,44924,1
2e-05,44925,2
2e-05,44926,2
2e-05,44927,0
2e-05,44928,5
2e-05,44929,13
2e-05,44930,3
2e-05,44931,9
2e-05,44932,5
2e-05,44933,3
2e-05,44934,1
2e-05,44935,2
2e-05,44936,0
2e-05,44937,10
2e-05,44938,1
2e-05,44939,1
2e-05,44940,5
2e-05,44941,9
2e-05,44942,3
2e-05,44943,10
2e-05,44944,3
2e-05,44945,2
2e-05,44946,0
2e-05,44947,13
2e-05,44948,0
2e-05,44949,9
2e-05,44950,9
2e-05,44951,1
2e-05,44952,0
2e-05,44953,6
2e-05,44954,11
2e-05,44955,6
2e-05,44956,10
2e-05,44957,5
2e-05,44958,9
2e-05,44959,9
2e-05,44960,12
2e-05,44961,10
2e-05,44962,6
2e-05,44963,9
2e-05,44964,14
2e-05,44965,12
2e-05,44966,9
2e-05,44967,3
2e-05,44968,6
2e-05,44969,3
2e-05,44970,1
2e-05,44971,3
2e-05,44972,12
2e-05,44973,5
2e-05,44974,11
2e-05,44975,7
2e-05,44976,11
2e-05,44977,11
2e-05,44978,10
2e-05,44979,3
2e-05,44980,11
2e-05,44981,6
2e-05,44982,12
2e-05,44983,0
2e-05,44984,0
2e-05,44985,3
2e-05,44986,13
2e-05,44987,12
2e-05,44988,0
2e-05,44989,6
2e-05,44990,13
2e-05,44991,5
2e-05,44992,5
2e-05,44993,11
2e-05,44994,10
2e-05,44995,10
2e-05,44996,9
2e-05,44997,11
2e-05,44998,10
2e-05,44999,6
2e-05,45000,11
2e-05,45001,13
2e-05,45002,2
2e-05,45003,2
2e-05,45004,2
2e-05,45005,1
2e-05,45006,1
2e-05,45007,6
2e-05,45008,5
2e-05,45009,12
2e-05,45010,13
2e-05,45011,11
2e-05,45012,3
2e-05,45013,2
2e-05,45014,13
2e-05,45015,8
2e-05,45016,6
2e-05,45017,9
2e-05,45018,3
2e-05,45019,16
2e-05,45020,11
2e-05,45021,13
2e-05,45022,5
2e-05,45023,13
2e-05,45024,0
2e-05,45025,10
2e-05,45026,3
2e-05,45027,12
2e-05,45028,1
2e-05,45029,6
2e-05,45030,9
2e-05,45031,5
2e-05,45032,13
2e-05,45033,6
2e-05,45034,6
2e-05,45035,0
2e-05,45036,6
2e-05,45037,12
2e-05,45038,0
2e-05,45039,5
2e-05,45040,9
2e-05,45041,10
2e-05,45042,6
2e-05,45043,5
2e-05,45044,10
2e-05,45045,6
2e-05,45046,2
2e-05,45047,2
2e-05,45048,10
2e-05,45049,9
2e-05,45050,11
2e-05,45051,6
2e-05,45052,0
2e-05,45053,5
2e-05,45054,3
2e-05,45055,0
2e-05,45056,1
2e-05,45057,2
2e-05,45058,3
2e-05,45059,11
2e-05,45060,11
2e-05,45061,9
2e-05,45062,0
2e-05,45063,6
2e-05,45064,3
2e-05,45065,1
2e-05,45066,3
2e-05,45067,0
2e-05,45068,10
2e-05,45069,9
2e-05,45070,0
2e-05,45071,0
2e-05,45072,11
2e-05,45073,12
2e-05,45074,5
2e-05,45075,3
2e-05,45076,9
2e-05,45077,3
2e-05,45078,1
2e-05,45079,3
2e-05,45080,11
2e-05,45081,9
2e-05,45082,12
2e-05,45083,12
2e-05,45084,1
2e-05,45085,0
2e-05,45086,3
2e-05,45087,6
2e-05,45088,2
2e-05,45089,1
2e-05,45090,5
2e-05,45091,1
2e-05,45092,6
2e-05,45093,0
2e-05,45094,13
2e-05,45095,5
2e-05,45096,10
2e-05,45097,13
2e-05,45098,16
2e-05,45099,11
2e-05,45100,3
2e-05,45101,6
2e-05,45102,2
2e-05,45103,6
2e-05,45104,4
2e-05,45105,5
2e-05,45106,10
2e-05,45107,6
2e-05,45108,13
2e-05,45109,3
2e-05,45110,1
2e-05,45111,5
2e-05,45112,3
2e-05,45113,6
2e-05,45114,12
2e-05,45115,11
2e-05,45116,9
2e-05,45117,6
2e-05,45118,5
2e-05,45119,1
2e-05,45120,3
2e-05,45121,10
2e-05,45122,1
2e-05,45123,3
2e-05,45124,11
2e-05,45125,11
2e-05,45126,2
2e-05,45127,11
2e-05,45128,1
2e-05,45129,3
2e-05,45130,0
2e-05,45131,3
2e-05,45132,5
2e-05,45133,13
2e-05,45134,0
2e-05,45135,11
2e-05,45136,4
2e-05,45137,11
2e-05,45138,1
2e-05,45139,3
2e-05,45140,11
2e-05,45141,6
2e-05,45142,9
2e-05,45143,2
2e-05,45144,11
2e-05,45145,13
2e-05,45146,2
2e-05,45147,11
2e-05,45148,13
2e-05,45149,11
2e-05,45150,0
2e-05,45151,1
2e-05,45152,17
2e-05,45153,5
2e-05,45154,3
2e-05,45155,0
2e-05,45156,13
2e-05,45157,9
2e-05,45158,3
2e-05,45159,3
2e-05,45160,9
2e-05,45161,16
2e-05,45162,1
2e-05,45163,3
2e-05,45164,3
2e-05,45165,10
2e-05,45166,3
2e-05,45167,9
2e-05,45168,9
2e-05,45169,12
2e-05,45170,11
2e-05,45171,2
2e-05,45172,11
2e-05,45173,0
2e-05,45174,2
2e-05,45175,5
2e-05,45176,13
2e-05,45177,13
2e-05,45178,3
2e-05,45179,0
2e-05,45180,6
2e-05,45181,2
2e-05,45182,3
2e-05,45183,6
2e-05,45184,1
2e-05,45185,2
2e-05,45186,1
2e-05,45187,6
2e-05,45188,10
2e-05,45189,0
2e-05,45190,10
2e-05,45191,1
2e-05,45192,9
2e-05,45193,12
2e-05,45194,12
2e-05,45195,5
2e-05,45196,13
2e-05,45197,12
2e-05,45198,13
2e-05,45199,5
2e-05,45200,11
2e-05,45201,9
2e-05,45202,13
2e-05,45203,13
2e-05,45204,6
2e-05,45205,1
2e-05,45206,0
2e-05,45207,5
2e-05,45208,3
2e-05,45209,2
2e-05,45210,11
2e-05,45211,3
2e-05,45212,11
2e-05,45213,5
2e-05,45214,0
2e-05,45215,0
2e-05,45216,9
2e-05,45217,5
2e-05,45218,5
2e-05,45219,11
2e-05,45220,1
2e-05,45221,0
2e-05,45222,2
2e-05,45223,12
2e-05,45224,6
2e-05,45225,9
2e-05,45226,10
2e-05,45227,5
2e-05,45228,11
2e-05,45229,3
2e-05,45230,11
2e-05,45231,2
2e-05,45232,10
2e-05,45233,11
2e-05,45234,3
2e-05,45235,12
2e-05,45236,2
2e-05,45237,5
2e-05,45238,13
2e-05,45239,6
2e-05,45240,5
2e-05,45241,12
2e-05,45242,11
2e-05,45243,10
2e-05,45244,3
2e-05,45245,11
2e-05,45246,6
2e-05,45247,12
2e-05,45248,10
2e-05,45249,1
2e-05,45250,3
2e-05,45251,3
2e-05,45252,5
2e-05,45253,1
2e-05,45254,11
2e-05,45255,13
2e-05,45256,0
2e-05,45257,0
2e-05,45258,1
2e-05,45259,12
2e-05,45260,12
2e-05,45261,10
2e-05,45262,12
2e-05,45263,12
2e-05,45264,6
2e-05,45265,3
2e-05,45266,2
2e-05,45267,10
2e-05,45268,1
2e-05,45269,0
2e-05,45270,0
2e-05,45271,0
2e-05,45272,5
2e-05,45273,2
2e-05,45274,12
2e-05,45275,3
2e-05,45276,6
2e-05,45277,11
2e-05,45278,1
2e-05,45279,10
2e-05,45280,5
2e-05,45281,11
2e-05,45282,13
2e-05,45283,9
2e-05,45284,0
2e-05,45285,3
2e-05,45286,3
2e-05,45287,13
2e-05,45288,12
2e-05,45289,13
2e-05,45290,10
2e-05,45291,11
2e-05,45292,6
2e-05,45293,0
2e-05,45294,9
2e-05,45295,3
2e-05,45296,12
2e-05,45297,13
2e-05,45298,5
2e-05,45299,1
2e-05,45300,13
2e-05,45301,13
2e-05,45302,13
2e-05,45303,12
2e-05,45304,11
2e-05,45305,1
2e-05,45306,1
2e-05,45307,3
2e-05,45308,8
2e-05,45309,9
2e-05,45310,10
2e-05,45311,13
2e-05,45312,5
2e-05,45313,3
2e-05,45314,11
2e-05,45315,12
2e-05,45316,1
2e-05,45317,9
2e-05,45318,12
2e-05,45319,12
2e-05,45320,1
2e-05,45321,5
2e-05,45322,12
2e-05,45323,5
2e-05,45324,2
2e-05,45325,5
2e-05,45326,9
2e-05,45327,12
2e-05,45328,11
2e-05,45329,6
2e-05,45330,6
2e-05,45331,10
2e-05,45332,10
2e-05,45333,2
2e-05,45334,5
2e-05,45335,5
2e-05,45336,10
2e-05,45337,6
2e-05,45338,6
2e-05,45339,6
2e-05,45340,12
2e-05,45341,10
2e-05,45342,2
2e-05,45343,1
2e-05,45344,13
2e-05,45345,11
2e-05,45346,1
2e-05,45347,16
2e-05,45348,3
2e-05,45349,9
2e-05,45350,2
2e-05,45351,9
2e-05,45352,9
2e-05,45353,1
2e-05,45354,2
2e-05,45355,10
2e-05,45356,0
2e-05,45357,6
2e-05,45358,0
2e-05,45359,3
2e-05,45360,12
2e-05,45361,5
2e-05,45362,3
2e-05,45363,10
2e-05,45364,11
2e-05,45365,2
2e-05,45366,9
2e-05,45367,0
2e-05,45368,6
2e-05,45369,1
2e-05,45370,1
2e-05,45371,12
2e-05,45372,9
2e-05,45373,2
2e-05,45374,1
2e-05,45375,3
2e-05,45376,5
2e-05,45377,3
2e-05,45378,2
2e-05,45379,9
2e-05,45380,3
2e-05,45381,3
2e-05,45382,1
2e-05,45383,10
2e-05,45384,11
2e-05,45385,2
2e-05,45386,6
2e-05,45387,11
2e-05,45388,9
2e-05,45389,0
2e-05,45390,11
2e-05,45391,5
2e-05,45392,3
2e-05,45393,5
2e-05,45394,1
2e-05,45395,2
2e-05,45396,0
2e-05,45397,0
2e-05,45398,6
2e-05,45399,3
2e-05,45400,3
2e-05,45401,9
2e-05,45402,3
2e-05,45403,2
2e-05,45404,13
2e-05,45405,6
2e-05,45406,12
2e-05,45407,9
2e-05,45408,11
2e-05,45409,13
2e-05,45410,9
2e-05,45411,2
2e-05,45412,10
2e-05,45413,13
2e-05,45414,0
2e-05,45415,10
2e-05,45416,0
2e-05,45417,0
2e-05,45418,6
2e-05,45419,10
2e-05,45420,1
2e-05,45421,10
2e-05,45422,5
2e-05,45423,5
2e-05,45424,12
2e-05,45425,11
2e-05,45426,5
2e-05,45427,6
2e-05,45428,9
2e-05,45429,16
2e-05,45430,0
2e-05,45431,11
2e-05,45432,6
2e-05,45433,12
2e-05,45434,6
2e-05,45435,0
2e-05,45436,2
2e-05,45437,12
2e-05,45438,9
2e-05,45439,11
2e-05,45440,11
2e-05,45441,2
2e-05,45442,12
2e-05,45443,9
2e-05,45444,9
2e-05,45445,10
2e-05,45446,12
2e-05,45447,3
2e-05,45448,5
2e-05,45449,6
2e-05,45450,9
2e-05,45451,10
2e-05,45452,11
2e-05,45453,1
2e-05,45454,6
2e-05,45455,6
2e-05,45456,10
2e-05,45457,9
2e-05,45458,9
2e-05,45459,11
2e-05,45460,0
2e-05,45461,2
2e-05,45462,17
2e-05,45463,10
2e-05,45464,0
2e-05,45465,0
2e-05,45466,3
2e-05,45467,0
2e-05,45468,10
2e-05,45469,10
2e-05,45470,3
2e-05,45471,2
2e-05,45472,10
2e-05,45473,0
2e-05,45474,12
2e-05,45475,1
2e-05,45476,13
2e-05,45477,11
2e-05,45478,18
2e-05,45479,1
2e-05,45480,0
2e-05,45481,0
2e-05,45482,9
2e-05,45483,0
2e-05,45484,12
2e-05,45485,10
2e-05,45486,5
2e-05,45487,5
2e-05,45488,10
2e-05,45489,9
2e-05,45490,11
2e-05,45491,2
2e-05,45492,9
2e-05,45493,2
2e-05,45494,11
2e-05,45495,5
2e-05,45496,6
2e-05,45497,12
2e-05,45498,11
2e-05,45499,9
2e-05,45500,4
2e-05,45501,5
2e-05,45502,10
2e-05,45503,5
2e-05,45504,12
2e-05,45505,9
2e-05,45506,11
2e-05,45507,10
2e-05,45508,6
2e-05,45509,12
2e-05,45510,12
2e-05,45511,10
2e-05,45512,0
2e-05,45513,1
2e-05,45514,11
2e-05,45515,10
2e-05,45516,5
2e-05,45517,11
2e-05,45518,11
2e-05,45519,9
2e-05,45520,11
2e-05,45521,6
2e-05,45522,12
2e-05,45523,10
2e-05,45524,12
2e-05,45525,0
2e-05,45526,6
2e-05,45527,6
2e-05,45528,5
2e-05,45529,11
2e-05,45530,6
2e-05,45531,11
2e-05,45532,11
2e-05,45533,6
2e-05,45534,0
2e-05,45535,0
2e-05,45536,5
2e-05,45537,13
2e-05,45538,13
2e-05,45539,3
2e-05,45540,2
2e-05,45541,2
2e-05,45542,13
2e-05,45543,9
2e-05,45544,5
2e-05,45545,2
2e-05,45546,13
2e-05,45547,9
2e-05,45548,2
2e-05,45549,2
2e-05,45550,6
2e-05,45551,9
2e-05,45552,9
2e-05,45553,3
2e-05,45554,11
2e-05,45555,2
2e-05,45556,11
2e-05,45557,0
2e-05,45558,9
2e-05,45559,11
2e-05,45560,9
2e-05,45561,6
2e-05,45562,1
2e-05,45563,10
2e-05,45564,9
2e-05,45565,10
2e-05,45566,0
2e-05,45567,11
2e-05,45568,11
2e-05,45569,12
2e-05,45570,5
2e-05,45571,10
2e-05,45572,0
2e-05,45573,6
2e-05,45574,11
2e-05,45575,2
2e-05,45576,3
2e-05,45577,11
2e-05,45578,6
2e-05,45579,12
2e-05,45580,2
2e-05,45581,3
2e-05,45582,2
2e-05,45583,9
2e-05,45584,6
2e-05,45585,10
2e-05,45586,0
2e-05,45587,5
2e-05,45588,1
2e-05,45589,5
2e-05,45590,0
2e-05,45591,13
2e-05,45592,2
2e-05,45593,10
2e-05,45594,10
2e-05,45595,0
2e-05,45596,11
2e-05,45597,1
2e-05,45598,0
2e-05,45599,0
2e-05,45600,11
2e-05,45601,1
2e-05,45602,12
2e-05,45603,9
2e-05,45604,5
2e-05,45605,9
2e-05,45606,0
2e-05,45607,10
2e-05,45608,9
2e-05,45609,5
2e-05,45610,5
2e-05,45611,9
2e-05,45612,9
2e-05,45613,11
2e-05,45614,6
2e-05,45615,12
2e-05,45616,3
2e-05,45617,5
2e-05,45618,6
2e-05,45619,2
2e-05,45620,1
2e-05,45621,10
2e-05,45622,0
2e-05,45623,9
2e-05,45624,11
2e-05,45625,0
2e-05,45626,1
2e-05,45627,3
2e-05,45628,13
2e-05,45629,9
2e-05,45630,3
2e-05,45631,3
2e-05,45632,3
2e-05,45633,0
2e-05,45634,12
2e-05,45635,9
2e-05,45636,1
2e-05,45637,1
2e-05,45638,13
2e-05,45639,3
2e-05,45640,1
2e-05,45641,2
2e-05,45642,6
2e-05,45643,6
2e-05,45644,3
2e-05,45645,1
2e-05,45646,5
2e-05,45647,1
2e-05,45648,6
2e-05,45649,1
2e-05,45650,5
2e-05,45651,8
2e-05,45652,6
2e-05,45653,2
2e-05,45654,2
2e-05,45655,1
2e-05,45656,1
2e-05,45657,0
2e-05,45658,12
2e-05,45659,1
2e-05,45660,9
2e-05,45661,0
2e-05,45662,9
2e-05,45663,2
2e-05,45664,6
2e-05,45665,9
2e-05,45666,1
2e-05,45667,13
2e-05,45668,11
2e-05,45669,9
2e-05,45670,11
2e-05,45671,11
2e-05,45672,6
2e-05,45673,13
2e-05,45674,9
2e-05,45675,6
2e-05,45676,2
2e-05,45677,0
2e-05,45678,11
2e-05,45679,12
2e-05,45680,3
2e-05,45681,12
2e-05,45682,3
2e-05,45683,5
2e-05,45684,1
2e-05,45685,4
2e-05,45686,9
2e-05,45687,3
2e-05,45688,5
2e-05,45689,6
2e-05,45690,3
2e-05,45691,1
2e-05,45692,3
2e-05,45693,10
2e-05,45694,12
2e-05,45695,3
2e-05,45696,1
2e-05,45697,1
2e-05,45698,9
2e-05,45699,0
2e-05,45700,9
2e-05,45701,1
2e-05,45702,9
2e-05,45703,2
2e-05,45704,12
2e-05,45705,1
2e-05,45706,5
2e-05,45707,1
2e-05,45708,6
2e-05,45709,0
2e-05,45710,3
2e-05,45711,3
2e-05,45712,9
2e-05,45713,11
2e-05,45714,3
2e-05,45715,0
2e-05,45716,11
2e-05,45717,10
2e-05,45718,10
2e-05,45719,12
2e-05,45720,5
2e-05,45721,1
2e-05,45722,2
2e-05,45723,10
2e-05,45724,10
2e-05,45725,9
2e-05,45726,0
2e-05,45727,10
2e-05,45728,1
2e-05,45729,10
2e-05,45730,5
2e-05,45731,3
2e-05,45732,13
2e-05,45733,12
2e-05,45734,9
2e-05,45735,10
2e-05,45736,13
2e-05,45737,1
2e-05,45738,2
2e-05,45739,6
2e-05,45740,0
2e-05,45741,0
2e-05,45742,10
2e-05,45743,5
2e-05,45744,6
2e-05,45745,13
2e-05,45746,13
2e-05,45747,2
2e-05,45748,9
2e-05,45749,0
2e-05,45750,3
2e-05,45751,4
2e-05,45752,11
2e-05,45753,11
2e-05,45754,12
2e-05,45755,1
2e-05,45756,3
2e-05,45757,0
2e-05,45758,2
2e-05,45759,0
2e-05,45760,1
2e-05,45761,11
2e-05,45762,4
2e-05,45763,5
2e-05,45764,1
2e-05,45765,0
2e-05,45766,11
2e-05,45767,9
2e-05,45768,13
2e-05,45769,1
2e-05,45770,0
2e-05,45771,5
2e-05,45772,0
2e-05,45773,6
2e-05,45774,0
2e-05,45775,1
2e-05,45776,3
2e-05,45777,12
2e-05,45778,4
2e-05,45779,1
2e-05,45780,12
2e-05,45781,1
2e-05,45782,9
2e-05,45783,9
2e-05,45784,10
2e-05,45785,10
2e-05,45786,0
2e-05,45787,2
2e-05,45788,0
2e-05,45789,5
2e-05,45790,9
2e-05,45791,9
2e-05,45792,2
2e-05,45793,1
2e-05,45794,1
2e-05,45795,13
2e-05,45796,6
2e-05,45797,1
2e-05,45798,0
2e-05,45799,11
2e-05,45800,2
2e-05,45801,5
2e-05,45802,0
2e-05,45803,9
2e-05,45804,2
2e-05,45805,11
2e-05,45806,1
2e-05,45807,5
2e-05,45808,0
2e-05,45809,10
2e-05,45810,0
2e-05,45811,0
2e-05,45812,12
2e-05,45813,5
2e-05,45814,12
2e-05,45815,11
2e-05,45816,2
2e-05,45817,9
2e-05,45818,3
2e-05,45819,1
2e-05,45820,3
2e-05,45821,1
2e-05,45822,3
2e-05,45823,3
2e-05,45824,2
2e-05,45825,11
2e-05,45826,11
2e-05,45827,11
2e-05,45828,12
2e-05,45829,1
2e-05,45830,3
2e-05,45831,3
2e-05,45832,10
2e-05,45833,0
2e-05,45834,9
2e-05,45835,1
2e-05,45836,11
2e-05,45837,1
2e-05,45838,3
2e-05,45839,1
2e-05,45840,6
2e-05,45841,1
2e-05,45842,5
2e-05,45843,9
2e-05,45844,6
2e-05,45845,6
2e-05,45846,6
2e-05,45847,11
2e-05,45848,0
2e-05,45849,16
2e-05,45850,10
2e-05,45851,9
2e-05,45852,6
2e-05,45853,11
2e-05,45854,3
2e-05,45855,6
2e-05,45856,11
2e-05,45857,9
2e-05,45858,11
2e-05,45859,6
2e-05,45860,10
2e-05,45861,6
2e-05,45862,7
2e-05,45863,12
2e-05,45864,2
2e-05,45865,3
2e-05,45866,1
2e-05,45867,11
2e-05,45868,10
2e-05,45869,10
2e-05,45870,10
2e-05,45871,10
2e-05,45872,11
2e-05,45873,12
2e-05,45874,2
2e-05,45875,6
2e-05,45876,15
2e-05,45877,3
2e-05,45878,1
2e-05,45879,12
2e-05,45880,5
2e-05,45881,6
2e-05,45882,3
2e-05,45883,10
2e-05,45884,6
2e-05,45885,10
2e-05,45886,6
2e-05,45887,2
2e-05,45888,8
2e-05,45889,6
2e-05,45890,3
2e-05,45891,11
2e-05,45892,0
2e-05,45893,9
2e-05,45894,10
2e-05,45895,2
2e-05,45896,12
2e-05,45897,13
2e-05,45898,10
2e-05,45899,1
2e-05,45900,12
2e-05,45901,11
2e-05,45902,1
2e-05,45903,0
2e-05,45904,1
2e-05,45905,0
2e-05,45906,2
2e-05,45907,12
2e-05,45908,1
2e-05,45909,9
2e-05,45910,11
2e-05,45911,10
2e-05,45912,0
2e-05,45913,0
2e-05,45914,6
2e-05,45915,11
2e-05,45916,10
2e-05,45917,3
2e-05,45918,6
2e-05,45919,1
2e-05,45920,12
2e-05,45921,10
2e-05,45922,12
2e-05,45923,1
2e-05,45924,10
2e-05,45925,0
2e-05,45926,5
2e-05,45927,1
2e-05,45928,11
2e-05,45929,13
2e-05,45930,1
2e-05,45931,0
2e-05,45932,5
2e-05,45933,13
2e-05,45934,5
2e-05,45935,5
2e-05,45936,9
2e-05,45937,5
2e-05,45938,0
2e-05,45939,11
2e-05,45940,5
2e-05,45941,1
2e-05,45942,12
2e-05,45943,11
2e-05,45944,13
2e-05,45945,12
2e-05,45946,5
2e-05,45947,10
2e-05,45948,5
2e-05,45949,10
2e-05,45950,13
2e-05,45951,6
2e-05,45952,11
2e-05,45953,11
2e-05,45954,11
2e-05,45955,13
2e-05,45956,1
2e-05,45957,10
2e-05,45958,11
2e-05,45959,12
2e-05,45960,12
2e-05,45961,10
2e-05,45962,3
2e-05,45963,12
2e-05,45964,0
2e-05,45965,16
2e-05,45966,12
2e-05,45967,0
2e-05,45968,3
2e-05,45969,6
2e-05,45970,2
2e-05,45971,6
2e-05,45972,11
2e-05,45973,6
2e-05,45974,3
2e-05,45975,13
2e-05,45976,12
2e-05,45977,2
2e-05,45978,10
2e-05,45979,9
2e-05,45980,10
2e-05,45981,10
2e-05,45982,12
2e-05,45983,5
2e-05,45984,6
2e-05,45985,2
2e-05,45986,13
2e-05,45987,10
2e-05,45988,9
2e-05,45989,6
2e-05,45990,5
2e-05,45991,2
2e-05,45992,2
2e-05,45993,5
2e-05,45994,9
2e-05,45995,6
2e-05,45996,0
2e-05,45997,10
2e-05,45998,3
2e-05,45999,2
2e-05,46000,1
2e-05,46001,0
2e-05,46002,3
2e-05,46003,11
2e-05,46004,1
2e-05,46005,6
2e-05,46006,5
2e-05,46007,16
2e-05,46008,2
2e-05,46009,10
2e-05,46010,0
2e-05,46011,5
2e-05,46012,2
2e-05,46013,10
2e-05,46014,3
2e-05,46015,6
2e-05,46016,11
2e-05,46017,6
2e-05,46018,13
2e-05,46019,1
2e-05,46020,11
2e-05,46021,6
2e-05,46022,11
2e-05,46023,11
2e-05,46024,3
2e-05,46025,3
2e-05,46026,2
2e-05,46027,2
2e-05,46028,1
2e-05,46029,2
2e-05,46030,1
2e-05,46031,1
2e-05,46032,11
2e-05,46033,1
2e-05,46034,13
2e-05,46035,13
2e-05,46036,10
2e-05,46037,2
2e-05,46038,9
2e-05,46039,3
2e-05,46040,8
2e-05,46041,6
2e-05,46042,12
2e-05,46043,10
2e-05,46044,3
2e-05,46045,13
2e-05,46046,1
2e-05,46047,10
2e-05,46048,2
2e-05,46049,11
2e-05,46050,11
2e-05,46051,0
2e-05,46052,9
2e-05,46053,16
2e-05,46054,13
2e-05,46055,3
2e-05,46056,1
2e-05,46057,13
2e-05,46058,3
2e-05,46059,5
2e-05,46060,10
2e-05,46061,10
2e-05,46062,5
2e-05,46063,0
2e-05,46064,9
2e-05,46065,11
2e-05,46066,2
2e-05,46067,13
2e-05,46068,13
2e-05,46069,8
2e-05,46070,9
2e-05,46071,12
2e-05,46072,0
2e-05,46073,1
2e-05,46074,11
2e-05,46075,11
2e-05,46076,12
2e-05,46077,12
2e-05,46078,9
2e-05,46079,10
2e-05,46080,5
2e-05,46081,6
2e-05,46082,13
2e-05,46083,3
2e-05,46084,3
2e-05,46085,2
2e-05,46086,1
2e-05,46087,3
2e-05,46088,2
2e-05,46089,13
2e-05,46090,13
2e-05,46091,12
2e-05,46092,1
2e-05,46093,6
2e-05,46094,1
2e-05,46095,16
2e-05,46096,13
2e-05,46097,13
2e-05,46098,6
2e-05,46099,10
2e-05,46100,6
2e-05,46101,0
2e-05,46102,9
2e-05,46103,1
2e-05,46104,10
2e-05,46105,12
2e-05,46106,1
2e-05,46107,1
2e-05,46108,13
2e-05,46109,10
2e-05,46110,10
2e-05,46111,12
2e-05,46112,13
2e-05,46113,0
2e-05,46114,9
2e-05,46115,5
2e-05,46116,16
2e-05,46117,5
2e-05,46118,9
2e-05,46119,9
2e-05,46120,3
2e-05,46121,6
2e-05,46122,12
2e-05,46123,5
2e-05,46124,12
2e-05,46125,0
2e-05,46126,2
2e-05,46127,2
2e-05,46128,3
2e-05,46129,11
2e-05,46130,5
2e-05,46131,5
2e-05,46132,10
2e-05,46133,12
2e-05,46134,0
2e-05,46135,13
2e-05,46136,11
2e-05,46137,0
2e-05,46138,0
2e-05,46139,9
2e-05,46140,2
2e-05,46141,13
2e-05,46142,12
2e-05,46143,12
2e-05,46144,1
2e-05,46145,2
2e-05,46146,12
2e-05,46147,12
2e-05,46148,1
2e-05,46149,4
2e-05,46150,9
2e-05,46151,5
2e-05,46152,0
2e-05,46153,12
2e-05,46154,9
2e-05,46155,11
2e-05,46156,2
2e-05,46157,10
2e-05,46158,11
2e-05,46159,12
2e-05,46160,1
2e-05,46161,1
2e-05,46162,10
2e-05,46163,5
2e-05,46164,13
2e-05,46165,1
2e-05,46166,5
2e-05,46167,9
2e-05,46168,11
2e-05,46169,9
2e-05,46170,9
2e-05,46171,6
2e-05,46172,9
2e-05,46173,2
2e-05,46174,1
2e-05,46175,11
2e-05,46176,3
2e-05,46177,12
2e-05,46178,0
2e-05,46179,5
2e-05,46180,13
2e-05,46181,0
2e-05,46182,11
2e-05,46183,10
2e-05,46184,9
2e-05,46185,0
2e-05,46186,10
2e-05,46187,2
2e-05,46188,11
2e-05,46189,6
2e-05,46190,13
2e-05,46191,10
2e-05,46192,10
2e-05,46193,4
2e-05,46194,6
2e-05,46195,1
2e-05,46196,6
2e-05,46197,10
2e-05,46198,12
2e-05,46199,6
2e-05,46200,5
2e-05,46201,1
2e-05,46202,9
2e-05,46203,13
2e-05,46204,13
2e-05,46205,9
2e-05,46206,13
2e-05,46207,2
2e-05,46208,3
2e-05,46209,10
2e-05,46210,3
2e-05,46211,2
2e-05,46212,3
2e-05,46213,5
2e-05,46214,0
2e-05,46215,2
2e-05,46216,0
2e-05,46217,5
2e-05,46218,11
2e-05,46219,9
2e-05,46220,13
2e-05,46221,1
2e-05,46222,12
2e-05,46223,11
2e-05,46224,11
2e-05,46225,13
2e-05,46226,5
2e-05,46227,5
2e-05,46228,0
2e-05,46229,11
2e-05,46230,13
2e-05,46231,11
2e-05,46232,11
2e-05,46233,13
2e-05,46234,11
2e-05,46235,12
2e-05,46236,6
2e-05,46237,0
2e-05,46238,1
2e-05,46239,9
2e-05,46240,12
2e-05,46241,2
2e-05,46242,10
2e-05,46243,1
2e-05,46244,3
2e-05,46245,2
2e-05,46246,6
2e-05,46247,6
2e-05,46248,6
2e-05,46249,17
2e-05,46250,1
2e-05,46251,0
2e-05,46252,5
2e-05,46253,9
2e-05,46254,3
2e-05,46255,16
2e-05,46256,11
2e-05,46257,12
2e-05,46258,11
2e-05,46259,3
2e-05,46260,3
2e-05,46261,5
2e-05,46262,0
2e-05,46263,0
2e-05,46264,3
2e-05,46265,11
2e-05,46266,6
2e-05,46267,0
2e-05,46268,3
2e-05,46269,2
2e-05,46270,13
2e-05,46271,11
2e-05,46272,5
2e-05,46273,5
2e-05,46274,13
2e-05,46275,11
2e-05,46276,9
2e-05,46277,12
2e-05,46278,13
2e-05,46279,6
2e-05,46280,3
2e-05,46281,1
2e-05,46282,5
2e-05,46283,13
2e-05,46284,11
2e-05,46285,11
2e-05,46286,0
2e-05,46287,1
2e-05,46288,0
2e-05,46289,2
2e-05,46290,9
2e-05,46291,5
2e-05,46292,11
2e-05,46293,11
2e-05,46294,3
2e-05,46295,6
2e-05,46296,2
2e-05,46297,3
2e-05,46298,2
2e-05,46299,10
2e-05,46300,2
2e-05,46301,0
2e-05,46302,12
2e-05,46303,0
2e-05,46304,1
2e-05,46305,6
2e-05,46306,5
2e-05,46307,0
2e-05,46308,11
2e-05,46309,3
2e-05,46310,9
2e-05,46311,6
2e-05,46312,2
2e-05,46313,0
2e-05,46314,12
2e-05,46315,17
2e-05,46316,11
2e-05,46317,6
2e-05,46318,5
2e-05,46319,10
2e-05,46320,12
2e-05,46321,6
2e-05,46322,9
2e-05,46323,5
2e-05,46324,13
2e-05,46325,13
2e-05,46326,10
2e-05,46327,6
2e-05,46328,11
2e-05,46329,10
2e-05,46330,0
2e-05,46331,12
2e-05,46332,2
2e-05,46333,5
2e-05,46334,0
2e-05,46335,11
2e-05,46336,1
2e-05,46337,13
2e-05,46338,6
2e-05,46339,12
2e-05,46340,2
2e-05,46341,9
2e-05,46342,5
2e-05,46343,9
2e-05,46344,1
2e-05,46345,6
2e-05,46346,2
2e-05,46347,11
2e-05,46348,11
2e-05,46349,0
2e-05,46350,3
2e-05,46351,10
2e-05,46352,5
2e-05,46353,9
2e-05,46354,0
2e-05,46355,9
2e-05,46356,1
2e-05,46357,1
2e-05,46358,1
2e-05,46359,13
2e-05,46360,1
2e-05,46361,5
2e-05,46362,11
2e-05,46363,5
2e-05,46364,0
2e-05,46365,16
2e-05,46366,6
2e-05,46367,2
2e-05,46368,6
2e-05,46369,9
2e-05,46370,0
2e-05,46371,6
2e-05,46372,13
2e-05,46373,1
2e-05,46374,0
2e-05,46375,3
2e-05,46376,1
2e-05,46377,10
2e-05,46378,2
2e-05,46379,5
2e-05,46380,3
2e-05,46381,2
2e-05,46382,6
2e-05,46383,2
2e-05,46384,9
2e-05,46385,1
2e-05,46386,11
2e-05,46387,11
2e-05,46388,0
2e-05,46389,3
2e-05,46390,13
2e-05,46391,11
2e-05,46392,11
2e-05,46393,13
2e-05,46394,0
2e-05,46395,10
2e-05,46396,9
2e-05,46397,5
2e-05,46398,12
2e-05,46399,4
2e-05,46400,10
2e-05,46401,0
2e-05,46402,9
2e-05,46403,5
2e-05,46404,13
2e-05,46405,13
2e-05,46406,1
2e-05,46407,10
2e-05,46408,1
2e-05,46409,3
2e-05,46410,11
2e-05,46411,6
2e-05,46412,11
2e-05,46413,13
2e-05,46414,12
2e-05,46415,5
2e-05,46416,6
2e-05,46417,11
2e-05,46418,9
2e-05,46419,12
2e-05,46420,9
2e-05,46421,6
2e-05,46422,5
2e-05,46423,2
2e-05,46424,13
2e-05,46425,6
2e-05,46426,9
2e-05,46427,0
2e-05,46428,11
2e-05,46429,2
2e-05,46430,12
2e-05,46431,12
2e-05,46432,9
2e-05,46433,11
2e-05,46434,0
2e-05,46435,11
2e-05,46436,1
2e-05,46437,2
2e-05,46438,10
2e-05,46439,10
2e-05,46440,2
2e-05,46441,6
2e-05,46442,1
2e-05,46443,10
2e-05,46444,2
2e-05,46445,0
2e-05,46446,5
2e-05,46447,11
2e-05,46448,9
2e-05,46449,0
2e-05,46450,10
2e-05,46451,5
2e-05,46452,10
2e-05,46453,10
2e-05,46454,4
2e-05,46455,0
2e-05,46456,6
2e-05,46457,6
2e-05,46458,12
2e-05,46459,11
2e-05,46460,5
2e-05,46461,13
2e-05,46462,10
2e-05,46463,6
2e-05,46464,5
2e-05,46465,2
2e-05,46466,12
2e-05,46467,12
2e-05,46468,11
2e-05,46469,10
2e-05,46470,3
2e-05,46471,0
2e-05,46472,10
2e-05,46473,1
2e-05,46474,0
2e-05,46475,10
2e-05,46476,11
2e-05,46477,0
2e-05,46478,1
2e-05,46479,2
2e-05,46480,9
2e-05,46481,9
2e-05,46482,11
2e-05,46483,1
2e-05,46484,1
2e-05,46485,1
2e-05,46486,11
2e-05,46487,13
2e-05,46488,10
2e-05,46489,9
2e-05,46490,10
2e-05,46491,12
2e-05,46492,10
2e-05,46493,1
2e-05,46494,11
2e-05,46495,6
2e-05,46496,2
2e-05,46497,2
2e-05,46498,1
2e-05,46499,10
2e-05,46500,9
2e-05,46501,5
2e-05,46502,6
2e-05,46503,6
2e-05,46504,3
2e-05,46505,13
2e-05,46506,6
2e-05,46507,11
2e-05,46508,9
2e-05,46509,2
2e-05,46510,3
2e-05,46511,0
2e-05,46512,10
2e-05,46513,3
2e-05,46514,0
2e-05,46515,0
2e-05,46516,12
2e-05,46517,13
2e-05,46518,0
2e-05,46519,11
2e-05,46520,2
2e-05,46521,1
2e-05,46522,1
2e-05,46523,3
2e-05,46524,12
2e-05,46525,2
2e-05,46526,6
2e-05,46527,9
2e-05,46528,11
2e-05,46529,9
2e-05,46530,11
2e-05,46531,1
2e-05,46532,9
2e-05,46533,5
2e-05,46534,6
2e-05,46535,13
2e-05,46536,11
2e-05,46537,12
2e-05,46538,12
2e-05,46539,3
2e-05,46540,12
2e-05,46541,6
2e-05,46542,6
2e-05,46543,9
2e-05,46544,0
2e-05,46545,1
2e-05,46546,3
2e-05,46547,13
2e-05,46548,9
2e-05,46549,6
2e-05,46550,2
2e-05,46551,6
2e-05,46552,12
2e-05,46553,3
2e-05,46554,11
2e-05,46555,12
2e-05,46556,10
2e-05,46557,12
2e-05,46558,5
2e-05,46559,6
2e-05,46560,9
2e-05,46561,0
2e-05,46562,4
2e-05,46563,5
2e-05,46564,9
2e-05,46565,0
2e-05,46566,11
2e-05,46567,5
2e-05,46568,9
2e-05,46569,9
2e-05,46570,11
2e-05,46571,10
2e-05,46572,6
2e-05,46573,11
2e-05,46574,16
2e-05,46575,12
2e-05,46576,13
2e-05,46577,1
2e-05,46578,1
2e-05,46579,1
2e-05,46580,5
2e-05,46581,3
2e-05,46582,10
2e-05,46583,1
2e-05,46584,11
2e-05,46585,1
2e-05,46586,10
2e-05,46587,6
2e-05,46588,2
2e-05,46589,11
2e-05,46590,3
2e-05,46591,9
2e-05,46592,9
2e-05,46593,11
2e-05,46594,5
2e-05,46595,10
2e-05,46596,1
2e-05,46597,3
2e-05,46598,11
2e-05,46599,1
2e-05,46600,3
2e-05,46601,16
2e-05,46602,10
2e-05,46603,10
2e-05,46604,6
2e-05,46605,3
2e-05,46606,6
2e-05,46607,11
2e-05,46608,2
2e-05,46609,5
2e-05,46610,0
2e-05,46611,2
2e-05,46612,3
2e-05,46613,12
2e-05,46614,6
2e-05,46615,0
2e-05,46616,0
2e-05,46617,1
2e-05,46618,9
2e-05,46619,9
2e-05,46620,10
2e-05,46621,3
2e-05,46622,12
2e-05,46623,3
2e-05,46624,10
2e-05,46625,13
2e-05,46626,12
2e-05,46627,13
2e-05,46628,12
2e-05,46629,11
2e-05,46630,6
2e-05,46631,12
2e-05,46632,13
2e-05,46633,0
2e-05,46634,0
2e-05,46635,6
2e-05,46636,5
2e-05,46637,1
2e-05,46638,13
2e-05,46639,2
2e-05,46640,0
2e-05,46641,5
2e-05,46642,2
2e-05,46643,6
2e-05,46644,1
2e-05,46645,3
2e-05,46646,6
2e-05,46647,3
2e-05,46648,10
2e-05,46649,1
2e-05,46650,1
2e-05,46651,3
2e-05,46652,11
2e-05,46653,11
2e-05,46654,11
2e-05,46655,5
2e-05,46656,1
2e-05,46657,6
2e-05,46658,9
2e-05,46659,6
2e-05,46660,12
2e-05,46661,6
2e-05,46662,5
2e-05,46663,9
2e-05,46664,3
2e-05,46665,9
2e-05,46666,9
2e-05,46667,9
2e-05,46668,10
2e-05,46669,1
2e-05,46670,16
2e-05,46671,11
2e-05,46672,1
2e-05,46673,9
2e-05,46674,9
2e-05,46675,2
2e-05,46676,5
2e-05,46677,1
2e-05,46678,12
2e-05,46679,11
2e-05,46680,2
2e-05,46681,11
2e-05,46682,6
2e-05,46683,5
2e-05,46684,12
2e-05,46685,13
2e-05,46686,5
2e-05,46687,11
2e-05,46688,11
2e-05,46689,9
2e-05,46690,13
2e-05,46691,2
2e-05,46692,8
2e-05,46693,1
2e-05,46694,3
2e-05,46695,13
2e-05,46696,9
2e-05,46697,9
2e-05,46698,16
2e-05,46699,9
2e-05,46700,11
2e-05,46701,11
2e-05,46702,6
2e-05,46703,12
2e-05,46704,3
2e-05,46705,2
2e-05,46706,1
2e-05,46707,5
2e-05,46708,3
2e-05,46709,3
2e-05,46710,6
2e-05,46711,12
2e-05,46712,2
2e-05,46713,10
2e-05,46714,13
2e-05,46715,5
2e-05,46716,1
2e-05,46717,5
2e-05,46718,11
2e-05,46719,1
2e-05,46720,5
2e-05,46721,3
2e-05,46722,2
2e-05,46723,11
2e-05,46724,5
2e-05,46725,6
2e-05,46726,9
2e-05,46727,6
2e-05,46728,9
2e-05,46729,5
2e-05,46730,9
2e-05,46731,13
2e-05,46732,12
2e-05,46733,10
2e-05,46734,9
2e-05,46735,5
2e-05,46736,9
2e-05,46737,3
2e-05,46738,2
2e-05,46739,2
2e-05,46740,0
2e-05,46741,10
2e-05,46742,5
2e-05,46743,9
2e-05,46744,1
2e-05,46745,3
2e-05,46746,13
2e-05,46747,1
2e-05,46748,1
2e-05,46749,13
2e-05,46750,11
2e-05,46751,6
2e-05,46752,3
2e-05,46753,12
2e-05,46754,3
2e-05,46755,13
2e-05,46756,3
2e-05,46757,5
2e-05,46758,5
2e-05,46759,1
2e-05,46760,5
2e-05,46761,5
2e-05,46762,2
2e-05,46763,11
2e-05,46764,1
2e-05,46765,3
2e-05,46766,11
2e-05,46767,3
2e-05,46768,12
2e-05,46769,5
2e-05,46770,6
2e-05,46771,0
2e-05,46772,2
2e-05,46773,5
2e-05,46774,9
2e-05,46775,12
2e-05,46776,16
2e-05,46777,13
2e-05,46778,6
2e-05,46779,10
2e-05,46780,10
2e-05,46781,3
2e-05,46782,6
2e-05,46783,6
2e-05,46784,3
2e-05,46785,11
2e-05,46786,9
2e-05,46787,16
2e-05,46788,6
2e-05,46789,10
2e-05,46790,1
2e-05,46791,4
2e-05,46792,11
2e-05,46793,12
2e-05,46794,10
2e-05,46795,9
2e-05,46796,2
2e-05,46797,5
2e-05,46798,0
2e-05,46799,8
2e-05,46800,6
2e-05,46801,1
2e-05,46802,13
2e-05,46803,6
2e-05,46804,3
2e-05,46805,6
2e-05,46806,1
2e-05,46807,12
2e-05,46808,11
2e-05,46809,5
2e-05,46810,12
2e-05,46811,13
2e-05,46812,12
2e-05,46813,5
2e-05,46814,0
2e-05,46815,6
2e-05,46816,18
2e-05,46817,9
2e-05,46818,11
2e-05,46819,3
2e-05,46820,4
2e-05,46821,0
2e-05,46822,15
2e-05,46823,12
2e-05,46824,3
2e-05,46825,2
2e-05,46826,2
2e-05,46827,13
2e-05,46828,0
2e-05,46829,3
2e-05,46830,12
2e-05,46831,6
2e-05,46832,0
2e-05,46833,12
2e-05,46834,2
2e-05,46835,0
2e-05,46836,3
2e-05,46837,12
2e-05,46838,9
2e-05,46839,9
2e-05,46840,3
2e-05,46841,2
2e-05,46842,0
2e-05,46843,11
2e-05,46844,11
2e-05,46845,0
2e-05,46846,15
2e-05,46847,2
2e-05,46848,2
2e-05,46849,2
2e-05,46850,0
2e-05,46851,3
2e-05,46852,3
2e-05,46853,12
2e-05,46854,11
2e-05,46855,13
2e-05,46856,9
2e-05,46857,6
2e-05,46858,0
2e-05,46859,9
2e-05,46860,6
2e-05,46861,3
2e-05,46862,1
2e-05,46863,13
2e-05,46864,11
2e-05,46865,5
2e-05,46866,11
2e-05,46867,12
2e-05,46868,5
2e-05,46869,6
2e-05,46870,9
2e-05,46871,11
2e-05,46872,12
2e-05,46873,10
2e-05,46874,6
2e-05,46875,5
2e-05,46876,10
2e-05,46877,6
2e-05,46878,5
2e-05,46879,10
2e-05,46880,12
2e-05,46881,9
2e-05,46882,0
2e-05,46883,9
2e-05,46884,16
2e-05,46885,11
2e-05,46886,9
2e-05,46887,9
2e-05,46888,0
2e-05,46889,11
2e-05,46890,5
2e-05,46891,2
2e-05,46892,6
2e-05,46893,10
2e-05,46894,13
2e-05,46895,13
2e-05,46896,12
2e-05,46897,5
2e-05,46898,8
2e-05,46899,11
2e-05,46900,5
2e-05,46901,1
2e-05,46902,3
2e-05,46903,2
2e-05,46904,1
2e-05,46905,10
2e-05,46906,6
2e-05,46907,0
2e-05,46908,9
2e-05,46909,13
2e-05,46910,9
2e-05,46911,0
2e-05,46912,3
2e-05,46913,3
2e-05,46914,3
2e-05,46915,5
2e-05,46916,13
2e-05,46917,6
2e-05,46918,3
2e-05,46919,11
2e-05,46920,2
2e-05,46921,12
2e-05,46922,11
2e-05,46923,6
2e-05,46924,6
2e-05,46925,2
2e-05,46926,10
2e-05,46927,13
2e-05,46928,9
2e-05,46929,2
2e-05,46930,10
2e-05,46931,0
2e-05,46932,1
2e-05,46933,3
2e-05,46934,3
2e-05,46935,6
2e-05,46936,13
2e-05,46937,9
2e-05,46938,2
2e-05,46939,1
2e-05,46940,5
2e-05,46941,10
2e-05,46942,5
2e-05,46943,9
2e-05,46944,6
2e-05,46945,0
2e-05,46946,13
2e-05,46947,13
2e-05,46948,10
2e-05,46949,3
2e-05,46950,1
2e-05,46951,0
2e-05,46952,0
2e-05,46953,5
2e-05,46954,2
2e-05,46955,0
2e-05,46956,2
2e-05,46957,5
2e-05,46958,9
2e-05,46959,3
2e-05,46960,0
2e-05,46961,12
2e-05,46962,10
2e-05,46963,3
2e-05,46964,0
2e-05,46965,9
2e-05,46966,3
2e-05,46967,6
2e-05,46968,12
2e-05,46969,3
2e-05,46970,10
2e-05,46971,0
2e-05,46972,13
2e-05,46973,12
2e-05,46974,1
2e-05,46975,5
2e-05,46976,0
2e-05,46977,1
2e-05,46978,1
2e-05,46979,5
2e-05,46980,5
2e-05,46981,6
2e-05,46982,3
2e-05,46983,5
2e-05,46984,0
2e-05,46985,5
2e-05,46986,11
2e-05,46987,2
2e-05,46988,11
2e-05,46989,2
2e-05,46990,5
2e-05,46991,10
2e-05,46992,9
2e-05,46993,2
2e-05,46994,0
2e-05,46995,5
2e-05,46996,12
2e-05,46997,1
2e-05,46998,16
2e-05,46999,11
2e-05,47000,5
2e-05,47001,10
2e-05,47002,1
2e-05,47003,13
2e-05,47004,10
2e-05,47005,12
2e-05,47006,6
2e-05,47007,10
2e-05,47008,6
2e-05,47009,2
2e-05,47010,1
2e-05,47011,9
2e-05,47012,3
2e-05,47013,1
2e-05,47014,11
2e-05,47015,2
2e-05,47016,0
2e-05,47017,9
2e-05,47018,3
2e-05,47019,2
2e-05,47020,10
2e-05,47021,9
2e-05,47022,10
2e-05,47023,1
2e-05,47024,5
2e-05,47025,9
2e-05,47026,0
2e-05,47027,5
2e-05,47028,6
2e-05,47029,5
2e-05,47030,9
2e-05,47031,11
2e-05,47032,10
2e-05,47033,2
2e-05,47034,11
2e-05,47035,5
2e-05,47036,3
2e-05,47037,12
2e-05,47038,1
2e-05,47039,5
2e-05,47040,0
2e-05,47041,11
2e-05,47042,11
2e-05,47043,9
2e-05,47044,9
2e-05,47045,3
2e-05,47046,2
2e-05,47047,11
2e-05,47048,0
2e-05,47049,2
2e-05,47050,4
2e-05,47051,2
2e-05,47052,1
2e-05,47053,6
2e-05,47054,5
2e-05,47055,13
2e-05,47056,11
2e-05,47057,6
2e-05,47058,1
2e-05,47059,0
2e-05,47060,3
2e-05,47061,1
2e-05,47062,9
2e-05,47063,13
2e-05,47064,1
2e-05,47065,9
2e-05,47066,6
2e-05,47067,9
2e-05,47068,1
2e-05,47069,1
2e-05,47070,2
2e-05,47071,6
2e-05,47072,2
2e-05,47073,13
2e-05,47074,6
2e-05,47075,10
2e-05,47076,0
2e-05,47077,2
2e-05,47078,13
2e-05,47079,13
2e-05,47080,5
2e-05,47081,11
2e-05,47082,10
2e-05,47083,0
2e-05,47084,6
2e-05,47085,12
2e-05,47086,2
2e-05,47087,1
2e-05,47088,1
2e-05,47089,13
2e-05,47090,9
2e-05,47091,3
2e-05,47092,11
2e-05,47093,9
2e-05,47094,10
2e-05,47095,6
2e-05,47096,0
2e-05,47097,16
2e-05,47098,1
2e-05,47099,13
2e-05,47100,3
2e-05,47101,5
2e-05,47102,1
2e-05,47103,3
2e-05,47104,11
2e-05,47105,6
2e-05,47106,10
2e-05,47107,11
2e-05,47108,8
2e-05,47109,1
2e-05,47110,6
2e-05,47111,6
2e-05,47112,12
2e-05,47113,9
2e-05,47114,9
2e-05,47115,1
2e-05,47116,11
2e-05,47117,6
2e-05,47118,0
2e-05,47119,12
2e-05,47120,1
2e-05,47121,5
2e-05,47122,5
2e-05,47123,2
2e-05,47124,11
2e-05,47125,16
2e-05,47126,1
2e-05,47127,10
2e-05,47128,3
2e-05,47129,10
2e-05,47130,2
2e-05,47131,2
2e-05,47132,12
2e-05,47133,2
2e-05,47134,6
2e-05,47135,3
2e-05,47136,12
2e-05,47137,3
2e-05,47138,9
2e-05,47139,0
2e-05,47140,13
2e-05,47141,16
2e-05,47142,9
2e-05,47143,2
2e-05,47144,9
2e-05,47145,2
2e-05,47146,6
2e-05,47147,10
2e-05,47148,5
2e-05,47149,11
2e-05,47150,13
2e-05,47151,3
2e-05,47152,5
2e-05,47153,1
2e-05,47154,0
2e-05,47155,2
2e-05,47156,0
2e-05,47157,2
2e-05,47158,9
2e-05,47159,3
2e-05,47160,11
2e-05,47161,0
2e-05,47162,17
2e-05,47163,0
2e-05,47164,1
2e-05,47165,2
2e-05,47166,11
2e-05,47167,0
2e-05,47168,11
2e-05,47169,16
2e-05,47170,11
2e-05,47171,16
2e-05,47172,0
2e-05,47173,13
2e-05,47174,1
2e-05,47175,11
2e-05,47176,11
2e-05,47177,5
2e-05,47178,1
2e-05,47179,3
2e-05,47180,2
2e-05,47181,10
2e-05,47182,1
2e-05,47183,3
2e-05,47184,0
2e-05,47185,9
2e-05,47186,13
2e-05,47187,1
2e-05,47188,16
2e-05,47189,1
2e-05,47190,13
2e-05,47191,3
2e-05,47192,12
2e-05,47193,14
2e-05,47194,9
2e-05,47195,12
2e-05,47196,1
2e-05,47197,2
2e-05,47198,2
2e-05,47199,13
2e-05,47200,2
2e-05,47201,11
2e-05,47202,1
2e-05,47203,9
2e-05,47204,11
2e-05,47205,9
2e-05,47206,9
2e-05,47207,5
2e-05,47208,11
2e-05,47209,13
2e-05,47210,6
2e-05,47211,5
2e-05,47212,13
2e-05,47213,13
2e-05,47214,1
2e-05,47215,0
2e-05,47216,6
2e-05,47217,4
2e-05,47218,0
2e-05,47219,2
2e-05,47220,10
2e-05,47221,5
2e-05,47222,6
2e-05,47223,3
2e-05,47224,11
2e-05,47225,9
2e-05,47226,12
2e-05,47227,0
2e-05,47228,9
2e-05,47229,3
2e-05,47230,11
2e-05,47231,3
2e-05,47232,6
2e-05,47233,0
2e-05,47234,10
2e-05,47235,1
2e-05,47236,1
2e-05,47237,2
2e-05,47238,13
2e-05,47239,11
2e-05,47240,5
2e-05,47241,1
2e-05,47242,3
2e-05,47243,10
2e-05,47244,1
2e-05,47245,2
2e-05,47246,5
2e-05,47247,11
2e-05,47248,6
2e-05,47249,9
2e-05,47250,12
2e-05,47251,12
2e-05,47252,3
2e-05,47253,5
2e-05,47254,8
2e-05,47255,5
2e-05,47256,2
2e-05,47257,6
2e-05,47258,13
2e-05,47259,13
2e-05,47260,3
2e-05,47261,6
2e-05,47262,12
2e-05,47263,9
2e-05,47264,10
2e-05,47265,6
2e-05,47266,5
2e-05,47267,2
2e-05,47268,11
2e-05,47269,13
2e-05,47270,3
2e-05,47271,11
2e-05,47272,2
2e-05,47273,1
2e-05,47274,16
2e-05,47275,9
2e-05,47276,1
2e-05,47277,11
2e-05,47278,10
2e-05,47279,13
2e-05,47280,1
2e-05,47281,7
2e-05,47282,3
2e-05,47283,1
2e-05,47284,0
2e-05,47285,2
2e-05,47286,2
2e-05,47287,5
2e-05,47288,5
2e-05,47289,1
2e-05,47290,11
2e-05,47291,13
2e-05,47292,9
2e-05,47293,9
2e-05,47294,5
2e-05,47295,6
2e-05,47296,3
2e-05,47297,6
2e-05,47298,2
2e-05,47299,10
2e-05,47300,13
2e-05,47301,0
2e-05,47302,11
2e-05,47303,11
2e-05,47304,10
2e-05,47305,3
2e-05,47306,13
2e-05,47307,2
2e-05,47308,12
2e-05,47309,9
2e-05,47310,3
2e-05,47311,5
2e-05,47312,2
2e-05,47313,13
2e-05,47314,1
2e-05,47315,10
2e-05,47316,10
2e-05,47317,3
2e-05,47318,5
2e-05,47319,9
2e-05,47320,11
2e-05,47321,5
2e-05,47322,13
2e-05,47323,3
2e-05,47324,12
2e-05,47325,11
2e-05,47326,5
2e-05,47327,13
2e-05,47328,11
2e-05,47329,6
2e-05,47330,9
2e-05,47331,6
2e-05,47332,3
2e-05,47333,6
2e-05,47334,13
2e-05,47335,3
2e-05,47336,11
2e-05,47337,10
2e-05,47338,11
2e-05,47339,1
2e-05,47340,11
2e-05,47341,9
2e-05,47342,11
2e-05,47343,2
2e-05,47344,10
2e-05,47345,13
2e-05,47346,3
2e-05,47347,16
2e-05,47348,13
2e-05,47349,2
2e-05,47350,0
2e-05,47351,6
2e-05,47352,16
2e-05,47353,5
2e-05,47354,11
2e-05,47355,9
2e-05,47356,6
2e-05,47357,13
2e-05,47358,11
2e-05,47359,6
2e-05,47360,6
2e-05,47361,10
2e-05,47362,11
2e-05,47363,12
2e-05,47364,11
2e-05,47365,10
2e-05,47366,5
2e-05,47367,3
2e-05,47368,3
2e-05,47369,11
2e-05,47370,12
2e-05,47371,5
2e-05,47372,3
2e-05,47373,5
2e-05,47374,11
2e-05,47375,0
2e-05,47376,1
2e-05,47377,9
2e-05,47378,11
2e-05,47379,11
2e-05,47380,10
2e-05,47381,12
2e-05,47382,11
2e-05,47383,13
2e-05,47384,10
2e-05,47385,13
2e-05,47386,10
2e-05,47387,5
2e-05,47388,3
2e-05,47389,11
2e-05,47390,11
2e-05,47391,0
2e-05,47392,1
2e-05,47393,11
2e-05,47394,5
2e-05,47395,10
2e-05,47396,10
2e-05,47397,3
2e-05,47398,3
2e-05,47399,10
2e-05,47400,10
2e-05,47401,1
2e-05,47402,6
2e-05,47403,6
2e-05,47404,5
2e-05,47405,11
2e-05,47406,13
2e-05,47407,1
2e-05,47408,11
2e-05,47409,12
2e-05,47410,0
2e-05,47411,3
2e-05,47412,11
2e-05,47413,2
2e-05,47414,17
2e-05,47415,5
2e-05,47416,1
2e-05,47417,11
2e-05,47418,10
2e-05,47419,13
2e-05,47420,2
2e-05,47421,1
2e-05,47422,1
2e-05,47423,6
2e-05,47424,10
2e-05,47425,1
2e-05,47426,12
2e-05,47427,9
2e-05,47428,10
2e-05,47429,6
2e-05,47430,8
2e-05,47431,0
2e-05,47432,9
2e-05,47433,12
2e-05,47434,9
2e-05,47435,5
2e-05,47436,11
2e-05,47437,9
2e-05,47438,12
2e-05,47439,13
2e-05,47440,10
2e-05,47441,9
2e-05,47442,9
2e-05,47443,5
2e-05,47444,5
2e-05,47445,1
2e-05,47446,2
2e-05,47447,9
2e-05,47448,3
2e-05,47449,13
2e-05,47450,10
2e-05,47451,2
2e-05,47452,0
2e-05,47453,6
2e-05,47454,6
2e-05,47455,0
2e-05,47456,3
2e-05,47457,3
2e-05,47458,5
2e-05,47459,12
2e-05,47460,13
2e-05,47461,10
2e-05,47462,3
2e-05,47463,11
2e-05,47464,13
2e-05,47465,5
2e-05,47466,1
2e-05,47467,11
2e-05,47468,10
2e-05,47469,6
2e-05,47470,3
2e-05,47471,10
2e-05,47472,13
2e-05,47473,5
2e-05,47474,10
2e-05,47475,1
2e-05,47476,12
2e-05,47477,6
2e-05,47478,3
2e-05,47479,1
2e-05,47480,3
2e-05,47481,11
2e-05,47482,5
2e-05,47483,6
2e-05,47484,9
2e-05,47485,0
2e-05,47486,6
2e-05,47487,1
2e-05,47488,3
2e-05,47489,5
2e-05,47490,12
2e-05,47491,6
2e-05,47492,6
2e-05,47493,5
2e-05,47494,2
2e-05,47495,9
2e-05,47496,3
2e-05,47497,8
2e-05,47498,6
2e-05,47499,11
2e-05,47500,0
2e-05,47501,11
2e-05,47502,11
2e-05,47503,0
2e-05,47504,3
2e-05,47505,10
2e-05,47506,12
2e-05,47507,13
2e-05,47508,6
2e-05,47509,2
2e-05,47510,13
2e-05,47511,13
2e-05,47512,12
2e-05,47513,13
2e-05,47514,10
2e-05,47515,11
2e-05,47516,3
2e-05,47517,11
2e-05,47518,1
2e-05,47519,11
2e-05,47520,9
2e-05,47521,6
2e-05,47522,16
2e-05,47523,3
2e-05,47524,6
2e-05,47525,8
2e-05,47526,8
2e-05,47527,11
2e-05,47528,2
2e-05,47529,9
2e-05,47530,12
2e-05,47531,9
2e-05,47532,11
2e-05,47533,11
2e-05,47534,12
2e-05,47535,11
2e-05,47536,6
2e-05,47537,0
2e-05,47538,1
2e-05,47539,0
2e-05,47540,3
2e-05,47541,17
2e-05,47542,3
2e-05,47543,6
2e-05,47544,9
2e-05,47545,6
2e-05,47546,0
2e-05,47547,13
2e-05,47548,2
2e-05,47549,1
2e-05,47550,3
2e-05,47551,1
2e-05,47552,10
2e-05,47553,11
2e-05,47554,0
2e-05,47555,10
2e-05,47556,3
2e-05,47557,6
2e-05,47558,2
2e-05,47559,0
2e-05,47560,6
2e-05,47561,3
2e-05,47562,10
2e-05,47563,10
2e-05,47564,0
2e-05,47565,11
2e-05,47566,6
2e-05,47567,2
2e-05,47568,6
2e-05,47569,6
2e-05,47570,5
2e-05,47571,11
2e-05,47572,1
2e-05,47573,2
2e-05,47574,13
2e-05,47575,12
2e-05,47576,6
2e-05,47577,2
2e-05,47578,9
2e-05,47579,9
2e-05,47580,5
2e-05,47581,9
2e-05,47582,11
2e-05,47583,9
2e-05,47584,5
2e-05,47585,9
2e-05,47586,12
2e-05,47587,6
2e-05,47588,11
2e-05,47589,0
2e-05,47590,11
2e-05,47591,1
2e-05,47592,6
2e-05,47593,10
2e-05,47594,16
2e-05,47595,5
2e-05,47596,12
2e-05,47597,3
2e-05,47598,9
2e-05,47599,9
2e-05,47600,0
2e-05,47601,11
2e-05,47602,5
2e-05,47603,5
2e-05,47604,12
2e-05,47605,12
2e-05,47606,2
2e-05,47607,1
2e-05,47608,13
2e-05,47609,0
2e-05,47610,1
2e-05,47611,3
2e-05,47612,12
2e-05,47613,9
2e-05,47614,1
2e-05,47615,12
2e-05,47616,6
2e-05,47617,1
2e-05,47618,2
2e-05,47619,11
2e-05,47620,11
2e-05,47621,0
2e-05,47622,1
2e-05,47623,2
2e-05,47624,6
2e-05,47625,3
2e-05,47626,2
2e-05,47627,13
2e-05,47628,0
2e-05,47629,13
2e-05,47630,11
2e-05,47631,3
2e-05,47632,7
2e-05,47633,2
2e-05,47634,3
2e-05,47635,11
2e-05,47636,5
2e-05,47637,2
2e-05,47638,5
2e-05,47639,3
2e-05,47640,9
2e-05,47641,9
2e-05,47642,6
2e-05,47643,8
2e-05,47644,2
2e-05,47645,11
2e-05,47646,6
2e-05,47647,13
2e-05,47648,13
2e-05,47649,3
2e-05,47650,0
2e-05,47651,2
2e-05,47652,3
2e-05,47653,11
2e-05,47654,11
2e-05,47655,11
2e-05,47656,0
2e-05,47657,10
2e-05,47658,13
2e-05,47659,3
2e-05,47660,6
2e-05,47661,0
2e-05,47662,9
2e-05,47663,3
2e-05,47664,1
2e-05,47665,13
2e-05,47666,1
2e-05,47667,2
2e-05,47668,12
2e-05,47669,10
2e-05,47670,9
2e-05,47671,12
2e-05,47672,9
2e-05,47673,10
2e-05,47674,12
2e-05,47675,1
2e-05,47676,13
2e-05,47677,13
2e-05,47678,2
2e-05,47679,12
2e-05,47680,5
2e-05,47681,3
2e-05,47682,13
2e-05,47683,1
2e-05,47684,12
2e-05,47685,13
2e-05,47686,1
2e-05,47687,3
2e-05,47688,0
2e-05,47689,1
2e-05,47690,3
2e-05,47691,10
2e-05,47692,11
2e-05,47693,9
2e-05,47694,11
2e-05,47695,1
2e-05,47696,1
2e-05,47697,12
2e-05,47698,3
2e-05,47699,10
2e-05,47700,1
2e-05,47701,3
2e-05,47702,12
2e-05,47703,2
2e-05,47704,9
2e-05,47705,1
2e-05,47706,5
2e-05,47707,3
2e-05,47708,0
2e-05,47709,0
2e-05,47710,9
2e-05,47711,4
2e-05,47712,6
2e-05,47713,11
2e-05,47714,11
2e-05,47715,6
2e-05,47716,12
2e-05,47717,3
2e-05,47718,3
2e-05,47719,0
2e-05,47720,10
2e-05,47721,13
2e-05,47722,12
2e-05,47723,11
2e-05,47724,0
2e-05,47725,5
2e-05,47726,12
2e-05,47727,11
2e-05,47728,0
2e-05,47729,2
2e-05,47730,10
2e-05,47731,6
2e-05,47732,0
2e-05,47733,11
2e-05,47734,12
2e-05,47735,6
2e-05,47736,2
2e-05,47737,11
2e-05,47738,2
2e-05,47739,12
2e-05,47740,12
2e-05,47741,11
2e-05,47742,11
2e-05,47743,13
2e-05,47744,13
2e-05,47745,9
2e-05,47746,6
2e-05,47747,0
2e-05,47748,0
2e-05,47749,13
2e-05,47750,0
2e-05,47751,6
2e-05,47752,2
2e-05,47753,6
2e-05,47754,2
2e-05,47755,5
2e-05,47756,11
2e-05,47757,3
2e-05,47758,2
2e-05,47759,11
2e-05,47760,3
2e-05,47761,6
2e-05,47762,3
2e-05,47763,5
2e-05,47764,7
2e-05,47765,0
2e-05,47766,0
2e-05,47767,3
2e-05,47768,3
2e-05,47769,10
2e-05,47770,11
2e-05,47771,12
2e-05,47772,0
2e-05,47773,3
2e-05,47774,5
2e-05,47775,16
2e-05,47776,5
2e-05,47777,9
2e-05,47778,13
2e-05,47779,18
2e-05,47780,9
2e-05,47781,0
2e-05,47782,10
2e-05,47783,5
2e-05,47784,10
2e-05,47785,11
2e-05,47786,0
2e-05,47787,2
2e-05,47788,3
2e-05,47789,11
2e-05,47790,6
2e-05,47791,3
2e-05,47792,0
2e-05,47793,12
2e-05,47794,13
2e-05,47795,11
2e-05,47796,9
2e-05,47797,1
2e-05,47798,10
2e-05,47799,8
2e-05,47800,10
2e-05,47801,6
2e-05,47802,10
2e-05,47803,3
2e-05,47804,9
2e-05,47805,9
2e-05,47806,3
2e-05,47807,6
2e-05,47808,1
2e-05,47809,9
2e-05,47810,3
2e-05,47811,5
2e-05,47812,9
2e-05,47813,1
2e-05,47814,5
2e-05,47815,10
2e-05,47816,1
2e-05,47817,6
2e-05,47818,9
2e-05,47819,11
2e-05,47820,3
2e-05,47821,0
2e-05,47822,6
2e-05,47823,2
2e-05,47824,12
2e-05,47825,0
2e-05,47826,9
2e-05,47827,0
2e-05,47828,5
2e-05,47829,3
2e-05,47830,3
2e-05,47831,4
2e-05,47832,0
2e-05,47833,5
2e-05,47834,16
2e-05,47835,2
2e-05,47836,5
2e-05,47837,13
2e-05,47838,6
2e-05,47839,10
2e-05,47840,2
2e-05,47841,1
2e-05,47842,6
2e-05,47843,2
2e-05,47844,11
2e-05,47845,12
2e-05,47846,12
2e-05,47847,1
2e-05,47848,9
2e-05,47849,0
2e-05,47850,9
2e-05,47851,3
2e-05,47852,0
2e-05,47853,0
2e-05,47854,3
2e-05,47855,13
2e-05,47856,6
2e-05,47857,6
2e-05,47858,10
2e-05,47859,1
2e-05,47860,12
2e-05,47861,13
2e-05,47862,1
2e-05,47863,6
2e-05,47864,12
2e-05,47865,10
2e-05,47866,6
2e-05,47867,0
2e-05,47868,11
2e-05,47869,1
2e-05,47870,9
2e-05,47871,1
2e-05,47872,13
2e-05,47873,12
2e-05,47874,8
2e-05,47875,13
2e-05,47876,5
2e-05,47877,6
2e-05,47878,10
2e-05,47879,5
2e-05,47880,3
2e-05,47881,11
2e-05,47882,10
2e-05,47883,10
2e-05,47884,13
2e-05,47885,0
2e-05,47886,9
2e-05,47887,13
2e-05,47888,10
2e-05,47889,3
2e-05,47890,0
2e-05,47891,3
2e-05,47892,3
2e-05,47893,1
2e-05,47894,0
2e-05,47895,11
2e-05,47896,13
2e-05,47897,9
2e-05,47898,11
2e-05,47899,5
2e-05,47900,5
2e-05,47901,11
2e-05,47902,1
2e-05,47903,12
2e-05,47904,1
2e-05,47905,5
2e-05,47906,0
2e-05,47907,6
2e-05,47908,6
2e-05,47909,0
2e-05,47910,3
2e-05,47911,9
2e-05,47912,9
2e-05,47913,12
2e-05,47914,12
2e-05,47915,0
2e-05,47916,5
2e-05,47917,11
2e-05,47918,6
2e-05,47919,1
2e-05,47920,2
2e-05,47921,1
2e-05,47922,2
2e-05,47923,5
2e-05,47924,12
2e-05,47925,9
2e-05,47926,6
2e-05,47927,2
2e-05,47928,5
2e-05,47929,11
2e-05,47930,11
2e-05,47931,13
2e-05,47932,0
2e-05,47933,3
2e-05,47934,12
2e-05,47935,6
2e-05,47936,3
2e-05,47937,1
2e-05,47938,9
2e-05,47939,16
2e-05,47940,3
2e-05,47941,6
2e-05,47942,5
2e-05,47943,12
2e-05,47944,6
2e-05,47945,5
2e-05,47946,10
2e-05,47947,12
2e-05,47948,13
2e-05,47949,3
2e-05,47950,12
2e-05,47951,10
2e-05,47952,6
2e-05,47953,3
2e-05,47954,6
2e-05,47955,5
2e-05,47956,6
2e-05,47957,10
2e-05,47958,10
2e-05,47959,6
2e-05,47960,2
2e-05,47961,3
2e-05,47962,10
2e-05,47963,1
2e-05,47964,13
2e-05,47965,6
2e-05,47966,6
2e-05,47967,5
2e-05,47968,5
2e-05,47969,12
2e-05,47970,9
2e-05,47971,6
2e-05,47972,3
2e-05,47973,2
2e-05,47974,6
2e-05,47975,9
2e-05,47976,6
2e-05,47977,0
2e-05,47978,0
2e-05,47979,9
2e-05,47980,6
2e-05,47981,11
2e-05,47982,10
2e-05,47983,1
2e-05,47984,6
2e-05,47985,2
2e-05,47986,12
2e-05,47987,6
2e-05,47988,1
2e-05,47989,13
2e-05,47990,12
2e-05,47991,1
2e-05,47992,11
2e-05,47993,10
2e-05,47994,11
2e-05,47995,11
2e-05,47996,6
2e-05,47997,5
2e-05,47998,11
2e-05,47999,10
2e-05,48000,1
2e-05,48001,5
2e-05,48002,12
2e-05,48003,9
2e-05,48004,2
2e-05,48005,9
2e-05,48006,11
2e-05,48007,9
2e-05,48008,11
2e-05,48009,11
2e-05,48010,1
2e-05,48011,11
2e-05,48012,10
2e-05,48013,5
2e-05,48014,9
2e-05,48015,0
2e-05,48016,9
2e-05,48017,9
2e-05,48018,12
2e-05,48019,1
2e-05,48020,11
2e-05,48021,1
2e-05,48022,11
2e-05,48023,1
2e-05,48024,9
2e-05,48025,12
2e-05,48026,9
2e-05,48027,3
2e-05,48028,13
2e-05,48029,16
2e-05,48030,1
2e-05,48031,5
2e-05,48032,3
2e-05,48033,12
2e-05,48034,12
2e-05,48035,2
2e-05,48036,12
2e-05,48037,6
2e-05,48038,9
2e-05,48039,2
2e-05,48040,5
2e-05,48041,12
2e-05,48042,13
2e-05,48043,0
2e-05,48044,1
2e-05,48045,6
2e-05,48046,10
2e-05,48047,11
2e-05,48048,1
2e-05,48049,5
2e-05,48050,6
2e-05,48051,1
2e-05,48052,2
2e-05,48053,13
2e-05,48054,10
2e-05,48055,9
2e-05,48056,3
2e-05,48057,0
2e-05,48058,6
2e-05,48059,13
2e-05,48060,0
2e-05,48061,6
2e-05,48062,6
2e-05,48063,9
2e-05,48064,9
2e-05,48065,0
2e-05,48066,9
2e-05,48067,2
2e-05,48068,2
2e-05,48069,3
2e-05,48070,5
2e-05,48071,10
2e-05,48072,9
2e-05,48073,16
2e-05,48074,3
2e-05,48075,2
2e-05,48076,11
2e-05,48077,5
2e-05,48078,3
2e-05,48079,2
2e-05,48080,3
2e-05,48081,12
2e-05,48082,11
2e-05,48083,12
2e-05,48084,2
2e-05,48085,10
2e-05,48086,8
2e-05,48087,8
2e-05,48088,10
2e-05,48089,3
2e-05,48090,0
2e-05,48091,2
2e-05,48092,13
2e-05,48093,6
2e-05,48094,9
2e-05,48095,1
2e-05,48096,12
2e-05,48097,16
2e-05,48098,2
2e-05,48099,5
2e-05,48100,0
2e-05,48101,15
2e-05,48102,6
2e-05,48103,3
2e-05,48104,6
2e-05,48105,3
2e-05,48106,13
2e-05,48107,11
2e-05,48108,6
2e-05,48109,3
2e-05,48110,11
2e-05,48111,3
2e-05,48112,11
2e-05,48113,6
2e-05,48114,9
2e-05,48115,12
2e-05,48116,3
2e-05,48117,6
2e-05,48118,13
2e-05,48119,9
2e-05,48120,5
2e-05,48121,6
2e-05,48122,0
2e-05,48123,10
2e-05,48124,0
2e-05,48125,1
2e-05,48126,1
2e-05,48127,6
2e-05,48128,9
2e-05,48129,10
2e-05,48130,5
2e-05,48131,5
2e-05,48132,13
2e-05,48133,1
2e-05,48134,12
2e-05,48135,0
2e-05,48136,11
2e-05,48137,0
2e-05,48138,11
2e-05,48139,9
2e-05,48140,11
2e-05,48141,12
2e-05,48142,10
2e-05,48143,2
2e-05,48144,2
2e-05,48145,13
2e-05,48146,0
2e-05,48147,1
2e-05,48148,3
2e-05,48149,2
2e-05,48150,12
2e-05,48151,0
2e-05,48152,11
2e-05,48153,3
2e-05,48154,13
2e-05,48155,12
2e-05,48156,3
2e-05,48157,5
2e-05,48158,12
2e-05,48159,16
2e-05,48160,5
2e-05,48161,13
2e-05,48162,1
2e-05,48163,2
2e-05,48164,13
2e-05,48165,13
2e-05,48166,11
2e-05,48167,11
2e-05,48168,12
2e-05,48169,6
2e-05,48170,2
2e-05,48171,1
2e-05,48172,12
2e-05,48173,0
2e-05,48174,12
2e-05,48175,9
2e-05,48176,6
2e-05,48177,6
2e-05,48178,16
2e-05,48179,3
2e-05,48180,3
2e-05,48181,13
2e-05,48182,10
2e-05,48183,6
2e-05,48184,10
2e-05,48185,10
2e-05,48186,13
2e-05,48187,12
2e-05,48188,5
2e-05,48189,11
2e-05,48190,6
2e-05,48191,1
2e-05,48192,2
2e-05,48193,2
2e-05,48194,10
2e-05,48195,10
2e-05,48196,0
2e-05,48197,8
2e-05,48198,11
2e-05,48199,6
2e-05,48200,9
2e-05,48201,9
2e-05,48202,11
2e-05,48203,12
2e-05,48204,6
2e-05,48205,13
2e-05,48206,13
2e-05,48207,1
2e-05,48208,5
2e-05,48209,5
2e-05,48210,2
2e-05,48211,0
2e-05,48212,8
2e-05,48213,9
2e-05,48214,3
2e-05,48215,13
2e-05,48216,12
2e-05,48217,2
2e-05,48218,10
2e-05,48219,12
2e-05,48220,5
2e-05,48221,10
2e-05,48222,11
2e-05,48223,11
2e-05,48224,9
2e-05,48225,3
2e-05,48226,11
2e-05,48227,13
2e-05,48228,3
2e-05,48229,5
2e-05,48230,6
2e-05,48231,2
2e-05,48232,6
2e-05,48233,3
2e-05,48234,6
2e-05,48235,12
2e-05,48236,5
2e-05,48237,5
2e-05,48238,12
2e-05,48239,13
2e-05,48240,11
2e-05,48241,0
2e-05,48242,12
2e-05,48243,12
2e-05,48244,2
2e-05,48245,10
2e-05,48246,6
2e-05,48247,0
2e-05,48248,3
2e-05,48249,0
2e-05,48250,12
2e-05,48251,9
2e-05,48252,6
2e-05,48253,0
2e-05,48254,11
2e-05,48255,6
2e-05,48256,1
2e-05,48257,13
2e-05,48258,0
2e-05,48259,9
2e-05,48260,13
2e-05,48261,13
2e-05,48262,5
2e-05,48263,10
2e-05,48264,0
2e-05,48265,1
2e-05,48266,10
2e-05,48267,6
2e-05,48268,13
2e-05,48269,11
2e-05,48270,5
2e-05,48271,12
2e-05,48272,0
2e-05,48273,9
2e-05,48274,5
2e-05,48275,10
2e-05,48276,10
2e-05,48277,10
2e-05,48278,5
2e-05,48279,11
2e-05,48280,6
2e-05,48281,10
2e-05,48282,0
2e-05,48283,10
2e-05,48284,2
2e-05,48285,1
2e-05,48286,1
2e-05,48287,3
2e-05,48288,0
2e-05,48289,13
2e-05,48290,5
2e-05,48291,1
2e-05,48292,1
2e-05,48293,1
2e-05,48294,0
2e-05,48295,11
2e-05,48296,9
2e-05,48297,3
2e-05,48298,12
2e-05,48299,1
2e-05,48300,10
2e-05,48301,6
2e-05,48302,5
2e-05,48303,3
2e-05,48304,11
2e-05,48305,3
2e-05,48306,3
2e-05,48307,1
2e-05,48308,9
2e-05,48309,13
2e-05,48310,9
2e-05,48311,6
2e-05,48312,6
2e-05,48313,12
2e-05,48314,2
2e-05,48315,0
2e-05,48316,11
2e-05,48317,11
2e-05,48318,10
2e-05,48319,0
2e-05,48320,2
2e-05,48321,5
2e-05,48322,11
2e-05,48323,11
2e-05,48324,13
2e-05,48325,6
2e-05,48326,2
2e-05,48327,13
2e-05,48328,11
2e-05,48329,5
2e-05,48330,9
2e-05,48331,0
2e-05,48332,11
2e-05,48333,1
2e-05,48334,6
2e-05,48335,3
2e-05,48336,0
2e-05,48337,12
2e-05,48338,12
2e-05,48339,3
2e-05,48340,5
2e-05,48341,5
2e-05,48342,0
2e-05,48343,12
2e-05,48344,0
2e-05,48345,0
2e-05,48346,10
2e-05,48347,9
2e-05,48348,3
2e-05,48349,1
2e-05,48350,5
2e-05,48351,11
2e-05,48352,10
2e-05,48353,13
2e-05,48354,13
2e-05,48355,1
2e-05,48356,2
2e-05,48357,3
2e-05,48358,2
2e-05,48359,2
2e-05,48360,1
2e-05,48361,5
2e-05,48362,3
2e-05,48363,3
2e-05,48364,5
2e-05,48365,9
2e-05,48366,5
2e-05,48367,3
2e-05,48368,10
2e-05,48369,9
2e-05,48370,13
2e-05,48371,1
2e-05,48372,2
2e-05,48373,16
2e-05,48374,1
2e-05,48375,10
2e-05,48376,6
2e-05,48377,9
2e-05,48378,10
2e-05,48379,11
2e-05,48380,10
2e-05,48381,9
2e-05,48382,12
2e-05,48383,0
2e-05,48384,9
2e-05,48385,9
2e-05,48386,9
2e-05,48387,2
2e-05,48388,5
2e-05,48389,9
2e-05,48390,6
2e-05,48391,2
2e-05,48392,1
2e-05,48393,13
2e-05,48394,1
2e-05,48395,6
2e-05,48396,12
2e-05,48397,5
2e-05,48398,10
2e-05,48399,10
2e-05,48400,0
2e-05,48401,1
2e-05,48402,6
2e-05,48403,13
2e-05,48404,0
2e-05,48405,3
2e-05,48406,6
2e-05,48407,3
2e-05,48408,10
2e-05,48409,12
2e-05,48410,16
2e-05,48411,11
2e-05,48412,10
2e-05,48413,11
2e-05,48414,5
2e-05,48415,10
2e-05,48416,6
2e-05,48417,11
2e-05,48418,12
2e-05,48419,10
2e-05,48420,3
2e-05,48421,9
2e-05,48422,5
2e-05,48423,6
2e-05,48424,5
2e-05,48425,2
2e-05,48426,9
2e-05,48427,16
2e-05,48428,3
2e-05,48429,9
2e-05,48430,13
2e-05,48431,13
2e-05,48432,3
2e-05,48433,9
2e-05,48434,13
2e-05,48435,6
2e-05,48436,11
2e-05,48437,10
2e-05,48438,1
2e-05,48439,16
2e-05,48440,2
2e-05,48441,1
2e-05,48442,5
2e-05,48443,10
2e-05,48444,9
2e-05,48445,1
2e-05,48446,12
2e-05,48447,6
2e-05,48448,0
2e-05,48449,0
2e-05,48450,11
2e-05,48451,9
2e-05,48452,3
2e-05,48453,8
2e-05,48454,10
2e-05,48455,13
2e-05,48456,13
2e-05,48457,5
2e-05,48458,13
2e-05,48459,6
2e-05,48460,5
2e-05,48461,11
2e-05,48462,16
2e-05,48463,6
2e-05,48464,6
2e-05,48465,0
2e-05,48466,9
2e-05,48467,13
2e-05,48468,0
2e-05,48469,11
2e-05,48470,9
2e-05,48471,9
2e-05,48472,11
2e-05,48473,6
2e-05,48474,5
2e-05,48475,11
2e-05,48476,1
2e-05,48477,9
2e-05,48478,2
2e-05,48479,3
2e-05,48480,12
2e-05,48481,9
2e-05,48482,9
2e-05,48483,11
2e-05,48484,2
2e-05,48485,0
2e-05,48486,12
2e-05,48487,11
2e-05,48488,0
2e-05,48489,0
2e-05,48490,0
2e-05,48491,6
2e-05,48492,1
2e-05,48493,6
2e-05,48494,13
2e-05,48495,3
2e-05,48496,5
2e-05,48497,11
2e-05,48498,2
2e-05,48499,2
2e-05,48500,10
2e-05,48501,10
2e-05,48502,11
2e-05,48503,13
2e-05,48504,0
2e-05,48505,10
2e-05,48506,6
2e-05,48507,11
2e-05,48508,12
2e-05,48509,3
2e-05,48510,10
2e-05,48511,9
2e-05,48512,10
2e-05,48513,1
2e-05,48514,6
2e-05,48515,6
2e-05,48516,9
2e-05,48517,13
2e-05,48518,3
2e-05,48519,13
2e-05,48520,0
2e-05,48521,12
2e-05,48522,11
2e-05,48523,6
2e-05,48524,1
2e-05,48525,13
2e-05,48526,11
2e-05,48527,11
2e-05,48528,5
2e-05,48529,10
2e-05,48530,5
2e-05,48531,5
2e-05,48532,6
2e-05,48533,3
2e-05,48534,10
2e-05,48535,13
2e-05,48536,6
2e-05,48537,0
2e-05,48538,10
2e-05,48539,6
2e-05,48540,10
2e-05,48541,10
2e-05,48542,2
2e-05,48543,2
2e-05,48544,5
2e-05,48545,5
2e-05,48546,13
2e-05,48547,11
2e-05,48548,6
2e-05,48549,13
2e-05,48550,11
2e-05,48551,6
2e-05,48552,12
2e-05,48553,11
2e-05,48554,11
2e-05,48555,3
2e-05,48556,13
2e-05,48557,0
2e-05,48558,2
2e-05,48559,1
2e-05,48560,10
2e-05,48561,6
2e-05,48562,5
2e-05,48563,2
2e-05,48564,6
2e-05,48565,0
2e-05,48566,12
2e-05,48567,12
2e-05,48568,5
2e-05,48569,3
2e-05,48570,16
2e-05,48571,11
2e-05,48572,9
2e-05,48573,1
2e-05,48574,5
2e-05,48575,6
2e-05,48576,13
2e-05,48577,4
2e-05,48578,6
2e-05,48579,0
2e-05,48580,12
2e-05,48581,5
2e-05,48582,10
2e-05,48583,10
2e-05,48584,3
2e-05,48585,12
2e-05,48586,12
2e-05,48587,2
2e-05,48588,12
2e-05,48589,12
2e-05,48590,13
2e-05,48591,11
2e-05,48592,11
2e-05,48593,11
2e-05,48594,0
2e-05,48595,12
2e-05,48596,13
2e-05,48597,6
2e-05,48598,13
2e-05,48599,9
2e-05,48600,10
2e-05,48601,10
2e-05,48602,3
2e-05,48603,10
2e-05,48604,1
2e-05,48605,11
2e-05,48606,0
2e-05,48607,3
2e-05,48608,5
2e-05,48609,11
2e-05,48610,2
2e-05,48611,2
2e-05,48612,6
2e-05,48613,0
2e-05,48614,3
2e-05,48615,5
2e-05,48616,1
2e-05,48617,0
2e-05,48618,13
2e-05,48619,9
2e-05,48620,0
2e-05,48621,10
2e-05,48622,5
2e-05,48623,16
2e-05,48624,12
2e-05,48625,3
2e-05,48626,12
2e-05,48627,1
2e-05,48628,0
2e-05,48629,2
2e-05,48630,9
2e-05,48631,2
2e-05,48632,5
2e-05,48633,5
2e-05,48634,6
2e-05,48635,0
2e-05,48636,5
2e-05,48637,12
2e-05,48638,9
2e-05,48639,2
2e-05,48640,11
2e-05,48641,11
2e-05,48642,3
2e-05,48643,0
2e-05,48644,10
2e-05,48645,12
2e-05,48646,6
2e-05,48647,2
2e-05,48648,10
2e-05,48649,11
2e-05,48650,4
2e-05,48651,13
2e-05,48652,0
2e-05,48653,1
2e-05,48654,9
2e-05,48655,9
2e-05,48656,0
2e-05,48657,11
2e-05,48658,11
2e-05,48659,6
2e-05,48660,1
2e-05,48661,12
2e-05,48662,10
2e-05,48663,8
2e-05,48664,3
2e-05,48665,10
2e-05,48666,9
2e-05,48667,3
2e-05,48668,9
2e-05,48669,11
2e-05,48670,9
2e-05,48671,4
2e-05,48672,5
2e-05,48673,12
2e-05,48674,5
2e-05,48675,1
2e-05,48676,13
2e-05,48677,9
2e-05,48678,2
2e-05,48679,1
2e-05,48680,12
2e-05,48681,16
2e-05,48682,3
2e-05,48683,13
2e-05,48684,6
2e-05,48685,2
2e-05,48686,2
2e-05,48687,0
2e-05,48688,9
2e-05,48689,12
2e-05,48690,1
2e-05,48691,2
2e-05,48692,6
2e-05,48693,5
2e-05,48694,1
2e-05,48695,9
2e-05,48696,11
2e-05,48697,9
2e-05,48698,8
2e-05,48699,0
2e-05,48700,6
2e-05,48701,1
2e-05,48702,11
2e-05,48703,13
2e-05,48704,11
2e-05,48705,5
2e-05,48706,1
2e-05,48707,13
2e-05,48708,3
2e-05,48709,5
2e-05,48710,17
2e-05,48711,10
2e-05,48712,12
2e-05,48713,3
2e-05,48714,12
2e-05,48715,9
2e-05,48716,1
2e-05,48717,10
2e-05,48718,11
2e-05,48719,1
2e-05,48720,9
2e-05,48721,11
2e-05,48722,11
2e-05,48723,13
2e-05,48724,13
2e-05,48725,2
2e-05,48726,5
2e-05,48727,13
2e-05,48728,11
2e-05,48729,10
2e-05,48730,11
2e-05,48731,2
2e-05,48732,5
2e-05,48733,8
2e-05,48734,5
2e-05,48735,3
2e-05,48736,13
2e-05,48737,1
2e-05,48738,5
2e-05,48739,6
2e-05,48740,9
2e-05,48741,13
2e-05,48742,11
2e-05,48743,0
2e-05,48744,6
2e-05,48745,3
2e-05,48746,11
2e-05,48747,1
2e-05,48748,6
2e-05,48749,1
2e-05,48750,0
2e-05,48751,6
2e-05,48752,0
2e-05,48753,13
2e-05,48754,6
2e-05,48755,1
2e-05,48756,5
2e-05,48757,5
2e-05,48758,9
2e-05,48759,10
2e-05,48760,3
2e-05,48761,0
2e-05,48762,2
2e-05,48763,10
2e-05,48764,11
2e-05,48765,5
2e-05,48766,2
2e-05,48767,9
2e-05,48768,6
2e-05,48769,3
2e-05,48770,13
2e-05,48771,5
2e-05,48772,10
2e-05,48773,6
2e-05,48774,3
2e-05,48775,11
2e-05,48776,6
2e-05,48777,3
2e-05,48778,0
2e-05,48779,2
2e-05,48780,12
2e-05,48781,1
2e-05,48782,2
2e-05,48783,1
2e-05,48784,6
2e-05,48785,6
2e-05,48786,1
2e-05,48787,0
2e-05,48788,5
2e-05,48789,13
2e-05,48790,3
2e-05,48791,11
2e-05,48792,1
2e-05,48793,5
2e-05,48794,0
2e-05,48795,5
2e-05,48796,11
2e-05,48797,11
2e-05,48798,11
2e-05,48799,1
2e-05,48800,10
2e-05,48801,11
2e-05,48802,5
2e-05,48803,3
2e-05,48804,9
2e-05,48805,3
2e-05,48806,3
2e-05,48807,13
2e-05,48808,2
2e-05,48809,9
2e-05,48810,6
2e-05,48811,6
2e-05,48812,13
2e-05,48813,1
2e-05,48814,9
2e-05,48815,10
2e-05,48816,13
2e-05,48817,12
2e-05,48818,12
2e-05,48819,3
2e-05,48820,10
2e-05,48821,5
2e-05,48822,5
2e-05,48823,10
2e-05,48824,0
2e-05,48825,16
2e-05,48826,17
2e-05,48827,10
2e-05,48828,11
2e-05,48829,5
2e-05,48830,11
2e-05,48831,3
2e-05,48832,10
2e-05,48833,2
2e-05,48834,17
2e-05,48835,2
2e-05,48836,10
2e-05,48837,12
2e-05,48838,11
2e-05,48839,6
2e-05,48840,3
2e-05,48841,13
2e-05,48842,11
2e-05,48843,12
2e-05,48844,11
2e-05,48845,3
2e-05,48846,6
2e-05,48847,2
2e-05,48848,11
2e-05,48849,2
2e-05,48850,9
2e-05,48851,5
2e-05,48852,11
2e-05,48853,9
2e-05,48854,3
2e-05,48855,12
2e-05,48856,1
2e-05,48857,11
2e-05,48858,3
2e-05,48859,2
2e-05,48860,2
2e-05,48861,13
2e-05,48862,13
2e-05,48863,2
2e-05,48864,3
2e-05,48865,3
2e-05,48866,3
2e-05,48867,6
2e-05,48868,0
2e-05,48869,5
2e-05,48870,2
2e-05,48871,2
2e-05,48872,13
2e-05,48873,13
2e-05,48874,3
2e-05,48875,11
2e-05,48876,5
2e-05,48877,10
2e-05,48878,13
2e-05,48879,10
2e-05,48880,3
2e-05,48881,13
2e-05,48882,3
2e-05,48883,6
2e-05,48884,12
2e-05,48885,2
2e-05,48886,10
2e-05,48887,1
2e-05,48888,2
2e-05,48889,11
2e-05,48890,12
2e-05,48891,9
2e-05,48892,13
2e-05,48893,12
2e-05,48894,11
2e-05,48895,11
2e-05,48896,5
2e-05,48897,12
2e-05,48898,11
2e-05,48899,1
2e-05,48900,0
2e-05,48901,12
2e-05,48902,11
2e-05,48903,3
2e-05,48904,10
2e-05,48905,12
2e-05,48906,2
2e-05,48907,11
2e-05,48908,3
2e-05,48909,1
2e-05,48910,0
2e-05,48911,2
2e-05,48912,2
2e-05,48913,13
2e-05,48914,6
2e-05,48915,6
2e-05,48916,1
2e-05,48917,0
2e-05,48918,6
2e-05,48919,6
2e-05,48920,9
2e-05,48921,11
2e-05,48922,0
2e-05,48923,0
2e-05,48924,0
2e-05,48925,3
2e-05,48926,2
2e-05,48927,2
2e-05,48928,6
2e-05,48929,11
2e-05,48930,12
2e-05,48931,13
2e-05,48932,6
2e-05,48933,16
2e-05,48934,1
2e-05,48935,6
2e-05,48936,6
2e-05,48937,2
2e-05,48938,0
2e-05,48939,3
2e-05,48940,2
2e-05,48941,11
2e-05,48942,6
2e-05,48943,3
2e-05,48944,9
2e-05,48945,1
2e-05,48946,11
2e-05,48947,0
2e-05,48948,11
2e-05,48949,6
2e-05,48950,11
2e-05,48951,3
2e-05,48952,6
2e-05,48953,10
2e-05,48954,6
2e-05,48955,5
2e-05,48956,1
2e-05,48957,7
2e-05,48958,11
2e-05,48959,9
2e-05,48960,1
2e-05,48961,11
2e-05,48962,13
2e-05,48963,12
2e-05,48964,1
2e-05,48965,2
2e-05,48966,11
2e-05,48967,6
2e-05,48968,11
2e-05,48969,5
2e-05,48970,13
2e-05,48971,13
2e-05,48972,2
2e-05,48973,2
2e-05,48974,11
2e-05,48975,13
2e-05,48976,2
2e-05,48977,5
2e-05,48978,13
2e-05,48979,10
2e-05,48980,0
2e-05,48981,11
2e-05,48982,6
2e-05,48983,5
2e-05,48984,13
2e-05,48985,5
2e-05,48986,11
2e-05,48987,10
2e-05,48988,2
2e-05,48989,6
2e-05,48990,10
2e-05,48991,3
2e-05,48992,0
2e-05,48993,6
2e-05,48994,0
2e-05,48995,6
2e-05,48996,3
2e-05,48997,10
2e-05,48998,2
2e-05,48999,1
2e-05,49000,6
2e-05,49001,11
2e-05,49002,6
2e-05,49003,5
2e-05,49004,3
2e-05,49005,11
2e-05,49006,13
2e-05,49007,9
2e-05,49008,12
2e-05,49009,10
2e-05,49010,13
2e-05,49011,9
2e-05,49012,0
2e-05,49013,10
2e-05,49014,3
2e-05,49015,12
2e-05,49016,0
2e-05,49017,6
2e-05,49018,12
2e-05,49019,13
2e-05,49020,11
2e-05,49021,12
2e-05,49022,11
2e-05,49023,9
2e-05,49024,11
2e-05,49025,0
2e-05,49026,6
2e-05,49027,6
2e-05,49028,2
2e-05,49029,1
2e-05,49030,6
2e-05,49031,2
2e-05,49032,13
2e-05,49033,11
2e-05,49034,10
2e-05,49035,5
2e-05,49036,2
2e-05,49037,16
2e-05,49038,12
2e-05,49039,4
2e-05,49040,5
2e-05,49041,9
2e-05,49042,6
2e-05,49043,8
2e-05,49044,3
2e-05,49045,5
2e-05,49046,12
2e-05,49047,6
2e-05,49048,5
2e-05,49049,13
2e-05,49050,3
2e-05,49051,2
2e-05,49052,9
2e-05,49053,12
2e-05,49054,11
2e-05,49055,9
2e-05,49056,6
2e-05,49057,2
2e-05,49058,1
2e-05,49059,10
2e-05,49060,3
2e-05,49061,3
2e-05,49062,9
2e-05,49063,10
2e-05,49064,5
2e-05,49065,5
2e-05,49066,9
2e-05,49067,16
2e-05,49068,10
2e-05,49069,10
2e-05,49070,2
2e-05,49071,6
2e-05,49072,11
2e-05,49073,6
2e-05,49074,0
2e-05,49075,11
2e-05,49076,3
2e-05,49077,0
2e-05,49078,5
2e-05,49079,1
2e-05,49080,11
2e-05,49081,0
2e-05,49082,1
2e-05,49083,6
2e-05,49084,1
2e-05,49085,5
2e-05,49086,6
2e-05,49087,1
2e-05,49088,12
2e-05,49089,2
2e-05,49090,11
2e-05,49091,10
2e-05,49092,9
2e-05,49093,11
2e-05,49094,6
2e-05,49095,6
2e-05,49096,5
2e-05,49097,10
2e-05,49098,5
2e-05,49099,9
2e-05,49100,0
2e-05,49101,12
2e-05,49102,10
2e-05,49103,3
2e-05,49104,12
2e-05,49105,5
2e-05,49106,5
2e-05,49107,11
2e-05,49108,0
2e-05,49109,12
2e-05,49110,2
2e-05,49111,11
2e-05,49112,3
2e-05,49113,0
2e-05,49114,6
2e-05,49115,12
2e-05,49116,12
2e-05,49117,1
2e-05,49118,5
2e-05,49119,10
2e-05,49120,11
2e-05,49121,11
2e-05,49122,10
2e-05,49123,11
2e-05,49124,1
2e-05,49125,11
2e-05,49126,13
2e-05,49127,1
2e-05,49128,6
2e-05,49129,10
2e-05,49130,13
2e-05,49131,3
2e-05,49132,2
2e-05,49133,0
2e-05,49134,0
2e-05,49135,1
2e-05,49136,10
2e-05,49137,0
2e-05,49138,5
2e-05,49139,5
2e-05,49140,13
2e-05,49141,5
2e-05,49142,12
2e-05,49143,0
2e-05,49144,0
2e-05,49145,1
2e-05,49146,2
2e-05,49147,5
2e-05,49148,11
2e-05,49149,12
2e-05,49150,2
2e-05,49151,6
2e-05,49152,10
2e-05,49153,3
2e-05,49154,13
2e-05,49155,3
2e-05,49156,0
2e-05,49157,1
2e-05,49158,11
2e-05,49159,3
2e-05,49160,13
2e-05,49161,5
2e-05,49162,0
2e-05,49163,0
2e-05,49164,13
2e-05,49165,11
2e-05,49166,12
2e-05,49167,10
2e-05,49168,10
2e-05,49169,0
2e-05,49170,9
2e-05,49171,12
2e-05,49172,6
2e-05,49173,1
2e-05,49174,12
2e-05,49175,5
2e-05,49176,0
2e-05,49177,3
2e-05,49178,0
2e-05,49179,3
2e-05,49180,1
2e-05,49181,10
2e-05,49182,3
2e-05,49183,12
2e-05,49184,10
2e-05,49185,11
2e-05,49186,10
2e-05,49187,2
2e-05,49188,12
2e-05,49189,10
2e-05,49190,5
2e-05,49191,6
2e-05,49192,6
2e-05,49193,6
2e-05,49194,17
2e-05,49195,13
2e-05,49196,12
2e-05,49197,12
2e-05,49198,0
2e-05,49199,12
2e-05,49200,5
2e-05,49201,5
2e-05,49202,13
2e-05,49203,9
2e-05,49204,2
2e-05,49205,11
2e-05,49206,1
2e-05,49207,5
2e-05,49208,0
2e-05,49209,2
2e-05,49210,13
2e-05,49211,3
2e-05,49212,0
2e-05,49213,11
2e-05,49214,3
2e-05,49215,0
2e-05,49216,12
2e-05,49217,0
2e-05,49218,11
2e-05,49219,3
2e-05,49220,9
2e-05,49221,11
2e-05,49222,10
2e-05,49223,2
2e-05,49224,10
2e-05,49225,5
2e-05,49226,2
2e-05,49227,10
2e-05,49228,2
2e-05,49229,2
2e-05,49230,11
2e-05,49231,10
2e-05,49232,3
2e-05,49233,3
2e-05,49234,3
2e-05,49235,10
2e-05,49236,3
2e-05,49237,12
2e-05,49238,9
2e-05,49239,16
2e-05,49240,11
2e-05,49241,10
2e-05,49242,1
2e-05,49243,13
2e-05,49244,2
2e-05,49245,6
2e-05,49246,3
2e-05,49247,12
2e-05,49248,11
2e-05,49249,5
2e-05,49250,9
2e-05,49251,12
2e-05,49252,5
2e-05,49253,2
2e-05,49254,2
2e-05,49255,10
2e-05,49256,0
2e-05,49257,2
2e-05,49258,1
2e-05,49259,5
2e-05,49260,10
2e-05,49261,0
2e-05,49262,2
2e-05,49263,1
2e-05,49264,12
2e-05,49265,12
2e-05,49266,5
2e-05,49267,10
2e-05,49268,1
2e-05,49269,9
2e-05,49270,6
2e-05,49271,5
2e-05,49272,1
2e-05,49273,0
2e-05,49274,13
2e-05,49275,12
2e-05,49276,13
2e-05,49277,12
2e-05,49278,0
2e-05,49279,9
2e-05,49280,3
2e-05,49281,5
2e-05,49282,11
2e-05,49283,10
2e-05,49284,10
2e-05,49285,4
2e-05,49286,9
2e-05,49287,10
2e-05,49288,5
2e-05,49289,6
2e-05,49290,0
2e-05,49291,11
2e-05,49292,2
2e-05,49293,0
2e-05,49294,0
2e-05,49295,11
2e-05,49296,9
2e-05,49297,10
2e-05,49298,13
2e-05,49299,4
2e-05,49300,6
2e-05,49301,9
2e-05,49302,9
2e-05,49303,1
2e-05,49304,0
2e-05,49305,3
2e-05,49306,11
2e-05,49307,6
2e-05,49308,10
2e-05,49309,10
2e-05,49310,12
2e-05,49311,6
2e-05,49312,13
2e-05,49313,1
2e-05,49314,0
2e-05,49315,13
2e-05,49316,6
2e-05,49317,2
2e-05,49318,6
2e-05,49319,5
2e-05,49320,11
2e-05,49321,0
2e-05,49322,9
2e-05,49323,10
2e-05,49324,10
2e-05,49325,10
2e-05,49326,12
2e-05,49327,11
2e-05,49328,13
2e-05,49329,3
2e-05,49330,2
2e-05,49331,5
2e-05,49332,11
2e-05,49333,10
2e-05,49334,9
2e-05,49335,2
2e-05,49336,1
2e-05,49337,11
2e-05,49338,9
2e-05,49339,9
2e-05,49340,5
2e-05,49341,0
2e-05,49342,11
2e-05,49343,10
2e-05,49344,2
2e-05,49345,0
2e-05,49346,13
2e-05,49347,5
2e-05,49348,1
2e-05,49349,1
2e-05,49350,6
2e-05,49351,6
2e-05,49352,0
2e-05,49353,6
2e-05,49354,1
2e-05,49355,10
2e-05,49356,5
2e-05,49357,12
2e-05,49358,1
2e-05,49359,11
2e-05,49360,11
2e-05,49361,5
2e-05,49362,4
2e-05,49363,13
2e-05,49364,9
2e-05,49365,11
2e-05,49366,10
2e-05,49367,3
2e-05,49368,12
2e-05,49369,10
2e-05,49370,9
2e-05,49371,1
2e-05,49372,0
2e-05,49373,6
2e-05,49374,0
2e-05,49375,9
2e-05,49376,9
2e-05,49377,11
2e-05,49378,13
2e-05,49379,13
2e-05,49380,3
2e-05,49381,10
2e-05,49382,2
2e-05,49383,9
2e-05,49384,2
2e-05,49385,17
2e-05,49386,13
2e-05,49387,16
2e-05,49388,3
2e-05,49389,11
2e-05,49390,0
2e-05,49391,10
2e-05,49392,0
2e-05,49393,2
2e-05,49394,3
2e-05,49395,2
2e-05,49396,11
2e-05,49397,5
2e-05,49398,1
2e-05,49399,3
2e-05,49400,12
2e-05,49401,5
2e-05,49402,1
2e-05,49403,10
2e-05,49404,2
2e-05,49405,3
2e-05,49406,5
2e-05,49407,5
2e-05,49408,11
2e-05,49409,11
2e-05,49410,1
2e-05,49411,16
2e-05,49412,10
2e-05,49413,12
2e-05,49414,6
2e-05,49415,10
2e-05,49416,10
2e-05,49417,9
2e-05,49418,0
2e-05,49419,11
2e-05,49420,6
2e-05,49421,1
2e-05,49422,10
2e-05,49423,3
2e-05,49424,9
2e-05,49425,6
2e-05,49426,3
2e-05,49427,10
2e-05,49428,5
2e-05,49429,13
2e-05,49430,12
2e-05,49431,3
2e-05,49432,0
2e-05,49433,6
2e-05,49434,0
2e-05,49435,10
2e-05,49436,1
2e-05,49437,0
2e-05,49438,5
2e-05,49439,3
2e-05,49440,10
2e-05,49441,5
2e-05,49442,1
2e-05,49443,3
2e-05,49444,10
2e-05,49445,12
2e-05,49446,12
2e-05,49447,11
2e-05,49448,9
2e-05,49449,12
2e-05,49450,0
2e-05,49451,12
2e-05,49452,12
2e-05,49453,9
2e-05,49454,5
2e-05,49455,9
2e-05,49456,10
2e-05,49457,5
2e-05,49458,13
2e-05,49459,12
2e-05,49460,11
2e-05,49461,13
2e-05,49462,9
2e-05,49463,0
2e-05,49464,6
2e-05,49465,6
2e-05,49466,13
2e-05,49467,12
2e-05,49468,6
2e-05,49469,2
2e-05,49470,11
2e-05,49471,9
2e-05,49472,9
2e-05,49473,10
2e-05,49474,2
2e-05,49475,5
2e-05,49476,11
2e-05,49477,6
2e-05,49478,11
2e-05,49479,9
2e-05,49480,9
2e-05,49481,9
2e-05,49482,9
2e-05,49483,16
2e-05,49484,11
2e-05,49485,6
2e-05,49486,1
2e-05,49487,10
2e-05,49488,2
2e-05,49489,6
2e-05,49490,1
2e-05,49491,12
2e-05,49492,5
2e-05,49493,9
2e-05,49494,2
2e-05,49495,6
2e-05,49496,3
2e-05,49497,0
2e-05,49498,0
2e-05,49499,1
2e-05,49500,6
2e-05,49501,0
2e-05,49502,2
2e-05,49503,0
2e-05,49504,10
2e-05,49505,8
2e-05,49506,12
2e-05,49507,13
2e-05,49508,5
2e-05,49509,0
2e-05,49510,13
2e-05,49511,10
2e-05,49512,6
2e-05,49513,3
2e-05,49514,10
2e-05,49515,13
2e-05,49516,1
2e-05,49517,5
2e-05,49518,6
2e-05,49519,0
2e-05,49520,9
2e-05,49521,10
2e-05,49522,5
2e-05,49523,1
2e-05,49524,11
2e-05,49525,5
2e-05,49526,9
2e-05,49527,2
2e-05,49528,10
2e-05,49529,11
2e-05,49530,1
2e-05,49531,0
2e-05,49532,5
2e-05,49533,1
2e-05,49534,5
2e-05,49535,1
2e-05,49536,1
2e-05,49537,11
2e-05,49538,4
2e-05,49539,11
2e-05,49540,1
2e-05,49541,12
2e-05,49542,10
2e-05,49543,3
2e-05,49544,0
2e-05,49545,5
2e-05,49546,2
2e-05,49547,3
2e-05,49548,2
2e-05,49549,0
2e-05,49550,10
2e-05,49551,11
2e-05,49552,11
2e-05,49553,11
2e-05,49554,5
2e-05,49555,3
2e-05,49556,0
2e-05,49557,10
2e-05,49558,5
2e-05,49559,11
2e-05,49560,11
2e-05,49561,11
2e-05,49562,10
2e-05,49563,1
2e-05,49564,6
2e-05,49565,3
2e-05,49566,5
2e-05,49567,12
2e-05,49568,5
2e-05,49569,2
2e-05,49570,11
2e-05,49571,10
2e-05,49572,11
2e-05,49573,13
2e-05,49574,12
2e-05,49575,9
2e-05,49576,2
2e-05,49577,0
2e-05,49578,2
2e-05,49579,12
2e-05,49580,9
2e-05,49581,1
2e-05,49582,9
2e-05,49583,11
2e-05,49584,13
2e-05,49585,11
2e-05,49586,5
2e-05,49587,1
2e-05,49588,3
2e-05,49589,1
2e-05,49590,2
2e-05,49591,9
2e-05,49592,11
2e-05,49593,5
2e-05,49594,13
2e-05,49595,13
2e-05,49596,6
2e-05,49597,13
2e-05,49598,6
2e-05,49599,2
2e-05,49600,0
2e-05,49601,6
2e-05,49602,1
2e-05,49603,10
2e-05,49604,1
2e-05,49605,6
2e-05,49606,5
2e-05,49607,5
2e-05,49608,0
2e-05,49609,5
2e-05,49610,3
2e-05,49611,11
2e-05,49612,11
2e-05,49613,1
2e-05,49614,0
2e-05,49615,2
2e-05,49616,9
2e-05,49617,9
2e-05,49618,2
2e-05,49619,12
2e-05,49620,9
2e-05,49621,11
2e-05,49622,1
2e-05,49623,10
2e-05,49624,9
2e-05,49625,3
2e-05,49626,13
2e-05,49627,10
2e-05,49628,10
2e-05,49629,12
2e-05,49630,10
2e-05,49631,2
2e-05,49632,13
2e-05,49633,1
2e-05,49634,12
2e-05,49635,4
2e-05,49636,0
2e-05,49637,13
2e-05,49638,10
2e-05,49639,1
2e-05,49640,16
2e-05,49641,5
2e-05,49642,3
2e-05,49643,10
2e-05,49644,0
2e-05,49645,6
2e-05,49646,1
2e-05,49647,0
2e-05,49648,6
2e-05,49649,5
2e-05,49650,11
2e-05,49651,5
2e-05,49652,11
2e-05,49653,12
2e-05,49654,2
2e-05,49655,3
2e-05,49656,11
2e-05,49657,13
2e-05,49658,0
2e-05,49659,11
2e-05,49660,12
2e-05,49661,5
2e-05,49662,9
2e-05,49663,13
2e-05,49664,3
2e-05,49665,1
2e-05,49666,5
2e-05,49667,13
2e-05,49668,11
2e-05,49669,1
2e-05,49670,11
2e-05,49671,3
2e-05,49672,13
2e-05,49673,5
2e-05,49674,13
2e-05,49675,11
2e-05,49676,11
2e-05,49677,2
2e-05,49678,3
2e-05,49679,3
2e-05,49680,6
2e-05,49681,11
2e-05,49682,6
2e-05,49683,6
2e-05,49684,0
2e-05,49685,9
2e-05,49686,1
2e-05,49687,13
2e-05,49688,0
2e-05,49689,14
2e-05,49690,12
2e-05,49691,1
2e-05,49692,2
2e-05,49693,11
2e-05,49694,5
2e-05,49695,0
2e-05,49696,4
2e-05,49697,9
2e-05,49698,13
2e-05,49699,0
2e-05,49700,6
2e-05,49701,1
2e-05,49702,12
2e-05,49703,13
2e-05,49704,3
2e-05,49705,12
2e-05,49706,5
2e-05,49707,1
2e-05,49708,9
2e-05,49709,10
2e-05,49710,10
2e-05,49711,0
2e-05,49712,13
2e-05,49713,10
2e-05,49714,9
2e-05,49715,5
2e-05,49716,10
2e-05,49717,3
2e-05,49718,3
2e-05,49719,12
2e-05,49720,2
2e-05,49721,0
2e-05,49722,13
2e-05,49723,12
2e-05,49724,2
2e-05,49725,12
2e-05,49726,0
2e-05,49727,5
2e-05,49728,9
2e-05,49729,2
2e-05,49730,10
2e-05,49731,12
2e-05,49732,10
2e-05,49733,11
2e-05,49734,3
2e-05,49735,12
2e-05,49736,9
2e-05,49737,1
2e-05,49738,2
2e-05,49739,2
2e-05,49740,3
2e-05,49741,12
2e-05,49742,10
2e-05,49743,1
2e-05,49744,2
2e-05,49745,3
2e-05,49746,6
2e-05,49747,11
2e-05,49748,9
2e-05,49749,2
2e-05,49750,9
2e-05,49751,0
2e-05,49752,13
2e-05,49753,1
2e-05,49754,3
2e-05,49755,6
2e-05,49756,5
2e-05,49757,2
2e-05,49758,2
2e-05,49759,1
2e-05,49760,1
2e-05,49761,2
2e-05,49762,5
2e-05,49763,2
2e-05,49764,3
2e-05,49765,1
2e-05,49766,0
2e-05,49767,9
2e-05,49768,9
2e-05,49769,6
2e-05,49770,2
2e-05,49771,11
2e-05,49772,12
2e-05,49773,2
2e-05,49774,11
2e-05,49775,10
2e-05,49776,5
2e-05,49777,0
2e-05,49778,9
2e-05,49779,11
2e-05,49780,0
2e-05,49781,11
2e-05,49782,5
2e-05,49783,10
2e-05,49784,5
2e-05,49785,11
2e-05,49786,12
2e-05,49787,11
2e-05,49788,5
2e-05,49789,3
2e-05,49790,9
2e-05,49791,13
2e-05,49792,13
2e-05,49793,0
2e-05,49794,9
2e-05,49795,1
2e-05,49796,12
2e-05,49797,11
2e-05,49798,5
2e-05,49799,1
2e-05,49800,13
2e-05,49801,13
2e-05,49802,11
2e-05,49803,11
2e-05,49804,12
2e-05,49805,0
2e-05,49806,0
2e-05,49807,9
2e-05,49808,12
2e-05,49809,13
2e-05,49810,0
2e-05,49811,6
2e-05,49812,11
2e-05,49813,16
2e-05,49814,9
2e-05,49815,10
2e-05,49816,11
2e-05,49817,10
2e-05,49818,0
2e-05,49819,6
2e-05,49820,3
2e-05,49821,2
2e-05,49822,0
2e-05,49823,10
2e-05,49824,1
2e-05,49825,11
2e-05,49826,3
2e-05,49827,11
2e-05,49828,9
2e-05,49829,1
2e-05,49830,5
2e-05,49831,9
2e-05,49832,6
2e-05,49833,11
2e-05,49834,0
2e-05,49835,3
2e-05,49836,8
2e-05,49837,11
2e-05,49838,9
2e-05,49839,5
2e-05,49840,6
2e-05,49841,10
2e-05,49842,13
2e-05,49843,12
2e-05,49844,5
2e-05,49845,12
2e-05,49846,13
2e-05,49847,3
2e-05,49848,9
2e-05,49849,9
2e-05,49850,9
2e-05,49851,9
2e-05,49852,3
2e-05,49853,9
2e-05,49854,2
2e-05,49855,0
2e-05,49856,5
2e-05,49857,2
2e-05,49858,10
2e-05,49859,11
2e-05,49860,9
2e-05,49861,1
2e-05,49862,11
2e-05,49863,0
2e-05,49864,11
2e-05,49865,8
2e-05,49866,10
2e-05,49867,0
2e-05,49868,9
2e-05,49869,10
2e-05,49870,10
2e-05,49871,12
2e-05,49872,11
2e-05,49873,0
2e-05,49874,0
2e-05,49875,0
2e-05,49876,2
2e-05,49877,3
2e-05,49878,13
2e-05,49879,9
2e-05,49880,3
2e-05,49881,3
2e-05,49882,9
2e-05,49883,3
2e-05,49884,10
2e-05,49885,12
2e-05,49886,12
2e-05,49887,11
2e-05,49888,10
2e-05,49889,5
2e-05,49890,9
2e-05,49891,12
2e-05,49892,11
2e-05,49893,1
2e-05,49894,1
2e-05,49895,4
2e-05,49896,11
2e-05,49897,6
2e-05,49898,0
2e-05,49899,0
2e-05,49900,9
2e-05,49901,5
2e-05,49902,2
2e-05,49903,10
2e-05,49904,6
2e-05,49905,8
2e-05,49906,12
2e-05,49907,11
2e-05,49908,1
2e-05,49909,6
2e-05,49910,9
2e-05,49911,6
2e-05,49912,13
2e-05,49913,5
2e-05,49914,13
2e-05,49915,11
2e-05,49916,2
2e-05,49917,2
2e-05,49918,2
2e-05,49919,5
2e-05,49920,1
2e-05,49921,0
2e-05,49922,12
2e-05,49923,6
2e-05,49924,2
2e-05,49925,2
2e-05,49926,9
2e-05,49927,12
2e-05,49928,9
2e-05,49929,1
2e-05,49930,10
2e-05,49931,2
2e-05,49932,10
2e-05,49933,6
2e-05,49934,2
2e-05,49935,5
2e-05,49936,0
2e-05,49937,3
2e-05,49938,9
2e-05,49939,10
2e-05,49940,5
2e-05,49941,11
2e-05,49942,9
2e-05,49943,9
2e-05,49944,0
2e-05,49945,6
2e-05,49946,1
2e-05,49947,9
2e-05,49948,1
2e-05,49949,13
2e-05,49950,11
2e-05,49951,12
2e-05,49952,9
2e-05,49953,13
2e-05,49954,1
2e-05,49955,3
2e-05,49956,10
2e-05,49957,3
2e-05,49958,2
2e-05,49959,13
2e-05,49960,10
2e-05,49961,2
2e-05,49962,6
2e-05,49963,12
2e-05,49964,10
2e-05,49965,13
2e-05,49966,1
2e-05,49967,1
2e-05,49968,1
2e-05,49969,1
2e-05,49970,5
2e-05,49971,11
2e-05,49972,13
2e-05,49973,11
2e-05,49974,10
2e-05,49975,9
2e-05,49976,6
2e-05,49977,3
2e-05,49978,12
2e-05,49979,2
2e-05,49980,10
2e-05,49981,2
2e-05,49982,11
2e-05,49983,9
2e-05,49984,12
2e-05,49985,0
2e-05,49986,6
2e-05,49987,6
2e-05,49988,13
2e-05,49989,0
2e-05,49990,6
2e-05,49991,5
2e-05,49992,3
2e-05,49993,10
2e-05,49994,13
2e-05,49995,9
2e-05,49996,0
2e-05,49997,1
2e-05,49998,1
2e-05,49999,13
2e-05,50000,3
2e-05,50001,6
2e-05,50002,13
2e-05,50003,17
2e-05,50004,12
2e-05,50005,3
2e-05,50006,6
2e-05,50007,0
2e-05,50008,13
2e-05,50009,1
2e-05,50010,2
2e-05,50011,10
2e-05,50012,2
2e-05,50013,6
2e-05,50014,9
2e-05,50015,2
2e-05,50016,9
2e-05,50017,1
2e-05,50018,0
2e-05,50019,10
2e-05,50020,13
2e-05,50021,1
2e-05,50022,9
2e-05,50023,2
2e-05,50024,0
2e-05,50025,9
2e-05,50026,10
2e-05,50027,3
2e-05,50028,1
2e-05,50029,0
2e-05,50030,12
2e-05,50031,0
2e-05,50032,0
2e-05,50033,10
2e-05,50034,5
2e-05,50035,2
2e-05,50036,10
2e-05,50037,11
2e-05,50038,12
2e-05,50039,9
2e-05,50040,6
2e-05,50041,11
2e-05,50042,5
2e-05,50043,13
2e-05,50044,2
2e-05,50045,9
2e-05,50046,6
2e-05,50047,10
2e-05,50048,5
2e-05,50049,11
2e-05,50050,5
2e-05,50051,0
2e-05,50052,5
2e-05,50053,3
2e-05,50054,10
2e-05,50055,1
2e-05,50056,6
2e-05,50057,13
2e-05,50058,10
2e-05,50059,10
2e-05,50060,1
2e-05,50061,1
2e-05,50062,9
2e-05,50063,5
2e-05,50064,5
2e-05,50065,10
2e-05,50066,5
2e-05,50067,13
2e-05,50068,9
2e-05,50069,1
2e-05,50070,0
2e-05,50071,4
2e-05,50072,0
2e-05,50073,8
2e-05,50074,11
2e-05,50075,5
2e-05,50076,3
2e-05,50077,1
2e-05,50078,0
2e-05,50079,11
2e-05,50080,13
2e-05,50081,0
2e-05,50082,2
2e-05,50083,13
2e-05,50084,12
2e-05,50085,10
2e-05,50086,9
2e-05,50087,2
2e-05,50088,9
2e-05,50089,6
2e-05,50090,12
2e-05,50091,11
2e-05,50092,2
2e-05,50093,3
2e-05,50094,1
2e-05,50095,13
2e-05,50096,12
2e-05,50097,2
2e-05,50098,2
2e-05,50099,13
2e-05,50100,9
2e-05,50101,0
2e-05,50102,2
2e-05,50103,1
2e-05,50104,5
2e-05,50105,16
2e-05,50106,11
2e-05,50107,10
2e-05,50108,0
2e-05,50109,10
2e-05,50110,3
2e-05,50111,11
2e-05,50112,2
2e-05,50113,13
2e-05,50114,8
2e-05,50115,2
2e-05,50116,2
2e-05,50117,13
2e-05,50118,10
2e-05,50119,2
2e-05,50120,12
2e-05,50121,2
2e-05,50122,1
2e-05,50123,5
2e-05,50124,1
2e-05,50125,0
2e-05,50126,11
2e-05,50127,1
2e-05,50128,13
2e-05,50129,5
2e-05,50130,5
2e-05,50131,1
2e-05,50132,12
2e-05,50133,13
2e-05,50134,11
2e-05,50135,2
2e-05,50136,9
2e-05,50137,0
2e-05,50138,1
2e-05,50139,11
2e-05,50140,16
2e-05,50141,3
2e-05,50142,6
2e-05,50143,13
2e-05,50144,13
2e-05,50145,17
2e-05,50146,0
2e-05,50147,0
2e-05,50148,6
2e-05,50149,1
2e-05,50150,11
2e-05,50151,6
2e-05,50152,9
2e-05,50153,1
2e-05,50154,11
2e-05,50155,0
2e-05,50156,2
2e-05,50157,13
2e-05,50158,6
2e-05,50159,6
2e-05,50160,6
2e-05,50161,12
2e-05,50162,2
2e-05,50163,11
2e-05,50164,6
2e-05,50165,1
2e-05,50166,12
2e-05,50167,12
2e-05,50168,2
2e-05,50169,11
2e-05,50170,2
2e-05,50171,2
2e-05,50172,9
2e-05,50173,10
2e-05,50174,11
2e-05,50175,5
2e-05,50176,9
2e-05,50177,3
2e-05,50178,5
2e-05,50179,2
2e-05,50180,5
2e-05,50181,3
2e-05,50182,5
2e-05,50183,3
2e-05,50184,11
2e-05,50185,13
2e-05,50186,9
2e-05,50187,9
2e-05,50188,13
2e-05,50189,3
2e-05,50190,10
2e-05,50191,6
2e-05,50192,9
2e-05,50193,5
2e-05,50194,13
2e-05,50195,2
2e-05,50196,13
2e-05,50197,9
2e-05,50198,0
2e-05,50199,11
2e-05,50200,6
2e-05,50201,2
2e-05,50202,9
2e-05,50203,0
2e-05,50204,5
2e-05,50205,11
2e-05,50206,6
2e-05,50207,11
2e-05,50208,2
2e-05,50209,6
2e-05,50210,5
2e-05,50211,12
2e-05,50212,5
2e-05,50213,10
2e-05,50214,0
2e-05,50215,9
2e-05,50216,3
2e-05,50217,2
2e-05,50218,1
2e-05,50219,3
2e-05,50220,2
2e-05,50221,10
2e-05,50222,1
2e-05,50223,3
2e-05,50224,6
2e-05,50225,11
2e-05,50226,4
2e-05,50227,1
2e-05,50228,1
2e-05,50229,13
2e-05,50230,10
2e-05,50231,1
2e-05,50232,6
2e-05,50233,0
2e-05,50234,11
2e-05,50235,6
2e-05,50236,2
2e-05,50237,13
2e-05,50238,12
2e-05,50239,0
2e-05,50240,12
2e-05,50241,0
2e-05,50242,9
2e-05,50243,13
2e-05,50244,5
2e-05,50245,7
2e-05,50246,12
2e-05,50247,2
2e-05,50248,6
2e-05,50249,11
2e-05,50250,11
2e-05,50251,9
2e-05,50252,3
2e-05,50253,6
2e-05,50254,0
2e-05,50255,11
2e-05,50256,10
2e-05,50257,16
2e-05,50258,3
2e-05,50259,5
2e-05,50260,3
2e-05,50261,3
2e-05,50262,13
2e-05,50263,10
2e-05,50264,0
2e-05,50265,2
2e-05,50266,12
2e-05,50267,2
2e-05,50268,3
2e-05,50269,1
2e-05,50270,2
2e-05,50271,2
2e-05,50272,11
2e-05,50273,9
2e-05,50274,5
2e-05,50275,2
2e-05,50276,6
2e-05,50277,0
2e-05,50278,6
2e-05,50279,13
2e-05,50280,2
2e-05,50281,13
2e-05,50282,8
2e-05,50283,10
2e-05,50284,11
2e-05,50285,10
2e-05,50286,13
2e-05,50287,5
2e-05,50288,13
2e-05,50289,10
2e-05,50290,12
2e-05,50291,3
2e-05,50292,11
2e-05,50293,12
2e-05,50294,3
2e-05,50295,3
2e-05,50296,2
2e-05,50297,0
2e-05,50298,9
2e-05,50299,12
2e-05,50300,3
2e-05,50301,12
2e-05,50302,0
2e-05,50303,1
2e-05,50304,1
2e-05,50305,9
2e-05,50306,1
2e-05,50307,9
2e-05,50308,0
2e-05,50309,9
2e-05,50310,5
2e-05,50311,15
2e-05,50312,5
2e-05,50313,13
2e-05,50314,11
2e-05,50315,0
2e-05,50316,13
2e-05,50317,1
2e-05,50318,13
2e-05,50319,0
2e-05,50320,5
2e-05,50321,5
2e-05,50322,9
2e-05,50323,9
2e-05,50324,6
2e-05,50325,12
2e-05,50326,3
2e-05,50327,5
2e-05,50328,9
2e-05,50329,0
2e-05,50330,0
2e-05,50331,5
2e-05,50332,4
2e-05,50333,0
2e-05,50334,16
2e-05,50335,16
2e-05,50336,11
2e-05,50337,5
2e-05,50338,0
2e-05,50339,5
2e-05,50340,0
2e-05,50341,17
2e-05,50342,10
2e-05,50343,1
2e-05,50344,3
2e-05,50345,5
2e-05,50346,16
2e-05,50347,3
2e-05,50348,1
2e-05,50349,9
2e-05,50350,2
2e-05,50351,1
2e-05,50352,0
2e-05,50353,0
2e-05,50354,9
2e-05,50355,3
2e-05,50356,6
2e-05,50357,0
2e-05,50358,11
2e-05,50359,0
2e-05,50360,10
2e-05,50361,10
2e-05,50362,10
2e-05,50363,6
2e-05,50364,11
2e-05,50365,11
2e-05,50366,12
2e-05,50367,13
2e-05,50368,12
2e-05,50369,5
2e-05,50370,5
2e-05,50371,6
2e-05,50372,2
2e-05,50373,11
2e-05,50374,0
2e-05,50375,5
2e-05,50376,1
2e-05,50377,0
2e-05,50378,11
2e-05,50379,9
2e-05,50380,9
2e-05,50381,3
2e-05,50382,0
2e-05,50383,16
2e-05,50384,12
2e-05,50385,11
2e-05,50386,2
2e-05,50387,9
2e-05,50388,2
2e-05,50389,6
2e-05,50390,0
2e-05,50391,10
2e-05,50392,2
2e-05,50393,0
2e-05,50394,2
2e-05,50395,11
2e-05,50396,11
2e-05,50397,5
2e-05,50398,9
2e-05,50399,5
2e-05,50400,10
2e-05,50401,0
2e-05,50402,3
2e-05,50403,0
2e-05,50404,1
2e-05,50405,6
2e-05,50406,3
2e-05,50407,3
2e-05,50408,9
2e-05,50409,6
2e-05,50410,10
2e-05,50411,2
2e-05,50412,13
2e-05,50413,0
2e-05,50414,2
2e-05,50415,4
2e-05,50416,10
2e-05,50417,1
2e-05,50418,11
2e-05,50419,3
2e-05,50420,12
2e-05,50421,2
2e-05,50422,1
2e-05,50423,5
2e-05,50424,0
2e-05,50425,5
2e-05,50426,11
2e-05,50427,9
2e-05,50428,11
2e-05,50429,5
2e-05,50430,11
2e-05,50431,11
2e-05,50432,6
2e-05,50433,12
2e-05,50434,11
2e-05,50435,3
2e-05,50436,9
2e-05,50437,3
2e-05,50438,2
2e-05,50439,6
2e-05,50440,13
2e-05,50441,6
2e-05,50442,11
2e-05,50443,0
2e-05,50444,1
2e-05,50445,3
2e-05,50446,3
2e-05,50447,11
2e-05,50448,10
2e-05,50449,5
2e-05,50450,2
2e-05,50451,10
2e-05,50452,6
2e-05,50453,1
2e-05,50454,10
2e-05,50455,1
2e-05,50456,11
2e-05,50457,2
2e-05,50458,12
2e-05,50459,0
2e-05,50460,13
2e-05,50461,12
2e-05,50462,5
2e-05,50463,12
2e-05,50464,10
2e-05,50465,9
2e-05,50466,5
2e-05,50467,3
2e-05,50468,3
2e-05,50469,11
2e-05,50470,0
2e-05,50471,4
2e-05,50472,12
2e-05,50473,13
2e-05,50474,13
2e-05,50475,6
2e-05,50476,1
2e-05,50477,6
2e-05,50478,3
2e-05,50479,9
2e-05,50480,5
2e-05,50481,6
2e-05,50482,13
2e-05,50483,5
2e-05,50484,0
2e-05,50485,9
2e-05,50486,12
2e-05,50487,2
2e-05,50488,9
2e-05,50489,9
2e-05,50490,1
2e-05,50491,11
2e-05,50492,9
2e-05,50493,6
2e-05,50494,1
2e-05,50495,2
2e-05,50496,5
2e-05,50497,13
2e-05,50498,12
2e-05,50499,0
2e-05,50500,0
2e-05,50501,3
2e-05,50502,13
2e-05,50503,16
2e-05,50504,1
2e-05,50505,8
2e-05,50506,12
2e-05,50507,6
2e-05,50508,12
2e-05,50509,9
2e-05,50510,9
2e-05,50511,10
2e-05,50512,11
2e-05,50513,3
2e-05,50514,1
2e-05,50515,10
2e-05,50516,3
2e-05,50517,11
2e-05,50518,6
2e-05,50519,11
2e-05,50520,9
2e-05,50521,5
2e-05,50522,12
2e-05,50523,12
2e-05,50524,11
2e-05,50525,3
2e-05,50526,13
2e-05,50527,12
2e-05,50528,10
2e-05,50529,9
2e-05,50530,2
2e-05,50531,0
2e-05,50532,2
2e-05,50533,3
2e-05,50534,1
2e-05,50535,10
2e-05,50536,1
2e-05,50537,6
2e-05,50538,1
2e-05,50539,3
2e-05,50540,11
2e-05,50541,5
2e-05,50542,10
2e-05,50543,2
2e-05,50544,6
2e-05,50545,11
2e-05,50546,3
2e-05,50547,12
2e-05,50548,0
2e-05,50549,13
2e-05,50550,5
2e-05,50551,11
2e-05,50552,13
2e-05,50553,10
2e-05,50554,5
2e-05,50555,9
2e-05,50556,10
2e-05,50557,1
2e-05,50558,13
2e-05,50559,11
2e-05,50560,1
2e-05,50561,10
2e-05,50562,11
2e-05,50563,12
2e-05,50564,0
2e-05,50565,11
2e-05,50566,2
2e-05,50567,3
2e-05,50568,12
2e-05,50569,12
2e-05,50570,6
2e-05,50571,2
2e-05,50572,10
2e-05,50573,1
2e-05,50574,9
2e-05,50575,2
2e-05,50576,12
2e-05,50577,13
2e-05,50578,6
2e-05,50579,5
2e-05,50580,6
2e-05,50581,9
2e-05,50582,6
2e-05,50583,11
2e-05,50584,3
2e-05,50585,12
2e-05,50586,1
2e-05,50587,10
2e-05,50588,3
2e-05,50589,9
2e-05,50590,2
2e-05,50591,10
2e-05,50592,2
2e-05,50593,12
2e-05,50594,0
2e-05,50595,6
2e-05,50596,0
2e-05,50597,3
2e-05,50598,3
2e-05,50599,11
2e-05,50600,2
2e-05,50601,9
2e-05,50602,2
2e-05,50603,0
2e-05,50604,10
2e-05,50605,1
2e-05,50606,11
2e-05,50607,12
2e-05,50608,5
2e-05,50609,9
2e-05,50610,1
2e-05,50611,2
2e-05,50612,3
2e-05,50613,2
2e-05,50614,3
2e-05,50615,0
2e-05,50616,9
2e-05,50617,12
2e-05,50618,3
2e-05,50619,13
2e-05,50620,0
2e-05,50621,2
2e-05,50622,3
2e-05,50623,6
2e-05,50624,3
2e-05,50625,10
2e-05,50626,3
2e-05,50627,2
2e-05,50628,12
2e-05,50629,10
2e-05,50630,6
2e-05,50631,5
2e-05,50632,2
2e-05,50633,0
2e-05,50634,1
2e-05,50635,5
2e-05,50636,1
2e-05,50637,13
2e-05,50638,9
2e-05,50639,6
2e-05,50640,9
2e-05,50641,0
2e-05,50642,5
2e-05,50643,12
2e-05,50644,3
2e-05,50645,5
2e-05,50646,6
2e-05,50647,13
2e-05,50648,11
2e-05,50649,5
2e-05,50650,5
2e-05,50651,5
2e-05,50652,9
2e-05,50653,11
2e-05,50654,1
2e-05,50655,2
2e-05,50656,0
2e-05,50657,11
2e-05,50658,10
2e-05,50659,5
2e-05,50660,0
2e-05,50661,0
2e-05,50662,9
2e-05,50663,10
2e-05,50664,12
2e-05,50665,1
2e-05,50666,11
2e-05,50667,0
2e-05,50668,6
2e-05,50669,13
2e-05,50670,3
2e-05,50671,9
2e-05,50672,6
2e-05,50673,12
2e-05,50674,5
2e-05,50675,5
2e-05,50676,10
2e-05,50677,0
2e-05,50678,8
2e-05,50679,0
2e-05,50680,12
2e-05,50681,13
2e-05,50682,11
2e-05,50683,11
2e-05,50684,1
2e-05,50685,1
2e-05,50686,11
2e-05,50687,11
2e-05,50688,10
2e-05,50689,3
2e-05,50690,13
2e-05,50691,5
2e-05,50692,13
2e-05,50693,3
2e-05,50694,11
2e-05,50695,10
2e-05,50696,12
2e-05,50697,0
2e-05,50698,1
2e-05,50699,9
2e-05,50700,3
2e-05,50701,6
2e-05,50702,9
2e-05,50703,6
2e-05,50704,9
2e-05,50705,11
2e-05,50706,9
2e-05,50707,4
2e-05,50708,3
2e-05,50709,13
2e-05,50710,11
2e-05,50711,11
2e-05,50712,1
2e-05,50713,5
2e-05,50714,11
2e-05,50715,1
2e-05,50716,5
2e-05,50717,11
2e-05,50718,3
2e-05,50719,9
2e-05,50720,1
2e-05,50721,1
2e-05,50722,10
2e-05,50723,9
2e-05,50724,10
2e-05,50725,6
2e-05,50726,2
2e-05,50727,9
2e-05,50728,10
2e-05,50729,11
2e-05,50730,3
2e-05,50731,1
2e-05,50732,9
2e-05,50733,0
2e-05,50734,9
2e-05,50735,10
2e-05,50736,0
2e-05,50737,6
2e-05,50738,1
2e-05,50739,9
2e-05,50740,1
2e-05,50741,0
2e-05,50742,6
2e-05,50743,3
2e-05,50744,11
2e-05,50745,10
2e-05,50746,2
2e-05,50747,12
2e-05,50748,6
2e-05,50749,9
2e-05,50750,5
2e-05,50751,2
2e-05,50752,9
2e-05,50753,10
2e-05,50754,11
2e-05,50755,3
2e-05,50756,2
2e-05,50757,11
2e-05,50758,5
2e-05,50759,2
2e-05,50760,0
2e-05,50761,9
2e-05,50762,0
2e-05,50763,2
2e-05,50764,2
2e-05,50765,3
2e-05,50766,13
2e-05,50767,0
2e-05,50768,5
2e-05,50769,11
2e-05,50770,2
2e-05,50771,12
2e-05,50772,0
2e-05,50773,5
2e-05,50774,0
2e-05,50775,12
2e-05,50776,9
2e-05,50777,1
2e-05,50778,1
2e-05,50779,13
2e-05,50780,3
2e-05,50781,15
2e-05,50782,5
2e-05,50783,9
2e-05,50784,0
2e-05,50785,12
2e-05,50786,2
2e-05,50787,11
2e-05,50788,13
2e-05,50789,12
2e-05,50790,12
2e-05,50791,8
2e-05,50792,1
2e-05,50793,9
2e-05,50794,3
2e-05,50795,3
2e-05,50796,0
2e-05,50797,0
2e-05,50798,11
2e-05,50799,11
2e-05,50800,1
2e-05,50801,2
2e-05,50802,11
2e-05,50803,5
2e-05,50804,8
2e-05,50805,9
2e-05,50806,3
2e-05,50807,2
2e-05,50808,11
2e-05,50809,12
2e-05,50810,9
2e-05,50811,5
2e-05,50812,2
2e-05,50813,2
2e-05,50814,12
2e-05,50815,3
2e-05,50816,3
2e-05,50817,9
2e-05,50818,1
2e-05,50819,11
2e-05,50820,3
2e-05,50821,11
2e-05,50822,1
2e-05,50823,9
2e-05,50824,13
2e-05,50825,6
2e-05,50826,10
2e-05,50827,3
2e-05,50828,12
2e-05,50829,5
2e-05,50830,13
2e-05,50831,6
2e-05,50832,2
2e-05,50833,1
2e-05,50834,11
2e-05,50835,9
2e-05,50836,5
2e-05,50837,9
2e-05,50838,2
2e-05,50839,12
2e-05,50840,13
2e-05,50841,2
2e-05,50842,5
2e-05,50843,9
2e-05,50844,5
2e-05,50845,13
2e-05,50846,11
2e-05,50847,9
2e-05,50848,10
2e-05,50849,13
2e-05,50850,10
2e-05,50851,11
2e-05,50852,11
2e-05,50853,10
2e-05,50854,10
2e-05,50855,9
2e-05,50856,10
2e-05,50857,6
2e-05,50858,8
2e-05,50859,13
2e-05,50860,3
2e-05,50861,0
2e-05,50862,10
2e-05,50863,0
2e-05,50864,6
2e-05,50865,11
2e-05,50866,0
2e-05,50867,12
2e-05,50868,11
2e-05,50869,1
2e-05,50870,9
2e-05,50871,9
2e-05,50872,11
2e-05,50873,3
2e-05,50874,12
2e-05,50875,10
2e-05,50876,10
2e-05,50877,9
2e-05,50878,12
2e-05,50879,11
2e-05,50880,13
2e-05,50881,10
2e-05,50882,1
2e-05,50883,9
2e-05,50884,0
2e-05,50885,9
2e-05,50886,2
2e-05,50887,5
2e-05,50888,1
2e-05,50889,4
2e-05,50890,0
2e-05,50891,0
2e-05,50892,2
2e-05,50893,13
2e-05,50894,3
2e-05,50895,11
2e-05,50896,12
2e-05,50897,3
2e-05,50898,0
2e-05,50899,0
2e-05,50900,9
2e-05,50901,6
2e-05,50902,13
2e-05,50903,9
2e-05,50904,1
2e-05,50905,12
2e-05,50906,1
2e-05,50907,2
2e-05,50908,3
2e-05,50909,10
2e-05,50910,0
2e-05,50911,10
2e-05,50912,9
2e-05,50913,11
2e-05,50914,13
2e-05,50915,1
2e-05,50916,5
2e-05,50917,2
2e-05,50918,11
2e-05,50919,2
2e-05,50920,5
2e-05,50921,12
2e-05,50922,3
2e-05,50923,6
2e-05,50924,5
2e-05,50925,3
2e-05,50926,1
2e-05,50927,13
2e-05,50928,10
2e-05,50929,2
2e-05,50930,9
2e-05,50931,9
2e-05,50932,3
2e-05,50933,1
2e-05,50934,13
2e-05,50935,11
2e-05,50936,11
2e-05,50937,18
2e-05,50938,10
2e-05,50939,10
2e-05,50940,6
2e-05,50941,3
2e-05,50942,0
2e-05,50943,0
2e-05,50944,10
2e-05,50945,3
2e-05,50946,0
2e-05,50947,2
2e-05,50948,5
2e-05,50949,5
2e-05,50950,3
2e-05,50951,10
2e-05,50952,6
2e-05,50953,1
2e-05,50954,11
2e-05,50955,5
2e-05,50956,2
2e-05,50957,2
2e-05,50958,12
2e-05,50959,0
2e-05,50960,13
2e-05,50961,2
2e-05,50962,5
2e-05,50963,11
2e-05,50964,3
2e-05,50965,10
2e-05,50966,13
2e-05,50967,0
2e-05,50968,9
2e-05,50969,2
2e-05,50970,6
2e-05,50971,1
2e-05,50972,5
2e-05,50973,13
2e-05,50974,5
2e-05,50975,9
2e-05,50976,11
2e-05,50977,12
2e-05,50978,6
2e-05,50979,1
2e-05,50980,13
2e-05,50981,2
2e-05,50982,11
2e-05,50983,9
2e-05,50984,2
2e-05,50985,1
2e-05,50986,3
2e-05,50987,11
2e-05,50988,0
2e-05,50989,6
2e-05,50990,10
2e-05,50991,12
2e-05,50992,1
2e-05,50993,3
2e-05,50994,6
2e-05,50995,6
2e-05,50996,6
2e-05,50997,3
2e-05,50998,6
2e-05,50999,11
2e-05,51000,2
2e-05,51001,5
2e-05,51002,9
2e-05,51003,1
2e-05,51004,3
2e-05,51005,10
2e-05,51006,2
2e-05,51007,5
2e-05,51008,0
2e-05,51009,2
2e-05,51010,12
2e-05,51011,4
2e-05,51012,3
2e-05,51013,2
2e-05,51014,12
2e-05,51015,1
2e-05,51016,13
2e-05,51017,13
2e-05,51018,12
2e-05,51019,10
2e-05,51020,13
2e-05,51021,1
2e-05,51022,3
2e-05,51023,13
2e-05,51024,3
2e-05,51025,2
2e-05,51026,9
2e-05,51027,0
2e-05,51028,6
2e-05,51029,9
2e-05,51030,2
2e-05,51031,11
2e-05,51032,6
2e-05,51033,0
2e-05,51034,6
2e-05,51035,11
2e-05,51036,11
2e-05,51037,9
2e-05,51038,11
2e-05,51039,3
2e-05,51040,6
2e-05,51041,2
2e-05,51042,12
2e-05,51043,0
2e-05,51044,5
2e-05,51045,13
2e-05,51046,0
2e-05,51047,7
2e-05,51048,2
2e-05,51049,13
2e-05,51050,9
2e-05,51051,0
2e-05,51052,0
2e-05,51053,11
2e-05,51054,13
2e-05,51055,2
2e-05,51056,0
2e-05,51057,12
2e-05,51058,10
2e-05,51059,5
2e-05,51060,16
2e-05,51061,2
2e-05,51062,2
2e-05,51063,6
2e-05,51064,12
2e-05,51065,13
2e-05,51066,2
2e-05,51067,3
2e-05,51068,3
2e-05,51069,1
2e-05,51070,11
2e-05,51071,0
2e-05,51072,3
2e-05,51073,11
2e-05,51074,10
2e-05,51075,13
2e-05,51076,3
2e-05,51077,5
2e-05,51078,1
2e-05,51079,2
2e-05,51080,0
2e-05,51081,12
2e-05,51082,6
2e-05,51083,13
2e-05,51084,1
2e-05,51085,10
2e-05,51086,3
2e-05,51087,3
2e-05,51088,0
2e-05,51089,6
2e-05,51090,3
2e-05,51091,9
2e-05,51092,6
2e-05,51093,8
2e-05,51094,1
2e-05,51095,3
2e-05,51096,3
2e-05,51097,0
2e-05,51098,1
2e-05,51099,8
2e-05,51100,5
2e-05,51101,6
2e-05,51102,13
2e-05,51103,6
2e-05,51104,11
2e-05,51105,11
2e-05,51106,3
2e-05,51107,10
2e-05,51108,2
2e-05,51109,10
2e-05,51110,6
2e-05,51111,6
2e-05,51112,2
2e-05,51113,5
2e-05,51114,9
2e-05,51115,10
2e-05,51116,1
2e-05,51117,11
2e-05,51118,2
2e-05,51119,2
2e-05,51120,8
2e-05,51121,9
2e-05,51122,11
2e-05,51123,3
2e-05,51124,5
2e-05,51125,11
2e-05,51126,1
2e-05,51127,5
2e-05,51128,3
2e-05,51129,6
2e-05,51130,9
2e-05,51131,5
2e-05,51132,6
2e-05,51133,12
2e-05,51134,3
2e-05,51135,12
2e-05,51136,6
2e-05,51137,1
2e-05,51138,11
2e-05,51139,0
2e-05,51140,1
2e-05,51141,12
2e-05,51142,0
2e-05,51143,10
2e-05,51144,9
2e-05,51145,3
2e-05,51146,11
2e-05,51147,2
2e-05,51148,11
2e-05,51149,0
2e-05,51150,3
2e-05,51151,12
2e-05,51152,1
2e-05,51153,12
2e-05,51154,10
2e-05,51155,5
2e-05,51156,12
2e-05,51157,1
2e-05,51158,3
2e-05,51159,9
2e-05,51160,13
2e-05,51161,5
2e-05,51162,12
2e-05,51163,0
2e-05,51164,11
2e-05,51165,6
2e-05,51166,9
2e-05,51167,13
2e-05,51168,10
2e-05,51169,4
2e-05,51170,3
2e-05,51171,2
2e-05,51172,0
2e-05,51173,13
2e-05,51174,5
2e-05,51175,4
2e-05,51176,1
2e-05,51177,2
2e-05,51178,6
2e-05,51179,3
2e-05,51180,2
2e-05,51181,0
2e-05,51182,3
2e-05,51183,1
2e-05,51184,13
2e-05,51185,12
2e-05,51186,2
2e-05,51187,10
2e-05,51188,10
2e-05,51189,10
2e-05,51190,11
2e-05,51191,13
2e-05,51192,13
2e-05,51193,6
2e-05,51194,6
2e-05,51195,2
2e-05,51196,11
2e-05,51197,1
2e-05,51198,12
2e-05,51199,11
2e-05,51200,5
2e-05,51201,11
2e-05,51202,11
2e-05,51203,12
2e-05,51204,12
2e-05,51205,5
2e-05,51206,0
2e-05,51207,3
2e-05,51208,6
2e-05,51209,1
2e-05,51210,12
2e-05,51211,1
2e-05,51212,5
2e-05,51213,0
2e-05,51214,5
2e-05,51215,10
2e-05,51216,0
2e-05,51217,2
2e-05,51218,0
2e-05,51219,1
2e-05,51220,3
2e-05,51221,10
2e-05,51222,11
2e-05,51223,12
2e-05,51224,2
2e-05,51225,1
2e-05,51226,12
2e-05,51227,1
2e-05,51228,6
2e-05,51229,6
2e-05,51230,5
2e-05,51231,1
2e-05,51232,0
2e-05,51233,12
2e-05,51234,2
2e-05,51235,16
2e-05,51236,11
2e-05,51237,10
2e-05,51238,11
2e-05,51239,1
2e-05,51240,2
2e-05,51241,13
2e-05,51242,6
2e-05,51243,6
2e-05,51244,6
2e-05,51245,3
2e-05,51246,6
2e-05,51247,9
2e-05,51248,2
2e-05,51249,10
2e-05,51250,11
2e-05,51251,1
2e-05,51252,12
2e-05,51253,12
2e-05,51254,0
2e-05,51255,11
2e-05,51256,12
2e-05,51257,10
2e-05,51258,3
2e-05,51259,3
2e-05,51260,2
2e-05,51261,9
2e-05,51262,6
2e-05,51263,5
2e-05,51264,10
2e-05,51265,11
2e-05,51266,13
2e-05,51267,5
2e-05,51268,6
2e-05,51269,6
2e-05,51270,3
2e-05,51271,9
2e-05,51272,4
2e-05,51273,11
2e-05,51274,10
2e-05,51275,10
2e-05,51276,10
2e-05,51277,5
2e-05,51278,5
2e-05,51279,12
2e-05,51280,0
2e-05,51281,3
2e-05,51282,5
2e-05,51283,6
2e-05,51284,11
2e-05,51285,9
2e-05,51286,5
2e-05,51287,5
2e-05,51288,3
2e-05,51289,6
2e-05,51290,5
2e-05,51291,10
2e-05,51292,11
2e-05,51293,1
2e-05,51294,1
2e-05,51295,5
2e-05,51296,5
2e-05,51297,0
2e-05,51298,1
2e-05,51299,11
2e-05,51300,13
2e-05,51301,10
2e-05,51302,0
2e-05,51303,12
2e-05,51304,5
2e-05,51305,7
2e-05,51306,0
2e-05,51307,5
2e-05,51308,0
2e-05,51309,2
2e-05,51310,2
2e-05,51311,6
2e-05,51312,6
2e-05,51313,9
2e-05,51314,12
2e-05,51315,3
2e-05,51316,2
2e-05,51317,10
2e-05,51318,6
2e-05,51319,5
2e-05,51320,1
2e-05,51321,2
2e-05,51322,12
2e-05,51323,1
2e-05,51324,11
2e-05,51325,11
2e-05,51326,1
2e-05,51327,2
2e-05,51328,4
2e-05,51329,3
2e-05,51330,3
2e-05,51331,10
2e-05,51332,10
2e-05,51333,10
2e-05,51334,9
2e-05,51335,5
2e-05,51336,6
2e-05,51337,6
2e-05,51338,0
2e-05,51339,12
2e-05,51340,12
2e-05,51341,5
2e-05,51342,6
2e-05,51343,1
2e-05,51344,12
2e-05,51345,12
2e-05,51346,12
2e-05,51347,1
2e-05,51348,1
2e-05,51349,6
2e-05,51350,3
2e-05,51351,3
2e-05,51352,3
2e-05,51353,0
2e-05,51354,6
2e-05,51355,6
2e-05,51356,9
2e-05,51357,10
2e-05,51358,1
2e-05,51359,10
2e-05,51360,2
2e-05,51361,13
2e-05,51362,10
2e-05,51363,5
2e-05,51364,13
2e-05,51365,12
2e-05,51366,2
2e-05,51367,1
2e-05,51368,12
2e-05,51369,9
2e-05,51370,9
2e-05,51371,10
2e-05,51372,6
2e-05,51373,9
2e-05,51374,1
2e-05,51375,11
2e-05,51376,6
2e-05,51377,3
2e-05,51378,2
2e-05,51379,11
2e-05,51380,3
2e-05,51381,12
2e-05,51382,3
2e-05,51383,12
2e-05,51384,13
2e-05,51385,6
2e-05,51386,6
2e-05,51387,10
2e-05,51388,10
2e-05,51389,11
2e-05,51390,6
2e-05,51391,12
2e-05,51392,12
2e-05,51393,13
2e-05,51394,12
2e-05,51395,10
2e-05,51396,6
2e-05,51397,9
2e-05,51398,5
2e-05,51399,6
2e-05,51400,1
2e-05,51401,6
2e-05,51402,1
2e-05,51403,9
2e-05,51404,0
2e-05,51405,9
2e-05,51406,9
2e-05,51407,11
2e-05,51408,12
2e-05,51409,5
2e-05,51410,11
2e-05,51411,0
2e-05,51412,10
2e-05,51413,2
2e-05,51414,11
2e-05,51415,0
2e-05,51416,12
2e-05,51417,2
2e-05,51418,13
2e-05,51419,3
2e-05,51420,3
2e-05,51421,12
2e-05,51422,10
2e-05,51423,12
2e-05,51424,6
2e-05,51425,12
2e-05,51426,0
2e-05,51427,6
2e-05,51428,9
2e-05,51429,2
2e-05,51430,1
2e-05,51431,4
2e-05,51432,10
2e-05,51433,3
2e-05,51434,0
2e-05,51435,5
2e-05,51436,3
2e-05,51437,13
2e-05,51438,13
2e-05,51439,11
2e-05,51440,9
2e-05,51441,6
2e-05,51442,5
2e-05,51443,6
2e-05,51444,6
2e-05,51445,9
2e-05,51446,10
2e-05,51447,9
2e-05,51448,11
2e-05,51449,10
2e-05,51450,6
2e-05,51451,12
2e-05,51452,10
2e-05,51453,6
2e-05,51454,6
2e-05,51455,10
2e-05,51456,5
2e-05,51457,1
2e-05,51458,10
2e-05,51459,12
2e-05,51460,11
2e-05,51461,11
2e-05,51462,1
2e-05,51463,1
2e-05,51464,11
2e-05,51465,3
2e-05,51466,3
2e-05,51467,2
2e-05,51468,11
2e-05,51469,2
2e-05,51470,6
2e-05,51471,5
2e-05,51472,9
2e-05,51473,12
2e-05,51474,11
2e-05,51475,6
2e-05,51476,13
2e-05,51477,6
2e-05,51478,11
2e-05,51479,11
2e-05,51480,10
2e-05,51481,11
2e-05,51482,13
2e-05,51483,13
2e-05,51484,6
2e-05,51485,11
2e-05,51486,0
2e-05,51487,3
2e-05,51488,2
2e-05,51489,10
2e-05,51490,0
2e-05,51491,0
2e-05,51492,5
2e-05,51493,9
2e-05,51494,13
2e-05,51495,5
2e-05,51496,0
2e-05,51497,1
2e-05,51498,0
2e-05,51499,3
2e-05,51500,5
2e-05,51501,10
2e-05,51502,13
2e-05,51503,11
2e-05,51504,10
2e-05,51505,0
2e-05,51506,12
2e-05,51507,1
2e-05,51508,12
2e-05,51509,3
2e-05,51510,6
2e-05,51511,9
2e-05,51512,5
2e-05,51513,9
2e-05,51514,3
2e-05,51515,5
2e-05,51516,11
2e-05,51517,10
2e-05,51518,12
2e-05,51519,12
2e-05,51520,10
2e-05,51521,10
2e-05,51522,5
2e-05,51523,6
2e-05,51524,11
2e-05,51525,11
2e-05,51526,0
2e-05,51527,6
2e-05,51528,1
2e-05,51529,11
2e-05,51530,11
2e-05,51531,9
2e-05,51532,6
2e-05,51533,6
2e-05,51534,1
2e-05,51535,0
2e-05,51536,9
2e-05,51537,6
2e-05,51538,13
2e-05,51539,16
2e-05,51540,6
2e-05,51541,0
2e-05,51542,5
2e-05,51543,13
2e-05,51544,1
2e-05,51545,10
2e-05,51546,11
2e-05,51547,1
2e-05,51548,2
2e-05,51549,11
2e-05,51550,3
2e-05,51551,11
2e-05,51552,5
2e-05,51553,2
2e-05,51554,14
2e-05,51555,12
2e-05,51556,12
2e-05,51557,5
2e-05,51558,0
2e-05,51559,0
2e-05,51560,10
2e-05,51561,11
2e-05,51562,6
2e-05,51563,0
2e-05,51564,12
2e-05,51565,5
2e-05,51566,16
2e-05,51567,0
2e-05,51568,11
2e-05,51569,6
2e-05,51570,9
2e-05,51571,9
2e-05,51572,12
2e-05,51573,1
2e-05,51574,6
2e-05,51575,6
2e-05,51576,6
2e-05,51577,6
2e-05,51578,11
2e-05,51579,0
2e-05,51580,2
2e-05,51581,2
2e-05,51582,12
2e-05,51583,3
2e-05,51584,9
2e-05,51585,5
2e-05,51586,5
2e-05,51587,9
2e-05,51588,0
2e-05,51589,11
2e-05,51590,0
2e-05,51591,5
2e-05,51592,10
2e-05,51593,3
2e-05,51594,2
2e-05,51595,0
2e-05,51596,7
2e-05,51597,2
2e-05,51598,12
2e-05,51599,3
2e-05,51600,6
2e-05,51601,0
2e-05,51602,1
2e-05,51603,6
2e-05,51604,1
2e-05,51605,0
2e-05,51606,1
2e-05,51607,2
2e-05,51608,10
2e-05,51609,12
2e-05,51610,0
2e-05,51611,11
2e-05,51612,11
2e-05,51613,13
2e-05,51614,9
2e-05,51615,9
2e-05,51616,6
2e-05,51617,3
2e-05,51618,3
2e-05,51619,4
2e-05,51620,1
2e-05,51621,12
2e-05,51622,13
2e-05,51623,0
2e-05,51624,11
2e-05,51625,3
2e-05,51626,1
2e-05,51627,5
2e-05,51628,5
2e-05,51629,5
2e-05,51630,9
2e-05,51631,13
2e-05,51632,9
2e-05,51633,10
2e-05,51634,9
2e-05,51635,12
2e-05,51636,6
2e-05,51637,3
2e-05,51638,5
2e-05,51639,0
2e-05,51640,13
2e-05,51641,1
2e-05,51642,9
2e-05,51643,5
2e-05,51644,1
2e-05,51645,9
2e-05,51646,9
2e-05,51647,3
2e-05,51648,0
2e-05,51649,5
2e-05,51650,3
2e-05,51651,12
2e-05,51652,1
2e-05,51653,6
2e-05,51654,10
2e-05,51655,1
2e-05,51656,2
2e-05,51657,3
2e-05,51658,0
2e-05,51659,1
2e-05,51660,13
2e-05,51661,5
2e-05,51662,5
2e-05,51663,1
2e-05,51664,0
2e-05,51665,10
2e-05,51666,2
2e-05,51667,13
2e-05,51668,1
2e-05,51669,1
2e-05,51670,12
2e-05,51671,10
2e-05,51672,6
2e-05,51673,1
2e-05,51674,10
2e-05,51675,3
2e-05,51676,9
2e-05,51677,16
2e-05,51678,10
2e-05,51679,2
2e-05,51680,1
2e-05,51681,5
2e-05,51682,12
2e-05,51683,13
2e-05,51684,5
2e-05,51685,5
2e-05,51686,1
2e-05,51687,13
2e-05,51688,13
2e-05,51689,8
2e-05,51690,10
2e-05,51691,12
2e-05,51692,1
2e-05,51693,12
2e-05,51694,6
2e-05,51695,12
2e-05,51696,10
2e-05,51697,11
2e-05,51698,9
2e-05,51699,9
2e-05,51700,12
2e-05,51701,12
2e-05,51702,1
2e-05,51703,0
2e-05,51704,11
2e-05,51705,10
2e-05,51706,0
2e-05,51707,12
2e-05,51708,12
2e-05,51709,1
2e-05,51710,1
2e-05,51711,5
2e-05,51712,6
2e-05,51713,5
2e-05,51714,1
2e-05,51715,1
2e-05,51716,1
2e-05,51717,5
2e-05,51718,11
2e-05,51719,0
2e-05,51720,10
2e-05,51721,5
2e-05,51722,6
2e-05,51723,9
2e-05,51724,12
2e-05,51725,11
2e-05,51726,5
2e-05,51727,11
2e-05,51728,6
2e-05,51729,5
2e-05,51730,2
2e-05,51731,6
2e-05,51732,2
2e-05,51733,12
2e-05,51734,0
2e-05,51735,11
2e-05,51736,13
2e-05,51737,1
2e-05,51738,11
2e-05,51739,9
2e-05,51740,2
2e-05,51741,12
2e-05,51742,3
2e-05,51743,13
2e-05,51744,1
2e-05,51745,6
2e-05,51746,2
2e-05,51747,9
2e-05,51748,0
2e-05,51749,13
2e-05,51750,5
2e-05,51751,9
2e-05,51752,10
2e-05,51753,0
2e-05,51754,12
2e-05,51755,1
2e-05,51756,3
2e-05,51757,10
2e-05,51758,12
2e-05,51759,0
2e-05,51760,2
2e-05,51761,11
2e-05,51762,10
2e-05,51763,3
2e-05,51764,2
2e-05,51765,11
2e-05,51766,11
2e-05,51767,1
2e-05,51768,2
2e-05,51769,10
2e-05,51770,6
2e-05,51771,3
2e-05,51772,2
2e-05,51773,12
2e-05,51774,0
2e-05,51775,0
2e-05,51776,6
2e-05,51777,1
2e-05,51778,8
2e-05,51779,1
2e-05,51780,11
2e-05,51781,11
2e-05,51782,5
2e-05,51783,9
2e-05,51784,5
2e-05,51785,9
2e-05,51786,9
2e-05,51787,5
2e-05,51788,3
2e-05,51789,9
2e-05,51790,5
2e-05,51791,5
2e-05,51792,6
2e-05,51793,0
2e-05,51794,12
2e-05,51795,1
2e-05,51796,10
2e-05,51797,3
2e-05,51798,1
2e-05,51799,10
2e-05,51800,0
2e-05,51801,6
2e-05,51802,6
2e-05,51803,11
2e-05,51804,12
2e-05,51805,5
2e-05,51806,0
2e-05,51807,5
2e-05,51808,10
2e-05,51809,2
2e-05,51810,3
2e-05,51811,16
2e-05,51812,3
2e-05,51813,2
2e-05,51814,3
2e-05,51815,5
2e-05,51816,11
2e-05,51817,6
2e-05,51818,3
2e-05,51819,1
2e-05,51820,6
2e-05,51821,11
2e-05,51822,1
2e-05,51823,1
2e-05,51824,13
2e-05,51825,5
2e-05,51826,2
2e-05,51827,3
2e-05,51828,12
2e-05,51829,1
2e-05,51830,3
2e-05,51831,5
2e-05,51832,9
2e-05,51833,6
2e-05,51834,9
2e-05,51835,3
2e-05,51836,5
2e-05,51837,1
2e-05,51838,0
2e-05,51839,2
2e-05,51840,0
2e-05,51841,10
2e-05,51842,9
2e-05,51843,1
2e-05,51844,13
2e-05,51845,13
2e-05,51846,0
2e-05,51847,11
2e-05,51848,6
2e-05,51849,2
2e-05,51850,12
2e-05,51851,3
2e-05,51852,2
2e-05,51853,3
2e-05,51854,6
2e-05,51855,13
2e-05,51856,2
2e-05,51857,3
2e-05,51858,11
2e-05,51859,1
2e-05,51860,11
2e-05,51861,0
2e-05,51862,11
2e-05,51863,9
2e-05,51864,1
2e-05,51865,0
2e-05,51866,6
2e-05,51867,1
2e-05,51868,1
2e-05,51869,9
2e-05,51870,3
2e-05,51871,11
2e-05,51872,9
2e-05,51873,9
2e-05,51874,2
2e-05,51875,12
2e-05,51876,6
2e-05,51877,1
2e-05,51878,1
2e-05,51879,13
2e-05,51880,12
2e-05,51881,9
2e-05,51882,3
2e-05,51883,11
2e-05,51884,10
2e-05,51885,5
2e-05,51886,12
2e-05,51887,2
2e-05,51888,13
2e-05,51889,12
2e-05,51890,12
2e-05,51891,6
2e-05,51892,10
2e-05,51893,3
2e-05,51894,12
2e-05,51895,10
2e-05,51896,0
2e-05,51897,6
2e-05,51898,10
2e-05,51899,3
2e-05,51900,13
2e-05,51901,11
2e-05,51902,12
2e-05,51903,12
2e-05,51904,6
2e-05,51905,11
2e-05,51906,12
2e-05,51907,1
2e-05,51908,2
2e-05,51909,12
2e-05,51910,1
2e-05,51911,12
2e-05,51912,2
2e-05,51913,2
2e-05,51914,1
2e-05,51915,5
2e-05,51916,3
2e-05,51917,10
2e-05,51918,12
2e-05,51919,11
2e-05,51920,13
2e-05,51921,1
2e-05,51922,1
2e-05,51923,12
2e-05,51924,0
2e-05,51925,13
2e-05,51926,2
2e-05,51927,2
2e-05,51928,13
2e-05,51929,5
2e-05,51930,2
2e-05,51931,5
2e-05,51932,11
2e-05,51933,2
2e-05,51934,6
2e-05,51935,6
2e-05,51936,6
2e-05,51937,3
2e-05,51938,10
2e-05,51939,5
2e-05,51940,10
2e-05,51941,0
2e-05,51942,11
2e-05,51943,10
2e-05,51944,13
2e-05,51945,10
2e-05,51946,6
2e-05,51947,10
2e-05,51948,3
2e-05,51949,2
2e-05,51950,9
2e-05,51951,2
2e-05,51952,11
2e-05,51953,1
2e-05,51954,13
2e-05,51955,6
2e-05,51956,1
2e-05,51957,0
2e-05,51958,2
2e-05,51959,5
2e-05,51960,9
2e-05,51961,11
2e-05,51962,5
2e-05,51963,6
2e-05,51964,11
2e-05,51965,1
2e-05,51966,1
2e-05,51967,12
2e-05,51968,9
2e-05,51969,10
2e-05,51970,1
2e-05,51971,11
2e-05,51972,2
2e-05,51973,9
2e-05,51974,5
2e-05,51975,13
2e-05,51976,9
2e-05,51977,1
2e-05,51978,1
2e-05,51979,12
2e-05,51980,13
2e-05,51981,3
2e-05,51982,12
2e-05,51983,2
2e-05,51984,11
2e-05,51985,3
2e-05,51986,2
2e-05,51987,1
2e-05,51988,10
2e-05,51989,10
2e-05,51990,9
2e-05,51991,12
2e-05,51992,11
2e-05,51993,0
2e-05,51994,10
2e-05,51995,2
2e-05,51996,6
2e-05,51997,3
2e-05,51998,9
2e-05,51999,1
2e-05,52000,9
2e-05,52001,13
2e-05,52002,0
2e-05,52003,2
2e-05,52004,3
2e-05,52005,10
2e-05,52006,5
2e-05,52007,6
2e-05,52008,13
2e-05,52009,2
2e-05,52010,10
2e-05,52011,1
2e-05,52012,2
2e-05,52013,10
2e-05,52014,9
2e-05,52015,6
2e-05,52016,13
2e-05,52017,1
2e-05,52018,6
2e-05,52019,0
2e-05,52020,10
2e-05,52021,2
2e-05,52022,2
2e-05,52023,9
2e-05,52024,16
2e-05,52025,13
2e-05,52026,0
2e-05,52027,9
2e-05,52028,5
2e-05,52029,12
2e-05,52030,6
2e-05,52031,10
2e-05,52032,11
2e-05,52033,11
2e-05,52034,0
2e-05,52035,9
2e-05,52036,10
2e-05,52037,3
2e-05,52038,12
2e-05,52039,9
2e-05,52040,11
2e-05,52041,5
2e-05,52042,10
2e-05,52043,11
2e-05,52044,11
2e-05,52045,6
2e-05,52046,13
2e-05,52047,11
2e-05,52048,5
2e-05,52049,10
2e-05,52050,11
2e-05,52051,2
2e-05,52052,17
2e-05,52053,9
2e-05,52054,1
2e-05,52055,0
2e-05,52056,12
2e-05,52057,0
2e-05,52058,12
2e-05,52059,9
2e-05,52060,3
2e-05,52061,13
2e-05,52062,1
2e-05,52063,11
2e-05,52064,11
2e-05,52065,2
2e-05,52066,1
2e-05,52067,12
2e-05,52068,3
2e-05,52069,5
2e-05,52070,1
2e-05,52071,9
2e-05,52072,0
2e-05,52073,6
2e-05,52074,2
2e-05,52075,9
2e-05,52076,6
2e-05,52077,9
2e-05,52078,2
2e-05,52079,10
2e-05,52080,11
2e-05,52081,2
2e-05,52082,13
2e-05,52083,10
2e-05,52084,10
2e-05,52085,10
2e-05,52086,3
2e-05,52087,12
2e-05,52088,2
2e-05,52089,1
2e-05,52090,13
2e-05,52091,13
2e-05,52092,5
2e-05,52093,5
2e-05,52094,9
2e-05,52095,10
2e-05,52096,6
2e-05,52097,9
2e-05,52098,5
2e-05,52099,6
2e-05,52100,5
2e-05,52101,9
2e-05,52102,3
2e-05,52103,10
2e-05,52104,5
2e-05,52105,6
2e-05,52106,9
2e-05,52107,11
2e-05,52108,10
2e-05,52109,0
2e-05,52110,10
2e-05,52111,11
2e-05,52112,11
2e-05,52113,6
2e-05,52114,3
2e-05,52115,9
2e-05,52116,2
2e-05,52117,8
2e-05,52118,1
2e-05,52119,11
2e-05,52120,5
2e-05,52121,11
2e-05,52122,2
2e-05,52123,3
2e-05,52124,3
2e-05,52125,9
2e-05,52126,9
2e-05,52127,2
2e-05,52128,0
2e-05,52129,12
2e-05,52130,2
2e-05,52131,10
2e-05,52132,6
2e-05,52133,5
2e-05,52134,1
2e-05,52135,9
2e-05,52136,5
2e-05,52137,13
2e-05,52138,10
2e-05,52139,9
2e-05,52140,9
2e-05,52141,10
2e-05,52142,3
2e-05,52143,3
2e-05,52144,0
2e-05,52145,5
2e-05,52146,1
2e-05,52147,3
2e-05,52148,10
2e-05,52149,12
2e-05,52150,0
2e-05,52151,12
2e-05,52152,13
2e-05,52153,3
2e-05,52154,3
2e-05,52155,3
2e-05,52156,6
2e-05,52157,9
2e-05,52158,9
2e-05,52159,11
2e-05,52160,9
2e-05,52161,3
2e-05,52162,0
2e-05,52163,9
2e-05,52164,5
2e-05,52165,9
2e-05,52166,6
2e-05,52167,3
2e-05,52168,3
2e-05,52169,11
2e-05,52170,2
2e-05,52171,10
2e-05,52172,2
2e-05,52173,10
2e-05,52174,2
2e-05,52175,12
2e-05,52176,11
2e-05,52177,9
2e-05,52178,5
2e-05,52179,1
2e-05,52180,1
2e-05,52181,6
2e-05,52182,2
2e-05,52183,3
2e-05,52184,3
2e-05,52185,3
2e-05,52186,13
2e-05,52187,6
2e-05,52188,2
2e-05,52189,0
2e-05,52190,5
2e-05,52191,4
2e-05,52192,6
2e-05,52193,10
2e-05,52194,11
2e-05,52195,5
2e-05,52196,1
2e-05,52197,9
2e-05,52198,5
2e-05,52199,0
2e-05,52200,10
2e-05,52201,2
2e-05,52202,2
2e-05,52203,13
2e-05,52204,12
2e-05,52205,12
2e-05,52206,2
2e-05,52207,5
2e-05,52208,1
2e-05,52209,12
2e-05,52210,9
2e-05,52211,3
2e-05,52212,6
2e-05,52213,12
2e-05,52214,13
2e-05,52215,10
2e-05,52216,2
2e-05,52217,6
2e-05,52218,3
2e-05,52219,3
2e-05,52220,3
2e-05,52221,10
2e-05,52222,13
2e-05,52223,2
2e-05,52224,9
2e-05,52225,11
2e-05,52226,6
2e-05,52227,2
2e-05,52228,13
2e-05,52229,3
2e-05,52230,9
2e-05,52231,11
2e-05,52232,5
2e-05,52233,12
2e-05,52234,5
2e-05,52235,9
2e-05,52236,13
2e-05,52237,13
2e-05,52238,2
2e-05,52239,1
2e-05,52240,9
2e-05,52241,1
2e-05,52242,9
2e-05,52243,2
2e-05,52244,11
2e-05,52245,6
2e-05,52246,12
2e-05,52247,11
2e-05,52248,9
2e-05,52249,10
2e-05,52250,9
2e-05,52251,1
2e-05,52252,6
2e-05,52253,9
2e-05,52254,13
2e-05,52255,5
2e-05,52256,12
2e-05,52257,11
2e-05,52258,10
2e-05,52259,6
2e-05,52260,9
2e-05,52261,12
2e-05,52262,0
2e-05,52263,16
2e-05,52264,1
2e-05,52265,9
2e-05,52266,9
2e-05,52267,9
2e-05,52268,12
2e-05,52269,12
2e-05,52270,2
2e-05,52271,2
2e-05,52272,1
2e-05,52273,2
2e-05,52274,1
2e-05,52275,12
2e-05,52276,6
2e-05,52277,10
2e-05,52278,13
2e-05,52279,11
2e-05,52280,13
2e-05,52281,5
2e-05,52282,12
2e-05,52283,3
2e-05,52284,9
2e-05,52285,0
2e-05,52286,6
2e-05,52287,10
2e-05,52288,12
2e-05,52289,13
2e-05,52290,6
2e-05,52291,0
2e-05,52292,6
2e-05,52293,13
2e-05,52294,10
2e-05,52295,9
2e-05,52296,5
2e-05,52297,0
2e-05,52298,3
2e-05,52299,10
2e-05,52300,10
2e-05,52301,9
2e-05,52302,0
2e-05,52303,6
2e-05,52304,10
2e-05,52305,6
2e-05,52306,10
2e-05,52307,2
2e-05,52308,11
2e-05,52309,3
2e-05,52310,9
2e-05,52311,4
2e-05,52312,0
2e-05,52313,0
2e-05,52314,0
2e-05,52315,10
2e-05,52316,1
2e-05,52317,6
2e-05,52318,3
2e-05,52319,3
2e-05,52320,0
2e-05,52321,2
2e-05,52322,0
2e-05,52323,0
2e-05,52324,0
2e-05,52325,11
2e-05,52326,6
2e-05,52327,14
2e-05,52328,2
2e-05,52329,9
2e-05,52330,5
2e-05,52331,6
2e-05,52332,10
2e-05,52333,13
2e-05,52334,0
2e-05,52335,12
2e-05,52336,5
2e-05,52337,5
2e-05,52338,5
2e-05,52339,2
2e-05,52340,11
2e-05,52341,2
2e-05,52342,11
2e-05,52343,13
2e-05,52344,11
2e-05,52345,12
2e-05,52346,9
2e-05,52347,0
2e-05,52348,13
2e-05,52349,10
2e-05,52350,11
2e-05,52351,6
2e-05,52352,11
2e-05,52353,0
2e-05,52354,1
2e-05,52355,11
2e-05,52356,3
2e-05,52357,10
2e-05,52358,10
2e-05,52359,2
2e-05,52360,2
2e-05,52361,1
2e-05,52362,10
2e-05,52363,2
2e-05,52364,16
2e-05,52365,0
2e-05,52366,2
2e-05,52367,2
2e-05,52368,6
2e-05,52369,0
2e-05,52370,10
2e-05,52371,5
2e-05,52372,9
2e-05,52373,0
2e-05,52374,5
2e-05,52375,6
2e-05,52376,6
2e-05,52377,5
2e-05,52378,5
2e-05,52379,11
2e-05,52380,5
2e-05,52381,1
2e-05,52382,1
2e-05,52383,9
2e-05,52384,6
2e-05,52385,0
2e-05,52386,9
2e-05,52387,10
2e-05,52388,9
2e-05,52389,0
2e-05,52390,3
2e-05,52391,13
2e-05,52392,5
2e-05,52393,16
2e-05,52394,10
2e-05,52395,2
2e-05,52396,3
2e-05,52397,5
2e-05,52398,2
2e-05,52399,12
2e-05,52400,3
2e-05,52401,12
2e-05,52402,10
2e-05,52403,6
2e-05,52404,3
2e-05,52405,5
2e-05,52406,12
2e-05,52407,11
2e-05,52408,12
2e-05,52409,11
2e-05,52410,3
2e-05,52411,11
2e-05,52412,12
2e-05,52413,0
2e-05,52414,5
2e-05,52415,17
2e-05,52416,11
2e-05,52417,6
2e-05,52418,1
2e-05,52419,12
2e-05,52420,5
2e-05,52421,12
2e-05,52422,3
2e-05,52423,13
2e-05,52424,1
2e-05,52425,1
2e-05,52426,0
2e-05,52427,3
2e-05,52428,1
2e-05,52429,10
2e-05,52430,13
2e-05,52431,3
2e-05,52432,13
2e-05,52433,9
2e-05,52434,6
2e-05,52435,13
2e-05,52436,6
2e-05,52437,9
2e-05,52438,10
2e-05,52439,2
2e-05,52440,3
2e-05,52441,13
2e-05,52442,11
2e-05,52443,1
2e-05,52444,9
2e-05,52445,10
2e-05,52446,11
2e-05,52447,11
2e-05,52448,6
2e-05,52449,0
2e-05,52450,13
2e-05,52451,2
2e-05,52452,5
2e-05,52453,6
2e-05,52454,6
2e-05,52455,5
2e-05,52456,0
2e-05,52457,9
2e-05,52458,1
2e-05,52459,12
2e-05,52460,2
2e-05,52461,3
2e-05,52462,2
2e-05,52463,6
2e-05,52464,2
2e-05,52465,0
2e-05,52466,1
2e-05,52467,2
2e-05,52468,10
2e-05,52469,6
2e-05,52470,10
2e-05,52471,0
2e-05,52472,16
2e-05,52473,13
2e-05,52474,11
2e-05,52475,10
2e-05,52476,0
2e-05,52477,12
2e-05,52478,3
2e-05,52479,0
2e-05,52480,1
2e-05,52481,8
2e-05,52482,6
2e-05,52483,0
2e-05,52484,12
2e-05,52485,12
2e-05,52486,13
2e-05,52487,5
2e-05,52488,6
2e-05,52489,11
2e-05,52490,3
2e-05,52491,6
2e-05,52492,12
2e-05,52493,10
2e-05,52494,6
2e-05,52495,5
2e-05,52496,6
2e-05,52497,5
2e-05,52498,2
2e-05,52499,5
2e-05,52500,1
2e-05,52501,3
2e-05,52502,0
2e-05,52503,11
2e-05,52504,3
2e-05,52505,3
2e-05,52506,6
2e-05,52507,11
2e-05,52508,10
2e-05,52509,5
2e-05,52510,2
2e-05,52511,13
2e-05,52512,2
2e-05,52513,10
2e-05,52514,6
2e-05,52515,12
2e-05,52516,2
2e-05,52517,9
2e-05,52518,10
2e-05,52519,11
2e-05,52520,6
2e-05,52521,1
2e-05,52522,11
2e-05,52523,9
2e-05,52524,8
2e-05,52525,13
2e-05,52526,3
2e-05,52527,8
2e-05,52528,11
2e-05,52529,1
2e-05,52530,5
2e-05,52531,5
2e-05,52532,4
2e-05,52533,16
2e-05,52534,1
2e-05,52535,3
2e-05,52536,8
2e-05,52537,0
2e-05,52538,0
2e-05,52539,3
2e-05,52540,13
2e-05,52541,5
2e-05,52542,0
2e-05,52543,11
2e-05,52544,12
2e-05,52545,9
2e-05,52546,3
2e-05,52547,5
2e-05,52548,9
2e-05,52549,10
2e-05,52550,5
2e-05,52551,0
2e-05,52552,11
2e-05,52553,13
2e-05,52554,5
2e-05,52555,6
2e-05,52556,2
2e-05,52557,10
2e-05,52558,3
2e-05,52559,13
2e-05,52560,2
2e-05,52561,3
2e-05,52562,0
2e-05,52563,13
2e-05,52564,13
2e-05,52565,13
2e-05,52566,9
2e-05,52567,2
2e-05,52568,2
2e-05,52569,5
2e-05,52570,13
2e-05,52571,12
2e-05,52572,6
2e-05,52573,13
2e-05,52574,3
2e-05,52575,6
2e-05,52576,10
2e-05,52577,2
2e-05,52578,10
2e-05,52579,9
2e-05,52580,1
2e-05,52581,0
2e-05,52582,17
2e-05,52583,5
2e-05,52584,6
2e-05,52585,6
2e-05,52586,6
2e-05,52587,12
2e-05,52588,1
2e-05,52589,10
2e-05,52590,13
2e-05,52591,0
2e-05,52592,11
2e-05,52593,1
2e-05,52594,1
2e-05,52595,2
2e-05,52596,13
2e-05,52597,3
2e-05,52598,13
2e-05,52599,12
2e-05,52600,13
2e-05,52601,9
2e-05,52602,1
2e-05,52603,12
2e-05,52604,6
2e-05,52605,1
2e-05,52606,6
2e-05,52607,11
2e-05,52608,0
2e-05,52609,5
2e-05,52610,9
2e-05,52611,5
2e-05,52612,9
2e-05,52613,11
2e-05,52614,3
2e-05,52615,2
2e-05,52616,11
2e-05,52617,9
2e-05,52618,11
2e-05,52619,10
2e-05,52620,12
2e-05,52621,5
2e-05,52622,1
2e-05,52623,9
2e-05,52624,11
2e-05,52625,9
2e-05,52626,0
2e-05,52627,0
2e-05,52628,12
2e-05,52629,1
2e-05,52630,16
2e-05,52631,5
2e-05,52632,11
2e-05,52633,2
2e-05,52634,11
2e-05,52635,11
2e-05,52636,9
2e-05,52637,2
2e-05,52638,10
2e-05,52639,12
2e-05,52640,12
2e-05,52641,7
2e-05,52642,16
2e-05,52643,8
2e-05,52644,2
2e-05,52645,13
2e-05,52646,5
2e-05,52647,0
2e-05,52648,11
2e-05,52649,9
2e-05,52650,0
2e-05,52651,2
2e-05,52652,2
2e-05,52653,10
2e-05,52654,5
2e-05,52655,11
2e-05,52656,1
2e-05,52657,1
2e-05,52658,0
2e-05,52659,9
2e-05,52660,12
2e-05,52661,10
2e-05,52662,3
2e-05,52663,1
2e-05,52664,10
2e-05,52665,0
2e-05,52666,12
2e-05,52667,12
2e-05,52668,5
2e-05,52669,2
2e-05,52670,1
2e-05,52671,2
2e-05,52672,10
2e-05,52673,1
2e-05,52674,6
2e-05,52675,1
2e-05,52676,13
2e-05,52677,13
2e-05,52678,13
2e-05,52679,10
2e-05,52680,2
2e-05,52681,4
2e-05,52682,9
2e-05,52683,3
2e-05,52684,3
2e-05,52685,1
2e-05,52686,11
2e-05,52687,12
2e-05,52688,6
2e-05,52689,3
2e-05,52690,9
2e-05,52691,2
2e-05,52692,6
2e-05,52693,6
2e-05,52694,6
2e-05,52695,10
2e-05,52696,10
2e-05,52697,13
2e-05,52698,0
2e-05,52699,0
2e-05,52700,5
2e-05,52701,0
2e-05,52702,0
2e-05,52703,11
2e-05,52704,5
2e-05,52705,9
2e-05,52706,9
2e-05,52707,12
2e-05,52708,2
2e-05,52709,12
2e-05,52710,11
2e-05,52711,3
2e-05,52712,9
2e-05,52713,12
2e-05,52714,2
2e-05,52715,12
2e-05,52716,10
2e-05,52717,11
2e-05,52718,3
2e-05,52719,13
2e-05,52720,11
2e-05,52721,1
2e-05,52722,0
2e-05,52723,2
2e-05,52724,1
2e-05,52725,9
2e-05,52726,0
2e-05,52727,10
2e-05,52728,10
2e-05,52729,10
2e-05,52730,3
2e-05,52731,12
2e-05,52732,11
2e-05,52733,12
2e-05,52734,1
2e-05,52735,5
2e-05,52736,10
2e-05,52737,12
2e-05,52738,13
2e-05,52739,5
2e-05,52740,3
2e-05,52741,10
2e-05,52742,1
2e-05,52743,9
2e-05,52744,10
2e-05,52745,1
2e-05,52746,0
2e-05,52747,5
2e-05,52748,9
2e-05,52749,9
2e-05,52750,6
2e-05,52751,2
2e-05,52752,2
2e-05,52753,11
2e-05,52754,6
2e-05,52755,9
2e-05,52756,9
2e-05,52757,13
2e-05,52758,9
2e-05,52759,2
2e-05,52760,5
2e-05,52761,1
2e-05,52762,5
2e-05,52763,2
2e-05,52764,13
2e-05,52765,10
2e-05,52766,5
2e-05,52767,0
2e-05,52768,5
2e-05,52769,9
2e-05,52770,10
2e-05,52771,11
2e-05,52772,0
2e-05,52773,0
2e-05,52774,5
2e-05,52775,11
2e-05,52776,13
2e-05,52777,2
2e-05,52778,13
2e-05,52779,11
2e-05,52780,6
2e-05,52781,10
2e-05,52782,3
2e-05,52783,9
2e-05,52784,12
2e-05,52785,5
2e-05,52786,3
2e-05,52787,12
2e-05,52788,2
2e-05,52789,11
2e-05,52790,13
2e-05,52791,11
2e-05,52792,1
2e-05,52793,9
2e-05,52794,3
2e-05,52795,13
2e-05,52796,9
2e-05,52797,3
2e-05,52798,6
2e-05,52799,12
2e-05,52800,11
2e-05,52801,13
2e-05,52802,3
2e-05,52803,13
2e-05,52804,6
2e-05,52805,6
2e-05,52806,1
2e-05,52807,6
2e-05,52808,10
2e-05,52809,12
2e-05,52810,8
2e-05,52811,11
2e-05,52812,2
2e-05,52813,9
2e-05,52814,11
2e-05,52815,1
2e-05,52816,5
2e-05,52817,11
2e-05,52818,6
2e-05,52819,11
2e-05,52820,13
2e-05,52821,3
2e-05,52822,0
2e-05,52823,5
2e-05,52824,3
2e-05,52825,3
2e-05,52826,5
2e-05,52827,11
2e-05,52828,8
2e-05,52829,2
2e-05,52830,5
2e-05,52831,11
2e-05,52832,14
2e-05,52833,6
2e-05,52834,3
2e-05,52835,3
2e-05,52836,5
2e-05,52837,3
2e-05,52838,6
2e-05,52839,3
2e-05,52840,6
2e-05,52841,12
2e-05,52842,12
2e-05,52843,0
2e-05,52844,11
2e-05,52845,6
2e-05,52846,3
2e-05,52847,6
2e-05,52848,5
2e-05,52849,10
2e-05,52850,2
2e-05,52851,13
2e-05,52852,5
2e-05,52853,6
2e-05,52854,10
2e-05,52855,3
2e-05,52856,1
2e-05,52857,10
2e-05,52858,2
2e-05,52859,11
2e-05,52860,5
2e-05,52861,11
2e-05,52862,0
2e-05,52863,9
2e-05,52864,2
2e-05,52865,13
2e-05,52866,0
2e-05,52867,12
2e-05,52868,6
2e-05,52869,13
2e-05,52870,11
2e-05,52871,0
2e-05,52872,10
2e-05,52873,5
2e-05,52874,5
2e-05,52875,11
2e-05,52876,6
2e-05,52877,9
2e-05,52878,1
2e-05,52879,5
2e-05,52880,6
2e-05,52881,0
2e-05,52882,16
2e-05,52883,7
2e-05,52884,5
2e-05,52885,6
2e-05,52886,3
2e-05,52887,9
2e-05,52888,12
2e-05,52889,12
2e-05,52890,11
2e-05,52891,11
2e-05,52892,6
2e-05,52893,9
2e-05,52894,3
2e-05,52895,1
2e-05,52896,16
2e-05,52897,9
2e-05,52898,13
2e-05,52899,2
2e-05,52900,5
2e-05,52901,5
2e-05,52902,2
2e-05,52903,1
2e-05,52904,0
2e-05,52905,6
2e-05,52906,9
2e-05,52907,10
2e-05,52908,11
2e-05,52909,12
2e-05,52910,0
2e-05,52911,9
2e-05,52912,10
2e-05,52913,1
2e-05,52914,3
2e-05,52915,9
2e-05,52916,5
2e-05,52917,2
2e-05,52918,13
2e-05,52919,0
2e-05,52920,12
2e-05,52921,2
2e-05,52922,3
2e-05,52923,12
2e-05,52924,12
2e-05,52925,9
2e-05,52926,12
2e-05,52927,6
2e-05,52928,0
2e-05,52929,11
2e-05,52930,9
2e-05,52931,10
2e-05,52932,0
2e-05,52933,3
2e-05,52934,1
2e-05,52935,5
2e-05,52936,10
2e-05,52937,1
2e-05,52938,2
2e-05,52939,9
2e-05,52940,13
2e-05,52941,2
2e-05,52942,1
2e-05,52943,10
2e-05,52944,3
2e-05,52945,9
2e-05,52946,1
2e-05,52947,3
2e-05,52948,2
2e-05,52949,12
2e-05,52950,6
2e-05,52951,1
2e-05,52952,13
2e-05,52953,2
2e-05,52954,11
2e-05,52955,0
2e-05,52956,0
2e-05,52957,1
2e-05,52958,5
2e-05,52959,0
2e-05,52960,6
2e-05,52961,13
2e-05,52962,3
2e-05,52963,9
2e-05,52964,12
2e-05,52965,2
2e-05,52966,9
2e-05,52967,0
2e-05,52968,9
2e-05,52969,6
2e-05,52970,11
2e-05,52971,10
2e-05,52972,6
2e-05,52973,10
2e-05,52974,1
2e-05,52975,13
2e-05,52976,6
2e-05,52977,1
2e-05,52978,0
2e-05,52979,5
2e-05,52980,13
2e-05,52981,3
2e-05,52982,3
2e-05,52983,13
2e-05,52984,12
2e-05,52985,5
2e-05,52986,9
2e-05,52987,12
2e-05,52988,5
2e-05,52989,10
2e-05,52990,12
2e-05,52991,2
2e-05,52992,9
2e-05,52993,9
2e-05,52994,1
2e-05,52995,10
2e-05,52996,10
2e-05,52997,5
2e-05,52998,2
2e-05,52999,2
2e-05,53000,12
2e-05,53001,11
2e-05,53002,11
2e-05,53003,12
2e-05,53004,1
2e-05,53005,13
2e-05,53006,11
2e-05,53007,0
2e-05,53008,13
2e-05,53009,16
2e-05,53010,9
2e-05,53011,10
2e-05,53012,12
2e-05,53013,11
2e-05,53014,8
2e-05,53015,11
2e-05,53016,11
2e-05,53017,9
2e-05,53018,13
2e-05,53019,6
2e-05,53020,5
2e-05,53021,1
2e-05,53022,1
2e-05,53023,11
2e-05,53024,1
2e-05,53025,9
2e-05,53026,0
2e-05,53027,9
2e-05,53028,9
2e-05,53029,13
2e-05,53030,11
2e-05,53031,13
2e-05,53032,12
2e-05,53033,1
2e-05,53034,1
2e-05,53035,3
2e-05,53036,8
2e-05,53037,11
2e-05,53038,12
2e-05,53039,12
2e-05,53040,10
2e-05,53041,6
2e-05,53042,6
2e-05,53043,12
2e-05,53044,1
2e-05,53045,11
2e-05,53046,12
2e-05,53047,3
2e-05,53048,0
2e-05,53049,12
2e-05,53050,0
2e-05,53051,0
2e-05,53052,10
2e-05,53053,2
2e-05,53054,5
2e-05,53055,9
2e-05,53056,12
2e-05,53057,3
2e-05,53058,5
2e-05,53059,3
2e-05,53060,12
2e-05,53061,6
2e-05,53062,9
2e-05,53063,6
2e-05,53064,5
2e-05,53065,0
2e-05,53066,3
2e-05,53067,13
2e-05,53068,6
2e-05,53069,11
2e-05,53070,5
2e-05,53071,8
2e-05,53072,1
2e-05,53073,6
2e-05,53074,6
2e-05,53075,3
2e-05,53076,0
2e-05,53077,6
2e-05,53078,10
2e-05,53079,5
2e-05,53080,0
2e-05,53081,3
2e-05,53082,10
2e-05,53083,11
2e-05,53084,1
2e-05,53085,9
2e-05,53086,6
2e-05,53087,5
2e-05,53088,10
2e-05,53089,12
2e-05,53090,6
2e-05,53091,6
2e-05,53092,12
2e-05,53093,11
2e-05,53094,1
2e-05,53095,9
2e-05,53096,9
2e-05,53097,11
2e-05,53098,13
2e-05,53099,1
2e-05,53100,1
2e-05,53101,10
2e-05,53102,11
2e-05,53103,0
2e-05,53104,13
2e-05,53105,5
2e-05,53106,11
2e-05,53107,11
2e-05,53108,13
2e-05,53109,12
2e-05,53110,13
2e-05,53111,1
2e-05,53112,9
2e-05,53113,6
2e-05,53114,11
2e-05,53115,1
2e-05,53116,5
2e-05,53117,12
2e-05,53118,11
2e-05,53119,5
2e-05,53120,10
2e-05,53121,12
2e-05,53122,11
2e-05,53123,13
2e-05,53124,1
2e-05,53125,9
2e-05,53126,13
2e-05,53127,9
2e-05,53128,10
2e-05,53129,16
2e-05,53130,11
2e-05,53131,1
2e-05,53132,3
2e-05,53133,12
2e-05,53134,12
2e-05,53135,16
2e-05,53136,9
2e-05,53137,2
2e-05,53138,1
2e-05,53139,6
2e-05,53140,2
2e-05,53141,6
2e-05,53142,3
2e-05,53143,1
2e-05,53144,5
2e-05,53145,9
2e-05,53146,6
2e-05,53147,5
2e-05,53148,1
2e-05,53149,0
2e-05,53150,3
2e-05,53151,5
2e-05,53152,0
2e-05,53153,5
2e-05,53154,1
2e-05,53155,4
2e-05,53156,6
2e-05,53157,0
2e-05,53158,6
2e-05,53159,11
2e-05,53160,6
2e-05,53161,5
2e-05,53162,5
2e-05,53163,1
2e-05,53164,6
2e-05,53165,6
2e-05,53166,2
2e-05,53167,1
2e-05,53168,9
2e-05,53169,10
2e-05,53170,2
2e-05,53171,11
2e-05,53172,3
2e-05,53173,11
2e-05,53174,13
2e-05,53175,0
2e-05,53176,10
2e-05,53177,0
2e-05,53178,0
2e-05,53179,0
2e-05,53180,9
2e-05,53181,11
2e-05,53182,2
2e-05,53183,11
2e-05,53184,6
2e-05,53185,2
2e-05,53186,13
2e-05,53187,10
2e-05,53188,11
2e-05,53189,11
2e-05,53190,0
2e-05,53191,2
2e-05,53192,5
2e-05,53193,6
2e-05,53194,1
2e-05,53195,0
2e-05,53196,2
2e-05,53197,16
2e-05,53198,10
2e-05,53199,9
2e-05,53200,5
2e-05,53201,6
2e-05,53202,3
2e-05,53203,1
2e-05,53204,16
2e-05,53205,12
2e-05,53206,5
2e-05,53207,0
2e-05,53208,1
2e-05,53209,3
2e-05,53210,5
2e-05,53211,8
2e-05,53212,2
2e-05,53213,9
2e-05,53214,10
2e-05,53215,12
2e-05,53216,12
2e-05,53217,11
2e-05,53218,13
2e-05,53219,6
2e-05,53220,12
2e-05,53221,10
2e-05,53222,13
2e-05,53223,5
2e-05,53224,6
2e-05,53225,2
2e-05,53226,14
2e-05,53227,2
2e-05,53228,13
2e-05,53229,11
2e-05,53230,0
2e-05,53231,9
2e-05,53232,2
2e-05,53233,1
2e-05,53234,6
2e-05,53235,2
2e-05,53236,12
2e-05,53237,2
2e-05,53238,6
2e-05,53239,1
2e-05,53240,5
2e-05,53241,1
2e-05,53242,2
2e-05,53243,6
2e-05,53244,0
2e-05,53245,2
2e-05,53246,13
2e-05,53247,6
2e-05,53248,13
2e-05,53249,0
2e-05,53250,1
2e-05,53251,3
2e-05,53252,5
2e-05,53253,9
2e-05,53254,12
2e-05,53255,9
2e-05,53256,12
2e-05,53257,3
2e-05,53258,10
2e-05,53259,0
2e-05,53260,1
2e-05,53261,9
2e-05,53262,1
2e-05,53263,11
2e-05,53264,11
2e-05,53265,11
2e-05,53266,5
2e-05,53267,13
2e-05,53268,11
2e-05,53269,2
2e-05,53270,11
2e-05,53271,6
2e-05,53272,13
2e-05,53273,2
2e-05,53274,13
2e-05,53275,13
2e-05,53276,13
2e-05,53277,3
2e-05,53278,1
2e-05,53279,11
2e-05,53280,13
2e-05,53281,2
2e-05,53282,1
2e-05,53283,13
2e-05,53284,5
2e-05,53285,5
2e-05,53286,2
2e-05,53287,13
2e-05,53288,11
2e-05,53289,13
2e-05,53290,5
2e-05,53291,5
2e-05,53292,9
2e-05,53293,5
2e-05,53294,1
2e-05,53295,12
2e-05,53296,0
2e-05,53297,13
2e-05,53298,10
2e-05,53299,2
2e-05,53300,1
2e-05,53301,10
2e-05,53302,2
2e-05,53303,2
2e-05,53304,9
2e-05,53305,1
2e-05,53306,3
2e-05,53307,13
2e-05,53308,0
2e-05,53309,16
2e-05,53310,0
2e-05,53311,5
2e-05,53312,3
2e-05,53313,3
2e-05,53314,1
2e-05,53315,5
2e-05,53316,0
2e-05,53317,1
2e-05,53318,6
2e-05,53319,0
2e-05,53320,9
2e-05,53321,2
2e-05,53322,11
2e-05,53323,6
2e-05,53324,11
2e-05,53325,12
2e-05,53326,11
2e-05,53327,11
2e-05,53328,3
2e-05,53329,13
2e-05,53330,5
2e-05,53331,11
2e-05,53332,1
2e-05,53333,0
2e-05,53334,1
2e-05,53335,0
2e-05,53336,11
2e-05,53337,11
2e-05,53338,6
2e-05,53339,6
2e-05,53340,9
2e-05,53341,12
2e-05,53342,6
2e-05,53343,1
2e-05,53344,9
2e-05,53345,5
2e-05,53346,12
2e-05,53347,6
2e-05,53348,5
2e-05,53349,11
2e-05,53350,9
2e-05,53351,9
2e-05,53352,11
2e-05,53353,1
2e-05,53354,12
2e-05,53355,9
2e-05,53356,0
2e-05,53357,10
2e-05,53358,13
2e-05,53359,12
2e-05,53360,1
2e-05,53361,12
2e-05,53362,10
2e-05,53363,11
2e-05,53364,6
2e-05,53365,0
2e-05,53366,11
2e-05,53367,0
2e-05,53368,11
2e-05,53369,2
2e-05,53370,11
2e-05,53371,1
2e-05,53372,5
2e-05,53373,12
2e-05,53374,1
2e-05,53375,13
2e-05,53376,2
2e-05,53377,5
2e-05,53378,13
2e-05,53379,9
2e-05,53380,6
2e-05,53381,11
2e-05,53382,9
2e-05,53383,6
2e-05,53384,0
2e-05,53385,11
2e-05,53386,3
2e-05,53387,6
2e-05,53388,6
2e-05,53389,6
2e-05,53390,3
2e-05,53391,6
2e-05,53392,3
2e-05,53393,10
2e-05,53394,4
2e-05,53395,1
2e-05,53396,2
2e-05,53397,11
2e-05,53398,1
2e-05,53399,5
2e-05,53400,16
2e-05,53401,1
2e-05,53402,12
2e-05,53403,1
2e-05,53404,2
2e-05,53405,12
2e-05,53406,11
2e-05,53407,5
2e-05,53408,6
2e-05,53409,10
2e-05,53410,13
2e-05,53411,11
2e-05,53412,0
2e-05,53413,10
2e-05,53414,10
2e-05,53415,0
2e-05,53416,9
2e-05,53417,3
2e-05,53418,2
2e-05,53419,3
2e-05,53420,6
2e-05,53421,13
2e-05,53422,2
2e-05,53423,2
2e-05,53424,10
2e-05,53425,2
2e-05,53426,2
2e-05,53427,12
2e-05,53428,0
2e-05,53429,3
2e-05,53430,3
2e-05,53431,12
2e-05,53432,0
2e-05,53433,3
2e-05,53434,10
2e-05,53435,2
2e-05,53436,1
2e-05,53437,1
2e-05,53438,11
2e-05,53439,5
2e-05,53440,2
2e-05,53441,6
2e-05,53442,10
2e-05,53443,10
2e-05,53444,3
2e-05,53445,6
2e-05,53446,11
2e-05,53447,3
2e-05,53448,3
2e-05,53449,12
2e-05,53450,2
2e-05,53451,13
2e-05,53452,2
2e-05,53453,11
2e-05,53454,13
2e-05,53455,5
2e-05,53456,10
2e-05,53457,3
2e-05,53458,5
2e-05,53459,11
2e-05,53460,6
2e-05,53461,15
2e-05,53462,1
2e-05,53463,5
2e-05,53464,3
2e-05,53465,0
2e-05,53466,2
2e-05,53467,10
2e-05,53468,0
2e-05,53469,9
2e-05,53470,13
2e-05,53471,5
2e-05,53472,10
2e-05,53473,3
2e-05,53474,11
2e-05,53475,11
2e-05,53476,2
2e-05,53477,9
2e-05,53478,3
2e-05,53479,5
2e-05,53480,10
2e-05,53481,6
2e-05,53482,10
2e-05,53483,3
2e-05,53484,11
2e-05,53485,1
2e-05,53486,5
2e-05,53487,2
2e-05,53488,13
2e-05,53489,1
2e-05,53490,11
2e-05,53491,6
2e-05,53492,3
2e-05,53493,2
2e-05,53494,11
2e-05,53495,13
2e-05,53496,6
2e-05,53497,10
2e-05,53498,12
2e-05,53499,11
2e-05,53500,12
2e-05,53501,16
2e-05,53502,0
2e-05,53503,9
2e-05,53504,13
2e-05,53505,3
2e-05,53506,12
2e-05,53507,0
2e-05,53508,10
2e-05,53509,1
2e-05,53510,10
2e-05,53511,6
2e-05,53512,5
2e-05,53513,11
2e-05,53514,12
2e-05,53515,13
2e-05,53516,16
2e-05,53517,0
2e-05,53518,1
2e-05,53519,2
2e-05,53520,3
2e-05,53521,4
2e-05,53522,13
2e-05,53523,9
2e-05,53524,3
2e-05,53525,6
2e-05,53526,5
2e-05,53527,2
2e-05,53528,6
2e-05,53529,9
2e-05,53530,0
2e-05,53531,0
2e-05,53532,12
2e-05,53533,9
2e-05,53534,11
2e-05,53535,10
2e-05,53536,6
2e-05,53537,11
2e-05,53538,11
2e-05,53539,6
2e-05,53540,9
2e-05,53541,6
2e-05,53542,0
2e-05,53543,12
2e-05,53544,10
2e-05,53545,9
2e-05,53546,10
2e-05,53547,16
2e-05,53548,4
2e-05,53549,6
2e-05,53550,3
2e-05,53551,2
2e-05,53552,9
2e-05,53553,9
2e-05,53554,3
2e-05,53555,5
2e-05,53556,2
2e-05,53557,3
2e-05,53558,3
2e-05,53559,9
2e-05,53560,0
2e-05,53561,12
2e-05,53562,2
2e-05,53563,0
2e-05,53564,10
2e-05,53565,1
2e-05,53566,3
2e-05,53567,10
2e-05,53568,11
2e-05,53569,2
2e-05,53570,17
2e-05,53571,6
2e-05,53572,0
2e-05,53573,13
2e-05,53574,3
2e-05,53575,9
2e-05,53576,9
2e-05,53577,3
2e-05,53578,9
2e-05,53579,2
2e-05,53580,11
2e-05,53581,9
2e-05,53582,0
2e-05,53583,5
2e-05,53584,3
2e-05,53585,3
2e-05,53586,0
2e-05,53587,10
2e-05,53588,1
2e-05,53589,1
2e-05,53590,13
2e-05,53591,6
2e-05,53592,5
2e-05,53593,3
2e-05,53594,2
2e-05,53595,0
2e-05,53596,6
2e-05,53597,11
2e-05,53598,9
2e-05,53599,10
2e-05,53600,1
2e-05,53601,10
2e-05,53602,1
2e-05,53603,11
2e-05,53604,5
2e-05,53605,0
2e-05,53606,0
2e-05,53607,6
2e-05,53608,2
2e-05,53609,1
2e-05,53610,10
2e-05,53611,2
2e-05,53612,2
2e-05,53613,9
2e-05,53614,13
2e-05,53615,13
2e-05,53616,13
2e-05,53617,9
2e-05,53618,9
2e-05,53619,11
2e-05,53620,3
2e-05,53621,11
2e-05,53622,10
2e-05,53623,5
2e-05,53624,9
2e-05,53625,1
2e-05,53626,1
2e-05,53627,6
2e-05,53628,0
2e-05,53629,11
2e-05,53630,2
2e-05,53631,12
2e-05,53632,1
2e-05,53633,2
2e-05,53634,0
2e-05,53635,3
2e-05,53636,0
2e-05,53637,10
2e-05,53638,11
2e-05,53639,2
2e-05,53640,0
2e-05,53641,11
2e-05,53642,16
2e-05,53643,0
2e-05,53644,9
2e-05,53645,10
2e-05,53646,12
2e-05,53647,6
2e-05,53648,1
2e-05,53649,5
2e-05,53650,11
2e-05,53651,5
2e-05,53652,3
2e-05,53653,12
2e-05,53654,12
2e-05,53655,1
2e-05,53656,6
2e-05,53657,10
2e-05,53658,12
2e-05,53659,12
2e-05,53660,6
2e-05,53661,9
2e-05,53662,10
2e-05,53663,6
2e-05,53664,11
2e-05,53665,9
2e-05,53666,13
2e-05,53667,1
2e-05,53668,9
2e-05,53669,5
2e-05,53670,12
2e-05,53671,4
2e-05,53672,6
2e-05,53673,6
2e-05,53674,11
2e-05,53675,10
2e-05,53676,2
2e-05,53677,6
2e-05,53678,6
2e-05,53679,11
2e-05,53680,3
2e-05,53681,1
2e-05,53682,13
2e-05,53683,6
2e-05,53684,2
2e-05,53685,3
2e-05,53686,12
2e-05,53687,5
2e-05,53688,10
2e-05,53689,12
2e-05,53690,12
2e-05,53691,3
2e-05,53692,11
2e-05,53693,3
2e-05,53694,2
2e-05,53695,10
2e-05,53696,2
2e-05,53697,6
2e-05,53698,3
2e-05,53699,13
2e-05,53700,0
2e-05,53701,12
2e-05,53702,13
2e-05,53703,12
2e-05,53704,1
2e-05,53705,13
2e-05,53706,0
2e-05,53707,10
2e-05,53708,6
2e-05,53709,10
2e-05,53710,0
2e-05,53711,5
2e-05,53712,13
2e-05,53713,3
2e-05,53714,3
2e-05,53715,5
2e-05,53716,9
2e-05,53717,10
2e-05,53718,6
2e-05,53719,12
2e-05,53720,5
2e-05,53721,10
2e-05,53722,9
2e-05,53723,8
2e-05,53724,2
2e-05,53725,6
2e-05,53726,12
2e-05,53727,11
2e-05,53728,3
2e-05,53729,11
2e-05,53730,3
2e-05,53731,2
2e-05,53732,11
2e-05,53733,6
2e-05,53734,3
2e-05,53735,5
2e-05,53736,0
2e-05,53737,3
2e-05,53738,6
2e-05,53739,11
2e-05,53740,6
2e-05,53741,0
2e-05,53742,1
2e-05,53743,6
2e-05,53744,12
2e-05,53745,2
2e-05,53746,13
2e-05,53747,6
2e-05,53748,9
2e-05,53749,6
2e-05,53750,11
2e-05,53751,3
2e-05,53752,11
2e-05,53753,6
2e-05,53754,12
2e-05,53755,5
2e-05,53756,3
2e-05,53757,5
2e-05,53758,0
2e-05,53759,10
2e-05,53760,13
2e-05,53761,6
2e-05,53762,5
2e-05,53763,9
2e-05,53764,11
2e-05,53765,11
2e-05,53766,9
2e-05,53767,0
2e-05,53768,9
2e-05,53769,0
2e-05,53770,2
2e-05,53771,11
2e-05,53772,5
2e-05,53773,1
2e-05,53774,5
2e-05,53775,0
2e-05,53776,3
2e-05,53777,9
2e-05,53778,9
2e-05,53779,3
2e-05,53780,5
2e-05,53781,9
2e-05,53782,6
2e-05,53783,9
2e-05,53784,2
2e-05,53785,11
2e-05,53786,0
2e-05,53787,5
2e-05,53788,11
2e-05,53789,13
2e-05,53790,12
2e-05,53791,6
2e-05,53792,5
2e-05,53793,5
2e-05,53794,13
2e-05,53795,11
2e-05,53796,2
2e-05,53797,10
2e-05,53798,6
2e-05,53799,3
2e-05,53800,3
2e-05,53801,13
2e-05,53802,10
2e-05,53803,9
2e-05,53804,9
2e-05,53805,5
2e-05,53806,13
2e-05,53807,11
2e-05,53808,11
2e-05,53809,5
2e-05,53810,13
2e-05,53811,17
2e-05,53812,9
2e-05,53813,10
2e-05,53814,2
2e-05,53815,1
2e-05,53816,0
2e-05,53817,11
2e-05,53818,9
2e-05,53819,5
2e-05,53820,6
2e-05,53821,9
2e-05,53822,9
2e-05,53823,11
2e-05,53824,12
2e-05,53825,9
2e-05,53826,11
2e-05,53827,6
2e-05,53828,12
2e-05,53829,2
2e-05,53830,1
2e-05,53831,12
2e-05,53832,6
2e-05,53833,12
2e-05,53834,0
2e-05,53835,1
2e-05,53836,1
2e-05,53837,1
2e-05,53838,1
2e-05,53839,0
2e-05,53840,3
2e-05,53841,8
2e-05,53842,1
2e-05,53843,0
2e-05,53844,1
2e-05,53845,10
2e-05,53846,10
2e-05,53847,3
2e-05,53848,1
2e-05,53849,11
2e-05,53850,13
2e-05,53851,1
2e-05,53852,1
2e-05,53853,0
2e-05,53854,3
2e-05,53855,12
2e-05,53856,1
2e-05,53857,13
2e-05,53858,1
2e-05,53859,10
2e-05,53860,5
2e-05,53861,12
2e-05,53862,9
2e-05,53863,10
2e-05,53864,6
2e-05,53865,0
2e-05,53866,0
2e-05,53867,11
2e-05,53868,9
2e-05,53869,6
2e-05,53870,10
2e-05,53871,13
2e-05,53872,5
2e-05,53873,13
2e-05,53874,0
2e-05,53875,11
2e-05,53876,0
2e-05,53877,5
2e-05,53878,6
2e-05,53879,12
2e-05,53880,10
2e-05,53881,12
2e-05,53882,6
2e-05,53883,6
2e-05,53884,9
2e-05,53885,6
2e-05,53886,10
2e-05,53887,3
2e-05,53888,1
2e-05,53889,11
2e-05,53890,3
2e-05,53891,3
2e-05,53892,1
2e-05,53893,2
2e-05,53894,0
2e-05,53895,2
2e-05,53896,0
2e-05,53897,1
2e-05,53898,10
2e-05,53899,11
2e-05,53900,9
2e-05,53901,5
2e-05,53902,2
2e-05,53903,3
2e-05,53904,11
2e-05,53905,0
2e-05,53906,13
2e-05,53907,12
2e-05,53908,6
2e-05,53909,10
2e-05,53910,6
2e-05,53911,2
2e-05,53912,3
2e-05,53913,6
2e-05,53914,6
2e-05,53915,10
2e-05,53916,2
2e-05,53917,5
2e-05,53918,3
2e-05,53919,12
2e-05,53920,6
2e-05,53921,6
2e-05,53922,9
2e-05,53923,1
2e-05,53924,13
2e-05,53925,9
2e-05,53926,0
2e-05,53927,6
2e-05,53928,9
2e-05,53929,13
2e-05,53930,9
2e-05,53931,6
2e-05,53932,1
2e-05,53933,2
2e-05,53934,0
2e-05,53935,1
2e-05,53936,2
2e-05,53937,2
2e-05,53938,11
2e-05,53939,9
2e-05,53940,11
2e-05,53941,0
2e-05,53942,10
2e-05,53943,11
2e-05,53944,12
2e-05,53945,3
2e-05,53946,11
2e-05,53947,0
2e-05,53948,6
2e-05,53949,3
2e-05,53950,2
2e-05,53951,0
2e-05,53952,11
2e-05,53953,9
2e-05,53954,10
2e-05,53955,13
2e-05,53956,13
2e-05,53957,11
2e-05,53958,6
2e-05,53959,13
2e-05,53960,6
2e-05,53961,3
2e-05,53962,0
2e-05,53963,3
2e-05,53964,13
2e-05,53965,0
2e-05,53966,5
2e-05,53967,6
2e-05,53968,3
2e-05,53969,3
2e-05,53970,11
2e-05,53971,12
2e-05,53972,4
2e-05,53973,13
2e-05,53974,9
2e-05,53975,9
2e-05,53976,1
2e-05,53977,5
2e-05,53978,3
2e-05,53979,1
2e-05,53980,12
2e-05,53981,2
2e-05,53982,5
2e-05,53983,5
2e-05,53984,3
2e-05,53985,9
2e-05,53986,0
2e-05,53987,12
2e-05,53988,0
2e-05,53989,12
2e-05,53990,5
2e-05,53991,13
2e-05,53992,1
2e-05,53993,13
2e-05,53994,18
2e-05,53995,16
2e-05,53996,11
2e-05,53997,11
2e-05,53998,11
2e-05,53999,1
2e-05,54000,9
2e-05,54001,3
2e-05,54002,10
2e-05,54003,3
2e-05,54004,13
2e-05,54005,1
2e-05,54006,5
2e-05,54007,1
2e-05,54008,13
2e-05,54009,5
2e-05,54010,1
2e-05,54011,1
2e-05,54012,5
2e-05,54013,1
2e-05,54014,10
2e-05,54015,11
2e-05,54016,3
2e-05,54017,5
2e-05,54018,10
2e-05,54019,11
2e-05,54020,6
2e-05,54021,5
2e-05,54022,10
2e-05,54023,1
2e-05,54024,2
2e-05,54025,3
2e-05,54026,6
2e-05,54027,6
2e-05,54028,1
2e-05,54029,3
2e-05,54030,10
2e-05,54031,5
2e-05,54032,9
2e-05,54033,9
2e-05,54034,11
2e-05,54035,11
2e-05,54036,6
2e-05,54037,12
2e-05,54038,13
2e-05,54039,9
2e-05,54040,0
2e-05,54041,11
2e-05,54042,10
2e-05,54043,11
2e-05,54044,6
2e-05,54045,10
2e-05,54046,6
2e-05,54047,10
2e-05,54048,0
2e-05,54049,10
2e-05,54050,1
2e-05,54051,2
2e-05,54052,9
2e-05,54053,2
2e-05,54054,11
2e-05,54055,13
2e-05,54056,1
2e-05,54057,9
2e-05,54058,2
2e-05,54059,10
2e-05,54060,0
2e-05,54061,0
2e-05,54062,5
2e-05,54063,0
2e-05,54064,13
2e-05,54065,2
2e-05,54066,9
2e-05,54067,5
2e-05,54068,5
2e-05,54069,5
2e-05,54070,9
2e-05,54071,2
2e-05,54072,3
2e-05,54073,10
2e-05,54074,3
2e-05,54075,9
2e-05,54076,3
2e-05,54077,11
2e-05,54078,9
2e-05,54079,6
2e-05,54080,12
2e-05,54081,11
2e-05,54082,6
2e-05,54083,1
2e-05,54084,9
2e-05,54085,6
2e-05,54086,3
2e-05,54087,10
2e-05,54088,10
2e-05,54089,1
2e-05,54090,1
2e-05,54091,1
2e-05,54092,2
2e-05,54093,13
2e-05,54094,9
2e-05,54095,11
2e-05,54096,1
2e-05,54097,10
2e-05,54098,11
2e-05,54099,6
2e-05,54100,0
2e-05,54101,5
2e-05,54102,1
2e-05,54103,5
2e-05,54104,2
2e-05,54105,2
2e-05,54106,2
2e-05,54107,12
2e-05,54108,6
2e-05,54109,2
2e-05,54110,5
2e-05,54111,11
2e-05,54112,12
2e-05,54113,13
2e-05,54114,1
2e-05,54115,0
2e-05,54116,6
2e-05,54117,13
2e-05,54118,9
2e-05,54119,2
2e-05,54120,12
2e-05,54121,6
2e-05,54122,6
2e-05,54123,6
2e-05,54124,0
2e-05,54125,10
2e-05,54126,5
2e-05,54127,0
2e-05,54128,17
2e-05,54129,2
2e-05,54130,10
2e-05,54131,6
2e-05,54132,10
2e-05,54133,5
2e-05,54134,3
2e-05,54135,13
2e-05,54136,11
2e-05,54137,10
2e-05,54138,1
2e-05,54139,10
2e-05,54140,0
2e-05,54141,2
2e-05,54142,10
2e-05,54143,11
2e-05,54144,10
2e-05,54145,1
2e-05,54146,0
2e-05,54147,10
2e-05,54148,3
2e-05,54149,1
2e-05,54150,13
2e-05,54151,6
2e-05,54152,1
2e-05,54153,10
2e-05,54154,9
2e-05,54155,11
2e-05,54156,0
2e-05,54157,1
2e-05,54158,13
2e-05,54159,10
2e-05,54160,2
2e-05,54161,13
2e-05,54162,10
2e-05,54163,12
2e-05,54164,11
2e-05,54165,9
2e-05,54166,13
2e-05,54167,11
2e-05,54168,3
2e-05,54169,2
2e-05,54170,6
2e-05,54171,5
2e-05,54172,0
2e-05,54173,8
2e-05,54174,9
2e-05,54175,11
2e-05,54176,5
2e-05,54177,8
2e-05,54178,5
2e-05,54179,6
2e-05,54180,6
2e-05,54181,13
2e-05,54182,9
2e-05,54183,2
2e-05,54184,11
2e-05,54185,14
2e-05,54186,6
2e-05,54187,11
2e-05,54188,5
2e-05,54189,11
2e-05,54190,6
2e-05,54191,10
2e-05,54192,1
2e-05,54193,3
2e-05,54194,3
2e-05,54195,3
2e-05,54196,11
2e-05,54197,8
2e-05,54198,3
2e-05,54199,12
2e-05,54200,0
2e-05,54201,0
2e-05,54202,2
2e-05,54203,1
2e-05,54204,10
2e-05,54205,12
2e-05,54206,6
2e-05,54207,11
2e-05,54208,13
2e-05,54209,12
2e-05,54210,13
2e-05,54211,2
2e-05,54212,6
2e-05,54213,1
2e-05,54214,1
2e-05,54215,13
2e-05,54216,3
2e-05,54217,5
2e-05,54218,11
2e-05,54219,12
2e-05,54220,13
2e-05,54221,11
2e-05,54222,3
2e-05,54223,5
2e-05,54224,0
2e-05,54225,2
2e-05,54226,5
2e-05,54227,6
2e-05,54228,3
2e-05,54229,2
2e-05,54230,3
2e-05,54231,0
2e-05,54232,0
2e-05,54233,9
2e-05,54234,0
2e-05,54235,0
2e-05,54236,12
2e-05,54237,10
2e-05,54238,10
2e-05,54239,10
2e-05,54240,11
2e-05,54241,12
2e-05,54242,13
2e-05,54243,6
2e-05,54244,10
2e-05,54245,10
2e-05,54246,0
2e-05,54247,0
2e-05,54248,10
2e-05,54249,6
2e-05,54250,6
2e-05,54251,5
2e-05,54252,2
2e-05,54253,6
2e-05,54254,3
2e-05,54255,10
2e-05,54256,3
2e-05,54257,0
2e-05,54258,5
2e-05,54259,9
2e-05,54260,13
2e-05,54261,2
2e-05,54262,3
2e-05,54263,11
2e-05,54264,0
2e-05,54265,6
2e-05,54266,9
2e-05,54267,8
2e-05,54268,11
2e-05,54269,2
2e-05,54270,1
2e-05,54271,2
2e-05,54272,5
2e-05,54273,12
2e-05,54274,0
2e-05,54275,2
2e-05,54276,13
2e-05,54277,9
2e-05,54278,9
2e-05,54279,13
2e-05,54280,0
2e-05,54281,2
2e-05,54282,11
2e-05,54283,3
2e-05,54284,2
2e-05,54285,12
2e-05,54286,9
2e-05,54287,6
2e-05,54288,0
2e-05,54289,0
2e-05,54290,12
2e-05,54291,8
2e-05,54292,9
2e-05,54293,6
2e-05,54294,6
2e-05,54295,11
2e-05,54296,10
2e-05,54297,6
2e-05,54298,10
2e-05,54299,11
2e-05,54300,11
2e-05,54301,10
2e-05,54302,3
2e-05,54303,3
2e-05,54304,11
2e-05,54305,12
2e-05,54306,10
2e-05,54307,16
2e-05,54308,6
2e-05,54309,1
2e-05,54310,13
2e-05,54311,0
2e-05,54312,0
2e-05,54313,3
2e-05,54314,9
2e-05,54315,0
2e-05,54316,5
2e-05,54317,8
2e-05,54318,0
2e-05,54319,9
2e-05,54320,6
2e-05,54321,3
2e-05,54322,12
2e-05,54323,0
2e-05,54324,11
2e-05,54325,3
2e-05,54326,3
2e-05,54327,3
2e-05,54328,10
2e-05,54329,10
2e-05,54330,10
2e-05,54331,10
2e-05,54332,8
2e-05,54333,13
2e-05,54334,11
2e-05,54335,13
2e-05,54336,9
2e-05,54337,3
2e-05,54338,11
2e-05,54339,3
2e-05,54340,1
2e-05,54341,11
2e-05,54342,5
2e-05,54343,11
2e-05,54344,1
2e-05,54345,5
2e-05,54346,1
2e-05,54347,9
2e-05,54348,6
2e-05,54349,1
2e-05,54350,9
2e-05,54351,0
2e-05,54352,1
2e-05,54353,13
2e-05,54354,0
2e-05,54355,6
2e-05,54356,2
2e-05,54357,10
2e-05,54358,0
2e-05,54359,2
2e-05,54360,3
2e-05,54361,0
2e-05,54362,16
2e-05,54363,6
2e-05,54364,6
2e-05,54365,11
2e-05,54366,11
2e-05,54367,5
2e-05,54368,12
2e-05,54369,0
2e-05,54370,1
2e-05,54371,11
2e-05,54372,11
2e-05,54373,11
2e-05,54374,10
2e-05,54375,13
2e-05,54376,10
2e-05,54377,2
2e-05,54378,9
2e-05,54379,13
2e-05,54380,0
2e-05,54381,5
2e-05,54382,12
2e-05,54383,5
2e-05,54384,1
2e-05,54385,12
2e-05,54386,6
2e-05,54387,6
2e-05,54388,0
2e-05,54389,11
2e-05,54390,1
2e-05,54391,6
2e-05,54392,3
2e-05,54393,10
2e-05,54394,1
2e-05,54395,11
2e-05,54396,11
2e-05,54397,5
2e-05,54398,3
2e-05,54399,5
2e-05,54400,6
2e-05,54401,10
2e-05,54402,9
2e-05,54403,1
2e-05,54404,2
2e-05,54405,2
2e-05,54406,11
2e-05,54407,12
2e-05,54408,0
2e-05,54409,9
2e-05,54410,3
2e-05,54411,3
2e-05,54412,6
2e-05,54413,10
2e-05,54414,10
2e-05,54415,2
2e-05,54416,2
2e-05,54417,3
2e-05,54418,11
2e-05,54419,1
2e-05,54420,6
2e-05,54421,12
2e-05,54422,3
2e-05,54423,1
2e-05,54424,5
2e-05,54425,3
2e-05,54426,10
2e-05,54427,11
2e-05,54428,11
2e-05,54429,12
2e-05,54430,11
2e-05,54431,10
2e-05,54432,11
2e-05,54433,8
2e-05,54434,11
2e-05,54435,2
2e-05,54436,3
2e-05,54437,0
2e-05,54438,2
2e-05,54439,11
2e-05,54440,11
2e-05,54441,12
2e-05,54442,12
2e-05,54443,9
2e-05,54444,1
2e-05,54445,3
2e-05,54446,0
2e-05,54447,9
2e-05,54448,12
2e-05,54449,11
2e-05,54450,10
2e-05,54451,2
2e-05,54452,0
2e-05,54453,2
2e-05,54454,3
2e-05,54455,2
2e-05,54456,11
2e-05,54457,10
2e-05,54458,10
2e-05,54459,0
2e-05,54460,2
2e-05,54461,1
2e-05,54462,12
2e-05,54463,13
2e-05,54464,1
2e-05,54465,10
2e-05,54466,1
2e-05,54467,3
2e-05,54468,3
2e-05,54469,10
2e-05,54470,13
2e-05,54471,11
2e-05,54472,10
2e-05,54473,12
2e-05,54474,11
2e-05,54475,1
2e-05,54476,9
2e-05,54477,2
2e-05,54478,11
2e-05,54479,6
2e-05,54480,1
2e-05,54481,10
2e-05,54482,12
2e-05,54483,12
2e-05,54484,3
2e-05,54485,9
2e-05,54486,3
2e-05,54487,0
2e-05,54488,2
2e-05,54489,6
2e-05,54490,1
2e-05,54491,3
2e-05,54492,12
2e-05,54493,3
2e-05,54494,9
2e-05,54495,11
2e-05,54496,10
2e-05,54497,13
2e-05,54498,10
2e-05,54499,9
2e-05,54500,11
2e-05,54501,2
2e-05,54502,5
2e-05,54503,5
2e-05,54504,2
2e-05,54505,10
2e-05,54506,0
2e-05,54507,5
2e-05,54508,12
2e-05,54509,3
2e-05,54510,12
2e-05,54511,12
2e-05,54512,13
2e-05,54513,5
2e-05,54514,1
2e-05,54515,16
2e-05,54516,5
2e-05,54517,6
2e-05,54518,2
2e-05,54519,11
2e-05,54520,3
2e-05,54521,13
2e-05,54522,3
2e-05,54523,11
2e-05,54524,0
2e-05,54525,13
2e-05,54526,3
2e-05,54527,13
2e-05,54528,6
2e-05,54529,9
2e-05,54530,1
2e-05,54531,9
2e-05,54532,9
2e-05,54533,9
2e-05,54534,11
2e-05,54535,11
2e-05,54536,12
2e-05,54537,0
2e-05,54538,12
2e-05,54539,10
2e-05,54540,2
2e-05,54541,6
2e-05,54542,5
2e-05,54543,9
2e-05,54544,6
2e-05,54545,12
2e-05,54546,2
2e-05,54547,13
2e-05,54548,2
2e-05,54549,12
2e-05,54550,5
2e-05,54551,12
2e-05,54552,13
2e-05,54553,10
2e-05,54554,6
2e-05,54555,13
2e-05,54556,13
2e-05,54557,1
2e-05,54558,5
2e-05,54559,6
2e-05,54560,13
2e-05,54561,12
2e-05,54562,6
2e-05,54563,1
2e-05,54564,8
2e-05,54565,13
2e-05,54566,12
2e-05,54567,6
2e-05,54568,5
2e-05,54569,5
2e-05,54570,0
2e-05,54571,3
2e-05,54572,4
2e-05,54573,12
2e-05,54574,11
2e-05,54575,1
2e-05,54576,3
2e-05,54577,1
2e-05,54578,13
2e-05,54579,8
2e-05,54580,3
2e-05,54581,1
2e-05,54582,13
2e-05,54583,17
2e-05,54584,0
2e-05,54585,8
2e-05,54586,0
2e-05,54587,9
2e-05,54588,4
2e-05,54589,3
2e-05,54590,12
2e-05,54591,2
2e-05,54592,2
2e-05,54593,9
2e-05,54594,0
2e-05,54595,6
2e-05,54596,0
2e-05,54597,6
2e-05,54598,5
2e-05,54599,2
2e-05,54600,13
2e-05,54601,1
2e-05,54602,3
2e-05,54603,0
2e-05,54604,13
2e-05,54605,2
2e-05,54606,12
2e-05,54607,0
2e-05,54608,11
2e-05,54609,1
2e-05,54610,1
2e-05,54611,6
2e-05,54612,2
2e-05,54613,13
2e-05,54614,5
2e-05,54615,11
2e-05,54616,13
2e-05,54617,6
2e-05,54618,10
2e-05,54619,6
2e-05,54620,6
2e-05,54621,0
2e-05,54622,0
2e-05,54623,1
2e-05,54624,0
2e-05,54625,6
2e-05,54626,3
2e-05,54627,6
2e-05,54628,12
2e-05,54629,13
2e-05,54630,13
2e-05,54631,0
2e-05,54632,9
2e-05,54633,10
2e-05,54634,5
2e-05,54635,2
2e-05,54636,5
2e-05,54637,10
2e-05,54638,9
2e-05,54639,16
2e-05,54640,12
2e-05,54641,3
2e-05,54642,0
2e-05,54643,1
2e-05,54644,3
2e-05,54645,13
2e-05,54646,10
2e-05,54647,5
2e-05,54648,2
2e-05,54649,11
2e-05,54650,11
2e-05,54651,0
2e-05,54652,13
2e-05,54653,11
2e-05,54654,9
2e-05,54655,2
2e-05,54656,9
2e-05,54657,5
2e-05,54658,2
2e-05,54659,6
2e-05,54660,10
2e-05,54661,5
2e-05,54662,2
2e-05,54663,0
2e-05,54664,10
2e-05,54665,11
2e-05,54666,11
2e-05,54667,0
2e-05,54668,12
2e-05,54669,16
2e-05,54670,6
2e-05,54671,0
2e-05,54672,11
2e-05,54673,2
2e-05,54674,11
2e-05,54675,1
2e-05,54676,10
2e-05,54677,0
2e-05,54678,9
2e-05,54679,6
2e-05,54680,6
2e-05,54681,5
2e-05,54682,11
2e-05,54683,6
2e-05,54684,1
2e-05,54685,0
2e-05,54686,5
2e-05,54687,5
2e-05,54688,0
2e-05,54689,5
2e-05,54690,1
2e-05,54691,2
2e-05,54692,10
2e-05,54693,11
2e-05,54694,1
2e-05,54695,12
2e-05,54696,13
2e-05,54697,11
2e-05,54698,6
2e-05,54699,2
2e-05,54700,12
2e-05,54701,2
2e-05,54702,6
2e-05,54703,2
2e-05,54704,13
2e-05,54705,8
2e-05,54706,2
2e-05,54707,13
2e-05,54708,5
2e-05,54709,5
2e-05,54710,2
2e-05,54711,12
2e-05,54712,11
2e-05,54713,12
2e-05,54714,2
2e-05,54715,1
2e-05,54716,11
2e-05,54717,16
2e-05,54718,13
2e-05,54719,5
2e-05,54720,13
2e-05,54721,13
2e-05,54722,6
2e-05,54723,10
2e-05,54724,12
2e-05,54725,11
2e-05,54726,5
2e-05,54727,9
2e-05,54728,6
2e-05,54729,0
2e-05,54730,1
2e-05,54731,9
2e-05,54732,2
2e-05,54733,2
2e-05,54734,2
2e-05,54735,0
2e-05,54736,10
2e-05,54737,1
2e-05,54738,0
2e-05,54739,9
2e-05,54740,9
2e-05,54741,1
2e-05,54742,10
2e-05,54743,5
2e-05,54744,2
2e-05,54745,2
2e-05,54746,5
2e-05,54747,9
2e-05,54748,12
2e-05,54749,5
2e-05,54750,10
2e-05,54751,3
2e-05,54752,0
2e-05,54753,5
2e-05,54754,3
2e-05,54755,5
2e-05,54756,6
2e-05,54757,6
2e-05,54758,11
2e-05,54759,0
2e-05,54760,1
2e-05,54761,3
2e-05,54762,3
2e-05,54763,1
2e-05,54764,3
2e-05,54765,2
2e-05,54766,0
2e-05,54767,11
2e-05,54768,1
2e-05,54769,6
2e-05,54770,1
2e-05,54771,1
2e-05,54772,0
2e-05,54773,6
2e-05,54774,3
2e-05,54775,12
2e-05,54776,5
2e-05,54777,8
2e-05,54778,5
2e-05,54779,6
2e-05,54780,12
2e-05,54781,12
2e-05,54782,0
2e-05,54783,6
2e-05,54784,5
2e-05,54785,2
2e-05,54786,1
2e-05,54787,11
2e-05,54788,10
2e-05,54789,11
2e-05,54790,0
2e-05,54791,0
2e-05,54792,5
2e-05,54793,12
2e-05,54794,13
2e-05,54795,10
2e-05,54796,11
2e-05,54797,11
2e-05,54798,10
2e-05,54799,1
2e-05,54800,1
2e-05,54801,2
2e-05,54802,9
2e-05,54803,10
2e-05,54804,2
2e-05,54805,9
2e-05,54806,3
2e-05,54807,12
2e-05,54808,12
2e-05,54809,8
2e-05,54810,5
2e-05,54811,6
2e-05,54812,6
2e-05,54813,1
2e-05,54814,9
2e-05,54815,5
2e-05,54816,9
2e-05,54817,13
2e-05,54818,9
2e-05,54819,5
2e-05,54820,1
2e-05,54821,12
2e-05,54822,11
2e-05,54823,0
2e-05,54824,6
2e-05,54825,9
2e-05,54826,8
2e-05,54827,4
2e-05,54828,6
2e-05,54829,0
2e-05,54830,12
2e-05,54831,5
2e-05,54832,3
2e-05,54833,12
2e-05,54834,0
2e-05,54835,10
2e-05,54836,13
2e-05,54837,12
2e-05,54838,5
2e-05,54839,0
2e-05,54840,5
2e-05,54841,11
2e-05,54842,17
2e-05,54843,0
2e-05,54844,3
2e-05,54845,5
2e-05,54846,9
2e-05,54847,12
2e-05,54848,3
2e-05,54849,5
2e-05,54850,13
2e-05,54851,5
2e-05,54852,2
2e-05,54853,3
2e-05,54854,3
2e-05,54855,9
2e-05,54856,11
2e-05,54857,10
2e-05,54858,0
2e-05,54859,13
2e-05,54860,2
2e-05,54861,1
2e-05,54862,6
2e-05,54863,1
2e-05,54864,2
2e-05,54865,10
2e-05,54866,11
2e-05,54867,13
2e-05,54868,12
2e-05,54869,11
2e-05,54870,2
2e-05,54871,6
2e-05,54872,10
2e-05,54873,13
2e-05,54874,2
2e-05,54875,2
2e-05,54876,9
2e-05,54877,6
2e-05,54878,12
2e-05,54879,10
2e-05,54880,12
2e-05,54881,9
2e-05,54882,1
2e-05,54883,13
2e-05,54884,0
2e-05,54885,6
2e-05,54886,11
2e-05,54887,2
2e-05,54888,5
2e-05,54889,5
2e-05,54890,2
2e-05,54891,5
2e-05,54892,2
2e-05,54893,3
2e-05,54894,1
2e-05,54895,10
2e-05,54896,0
2e-05,54897,12
2e-05,54898,6
2e-05,54899,5
2e-05,54900,13
2e-05,54901,1
2e-05,54902,2
2e-05,54903,9
2e-05,54904,13
2e-05,54905,0
2e-05,54906,11
2e-05,54907,2
2e-05,54908,3
2e-05,54909,13
2e-05,54910,3
2e-05,54911,12
2e-05,54912,5
2e-05,54913,6
2e-05,54914,3
2e-05,54915,11
2e-05,54916,9
2e-05,54917,3
2e-05,54918,10
2e-05,54919,4
2e-05,54920,2
2e-05,54921,0
2e-05,54922,9
2e-05,54923,6
2e-05,54924,9
2e-05,54925,13
2e-05,54926,0
2e-05,54927,5
2e-05,54928,0
2e-05,54929,2
2e-05,54930,6
2e-05,54931,0
2e-05,54932,6
2e-05,54933,3
2e-05,54934,6
2e-05,54935,12
2e-05,54936,5
2e-05,54937,9
2e-05,54938,11
2e-05,54939,11
2e-05,54940,6
2e-05,54941,8
2e-05,54942,6
2e-05,54943,13
2e-05,54944,12
2e-05,54945,0
2e-05,54946,12
2e-05,54947,3
2e-05,54948,9
2e-05,54949,10
2e-05,54950,6
2e-05,54951,3
2e-05,54952,1
2e-05,54953,10
2e-05,54954,0
2e-05,54955,0
2e-05,54956,6
2e-05,54957,0
2e-05,54958,13
2e-05,54959,0
2e-05,54960,12
2e-05,54961,2
2e-05,54962,5
2e-05,54963,6
2e-05,54964,10
2e-05,54965,13
2e-05,54966,6
2e-05,54967,0
2e-05,54968,12
2e-05,54969,5
2e-05,54970,2
2e-05,54971,0
2e-05,54972,12
2e-05,54973,9
2e-05,54974,12
2e-05,54975,9
2e-05,54976,11
2e-05,54977,12
2e-05,54978,12
2e-05,54979,13
2e-05,54980,13
2e-05,54981,6
2e-05,54982,5
2e-05,54983,3
2e-05,54984,12
2e-05,54985,13
2e-05,54986,4
2e-05,54987,13
2e-05,54988,13
2e-05,54989,5
2e-05,54990,13
2e-05,54991,3
2e-05,54992,6
2e-05,54993,5
2e-05,54994,1
2e-05,54995,2
2e-05,54996,11
2e-05,54997,13
2e-05,54998,13
2e-05,54999,0
2e-05,55000,6
2e-05,55001,3
2e-05,55002,9
2e-05,55003,6
2e-05,55004,2
2e-05,55005,3
2e-05,55006,5
2e-05,55007,9
2e-05,55008,10
2e-05,55009,13
2e-05,55010,13
2e-05,55011,12
2e-05,55012,9
2e-05,55013,3
2e-05,55014,17
2e-05,55015,0
2e-05,55016,1
2e-05,55017,1
2e-05,55018,11
2e-05,55019,1
2e-05,55020,2
2e-05,55021,3
2e-05,55022,6
2e-05,55023,2
2e-05,55024,13
2e-05,55025,2
2e-05,55026,0
2e-05,55027,11
2e-05,55028,1
2e-05,55029,11
2e-05,55030,6
2e-05,55031,11
2e-05,55032,13
2e-05,55033,6
2e-05,55034,6
2e-05,55035,11
2e-05,55036,11
2e-05,55037,6
2e-05,55038,9
2e-05,55039,13
2e-05,55040,12
2e-05,55041,11
2e-05,55042,9
2e-05,55043,11
2e-05,55044,11
2e-05,55045,12
2e-05,55046,0
2e-05,55047,1
2e-05,55048,2
2e-05,55049,5
2e-05,55050,10
2e-05,55051,2
2e-05,55052,5
2e-05,55053,2
2e-05,55054,1
2e-05,55055,6
2e-05,55056,5
2e-05,55057,1
2e-05,55058,1
2e-05,55059,0
2e-05,55060,9
2e-05,55061,3
2e-05,55062,5
2e-05,55063,10
2e-05,55064,12
2e-05,55065,6
2e-05,55066,9
2e-05,55067,10
2e-05,55068,13
2e-05,55069,0
2e-05,55070,8
2e-05,55071,11
2e-05,55072,0
2e-05,55073,0
2e-05,55074,1
2e-05,55075,13
2e-05,55076,13
2e-05,55077,11
2e-05,55078,5
2e-05,55079,11
2e-05,55080,6
2e-05,55081,9
2e-05,55082,11
2e-05,55083,1
2e-05,55084,1
2e-05,55085,3
2e-05,55086,6
2e-05,55087,3
2e-05,55088,1
2e-05,55089,5
2e-05,55090,5
2e-05,55091,11
2e-05,55092,10
2e-05,55093,10
2e-05,55094,3
2e-05,55095,2
2e-05,55096,10
2e-05,55097,13
2e-05,55098,9
2e-05,55099,6
2e-05,55100,10
2e-05,55101,3
2e-05,55102,11
2e-05,55103,11
2e-05,55104,11
2e-05,55105,1
2e-05,55106,6
2e-05,55107,10
2e-05,55108,13
2e-05,55109,9
2e-05,55110,13
2e-05,55111,1
2e-05,55112,13
2e-05,55113,6
2e-05,55114,5
2e-05,55115,11
2e-05,55116,9
2e-05,55117,3
2e-05,55118,1
2e-05,55119,12
2e-05,55120,11
2e-05,55121,0
2e-05,55122,12
2e-05,55123,5
2e-05,55124,5
2e-05,55125,6
2e-05,55126,10
2e-05,55127,5
2e-05,55128,11
2e-05,55129,2
2e-05,55130,13
2e-05,55131,3
2e-05,55132,2
2e-05,55133,1
2e-05,55134,9
2e-05,55135,10
2e-05,55136,6
2e-05,55137,0
2e-05,55138,3
2e-05,55139,6
2e-05,55140,11
2e-05,55141,12
2e-05,55142,13
2e-05,55143,3
2e-05,55144,1
2e-05,55145,6
2e-05,55146,5
2e-05,55147,6
2e-05,55148,13
2e-05,55149,8
2e-05,55150,5
2e-05,55151,3
2e-05,55152,6
2e-05,55153,6
2e-05,55154,11
2e-05,55155,5
2e-05,55156,10
2e-05,55157,11
2e-05,55158,1
2e-05,55159,5
2e-05,55160,10
2e-05,55161,13
2e-05,55162,3
2e-05,55163,13
2e-05,55164,3
2e-05,55165,6
2e-05,55166,5
2e-05,55167,9
2e-05,55168,12
2e-05,55169,12
2e-05,55170,10
2e-05,55171,5
2e-05,55172,2
2e-05,55173,3
2e-05,55174,1
2e-05,55175,5
2e-05,55176,6
2e-05,55177,10
2e-05,55178,11
2e-05,55179,3
2e-05,55180,10
2e-05,55181,0
2e-05,55182,12
2e-05,55183,3
2e-05,55184,0
2e-05,55185,6
2e-05,55186,0
2e-05,55187,2
2e-05,55188,10
2e-05,55189,6
2e-05,55190,2
2e-05,55191,5
2e-05,55192,1
2e-05,55193,2
2e-05,55194,2
2e-05,55195,12
2e-05,55196,3
2e-05,55197,1
2e-05,55198,0
2e-05,55199,1
2e-05,55200,9
2e-05,55201,5
2e-05,55202,1
2e-05,55203,3
2e-05,55204,1
2e-05,55205,1
2e-05,55206,1
2e-05,55207,3
2e-05,55208,11
2e-05,55209,9
2e-05,55210,16
2e-05,55211,2
2e-05,55212,6
2e-05,55213,2
2e-05,55214,11
2e-05,55215,8
2e-05,55216,2
2e-05,55217,12
2e-05,55218,5
2e-05,55219,6
2e-05,55220,6
2e-05,55221,10
2e-05,55222,12
2e-05,55223,13
2e-05,55224,3
2e-05,55225,5
2e-05,55226,0
2e-05,55227,5
2e-05,55228,3
2e-05,55229,10
2e-05,55230,1
2e-05,55231,4
2e-05,55232,13
2e-05,55233,13
2e-05,55234,11
2e-05,55235,3
2e-05,55236,13
2e-05,55237,11
2e-05,55238,6
2e-05,55239,5
2e-05,55240,13
2e-05,55241,12
2e-05,55242,13
2e-05,55243,3
2e-05,55244,5
2e-05,55245,6
2e-05,55246,0
2e-05,55247,9
2e-05,55248,5
2e-05,55249,9
2e-05,55250,10
2e-05,55251,8
2e-05,55252,12
2e-05,55253,5
2e-05,55254,9
2e-05,55255,13
2e-05,55256,11
2e-05,55257,13
2e-05,55258,11
2e-05,55259,9
2e-05,55260,3
2e-05,55261,12
2e-05,55262,3
2e-05,55263,12
2e-05,55264,3
2e-05,55265,13
2e-05,55266,13
2e-05,55267,2
2e-05,55268,11
2e-05,55269,2
2e-05,55270,13
2e-05,55271,5
2e-05,55272,5
2e-05,55273,1
2e-05,55274,13
2e-05,55275,0
2e-05,55276,3
2e-05,55277,5
2e-05,55278,3
2e-05,55279,1
2e-05,55280,6
2e-05,55281,1
2e-05,55282,5
2e-05,55283,5
2e-05,55284,5
2e-05,55285,10
2e-05,55286,5
2e-05,55287,6
2e-05,55288,2
2e-05,55289,0
2e-05,55290,13
2e-05,55291,2
2e-05,55292,12
2e-05,55293,5
2e-05,55294,9
2e-05,55295,5
2e-05,55296,3
2e-05,55297,13
2e-05,55298,10
2e-05,55299,5
2e-05,55300,1
2e-05,55301,5
2e-05,55302,6
2e-05,55303,2
2e-05,55304,0
2e-05,55305,0
2e-05,55306,3
2e-05,55307,10
2e-05,55308,2
2e-05,55309,8
2e-05,55310,2
2e-05,55311,13
2e-05,55312,12
2e-05,55313,0
2e-05,55314,6
2e-05,55315,5
2e-05,55316,3
2e-05,55317,9
2e-05,55318,8
2e-05,55319,3
2e-05,55320,5
2e-05,55321,7
2e-05,55322,6
2e-05,55323,13
2e-05,55324,16
2e-05,55325,11
2e-05,55326,0
2e-05,55327,9
2e-05,55328,0
2e-05,55329,6
2e-05,55330,0
2e-05,55331,6
2e-05,55332,2
2e-05,55333,6
2e-05,55334,9
2e-05,55335,10
2e-05,55336,10
2e-05,55337,5
2e-05,55338,5
2e-05,55339,10
2e-05,55340,0
2e-05,55341,10
2e-05,55342,2
2e-05,55343,16
2e-05,55344,9
2e-05,55345,12
2e-05,55346,0
2e-05,55347,0
2e-05,55348,10
2e-05,55349,0
2e-05,55350,0
2e-05,55351,8
2e-05,55352,10
2e-05,55353,3
2e-05,55354,6
2e-05,55355,11
2e-05,55356,0
2e-05,55357,5
2e-05,55358,13
2e-05,55359,13
2e-05,55360,11
2e-05,55361,16
2e-05,55362,5
2e-05,55363,9
2e-05,55364,11
2e-05,55365,9
2e-05,55366,6
2e-05,55367,0
2e-05,55368,11
2e-05,55369,13
2e-05,55370,13
2e-05,55371,12
2e-05,55372,3
2e-05,55373,11
2e-05,55374,11
2e-05,55375,1
2e-05,55376,1
2e-05,55377,9
2e-05,55378,6
2e-05,55379,10
2e-05,55380,11
2e-05,55381,9
2e-05,55382,10
2e-05,55383,16
2e-05,55384,13
2e-05,55385,6
2e-05,55386,6
2e-05,55387,0
2e-05,55388,1
2e-05,55389,10
2e-05,55390,3
2e-05,55391,11
2e-05,55392,9
2e-05,55393,12
2e-05,55394,5
2e-05,55395,0
2e-05,55396,1
2e-05,55397,10
2e-05,55398,9
2e-05,55399,2
2e-05,55400,10
2e-05,55401,6
2e-05,55402,12
2e-05,55403,13
2e-05,55404,0
2e-05,55405,11
2e-05,55406,6
2e-05,55407,9
2e-05,55408,0
2e-05,55409,9
2e-05,55410,10
2e-05,55411,0
2e-05,55412,6
2e-05,55413,5
2e-05,55414,0
2e-05,55415,12
2e-05,55416,0
2e-05,55417,2
2e-05,55418,5
2e-05,55419,0
2e-05,55420,6
2e-05,55421,2
2e-05,55422,9
2e-05,55423,0
2e-05,55424,12
2e-05,55425,13
2e-05,55426,6
2e-05,55427,9
2e-05,55428,8
2e-05,55429,9
2e-05,55430,11
2e-05,55431,1
2e-05,55432,11
2e-05,55433,2
2e-05,55434,1
2e-05,55435,12
2e-05,55436,10
2e-05,55437,9
2e-05,55438,12
2e-05,55439,9
2e-05,55440,5
2e-05,55441,0
2e-05,55442,10
2e-05,55443,12
2e-05,55444,10
2e-05,55445,0
2e-05,55446,1
2e-05,55447,11
2e-05,55448,0
2e-05,55449,12
2e-05,55450,1
2e-05,55451,11
2e-05,55452,11
2e-05,55453,9
2e-05,55454,0
2e-05,55455,11
2e-05,55456,10
2e-05,55457,2
2e-05,55458,11
2e-05,55459,9
2e-05,55460,11
2e-05,55461,9
2e-05,55462,12
2e-05,55463,5
2e-05,55464,2
2e-05,55465,12
2e-05,55466,1
2e-05,55467,0
2e-05,55468,13
2e-05,55469,2
2e-05,55470,1
2e-05,55471,3
2e-05,55472,0
2e-05,55473,13
2e-05,55474,17
2e-05,55475,0
2e-05,55476,10
2e-05,55477,13
2e-05,55478,2
2e-05,55479,11
2e-05,55480,1
2e-05,55481,13
2e-05,55482,9
2e-05,55483,6
2e-05,55484,13
2e-05,55485,3
2e-05,55486,1
2e-05,55487,13
2e-05,55488,1
2e-05,55489,6
2e-05,55490,9
2e-05,55491,13
2e-05,55492,6
2e-05,55493,3
2e-05,55494,11
2e-05,55495,0
2e-05,55496,1
2e-05,55497,0
2e-05,55498,8
2e-05,55499,9
2e-05,55500,3
2e-05,55501,5
2e-05,55502,16
2e-05,55503,0
2e-05,55504,13
2e-05,55505,3
2e-05,55506,0
2e-05,55507,2
2e-05,55508,5
2e-05,55509,9
2e-05,55510,1
2e-05,55511,11
2e-05,55512,12
2e-05,55513,3
2e-05,55514,11
2e-05,55515,2
2e-05,55516,5
2e-05,55517,16
2e-05,55518,3
2e-05,55519,16
2e-05,55520,6
2e-05,55521,10
2e-05,55522,12
2e-05,55523,10
2e-05,55524,11
2e-05,55525,11
2e-05,55526,9
2e-05,55527,5
2e-05,55528,13
2e-05,55529,1
2e-05,55530,1
2e-05,55531,6
2e-05,55532,1
2e-05,55533,11
2e-05,55534,9
2e-05,55535,11
2e-05,55536,12
2e-05,55537,1
2e-05,55538,6
2e-05,55539,11
2e-05,55540,2
2e-05,55541,13
2e-05,55542,9
2e-05,55543,11
2e-05,55544,10
2e-05,55545,13
2e-05,55546,4
2e-05,55547,0
2e-05,55548,9
2e-05,55549,0
2e-05,55550,3
2e-05,55551,2
2e-05,55552,3
2e-05,55553,9
2e-05,55554,6
2e-05,55555,9
2e-05,55556,13
2e-05,55557,5
2e-05,55558,11
2e-05,55559,0
2e-05,55560,11
2e-05,55561,9
2e-05,55562,3
2e-05,55563,1
2e-05,55564,11
2e-05,55565,9
2e-05,55566,0
2e-05,55567,13
2e-05,55568,10
2e-05,55569,6
2e-05,55570,5
2e-05,55571,6
2e-05,55572,3
2e-05,55573,1
2e-05,55574,13
2e-05,55575,9
2e-05,55576,0
2e-05,55577,13
2e-05,55578,9
2e-05,55579,6
2e-05,55580,3
2e-05,55581,11
2e-05,55582,9
2e-05,55583,3
2e-05,55584,10
2e-05,55585,1
2e-05,55586,0
2e-05,55587,6
2e-05,55588,10
2e-05,55589,12
2e-05,55590,6
2e-05,55591,9
2e-05,55592,13
2e-05,55593,13
2e-05,55594,6
2e-05,55595,10
2e-05,55596,1
2e-05,55597,10
2e-05,55598,10
2e-05,55599,11
2e-05,55600,13
2e-05,55601,6
2e-05,55602,13
2e-05,55603,5
2e-05,55604,1
2e-05,55605,11
2e-05,55606,11
2e-05,55607,11
2e-05,55608,11
2e-05,55609,5
2e-05,55610,10
2e-05,55611,11
2e-05,55612,5
2e-05,55613,13
2e-05,55614,10
2e-05,55615,5
2e-05,55616,3
2e-05,55617,10
2e-05,55618,1
2e-05,55619,10
2e-05,55620,0
2e-05,55621,0
2e-05,55622,5
2e-05,55623,1
2e-05,55624,11
2e-05,55625,16
2e-05,55626,3
2e-05,55627,0
2e-05,55628,6
2e-05,55629,5
2e-05,55630,6
2e-05,55631,11
2e-05,55632,9
2e-05,55633,6
2e-05,55634,10
2e-05,55635,9
2e-05,55636,3
2e-05,55637,11
2e-05,55638,9
2e-05,55639,0
2e-05,55640,2
2e-05,55641,5
2e-05,55642,5
2e-05,55643,10
2e-05,55644,10
2e-05,55645,6
2e-05,55646,13
2e-05,55647,6
2e-05,55648,11
2e-05,55649,3
2e-05,55650,11
2e-05,55651,10
2e-05,55652,12
2e-05,55653,12
2e-05,55654,12
2e-05,55655,10
2e-05,55656,5
2e-05,55657,10
2e-05,55658,12
2e-05,55659,9
2e-05,55660,9
2e-05,55661,13
2e-05,55662,6
2e-05,55663,3
2e-05,55664,6
2e-05,55665,5
2e-05,55666,3
2e-05,55667,10
2e-05,55668,12
2e-05,55669,12
2e-05,55670,11
2e-05,55671,0
2e-05,55672,2
2e-05,55673,9
2e-05,55674,3
2e-05,55675,0
2e-05,55676,10
2e-05,55677,0
2e-05,55678,6
2e-05,55679,11
2e-05,55680,0
2e-05,55681,2
2e-05,55682,1
2e-05,55683,5
2e-05,55684,12
2e-05,55685,16
2e-05,55686,0
2e-05,55687,0
2e-05,55688,0
2e-05,55689,2
2e-05,55690,11
2e-05,55691,1
2e-05,55692,9
2e-05,55693,11
2e-05,55694,10
2e-05,55695,5
2e-05,55696,5
2e-05,55697,1
2e-05,55698,5
2e-05,55699,12
2e-05,55700,3
2e-05,55701,2
2e-05,55702,3
2e-05,55703,11
2e-05,55704,12
2e-05,55705,0
2e-05,55706,10
2e-05,55707,2
2e-05,55708,9
2e-05,55709,2
2e-05,55710,6
2e-05,55711,11
2e-05,55712,11
2e-05,55713,2
2e-05,55714,4
2e-05,55715,6
2e-05,55716,6
2e-05,55717,3
2e-05,55718,9
2e-05,55719,11
2e-05,55720,9
2e-05,55721,12
2e-05,55722,13
2e-05,55723,9
2e-05,55724,12
2e-05,55725,5
2e-05,55726,11
2e-05,55727,11
2e-05,55728,0
2e-05,55729,4
2e-05,55730,0
2e-05,55731,10
2e-05,55732,5
2e-05,55733,1
2e-05,55734,5
2e-05,55735,6
2e-05,55736,6
2e-05,55737,2
2e-05,55738,1
2e-05,55739,13
2e-05,55740,2
2e-05,55741,3
2e-05,55742,8
2e-05,55743,10
2e-05,55744,5
2e-05,55745,6
2e-05,55746,3
2e-05,55747,11
2e-05,55748,6
2e-05,55749,2
2e-05,55750,5
2e-05,55751,0
2e-05,55752,5
2e-05,55753,1
2e-05,55754,10
2e-05,55755,1
2e-05,55756,0
2e-05,55757,9
2e-05,55758,17
2e-05,55759,12
2e-05,55760,5
2e-05,55761,13
2e-05,55762,12
2e-05,55763,10
2e-05,55764,0
2e-05,55765,1
2e-05,55766,6
2e-05,55767,0
2e-05,55768,10
2e-05,55769,9
2e-05,55770,12
2e-05,55771,11
2e-05,55772,11
2e-05,55773,5
2e-05,55774,10
2e-05,55775,11
2e-05,55776,10
2e-05,55777,11
2e-05,55778,11
2e-05,55779,10
2e-05,55780,1
2e-05,55781,9
2e-05,55782,5
2e-05,55783,9
2e-05,55784,2
2e-05,55785,3
2e-05,55786,11
2e-05,55787,9
2e-05,55788,6
2e-05,55789,3
2e-05,55790,12
2e-05,55791,0
2e-05,55792,3
2e-05,55793,0
2e-05,55794,3
2e-05,55795,0
2e-05,55796,10
2e-05,55797,0
2e-05,55798,0
2e-05,55799,12
2e-05,55800,6
2e-05,55801,6
2e-05,55802,12
2e-05,55803,0
2e-05,55804,5
2e-05,55805,0
2e-05,55806,6
2e-05,55807,3
2e-05,55808,5
2e-05,55809,11
2e-05,55810,10
2e-05,55811,10
2e-05,55812,2
2e-05,55813,11
2e-05,55814,6
2e-05,55815,5
2e-05,55816,6
2e-05,55817,1
2e-05,55818,10
2e-05,55819,11
2e-05,55820,2
2e-05,55821,0
2e-05,55822,5
2e-05,55823,10
2e-05,55824,13
2e-05,55825,11
2e-05,55826,1
2e-05,55827,5
2e-05,55828,11
2e-05,55829,11
2e-05,55830,2
2e-05,55831,12
2e-05,55832,2
2e-05,55833,11
2e-05,55834,13
2e-05,55835,13
2e-05,55836,0
2e-05,55837,0
2e-05,55838,5
2e-05,55839,10
2e-05,55840,6
2e-05,55841,5
2e-05,55842,3
2e-05,55843,0
2e-05,55844,0
2e-05,55845,1
2e-05,55846,11
2e-05,55847,11
2e-05,55848,10
2e-05,55849,12
2e-05,55850,11
2e-05,55851,9
2e-05,55852,12
2e-05,55853,5
2e-05,55854,10
2e-05,55855,12
2e-05,55856,10
2e-05,55857,0
2e-05,55858,2
2e-05,55859,5
2e-05,55860,5
2e-05,55861,12
2e-05,55862,6
2e-05,55863,0
2e-05,55864,10
2e-05,55865,2
2e-05,55866,8
2e-05,55867,11
2e-05,55868,0
2e-05,55869,10
2e-05,55870,11
2e-05,55871,3
2e-05,55872,1
2e-05,55873,0
2e-05,55874,1
2e-05,55875,0
2e-05,55876,9
2e-05,55877,9
2e-05,55878,13
2e-05,55879,13
2e-05,55880,11
2e-05,55881,10
2e-05,55882,10
2e-05,55883,17
2e-05,55884,9
2e-05,55885,5
2e-05,55886,11
2e-05,55887,0
2e-05,55888,11
2e-05,55889,9
2e-05,55890,9
2e-05,55891,12
2e-05,55892,1
2e-05,55893,10
2e-05,55894,12
2e-05,55895,1
2e-05,55896,9
2e-05,55897,6
2e-05,55898,6
2e-05,55899,11
2e-05,55900,6
2e-05,55901,12
2e-05,55902,5
2e-05,55903,9
2e-05,55904,3
2e-05,55905,5
2e-05,55906,3
2e-05,55907,12
2e-05,55908,6
2e-05,55909,11
2e-05,55910,10
2e-05,55911,1
2e-05,55912,9
2e-05,55913,0
2e-05,55914,6
2e-05,55915,9
2e-05,55916,5
2e-05,55917,11
2e-05,55918,1
2e-05,55919,11
2e-05,55920,10
2e-05,55921,1
2e-05,55922,10
2e-05,55923,9
2e-05,55924,1
2e-05,55925,11
2e-05,55926,1
2e-05,55927,2
2e-05,55928,6
2e-05,55929,12
2e-05,55930,1
2e-05,55931,6
2e-05,55932,11
2e-05,55933,2
2e-05,55934,12
2e-05,55935,3
2e-05,55936,0
2e-05,55937,1
2e-05,55938,5
2e-05,55939,6
2e-05,55940,5
2e-05,55941,1
2e-05,55942,0
2e-05,55943,9
2e-05,55944,11
2e-05,55945,1
2e-05,55946,12
2e-05,55947,8
2e-05,55948,10
2e-05,55949,13
2e-05,55950,3
2e-05,55951,1
2e-05,55952,10
2e-05,55953,5
2e-05,55954,10
2e-05,55955,6
2e-05,55956,1
2e-05,55957,2
2e-05,55958,11
2e-05,55959,16
2e-05,55960,10
2e-05,55961,10
2e-05,55962,6
2e-05,55963,2
2e-05,55964,5
2e-05,55965,1
2e-05,55966,1
2e-05,55967,0
2e-05,55968,11
2e-05,55969,1
2e-05,55970,5
2e-05,55971,13
2e-05,55972,0
2e-05,55973,3
2e-05,55974,6
2e-05,55975,10
2e-05,55976,2
2e-05,55977,6
2e-05,55978,16
2e-05,55979,4
2e-05,55980,13
2e-05,55981,1
2e-05,55982,13
2e-05,55983,1
2e-05,55984,16
2e-05,55985,12
2e-05,55986,5
2e-05,55987,6
2e-05,55988,3
2e-05,55989,10
2e-05,55990,0
2e-05,55991,9
2e-05,55992,0
2e-05,55993,11
2e-05,55994,6
2e-05,55995,9
2e-05,55996,12
2e-05,55997,9
2e-05,55998,6
2e-05,55999,1
2e-05,56000,9
2e-05,56001,5
2e-05,56002,6
2e-05,56003,11
2e-05,56004,12
2e-05,56005,9
2e-05,56006,10
2e-05,56007,1
2e-05,56008,11
2e-05,56009,1
2e-05,56010,5
2e-05,56011,12
2e-05,56012,5
2e-05,56013,6
2e-05,56014,10
2e-05,56015,1
2e-05,56016,12
2e-05,56017,6
2e-05,56018,0
2e-05,56019,2
2e-05,56020,9
2e-05,56021,12
2e-05,56022,11
2e-05,56023,0
2e-05,56024,6
2e-05,56025,9
2e-05,56026,2
2e-05,56027,10
2e-05,56028,11
2e-05,56029,3
2e-05,56030,6
2e-05,56031,0
2e-05,56032,13
2e-05,56033,6
2e-05,56034,13
2e-05,56035,10
2e-05,56036,11
2e-05,56037,6
2e-05,56038,10
2e-05,56039,11
2e-05,56040,13
2e-05,56041,10
2e-05,56042,11
2e-05,56043,12
2e-05,56044,10
2e-05,56045,5
2e-05,56046,12
2e-05,56047,0
2e-05,56048,12
2e-05,56049,0
2e-05,56050,12
2e-05,56051,5
2e-05,56052,3
2e-05,56053,13
2e-05,56054,5
2e-05,56055,0
2e-05,56056,12
2e-05,56057,10
2e-05,56058,12
2e-05,56059,9
2e-05,56060,11
2e-05,56061,1
2e-05,56062,11
2e-05,56063,9
2e-05,56064,0
2e-05,56065,6
2e-05,56066,5
2e-05,56067,1
2e-05,56068,0
2e-05,56069,11
2e-05,56070,9
2e-05,56071,0
2e-05,56072,2
2e-05,56073,2
2e-05,56074,13
2e-05,56075,9
2e-05,56076,3
2e-05,56077,8
2e-05,56078,1
2e-05,56079,5
2e-05,56080,5
2e-05,56081,2
2e-05,56082,12
2e-05,56083,13
2e-05,56084,11
2e-05,56085,9
2e-05,56086,1
2e-05,56087,13
2e-05,56088,9
2e-05,56089,10
2e-05,56090,10
2e-05,56091,1
2e-05,56092,1
2e-05,56093,6
2e-05,56094,9
2e-05,56095,16
2e-05,56096,11
2e-05,56097,0
2e-05,56098,3
2e-05,56099,2
2e-05,56100,1
2e-05,56101,11
2e-05,56102,3
2e-05,56103,2
2e-05,56104,9
2e-05,56105,5
2e-05,56106,9
2e-05,56107,11
2e-05,56108,1
2e-05,56109,6
2e-05,56110,9
2e-05,56111,3
2e-05,56112,11
2e-05,56113,3
2e-05,56114,6
2e-05,56115,10
2e-05,56116,10
2e-05,56117,10
2e-05,56118,9
2e-05,56119,3
2e-05,56120,9
2e-05,56121,11
2e-05,56122,11
2e-05,56123,6
2e-05,56124,0
2e-05,56125,0
2e-05,56126,9
2e-05,56127,1
2e-05,56128,6
2e-05,56129,10
2e-05,56130,1
2e-05,56131,0
2e-05,56132,9
2e-05,56133,11
2e-05,56134,5
2e-05,56135,13
2e-05,56136,10
2e-05,56137,2
2e-05,56138,1
2e-05,56139,10
2e-05,56140,1
2e-05,56141,1
2e-05,56142,6
2e-05,56143,10
2e-05,56144,1
2e-05,56145,2
2e-05,56146,9
2e-05,56147,5
2e-05,56148,6
2e-05,56149,6
2e-05,56150,9
2e-05,56151,13
2e-05,56152,10
2e-05,56153,11
2e-05,56154,5
2e-05,56155,0
2e-05,56156,0
2e-05,56157,2
2e-05,56158,1
2e-05,56159,9
2e-05,56160,11
2e-05,56161,12
2e-05,56162,0
2e-05,56163,11
2e-05,56164,1
2e-05,56165,3
2e-05,56166,9
2e-05,56167,9
2e-05,56168,1
2e-05,56169,1
2e-05,56170,1
2e-05,56171,1
2e-05,56172,2
2e-05,56173,1
2e-05,56174,5
2e-05,56175,11
2e-05,56176,2
2e-05,56177,9
2e-05,56178,9
2e-05,56179,11
2e-05,56180,5
2e-05,56181,11
2e-05,56182,13
2e-05,56183,13
2e-05,56184,12
2e-05,56185,3
2e-05,56186,5
2e-05,56187,1
2e-05,56188,12
2e-05,56189,3
2e-05,56190,0
2e-05,56191,10
2e-05,56192,0
2e-05,56193,0
2e-05,56194,12
2e-05,56195,3
2e-05,56196,13
2e-05,56197,1
2e-05,56198,0
2e-05,56199,3
2e-05,56200,3
2e-05,56201,10
2e-05,56202,11
2e-05,56203,0
2e-05,56204,6
2e-05,56205,10
2e-05,56206,6
2e-05,56207,13
2e-05,56208,3
2e-05,56209,12
2e-05,56210,9
2e-05,56211,0
2e-05,56212,2
2e-05,56213,10
2e-05,56214,5
2e-05,56215,2
2e-05,56216,3
2e-05,56217,12
2e-05,56218,5
2e-05,56219,13
2e-05,56220,3
2e-05,56221,5
2e-05,56222,5
2e-05,56223,5
2e-05,56224,5
2e-05,56225,2
2e-05,56226,2
2e-05,56227,13
2e-05,56228,5
2e-05,56229,13
2e-05,56230,12
2e-05,56231,2
2e-05,56232,12
2e-05,56233,12
2e-05,56234,12
2e-05,56235,3
2e-05,56236,11
2e-05,56237,9
2e-05,56238,5
2e-05,56239,2
2e-05,56240,0
2e-05,56241,13
2e-05,56242,3
2e-05,56243,10
2e-05,56244,2
2e-05,56245,11
2e-05,56246,1
2e-05,56247,9
2e-05,56248,9
2e-05,56249,1
2e-05,56250,3
2e-05,56251,3
2e-05,56252,6
2e-05,56253,13
2e-05,56254,6
2e-05,56255,16
2e-05,56256,6
2e-05,56257,5
2e-05,56258,9
2e-05,56259,10
2e-05,56260,6
2e-05,56261,10
2e-05,56262,11
2e-05,56263,3
2e-05,56264,9
2e-05,56265,10
2e-05,56266,9
2e-05,56267,0
2e-05,56268,6
2e-05,56269,13
2e-05,56270,6
2e-05,56271,0
2e-05,56272,17
2e-05,56273,11
2e-05,56274,10
2e-05,56275,5
2e-05,56276,1
2e-05,56277,3
2e-05,56278,13
2e-05,56279,11
2e-05,56280,3
2e-05,56281,2
2e-05,56282,2
2e-05,56283,3
2e-05,56284,6
2e-05,56285,5
2e-05,56286,9
2e-05,56287,12
2e-05,56288,0
2e-05,56289,6
2e-05,56290,2
2e-05,56291,2
2e-05,56292,12
2e-05,56293,5
2e-05,56294,5
2e-05,56295,12
2e-05,56296,13
2e-05,56297,4
2e-05,56298,5
2e-05,56299,6
2e-05,56300,9
2e-05,56301,1
2e-05,56302,2
2e-05,56303,3
2e-05,56304,0
2e-05,56305,11
2e-05,56306,2
2e-05,56307,0
2e-05,56308,9
2e-05,56309,6
2e-05,56310,6
2e-05,56311,0
2e-05,56312,6
2e-05,56313,1
2e-05,56314,11
2e-05,56315,0
2e-05,56316,9
2e-05,56317,10
2e-05,56318,11
2e-05,56319,0
2e-05,56320,10
2e-05,56321,10
2e-05,56322,1
2e-05,56323,6
2e-05,56324,5
2e-05,56325,2
2e-05,56326,0
2e-05,56327,1
2e-05,56328,5
2e-05,56329,0
2e-05,56330,6
2e-05,56331,11
2e-05,56332,12
2e-05,56333,0
2e-05,56334,9
2e-05,56335,6
2e-05,56336,11
2e-05,56337,12
2e-05,56338,6
2e-05,56339,1
2e-05,56340,5
2e-05,56341,10
2e-05,56342,10
2e-05,56343,12
2e-05,56344,10
2e-05,56345,11
2e-05,56346,1
2e-05,56347,3
2e-05,56348,16
2e-05,56349,6
2e-05,56350,6
2e-05,56351,6
2e-05,56352,12
2e-05,56353,11
2e-05,56354,6
2e-05,56355,9
2e-05,56356,9
2e-05,56357,10
2e-05,56358,1
2e-05,56359,10
2e-05,56360,13
2e-05,56361,3
2e-05,56362,1
2e-05,56363,9
2e-05,56364,5
2e-05,56365,9
2e-05,56366,0
2e-05,56367,3
2e-05,56368,11
2e-05,56369,9
2e-05,56370,10
2e-05,56371,11
2e-05,56372,0
2e-05,56373,5
2e-05,56374,1
2e-05,56375,13
2e-05,56376,3
2e-05,56377,2
2e-05,56378,11
2e-05,56379,9
2e-05,56380,6
2e-05,56381,6
2e-05,56382,13
2e-05,56383,11
2e-05,56384,1
2e-05,56385,0
2e-05,56386,2
2e-05,56387,0
2e-05,56388,6
2e-05,56389,6
2e-05,56390,4
2e-05,56391,1
2e-05,56392,0
2e-05,56393,5
2e-05,56394,2
2e-05,56395,0
2e-05,56396,8
2e-05,56397,6
2e-05,56398,9
2e-05,56399,0
2e-05,56400,4
2e-05,56401,5
2e-05,56402,12
2e-05,56403,0
2e-05,56404,5
2e-05,56405,6
2e-05,56406,10
2e-05,56407,1
2e-05,56408,9
2e-05,56409,0
2e-05,56410,3
2e-05,56411,1
2e-05,56412,11
2e-05,56413,13
2e-05,56414,2
2e-05,56415,0
2e-05,56416,13
2e-05,56417,9
2e-05,56418,6
2e-05,56419,6
2e-05,56420,0
2e-05,56421,6
2e-05,56422,0
2e-05,56423,9
2e-05,56424,6
2e-05,56425,3
2e-05,56426,13
2e-05,56427,1
2e-05,56428,10
2e-05,56429,11
2e-05,56430,12
2e-05,56431,9
2e-05,56432,1
2e-05,56433,3
2e-05,56434,10
2e-05,56435,5
2e-05,56436,10
2e-05,56437,11
2e-05,56438,5
2e-05,56439,1
2e-05,56440,10
2e-05,56441,5
2e-05,56442,3
2e-05,56443,10
2e-05,56444,6
2e-05,56445,0
2e-05,56446,13
2e-05,56447,2
2e-05,56448,6
2e-05,56449,13
2e-05,56450,6
2e-05,56451,9
2e-05,56452,1
2e-05,56453,10
2e-05,56454,12
2e-05,56455,13
2e-05,56456,2
2e-05,56457,0
2e-05,56458,2
2e-05,56459,9
2e-05,56460,12
2e-05,56461,11
2e-05,56462,9
2e-05,56463,1
2e-05,56464,3
2e-05,56465,2
2e-05,56466,0
2e-05,56467,12
2e-05,56468,10
2e-05,56469,2
2e-05,56470,13
2e-05,56471,11
2e-05,56472,9
2e-05,56473,3
2e-05,56474,3
2e-05,56475,0
2e-05,56476,10
2e-05,56477,5
2e-05,56478,3
2e-05,56479,5
2e-05,56480,9
2e-05,56481,13
2e-05,56482,1
2e-05,56483,3
2e-05,56484,12
2e-05,56485,10
2e-05,56486,9
2e-05,56487,6
2e-05,56488,2
2e-05,56489,11
2e-05,56490,3
2e-05,56491,1
2e-05,56492,0
2e-05,56493,17
2e-05,56494,0
2e-05,56495,13
2e-05,56496,6
2e-05,56497,5
2e-05,56498,11
2e-05,56499,6
2e-05,56500,6
2e-05,56501,10
2e-05,56502,11
2e-05,56503,11
2e-05,56504,11
2e-05,56505,11
2e-05,56506,10
2e-05,56507,11
2e-05,56508,3
2e-05,56509,6
2e-05,56510,6
2e-05,56511,1
2e-05,56512,12
2e-05,56513,5
2e-05,56514,9
2e-05,56515,5
2e-05,56516,11
2e-05,56517,5
2e-05,56518,10
2e-05,56519,6
2e-05,56520,9
2e-05,56521,1
2e-05,56522,0
2e-05,56523,5
2e-05,56524,10
2e-05,56525,16
2e-05,56526,3
2e-05,56527,5
2e-05,56528,13
2e-05,56529,6
2e-05,56530,5
2e-05,56531,0
2e-05,56532,2
2e-05,56533,11
2e-05,56534,13
2e-05,56535,10
2e-05,56536,0
2e-05,56537,11
2e-05,56538,0
2e-05,56539,17
2e-05,56540,9
2e-05,56541,1
2e-05,56542,2
2e-05,56543,0
2e-05,56544,1
2e-05,56545,12
2e-05,56546,6
2e-05,56547,10
2e-05,56548,5
2e-05,56549,11
2e-05,56550,8
2e-05,56551,12
2e-05,56552,9
2e-05,56553,13
2e-05,56554,16
2e-05,56555,5
2e-05,56556,9
2e-05,56557,9
2e-05,56558,13
2e-05,56559,9
2e-05,56560,10
2e-05,56561,11
2e-05,56562,12
2e-05,56563,11
2e-05,56564,2
2e-05,56565,10
2e-05,56566,6
2e-05,56567,4
2e-05,56568,11
2e-05,56569,9
2e-05,56570,13
2e-05,56571,5
2e-05,56572,10
2e-05,56573,5
2e-05,56574,10
2e-05,56575,9
2e-05,56576,13
2e-05,56577,11
2e-05,56578,6
2e-05,56579,6
2e-05,56580,9
2e-05,56581,2
2e-05,56582,4
2e-05,56583,2
2e-05,56584,10
2e-05,56585,3
2e-05,56586,6
2e-05,56587,12
2e-05,56588,2
2e-05,56589,1
2e-05,56590,9
2e-05,56591,0
2e-05,56592,10
2e-05,56593,11
2e-05,56594,9
2e-05,56595,6
2e-05,56596,9
2e-05,56597,1
2e-05,56598,9
2e-05,56599,11
2e-05,56600,3
2e-05,56601,2
2e-05,56602,6
2e-05,56603,11
2e-05,56604,3
2e-05,56605,10
2e-05,56606,3
2e-05,56607,5
2e-05,56608,1
2e-05,56609,5
2e-05,56610,3
2e-05,56611,6
2e-05,56612,2
2e-05,56613,10
2e-05,56614,1
2e-05,56615,10
2e-05,56616,11
2e-05,56617,9
2e-05,56618,5
2e-05,56619,11
2e-05,56620,2
2e-05,56621,0
2e-05,56622,0
2e-05,56623,6
2e-05,56624,9
2e-05,56625,3
2e-05,56626,0
2e-05,56627,5
2e-05,56628,13
2e-05,56629,13
2e-05,56630,10
2e-05,56631,9
2e-05,56632,9
2e-05,56633,11
2e-05,56634,12
2e-05,56635,9
2e-05,56636,8
2e-05,56637,11
2e-05,56638,12
2e-05,56639,2
2e-05,56640,9
2e-05,56641,11
2e-05,56642,10
2e-05,56643,5
2e-05,56644,15
2e-05,56645,8
2e-05,56646,5
2e-05,56647,0
2e-05,56648,9
2e-05,56649,6
2e-05,56650,0
2e-05,56651,13
2e-05,56652,1
2e-05,56653,0
2e-05,56654,9
2e-05,56655,13
2e-05,56656,9
2e-05,56657,6
2e-05,56658,1
2e-05,56659,1
2e-05,56660,9
2e-05,56661,11
2e-05,56662,13
2e-05,56663,9
2e-05,56664,6
2e-05,56665,12
2e-05,56666,6
2e-05,56667,10
2e-05,56668,9
2e-05,56669,12
2e-05,56670,9
2e-05,56671,12
2e-05,56672,4
2e-05,56673,3
2e-05,56674,13
2e-05,56675,5
2e-05,56676,1
2e-05,56677,5
2e-05,56678,10
2e-05,56679,16
2e-05,56680,10
2e-05,56681,12
2e-05,56682,1
2e-05,56683,10
2e-05,56684,1
2e-05,56685,6
2e-05,56686,6
2e-05,56687,16
2e-05,56688,1
2e-05,56689,13
2e-05,56690,5
2e-05,56691,13
2e-05,56692,5
2e-05,56693,1
2e-05,56694,3
2e-05,56695,0
2e-05,56696,13
2e-05,56697,9
2e-05,56698,11
2e-05,56699,11
2e-05,56700,1
2e-05,56701,9
2e-05,56702,2
2e-05,56703,1
2e-05,56704,13
2e-05,56705,1
2e-05,56706,9
2e-05,56707,1
2e-05,56708,12
2e-05,56709,9
2e-05,56710,3
2e-05,56711,6
2e-05,56712,3
2e-05,56713,5
2e-05,56714,0
2e-05,56715,10
2e-05,56716,10
2e-05,56717,0
2e-05,56718,12
2e-05,56719,2
2e-05,56720,1
2e-05,56721,1
2e-05,56722,12
2e-05,56723,11
2e-05,56724,5
2e-05,56725,5
2e-05,56726,12
2e-05,56727,13
2e-05,56728,13
2e-05,56729,2
2e-05,56730,9
2e-05,56731,0
2e-05,56732,5
2e-05,56733,13
2e-05,56734,9
2e-05,56735,10
2e-05,56736,9
2e-05,56737,11
2e-05,56738,13
2e-05,56739,0
2e-05,56740,6
2e-05,56741,1
2e-05,56742,0
2e-05,56743,6
2e-05,56744,16
2e-05,56745,9
2e-05,56746,6
2e-05,56747,2
2e-05,56748,11
2e-05,56749,11
2e-05,56750,3
2e-05,56751,0
2e-05,56752,13
2e-05,56753,13
2e-05,56754,5
2e-05,56755,13
2e-05,56756,3
2e-05,56757,1
2e-05,56758,13
2e-05,56759,10
2e-05,56760,10
2e-05,56761,2
2e-05,56762,0
2e-05,56763,2
2e-05,56764,2
2e-05,56765,2
2e-05,56766,6
2e-05,56767,6
2e-05,56768,6
2e-05,56769,0
2e-05,56770,3
2e-05,56771,0
2e-05,56772,13
2e-05,56773,6
2e-05,56774,1
2e-05,56775,12
2e-05,56776,5
2e-05,56777,5
2e-05,56778,9
2e-05,56779,1
2e-05,56780,13
2e-05,56781,12
2e-05,56782,11
2e-05,56783,12
2e-05,56784,10
2e-05,56785,3
2e-05,56786,11
2e-05,56787,0
2e-05,56788,10
2e-05,56789,6
2e-05,56790,6
2e-05,56791,14
2e-05,56792,13
2e-05,56793,0
2e-05,56794,17
2e-05,56795,5
2e-05,56796,6
2e-05,56797,3
2e-05,56798,16
2e-05,56799,13
2e-05,56800,11
2e-05,56801,11
2e-05,56802,9
2e-05,56803,13
2e-05,56804,2
2e-05,56805,6
2e-05,56806,3
2e-05,56807,5
2e-05,56808,2
2e-05,56809,13
2e-05,56810,3
2e-05,56811,12
2e-05,56812,2
2e-05,56813,13
2e-05,56814,11
2e-05,56815,1
2e-05,56816,12
2e-05,56817,9
2e-05,56818,11
2e-05,56819,2
2e-05,56820,11
2e-05,56821,0
2e-05,56822,13
2e-05,56823,10
2e-05,56824,6
2e-05,56825,10
2e-05,56826,5
2e-05,56827,11
2e-05,56828,10
2e-05,56829,9
2e-05,56830,6
2e-05,56831,13
2e-05,56832,11
2e-05,56833,10
2e-05,56834,2
2e-05,56835,11
2e-05,56836,9
2e-05,56837,5
2e-05,56838,13
2e-05,56839,2
2e-05,56840,11
2e-05,56841,0
2e-05,56842,1
2e-05,56843,11
2e-05,56844,9
2e-05,56845,9
2e-05,56846,11
2e-05,56847,2
2e-05,56848,1
2e-05,56849,10
2e-05,56850,13
2e-05,56851,11
2e-05,56852,6
2e-05,56853,5
2e-05,56854,0
2e-05,56855,3
2e-05,56856,12
2e-05,56857,9
2e-05,56858,15
2e-05,56859,3
2e-05,56860,6
2e-05,56861,0
2e-05,56862,5
2e-05,56863,5
2e-05,56864,0
2e-05,56865,16
2e-05,56866,10
2e-05,56867,3
2e-05,56868,11
2e-05,56869,6
2e-05,56870,5
2e-05,56871,3
2e-05,56872,3
2e-05,56873,2
2e-05,56874,12
2e-05,56875,13
2e-05,56876,13
2e-05,56877,9
2e-05,56878,1
2e-05,56879,6
2e-05,56880,1
2e-05,56881,12
2e-05,56882,10
2e-05,56883,13
2e-05,56884,5
2e-05,56885,9
2e-05,56886,9
2e-05,56887,0
2e-05,56888,12
2e-05,56889,11
2e-05,56890,12
2e-05,56891,9
2e-05,56892,3
2e-05,56893,13
2e-05,56894,3
2e-05,56895,11
2e-05,56896,1
2e-05,56897,6
2e-05,56898,3
2e-05,56899,10
2e-05,56900,0
2e-05,56901,9
2e-05,56902,5
2e-05,56903,4
2e-05,56904,0
2e-05,56905,12
2e-05,56906,13
2e-05,56907,6
2e-05,56908,6
2e-05,56909,13
2e-05,56910,11
2e-05,56911,10
2e-05,56912,2
2e-05,56913,0
2e-05,56914,10
2e-05,56915,9
2e-05,56916,2
2e-05,56917,6
2e-05,56918,12
2e-05,56919,11
2e-05,56920,9
2e-05,56921,13
2e-05,56922,5
2e-05,56923,11
2e-05,56924,9
2e-05,56925,5
2e-05,56926,3
2e-05,56927,0
2e-05,56928,10
2e-05,56929,1
2e-05,56930,9
2e-05,56931,2
2e-05,56932,3
2e-05,56933,9
2e-05,56934,2
2e-05,56935,9
2e-05,56936,14
2e-05,56937,12
2e-05,56938,0
2e-05,56939,11
2e-05,56940,11
2e-05,56941,1
2e-05,56942,1
2e-05,56943,14
2e-05,56944,5
2e-05,56945,3
2e-05,56946,11
2e-05,56947,0
2e-05,56948,2
2e-05,56949,3
2e-05,56950,10
2e-05,56951,6
2e-05,56952,0
2e-05,56953,6
2e-05,56954,10
2e-05,56955,12
2e-05,56956,5
2e-05,56957,9
2e-05,56958,2
2e-05,56959,8
2e-05,56960,0
2e-05,56961,3
2e-05,56962,0
2e-05,56963,3
2e-05,56964,1
2e-05,56965,9
2e-05,56966,9
2e-05,56967,13
2e-05,56968,3
2e-05,56969,9
2e-05,56970,10
2e-05,56971,9
2e-05,56972,9
2e-05,56973,6
2e-05,56974,0
2e-05,56975,2
2e-05,56976,1
2e-05,56977,6
2e-05,56978,13
2e-05,56979,1
2e-05,56980,2
2e-05,56981,5
2e-05,56982,11
2e-05,56983,2
2e-05,56984,1
2e-05,56985,10
2e-05,56986,6
2e-05,56987,12
2e-05,56988,6
2e-05,56989,10
2e-05,56990,1
2e-05,56991,5
2e-05,56992,0
2e-05,56993,5
2e-05,56994,1
2e-05,56995,11
2e-05,56996,3
2e-05,56997,9
2e-05,56998,1
2e-05,56999,0
2e-05,57000,0
2e-05,57001,13
2e-05,57002,0
2e-05,57003,0
2e-05,57004,3
2e-05,57005,0
2e-05,57006,13
2e-05,57007,10
2e-05,57008,13
2e-05,57009,10
2e-05,57010,5
2e-05,57011,1
2e-05,57012,6
2e-05,57013,0
2e-05,57014,4
2e-05,57015,10
2e-05,57016,2
2e-05,57017,12
2e-05,57018,3
2e-05,57019,10
2e-05,57020,1
2e-05,57021,9
2e-05,57022,10
2e-05,57023,6
2e-05,57024,0
2e-05,57025,11
2e-05,57026,5
2e-05,57027,10
2e-05,57028,2
2e-05,57029,3
2e-05,57030,11
2e-05,57031,13
2e-05,57032,0
2e-05,57033,6
2e-05,57034,1
2e-05,57035,0
2e-05,57036,9
2e-05,57037,11
2e-05,57038,5
2e-05,57039,3
2e-05,57040,5
2e-05,57041,11
2e-05,57042,16
2e-05,57043,6
2e-05,57044,8
2e-05,57045,11
2e-05,57046,0
2e-05,57047,9
2e-05,57048,3
2e-05,57049,1
2e-05,57050,6
2e-05,57051,12
2e-05,57052,10
2e-05,57053,1
2e-05,57054,1
2e-05,57055,3
2e-05,57056,9
2e-05,57057,5
2e-05,57058,1
2e-05,57059,5
2e-05,57060,11
2e-05,57061,10
2e-05,57062,6
2e-05,57063,17
2e-05,57064,15
2e-05,57065,11
2e-05,57066,13
2e-05,57067,2
2e-05,57068,3
2e-05,57069,11
2e-05,57070,2
2e-05,57071,10
2e-05,57072,3
2e-05,57073,6
2e-05,57074,1
2e-05,57075,12
2e-05,57076,0
2e-05,57077,12
2e-05,57078,11
2e-05,57079,3
2e-05,57080,2
2e-05,57081,5
2e-05,57082,11
2e-05,57083,0
2e-05,57084,6
2e-05,57085,9
2e-05,57086,0
2e-05,57087,11
2e-05,57088,1
2e-05,57089,3
2e-05,57090,11
2e-05,57091,0
2e-05,57092,12
2e-05,57093,6
2e-05,57094,1
2e-05,57095,13
2e-05,57096,2
2e-05,57097,2
2e-05,57098,6
2e-05,57099,6
2e-05,57100,12
2e-05,57101,13
2e-05,57102,1
2e-05,57103,1
2e-05,57104,13
2e-05,57105,5
2e-05,57106,1
2e-05,57107,5
2e-05,57108,10
2e-05,57109,9
2e-05,57110,0
2e-05,57111,12
2e-05,57112,4
2e-05,57113,9
2e-05,57114,10
2e-05,57115,12
2e-05,57116,0
2e-05,57117,12
2e-05,57118,10
2e-05,57119,13
2e-05,57120,1
2e-05,57121,13
2e-05,57122,9
2e-05,57123,0
2e-05,57124,12
2e-05,57125,11
2e-05,57126,1
2e-05,57127,3
2e-05,57128,2
2e-05,57129,3
2e-05,57130,10
2e-05,57131,5
2e-05,57132,5
2e-05,57133,3
2e-05,57134,12
2e-05,57135,2
2e-05,57136,9
2e-05,57137,2
2e-05,57138,0
2e-05,57139,0
2e-05,57140,9
2e-05,57141,1
2e-05,57142,1
2e-05,57143,6
2e-05,57144,9
2e-05,57145,13
2e-05,57146,0
2e-05,57147,9
2e-05,57148,2
2e-05,57149,5
2e-05,57150,0
2e-05,57151,1
2e-05,57152,10
2e-05,57153,13
2e-05,57154,9
2e-05,57155,17
2e-05,57156,10
2e-05,57157,2
2e-05,57158,13
2e-05,57159,13
2e-05,57160,3
2e-05,57161,10
2e-05,57162,6
2e-05,57163,12
2e-05,57164,1
2e-05,57165,11
2e-05,57166,5
2e-05,57167,10
2e-05,57168,9
2e-05,57169,6
2e-05,57170,0
2e-05,57171,13
2e-05,57172,6
2e-05,57173,1
2e-05,57174,2
2e-05,57175,13
2e-05,57176,2
2e-05,57177,1
2e-05,57178,10
2e-05,57179,2
2e-05,57180,5
2e-05,57181,2
2e-05,57182,5
2e-05,57183,13
2e-05,57184,13
2e-05,57185,11
2e-05,57186,6
2e-05,57187,12
2e-05,57188,5
2e-05,57189,6
2e-05,57190,9
2e-05,57191,6
2e-05,57192,11
2e-05,57193,1
2e-05,57194,12
2e-05,57195,3
2e-05,57196,1
2e-05,57197,10
2e-05,57198,0
2e-05,57199,6
2e-05,57200,11
2e-05,57201,2
2e-05,57202,2
2e-05,57203,0
2e-05,57204,10
2e-05,57205,11
2e-05,57206,9
2e-05,57207,6
2e-05,57208,11
2e-05,57209,1
2e-05,57210,10
2e-05,57211,0
2e-05,57212,13
2e-05,57213,9
2e-05,57214,5
2e-05,57215,6
2e-05,57216,6
2e-05,57217,10
2e-05,57218,3
2e-05,57219,11
2e-05,57220,11
2e-05,57221,0
2e-05,57222,11
2e-05,57223,10
2e-05,57224,1
2e-05,57225,13
2e-05,57226,3
2e-05,57227,0
2e-05,57228,9
2e-05,57229,3
2e-05,57230,0
2e-05,57231,2
2e-05,57232,6
2e-05,57233,11
2e-05,57234,3
2e-05,57235,1
2e-05,57236,3
2e-05,57237,5
2e-05,57238,9
2e-05,57239,2
2e-05,57240,0
2e-05,57241,11
2e-05,57242,9
2e-05,57243,3
2e-05,57244,5
2e-05,57245,3
2e-05,57246,6
2e-05,57247,9
2e-05,57248,1
2e-05,57249,13
2e-05,57250,5
2e-05,57251,6
2e-05,57252,6
2e-05,57253,5
2e-05,57254,12
2e-05,57255,9
2e-05,57256,3
2e-05,57257,9
2e-05,57258,12
2e-05,57259,11
2e-05,57260,5
2e-05,57261,9
2e-05,57262,0
2e-05,57263,6
2e-05,57264,13
2e-05,57265,11
2e-05,57266,0
2e-05,57267,13
2e-05,57268,2
2e-05,57269,0
2e-05,57270,13
2e-05,57271,11
2e-05,57272,5
2e-05,57273,6
2e-05,57274,12
2e-05,57275,11
2e-05,57276,3
2e-05,57277,9
2e-05,57278,1
2e-05,57279,4
2e-05,57280,5
2e-05,57281,3
2e-05,57282,13
2e-05,57283,9
2e-05,57284,0
2e-05,57285,2
2e-05,57286,5
2e-05,57287,2
2e-05,57288,0
2e-05,57289,13
2e-05,57290,5
2e-05,57291,16
2e-05,57292,11
2e-05,57293,13
2e-05,57294,3
2e-05,57295,13
2e-05,57296,2
2e-05,57297,12
2e-05,57298,13
2e-05,57299,6
2e-05,57300,5
2e-05,57301,11
2e-05,57302,5
2e-05,57303,2
2e-05,57304,5
2e-05,57305,5
2e-05,57306,10
2e-05,57307,9
2e-05,57308,6
2e-05,57309,1
2e-05,57310,5
2e-05,57311,0
2e-05,57312,16
2e-05,57313,11
2e-05,57314,11
2e-05,57315,1
2e-05,57316,5
2e-05,57317,12
2e-05,57318,1
2e-05,57319,1
2e-05,57320,9
2e-05,57321,5
2e-05,57322,12
2e-05,57323,0
2e-05,57324,1
2e-05,57325,6
2e-05,57326,13
2e-05,57327,14
2e-05,57328,9
2e-05,57329,9
2e-05,57330,13
2e-05,57331,3
2e-05,57332,1
2e-05,57333,11
2e-05,57334,9
2e-05,57335,0
2e-05,57336,9
2e-05,57337,13
2e-05,57338,9
2e-05,57339,0
2e-05,57340,9
2e-05,57341,11
2e-05,57342,9
2e-05,57343,3
2e-05,57344,11
2e-05,57345,3
2e-05,57346,9
2e-05,57347,2
2e-05,57348,2
2e-05,57349,1
2e-05,57350,10
2e-05,57351,1
2e-05,57352,10
2e-05,57353,2
2e-05,57354,0
2e-05,57355,0
2e-05,57356,9
2e-05,57357,10
2e-05,57358,10
2e-05,57359,3
2e-05,57360,9
2e-05,57361,9
2e-05,57362,6
2e-05,57363,3
2e-05,57364,1
2e-05,57365,9
2e-05,57366,2
2e-05,57367,12
2e-05,57368,11
2e-05,57369,1
2e-05,57370,12
2e-05,57371,11
2e-05,57372,10
2e-05,57373,6
2e-05,57374,11
2e-05,57375,4
2e-05,57376,9
2e-05,57377,11
2e-05,57378,1
2e-05,57379,1
2e-05,57380,12
2e-05,57381,2
2e-05,57382,5
2e-05,57383,1
2e-05,57384,2
2e-05,57385,10
2e-05,57386,9
2e-05,57387,0
2e-05,57388,11
2e-05,57389,0
2e-05,57390,10
2e-05,57391,11
2e-05,57392,12
2e-05,57393,3
2e-05,57394,6
2e-05,57395,6
2e-05,57396,5
2e-05,57397,10
2e-05,57398,0
2e-05,57399,14
2e-05,57400,11
2e-05,57401,3
2e-05,57402,0
2e-05,57403,10
2e-05,57404,6
2e-05,57405,13
2e-05,57406,12
2e-05,57407,11
2e-05,57408,2
2e-05,57409,9
2e-05,57410,12
2e-05,57411,10
2e-05,57412,17
2e-05,57413,9
2e-05,57414,9
2e-05,57415,9
2e-05,57416,13
2e-05,57417,6
2e-05,57418,3
2e-05,57419,11
2e-05,57420,13
2e-05,57421,10
2e-05,57422,13
2e-05,57423,0
2e-05,57424,10
2e-05,57425,5
2e-05,57426,6
2e-05,57427,2
2e-05,57428,10
2e-05,57429,10
2e-05,57430,2
2e-05,57431,11
2e-05,57432,1
2e-05,57433,10
2e-05,57434,6
2e-05,57435,8
2e-05,57436,3
2e-05,57437,13
2e-05,57438,5
2e-05,57439,6
2e-05,57440,11
2e-05,57441,0
2e-05,57442,5
2e-05,57443,9
2e-05,57444,0
2e-05,57445,11
2e-05,57446,6
2e-05,57447,2
2e-05,57448,3
2e-05,57449,1
2e-05,57450,3
2e-05,57451,12
2e-05,57452,11
2e-05,57453,1
2e-05,57454,10
2e-05,57455,1
2e-05,57456,10
2e-05,57457,2
2e-05,57458,11
2e-05,57459,1
2e-05,57460,17
2e-05,57461,11
2e-05,57462,13
2e-05,57463,9
2e-05,57464,8
2e-05,57465,2
2e-05,57466,3
2e-05,57467,3
2e-05,57468,13
2e-05,57469,6
2e-05,57470,11
2e-05,57471,16
2e-05,57472,2
2e-05,57473,10
2e-05,57474,1
2e-05,57475,13
2e-05,57476,10
2e-05,57477,0
2e-05,57478,17
2e-05,57479,13
2e-05,57480,9
2e-05,57481,11
2e-05,57482,13
2e-05,57483,9
2e-05,57484,12
2e-05,57485,13
2e-05,57486,11
2e-05,57487,0
2e-05,57488,1
2e-05,57489,12
2e-05,57490,0
2e-05,57491,12
2e-05,57492,10
2e-05,57493,9
2e-05,57494,0
2e-05,57495,10
2e-05,57496,11
2e-05,57497,9
2e-05,57498,2
2e-05,57499,5
2e-05,57500,13
2e-05,57501,0
2e-05,57502,6
2e-05,57503,11
2e-05,57504,11
2e-05,57505,1
2e-05,57506,6
2e-05,57507,5
2e-05,57508,0
2e-05,57509,10
2e-05,57510,3
2e-05,57511,6
2e-05,57512,6
2e-05,57513,5
2e-05,57514,3
2e-05,57515,12
2e-05,57516,6
2e-05,57517,0
2e-05,57518,11
2e-05,57519,10
2e-05,57520,16
2e-05,57521,3
2e-05,57522,12
2e-05,57523,12
2e-05,57524,2
2e-05,57525,12
2e-05,57526,12
2e-05,57527,3
2e-05,57528,0
2e-05,57529,12
2e-05,57530,2
2e-05,57531,0
2e-05,57532,9
2e-05,57533,11
2e-05,57534,5
2e-05,57535,11
2e-05,57536,11
2e-05,57537,6
2e-05,57538,10
2e-05,57539,2
2e-05,57540,0
2e-05,57541,2
2e-05,57542,9
2e-05,57543,3
2e-05,57544,3
2e-05,57545,3
2e-05,57546,0
2e-05,57547,5
2e-05,57548,1
2e-05,57549,0
2e-05,57550,3
2e-05,57551,5
2e-05,57552,12
2e-05,57553,6
2e-05,57554,5
2e-05,57555,6
2e-05,57556,6
2e-05,57557,2
2e-05,57558,9
2e-05,57559,16
2e-05,57560,13
2e-05,57561,5
2e-05,57562,9
2e-05,57563,5
2e-05,57564,12
2e-05,57565,12
2e-05,57566,5
2e-05,57567,9
2e-05,57568,10
2e-05,57569,6
2e-05,57570,2
2e-05,57571,10
2e-05,57572,1
2e-05,57573,5
2e-05,57574,0
2e-05,57575,6
2e-05,57576,4
2e-05,57577,9
2e-05,57578,10
2e-05,57579,10
2e-05,57580,0
2e-05,57581,1
2e-05,57582,0
2e-05,57583,13
2e-05,57584,5
2e-05,57585,5
2e-05,57586,1
2e-05,57587,9
2e-05,57588,0
2e-05,57589,15
2e-05,57590,8
2e-05,57591,12
2e-05,57592,9
2e-05,57593,13
2e-05,57594,10
2e-05,57595,11
2e-05,57596,0
2e-05,57597,0
2e-05,57598,2
2e-05,57599,12
2e-05,57600,12
2e-05,57601,2
2e-05,57602,10
2e-05,57603,11
2e-05,57604,12
2e-05,57605,11
2e-05,57606,2
2e-05,57607,11
2e-05,57608,11
2e-05,57609,0
2e-05,57610,0
2e-05,57611,5
2e-05,57612,9
2e-05,57613,2
2e-05,57614,9
2e-05,57615,1
2e-05,57616,5
2e-05,57617,5
2e-05,57618,1
2e-05,57619,2
2e-05,57620,3
2e-05,57621,3
2e-05,57622,1
2e-05,57623,5
2e-05,57624,0
2e-05,57625,3
2e-05,57626,6
2e-05,57627,6
2e-05,57628,3
2e-05,57629,1
2e-05,57630,10
2e-05,57631,11
2e-05,57632,5
2e-05,57633,10
2e-05,57634,0
2e-05,57635,10
2e-05,57636,1
2e-05,57637,6
2e-05,57638,6
2e-05,57639,13
2e-05,57640,11
2e-05,57641,6
2e-05,57642,10
2e-05,57643,5
2e-05,57644,2
2e-05,57645,0
2e-05,57646,12
2e-05,57647,2
2e-05,57648,5
2e-05,57649,1
2e-05,57650,3
2e-05,57651,9
2e-05,57652,5
2e-05,57653,1
2e-05,57654,5
2e-05,57655,10
2e-05,57656,9
2e-05,57657,10
2e-05,57658,13
2e-05,57659,3
2e-05,57660,10
2e-05,57661,5
2e-05,57662,6
2e-05,57663,11
2e-05,57664,11
2e-05,57665,10
2e-05,57666,10
2e-05,57667,13
2e-05,57668,1
2e-05,57669,3
2e-05,57670,8
2e-05,57671,11
2e-05,57672,11
2e-05,57673,13
2e-05,57674,13
2e-05,57675,10
2e-05,57676,0
2e-05,57677,6
2e-05,57678,10
2e-05,57679,11
2e-05,57680,1
2e-05,57681,6
2e-05,57682,11
2e-05,57683,13
2e-05,57684,16
2e-05,57685,5
2e-05,57686,12
2e-05,57687,11
2e-05,57688,15
2e-05,57689,9
2e-05,57690,9
2e-05,57691,3
2e-05,57692,11
2e-05,57693,12
2e-05,57694,2
2e-05,57695,11
2e-05,57696,13
2e-05,57697,0
2e-05,57698,1
2e-05,57699,4
2e-05,57700,0
2e-05,57701,3
2e-05,57702,13
2e-05,57703,2
2e-05,57704,10
2e-05,57705,11
2e-05,57706,10
2e-05,57707,13
2e-05,57708,10
2e-05,57709,1
2e-05,57710,6
2e-05,57711,3
2e-05,57712,1
2e-05,57713,9
2e-05,57714,9
2e-05,57715,1
2e-05,57716,13
2e-05,57717,3
2e-05,57718,9
2e-05,57719,11
2e-05,57720,1
2e-05,57721,1
2e-05,57722,11
2e-05,57723,12
2e-05,57724,10
2e-05,57725,13
2e-05,57726,4
2e-05,57727,12
2e-05,57728,11
2e-05,57729,5
2e-05,57730,2
2e-05,57731,6
2e-05,57732,9
2e-05,57733,6
2e-05,57734,4
2e-05,57735,9
2e-05,57736,11
2e-05,57737,2
2e-05,57738,1
2e-05,57739,2
2e-05,57740,12
2e-05,57741,13
2e-05,57742,10
2e-05,57743,11
2e-05,57744,11
2e-05,57745,4
2e-05,57746,11
2e-05,57747,12
2e-05,57748,13
2e-05,57749,12
2e-05,57750,3
2e-05,57751,1
2e-05,57752,1
2e-05,57753,6
2e-05,57754,9
2e-05,57755,11
2e-05,57756,9
2e-05,57757,10
2e-05,57758,3
2e-05,57759,5
2e-05,57760,5
2e-05,57761,12
2e-05,57762,12
2e-05,57763,12
2e-05,57764,1
2e-05,57765,6
2e-05,57766,11
2e-05,57767,3
2e-05,57768,0
2e-05,57769,11
2e-05,57770,9
2e-05,57771,2
2e-05,57772,0
2e-05,57773,5
2e-05,57774,10
2e-05,57775,9
2e-05,57776,3
2e-05,57777,11
2e-05,57778,10
2e-05,57779,0
2e-05,57780,11
2e-05,57781,10
2e-05,57782,3
2e-05,57783,2
2e-05,57784,0
2e-05,57785,10
2e-05,57786,12
2e-05,57787,11
2e-05,57788,2
2e-05,57789,2
2e-05,57790,13
2e-05,57791,0
2e-05,57792,1
2e-05,57793,0
2e-05,57794,11
2e-05,57795,13
2e-05,57796,5
2e-05,57797,11
2e-05,57798,9
2e-05,57799,6
2e-05,57800,12
2e-05,57801,10
2e-05,57802,11
2e-05,57803,11
2e-05,57804,5
2e-05,57805,9
2e-05,57806,2
2e-05,57807,6
2e-05,57808,5
2e-05,57809,9
2e-05,57810,11
2e-05,57811,5
2e-05,57812,5
2e-05,57813,1
2e-05,57814,5
2e-05,57815,12
2e-05,57816,1
2e-05,57817,3
2e-05,57818,3
2e-05,57819,12
2e-05,57820,9
2e-05,57821,2
2e-05,57822,0
2e-05,57823,3
2e-05,57824,13
2e-05,57825,12
2e-05,57826,6
2e-05,57827,2
2e-05,57828,0
2e-05,57829,12
2e-05,57830,9
2e-05,57831,11
2e-05,57832,2
2e-05,57833,0
2e-05,57834,8
2e-05,57835,5
2e-05,57836,9
2e-05,57837,9
2e-05,57838,5
2e-05,57839,0
2e-05,57840,9
2e-05,57841,12
2e-05,57842,6
2e-05,57843,9
2e-05,57844,13
2e-05,57845,3
2e-05,57846,10
2e-05,57847,3
2e-05,57848,10
2e-05,57849,13
2e-05,57850,0
2e-05,57851,3
2e-05,57852,0
2e-05,57853,9
2e-05,57854,6
2e-05,57855,6
2e-05,57856,12
2e-05,57857,8
2e-05,57858,12
2e-05,57859,6
2e-05,57860,13
2e-05,57861,1
2e-05,57862,10
2e-05,57863,0
2e-05,57864,0
2e-05,57865,1
2e-05,57866,13
2e-05,57867,0
2e-05,57868,5
2e-05,57869,10
2e-05,57870,9
2e-05,57871,13
2e-05,57872,1
2e-05,57873,11
2e-05,57874,0
2e-05,57875,10
2e-05,57876,11
2e-05,57877,9
2e-05,57878,1
2e-05,57879,1
2e-05,57880,1
2e-05,57881,11
2e-05,57882,6
2e-05,57883,13
2e-05,57884,10
2e-05,57885,2
2e-05,57886,5
2e-05,57887,6
2e-05,57888,11
2e-05,57889,0
2e-05,57890,0
2e-05,57891,2
2e-05,57892,13
2e-05,57893,1
2e-05,57894,3
2e-05,57895,10
2e-05,57896,10
2e-05,57897,10
2e-05,57898,0
2e-05,57899,10
2e-05,57900,0
2e-05,57901,3
2e-05,57902,9
2e-05,57903,9
2e-05,57904,9
2e-05,57905,1
2e-05,57906,12
2e-05,57907,9
2e-05,57908,10
2e-05,57909,2
2e-05,57910,0
2e-05,57911,14
2e-05,57912,12
2e-05,57913,3
2e-05,57914,11
2e-05,57915,13
2e-05,57916,13
2e-05,57917,5
2e-05,57918,2
2e-05,57919,6
2e-05,57920,2
2e-05,57921,4
2e-05,57922,11
2e-05,57923,11
2e-05,57924,0
2e-05,57925,2
2e-05,57926,3
2e-05,57927,0
2e-05,57928,9
2e-05,57929,10
2e-05,57930,12
2e-05,57931,5
2e-05,57932,0
2e-05,57933,2
2e-05,57934,5
2e-05,57935,3
2e-05,57936,1
2e-05,57937,12
2e-05,57938,12
2e-05,57939,2
2e-05,57940,0
2e-05,57941,6
2e-05,57942,5
2e-05,57943,9
2e-05,57944,10
2e-05,57945,6
2e-05,57946,16
2e-05,57947,3
2e-05,57948,2
2e-05,57949,6
2e-05,57950,2
2e-05,57951,3
2e-05,57952,6
2e-05,57953,1
2e-05,57954,1
2e-05,57955,2
2e-05,57956,0
2e-05,57957,0
2e-05,57958,3
2e-05,57959,3
2e-05,57960,10
2e-05,57961,11
2e-05,57962,3
2e-05,57963,9
2e-05,57964,3
2e-05,57965,5
2e-05,57966,2
2e-05,57967,9
2e-05,57968,9
2e-05,57969,0
2e-05,57970,1
2e-05,57971,10
2e-05,57972,6
2e-05,57973,13
2e-05,57974,1
2e-05,57975,1
2e-05,57976,11
2e-05,57977,2
2e-05,57978,9
2e-05,57979,1
2e-05,57980,0
2e-05,57981,5
2e-05,57982,9
2e-05,57983,16
2e-05,57984,8
2e-05,57985,10
2e-05,57986,11
2e-05,57987,12
2e-05,57988,9
2e-05,57989,6
2e-05,57990,16
2e-05,57991,10
2e-05,57992,13
2e-05,57993,5
2e-05,57994,1
2e-05,57995,2
2e-05,57996,5
2e-05,57997,5
2e-05,57998,1
2e-05,57999,1
2e-05,58000,11
2e-05,58001,3
2e-05,58002,9
2e-05,58003,2
2e-05,58004,5
2e-05,58005,5
2e-05,58006,1
2e-05,58007,6
2e-05,58008,1
2e-05,58009,1
2e-05,58010,10
2e-05,58011,5
2e-05,58012,3
2e-05,58013,13
2e-05,58014,3
2e-05,58015,13
2e-05,58016,13
2e-05,58017,10
2e-05,58018,3
2e-05,58019,16
2e-05,58020,9
2e-05,58021,13
2e-05,58022,16
2e-05,58023,6
2e-05,58024,13
2e-05,58025,5
2e-05,58026,9
2e-05,58027,10
2e-05,58028,6
2e-05,58029,9
2e-05,58030,0
2e-05,58031,17
2e-05,58032,13
2e-05,58033,0
2e-05,58034,3
2e-05,58035,2
2e-05,58036,5
2e-05,58037,3
2e-05,58038,6
2e-05,58039,6
2e-05,58040,13
2e-05,58041,1
2e-05,58042,10
2e-05,58043,10
2e-05,58044,6
2e-05,58045,2
2e-05,58046,1
2e-05,58047,12
2e-05,58048,0
2e-05,58049,1
2e-05,58050,12
2e-05,58051,2
2e-05,58052,10
2e-05,58053,13
2e-05,58054,5
2e-05,58055,10
2e-05,58056,5
2e-05,58057,6
2e-05,58058,2
2e-05,58059,5
2e-05,58060,13
2e-05,58061,2
2e-05,58062,2
2e-05,58063,10
2e-05,58064,11
2e-05,58065,11
2e-05,58066,6
2e-05,58067,9
2e-05,58068,6
2e-05,58069,13
2e-05,58070,2
2e-05,58071,5
2e-05,58072,5
2e-05,58073,2
2e-05,58074,6
2e-05,58075,3
2e-05,58076,9
2e-05,58077,2
2e-05,58078,0
2e-05,58079,5
2e-05,58080,10
2e-05,58081,5
2e-05,58082,3
2e-05,58083,9
2e-05,58084,12
2e-05,58085,0
2e-05,58086,12
2e-05,58087,6
2e-05,58088,13
2e-05,58089,6
2e-05,58090,1
2e-05,58091,11
2e-05,58092,1
2e-05,58093,11
2e-05,58094,13
2e-05,58095,11
2e-05,58096,3
2e-05,58097,5
2e-05,58098,5
2e-05,58099,0
2e-05,58100,10
2e-05,58101,5
2e-05,58102,5
2e-05,58103,2
2e-05,58104,1
2e-05,58105,5
2e-05,58106,5
2e-05,58107,0
2e-05,58108,9
2e-05,58109,5
2e-05,58110,3
2e-05,58111,12
2e-05,58112,13
2e-05,58113,2
2e-05,58114,6
2e-05,58115,13
2e-05,58116,10
2e-05,58117,6
2e-05,58118,11
2e-05,58119,3
2e-05,58120,11
2e-05,58121,5
2e-05,58122,11
2e-05,58123,9
2e-05,58124,13
2e-05,58125,10
2e-05,58126,3
2e-05,58127,13
2e-05,58128,3
2e-05,58129,9
2e-05,58130,1
2e-05,58131,6
2e-05,58132,12
2e-05,58133,6
2e-05,58134,2
2e-05,58135,1
2e-05,58136,2
2e-05,58137,9
2e-05,58138,10
2e-05,58139,1
2e-05,58140,12
2e-05,58141,0
2e-05,58142,1
2e-05,58143,0
2e-05,58144,1
2e-05,58145,5
2e-05,58146,3
2e-05,58147,10
2e-05,58148,5
2e-05,58149,0
2e-05,58150,1
2e-05,58151,0
2e-05,58152,9
2e-05,58153,3
2e-05,58154,3
2e-05,58155,1
2e-05,58156,5
2e-05,58157,11
2e-05,58158,10
2e-05,58159,3
2e-05,58160,0
2e-05,58161,10
2e-05,58162,9
2e-05,58163,2
2e-05,58164,1
2e-05,58165,13
2e-05,58166,0
2e-05,58167,10
2e-05,58168,5
2e-05,58169,5
2e-05,58170,9
2e-05,58171,12
2e-05,58172,12
2e-05,58173,16
2e-05,58174,3
2e-05,58175,1
2e-05,58176,12
2e-05,58177,13
2e-05,58178,2
2e-05,58179,2
2e-05,58180,5
2e-05,58181,1
2e-05,58182,3
2e-05,58183,0
2e-05,58184,9
2e-05,58185,5
2e-05,58186,5
2e-05,58187,0
2e-05,58188,6
2e-05,58189,9
2e-05,58190,3
2e-05,58191,1
2e-05,58192,10
2e-05,58193,5
2e-05,58194,3
2e-05,58195,6
2e-05,58196,0
2e-05,58197,13
2e-05,58198,5
2e-05,58199,3
2e-05,58200,6
2e-05,58201,9
2e-05,58202,10
2e-05,58203,12
2e-05,58204,5
2e-05,58205,12
2e-05,58206,2
2e-05,58207,6
2e-05,58208,0
2e-05,58209,13
2e-05,58210,9
2e-05,58211,5
2e-05,58212,12
2e-05,58213,13
2e-05,58214,1
2e-05,58215,13
2e-05,58216,11
2e-05,58217,4
2e-05,58218,16
2e-05,58219,9
2e-05,58220,1
2e-05,58221,11
2e-05,58222,0
2e-05,58223,2
2e-05,58224,1
2e-05,58225,6
2e-05,58226,9
2e-05,58227,9
2e-05,58228,3
2e-05,58229,6
2e-05,58230,1
2e-05,58231,12
2e-05,58232,12
2e-05,58233,3
2e-05,58234,6
2e-05,58235,2
2e-05,58236,3
2e-05,58237,13
2e-05,58238,1
2e-05,58239,1
2e-05,58240,3
2e-05,58241,2
2e-05,58242,0
2e-05,58243,9
2e-05,58244,0
2e-05,58245,10
2e-05,58246,3
2e-05,58247,6
2e-05,58248,2
2e-05,58249,2
2e-05,58250,9
2e-05,58251,2
2e-05,58252,13
2e-05,58253,0
2e-05,58254,11
2e-05,58255,1
2e-05,58256,1
2e-05,58257,10
2e-05,58258,10
2e-05,58259,8
2e-05,58260,0
2e-05,58261,5
2e-05,58262,3
2e-05,58263,3
2e-05,58264,12
2e-05,58265,0
2e-05,58266,10
2e-05,58267,9
2e-05,58268,9
2e-05,58269,1
2e-05,58270,11
2e-05,58271,1
2e-05,58272,5
2e-05,58273,12
2e-05,58274,12
2e-05,58275,9
2e-05,58276,13
2e-05,58277,10
2e-05,58278,13
2e-05,58279,5
2e-05,58280,0
2e-05,58281,2
2e-05,58282,0
2e-05,58283,4
2e-05,58284,5
2e-05,58285,11
2e-05,58286,5
2e-05,58287,13
2e-05,58288,12
2e-05,58289,10
2e-05,58290,1
2e-05,58291,5
2e-05,58292,6
2e-05,58293,9
2e-05,58294,3
2e-05,58295,3
2e-05,58296,3
2e-05,58297,6
2e-05,58298,3
2e-05,58299,5
2e-05,58300,11
2e-05,58301,3
2e-05,58302,3
2e-05,58303,2
2e-05,58304,3
2e-05,58305,9
2e-05,58306,0
2e-05,58307,9
2e-05,58308,1
2e-05,58309,11
2e-05,58310,0
2e-05,58311,9
2e-05,58312,12
2e-05,58313,11
2e-05,58314,0
2e-05,58315,13
2e-05,58316,6
2e-05,58317,6
2e-05,58318,13
2e-05,58319,6
2e-05,58320,12
2e-05,58321,12
2e-05,58322,1
2e-05,58323,2
2e-05,58324,12
2e-05,58325,2
2e-05,58326,9
2e-05,58327,13
2e-05,58328,1
2e-05,58329,13
2e-05,58330,0
2e-05,58331,9
2e-05,58332,10
2e-05,58333,2
2e-05,58334,9
2e-05,58335,9
2e-05,58336,8
2e-05,58337,0
2e-05,58338,2
2e-05,58339,0
2e-05,58340,6
2e-05,58341,11
2e-05,58342,6
2e-05,58343,1
2e-05,58344,10
2e-05,58345,0
2e-05,58346,11
2e-05,58347,3
2e-05,58348,0
2e-05,58349,5
2e-05,58350,6
2e-05,58351,13
2e-05,58352,9
2e-05,58353,0
2e-05,58354,1
2e-05,58355,0
2e-05,58356,2
2e-05,58357,1
2e-05,58358,5
2e-05,58359,5
2e-05,58360,6
2e-05,58361,5
2e-05,58362,13
2e-05,58363,16
2e-05,58364,10
2e-05,58365,1
2e-05,58366,9
2e-05,58367,6
2e-05,58368,3
2e-05,58369,13
2e-05,58370,5
2e-05,58371,5
2e-05,58372,2
2e-05,58373,11
2e-05,58374,0
2e-05,58375,13
2e-05,58376,9
2e-05,58377,12
2e-05,58378,10
2e-05,58379,5
2e-05,58380,13
2e-05,58381,16
2e-05,58382,6
2e-05,58383,3
2e-05,58384,13
2e-05,58385,10
2e-05,58386,2
2e-05,58387,11
2e-05,58388,11
2e-05,58389,0
2e-05,58390,0
2e-05,58391,11
2e-05,58392,0
2e-05,58393,16
2e-05,58394,10
2e-05,58395,16
2e-05,58396,9
2e-05,58397,9
2e-05,58398,2
2e-05,58399,2
2e-05,58400,9
2e-05,58401,1
2e-05,58402,12
2e-05,58403,5
2e-05,58404,13
2e-05,58405,13
2e-05,58406,6
2e-05,58407,9
2e-05,58408,9
2e-05,58409,13
2e-05,58410,16
2e-05,58411,6
2e-05,58412,2
2e-05,58413,8
2e-05,58414,3
2e-05,58415,13
2e-05,58416,3
2e-05,58417,12
2e-05,58418,12
2e-05,58419,9
2e-05,58420,6
2e-05,58421,1
2e-05,58422,11
2e-05,58423,8
2e-05,58424,5
2e-05,58425,10
2e-05,58426,5
2e-05,58427,9
2e-05,58428,6
2e-05,58429,6
2e-05,58430,11
2e-05,58431,11
2e-05,58432,13
2e-05,58433,6
2e-05,58434,10
2e-05,58435,10
2e-05,58436,5
2e-05,58437,6
2e-05,58438,14
2e-05,58439,0
2e-05,58440,1
2e-05,58441,0
2e-05,58442,9
2e-05,58443,5
2e-05,58444,9
2e-05,58445,10
2e-05,58446,10
2e-05,58447,13
2e-05,58448,9
2e-05,58449,3
2e-05,58450,13
2e-05,58451,10
2e-05,58452,0
2e-05,58453,12
2e-05,58454,0
2e-05,58455,12
2e-05,58456,2
2e-05,58457,3
2e-05,58458,8
2e-05,58459,12
2e-05,58460,1
2e-05,58461,6
2e-05,58462,1
2e-05,58463,12
2e-05,58464,0
2e-05,58465,3
2e-05,58466,11
2e-05,58467,1
2e-05,58468,9
2e-05,58469,0
2e-05,58470,10
2e-05,58471,2
2e-05,58472,6
2e-05,58473,13
2e-05,58474,9
2e-05,58475,5
2e-05,58476,10
2e-05,58477,5
2e-05,58478,2
2e-05,58479,0
2e-05,58480,3
2e-05,58481,2
2e-05,58482,12
2e-05,58483,0
2e-05,58484,1
2e-05,58485,9
2e-05,58486,5
2e-05,58487,3
2e-05,58488,6
2e-05,58489,11
2e-05,58490,6
2e-05,58491,5
2e-05,58492,3
2e-05,58493,3
2e-05,58494,12
2e-05,58495,5
2e-05,58496,0
2e-05,58497,5
2e-05,58498,12
2e-05,58499,2
2e-05,58500,9
2e-05,58501,3
2e-05,58502,16
2e-05,58503,3
2e-05,58504,5
2e-05,58505,12
2e-05,58506,9
2e-05,58507,0
2e-05,58508,2
2e-05,58509,6
2e-05,58510,10
2e-05,58511,12
2e-05,58512,6
2e-05,58513,13
2e-05,58514,13
2e-05,58515,10
2e-05,58516,1
2e-05,58517,5
2e-05,58518,10
2e-05,58519,3
2e-05,58520,9
2e-05,58521,2
2e-05,58522,3
2e-05,58523,2
2e-05,58524,12
2e-05,58525,2
2e-05,58526,6
2e-05,58527,3
2e-05,58528,1
2e-05,58529,10
2e-05,58530,13
2e-05,58531,13
2e-05,58532,3
2e-05,58533,6
2e-05,58534,9
2e-05,58535,11
2e-05,58536,1
2e-05,58537,1
2e-05,58538,13
2e-05,58539,16
2e-05,58540,6
2e-05,58541,3
2e-05,58542,12
2e-05,58543,1
2e-05,58544,3
2e-05,58545,3
2e-05,58546,13
2e-05,58547,12
2e-05,58548,10
2e-05,58549,11
2e-05,58550,11
2e-05,58551,9
2e-05,58552,12
2e-05,58553,3
2e-05,58554,13
2e-05,58555,1
2e-05,58556,6
2e-05,58557,1
2e-05,58558,13
2e-05,58559,0
2e-05,58560,4
2e-05,58561,0
2e-05,58562,13
2e-05,58563,9
2e-05,58564,1
2e-05,58565,0
2e-05,58566,5
2e-05,58567,9
2e-05,58568,0
2e-05,58569,13
2e-05,58570,3
2e-05,58571,3
2e-05,58572,6
2e-05,58573,13
2e-05,58574,6
2e-05,58575,13
2e-05,58576,6
2e-05,58577,6
2e-05,58578,13
2e-05,58579,11
2e-05,58580,11
2e-05,58581,5
2e-05,58582,5
2e-05,58583,5
2e-05,58584,6
2e-05,58585,12
2e-05,58586,9
2e-05,58587,2
2e-05,58588,0
2e-05,58589,9
2e-05,58590,6
2e-05,58591,16
2e-05,58592,0
2e-05,58593,6
2e-05,58594,10
2e-05,58595,12
2e-05,58596,6
2e-05,58597,1
2e-05,58598,5
2e-05,58599,2
2e-05,58600,10
2e-05,58601,1
2e-05,58602,0
2e-05,58603,10
2e-05,58604,12
2e-05,58605,13
2e-05,58606,6
2e-05,58607,2
2e-05,58608,5
2e-05,58609,6
2e-05,58610,11
2e-05,58611,1
2e-05,58612,0
2e-05,58613,9
2e-05,58614,9
2e-05,58615,2
2e-05,58616,9
2e-05,58617,12
2e-05,58618,6
2e-05,58619,6
2e-05,58620,1
2e-05,58621,0
2e-05,58622,16
2e-05,58623,10
2e-05,58624,11
2e-05,58625,2
2e-05,58626,1
2e-05,58627,10
2e-05,58628,3
2e-05,58629,12
2e-05,58630,12
2e-05,58631,0
2e-05,58632,12
2e-05,58633,3
2e-05,58634,0
2e-05,58635,12
2e-05,58636,1
2e-05,58637,1
2e-05,58638,1
2e-05,58639,3
2e-05,58640,9
2e-05,58641,13
2e-05,58642,10
2e-05,58643,1
2e-05,58644,6
2e-05,58645,0
2e-05,58646,9
2e-05,58647,0
2e-05,58648,2
2e-05,58649,13
2e-05,58650,2
2e-05,58651,11
2e-05,58652,16
2e-05,58653,1
2e-05,58654,3
2e-05,58655,3
2e-05,58656,2
2e-05,58657,10
2e-05,58658,9
2e-05,58659,9
2e-05,58660,1
2e-05,58661,5
2e-05,58662,2
2e-05,58663,13
2e-05,58664,13
2e-05,58665,5
2e-05,58666,0
2e-05,58667,1
2e-05,58668,11
2e-05,58669,0
2e-05,58670,12
2e-05,58671,3
2e-05,58672,12
2e-05,58673,16
2e-05,58674,1
2e-05,58675,12
2e-05,58676,2
2e-05,58677,2
2e-05,58678,11
2e-05,58679,3
2e-05,58680,0
2e-05,58681,11
2e-05,58682,3
2e-05,58683,5
2e-05,58684,3
2e-05,58685,11
2e-05,58686,3
2e-05,58687,12
2e-05,58688,5
2e-05,58689,11
2e-05,58690,5
2e-05,58691,10
2e-05,58692,6
2e-05,58693,2
2e-05,58694,5
2e-05,58695,5
2e-05,58696,5
2e-05,58697,13
2e-05,58698,10
2e-05,58699,9
2e-05,58700,12
2e-05,58701,3
2e-05,58702,5
2e-05,58703,10
2e-05,58704,5
2e-05,58705,5
2e-05,58706,9
2e-05,58707,6
2e-05,58708,2
2e-05,58709,9
2e-05,58710,2
2e-05,58711,5
2e-05,58712,12
2e-05,58713,13
2e-05,58714,5
2e-05,58715,2
2e-05,58716,9
2e-05,58717,0
2e-05,58718,1
2e-05,58719,6
2e-05,58720,5
2e-05,58721,11
2e-05,58722,0
2e-05,58723,6
2e-05,58724,5
2e-05,58725,6
2e-05,58726,6
2e-05,58727,11
2e-05,58728,1
2e-05,58729,6
2e-05,58730,1
2e-05,58731,3
2e-05,58732,9
2e-05,58733,11
2e-05,58734,2
2e-05,58735,11
2e-05,58736,1
2e-05,58737,2
2e-05,58738,10
2e-05,58739,6
2e-05,58740,2
2e-05,58741,9
2e-05,58742,2
2e-05,58743,13
2e-05,58744,2
2e-05,58745,12
2e-05,58746,12
2e-05,58747,10
2e-05,58748,6
2e-05,58749,0
2e-05,58750,3
2e-05,58751,7
2e-05,58752,10
2e-05,58753,9
2e-05,58754,10
2e-05,58755,10
2e-05,58756,5
2e-05,58757,5
2e-05,58758,0
2e-05,58759,12
2e-05,58760,6
2e-05,58761,6
2e-05,58762,6
2e-05,58763,3
2e-05,58764,9
2e-05,58765,13
2e-05,58766,14
2e-05,58767,0
2e-05,58768,5
2e-05,58769,3
2e-05,58770,6
2e-05,58771,17
2e-05,58772,9
2e-05,58773,10
2e-05,58774,11
2e-05,58775,13
2e-05,58776,1
2e-05,58777,5
2e-05,58778,13
2e-05,58779,1
2e-05,58780,2
2e-05,58781,12
2e-05,58782,3
2e-05,58783,5
2e-05,58784,6
2e-05,58785,6
2e-05,58786,11
2e-05,58787,13
2e-05,58788,1
2e-05,58789,1
2e-05,58790,9
2e-05,58791,3
2e-05,58792,13
2e-05,58793,1
2e-05,58794,2
2e-05,58795,13
2e-05,58796,9
2e-05,58797,11
2e-05,58798,9
2e-05,58799,11
2e-05,58800,3
2e-05,58801,11
2e-05,58802,5
2e-05,58803,10
2e-05,58804,6
2e-05,58805,11
2e-05,58806,10
2e-05,58807,0
2e-05,58808,6
2e-05,58809,11
2e-05,58810,11
2e-05,58811,3
2e-05,58812,10
2e-05,58813,10
2e-05,58814,11
2e-05,58815,9
2e-05,58816,1
2e-05,58817,11
2e-05,58818,3
2e-05,58819,10
2e-05,58820,9
2e-05,58821,2
2e-05,58822,0
2e-05,58823,6
2e-05,58824,12
2e-05,58825,11
2e-05,58826,12
2e-05,58827,3
2e-05,58828,10
2e-05,58829,1
2e-05,58830,1
2e-05,58831,5
2e-05,58832,13
2e-05,58833,13
2e-05,58834,11
2e-05,58835,0
2e-05,58836,11
2e-05,58837,9
2e-05,58838,9
2e-05,58839,0
2e-05,58840,11
2e-05,58841,9
2e-05,58842,11
2e-05,58843,9
2e-05,58844,2
2e-05,58845,11
2e-05,58846,9
2e-05,58847,12
2e-05,58848,1
2e-05,58849,6
2e-05,58850,2
2e-05,58851,10
2e-05,58852,3
2e-05,58853,1
2e-05,58854,5
2e-05,58855,5
2e-05,58856,10
2e-05,58857,0
2e-05,58858,13
2e-05,58859,3
2e-05,58860,2
2e-05,58861,12
2e-05,58862,4
2e-05,58863,11
2e-05,58864,10
2e-05,58865,1
2e-05,58866,5
2e-05,58867,10
2e-05,58868,10
2e-05,58869,10
2e-05,58870,6
2e-05,58871,1
2e-05,58872,5
2e-05,58873,0
2e-05,58874,12
2e-05,58875,1
2e-05,58876,5
2e-05,58877,12
2e-05,58878,6
2e-05,58879,9
2e-05,58880,6
2e-05,58881,1
2e-05,58882,10
2e-05,58883,11
2e-05,58884,3
2e-05,58885,2
2e-05,58886,9
2e-05,58887,11
2e-05,58888,13
2e-05,58889,2
2e-05,58890,11
2e-05,58891,10
2e-05,58892,2
2e-05,58893,2
2e-05,58894,12
2e-05,58895,6
2e-05,58896,5
2e-05,58897,3
2e-05,58898,1
2e-05,58899,0
2e-05,58900,2
2e-05,58901,5
2e-05,58902,3
2e-05,58903,2
2e-05,58904,6
2e-05,58905,10
2e-05,58906,2
2e-05,58907,0
2e-05,58908,13
2e-05,58909,12
2e-05,58910,6
2e-05,58911,10
2e-05,58912,11
2e-05,58913,8
2e-05,58914,6
2e-05,58915,5
2e-05,58916,1
2e-05,58917,5
2e-05,58918,12
2e-05,58919,12
2e-05,58920,13
2e-05,58921,5
2e-05,58922,1
2e-05,58923,3
2e-05,58924,6
2e-05,58925,12
2e-05,58926,12
2e-05,58927,12
2e-05,58928,5
2e-05,58929,5
2e-05,58930,11
2e-05,58931,11
2e-05,58932,13
2e-05,58933,3
2e-05,58934,9
2e-05,58935,5
2e-05,58936,9
2e-05,58937,0
2e-05,58938,5
2e-05,58939,6
2e-05,58940,2
2e-05,58941,3
2e-05,58942,0
2e-05,58943,1
2e-05,58944,13
2e-05,58945,0
2e-05,58946,13
2e-05,58947,9
2e-05,58948,3
2e-05,58949,1
2e-05,58950,6
2e-05,58951,6
2e-05,58952,3
2e-05,58953,13
2e-05,58954,9
2e-05,58955,6
2e-05,58956,2
2e-05,58957,8
2e-05,58958,3
2e-05,58959,9
2e-05,58960,9
2e-05,58961,9
2e-05,58962,5
2e-05,58963,1
2e-05,58964,9
2e-05,58965,3
2e-05,58966,11
2e-05,58967,0
2e-05,58968,13
2e-05,58969,1
2e-05,58970,13
2e-05,58971,3
2e-05,58972,10
2e-05,58973,1
2e-05,58974,9
2e-05,58975,5
2e-05,58976,12
2e-05,58977,3
2e-05,58978,12
2e-05,58979,0
2e-05,58980,1
2e-05,58981,2
2e-05,58982,2
2e-05,58983,10
2e-05,58984,11
2e-05,58985,13
2e-05,58986,3
2e-05,58987,0
2e-05,58988,16
2e-05,58989,10
2e-05,58990,10
2e-05,58991,9
2e-05,58992,2
2e-05,58993,6
2e-05,58994,9
2e-05,58995,10
2e-05,58996,5
2e-05,58997,9
2e-05,58998,3
2e-05,58999,11
2e-05,59000,11
2e-05,59001,10
2e-05,59002,9
2e-05,59003,11
2e-05,59004,6
2e-05,59005,6
2e-05,59006,11
2e-05,59007,6
2e-05,59008,3
2e-05,59009,2
2e-05,59010,1
2e-05,59011,11
2e-05,59012,11
2e-05,59013,9
2e-05,59014,12
2e-05,59015,9
2e-05,59016,10
2e-05,59017,3
2e-05,59018,0
2e-05,59019,5
2e-05,59020,1
2e-05,59021,11
2e-05,59022,2
2e-05,59023,9
2e-05,59024,0
2e-05,59025,1
2e-05,59026,3
2e-05,59027,12
2e-05,59028,12
2e-05,59029,3
2e-05,59030,13
2e-05,59031,5
2e-05,59032,1
2e-05,59033,5
2e-05,59034,0
2e-05,59035,6
2e-05,59036,6
2e-05,59037,1
2e-05,59038,12
2e-05,59039,0
2e-05,59040,16
2e-05,59041,0
2e-05,59042,13
2e-05,59043,13
2e-05,59044,10
2e-05,59045,9
2e-05,59046,9
2e-05,59047,10
2e-05,59048,12
2e-05,59049,3
2e-05,59050,14
2e-05,59051,10
2e-05,59052,11
2e-05,59053,5
2e-05,59054,3
2e-05,59055,13
2e-05,59056,11
2e-05,59057,1
2e-05,59058,6
2e-05,59059,11
2e-05,59060,9
2e-05,59061,3
2e-05,59062,11
2e-05,59063,9
2e-05,59064,1
2e-05,59065,5
2e-05,59066,9
2e-05,59067,0
2e-05,59068,5
2e-05,59069,6
2e-05,59070,0
2e-05,59071,2
2e-05,59072,11
2e-05,59073,13
2e-05,59074,16
2e-05,59075,6
2e-05,59076,10
2e-05,59077,11
2e-05,59078,0
2e-05,59079,10
2e-05,59080,11
2e-05,59081,13
2e-05,59082,12
2e-05,59083,5
2e-05,59084,3
2e-05,59085,11
2e-05,59086,12
2e-05,59087,16
2e-05,59088,2
2e-05,59089,11
2e-05,59090,5
2e-05,59091,6
2e-05,59092,6
2e-05,59093,13
2e-05,59094,12
2e-05,59095,3
2e-05,59096,1
2e-05,59097,9
2e-05,59098,10
2e-05,59099,8
2e-05,59100,6
2e-05,59101,0
2e-05,59102,3
2e-05,59103,3
2e-05,59104,0
2e-05,59105,11
2e-05,59106,10
2e-05,59107,6
2e-05,59108,2
2e-05,59109,9
2e-05,59110,3
2e-05,59111,9
2e-05,59112,13
2e-05,59113,16
2e-05,59114,5
2e-05,59115,6
2e-05,59116,3
2e-05,59117,6
2e-05,59118,2
2e-05,59119,11
2e-05,59120,1
2e-05,59121,1
2e-05,59122,1
2e-05,59123,6
2e-05,59124,10
2e-05,59125,12
2e-05,59126,5
2e-05,59127,1
2e-05,59128,3
2e-05,59129,10
2e-05,59130,11
2e-05,59131,10
2e-05,59132,13
2e-05,59133,0
2e-05,59134,1
2e-05,59135,4
2e-05,59136,10
2e-05,59137,3
2e-05,59138,12
2e-05,59139,3
2e-05,59140,1
2e-05,59141,12
2e-05,59142,1
2e-05,59143,5
2e-05,59144,13
2e-05,59145,2
2e-05,59146,9
2e-05,59147,9
2e-05,59148,10
2e-05,59149,16
2e-05,59150,5
2e-05,59151,9
2e-05,59152,6
2e-05,59153,1
2e-05,59154,2
2e-05,59155,9
2e-05,59156,12
2e-05,59157,3
2e-05,59158,10
2e-05,59159,1
2e-05,59160,6
2e-05,59161,6
2e-05,59162,3
2e-05,59163,9
2e-05,59164,5
2e-05,59165,16
2e-05,59166,6
2e-05,59167,1
2e-05,59168,11
2e-05,59169,2
2e-05,59170,9
2e-05,59171,10
2e-05,59172,11
2e-05,59173,0
2e-05,59174,2
2e-05,59175,0
2e-05,59176,10
2e-05,59177,12
2e-05,59178,9
2e-05,59179,12
2e-05,59180,0
2e-05,59181,1
2e-05,59182,5
2e-05,59183,5
2e-05,59184,0
2e-05,59185,13
2e-05,59186,17
2e-05,59187,0
2e-05,59188,3
2e-05,59189,13
2e-05,59190,6
2e-05,59191,0
2e-05,59192,5
2e-05,59193,0
2e-05,59194,2
2e-05,59195,5
2e-05,59196,1
2e-05,59197,5
2e-05,59198,1
2e-05,59199,10
2e-05,59200,12
2e-05,59201,1
2e-05,59202,12
2e-05,59203,3
2e-05,59204,11
2e-05,59205,11
2e-05,59206,0
2e-05,59207,16
2e-05,59208,1
2e-05,59209,11
2e-05,59210,3
2e-05,59211,3
2e-05,59212,0
2e-05,59213,9
2e-05,59214,13
2e-05,59215,12
2e-05,59216,6
2e-05,59217,9
2e-05,59218,9
2e-05,59219,5
2e-05,59220,13
2e-05,59221,10
2e-05,59222,9
2e-05,59223,10
2e-05,59224,12
2e-05,59225,8
2e-05,59226,5
2e-05,59227,9
2e-05,59228,12
2e-05,59229,0
2e-05,59230,13
2e-05,59231,11
2e-05,59232,5
2e-05,59233,3
2e-05,59234,0
2e-05,59235,3
2e-05,59236,5
2e-05,59237,6
2e-05,59238,5
2e-05,59239,3
2e-05,59240,13
2e-05,59241,12
2e-05,59242,11
2e-05,59243,3
2e-05,59244,1
2e-05,59245,0
2e-05,59246,5
2e-05,59247,2
2e-05,59248,17
2e-05,59249,9
2e-05,59250,6
2e-05,59251,13
2e-05,59252,0
2e-05,59253,12
2e-05,59254,1
2e-05,59255,3
2e-05,59256,1
2e-05,59257,10
2e-05,59258,11
2e-05,59259,0
2e-05,59260,9
2e-05,59261,2
2e-05,59262,5
2e-05,59263,12
2e-05,59264,2
2e-05,59265,3
2e-05,59266,3
2e-05,59267,2
2e-05,59268,9
2e-05,59269,9
2e-05,59270,3
2e-05,59271,1
2e-05,59272,10
2e-05,59273,13
2e-05,59274,10
2e-05,59275,12
2e-05,59276,13
2e-05,59277,1
2e-05,59278,2
2e-05,59279,3
2e-05,59280,11
2e-05,59281,5
2e-05,59282,2
2e-05,59283,5
2e-05,59284,13
2e-05,59285,3
2e-05,59286,11
2e-05,59287,5
2e-05,59288,12
2e-05,59289,0
2e-05,59290,9
2e-05,59291,11
2e-05,59292,3
2e-05,59293,7
2e-05,59294,1
2e-05,59295,5
2e-05,59296,3
2e-05,59297,11
2e-05,59298,12
2e-05,59299,2
2e-05,59300,5
2e-05,59301,9
2e-05,59302,6
2e-05,59303,12
2e-05,59304,11
2e-05,59305,9
2e-05,59306,13
2e-05,59307,1
2e-05,59308,11
2e-05,59309,4
2e-05,59310,11
2e-05,59311,2
2e-05,59312,6
2e-05,59313,8
2e-05,59314,13
2e-05,59315,1
2e-05,59316,13
2e-05,59317,13
2e-05,59318,2
2e-05,59319,13
2e-05,59320,1
2e-05,59321,13
2e-05,59322,5
2e-05,59323,15
2e-05,59324,17
2e-05,59325,17
2e-05,59326,12
2e-05,59327,2
2e-05,59328,11
2e-05,59329,11
2e-05,59330,8
2e-05,59331,9
2e-05,59332,11
2e-05,59333,13
2e-05,59334,11
2e-05,59335,3
2e-05,59336,12
2e-05,59337,11
2e-05,59338,6
2e-05,59339,10
2e-05,59340,2
2e-05,59341,11
2e-05,59342,12
2e-05,59343,11
2e-05,59344,11
2e-05,59345,1
2e-05,59346,7
2e-05,59347,0
2e-05,59348,2
2e-05,59349,11
2e-05,59350,8
2e-05,59351,1
2e-05,59352,6
2e-05,59353,10
2e-05,59354,5
2e-05,59355,1
2e-05,59356,1
2e-05,59357,9
2e-05,59358,2
2e-05,59359,11
2e-05,59360,0
2e-05,59361,13
2e-05,59362,11
2e-05,59363,11
2e-05,59364,12
2e-05,59365,3
2e-05,59366,3
2e-05,59367,3
2e-05,59368,3
2e-05,59369,11
2e-05,59370,11
2e-05,59371,13
2e-05,59372,1
2e-05,59373,9
2e-05,59374,1
2e-05,59375,9
2e-05,59376,9
2e-05,59377,0
2e-05,59378,13
2e-05,59379,0
2e-05,59380,9
2e-05,59381,1
2e-05,59382,9
2e-05,59383,2
2e-05,59384,9
2e-05,59385,3
2e-05,59386,6
2e-05,59387,1
2e-05,59388,9
2e-05,59389,5
2e-05,59390,2
2e-05,59391,13
2e-05,59392,7
2e-05,59393,6
2e-05,59394,2
2e-05,59395,4
2e-05,59396,10
2e-05,59397,10
2e-05,59398,9
2e-05,59399,3
2e-05,59400,10
2e-05,59401,6
2e-05,59402,0
2e-05,59403,10
2e-05,59404,1
2e-05,59405,13
2e-05,59406,1
2e-05,59407,5
2e-05,59408,2
2e-05,59409,12
2e-05,59410,3
2e-05,59411,12
2e-05,59412,11
2e-05,59413,5
2e-05,59414,10
2e-05,59415,13
2e-05,59416,2
2e-05,59417,3
2e-05,59418,0
2e-05,59419,9
2e-05,59420,17
2e-05,59421,12
2e-05,59422,6
2e-05,59423,6
2e-05,59424,9
2e-05,59425,3
2e-05,59426,0
2e-05,59427,2
2e-05,59428,11
2e-05,59429,9
2e-05,59430,1
2e-05,59431,1
2e-05,59432,12
2e-05,59433,10
2e-05,59434,2
2e-05,59435,11
2e-05,59436,3
2e-05,59437,0
2e-05,59438,2
2e-05,59439,1
2e-05,59440,9
2e-05,59441,11
2e-05,59442,5
2e-05,59443,10
2e-05,59444,2
2e-05,59445,2
2e-05,59446,1
2e-05,59447,9
2e-05,59448,2
2e-05,59449,0
2e-05,59450,2
2e-05,59451,9
2e-05,59452,11
2e-05,59453,12
2e-05,59454,13
2e-05,59455,13
2e-05,59456,1
2e-05,59457,12
2e-05,59458,0
2e-05,59459,9
2e-05,59460,11
2e-05,59461,1
2e-05,59462,13
2e-05,59463,0
2e-05,59464,9
2e-05,59465,1
2e-05,59466,0
2e-05,59467,12
2e-05,59468,1
2e-05,59469,2
2e-05,59470,10
2e-05,59471,5
2e-05,59472,3
2e-05,59473,10
2e-05,59474,5
2e-05,59475,6
2e-05,59476,0
2e-05,59477,3
2e-05,59478,11
2e-05,59479,1
2e-05,59480,11
2e-05,59481,1
2e-05,59482,11
2e-05,59483,11
2e-05,59484,10
2e-05,59485,12
2e-05,59486,2
2e-05,59487,12
2e-05,59488,2
2e-05,59489,5
2e-05,59490,11
2e-05,59491,12
2e-05,59492,0
2e-05,59493,0
2e-05,59494,6
2e-05,59495,3
2e-05,59496,3
2e-05,59497,13
2e-05,59498,10
2e-05,59499,6
2e-05,59500,11
2e-05,59501,12
2e-05,59502,11
2e-05,59503,9
2e-05,59504,12
2e-05,59505,0
2e-05,59506,10
2e-05,59507,5
2e-05,59508,9
2e-05,59509,0
2e-05,59510,11
2e-05,59511,11
2e-05,59512,5
2e-05,59513,11
2e-05,59514,13
2e-05,59515,5
2e-05,59516,6
2e-05,59517,0
2e-05,59518,10
2e-05,59519,1
2e-05,59520,13
2e-05,59521,10
2e-05,59522,11
2e-05,59523,11
2e-05,59524,6
2e-05,59525,10
2e-05,59526,11
2e-05,59527,10
2e-05,59528,9
2e-05,59529,2
2e-05,59530,6
2e-05,59531,5
2e-05,59532,10
2e-05,59533,10
2e-05,59534,2
2e-05,59535,13
2e-05,59536,1
2e-05,59537,12
2e-05,59538,3
2e-05,59539,0
2e-05,59540,13
2e-05,59541,3
2e-05,59542,10
2e-05,59543,11
2e-05,59544,11
2e-05,59545,0
2e-05,59546,13
2e-05,59547,5
2e-05,59548,6
2e-05,59549,11
2e-05,59550,9
2e-05,59551,2
2e-05,59552,0
2e-05,59553,12
2e-05,59554,3
2e-05,59555,13
2e-05,59556,6
2e-05,59557,9
2e-05,59558,6
2e-05,59559,3
2e-05,59560,10
2e-05,59561,0
2e-05,59562,1
2e-05,59563,9
2e-05,59564,13
2e-05,59565,10
2e-05,59566,2
2e-05,59567,0
2e-05,59568,3
2e-05,59569,11
2e-05,59570,5
2e-05,59571,6
2e-05,59572,2
2e-05,59573,11
2e-05,59574,13
2e-05,59575,9
2e-05,59576,11
2e-05,59577,2
2e-05,59578,6
2e-05,59579,1
2e-05,59580,3
2e-05,59581,0
2e-05,59582,1
2e-05,59583,5
2e-05,59584,10
2e-05,59585,2
2e-05,59586,5
2e-05,59587,2
2e-05,59588,3
2e-05,59589,1
2e-05,59590,6
2e-05,59591,12
2e-05,59592,2
2e-05,59593,1
2e-05,59594,11
2e-05,59595,6
2e-05,59596,2
2e-05,59597,8
2e-05,59598,2
2e-05,59599,13
2e-05,59600,6
2e-05,59601,12
2e-05,59602,10
2e-05,59603,2
2e-05,59604,10
2e-05,59605,11
2e-05,59606,6
2e-05,59607,9
2e-05,59608,10
2e-05,59609,0
2e-05,59610,6
2e-05,59611,0
2e-05,59612,5
2e-05,59613,13
2e-05,59614,13
2e-05,59615,1
2e-05,59616,3
2e-05,59617,6
2e-05,59618,16
2e-05,59619,6
2e-05,59620,6
2e-05,59621,13
2e-05,59622,5
2e-05,59623,9
2e-05,59624,3
2e-05,59625,11
2e-05,59626,9
2e-05,59627,9
2e-05,59628,2
2e-05,59629,11
2e-05,59630,0
2e-05,59631,2
2e-05,59632,6
2e-05,59633,13
2e-05,59634,9
2e-05,59635,9
2e-05,59636,2
2e-05,59637,6
2e-05,59638,5
2e-05,59639,9
2e-05,59640,1
2e-05,59641,2
2e-05,59642,12
2e-05,59643,9
2e-05,59644,16
2e-05,59645,0
2e-05,59646,9
2e-05,59647,13
2e-05,59648,8
2e-05,59649,2
2e-05,59650,9
2e-05,59651,2
2e-05,59652,5
2e-05,59653,1
2e-05,59654,10
2e-05,59655,13
2e-05,59656,5
2e-05,59657,9
2e-05,59658,11
2e-05,59659,2
2e-05,59660,8
2e-05,59661,13
2e-05,59662,13
2e-05,59663,11
2e-05,59664,1
2e-05,59665,0
2e-05,59666,13
2e-05,59667,11
2e-05,59668,12
2e-05,59669,1
2e-05,59670,12
2e-05,59671,2
2e-05,59672,3
2e-05,59673,1
2e-05,59674,9
2e-05,59675,1
2e-05,59676,11
2e-05,59677,6
2e-05,59678,2
2e-05,59679,1
2e-05,59680,12
2e-05,59681,11
2e-05,59682,6
2e-05,59683,10
2e-05,59684,5
2e-05,59685,1
2e-05,59686,5
2e-05,59687,5
2e-05,59688,3
2e-05,59689,10
2e-05,59690,5
2e-05,59691,3
2e-05,59692,6
2e-05,59693,8
2e-05,59694,1
2e-05,59695,9
2e-05,59696,10
2e-05,59697,0
2e-05,59698,9
2e-05,59699,16
2e-05,59700,11
2e-05,59701,12
2e-05,59702,11
2e-05,59703,11
2e-05,59704,11
2e-05,59705,0
2e-05,59706,3
2e-05,59707,9
2e-05,59708,5
2e-05,59709,6
2e-05,59710,6
2e-05,59711,0
2e-05,59712,3
2e-05,59713,10
2e-05,59714,0
2e-05,59715,5
2e-05,59716,9
2e-05,59717,1
2e-05,59718,1
2e-05,59719,2
2e-05,59720,11
2e-05,59721,1
2e-05,59722,5
2e-05,59723,5
2e-05,59724,0
2e-05,59725,12
2e-05,59726,3
2e-05,59727,12
2e-05,59728,5
2e-05,59729,11
2e-05,59730,3
2e-05,59731,6
2e-05,59732,3
2e-05,59733,9
2e-05,59734,10
2e-05,59735,2
2e-05,59736,9
2e-05,59737,14
2e-05,59738,9
2e-05,59739,6
2e-05,59740,3
2e-05,59741,16
2e-05,59742,11
2e-05,59743,16
2e-05,59744,6
2e-05,59745,0
2e-05,59746,1
2e-05,59747,2
2e-05,59748,5
2e-05,59749,10
2e-05,59750,6
2e-05,59751,2
2e-05,59752,12
2e-05,59753,11
2e-05,59754,2
2e-05,59755,11
2e-05,59756,11
2e-05,59757,2
2e-05,59758,10
2e-05,59759,11
2e-05,59760,3
2e-05,59761,6
2e-05,59762,5
2e-05,59763,11
2e-05,59764,12
2e-05,59765,10
2e-05,59766,11
2e-05,59767,5
2e-05,59768,9
2e-05,59769,12
2e-05,59770,2
2e-05,59771,1
2e-05,59772,5
2e-05,59773,13
2e-05,59774,11
2e-05,59775,9
2e-05,59776,0
2e-05,59777,12
2e-05,59778,1
2e-05,59779,12
2e-05,59780,2
2e-05,59781,0
2e-05,59782,6
2e-05,59783,11
2e-05,59784,2
2e-05,59785,13
2e-05,59786,1
2e-05,59787,0
2e-05,59788,2
2e-05,59789,0
2e-05,59790,11
2e-05,59791,10
2e-05,59792,5
2e-05,59793,10
2e-05,59794,6
2e-05,59795,10
2e-05,59796,11
2e-05,59797,2
2e-05,59798,10
2e-05,59799,6
2e-05,59800,1
2e-05,59801,9
2e-05,59802,2
2e-05,59803,9
2e-05,59804,9
2e-05,59805,0
2e-05,59806,13
2e-05,59807,5
2e-05,59808,5
2e-05,59809,5
2e-05,59810,6
2e-05,59811,3
2e-05,59812,8
2e-05,59813,9
2e-05,59814,1
2e-05,59815,10
2e-05,59816,6
2e-05,59817,5
2e-05,59818,6
2e-05,59819,0
2e-05,59820,2
2e-05,59821,10
2e-05,59822,12
2e-05,59823,5
2e-05,59824,2
2e-05,59825,6
2e-05,59826,10
2e-05,59827,9
2e-05,59828,6
2e-05,59829,2
2e-05,59830,6
2e-05,59831,11
2e-05,59832,6
2e-05,59833,9
2e-05,59834,2
2e-05,59835,11
2e-05,59836,11
2e-05,59837,10
2e-05,59838,2
2e-05,59839,11
2e-05,59840,3
2e-05,59841,1
2e-05,59842,11
2e-05,59843,2
2e-05,59844,5
2e-05,59845,2
2e-05,59846,1
2e-05,59847,9
2e-05,59848,6
2e-05,59849,1
2e-05,59850,2
2e-05,59851,1
2e-05,59852,12
2e-05,59853,2
2e-05,59854,17
2e-05,59855,2
2e-05,59856,9
2e-05,59857,1
2e-05,59858,1
2e-05,59859,0
2e-05,59860,9
2e-05,59861,13
2e-05,59862,3
2e-05,59863,13
2e-05,59864,12
2e-05,59865,0
2e-05,59866,5
2e-05,59867,12
2e-05,59868,2
2e-05,59869,1
2e-05,59870,13
2e-05,59871,9
2e-05,59872,2
2e-05,59873,0
2e-05,59874,12
2e-05,59875,13
2e-05,59876,12
2e-05,59877,2
2e-05,59878,10
2e-05,59879,11
2e-05,59880,11
2e-05,59881,10
2e-05,59882,9
2e-05,59883,4
2e-05,59884,6
2e-05,59885,0
2e-05,59886,5
2e-05,59887,4
2e-05,59888,1
2e-05,59889,9
2e-05,59890,12
2e-05,59891,9
2e-05,59892,2
2e-05,59893,12
2e-05,59894,1
2e-05,59895,16
2e-05,59896,2
2e-05,59897,12
2e-05,59898,11
2e-05,59899,6
2e-05,59900,1
2e-05,59901,3
2e-05,59902,12
2e-05,59903,1
2e-05,59904,10
2e-05,59905,0
2e-05,59906,10
2e-05,59907,11
2e-05,59908,10
2e-05,59909,10
2e-05,59910,6
2e-05,59911,3
2e-05,59912,2
2e-05,59913,5
2e-05,59914,9
2e-05,59915,0
2e-05,59916,3
2e-05,59917,11
2e-05,59918,5
2e-05,59919,0
2e-05,59920,8
2e-05,59921,0
2e-05,59922,2
2e-05,59923,1
2e-05,59924,0
2e-05,59925,6
2e-05,59926,1
2e-05,59927,0
2e-05,59928,12
2e-05,59929,1
2e-05,59930,2
2e-05,59931,1
2e-05,59932,2
2e-05,59933,9
2e-05,59934,10
2e-05,59935,5
2e-05,59936,2
2e-05,59937,12
2e-05,59938,3
2e-05,59939,12
2e-05,59940,11
2e-05,59941,5
2e-05,59942,12
2e-05,59943,13
2e-05,59944,11
2e-05,59945,5
2e-05,59946,5
2e-05,59947,11
2e-05,59948,6
2e-05,59949,3
2e-05,59950,9
2e-05,59951,9
2e-05,59952,11
2e-05,59953,9
2e-05,59954,12
2e-05,59955,9
2e-05,59956,9
2e-05,59957,10
2e-05,59958,5
2e-05,59959,2
2e-05,59960,1
2e-05,59961,6
2e-05,59962,0
2e-05,59963,0
2e-05,59964,9
2e-05,59965,3
2e-05,59966,10
2e-05,59967,10
2e-05,59968,6
2e-05,59969,0
2e-05,59970,1
2e-05,59971,6
2e-05,59972,11
2e-05,59973,6
2e-05,59974,2
2e-05,59975,10
2e-05,59976,2
2e-05,59977,13
2e-05,59978,10
2e-05,59979,1
2e-05,59980,2
2e-05,59981,10
2e-05,59982,10
2e-05,59983,10
2e-05,59984,10
2e-05,59985,9
2e-05,59986,1
2e-05,59987,10
2e-05,59988,10
2e-05,59989,0
2e-05,59990,0
2e-05,59991,0
2e-05,59992,13
2e-05,59993,9
2e-05,59994,9
2e-05,59995,12
2e-05,59996,6
2e-05,59997,3
2e-05,59998,13
2e-05,59999,3
2e-05,60000,0
2e-05,60001,9
2e-05,60002,13
2e-05,60003,11
2e-05,60004,1
2e-05,60005,13
2e-05,60006,9
2e-05,60007,10
2e-05,60008,6
2e-05,60009,10
2e-05,60010,1
2e-05,60011,6
2e-05,60012,3
2e-05,60013,5
2e-05,60014,11
2e-05,60015,3
2e-05,60016,6
2e-05,60017,2
2e-05,60018,12
2e-05,60019,11
2e-05,60020,12
2e-05,60021,13
2e-05,60022,11
2e-05,60023,10
2e-05,60024,6
2e-05,60025,1
2e-05,60026,0
2e-05,60027,1
2e-05,60028,5
2e-05,60029,6
2e-05,60030,13
2e-05,60031,1
2e-05,60032,3
2e-05,60033,0
2e-05,60034,2
2e-05,60035,3
2e-05,60036,13
2e-05,60037,6
2e-05,60038,1
2e-05,60039,1
2e-05,60040,5
2e-05,60041,14
2e-05,60042,6
2e-05,60043,1
2e-05,60044,1
2e-05,60045,0
2e-05,60046,10
2e-05,60047,6
2e-05,60048,6
2e-05,60049,0
2e-05,60050,2
2e-05,60051,10
2e-05,60052,1
2e-05,60053,12
2e-05,60054,9
2e-05,60055,9
2e-05,60056,3
2e-05,60057,12
2e-05,60058,6
2e-05,60059,13
2e-05,60060,5
2e-05,60061,2
2e-05,60062,5
2e-05,60063,10
2e-05,60064,2
2e-05,60065,6
2e-05,60066,5
2e-05,60067,11
2e-05,60068,5
2e-05,60069,2
2e-05,60070,11
2e-05,60071,3
2e-05,60072,0
2e-05,60073,12
2e-05,60074,10
2e-05,60075,11
2e-05,60076,11
2e-05,60077,5
2e-05,60078,10
2e-05,60079,2
2e-05,60080,12
2e-05,60081,9
2e-05,60082,14
2e-05,60083,0
2e-05,60084,6
2e-05,60085,3
2e-05,60086,1
2e-05,60087,2
2e-05,60088,3
2e-05,60089,11
2e-05,60090,12
2e-05,60091,2
2e-05,60092,9
2e-05,60093,10
2e-05,60094,3
2e-05,60095,12
2e-05,60096,0
2e-05,60097,2
2e-05,60098,10
2e-05,60099,11
2e-05,60100,0
2e-05,60101,6
2e-05,60102,5
2e-05,60103,1
2e-05,60104,9
2e-05,60105,11
2e-05,60106,5
2e-05,60107,11
2e-05,60108,0
2e-05,60109,6
2e-05,60110,1
2e-05,60111,6
2e-05,60112,11
2e-05,60113,6
2e-05,60114,11
2e-05,60115,1
2e-05,60116,11
2e-05,60117,13
2e-05,60118,9
2e-05,60119,12
2e-05,60120,12
2e-05,60121,1
2e-05,60122,0
2e-05,60123,9
2e-05,60124,2
2e-05,60125,0
2e-05,60126,1
2e-05,60127,6
2e-05,60128,9
2e-05,60129,9
2e-05,60130,1
2e-05,60131,11
2e-05,60132,3
2e-05,60133,0
2e-05,60134,9
2e-05,60135,11
2e-05,60136,13
2e-05,60137,6
2e-05,60138,2
2e-05,60139,2
2e-05,60140,5
2e-05,60141,6
2e-05,60142,10
2e-05,60143,12
2e-05,60144,3
2e-05,60145,5
2e-05,60146,9
2e-05,60147,5
2e-05,60148,11
2e-05,60149,9
2e-05,60150,2
2e-05,60151,13
2e-05,60152,5
2e-05,60153,1
2e-05,60154,2
2e-05,60155,5
2e-05,60156,3
2e-05,60157,10
2e-05,60158,2
2e-05,60159,13
2e-05,60160,0
2e-05,60161,5
2e-05,60162,13
2e-05,60163,2
2e-05,60164,1
2e-05,60165,2
2e-05,60166,3
2e-05,60167,5
2e-05,60168,5
2e-05,60169,1
2e-05,60170,9
2e-05,60171,5
2e-05,60172,1
2e-05,60173,4
2e-05,60174,12
2e-05,60175,6
2e-05,60176,3
2e-05,60177,6
2e-05,60178,1
2e-05,60179,11
2e-05,60180,13
2e-05,60181,11
2e-05,60182,6
2e-05,60183,0
2e-05,60184,16
2e-05,60185,10
2e-05,60186,12
2e-05,60187,9
2e-05,60188,17
2e-05,60189,11
2e-05,60190,0
2e-05,60191,0
2e-05,60192,2
2e-05,60193,12
2e-05,60194,6
2e-05,60195,2
2e-05,60196,0
2e-05,60197,1
2e-05,60198,11
2e-05,60199,11
2e-05,60200,12
2e-05,60201,9
2e-05,60202,6
2e-05,60203,1
2e-05,60204,5
2e-05,60205,13
2e-05,60206,5
2e-05,60207,12
2e-05,60208,2
2e-05,60209,1
2e-05,60210,11
2e-05,60211,3
2e-05,60212,13
2e-05,60213,12
2e-05,60214,13
2e-05,60215,1
2e-05,60216,1
2e-05,60217,11
2e-05,60218,13
2e-05,60219,10
2e-05,60220,11
2e-05,60221,11
2e-05,60222,6
2e-05,60223,2
2e-05,60224,12
2e-05,60225,5
2e-05,60226,12
2e-05,60227,3
2e-05,60228,11
2e-05,60229,10
2e-05,60230,5
2e-05,60231,3
2e-05,60232,11
2e-05,60233,13
2e-05,60234,0
2e-05,60235,0
2e-05,60236,11
2e-05,60237,2
2e-05,60238,11
2e-05,60239,12
2e-05,60240,1
2e-05,60241,3
2e-05,60242,11
2e-05,60243,12
2e-05,60244,10
2e-05,60245,9
2e-05,60246,0
2e-05,60247,11
2e-05,60248,1
2e-05,60249,9
2e-05,60250,0
2e-05,60251,10
2e-05,60252,6
2e-05,60253,4
2e-05,60254,10
2e-05,60255,1
2e-05,60256,13
2e-05,60257,11
2e-05,60258,13
2e-05,60259,9
2e-05,60260,2
2e-05,60261,1
2e-05,60262,3
2e-05,60263,0
2e-05,60264,6
2e-05,60265,12
2e-05,60266,0
2e-05,60267,6
2e-05,60268,11
2e-05,60269,6
2e-05,60270,13
2e-05,60271,12
2e-05,60272,13
2e-05,60273,11
2e-05,60274,2
2e-05,60275,11
2e-05,60276,5
2e-05,60277,1
2e-05,60278,9
2e-05,60279,2
2e-05,60280,5
2e-05,60281,4
2e-05,60282,0
2e-05,60283,0
2e-05,60284,0
2e-05,60285,11
2e-05,60286,13
2e-05,60287,1
2e-05,60288,12
2e-05,60289,10
2e-05,60290,6
2e-05,60291,5
2e-05,60292,11
2e-05,60293,1
2e-05,60294,3
2e-05,60295,10
2e-05,60296,11
2e-05,60297,1
2e-05,60298,11
2e-05,60299,2
2e-05,60300,0
2e-05,60301,1
2e-05,60302,2
2e-05,60303,1
2e-05,60304,11
2e-05,60305,5
2e-05,60306,10
2e-05,60307,5
2e-05,60308,0
2e-05,60309,13
2e-05,60310,16
2e-05,60311,2
2e-05,60312,9
2e-05,60313,11
2e-05,60314,5
2e-05,60315,0
2e-05,60316,3
2e-05,60317,1
2e-05,60318,1
2e-05,60319,8
2e-05,60320,5
2e-05,60321,0
2e-05,60322,11
2e-05,60323,0
2e-05,60324,11
2e-05,60325,6
2e-05,60326,13
2e-05,60327,13
2e-05,60328,5
2e-05,60329,13
2e-05,60330,0
2e-05,60331,3
2e-05,60332,12
2e-05,60333,1
2e-05,60334,4
2e-05,60335,1
2e-05,60336,2
2e-05,60337,2
2e-05,60338,2
2e-05,60339,12
2e-05,60340,0
2e-05,60341,13
2e-05,60342,12
2e-05,60343,2
2e-05,60344,10
2e-05,60345,6
2e-05,60346,11
2e-05,60347,10
2e-05,60348,12
2e-05,60349,6
2e-05,60350,10
2e-05,60351,2
2e-05,60352,2
2e-05,60353,1
2e-05,60354,0
2e-05,60355,12
2e-05,60356,10
2e-05,60357,10
2e-05,60358,9
2e-05,60359,13
2e-05,60360,9
2e-05,60361,11
2e-05,60362,13
2e-05,60363,2
2e-05,60364,2
2e-05,60365,11
2e-05,60366,11
2e-05,60367,0
2e-05,60368,1
2e-05,60369,12
2e-05,60370,9
2e-05,60371,5
2e-05,60372,6
2e-05,60373,3
2e-05,60374,11
2e-05,60375,10
2e-05,60376,13
2e-05,60377,1
2e-05,60378,3
2e-05,60379,2
2e-05,60380,12
2e-05,60381,2
2e-05,60382,6
2e-05,60383,0
2e-05,60384,6
2e-05,60385,0
2e-05,60386,1
2e-05,60387,5
2e-05,60388,0
2e-05,60389,13
2e-05,60390,9
2e-05,60391,0
2e-05,60392,2
2e-05,60393,6
2e-05,60394,10
2e-05,60395,10
2e-05,60396,5
2e-05,60397,6
2e-05,60398,0
2e-05,60399,8
2e-05,60400,6
2e-05,60401,9
2e-05,60402,12
2e-05,60403,1
2e-05,60404,0
2e-05,60405,9
2e-05,60406,13
2e-05,60407,1
2e-05,60408,10
2e-05,60409,1
2e-05,60410,3
2e-05,60411,9
2e-05,60412,0
2e-05,60413,0
2e-05,60414,10
2e-05,60415,10
2e-05,60416,11
2e-05,60417,9
2e-05,60418,11
2e-05,60419,6
2e-05,60420,1
2e-05,60421,11
2e-05,60422,12
2e-05,60423,3
2e-05,60424,13
2e-05,60425,2
2e-05,60426,2
2e-05,60427,11
2e-05,60428,6
2e-05,60429,9
2e-05,60430,1
2e-05,60431,0
2e-05,60432,3
2e-05,60433,12
2e-05,60434,0
2e-05,60435,10
2e-05,60436,3
2e-05,60437,0
2e-05,60438,3
2e-05,60439,0
2e-05,60440,0
2e-05,60441,1
2e-05,60442,0
2e-05,60443,9
2e-05,60444,11
2e-05,60445,12
2e-05,60446,13
2e-05,60447,3
2e-05,60448,11
2e-05,60449,11
2e-05,60450,11
2e-05,60451,0
2e-05,60452,9
2e-05,60453,0
2e-05,60454,2
2e-05,60455,10
2e-05,60456,11
2e-05,60457,1
2e-05,60458,4
2e-05,60459,12
2e-05,60460,13
2e-05,60461,13
2e-05,60462,13
2e-05,60463,12
2e-05,60464,12
2e-05,60465,0
2e-05,60466,2
2e-05,60467,5
2e-05,60468,1
2e-05,60469,6
2e-05,60470,11
2e-05,60471,2
2e-05,60472,3
2e-05,60473,1
2e-05,60474,9
2e-05,60475,13
2e-05,60476,2
2e-05,60477,10
2e-05,60478,2
2e-05,60479,1
2e-05,60480,11
2e-05,60481,0
2e-05,60482,2
2e-05,60483,12
2e-05,60484,6
2e-05,60485,2
2e-05,60486,12
2e-05,60487,2
2e-05,60488,10
2e-05,60489,10
2e-05,60490,9
2e-05,60491,12
2e-05,60492,15
2e-05,60493,5
2e-05,60494,9
2e-05,60495,11
2e-05,60496,2
2e-05,60497,12
2e-05,60498,12
2e-05,60499,3
2e-05,60500,9
2e-05,60501,3
2e-05,60502,1
2e-05,60503,5
2e-05,60504,10
2e-05,60505,9
2e-05,60506,5
2e-05,60507,3
2e-05,60508,10
2e-05,60509,10
2e-05,60510,7
2e-05,60511,5
2e-05,60512,8
2e-05,60513,3
2e-05,60514,10
2e-05,60515,6
2e-05,60516,5
2e-05,60517,6
2e-05,60518,6
2e-05,60519,13
2e-05,60520,10
2e-05,60521,8
2e-05,60522,11
2e-05,60523,9
2e-05,60524,9
2e-05,60525,6
2e-05,60526,12
2e-05,60527,0
2e-05,60528,13
2e-05,60529,0
2e-05,60530,2
2e-05,60531,11
2e-05,60532,11
2e-05,60533,0
2e-05,60534,9
2e-05,60535,9
2e-05,60536,1
2e-05,60537,5
2e-05,60538,13
2e-05,60539,2
2e-05,60540,12
2e-05,60541,12
2e-05,60542,10
2e-05,60543,0
2e-05,60544,2
2e-05,60545,13
2e-05,60546,13
2e-05,60547,3
2e-05,60548,0
2e-05,60549,3
2e-05,60550,3
2e-05,60551,5
2e-05,60552,5
2e-05,60553,2
2e-05,60554,1
2e-05,60555,11
2e-05,60556,6
2e-05,60557,3
2e-05,60558,2
2e-05,60559,11
2e-05,60560,10
2e-05,60561,6
2e-05,60562,11
2e-05,60563,9
2e-05,60564,10
2e-05,60565,13
2e-05,60566,10
2e-05,60567,5
2e-05,60568,2
2e-05,60569,2
2e-05,60570,11
2e-05,60571,16
2e-05,60572,11
2e-05,60573,1
2e-05,60574,10
2e-05,60575,10
2e-05,60576,13
2e-05,60577,1
2e-05,60578,10
2e-05,60579,12
2e-05,60580,13
2e-05,60581,10
2e-05,60582,3
2e-05,60583,2
2e-05,60584,3
2e-05,60585,3
2e-05,60586,13
2e-05,60587,11
2e-05,60588,6
2e-05,60589,3
2e-05,60590,1
2e-05,60591,0
2e-05,60592,5
2e-05,60593,9
2e-05,60594,3
2e-05,60595,0
2e-05,60596,9
2e-05,60597,10
2e-05,60598,0
2e-05,60599,6
2e-05,60600,13
2e-05,60601,10
2e-05,60602,11
2e-05,60603,5
2e-05,60604,2
2e-05,60605,12
2e-05,60606,0
2e-05,60607,9
2e-05,60608,6
2e-05,60609,9
2e-05,60610,11
2e-05,60611,9
2e-05,60612,13
2e-05,60613,5
2e-05,60614,3
2e-05,60615,0
2e-05,60616,10
2e-05,60617,9
2e-05,60618,1
2e-05,60619,11
2e-05,60620,10
2e-05,60621,6
2e-05,60622,12
2e-05,60623,5
2e-05,60624,11
2e-05,60625,11
2e-05,60626,6
2e-05,60627,9
2e-05,60628,13
2e-05,60629,0
2e-05,60630,3
2e-05,60631,6
2e-05,60632,13
2e-05,60633,5
2e-05,60634,11
2e-05,60635,2
2e-05,60636,0
2e-05,60637,3
2e-05,60638,12
2e-05,60639,3
2e-05,60640,2
2e-05,60641,9
2e-05,60642,0
2e-05,60643,12
2e-05,60644,10
2e-05,60645,1
2e-05,60646,10
2e-05,60647,13
2e-05,60648,1
2e-05,60649,13
2e-05,60650,5
2e-05,60651,5
2e-05,60652,6
2e-05,60653,11
2e-05,60654,11
2e-05,60655,12
2e-05,60656,0
2e-05,60657,10
2e-05,60658,13
2e-05,60659,2
2e-05,60660,13
2e-05,60661,10
2e-05,60662,1
2e-05,60663,3
2e-05,60664,9
2e-05,60665,11
2e-05,60666,5
2e-05,60667,2
2e-05,60668,16
2e-05,60669,12
2e-05,60670,5
2e-05,60671,2
2e-05,60672,12
2e-05,60673,10
2e-05,60674,1
2e-05,60675,6
2e-05,60676,13
2e-05,60677,1
2e-05,60678,13
2e-05,60679,0
2e-05,60680,13
2e-05,60681,10
2e-05,60682,3
2e-05,60683,9
2e-05,60684,6
2e-05,60685,3
2e-05,60686,5
2e-05,60687,5
2e-05,60688,1
2e-05,60689,0
2e-05,60690,5
2e-05,60691,11
2e-05,60692,2
2e-05,60693,6
2e-05,60694,11
2e-05,60695,1
2e-05,60696,6
2e-05,60697,9
2e-05,60698,10
2e-05,60699,10
2e-05,60700,9
2e-05,60701,3
2e-05,60702,10
2e-05,60703,12
2e-05,60704,10
2e-05,60705,9
2e-05,60706,9
2e-05,60707,10
2e-05,60708,5
2e-05,60709,3
2e-05,60710,6
2e-05,60711,12
2e-05,60712,10
2e-05,60713,9
2e-05,60714,2
2e-05,60715,1
2e-05,60716,3
2e-05,60717,1
2e-05,60718,1
2e-05,60719,11
2e-05,60720,5
2e-05,60721,3
2e-05,60722,2
2e-05,60723,3
2e-05,60724,11
2e-05,60725,10
2e-05,60726,0
2e-05,60727,12
2e-05,60728,9
2e-05,60729,11
2e-05,60730,6
2e-05,60731,13
2e-05,60732,11
2e-05,60733,12
2e-05,60734,11
2e-05,60735,10
2e-05,60736,3
2e-05,60737,6
2e-05,60738,0
2e-05,60739,2
2e-05,60740,9
2e-05,60741,5
2e-05,60742,5
2e-05,60743,0
2e-05,60744,12
2e-05,60745,6
2e-05,60746,10
2e-05,60747,1
2e-05,60748,12
2e-05,60749,2
2e-05,60750,13
2e-05,60751,13
2e-05,60752,12
2e-05,60753,11
2e-05,60754,1
2e-05,60755,13
2e-05,60756,10
2e-05,60757,1
2e-05,60758,3
2e-05,60759,5
2e-05,60760,3
2e-05,60761,10
2e-05,60762,1
2e-05,60763,1
2e-05,60764,13
2e-05,60765,1
2e-05,60766,17
2e-05,60767,5
2e-05,60768,1
2e-05,60769,0
2e-05,60770,12
2e-05,60771,6
2e-05,60772,12
2e-05,60773,2
2e-05,60774,2
2e-05,60775,5
2e-05,60776,5
2e-05,60777,12
2e-05,60778,13
2e-05,60779,0
2e-05,60780,5
2e-05,60781,10
2e-05,60782,2
2e-05,60783,1
2e-05,60784,12
2e-05,60785,10
2e-05,60786,13
2e-05,60787,5
2e-05,60788,5
2e-05,60789,13
2e-05,60790,5
2e-05,60791,2
2e-05,60792,13
2e-05,60793,0
2e-05,60794,11
2e-05,60795,1
2e-05,60796,0
2e-05,60797,5
2e-05,60798,10
2e-05,60799,12
2e-05,60800,9
2e-05,60801,5
2e-05,60802,11
2e-05,60803,6
2e-05,60804,13
2e-05,60805,13
2e-05,60806,17
2e-05,60807,1
2e-05,60808,3
2e-05,60809,12
2e-05,60810,5
2e-05,60811,13
2e-05,60812,3
2e-05,60813,11
2e-05,60814,3
2e-05,60815,13
2e-05,60816,10
2e-05,60817,1
2e-05,60818,3
2e-05,60819,13
2e-05,60820,6
2e-05,60821,2
2e-05,60822,13
2e-05,60823,3
2e-05,60824,11
2e-05,60825,12
2e-05,60826,10
2e-05,60827,9
2e-05,60828,5
2e-05,60829,5
2e-05,60830,6
2e-05,60831,1
2e-05,60832,6
2e-05,60833,0
2e-05,60834,10
2e-05,60835,0
2e-05,60836,2
2e-05,60837,13
2e-05,60838,0
2e-05,60839,1
2e-05,60840,2
2e-05,60841,13
2e-05,60842,2
2e-05,60843,17
2e-05,60844,6
2e-05,60845,10
2e-05,60846,3
2e-05,60847,1
2e-05,60848,9
2e-05,60849,6
2e-05,60850,12
2e-05,60851,0
2e-05,60852,9
2e-05,60853,12
2e-05,60854,5
2e-05,60855,11
2e-05,60856,11
2e-05,60857,10
2e-05,60858,6
2e-05,60859,9
2e-05,60860,6
2e-05,60861,11
2e-05,60862,11
2e-05,60863,0
2e-05,60864,3
2e-05,60865,0
2e-05,60866,10
2e-05,60867,1
2e-05,60868,10
2e-05,60869,11
2e-05,60870,11
2e-05,60871,13
2e-05,60872,10
2e-05,60873,3
2e-05,60874,11
2e-05,60875,0
2e-05,60876,9
2e-05,60877,12
2e-05,60878,11
2e-05,60879,3
2e-05,60880,0
2e-05,60881,1
2e-05,60882,6
2e-05,60883,2
2e-05,60884,5
2e-05,60885,9
2e-05,60886,12
2e-05,60887,1
2e-05,60888,2
2e-05,60889,11
2e-05,60890,10
2e-05,60891,11
2e-05,60892,0
2e-05,60893,0
2e-05,60894,11
2e-05,60895,12
2e-05,60896,11
2e-05,60897,6
2e-05,60898,0
2e-05,60899,11
2e-05,60900,13
2e-05,60901,10
2e-05,60902,9
2e-05,60903,13
2e-05,60904,9
2e-05,60905,0
2e-05,60906,12
2e-05,60907,1
2e-05,60908,9
2e-05,60909,12
2e-05,60910,1
2e-05,60911,10
2e-05,60912,6
2e-05,60913,17
2e-05,60914,3
2e-05,60915,2
2e-05,60916,5
2e-05,60917,6
2e-05,60918,16
2e-05,60919,3
2e-05,60920,13
2e-05,60921,5
2e-05,60922,3
2e-05,60923,1
2e-05,60924,0
2e-05,60925,12
2e-05,60926,12
2e-05,60927,2
2e-05,60928,10
2e-05,60929,0
2e-05,60930,12
2e-05,60931,5
2e-05,60932,3
2e-05,60933,6
2e-05,60934,11
2e-05,60935,9
2e-05,60936,3
2e-05,60937,10
2e-05,60938,10
2e-05,60939,13
2e-05,60940,13
2e-05,60941,4
2e-05,60942,12
2e-05,60943,11
2e-05,60944,3
2e-05,60945,11
2e-05,60946,1
2e-05,60947,13
2e-05,60948,5
2e-05,60949,9
2e-05,60950,11
2e-05,60951,12
2e-05,60952,1
2e-05,60953,3
2e-05,60954,12
2e-05,60955,13
2e-05,60956,0
2e-05,60957,9
2e-05,60958,13
2e-05,60959,11
2e-05,60960,10
2e-05,60961,11
2e-05,60962,9
2e-05,60963,6
2e-05,60964,5
2e-05,60965,0
2e-05,60966,1
2e-05,60967,9
2e-05,60968,2
2e-05,60969,1
2e-05,60970,12
2e-05,60971,10
2e-05,60972,1
2e-05,60973,9
2e-05,60974,1
2e-05,60975,1
2e-05,60976,3
2e-05,60977,11
2e-05,60978,1
2e-05,60979,3
2e-05,60980,13
2e-05,60981,2
2e-05,60982,12
2e-05,60983,0
2e-05,60984,3
2e-05,60985,9
2e-05,60986,5
2e-05,60987,12
2e-05,60988,0
2e-05,60989,10
2e-05,60990,6
2e-05,60991,13
2e-05,60992,13
2e-05,60993,1
2e-05,60994,13
2e-05,60995,6
2e-05,60996,12
2e-05,60997,0
2e-05,60998,0
2e-05,60999,6
2e-05,61000,9
2e-05,61001,11
2e-05,61002,10
2e-05,61003,0
2e-05,61004,0
2e-05,61005,2
2e-05,61006,9
2e-05,61007,2
2e-05,61008,13
2e-05,61009,10
2e-05,61010,3
2e-05,61011,9
2e-05,61012,9
2e-05,61013,8
2e-05,61014,1
2e-05,61015,9
2e-05,61016,13
2e-05,61017,6
2e-05,61018,3
2e-05,61019,9
2e-05,61020,10
2e-05,61021,9
2e-05,61022,0
2e-05,61023,11
2e-05,61024,9
2e-05,61025,11
2e-05,61026,2
2e-05,61027,6
2e-05,61028,10
2e-05,61029,3
2e-05,61030,11
2e-05,61031,3
2e-05,61032,1
2e-05,61033,11
2e-05,61034,1
2e-05,61035,13
2e-05,61036,13
2e-05,61037,1
2e-05,61038,9
2e-05,61039,1
2e-05,61040,13
2e-05,61041,11
2e-05,61042,13
2e-05,61043,13
2e-05,61044,12
2e-05,61045,0
2e-05,61046,10
2e-05,61047,12
2e-05,61048,1
2e-05,61049,1
2e-05,61050,10
2e-05,61051,2
2e-05,61052,0
2e-05,61053,5
2e-05,61054,11
2e-05,61055,3
2e-05,61056,3
2e-05,61057,13
2e-05,61058,11
2e-05,61059,2
2e-05,61060,12
2e-05,61061,6
2e-05,61062,11
2e-05,61063,1
2e-05,61064,6
2e-05,61065,3
2e-05,61066,10
2e-05,61067,5
2e-05,61068,13
2e-05,61069,1
2e-05,61070,10
2e-05,61071,6
2e-05,61072,10
2e-05,61073,1
2e-05,61074,0
2e-05,61075,2
2e-05,61076,5
2e-05,61077,10
2e-05,61078,6
2e-05,61079,5
2e-05,61080,2
2e-05,61081,10
2e-05,61082,1
2e-05,61083,17
2e-05,61084,12
2e-05,61085,17
2e-05,61086,10
2e-05,61087,6
2e-05,61088,13
2e-05,61089,11
2e-05,61090,5
2e-05,61091,1
2e-05,61092,2
2e-05,61093,1
2e-05,61094,3
2e-05,61095,9
2e-05,61096,12
2e-05,61097,11
2e-05,61098,2
2e-05,61099,10
2e-05,61100,11
2e-05,61101,11
2e-05,61102,10
2e-05,61103,11
2e-05,61104,16
2e-05,61105,12
2e-05,61106,6
2e-05,61107,3
2e-05,61108,12
2e-05,61109,3
2e-05,61110,5
2e-05,61111,3
2e-05,61112,5
2e-05,61113,2
2e-05,61114,0
2e-05,61115,13
2e-05,61116,0
2e-05,61117,12
2e-05,61118,13
2e-05,61119,3
2e-05,61120,13
2e-05,61121,0
2e-05,61122,1
2e-05,61123,13
2e-05,61124,13
2e-05,61125,13
2e-05,61126,1
2e-05,61127,5
2e-05,61128,6
2e-05,61129,13
2e-05,61130,1
2e-05,61131,9
2e-05,61132,5
2e-05,61133,0
2e-05,61134,3
2e-05,61135,2
2e-05,61136,3
2e-05,61137,0
2e-05,61138,2
2e-05,61139,11
2e-05,61140,17
2e-05,61141,5
2e-05,61142,13
2e-05,61143,3
2e-05,61144,11
2e-05,61145,11
2e-05,61146,16
2e-05,61147,3
2e-05,61148,6
2e-05,61149,0
2e-05,61150,11
2e-05,61151,13
2e-05,61152,3
2e-05,61153,11
2e-05,61154,5
2e-05,61155,2
2e-05,61156,11
2e-05,61157,11
2e-05,61158,2
2e-05,61159,6
2e-05,61160,9
2e-05,61161,6
2e-05,61162,13
2e-05,61163,3
2e-05,61164,13
2e-05,61165,10
2e-05,61166,9
2e-05,61167,6
2e-05,61168,11
2e-05,61169,10
2e-05,61170,6
2e-05,61171,1
2e-05,61172,12
2e-05,61173,0
2e-05,61174,6
2e-05,61175,2
2e-05,61176,10
2e-05,61177,3
2e-05,61178,2
2e-05,61179,12
2e-05,61180,13
2e-05,61181,3
2e-05,61182,1
2e-05,61183,13
2e-05,61184,1
2e-05,61185,3
2e-05,61186,1
2e-05,61187,10
2e-05,61188,2
2e-05,61189,2
2e-05,61190,6
2e-05,61191,3
2e-05,61192,5
2e-05,61193,3
2e-05,61194,5
2e-05,61195,0
2e-05,61196,9
2e-05,61197,6
2e-05,61198,5
2e-05,61199,11
2e-05,61200,3
2e-05,61201,12
2e-05,61202,13
2e-05,61203,6
2e-05,61204,0
2e-05,61205,1
2e-05,61206,3
2e-05,61207,0
2e-05,61208,5
2e-05,61209,0
2e-05,61210,11
2e-05,61211,6
2e-05,61212,5
2e-05,61213,0
2e-05,61214,13
2e-05,61215,0
2e-05,61216,2
2e-05,61217,11
2e-05,61218,12
2e-05,61219,9
2e-05,61220,8
2e-05,61221,9
2e-05,61222,12
2e-05,61223,13
2e-05,61224,11
2e-05,61225,11
2e-05,61226,6
2e-05,61227,11
2e-05,61228,9
2e-05,61229,12
2e-05,61230,10
2e-05,61231,1
2e-05,61232,2
2e-05,61233,3
2e-05,61234,5
2e-05,61235,5
2e-05,61236,0
2e-05,61237,1
2e-05,61238,1
2e-05,61239,13
2e-05,61240,6
2e-05,61241,11
2e-05,61242,2
2e-05,61243,11
2e-05,61244,2
2e-05,61245,6
2e-05,61246,8
2e-05,61247,0
2e-05,61248,1
2e-05,61249,10
2e-05,61250,13
2e-05,61251,3
2e-05,61252,1
2e-05,61253,11
2e-05,61254,1
2e-05,61255,11
2e-05,61256,17
2e-05,61257,9
2e-05,61258,1
2e-05,61259,12
2e-05,61260,6
2e-05,61261,1
2e-05,61262,4
2e-05,61263,13
2e-05,61264,3
2e-05,61265,3
2e-05,61266,13
2e-05,61267,12
2e-05,61268,11
2e-05,61269,1
2e-05,61270,2
2e-05,61271,0
2e-05,61272,0
2e-05,61273,6
2e-05,61274,11
2e-05,61275,11
2e-05,61276,12
2e-05,61277,2
2e-05,61278,10
2e-05,61279,5
2e-05,61280,2
2e-05,61281,12
2e-05,61282,13
2e-05,61283,13
2e-05,61284,5
2e-05,61285,12
2e-05,61286,13
2e-05,61287,1
2e-05,61288,1
2e-05,61289,10
2e-05,61290,3
2e-05,61291,1
2e-05,61292,3
2e-05,61293,9
2e-05,61294,1
2e-05,61295,9
2e-05,61296,6
2e-05,61297,6
2e-05,61298,5
2e-05,61299,5
2e-05,61300,3
2e-05,61301,12
2e-05,61302,2
2e-05,61303,1
2e-05,61304,5
2e-05,61305,11
2e-05,61306,1
2e-05,61307,6
2e-05,61308,9
2e-05,61309,11
2e-05,61310,6
2e-05,61311,1
2e-05,61312,9
2e-05,61313,0
2e-05,61314,2
2e-05,61315,0
2e-05,61316,2
2e-05,61317,1
2e-05,61318,11
2e-05,61319,11
2e-05,61320,0
2e-05,61321,13
2e-05,61322,12
2e-05,61323,16
2e-05,61324,2
2e-05,61325,12
2e-05,61326,9
2e-05,61327,2
2e-05,61328,10
2e-05,61329,11
2e-05,61330,5
2e-05,61331,10
2e-05,61332,1
2e-05,61333,2
2e-05,61334,0
2e-05,61335,9
2e-05,61336,10
2e-05,61337,3
2e-05,61338,12
2e-05,61339,13
2e-05,61340,5
2e-05,61341,10
2e-05,61342,9
2e-05,61343,11
2e-05,61344,3
2e-05,61345,1
2e-05,61346,1
2e-05,61347,12
2e-05,61348,2
2e-05,61349,13
2e-05,61350,0
2e-05,61351,5
2e-05,61352,5
2e-05,61353,5
2e-05,61354,0
2e-05,61355,13
2e-05,61356,11
2e-05,61357,6
2e-05,61358,5
2e-05,61359,9
2e-05,61360,9
2e-05,61361,5
2e-05,61362,0
2e-05,61363,5
2e-05,61364,11
2e-05,61365,17
2e-05,61366,3
2e-05,61367,9
2e-05,61368,3
2e-05,61369,3
2e-05,61370,2
2e-05,61371,13
2e-05,61372,1
2e-05,61373,11
2e-05,61374,2
2e-05,61375,12
2e-05,61376,6
2e-05,61377,10
2e-05,61378,6
2e-05,61379,10
2e-05,61380,10
2e-05,61381,1
2e-05,61382,13
2e-05,61383,3
2e-05,61384,13
2e-05,61385,5
2e-05,61386,3
2e-05,61387,11
2e-05,61388,6
2e-05,61389,16
2e-05,61390,10
2e-05,61391,11
2e-05,61392,10
2e-05,61393,11
2e-05,61394,2
2e-05,61395,2
2e-05,61396,3
2e-05,61397,11
2e-05,61398,9
2e-05,61399,2
2e-05,61400,2
2e-05,61401,1
2e-05,61402,12
2e-05,61403,3
2e-05,61404,11
2e-05,61405,1
2e-05,61406,0
2e-05,61407,6
2e-05,61408,12
2e-05,61409,0
2e-05,61410,11
2e-05,61411,6
2e-05,61412,3
2e-05,61413,6
2e-05,61414,6
2e-05,61415,11
2e-05,61416,11
2e-05,61417,9
2e-05,61418,11
2e-05,61419,9
2e-05,61420,10
2e-05,61421,0
2e-05,61422,3
2e-05,61423,5
2e-05,61424,9
2e-05,61425,12
2e-05,61426,11
2e-05,61427,6
2e-05,61428,10
2e-05,61429,16
2e-05,61430,6
2e-05,61431,5
2e-05,61432,13
2e-05,61433,5
2e-05,61434,2
2e-05,61435,5
2e-05,61436,12
2e-05,61437,1
2e-05,61438,9
2e-05,61439,13
2e-05,61440,1
2e-05,61441,3
2e-05,61442,10
2e-05,61443,3
2e-05,61444,13
2e-05,61445,12
2e-05,61446,9
2e-05,61447,10
2e-05,61448,2
2e-05,61449,5
2e-05,61450,3
2e-05,61451,9
2e-05,61452,3
2e-05,61453,12
2e-05,61454,0
2e-05,61455,6
2e-05,61456,9
2e-05,61457,5
2e-05,61458,10
2e-05,61459,2
2e-05,61460,11
2e-05,61461,6
2e-05,61462,2
2e-05,61463,5
2e-05,61464,11
2e-05,61465,5
2e-05,61466,9
2e-05,61467,9
2e-05,61468,0
2e-05,61469,6
2e-05,61470,10
2e-05,61471,2
2e-05,61472,17
2e-05,61473,2
2e-05,61474,9
2e-05,61475,11
2e-05,61476,11
2e-05,61477,12
2e-05,61478,0
2e-05,61479,13
2e-05,61480,13
2e-05,61481,12
2e-05,61482,13
2e-05,61483,13
2e-05,61484,12
2e-05,61485,12
2e-05,61486,5
2e-05,61487,9
2e-05,61488,11
2e-05,61489,10
2e-05,61490,10
2e-05,61491,0
2e-05,61492,2
2e-05,61493,11
2e-05,61494,10
2e-05,61495,2
2e-05,61496,1
2e-05,61497,1
2e-05,61498,10
2e-05,61499,5
2e-05,61500,13
2e-05,61501,1
2e-05,61502,1
2e-05,61503,3
2e-05,61504,11
2e-05,61505,6
2e-05,61506,10
2e-05,61507,1
2e-05,61508,0
2e-05,61509,9
2e-05,61510,6
2e-05,61511,3
2e-05,61512,2
2e-05,61513,10
2e-05,61514,10
2e-05,61515,9
2e-05,61516,11
2e-05,61517,1
2e-05,61518,6
2e-05,61519,6
2e-05,61520,13
2e-05,61521,9
2e-05,61522,12
2e-05,61523,10
2e-05,61524,2
2e-05,61525,10
2e-05,61526,2
2e-05,61527,9
2e-05,61528,10
2e-05,61529,12
2e-05,61530,12
2e-05,61531,10
2e-05,61532,5
2e-05,61533,1
2e-05,61534,1
2e-05,61535,9
2e-05,61536,6
2e-05,61537,10
2e-05,61538,11
2e-05,61539,9
2e-05,61540,0
2e-05,61541,5
2e-05,61542,6
2e-05,61543,2
2e-05,61544,10
2e-05,61545,10
2e-05,61546,6
2e-05,61547,13
2e-05,61548,1
2e-05,61549,0
2e-05,61550,11
2e-05,61551,11
2e-05,61552,12
2e-05,61553,6
2e-05,61554,9
2e-05,61555,12
2e-05,61556,5
2e-05,61557,11
2e-05,61558,12
2e-05,61559,0
2e-05,61560,13
2e-05,61561,3
2e-05,61562,1
2e-05,61563,11
2e-05,61564,11
2e-05,61565,5
2e-05,61566,13
2e-05,61567,4
2e-05,61568,1
2e-05,61569,0
2e-05,61570,10
2e-05,61571,0
2e-05,61572,5
2e-05,61573,9
2e-05,61574,1
2e-05,61575,0
2e-05,61576,0
2e-05,61577,13
2e-05,61578,5
2e-05,61579,0
2e-05,61580,12
2e-05,61581,1
2e-05,61582,2
2e-05,61583,1
2e-05,61584,11
2e-05,61585,9
2e-05,61586,6
2e-05,61587,0
2e-05,61588,2
2e-05,61589,6
2e-05,61590,13
2e-05,61591,6
2e-05,61592,12
2e-05,61593,11
2e-05,61594,1
2e-05,61595,11
2e-05,61596,13
2e-05,61597,12
2e-05,61598,11
2e-05,61599,3
2e-05,61600,6
2e-05,61601,5
2e-05,61602,10
2e-05,61603,0
2e-05,61604,13
2e-05,61605,9
2e-05,61606,3
2e-05,61607,6
2e-05,61608,12
2e-05,61609,2
2e-05,61610,5
2e-05,61611,9
2e-05,61612,11
2e-05,61613,0
2e-05,61614,12
2e-05,61615,12
2e-05,61616,9
2e-05,61617,3
2e-05,61618,9
2e-05,61619,2
2e-05,61620,6
2e-05,61621,9
2e-05,61622,6
2e-05,61623,10
2e-05,61624,0
2e-05,61625,5
2e-05,61626,3
2e-05,61627,2
2e-05,61628,12
2e-05,61629,1
2e-05,61630,2
2e-05,61631,10
2e-05,61632,0
2e-05,61633,2
2e-05,61634,2
2e-05,61635,1
2e-05,61636,3
2e-05,61637,11
2e-05,61638,10
2e-05,61639,6
2e-05,61640,12
2e-05,61641,11
2e-05,61642,13
2e-05,61643,9
2e-05,61644,11
2e-05,61645,1
2e-05,61646,9
2e-05,61647,5
2e-05,61648,1
2e-05,61649,9
2e-05,61650,1
2e-05,61651,0
2e-05,61652,10
2e-05,61653,11
2e-05,61654,0
2e-05,61655,9
2e-05,61656,1
2e-05,61657,0
2e-05,61658,0
2e-05,61659,8
2e-05,61660,0
2e-05,61661,5
2e-05,61662,2
2e-05,61663,13
2e-05,61664,9
2e-05,61665,16
2e-05,61666,12
2e-05,61667,10
2e-05,61668,12
2e-05,61669,9
2e-05,61670,2
2e-05,61671,11
2e-05,61672,9
2e-05,61673,2
2e-05,61674,13
2e-05,61675,3
2e-05,61676,3
2e-05,61677,2
2e-05,61678,3
2e-05,61679,2
2e-05,61680,13
2e-05,61681,10
2e-05,61682,3
2e-05,61683,6
2e-05,61684,8
2e-05,61685,2
2e-05,61686,10
2e-05,61687,12
2e-05,61688,2
2e-05,61689,3
2e-05,61690,13
2e-05,61691,1
2e-05,61692,0
2e-05,61693,10
2e-05,61694,10
2e-05,61695,3
2e-05,61696,3
2e-05,61697,9
2e-05,61698,5
2e-05,61699,3
2e-05,61700,6
2e-05,61701,6
2e-05,61702,9
2e-05,61703,0
2e-05,61704,10
2e-05,61705,3
2e-05,61706,1
2e-05,61707,0
2e-05,61708,1
2e-05,61709,9
2e-05,61710,0
2e-05,61711,1
2e-05,61712,9
2e-05,61713,3
2e-05,61714,13
2e-05,61715,8
2e-05,61716,6
2e-05,61717,10
2e-05,61718,11
2e-05,61719,16
2e-05,61720,1
2e-05,61721,5
2e-05,61722,0
2e-05,61723,9
2e-05,61724,9
2e-05,61725,3
2e-05,61726,5
2e-05,61727,3
2e-05,61728,3
2e-05,61729,11
2e-05,61730,13
2e-05,61731,13
2e-05,61732,11
2e-05,61733,1
2e-05,61734,5
2e-05,61735,9
2e-05,61736,1
2e-05,61737,1
2e-05,61738,5
2e-05,61739,9
2e-05,61740,12
2e-05,61741,1
2e-05,61742,5
2e-05,61743,3
2e-05,61744,12
2e-05,61745,11
2e-05,61746,10
2e-05,61747,5
2e-05,61748,10
2e-05,61749,13
2e-05,61750,1
2e-05,61751,13
2e-05,61752,0
2e-05,61753,6
2e-05,61754,12
2e-05,61755,0
2e-05,61756,5
2e-05,61757,11
2e-05,61758,6
2e-05,61759,10
2e-05,61760,12
2e-05,61761,9
2e-05,61762,1
2e-05,61763,10
2e-05,61764,13
2e-05,61765,1
2e-05,61766,6
2e-05,61767,13
2e-05,61768,5
2e-05,61769,9
2e-05,61770,2
2e-05,61771,2
2e-05,61772,10
2e-05,61773,1
2e-05,61774,1
2e-05,61775,0
2e-05,61776,2
2e-05,61777,5
2e-05,61778,6
2e-05,61779,9
2e-05,61780,11
2e-05,61781,11
2e-05,61782,5
2e-05,61783,9
2e-05,61784,10
2e-05,61785,16
2e-05,61786,9
2e-05,61787,0
2e-05,61788,10
2e-05,61789,3
2e-05,61790,1
2e-05,61791,9
2e-05,61792,11
2e-05,61793,0
2e-05,61794,2
2e-05,61795,9
2e-05,61796,9
2e-05,61797,6
2e-05,61798,10
2e-05,61799,3
2e-05,61800,3
2e-05,61801,13
2e-05,61802,10
2e-05,61803,10
2e-05,61804,12
2e-05,61805,0
2e-05,61806,2
2e-05,61807,10
2e-05,61808,11
2e-05,61809,11
2e-05,61810,9
2e-05,61811,1
2e-05,61812,5
2e-05,61813,3
2e-05,61814,11
2e-05,61815,13
2e-05,61816,13
2e-05,61817,11
2e-05,61818,3
2e-05,61819,2
2e-05,61820,0
2e-05,61821,12
2e-05,61822,12
2e-05,61823,9
2e-05,61824,6
2e-05,61825,0
2e-05,61826,13
2e-05,61827,13
2e-05,61828,3
2e-05,61829,2
2e-05,61830,11
2e-05,61831,6
2e-05,61832,9
2e-05,61833,12
2e-05,61834,9
2e-05,61835,12
2e-05,61836,13
2e-05,61837,1
2e-05,61838,5
2e-05,61839,9
2e-05,61840,13
2e-05,61841,13
2e-05,61842,10
2e-05,61843,5
2e-05,61844,0
2e-05,61845,5
2e-05,61846,1
2e-05,61847,11
2e-05,61848,10
2e-05,61849,3
2e-05,61850,0
2e-05,61851,6
2e-05,61852,10
2e-05,61853,6
2e-05,61854,8
2e-05,61855,10
2e-05,61856,11
2e-05,61857,5
2e-05,61858,9
2e-05,61859,2
2e-05,61860,10
2e-05,61861,0
2e-05,61862,10
2e-05,61863,6
2e-05,61864,5
2e-05,61865,1
2e-05,61866,0
2e-05,61867,13
2e-05,61868,10
2e-05,61869,6
2e-05,61870,2
2e-05,61871,6
2e-05,61872,0
2e-05,61873,2
2e-05,61874,2
2e-05,61875,2
2e-05,61876,2
2e-05,61877,0
2e-05,61878,6
2e-05,61879,12
2e-05,61880,9
2e-05,61881,6
2e-05,61882,9
2e-05,61883,6
2e-05,61884,10
2e-05,61885,9
2e-05,61886,6
2e-05,61887,1
2e-05,61888,0
2e-05,61889,13
2e-05,61890,12
2e-05,61891,11
2e-05,61892,3
2e-05,61893,0
2e-05,61894,2
2e-05,61895,13
2e-05,61896,11
2e-05,61897,2
2e-05,61898,13
2e-05,61899,11
2e-05,61900,0
2e-05,61901,6
2e-05,61902,13
2e-05,61903,13
2e-05,61904,9
2e-05,61905,10
2e-05,61906,12
2e-05,61907,6
2e-05,61908,1
2e-05,61909,9
2e-05,61910,0
2e-05,61911,12
2e-05,61912,13
2e-05,61913,9
2e-05,61914,6
2e-05,61915,1
2e-05,61916,10
2e-05,61917,9
2e-05,61918,9
2e-05,61919,13
2e-05,61920,0
2e-05,61921,11
2e-05,61922,11
2e-05,61923,0
2e-05,61924,0
2e-05,61925,6
2e-05,61926,1
2e-05,61927,11
2e-05,61928,6
2e-05,61929,10
2e-05,61930,6
2e-05,61931,9
2e-05,61932,3
2e-05,61933,2
2e-05,61934,3
2e-05,61935,12
2e-05,61936,2
2e-05,61937,10
2e-05,61938,9
2e-05,61939,9
2e-05,61940,11
2e-05,61941,0
2e-05,61942,5
2e-05,61943,10
2e-05,61944,12
2e-05,61945,12
2e-05,61946,3
2e-05,61947,11
2e-05,61948,3
2e-05,61949,11
2e-05,61950,13
2e-05,61951,11
2e-05,61952,11
2e-05,61953,3
2e-05,61954,5
2e-05,61955,0
2e-05,61956,5
2e-05,61957,10
2e-05,61958,13
2e-05,61959,13
2e-05,61960,12
2e-05,61961,12
2e-05,61962,11
2e-05,61963,9
2e-05,61964,13
2e-05,61965,1
2e-05,61966,12
2e-05,61967,5
2e-05,61968,2
2e-05,61969,6
2e-05,61970,11
2e-05,61971,6
2e-05,61972,3
2e-05,61973,0
2e-05,61974,5
2e-05,61975,9
2e-05,61976,0
2e-05,61977,12
2e-05,61978,13
2e-05,61979,13
2e-05,61980,6
2e-05,61981,5
2e-05,61982,10
2e-05,61983,12
2e-05,61984,11
2e-05,61985,2
2e-05,61986,13
2e-05,61987,2
2e-05,61988,13
2e-05,61989,12
2e-05,61990,10
2e-05,61991,3
2e-05,61992,11
2e-05,61993,3
2e-05,61994,11
2e-05,61995,0
2e-05,61996,13
2e-05,61997,11
2e-05,61998,0
2e-05,61999,11
2e-05,62000,12
2e-05,62001,11
2e-05,62002,1
2e-05,62003,2
2e-05,62004,3
2e-05,62005,12
2e-05,62006,1
2e-05,62007,11
2e-05,62008,6
2e-05,62009,13
2e-05,62010,6
2e-05,62011,16
2e-05,62012,11
2e-05,62013,12
2e-05,62014,9
2e-05,62015,0
2e-05,62016,2
2e-05,62017,0
2e-05,62018,1
2e-05,62019,0
2e-05,62020,3
2e-05,62021,1
2e-05,62022,11
2e-05,62023,2
2e-05,62024,2
2e-05,62025,6
2e-05,62026,13
2e-05,62027,10
2e-05,62028,16
2e-05,62029,12
2e-05,62030,2
2e-05,62031,1
2e-05,62032,1
2e-05,62033,2
2e-05,62034,1
2e-05,62035,8
2e-05,62036,5
2e-05,62037,2
2e-05,62038,13
2e-05,62039,13
2e-05,62040,0
2e-05,62041,9
2e-05,62042,9
2e-05,62043,5
2e-05,62044,11
2e-05,62045,11
2e-05,62046,11
2e-05,62047,11
2e-05,62048,11
2e-05,62049,9
2e-05,62050,3
2e-05,62051,13
2e-05,62052,10
2e-05,62053,0
2e-05,62054,2
2e-05,62055,6
2e-05,62056,5
2e-05,62057,0
2e-05,62058,6
2e-05,62059,9
2e-05,62060,8
2e-05,62061,3
2e-05,62062,6
2e-05,62063,0
2e-05,62064,0
2e-05,62065,3
2e-05,62066,12
2e-05,62067,3
2e-05,62068,5
2e-05,62069,5
2e-05,62070,0
2e-05,62071,5
2e-05,62072,3
2e-05,62073,10
2e-05,62074,11
2e-05,62075,0
2e-05,62076,2
2e-05,62077,13
2e-05,62078,10
2e-05,62079,0
2e-05,62080,3
2e-05,62081,10
2e-05,62082,16
2e-05,62083,6
2e-05,62084,2
2e-05,62085,5
2e-05,62086,1
2e-05,62087,10
2e-05,62088,13
2e-05,62089,2
2e-05,62090,3
2e-05,62091,9
2e-05,62092,12
2e-05,62093,1
2e-05,62094,13
2e-05,62095,6
2e-05,62096,12
2e-05,62097,10
2e-05,62098,0
2e-05,62099,0
2e-05,62100,10
2e-05,62101,9
2e-05,62102,9
2e-05,62103,5
2e-05,62104,3
2e-05,62105,6
2e-05,62106,13
2e-05,62107,0
2e-05,62108,10
2e-05,62109,0
2e-05,62110,1
2e-05,62111,12
2e-05,62112,5
2e-05,62113,2
2e-05,62114,9
2e-05,62115,5
2e-05,62116,0
2e-05,62117,1
2e-05,62118,5
2e-05,62119,5
2e-05,62120,3
2e-05,62121,11
2e-05,62122,12
2e-05,62123,11
2e-05,62124,1
2e-05,62125,6
2e-05,62126,6
2e-05,62127,3
2e-05,62128,3
2e-05,62129,2
2e-05,62130,9
2e-05,62131,6
2e-05,62132,2
2e-05,62133,5
2e-05,62134,2
2e-05,62135,5
2e-05,62136,11
2e-05,62137,13
2e-05,62138,11
2e-05,62139,0
2e-05,62140,2
2e-05,62141,11
2e-05,62142,9
2e-05,62143,11
2e-05,62144,12
2e-05,62145,5
2e-05,62146,10
2e-05,62147,5
2e-05,62148,11
2e-05,62149,11
2e-05,62150,1
2e-05,62151,10
2e-05,62152,3
2e-05,62153,12
2e-05,62154,9
2e-05,62155,12
2e-05,62156,0
2e-05,62157,3
2e-05,62158,11
2e-05,62159,2
2e-05,62160,11
2e-05,62161,13
2e-05,62162,5
2e-05,62163,3
2e-05,62164,3
2e-05,62165,0
2e-05,62166,5
2e-05,62167,16
2e-05,62168,0
2e-05,62169,5
2e-05,62170,2
2e-05,62171,10
2e-05,62172,9
2e-05,62173,12
2e-05,62174,0
2e-05,62175,3
2e-05,62176,5
2e-05,62177,11
2e-05,62178,12
2e-05,62179,11
2e-05,62180,2
2e-05,62181,10
2e-05,62182,2
2e-05,62183,10
2e-05,62184,9
2e-05,62185,2
2e-05,62186,2
2e-05,62187,12
2e-05,62188,12
2e-05,62189,0
2e-05,62190,3
2e-05,62191,6
2e-05,62192,0
2e-05,62193,2
2e-05,62194,11
2e-05,62195,12
2e-05,62196,0
2e-05,62197,3
2e-05,62198,1
2e-05,62199,6
2e-05,62200,5
2e-05,62201,11
2e-05,62202,13
2e-05,62203,1
2e-05,62204,9
2e-05,62205,5
2e-05,62206,12
2e-05,62207,0
2e-05,62208,9
2e-05,62209,0
2e-05,62210,0
2e-05,62211,11
2e-05,62212,10
2e-05,62213,6
2e-05,62214,13
2e-05,62215,11
2e-05,62216,6
2e-05,62217,12
2e-05,62218,9
2e-05,62219,9
2e-05,62220,0
2e-05,62221,9
2e-05,62222,5
2e-05,62223,1
2e-05,62224,1
2e-05,62225,10
2e-05,62226,0
2e-05,62227,3
2e-05,62228,11
2e-05,62229,10
2e-05,62230,9
2e-05,62231,6
2e-05,62232,11
2e-05,62233,1
2e-05,62234,1
2e-05,62235,6
2e-05,62236,10
2e-05,62237,5
2e-05,62238,5
2e-05,62239,10
2e-05,62240,9
2e-05,62241,5
2e-05,62242,9
2e-05,62243,0
2e-05,62244,2
2e-05,62245,11
2e-05,62246,2
2e-05,62247,10
2e-05,62248,16
2e-05,62249,3
2e-05,62250,3
2e-05,62251,10
2e-05,62252,10
2e-05,62253,9
2e-05,62254,12
2e-05,62255,12
2e-05,62256,10
2e-05,62257,1
2e-05,62258,10
2e-05,62259,10
2e-05,62260,11
2e-05,62261,11
2e-05,62262,1
2e-05,62263,12
2e-05,62264,0
2e-05,62265,13
2e-05,62266,11
2e-05,62267,6
2e-05,62268,12
2e-05,62269,9
2e-05,62270,6
2e-05,62271,9
2e-05,62272,0
2e-05,62273,2
2e-05,62274,3
2e-05,62275,5
2e-05,62276,2
2e-05,62277,5
2e-05,62278,1
2e-05,62279,11
2e-05,62280,10
2e-05,62281,1
2e-05,62282,0
2e-05,62283,13
2e-05,62284,5
2e-05,62285,1
2e-05,62286,3
2e-05,62287,11
2e-05,62288,13
2e-05,62289,2
2e-05,62290,10
2e-05,62291,2
2e-05,62292,9
2e-05,62293,12
2e-05,62294,12
2e-05,62295,13
2e-05,62296,10
2e-05,62297,2
2e-05,62298,9
2e-05,62299,9
2e-05,62300,12
2e-05,62301,11
2e-05,62302,13
2e-05,62303,11
2e-05,62304,13
2e-05,62305,5
2e-05,62306,0
2e-05,62307,9
2e-05,62308,13
2e-05,62309,2
2e-05,62310,13
2e-05,62311,13
2e-05,62312,1
2e-05,62313,2
2e-05,62314,12
2e-05,62315,13
2e-05,62316,6
2e-05,62317,1
2e-05,62318,0
2e-05,62319,13
2e-05,62320,13
2e-05,62321,11
2e-05,62322,14
2e-05,62323,0
2e-05,62324,9
2e-05,62325,12
2e-05,62326,2
2e-05,62327,12
2e-05,62328,9
2e-05,62329,12
2e-05,62330,3
2e-05,62331,12
2e-05,62332,12
2e-05,62333,3
2e-05,62334,9
2e-05,62335,2
2e-05,62336,6
2e-05,62337,11
2e-05,62338,11
2e-05,62339,12
2e-05,62340,10
2e-05,62341,12
2e-05,62342,6
2e-05,62343,1
2e-05,62344,0
2e-05,62345,2
2e-05,62346,11
2e-05,62347,12
2e-05,62348,3
2e-05,62349,2
2e-05,62350,11
2e-05,62351,12
2e-05,62352,1
2e-05,62353,1
2e-05,62354,3
2e-05,62355,9
2e-05,62356,2
2e-05,62357,5
2e-05,62358,13
2e-05,62359,2
2e-05,62360,9
2e-05,62361,0
2e-05,62362,5
2e-05,62363,0
2e-05,62364,10
2e-05,62365,0
2e-05,62366,2
2e-05,62367,1
2e-05,62368,2
2e-05,62369,11
2e-05,62370,5
2e-05,62371,0
2e-05,62372,9
2e-05,62373,12
2e-05,62374,11
2e-05,62375,3
2e-05,62376,2
2e-05,62377,1
2e-05,62378,12
2e-05,62379,2
2e-05,62380,6
2e-05,62381,11
2e-05,62382,10
2e-05,62383,9
2e-05,62384,12
2e-05,62385,5
2e-05,62386,1
2e-05,62387,11
2e-05,62388,1
2e-05,62389,11
2e-05,62390,9
2e-05,62391,0
2e-05,62392,13
2e-05,62393,13
2e-05,62394,2
2e-05,62395,11
2e-05,62396,13
2e-05,62397,1
2e-05,62398,13
2e-05,62399,2
2e-05,62400,1
2e-05,62401,13
2e-05,62402,0
2e-05,62403,6
2e-05,62404,10
2e-05,62405,0
2e-05,62406,6
2e-05,62407,2
2e-05,62408,9
2e-05,62409,11
2e-05,62410,6
2e-05,62411,6
2e-05,62412,5
2e-05,62413,9
2e-05,62414,11
2e-05,62415,2
2e-05,62416,10
2e-05,62417,10
2e-05,62418,13
2e-05,62419,9
2e-05,62420,9
2e-05,62421,5
2e-05,62422,13
2e-05,62423,11
2e-05,62424,9
2e-05,62425,3
2e-05,62426,6
2e-05,62427,5
2e-05,62428,1
2e-05,62429,2
2e-05,62430,5
2e-05,62431,9
2e-05,62432,2
2e-05,62433,9
2e-05,62434,5
2e-05,62435,6
2e-05,62436,0
2e-05,62437,6
2e-05,62438,10
2e-05,62439,9
2e-05,62440,9
2e-05,62441,1
2e-05,62442,9
2e-05,62443,9
2e-05,62444,1
2e-05,62445,13
2e-05,62446,13
2e-05,62447,3
2e-05,62448,5
2e-05,62449,9
2e-05,62450,12
2e-05,62451,13
2e-05,62452,2
2e-05,62453,5
2e-05,62454,6
2e-05,62455,11
2e-05,62456,1
2e-05,62457,9
2e-05,62458,13
2e-05,62459,9
2e-05,62460,2
2e-05,62461,13
2e-05,62462,6
2e-05,62463,6
2e-05,62464,6
2e-05,62465,5
2e-05,62466,10
2e-05,62467,13
2e-05,62468,12
2e-05,62469,1
2e-05,62470,12
2e-05,62471,2
2e-05,62472,10
2e-05,62473,12
2e-05,62474,11
2e-05,62475,2
2e-05,62476,3
2e-05,62477,5
2e-05,62478,5
2e-05,62479,6
2e-05,62480,3
2e-05,62481,11
2e-05,62482,12
2e-05,62483,12
2e-05,62484,1
2e-05,62485,0
2e-05,62486,6
2e-05,62487,13
2e-05,62488,1
2e-05,62489,3
2e-05,62490,9
2e-05,62491,11
2e-05,62492,0
2e-05,62493,3
2e-05,62494,1
2e-05,62495,2
2e-05,62496,12
2e-05,62497,12
2e-05,62498,5
2e-05,62499,10
2e-05,62500,11
2e-05,62501,10
2e-05,62502,11
2e-05,62503,3
2e-05,62504,5
2e-05,62505,11
2e-05,62506,6
2e-05,62507,5
2e-05,62508,10
2e-05,62509,1
2e-05,62510,0
2e-05,62511,3
2e-05,62512,11
2e-05,62513,1
2e-05,62514,10
2e-05,62515,13
2e-05,62516,9
2e-05,62517,3
2e-05,62518,6
2e-05,62519,9
2e-05,62520,13
2e-05,62521,6
2e-05,62522,9
2e-05,62523,9
2e-05,62524,2
2e-05,62525,10
2e-05,62526,1
2e-05,62527,2
2e-05,62528,9
2e-05,62529,9
2e-05,62530,11
2e-05,62531,9
2e-05,62532,12
2e-05,62533,5
2e-05,62534,1
2e-05,62535,16
2e-05,62536,3
2e-05,62537,6
2e-05,62538,3
2e-05,62539,0
2e-05,62540,9
2e-05,62541,5
2e-05,62542,9
2e-05,62543,13
2e-05,62544,5
2e-05,62545,0
2e-05,62546,3
2e-05,62547,11
2e-05,62548,13
2e-05,62549,6
2e-05,62550,9
2e-05,62551,13
2e-05,62552,2
2e-05,62553,3
2e-05,62554,13
2e-05,62555,9
2e-05,62556,1
2e-05,62557,13
2e-05,62558,2
2e-05,62559,11
2e-05,62560,10
2e-05,62561,6
2e-05,62562,6
2e-05,62563,0
2e-05,62564,10
2e-05,62565,6
2e-05,62566,10
2e-05,62567,11
2e-05,62568,9
2e-05,62569,12
2e-05,62570,13
2e-05,62571,9
2e-05,62572,11
2e-05,62573,12
2e-05,62574,1
2e-05,62575,6
2e-05,62576,9
2e-05,62577,11
2e-05,62578,6
2e-05,62579,5
2e-05,62580,9
2e-05,62581,2
2e-05,62582,6
2e-05,62583,13
2e-05,62584,6
2e-05,62585,0
2e-05,62586,3
2e-05,62587,6
2e-05,62588,3
2e-05,62589,12
2e-05,62590,9
2e-05,62591,13
2e-05,62592,5
2e-05,62593,0
2e-05,62594,9
2e-05,62595,8
2e-05,62596,13
2e-05,62597,5
2e-05,62598,12
2e-05,62599,12
2e-05,62600,3
2e-05,62601,0
2e-05,62602,10
2e-05,62603,12
2e-05,62604,1
2e-05,62605,10
2e-05,62606,0
2e-05,62607,10
2e-05,62608,6
2e-05,62609,1
2e-05,62610,12
2e-05,62611,6
2e-05,62612,6
2e-05,62613,5
2e-05,62614,1
2e-05,62615,3
2e-05,62616,5
2e-05,62617,13
2e-05,62618,9
2e-05,62619,1
2e-05,62620,2
2e-05,62621,9
2e-05,62622,11
2e-05,62623,6
2e-05,62624,9
2e-05,62625,3
2e-05,62626,2
2e-05,62627,3
2e-05,62628,10
2e-05,62629,10
2e-05,62630,6
2e-05,62631,10
2e-05,62632,5
2e-05,62633,1
2e-05,62634,1
2e-05,62635,3
2e-05,62636,10
2e-05,62637,2
2e-05,62638,3
2e-05,62639,3
2e-05,62640,6
2e-05,62641,11
2e-05,62642,0
2e-05,62643,11
2e-05,62644,1
2e-05,62645,6
2e-05,62646,13
2e-05,62647,0
2e-05,62648,10
2e-05,62649,13
2e-05,62650,2
2e-05,62651,5
2e-05,62652,13
2e-05,62653,10
2e-05,62654,6
2e-05,62655,1
2e-05,62656,5
2e-05,62657,9
2e-05,62658,3
2e-05,62659,11
2e-05,62660,10
2e-05,62661,1
2e-05,62662,12
2e-05,62663,5
2e-05,62664,2
2e-05,62665,2
2e-05,62666,2
2e-05,62667,3
2e-05,62668,0
2e-05,62669,3
2e-05,62670,5
2e-05,62671,10
2e-05,62672,10
2e-05,62673,9
2e-05,62674,11
2e-05,62675,2
2e-05,62676,10
2e-05,62677,11
2e-05,62678,13
2e-05,62679,13
2e-05,62680,13
2e-05,62681,5
2e-05,62682,5
2e-05,62683,0
2e-05,62684,11
2e-05,62685,10
2e-05,62686,9
2e-05,62687,0
2e-05,62688,12
2e-05,62689,6
2e-05,62690,13
2e-05,62691,6
2e-05,62692,5
2e-05,62693,13
2e-05,62694,5
2e-05,62695,10
2e-05,62696,1
2e-05,62697,12
2e-05,62698,10
2e-05,62699,5
2e-05,62700,1
2e-05,62701,11
2e-05,62702,11
2e-05,62703,11
2e-05,62704,2
2e-05,62705,0
2e-05,62706,2
2e-05,62707,5
2e-05,62708,11
2e-05,62709,3
2e-05,62710,0
2e-05,62711,10
2e-05,62712,6
2e-05,62713,13
2e-05,62714,0
2e-05,62715,0
2e-05,62716,1
2e-05,62717,1
2e-05,62718,1
2e-05,62719,13
2e-05,62720,5
2e-05,62721,12
2e-05,62722,1
2e-05,62723,2
2e-05,62724,10
2e-05,62725,12
2e-05,62726,3
2e-05,62727,12
2e-05,62728,6
2e-05,62729,12
2e-05,62730,13
2e-05,62731,10
2e-05,62732,2
2e-05,62733,1
2e-05,62734,2
2e-05,62735,9
2e-05,62736,0
2e-05,62737,9
2e-05,62738,10
2e-05,62739,10
2e-05,62740,13
2e-05,62741,5
2e-05,62742,3
2e-05,62743,2
2e-05,62744,6
2e-05,62745,0
2e-05,62746,12
2e-05,62747,11
2e-05,62748,2
2e-05,62749,11
2e-05,62750,11
2e-05,62751,2
2e-05,62752,5
2e-05,62753,6
2e-05,62754,2
2e-05,62755,13
2e-05,62756,6
2e-05,62757,10
2e-05,62758,9
2e-05,62759,10
2e-05,62760,5
2e-05,62761,10
2e-05,62762,11
2e-05,62763,10
2e-05,62764,12
2e-05,62765,0
2e-05,62766,3
2e-05,62767,9
2e-05,62768,9
2e-05,62769,0
2e-05,62770,3
2e-05,62771,6
2e-05,62772,9
2e-05,62773,11
2e-05,62774,3
2e-05,62775,3
2e-05,62776,6
2e-05,62777,9
2e-05,62778,1
2e-05,62779,10
2e-05,62780,10
2e-05,62781,6
2e-05,62782,10
2e-05,62783,2
2e-05,62784,0
2e-05,62785,11
2e-05,62786,13
2e-05,62787,10
2e-05,62788,16
2e-05,62789,9
2e-05,62790,6
2e-05,62791,1
2e-05,62792,5
2e-05,62793,13
2e-05,62794,12
2e-05,62795,11
2e-05,62796,13
2e-05,62797,3
2e-05,62798,3
2e-05,62799,5
2e-05,62800,10
2e-05,62801,13
2e-05,62802,1
2e-05,62803,8
2e-05,62804,3
2e-05,62805,10
2e-05,62806,13
2e-05,62807,9
2e-05,62808,3
2e-05,62809,9
2e-05,62810,1
2e-05,62811,3
2e-05,62812,0
2e-05,62813,11
2e-05,62814,6
2e-05,62815,0
2e-05,62816,10
2e-05,62817,10
2e-05,62818,11
2e-05,62819,9
2e-05,62820,0
2e-05,62821,12
2e-05,62822,2
2e-05,62823,5
2e-05,62824,3
2e-05,62825,11
2e-05,62826,13
2e-05,62827,6
2e-05,62828,3
2e-05,62829,6
2e-05,62830,11
2e-05,62831,6
2e-05,62832,9
2e-05,62833,1
2e-05,62834,10
2e-05,62835,3
2e-05,62836,1
2e-05,62837,5
2e-05,62838,13
2e-05,62839,1
2e-05,62840,0
2e-05,62841,13
2e-05,62842,1
2e-05,62843,6
2e-05,62844,10
2e-05,62845,5
2e-05,62846,13
2e-05,62847,2
2e-05,62848,11
2e-05,62849,10
2e-05,62850,0
2e-05,62851,9
2e-05,62852,5
2e-05,62853,9
2e-05,62854,12
2e-05,62855,11
2e-05,62856,10
2e-05,62857,5
2e-05,62858,3
2e-05,62859,12
2e-05,62860,0
2e-05,62861,12
2e-05,62862,13
2e-05,62863,6
2e-05,62864,6
2e-05,62865,11
2e-05,62866,5
2e-05,62867,2
2e-05,62868,0
2e-05,62869,2
2e-05,62870,2
2e-05,62871,16
2e-05,62872,9
2e-05,62873,1
2e-05,62874,12
2e-05,62875,8
2e-05,62876,0
2e-05,62877,11
2e-05,62878,11
2e-05,62879,16
2e-05,62880,3
2e-05,62881,5
2e-05,62882,6
2e-05,62883,3
2e-05,62884,5
2e-05,62885,10
2e-05,62886,13
2e-05,62887,16
2e-05,62888,11
2e-05,62889,10
2e-05,62890,6
2e-05,62891,11
2e-05,62892,3
2e-05,62893,9
2e-05,62894,11
2e-05,62895,11
2e-05,62896,6
2e-05,62897,1
2e-05,62898,11
2e-05,62899,6
2e-05,62900,3
2e-05,62901,1
2e-05,62902,9
2e-05,62903,12
2e-05,62904,5
2e-05,62905,6
2e-05,62906,9
2e-05,62907,2
2e-05,62908,9
2e-05,62909,12
2e-05,62910,13
2e-05,62911,9
2e-05,62912,13
2e-05,62913,11
2e-05,62914,0
2e-05,62915,1
2e-05,62916,3
2e-05,62917,10
2e-05,62918,6
2e-05,62919,11
2e-05,62920,12
2e-05,62921,6
2e-05,62922,1
2e-05,62923,3
2e-05,62924,1
2e-05,62925,5
2e-05,62926,10
2e-05,62927,1
2e-05,62928,3
2e-05,62929,1
2e-05,62930,5
2e-05,62931,11
2e-05,62932,5
2e-05,62933,3
2e-05,62934,2
2e-05,62935,11
2e-05,62936,6
2e-05,62937,0
2e-05,62938,4
2e-05,62939,5
2e-05,62940,12
2e-05,62941,13
2e-05,62942,3
2e-05,62943,10
2e-05,62944,11
2e-05,62945,12
2e-05,62946,11
2e-05,62947,10
2e-05,62948,3
2e-05,62949,9
2e-05,62950,11
2e-05,62951,10
2e-05,62952,13
2e-05,62953,13
2e-05,62954,1
2e-05,62955,3
2e-05,62956,11
2e-05,62957,6
2e-05,62958,6
2e-05,62959,5
2e-05,62960,1
2e-05,62961,13
2e-05,62962,13
2e-05,62963,10
2e-05,62964,1
2e-05,62965,2
2e-05,62966,5
2e-05,62967,3
2e-05,62968,3
2e-05,62969,3
2e-05,62970,3
2e-05,62971,3
2e-05,62972,1
2e-05,62973,12
2e-05,62974,1
2e-05,62975,1
2e-05,62976,9
2e-05,62977,12
2e-05,62978,9
2e-05,62979,10
2e-05,62980,11
2e-05,62981,6
2e-05,62982,1
2e-05,62983,9
2e-05,62984,8
2e-05,62985,2
2e-05,62986,0
2e-05,62987,11
2e-05,62988,0
2e-05,62989,9
2e-05,62990,13
2e-05,62991,10
2e-05,62992,0
2e-05,62993,11
2e-05,62994,2
2e-05,62995,5
2e-05,62996,6
2e-05,62997,5
2e-05,62998,2
2e-05,62999,2
2e-05,63000,0
2e-05,63001,3
2e-05,63002,13
2e-05,63003,16
2e-05,63004,1
2e-05,63005,1
2e-05,63006,13
2e-05,63007,9
2e-05,63008,11
2e-05,63009,10
2e-05,63010,6
2e-05,63011,0
2e-05,63012,11
2e-05,63013,13
2e-05,63014,3
2e-05,63015,3
2e-05,63016,10
2e-05,63017,6
2e-05,63018,0
2e-05,63019,3
2e-05,63020,9
2e-05,63021,12
2e-05,63022,2
2e-05,63023,12
2e-05,63024,10
2e-05,63025,5
2e-05,63026,1
2e-05,63027,11
2e-05,63028,5
2e-05,63029,3
2e-05,63030,2
2e-05,63031,5
2e-05,63032,3
2e-05,63033,1
2e-05,63034,9
2e-05,63035,10
2e-05,63036,13
2e-05,63037,11
2e-05,63038,0
2e-05,63039,13
2e-05,63040,2
2e-05,63041,10
2e-05,63042,5
2e-05,63043,0
2e-05,63044,2
2e-05,63045,9
2e-05,63046,11
2e-05,63047,1
2e-05,63048,6
2e-05,63049,3
2e-05,63050,10
2e-05,63051,6
2e-05,63052,0
2e-05,63053,6
2e-05,63054,2
2e-05,63055,13
2e-05,63056,12
2e-05,63057,1
2e-05,63058,5
2e-05,63059,11
2e-05,63060,1
2e-05,63061,10
2e-05,63062,13
2e-05,63063,11
2e-05,63064,11
2e-05,63065,9
2e-05,63066,13
2e-05,63067,9
2e-05,63068,9
2e-05,63069,11
2e-05,63070,9
2e-05,63071,0
2e-05,63072,11
2e-05,63073,11
2e-05,63074,2
2e-05,63075,2
2e-05,63076,13
2e-05,63077,11
2e-05,63078,3
2e-05,63079,3
2e-05,63080,12
2e-05,63081,1
2e-05,63082,2
2e-05,63083,0
2e-05,63084,10
2e-05,63085,2
2e-05,63086,9
2e-05,63087,12
2e-05,63088,1
2e-05,63089,3
2e-05,63090,9
2e-05,63091,1
2e-05,63092,11
2e-05,63093,6
2e-05,63094,2
2e-05,63095,5
2e-05,63096,16
2e-05,63097,3
2e-05,63098,13
2e-05,63099,0
2e-05,63100,1
2e-05,63101,0
2e-05,63102,11
2e-05,63103,12
2e-05,63104,2
2e-05,63105,2
2e-05,63106,1
2e-05,63107,9
2e-05,63108,2
2e-05,63109,12
2e-05,63110,11
2e-05,63111,11
2e-05,63112,11
2e-05,63113,1
2e-05,63114,1
2e-05,63115,2
2e-05,63116,12
2e-05,63117,9
2e-05,63118,13
2e-05,63119,6
2e-05,63120,10
2e-05,63121,11
2e-05,63122,2
2e-05,63123,2
2e-05,63124,10
2e-05,63125,12
2e-05,63126,11
2e-05,63127,12
2e-05,63128,13
2e-05,63129,1
2e-05,63130,3
2e-05,63131,12
2e-05,63132,10
2e-05,63133,6
2e-05,63134,2
2e-05,63135,2
2e-05,63136,9
2e-05,63137,5
2e-05,63138,2
2e-05,63139,5
2e-05,63140,6
2e-05,63141,0
2e-05,63142,12
2e-05,63143,3
2e-05,63144,3
2e-05,63145,10
2e-05,63146,2
2e-05,63147,1
2e-05,63148,5
2e-05,63149,1
2e-05,63150,11
2e-05,63151,3
2e-05,63152,5
2e-05,63153,2
2e-05,63154,1
2e-05,63155,6
2e-05,63156,11
2e-05,63157,11
2e-05,63158,0
2e-05,63159,1
2e-05,63160,10
2e-05,63161,2
2e-05,63162,6
2e-05,63163,13
2e-05,63164,11
2e-05,63165,11
2e-05,63166,2
2e-05,63167,9
2e-05,63168,17
2e-05,63169,12
2e-05,63170,11
2e-05,63171,13
2e-05,63172,10
2e-05,63173,2
2e-05,63174,9
2e-05,63175,10
2e-05,63176,2
2e-05,63177,12
2e-05,63178,1
2e-05,63179,11
2e-05,63180,13
2e-05,63181,10
2e-05,63182,0
2e-05,63183,5
2e-05,63184,5
2e-05,63185,9
2e-05,63186,9
2e-05,63187,12
2e-05,63188,0
2e-05,63189,12
2e-05,63190,11
2e-05,63191,6
2e-05,63192,2
2e-05,63193,9
2e-05,63194,11
2e-05,63195,6
2e-05,63196,10
2e-05,63197,1
2e-05,63198,3
2e-05,63199,11
2e-05,63200,6
2e-05,63201,10
2e-05,63202,6
2e-05,63203,11
2e-05,63204,1
2e-05,63205,5
2e-05,63206,1
2e-05,63207,6
2e-05,63208,9
2e-05,63209,12
2e-05,63210,11
2e-05,63211,13
2e-05,63212,16
2e-05,63213,11
2e-05,63214,9
2e-05,63215,9
2e-05,63216,11
2e-05,63217,12
2e-05,63218,11
2e-05,63219,13
2e-05,63220,12
2e-05,63221,13
2e-05,63222,11
2e-05,63223,0
2e-05,63224,0
2e-05,63225,0
2e-05,63226,1
2e-05,63227,9
2e-05,63228,10
2e-05,63229,12
2e-05,63230,6
2e-05,63231,13
2e-05,63232,9
2e-05,63233,5
2e-05,63234,2
2e-05,63235,13
2e-05,63236,9
2e-05,63237,11
2e-05,63238,2
2e-05,63239,3
2e-05,63240,13
2e-05,63241,5
2e-05,63242,13
2e-05,63243,9
2e-05,63244,2
2e-05,63245,0
2e-05,63246,10
2e-05,63247,0
2e-05,63248,10
2e-05,63249,12
2e-05,63250,3
2e-05,63251,10
2e-05,63252,5
2e-05,63253,10
2e-05,63254,1
2e-05,63255,9
2e-05,63256,1
2e-05,63257,11
2e-05,63258,3
2e-05,63259,9
2e-05,63260,6
2e-05,63261,13
2e-05,63262,11
2e-05,63263,6
2e-05,63264,10
2e-05,63265,5
2e-05,63266,11
2e-05,63267,0
2e-05,63268,6
2e-05,63269,3
2e-05,63270,2
2e-05,63271,13
2e-05,63272,3
2e-05,63273,13
2e-05,63274,10
2e-05,63275,11
2e-05,63276,0
2e-05,63277,9
2e-05,63278,6
2e-05,63279,10
2e-05,63280,9
2e-05,63281,3
2e-05,63282,1
2e-05,63283,0
2e-05,63284,9
2e-05,63285,13
2e-05,63286,0
2e-05,63287,13
2e-05,63288,13
2e-05,63289,2
2e-05,63290,11
2e-05,63291,12
2e-05,63292,11
2e-05,63293,12
2e-05,63294,9
2e-05,63295,11
2e-05,63296,13
2e-05,63297,9
2e-05,63298,5
2e-05,63299,5
2e-05,63300,2
2e-05,63301,10
2e-05,63302,2
2e-05,63303,2
2e-05,63304,12
2e-05,63305,9
2e-05,63306,13
2e-05,63307,12
2e-05,63308,1
2e-05,63309,5
2e-05,63310,0
2e-05,63311,0
2e-05,63312,11
2e-05,63313,6
2e-05,63314,3
2e-05,63315,13
2e-05,63316,2
2e-05,63317,13
2e-05,63318,6
2e-05,63319,3
2e-05,63320,0
2e-05,63321,9
2e-05,63322,9
2e-05,63323,5
2e-05,63324,11
2e-05,63325,13
2e-05,63326,13
2e-05,63327,10
2e-05,63328,10
2e-05,63329,9
2e-05,63330,6
2e-05,63331,5
2e-05,63332,12
2e-05,63333,6
2e-05,63334,1
2e-05,63335,10
2e-05,63336,13
2e-05,63337,11
2e-05,63338,1
2e-05,63339,2
2e-05,63340,0
2e-05,63341,5
2e-05,63342,6
2e-05,63343,12
2e-05,63344,11
2e-05,63345,11
2e-05,63346,1
2e-05,63347,10
2e-05,63348,2
2e-05,63349,11
2e-05,63350,8
2e-05,63351,12
2e-05,63352,9
2e-05,63353,1
2e-05,63354,6
2e-05,63355,0
2e-05,63356,3
2e-05,63357,3
2e-05,63358,6
2e-05,63359,12
2e-05,63360,2
2e-05,63361,13
2e-05,63362,13
2e-05,63363,3
2e-05,63364,6
2e-05,63365,6
2e-05,63366,9
2e-05,63367,11
2e-05,63368,3
2e-05,63369,5
2e-05,63370,5
2e-05,63371,10
2e-05,63372,12
2e-05,63373,9
2e-05,63374,10
2e-05,63375,3
2e-05,63376,1
2e-05,63377,10
2e-05,63378,13
2e-05,63379,6
2e-05,63380,9
2e-05,63381,9
2e-05,63382,1
2e-05,63383,2
2e-05,63384,11
2e-05,63385,11
2e-05,63386,9
2e-05,63387,5
2e-05,63388,6
2e-05,63389,12
2e-05,63390,10
2e-05,63391,2
2e-05,63392,0
2e-05,63393,5
2e-05,63394,10
2e-05,63395,9
2e-05,63396,0
2e-05,63397,11
2e-05,63398,5
2e-05,63399,9
2e-05,63400,11
2e-05,63401,13
2e-05,63402,5
2e-05,63403,3
2e-05,63404,5
2e-05,63405,0
2e-05,63406,0
2e-05,63407,4
2e-05,63408,1
2e-05,63409,10
2e-05,63410,10
2e-05,63411,13
2e-05,63412,9
2e-05,63413,9
2e-05,63414,12
2e-05,63415,9
2e-05,63416,13
2e-05,63417,11
2e-05,63418,2
2e-05,63419,3
2e-05,63420,1
2e-05,63421,5
2e-05,63422,12
2e-05,63423,6
2e-05,63424,2
2e-05,63425,3
2e-05,63426,12
2e-05,63427,5
2e-05,63428,1
2e-05,63429,2
2e-05,63430,6
2e-05,63431,3
2e-05,63432,0
2e-05,63433,1
2e-05,63434,3
2e-05,63435,12
2e-05,63436,3
2e-05,63437,16
2e-05,63438,10
2e-05,63439,6
2e-05,63440,12
2e-05,63441,5
2e-05,63442,9
2e-05,63443,2
2e-05,63444,6
2e-05,63445,12
2e-05,63446,10
2e-05,63447,2
2e-05,63448,8
2e-05,63449,1
2e-05,63450,5
2e-05,63451,12
2e-05,63452,0
2e-05,63453,6
2e-05,63454,3
2e-05,63455,3
2e-05,63456,3
2e-05,63457,5
2e-05,63458,12
2e-05,63459,13
2e-05,63460,12
2e-05,63461,2
2e-05,63462,9
2e-05,63463,0
2e-05,63464,3
2e-05,63465,3
2e-05,63466,2
2e-05,63467,10
2e-05,63468,12
2e-05,63469,11
2e-05,63470,11
2e-05,63471,13
2e-05,63472,6
2e-05,63473,13
2e-05,63474,2
2e-05,63475,9
2e-05,63476,5
2e-05,63477,13
2e-05,63478,1
2e-05,63479,2
2e-05,63480,11
2e-05,63481,12
2e-05,63482,11
2e-05,63483,9
2e-05,63484,11
2e-05,63485,11
2e-05,63486,5
2e-05,63487,0
2e-05,63488,5
2e-05,63489,0
2e-05,63490,5
2e-05,63491,6
2e-05,63492,6
2e-05,63493,10
2e-05,63494,9
2e-05,63495,2
2e-05,63496,0
2e-05,63497,6
2e-05,63498,1
2e-05,63499,13
2e-05,63500,10
2e-05,63501,9
2e-05,63502,9
2e-05,63503,8
2e-05,63504,2
2e-05,63505,13
2e-05,63506,12
2e-05,63507,13
2e-05,63508,3
2e-05,63509,5
2e-05,63510,1
2e-05,63511,9
2e-05,63512,9
2e-05,63513,6
2e-05,63514,9
2e-05,63515,9
2e-05,63516,9
2e-05,63517,10
2e-05,63518,11
2e-05,63519,12
2e-05,63520,5
2e-05,63521,0
2e-05,63522,10
2e-05,63523,12
2e-05,63524,2
2e-05,63525,10
2e-05,63526,10
2e-05,63527,6
2e-05,63528,2
2e-05,63529,2
2e-05,63530,6
2e-05,63531,9
2e-05,63532,5
2e-05,63533,13
2e-05,63534,11
2e-05,63535,11
2e-05,63536,2
2e-05,63537,11
2e-05,63538,6
2e-05,63539,2
2e-05,63540,1
2e-05,63541,13
2e-05,63542,3
2e-05,63543,9
2e-05,63544,12
2e-05,63545,0
2e-05,63546,2
2e-05,63547,12
2e-05,63548,10
2e-05,63549,0
2e-05,63550,4
2e-05,63551,0
2e-05,63552,10
2e-05,63553,9
2e-05,63554,10
2e-05,63555,11
2e-05,63556,12
2e-05,63557,0
2e-05,63558,11
2e-05,63559,0
2e-05,63560,0
2e-05,63561,13
2e-05,63562,6
2e-05,63563,0
2e-05,63564,11
2e-05,63565,0
2e-05,63566,2
2e-05,63567,8
2e-05,63568,13
2e-05,63569,12
2e-05,63570,9
2e-05,63571,10
2e-05,63572,2
2e-05,63573,12
2e-05,63574,0
2e-05,63575,16
2e-05,63576,10
2e-05,63577,11
2e-05,63578,11
2e-05,63579,1
2e-05,63580,0
2e-05,63581,5
2e-05,63582,1
2e-05,63583,1
2e-05,63584,1
2e-05,63585,13
2e-05,63586,0
2e-05,63587,6
2e-05,63588,9
2e-05,63589,5
2e-05,63590,13
2e-05,63591,0
2e-05,63592,1
2e-05,63593,10
2e-05,63594,1
2e-05,63595,2
2e-05,63596,1
2e-05,63597,10
2e-05,63598,1
2e-05,63599,11
2e-05,63600,1
2e-05,63601,11
2e-05,63602,12
2e-05,63603,10
2e-05,63604,6
2e-05,63605,1
2e-05,63606,6
2e-05,63607,18
2e-05,63608,9
2e-05,63609,11
2e-05,63610,11
2e-05,63611,2
2e-05,63612,6
2e-05,63613,6
2e-05,63614,0
2e-05,63615,2
2e-05,63616,5
2e-05,63617,11
2e-05,63618,11
2e-05,63619,12
2e-05,63620,11
2e-05,63621,13
2e-05,63622,12
2e-05,63623,7
2e-05,63624,1
2e-05,63625,3
2e-05,63626,0
2e-05,63627,10
2e-05,63628,11
2e-05,63629,6
2e-05,63630,11
2e-05,63631,2
2e-05,63632,12
2e-05,63633,9
2e-05,63634,13
2e-05,63635,11
2e-05,63636,10
2e-05,63637,13
2e-05,63638,9
2e-05,63639,13
2e-05,63640,5
2e-05,63641,10
2e-05,63642,12
2e-05,63643,13
2e-05,63644,13
2e-05,63645,0
2e-05,63646,16
2e-05,63647,5
2e-05,63648,16
2e-05,63649,11
2e-05,63650,1
2e-05,63651,9
2e-05,63652,1
2e-05,63653,13
2e-05,63654,9
2e-05,63655,12
2e-05,63656,1
2e-05,63657,3
2e-05,63658,11
2e-05,63659,5
2e-05,63660,6
2e-05,63661,5
2e-05,63662,11
2e-05,63663,11
2e-05,63664,11
2e-05,63665,2
2e-05,63666,13
2e-05,63667,0
2e-05,63668,0
2e-05,63669,2
2e-05,63670,0
2e-05,63671,11
2e-05,63672,11
2e-05,63673,1
2e-05,63674,3
2e-05,63675,16
2e-05,63676,3
2e-05,63677,6
2e-05,63678,9
2e-05,63679,5
2e-05,63680,12
2e-05,63681,10
2e-05,63682,11
2e-05,63683,13
2e-05,63684,11
2e-05,63685,11
2e-05,63686,13
2e-05,63687,12
2e-05,63688,13
2e-05,63689,10
2e-05,63690,9
2e-05,63691,3
2e-05,63692,10
2e-05,63693,2
2e-05,63694,2
2e-05,63695,11
2e-05,63696,9
2e-05,63697,1
2e-05,63698,9
2e-05,63699,5
2e-05,63700,2
2e-05,63701,6
2e-05,63702,1
2e-05,63703,6
2e-05,63704,10
2e-05,63705,13
2e-05,63706,1
2e-05,63707,11
2e-05,63708,1
2e-05,63709,6
2e-05,63710,9
2e-05,63711,13
2e-05,63712,0
2e-05,63713,5
2e-05,63714,12
2e-05,63715,2
2e-05,63716,1
2e-05,63717,9
2e-05,63718,9
2e-05,63719,6
2e-05,63720,1
2e-05,63721,2
2e-05,63722,1
2e-05,63723,1
2e-05,63724,11
2e-05,63725,5
2e-05,63726,5
2e-05,63727,0
2e-05,63728,3
2e-05,63729,2
2e-05,63730,9
2e-05,63731,2
2e-05,63732,2
2e-05,63733,0
2e-05,63734,1
2e-05,63735,11
2e-05,63736,11
2e-05,63737,9
2e-05,63738,2
2e-05,63739,13
2e-05,63740,5
2e-05,63741,9
2e-05,63742,11
2e-05,63743,10
2e-05,63744,12
2e-05,63745,3
2e-05,63746,6
2e-05,63747,12
2e-05,63748,9
2e-05,63749,13
2e-05,63750,2
2e-05,63751,10
2e-05,63752,13
2e-05,63753,2
2e-05,63754,13
2e-05,63755,9
2e-05,63756,6
2e-05,63757,10
2e-05,63758,10
2e-05,63759,2
2e-05,63760,13
2e-05,63761,5
2e-05,63762,10
2e-05,63763,0
2e-05,63764,0
2e-05,63765,1
2e-05,63766,0
2e-05,63767,2
2e-05,63768,1
2e-05,63769,11
2e-05,63770,3
2e-05,63771,0
2e-05,63772,3
2e-05,63773,10
2e-05,63774,0
2e-05,63775,3
2e-05,63776,9
2e-05,63777,1
2e-05,63778,1
2e-05,63779,11
2e-05,63780,5
2e-05,63781,10
2e-05,63782,11
2e-05,63783,2
2e-05,63784,2
2e-05,63785,13
2e-05,63786,13
2e-05,63787,6
2e-05,63788,13
2e-05,63789,12
2e-05,63790,2
2e-05,63791,13
2e-05,63792,11
2e-05,63793,3
2e-05,63794,12
2e-05,63795,6
2e-05,63796,11
2e-05,63797,11
2e-05,63798,3
2e-05,63799,6
2e-05,63800,9
2e-05,63801,13
2e-05,63802,10
2e-05,63803,1
2e-05,63804,10
2e-05,63805,0
2e-05,63806,9
2e-05,63807,11
2e-05,63808,3
2e-05,63809,13
2e-05,63810,11
2e-05,63811,5
2e-05,63812,6
2e-05,63813,5
2e-05,63814,1
2e-05,63815,12
2e-05,63816,5
2e-05,63817,13
2e-05,63818,3
2e-05,63819,3
2e-05,63820,6
2e-05,63821,12
2e-05,63822,11
2e-05,63823,6
2e-05,63824,13
2e-05,63825,5
2e-05,63826,5
2e-05,63827,1
2e-05,63828,6
2e-05,63829,13
2e-05,63830,0
2e-05,63831,2
2e-05,63832,13
2e-05,63833,3
2e-05,63834,10
2e-05,63835,10
2e-05,63836,0
2e-05,63837,6
2e-05,63838,5
2e-05,63839,11
2e-05,63840,5
2e-05,63841,2
2e-05,63842,16
2e-05,63843,5
2e-05,63844,1
2e-05,63845,11
2e-05,63846,3
2e-05,63847,6
2e-05,63848,11
2e-05,63849,6
2e-05,63850,13
2e-05,63851,10
2e-05,63852,0
2e-05,63853,5
2e-05,63854,1
2e-05,63855,1
2e-05,63856,3
2e-05,63857,3
2e-05,63858,12
2e-05,63859,11
2e-05,63860,6
2e-05,63861,0
2e-05,63862,13
2e-05,63863,13
2e-05,63864,6
2e-05,63865,10
2e-05,63866,10
2e-05,63867,2
2e-05,63868,2
2e-05,63869,11
2e-05,63870,10
2e-05,63871,11
2e-05,63872,12
2e-05,63873,11
2e-05,63874,12
2e-05,63875,6
2e-05,63876,1
2e-05,63877,10
2e-05,63878,5
2e-05,63879,10
2e-05,63880,9
2e-05,63881,3
2e-05,63882,12
2e-05,63883,10
2e-05,63884,2
2e-05,63885,3
2e-05,63886,13
2e-05,63887,2
2e-05,63888,6
2e-05,63889,11
2e-05,63890,9
2e-05,63891,12
2e-05,63892,10
2e-05,63893,1
2e-05,63894,12
2e-05,63895,9
2e-05,63896,12
2e-05,63897,1
2e-05,63898,1
2e-05,63899,9
2e-05,63900,9
2e-05,63901,11
2e-05,63902,3
2e-05,63903,12
2e-05,63904,5
2e-05,63905,3
2e-05,63906,1
2e-05,63907,6
2e-05,63908,11
2e-05,63909,2
2e-05,63910,0
2e-05,63911,9
2e-05,63912,2
2e-05,63913,5
2e-05,63914,5
2e-05,63915,11
2e-05,63916,12
2e-05,63917,2
2e-05,63918,9
2e-05,63919,5
2e-05,63920,10
2e-05,63921,13
2e-05,63922,2
2e-05,63923,0
2e-05,63924,11
2e-05,63925,10
2e-05,63926,1
2e-05,63927,1
2e-05,63928,5
2e-05,63929,5
2e-05,63930,16
2e-05,63931,10
2e-05,63932,12
2e-05,63933,5
2e-05,63934,12
2e-05,63935,6
2e-05,63936,3
2e-05,63937,10
2e-05,63938,12
2e-05,63939,3
2e-05,63940,3
2e-05,63941,6
2e-05,63942,13
2e-05,63943,10
2e-05,63944,11
2e-05,63945,12
2e-05,63946,10
2e-05,63947,1
2e-05,63948,0
2e-05,63949,3
2e-05,63950,5
2e-05,63951,0
2e-05,63952,5
2e-05,63953,0
2e-05,63954,0
2e-05,63955,2
2e-05,63956,3
2e-05,63957,6
2e-05,63958,6
2e-05,63959,5
2e-05,63960,5
2e-05,63961,0
2e-05,63962,9
2e-05,63963,11
2e-05,63964,3
2e-05,63965,1
2e-05,63966,16
2e-05,63967,5
2e-05,63968,10
2e-05,63969,12
2e-05,63970,12
2e-05,63971,5
2e-05,63972,0
2e-05,63973,12
2e-05,63974,0
2e-05,63975,10
2e-05,63976,6
2e-05,63977,3
2e-05,63978,1
2e-05,63979,13
2e-05,63980,6
2e-05,63981,10
2e-05,63982,13
2e-05,63983,6
2e-05,63984,3
2e-05,63985,11
2e-05,63986,9
2e-05,63987,5
2e-05,63988,1
2e-05,63989,3
2e-05,63990,11
2e-05,63991,3
2e-05,63992,10
2e-05,63993,1
2e-05,63994,3
2e-05,63995,11
2e-05,63996,10
2e-05,63997,10
2e-05,63998,3
2e-05,63999,1
2e-05,64000,13
2e-05,64001,5
2e-05,64002,5
2e-05,64003,10
2e-05,64004,5
2e-05,64005,0
2e-05,64006,6
2e-05,64007,11
2e-05,64008,9
2e-05,64009,5
2e-05,64010,10
2e-05,64011,1
2e-05,64012,0
2e-05,64013,9
2e-05,64014,16
2e-05,64015,3
2e-05,64016,1
2e-05,64017,11
2e-05,64018,2
2e-05,64019,6
2e-05,64020,10
2e-05,64021,2
2e-05,64022,13
2e-05,64023,13
2e-05,64024,10
2e-05,64025,13
2e-05,64026,0
2e-05,64027,10
2e-05,64028,11
2e-05,64029,5
2e-05,64030,2
2e-05,64031,10
2e-05,64032,5
2e-05,64033,10
2e-05,64034,2
2e-05,64035,10
2e-05,64036,6
2e-05,64037,6
2e-05,64038,2
2e-05,64039,5
2e-05,64040,2
2e-05,64041,2
2e-05,64042,6
2e-05,64043,12
2e-05,64044,2
2e-05,64045,10
2e-05,64046,3
2e-05,64047,0
2e-05,64048,5
2e-05,64049,12
2e-05,64050,2
2e-05,64051,9
2e-05,64052,11
2e-05,64053,11
2e-05,64054,5
2e-05,64055,11
2e-05,64056,11
2e-05,64057,9
2e-05,64058,0
2e-05,64059,9
2e-05,64060,0
2e-05,64061,3
2e-05,64062,0
2e-05,64063,5
2e-05,64064,13
2e-05,64065,2
2e-05,64066,13
2e-05,64067,3
2e-05,64068,9
2e-05,64069,0
2e-05,64070,9
2e-05,64071,2
2e-05,64072,10
2e-05,64073,5
2e-05,64074,11
2e-05,64075,2
2e-05,64076,2
2e-05,64077,1
2e-05,64078,9
2e-05,64079,11
2e-05,64080,2
2e-05,64081,6
2e-05,64082,5
2e-05,64083,10
2e-05,64084,9
2e-05,64085,1
2e-05,64086,6
2e-05,64087,5
2e-05,64088,13
2e-05,64089,12
2e-05,64090,1
2e-05,64091,10
2e-05,64092,10
2e-05,64093,5
2e-05,64094,11
2e-05,64095,9
2e-05,64096,10
2e-05,64097,11
2e-05,64098,11
2e-05,64099,5
2e-05,64100,9
2e-05,64101,5
2e-05,64102,11
2e-05,64103,11
2e-05,64104,1
2e-05,64105,10
2e-05,64106,3
2e-05,64107,3
2e-05,64108,1
2e-05,64109,3
2e-05,64110,10
2e-05,64111,11
2e-05,64112,2
2e-05,64113,13
2e-05,64114,9
2e-05,64115,5
2e-05,64116,5
2e-05,64117,6
2e-05,64118,5
2e-05,64119,3
2e-05,64120,5
2e-05,64121,12
2e-05,64122,11
2e-05,64123,12
2e-05,64124,5
2e-05,64125,0
2e-05,64126,13
2e-05,64127,16
2e-05,64128,12
2e-05,64129,10
2e-05,64130,6
2e-05,64131,11
2e-05,64132,0
2e-05,64133,11
2e-05,64134,11
2e-05,64135,5
2e-05,64136,10
2e-05,64137,10
2e-05,64138,11
2e-05,64139,10
2e-05,64140,9
2e-05,64141,0
2e-05,64142,3
2e-05,64143,1
2e-05,64144,9
2e-05,64145,11
2e-05,64146,10
2e-05,64147,9
2e-05,64148,0
2e-05,64149,12
2e-05,64150,3
2e-05,64151,5
2e-05,64152,5
2e-05,64153,14
2e-05,64154,9
2e-05,64155,10
2e-05,64156,13
2e-05,64157,2
2e-05,64158,0
2e-05,64159,3
2e-05,64160,13
2e-05,64161,9
2e-05,64162,6
2e-05,64163,9
2e-05,64164,1
2e-05,64165,13
2e-05,64166,8
2e-05,64167,6
2e-05,64168,13
2e-05,64169,11
2e-05,64170,9
2e-05,64171,1
2e-05,64172,2
2e-05,64173,6
2e-05,64174,11
2e-05,64175,3
2e-05,64176,3
2e-05,64177,11
2e-05,64178,1
2e-05,64179,9
2e-05,64180,6
2e-05,64181,13
2e-05,64182,11
2e-05,64183,2
2e-05,64184,3
2e-05,64185,9
2e-05,64186,6
2e-05,64187,9
2e-05,64188,1
2e-05,64189,11
2e-05,64190,13
2e-05,64191,6
2e-05,64192,13
2e-05,64193,2
2e-05,64194,5
2e-05,64195,0
2e-05,64196,13
2e-05,64197,2
2e-05,64198,9
2e-05,64199,5
2e-05,64200,16
2e-05,64201,12
2e-05,64202,13
2e-05,64203,12
2e-05,64204,3
2e-05,64205,1
2e-05,64206,5
2e-05,64207,3
2e-05,64208,9
2e-05,64209,3
2e-05,64210,5
2e-05,64211,12
2e-05,64212,3
2e-05,64213,10
2e-05,64214,13
2e-05,64215,6
2e-05,64216,12
2e-05,64217,3
2e-05,64218,6
2e-05,64219,5
2e-05,64220,2
2e-05,64221,9
2e-05,64222,2
2e-05,64223,17
2e-05,64224,0
2e-05,64225,1
2e-05,64226,8
2e-05,64227,10
2e-05,64228,11
2e-05,64229,1
2e-05,64230,9
2e-05,64231,11
2e-05,64232,11
2e-05,64233,3
2e-05,64234,3
2e-05,64235,1
2e-05,64236,5
2e-05,64237,5
2e-05,64238,2
2e-05,64239,11
2e-05,64240,6
2e-05,64241,13
2e-05,64242,13
2e-05,64243,3
2e-05,64244,10
2e-05,64245,3
2e-05,64246,1
2e-05,64247,13
2e-05,64248,9
2e-05,64249,13
2e-05,64250,13
2e-05,64251,1
2e-05,64252,11
2e-05,64253,2
2e-05,64254,12
2e-05,64255,1
2e-05,64256,13
2e-05,64257,9
2e-05,64258,11
2e-05,64259,11
2e-05,64260,9
2e-05,64261,1
2e-05,64262,11
2e-05,64263,9
2e-05,64264,12
2e-05,64265,10
2e-05,64266,5
2e-05,64267,10
2e-05,64268,16
2e-05,64269,13
2e-05,64270,5
2e-05,64271,2
2e-05,64272,5
2e-05,64273,9
2e-05,64274,5
2e-05,64275,5
2e-05,64276,10
2e-05,64277,9
2e-05,64278,5
2e-05,64279,5
2e-05,64280,5
2e-05,64281,2
2e-05,64282,0
2e-05,64283,5
2e-05,64284,10
2e-05,64285,5
2e-05,64286,5
2e-05,64287,2
2e-05,64288,9
2e-05,64289,9
2e-05,64290,3
2e-05,64291,6
2e-05,64292,1
2e-05,64293,3
2e-05,64294,6
2e-05,64295,2
2e-05,64296,11
2e-05,64297,12
2e-05,64298,0
2e-05,64299,1
2e-05,64300,12
2e-05,64301,6
2e-05,64302,2
2e-05,64303,11
2e-05,64304,3
2e-05,64305,9
2e-05,64306,0
2e-05,64307,3
2e-05,64308,12
2e-05,64309,9
2e-05,64310,11
2e-05,64311,1
2e-05,64312,9
2e-05,64313,13
2e-05,64314,10
2e-05,64315,10
2e-05,64316,11
2e-05,64317,5
2e-05,64318,13
2e-05,64319,16
2e-05,64320,6
2e-05,64321,9
2e-05,64322,9
2e-05,64323,12
2e-05,64324,5
2e-05,64325,11
2e-05,64326,12
2e-05,64327,1
2e-05,64328,10
2e-05,64329,11
2e-05,64330,2
2e-05,64331,5
2e-05,64332,12
2e-05,64333,11
2e-05,64334,9
2e-05,64335,9
2e-05,64336,12
2e-05,64337,12
2e-05,64338,6
2e-05,64339,12
2e-05,64340,5
2e-05,64341,0
2e-05,64342,5
2e-05,64343,9
2e-05,64344,10
2e-05,64345,3
2e-05,64346,10
2e-05,64347,11
2e-05,64348,11
2e-05,64349,9
2e-05,64350,11
2e-05,64351,3
2e-05,64352,3
2e-05,64353,1
2e-05,64354,11
2e-05,64355,2
2e-05,64356,9
2e-05,64357,3
2e-05,64358,0
2e-05,64359,1
2e-05,64360,12
2e-05,64361,12
2e-05,64362,9
2e-05,64363,0
2e-05,64364,6
2e-05,64365,9
2e-05,64366,12
2e-05,64367,12
2e-05,64368,3
2e-05,64369,13
2e-05,64370,3
2e-05,64371,2
2e-05,64372,10
2e-05,64373,10
2e-05,64374,2
2e-05,64375,10
2e-05,64376,2
2e-05,64377,6
2e-05,64378,6
2e-05,64379,10
2e-05,64380,6
2e-05,64381,10
2e-05,64382,5
2e-05,64383,12
2e-05,64384,6
2e-05,64385,9
2e-05,64386,10
2e-05,64387,13
2e-05,64388,1
2e-05,64389,5
2e-05,64390,0
2e-05,64391,13
2e-05,64392,13
2e-05,64393,6
2e-05,64394,6
2e-05,64395,11
2e-05,64396,10
2e-05,64397,0
2e-05,64398,0
2e-05,64399,13
2e-05,64400,2
2e-05,64401,6
2e-05,64402,5
2e-05,64403,6
2e-05,64404,11
2e-05,64405,13
2e-05,64406,10
2e-05,64407,6
2e-05,64408,0
2e-05,64409,10
2e-05,64410,1
2e-05,64411,0
2e-05,64412,5
2e-05,64413,3
2e-05,64414,3
2e-05,64415,3
2e-05,64416,13
2e-05,64417,1
2e-05,64418,3
2e-05,64419,6
2e-05,64420,9
2e-05,64421,5
2e-05,64422,5
2e-05,64423,6
2e-05,64424,2
2e-05,64425,11
2e-05,64426,5
2e-05,64427,0
2e-05,64428,1
2e-05,64429,5
2e-05,64430,10
2e-05,64431,6
2e-05,64432,0
2e-05,64433,10
2e-05,64434,10
2e-05,64435,0
2e-05,64436,5
2e-05,64437,6
2e-05,64438,8
2e-05,64439,12
2e-05,64440,6
2e-05,64441,12
2e-05,64442,0
2e-05,64443,1
2e-05,64444,11
2e-05,64445,13
2e-05,64446,6
2e-05,64447,0
2e-05,64448,12
2e-05,64449,10
2e-05,64450,9
2e-05,64451,10
2e-05,64452,1
2e-05,64453,11
2e-05,64454,9
2e-05,64455,9
2e-05,64456,0
2e-05,64457,0
2e-05,64458,13
2e-05,64459,12
2e-05,64460,9
2e-05,64461,3
2e-05,64462,1
2e-05,64463,1
2e-05,64464,4
2e-05,64465,11
2e-05,64466,1
2e-05,64467,9
2e-05,64468,1
2e-05,64469,9
2e-05,64470,3
2e-05,64471,6
2e-05,64472,11
2e-05,64473,11
2e-05,64474,11
2e-05,64475,12
2e-05,64476,10
2e-05,64477,2
2e-05,64478,0
2e-05,64479,5
2e-05,64480,2
2e-05,64481,2
2e-05,64482,12
2e-05,64483,6
2e-05,64484,6
2e-05,64485,10
2e-05,64486,13
2e-05,64487,10
2e-05,64488,3
2e-05,64489,0
2e-05,64490,5
2e-05,64491,10
2e-05,64492,9
2e-05,64493,11
2e-05,64494,9
2e-05,64495,13
2e-05,64496,11
2e-05,64497,3
2e-05,64498,2
2e-05,64499,2
2e-05,64500,10
2e-05,64501,5
2e-05,64502,6
2e-05,64503,13
2e-05,64504,9
2e-05,64505,0
2e-05,64506,2
2e-05,64507,0
2e-05,64508,5
2e-05,64509,11
2e-05,64510,3
2e-05,64511,2
2e-05,64512,13
2e-05,64513,1
2e-05,64514,5
2e-05,64515,12
2e-05,64516,5
2e-05,64517,11
2e-05,64518,6
2e-05,64519,13
2e-05,64520,9
2e-05,64521,6
2e-05,64522,11
2e-05,64523,1
2e-05,64524,10
2e-05,64525,5
2e-05,64526,16
2e-05,64527,10
2e-05,64528,6
2e-05,64529,9
2e-05,64530,1
2e-05,64531,2
2e-05,64532,6
2e-05,64533,6
2e-05,64534,11
2e-05,64535,2
2e-05,64536,11
2e-05,64537,6
2e-05,64538,3
2e-05,64539,11
2e-05,64540,6
2e-05,64541,12
2e-05,64542,13
2e-05,64543,1
2e-05,64544,0
2e-05,64545,9
2e-05,64546,2
2e-05,64547,0
2e-05,64548,1
2e-05,64549,5
2e-05,64550,0
2e-05,64551,1
2e-05,64552,10
2e-05,64553,11
2e-05,64554,6
2e-05,64555,16
2e-05,64556,13
2e-05,64557,1
2e-05,64558,0
2e-05,64559,11
2e-05,64560,12
2e-05,64561,11
2e-05,64562,5
2e-05,64563,12
2e-05,64564,11
2e-05,64565,10
2e-05,64566,6
2e-05,64567,1
2e-05,64568,10
2e-05,64569,2
2e-05,64570,11
2e-05,64571,9
2e-05,64572,2
2e-05,64573,12
2e-05,64574,12
2e-05,64575,11
2e-05,64576,11
2e-05,64577,13
2e-05,64578,13
2e-05,64579,2
2e-05,64580,1
2e-05,64581,13
2e-05,64582,1
2e-05,64583,5
2e-05,64584,5
2e-05,64585,9
2e-05,64586,2
2e-05,64587,11
2e-05,64588,2
2e-05,64589,13
2e-05,64590,13
2e-05,64591,6
2e-05,64592,2
2e-05,64593,8
2e-05,64594,12
2e-05,64595,2
2e-05,64596,6
2e-05,64597,2
2e-05,64598,9
2e-05,64599,2
2e-05,64600,13
2e-05,64601,2
2e-05,64602,9
2e-05,64603,5
2e-05,64604,6
2e-05,64605,13
2e-05,64606,1
2e-05,64607,0
2e-05,64608,11
2e-05,64609,9
2e-05,64610,2
2e-05,64611,5
2e-05,64612,5
2e-05,64613,12
2e-05,64614,2
2e-05,64615,5
2e-05,64616,13
2e-05,64617,13
2e-05,64618,5
2e-05,64619,3
2e-05,64620,9
2e-05,64621,5
2e-05,64622,11
2e-05,64623,9
2e-05,64624,0
2e-05,64625,3
2e-05,64626,0
2e-05,64627,12
2e-05,64628,9
2e-05,64629,6
2e-05,64630,10
2e-05,64631,12
2e-05,64632,14
2e-05,64633,11
2e-05,64634,0
2e-05,64635,13
2e-05,64636,5
2e-05,64637,9
2e-05,64638,2
2e-05,64639,9
2e-05,64640,11
2e-05,64641,2
2e-05,64642,0
2e-05,64643,9
2e-05,64644,3
2e-05,64645,2
2e-05,64646,13
2e-05,64647,3
2e-05,64648,3
2e-05,64649,5
2e-05,64650,6
2e-05,64651,3
2e-05,64652,5
2e-05,64653,0
2e-05,64654,1
2e-05,64655,5
2e-05,64656,10
2e-05,64657,5
2e-05,64658,13
2e-05,64659,2
2e-05,64660,6
2e-05,64661,1
2e-05,64662,2
2e-05,64663,13
2e-05,64664,0
2e-05,64665,11
2e-05,64666,1
2e-05,64667,2
2e-05,64668,11
2e-05,64669,5
2e-05,64670,11
2e-05,64671,1
2e-05,64672,10
2e-05,64673,0
2e-05,64674,0
2e-05,64675,13
2e-05,64676,10
2e-05,64677,1
2e-05,64678,5
2e-05,64679,9
2e-05,64680,3
2e-05,64681,11
2e-05,64682,0
2e-05,64683,12
2e-05,64684,5
2e-05,64685,1
2e-05,64686,6
2e-05,64687,5
2e-05,64688,0
2e-05,64689,3
2e-05,64690,6
2e-05,64691,10
2e-05,64692,12
2e-05,64693,6
2e-05,64694,9
2e-05,64695,12
2e-05,64696,12
2e-05,64697,6
2e-05,64698,3
2e-05,64699,11
2e-05,64700,6
2e-05,64701,1
2e-05,64702,2
2e-05,64703,0
2e-05,64704,5
2e-05,64705,13
2e-05,64706,3
2e-05,64707,2
2e-05,64708,3
2e-05,64709,13
2e-05,64710,1
2e-05,64711,13
2e-05,64712,5
2e-05,64713,6
2e-05,64714,11
2e-05,64715,13
2e-05,64716,0
2e-05,64717,3
2e-05,64718,16
2e-05,64719,5
2e-05,64720,13
2e-05,64721,2
2e-05,64722,1
2e-05,64723,13
2e-05,64724,1
2e-05,64725,11
2e-05,64726,9
2e-05,64727,3
2e-05,64728,11
2e-05,64729,0
2e-05,64730,6
2e-05,64731,3
2e-05,64732,3
2e-05,64733,13
2e-05,64734,11
2e-05,64735,13
2e-05,64736,13
2e-05,64737,12
2e-05,64738,6
2e-05,64739,1
2e-05,64740,9
2e-05,64741,1
2e-05,64742,1
2e-05,64743,13
2e-05,64744,9
2e-05,64745,13
2e-05,64746,13
2e-05,64747,6
2e-05,64748,11
2e-05,64749,2
2e-05,64750,9
2e-05,64751,12
2e-05,64752,10
2e-05,64753,5
2e-05,64754,0
2e-05,64755,12
2e-05,64756,2
2e-05,64757,1
2e-05,64758,5
2e-05,64759,6
2e-05,64760,6
2e-05,64761,11
2e-05,64762,0
2e-05,64763,6
2e-05,64764,12
2e-05,64765,10
2e-05,64766,12
2e-05,64767,10
2e-05,64768,10
2e-05,64769,5
2e-05,64770,6
2e-05,64771,10
2e-05,64772,3
2e-05,64773,6
2e-05,64774,11
2e-05,64775,6
2e-05,64776,6
2e-05,64777,3
2e-05,64778,3
2e-05,64779,9
2e-05,64780,9
2e-05,64781,12
2e-05,64782,3
2e-05,64783,6
2e-05,64784,2
2e-05,64785,5
2e-05,64786,9
2e-05,64787,5
2e-05,64788,1
2e-05,64789,11
2e-05,64790,5
2e-05,64791,6
2e-05,64792,0
2e-05,64793,5
2e-05,64794,11
2e-05,64795,2
2e-05,64796,11
2e-05,64797,3
2e-05,64798,2
2e-05,64799,5
2e-05,64800,5
2e-05,64801,9
2e-05,64802,5
2e-05,64803,10
2e-05,64804,1
2e-05,64805,11
2e-05,64806,5
2e-05,64807,1
2e-05,64808,12
2e-05,64809,2
2e-05,64810,11
2e-05,64811,3
2e-05,64812,0
2e-05,64813,1
2e-05,64814,11
2e-05,64815,6
2e-05,64816,5
2e-05,64817,10
2e-05,64818,9
2e-05,64819,1
2e-05,64820,11
2e-05,64821,3
2e-05,64822,13
2e-05,64823,11
2e-05,64824,0
2e-05,64825,6
2e-05,64826,0
2e-05,64827,3
2e-05,64828,11
2e-05,64829,5
2e-05,64830,9
2e-05,64831,9
2e-05,64832,0
2e-05,64833,3
2e-05,64834,10
2e-05,64835,12
2e-05,64836,6
2e-05,64837,0
2e-05,64838,2
2e-05,64839,2
2e-05,64840,12
2e-05,64841,6
2e-05,64842,13
2e-05,64843,10
2e-05,64844,10
2e-05,64845,11
2e-05,64846,10
2e-05,64847,1
2e-05,64848,1
2e-05,64849,1
2e-05,64850,9
2e-05,64851,3
2e-05,64852,10
2e-05,64853,6
2e-05,64854,11
2e-05,64855,9
2e-05,64856,1
2e-05,64857,6
2e-05,64858,6
2e-05,64859,5
2e-05,64860,9
2e-05,64861,2
2e-05,64862,9
2e-05,64863,10
2e-05,64864,11
2e-05,64865,10
2e-05,64866,9
2e-05,64867,9
2e-05,64868,2
2e-05,64869,9
2e-05,64870,2
2e-05,64871,5
2e-05,64872,0
2e-05,64873,9
2e-05,64874,1
2e-05,64875,6
2e-05,64876,9
2e-05,64877,2
2e-05,64878,0
2e-05,64879,2
2e-05,64880,2
2e-05,64881,2
2e-05,64882,13
2e-05,64883,9
2e-05,64884,3
2e-05,64885,0
2e-05,64886,5
2e-05,64887,11
2e-05,64888,5
2e-05,64889,3
2e-05,64890,2
2e-05,64891,13
2e-05,64892,1
2e-05,64893,12
2e-05,64894,6
2e-05,64895,9
2e-05,64896,13
2e-05,64897,1
2e-05,64898,0
2e-05,64899,6
2e-05,64900,3
2e-05,64901,11
2e-05,64902,6
2e-05,64903,0
2e-05,64904,3
2e-05,64905,11
2e-05,64906,3
2e-05,64907,11
2e-05,64908,13
2e-05,64909,6
2e-05,64910,10
2e-05,64911,12
2e-05,64912,9
2e-05,64913,5
2e-05,64914,12
2e-05,64915,9
2e-05,64916,5
2e-05,64917,12
2e-05,64918,13
2e-05,64919,9
2e-05,64920,12
2e-05,64921,13
2e-05,64922,6
2e-05,64923,11
2e-05,64924,12
2e-05,64925,5
2e-05,64926,1
2e-05,64927,6
2e-05,64928,10
2e-05,64929,11
2e-05,64930,6
2e-05,64931,12
2e-05,64932,6
2e-05,64933,3
2e-05,64934,1
2e-05,64935,0
2e-05,64936,6
2e-05,64937,6
2e-05,64938,6
2e-05,64939,0
2e-05,64940,11
2e-05,64941,5
2e-05,64942,0
2e-05,64943,9
2e-05,64944,12
2e-05,64945,11
2e-05,64946,6
2e-05,64947,11
2e-05,64948,9
2e-05,64949,5
2e-05,64950,13
2e-05,64951,6
2e-05,64952,9
2e-05,64953,2
2e-05,64954,9
2e-05,64955,3
2e-05,64956,11
2e-05,64957,5
2e-05,64958,12
2e-05,64959,0
2e-05,64960,6
2e-05,64961,1
2e-05,64962,2
2e-05,64963,12
2e-05,64964,2
2e-05,64965,1
2e-05,64966,2
2e-05,64967,3
2e-05,64968,5
2e-05,64969,5
2e-05,64970,13
2e-05,64971,1
2e-05,64972,1
2e-05,64973,11
2e-05,64974,0
2e-05,64975,13
2e-05,64976,5
2e-05,64977,5
2e-05,64978,2
2e-05,64979,6
2e-05,64980,2
2e-05,64981,3
2e-05,64982,3
2e-05,64983,6
2e-05,64984,13
2e-05,64985,12
2e-05,64986,6
2e-05,64987,10
2e-05,64988,5
2e-05,64989,5
2e-05,64990,1
2e-05,64991,1
2e-05,64992,5
2e-05,64993,6
2e-05,64994,2
2e-05,64995,1
2e-05,64996,12
2e-05,64997,9
2e-05,64998,9
2e-05,64999,3
2e-05,65000,6
2e-05,65001,1
2e-05,65002,10
2e-05,65003,1
2e-05,65004,13
2e-05,65005,10
2e-05,65006,11
2e-05,65007,10
2e-05,65008,9
2e-05,65009,11
2e-05,65010,5
2e-05,65011,13
2e-05,65012,9
2e-05,65013,6
2e-05,65014,10
2e-05,65015,12
2e-05,65016,1
2e-05,65017,9
2e-05,65018,12
2e-05,65019,2
2e-05,65020,5
2e-05,65021,2
2e-05,65022,6
2e-05,65023,3
2e-05,65024,1
2e-05,65025,10
2e-05,65026,5
2e-05,65027,6
2e-05,65028,2
2e-05,65029,9
2e-05,65030,12
2e-05,65031,9
2e-05,65032,2
2e-05,65033,0
2e-05,65034,2
2e-05,65035,3
2e-05,65036,2
2e-05,65037,5
2e-05,65038,9
2e-05,65039,12
2e-05,65040,10
2e-05,65041,2
2e-05,65042,11
2e-05,65043,11
2e-05,65044,12
2e-05,65045,12
2e-05,65046,10
2e-05,65047,0
2e-05,65048,10
2e-05,65049,3
2e-05,65050,5
2e-05,65051,6
2e-05,65052,5
2e-05,65053,0
2e-05,65054,13
2e-05,65055,9
2e-05,65056,2
2e-05,65057,11
2e-05,65058,2
2e-05,65059,12
2e-05,65060,6
2e-05,65061,6
2e-05,65062,6
2e-05,65063,12
2e-05,65064,13
2e-05,65065,11
2e-05,65066,11
2e-05,65067,16
2e-05,65068,1
2e-05,65069,9
2e-05,65070,11
2e-05,65071,10
2e-05,65072,6
2e-05,65073,2
2e-05,65074,3
2e-05,65075,9
2e-05,65076,5
2e-05,65077,10
2e-05,65078,0
2e-05,65079,2
2e-05,65080,13
2e-05,65081,13
2e-05,65082,13
2e-05,65083,5
2e-05,65084,12
2e-05,65085,9
2e-05,65086,2
2e-05,65087,1
2e-05,65088,3
2e-05,65089,5
2e-05,65090,1
2e-05,65091,2
2e-05,65092,1
2e-05,65093,6
2e-05,65094,3
2e-05,65095,12
2e-05,65096,2
2e-05,65097,2
2e-05,65098,5
2e-05,65099,1
2e-05,65100,3
2e-05,65101,11
2e-05,65102,13
2e-05,65103,2
2e-05,65104,3
2e-05,65105,13
2e-05,65106,10
2e-05,65107,9
2e-05,65108,1
2e-05,65109,2
2e-05,65110,2
2e-05,65111,11
2e-05,65112,13
2e-05,65113,6
2e-05,65114,1
2e-05,65115,11
2e-05,65116,12
2e-05,65117,12
2e-05,65118,12
2e-05,65119,9
2e-05,65120,10
2e-05,65121,9
2e-05,65122,5
2e-05,65123,3
2e-05,65124,1
2e-05,65125,0
2e-05,65126,5
2e-05,65127,2
2e-05,65128,13
2e-05,65129,5
2e-05,65130,1
2e-05,65131,12
2e-05,65132,2
2e-05,65133,2
2e-05,65134,1
2e-05,65135,9
2e-05,65136,11
2e-05,65137,3
2e-05,65138,3
2e-05,65139,11
2e-05,65140,6
2e-05,65141,10
2e-05,65142,0
2e-05,65143,5
2e-05,65144,0
2e-05,65145,12
2e-05,65146,0
2e-05,65147,13
2e-05,65148,9
2e-05,65149,0
2e-05,65150,2
2e-05,65151,13
2e-05,65152,13
2e-05,65153,10
2e-05,65154,9
2e-05,65155,11
2e-05,65156,1
2e-05,65157,10
2e-05,65158,10
2e-05,65159,2
2e-05,65160,0
2e-05,65161,12
2e-05,65162,11
2e-05,65163,10
2e-05,65164,9
2e-05,65165,6
2e-05,65166,6
2e-05,65167,0
2e-05,65168,0
2e-05,65169,5
2e-05,65170,2
2e-05,65171,11
2e-05,65172,6
2e-05,65173,0
2e-05,65174,0
2e-05,65175,13
2e-05,65176,0
2e-05,65177,10
2e-05,65178,3
2e-05,65179,1
2e-05,65180,12
2e-05,65181,9
2e-05,65182,11
2e-05,65183,12
2e-05,65184,9
2e-05,65185,12
2e-05,65186,5
2e-05,65187,0
2e-05,65188,1
2e-05,65189,6
2e-05,65190,11
2e-05,65191,2
2e-05,65192,11
2e-05,65193,10
2e-05,65194,0
2e-05,65195,0
2e-05,65196,10
2e-05,65197,3
2e-05,65198,0
2e-05,65199,10
2e-05,65200,6
2e-05,65201,13
2e-05,65202,11
2e-05,65203,0
2e-05,65204,8
2e-05,65205,11
2e-05,65206,9
2e-05,65207,6
2e-05,65208,3
2e-05,65209,5
2e-05,65210,10
2e-05,65211,12
2e-05,65212,5
2e-05,65213,10
2e-05,65214,1
2e-05,65215,0
2e-05,65216,6
2e-05,65217,0
2e-05,65218,12
2e-05,65219,5
2e-05,65220,1
2e-05,65221,1
2e-05,65222,3
2e-05,65223,6
2e-05,65224,0
2e-05,65225,10
2e-05,65226,5
2e-05,65227,13
2e-05,65228,13
2e-05,65229,6
2e-05,65230,0
2e-05,65231,2
2e-05,65232,0
2e-05,65233,13
2e-05,65234,10
2e-05,65235,16
2e-05,65236,13
2e-05,65237,2
2e-05,65238,1
2e-05,65239,13
2e-05,65240,3
2e-05,65241,3
2e-05,65242,6
2e-05,65243,3
2e-05,65244,6
2e-05,65245,11
2e-05,65246,11
2e-05,65247,10
2e-05,65248,3
2e-05,65249,11
2e-05,65250,12
2e-05,65251,11
2e-05,65252,5
2e-05,65253,4
2e-05,65254,10
2e-05,65255,2
2e-05,65256,2
2e-05,65257,0
2e-05,65258,11
2e-05,65259,9
2e-05,65260,1
2e-05,65261,2
2e-05,65262,3
2e-05,65263,2
2e-05,65264,12
2e-05,65265,6
2e-05,65266,1
2e-05,65267,13
2e-05,65268,11
2e-05,65269,5
2e-05,65270,5
2e-05,65271,3
2e-05,65272,12
2e-05,65273,6
2e-05,65274,11
2e-05,65275,9
2e-05,65276,0
2e-05,65277,2
2e-05,65278,11
2e-05,65279,12
2e-05,65280,2
2e-05,65281,2
2e-05,65282,5
2e-05,65283,12
2e-05,65284,5
2e-05,65285,11
2e-05,65286,3
2e-05,65287,3
2e-05,65288,10
2e-05,65289,12
2e-05,65290,11
2e-05,65291,2
2e-05,65292,14
2e-05,65293,12
2e-05,65294,0
2e-05,65295,5
2e-05,65296,3
2e-05,65297,12
2e-05,65298,11
2e-05,65299,5
2e-05,65300,3
2e-05,65301,11
2e-05,65302,10
2e-05,65303,9
2e-05,65304,1
2e-05,65305,2
2e-05,65306,2
2e-05,65307,8
2e-05,65308,13
2e-05,65309,10
2e-05,65310,3
2e-05,65311,1
2e-05,65312,2
2e-05,65313,6
2e-05,65314,0
2e-05,65315,11
2e-05,65316,12
2e-05,65317,0
2e-05,65318,9
2e-05,65319,2
2e-05,65320,6
2e-05,65321,3
2e-05,65322,13
2e-05,65323,5
2e-05,65324,1
2e-05,65325,6
2e-05,65326,1
2e-05,65327,12
2e-05,65328,6
2e-05,65329,1
2e-05,65330,2
2e-05,65331,0
2e-05,65332,9
2e-05,65333,2
2e-05,65334,6
2e-05,65335,11
2e-05,65336,13
2e-05,65337,3
2e-05,65338,1
2e-05,65339,10
2e-05,65340,0
2e-05,65341,5
2e-05,65342,9
2e-05,65343,13
2e-05,65344,11
2e-05,65345,10
2e-05,65346,2
2e-05,65347,3
2e-05,65348,10
2e-05,65349,11
2e-05,65350,6
2e-05,65351,5
2e-05,65352,9
2e-05,65353,2
2e-05,65354,11
2e-05,65355,9
2e-05,65356,1
2e-05,65357,9
2e-05,65358,5
2e-05,65359,5
2e-05,65360,1
2e-05,65361,2
2e-05,65362,16
2e-05,65363,12
2e-05,65364,9
2e-05,65365,10
2e-05,65366,0
2e-05,65367,2
2e-05,65368,3
2e-05,65369,13
2e-05,65370,11
2e-05,65371,11
2e-05,65372,9
2e-05,65373,9
2e-05,65374,0
2e-05,65375,1
2e-05,65376,6
2e-05,65377,10
2e-05,65378,13
2e-05,65379,9
2e-05,65380,9
2e-05,65381,13
2e-05,65382,5
2e-05,65383,5
2e-05,65384,10
2e-05,65385,9
2e-05,65386,9
2e-05,65387,1
2e-05,65388,13
2e-05,65389,1
2e-05,65390,11
2e-05,65391,13
2e-05,65392,3
2e-05,65393,11
2e-05,65394,11
2e-05,65395,11
2e-05,65396,9
2e-05,65397,11
2e-05,65398,12
2e-05,65399,0
2e-05,65400,13
2e-05,65401,0
2e-05,65402,9
2e-05,65403,1
2e-05,65404,0
2e-05,65405,0
2e-05,65406,13
2e-05,65407,6
2e-05,65408,5
2e-05,65409,13
2e-05,65410,6
2e-05,65411,1
2e-05,65412,3
2e-05,65413,13
2e-05,65414,1
2e-05,65415,2
2e-05,65416,6
2e-05,65417,1
2e-05,65418,5
2e-05,65419,9
2e-05,65420,4
2e-05,65421,2
2e-05,65422,12
2e-05,65423,13
2e-05,65424,9
2e-05,65425,6
2e-05,65426,0
2e-05,65427,13
2e-05,65428,11
2e-05,65429,3
2e-05,65430,5
2e-05,65431,5
2e-05,65432,1
2e-05,65433,3
2e-05,65434,11
2e-05,65435,5
2e-05,65436,9
2e-05,65437,9
2e-05,65438,3
2e-05,65439,8
2e-05,65440,1
2e-05,65441,13
2e-05,65442,6
2e-05,65443,13
2e-05,65444,0
2e-05,65445,5
2e-05,65446,0
2e-05,65447,9
2e-05,65448,5
2e-05,65449,3
2e-05,65450,2
2e-05,65451,13
2e-05,65452,0
2e-05,65453,5
2e-05,65454,11
2e-05,65455,2
2e-05,65456,1
2e-05,65457,5
2e-05,65458,10
2e-05,65459,11
2e-05,65460,3
2e-05,65461,0
2e-05,65462,3
2e-05,65463,1
2e-05,65464,6
2e-05,65465,6
2e-05,65466,0
2e-05,65467,1
2e-05,65468,0
2e-05,65469,0
2e-05,65470,11
2e-05,65471,0
2e-05,65472,10
2e-05,65473,9
2e-05,65474,2
2e-05,65475,9
2e-05,65476,2
2e-05,65477,3
2e-05,65478,2
2e-05,65479,11
2e-05,65480,13
2e-05,65481,3
2e-05,65482,5
2e-05,65483,0
2e-05,65484,5
2e-05,65485,6
2e-05,65486,0
2e-05,65487,5
2e-05,65488,13
2e-05,65489,10
2e-05,65490,6
2e-05,65491,13
2e-05,65492,13
2e-05,65493,8
2e-05,65494,0
2e-05,65495,6
2e-05,65496,12
2e-05,65497,1
2e-05,65498,10
2e-05,65499,0
2e-05,65500,2
2e-05,65501,0
2e-05,65502,11
2e-05,65503,10
2e-05,65504,0
2e-05,65505,13
2e-05,65506,10
2e-05,65507,13
2e-05,65508,2
2e-05,65509,11
2e-05,65510,5
2e-05,65511,6
2e-05,65512,1
2e-05,65513,9
2e-05,65514,9
2e-05,65515,3
2e-05,65516,0
2e-05,65517,3
2e-05,65518,9
2e-05,65519,6
2e-05,65520,9
2e-05,65521,13
2e-05,65522,6
2e-05,65523,9
2e-05,65524,10
2e-05,65525,6
2e-05,65526,5
2e-05,65527,0
2e-05,65528,9
2e-05,65529,11
2e-05,65530,16
2e-05,65531,3
2e-05,65532,5
2e-05,65533,9
2e-05,65534,6
2e-05,65535,1
2e-05,65536,6
2e-05,65537,11
2e-05,65538,9
2e-05,65539,9
2e-05,65540,13
2e-05,65541,13
2e-05,65542,13
2e-05,65543,11
2e-05,65544,9
2e-05,65545,11
2e-05,65546,5
2e-05,65547,5
2e-05,65548,0
2e-05,65549,9
2e-05,65550,11
2e-05,65551,13
2e-05,65552,6
2e-05,65553,1
2e-05,65554,0
2e-05,65555,2
2e-05,65556,13
2e-05,65557,3
2e-05,65558,12
2e-05,65559,12
2e-05,65560,11
2e-05,65561,6
2e-05,65562,10
2e-05,65563,2
2e-05,65564,10
2e-05,65565,3
2e-05,65566,3
2e-05,65567,10
2e-05,65568,0
2e-05,65569,2
2e-05,65570,9
2e-05,65571,1
2e-05,65572,11
2e-05,65573,13
2e-05,65574,5
2e-05,65575,0
2e-05,65576,10
2e-05,65577,2
2e-05,65578,12
2e-05,65579,1
2e-05,65580,10
2e-05,65581,13
2e-05,65582,12
2e-05,65583,13
2e-05,65584,11
2e-05,65585,1
2e-05,65586,0
2e-05,65587,1
2e-05,65588,1
2e-05,65589,2
2e-05,65590,2
2e-05,65591,13
2e-05,65592,12
2e-05,65593,5
2e-05,65594,0
2e-05,65595,3
2e-05,65596,1
2e-05,65597,11
2e-05,65598,2
2e-05,65599,1
2e-05,65600,12
2e-05,65601,6
2e-05,65602,10
2e-05,65603,9
2e-05,65604,5
2e-05,65605,0
2e-05,65606,12
2e-05,65607,6
2e-05,65608,13
2e-05,65609,9
2e-05,65610,1
2e-05,65611,1
2e-05,65612,9
2e-05,65613,11
2e-05,65614,0
2e-05,65615,6
2e-05,65616,3
2e-05,65617,2
2e-05,65618,13
2e-05,65619,13
2e-05,65620,3
2e-05,65621,10
2e-05,65622,12
2e-05,65623,0
2e-05,65624,13
2e-05,65625,6
2e-05,65626,1
2e-05,65627,6
2e-05,65628,1
2e-05,65629,11
2e-05,65630,6
2e-05,65631,5
2e-05,65632,1
2e-05,65633,12
2e-05,65634,6
2e-05,65635,16
2e-05,65636,5
2e-05,65637,0
2e-05,65638,5
2e-05,65639,5
2e-05,65640,9
2e-05,65641,3
2e-05,65642,9
2e-05,65643,5
2e-05,65644,2
2e-05,65645,6
2e-05,65646,3
2e-05,65647,13
2e-05,65648,6
2e-05,65649,12
2e-05,65650,5
2e-05,65651,11
2e-05,65652,13
2e-05,65653,11
2e-05,65654,2
2e-05,65655,11
2e-05,65656,11
2e-05,65657,10
2e-05,65658,13
2e-05,65659,10
2e-05,65660,13
2e-05,65661,6
2e-05,65662,12
2e-05,65663,3
2e-05,65664,3
2e-05,65665,2
2e-05,65666,1
2e-05,65667,11
2e-05,65668,2
2e-05,65669,11
2e-05,65670,13
2e-05,65671,8
2e-05,65672,2
2e-05,65673,2
2e-05,65674,9
2e-05,65675,13
2e-05,65676,13
2e-05,65677,6
2e-05,65678,3
2e-05,65679,6
2e-05,65680,13
2e-05,65681,3
2e-05,65682,0
2e-05,65683,2
2e-05,65684,12
2e-05,65685,5
2e-05,65686,0
2e-05,65687,9
2e-05,65688,1
2e-05,65689,13
2e-05,65690,13
2e-05,65691,11
2e-05,65692,5
2e-05,65693,10
2e-05,65694,13
2e-05,65695,9
2e-05,65696,12
2e-05,65697,5
2e-05,65698,11
2e-05,65699,9
2e-05,65700,9
2e-05,65701,2
2e-05,65702,10
2e-05,65703,9
2e-05,65704,5
2e-05,65705,5
2e-05,65706,11
2e-05,65707,11
2e-05,65708,3
2e-05,65709,3
2e-05,65710,0
2e-05,65711,11
2e-05,65712,13
2e-05,65713,8
2e-05,65714,11
2e-05,65715,13
2e-05,65716,1
2e-05,65717,3
2e-05,65718,6
2e-05,65719,5
2e-05,65720,5
2e-05,65721,12
2e-05,65722,5
2e-05,65723,5
2e-05,65724,4
2e-05,65725,13
2e-05,65726,16
2e-05,65727,0
2e-05,65728,9
2e-05,65729,9
2e-05,65730,2
2e-05,65731,10
2e-05,65732,11
2e-05,65733,2
2e-05,65734,9
2e-05,65735,2
2e-05,65736,2
2e-05,65737,10
2e-05,65738,13
2e-05,65739,12
2e-05,65740,2
2e-05,65741,9
2e-05,65742,8
2e-05,65743,2
2e-05,65744,5
2e-05,65745,11
2e-05,65746,11
2e-05,65747,10
2e-05,65748,12
2e-05,65749,13
2e-05,65750,13
2e-05,65751,12
2e-05,65752,1
2e-05,65753,10
2e-05,65754,10
2e-05,65755,13
2e-05,65756,9
2e-05,65757,5
2e-05,65758,6
2e-05,65759,5
2e-05,65760,13
2e-05,65761,12
2e-05,65762,11
2e-05,65763,1
2e-05,65764,11
2e-05,65765,1
2e-05,65766,13
2e-05,65767,0
2e-05,65768,12
2e-05,65769,11
2e-05,65770,12
2e-05,65771,1
2e-05,65772,10
2e-05,65773,5
2e-05,65774,5
2e-05,65775,11
2e-05,65776,2
2e-05,65777,13
2e-05,65778,0
2e-05,65779,11
2e-05,65780,3
2e-05,65781,6
2e-05,65782,11
2e-05,65783,13
2e-05,65784,10
2e-05,65785,12
2e-05,65786,9
2e-05,65787,0
2e-05,65788,0
2e-05,65789,9
2e-05,65790,9
2e-05,65791,12
2e-05,65792,10
2e-05,65793,0
2e-05,65794,1
2e-05,65795,13
2e-05,65796,3
2e-05,65797,11
2e-05,65798,11
2e-05,65799,2
2e-05,65800,6
2e-05,65801,13
2e-05,65802,12
2e-05,65803,11
2e-05,65804,5
2e-05,65805,13
2e-05,65806,2
2e-05,65807,1
2e-05,65808,5
2e-05,65809,11
2e-05,65810,2
2e-05,65811,9
2e-05,65812,10
2e-05,65813,9
2e-05,65814,12
2e-05,65815,3
2e-05,65816,1
2e-05,65817,6
2e-05,65818,12
2e-05,65819,5
2e-05,65820,11
2e-05,65821,3
2e-05,65822,9
2e-05,65823,2
2e-05,65824,12
2e-05,65825,9
2e-05,65826,13
2e-05,65827,9
2e-05,65828,12
2e-05,65829,9
2e-05,65830,0
2e-05,65831,2
2e-05,65832,0
2e-05,65833,0
2e-05,65834,1
2e-05,65835,3
2e-05,65836,6
2e-05,65837,9
2e-05,65838,17
2e-05,65839,3
2e-05,65840,2
2e-05,65841,13
2e-05,65842,10
2e-05,65843,5
2e-05,65844,10
2e-05,65845,2
2e-05,65846,0
2e-05,65847,5
2e-05,65848,1
2e-05,65849,12
2e-05,65850,13
2e-05,65851,2
2e-05,65852,11
2e-05,65853,2
2e-05,65854,6
2e-05,65855,12
2e-05,65856,12
2e-05,65857,9
2e-05,65858,3
2e-05,65859,11
2e-05,65860,5
2e-05,65861,9
2e-05,65862,10
2e-05,65863,6
2e-05,65864,0
2e-05,65865,1
2e-05,65866,12
2e-05,65867,10
2e-05,65868,9
2e-05,65869,0
2e-05,65870,6
2e-05,65871,6
2e-05,65872,1
2e-05,65873,0
2e-05,65874,10
2e-05,65875,0
2e-05,65876,5
2e-05,65877,6
2e-05,65878,12
2e-05,65879,3
2e-05,65880,5
2e-05,65881,12
2e-05,65882,5
2e-05,65883,6
2e-05,65884,2
2e-05,65885,1
2e-05,65886,2
2e-05,65887,0
2e-05,65888,14
2e-05,65889,0
2e-05,65890,2
2e-05,65891,9
2e-05,65892,10
2e-05,65893,6
2e-05,65894,6
2e-05,65895,6
2e-05,65896,2
2e-05,65897,3
2e-05,65898,13
2e-05,65899,9
2e-05,65900,9
2e-05,65901,6
2e-05,65902,6
2e-05,65903,5
2e-05,65904,6
2e-05,65905,10
2e-05,65906,10
2e-05,65907,5
2e-05,65908,12
2e-05,65909,9
2e-05,65910,1
2e-05,65911,9
2e-05,65912,1
2e-05,65913,10
2e-05,65914,0
2e-05,65915,12
2e-05,65916,13
2e-05,65917,13
2e-05,65918,12
2e-05,65919,10
2e-05,65920,10
2e-05,65921,13
2e-05,65922,11
2e-05,65923,6
2e-05,65924,9
2e-05,65925,9
2e-05,65926,0
2e-05,65927,11
2e-05,65928,11
2e-05,65929,10
2e-05,65930,5
2e-05,65931,3
2e-05,65932,13
2e-05,65933,1
2e-05,65934,10
2e-05,65935,13
2e-05,65936,0
2e-05,65937,2
2e-05,65938,12
2e-05,65939,3
2e-05,65940,12
2e-05,65941,10
2e-05,65942,10
2e-05,65943,11
2e-05,65944,2
2e-05,65945,5
2e-05,65946,5
2e-05,65947,11
2e-05,65948,13
2e-05,65949,6
2e-05,65950,11
2e-05,65951,16
2e-05,65952,5
2e-05,65953,11
2e-05,65954,3
2e-05,65955,16
2e-05,65956,9
2e-05,65957,0
2e-05,65958,0
2e-05,65959,9
2e-05,65960,9
2e-05,65961,10
2e-05,65962,5
2e-05,65963,13
2e-05,65964,9
2e-05,65965,5
2e-05,65966,11
2e-05,65967,5
2e-05,65968,5
2e-05,65969,1
2e-05,65970,12
2e-05,65971,2
2e-05,65972,11
2e-05,65973,2
2e-05,65974,0
2e-05,65975,10
2e-05,65976,5
2e-05,65977,6
2e-05,65978,11
2e-05,65979,6
2e-05,65980,12
2e-05,65981,9
2e-05,65982,10
2e-05,65983,10
2e-05,65984,1
2e-05,65985,2
2e-05,65986,13
2e-05,65987,9
2e-05,65988,6
2e-05,65989,11
2e-05,65990,0
2e-05,65991,3
2e-05,65992,10
2e-05,65993,9
2e-05,65994,5
2e-05,65995,11
2e-05,65996,2
2e-05,65997,2
2e-05,65998,9
2e-05,65999,2
2e-05,66000,9
2e-05,66001,1
2e-05,66002,5
2e-05,66003,1
2e-05,66004,16
2e-05,66005,13
2e-05,66006,9
2e-05,66007,13
2e-05,66008,6
2e-05,66009,13
2e-05,66010,11
2e-05,66011,10
2e-05,66012,2
2e-05,66013,1
2e-05,66014,6
2e-05,66015,6
2e-05,66016,9
2e-05,66017,11
2e-05,66018,3
2e-05,66019,9
2e-05,66020,13
2e-05,66021,1
2e-05,66022,6
2e-05,66023,9
2e-05,66024,1
2e-05,66025,11
2e-05,66026,12
2e-05,66027,11
2e-05,66028,6
2e-05,66029,1
2e-05,66030,3
2e-05,66031,13
2e-05,66032,9
2e-05,66033,6
2e-05,66034,10
2e-05,66035,13
2e-05,66036,12
2e-05,66037,10
2e-05,66038,0
2e-05,66039,9
2e-05,66040,10
2e-05,66041,13
2e-05,66042,6
2e-05,66043,13
2e-05,66044,0
2e-05,66045,10
2e-05,66046,1
2e-05,66047,12
2e-05,66048,11
2e-05,66049,6
2e-05,66050,10
2e-05,66051,12
2e-05,66052,0
2e-05,66053,5
2e-05,66054,9
2e-05,66055,12
2e-05,66056,1
2e-05,66057,9
2e-05,66058,2
2e-05,66059,6
2e-05,66060,3
2e-05,66061,1
2e-05,66062,1
2e-05,66063,13
2e-05,66064,11
2e-05,66065,3
2e-05,66066,13
2e-05,66067,3
2e-05,66068,11
2e-05,66069,6
2e-05,66070,3
2e-05,66071,3
2e-05,66072,0
2e-05,66073,13
2e-05,66074,1
2e-05,66075,3
2e-05,66076,5
2e-05,66077,11
2e-05,66078,13
2e-05,66079,3
2e-05,66080,1
2e-05,66081,9
2e-05,66082,0
2e-05,66083,11
2e-05,66084,9
2e-05,66085,1
2e-05,66086,0
2e-05,66087,5
2e-05,66088,5
2e-05,66089,9
2e-05,66090,11
2e-05,66091,13
2e-05,66092,10
2e-05,66093,9
2e-05,66094,2
2e-05,66095,2
2e-05,66096,0
2e-05,66097,5
2e-05,66098,12
2e-05,66099,10
2e-05,66100,2
2e-05,66101,10
2e-05,66102,12
2e-05,66103,2
2e-05,66104,6
2e-05,66105,3
2e-05,66106,9
2e-05,66107,10
2e-05,66108,12
2e-05,66109,9
2e-05,66110,2
2e-05,66111,10
2e-05,66112,1
2e-05,66113,13
2e-05,66114,5
2e-05,66115,10
2e-05,66116,3
2e-05,66117,13
2e-05,66118,12
2e-05,66119,9
2e-05,66120,6
2e-05,66121,11
2e-05,66122,1
2e-05,66123,6
2e-05,66124,11
2e-05,66125,1
2e-05,66126,0
2e-05,66127,13
2e-05,66128,1
2e-05,66129,1
2e-05,66130,3
2e-05,66131,1
2e-05,66132,6
2e-05,66133,6
2e-05,66134,8
2e-05,66135,3
2e-05,66136,5
2e-05,66137,10
2e-05,66138,6
2e-05,66139,13
2e-05,66140,2
2e-05,66141,2
2e-05,66142,11
2e-05,66143,13
2e-05,66144,11
2e-05,66145,10
2e-05,66146,0
2e-05,66147,5
2e-05,66148,11
2e-05,66149,3
2e-05,66150,11
2e-05,66151,9
2e-05,66152,10
2e-05,66153,6
2e-05,66154,10
2e-05,66155,6
2e-05,66156,3
2e-05,66157,9
2e-05,66158,11
2e-05,66159,5
2e-05,66160,5
2e-05,66161,2
2e-05,66162,3
2e-05,66163,11
2e-05,66164,2
2e-05,66165,2
2e-05,66166,11
2e-05,66167,2
2e-05,66168,13
2e-05,66169,3
2e-05,66170,5
2e-05,66171,12
2e-05,66172,3
2e-05,66173,0
2e-05,66174,13
2e-05,66175,3
2e-05,66176,11
2e-05,66177,13
2e-05,66178,6
2e-05,66179,2
2e-05,66180,12
2e-05,66181,10
2e-05,66182,3
2e-05,66183,3
2e-05,66184,6
2e-05,66185,10
2e-05,66186,1
2e-05,66187,13
2e-05,66188,11
2e-05,66189,0
2e-05,66190,13
2e-05,66191,3
2e-05,66192,5
2e-05,66193,12
2e-05,66194,10
2e-05,66195,10
2e-05,66196,0
2e-05,66197,1
2e-05,66198,6
2e-05,66199,2
2e-05,66200,11
2e-05,66201,10
2e-05,66202,9
2e-05,66203,12
2e-05,66204,5
2e-05,66205,2
2e-05,66206,0
2e-05,66207,2
2e-05,66208,3
2e-05,66209,13
2e-05,66210,9
2e-05,66211,3
2e-05,66212,13
2e-05,66213,10
2e-05,66214,6
2e-05,66215,1
2e-05,66216,5
2e-05,66217,11
2e-05,66218,4
2e-05,66219,13
2e-05,66220,0
2e-05,66221,0
2e-05,66222,3
2e-05,66223,10
2e-05,66224,12
2e-05,66225,2
2e-05,66226,6
2e-05,66227,5
2e-05,66228,1
2e-05,66229,16
2e-05,66230,11
2e-05,66231,3
2e-05,66232,12
2e-05,66233,2
2e-05,66234,3
2e-05,66235,5
2e-05,66236,9
2e-05,66237,0
2e-05,66238,11
2e-05,66239,13
2e-05,66240,3
2e-05,66241,11
2e-05,66242,11
2e-05,66243,3
2e-05,66244,3
2e-05,66245,13
2e-05,66246,9
2e-05,66247,9
2e-05,66248,13
2e-05,66249,10
2e-05,66250,0
2e-05,66251,10
2e-05,66252,1
2e-05,66253,6
2e-05,66254,9
2e-05,66255,9
2e-05,66256,11
2e-05,66257,11
2e-05,66258,0
2e-05,66259,6
2e-05,66260,12
2e-05,66261,10
2e-05,66262,3
2e-05,66263,11
2e-05,66264,10
2e-05,66265,13
2e-05,66266,10
2e-05,66267,5
2e-05,66268,10
2e-05,66269,6
2e-05,66270,1
2e-05,66271,1
2e-05,66272,3
2e-05,66273,6
2e-05,66274,5
2e-05,66275,5
2e-05,66276,11
2e-05,66277,12
2e-05,66278,13
2e-05,66279,5
2e-05,66280,9
2e-05,66281,9
2e-05,66282,6
2e-05,66283,10
2e-05,66284,1
2e-05,66285,1
2e-05,66286,10
2e-05,66287,0
2e-05,66288,6
2e-05,66289,3
2e-05,66290,10
2e-05,66291,11
2e-05,66292,0
2e-05,66293,11
2e-05,66294,0
2e-05,66295,6
2e-05,66296,2
2e-05,66297,1
2e-05,66298,1
2e-05,66299,5
2e-05,66300,12
2e-05,66301,11
2e-05,66302,6
2e-05,66303,1
2e-05,66304,11
2e-05,66305,3
2e-05,66306,10
2e-05,66307,0
2e-05,66308,13
2e-05,66309,3
2e-05,66310,11
2e-05,66311,5
2e-05,66312,3
2e-05,66313,6
2e-05,66314,2
2e-05,66315,0
2e-05,66316,10
2e-05,66317,0
2e-05,66318,3
2e-05,66319,0
2e-05,66320,3
2e-05,66321,10
2e-05,66322,1
2e-05,66323,3
2e-05,66324,5
2e-05,66325,0
2e-05,66326,11
2e-05,66327,1
2e-05,66328,12
2e-05,66329,12
2e-05,66330,3
2e-05,66331,0
2e-05,66332,11
2e-05,66333,10
2e-05,66334,9
2e-05,66335,1
2e-05,66336,9
2e-05,66337,9
2e-05,66338,9
2e-05,66339,2
2e-05,66340,13
2e-05,66341,1
2e-05,66342,2
2e-05,66343,10
2e-05,66344,10
2e-05,66345,6
2e-05,66346,5
2e-05,66347,2
2e-05,66348,13
2e-05,66349,12
2e-05,66350,5
2e-05,66351,11
2e-05,66352,2
2e-05,66353,3
2e-05,66354,5
2e-05,66355,13
2e-05,66356,0
2e-05,66357,3
2e-05,66358,11
2e-05,66359,3
2e-05,66360,6
2e-05,66361,3
2e-05,66362,1
2e-05,66363,5
2e-05,66364,4
2e-05,66365,12
2e-05,66366,1
2e-05,66367,1
2e-05,66368,12
2e-05,66369,1
2e-05,66370,6
2e-05,66371,9
2e-05,66372,1
2e-05,66373,12
2e-05,66374,13
2e-05,66375,0
2e-05,66376,1
2e-05,66377,5
2e-05,66378,5
2e-05,66379,2
2e-05,66380,2
2e-05,66381,3
2e-05,66382,5
2e-05,66383,13
2e-05,66384,2
2e-05,66385,6
2e-05,66386,5
2e-05,66387,5
2e-05,66388,10
2e-05,66389,3
2e-05,66390,11
2e-05,66391,5
2e-05,66392,5
2e-05,66393,12
2e-05,66394,6
2e-05,66395,12
2e-05,66396,1
2e-05,66397,9
2e-05,66398,0
2e-05,66399,13
2e-05,66400,5
2e-05,66401,0
2e-05,66402,9
2e-05,66403,11
2e-05,66404,10
2e-05,66405,6
2e-05,66406,9
2e-05,66407,0
2e-05,66408,13
2e-05,66409,2
2e-05,66410,11
2e-05,66411,0
2e-05,66412,10
2e-05,66413,11
2e-05,66414,5
2e-05,66415,9
2e-05,66416,5
2e-05,66417,2
2e-05,66418,0
2e-05,66419,2
2e-05,66420,5
2e-05,66421,9
2e-05,66422,5
2e-05,66423,11
2e-05,66424,13
2e-05,66425,0
2e-05,66426,6
2e-05,66427,12
2e-05,66428,2
2e-05,66429,13
2e-05,66430,11
2e-05,66431,12
2e-05,66432,11
2e-05,66433,9
2e-05,66434,2
2e-05,66435,6
2e-05,66436,5
2e-05,66437,13
2e-05,66438,11
2e-05,66439,6
2e-05,66440,10
2e-05,66441,9
2e-05,66442,10
2e-05,66443,2
2e-05,66444,13
2e-05,66445,6
2e-05,66446,1
2e-05,66447,1
2e-05,66448,3
2e-05,66449,3
2e-05,66450,0
2e-05,66451,1
2e-05,66452,0
2e-05,66453,5
2e-05,66454,6
2e-05,66455,13
2e-05,66456,6
2e-05,66457,6
2e-05,66458,11
2e-05,66459,1
2e-05,66460,12
2e-05,66461,5
2e-05,66462,6
2e-05,66463,0
2e-05,66464,0
2e-05,66465,0
2e-05,66466,9
2e-05,66467,11
2e-05,66468,13
2e-05,66469,1
2e-05,66470,6
2e-05,66471,3
2e-05,66472,13
2e-05,66473,6
2e-05,66474,11
2e-05,66475,5
2e-05,66476,9
2e-05,66477,5
2e-05,66478,1
2e-05,66479,0
2e-05,66480,0
2e-05,66481,10
2e-05,66482,9
2e-05,66483,3
2e-05,66484,2
2e-05,66485,9
2e-05,66486,11
2e-05,66487,5
2e-05,66488,6
2e-05,66489,9
2e-05,66490,0
2e-05,66491,11
2e-05,66492,3
2e-05,66493,5
2e-05,66494,12
2e-05,66495,9
2e-05,66496,9
2e-05,66497,1
2e-05,66498,12
2e-05,66499,12
2e-05,66500,3
2e-05,66501,9
2e-05,66502,6
2e-05,66503,3
2e-05,66504,0
2e-05,66505,2
2e-05,66506,2
2e-05,66507,0
2e-05,66508,6
2e-05,66509,10
2e-05,66510,2
2e-05,66511,13
2e-05,66512,3
2e-05,66513,11
2e-05,66514,5
2e-05,66515,3
2e-05,66516,5
2e-05,66517,11
2e-05,66518,0
2e-05,66519,3
2e-05,66520,12
2e-05,66521,9
2e-05,66522,1
2e-05,66523,13
2e-05,66524,10
2e-05,66525,2
2e-05,66526,3
2e-05,66527,2
2e-05,66528,3
2e-05,66529,11
2e-05,66530,1
2e-05,66531,13
2e-05,66532,13
2e-05,66533,6
2e-05,66534,6
2e-05,66535,1
2e-05,66536,9
2e-05,66537,9
2e-05,66538,0
2e-05,66539,6
2e-05,66540,2
2e-05,66541,9
2e-05,66542,11
2e-05,66543,0
2e-05,66544,9
2e-05,66545,12
2e-05,66546,10
2e-05,66547,3
2e-05,66548,0
2e-05,66549,5
2e-05,66550,6
2e-05,66551,16
2e-05,66552,6
2e-05,66553,10
2e-05,66554,10
2e-05,66555,9
2e-05,66556,5
2e-05,66557,0
2e-05,66558,11
2e-05,66559,1
2e-05,66560,6
2e-05,66561,16
2e-05,66562,4
2e-05,66563,11
2e-05,66564,2
2e-05,66565,12
2e-05,66566,5
2e-05,66567,6
2e-05,66568,6
2e-05,66569,2
2e-05,66570,6
2e-05,66571,11
2e-05,66572,13
2e-05,66573,11
2e-05,66574,3
2e-05,66575,2
2e-05,66576,0
2e-05,66577,0
2e-05,66578,12
2e-05,66579,2
2e-05,66580,6
2e-05,66581,11
2e-05,66582,11
2e-05,66583,9
2e-05,66584,10
2e-05,66585,12
2e-05,66586,9
2e-05,66587,12
2e-05,66588,1
2e-05,66589,11
2e-05,66590,3
2e-05,66591,11
2e-05,66592,6
2e-05,66593,9
2e-05,66594,5
2e-05,66595,13
2e-05,66596,11
2e-05,66597,9
2e-05,66598,9
2e-05,66599,13
2e-05,66600,10
2e-05,66601,11
2e-05,66602,0
2e-05,66603,3
2e-05,66604,2
2e-05,66605,11
2e-05,66606,13
2e-05,66607,3
2e-05,66608,6
2e-05,66609,2
2e-05,66610,0
2e-05,66611,9
2e-05,66612,12
2e-05,66613,1
2e-05,66614,13
2e-05,66615,12
2e-05,66616,10
2e-05,66617,9
2e-05,66618,1
2e-05,66619,9
2e-05,66620,11
2e-05,66621,0
2e-05,66622,9
2e-05,66623,5
2e-05,66624,5
2e-05,66625,9
2e-05,66626,11
2e-05,66627,3
2e-05,66628,13
2e-05,66629,0
2e-05,66630,11
2e-05,66631,12
2e-05,66632,11
2e-05,66633,2
2e-05,66634,12
2e-05,66635,6
2e-05,66636,12
2e-05,66637,11
2e-05,66638,11
2e-05,66639,12
2e-05,66640,8
2e-05,66641,2
2e-05,66642,1
2e-05,66643,5
2e-05,66644,0
2e-05,66645,13
2e-05,66646,5
2e-05,66647,12
2e-05,66648,2
2e-05,66649,13
2e-05,66650,2
2e-05,66651,5
2e-05,66652,0
2e-05,66653,9
2e-05,66654,6
2e-05,66655,1
2e-05,66656,11
2e-05,66657,3
2e-05,66658,6
2e-05,66659,9
2e-05,66660,9
2e-05,66661,6
2e-05,66662,2
2e-05,66663,0
2e-05,66664,10
2e-05,66665,0
2e-05,66666,0
2e-05,66667,6
2e-05,66668,3
2e-05,66669,1
2e-05,66670,5
2e-05,66671,3
2e-05,66672,3
2e-05,66673,11
2e-05,66674,11
2e-05,66675,3
2e-05,66676,1
2e-05,66677,13
2e-05,66678,13
2e-05,66679,5
2e-05,66680,3
2e-05,66681,11
2e-05,66682,10
2e-05,66683,1
2e-05,66684,10
2e-05,66685,1
2e-05,66686,1
2e-05,66687,1
2e-05,66688,5
2e-05,66689,12
2e-05,66690,3
2e-05,66691,10
2e-05,66692,11
2e-05,66693,10
2e-05,66694,6
2e-05,66695,10
2e-05,66696,11
2e-05,66697,9
2e-05,66698,6
2e-05,66699,1
2e-05,66700,11
2e-05,66701,13
2e-05,66702,12
2e-05,66703,2
2e-05,66704,1
2e-05,66705,2
2e-05,66706,10
2e-05,66707,11
2e-05,66708,5
2e-05,66709,10
2e-05,66710,3
2e-05,66711,11
2e-05,66712,2
2e-05,66713,12
2e-05,66714,6
2e-05,66715,2
2e-05,66716,2
2e-05,66717,12
2e-05,66718,5
2e-05,66719,3
2e-05,66720,13
2e-05,66721,10
2e-05,66722,12
2e-05,66723,6
2e-05,66724,11
2e-05,66725,11
2e-05,66726,11
2e-05,66727,5
2e-05,66728,3
2e-05,66729,13
2e-05,66730,5
2e-05,66731,5
2e-05,66732,10
2e-05,66733,6
2e-05,66734,12
2e-05,66735,5
2e-05,66736,3
2e-05,66737,11
2e-05,66738,13
2e-05,66739,5
2e-05,66740,5
2e-05,66741,5
2e-05,66742,6
2e-05,66743,10
2e-05,66744,11
2e-05,66745,13
2e-05,66746,12
2e-05,66747,9
2e-05,66748,5
2e-05,66749,16
2e-05,66750,5
2e-05,66751,5
2e-05,66752,6
2e-05,66753,12
2e-05,66754,2
2e-05,66755,0
2e-05,66756,6
2e-05,66757,6
2e-05,66758,2
2e-05,66759,6
2e-05,66760,3
2e-05,66761,0
2e-05,66762,6
2e-05,66763,0
2e-05,66764,6
2e-05,66765,11
2e-05,66766,13
2e-05,66767,5
2e-05,66768,10
2e-05,66769,1
2e-05,66770,1
2e-05,66771,13
2e-05,66772,12
2e-05,66773,10
2e-05,66774,5
2e-05,66775,12
2e-05,66776,12
2e-05,66777,3
2e-05,66778,13
2e-05,66779,0
2e-05,66780,1
2e-05,66781,1
2e-05,66782,10
2e-05,66783,9
2e-05,66784,13
2e-05,66785,10
2e-05,66786,3
2e-05,66787,13
2e-05,66788,1
2e-05,66789,2
2e-05,66790,10
2e-05,66791,1
2e-05,66792,2
2e-05,66793,0
2e-05,66794,11
2e-05,66795,2
2e-05,66796,3
2e-05,66797,5
2e-05,66798,11
2e-05,66799,11
2e-05,66800,11
2e-05,66801,1
2e-05,66802,6
2e-05,66803,9
2e-05,66804,2
2e-05,66805,9
2e-05,66806,11
2e-05,66807,10
2e-05,66808,9
2e-05,66809,13
2e-05,66810,1
2e-05,66811,16
2e-05,66812,6
2e-05,66813,5
2e-05,66814,16
2e-05,66815,2
2e-05,66816,12
2e-05,66817,1
2e-05,66818,5
2e-05,66819,3
2e-05,66820,5
2e-05,66821,9
2e-05,66822,0
2e-05,66823,0
2e-05,66824,10
2e-05,66825,12
2e-05,66826,13
2e-05,66827,11
2e-05,66828,11
2e-05,66829,11
2e-05,66830,5
2e-05,66831,5
2e-05,66832,11
2e-05,66833,2
2e-05,66834,11
2e-05,66835,9
2e-05,66836,6
2e-05,66837,5
2e-05,66838,6
2e-05,66839,11
2e-05,66840,1
2e-05,66841,2
2e-05,66842,13
2e-05,66843,6
2e-05,66844,1
2e-05,66845,3
2e-05,66846,10
2e-05,66847,11
2e-05,66848,10
2e-05,66849,13
2e-05,66850,6
2e-05,66851,11
2e-05,66852,3
2e-05,66853,2
2e-05,66854,2
2e-05,66855,11
2e-05,66856,1
2e-05,66857,1
2e-05,66858,13
2e-05,66859,9
2e-05,66860,6
2e-05,66861,9
2e-05,66862,10
2e-05,66863,15
2e-05,66864,0
2e-05,66865,11
2e-05,66866,13
2e-05,66867,11
2e-05,66868,9
2e-05,66869,5
2e-05,66870,11
2e-05,66871,13
2e-05,66872,9
2e-05,66873,6
2e-05,66874,3
2e-05,66875,10
2e-05,66876,6
2e-05,66877,6
2e-05,66878,6
2e-05,66879,11
2e-05,66880,12
2e-05,66881,10
2e-05,66882,2
2e-05,66883,12
2e-05,66884,6
2e-05,66885,5
2e-05,66886,10
2e-05,66887,13
2e-05,66888,5
2e-05,66889,3
2e-05,66890,6
2e-05,66891,5
2e-05,66892,3
2e-05,66893,2
2e-05,66894,5
2e-05,66895,10
2e-05,66896,3
2e-05,66897,5
2e-05,66898,10
2e-05,66899,12
2e-05,66900,13
2e-05,66901,13
2e-05,66902,12
2e-05,66903,10
2e-05,66904,0
2e-05,66905,1
2e-05,66906,8
2e-05,66907,0
2e-05,66908,0
2e-05,66909,11
2e-05,66910,2
2e-05,66911,13
2e-05,66912,10
2e-05,66913,0
2e-05,66914,0
2e-05,66915,6
2e-05,66916,5
2e-05,66917,2
2e-05,66918,12
2e-05,66919,9
2e-05,66920,12
2e-05,66921,5
2e-05,66922,5
2e-05,66923,10
2e-05,66924,10
2e-05,66925,13
2e-05,66926,9
2e-05,66927,10
2e-05,66928,11
2e-05,66929,6
2e-05,66930,1
2e-05,66931,1
2e-05,66932,5
2e-05,66933,6
2e-05,66934,0
2e-05,66935,11
2e-05,66936,9
2e-05,66937,1
2e-05,66938,5
2e-05,66939,10
2e-05,66940,0
2e-05,66941,0
2e-05,66942,9
2e-05,66943,6
2e-05,66944,5
2e-05,66945,9
2e-05,66946,1
2e-05,66947,13
2e-05,66948,2
2e-05,66949,2
2e-05,66950,6
2e-05,66951,6
2e-05,66952,5
2e-05,66953,9
2e-05,66954,13
2e-05,66955,3
2e-05,66956,11
2e-05,66957,10
2e-05,66958,0
2e-05,66959,13
2e-05,66960,9
2e-05,66961,9
2e-05,66962,13
2e-05,66963,13
2e-05,66964,0
2e-05,66965,1
2e-05,66966,3
2e-05,66967,2
2e-05,66968,6
2e-05,66969,1
2e-05,66970,5
2e-05,66971,2
2e-05,66972,3
2e-05,66973,9
2e-05,66974,1
2e-05,66975,12
2e-05,66976,13
2e-05,66977,3
2e-05,66978,5
2e-05,66979,0
2e-05,66980,9
2e-05,66981,6
2e-05,66982,2
2e-05,66983,6
2e-05,66984,9
2e-05,66985,0
2e-05,66986,2
2e-05,66987,5
2e-05,66988,2
2e-05,66989,6
2e-05,66990,9
2e-05,66991,12
2e-05,66992,5
2e-05,66993,11
2e-05,66994,3
2e-05,66995,2
2e-05,66996,3
2e-05,66997,4
2e-05,66998,3
2e-05,66999,1
2e-05,67000,13
2e-05,67001,10
2e-05,67002,2
2e-05,67003,11
2e-05,67004,13
2e-05,67005,0
2e-05,67006,10
2e-05,67007,2
2e-05,67008,12
2e-05,67009,11
2e-05,67010,2
2e-05,67011,13
2e-05,67012,12
2e-05,67013,11
2e-05,67014,3
2e-05,67015,10
2e-05,67016,3
2e-05,67017,13
2e-05,67018,3
2e-05,67019,1
2e-05,67020,10
2e-05,67021,9
2e-05,67022,2
2e-05,67023,10
2e-05,67024,6
2e-05,67025,5
2e-05,67026,13
2e-05,67027,1
2e-05,67028,3
2e-05,67029,9
2e-05,67030,6
2e-05,67031,0
2e-05,67032,13
2e-05,67033,11
2e-05,67034,13
2e-05,67035,13
2e-05,67036,10
2e-05,67037,6
2e-05,67038,5
2e-05,67039,10
2e-05,67040,1
2e-05,67041,0
2e-05,67042,13
2e-05,67043,10
2e-05,67044,10
2e-05,67045,3
2e-05,67046,10
2e-05,67047,2
2e-05,67048,10
2e-05,67049,13
2e-05,67050,5
2e-05,67051,8
2e-05,67052,1
2e-05,67053,1
2e-05,67054,0
2e-05,67055,10
2e-05,67056,13
2e-05,67057,12
2e-05,67058,0
2e-05,67059,0
2e-05,67060,12
2e-05,67061,0
2e-05,67062,0
2e-05,67063,13
2e-05,67064,11
2e-05,67065,6
2e-05,67066,9
2e-05,67067,10
2e-05,67068,2
2e-05,67069,12
2e-05,67070,6
2e-05,67071,0
2e-05,67072,3
2e-05,67073,13
2e-05,67074,5
2e-05,67075,2
2e-05,67076,9
2e-05,67077,0
2e-05,67078,3
2e-05,67079,9
2e-05,67080,2
2e-05,67081,6
2e-05,67082,5
2e-05,67083,12
2e-05,67084,0
2e-05,67085,10
2e-05,67086,0
2e-05,67087,6
2e-05,67088,2
2e-05,67089,11
2e-05,67090,11
2e-05,67091,9
2e-05,67092,13
2e-05,67093,9
2e-05,67094,12
2e-05,67095,3
2e-05,67096,6
2e-05,67097,0
2e-05,67098,0
2e-05,67099,0
2e-05,67100,11
2e-05,67101,1
2e-05,67102,10
2e-05,67103,3
2e-05,67104,0
2e-05,67105,0
2e-05,67106,2
2e-05,67107,9
2e-05,67108,9
2e-05,67109,0
2e-05,67110,0
2e-05,67111,9
2e-05,67112,2
2e-05,67113,1
2e-05,67114,5
2e-05,67115,11
2e-05,67116,10
2e-05,67117,6
2e-05,67118,0
2e-05,67119,5
2e-05,67120,0
2e-05,67121,1
2e-05,67122,2
2e-05,67123,0
2e-05,67124,6
2e-05,67125,9
2e-05,67126,12
2e-05,67127,1
2e-05,67128,0
2e-05,67129,3
2e-05,67130,1
2e-05,67131,2
2e-05,67132,12
2e-05,67133,1
2e-05,67134,10
2e-05,67135,12
2e-05,67136,0
2e-05,67137,11
2e-05,67138,13
2e-05,67139,11
2e-05,67140,11
2e-05,67141,9
2e-05,67142,11
2e-05,67143,13
2e-05,67144,6
2e-05,67145,5
2e-05,67146,12
2e-05,67147,3
2e-05,67148,1
2e-05,67149,1
2e-05,67150,0
2e-05,67151,1
2e-05,67152,11
2e-05,67153,11
2e-05,67154,9
2e-05,67155,2
2e-05,67156,13
2e-05,67157,9
2e-05,67158,5
2e-05,67159,11
2e-05,67160,2
2e-05,67161,9
2e-05,67162,0
2e-05,67163,1
2e-05,67164,11
2e-05,67165,1
2e-05,67166,0
2e-05,67167,3
2e-05,67168,11
2e-05,67169,13
2e-05,67170,11
2e-05,67171,13
2e-05,67172,2
2e-05,67173,1
2e-05,67174,3
2e-05,67175,0
2e-05,67176,11
2e-05,67177,13
2e-05,67178,10
2e-05,67179,0
2e-05,67180,5
2e-05,67181,8
2e-05,67182,0
2e-05,67183,10
2e-05,67184,12
2e-05,67185,1
2e-05,67186,10
2e-05,67187,1
2e-05,67188,12
2e-05,67189,6
2e-05,67190,3
2e-05,67191,5
2e-05,67192,0
2e-05,67193,11
2e-05,67194,1
2e-05,67195,13
2e-05,67196,0
2e-05,67197,13
2e-05,67198,12
2e-05,67199,13
2e-05,67200,6
2e-05,67201,12
2e-05,67202,1
2e-05,67203,12
2e-05,67204,3
2e-05,67205,11
2e-05,67206,12
2e-05,67207,12
2e-05,67208,5
2e-05,67209,10
2e-05,67210,0
2e-05,67211,13
2e-05,67212,3
2e-05,67213,12
2e-05,67214,6
2e-05,67215,11
2e-05,67216,2
2e-05,67217,12
2e-05,67218,10
2e-05,67219,2
2e-05,67220,13
2e-05,67221,1
2e-05,67222,0
2e-05,67223,0
2e-05,67224,13
2e-05,67225,1
2e-05,67226,6
2e-05,67227,5
2e-05,67228,1
2e-05,67229,6
2e-05,67230,12
2e-05,67231,12
2e-05,67232,5
2e-05,67233,12
2e-05,67234,9
2e-05,67235,1
2e-05,67236,9
2e-05,67237,2
2e-05,67238,9
2e-05,67239,11
2e-05,67240,9
2e-05,67241,2
2e-05,67242,13
2e-05,67243,6
2e-05,67244,13
2e-05,67245,10
2e-05,67246,13
2e-05,67247,1
2e-05,67248,10
2e-05,67249,6
2e-05,67250,0
2e-05,67251,1
2e-05,67252,3
2e-05,67253,13
2e-05,67254,2
2e-05,67255,3
2e-05,67256,6
2e-05,67257,9
2e-05,67258,10
2e-05,67259,13
2e-05,67260,3
2e-05,67261,2
2e-05,67262,11
2e-05,67263,0
2e-05,67264,9
2e-05,67265,13
2e-05,67266,6
2e-05,67267,12
2e-05,67268,1
2e-05,67269,13
2e-05,67270,3
2e-05,67271,12
2e-05,67272,11
2e-05,67273,11
2e-05,67274,0
2e-05,67275,2
2e-05,67276,9
2e-05,67277,0
2e-05,67278,9
2e-05,67279,3
2e-05,67280,6
2e-05,67281,0
2e-05,67282,6
2e-05,67283,9
2e-05,67284,13
2e-05,67285,9
2e-05,67286,1
2e-05,67287,6
2e-05,67288,10
2e-05,67289,1
2e-05,67290,10
2e-05,67291,0
2e-05,67292,0
2e-05,67293,13
2e-05,67294,10
2e-05,67295,9
2e-05,67296,9
2e-05,67297,3
2e-05,67298,9
2e-05,67299,11
2e-05,67300,9
2e-05,67301,0
2e-05,67302,11
2e-05,67303,5
2e-05,67304,13
2e-05,67305,0
2e-05,67306,10
2e-05,67307,11
2e-05,67308,6
2e-05,67309,13
2e-05,67310,10
2e-05,67311,2
2e-05,67312,6
2e-05,67313,0
2e-05,67314,11
2e-05,67315,11
2e-05,67316,1
2e-05,67317,11
2e-05,67318,12
2e-05,67319,1
2e-05,67320,13
2e-05,67321,13
2e-05,67322,10
2e-05,67323,6
2e-05,67324,11
2e-05,67325,1
2e-05,67326,9
2e-05,67327,13
2e-05,67328,5
2e-05,67329,11
2e-05,67330,9
2e-05,67331,1
2e-05,67332,3
2e-05,67333,3
2e-05,67334,12
2e-05,67335,13
2e-05,67336,12
2e-05,67337,3
2e-05,67338,12
2e-05,67339,10
2e-05,67340,0
2e-05,67341,6
2e-05,67342,9
2e-05,67343,5
2e-05,67344,10
2e-05,67345,3
2e-05,67346,10
2e-05,67347,13
2e-05,67348,0
2e-05,67349,11
2e-05,67350,6
2e-05,67351,2
2e-05,67352,13
2e-05,67353,10
2e-05,67354,12
2e-05,67355,1
2e-05,67356,0
2e-05,67357,13
2e-05,67358,6
2e-05,67359,1
2e-05,67360,5
2e-05,67361,2
2e-05,67362,13
2e-05,67363,13
2e-05,67364,15
2e-05,67365,9
2e-05,67366,6
2e-05,67367,11
2e-05,67368,10
2e-05,67369,11
2e-05,67370,13
2e-05,67371,6
2e-05,67372,6
2e-05,67373,10
2e-05,67374,11
2e-05,67375,12
2e-05,67376,3
2e-05,67377,3
2e-05,67378,5
2e-05,67379,1
2e-05,67380,9
2e-05,67381,3
2e-05,67382,1
2e-05,67383,3
2e-05,67384,3
2e-05,67385,9
2e-05,67386,5
2e-05,67387,12
2e-05,67388,5
2e-05,67389,11
2e-05,67390,0
2e-05,67391,1
2e-05,67392,10
2e-05,67393,12
2e-05,67394,11
2e-05,67395,9
2e-05,67396,13
2e-05,67397,5
2e-05,67398,6
2e-05,67399,2
2e-05,67400,6
2e-05,67401,9
2e-05,67402,11
2e-05,67403,10
2e-05,67404,11
2e-05,67405,5
2e-05,67406,11
2e-05,67407,9
2e-05,67408,11
2e-05,67409,0
2e-05,67410,6
2e-05,67411,0
2e-05,67412,1
2e-05,67413,11
2e-05,67414,0
2e-05,67415,10
2e-05,67416,4
2e-05,67417,5
2e-05,67418,6
2e-05,67419,9
2e-05,67420,3
2e-05,67421,10
2e-05,67422,11
2e-05,67423,0
2e-05,67424,13
2e-05,67425,13
2e-05,67426,5
2e-05,67427,3
2e-05,67428,8
2e-05,67429,13
2e-05,67430,12
2e-05,67431,1
2e-05,67432,12
2e-05,67433,5
2e-05,67434,5
2e-05,67435,6
2e-05,67436,12
2e-05,67437,12
2e-05,67438,2
2e-05,67439,1
2e-05,67440,6
2e-05,67441,6
2e-05,67442,1
2e-05,67443,0
2e-05,67444,4
2e-05,67445,0
2e-05,67446,2
2e-05,67447,0
2e-05,67448,5
2e-05,67449,11
2e-05,67450,6
2e-05,67451,1
2e-05,67452,11
2e-05,67453,10
2e-05,67454,11
2e-05,67455,12
2e-05,67456,0
2e-05,67457,6
2e-05,67458,13
2e-05,67459,0
2e-05,67460,11
2e-05,67461,5
2e-05,67462,12
2e-05,67463,13
2e-05,67464,1
2e-05,67465,0
2e-05,67466,11
2e-05,67467,10
2e-05,67468,3
2e-05,67469,1
2e-05,67470,10
2e-05,67471,6
2e-05,67472,12
2e-05,67473,12
2e-05,67474,3
2e-05,67475,0
2e-05,67476,5
2e-05,67477,5
2e-05,67478,0
2e-05,67479,1
2e-05,67480,13
2e-05,67481,5
2e-05,67482,13
2e-05,67483,2
2e-05,67484,9
2e-05,67485,12
2e-05,67486,1
2e-05,67487,10
2e-05,67488,10
2e-05,67489,13
2e-05,67490,10
2e-05,67491,9
2e-05,67492,5
2e-05,67493,1
2e-05,67494,0
2e-05,67495,13
2e-05,67496,13
2e-05,67497,3
2e-05,67498,11
2e-05,67499,1
2e-05,67500,5
2e-05,67501,3
2e-05,67502,0
2e-05,67503,0
2e-05,67504,11
2e-05,67505,9
2e-05,67506,6
2e-05,67507,3
2e-05,67508,13
2e-05,67509,3
2e-05,67510,9
2e-05,67511,1
2e-05,67512,0
2e-05,67513,5
2e-05,67514,5
2e-05,67515,0
2e-05,67516,2
2e-05,67517,11
2e-05,67518,12
2e-05,67519,13
2e-05,67520,0
2e-05,67521,11
2e-05,67522,11
2e-05,67523,0
2e-05,67524,12
2e-05,67525,9
2e-05,67526,1
2e-05,67527,13
2e-05,67528,0
2e-05,67529,10
2e-05,67530,9
2e-05,67531,9
2e-05,67532,0
2e-05,67533,9
2e-05,67534,6
2e-05,67535,6
2e-05,67536,9
2e-05,67537,5
2e-05,67538,6
2e-05,67539,10
2e-05,67540,17
2e-05,67541,11
2e-05,67542,2
2e-05,67543,5
2e-05,67544,11
2e-05,67545,12
2e-05,67546,5
2e-05,67547,12
2e-05,67548,3
2e-05,67549,3
2e-05,67550,3
2e-05,67551,1
2e-05,67552,11
2e-05,67553,0
2e-05,67554,13
2e-05,67555,5
2e-05,67556,11
2e-05,67557,1
2e-05,67558,13
2e-05,67559,0
2e-05,67560,13
2e-05,67561,12
2e-05,67562,2
2e-05,67563,2
2e-05,67564,5
2e-05,67565,10
2e-05,67566,6
2e-05,67567,6
2e-05,67568,1
2e-05,67569,11
2e-05,67570,12
2e-05,67571,1
2e-05,67572,11
2e-05,67573,5
2e-05,67574,11
2e-05,67575,3
2e-05,67576,2
2e-05,67577,6
2e-05,67578,13
2e-05,67579,1
2e-05,67580,0
2e-05,67581,2
2e-05,67582,16
2e-05,67583,5
2e-05,67584,1
2e-05,67585,0
2e-05,67586,11
2e-05,67587,0
2e-05,67588,11
2e-05,67589,6
2e-05,67590,12
2e-05,67591,12
2e-05,67592,11
2e-05,67593,1
2e-05,67594,12
2e-05,67595,5
2e-05,67596,12
2e-05,67597,3
2e-05,67598,1
2e-05,67599,2
2e-05,67600,13
2e-05,67601,1
2e-05,67602,0
2e-05,67603,2
2e-05,67604,2
2e-05,67605,5
2e-05,67606,10
2e-05,67607,3
2e-05,67608,3
2e-05,67609,13
2e-05,67610,10
2e-05,67611,3
2e-05,67612,3
2e-05,67613,2
2e-05,67614,0
2e-05,67615,6
2e-05,67616,10
2e-05,67617,0
2e-05,67618,6
2e-05,67619,11
2e-05,67620,11
2e-05,67621,2
2e-05,67622,13
2e-05,67623,2
2e-05,67624,3
2e-05,67625,2
2e-05,67626,12
2e-05,67627,0
2e-05,67628,2
2e-05,67629,13
2e-05,67630,11
2e-05,67631,11
2e-05,67632,1
2e-05,67633,6
2e-05,67634,1
2e-05,67635,13
2e-05,67636,13
2e-05,67637,12
2e-05,67638,6
2e-05,67639,13
2e-05,67640,5
2e-05,67641,11
2e-05,67642,2
2e-05,67643,6
2e-05,67644,2
2e-05,67645,12
2e-05,67646,4
2e-05,67647,9
2e-05,67648,10
2e-05,67649,9
2e-05,67650,3
2e-05,67651,16
2e-05,67652,3
2e-05,67653,3
2e-05,67654,3
2e-05,67655,5
2e-05,67656,9
2e-05,67657,12
2e-05,67658,3
2e-05,67659,6
2e-05,67660,1
2e-05,67661,11
2e-05,67662,11
2e-05,67663,5
2e-05,67664,2
2e-05,67665,13
2e-05,67666,2
2e-05,67667,5
2e-05,67668,1
2e-05,67669,6
2e-05,67670,13
2e-05,67671,11
2e-05,67672,2
2e-05,67673,5
2e-05,67674,2
2e-05,67675,10
2e-05,67676,0
2e-05,67677,0
2e-05,67678,1
2e-05,67679,9
2e-05,67680,6
2e-05,67681,12
2e-05,67682,2
2e-05,67683,13
2e-05,67684,9
2e-05,67685,1
2e-05,67686,6
2e-05,67687,10
2e-05,67688,6
2e-05,67689,2
2e-05,67690,10
2e-05,67691,1
2e-05,67692,6
2e-05,67693,11
2e-05,67694,0
2e-05,67695,0
2e-05,67696,2
2e-05,67697,6
2e-05,67698,2
2e-05,67699,12
2e-05,67700,0
2e-05,67701,11
2e-05,67702,5
2e-05,67703,1
2e-05,67704,3
2e-05,67705,2
2e-05,67706,10
2e-05,67707,1
2e-05,67708,6
2e-05,67709,3
2e-05,67710,10
2e-05,67711,10
2e-05,67712,6
2e-05,67713,10
2e-05,67714,3
2e-05,67715,11
2e-05,67716,3
2e-05,67717,13
2e-05,67718,9
2e-05,67719,1
2e-05,67720,0
2e-05,67721,1
2e-05,67722,11
2e-05,67723,1
2e-05,67724,3
2e-05,67725,3
2e-05,67726,11
2e-05,67727,6
2e-05,67728,11
2e-05,67729,6
2e-05,67730,10
2e-05,67731,1
2e-05,67732,11
2e-05,67733,12
2e-05,67734,5
2e-05,67735,12
2e-05,67736,9
2e-05,67737,11
2e-05,67738,0
2e-05,67739,16
2e-05,67740,13
2e-05,67741,3
2e-05,67742,9
2e-05,67743,9
2e-05,67744,12
2e-05,67745,9
2e-05,67746,11
2e-05,67747,9
2e-05,67748,0
2e-05,67749,9
2e-05,67750,9
2e-05,67751,6
2e-05,67752,6
2e-05,67753,5
2e-05,67754,12
2e-05,67755,13
2e-05,67756,9
2e-05,67757,12
2e-05,67758,11
2e-05,67759,10
2e-05,67760,11
2e-05,67761,6
2e-05,67762,12
2e-05,67763,0
2e-05,67764,11
2e-05,67765,5
2e-05,67766,0
2e-05,67767,2
2e-05,67768,0
2e-05,67769,10
2e-05,67770,5
2e-05,67771,9
2e-05,67772,2
2e-05,67773,6
2e-05,67774,3
2e-05,67775,12
2e-05,67776,5
2e-05,67777,5
2e-05,67778,10
2e-05,67779,10
2e-05,67780,0
2e-05,67781,0
2e-05,67782,0
2e-05,67783,3
2e-05,67784,11
2e-05,67785,3
2e-05,67786,9
2e-05,67787,12
2e-05,67788,3
2e-05,67789,0
2e-05,67790,0
2e-05,67791,5
2e-05,67792,0
2e-05,67793,11
2e-05,67794,3
2e-05,67795,13
2e-05,67796,2
2e-05,67797,3
2e-05,67798,9
2e-05,67799,12
2e-05,67800,11
2e-05,67801,2
2e-05,67802,6
2e-05,67803,5
2e-05,67804,2
2e-05,67805,5
2e-05,67806,6
2e-05,67807,3
2e-05,67808,8
2e-05,67809,13
2e-05,67810,11
2e-05,67811,2
2e-05,67812,6
2e-05,67813,12
2e-05,67814,11
2e-05,67815,3
2e-05,67816,1
2e-05,67817,11
2e-05,67818,11
2e-05,67819,6
2e-05,67820,6
2e-05,67821,2
2e-05,67822,2
2e-05,67823,11
2e-05,67824,1
2e-05,67825,12
2e-05,67826,5
2e-05,67827,13
2e-05,67828,11
2e-05,67829,5
2e-05,67830,0
2e-05,67831,6
2e-05,67832,12
2e-05,67833,5
2e-05,67834,6
2e-05,67835,11
2e-05,67836,6
2e-05,67837,2
2e-05,67838,13
2e-05,67839,11
2e-05,67840,3
2e-05,67841,6
2e-05,67842,6
2e-05,67843,3
2e-05,67844,0
2e-05,67845,11
2e-05,67846,5
2e-05,67847,17
2e-05,67848,3
2e-05,67849,12
2e-05,67850,10
2e-05,67851,8
2e-05,67852,1
2e-05,67853,9
2e-05,67854,3
2e-05,67855,0
2e-05,67856,1
2e-05,67857,12
2e-05,67858,11
2e-05,67859,13
2e-05,67860,16
2e-05,67861,11
2e-05,67862,10
2e-05,67863,3
2e-05,67864,13
2e-05,67865,11
2e-05,67866,2
2e-05,67867,2
2e-05,67868,6
2e-05,67869,5
2e-05,67870,0
2e-05,67871,5
2e-05,67872,3
2e-05,67873,11
2e-05,67874,3
2e-05,67875,3
2e-05,67876,1
2e-05,67877,5
2e-05,67878,13
2e-05,67879,11
2e-05,67880,11
2e-05,67881,0
2e-05,67882,10
2e-05,67883,13
2e-05,67884,0
2e-05,67885,11
2e-05,67886,2
2e-05,67887,1
2e-05,67888,1
2e-05,67889,11
2e-05,67890,12
2e-05,67891,10
2e-05,67892,10
2e-05,67893,6
2e-05,67894,5
2e-05,67895,3
2e-05,67896,1
2e-05,67897,10
2e-05,67898,5
2e-05,67899,9
2e-05,67900,9
2e-05,67901,1
2e-05,67902,6
2e-05,67903,10
2e-05,67904,11
2e-05,67905,3
2e-05,67906,11
2e-05,67907,6
2e-05,67908,12
2e-05,67909,0
2e-05,67910,3
2e-05,67911,1
2e-05,67912,3
2e-05,67913,6
2e-05,67914,0
2e-05,67915,5
2e-05,67916,13
2e-05,67917,11
2e-05,67918,3
2e-05,67919,9
2e-05,67920,6
2e-05,67921,10
2e-05,67922,2
2e-05,67923,3
2e-05,67924,13
2e-05,67925,6
2e-05,67926,9
2e-05,67927,11
2e-05,67928,5
2e-05,67929,6
2e-05,67930,12
2e-05,67931,5
2e-05,67932,13
2e-05,67933,9
2e-05,67934,5
2e-05,67935,12
2e-05,67936,12
2e-05,67937,13
2e-05,67938,11
2e-05,67939,11
2e-05,67940,3
2e-05,67941,3
2e-05,67942,10
2e-05,67943,10
2e-05,67944,0
2e-05,67945,11
2e-05,67946,5
2e-05,67947,10
2e-05,67948,11
2e-05,67949,0
2e-05,67950,12
2e-05,67951,5
2e-05,67952,13
2e-05,67953,12
2e-05,67954,13
2e-05,67955,1
2e-05,67956,3
2e-05,67957,1
2e-05,67958,13
2e-05,67959,12
2e-05,67960,3
2e-05,67961,6
2e-05,67962,3
2e-05,67963,13
2e-05,67964,11
2e-05,67965,11
2e-05,67966,10
2e-05,67967,6
2e-05,67968,13
2e-05,67969,16
2e-05,67970,3
2e-05,67971,0
2e-05,67972,3
2e-05,67973,2
2e-05,67974,6
2e-05,67975,3
2e-05,67976,5
2e-05,67977,9
2e-05,67978,12
2e-05,67979,11
2e-05,67980,11
2e-05,67981,1
2e-05,67982,10
2e-05,67983,16
2e-05,67984,9
2e-05,67985,3
2e-05,67986,2
2e-05,67987,9
2e-05,67988,10
2e-05,67989,6
2e-05,67990,9
2e-05,67991,0
2e-05,67992,0
2e-05,67993,13
2e-05,67994,3
2e-05,67995,9
2e-05,67996,3
2e-05,67997,6
2e-05,67998,13
2e-05,67999,1
2e-05,68000,2
2e-05,68001,0
2e-05,68002,3
2e-05,68003,12
2e-05,68004,13
2e-05,68005,3
2e-05,68006,9
2e-05,68007,0
2e-05,68008,0
2e-05,68009,6
2e-05,68010,3
2e-05,68011,9
2e-05,68012,9
2e-05,68013,6
2e-05,68014,9
2e-05,68015,2
2e-05,68016,2
2e-05,68017,0
2e-05,68018,11
2e-05,68019,9
2e-05,68020,3
2e-05,68021,11
2e-05,68022,11
2e-05,68023,9
2e-05,68024,13
2e-05,68025,9
2e-05,68026,6
2e-05,68027,0
2e-05,68028,12
2e-05,68029,1
2e-05,68030,2
2e-05,68031,3
2e-05,68032,6
2e-05,68033,3
2e-05,68034,12
2e-05,68035,9
2e-05,68036,13
2e-05,68037,6
2e-05,68038,11
2e-05,68039,1
2e-05,68040,13
2e-05,68041,10
2e-05,68042,1
2e-05,68043,11
2e-05,68044,10
2e-05,68045,11
2e-05,68046,9
2e-05,68047,9
2e-05,68048,12
2e-05,68049,6
2e-05,68050,5
2e-05,68051,10
2e-05,68052,5
2e-05,68053,0
2e-05,68054,0
2e-05,68055,1
2e-05,68056,11
2e-05,68057,5
2e-05,68058,2
2e-05,68059,5
2e-05,68060,1
2e-05,68061,6
2e-05,68062,5
2e-05,68063,9
2e-05,68064,12
2e-05,68065,10
2e-05,68066,5
2e-05,68067,2
2e-05,68068,11
2e-05,68069,2
2e-05,68070,9
2e-05,68071,1
2e-05,68072,10
2e-05,68073,12
2e-05,68074,9
2e-05,68075,10
2e-05,68076,3
2e-05,68077,12
2e-05,68078,9
2e-05,68079,17
2e-05,68080,5
2e-05,68081,10
2e-05,68082,2
2e-05,68083,11
2e-05,68084,11
2e-05,68085,12
2e-05,68086,0
2e-05,68087,10
2e-05,68088,12
2e-05,68089,5
2e-05,68090,9
2e-05,68091,6
2e-05,68092,13
2e-05,68093,0
2e-05,68094,16
2e-05,68095,6
2e-05,68096,1
2e-05,68097,2
2e-05,68098,8
2e-05,68099,6
2e-05,68100,2
2e-05,68101,5
2e-05,68102,10
2e-05,68103,10
2e-05,68104,11
2e-05,68105,1
2e-05,68106,11
2e-05,68107,13
2e-05,68108,16
2e-05,68109,5
2e-05,68110,2
2e-05,68111,6
2e-05,68112,6
2e-05,68113,11
2e-05,68114,11
2e-05,68115,12
2e-05,68116,2
2e-05,68117,0
2e-05,68118,9
2e-05,68119,10
2e-05,68120,1
2e-05,68121,6
2e-05,68122,9
2e-05,68123,3
2e-05,68124,0
2e-05,68125,13
2e-05,68126,10
2e-05,68127,10
2e-05,68128,5
2e-05,68129,11
2e-05,68130,9
2e-05,68131,1
2e-05,68132,2
2e-05,68133,6
2e-05,68134,3
2e-05,68135,2
2e-05,68136,3
2e-05,68137,6
2e-05,68138,3
2e-05,68139,11
2e-05,68140,0
2e-05,68141,9
2e-05,68142,11
2e-05,68143,5
2e-05,68144,11
2e-05,68145,1
2e-05,68146,11
2e-05,68147,3
2e-05,68148,10
2e-05,68149,12
2e-05,68150,0
2e-05,68151,16
2e-05,68152,0
2e-05,68153,1
2e-05,68154,9
2e-05,68155,12
2e-05,68156,11
2e-05,68157,2
2e-05,68158,5
2e-05,68159,10
2e-05,68160,13
2e-05,68161,13
2e-05,68162,12
2e-05,68163,0
2e-05,68164,3
2e-05,68165,0
2e-05,68166,3
2e-05,68167,11
2e-05,68168,6
2e-05,68169,6
2e-05,68170,6
2e-05,68171,10
2e-05,68172,0
2e-05,68173,6
2e-05,68174,5
2e-05,68175,6
2e-05,68176,11
2e-05,68177,0
2e-05,68178,0
2e-05,68179,10
2e-05,68180,10
2e-05,68181,12
2e-05,68182,13
2e-05,68183,10
2e-05,68184,12
2e-05,68185,12
2e-05,68186,3
2e-05,68187,11
2e-05,68188,6
2e-05,68189,11
2e-05,68190,1
2e-05,68191,0
2e-05,68192,13
2e-05,68193,13
2e-05,68194,0
2e-05,68195,11
2e-05,68196,5
2e-05,68197,6
2e-05,68198,5
2e-05,68199,2
2e-05,68200,11
2e-05,68201,13
2e-05,68202,11
2e-05,68203,10
2e-05,68204,3
2e-05,68205,13
2e-05,68206,0
2e-05,68207,12
2e-05,68208,1
2e-05,68209,11
2e-05,68210,6
2e-05,68211,12
2e-05,68212,1
2e-05,68213,12
2e-05,68214,6
2e-05,68215,9
2e-05,68216,1
2e-05,68217,13
2e-05,68218,5
2e-05,68219,6
2e-05,68220,1
2e-05,68221,14
2e-05,68222,1
2e-05,68223,1
2e-05,68224,1
2e-05,68225,11
2e-05,68226,10
2e-05,68227,9
2e-05,68228,10
2e-05,68229,10
2e-05,68230,12
2e-05,68231,9
2e-05,68232,3
2e-05,68233,0
2e-05,68234,12
2e-05,68235,0
2e-05,68236,6
2e-05,68237,1
2e-05,68238,10
2e-05,68239,3
2e-05,68240,1
2e-05,68241,1
2e-05,68242,12
2e-05,68243,0
2e-05,68244,3
2e-05,68245,2
2e-05,68246,1
2e-05,68247,9
2e-05,68248,6
2e-05,68249,0
2e-05,68250,12
2e-05,68251,9
2e-05,68252,0
2e-05,68253,2
2e-05,68254,6
2e-05,68255,10
2e-05,68256,1
2e-05,68257,6
2e-05,68258,11
2e-05,68259,12
2e-05,68260,0
2e-05,68261,6
2e-05,68262,3
2e-05,68263,11
2e-05,68264,1
2e-05,68265,10
2e-05,68266,5
2e-05,68267,0
2e-05,68268,10
2e-05,68269,1
2e-05,68270,11
2e-05,68271,0
2e-05,68272,12
2e-05,68273,12
2e-05,68274,11
2e-05,68275,5
2e-05,68276,12
2e-05,68277,2
2e-05,68278,11
2e-05,68279,10
2e-05,68280,13
2e-05,68281,13
2e-05,68282,12
2e-05,68283,9
2e-05,68284,11
2e-05,68285,1
2e-05,68286,6
2e-05,68287,3
2e-05,68288,9
2e-05,68289,6
2e-05,68290,13
2e-05,68291,11
2e-05,68292,11
2e-05,68293,3
2e-05,68294,12
2e-05,68295,6
2e-05,68296,1
2e-05,68297,6
2e-05,68298,13
2e-05,68299,0
2e-05,68300,12
2e-05,68301,6
2e-05,68302,11
2e-05,68303,13
2e-05,68304,1
2e-05,68305,5
2e-05,68306,3
2e-05,68307,6
2e-05,68308,13
2e-05,68309,13
2e-05,68310,5
2e-05,68311,12
2e-05,68312,2
2e-05,68313,1
2e-05,68314,11
2e-05,68315,2
2e-05,68316,1
2e-05,68317,13
2e-05,68318,5
2e-05,68319,11
2e-05,68320,11
2e-05,68321,11
2e-05,68322,12
2e-05,68323,0
2e-05,68324,5
2e-05,68325,12
2e-05,68326,3
2e-05,68327,3
2e-05,68328,1
2e-05,68329,9
2e-05,68330,0
2e-05,68331,13
2e-05,68332,1
2e-05,68333,11
2e-05,68334,11
2e-05,68335,6
2e-05,68336,5
2e-05,68337,6
2e-05,68338,2
2e-05,68339,6
2e-05,68340,0
2e-05,68341,6
2e-05,68342,6
2e-05,68343,6
2e-05,68344,9
2e-05,68345,3
2e-05,68346,13
2e-05,68347,10
2e-05,68348,12
2e-05,68349,3
2e-05,68350,2
2e-05,68351,2
2e-05,68352,11
2e-05,68353,11
2e-05,68354,11
2e-05,68355,11
2e-05,68356,13
2e-05,68357,9
2e-05,68358,0
2e-05,68359,10
2e-05,68360,6
2e-05,68361,2
2e-05,68362,9
2e-05,68363,0
2e-05,68364,0
2e-05,68365,13
2e-05,68366,12
2e-05,68367,3
2e-05,68368,13
2e-05,68369,0
2e-05,68370,13
2e-05,68371,0
2e-05,68372,6
2e-05,68373,2
2e-05,68374,9
2e-05,68375,0
2e-05,68376,5
2e-05,68377,12
2e-05,68378,5
2e-05,68379,5
2e-05,68380,1
2e-05,68381,12
2e-05,68382,0
2e-05,68383,1
2e-05,68384,2
2e-05,68385,3
2e-05,68386,13
2e-05,68387,9
2e-05,68388,9
2e-05,68389,2
2e-05,68390,12
2e-05,68391,10
2e-05,68392,11
2e-05,68393,9
2e-05,68394,10
2e-05,68395,6
2e-05,68396,1
2e-05,68397,1
2e-05,68398,2
2e-05,68399,6
2e-05,68400,16
2e-05,68401,2
2e-05,68402,5
2e-05,68403,16
2e-05,68404,3
2e-05,68405,13
2e-05,68406,6
2e-05,68407,5
2e-05,68408,3
2e-05,68409,6
2e-05,68410,5
2e-05,68411,2
2e-05,68412,8
2e-05,68413,11
2e-05,68414,13
2e-05,68415,3
2e-05,68416,13
2e-05,68417,13
2e-05,68418,5
2e-05,68419,9
2e-05,68420,2
2e-05,68421,6
2e-05,68422,13
2e-05,68423,2
2e-05,68424,2
2e-05,68425,5
2e-05,68426,1
2e-05,68427,12
2e-05,68428,0
2e-05,68429,11
2e-05,68430,8
2e-05,68431,5
2e-05,68432,9
2e-05,68433,10
2e-05,68434,2
2e-05,68435,13
2e-05,68436,1
2e-05,68437,6
2e-05,68438,1
2e-05,68439,2
2e-05,68440,5
2e-05,68441,11
2e-05,68442,13
2e-05,68443,3
2e-05,68444,5
2e-05,68445,10
2e-05,68446,10
2e-05,68447,13
2e-05,68448,9
2e-05,68449,12
2e-05,68450,2
2e-05,68451,6
2e-05,68452,2
2e-05,68453,12
2e-05,68454,10
2e-05,68455,12
2e-05,68456,12
2e-05,68457,2
2e-05,68458,2
2e-05,68459,0
2e-05,68460,13
2e-05,68461,13
2e-05,68462,0
2e-05,68463,13
2e-05,68464,12
2e-05,68465,3
2e-05,68466,0
2e-05,68467,9
2e-05,68468,6
2e-05,68469,5
2e-05,68470,3
2e-05,68471,13
2e-05,68472,13
2e-05,68473,2
2e-05,68474,5
2e-05,68475,2
2e-05,68476,3
2e-05,68477,0
2e-05,68478,10
2e-05,68479,11
2e-05,68480,5
2e-05,68481,5
2e-05,68482,6
2e-05,68483,2
2e-05,68484,9
2e-05,68485,13
2e-05,68486,6
2e-05,68487,13
2e-05,68488,12
2e-05,68489,5
2e-05,68490,0
2e-05,68491,13
2e-05,68492,0
2e-05,68493,11
2e-05,68494,9
2e-05,68495,2
2e-05,68496,10
2e-05,68497,13
2e-05,68498,2
2e-05,68499,3
2e-05,68500,12
2e-05,68501,9
2e-05,68502,11
2e-05,68503,3
2e-05,68504,11
2e-05,68505,5
2e-05,68506,9
2e-05,68507,9
2e-05,68508,11
2e-05,68509,3
2e-05,68510,1
2e-05,68511,13
2e-05,68512,13
2e-05,68513,1
2e-05,68514,2
2e-05,68515,9
2e-05,68516,10
2e-05,68517,1
2e-05,68518,9
2e-05,68519,2
2e-05,68520,12
2e-05,68521,5
2e-05,68522,5
2e-05,68523,0
2e-05,68524,6
2e-05,68525,1
2e-05,68526,10
2e-05,68527,13
2e-05,68528,12
2e-05,68529,16
2e-05,68530,11
2e-05,68531,5
2e-05,68532,0
2e-05,68533,10
2e-05,68534,13
2e-05,68535,9
2e-05,68536,9
2e-05,68537,6
2e-05,68538,5
2e-05,68539,5
2e-05,68540,1
2e-05,68541,0
2e-05,68542,9
2e-05,68543,5
2e-05,68544,9
2e-05,68545,13
2e-05,68546,5
2e-05,68547,6
2e-05,68548,0
2e-05,68549,3
2e-05,68550,13
2e-05,68551,1
2e-05,68552,12
2e-05,68553,10
2e-05,68554,3
2e-05,68555,13
2e-05,68556,6
2e-05,68557,0
2e-05,68558,11
2e-05,68559,9
2e-05,68560,13
2e-05,68561,12
2e-05,68562,11
2e-05,68563,0
2e-05,68564,10
2e-05,68565,1
2e-05,68566,9
2e-05,68567,10
2e-05,68568,2
2e-05,68569,6
2e-05,68570,3
2e-05,68571,3
2e-05,68572,1
2e-05,68573,12
2e-05,68574,1
2e-05,68575,3
2e-05,68576,3
2e-05,68577,2
2e-05,68578,9
2e-05,68579,1
2e-05,68580,2
2e-05,68581,9
2e-05,68582,13
2e-05,68583,13
2e-05,68584,13
2e-05,68585,12
2e-05,68586,10
2e-05,68587,11
2e-05,68588,3
2e-05,68589,5
2e-05,68590,6
2e-05,68591,2
2e-05,68592,2
2e-05,68593,3
2e-05,68594,10
2e-05,68595,12
2e-05,68596,1
2e-05,68597,3
2e-05,68598,3
2e-05,68599,1
2e-05,68600,10
2e-05,68601,11
2e-05,68602,6
2e-05,68603,1
2e-05,68604,2
2e-05,68605,3
2e-05,68606,0
2e-05,68607,2
2e-05,68608,6
2e-05,68609,6
2e-05,68610,2
2e-05,68611,5
2e-05,68612,0
2e-05,68613,6
2e-05,68614,11
2e-05,68615,5
2e-05,68616,3
2e-05,68617,0
2e-05,68618,12
2e-05,68619,1
2e-05,68620,3
2e-05,68621,5
2e-05,68622,11
2e-05,68623,10
2e-05,68624,11
2e-05,68625,3
2e-05,68626,2
2e-05,68627,5
2e-05,68628,5
2e-05,68629,5
2e-05,68630,0
2e-05,68631,9
2e-05,68632,9
2e-05,68633,13
2e-05,68634,5
2e-05,68635,2
2e-05,68636,10
2e-05,68637,10
2e-05,68638,0
2e-05,68639,1
2e-05,68640,0
2e-05,68641,12
2e-05,68642,12
2e-05,68643,1
2e-05,68644,10
2e-05,68645,10
2e-05,68646,0
2e-05,68647,14
2e-05,68648,12
2e-05,68649,0
2e-05,68650,11
2e-05,68651,1
2e-05,68652,3
2e-05,68653,1
2e-05,68654,2
2e-05,68655,3
2e-05,68656,10
2e-05,68657,0
2e-05,68658,8
2e-05,68659,13
2e-05,68660,1
2e-05,68661,3
2e-05,68662,0
2e-05,68663,0
2e-05,68664,3
2e-05,68665,5
2e-05,68666,2
2e-05,68667,11
2e-05,68668,8
2e-05,68669,12
2e-05,68670,0
2e-05,68671,10
2e-05,68672,13
2e-05,68673,6
2e-05,68674,5
2e-05,68675,0
2e-05,68676,0
2e-05,68677,9
2e-05,68678,13
2e-05,68679,10
2e-05,68680,3
2e-05,68681,1
2e-05,68682,12
2e-05,68683,9
2e-05,68684,13
2e-05,68685,11
2e-05,68686,11
2e-05,68687,11
2e-05,68688,10
2e-05,68689,0
2e-05,68690,12
2e-05,68691,9
2e-05,68692,10
2e-05,68693,11
2e-05,68694,13
2e-05,68695,9
2e-05,68696,6
2e-05,68697,2
2e-05,68698,1
2e-05,68699,13
2e-05,68700,2
2e-05,68701,11
2e-05,68702,12
2e-05,68703,2
2e-05,68704,10
2e-05,68705,1
2e-05,68706,10
2e-05,68707,13
2e-05,68708,0
2e-05,68709,6
2e-05,68710,10
2e-05,68711,9
2e-05,68712,6
2e-05,68713,13
2e-05,68714,11
2e-05,68715,3
2e-05,68716,12
2e-05,68717,1
2e-05,68718,2
2e-05,68719,6
2e-05,68720,1
2e-05,68721,3
2e-05,68722,11
2e-05,68723,13
2e-05,68724,11
2e-05,68725,9
2e-05,68726,3
2e-05,68727,5
2e-05,68728,12
2e-05,68729,1
2e-05,68730,3
2e-05,68731,1
2e-05,68732,12
2e-05,68733,11
2e-05,68734,3
2e-05,68735,9
2e-05,68736,9
2e-05,68737,1
2e-05,68738,13
2e-05,68739,12
2e-05,68740,10
2e-05,68741,11
2e-05,68742,5
2e-05,68743,1
2e-05,68744,2
2e-05,68745,2
2e-05,68746,9
2e-05,68747,13
2e-05,68748,12
2e-05,68749,1
2e-05,68750,5
2e-05,68751,5
2e-05,68752,13
2e-05,68753,6
2e-05,68754,13
2e-05,68755,9
2e-05,68756,1
2e-05,68757,6
2e-05,68758,13
2e-05,68759,3
2e-05,68760,16
2e-05,68761,6
2e-05,68762,6
2e-05,68763,9
2e-05,68764,6
2e-05,68765,3
2e-05,68766,13
2e-05,68767,9
2e-05,68768,3
2e-05,68769,0
2e-05,68770,2
2e-05,68771,13
2e-05,68772,12
2e-05,68773,5
2e-05,68774,12
2e-05,68775,0
2e-05,68776,0
2e-05,68777,13
2e-05,68778,9
2e-05,68779,9
2e-05,68780,13
2e-05,68781,8
2e-05,68782,9
2e-05,68783,5
2e-05,68784,0
2e-05,68785,6
2e-05,68786,3
2e-05,68787,4
2e-05,68788,9
2e-05,68789,1
2e-05,68790,1
2e-05,68791,6
2e-05,68792,0
2e-05,68793,12
2e-05,68794,3
2e-05,68795,9
2e-05,68796,5
2e-05,68797,13
2e-05,68798,3
2e-05,68799,10
2e-05,68800,11
2e-05,68801,5
2e-05,68802,10
2e-05,68803,2
2e-05,68804,6
2e-05,68805,5
2e-05,68806,11
2e-05,68807,1
2e-05,68808,11
2e-05,68809,5
2e-05,68810,3
2e-05,68811,11
2e-05,68812,11
2e-05,68813,12
2e-05,68814,5
2e-05,68815,12
2e-05,68816,2
2e-05,68817,2
2e-05,68818,12
2e-05,68819,11
2e-05,68820,5
2e-05,68821,13
2e-05,68822,9
2e-05,68823,1
2e-05,68824,10
2e-05,68825,12
2e-05,68826,0
2e-05,68827,6
2e-05,68828,5
2e-05,68829,12
2e-05,68830,6
2e-05,68831,6
2e-05,68832,3
2e-05,68833,10
2e-05,68834,11
2e-05,68835,10
2e-05,68836,9
2e-05,68837,10
2e-05,68838,9
2e-05,68839,12
2e-05,68840,2
2e-05,68841,5
2e-05,68842,2
2e-05,68843,0
2e-05,68844,13
2e-05,68845,6
2e-05,68846,5
2e-05,68847,12
2e-05,68848,3
2e-05,68849,1
2e-05,68850,6
2e-05,68851,1
2e-05,68852,7
2e-05,68853,6
2e-05,68854,0
2e-05,68855,1
2e-05,68856,5
2e-05,68857,0
2e-05,68858,9
2e-05,68859,9
2e-05,68860,0
2e-05,68861,1
2e-05,68862,5
2e-05,68863,12
2e-05,68864,0
2e-05,68865,10
2e-05,68866,11
2e-05,68867,1
2e-05,68868,2
2e-05,68869,10
2e-05,68870,1
2e-05,68871,13
2e-05,68872,10
2e-05,68873,2
2e-05,68874,6
2e-05,68875,10
2e-05,68876,5
2e-05,68877,0
2e-05,68878,6
2e-05,68879,16
2e-05,68880,0
2e-05,68881,11
2e-05,68882,17
2e-05,68883,3
2e-05,68884,9
2e-05,68885,9
2e-05,68886,11
2e-05,68887,9
2e-05,68888,6
2e-05,68889,2
2e-05,68890,1
2e-05,68891,1
2e-05,68892,3
2e-05,68893,6
2e-05,68894,1
2e-05,68895,0
2e-05,68896,11
2e-05,68897,10
2e-05,68898,16
2e-05,68899,12
2e-05,68900,3
2e-05,68901,2
2e-05,68902,13
2e-05,68903,12
2e-05,68904,10
2e-05,68905,5
2e-05,68906,12
2e-05,68907,5
2e-05,68908,1
2e-05,68909,6
2e-05,68910,3
2e-05,68911,6
2e-05,68912,0
2e-05,68913,0
2e-05,68914,12
2e-05,68915,1
2e-05,68916,1
2e-05,68917,0
2e-05,68918,5
2e-05,68919,1
2e-05,68920,10
2e-05,68921,9
2e-05,68922,6
2e-05,68923,1
2e-05,68924,1
2e-05,68925,3
2e-05,68926,11
2e-05,68927,11
2e-05,68928,11
2e-05,68929,10
2e-05,68930,6
2e-05,68931,0
2e-05,68932,11
2e-05,68933,10
2e-05,68934,0
2e-05,68935,3
2e-05,68936,13
2e-05,68937,6
2e-05,68938,13
2e-05,68939,16
2e-05,68940,6
2e-05,68941,4
2e-05,68942,12
2e-05,68943,9
2e-05,68944,0
2e-05,68945,0
2e-05,68946,11
2e-05,68947,10
2e-05,68948,17
2e-05,68949,6
2e-05,68950,11
2e-05,68951,13
2e-05,68952,6
2e-05,68953,11
2e-05,68954,2
2e-05,68955,1
2e-05,68956,2
2e-05,68957,5
2e-05,68958,5
2e-05,68959,10
2e-05,68960,12
2e-05,68961,1
2e-05,68962,0
2e-05,68963,2
2e-05,68964,9
2e-05,68965,6
2e-05,68966,6
2e-05,68967,10
2e-05,68968,6
2e-05,68969,2
2e-05,68970,10
2e-05,68971,12
2e-05,68972,0
2e-05,68973,6
2e-05,68974,0
2e-05,68975,5
2e-05,68976,2
2e-05,68977,6
2e-05,68978,9
2e-05,68979,9
2e-05,68980,0
2e-05,68981,11
2e-05,68982,1
2e-05,68983,13
2e-05,68984,3
2e-05,68985,9
2e-05,68986,13
2e-05,68987,9
2e-05,68988,1
2e-05,68989,2
2e-05,68990,5
2e-05,68991,5
2e-05,68992,0
2e-05,68993,12
2e-05,68994,2
2e-05,68995,5
2e-05,68996,2
2e-05,68997,1
2e-05,68998,0
2e-05,68999,3
2e-05,69000,5
2e-05,69001,13
2e-05,69002,12
2e-05,69003,0
2e-05,69004,1
2e-05,69005,2
2e-05,69006,13
2e-05,69007,11
2e-05,69008,11
2e-05,69009,13
2e-05,69010,6
2e-05,69011,8
2e-05,69012,5
2e-05,69013,1
2e-05,69014,9
2e-05,69015,11
2e-05,69016,16
2e-05,69017,9
2e-05,69018,10
2e-05,69019,3
2e-05,69020,11
2e-05,69021,5
2e-05,69022,9
2e-05,69023,10
2e-05,69024,8
2e-05,69025,3
2e-05,69026,1
2e-05,69027,8
2e-05,69028,5
2e-05,69029,12
2e-05,69030,10
2e-05,69031,9
2e-05,69032,1
2e-05,69033,1
2e-05,69034,2
2e-05,69035,13
2e-05,69036,5
2e-05,69037,13
2e-05,69038,11
2e-05,69039,10
2e-05,69040,14
2e-05,69041,1
2e-05,69042,1
2e-05,69043,1
2e-05,69044,0
2e-05,69045,0
2e-05,69046,10
2e-05,69047,5
2e-05,69048,5
2e-05,69049,12
2e-05,69050,0
2e-05,69051,11
2e-05,69052,3
2e-05,69053,3
2e-05,69054,6
2e-05,69055,13
2e-05,69056,12
2e-05,69057,9
2e-05,69058,12
2e-05,69059,11
2e-05,69060,1
2e-05,69061,10
2e-05,69062,13
2e-05,69063,0
2e-05,69064,0
2e-05,69065,5
2e-05,69066,13
2e-05,69067,9
2e-05,69068,13
2e-05,69069,1
2e-05,69070,10
2e-05,69071,1
2e-05,69072,2
2e-05,69073,0
2e-05,69074,10
2e-05,69075,6
2e-05,69076,3
2e-05,69077,9
2e-05,69078,1
2e-05,69079,9
2e-05,69080,13
2e-05,69081,7
2e-05,69082,12
2e-05,69083,13
2e-05,69084,11
2e-05,69085,5
2e-05,69086,0
2e-05,69087,7
2e-05,69088,6
2e-05,69089,9
2e-05,69090,0
2e-05,69091,1
2e-05,69092,11
2e-05,69093,10
2e-05,69094,9
2e-05,69095,9
2e-05,69096,9
2e-05,69097,12
2e-05,69098,10
2e-05,69099,9
2e-05,69100,9
2e-05,69101,9
2e-05,69102,6
2e-05,69103,0
2e-05,69104,5
2e-05,69105,11
2e-05,69106,9
2e-05,69107,0
2e-05,69108,13
2e-05,69109,11
2e-05,69110,6
2e-05,69111,5
2e-05,69112,9
2e-05,69113,6
2e-05,69114,10
2e-05,69115,11
2e-05,69116,12
2e-05,69117,6
2e-05,69118,13
2e-05,69119,5
2e-05,69120,3
2e-05,69121,9
2e-05,69122,0
2e-05,69123,5
2e-05,69124,5
2e-05,69125,12
2e-05,69126,0
2e-05,69127,1
2e-05,69128,1
2e-05,69129,11
2e-05,69130,6
2e-05,69131,10
2e-05,69132,13
2e-05,69133,6
2e-05,69134,10
2e-05,69135,11
2e-05,69136,12
2e-05,69137,2
2e-05,69138,14
2e-05,69139,1
2e-05,69140,2
2e-05,69141,2
2e-05,69142,6
2e-05,69143,12
2e-05,69144,3
2e-05,69145,12
2e-05,69146,13
2e-05,69147,2
2e-05,69148,9
2e-05,69149,9
2e-05,69150,0
2e-05,69151,0
2e-05,69152,0
2e-05,69153,12
2e-05,69154,10
2e-05,69155,2
2e-05,69156,13
2e-05,69157,5
2e-05,69158,12
2e-05,69159,2
2e-05,69160,11
2e-05,69161,6
2e-05,69162,6
2e-05,69163,3
2e-05,69164,12
2e-05,69165,6
2e-05,69166,11
2e-05,69167,11
2e-05,69168,11
2e-05,69169,2
2e-05,69170,0
2e-05,69171,3
2e-05,69172,13
2e-05,69173,3
2e-05,69174,3
2e-05,69175,1
2e-05,69176,0
2e-05,69177,13
2e-05,69178,0
2e-05,69179,5
2e-05,69180,11
2e-05,69181,1
2e-05,69182,9
2e-05,69183,3
2e-05,69184,6
2e-05,69185,11
2e-05,69186,6
2e-05,69187,11
2e-05,69188,2
2e-05,69189,12
2e-05,69190,11
2e-05,69191,2
2e-05,69192,6
2e-05,69193,10
2e-05,69194,0
2e-05,69195,0
2e-05,69196,4
2e-05,69197,12
2e-05,69198,5
2e-05,69199,3
2e-05,69200,2
2e-05,69201,11
2e-05,69202,12
2e-05,69203,6
2e-05,69204,1
2e-05,69205,10
2e-05,69206,9
2e-05,69207,9
2e-05,69208,9
2e-05,69209,11
2e-05,69210,6
2e-05,69211,3
2e-05,69212,9
2e-05,69213,5
2e-05,69214,9
2e-05,69215,1
2e-05,69216,3
2e-05,69217,0
2e-05,69218,6
2e-05,69219,10
2e-05,69220,6
2e-05,69221,6
2e-05,69222,5
2e-05,69223,9
2e-05,69224,9
2e-05,69225,11
2e-05,69226,10
2e-05,69227,1
2e-05,69228,1
2e-05,69229,9
2e-05,69230,6
2e-05,69231,5
2e-05,69232,0
2e-05,69233,13
2e-05,69234,5
2e-05,69235,10
2e-05,69236,0
2e-05,69237,13
2e-05,69238,5
2e-05,69239,1
2e-05,69240,11
2e-05,69241,5
2e-05,69242,0
2e-05,69243,6
2e-05,69244,9
2e-05,69245,3
2e-05,69246,13
2e-05,69247,9
2e-05,69248,9
2e-05,69249,11
2e-05,69250,10
2e-05,69251,5
2e-05,69252,6
2e-05,69253,13
2e-05,69254,5
2e-05,69255,2
2e-05,69256,14
2e-05,69257,0
2e-05,69258,11
2e-05,69259,9
2e-05,69260,2
2e-05,69261,6
2e-05,69262,13
2e-05,69263,3
2e-05,69264,5
2e-05,69265,2
2e-05,69266,1
2e-05,69267,0
2e-05,69268,0
2e-05,69269,0
2e-05,69270,10
2e-05,69271,3
2e-05,69272,8
2e-05,69273,5
2e-05,69274,10
2e-05,69275,5
2e-05,69276,11
2e-05,69277,2
2e-05,69278,13
2e-05,69279,11
2e-05,69280,3
2e-05,69281,10
2e-05,69282,10
2e-05,69283,12
2e-05,69284,11
2e-05,69285,5
2e-05,69286,10
2e-05,69287,0
2e-05,69288,13
2e-05,69289,6
2e-05,69290,11
2e-05,69291,6
2e-05,69292,0
2e-05,69293,12
2e-05,69294,0
2e-05,69295,1
2e-05,69296,6
2e-05,69297,9
2e-05,69298,12
2e-05,69299,12
2e-05,69300,11
2e-05,69301,11
2e-05,69302,0
2e-05,69303,10
2e-05,69304,11
2e-05,69305,5
2e-05,69306,3
2e-05,69307,10
2e-05,69308,2
2e-05,69309,12
2e-05,69310,5
2e-05,69311,6
2e-05,69312,1
2e-05,69313,13
2e-05,69314,1
2e-05,69315,1
2e-05,69316,5
2e-05,69317,11
2e-05,69318,0
2e-05,69319,0
2e-05,69320,5
2e-05,69321,0
2e-05,69322,6
2e-05,69323,1
2e-05,69324,2
2e-05,69325,6
2e-05,69326,9
2e-05,69327,11
2e-05,69328,6
2e-05,69329,11
2e-05,69330,0
2e-05,69331,11
2e-05,69332,1
2e-05,69333,6
2e-05,69334,0
2e-05,69335,0
2e-05,69336,1
2e-05,69337,1
2e-05,69338,0
2e-05,69339,3
2e-05,69340,1
2e-05,69341,6
2e-05,69342,2
2e-05,69343,3
2e-05,69344,16
2e-05,69345,1
2e-05,69346,2
2e-05,69347,3
2e-05,69348,0
2e-05,69349,16
2e-05,69350,5
2e-05,69351,10
2e-05,69352,10
2e-05,69353,1
2e-05,69354,1
2e-05,69355,2
2e-05,69356,11
2e-05,69357,10
2e-05,69358,3
2e-05,69359,13
2e-05,69360,6
2e-05,69361,3
2e-05,69362,13
2e-05,69363,0
2e-05,69364,3
2e-05,69365,12
2e-05,69366,11
2e-05,69367,1
2e-05,69368,12
2e-05,69369,3
2e-05,69370,4
2e-05,69371,13
2e-05,69372,1
2e-05,69373,12
2e-05,69374,6
2e-05,69375,2
2e-05,69376,3
2e-05,69377,5
2e-05,69378,1
2e-05,69379,1
2e-05,69380,10
2e-05,69381,0
2e-05,69382,2
2e-05,69383,0
2e-05,69384,8
2e-05,69385,10
2e-05,69386,6
2e-05,69387,1
2e-05,69388,13
2e-05,69389,9
2e-05,69390,13
2e-05,69391,9
2e-05,69392,0
2e-05,69393,6
2e-05,69394,2
2e-05,69395,3
2e-05,69396,2
2e-05,69397,0
2e-05,69398,5
2e-05,69399,12
2e-05,69400,11
2e-05,69401,0
2e-05,69402,13
2e-05,69403,9
2e-05,69404,6
2e-05,69405,11
2e-05,69406,10
2e-05,69407,5
2e-05,69408,6
2e-05,69409,5
2e-05,69410,12
2e-05,69411,1
2e-05,69412,1
2e-05,69413,10
2e-05,69414,3
2e-05,69415,3
2e-05,69416,1
2e-05,69417,3
2e-05,69418,0
2e-05,69419,3
2e-05,69420,11
2e-05,69421,12
2e-05,69422,5
2e-05,69423,3
2e-05,69424,6
2e-05,69425,9
2e-05,69426,13
2e-05,69427,3
2e-05,69428,11
2e-05,69429,1
2e-05,69430,13
2e-05,69431,10
2e-05,69432,2
2e-05,69433,11
2e-05,69434,11
2e-05,69435,1
2e-05,69436,9
2e-05,69437,0
2e-05,69438,11
2e-05,69439,6
2e-05,69440,2
2e-05,69441,12
2e-05,69442,9
2e-05,69443,9
2e-05,69444,6
2e-05,69445,5
2e-05,69446,9
2e-05,69447,11
2e-05,69448,2
2e-05,69449,10
2e-05,69450,1
2e-05,69451,0
2e-05,69452,3
2e-05,69453,6
2e-05,69454,2
2e-05,69455,5
2e-05,69456,3
2e-05,69457,0
2e-05,69458,11
2e-05,69459,1
2e-05,69460,12
2e-05,69461,10
2e-05,69462,1
2e-05,69463,3
2e-05,69464,6
2e-05,69465,9
2e-05,69466,1
2e-05,69467,1
2e-05,69468,11
2e-05,69469,10
2e-05,69470,1
2e-05,69471,5
2e-05,69472,12
2e-05,69473,2
2e-05,69474,9
2e-05,69475,1
2e-05,69476,0
2e-05,69477,3
2e-05,69478,9
2e-05,69479,10
2e-05,69480,13
2e-05,69481,9
2e-05,69482,2
2e-05,69483,11
2e-05,69484,11
2e-05,69485,12
2e-05,69486,6
2e-05,69487,3
2e-05,69488,1
2e-05,69489,1
2e-05,69490,0
2e-05,69491,0
2e-05,69492,11
2e-05,69493,6
2e-05,69494,5
2e-05,69495,13
2e-05,69496,11
2e-05,69497,2
2e-05,69498,2
2e-05,69499,12
2e-05,69500,3
2e-05,69501,2
2e-05,69502,11
2e-05,69503,5
2e-05,69504,6
2e-05,69505,10
2e-05,69506,0
2e-05,69507,3
2e-05,69508,13
2e-05,69509,2
2e-05,69510,9
2e-05,69511,2
2e-05,69512,1
2e-05,69513,13
2e-05,69514,5
2e-05,69515,9
2e-05,69516,5
2e-05,69517,1
2e-05,69518,0
2e-05,69519,13
2e-05,69520,3
2e-05,69521,9
2e-05,69522,2
2e-05,69523,6
2e-05,69524,12
2e-05,69525,11
2e-05,69526,1
2e-05,69527,13
2e-05,69528,3
2e-05,69529,5
2e-05,69530,6
2e-05,69531,5
2e-05,69532,3
2e-05,69533,1
2e-05,69534,6
2e-05,69535,1
2e-05,69536,0
2e-05,69537,10
2e-05,69538,0
2e-05,69539,2
2e-05,69540,16
2e-05,69541,9
2e-05,69542,5
2e-05,69543,12
2e-05,69544,3
2e-05,69545,12
2e-05,69546,11
2e-05,69547,9
2e-05,69548,9
2e-05,69549,3
2e-05,69550,2
2e-05,69551,13
2e-05,69552,0
2e-05,69553,6
2e-05,69554,6
2e-05,69555,10
2e-05,69556,3
2e-05,69557,6
2e-05,69558,1
2e-05,69559,13
2e-05,69560,0
2e-05,69561,9
2e-05,69562,0
2e-05,69563,2
2e-05,69564,11
2e-05,69565,6
2e-05,69566,13
2e-05,69567,1
2e-05,69568,10
2e-05,69569,13
2e-05,69570,9
2e-05,69571,5
2e-05,69572,10
2e-05,69573,1
2e-05,69574,0
2e-05,69575,3
2e-05,69576,13
2e-05,69577,0
2e-05,69578,2
2e-05,69579,10
2e-05,69580,5
2e-05,69581,13
2e-05,69582,3
2e-05,69583,1
2e-05,69584,0
2e-05,69585,9
2e-05,69586,2
2e-05,69587,1
2e-05,69588,10
2e-05,69589,11
2e-05,69590,6
2e-05,69591,1
2e-05,69592,0
2e-05,69593,6
2e-05,69594,0
2e-05,69595,13
2e-05,69596,1
2e-05,69597,13
2e-05,69598,13
2e-05,69599,6
2e-05,69600,9
2e-05,69601,0
2e-05,69602,5
2e-05,69603,0
2e-05,69604,2
2e-05,69605,3
2e-05,69606,10
2e-05,69607,0
2e-05,69608,16
2e-05,69609,0
2e-05,69610,3
2e-05,69611,2
2e-05,69612,5
2e-05,69613,11
2e-05,69614,1
2e-05,69615,13
2e-05,69616,6
2e-05,69617,9
2e-05,69618,13
2e-05,69619,16
2e-05,69620,0
2e-05,69621,1
2e-05,69622,6
2e-05,69623,3
2e-05,69624,0
2e-05,69625,1
2e-05,69626,0
2e-05,69627,2
2e-05,69628,13
2e-05,69629,6
2e-05,69630,12
2e-05,69631,9
2e-05,69632,9
2e-05,69633,1
2e-05,69634,0
2e-05,69635,1
2e-05,69636,13
2e-05,69637,10
2e-05,69638,0
2e-05,69639,6
2e-05,69640,5
2e-05,69641,1
2e-05,69642,5
2e-05,69643,12
2e-05,69644,1
2e-05,69645,0
2e-05,69646,5
2e-05,69647,11
2e-05,69648,6
2e-05,69649,2
2e-05,69650,5
2e-05,69651,1
2e-05,69652,3
2e-05,69653,12
2e-05,69654,2
2e-05,69655,5
2e-05,69656,10
2e-05,69657,12
2e-05,69658,10
2e-05,69659,13
2e-05,69660,13
2e-05,69661,11
2e-05,69662,13
2e-05,69663,0
2e-05,69664,10
2e-05,69665,2
2e-05,69666,2
2e-05,69667,0
2e-05,69668,6
2e-05,69669,11
2e-05,69670,10
2e-05,69671,12
2e-05,69672,0
2e-05,69673,11
2e-05,69674,9
2e-05,69675,3
2e-05,69676,5
2e-05,69677,1
2e-05,69678,13
2e-05,69679,12
2e-05,69680,3
2e-05,69681,6
2e-05,69682,12
2e-05,69683,0
2e-05,69684,10
2e-05,69685,5
2e-05,69686,5
2e-05,69687,1
2e-05,69688,5
2e-05,69689,3
2e-05,69690,11
2e-05,69691,11
2e-05,69692,3
2e-05,69693,12
2e-05,69694,0
2e-05,69695,10
2e-05,69696,10
2e-05,69697,0
2e-05,69698,2
2e-05,69699,11
2e-05,69700,6
2e-05,69701,10
2e-05,69702,9
2e-05,69703,9
2e-05,69704,5
2e-05,69705,5
2e-05,69706,13
2e-05,69707,2
2e-05,69708,9
2e-05,69709,3
2e-05,69710,0
2e-05,69711,0
2e-05,69712,10
2e-05,69713,10
2e-05,69714,5
2e-05,69715,11
2e-05,69716,10
2e-05,69717,2
2e-05,69718,10
2e-05,69719,13
2e-05,69720,9
2e-05,69721,10
2e-05,69722,2
2e-05,69723,2
2e-05,69724,1
2e-05,69725,0
2e-05,69726,6
2e-05,69727,2
2e-05,69728,0
2e-05,69729,10
2e-05,69730,11
2e-05,69731,13
2e-05,69732,6
2e-05,69733,6
2e-05,69734,11
2e-05,69735,2
2e-05,69736,6
2e-05,69737,12
2e-05,69738,0
2e-05,69739,1
2e-05,69740,2
2e-05,69741,2
2e-05,69742,2
2e-05,69743,11
2e-05,69744,9
2e-05,69745,11
2e-05,69746,1
2e-05,69747,12
2e-05,69748,1
2e-05,69749,11
2e-05,69750,2
2e-05,69751,1
2e-05,69752,3
2e-05,69753,2
2e-05,69754,5
2e-05,69755,5
2e-05,69756,1
2e-05,69757,12
2e-05,69758,9
2e-05,69759,10
2e-05,69760,0
2e-05,69761,11
2e-05,69762,3
2e-05,69763,1
2e-05,69764,13
2e-05,69765,6
2e-05,69766,3
2e-05,69767,3
2e-05,69768,2
2e-05,69769,2
2e-05,69770,5
2e-05,69771,3
2e-05,69772,12
2e-05,69773,11
2e-05,69774,2
2e-05,69775,5
2e-05,69776,0
2e-05,69777,10
2e-05,69778,3
2e-05,69779,11
2e-05,69780,0
2e-05,69781,3
2e-05,69782,13
2e-05,69783,6
2e-05,69784,12
2e-05,69785,1
2e-05,69786,12
2e-05,69787,9
2e-05,69788,2
2e-05,69789,2
2e-05,69790,1
2e-05,69791,0
2e-05,69792,6
2e-05,69793,9
2e-05,69794,1
2e-05,69795,9
2e-05,69796,1
2e-05,69797,13
2e-05,69798,10
2e-05,69799,6
2e-05,69800,2
2e-05,69801,5
2e-05,69802,5
2e-05,69803,11
2e-05,69804,9
2e-05,69805,9
2e-05,69806,11
2e-05,69807,11
2e-05,69808,1
2e-05,69809,1
2e-05,69810,2
2e-05,69811,1
2e-05,69812,12
2e-05,69813,9
2e-05,69814,0
2e-05,69815,9
2e-05,69816,9
2e-05,69817,13
2e-05,69818,1
2e-05,69819,0
2e-05,69820,6
2e-05,69821,13
2e-05,69822,5
2e-05,69823,9
2e-05,69824,6
2e-05,69825,17
2e-05,69826,13
2e-05,69827,9
2e-05,69828,9
2e-05,69829,2
2e-05,69830,3
2e-05,69831,13
2e-05,69832,6
2e-05,69833,1
2e-05,69834,2
2e-05,69835,11
2e-05,69836,5
2e-05,69837,3
2e-05,69838,10
2e-05,69839,0
2e-05,69840,9
2e-05,69841,13
2e-05,69842,10
2e-05,69843,13
2e-05,69844,0
2e-05,69845,5
2e-05,69846,10
2e-05,69847,13
2e-05,69848,5
2e-05,69849,0
2e-05,69850,12
2e-05,69851,2
2e-05,69852,2
2e-05,69853,2
2e-05,69854,10
2e-05,69855,13
2e-05,69856,12
2e-05,69857,11
2e-05,69858,2
2e-05,69859,0
2e-05,69860,10
2e-05,69861,11
2e-05,69862,11
2e-05,69863,5
2e-05,69864,1
2e-05,69865,0
2e-05,69866,10
2e-05,69867,10
2e-05,69868,12
2e-05,69869,13
2e-05,69870,12
2e-05,69871,13
2e-05,69872,11
2e-05,69873,0
2e-05,69874,2
2e-05,69875,11
2e-05,69876,0
2e-05,69877,1
2e-05,69878,9
2e-05,69879,5
2e-05,69880,13
2e-05,69881,5
2e-05,69882,6
2e-05,69883,9
2e-05,69884,3
2e-05,69885,13
2e-05,69886,10
2e-05,69887,5
2e-05,69888,9
2e-05,69889,12
2e-05,69890,2
2e-05,69891,11
2e-05,69892,6
2e-05,69893,2
2e-05,69894,3
2e-05,69895,16
2e-05,69896,10
2e-05,69897,6
2e-05,69898,3
2e-05,69899,3
2e-05,69900,9
2e-05,69901,5
2e-05,69902,2
2e-05,69903,9
2e-05,69904,3
2e-05,69905,3
2e-05,69906,0
2e-05,69907,10
2e-05,69908,10
2e-05,69909,5
2e-05,69910,0
2e-05,69911,3
2e-05,69912,5
2e-05,69913,1
2e-05,69914,13
2e-05,69915,0
2e-05,69916,3
2e-05,69917,5
2e-05,69918,3
2e-05,69919,6
2e-05,69920,6
2e-05,69921,2
2e-05,69922,0
2e-05,69923,2
2e-05,69924,11
2e-05,69925,2
2e-05,69926,11
2e-05,69927,11
2e-05,69928,11
2e-05,69929,11
2e-05,69930,12
2e-05,69931,13
2e-05,69932,3
2e-05,69933,5
2e-05,69934,3
2e-05,69935,6
2e-05,69936,9
2e-05,69937,12
2e-05,69938,10
2e-05,69939,1
2e-05,69940,6
2e-05,69941,10
2e-05,69942,0
2e-05,69943,3
2e-05,69944,5
2e-05,69945,6
2e-05,69946,0
2e-05,69947,12
2e-05,69948,0
2e-05,69949,5
2e-05,69950,11
2e-05,69951,4
2e-05,69952,12
2e-05,69953,2
2e-05,69954,8
2e-05,69955,5
2e-05,69956,2
2e-05,69957,9
2e-05,69958,6
2e-05,69959,13
2e-05,69960,5
2e-05,69961,13
2e-05,69962,13
2e-05,69963,12
2e-05,69964,2
2e-05,69965,12
2e-05,69966,1
2e-05,69967,6
2e-05,69968,6
2e-05,69969,5
2e-05,69970,2
2e-05,69971,10
2e-05,69972,10
2e-05,69973,9
2e-05,69974,5
2e-05,69975,0
2e-05,69976,11
2e-05,69977,12
2e-05,69978,0
2e-05,69979,5
2e-05,69980,3
2e-05,69981,0
2e-05,69982,5
2e-05,69983,9
2e-05,69984,6
2e-05,69985,9
2e-05,69986,13
2e-05,69987,0
2e-05,69988,9
2e-05,69989,2
2e-05,69990,0
2e-05,69991,6
2e-05,69992,10
2e-05,69993,6
2e-05,69994,1
2e-05,69995,2
2e-05,69996,6
2e-05,69997,2
2e-05,69998,10
2e-05,69999,9
