Split,Image_Index,Original_Label
Train,0,6
Train,1,9
Train,2,9
Train,3,4
Train,4,1
Train,5,1
Train,6,2
Train,7,7
Train,8,8
Train,9,3
Train,10,4
Train,11,7
Train,12,7
Train,13,2
Train,14,9
Train,15,9
Train,16,9
Train,17,3
Train,18,2
Train,19,6
Train,20,4
Train,21,3
Train,22,6
Train,23,6
Train,24,2
Train,25,6
Train,26,3
Train,27,5
Train,28,4
Train,29,0
Train,30,0
Train,31,9
Train,32,1
Train,33,3
Train,34,4
Train,35,0
Train,36,3
Train,37,7
Train,38,3
Train,39,3
Train,40,5
Train,41,2
Train,42,2
Train,43,7
Train,44,1
Train,45,1
Train,46,1
Train,47,2
Train,48,2
Train,49,0
Train,50,9
Train,51,5
Train,52,7
Train,53,9
Train,54,2
Train,55,2
Train,56,5
Train,57,2
Train,58,4
Train,59,3
Train,60,1
Train,61,1
Train,62,8
Train,63,2
Train,64,1
Train,65,1
Train,66,4
Train,67,9
Train,68,7
Train,69,8
Train,70,5
Train,71,9
Train,72,6
Train,73,7
Train,74,3
Train,75,1
Train,76,9
Train,77,0
Train,78,3
Train,79,1
Train,80,3
Train,81,5
Train,82,4
Train,83,5
Train,84,7
Train,85,7
Train,86,4
Train,87,7
Train,88,9
Train,89,4
Train,90,2
Train,91,3
Train,92,8
Train,93,0
Train,94,1
Train,95,6
Train,96,1
Train,97,1
Train,98,4
Train,99,1
Train,100,8
Train,101,3
Train,102,9
Train,103,6
Train,104,6
Train,105,1
Train,106,8
Train,107,5
Train,108,2
Train,109,9
Train,110,9
Train,111,8
Train,112,1
Train,113,7
Train,114,7
Train,115,0
Train,116,0
Train,117,6
Train,118,9
Train,119,1
Train,120,2
Train,121,2
Train,122,9
Train,123,2
Train,124,6
Train,125,6
Train,126,1
Train,127,9
Train,128,5
Train,129,0
Train,130,4
Train,131,7
Train,132,6
Train,133,7
Train,134,1
Train,135,8
Train,136,1
Train,137,1
Train,138,2
Train,139,8
Train,140,1
Train,141,3
Train,142,3
Train,143,6
Train,144,2
Train,145,4
Train,146,9
Train,147,9
Train,148,5
Train,149,4
Train,150,3
Train,151,6
Train,152,7
Train,153,4
Train,154,6
Train,155,8
Train,156,5
Train,157,5
Train,158,4
Train,159,3
Train,160,1
Train,161,8
Train,162,4
Train,163,7
Train,164,6
Train,165,0
Train,166,9
Train,167,5
Train,168,1
Train,169,3
Train,170,8
Train,171,2
Train,172,7
Train,173,5
Train,174,3
Train,175,4
Train,176,1
Train,177,5
Train,178,7
Train,179,0
Train,180,4
Train,181,7
Train,182,5
Train,183,5
Train,184,1
Train,185,0
Train,186,9
Train,187,6
Train,188,9
Train,189,0
Train,190,8
Train,191,7
Train,192,8
Train,193,8
Train,194,2
Train,195,5
Train,196,2
Train,197,3
Train,198,5
Train,199,0
Train,200,6
Train,201,1
Train,202,9
Train,203,3
Train,204,6
Train,205,9
Train,206,1
Train,207,3
Train,208,9
Train,209,6
Train,210,6
Train,211,7
Train,212,1
Train,213,0
Train,214,9
Train,215,5
Train,216,8
Train,217,5
Train,218,2
Train,219,9
Train,220,0
Train,221,8
Train,222,8
Train,223,0
Train,224,6
Train,225,9
Train,226,1
Train,227,1
Train,228,6
Train,229,3
Train,230,7
Train,231,6
Train,232,6
Train,233,0
Train,234,6
Train,235,6
Train,236,1
Train,237,7
Train,238,1
Train,239,5
Train,240,8
Train,241,3
Train,242,6
Train,243,6
Train,244,8
Train,245,6
Train,246,8
Train,247,4
Train,248,6
Train,249,6
Train,250,1
Train,251,3
Train,252,8
Train,253,3
Train,254,4
Train,255,1
Train,256,7
Train,257,1
Train,258,3
Train,259,8
Train,260,5
Train,261,1
Train,262,1
Train,263,4
Train,264,0
Train,265,9
Train,266,3
Train,267,7
Train,268,4
Train,269,9
Train,270,9
Train,271,2
Train,272,4
Train,273,9
Train,274,9
Train,275,1
Train,276,0
Train,277,5
Train,278,9
Train,279,0
Train,280,8
Train,281,2
Train,282,1
Train,283,2
Train,284,0
Train,285,5
Train,286,6
Train,287,3
Train,288,2
Train,289,7
Train,290,8
Train,291,8
Train,292,6
Train,293,0
Train,294,7
Train,295,9
Train,296,4
Train,297,5
Train,298,6
Train,299,4
Train,300,2
Train,301,1
Train,302,1
Train,303,2
Train,304,1
Train,305,5
Train,306,9
Train,307,9
Train,308,0
Train,309,8
Train,310,4
Train,311,1
Train,312,1
Train,313,6
Train,314,3
Train,315,3
Train,316,9
Train,317,0
Train,318,7
Train,319,9
Train,320,7
Train,321,7
Train,322,9
Train,323,1
Train,324,5
Train,325,1
Train,326,6
Train,327,6
Train,328,8
Train,329,7
Train,330,1
Train,331,3
Train,332,0
Train,333,3
Train,334,3
Train,335,2
Train,336,4
Train,337,5
Train,338,7
Train,339,5
Train,340,9
Train,341,0
Train,342,3
Train,343,4
Train,344,0
Train,345,4
Train,346,4
Train,347,6
Train,348,0
Train,349,0
Train,350,6
Train,351,6
Train,352,0
Train,353,8
Train,354,1
Train,355,6
Train,356,2
Train,357,9
Train,358,2
Train,359,5
Train,360,9
Train,361,6
Train,362,7
Train,363,4
Train,364,1
Train,365,8
Train,366,7
Train,367,3
Train,368,6
Train,369,9
Train,370,3
Train,371,0
Train,372,4
Train,373,0
Train,374,5
Train,375,1
Train,376,0
Train,377,3
Train,378,4
Train,379,8
Train,380,5
Train,381,4
Train,382,7
Train,383,2
Train,384,3
Train,385,9
Train,386,7
Train,387,6
Train,388,7
Train,389,1
Train,390,4
Train,391,7
Train,392,0
Train,393,1
Train,394,7
Train,395,3
Train,396,1
Train,397,8
Train,398,4
Train,399,4
Train,400,2
Train,401,0
Train,402,2
Train,403,2
Train,404,0
Train,405,0
Train,406,9
Train,407,0
Train,408,9
Train,409,6
Train,410,8
Train,411,2
Train,412,7
Train,413,7
Train,414,4
Train,415,0
Train,416,3
Train,417,0
Train,418,8
Train,419,9
Train,420,4
Train,421,2
Train,422,7
Train,423,2
Train,424,5
Train,425,2
Train,426,5
Train,427,1
Train,428,9
Train,429,4
Train,430,8
Train,431,5
Train,432,1
Train,433,7
Train,434,4
Train,435,4
Train,436,0
Train,437,6
Train,438,9
Train,439,0
Train,440,7
Train,441,8
Train,442,8
Train,443,9
Train,444,9
Train,445,3
Train,446,3
Train,447,4
Train,448,0
Train,449,4
Train,450,5
Train,451,6
Train,452,6
Train,453,0
Train,454,1
Train,455,0
Train,456,8
Train,457,0
Train,458,4
Train,459,8
Train,460,8
Train,461,1
Train,462,5
Train,463,2
Train,464,6
Train,465,8
Train,466,1
Train,467,0
Train,468,0
Train,469,7
Train,470,7
Train,471,5
Train,472,9
Train,473,6
Train,474,2
Train,475,8
Train,476,3
Train,477,4
Train,478,7
Train,479,3
Train,480,9
Train,481,0
Train,482,1
Train,483,2
Train,484,4
Train,485,8
Train,486,1
Train,487,8
Train,488,6
Train,489,4
Train,490,4
Train,491,5
Train,492,7
Train,493,1
Train,494,3
Train,495,9
Train,496,8
Train,497,0
Train,498,1
Train,499,7
Train,500,5
Train,501,8
Train,502,2
Train,503,8
Train,504,0
Train,505,4
Train,506,1
Train,507,8
Train,508,9
Train,509,8
Train,510,2
Train,511,9
Train,512,9
Train,513,2
Train,514,7
Train,515,5
Train,516,7
Train,517,3
Train,518,8
Train,519,8
Train,520,4
Train,521,4
Train,522,2
Train,523,7
Train,524,1
Train,525,6
Train,526,4
Train,527,0
Train,528,4
Train,529,6
Train,530,9
Train,531,7
Train,532,6
Train,533,2
Train,534,5
Train,535,5
Train,536,1
Train,537,7
Train,538,2
Train,539,2
Train,540,2
Train,541,9
Train,542,5
Train,543,4
Train,544,2
Train,545,7
Train,546,8
Train,547,1
Train,548,3
Train,549,4
Train,550,3
Train,551,7
Train,552,6
Train,553,9
Train,554,8
Train,555,0
Train,556,6
Train,557,0
Train,558,2
Train,559,2
Train,560,2
Train,561,1
Train,562,8
Train,563,4
Train,564,0
Train,565,1
Train,566,8
Train,567,8
Train,568,1
Train,569,5
Train,570,7
Train,571,6
Train,572,4
Train,573,5
Train,574,8
Train,575,7
Train,576,1
Train,577,9
Train,578,1
Train,579,9
Train,580,8
Train,581,4
Train,582,7
Train,583,3
Train,584,8
Train,585,8
Train,586,2
Train,587,6
Train,588,6
Train,589,7
Train,590,1
Train,591,6
Train,592,8
Train,593,1
Train,594,9
Train,595,7
Train,596,8
Train,597,3
Train,598,0
Train,599,1
Train,600,0
Train,601,8
Train,602,8
Train,603,3
Train,604,0
Train,605,0
Train,606,1
Train,607,5
Train,608,0
Train,609,8
Train,610,8
Train,611,7
Train,612,9
Train,613,9
Train,614,0
Train,615,9
Train,616,4
Train,617,1
Train,618,3
Train,619,6
Train,620,6
Train,621,4
Train,622,4
Train,623,7
Train,624,5
Train,625,6
Train,626,0
Train,627,8
Train,628,0
Train,629,3
Train,630,2
Train,631,8
Train,632,4
Train,633,6
Train,634,9
Train,635,9
Train,636,7
Train,637,0
Train,638,3
Train,639,3
Train,640,6
Train,641,7
Train,642,4
Train,643,9
Train,644,1
Train,645,6
Train,646,2
Train,647,7
Train,648,2
Train,649,2
Train,650,0
Train,651,6
Train,652,7
Train,653,5
Train,654,7
Train,655,6
Train,656,8
Train,657,9
Train,658,0
Train,659,9
Train,660,4
Train,661,4
Train,662,7
Train,663,0
Train,664,9
Train,665,4
Train,666,9
Train,667,6
Train,668,9
Train,669,4
Train,670,5
Train,671,7
Train,672,9
Train,673,2
Train,674,4
Train,675,5
Train,676,1
Train,677,4
Train,678,3
Train,679,9
Train,680,6
Train,681,5
Train,682,6
Train,683,9
Train,684,3
Train,685,3
Train,686,5
Train,687,0
Train,688,7
Train,689,2
Train,690,1
Train,691,3
Train,692,6
Train,693,4
Train,694,0
Train,695,0
Train,696,2
Train,697,5
Train,698,0
Train,699,1
Train,700,0
Train,701,2
Train,702,3
Train,703,9
Train,704,8
Train,705,4
Train,706,9
Train,707,8
Train,708,0
Train,709,2
Train,710,6
Train,711,4
Train,712,4
Train,713,0
Train,714,1
Train,715,8
Train,716,8
Train,717,3
Train,718,6
Train,719,9
Train,720,6
Train,721,6
Train,722,7
Train,723,8
Train,724,2
Train,725,4
Train,726,5
Train,727,7
Train,728,6
Train,729,5
Train,730,3
Train,731,0
Train,732,5
Train,733,0
Train,734,5
Train,735,0
Train,736,8
Train,737,2
Train,738,6
Train,739,7
Train,740,3
Train,741,8
Train,742,2
Train,743,1
Train,744,7
Train,745,6
Train,746,7
Train,747,1
Train,748,0
Train,749,9
Train,750,5
Train,751,5
Train,752,0
Train,753,1
Train,754,7
Train,755,6
Train,756,9
Train,757,0
Train,758,4
Train,759,7
Train,760,7
Train,761,1
Train,762,5
Train,763,9
Train,764,4
Train,765,0
Train,766,8
Train,767,5
Train,768,9
Train,769,9
Train,770,6
Train,771,7
Train,772,1
Train,773,8
Train,774,3
Train,775,2
Train,776,3
Train,777,8
Train,778,2
Train,779,2
Train,780,4
Train,781,6
Train,782,0
Train,783,0
Train,784,5
Train,785,3
Train,786,8
Train,787,2
Train,788,3
Train,789,7
Train,790,2
Train,791,9
Train,792,3
Train,793,8
Train,794,7
Train,795,8
Train,796,2
Train,797,7
Train,798,9
Train,799,0
Train,800,2
Train,801,3
Train,802,2
Train,803,2
Train,804,2
Train,805,3
Train,806,3
Train,807,6
Train,808,2
Train,809,3
Train,810,2
Train,811,8
Train,812,0
Train,813,5
Train,814,5
Train,815,1
Train,816,4
Train,817,5
Train,818,6
Train,819,6
Train,820,2
Train,821,7
Train,822,0
Train,823,1
Train,824,7
Train,825,7
Train,826,8
Train,827,2
Train,828,9
Train,829,2
Train,830,2
Train,831,4
Train,832,2
Train,833,1
Train,834,1
Train,835,1
Train,836,6
Train,837,6
Train,838,6
Train,839,5
Train,840,1
Train,841,1
Train,842,7
Train,843,0
Train,844,4
Train,845,3
Train,846,3
Train,847,7
Train,848,1
Train,849,2
Train,850,3
Train,851,5
Train,852,5
Train,853,5
Train,854,6
Train,855,1
Train,856,4
Train,857,3
Train,858,7
Train,859,8
Train,860,8
Train,861,3
Train,862,6
Train,863,6
Train,864,2
Train,865,3
Train,866,0
Train,867,9
Train,868,4
Train,869,3
Train,870,8
Train,871,0
Train,872,0
Train,873,1
Train,874,1
Train,875,5
Train,876,4
Train,877,9
Train,878,3
Train,879,1
Train,880,8
Train,881,9
Train,882,3
Train,883,9
Train,884,9
Train,885,2
Train,886,9
Train,887,4
Train,888,8
Train,889,2
Train,890,9
Train,891,8
Train,892,8
Train,893,1
Train,894,5
Train,895,3
Train,896,6
Train,897,8
Train,898,7
Train,899,6
Train,900,9
Train,901,8
Train,902,0
Train,903,6
Train,904,4
Train,905,0
Train,906,0
Train,907,2
Train,908,5
Train,909,8
Train,910,2
Train,911,0
Train,912,2
Train,913,7
Train,914,6
Train,915,9
Train,916,7
Train,917,1
Train,918,5
Train,919,5
Train,920,6
Train,921,6
Train,922,3
Train,923,6
Train,924,2
Train,925,4
Train,926,7
Train,927,0
Train,928,5
Train,929,6
Train,930,4
Train,931,6
Train,932,5
Train,933,2
Train,934,4
Train,935,6
Train,936,1
Train,937,6
Train,938,0
Train,939,4
Train,940,0
Train,941,3
Train,942,1
Train,943,8
Train,944,5
Train,945,4
Train,946,4
Train,947,1
Train,948,7
Train,949,3
Train,950,9
Train,951,4
Train,952,7
Train,953,9
Train,954,7
Train,955,3
Train,956,7
Train,957,2
Train,958,8
Train,959,4
Train,960,6
Train,961,6
Train,962,1
Train,963,2
Train,964,9
Train,965,0
Train,966,4
Train,967,8
Train,968,7
Train,969,3
Train,970,9
Train,971,8
Train,972,7
Train,973,7
Train,974,0
Train,975,2
Train,976,4
Train,977,1
Train,978,1
Train,979,4
Train,980,1
Train,981,5
Train,982,4
Train,983,0
Train,984,5
Train,985,6
Train,986,2
Train,987,8
Train,988,5
Train,989,0
Train,990,2
Train,991,1
Train,992,3
Train,993,5
Train,994,7
Train,995,3
Train,996,5
Train,997,1
Train,998,3
Train,999,5
Train,1000,9
Train,1001,4
Train,1002,3
Train,1003,2
Train,1004,4
Train,1005,4
Train,1006,1
Train,1007,4
Train,1008,2
Train,1009,2
Train,1010,3
Train,1011,8
Train,1012,0
Train,1013,6
Train,1014,8
Train,1015,5
Train,1016,6
Train,1017,6
Train,1018,4
Train,1019,7
Train,1020,1
Train,1021,1
Train,1022,4
Train,1023,6
Train,1024,2
Train,1025,3
Train,1026,9
Train,1027,6
Train,1028,9
Train,1029,1
Train,1030,3
Train,1031,6
Train,1032,8
Train,1033,5
Train,1034,9
Train,1035,6
Train,1036,8
Train,1037,1
Train,1038,6
Train,1039,0
Train,1040,2
Train,1041,3
Train,1042,7
Train,1043,9
Train,1044,0
Train,1045,9
Train,1046,7
Train,1047,6
Train,1048,3
Train,1049,9
Train,1050,2
Train,1051,6
Train,1052,1
Train,1053,6
Train,1054,7
Train,1055,3
Train,1056,8
Train,1057,3
Train,1058,8
Train,1059,3
Train,1060,8
Train,1061,5
Train,1062,9
Train,1063,6
Train,1064,1
Train,1065,2
Train,1066,5
Train,1067,2
Train,1068,1
Train,1069,4
Train,1070,3
Train,1071,7
Train,1072,5
Train,1073,9
Train,1074,3
Train,1075,9
Train,1076,3
Train,1077,2
Train,1078,9
Train,1079,1
Train,1080,8
Train,1081,5
Train,1082,9
Train,1083,7
Train,1084,2
Train,1085,6
Train,1086,0
Train,1087,8
Train,1088,5
Train,1089,7
Train,1090,1
Train,1091,5
Train,1092,8
Train,1093,5
Train,1094,7
Train,1095,1
Train,1096,5
Train,1097,0
Train,1098,3
Train,1099,9
Train,1100,3
Train,1101,6
Train,1102,9
Train,1103,1
Train,1104,3
Train,1105,9
Train,1106,8
Train,1107,2
Train,1108,2
Train,1109,3
Train,1110,2
Train,1111,5
Train,1112,9
Train,1113,7
Train,1114,9
Train,1115,9
Train,1116,8
Train,1117,9
Train,1118,7
Train,1119,0
Train,1120,3
Train,1121,3
Train,1122,2
Train,1123,0
Train,1124,3
Train,1125,7
Train,1126,6
Train,1127,3
Train,1128,3
Train,1129,2
Train,1130,0
Train,1131,6
Train,1132,6
Train,1133,5
Train,1134,5
Train,1135,7
Train,1136,5
Train,1137,9
Train,1138,8
Train,1139,2
Train,1140,9
Train,1141,8
Train,1142,0
Train,1143,4
Train,1144,0
Train,1145,1
Train,1146,2
Train,1147,0
Train,1148,4
Train,1149,7
Train,1150,3
Train,1151,8
Train,1152,5
Train,1153,1
Train,1154,6
Train,1155,6
Train,1156,5
Train,1157,5
Train,1158,4
Train,1159,6
Train,1160,3
Train,1161,6
Train,1162,8
Train,1163,2
Train,1164,3
Train,1165,7
Train,1166,0
Train,1167,7
Train,1168,0
Train,1169,4
Train,1170,1
Train,1171,9
Train,1172,5
Train,1173,7
Train,1174,8
Train,1175,6
Train,1176,6
Train,1177,8
Train,1178,0
Train,1179,7
Train,1180,2
Train,1181,8
Train,1182,4
Train,1183,8
Train,1184,2
Train,1185,0
Train,1186,9
Train,1187,0
Train,1188,0
Train,1189,2
Train,1190,9
Train,1191,6
Train,1192,6
Train,1193,5
Train,1194,6
Train,1195,0
Train,1196,3
Train,1197,7
Train,1198,5
Train,1199,5
Train,1200,7
Train,1201,9
Train,1202,3
Train,1203,4
Train,1204,5
Train,1205,0
Train,1206,5
Train,1207,2
Train,1208,3
Train,1209,2
Train,1210,6
Train,1211,0
Train,1212,4
Train,1213,9
Train,1214,0
Train,1215,7
Train,1216,0
Train,1217,9
Train,1218,7
Train,1219,2
Train,1220,6
Train,1221,4
Train,1222,6
Train,1223,9
Train,1224,5
Train,1225,4
Train,1226,7
Train,1227,0
Train,1228,6
Train,1229,8
Train,1230,8
Train,1231,9
Train,1232,9
Train,1233,9
Train,1234,0
Train,1235,9
Train,1236,8
Train,1237,6
Train,1238,4
Train,1239,8
Train,1240,1
Train,1241,9
Train,1242,1
Train,1243,0
Train,1244,5
Train,1245,8
Train,1246,6
Train,1247,9
Train,1248,6
Train,1249,0
Train,1250,8
Train,1251,1
Train,1252,3
Train,1253,9
Train,1254,4
Train,1255,8
Train,1256,4
Train,1257,3
Train,1258,2
Train,1259,6
Train,1260,0
Train,1261,8
Train,1262,9
Train,1263,9
Train,1264,4
Train,1265,3
Train,1266,0
Train,1267,2
Train,1268,4
Train,1269,4
Train,1270,0
Train,1271,3
Train,1272,5
Train,1273,7
Train,1274,5
Train,1275,7
Train,1276,7
Train,1277,9
Train,1278,0
Train,1279,9
Train,1280,5
Train,1281,3
Train,1282,8
Train,1283,2
Train,1284,4
Train,1285,2
Train,1286,3
Train,1287,1
Train,1288,2
Train,1289,8
Train,1290,9
Train,1291,2
Train,1292,8
Train,1293,1
Train,1294,4
Train,1295,2
Train,1296,0
Train,1297,4
Train,1298,5
Train,1299,4
Train,1300,8
Train,1301,1
Train,1302,7
Train,1303,4
Train,1304,1
Train,1305,1
Train,1306,0
Train,1307,2
Train,1308,7
Train,1309,7
Train,1310,4
Train,1311,4
Train,1312,4
Train,1313,4
Train,1314,8
Train,1315,4
Train,1316,3
Train,1317,6
Train,1318,6
Train,1319,0
Train,1320,1
Train,1321,3
Train,1322,9
Train,1323,8
Train,1324,4
Train,1325,8
Train,1326,9
Train,1327,6
Train,1328,2
Train,1329,0
Train,1330,5
Train,1331,5
Train,1332,9
Train,1333,4
Train,1334,2
Train,1335,0
Train,1336,8
Train,1337,8
Train,1338,0
Train,1339,4
Train,1340,0
Train,1341,7
Train,1342,6
Train,1343,9
Train,1344,5
Train,1345,3
Train,1346,5
Train,1347,4
Train,1348,4
Train,1349,4
Train,1350,4
Train,1351,3
Train,1352,7
Train,1353,9
Train,1354,2
Train,1355,5
Train,1356,1
Train,1357,8
Train,1358,3
Train,1359,2
Train,1360,6
Train,1361,9
Train,1362,6
Train,1363,3
Train,1364,1
Train,1365,7
Train,1366,4
Train,1367,6
Train,1368,3
Train,1369,7
Train,1370,8
Train,1371,6
Train,1372,2
Train,1373,4
Train,1374,6
Train,1375,8
Train,1376,0
Train,1377,1
Train,1378,9
Train,1379,9
Train,1380,1
Train,1381,0
Train,1382,0
Train,1383,8
Train,1384,9
Train,1385,4
Train,1386,7
Train,1387,4
Train,1388,4
Train,1389,1
Train,1390,9
Train,1391,8
Train,1392,8
Train,1393,6
Train,1394,1
Train,1395,7
Train,1396,4
Train,1397,8
Train,1398,8
Train,1399,8
Train,1400,0
Train,1401,5
Train,1402,6
Train,1403,6
Train,1404,8
Train,1405,3
Train,1406,4
Train,1407,4
Train,1408,1
Train,1409,2
Train,1410,1
Train,1411,5
Train,1412,7
Train,1413,1
Train,1414,7
Train,1415,2
Train,1416,8
Train,1417,5
Train,1418,9
Train,1419,5
Train,1420,6
Train,1421,1
Train,1422,9
Train,1423,5
Train,1424,0
Train,1425,4
Train,1426,3
Train,1427,3
Train,1428,0
Train,1429,8
Train,1430,2
Train,1431,8
Train,1432,0
Train,1433,9
Train,1434,0
Train,1435,4
Train,1436,6
Train,1437,9
Train,1438,2
Train,1439,8
Train,1440,2
Train,1441,7
Train,1442,7
Train,1443,2
Train,1444,2
Train,1445,7
Train,1446,1
Train,1447,6
Train,1448,1
Train,1449,3
Train,1450,4
Train,1451,4
Train,1452,8
Train,1453,6
Train,1454,0
Train,1455,1
Train,1456,9
Train,1457,4
Train,1458,2
Train,1459,7
Train,1460,5
Train,1461,3
Train,1462,9
Train,1463,0
Train,1464,1
Train,1465,9
Train,1466,0
Train,1467,9
Train,1468,8
Train,1469,7
Train,1470,0
Train,1471,4
Train,1472,9
Train,1473,0
Train,1474,5
Train,1475,2
Train,1476,1
Train,1477,0
Train,1478,2
Train,1479,8
Train,1480,8
Train,1481,0
Train,1482,5
Train,1483,7
Train,1484,6
Train,1485,6
Train,1486,5
Train,1487,3
Train,1488,7
Train,1489,7
Train,1490,7
Train,1491,4
Train,1492,2
Train,1493,0
Train,1494,1
Train,1495,7
Train,1496,3
Train,1497,2
Train,1498,7
Train,1499,3
Train,1500,2
Train,1501,2
Train,1502,1
Train,1503,5
Train,1504,9
Train,1505,9
Train,1506,8
Train,1507,0
Train,1508,8
Train,1509,4
Train,1510,3
Train,1511,3
Train,1512,8
Train,1513,5
Train,1514,0
Train,1515,8
Train,1516,4
Train,1517,5
Train,1518,7
Train,1519,5
Train,1520,1
Train,1521,5
Train,1522,0
Train,1523,2
Train,1524,0
Train,1525,5
Train,1526,4
Train,1527,2
Train,1528,3
Train,1529,6
Train,1530,2
Train,1531,6
Train,1532,2
Train,1533,2
Train,1534,3
Train,1535,4
Train,1536,6
Train,1537,6
Train,1538,5
Train,1539,3
Train,1540,0
Train,1541,1
Train,1542,2
Train,1543,7
Train,1544,7
Train,1545,5
Train,1546,3
Train,1547,1
Train,1548,1
Train,1549,7
Train,1550,6
Train,1551,1
Train,1552,6
Train,1553,3
Train,1554,3
Train,1555,3
Train,1556,3
Train,1557,4
Train,1558,8
Train,1559,1
Train,1560,0
Train,1561,7
Train,1562,7
Train,1563,6
Train,1564,8
Train,1565,1
Train,1566,2
Train,1567,5
Train,1568,3
Train,1569,4
Train,1570,1
Train,1571,1
Train,1572,9
Train,1573,3
Train,1574,1
Train,1575,4
Train,1576,2
Train,1577,7
Train,1578,1
Train,1579,6
Train,1580,5
Train,1581,7
Train,1582,7
Train,1583,7
Train,1584,6
Train,1585,6
Train,1586,1
Train,1587,9
Train,1588,5
Train,1589,0
Train,1590,9
Train,1591,5
Train,1592,7
Train,1593,0
Train,1594,0
Train,1595,4
Train,1596,6
Train,1597,8
Train,1598,0
Train,1599,1
Train,1600,5
Train,1601,0
Train,1602,9
Train,1603,3
Train,1604,1
Train,1605,1
Train,1606,2
Train,1607,0
Train,1608,3
Train,1609,2
Train,1610,9
Train,1611,1
Train,1612,9
Train,1613,6
Train,1614,2
Train,1615,4
Train,1616,8
Train,1617,8
Train,1618,5
Train,1619,9
Train,1620,2
Train,1621,1
Train,1622,9
Train,1623,4
Train,1624,4
Train,1625,3
Train,1626,0
Train,1627,6
Train,1628,6
Train,1629,0
Train,1630,4
Train,1631,1
Train,1632,0
Train,1633,9
Train,1634,5
Train,1635,6
Train,1636,5
Train,1637,6
Train,1638,9
Train,1639,4
Train,1640,4
Train,1641,2
Train,1642,6
Train,1643,8
Train,1644,4
Train,1645,7
Train,1646,6
Train,1647,5
Train,1648,9
Train,1649,8
Train,1650,7
Train,1651,1
Train,1652,9
Train,1653,5
Train,1654,4
Train,1655,3
Train,1656,5
Train,1657,4
Train,1658,3
Train,1659,4
Train,1660,1
Train,1661,5
Train,1662,5
Train,1663,4
Train,1664,0
Train,1665,8
Train,1666,4
Train,1667,4
Train,1668,0
Train,1669,9
Train,1670,2
Train,1671,8
Train,1672,9
Train,1673,8
Train,1674,0
Train,1675,2
Train,1676,2
Train,1677,2
Train,1678,6
Train,1679,7
Train,1680,8
Train,1681,1
Train,1682,9
Train,1683,8
Train,1684,0
Train,1685,3
Train,1686,8
Train,1687,6
Train,1688,8
Train,1689,1
Train,1690,6
Train,1691,5
Train,1692,4
Train,1693,2
Train,1694,1
Train,1695,4
Train,1696,3
Train,1697,9
Train,1698,7
Train,1699,8
Train,1700,3
Train,1701,0
Train,1702,8
Train,1703,3
Train,1704,4
Train,1705,2
Train,1706,9
Train,1707,1
Train,1708,0
Train,1709,0
Train,1710,3
Train,1711,0
Train,1712,4
Train,1713,5
Train,1714,9
Train,1715,0
Train,1716,7
Train,1717,5
Train,1718,9
Train,1719,5
Train,1720,8
Train,1721,8
Train,1722,6
Train,1723,3
Train,1724,1
Train,1725,9
Train,1726,5
Train,1727,2
Train,1728,4
Train,1729,7
Train,1730,6
Train,1731,1
Train,1732,8
Train,1733,6
Train,1734,9
Train,1735,3
Train,1736,1
Train,1737,3
Train,1738,7
Train,1739,4
Train,1740,0
Train,1741,6
Train,1742,7
Train,1743,6
Train,1744,9
Train,1745,2
Train,1746,4
Train,1747,1
Train,1748,9
Train,1749,8
Train,1750,5
Train,1751,8
Train,1752,2
Train,1753,2
Train,1754,5
Train,1755,0
Train,1756,2
Train,1757,0
Train,1758,7
Train,1759,0
Train,1760,6
Train,1761,6
Train,1762,4
Train,1763,8
Train,1764,7
Train,1765,9
Train,1766,6
Train,1767,9
Train,1768,2
Train,1769,3
Train,1770,8
Train,1771,8
Train,1772,3
Train,1773,9
Train,1774,9
Train,1775,8
Train,1776,7
Train,1777,2
Train,1778,3
Train,1779,5
Train,1780,5
Train,1781,1
Train,1782,8
Train,1783,7
Train,1784,4
Train,1785,3
Train,1786,5
Train,1787,2
Train,1788,2
Train,1789,2
Train,1790,1
Train,1791,4
Train,1792,2
Train,1793,2
Train,1794,8
Train,1795,4
Train,1796,9
Train,1797,8
Train,1798,2
Train,1799,1
Train,1800,2
Train,1801,5
Train,1802,6
Train,1803,3
Train,1804,4
Train,1805,5
Train,1806,7
Train,1807,6
Train,1808,7
Train,1809,6
Train,1810,5
Train,1811,0
Train,1812,2
Train,1813,4
Train,1814,4
Train,1815,3
Train,1816,0
Train,1817,4
Train,1818,2
Train,1819,6
Train,1820,1
Train,1821,8
Train,1822,8
Train,1823,3
Train,1824,0
Train,1825,7
Train,1826,4
Train,1827,9
Train,1828,7
Train,1829,9
Train,1830,2
Train,1831,0
Train,1832,4
Train,1833,7
Train,1834,3
Train,1835,7
Train,1836,6
Train,1837,6
Train,1838,2
Train,1839,3
Train,1840,7
Train,1841,3
Train,1842,6
Train,1843,8
Train,1844,2
Train,1845,3
Train,1846,3
Train,1847,5
Train,1848,5
Train,1849,5
Train,1850,2
Train,1851,4
Train,1852,2
Train,1853,8
Train,1854,7
Train,1855,4
Train,1856,3
Train,1857,7
Train,1858,7
Train,1859,8
Train,1860,5
Train,1861,2
Train,1862,8
Train,1863,4
Train,1864,3
Train,1865,5
Train,1866,4
Train,1867,2
Train,1868,9
Train,1869,1
Train,1870,4
Train,1871,0
Train,1872,0
Train,1873,5
Train,1874,6
Train,1875,5
Train,1876,6
Train,1877,8
Train,1878,0
Train,1879,3
Train,1880,4
Train,1881,4
Train,1882,4
Train,1883,2
Train,1884,2
Train,1885,0
Train,1886,5
Train,1887,0
Train,1888,3
Train,1889,4
Train,1890,7
Train,1891,7
Train,1892,3
Train,1893,9
Train,1894,7
Train,1895,3
Train,1896,7
Train,1897,3
Train,1898,7
Train,1899,7
Train,1900,7
Train,1901,1
Train,1902,7
Train,1903,4
Train,1904,4
Train,1905,7
Train,1906,9
Train,1907,1
Train,1908,7
Train,1909,7
Train,1910,4
Train,1911,5
Train,1912,9
Train,1913,0
Train,1914,8
Train,1915,7
Train,1916,3
Train,1917,6
Train,1918,2
Train,1919,3
Train,1920,8
Train,1921,2
Train,1922,5
Train,1923,4
Train,1924,8
Train,1925,4
Train,1926,0
Train,1927,7
Train,1928,5
Train,1929,2
Train,1930,7
Train,1931,7
Train,1932,2
Train,1933,6
Train,1934,4
Train,1935,0
Train,1936,2
Train,1937,4
Train,1938,3
Train,1939,8
Train,1940,9
Train,1941,4
Train,1942,5
Train,1943,5
Train,1944,6
Train,1945,7
Train,1946,1
Train,1947,9
Train,1948,6
Train,1949,5
Train,1950,0
Train,1951,3
Train,1952,4
Train,1953,4
Train,1954,0
Train,1955,6
Train,1956,6
Train,1957,8
Train,1958,3
Train,1959,6
Train,1960,0
Train,1961,3
Train,1962,3
Train,1963,3
Train,1964,8
Train,1965,3
Train,1966,3
Train,1967,8
Train,1968,4
Train,1969,3
Train,1970,8
Train,1971,2
Train,1972,9
Train,1973,1
Train,1974,4
Train,1975,9
Train,1976,5
Train,1977,0
Train,1978,6
Train,1979,5
Train,1980,0
Train,1981,2
Train,1982,6
Train,1983,5
Train,1984,4
Train,1985,1
Train,1986,5
Train,1987,9
Train,1988,0
Train,1989,6
Train,1990,2
Train,1991,5
Train,1992,4
Train,1993,5
Train,1994,8
Train,1995,2
Train,1996,8
Train,1997,7
Train,1998,5
Train,1999,0
Train,2000,7
Train,2001,9
Train,2002,9
Train,2003,8
Train,2004,2
Train,2005,1
Train,2006,0
Train,2007,2
Train,2008,7
Train,2009,5
Train,2010,0
Train,2011,3
Train,2012,8
Train,2013,5
Train,2014,0
Train,2015,7
Train,2016,9
Train,2017,5
Train,2018,8
Train,2019,6
Train,2020,9
Train,2021,0
Train,2022,7
Train,2023,1
Train,2024,9
Train,2025,3
Train,2026,5
Train,2027,0
Train,2028,5
Train,2029,1
Train,2030,7
Train,2031,8
Train,2032,9
Train,2033,2
Train,2034,0
Train,2035,0
Train,2036,8
Train,2037,1
Train,2038,1
Train,2039,1
Train,2040,6
Train,2041,2
Train,2042,3
Train,2043,6
Train,2044,2
Train,2045,7
Train,2046,1
Train,2047,9
Train,2048,3
Train,2049,7
Train,2050,6
Train,2051,3
Train,2052,1
Train,2053,0
Train,2054,5
Train,2055,9
Train,2056,4
Train,2057,3
Train,2058,9
Train,2059,5
Train,2060,0
Train,2061,9
Train,2062,2
Train,2063,7
Train,2064,5
Train,2065,8
Train,2066,0
Train,2067,1
Train,2068,3
Train,2069,4
Train,2070,8
Train,2071,5
Train,2072,1
Train,2073,5
Train,2074,7
Train,2075,7
Train,2076,2
Train,2077,8
Train,2078,4
Train,2079,2
Train,2080,2
Train,2081,5
Train,2082,3
Train,2083,3
Train,2084,1
Train,2085,4
Train,2086,9
Train,2087,2
Train,2088,4
Train,2089,5
Train,2090,2
Train,2091,2
Train,2092,3
Train,2093,2
Train,2094,1
Train,2095,5
Train,2096,8
Train,2097,9
Train,2098,2
Train,2099,6
Train,2100,6
Train,2101,1
Train,2102,7
Train,2103,7
Train,2104,5
Train,2105,4
Train,2106,4
Train,2107,0
Train,2108,5
Train,2109,8
Train,2110,8
Train,2111,6
Train,2112,6
Train,2113,7
Train,2114,2
Train,2115,6
Train,2116,4
Train,2117,5
Train,2118,1
Train,2119,7
Train,2120,5
Train,2121,2
Train,2122,4
Train,2123,4
Train,2124,6
Train,2125,5
Train,2126,2
Train,2127,3
Train,2128,8
Train,2129,9
Train,2130,3
Train,2131,4
Train,2132,3
Train,2133,2
Train,2134,6
Train,2135,7
Train,2136,2
Train,2137,3
Train,2138,2
Train,2139,7
Train,2140,7
Train,2141,3
Train,2142,0
Train,2143,1
Train,2144,4
Train,2145,0
Train,2146,6
Train,2147,5
Train,2148,5
Train,2149,1
Train,2150,6
Train,2151,7
Train,2152,6
Train,2153,1
Train,2154,3
Train,2155,4
Train,2156,0
Train,2157,9
Train,2158,9
Train,2159,6
Train,2160,8
Train,2161,8
Train,2162,3
Train,2163,2
Train,2164,3
Train,2165,3
Train,2166,8
Train,2167,5
Train,2168,3
Train,2169,0
Train,2170,9
Train,2171,0
Train,2172,8
Train,2173,1
Train,2174,3
Train,2175,4
Train,2176,8
Train,2177,2
Train,2178,4
Train,2179,6
Train,2180,1
Train,2181,3
Train,2182,5
Train,2183,5
Train,2184,1
Train,2185,1
Train,2186,1
Train,2187,9
Train,2188,5
Train,2189,0
Train,2190,4
Train,2191,2
Train,2192,9
Train,2193,2
Train,2194,5
Train,2195,7
Train,2196,4
Train,2197,3
Train,2198,3
Train,2199,9
Train,2200,1
Train,2201,7
Train,2202,2
Train,2203,6
Train,2204,1
Train,2205,2
Train,2206,9
Train,2207,7
Train,2208,9
Train,2209,0
Train,2210,4
Train,2211,7
Train,2212,8
Train,2213,4
Train,2214,9
Train,2215,9
Train,2216,4
Train,2217,2
Train,2218,9
Train,2219,9
Train,2220,8
Train,2221,8
Train,2222,6
Train,2223,3
Train,2224,2
Train,2225,4
Train,2226,6
Train,2227,1
Train,2228,7
Train,2229,8
Train,2230,2
Train,2231,5
Train,2232,8
Train,2233,0
Train,2234,4
Train,2235,4
Train,2236,5
Train,2237,2
Train,2238,4
Train,2239,6
Train,2240,5
Train,2241,6
Train,2242,5
Train,2243,7
Train,2244,7
Train,2245,4
Train,2246,5
Train,2247,2
Train,2248,0
Train,2249,1
Train,2250,1
Train,2251,9
Train,2252,6
Train,2253,4
Train,2254,3
Train,2255,8
Train,2256,7
Train,2257,4
Train,2258,0
Train,2259,1
Train,2260,5
Train,2261,5
Train,2262,0
Train,2263,7
Train,2264,0
Train,2265,8
Train,2266,5
Train,2267,6
Train,2268,1
Train,2269,2
Train,2270,3
Train,2271,5
Train,2272,8
Train,2273,9
Train,2274,6
Train,2275,7
Train,2276,6
Train,2277,0
Train,2278,7
Train,2279,3
Train,2280,1
Train,2281,9
Train,2282,4
Train,2283,1
Train,2284,8
Train,2285,8
Train,2286,1
Train,2287,0
Train,2288,6
Train,2289,1
Train,2290,7
Train,2291,2
Train,2292,5
Train,2293,4
Train,2294,5
Train,2295,6
Train,2296,6
Train,2297,4
Train,2298,8
Train,2299,6
Train,2300,4
Train,2301,7
Train,2302,9
Train,2303,9
Train,2304,4
Train,2305,5
Train,2306,1
Train,2307,3
Train,2308,9
Train,2309,8
Train,2310,6
Train,2311,7
Train,2312,3
Train,2313,9
Train,2314,5
Train,2315,2
Train,2316,5
Train,2317,2
Train,2318,1
Train,2319,7
Train,2320,1
Train,2321,7
Train,2322,0
Train,2323,8
Train,2324,3
Train,2325,8
Train,2326,3
Train,2327,4
Train,2328,1
Train,2329,4
Train,2330,0
Train,2331,7
Train,2332,9
Train,2333,8
Train,2334,5
Train,2335,5
Train,2336,6
Train,2337,3
Train,2338,9
Train,2339,1
Train,2340,2
Train,2341,0
Train,2342,0
Train,2343,2
Train,2344,8
Train,2345,0
Train,2346,2
Train,2347,9
Train,2348,3
Train,2349,2
Train,2350,0
Train,2351,9
Train,2352,9
Train,2353,3
Train,2354,2
Train,2355,0
Train,2356,6
Train,2357,9
Train,2358,7
Train,2359,3
Train,2360,7
Train,2361,5
Train,2362,1
Train,2363,4
Train,2364,6
Train,2365,0
Train,2366,7
Train,2367,5
Train,2368,8
Train,2369,6
Train,2370,7
Train,2371,5
Train,2372,2
Train,2373,5
Train,2374,5
Train,2375,3
Train,2376,3
Train,2377,2
Train,2378,2
Train,2379,9
Train,2380,9
Train,2381,8
Train,2382,8
Train,2383,3
Train,2384,5
Train,2385,4
Train,2386,3
Train,2387,2
Train,2388,8
Train,2389,1
Train,2390,1
Train,2391,0
Train,2392,7
Train,2393,2
Train,2394,1
Train,2395,8
Train,2396,7
Train,2397,7
Train,2398,5
Train,2399,7
Train,2400,6
Train,2401,0
Train,2402,4
Train,2403,0
Train,2404,3
Train,2405,7
Train,2406,3
Train,2407,6
Train,2408,2
Train,2409,6
Train,2410,5
Train,2411,6
Train,2412,3
Train,2413,0
Train,2414,3
Train,2415,4
Train,2416,5
Train,2417,8
Train,2418,4
Train,2419,4
Train,2420,0
Train,2421,0
Train,2422,1
Train,2423,0
Train,2424,6
Train,2425,3
Train,2426,8
Train,2427,0
Train,2428,1
Train,2429,0
Train,2430,7
Train,2431,1
Train,2432,3
Train,2433,1
Train,2434,8
Train,2435,0
Train,2436,2
Train,2437,9
Train,2438,8
Train,2439,6
Train,2440,5
Train,2441,8
Train,2442,4
Train,2443,3
Train,2444,4
Train,2445,1
Train,2446,0
Train,2447,3
Train,2448,9
Train,2449,7
Train,2450,4
Train,2451,0
Train,2452,3
Train,2453,0
Train,2454,8
Train,2455,1
Train,2456,1
Train,2457,5
Train,2458,7
Train,2459,0
Train,2460,0
Train,2461,4
Train,2462,8
Train,2463,8
Train,2464,8
Train,2465,4
Train,2466,1
Train,2467,2
Train,2468,9
Train,2469,1
Train,2470,2
Train,2471,8
Train,2472,7
Train,2473,0
Train,2474,7
Train,2475,6
Train,2476,2
Train,2477,9
Train,2478,0
Train,2479,6
Train,2480,7
Train,2481,7
Train,2482,5
Train,2483,8
Train,2484,2
Train,2485,4
Train,2486,4
Train,2487,8
Train,2488,4
Train,2489,8
Train,2490,0
Train,2491,2
Train,2492,7
Train,2493,7
Train,2494,6
Train,2495,9
Train,2496,1
Train,2497,9
Train,2498,9
Train,2499,7
Train,2500,5
Train,2501,3
Train,2502,7
Train,2503,6
Train,2504,0
Train,2505,3
Train,2506,9
Train,2507,2
Train,2508,9
Train,2509,5
Train,2510,6
Train,2511,1
Train,2512,0
Train,2513,0
Train,2514,2
Train,2515,4
Train,2516,5
Train,2517,6
Train,2518,3
Train,2519,6
Train,2520,4
Train,2521,3
Train,2522,5
Train,2523,8
Train,2524,9
Train,2525,3
Train,2526,9
Train,2527,3
Train,2528,4
Train,2529,9
Train,2530,3
Train,2531,9
Train,2532,5
Train,2533,2
Train,2534,8
Train,2535,2
Train,2536,6
Train,2537,2
Train,2538,2
Train,2539,7
Train,2540,2
Train,2541,7
Train,2542,6
Train,2543,2
Train,2544,4
Train,2545,1
Train,2546,2
Train,2547,9
Train,2548,9
Train,2549,5
Train,2550,2
Train,2551,9
Train,2552,8
Train,2553,7
Train,2554,7
Train,2555,5
Train,2556,6
Train,2557,2
Train,2558,8
Train,2559,3
Train,2560,7
Train,2561,2
Train,2562,3
Train,2563,7
Train,2564,3
Train,2565,3
Train,2566,6
Train,2567,2
Train,2568,1
Train,2569,1
Train,2570,1
Train,2571,6
Train,2572,9
Train,2573,4
Train,2574,0
Train,2575,2
Train,2576,4
Train,2577,8
Train,2578,0
Train,2579,5
Train,2580,4
Train,2581,3
Train,2582,1
Train,2583,6
Train,2584,1
Train,2585,9
Train,2586,8
Train,2587,1
Train,2588,1
Train,2589,2
Train,2590,8
Train,2591,4
Train,2592,8
Train,2593,8
Train,2594,3
Train,2595,2
Train,2596,6
Train,2597,1
Train,2598,0
Train,2599,8
Train,2600,1
Train,2601,7
Train,2602,6
Train,2603,8
Train,2604,5
Train,2605,6
Train,2606,3
Train,2607,6
Train,2608,7
Train,2609,9
Train,2610,2
Train,2611,7
Train,2612,7
Train,2613,0
Train,2614,7
Train,2615,1
Train,2616,7
Train,2617,0
Train,2618,6
Train,2619,2
Train,2620,7
Train,2621,5
Train,2622,0
Train,2623,6
Train,2624,9
Train,2625,6
Train,2626,2
Train,2627,3
Train,2628,1
Train,2629,4
Train,2630,1
Train,2631,6
Train,2632,9
Train,2633,0
Train,2634,5
Train,2635,8
Train,2636,9
Train,2637,9
Train,2638,6
Train,2639,0
Train,2640,8
Train,2641,2
Train,2642,0
Train,2643,8
Train,2644,9
Train,2645,9
Train,2646,8
Train,2647,4
Train,2648,3
Train,2649,3
Train,2650,6
Train,2651,7
Train,2652,0
Train,2653,6
Train,2654,4
Train,2655,9
Train,2656,1
Train,2657,5
Train,2658,8
Train,2659,0
Train,2660,0
Train,2661,1
Train,2662,0
Train,2663,8
Train,2664,9
Train,2665,3
Train,2666,8
Train,2667,9
Train,2668,3
Train,2669,7
Train,2670,8
Train,2671,9
Train,2672,4
Train,2673,4
Train,2674,6
Train,2675,0
Train,2676,9
Train,2677,7
Train,2678,2
Train,2679,8
Train,2680,0
Train,2681,6
Train,2682,2
Train,2683,0
Train,2684,6
Train,2685,5
Train,2686,5
Train,2687,8
Train,2688,5
Train,2689,8
Train,2690,6
Train,2691,4
Train,2692,0
Train,2693,2
Train,2694,6
Train,2695,4
Train,2696,3
Train,2697,6
Train,2698,2
Train,2699,3
Train,2700,7
Train,2701,7
Train,2702,2
Train,2703,4
Train,2704,2
Train,2705,4
Train,2706,9
Train,2707,0
Train,2708,2
Train,2709,5
Train,2710,4
Train,2711,5
Train,2712,4
Train,2713,6
Train,2714,0
Train,2715,7
Train,2716,7
Train,2717,5
Train,2718,0
Train,2719,2
Train,2720,0
Train,2721,8
Train,2722,5
Train,2723,3
Train,2724,7
Train,2725,4
Train,2726,5
Train,2727,1
Train,2728,9
Train,2729,6
Train,2730,5
Train,2731,1
Train,2732,8
Train,2733,5
Train,2734,4
Train,2735,8
Train,2736,5
Train,2737,2
Train,2738,3
Train,2739,3
Train,2740,8
Train,2741,2
Train,2742,2
Train,2743,8
Train,2744,2
Train,2745,5
Train,2746,7
Train,2747,5
Train,2748,5
Train,2749,8
Train,2750,7
Train,2751,6
Train,2752,1
Train,2753,1
Train,2754,8
Train,2755,5
Train,2756,1
Train,2757,9
Train,2758,9
Train,2759,2
Train,2760,2
Train,2761,9
Train,2762,1
Train,2763,5
Train,2764,2
Train,2765,1
Train,2766,3
Train,2767,9
Train,2768,9
Train,2769,1
Train,2770,3
Train,2771,1
Train,2772,2
Train,2773,0
Train,2774,6
Train,2775,1
Train,2776,7
Train,2777,6
Train,2778,8
Train,2779,4
Train,2780,0
Train,2781,3
Train,2782,3
Train,2783,7
Train,2784,2
Train,2785,3
Train,2786,6
Train,2787,4
Train,2788,5
Train,2789,2
Train,2790,7
Train,2791,2
Train,2792,4
Train,2793,9
Train,2794,5
Train,2795,1
Train,2796,6
Train,2797,8
Train,2798,8
Train,2799,2
Train,2800,1
Train,2801,7
Train,2802,1
Train,2803,8
Train,2804,0
Train,2805,8
Train,2806,5
Train,2807,7
Train,2808,0
Train,2809,3
Train,2810,6
Train,2811,4
Train,2812,2
Train,2813,7
Train,2814,7
Train,2815,8
Train,2816,2
Train,2817,8
Train,2818,9
Train,2819,8
Train,2820,8
Train,2821,4
Train,2822,6
Train,2823,7
Train,2824,0
Train,2825,1
Train,2826,2
Train,2827,1
Train,2828,1
Train,2829,9
Train,2830,4
Train,2831,6
Train,2832,4
Train,2833,2
Train,2834,7
Train,2835,4
Train,2836,6
Train,2837,1
Train,2838,9
Train,2839,4
Train,2840,9
Train,2841,1
Train,2842,4
Train,2843,5
Train,2844,1
Train,2845,9
Train,2846,2
Train,2847,8
Train,2848,0
Train,2849,1
Train,2850,5
Train,2851,1
Train,2852,7
Train,2853,9
Train,2854,2
Train,2855,0
Train,2856,4
Train,2857,8
Train,2858,4
Train,2859,0
Train,2860,2
Train,2861,0
Train,2862,1
Train,2863,0
Train,2864,5
Train,2865,3
Train,2866,6
Train,2867,2
Train,2868,2
Train,2869,2
Train,2870,2
Train,2871,6
Train,2872,6
Train,2873,8
Train,2874,6
Train,2875,2
Train,2876,3
Train,2877,5
Train,2878,2
Train,2879,8
Train,2880,9
Train,2881,8
Train,2882,0
Train,2883,1
Train,2884,5
Train,2885,0
Train,2886,9
Train,2887,1
Train,2888,6
Train,2889,7
Train,2890,9
Train,2891,7
Train,2892,3
Train,2893,6
Train,2894,2
Train,2895,0
Train,2896,4
Train,2897,7
Train,2898,6
Train,2899,4
Train,2900,4
Train,2901,5
Train,2902,2
Train,2903,3
Train,2904,4
Train,2905,4
Train,2906,5
Train,2907,2
Train,2908,9
Train,2909,6
Train,2910,1
Train,2911,4
Train,2912,7
Train,2913,4
Train,2914,8
Train,2915,6
Train,2916,5
Train,2917,9
Train,2918,8
Train,2919,9
Train,2920,9
Train,2921,4
Train,2922,4
Train,2923,8
Train,2924,6
Train,2925,6
Train,2926,4
Train,2927,2
Train,2928,1
Train,2929,8
Train,2930,3
Train,2931,3
Train,2932,0
Train,2933,3
Train,2934,8
Train,2935,9
Train,2936,2
Train,2937,6
Train,2938,2
Train,2939,6
Train,2940,5
Train,2941,6
Train,2942,8
Train,2943,4
Train,2944,3
Train,2945,5
Train,2946,0
Train,2947,3
Train,2948,2
Train,2949,0
Train,2950,0
Train,2951,4
Train,2952,8
Train,2953,9
Train,2954,8
Train,2955,6
Train,2956,9
Train,2957,2
Train,2958,1
Train,2959,0
Train,2960,7
Train,2961,9
Train,2962,0
Train,2963,5
Train,2964,0
Train,2965,6
Train,2966,2
Train,2967,0
Train,2968,6
Train,2969,7
Train,2970,6
Train,2971,2
Train,2972,6
Train,2973,7
Train,2974,8
Train,2975,2
Train,2976,4
Train,2977,7
Train,2978,6
Train,2979,8
Train,2980,7
Train,2981,7
Train,2982,3
Train,2983,2
Train,2984,5
Train,2985,9
Train,2986,3
Train,2987,8
Train,2988,2
Train,2989,6
Train,2990,4
Train,2991,9
Train,2992,6
Train,2993,2
Train,2994,1
Train,2995,4
Train,2996,0
Train,2997,6
Train,2998,6
Train,2999,4
Train,3000,3
Train,3001,4
Train,3002,5
Train,3003,3
Train,3004,6
Train,3005,5
Train,3006,9
Train,3007,9
Train,3008,5
Train,3009,1
Train,3010,6
Train,3011,0
Train,3012,2
Train,3013,7
Train,3014,9
Train,3015,5
Train,3016,3
Train,3017,5
Train,3018,6
Train,3019,2
Train,3020,1
Train,3021,5
Train,3022,5
Train,3023,9
Train,3024,0
Train,3025,1
Train,3026,3
Train,3027,4
Train,3028,5
Train,3029,7
Train,3030,4
Train,3031,5
Train,3032,9
Train,3033,6
Train,3034,1
Train,3035,7
Train,3036,4
Train,3037,2
Train,3038,8
Train,3039,8
Train,3040,5
Train,3041,6
Train,3042,0
Train,3043,3
Train,3044,4
Train,3045,9
Train,3046,4
Train,3047,5
Train,3048,6
Train,3049,0
Train,3050,7
Train,3051,0
Train,3052,3
Train,3053,0
Train,3054,7
Train,3055,5
Train,3056,8
Train,3057,3
Train,3058,8
Train,3059,1
Train,3060,5
Train,3061,9
Train,3062,1
Train,3063,0
Train,3064,1
Train,3065,8
Train,3066,0
Train,3067,8
Train,3068,2
Train,3069,5
Train,3070,6
Train,3071,7
Train,3072,1
Train,3073,0
Train,3074,2
Train,3075,9
Train,3076,0
Train,3077,4
Train,3078,1
Train,3079,9
Train,3080,5
Train,3081,3
Train,3082,5
Train,3083,7
Train,3084,3
Train,3085,1
Train,3086,9
Train,3087,3
Train,3088,9
Train,3089,4
Train,3090,9
Train,3091,6
Train,3092,0
Train,3093,8
Train,3094,8
Train,3095,6
Train,3096,6
Train,3097,9
Train,3098,6
Train,3099,9
Train,3100,3
Train,3101,2
Train,3102,0
Train,3103,1
Train,3104,7
Train,3105,3
Train,3106,6
Train,3107,5
Train,3108,3
Train,3109,3
Train,3110,3
Train,3111,6
Train,3112,4
Train,3113,0
Train,3114,0
Train,3115,8
Train,3116,4
Train,3117,2
Train,3118,2
Train,3119,2
Train,3120,1
Train,3121,8
Train,3122,6
Train,3123,8
Train,3124,5
Train,3125,3
Train,3126,9
Train,3127,9
Train,3128,0
Train,3129,9
Train,3130,8
Train,3131,1
Train,3132,5
Train,3133,4
Train,3134,3
Train,3135,7
Train,3136,0
Train,3137,9
Train,3138,7
Train,3139,6
Train,3140,0
Train,3141,4
Train,3142,1
Train,3143,9
Train,3144,8
Train,3145,4
Train,3146,7
Train,3147,7
Train,3148,5
Train,3149,9
Train,3150,7
Train,3151,7
Train,3152,5
Train,3153,5
Train,3154,6
Train,3155,8
Train,3156,5
Train,3157,7
Train,3158,5
Train,3159,8
Train,3160,8
Train,3161,2
Train,3162,5
Train,3163,5
Train,3164,2
Train,3165,8
Train,3166,4
Train,3167,5
Train,3168,6
Train,3169,8
Train,3170,8
Train,3171,5
Train,3172,3
Train,3173,5
Train,3174,5
Train,3175,9
Train,3176,4
Train,3177,3
Train,3178,3
Train,3179,9
Train,3180,0
Train,3181,2
Train,3182,4
Train,3183,1
Train,3184,0
Train,3185,2
Train,3186,7
Train,3187,5
Train,3188,3
Train,3189,4
Train,3190,3
Train,3191,7
Train,3192,6
Train,3193,2
Train,3194,3
Train,3195,5
Train,3196,2
Train,3197,0
Train,3198,5
Train,3199,9
Train,3200,6
Train,3201,3
Train,3202,9
Train,3203,6
Train,3204,0
Train,3205,2
Train,3206,5
Train,3207,6
Train,3208,7
Train,3209,7
Train,3210,2
Train,3211,0
Train,3212,1
Train,3213,7
Train,3214,0
Train,3215,8
Train,3216,9
Train,3217,4
Train,3218,3
Train,3219,4
Train,3220,3
Train,3221,5
Train,3222,3
Train,3223,6
Train,3224,0
Train,3225,4
Train,3226,2
Train,3227,6
Train,3228,9
Train,3229,5
Train,3230,1
Train,3231,1
Train,3232,9
Train,3233,1
Train,3234,9
Train,3235,2
Train,3236,4
Train,3237,9
Train,3238,1
Train,3239,9
Train,3240,8
Train,3241,6
Train,3242,3
Train,3243,6
Train,3244,8
Train,3245,2
Train,3246,0
Train,3247,9
Train,3248,3
Train,3249,5
Train,3250,8
Train,3251,7
Train,3252,4
Train,3253,2
Train,3254,2
Train,3255,7
Train,3256,9
Train,3257,1
Train,3258,8
Train,3259,2
Train,3260,4
Train,3261,7
Train,3262,6
Train,3263,0
Train,3264,5
Train,3265,5
Train,3266,6
Train,3267,9
Train,3268,8
Train,3269,8
Train,3270,5
Train,3271,5
Train,3272,7
Train,3273,1
Train,3274,2
Train,3275,7
Train,3276,9
Train,3277,0
Train,3278,5
Train,3279,7
Train,3280,5
Train,3281,2
Train,3282,5
Train,3283,4
Train,3284,7
Train,3285,1
Train,3286,3
Train,3287,3
Train,3288,4
Train,3289,3
Train,3290,6
Train,3291,2
Train,3292,0
Train,3293,5
Train,3294,8
Train,3295,0
Train,3296,4
Train,3297,2
Train,3298,9
Train,3299,2
Train,3300,4
Train,3301,2
Train,3302,3
Train,3303,8
Train,3304,0
Train,3305,8
Train,3306,4
Train,3307,6
Train,3308,4
Train,3309,2
Train,3310,8
Train,3311,6
Train,3312,9
Train,3313,8
Train,3314,4
Train,3315,1
Train,3316,9
Train,3317,7
Train,3318,0
Train,3319,8
Train,3320,3
Train,3321,2
Train,3322,4
Train,3323,6
Train,3324,8
Train,3325,2
Train,3326,4
Train,3327,1
Train,3328,3
Train,3329,0
Train,3330,8
Train,3331,2
Train,3332,0
Train,3333,8
Train,3334,0
Train,3335,0
Train,3336,0
Train,3337,0
Train,3338,2
Train,3339,2
Train,3340,3
Train,3341,6
Train,3342,9
Train,3343,7
Train,3344,0
Train,3345,9
Train,3346,1
Train,3347,0
Train,3348,7
Train,3349,2
Train,3350,8
Train,3351,3
Train,3352,0
Train,3353,8
Train,3354,4
Train,3355,3
Train,3356,5
Train,3357,8
Train,3358,7
Train,3359,8
Train,3360,4
Train,3361,0
Train,3362,0
Train,3363,9
Train,3364,7
Train,3365,3
Train,3366,1
Train,3367,5
Train,3368,2
Train,3369,6
Train,3370,5
Train,3371,3
Train,3372,2
Train,3373,3
Train,3374,7
Train,3375,0
Train,3376,3
Train,3377,4
Train,3378,1
Train,3379,1
Train,3380,8
Train,3381,9
Train,3382,0
Train,3383,4
Train,3384,8
Train,3385,3
Train,3386,1
Train,3387,1
Train,3388,5
Train,3389,7
Train,3390,2
Train,3391,3
Train,3392,9
Train,3393,4
Train,3394,5
Train,3395,2
Train,3396,5
Train,3397,4
Train,3398,7
Train,3399,1
Train,3400,7
Train,3401,6
Train,3402,2
Train,3403,6
Train,3404,1
Train,3405,8
Train,3406,8
Train,3407,9
Train,3408,4
Train,3409,9
Train,3410,5
Train,3411,6
Train,3412,6
Train,3413,7
Train,3414,1
Train,3415,1
Train,3416,2
Train,3417,2
Train,3418,4
Train,3419,8
Train,3420,5
Train,3421,5
Train,3422,9
Train,3423,2
Train,3424,9
Train,3425,8
Train,3426,5
Train,3427,7
Train,3428,2
Train,3429,3
Train,3430,8
Train,3431,5
Train,3432,7
Train,3433,4
Train,3434,7
Train,3435,6
Train,3436,2
Train,3437,6
Train,3438,0
Train,3439,6
Train,3440,2
Train,3441,0
Train,3442,4
Train,3443,0
Train,3444,1
Train,3445,4
Train,3446,2
Train,3447,3
Train,3448,5
Train,3449,8
Train,3450,7
Train,3451,5
Train,3452,1
Train,3453,5
Train,3454,2
Train,3455,2
Train,3456,5
Train,3457,3
Train,3458,6
Train,3459,5
Train,3460,4
Train,3461,3
Train,3462,2
Train,3463,9
Train,3464,4
Train,3465,4
Train,3466,0
Train,3467,1
Train,3468,8
Train,3469,8
Train,3470,6
Train,3471,5
Train,3472,3
Train,3473,7
Train,3474,2
Train,3475,3
Train,3476,2
Train,3477,9
Train,3478,0
Train,3479,9
Train,3480,2
Train,3481,7
Train,3482,8
Train,3483,1
Train,3484,2
Train,3485,1
Train,3486,3
Train,3487,7
Train,3488,2
Train,3489,9
Train,3490,3
Train,3491,5
Train,3492,5
Train,3493,8
Train,3494,4
Train,3495,5
Train,3496,5
Train,3497,8
Train,3498,5
Train,3499,5
Train,3500,6
Train,3501,9
Train,3502,5
Train,3503,8
Train,3504,6
Train,3505,1
Train,3506,2
Train,3507,4
Train,3508,2
Train,3509,4
Train,3510,9
Train,3511,2
Train,3512,1
Train,3513,9
Train,3514,3
Train,3515,0
Train,3516,8
Train,3517,2
Train,3518,8
Train,3519,4
Train,3520,2
Train,3521,6
Train,3522,4
Train,3523,1
Train,3524,3
Train,3525,6
Train,3526,9
Train,3527,4
Train,3528,6
Train,3529,8
Train,3530,6
Train,3531,9
Train,3532,6
Train,3533,4
Train,3534,7
Train,3535,2
Train,3536,0
Train,3537,9
Train,3538,4
Train,3539,4
Train,3540,4
Train,3541,8
Train,3542,9
Train,3543,7
Train,3544,7
Train,3545,9
Train,3546,3
Train,3547,5
Train,3548,0
Train,3549,0
Train,3550,3
Train,3551,3
Train,3552,3
Train,3553,7
Train,3554,6
Train,3555,1
Train,3556,4
Train,3557,5
Train,3558,2
Train,3559,4
Train,3560,4
Train,3561,8
Train,3562,5
Train,3563,6
Train,3564,0
Train,3565,3
Train,3566,4
Train,3567,6
Train,3568,3
Train,3569,2
Train,3570,0
Train,3571,3
Train,3572,5
Train,3573,7
Train,3574,0
Train,3575,3
Train,3576,5
Train,3577,4
Train,3578,7
Train,3579,8
Train,3580,5
Train,3581,7
Train,3582,0
Train,3583,2
Train,3584,8
Train,3585,0
Train,3586,2
Train,3587,4
Train,3588,6
Train,3589,6
Train,3590,6
Train,3591,3
Train,3592,7
Train,3593,6
Train,3594,3
Train,3595,5
Train,3596,9
Train,3597,9
Train,3598,7
Train,3599,4
Train,3600,9
Train,3601,1
Train,3602,9
Train,3603,6
Train,3604,5
Train,3605,1
Train,3606,7
Train,3607,0
Train,3608,2
Train,3609,0
Train,3610,2
Train,3611,7
Train,3612,4
Train,3613,9
Train,3614,8
Train,3615,3
Train,3616,5
Train,3617,3
Train,3618,0
Train,3619,5
Train,3620,1
Train,3621,6
Train,3622,7
Train,3623,7
Train,3624,8
Train,3625,8
Train,3626,2
Train,3627,7
Train,3628,9
Train,3629,2
Train,3630,4
Train,3631,6
Train,3632,5
Train,3633,9
Train,3634,8
Train,3635,4
Train,3636,6
Train,3637,7
Train,3638,8
Train,3639,2
Train,3640,8
Train,3641,5
Train,3642,8
Train,3643,9
Train,3644,0
Train,3645,2
Train,3646,3
Train,3647,0
Train,3648,9
Train,3649,7
Train,3650,3
Train,3651,7
Train,3652,9
Train,3653,5
Train,3654,3
Train,3655,6
Train,3656,6
Train,3657,9
Train,3658,9
Train,3659,1
Train,3660,5
Train,3661,1
Train,3662,2
Train,3663,2
Train,3664,4
Train,3665,0
Train,3666,9
Train,3667,5
Train,3668,4
Train,3669,2
Train,3670,8
Train,3671,9
Train,3672,9
Train,3673,2
Train,3674,0
Train,3675,2
Train,3676,6
Train,3677,9
Train,3678,1
Train,3679,3
Train,3680,8
Train,3681,8
Train,3682,6
Train,3683,6
Train,3684,4
Train,3685,9
Train,3686,6
Train,3687,4
Train,3688,4
Train,3689,0
Train,3690,4
Train,3691,9
Train,3692,2
Train,3693,2
Train,3694,0
Train,3695,4
Train,3696,0
Train,3697,9
Train,3698,6
Train,3699,7
Train,3700,9
Train,3701,0
Train,3702,9
Train,3703,3
Train,3704,9
Train,3705,9
Train,3706,9
Train,3707,6
Train,3708,2
Train,3709,3
Train,3710,6
Train,3711,7
Train,3712,6
Train,3713,0
Train,3714,5
Train,3715,7
Train,3716,6
Train,3717,4
Train,3718,4
Train,3719,9
Train,3720,8
Train,3721,0
Train,3722,9
Train,3723,4
Train,3724,6
Train,3725,0
Train,3726,7
Train,3727,1
Train,3728,3
Train,3729,6
Train,3730,6
Train,3731,0
Train,3732,4
Train,3733,7
Train,3734,1
Train,3735,1
Train,3736,4
Train,3737,9
Train,3738,8
Train,3739,6
Train,3740,8
Train,3741,0
Train,3742,6
Train,3743,1
Train,3744,1
Train,3745,8
Train,3746,5
Train,3747,5
Train,3748,5
Train,3749,3
Train,3750,4
Train,3751,5
Train,3752,5
Train,3753,8
Train,3754,6
Train,3755,9
Train,3756,3
Train,3757,4
Train,3758,3
Train,3759,4
Train,3760,2
Train,3761,4
Train,3762,3
Train,3763,3
Train,3764,8
Train,3765,8
Train,3766,9
Train,3767,5
Train,3768,7
Train,3769,2
Train,3770,8
Train,3771,2
Train,3772,3
Train,3773,1
Train,3774,9
Train,3775,6
Train,3776,4
Train,3777,8
Train,3778,5
Train,3779,1
Train,3780,6
Train,3781,1
Train,3782,7
Train,3783,6
Train,3784,4
Train,3785,3
Train,3786,2
Train,3787,3
Train,3788,9
Train,3789,0
Train,3790,5
Train,3791,2
Train,3792,3
Train,3793,9
Train,3794,5
Train,3795,3
Train,3796,2
Train,3797,4
Train,3798,4
Train,3799,5
Train,3800,8
Train,3801,3
Train,3802,4
Train,3803,5
Train,3804,6
Train,3805,6
Train,3806,7
Train,3807,3
Train,3808,1
Train,3809,6
Train,3810,5
Train,3811,9
Train,3812,8
Train,3813,3
Train,3814,2
Train,3815,0
Train,3816,4
Train,3817,7
Train,3818,3
Train,3819,9
Train,3820,9
Train,3821,4
Train,3822,1
Train,3823,6
Train,3824,7
Train,3825,6
Train,3826,6
Train,3827,1
Train,3828,5
Train,3829,8
Train,3830,1
Train,3831,0
Train,3832,8
Train,3833,6
Train,3834,3
Train,3835,7
Train,3836,1
Train,3837,5
Train,3838,9
Train,3839,4
Train,3840,1
Train,3841,6
Train,3842,0
Train,3843,3
Train,3844,7
Train,3845,2
Train,3846,9
Train,3847,2
Train,3848,2
Train,3849,6
Train,3850,9
Train,3851,1
Train,3852,0
Train,3853,5
Train,3854,7
Train,3855,4
Train,3856,2
Train,3857,8
Train,3858,9
Train,3859,0
Train,3860,8
Train,3861,6
Train,3862,4
Train,3863,3
Train,3864,3
Train,3865,6
Train,3866,4
Train,3867,5
Train,3868,4
Train,3869,2
Train,3870,3
Train,3871,1
Train,3872,4
Train,3873,6
Train,3874,8
Train,3875,3
Train,3876,9
Train,3877,7
Train,3878,9
Train,3879,4
Train,3880,0
Train,3881,8
Train,3882,9
Train,3883,8
Train,3884,0
Train,3885,8
Train,3886,1
Train,3887,9
Train,3888,3
Train,3889,2
Train,3890,7
Train,3891,0
Train,3892,6
Train,3893,0
Train,3894,5
Train,3895,9
Train,3896,5
Train,3897,4
Train,3898,8
Train,3899,1
Train,3900,0
Train,3901,2
Train,3902,5
Train,3903,0
Train,3904,8
Train,3905,3
Train,3906,0
Train,3907,1
Train,3908,4
Train,3909,0
Train,3910,3
Train,3911,1
Train,3912,6
Train,3913,4
Train,3914,7
Train,3915,9
Train,3916,5
Train,3917,5
Train,3918,0
Train,3919,4
Train,3920,7
Train,3921,9
Train,3922,1
Train,3923,9
Train,3924,1
Train,3925,4
Train,3926,6
Train,3927,3
Train,3928,9
Train,3929,9
Train,3930,9
Train,3931,8
Train,3932,9
Train,3933,7
Train,3934,1
Train,3935,1
Train,3936,4
Train,3937,1
Train,3938,0
Train,3939,7
Train,3940,0
Train,3941,9
Train,3942,6
Train,3943,6
Train,3944,2
Train,3945,4
Train,3946,7
Train,3947,6
Train,3948,4
Train,3949,5
Train,3950,8
Train,3951,0
Train,3952,4
Train,3953,7
Train,3954,1
Train,3955,7
Train,3956,3
Train,3957,4
Train,3958,7
Train,3959,5
Train,3960,5
Train,3961,2
Train,3962,0
Train,3963,2
Train,3964,0
Train,3965,5
Train,3966,5
Train,3967,8
Train,3968,5
Train,3969,8
Train,3970,4
Train,3971,0
Train,3972,8
Train,3973,4
Train,3974,9
Train,3975,7
Train,3976,6
Train,3977,9
Train,3978,8
Train,3979,0
Train,3980,8
Train,3981,4
Train,3982,2
Train,3983,9
Train,3984,1
Train,3985,4
Train,3986,6
Train,3987,0
Train,3988,7
Train,3989,7
Train,3990,1
Train,3991,6
Train,3992,1
Train,3993,5
Train,3994,6
Train,3995,5
Train,3996,7
Train,3997,3
Train,3998,8
Train,3999,4
Train,4000,5
Train,4001,8
Train,4002,5
Train,4003,8
Train,4004,5
Train,4005,9
Train,4006,1
Train,4007,3
Train,4008,2
Train,4009,5
Train,4010,3
Train,4011,1
Train,4012,2
Train,4013,1
Train,4014,2
Train,4015,6
Train,4016,7
Train,4017,2
Train,4018,0
Train,4019,5
Train,4020,3
Train,4021,1
Train,4022,6
Train,4023,2
Train,4024,7
Train,4025,3
Train,4026,6
Train,4027,0
Train,4028,9
Train,4029,8
Train,4030,0
Train,4031,6
Train,4032,4
Train,4033,3
Train,4034,2
Train,4035,6
Train,4036,8
Train,4037,7
Train,4038,2
Train,4039,1
Train,4040,1
Train,4041,9
Train,4042,5
Train,4043,4
Train,4044,5
Train,4045,8
Train,4046,0
Train,4047,1
Train,4048,0
Train,4049,9
Train,4050,1
Train,4051,8
Train,4052,2
Train,4053,4
Train,4054,7
Train,4055,4
Train,4056,2
Train,4057,4
Train,4058,4
Train,4059,7
Train,4060,0
Train,4061,0
Train,4062,6
Train,4063,4
Train,4064,6
Train,4065,7
Train,4066,8
Train,4067,5
Train,4068,9
Train,4069,9
Train,4070,2
Train,4071,9
Train,4072,3
Train,4073,3
Train,4074,5
Train,4075,7
Train,4076,7
Train,4077,6
Train,4078,7
Train,4079,0
Train,4080,0
Train,4081,0
Train,4082,6
Train,4083,3
Train,4084,1
Train,4085,2
Train,4086,6
Train,4087,3
Train,4088,7
Train,4089,3
Train,4090,2
Train,4091,2
Train,4092,8
Train,4093,8
Train,4094,6
Train,4095,6
Train,4096,0
Train,4097,0
Train,4098,3
Train,4099,1
Train,4100,1
Train,4101,1
Train,4102,3
Train,4103,4
Train,4104,4
Train,4105,6
Train,4106,4
Train,4107,7
Train,4108,3
Train,4109,2
Train,4110,3
Train,4111,9
Train,4112,7
Train,4113,2
Train,4114,7
Train,4115,9
Train,4116,2
Train,4117,3
Train,4118,6
Train,4119,7
Train,4120,5
Train,4121,9
Train,4122,2
Train,4123,6
Train,4124,3
Train,4125,5
Train,4126,6
Train,4127,5
Train,4128,3
Train,4129,4
Train,4130,6
Train,4131,9
Train,4132,1
Train,4133,7
Train,4134,7
Train,4135,5
Train,4136,9
Train,4137,4
Train,4138,2
Train,4139,3
Train,4140,8
Train,4141,0
Train,4142,9
Train,4143,6
Train,4144,6
Train,4145,1
Train,4146,3
Train,4147,6
Train,4148,6
Train,4149,3
Train,4150,9
Train,4151,3
Train,4152,6
Train,4153,5
Train,4154,2
Train,4155,0
Train,4156,4
Train,4157,7
Train,4158,4
Train,4159,8
Train,4160,5
Train,4161,5
Train,4162,0
Train,4163,0
Train,4164,9
Train,4165,0
Train,4166,3
Train,4167,6
Train,4168,2
Train,4169,9
Train,4170,8
Train,4171,1
Train,4172,1
Train,4173,4
Train,4174,3
Train,4175,4
Train,4176,0
Train,4177,3
Train,4178,7
Train,4179,3
Train,4180,8
Train,4181,6
Train,4182,4
Train,4183,2
Train,4184,4
Train,4185,1
Train,4186,2
Train,4187,7
Train,4188,5
Train,4189,2
Train,4190,6
Train,4191,8
Train,4192,0
Train,4193,4
Train,4194,6
Train,4195,4
Train,4196,2
Train,4197,3
Train,4198,2
Train,4199,4
Train,4200,1
Train,4201,6
Train,4202,0
Train,4203,5
Train,4204,8
Train,4205,8
Train,4206,1
Train,4207,8
Train,4208,6
Train,4209,2
Train,4210,8
Train,4211,2
Train,4212,4
Train,4213,4
Train,4214,0
Train,4215,9
Train,4216,7
Train,4217,6
Train,4218,7
Train,4219,4
Train,4220,2
Train,4221,3
Train,4222,8
Train,4223,9
Train,4224,4
Train,4225,8
Train,4226,8
Train,4227,4
Train,4228,2
Train,4229,0
Train,4230,1
Train,4231,4
Train,4232,4
Train,4233,8
Train,4234,6
Train,4235,6
Train,4236,7
Train,4237,2
Train,4238,7
Train,4239,0
Train,4240,0
Train,4241,7
Train,4242,2
Train,4243,3
Train,4244,1
Train,4245,8
Train,4246,9
Train,4247,7
Train,4248,7
Train,4249,0
Train,4250,1
Train,4251,7
Train,4252,9
Train,4253,7
Train,4254,7
Train,4255,5
Train,4256,9
Train,4257,2
Train,4258,7
Train,4259,5
Train,4260,5
Train,4261,1
Train,4262,4
Train,4263,4
Train,4264,7
Train,4265,1
Train,4266,3
Train,4267,6
Train,4268,3
Train,4269,0
Train,4270,0
Train,4271,0
Train,4272,8
Train,4273,0
Train,4274,8
Train,4275,5
Train,4276,6
Train,4277,8
Train,4278,6
Train,4279,6
Train,4280,4
Train,4281,0
Train,4282,0
Train,4283,8
Train,4284,6
Train,4285,7
Train,4286,4
Train,4287,8
Train,4288,3
Train,4289,9
Train,4290,4
Train,4291,9
Train,4292,8
Train,4293,2
Train,4294,3
Train,4295,0
Train,4296,4
Train,4297,4
Train,4298,8
Train,4299,1
Train,4300,8
Train,4301,4
Train,4302,3
Train,4303,8
Train,4304,8
Train,4305,4
Train,4306,2
Train,4307,4
Train,4308,3
Train,4309,6
Train,4310,3
Train,4311,0
Train,4312,5
Train,4313,8
Train,4314,0
Train,4315,7
Train,4316,5
Train,4317,4
Train,4318,7
Train,4319,5
Train,4320,8
Train,4321,9
Train,4322,0
Train,4323,4
Train,4324,6
Train,4325,7
Train,4326,1
Train,4327,1
Train,4328,4
Train,4329,3
Train,4330,5
Train,4331,7
Train,4332,1
Train,4333,7
Train,4334,1
Train,4335,9
Train,4336,3
Train,4337,0
Train,4338,0
Train,4339,8
Train,4340,9
Train,4341,7
Train,4342,2
Train,4343,8
Train,4344,9
Train,4345,9
Train,4346,3
Train,4347,5
Train,4348,0
Train,4349,3
Train,4350,3
Train,4351,2
Train,4352,1
Train,4353,0
Train,4354,1
Train,4355,5
Train,4356,2
Train,4357,7
Train,4358,1
Train,4359,4
Train,4360,1
Train,4361,3
Train,4362,5
Train,4363,1
Train,4364,9
Train,4365,8
Train,4366,5
Train,4367,2
Train,4368,0
Train,4369,7
Train,4370,2
Train,4371,9
Train,4372,2
Train,4373,0
Train,4374,9
Train,4375,2
Train,4376,2
Train,4377,6
Train,4378,2
Train,4379,1
Train,4380,8
Train,4381,4
Train,4382,4
Train,4383,8
Train,4384,4
Train,4385,1
Train,4386,7
Train,4387,0
Train,4388,3
Train,4389,6
Train,4390,1
Train,4391,6
Train,4392,3
Train,4393,7
Train,4394,4
Train,4395,4
Train,4396,7
Train,4397,8
Train,4398,2
Train,4399,7
Train,4400,4
Train,4401,7
Train,4402,3
Train,4403,6
Train,4404,6
Train,4405,3
Train,4406,5
Train,4407,9
Train,4408,8
Train,4409,6
Train,4410,0
Train,4411,0
Train,4412,8
Train,4413,4
Train,4414,3
Train,4415,6
Train,4416,9
Train,4417,6
Train,4418,2
Train,4419,5
Train,4420,0
Train,4421,6
Train,4422,3
Train,4423,1
Train,4424,5
Train,4425,2
Train,4426,2
Train,4427,7
Train,4428,3
Train,4429,4
Train,4430,6
Train,4431,2
Train,4432,8
Train,4433,7
Train,4434,6
Train,4435,3
Train,4436,9
Train,4437,3
Train,4438,4
Train,4439,3
Train,4440,6
Train,4441,7
Train,4442,7
Train,4443,1
Train,4444,1
Train,4445,7
Train,4446,8
Train,4447,4
Train,4448,5
Train,4449,3
Train,4450,6
Train,4451,5
Train,4452,6
Train,4453,2
Train,4454,9
Train,4455,2
Train,4456,5
Train,4457,9
Train,4458,1
Train,4459,1
Train,4460,7
Train,4461,8
Train,4462,3
Train,4463,5
Train,4464,1
Train,4465,3
Train,4466,8
Train,4467,5
Train,4468,0
Train,4469,8
Train,4470,0
Train,4471,2
Train,4472,3
Train,4473,9
Train,4474,8
Train,4475,3
Train,4476,0
Train,4477,0
Train,4478,7
Train,4479,5
Train,4480,7
Train,4481,3
Train,4482,2
Train,4483,3
Train,4484,3
Train,4485,7
Train,4486,5
Train,4487,5
Train,4488,6
Train,4489,9
Train,4490,0
Train,4491,2
Train,4492,1
Train,4493,2
Train,4494,5
Train,4495,5
Train,4496,1
Train,4497,4
Train,4498,0
Train,4499,7
Train,4500,1
Train,4501,8
Train,4502,8
Train,4503,4
Train,4504,0
Train,4505,1
Train,4506,7
Train,4507,8
Train,4508,9
Train,4509,0
Train,4510,7
Train,4511,2
Train,4512,5
Train,4513,7
Train,4514,8
Train,4515,3
Train,4516,0
Train,4517,1
Train,4518,2
Train,4519,3
Train,4520,9
Train,4521,2
Train,4522,7
Train,4523,0
Train,4524,0
Train,4525,2
Train,4526,2
Train,4527,4
Train,4528,1
Train,4529,5
Train,4530,3
Train,4531,3
Train,4532,5
Train,4533,1
Train,4534,5
Train,4535,5
Train,4536,9
Train,4537,0
Train,4538,9
Train,4539,8
Train,4540,0
Train,4541,9
Train,4542,3
Train,4543,0
Train,4544,7
Train,4545,9
Train,4546,6
Train,4547,5
Train,4548,5
Train,4549,2
Train,4550,6
Train,4551,8
Train,4552,0
Train,4553,1
Train,4554,7
Train,4555,7
Train,4556,7
Train,4557,1
Train,4558,3
Train,4559,0
Train,4560,1
Train,4561,4
Train,4562,1
Train,4563,0
Train,4564,3
Train,4565,1
Train,4566,9
Train,4567,0
Train,4568,6
Train,4569,3
Train,4570,6
Train,4571,0
Train,4572,5
Train,4573,4
Train,4574,0
Train,4575,8
Train,4576,8
Train,4577,0
Train,4578,1
Train,4579,5
Train,4580,8
Train,4581,3
Train,4582,7
Train,4583,2
Train,4584,9
Train,4585,1
Train,4586,9
Train,4587,9
Train,4588,2
Train,4589,7
Train,4590,6
Train,4591,1
Train,4592,0
Train,4593,9
Train,4594,8
Train,4595,8
Train,4596,6
Train,4597,0
Train,4598,2
Train,4599,0
Train,4600,5
Train,4601,0
Train,4602,8
Train,4603,9
Train,4604,2
Train,4605,6
Train,4606,6
Train,4607,1
Train,4608,2
Train,4609,1
Train,4610,5
Train,4611,8
Train,4612,9
Train,4613,7
Train,4614,4
Train,4615,1
Train,4616,2
Train,4617,8
Train,4618,9
Train,4619,0
Train,4620,2
Train,4621,0
Train,4622,9
Train,4623,9
Train,4624,1
Train,4625,1
Train,4626,5
Train,4627,5
Train,4628,3
Train,4629,9
Train,4630,3
Train,4631,1
Train,4632,5
Train,4633,2
Train,4634,2
Train,4635,5
Train,4636,1
Train,4637,6
Train,4638,9
Train,4639,5
Train,4640,4
Train,4641,5
Train,4642,4
Train,4643,9
Train,4644,6
Train,4645,0
Train,4646,8
Train,4647,2
Train,4648,1
Train,4649,9
Train,4650,7
Train,4651,0
Train,4652,8
Train,4653,0
Train,4654,1
Train,4655,0
Train,4656,2
Train,4657,3
Train,4658,8
Train,4659,6
Train,4660,4
Train,4661,1
Train,4662,5
Train,4663,6
Train,4664,1
Train,4665,9
Train,4666,4
Train,4667,9
Train,4668,6
Train,4669,3
Train,4670,8
Train,4671,7
Train,4672,3
Train,4673,0
Train,4674,3
Train,4675,9
Train,4676,7
Train,4677,2
Train,4678,6
Train,4679,2
Train,4680,9
Train,4681,4
Train,4682,6
Train,4683,0
Train,4684,9
Train,4685,6
Train,4686,7
Train,4687,4
Train,4688,7
Train,4689,0
Train,4690,9
Train,4691,9
Train,4692,5
Train,4693,6
Train,4694,5
Train,4695,4
Train,4696,1
Train,4697,3
Train,4698,5
Train,4699,5
Train,4700,2
Train,4701,9
Train,4702,5
Train,4703,2
Train,4704,9
Train,4705,7
Train,4706,7
Train,4707,4
Train,4708,9
Train,4709,4
Train,4710,4
Train,4711,8
Train,4712,7
Train,4713,8
Train,4714,7
Train,4715,4
Train,4716,5
Train,4717,0
Train,4718,8
Train,4719,2
Train,4720,3
Train,4721,0
Train,4722,0
Train,4723,8
Train,4724,8
Train,4725,4
Train,4726,0
Train,4727,2
Train,4728,5
Train,4729,7
Train,4730,2
Train,4731,6
Train,4732,2
Train,4733,5
Train,4734,6
Train,4735,9
Train,4736,7
Train,4737,3
Train,4738,4
Train,4739,1
Train,4740,5
Train,4741,4
Train,4742,8
Train,4743,8
Train,4744,4
Train,4745,3
Train,4746,0
Train,4747,7
Train,4748,2
Train,4749,9
Train,4750,4
Train,4751,6
Train,4752,6
Train,4753,4
Train,4754,9
Train,4755,2
Train,4756,4
Train,4757,8
Train,4758,8
Train,4759,0
Train,4760,3
Train,4761,8
Train,4762,1
Train,4763,4
Train,4764,1
Train,4765,0
Train,4766,6
Train,4767,6
Train,4768,9
Train,4769,1
Train,4770,6
Train,4771,2
Train,4772,3
Train,4773,4
Train,4774,0
Train,4775,1
Train,4776,2
Train,4777,2
Train,4778,0
Train,4779,8
Train,4780,8
Train,4781,4
Train,4782,7
Train,4783,9
Train,4784,9
Train,4785,6
Train,4786,6
Train,4787,0
Train,4788,5
Train,4789,6
Train,4790,7
Train,4791,3
Train,4792,6
Train,4793,7
Train,4794,8
Train,4795,7
Train,4796,3
Train,4797,1
Train,4798,0
Train,4799,3
Train,4800,8
Train,4801,4
Train,4802,5
Train,4803,1
Train,4804,8
Train,4805,6
Train,4806,2
Train,4807,8
Train,4808,5
Train,4809,7
Train,4810,6
Train,4811,2
Train,4812,8
Train,4813,6
Train,4814,5
Train,4815,8
Train,4816,0
Train,4817,5
Train,4818,9
Train,4819,2
Train,4820,7
Train,4821,0
Train,4822,5
Train,4823,8
Train,4824,6
Train,4825,8
Train,4826,9
Train,4827,3
Train,4828,8
Train,4829,3
Train,4830,2
Train,4831,6
Train,4832,8
Train,4833,7
Train,4834,8
Train,4835,3
Train,4836,3
Train,4837,8
Train,4838,5
Train,4839,4
Train,4840,1
Train,4841,2
Train,4842,9
Train,4843,6
Train,4844,5
Train,4845,9
Train,4846,4
Train,4847,3
Train,4848,8
Train,4849,5
Train,4850,5
Train,4851,8
Train,4852,8
Train,4853,2
Train,4854,0
Train,4855,3
Train,4856,1
Train,4857,4
Train,4858,1
Train,4859,0
Train,4860,8
Train,4861,0
Train,4862,5
Train,4863,8
Train,4864,4
Train,4865,9
Train,4866,1
Train,4867,8
Train,4868,0
Train,4869,0
Train,4870,6
Train,4871,7
Train,4872,7
Train,4873,7
Train,4874,5
Train,4875,6
Train,4876,3
Train,4877,6
Train,4878,5
Train,4879,8
Train,4880,2
Train,4881,6
Train,4882,5
Train,4883,7
Train,4884,5
Train,4885,4
Train,4886,7
Train,4887,3
Train,4888,2
Train,4889,9
Train,4890,5
Train,4891,8
Train,4892,8
Train,4893,5
Train,4894,7
Train,4895,2
Train,4896,2
Train,4897,8
Train,4898,7
Train,4899,6
Train,4900,7
Train,4901,7
Train,4902,2
Train,4903,7
Train,4904,6
Train,4905,4
Train,4906,0
Train,4907,6
Train,4908,3
Train,4909,1
Train,4910,4
Train,4911,6
Train,4912,3
Train,4913,9
Train,4914,8
Train,4915,3
Train,4916,8
Train,4917,1
Train,4918,0
Train,4919,0
Train,4920,5
Train,4921,3
Train,4922,5
Train,4923,8
Train,4924,4
Train,4925,0
Train,4926,6
Train,4927,1
Train,4928,7
Train,4929,0
Train,4930,2
Train,4931,2
Train,4932,1
Train,4933,7
Train,4934,3
Train,4935,0
Train,4936,8
Train,4937,6
Train,4938,7
Train,4939,7
Train,4940,0
Train,4941,0
Train,4942,1
Train,4943,4
Train,4944,1
Train,4945,1
Train,4946,6
Train,4947,6
Train,4948,6
Train,4949,1
Train,4950,3
Train,4951,6
Train,4952,0
Train,4953,1
Train,4954,3
Train,4955,8
Train,4956,5
Train,4957,0
Train,4958,1
Train,4959,6
Train,4960,5
Train,4961,5
Train,4962,4
Train,4963,3
Train,4964,9
Train,4965,8
Train,4966,6
Train,4967,0
Train,4968,5
Train,4969,4
Train,4970,9
Train,4971,2
Train,4972,8
Train,4973,4
Train,4974,8
Train,4975,8
Train,4976,2
Train,4977,1
Train,4978,4
Train,4979,8
Train,4980,6
Train,4981,7
Train,4982,3
Train,4983,1
Train,4984,3
Train,4985,4
Train,4986,9
Train,4987,4
Train,4988,8
Train,4989,4
Train,4990,5
Train,4991,0
Train,4992,9
Train,4993,1
Train,4994,3
Train,4995,8
Train,4996,7
Train,4997,5
Train,4998,4
Train,4999,6
Train,5000,6
Train,5001,7
Train,5002,9
Train,5003,0
Train,5004,5
Train,5005,2
Train,5006,3
Train,5007,3
Train,5008,3
Train,5009,9
Train,5010,0
Train,5011,9
Train,5012,2
Train,5013,9
Train,5014,1
Train,5015,0
Train,5016,2
Train,5017,3
Train,5018,9
Train,5019,6
Train,5020,6
Train,5021,1
Train,5022,6
Train,5023,3
Train,5024,7
Train,5025,6
Train,5026,2
Train,5027,7
Train,5028,0
Train,5029,4
Train,5030,8
Train,5031,9
Train,5032,6
Train,5033,0
Train,5034,7
Train,5035,7
Train,5036,5
Train,5037,0
Train,5038,4
Train,5039,5
Train,5040,9
Train,5041,6
Train,5042,4
Train,5043,5
Train,5044,7
Train,5045,9
Train,5046,3
Train,5047,7
Train,5048,8
Train,5049,5
Train,5050,0
Train,5051,4
Train,5052,1
Train,5053,3
Train,5054,8
Train,5055,6
Train,5056,9
Train,5057,5
Train,5058,7
Train,5059,6
Train,5060,7
Train,5061,7
Train,5062,3
Train,5063,4
Train,5064,2
Train,5065,3
Train,5066,6
Train,5067,4
Train,5068,5
Train,5069,0
Train,5070,1
Train,5071,9
Train,5072,3
Train,5073,8
Train,5074,4
Train,5075,4
Train,5076,1
Train,5077,9
Train,5078,8
Train,5079,9
Train,5080,3
Train,5081,6
Train,5082,0
Train,5083,9
Train,5084,1
Train,5085,6
Train,5086,3
Train,5087,2
Train,5088,3
Train,5089,0
Train,5090,5
Train,5091,8
Train,5092,8
Train,5093,0
Train,5094,0
Train,5095,6
Train,5096,2
Train,5097,3
Train,5098,5
Train,5099,1
Train,5100,5
Train,5101,7
Train,5102,1
Train,5103,0
Train,5104,9
Train,5105,8
Train,5106,3
Train,5107,3
Train,5108,5
Train,5109,6
Train,5110,3
Train,5111,2
Train,5112,1
Train,5113,3
Train,5114,7
Train,5115,0
Train,5116,7
Train,5117,7
Train,5118,2
Train,5119,4
Train,5120,7
Train,5121,7
Train,5122,6
Train,5123,2
Train,5124,6
Train,5125,1
Train,5126,7
Train,5127,2
Train,5128,3
Train,5129,3
Train,5130,0
Train,5131,2
Train,5132,2
Train,5133,9
Train,5134,6
Train,5135,5
Train,5136,5
Train,5137,1
Train,5138,9
Train,5139,7
Train,5140,9
Train,5141,4
Train,5142,6
Train,5143,4
Train,5144,1
Train,5145,9
Train,5146,1
Train,5147,3
Train,5148,6
Train,5149,1
Train,5150,2
Train,5151,2
Train,5152,5
Train,5153,8
Train,5154,0
Train,5155,8
Train,5156,5
Train,5157,1
Train,5158,7
Train,5159,6
Train,5160,7
Train,5161,9
Train,5162,3
Train,5163,0
Train,5164,9
Train,5165,2
Train,5166,2
Train,5167,6
Train,5168,7
Train,5169,6
Train,5170,9
Train,5171,1
Train,5172,9
Train,5173,4
Train,5174,0
Train,5175,5
Train,5176,6
Train,5177,6
Train,5178,4
Train,5179,4
Train,5180,4
Train,5181,1
Train,5182,6
Train,5183,3
Train,5184,2
Train,5185,8
Train,5186,9
Train,5187,4
Train,5188,7
Train,5189,2
Train,5190,3
Train,5191,9
Train,5192,3
Train,5193,4
Train,5194,0
Train,5195,1
Train,5196,1
Train,5197,1
Train,5198,9
Train,5199,9
Train,5200,7
Train,5201,5
Train,5202,1
Train,5203,9
Train,5204,2
Train,5205,5
Train,5206,6
Train,5207,1
Train,5208,5
Train,5209,3
Train,5210,0
Train,5211,1
Train,5212,4
Train,5213,9
Train,5214,4
Train,5215,2
Train,5216,0
Train,5217,8
Train,5218,3
Train,5219,2
Train,5220,7
Train,5221,3
Train,5222,8
Train,5223,6
Train,5224,1
Train,5225,4
Train,5226,2
Train,5227,4
Train,5228,9
Train,5229,4
Train,5230,6
Train,5231,9
Train,5232,1
Train,5233,5
Train,5234,9
Train,5235,9
Train,5236,1
Train,5237,4
Train,5238,2
Train,5239,7
Train,5240,2
Train,5241,7
Train,5242,3
Train,5243,1
Train,5244,9
Train,5245,8
Train,5246,8
Train,5247,1
Train,5248,2
Train,5249,0
Train,5250,8
Train,5251,8
Train,5252,2
Train,5253,8
Train,5254,7
Train,5255,8
Train,5256,4
Train,5257,1
Train,5258,7
Train,5259,4
Train,5260,3
Train,5261,1
Train,5262,8
Train,5263,6
Train,5264,4
Train,5265,5
Train,5266,0
Train,5267,5
Train,5268,6
Train,5269,7
Train,5270,5
Train,5271,9
Train,5272,8
Train,5273,8
Train,5274,8
Train,5275,9
Train,5276,7
Train,5277,3
Train,5278,8
Train,5279,7
Train,5280,8
Train,5281,2
Train,5282,1
Train,5283,8
Train,5284,8
Train,5285,4
Train,5286,9
Train,5287,1
Train,5288,5
Train,5289,4
Train,5290,2
Train,5291,6
Train,5292,6
Train,5293,9
Train,5294,2
Train,5295,7
Train,5296,2
Train,5297,8
Train,5298,4
Train,5299,2
Train,5300,9
Train,5301,1
Train,5302,6
Train,5303,5
Train,5304,8
Train,5305,5
Train,5306,9
Train,5307,7
Train,5308,6
Train,5309,2
Train,5310,9
Train,5311,1
Train,5312,8
Train,5313,7
Train,5314,0
Train,5315,9
Train,5316,9
Train,5317,7
Train,5318,6
Train,5319,3
Train,5320,9
Train,5321,3
Train,5322,0
Train,5323,0
Train,5324,0
Train,5325,7
Train,5326,7
Train,5327,0
Train,5328,7
Train,5329,3
Train,5330,9
Train,5331,0
Train,5332,9
Train,5333,2
Train,5334,1
Train,5335,5
Train,5336,7
Train,5337,1
Train,5338,6
Train,5339,8
Train,5340,2
Train,5341,0
Train,5342,4
Train,5343,2
Train,5344,1
Train,5345,4
Train,5346,0
Train,5347,4
Train,5348,8
Train,5349,0
Train,5350,4
Train,5351,9
Train,5352,9
Train,5353,6
Train,5354,3
Train,5355,6
Train,5356,1
Train,5357,7
Train,5358,4
Train,5359,6
Train,5360,8
Train,5361,6
Train,5362,0
Train,5363,7
Train,5364,4
Train,5365,8
Train,5366,7
Train,5367,5
Train,5368,7
Train,5369,5
Train,5370,2
Train,5371,0
Train,5372,5
Train,5373,8
Train,5374,6
Train,5375,6
Train,5376,6
Train,5377,8
Train,5378,8
Train,5379,5
Train,5380,6
Train,5381,6
Train,5382,9
Train,5383,9
Train,5384,2
Train,5385,7
Train,5386,2
Train,5387,1
Train,5388,9
Train,5389,3
Train,5390,9
Train,5391,0
Train,5392,1
Train,5393,5
Train,5394,9
Train,5395,9
Train,5396,7
Train,5397,9
Train,5398,6
Train,5399,5
Train,5400,3
Train,5401,7
Train,5402,6
Train,5403,7
Train,5404,0
Train,5405,4
Train,5406,2
Train,5407,3
Train,5408,9
Train,5409,6
Train,5410,2
Train,5411,5
Train,5412,7
Train,5413,5
Train,5414,0
Train,5415,2
Train,5416,8
Train,5417,2
Train,5418,9
Train,5419,6
Train,5420,1
Train,5421,5
Train,5422,1
Train,5423,3
Train,5424,6
Train,5425,3
Train,5426,0
Train,5427,8
Train,5428,0
Train,5429,6
Train,5430,3
Train,5431,5
Train,5432,0
Train,5433,1
Train,5434,4
Train,5435,6
Train,5436,7
Train,5437,9
Train,5438,1
Train,5439,5
Train,5440,4
Train,5441,0
Train,5442,4
Train,5443,6
Train,5444,2
Train,5445,3
Train,5446,8
Train,5447,7
Train,5448,5
Train,5449,7
Train,5450,3
Train,5451,4
Train,5452,8
Train,5453,9
Train,5454,8
Train,5455,3
Train,5456,6
Train,5457,0
Train,5458,5
Train,5459,1
Train,5460,1
Train,5461,9
Train,5462,4
Train,5463,8
Train,5464,9
Train,5465,9
Train,5466,9
Train,5467,5
Train,5468,0
Train,5469,8
Train,5470,0
Train,5471,2
Train,5472,0
Train,5473,3
Train,5474,6
Train,5475,3
Train,5476,9
Train,5477,0
Train,5478,3
Train,5479,3
Train,5480,8
Train,5481,0
Train,5482,8
Train,5483,8
Train,5484,0
Train,5485,9
Train,5486,4
Train,5487,8
Train,5488,4
Train,5489,6
Train,5490,4
Train,5491,4
Train,5492,3
Train,5493,3
Train,5494,0
Train,5495,4
Train,5496,9
Train,5497,6
Train,5498,7
Train,5499,9
Train,5500,5
Train,5501,4
Train,5502,3
Train,5503,5
Train,5504,5
Train,5505,5
Train,5506,2
Train,5507,3
Train,5508,6
Train,5509,5
Train,5510,5
Train,5511,9
Train,5512,1
Train,5513,6
Train,5514,4
Train,5515,1
Train,5516,0
Train,5517,5
Train,5518,7
Train,5519,9
Train,5520,3
Train,5521,0
Train,5522,6
Train,5523,8
Train,5524,9
Train,5525,7
Train,5526,6
Train,5527,2
Train,5528,8
Train,5529,0
Train,5530,0
Train,5531,2
Train,5532,9
Train,5533,0
Train,5534,3
Train,5535,2
Train,5536,7
Train,5537,2
Train,5538,7
Train,5539,3
Train,5540,2
Train,5541,3
Train,5542,7
Train,5543,7
Train,5544,5
Train,5545,3
Train,5546,8
Train,5547,5
Train,5548,4
Train,5549,0
Train,5550,2
Train,5551,9
Train,5552,1
Train,5553,3
Train,5554,2
Train,5555,5
Train,5556,8
Train,5557,0
Train,5558,6
Train,5559,1
Train,5560,7
Train,5561,5
Train,5562,9
Train,5563,7
Train,5564,7
Train,5565,5
Train,5566,0
Train,5567,1
Train,5568,1
Train,5569,9
Train,5570,4
Train,5571,2
Train,5572,1
Train,5573,8
Train,5574,2
Train,5575,2
Train,5576,2
Train,5577,7
Train,5578,3
Train,5579,7
Train,5580,0
Train,5581,4
Train,5582,6
Train,5583,6
Train,5584,2
Train,5585,9
Train,5586,3
Train,5587,0
Train,5588,6
Train,5589,0
Train,5590,1
Train,5591,9
Train,5592,3
Train,5593,5
Train,5594,4
Train,5595,9
Train,5596,6
Train,5597,7
Train,5598,3
Train,5599,6
Train,5600,8
Train,5601,3
Train,5602,9
Train,5603,2
Train,5604,0
Train,5605,9
Train,5606,5
Train,5607,4
Train,5608,7
Train,5609,2
Train,5610,3
Train,5611,9
Train,5612,9
Train,5613,5
Train,5614,0
Train,5615,3
Train,5616,1
Train,5617,7
Train,5618,2
Train,5619,4
Train,5620,7
Train,5621,9
Train,5622,9
Train,5623,0
Train,5624,4
Train,5625,4
Train,5626,5
Train,5627,1
Train,5628,7
Train,5629,1
Train,5630,8
Train,5631,4
Train,5632,1
Train,5633,4
Train,5634,2
Train,5635,1
Train,5636,6
Train,5637,9
Train,5638,2
Train,5639,2
Train,5640,0
Train,5641,8
Train,5642,0
Train,5643,8
Train,5644,8
Train,5645,5
Train,5646,5
Train,5647,2
Train,5648,8
Train,5649,0
Train,5650,9
Train,5651,5
Train,5652,7
Train,5653,4
Train,5654,9
Train,5655,5
Train,5656,2
Train,5657,0
Train,5658,8
Train,5659,0
Train,5660,2
Train,5661,6
Train,5662,9
Train,5663,1
Train,5664,3
Train,5665,0
Train,5666,1
Train,5667,8
Train,5668,9
Train,5669,4
Train,5670,5
Train,5671,9
Train,5672,8
Train,5673,0
Train,5674,7
Train,5675,8
Train,5676,4
Train,5677,4
Train,5678,3
Train,5679,6
Train,5680,6
Train,5681,5
Train,5682,6
Train,5683,1
Train,5684,0
Train,5685,1
Train,5686,2
Train,5687,8
Train,5688,9
Train,5689,6
Train,5690,5
Train,5691,9
Train,5692,9
Train,5693,9
Train,5694,6
Train,5695,5
Train,5696,0
Train,5697,9
Train,5698,5
Train,5699,0
Train,5700,5
Train,5701,8
Train,5702,0
Train,5703,0
Train,5704,4
Train,5705,3
Train,5706,4
Train,5707,2
Train,5708,6
Train,5709,1
Train,5710,7
Train,5711,6
Train,5712,2
Train,5713,3
Train,5714,1
Train,5715,2
Train,5716,8
Train,5717,2
Train,5718,6
Train,5719,0
Train,5720,3
Train,5721,4
Train,5722,1
Train,5723,6
Train,5724,2
Train,5725,3
Train,5726,4
Train,5727,2
Train,5728,6
Train,5729,5
Train,5730,8
Train,5731,9
Train,5732,8
Train,5733,3
Train,5734,5
Train,5735,7
Train,5736,5
Train,5737,7
Train,5738,0
Train,5739,4
Train,5740,6
Train,5741,3
Train,5742,4
Train,5743,0
Train,5744,3
Train,5745,6
Train,5746,2
Train,5747,1
Train,5748,7
Train,5749,5
Train,5750,8
Train,5751,5
Train,5752,8
Train,5753,7
Train,5754,4
Train,5755,5
Train,5756,4
Train,5757,0
Train,5758,2
Train,5759,1
Train,5760,5
Train,5761,7
Train,5762,2
Train,5763,6
Train,5764,8
Train,5765,0
Train,5766,7
Train,5767,7
Train,5768,4
Train,5769,1
Train,5770,0
Train,5771,7
Train,5772,9
Train,5773,2
Train,5774,7
Train,5775,0
Train,5776,9
Train,5777,8
Train,5778,7
Train,5779,7
Train,5780,5
Train,5781,2
Train,5782,7
Train,5783,9
Train,5784,7
Train,5785,6
Train,5786,4
Train,5787,8
Train,5788,4
Train,5789,6
Train,5790,4
Train,5791,1
Train,5792,7
Train,5793,9
Train,5794,8
Train,5795,8
Train,5796,6
Train,5797,3
Train,5798,7
Train,5799,3
Train,5800,3
Train,5801,9
Train,5802,7
Train,5803,0
Train,5804,7
Train,5805,1
Train,5806,8
Train,5807,8
Train,5808,5
Train,5809,7
Train,5810,1
Train,5811,1
Train,5812,7
Train,5813,4
Train,5814,0
Train,5815,4
Train,5816,1
Train,5817,2
Train,5818,2
Train,5819,9
Train,5820,8
Train,5821,7
Train,5822,1
Train,5823,3
Train,5824,2
Train,5825,2
Train,5826,4
Train,5827,1
Train,5828,0
Train,5829,4
Train,5830,5
Train,5831,1
Train,5832,5
Train,5833,6
Train,5834,1
Train,5835,8
Train,5836,2
Train,5837,5
Train,5838,3
Train,5839,9
Train,5840,5
Train,5841,1
Train,5842,7
Train,5843,0
Train,5844,4
Train,5845,6
Train,5846,7
Train,5847,2
Train,5848,3
Train,5849,5
Train,5850,5
Train,5851,9
Train,5852,0
Train,5853,5
Train,5854,7
Train,5855,8
Train,5856,3
Train,5857,6
Train,5858,0
Train,5859,3
Train,5860,1
Train,5861,9
Train,5862,2
Train,5863,7
Train,5864,0
Train,5865,9
Train,5866,8
Train,5867,2
Train,5868,9
Train,5869,8
Train,5870,3
Train,5871,2
Train,5872,5
Train,5873,0
Train,5874,0
Train,5875,8
Train,5876,3
Train,5877,3
Train,5878,6
Train,5879,6
Train,5880,4
Train,5881,9
Train,5882,6
Train,5883,0
Train,5884,9
Train,5885,1
Train,5886,5
Train,5887,7
Train,5888,0
Train,5889,2
Train,5890,7
Train,5891,8
Train,5892,2
Train,5893,9
Train,5894,4
Train,5895,1
Train,5896,3
Train,5897,1
Train,5898,6
Train,5899,5
Train,5900,6
Train,5901,2
Train,5902,4
Train,5903,2
Train,5904,8
Train,5905,5
Train,5906,8
Train,5907,6
Train,5908,4
Train,5909,4
Train,5910,8
Train,5911,8
Train,5912,6
Train,5913,2
Train,5914,3
Train,5915,3
Train,5916,8
Train,5917,1
Train,5918,3
Train,5919,4
Train,5920,5
Train,5921,6
Train,5922,2
Train,5923,9
Train,5924,0
Train,5925,7
Train,5926,2
Train,5927,7
Train,5928,0
Train,5929,8
Train,5930,7
Train,5931,4
Train,5932,8
Train,5933,2
Train,5934,7
Train,5935,7
Train,5936,7
Train,5937,9
Train,5938,9
Train,5939,1
Train,5940,4
Train,5941,8
Train,5942,3
Train,5943,7
Train,5944,4
Train,5945,3
Train,5946,4
Train,5947,1
Train,5948,8
Train,5949,8
Train,5950,4
Train,5951,1
Train,5952,0
Train,5953,8
Train,5954,0
Train,5955,0
Train,5956,0
Train,5957,4
Train,5958,7
Train,5959,1
Train,5960,5
Train,5961,5
Train,5962,5
Train,5963,3
Train,5964,6
Train,5965,5
Train,5966,3
Train,5967,2
Train,5968,9
Train,5969,0
Train,5970,5
Train,5971,1
Train,5972,0
Train,5973,0
Train,5974,9
Train,5975,1
Train,5976,7
Train,5977,8
Train,5978,9
Train,5979,2
Train,5980,3
Train,5981,5
Train,5982,7
Train,5983,1
Train,5984,0
Train,5985,8
Train,5986,8
Train,5987,8
Train,5988,0
Train,5989,7
Train,5990,2
Train,5991,7
Train,5992,2
Train,5993,5
Train,5994,0
Train,5995,7
Train,5996,7
Train,5997,9
Train,5998,4
Train,5999,8
Train,6000,6
Train,6001,5
Train,6002,9
Train,6003,6
Train,6004,8
Train,6005,6
Train,6006,9
Train,6007,4
Train,6008,0
Train,6009,4
Train,6010,7
Train,6011,2
Train,6012,9
Train,6013,0
Train,6014,3
Train,6015,0
Train,6016,9
Train,6017,5
Train,6018,2
Train,6019,2
Train,6020,1
Train,6021,4
Train,6022,4
Train,6023,2
Train,6024,5
Train,6025,6
Train,6026,2
Train,6027,4
Train,6028,2
Train,6029,5
Train,6030,3
Train,6031,1
Train,6032,7
Train,6033,5
Train,6034,9
Train,6035,6
Train,6036,9
Train,6037,5
Train,6038,9
Train,6039,4
Train,6040,1
Train,6041,2
Train,6042,5
Train,6043,9
Train,6044,8
Train,6045,3
Train,6046,6
Train,6047,5
Train,6048,5
Train,6049,4
Train,6050,8
Train,6051,7
Train,6052,9
Train,6053,5
Train,6054,0
Train,6055,8
Train,6056,4
Train,6057,9
Train,6058,5
Train,6059,7
Train,6060,3
Train,6061,3
Train,6062,0
Train,6063,2
Train,6064,1
Train,6065,5
Train,6066,9
Train,6067,0
Train,6068,1
Train,6069,2
Train,6070,3
Train,6071,3
Train,6072,7
Train,6073,2
Train,6074,1
Train,6075,0
Train,6076,7
Train,6077,7
Train,6078,1
Train,6079,3
Train,6080,4
Train,6081,2
Train,6082,5
Train,6083,9
Train,6084,4
Train,6085,0
Train,6086,8
Train,6087,9
Train,6088,5
Train,6089,3
Train,6090,0
Train,6091,5
Train,6092,5
Train,6093,6
Train,6094,5
Train,6095,6
Train,6096,6
Train,6097,2
Train,6098,0
Train,6099,8
Train,6100,5
Train,6101,6
Train,6102,5
Train,6103,4
Train,6104,5
Train,6105,5
Train,6106,2
Train,6107,6
Train,6108,3
Train,6109,1
Train,6110,4
Train,6111,9
Train,6112,0
Train,6113,0
Train,6114,9
Train,6115,4
Train,6116,9
Train,6117,7
Train,6118,6
Train,6119,7
Train,6120,1
Train,6121,1
Train,6122,1
Train,6123,8
Train,6124,0
Train,6125,6
Train,6126,2
Train,6127,6
Train,6128,4
Train,6129,9
Train,6130,1
Train,6131,5
Train,6132,0
Train,6133,2
Train,6134,8
Train,6135,3
Train,6136,1
Train,6137,1
Train,6138,8
Train,6139,8
Train,6140,5
Train,6141,1
Train,6142,0
Train,6143,8
Train,6144,4
Train,6145,6
Train,6146,2
Train,6147,7
Train,6148,6
Train,6149,9
Train,6150,9
Train,6151,3
Train,6152,9
Train,6153,8
Train,6154,5
Train,6155,5
Train,6156,2
Train,6157,7
Train,6158,9
Train,6159,8
Train,6160,8
Train,6161,1
Train,6162,3
Train,6163,9
Train,6164,7
Train,6165,0
Train,6166,8
Train,6167,3
Train,6168,4
Train,6169,3
Train,6170,0
Train,6171,9
Train,6172,6
Train,6173,4
Train,6174,9
Train,6175,4
Train,6176,8
Train,6177,2
Train,6178,9
Train,6179,6
Train,6180,4
Train,6181,4
Train,6182,8
Train,6183,9
Train,6184,5
Train,6185,3
Train,6186,3
Train,6187,0
Train,6188,0
Train,6189,7
Train,6190,0
Train,6191,1
Train,6192,8
Train,6193,6
Train,6194,7
Train,6195,9
Train,6196,1
Train,6197,7
Train,6198,3
Train,6199,3
Train,6200,3
Train,6201,9
Train,6202,5
Train,6203,4
Train,6204,4
Train,6205,3
Train,6206,4
Train,6207,3
Train,6208,3
Train,6209,2
Train,6210,2
Train,6211,4
Train,6212,4
Train,6213,6
Train,6214,4
Train,6215,5
Train,6216,7
Train,6217,3
Train,6218,7
Train,6219,8
Train,6220,5
Train,6221,0
Train,6222,5
Train,6223,3
Train,6224,6
Train,6225,8
Train,6226,1
Train,6227,2
Train,6228,2
Train,6229,3
Train,6230,2
Train,6231,1
Train,6232,5
Train,6233,1
Train,6234,4
Train,6235,7
Train,6236,2
Train,6237,9
Train,6238,8
Train,6239,7
Train,6240,0
Train,6241,1
Train,6242,0
Train,6243,4
Train,6244,1
Train,6245,9
Train,6246,6
Train,6247,8
Train,6248,5
Train,6249,4
Train,6250,8
Train,6251,4
Train,6252,6
Train,6253,5
Train,6254,6
Train,6255,7
Train,6256,3
Train,6257,7
Train,6258,9
Train,6259,5
Train,6260,0
Train,6261,7
Train,6262,6
Train,6263,3
Train,6264,9
Train,6265,2
Train,6266,4
Train,6267,6
Train,6268,9
Train,6269,1
Train,6270,4
Train,6271,7
Train,6272,1
Train,6273,6
Train,6274,4
Train,6275,9
Train,6276,0
Train,6277,6
Train,6278,7
Train,6279,5
Train,6280,4
Train,6281,4
Train,6282,9
Train,6283,7
Train,6284,3
Train,6285,1
Train,6286,9
Train,6287,7
Train,6288,9
Train,6289,4
Train,6290,6
Train,6291,7
Train,6292,4
Train,6293,9
Train,6294,6
Train,6295,1
Train,6296,2
Train,6297,6
Train,6298,4
Train,6299,7
Train,6300,6
Train,6301,7
Train,6302,1
Train,6303,4
Train,6304,3
Train,6305,2
Train,6306,3
Train,6307,7
Train,6308,0
Train,6309,3
Train,6310,9
Train,6311,4
Train,6312,0
Train,6313,0
Train,6314,4
Train,6315,2
Train,6316,8
Train,6317,2
Train,6318,1
Train,6319,3
Train,6320,7
Train,6321,7
Train,6322,8
Train,6323,2
Train,6324,3
Train,6325,1
Train,6326,7
Train,6327,2
Train,6328,0
Train,6329,7
Train,6330,3
Train,6331,4
Train,6332,3
Train,6333,5
Train,6334,2
Train,6335,7
Train,6336,6
Train,6337,8
Train,6338,5
Train,6339,4
Train,6340,5
Train,6341,2
Train,6342,8
Train,6343,3
Train,6344,4
Train,6345,5
Train,6346,8
Train,6347,1
Train,6348,3
Train,6349,1
Train,6350,6
Train,6351,3
Train,6352,5
Train,6353,1
Train,6354,0
Train,6355,5
Train,6356,1
Train,6357,9
Train,6358,5
Train,6359,2
Train,6360,9
Train,6361,4
Train,6362,2
Train,6363,7
Train,6364,9
Train,6365,9
Train,6366,1
Train,6367,6
Train,6368,3
Train,6369,2
Train,6370,0
Train,6371,1
Train,6372,7
Train,6373,0
Train,6374,0
Train,6375,1
Train,6376,0
Train,6377,5
Train,6378,4
Train,6379,8
Train,6380,0
Train,6381,9
Train,6382,0
Train,6383,1
Train,6384,9
Train,6385,3
Train,6386,7
Train,6387,4
Train,6388,2
Train,6389,4
Train,6390,2
Train,6391,6
Train,6392,2
Train,6393,0
Train,6394,3
Train,6395,6
Train,6396,0
Train,6397,8
Train,6398,7
Train,6399,0
Train,6400,0
Train,6401,7
Train,6402,3
Train,6403,8
Train,6404,3
Train,6405,3
Train,6406,6
Train,6407,8
Train,6408,2
Train,6409,7
Train,6410,4
Train,6411,1
Train,6412,2
Train,6413,9
Train,6414,2
Train,6415,4
Train,6416,6
Train,6417,6
Train,6418,8
Train,6419,5
Train,6420,1
Train,6421,4
Train,6422,3
Train,6423,7
Train,6424,5
Train,6425,0
Train,6426,9
Train,6427,2
Train,6428,0
Train,6429,1
Train,6430,3
Train,6431,9
Train,6432,4
Train,6433,3
Train,6434,1
Train,6435,8
Train,6436,5
Train,6437,4
Train,6438,9
Train,6439,9
Train,6440,0
Train,6441,7
Train,6442,6
Train,6443,5
Train,6444,5
Train,6445,2
Train,6446,1
Train,6447,6
Train,6448,2
Train,6449,7
Train,6450,4
Train,6451,6
Train,6452,4
Train,6453,1
Train,6454,6
Train,6455,5
Train,6456,1
Train,6457,9
Train,6458,3
Train,6459,8
Train,6460,7
Train,6461,2
Train,6462,3
Train,6463,6
Train,6464,1
Train,6465,4
Train,6466,3
Train,6467,2
Train,6468,8
Train,6469,2
Train,6470,8
Train,6471,6
Train,6472,4
Train,6473,6
Train,6474,8
Train,6475,4
Train,6476,5
Train,6477,2
Train,6478,8
Train,6479,0
Train,6480,9
Train,6481,7
Train,6482,3
Train,6483,5
Train,6484,2
Train,6485,4
Train,6486,6
Train,6487,7
Train,6488,2
Train,6489,1
Train,6490,3
Train,6491,3
Train,6492,3
Train,6493,3
Train,6494,1
Train,6495,1
Train,6496,3
Train,6497,7
Train,6498,4
Train,6499,2
Train,6500,6
Train,6501,8
Train,6502,2
Train,6503,0
Train,6504,0
Train,6505,4
Train,6506,6
Train,6507,3
Train,6508,8
Train,6509,4
Train,6510,6
Train,6511,3
Train,6512,0
Train,6513,7
Train,6514,8
Train,6515,1
Train,6516,9
Train,6517,6
Train,6518,0
Train,6519,5
Train,6520,2
Train,6521,6
Train,6522,7
Train,6523,6
Train,6524,4
Train,6525,9
Train,6526,6
Train,6527,4
Train,6528,7
Train,6529,8
Train,6530,5
Train,6531,9
Train,6532,4
Train,6533,5
Train,6534,1
Train,6535,4
Train,6536,6
Train,6537,6
Train,6538,7
Train,6539,9
Train,6540,3
Train,6541,8
Train,6542,2
Train,6543,0
Train,6544,1
Train,6545,6
Train,6546,9
Train,6547,2
Train,6548,6
Train,6549,2
Train,6550,1
Train,6551,6
Train,6552,7
Train,6553,0
Train,6554,6
Train,6555,3
Train,6556,3
Train,6557,3
Train,6558,2
Train,6559,1
Train,6560,4
Train,6561,5
Train,6562,4
Train,6563,0
Train,6564,7
Train,6565,8
Train,6566,6
Train,6567,3
Train,6568,7
Train,6569,4
Train,6570,0
Train,6571,9
Train,6572,6
Train,6573,7
Train,6574,3
Train,6575,5
Train,6576,8
Train,6577,5
Train,6578,6
Train,6579,9
Train,6580,5
Train,6581,6
Train,6582,6
Train,6583,2
Train,6584,3
Train,6585,3
Train,6586,4
Train,6587,9
Train,6588,7
Train,6589,1
Train,6590,3
Train,6591,4
Train,6592,6
Train,6593,2
Train,6594,4
Train,6595,3
Train,6596,3
Train,6597,0
Train,6598,8
Train,6599,6
Train,6600,7
Train,6601,7
Train,6602,3
Train,6603,4
Train,6604,5
Train,6605,4
Train,6606,2
Train,6607,3
Train,6608,1
Train,6609,0
Train,6610,9
Train,6611,4
Train,6612,4
Train,6613,4
Train,6614,2
Train,6615,5
Train,6616,2
Train,6617,0
Train,6618,3
Train,6619,3
Train,6620,6
Train,6621,2
Train,6622,5
Train,6623,1
Train,6624,7
Train,6625,9
Train,6626,2
Train,6627,8
Train,6628,2
Train,6629,0
Train,6630,1
Train,6631,8
Train,6632,8
Train,6633,7
Train,6634,2
Train,6635,3
Train,6636,4
Train,6637,3
Train,6638,2
Train,6639,1
Train,6640,0
Train,6641,7
Train,6642,5
Train,6643,9
Train,6644,9
Train,6645,6
Train,6646,8
Train,6647,6
Train,6648,2
Train,6649,3
Train,6650,0
Train,6651,8
Train,6652,4
Train,6653,7
Train,6654,4
Train,6655,7
Train,6656,1
Train,6657,9
Train,6658,3
Train,6659,1
Train,6660,2
Train,6661,1
Train,6662,9
Train,6663,0
Train,6664,6
Train,6665,0
Train,6666,9
Train,6667,8
Train,6668,1
Train,6669,3
Train,6670,1
Train,6671,9
Train,6672,6
Train,6673,1
Train,6674,3
Train,6675,5
Train,6676,7
Train,6677,7
Train,6678,1
Train,6679,8
Train,6680,7
Train,6681,4
Train,6682,0
Train,6683,1
Train,6684,3
Train,6685,2
Train,6686,6
Train,6687,0
Train,6688,0
Train,6689,5
Train,6690,3
Train,6691,2
Train,6692,9
Train,6693,9
Train,6694,5
Train,6695,7
Train,6696,7
Train,6697,5
Train,6698,5
Train,6699,7
Train,6700,3
Train,6701,1
Train,6702,0
Train,6703,1
Train,6704,2
Train,6705,9
Train,6706,9
Train,6707,5
Train,6708,9
Train,6709,1
Train,6710,4
Train,6711,0
Train,6712,6
Train,6713,7
Train,6714,3
Train,6715,7
Train,6716,3
Train,6717,8
Train,6718,8
Train,6719,0
Train,6720,4
Train,6721,6
Train,6722,6
Train,6723,5
Train,6724,3
Train,6725,1
Train,6726,7
Train,6727,9
Train,6728,8
Train,6729,3
Train,6730,5
Train,6731,1
Train,6732,3
Train,6733,1
Train,6734,7
Train,6735,0
Train,6736,1
Train,6737,1
Train,6738,2
Train,6739,7
Train,6740,8
Train,6741,6
Train,6742,3
Train,6743,0
Train,6744,2
Train,6745,6
Train,6746,9
Train,6747,6
Train,6748,7
Train,6749,6
Train,6750,6
Train,6751,1
Train,6752,7
Train,6753,3
Train,6754,6
Train,6755,6
Train,6756,8
Train,6757,2
Train,6758,3
Train,6759,7
Train,6760,5
Train,6761,0
Train,6762,8
Train,6763,7
Train,6764,7
Train,6765,1
Train,6766,9
Train,6767,3
Train,6768,6
Train,6769,1
Train,6770,4
Train,6771,5
Train,6772,2
Train,6773,8
Train,6774,2
Train,6775,8
Train,6776,7
Train,6777,6
Train,6778,5
Train,6779,1
Train,6780,4
Train,6781,5
Train,6782,3
Train,6783,3
Train,6784,9
Train,6785,4
Train,6786,1
Train,6787,3
Train,6788,8
Train,6789,8
Train,6790,3
Train,6791,8
Train,6792,7
Train,6793,7
Train,6794,5
Train,6795,6
Train,6796,8
Train,6797,5
Train,6798,1
Train,6799,2
Train,6800,7
Train,6801,2
Train,6802,2
Train,6803,8
Train,6804,6
Train,6805,2
Train,6806,8
Train,6807,5
Train,6808,7
Train,6809,4
Train,6810,6
Train,6811,9
Train,6812,3
Train,6813,1
Train,6814,1
Train,6815,5
Train,6816,2
Train,6817,8
Train,6818,7
Train,6819,1
Train,6820,1
Train,6821,7
Train,6822,7
Train,6823,8
Train,6824,6
Train,6825,8
Train,6826,6
Train,6827,7
Train,6828,1
Train,6829,6
Train,6830,8
Train,6831,1
Train,6832,6
Train,6833,0
Train,6834,9
Train,6835,9
Train,6836,2
Train,6837,3
Train,6838,4
Train,6839,7
Train,6840,4
Train,6841,7
Train,6842,7
Train,6843,2
Train,6844,4
Train,6845,9
Train,6846,8
Train,6847,3
Train,6848,8
Train,6849,3
Train,6850,7
Train,6851,1
Train,6852,4
Train,6853,5
Train,6854,6
Train,6855,3
Train,6856,2
Train,6857,2
Train,6858,0
Train,6859,6
Train,6860,0
Train,6861,9
Train,6862,8
Train,6863,4
Train,6864,7
Train,6865,7
Train,6866,5
Train,6867,0
Train,6868,3
Train,6869,1
Train,6870,9
Train,6871,1
Train,6872,3
Train,6873,5
Train,6874,5
Train,6875,4
Train,6876,7
Train,6877,4
Train,6878,5
Train,6879,4
Train,6880,8
Train,6881,8
Train,6882,8
Train,6883,3
Train,6884,2
Train,6885,1
Train,6886,2
Train,6887,9
Train,6888,6
Train,6889,1
Train,6890,9
Train,6891,4
Train,6892,7
Train,6893,6
Train,6894,4
Train,6895,1
Train,6896,1
Train,6897,4
Train,6898,8
Train,6899,1
Train,6900,9
Train,6901,2
Train,6902,3
Train,6903,9
Train,6904,0
Train,6905,3
Train,6906,9
Train,6907,4
Train,6908,1
Train,6909,8
Train,6910,3
Train,6911,4
Train,6912,8
Train,6913,3
Train,6914,3
Train,6915,1
Train,6916,8
Train,6917,2
Train,6918,6
Train,6919,0
Train,6920,0
Train,6921,2
Train,6922,1
Train,6923,0
Train,6924,4
Train,6925,6
Train,6926,6
Train,6927,2
Train,6928,1
Train,6929,0
Train,6930,3
Train,6931,1
Train,6932,6
Train,6933,1
Train,6934,9
Train,6935,6
Train,6936,3
Train,6937,9
Train,6938,6
Train,6939,7
Train,6940,4
Train,6941,6
Train,6942,8
Train,6943,4
Train,6944,2
Train,6945,3
Train,6946,2
Train,6947,0
Train,6948,8
Train,6949,6
Train,6950,4
Train,6951,9
Train,6952,0
Train,6953,7
Train,6954,0
Train,6955,1
Train,6956,2
Train,6957,5
Train,6958,5
Train,6959,1
Train,6960,6
Train,6961,3
Train,6962,6
Train,6963,2
Train,6964,8
Train,6965,5
Train,6966,7
Train,6967,1
Train,6968,6
Train,6969,1
Train,6970,2
Train,6971,1
Train,6972,0
Train,6973,0
Train,6974,8
Train,6975,8
Train,6976,2
Train,6977,8
Train,6978,5
Train,6979,7
Train,6980,3
Train,6981,3
Train,6982,5
Train,6983,4
Train,6984,9
Train,6985,4
Train,6986,7
Train,6987,6
Train,6988,1
Train,6989,8
Train,6990,4
Train,6991,9
Train,6992,7
Train,6993,4
Train,6994,3
Train,6995,8
Train,6996,2
Train,6997,9
Train,6998,7
Train,6999,7
Train,7000,5
Train,7001,6
Train,7002,0
Train,7003,6
Train,7004,3
Train,7005,1
Train,7006,3
Train,7007,8
Train,7008,2
Train,7009,2
Train,7010,9
Train,7011,7
Train,7012,8
Train,7013,8
Train,7014,0
Train,7015,0
Train,7016,7
Train,7017,5
Train,7018,1
Train,7019,1
Train,7020,6
Train,7021,5
Train,7022,8
Train,7023,7
Train,7024,4
Train,7025,6
Train,7026,2
Train,7027,7
Train,7028,7
Train,7029,8
Train,7030,7
Train,7031,5
Train,7032,5
Train,7033,7
Train,7034,6
Train,7035,4
Train,7036,6
Train,7037,2
Train,7038,2
Train,7039,8
Train,7040,9
Train,7041,6
Train,7042,9
Train,7043,4
Train,7044,6
Train,7045,8
Train,7046,8
Train,7047,2
Train,7048,1
Train,7049,3
Train,7050,3
Train,7051,8
Train,7052,4
Train,7053,0
Train,7054,4
Train,7055,7
Train,7056,2
Train,7057,5
Train,7058,4
Train,7059,4
Train,7060,0
Train,7061,8
Train,7062,4
Train,7063,3
Train,7064,6
Train,7065,3
Train,7066,8
Train,7067,8
Train,7068,2
Train,7069,9
Train,7070,6
Train,7071,9
Train,7072,5
Train,7073,6
Train,7074,2
Train,7075,3
Train,7076,7
Train,7077,1
Train,7078,4
Train,7079,7
Train,7080,9
Train,7081,0
Train,7082,5
Train,7083,8
Train,7084,6
Train,7085,7
Train,7086,3
Train,7087,1
Train,7088,7
Train,7089,2
Train,7090,5
Train,7091,6
Train,7092,6
Train,7093,0
Train,7094,5
Train,7095,0
Train,7096,8
Train,7097,4
Train,7098,2
Train,7099,4
Train,7100,4
Train,7101,7
Train,7102,1
Train,7103,5
Train,7104,8
Train,7105,5
Train,7106,2
Train,7107,3
Train,7108,8
Train,7109,8
Train,7110,4
Train,7111,9
Train,7112,8
Train,7113,5
Train,7114,9
Train,7115,5
Train,7116,2
Train,7117,5
Train,7118,8
Train,7119,4
Train,7120,7
Train,7121,3
Train,7122,3
Train,7123,3
Train,7124,1
Train,7125,3
Train,7126,8
Train,7127,9
Train,7128,3
Train,7129,8
Train,7130,1
Train,7131,8
Train,7132,3
Train,7133,6
Train,7134,9
Train,7135,2
Train,7136,2
Train,7137,6
Train,7138,3
Train,7139,5
Train,7140,5
Train,7141,7
Train,7142,3
Train,7143,6
Train,7144,0
Train,7145,1
Train,7146,2
Train,7147,1
Train,7148,1
Train,7149,8
Train,7150,5
Train,7151,2
Train,7152,7
Train,7153,3
Train,7154,4
Train,7155,4
Train,7156,8
Train,7157,5
Train,7158,5
Train,7159,6
Train,7160,5
Train,7161,3
Train,7162,5
Train,7163,4
Train,7164,5
Train,7165,2
Train,7166,2
Train,7167,9
Train,7168,0
Train,7169,8
Train,7170,9
Train,7171,3
Train,7172,6
Train,7173,1
Train,7174,0
Train,7175,6
Train,7176,1
Train,7177,1
Train,7178,2
Train,7179,0
Train,7180,3
Train,7181,5
Train,7182,7
Train,7183,0
Train,7184,2
Train,7185,7
Train,7186,7
Train,7187,0
Train,7188,4
Train,7189,5
Train,7190,6
Train,7191,7
Train,7192,5
Train,7193,7
Train,7194,2
Train,7195,5
Train,7196,0
Train,7197,7
Train,7198,1
Train,7199,9
Train,7200,3
Train,7201,7
Train,7202,6
Train,7203,0
Train,7204,7
Train,7205,3
Train,7206,4
Train,7207,4
Train,7208,5
Train,7209,2
Train,7210,9
Train,7211,2
Train,7212,0
Train,7213,3
Train,7214,1
Train,7215,6
Train,7216,2
Train,7217,2
Train,7218,4
Train,7219,7
Train,7220,3
Train,7221,1
Train,7222,8
Train,7223,7
Train,7224,3
Train,7225,0
Train,7226,6
Train,7227,5
Train,7228,3
Train,7229,5
Train,7230,3
Train,7231,8
Train,7232,6
Train,7233,8
Train,7234,3
Train,7235,3
Train,7236,5
Train,7237,8
Train,7238,1
Train,7239,6
Train,7240,9
Train,7241,5
Train,7242,6
Train,7243,0
Train,7244,9
Train,7245,9
Train,7246,5
Train,7247,6
Train,7248,8
Train,7249,9
Train,7250,6
Train,7251,0
Train,7252,6
Train,7253,3
Train,7254,6
Train,7255,1
Train,7256,0
Train,7257,6
Train,7258,2
Train,7259,3
Train,7260,5
Train,7261,1
Train,7262,9
Train,7263,0
Train,7264,6
Train,7265,6
Train,7266,5
Train,7267,6
Train,7268,3
Train,7269,4
Train,7270,5
Train,7271,1
Train,7272,6
Train,7273,7
Train,7274,4
Train,7275,2
Train,7276,9
Train,7277,6
Train,7278,6
Train,7279,2
Train,7280,5
Train,7281,8
Train,7282,8
Train,7283,4
Train,7284,1
Train,7285,7
Train,7286,1
Train,7287,8
Train,7288,1
Train,7289,1
Train,7290,3
Train,7291,7
Train,7292,9
Train,7293,5
Train,7294,8
Train,7295,4
Train,7296,4
Train,7297,1
Train,7298,2
Train,7299,0
Train,7300,1
Train,7301,4
Train,7302,9
Train,7303,2
Train,7304,7
Train,7305,5
Train,7306,8
Train,7307,3
Train,7308,2
Train,7309,3
Train,7310,8
Train,7311,0
Train,7312,1
Train,7313,3
Train,7314,7
Train,7315,6
Train,7316,6
Train,7317,4
Train,7318,3
Train,7319,5
Train,7320,0
Train,7321,6
Train,7322,4
Train,7323,7
Train,7324,1
Train,7325,7
Train,7326,1
Train,7327,0
Train,7328,0
Train,7329,8
Train,7330,2
Train,7331,7
Train,7332,2
Train,7333,7
Train,7334,8
Train,7335,6
Train,7336,2
Train,7337,9
Train,7338,1
Train,7339,6
Train,7340,2
Train,7341,6
Train,7342,1
Train,7343,3
Train,7344,0
Train,7345,5
Train,7346,3
Train,7347,0
Train,7348,6
Train,7349,1
Train,7350,1
Train,7351,5
Train,7352,1
Train,7353,7
Train,7354,5
Train,7355,3
Train,7356,4
Train,7357,1
Train,7358,1
Train,7359,4
Train,7360,0
Train,7361,8
Train,7362,4
Train,7363,2
Train,7364,5
Train,7365,4
Train,7366,8
Train,7367,3
Train,7368,4
Train,7369,3
Train,7370,1
Train,7371,1
Train,7372,7
Train,7373,9
Train,7374,1
Train,7375,1
Train,7376,8
Train,7377,0
Train,7378,1
Train,7379,1
Train,7380,2
Train,7381,1
Train,7382,4
Train,7383,4
Train,7384,8
Train,7385,7
Train,7386,4
Train,7387,8
Train,7388,6
Train,7389,3
Train,7390,1
Train,7391,9
Train,7392,6
Train,7393,6
Train,7394,4
Train,7395,4
Train,7396,0
Train,7397,2
Train,7398,5
Train,7399,9
Train,7400,7
Train,7401,1
Train,7402,7
Train,7403,6
Train,7404,4
Train,7405,7
Train,7406,5
Train,7407,4
Train,7408,1
Train,7409,0
Train,7410,2
Train,7411,3
Train,7412,3
Train,7413,8
Train,7414,9
Train,7415,9
Train,7416,7
Train,7417,5
Train,7418,9
Train,7419,9
Train,7420,7
Train,7421,9
Train,7422,6
Train,7423,0
Train,7424,4
Train,7425,5
Train,7426,3
Train,7427,3
Train,7428,1
Train,7429,5
Train,7430,1
Train,7431,8
Train,7432,3
Train,7433,8
Train,7434,0
Train,7435,5
Train,7436,4
Train,7437,8
Train,7438,1
Train,7439,3
Train,7440,8
Train,7441,9
Train,7442,1
Train,7443,8
Train,7444,0
Train,7445,0
Train,7446,5
Train,7447,8
Train,7448,1
Train,7449,2
Train,7450,7
Train,7451,8
Train,7452,2
Train,7453,9
Train,7454,5
Train,7455,8
Train,7456,9
Train,7457,9
Train,7458,6
Train,7459,4
Train,7460,3
Train,7461,9
Train,7462,0
Train,7463,7
Train,7464,0
Train,7465,2
Train,7466,2
Train,7467,3
Train,7468,8
Train,7469,3
Train,7470,0
Train,7471,9
Train,7472,5
Train,7473,6
Train,7474,3
Train,7475,1
Train,7476,5
Train,7477,2
Train,7478,3
Train,7479,9
Train,7480,2
Train,7481,6
Train,7482,7
Train,7483,3
Train,7484,8
Train,7485,3
Train,7486,6
Train,7487,3
Train,7488,7
Train,7489,3
Train,7490,0
Train,7491,6
Train,7492,3
Train,7493,3
Train,7494,9
Train,7495,1
Train,7496,8
Train,7497,8
Train,7498,3
Train,7499,8
Train,7500,3
Train,7501,3
Train,7502,0
Train,7503,1
Train,7504,0
Train,7505,0
Train,7506,7
Train,7507,8
Train,7508,8
Train,7509,0
Train,7510,5
Train,7511,0
Train,7512,9
Train,7513,1
Train,7514,8
Train,7515,5
Train,7516,6
Train,7517,3
Train,7518,5
Train,7519,3
Train,7520,0
Train,7521,2
Train,7522,2
Train,7523,8
Train,7524,6
Train,7525,2
Train,7526,9
Train,7527,0
Train,7528,0
Train,7529,1
Train,7530,0
Train,7531,4
Train,7532,3
Train,7533,3
Train,7534,8
Train,7535,8
Train,7536,4
Train,7537,0
Train,7538,6
Train,7539,3
Train,7540,1
Train,7541,6
Train,7542,2
Train,7543,0
Train,7544,7
Train,7545,5
Train,7546,7
Train,7547,0
Train,7548,1
Train,7549,6
Train,7550,0
Train,7551,3
Train,7552,2
Train,7553,6
Train,7554,9
Train,7555,2
Train,7556,9
Train,7557,4
Train,7558,7
Train,7559,4
Train,7560,5
Train,7561,8
Train,7562,5
Train,7563,4
Train,7564,7
Train,7565,7
Train,7566,3
Train,7567,3
Train,7568,7
Train,7569,8
Train,7570,9
Train,7571,9
Train,7572,1
Train,7573,0
Train,7574,4
Train,7575,6
Train,7576,2
Train,7577,7
Train,7578,5
Train,7579,1
Train,7580,8
Train,7581,0
Train,7582,7
Train,7583,9
Train,7584,3
Train,7585,4
Train,7586,2
Train,7587,1
Train,7588,0
Train,7589,2
Train,7590,5
Train,7591,6
Train,7592,0
Train,7593,3
Train,7594,9
Train,7595,4
Train,7596,2
Train,7597,1
Train,7598,7
Train,7599,0
Train,7600,1
Train,7601,5
Train,7602,4
Train,7603,3
Train,7604,7
Train,7605,1
Train,7606,7
Train,7607,1
Train,7608,9
Train,7609,7
Train,7610,8
Train,7611,7
Train,7612,0
Train,7613,7
Train,7614,8
Train,7615,3
Train,7616,2
Train,7617,8
Train,7618,7
Train,7619,4
Train,7620,5
Train,7621,7
Train,7622,1
Train,7623,4
Train,7624,7
Train,7625,4
Train,7626,4
Train,7627,8
Train,7628,9
Train,7629,9
Train,7630,8
Train,7631,0
Train,7632,6
Train,7633,2
Train,7634,4
Train,7635,2
Train,7636,4
Train,7637,7
Train,7638,6
Train,7639,8
Train,7640,1
Train,7641,7
Train,7642,4
Train,7643,0
Train,7644,2
Train,7645,9
Train,7646,8
Train,7647,0
Train,7648,6
Train,7649,1
Train,7650,6
Train,7651,3
Train,7652,9
Train,7653,2
Train,7654,0
Train,7655,0
Train,7656,4
Train,7657,9
Train,7658,2
Train,7659,1
Train,7660,0
Train,7661,2
Train,7662,2
Train,7663,0
Train,7664,2
Train,7665,3
Train,7666,7
Train,7667,3
Train,7668,8
Train,7669,6
Train,7670,4
Train,7671,3
Train,7672,7
Train,7673,1
Train,7674,0
Train,7675,6
Train,7676,4
Train,7677,5
Train,7678,8
Train,7679,5
Train,7680,3
Train,7681,3
Train,7682,7
Train,7683,1
Train,7684,7
Train,7685,5
Train,7686,7
Train,7687,9
Train,7688,2
Train,7689,3
Train,7690,4
Train,7691,9
Train,7692,9
Train,7693,8
Train,7694,9
Train,7695,8
Train,7696,2
Train,7697,5
Train,7698,9
Train,7699,5
Train,7700,0
Train,7701,6
Train,7702,8
Train,7703,9
Train,7704,9
Train,7705,6
Train,7706,1
Train,7707,1
Train,7708,9
Train,7709,1
Train,7710,6
Train,7711,9
Train,7712,4
Train,7713,2
Train,7714,2
Train,7715,6
Train,7716,8
Train,7717,7
Train,7718,1
Train,7719,3
Train,7720,6
Train,7721,1
Train,7722,1
Train,7723,1
Train,7724,5
Train,7725,7
Train,7726,5
Train,7727,0
Train,7728,1
Train,7729,5
Train,7730,8
Train,7731,0
Train,7732,6
Train,7733,4
Train,7734,3
Train,7735,1
Train,7736,7
Train,7737,8
Train,7738,1
Train,7739,2
Train,7740,1
Train,7741,2
Train,7742,5
Train,7743,4
Train,7744,8
Train,7745,2
Train,7746,9
Train,7747,0
Train,7748,8
Train,7749,3
Train,7750,5
Train,7751,4
Train,7752,9
Train,7753,3
Train,7754,6
Train,7755,5
Train,7756,7
Train,7757,0
Train,7758,7
Train,7759,9
Train,7760,9
Train,7761,2
Train,7762,6
Train,7763,9
Train,7764,9
Train,7765,3
Train,7766,2
Train,7767,4
Train,7768,3
Train,7769,5
Train,7770,0
Train,7771,3
Train,7772,0
Train,7773,5
Train,7774,1
Train,7775,4
Train,7776,5
Train,7777,1
Train,7778,1
Train,7779,5
Train,7780,5
Train,7781,7
Train,7782,0
Train,7783,2
Train,7784,0
Train,7785,5
Train,7786,9
Train,7787,4
Train,7788,0
Train,7789,3
Train,7790,8
Train,7791,9
Train,7792,0
Train,7793,9
Train,7794,8
Train,7795,6
Train,7796,1
Train,7797,2
Train,7798,7
Train,7799,6
Train,7800,7
Train,7801,0
Train,7802,3
Train,7803,3
Train,7804,3
Train,7805,0
Train,7806,6
Train,7807,2
Train,7808,0
Train,7809,7
Train,7810,0
Train,7811,4
Train,7812,3
Train,7813,7
Train,7814,3
Train,7815,5
Train,7816,7
Train,7817,7
Train,7818,4
Train,7819,7
Train,7820,6
Train,7821,1
Train,7822,4
Train,7823,6
Train,7824,6
Train,7825,6
Train,7826,0
Train,7827,1
Train,7828,4
Train,7829,7
Train,7830,7
Train,7831,7
Train,7832,1
Train,7833,7
Train,7834,8
Train,7835,3
Train,7836,7
Train,7837,3
Train,7838,9
Train,7839,3
Train,7840,2
Train,7841,1
Train,7842,0
Train,7843,6
Train,7844,2
Train,7845,7
Train,7846,5
Train,7847,0
Train,7848,6
Train,7849,7
Train,7850,2
Train,7851,4
Train,7852,3
Train,7853,2
Train,7854,9
Train,7855,4
Train,7856,9
Train,7857,8
Train,7858,2
Train,7859,0
Train,7860,6
Train,7861,1
Train,7862,1
Train,7863,7
Train,7864,5
Train,7865,0
Train,7866,6
Train,7867,6
Train,7868,2
Train,7869,3
Train,7870,5
Train,7871,8
Train,7872,3
Train,7873,5
Train,7874,7
Train,7875,1
Train,7876,8
Train,7877,2
Train,7878,2
Train,7879,1
Train,7880,4
Train,7881,6
Train,7882,2
Train,7883,0
Train,7884,1
Train,7885,7
Train,7886,8
Train,7887,1
Train,7888,2
Train,7889,0
Train,7890,2
Train,7891,9
Train,7892,9
Train,7893,3
Train,7894,7
Train,7895,7
Train,7896,4
Train,7897,2
Train,7898,0
Train,7899,6
Train,7900,8
Train,7901,5
Train,7902,9
Train,7903,4
Train,7904,9
Train,7905,2
Train,7906,3
Train,7907,0
Train,7908,5
Train,7909,3
Train,7910,4
Train,7911,6
Train,7912,1
Train,7913,1
Train,7914,0
Train,7915,1
Train,7916,6
Train,7917,9
Train,7918,6
Train,7919,2
Train,7920,9
Train,7921,5
Train,7922,7
Train,7923,7
Train,7924,3
Train,7925,0
Train,7926,5
Train,7927,6
Train,7928,3
Train,7929,2
Train,7930,0
Train,7931,3
Train,7932,3
Train,7933,4
Train,7934,8
Train,7935,5
Train,7936,1
Train,7937,6
Train,7938,5
Train,7939,7
Train,7940,7
Train,7941,8
Train,7942,2
Train,7943,9
Train,7944,9
Train,7945,7
Train,7946,3
Train,7947,8
Train,7948,2
Train,7949,8
Train,7950,6
Train,7951,2
Train,7952,2
Train,7953,1
Train,7954,4
Train,7955,7
Train,7956,4
Train,7957,4
Train,7958,6
Train,7959,6
Train,7960,9
Train,7961,7
Train,7962,2
Train,7963,4
Train,7964,6
Train,7965,0
Train,7966,8
Train,7967,6
Train,7968,6
Train,7969,7
Train,7970,0
Train,7971,0
Train,7972,0
Train,7973,8
Train,7974,2
Train,7975,6
Train,7976,6
Train,7977,1
Train,7978,5
Train,7979,0
Train,7980,9
Train,7981,5
Train,7982,6
Train,7983,1
Train,7984,4
Train,7985,0
Train,7986,7
Train,7987,3
Train,7988,1
Train,7989,7
Train,7990,9
Train,7991,0
Train,7992,1
Train,7993,6
Train,7994,6
Train,7995,8
Train,7996,8
Train,7997,3
Train,7998,0
Train,7999,3
Train,8000,3
Train,8001,1
Train,8002,6
Train,8003,9
Train,8004,4
Train,8005,8
Train,8006,8
Train,8007,8
Train,8008,6
Train,8009,6
Train,8010,2
Train,8011,3
Train,8012,9
Train,8013,3
Train,8014,8
Train,8015,6
Train,8016,2
Train,8017,2
Train,8018,0
Train,8019,2
Train,8020,5
Train,8021,6
Train,8022,8
Train,8023,0
Train,8024,2
Train,8025,2
Train,8026,8
Train,8027,8
Train,8028,3
Train,8029,3
Train,8030,3
Train,8031,8
Train,8032,2
Train,8033,6
Train,8034,6
Train,8035,1
Train,8036,7
Train,8037,2
Train,8038,7
Train,8039,5
Train,8040,5
Train,8041,3
Train,8042,8
Train,8043,2
Train,8044,0
Train,8045,8
Train,8046,4
Train,8047,4
Train,8048,8
Train,8049,4
Train,8050,5
Train,8051,5
Train,8052,7
Train,8053,6
Train,8054,3
Train,8055,2
Train,8056,3
Train,8057,8
Train,8058,1
Train,8059,1
Train,8060,6
Train,8061,9
Train,8062,0
Train,8063,6
Train,8064,7
Train,8065,2
Train,8066,4
Train,8067,3
Train,8068,4
Train,8069,6
Train,8070,8
Train,8071,6
Train,8072,0
Train,8073,8
Train,8074,8
Train,8075,9
Train,8076,7
Train,8077,2
Train,8078,7
Train,8079,0
Train,8080,4
Train,8081,2
Train,8082,3
Train,8083,0
Train,8084,6
Train,8085,1
Train,8086,0
Train,8087,9
Train,8088,3
Train,8089,9
Train,8090,1
Train,8091,6
Train,8092,2
Train,8093,1
Train,8094,1
Train,8095,1
Train,8096,0
Train,8097,0
Train,8098,0
Train,8099,0
Train,8100,2
Train,8101,3
Train,8102,0
Train,8103,9
Train,8104,3
Train,8105,3
Train,8106,7
Train,8107,1
Train,8108,6
Train,8109,7
Train,8110,9
Train,8111,8
Train,8112,2
Train,8113,8
Train,8114,4
Train,8115,7
Train,8116,0
Train,8117,4
Train,8118,0
Train,8119,1
Train,8120,8
Train,8121,2
Train,8122,3
Train,8123,8
Train,8124,1
Train,8125,9
Train,8126,9
Train,8127,1
Train,8128,6
Train,8129,7
Train,8130,1
Train,8131,4
Train,8132,0
Train,8133,3
Train,8134,5
Train,8135,1
Train,8136,0
Train,8137,4
Train,8138,8
Train,8139,3
Train,8140,5
Train,8141,9
Train,8142,7
Train,8143,4
Train,8144,2
Train,8145,9
Train,8146,9
Train,8147,0
Train,8148,2
Train,8149,1
Train,8150,8
Train,8151,3
Train,8152,9
Train,8153,3
Train,8154,5
Train,8155,0
Train,8156,5
Train,8157,2
Train,8158,3
Train,8159,9
Train,8160,0
Train,8161,3
Train,8162,3
Train,8163,8
Train,8164,3
Train,8165,2
Train,8166,2
Train,8167,5
Train,8168,8
Train,8169,2
Train,8170,6
Train,8171,6
Train,8172,2
Train,8173,2
Train,8174,1
Train,8175,1
Train,8176,7
Train,8177,4
Train,8178,2
Train,8179,3
Train,8180,8
Train,8181,1
Train,8182,2
Train,8183,3
Train,8184,4
Train,8185,0
Train,8186,2
Train,8187,7
Train,8188,5
Train,8189,1
Train,8190,0
Train,8191,1
Train,8192,2
Train,8193,3
Train,8194,6
Train,8195,2
Train,8196,5
Train,8197,1
Train,8198,5
Train,8199,0
Train,8200,0
Train,8201,1
Train,8202,7
Train,8203,7
Train,8204,5
Train,8205,5
Train,8206,6
Train,8207,0
Train,8208,4
Train,8209,0
Train,8210,3
Train,8211,8
Train,8212,6
Train,8213,9
Train,8214,8
Train,8215,6
Train,8216,1
Train,8217,0
Train,8218,2
Train,8219,2
Train,8220,6
Train,8221,1
Train,8222,8
Train,8223,5
Train,8224,3
Train,8225,1
Train,8226,9
Train,8227,1
Train,8228,1
Train,8229,8
Train,8230,5
Train,8231,6
Train,8232,1
Train,8233,4
Train,8234,2
Train,8235,8
Train,8236,4
Train,8237,2
Train,8238,7
Train,8239,5
Train,8240,5
Train,8241,8
Train,8242,0
Train,8243,5
Train,8244,1
Train,8245,9
Train,8246,3
Train,8247,4
Train,8248,8
Train,8249,0
Train,8250,8
Train,8251,3
Train,8252,5
Train,8253,6
Train,8254,4
Train,8255,3
Train,8256,6
Train,8257,4
Train,8258,0
Train,8259,3
Train,8260,4
Train,8261,5
Train,8262,3
Train,8263,4
Train,8264,2
Train,8265,5
Train,8266,3
Train,8267,8
Train,8268,0
Train,8269,5
Train,8270,8
Train,8271,4
Train,8272,0
Train,8273,8
Train,8274,5
Train,8275,2
Train,8276,5
Train,8277,7
Train,8278,8
Train,8279,4
Train,8280,2
Train,8281,9
Train,8282,5
Train,8283,8
Train,8284,8
Train,8285,3
Train,8286,3
Train,8287,5
Train,8288,3
Train,8289,4
Train,8290,9
Train,8291,5
Train,8292,0
Train,8293,6
Train,8294,1
Train,8295,9
Train,8296,0
Train,8297,0
Train,8298,9
Train,8299,7
Train,8300,1
Train,8301,8
Train,8302,3
Train,8303,9
Train,8304,2
Train,8305,1
Train,8306,7
Train,8307,1
Train,8308,9
Train,8309,6
Train,8310,9
Train,8311,7
Train,8312,7
Train,8313,0
Train,8314,2
Train,8315,7
Train,8316,7
Train,8317,9
Train,8318,9
Train,8319,3
Train,8320,5
Train,8321,2
Train,8322,2
Train,8323,9
Train,8324,2
Train,8325,5
Train,8326,5
Train,8327,9
Train,8328,5
Train,8329,8
Train,8330,3
Train,8331,4
Train,8332,1
Train,8333,2
Train,8334,5
Train,8335,6
Train,8336,3
Train,8337,8
Train,8338,4
Train,8339,1
Train,8340,2
Train,8341,2
Train,8342,0
Train,8343,7
Train,8344,6
Train,8345,7
Train,8346,1
Train,8347,2
Train,8348,8
Train,8349,3
Train,8350,1
Train,8351,7
Train,8352,4
Train,8353,5
Train,8354,9
Train,8355,0
Train,8356,3
Train,8357,7
Train,8358,8
Train,8359,0
Train,8360,7
Train,8361,4
Train,8362,2
Train,8363,6
Train,8364,9
Train,8365,0
Train,8366,2
Train,8367,7
Train,8368,4
Train,8369,7
Train,8370,3
Train,8371,1
Train,8372,7
Train,8373,5
Train,8374,1
Train,8375,4
Train,8376,0
Train,8377,2
Train,8378,4
Train,8379,4
Train,8380,3
Train,8381,3
Train,8382,0
Train,8383,0
Train,8384,8
Train,8385,3
Train,8386,3
Train,8387,0
Train,8388,9
Train,8389,1
Train,8390,7
Train,8391,7
Train,8392,0
Train,8393,6
Train,8394,9
Train,8395,2
Train,8396,4
Train,8397,8
Train,8398,5
Train,8399,8
Train,8400,5
Train,8401,8
Train,8402,9
Train,8403,4
Train,8404,4
Train,8405,4
Train,8406,8
Train,8407,5
Train,8408,3
Train,8409,7
Train,8410,0
Train,8411,2
Train,8412,5
Train,8413,9
Train,8414,8
Train,8415,4
Train,8416,9
Train,8417,4
Train,8418,2
Train,8419,1
Train,8420,3
Train,8421,0
Train,8422,3
Train,8423,4
Train,8424,8
Train,8425,0
Train,8426,1
Train,8427,1
Train,8428,9
Train,8429,8
Train,8430,7
Train,8431,6
Train,8432,1
Train,8433,6
Train,8434,3
Train,8435,9
Train,8436,6
Train,8437,0
Train,8438,2
Train,8439,9
Train,8440,2
Train,8441,9
Train,8442,6
Train,8443,0
Train,8444,0
Train,8445,8
Train,8446,6
Train,8447,4
Train,8448,9
Train,8449,1
Train,8450,1
Train,8451,0
Train,8452,5
Train,8453,0
Train,8454,2
Train,8455,8
Train,8456,4
Train,8457,5
Train,8458,9
Train,8459,2
Train,8460,6
Train,8461,7
Train,8462,4
Train,8463,5
Train,8464,5
Train,8465,7
Train,8466,6
Train,8467,3
Train,8468,8
Train,8469,7
Train,8470,9
Train,8471,8
Train,8472,4
Train,8473,4
Train,8474,6
Train,8475,1
Train,8476,1
Train,8477,2
Train,8478,0
Train,8479,9
Train,8480,1
Train,8481,7
Train,8482,2
Train,8483,8
Train,8484,8
Train,8485,2
Train,8486,1
Train,8487,4
Train,8488,4
Train,8489,8
Train,8490,4
Train,8491,4
Train,8492,6
Train,8493,9
Train,8494,5
Train,8495,8
Train,8496,5
Train,8497,5
Train,8498,7
Train,8499,7
Train,8500,5
Train,8501,9
Train,8502,5
Train,8503,3
Train,8504,4
Train,8505,9
Train,8506,9
Train,8507,3
Train,8508,7
Train,8509,6
Train,8510,9
Train,8511,5
Train,8512,8
Train,8513,6
Train,8514,6
Train,8515,0
Train,8516,7
Train,8517,9
Train,8518,2
Train,8519,8
Train,8520,3
Train,8521,7
Train,8522,0
Train,8523,4
Train,8524,0
Train,8525,8
Train,8526,8
Train,8527,6
Train,8528,2
Train,8529,1
Train,8530,2
Train,8531,8
Train,8532,9
Train,8533,7
Train,8534,2
Train,8535,0
Train,8536,2
Train,8537,7
Train,8538,6
Train,8539,9
Train,8540,1
Train,8541,4
Train,8542,8
Train,8543,2
Train,8544,8
Train,8545,6
Train,8546,7
Train,8547,1
Train,8548,1
Train,8549,0
Train,8550,1
Train,8551,4
Train,8552,6
Train,8553,0
Train,8554,4
Train,8555,7
Train,8556,1
Train,8557,6
Train,8558,0
Train,8559,1
Train,8560,9
Train,8561,9
Train,8562,8
Train,8563,1
Train,8564,6
Train,8565,9
Train,8566,1
Train,8567,9
Train,8568,9
Train,8569,0
Train,8570,1
Train,8571,1
Train,8572,7
Train,8573,1
Train,8574,8
Train,8575,9
Train,8576,1
Train,8577,0
Train,8578,0
Train,8579,5
Train,8580,7
Train,8581,4
Train,8582,4
Train,8583,6
Train,8584,5
Train,8585,2
Train,8586,5
Train,8587,9
Train,8588,8
Train,8589,6
Train,8590,5
Train,8591,5
Train,8592,3
Train,8593,7
Train,8594,8
Train,8595,7
Train,8596,7
Train,8597,6
Train,8598,3
Train,8599,3
Train,8600,1
Train,8601,5
Train,8602,9
Train,8603,6
Train,8604,7
Train,8605,7
Train,8606,3
Train,8607,1
Train,8608,7
Train,8609,3
Train,8610,2
Train,8611,6
Train,8612,6
Train,8613,9
Train,8614,8
Train,8615,7
Train,8616,2
Train,8617,6
Train,8618,8
Train,8619,7
Train,8620,7
Train,8621,5
Train,8622,1
Train,8623,0
Train,8624,7
Train,8625,1
Train,8626,7
Train,8627,2
Train,8628,1
Train,8629,3
Train,8630,4
Train,8631,4
Train,8632,9
Train,8633,6
Train,8634,2
Train,8635,3
Train,8636,8
Train,8637,8
Train,8638,0
Train,8639,4
Train,8640,7
Train,8641,2
Train,8642,7
Train,8643,7
Train,8644,9
Train,8645,3
Train,8646,7
Train,8647,6
Train,8648,8
Train,8649,3
Train,8650,9
Train,8651,6
Train,8652,4
Train,8653,7
Train,8654,4
Train,8655,0
Train,8656,3
Train,8657,8
Train,8658,9
Train,8659,7
Train,8660,0
Train,8661,0
Train,8662,5
Train,8663,0
Train,8664,7
Train,8665,8
Train,8666,8
Train,8667,1
Train,8668,8
Train,8669,2
Train,8670,9
Train,8671,5
Train,8672,8
Train,8673,9
Train,8674,5
Train,8675,5
Train,8676,2
Train,8677,4
Train,8678,8
Train,8679,6
Train,8680,3
Train,8681,7
Train,8682,2
Train,8683,5
Train,8684,5
Train,8685,0
Train,8686,3
Train,8687,7
Train,8688,4
Train,8689,8
Train,8690,1
Train,8691,5
Train,8692,1
Train,8693,1
Train,8694,7
Train,8695,0
Train,8696,1
Train,8697,6
Train,8698,7
Train,8699,6
Train,8700,8
Train,8701,4
Train,8702,0
Train,8703,6
Train,8704,6
Train,8705,4
Train,8706,2
Train,8707,8
Train,8708,7
Train,8709,6
Train,8710,3
Train,8711,3
Train,8712,7
Train,8713,2
Train,8714,3
Train,8715,8
Train,8716,9
Train,8717,8
Train,8718,7
Train,8719,7
Train,8720,4
Train,8721,8
Train,8722,3
Train,8723,8
Train,8724,7
Train,8725,9
Train,8726,2
Train,8727,9
Train,8728,9
Train,8729,1
Train,8730,5
Train,8731,5
Train,8732,4
Train,8733,0
Train,8734,6
Train,8735,1
Train,8736,2
Train,8737,6
Train,8738,3
Train,8739,3
Train,8740,2
Train,8741,0
Train,8742,5
Train,8743,9
Train,8744,7
Train,8745,7
Train,8746,0
Train,8747,5
Train,8748,0
Train,8749,9
Train,8750,2
Train,8751,7
Train,8752,7
Train,8753,0
Train,8754,9
Train,8755,5
Train,8756,5
Train,8757,1
Train,8758,9
Train,8759,0
Train,8760,3
Train,8761,3
Train,8762,9
Train,8763,6
Train,8764,7
Train,8765,4
Train,8766,8
Train,8767,2
Train,8768,5
Train,8769,8
Train,8770,2
Train,8771,1
Train,8772,4
Train,8773,9
Train,8774,0
Train,8775,8
Train,8776,2
Train,8777,4
Train,8778,0
Train,8779,1
Train,8780,2
Train,8781,3
Train,8782,0
Train,8783,9
Train,8784,4
Train,8785,8
Train,8786,3
Train,8787,8
Train,8788,9
Train,8789,2
Train,8790,3
Train,8791,1
Train,8792,4
Train,8793,5
Train,8794,1
Train,8795,5
Train,8796,1
Train,8797,0
Train,8798,2
Train,8799,5
Train,8800,2
Train,8801,1
Train,8802,8
Train,8803,6
Train,8804,4
Train,8805,5
Train,8806,0
Train,8807,9
Train,8808,3
Train,8809,1
Train,8810,0
Train,8811,9
Train,8812,1
Train,8813,0
Train,8814,7
Train,8815,6
Train,8816,6
Train,8817,7
Train,8818,7
Train,8819,2
Train,8820,6
Train,8821,9
Train,8822,3
Train,8823,4
Train,8824,5
Train,8825,1
Train,8826,9
Train,8827,6
Train,8828,6
Train,8829,4
Train,8830,8
Train,8831,8
Train,8832,6
Train,8833,0
Train,8834,4
Train,8835,9
Train,8836,5
Train,8837,9
Train,8838,9
Train,8839,3
Train,8840,9
Train,8841,9
Train,8842,0
Train,8843,2
Train,8844,2
Train,8845,7
Train,8846,3
Train,8847,5
Train,8848,1
Train,8849,0
Train,8850,9
Train,8851,5
Train,8852,8
Train,8853,0
Train,8854,8
Train,8855,1
Train,8856,1
Train,8857,0
Train,8858,0
Train,8859,7
Train,8860,4
Train,8861,8
Train,8862,2
Train,8863,3
Train,8864,3
Train,8865,2
Train,8866,5
Train,8867,6
Train,8868,0
Train,8869,1
Train,8870,8
Train,8871,2
Train,8872,6
Train,8873,6
Train,8874,2
Train,8875,1
Train,8876,3
Train,8877,6
Train,8878,5
Train,8879,8
Train,8880,3
Train,8881,2
Train,8882,0
Train,8883,8
Train,8884,1
Train,8885,7
Train,8886,9
Train,8887,7
Train,8888,2
Train,8889,0
Train,8890,4
Train,8891,6
Train,8892,8
Train,8893,1
Train,8894,5
Train,8895,7
Train,8896,9
Train,8897,7
Train,8898,0
Train,8899,4
Train,8900,1
Train,8901,7
Train,8902,5
Train,8903,8
Train,8904,7
Train,8905,4
Train,8906,8
Train,8907,7
Train,8908,3
Train,8909,7
Train,8910,4
Train,8911,4
Train,8912,0
Train,8913,4
Train,8914,7
Train,8915,4
Train,8916,3
Train,8917,5
Train,8918,3
Train,8919,8
Train,8920,1
Train,8921,7
Train,8922,8
Train,8923,5
Train,8924,7
Train,8925,0
Train,8926,8
Train,8927,7
Train,8928,5
Train,8929,5
Train,8930,4
Train,8931,7
Train,8932,1
Train,8933,9
Train,8934,0
Train,8935,5
Train,8936,2
Train,8937,6
Train,8938,1
Train,8939,4
Train,8940,8
Train,8941,0
Train,8942,6
Train,8943,3
Train,8944,1
Train,8945,9
Train,8946,7
Train,8947,3
Train,8948,5
Train,8949,6
Train,8950,6
Train,8951,9
Train,8952,8
Train,8953,0
Train,8954,5
Train,8955,9
Train,8956,6
Train,8957,2
Train,8958,6
Train,8959,9
Train,8960,5
Train,8961,8
Train,8962,3
Train,8963,0
Train,8964,5
Train,8965,1
Train,8966,7
Train,8967,2
Train,8968,8
Train,8969,0
Train,8970,4
Train,8971,0
Train,8972,8
Train,8973,1
Train,8974,3
Train,8975,9
Train,8976,7
Train,8977,1
Train,8978,3
Train,8979,6
Train,8980,7
Train,8981,4
Train,8982,8
Train,8983,6
Train,8984,7
Train,8985,5
Train,8986,3
Train,8987,4
Train,8988,3
Train,8989,5
Train,8990,2
Train,8991,6
Train,8992,9
Train,8993,5
Train,8994,0
Train,8995,1
Train,8996,7
Train,8997,4
Train,8998,8
Train,8999,9
Train,9000,4
Train,9001,2
Train,9002,2
Train,9003,9
Train,9004,0
Train,9005,3
Train,9006,3
Train,9007,1
Train,9008,3
Train,9009,0
Train,9010,4
Train,9011,2
Train,9012,1
Train,9013,4
Train,9014,0
Train,9015,8
Train,9016,2
Train,9017,1
Train,9018,4
Train,9019,4
Train,9020,3
Train,9021,6
Train,9022,6
Train,9023,8
Train,9024,3
Train,9025,9
Train,9026,9
Train,9027,9
Train,9028,9
Train,9029,6
Train,9030,5
Train,9031,0
Train,9032,8
Train,9033,2
Train,9034,3
Train,9035,5
Train,9036,9
Train,9037,8
Train,9038,2
Train,9039,8
Train,9040,3
Train,9041,4
Train,9042,1
Train,9043,1
Train,9044,7
Train,9045,6
Train,9046,9
Train,9047,2
Train,9048,1
Train,9049,4
Train,9050,6
Train,9051,3
Train,9052,3
Train,9053,2
Train,9054,1
Train,9055,8
Train,9056,1
Train,9057,0
Train,9058,0
Train,9059,0
Train,9060,3
Train,9061,4
Train,9062,0
Train,9063,8
Train,9064,0
Train,9065,9
Train,9066,1
Train,9067,2
Train,9068,8
Train,9069,0
Train,9070,1
Train,9071,7
Train,9072,7
Train,9073,3
Train,9074,4
Train,9075,7
Train,9076,8
Train,9077,0
Train,9078,2
Train,9079,7
Train,9080,1
Train,9081,3
Train,9082,7
Train,9083,4
Train,9084,6
Train,9085,1
Train,9086,7
Train,9087,6
Train,9088,1
Train,9089,2
Train,9090,6
Train,9091,9
Train,9092,8
Train,9093,2
Train,9094,0
Train,9095,1
Train,9096,0
Train,9097,9
Train,9098,6
Train,9099,5
Train,9100,3
Train,9101,2
Train,9102,4
Train,9103,6
Train,9104,5
Train,9105,4
Train,9106,9
Train,9107,3
Train,9108,8
Train,9109,8
Train,9110,7
Train,9111,3
Train,9112,6
Train,9113,1
Train,9114,2
Train,9115,9
Train,9116,8
Train,9117,8
Train,9118,1
Train,9119,0
Train,9120,3
Train,9121,0
Train,9122,8
Train,9123,0
Train,9124,0
Train,9125,6
Train,9126,6
Train,9127,1
Train,9128,3
Train,9129,3
Train,9130,6
Train,9131,6
Train,9132,5
Train,9133,7
Train,9134,5
Train,9135,3
Train,9136,8
Train,9137,2
Train,9138,1
Train,9139,9
Train,9140,0
Train,9141,4
Train,9142,6
Train,9143,9
Train,9144,2
Train,9145,3
Train,9146,9
Train,9147,4
Train,9148,1
Train,9149,4
Train,9150,2
Train,9151,2
Train,9152,3
Train,9153,4
Train,9154,8
Train,9155,4
Train,9156,3
Train,9157,0
Train,9158,6
Train,9159,8
Train,9160,8
Train,9161,6
Train,9162,2
Train,9163,3
Train,9164,3
Train,9165,7
Train,9166,3
Train,9167,5
Train,9168,2
Train,9169,9
Train,9170,6
Train,9171,0
Train,9172,2
Train,9173,3
Train,9174,5
Train,9175,2
Train,9176,4
Train,9177,9
Train,9178,5
Train,9179,1
Train,9180,6
Train,9181,0
Train,9182,3
Train,9183,3
Train,9184,7
Train,9185,3
Train,9186,7
Train,9187,9
Train,9188,8
Train,9189,1
Train,9190,5
Train,9191,2
Train,9192,8
Train,9193,0
Train,9194,2
Train,9195,9
Train,9196,5
Train,9197,6
Train,9198,6
Train,9199,2
Train,9200,6
Train,9201,7
Train,9202,4
Train,9203,2
Train,9204,4
Train,9205,5
Train,9206,8
Train,9207,7
Train,9208,6
Train,9209,1
Train,9210,1
Train,9211,9
Train,9212,5
Train,9213,9
Train,9214,7
Train,9215,2
Train,9216,1
Train,9217,2
Train,9218,9
Train,9219,6
Train,9220,8
Train,9221,0
Train,9222,3
Train,9223,7
Train,9224,7
Train,9225,7
Train,9226,8
Train,9227,2
Train,9228,3
Train,9229,9
Train,9230,0
Train,9231,4
Train,9232,1
Train,9233,6
Train,9234,4
Train,9235,5
Train,9236,0
Train,9237,6
Train,9238,6
Train,9239,7
Train,9240,2
Train,9241,6
Train,9242,9
Train,9243,7
Train,9244,9
Train,9245,6
Train,9246,6
Train,9247,1
Train,9248,3
Train,9249,2
Train,9250,4
Train,9251,1
Train,9252,1
Train,9253,0
Train,9254,4
Train,9255,2
Train,9256,6
Train,9257,0
Train,9258,8
Train,9259,4
Train,9260,4
Train,9261,9
Train,9262,8
Train,9263,1
Train,9264,5
Train,9265,8
Train,9266,1
Train,9267,1
Train,9268,8
Train,9269,8
Train,9270,9
Train,9271,7
Train,9272,2
Train,9273,4
Train,9274,5
Train,9275,6
Train,9276,4
Train,9277,9
Train,9278,6
Train,9279,7
Train,9280,5
Train,9281,0
Train,9282,8
Train,9283,3
Train,9284,5
Train,9285,4
Train,9286,5
Train,9287,0
Train,9288,5
Train,9289,0
Train,9290,2
Train,9291,3
Train,9292,0
Train,9293,3
Train,9294,7
Train,9295,5
Train,9296,0
Train,9297,2
Train,9298,3
Train,9299,2
Train,9300,3
Train,9301,5
Train,9302,9
Train,9303,6
Train,9304,3
Train,9305,3
Train,9306,8
Train,9307,3
Train,9308,9
Train,9309,1
Train,9310,7
Train,9311,3
Train,9312,0
Train,9313,2
Train,9314,0
Train,9315,7
Train,9316,5
Train,9317,1
Train,9318,1
Train,9319,2
Train,9320,6
Train,9321,6
Train,9322,1
Train,9323,6
Train,9324,8
Train,9325,0
Train,9326,8
Train,9327,1
Train,9328,0
Train,9329,7
Train,9330,2
Train,9331,7
Train,9332,3
Train,9333,2
Train,9334,3
Train,9335,1
Train,9336,9
Train,9337,5
Train,9338,3
Train,9339,6
Train,9340,9
Train,9341,2
Train,9342,4
Train,9343,3
Train,9344,8
Train,9345,3
Train,9346,8
Train,9347,7
Train,9348,2
Train,9349,4
Train,9350,2
Train,9351,8
Train,9352,4
Train,9353,4
Train,9354,2
Train,9355,5
Train,9356,6
Train,9357,3
Train,9358,9
Train,9359,4
Train,9360,6
Train,9361,7
Train,9362,0
Train,9363,4
Train,9364,4
Train,9365,1
Train,9366,8
Train,9367,6
Train,9368,2
Train,9369,7
Train,9370,4
Train,9371,3
Train,9372,1
Train,9373,0
Train,9374,7
Train,9375,0
Train,9376,9
Train,9377,5
Train,9378,8
Train,9379,0
Train,9380,1
Train,9381,6
Train,9382,9
Train,9383,5
Train,9384,0
Train,9385,0
Train,9386,2
Train,9387,8
Train,9388,5
Train,9389,4
Train,9390,0
Train,9391,5
Train,9392,1
Train,9393,3
Train,9394,3
Train,9395,4
Train,9396,9
Train,9397,5
Train,9398,3
Train,9399,3
Train,9400,1
Train,9401,0
Train,9402,1
Train,9403,2
Train,9404,2
Train,9405,3
Train,9406,6
Train,9407,1
Train,9408,2
Train,9409,7
Train,9410,8
Train,9411,1
Train,9412,9
Train,9413,0
Train,9414,6
Train,9415,8
Train,9416,6
Train,9417,0
Train,9418,8
Train,9419,9
Train,9420,2
Train,9421,3
Train,9422,7
Train,9423,6
Train,9424,2
Train,9425,9
Train,9426,8
Train,9427,8
Train,9428,6
Train,9429,3
Train,9430,0
Train,9431,6
Train,9432,9
Train,9433,5
Train,9434,9
Train,9435,0
Train,9436,7
Train,9437,2
Train,9438,0
Train,9439,1
Train,9440,2
Train,9441,4
Train,9442,1
Train,9443,7
Train,9444,5
Train,9445,5
Train,9446,2
Train,9447,9
Train,9448,2
Train,9449,0
Train,9450,5
Train,9451,7
Train,9452,4
Train,9453,7
Train,9454,7
Train,9455,2
Train,9456,7
Train,9457,6
Train,9458,5
Train,9459,1
Train,9460,5
Train,9461,9
Train,9462,7
Train,9463,2
Train,9464,0
Train,9465,8
Train,9466,9
Train,9467,8
Train,9468,6
Train,9469,8
Train,9470,5
Train,9471,0
Train,9472,7
Train,9473,7
Train,9474,8
Train,9475,2
Train,9476,1
Train,9477,6
Train,9478,1
Train,9479,3
Train,9480,1
Train,9481,6
Train,9482,6
Train,9483,8
Train,9484,2
Train,9485,3
Train,9486,7
Train,9487,9
Train,9488,8
Train,9489,3
Train,9490,8
Train,9491,5
Train,9492,7
Train,9493,0
Train,9494,1
Train,9495,0
Train,9496,7
Train,9497,4
Train,9498,2
Train,9499,0
Train,9500,4
Train,9501,9
Train,9502,4
Train,9503,2
Train,9504,7
Train,9505,7
Train,9506,4
Train,9507,4
Train,9508,1
Train,9509,1
Train,9510,0
Train,9511,9
Train,9512,0
Train,9513,9
Train,9514,8
Train,9515,6
Train,9516,4
Train,9517,7
Train,9518,2
Train,9519,2
Train,9520,2
Train,9521,6
Train,9522,0
Train,9523,2
Train,9524,1
Train,9525,0
Train,9526,2
Train,9527,8
Train,9528,4
Train,9529,4
Train,9530,6
Train,9531,5
Train,9532,9
Train,9533,0
Train,9534,1
Train,9535,1
Train,9536,8
Train,9537,5
Train,9538,1
Train,9539,1
Train,9540,8
Train,9541,9
Train,9542,0
Train,9543,6
Train,9544,4
Train,9545,8
Train,9546,4
Train,9547,5
Train,9548,7
Train,9549,1
Train,9550,4
Train,9551,6
Train,9552,2
Train,9553,2
Train,9554,6
Train,9555,8
Train,9556,2
Train,9557,9
Train,9558,2
Train,9559,2
Train,9560,7
Train,9561,1
Train,9562,4
Train,9563,5
Train,9564,3
Train,9565,1
Train,9566,0
Train,9567,8
Train,9568,4
Train,9569,4
Train,9570,3
Train,9571,7
Train,9572,8
Train,9573,9
Train,9574,3
Train,9575,6
Train,9576,1
Train,9577,2
Train,9578,1
Train,9579,2
Train,9580,2
Train,9581,7
Train,9582,1
Train,9583,1
Train,9584,1
Train,9585,2
Train,9586,5
Train,9587,7
Train,9588,2
Train,9589,2
Train,9590,7
Train,9591,3
Train,9592,4
Train,9593,4
Train,9594,5
Train,9595,1
Train,9596,0
Train,9597,2
Train,9598,9
Train,9599,8
Train,9600,3
Train,9601,9
Train,9602,1
Train,9603,2
Train,9604,0
Train,9605,5
Train,9606,9
Train,9607,5
Train,9608,9
Train,9609,3
Train,9610,1
Train,9611,0
Train,9612,3
Train,9613,3
Train,9614,0
Train,9615,4
Train,9616,0
Train,9617,8
Train,9618,4
Train,9619,0
Train,9620,1
Train,9621,7
Train,9622,5
Train,9623,8
Train,9624,3
Train,9625,6
Train,9626,9
Train,9627,8
Train,9628,7
Train,9629,2
Train,9630,8
Train,9631,2
Train,9632,3
Train,9633,4
Train,9634,5
Train,9635,2
Train,9636,6
Train,9637,7
Train,9638,4
Train,9639,2
Train,9640,7
Train,9641,5
Train,9642,5
Train,9643,4
Train,9644,8
Train,9645,8
Train,9646,1
Train,9647,3
Train,9648,8
Train,9649,5
Train,9650,4
Train,9651,8
Train,9652,9
Train,9653,6
Train,9654,9
Train,9655,4
Train,9656,3
Train,9657,0
Train,9658,1
Train,9659,2
Train,9660,2
Train,9661,4
Train,9662,6
Train,9663,8
Train,9664,8
Train,9665,5
Train,9666,0
Train,9667,3
Train,9668,1
Train,9669,8
Train,9670,3
Train,9671,0
Train,9672,7
Train,9673,9
Train,9674,8
Train,9675,8
Train,9676,9
Train,9677,5
Train,9678,2
Train,9679,6
Train,9680,4
Train,9681,6
Train,9682,8
Train,9683,9
Train,9684,8
Train,9685,4
Train,9686,8
Train,9687,0
Train,9688,5
Train,9689,7
Train,9690,1
Train,9691,4
Train,9692,8
Train,9693,8
Train,9694,3
Train,9695,4
Train,9696,0
Train,9697,0
Train,9698,5
Train,9699,8
Train,9700,3
Train,9701,9
Train,9702,3
Train,9703,5
Train,9704,9
Train,9705,9
Train,9706,6
Train,9707,5
Train,9708,8
Train,9709,6
Train,9710,3
Train,9711,7
Train,9712,2
Train,9713,4
Train,9714,0
Train,9715,9
Train,9716,2
Train,9717,1
Train,9718,0
Train,9719,7
Train,9720,3
Train,9721,9
Train,9722,8
Train,9723,8
Train,9724,4
Train,9725,7
Train,9726,7
Train,9727,6
Train,9728,9
Train,9729,5
Train,9730,8
Train,9731,4
Train,9732,6
Train,9733,2
Train,9734,2
Train,9735,7
Train,9736,6
Train,9737,3
Train,9738,3
Train,9739,9
Train,9740,2
Train,9741,7
Train,9742,6
Train,9743,8
Train,9744,1
Train,9745,1
Train,9746,5
Train,9747,8
Train,9748,5
Train,9749,4
Train,9750,4
Train,9751,0
Train,9752,3
Train,9753,6
Train,9754,1
Train,9755,0
Train,9756,6
Train,9757,2
Train,9758,6
Train,9759,0
Train,9760,3
Train,9761,4
Train,9762,6
Train,9763,2
Train,9764,6
Train,9765,1
Train,9766,1
Train,9767,0
Train,9768,7
Train,9769,6
Train,9770,5
Train,9771,4
Train,9772,5
Train,9773,7
Train,9774,1
Train,9775,4
Train,9776,4
Train,9777,4
Train,9778,7
Train,9779,4
Train,9780,4
Train,9781,1
Train,9782,4
Train,9783,3
Train,9784,6
Train,9785,6
Train,9786,8
Train,9787,9
Train,9788,6
Train,9789,7
Train,9790,2
Train,9791,4
Train,9792,3
Train,9793,5
Train,9794,3
Train,9795,7
Train,9796,8
Train,9797,6
Train,9798,2
Train,9799,0
Train,9800,0
Train,9801,0
Train,9802,2
Train,9803,2
Train,9804,5
Train,9805,7
Train,9806,1
Train,9807,9
Train,9808,6
Train,9809,1
Train,9810,9
Train,9811,5
Train,9812,9
Train,9813,0
Train,9814,6
Train,9815,5
Train,9816,4
Train,9817,3
Train,9818,8
Train,9819,0
Train,9820,6
Train,9821,7
Train,9822,1
Train,9823,7
Train,9824,4
Train,9825,9
Train,9826,8
Train,9827,2
Train,9828,6
Train,9829,7
Train,9830,3
Train,9831,0
Train,9832,5
Train,9833,6
Train,9834,7
Train,9835,5
Train,9836,7
Train,9837,1
Train,9838,6
Train,9839,6
Train,9840,4
Train,9841,3
Train,9842,3
Train,9843,9
Train,9844,8
Train,9845,4
Train,9846,3
Train,9847,6
Train,9848,4
Train,9849,1
Train,9850,6
Train,9851,7
Train,9852,4
Train,9853,0
Train,9854,1
Train,9855,6
Train,9856,3
Train,9857,1
Train,9858,2
Train,9859,0
Train,9860,0
Train,9861,8
Train,9862,6
Train,9863,1
Train,9864,6
Train,9865,3
Train,9866,8
Train,9867,5
Train,9868,0
Train,9869,9
Train,9870,1
Train,9871,5
Train,9872,4
Train,9873,4
Train,9874,0
Train,9875,5
Train,9876,2
Train,9877,6
Train,9878,1
Train,9879,5
Train,9880,9
Train,9881,0
Train,9882,8
Train,9883,8
Train,9884,1
Train,9885,4
Train,9886,9
Train,9887,4
Train,9888,4
Train,9889,1
Train,9890,0
Train,9891,7
Train,9892,3
Train,9893,9
Train,9894,1
Train,9895,0
Train,9896,2
Train,9897,3
Train,9898,1
Train,9899,5
Train,9900,2
Train,9901,6
Train,9902,9
Train,9903,2
Train,9904,3
Train,9905,0
Train,9906,7
Train,9907,4
Train,9908,3
Train,9909,3
Train,9910,0
Train,9911,9
Train,9912,3
Train,9913,8
Train,9914,3
Train,9915,4
Train,9916,2
Train,9917,2
Train,9918,1
Train,9919,9
Train,9920,0
Train,9921,2
Train,9922,8
Train,9923,6
Train,9924,6
Train,9925,0
Train,9926,3
Train,9927,3
Train,9928,6
Train,9929,5
Train,9930,3
Train,9931,4
Train,9932,1
Train,9933,2
Train,9934,0
Train,9935,8
Train,9936,9
Train,9937,4
Train,9938,1
Train,9939,7
Train,9940,2
Train,9941,6
Train,9942,1
Train,9943,3
Train,9944,3
Train,9945,0
Train,9946,1
Train,9947,9
Train,9948,5
Train,9949,4
Train,9950,4
Train,9951,8
Train,9952,2
Train,9953,6
Train,9954,2
Train,9955,9
Train,9956,7
Train,9957,7
Train,9958,7
Train,9959,9
Train,9960,8
Train,9961,9
Train,9962,4
Train,9963,4
Train,9964,7
Train,9965,1
Train,9966,0
Train,9967,4
Train,9968,3
Train,9969,6
Train,9970,3
Train,9971,9
Train,9972,8
Train,9973,3
Train,9974,6
Train,9975,8
Train,9976,3
Train,9977,6
Train,9978,6
Train,9979,2
Train,9980,6
Train,9981,7
Train,9982,3
Train,9983,0
Train,9984,0
Train,9985,0
Train,9986,2
Train,9987,5
Train,9988,1
Train,9989,2
Train,9990,9
Train,9991,2
Train,9992,2
Train,9993,1
Train,9994,6
Train,9995,3
Train,9996,9
Train,9997,1
Train,9998,1
Train,9999,5
Train,10000,1
Train,10001,6
Train,10002,6
Train,10003,8
Train,10004,8
Train,10005,3
Train,10006,4
Train,10007,6
Train,10008,0
Train,10009,6
Train,10010,0
Train,10011,3
Train,10012,6
Train,10013,6
Train,10014,5
Train,10015,4
Train,10016,8
Train,10017,3
Train,10018,2
Train,10019,6
Train,10020,0
Train,10021,3
Train,10022,1
Train,10023,4
Train,10024,0
Train,10025,6
Train,10026,6
Train,10027,2
Train,10028,7
Train,10029,6
Train,10030,9
Train,10031,0
Train,10032,4
Train,10033,5
Train,10034,7
Train,10035,1
Train,10036,6
Train,10037,7
Train,10038,9
Train,10039,1
Train,10040,7
Train,10041,7
Train,10042,8
Train,10043,0
Train,10044,3
Train,10045,7
Train,10046,4
Train,10047,7
Train,10048,3
Train,10049,1
Train,10050,0
Train,10051,4
Train,10052,6
Train,10053,6
Train,10054,1
Train,10055,4
Train,10056,9
Train,10057,2
Train,10058,6
Train,10059,4
Train,10060,5
Train,10061,0
Train,10062,4
Train,10063,6
Train,10064,0
Train,10065,8
Train,10066,3
Train,10067,4
Train,10068,8
Train,10069,8
Train,10070,3
Train,10071,9
Train,10072,5
Train,10073,7
Train,10074,1
Train,10075,9
Train,10076,4
Train,10077,7
Train,10078,9
Train,10079,1
Train,10080,9
Train,10081,7
Train,10082,5
Train,10083,2
Train,10084,7
Train,10085,3
Train,10086,4
Train,10087,8
Train,10088,8
Train,10089,2
Train,10090,1
Train,10091,5
Train,10092,9
Train,10093,2
Train,10094,7
Train,10095,8
Train,10096,8
Train,10097,6
Train,10098,8
Train,10099,8
Train,10100,1
Train,10101,3
Train,10102,8
Train,10103,8
Train,10104,5
Train,10105,4
Train,10106,7
Train,10107,1
Train,10108,6
Train,10109,6
Train,10110,1
Train,10111,6
Train,10112,1
Train,10113,6
Train,10114,7
Train,10115,0
Train,10116,4
Train,10117,6
Train,10118,9
Train,10119,5
Train,10120,8
Train,10121,7
Train,10122,1
Train,10123,9
Train,10124,0
Train,10125,3
Train,10126,3
Train,10127,7
Train,10128,6
Train,10129,9
Train,10130,0
Train,10131,4
Train,10132,7
Train,10133,1
Train,10134,4
Train,10135,3
Train,10136,4
Train,10137,3
Train,10138,9
Train,10139,8
Train,10140,7
Train,10141,0
Train,10142,8
Train,10143,3
Train,10144,9
Train,10145,1
Train,10146,0
Train,10147,8
Train,10148,0
Train,10149,9
Train,10150,4
Train,10151,0
Train,10152,2
Train,10153,1
Train,10154,4
Train,10155,2
Train,10156,7
Train,10157,1
Train,10158,7
Train,10159,0
Train,10160,2
Train,10161,9
Train,10162,7
Train,10163,9
Train,10164,8
Train,10165,6
Train,10166,4
Train,10167,4
Train,10168,1
Train,10169,1
Train,10170,7
Train,10171,8
Train,10172,8
Train,10173,6
Train,10174,4
Train,10175,5
Train,10176,6
Train,10177,3
Train,10178,9
Train,10179,4
Train,10180,2
Train,10181,5
Train,10182,3
Train,10183,6
Train,10184,7
Train,10185,7
Train,10186,3
Train,10187,9
Train,10188,1
Train,10189,3
Train,10190,1
Train,10191,8
Train,10192,3
Train,10193,3
Train,10194,5
Train,10195,6
Train,10196,4
Train,10197,0
Train,10198,9
Train,10199,6
Train,10200,6
Train,10201,5
Train,10202,0
Train,10203,6
Train,10204,2
Train,10205,0
Train,10206,5
Train,10207,4
Train,10208,9
Train,10209,3
Train,10210,4
Train,10211,6
Train,10212,0
Train,10213,6
Train,10214,7
Train,10215,0
Train,10216,7
Train,10217,2
Train,10218,6
Train,10219,9
Train,10220,6
Train,10221,5
Train,10222,4
Train,10223,5
Train,10224,4
Train,10225,7
Train,10226,7
Train,10227,6
Train,10228,8
Train,10229,1
Train,10230,5
Train,10231,9
Train,10232,7
Train,10233,8
Train,10234,8
Train,10235,7
Train,10236,1
Train,10237,4
Train,10238,6
Train,10239,4
Train,10240,2
Train,10241,2
Train,10242,5
Train,10243,0
Train,10244,3
Train,10245,8
Train,10246,9
Train,10247,4
Train,10248,1
Train,10249,1
Train,10250,4
Train,10251,1
Train,10252,9
Train,10253,6
Train,10254,3
Train,10255,3
Train,10256,6
Train,10257,9
Train,10258,5
Train,10259,7
Train,10260,6
Train,10261,9
Train,10262,4
Train,10263,2
Train,10264,4
Train,10265,0
Train,10266,0
Train,10267,0
Train,10268,8
Train,10269,7
Train,10270,5
Train,10271,1
Train,10272,8
Train,10273,6
Train,10274,7
Train,10275,0
Train,10276,1
Train,10277,7
Train,10278,7
Train,10279,8
Train,10280,2
Train,10281,7
Train,10282,4
Train,10283,8
Train,10284,8
Train,10285,9
Train,10286,8
Train,10287,9
Train,10288,8
Train,10289,2
Train,10290,8
Train,10291,9
Train,10292,1
Train,10293,3
Train,10294,5
Train,10295,7
Train,10296,4
Train,10297,0
Train,10298,1
Train,10299,4
Train,10300,4
Train,10301,0
Train,10302,8
Train,10303,4
Train,10304,3
Train,10305,7
Train,10306,9
Train,10307,7
Train,10308,7
Train,10309,9
Train,10310,3
Train,10311,6
Train,10312,9
Train,10313,8
Train,10314,1
Train,10315,5
Train,10316,9
Train,10317,8
Train,10318,5
Train,10319,5
Train,10320,3
Train,10321,3
Train,10322,3
Train,10323,0
Train,10324,5
Train,10325,1
Train,10326,0
Train,10327,6
Train,10328,7
Train,10329,3
Train,10330,0
Train,10331,9
Train,10332,0
Train,10333,7
Train,10334,0
Train,10335,4
Train,10336,8
Train,10337,8
Train,10338,0
Train,10339,7
Train,10340,0
Train,10341,3
Train,10342,9
Train,10343,0
Train,10344,8
Train,10345,6
Train,10346,8
Train,10347,7
Train,10348,7
Train,10349,6
Train,10350,4
Train,10351,9
Train,10352,1
Train,10353,0
Train,10354,8
Train,10355,0
Train,10356,6
Train,10357,6
Train,10358,7
Train,10359,1
Train,10360,2
Train,10361,8
Train,10362,1
Train,10363,1
Train,10364,6
Train,10365,0
Train,10366,5
Train,10367,4
Train,10368,7
Train,10369,8
Train,10370,1
Train,10371,7
Train,10372,4
Train,10373,9
Train,10374,6
Train,10375,9
Train,10376,8
Train,10377,1
Train,10378,2
Train,10379,6
Train,10380,1
Train,10381,8
Train,10382,5
Train,10383,3
Train,10384,7
Train,10385,4
Train,10386,7
Train,10387,1
Train,10388,9
Train,10389,2
Train,10390,9
Train,10391,2
Train,10392,4
Train,10393,1
Train,10394,0
Train,10395,8
Train,10396,2
Train,10397,5
Train,10398,2
Train,10399,0
Train,10400,6
Train,10401,0
Train,10402,8
Train,10403,1
Train,10404,4
Train,10405,9
Train,10406,2
Train,10407,5
Train,10408,8
Train,10409,2
Train,10410,5
Train,10411,8
Train,10412,2
Train,10413,5
Train,10414,3
Train,10415,4
Train,10416,8
Train,10417,2
Train,10418,3
Train,10419,4
Train,10420,1
Train,10421,9
Train,10422,7
Train,10423,5
Train,10424,5
Train,10425,0
Train,10426,4
Train,10427,3
Train,10428,2
Train,10429,5
Train,10430,3
Train,10431,6
Train,10432,5
Train,10433,2
Train,10434,8
Train,10435,7
Train,10436,2
Train,10437,8
Train,10438,2
Train,10439,3
Train,10440,2
Train,10441,3
Train,10442,8
Train,10443,8
Train,10444,6
Train,10445,8
Train,10446,1
Train,10447,4
Train,10448,9
Train,10449,7
Train,10450,1
Train,10451,4
Train,10452,3
Train,10453,1
Train,10454,3
Train,10455,0
Train,10456,8
Train,10457,2
Train,10458,1
Train,10459,7
Train,10460,6
Train,10461,2
Train,10462,3
Train,10463,3
Train,10464,3
Train,10465,7
Train,10466,7
Train,10467,9
Train,10468,3
Train,10469,2
Train,10470,0
Train,10471,5
Train,10472,4
Train,10473,9
Train,10474,2
Train,10475,8
Train,10476,1
Train,10477,4
Train,10478,4
Train,10479,1
Train,10480,2
Train,10481,7
Train,10482,5
Train,10483,8
Train,10484,5
Train,10485,4
Train,10486,0
Train,10487,0
Train,10488,3
Train,10489,4
Train,10490,7
Train,10491,1
Train,10492,3
Train,10493,0
Train,10494,9
Train,10495,1
Train,10496,7
Train,10497,9
Train,10498,2
Train,10499,0
Train,10500,4
Train,10501,3
Train,10502,7
Train,10503,5
Train,10504,9
Train,10505,2
Train,10506,3
Train,10507,7
Train,10508,3
Train,10509,5
Train,10510,6
Train,10511,8
Train,10512,2
Train,10513,0
Train,10514,5
Train,10515,5
Train,10516,0
Train,10517,6
Train,10518,3
Train,10519,4
Train,10520,9
Train,10521,5
Train,10522,1
Train,10523,9
Train,10524,8
Train,10525,4
Train,10526,0
Train,10527,3
Train,10528,7
Train,10529,7
Train,10530,8
Train,10531,1
Train,10532,6
Train,10533,9
Train,10534,3
Train,10535,1
Train,10536,4
Train,10537,8
Train,10538,7
Train,10539,4
Train,10540,7
Train,10541,5
Train,10542,5
Train,10543,8
Train,10544,1
Train,10545,0
Train,10546,7
Train,10547,7
Train,10548,0
Train,10549,5
Train,10550,6
Train,10551,6
Train,10552,7
Train,10553,0
Train,10554,6
Train,10555,5
Train,10556,5
Train,10557,3
Train,10558,3
Train,10559,9
Train,10560,7
Train,10561,4
Train,10562,7
Train,10563,6
Train,10564,1
Train,10565,3
Train,10566,5
Train,10567,2
Train,10568,1
Train,10569,1
Train,10570,4
Train,10571,1
Train,10572,8
Train,10573,7
Train,10574,0
Train,10575,3
Train,10576,1
Train,10577,0
Train,10578,0
Train,10579,6
Train,10580,7
Train,10581,9
Train,10582,2
Train,10583,7
Train,10584,7
Train,10585,8
Train,10586,5
Train,10587,3
Train,10588,2
Train,10589,0
Train,10590,9
Train,10591,2
Train,10592,4
Train,10593,4
Train,10594,2
Train,10595,3
Train,10596,6
Train,10597,5
Train,10598,7
Train,10599,5
Train,10600,6
Train,10601,0
Train,10602,7
Train,10603,5
Train,10604,4
Train,10605,4
Train,10606,8
Train,10607,0
Train,10608,2
Train,10609,4
Train,10610,8
Train,10611,3
Train,10612,2
Train,10613,8
Train,10614,1
Train,10615,4
Train,10616,2
Train,10617,0
Train,10618,3
Train,10619,3
Train,10620,8
Train,10621,7
Train,10622,9
Train,10623,7
Train,10624,2
Train,10625,8
Train,10626,9
Train,10627,1
Train,10628,2
Train,10629,4
Train,10630,1
Train,10631,6
Train,10632,5
Train,10633,4
Train,10634,3
Train,10635,6
Train,10636,6
Train,10637,0
Train,10638,8
Train,10639,8
Train,10640,4
Train,10641,4
Train,10642,1
Train,10643,7
Train,10644,1
Train,10645,8
Train,10646,8
Train,10647,6
Train,10648,1
Train,10649,6
Train,10650,0
Train,10651,2
Train,10652,1
Train,10653,3
Train,10654,4
Train,10655,1
Train,10656,0
Train,10657,5
Train,10658,9
Train,10659,9
Train,10660,2
Train,10661,4
Train,10662,9
Train,10663,8
Train,10664,8
Train,10665,6
Train,10666,7
Train,10667,0
Train,10668,5
Train,10669,5
Train,10670,5
Train,10671,2
Train,10672,7
Train,10673,8
Train,10674,0
Train,10675,0
Train,10676,6
Train,10677,8
Train,10678,1
Train,10679,1
Train,10680,8
Train,10681,0
Train,10682,8
Train,10683,2
Train,10684,7
Train,10685,7
Train,10686,0
Train,10687,7
Train,10688,8
Train,10689,0
Train,10690,0
Train,10691,5
Train,10692,5
Train,10693,1
Train,10694,4
Train,10695,7
Train,10696,5
Train,10697,4
Train,10698,9
Train,10699,4
Train,10700,2
Train,10701,4
Train,10702,8
Train,10703,5
Train,10704,6
Train,10705,3
Train,10706,4
Train,10707,4
Train,10708,8
Train,10709,5
Train,10710,5
Train,10711,1
Train,10712,7
Train,10713,0
Train,10714,1
Train,10715,5
Train,10716,0
Train,10717,9
Train,10718,6
Train,10719,4
Train,10720,4
Train,10721,8
Train,10722,3
Train,10723,9
Train,10724,5
Train,10725,2
Train,10726,5
Train,10727,7
Train,10728,4
Train,10729,0
Train,10730,7
Train,10731,3
Train,10732,0
Train,10733,6
Train,10734,7
Train,10735,7
Train,10736,4
Train,10737,5
Train,10738,6
Train,10739,5
Train,10740,5
Train,10741,0
Train,10742,2
Train,10743,9
Train,10744,5
Train,10745,3
Train,10746,3
Train,10747,1
Train,10748,1
Train,10749,3
Train,10750,2
Train,10751,9
Train,10752,3
Train,10753,3
Train,10754,7
Train,10755,1
Train,10756,2
Train,10757,6
Train,10758,5
Train,10759,5
Train,10760,5
Train,10761,0
Train,10762,9
Train,10763,8
Train,10764,0
Train,10765,4
Train,10766,4
Train,10767,2
Train,10768,5
Train,10769,9
Train,10770,3
Train,10771,1
Train,10772,7
Train,10773,8
Train,10774,6
Train,10775,8
Train,10776,0
Train,10777,0
Train,10778,7
Train,10779,7
Train,10780,5
Train,10781,9
Train,10782,0
Train,10783,6
Train,10784,3
Train,10785,8
Train,10786,6
Train,10787,0
Train,10788,3
Train,10789,7
Train,10790,1
Train,10791,9
Train,10792,6
Train,10793,9
Train,10794,6
Train,10795,1
Train,10796,0
Train,10797,1
Train,10798,0
Train,10799,9
Train,10800,5
Train,10801,2
Train,10802,2
Train,10803,5
Train,10804,0
Train,10805,8
Train,10806,9
Train,10807,2
Train,10808,4
Train,10809,3
Train,10810,8
Train,10811,0
Train,10812,0
Train,10813,7
Train,10814,3
Train,10815,6
Train,10816,7
Train,10817,8
Train,10818,7
Train,10819,1
Train,10820,5
Train,10821,6
Train,10822,8
Train,10823,7
Train,10824,1
Train,10825,3
Train,10826,1
Train,10827,9
Train,10828,6
Train,10829,9
Train,10830,9
Train,10831,5
Train,10832,1
Train,10833,2
Train,10834,4
Train,10835,5
Train,10836,8
Train,10837,6
Train,10838,4
Train,10839,1
Train,10840,8
Train,10841,6
Train,10842,2
Train,10843,3
Train,10844,5
Train,10845,9
Train,10846,1
Train,10847,0
Train,10848,8
Train,10849,4
Train,10850,9
Train,10851,4
Train,10852,7
Train,10853,9
Train,10854,3
Train,10855,0
Train,10856,8
Train,10857,3
Train,10858,7
Train,10859,9
Train,10860,2
Train,10861,4
Train,10862,5
Train,10863,5
Train,10864,8
Train,10865,4
Train,10866,2
Train,10867,0
Train,10868,1
Train,10869,3
Train,10870,3
Train,10871,7
Train,10872,0
Train,10873,7
Train,10874,7
Train,10875,4
Train,10876,8
Train,10877,4
Train,10878,5
Train,10879,7
Train,10880,5
Train,10881,9
Train,10882,1
Train,10883,3
Train,10884,7
Train,10885,2
Train,10886,7
Train,10887,7
Train,10888,4
Train,10889,6
Train,10890,4
Train,10891,7
Train,10892,7
Train,10893,0
Train,10894,9
Train,10895,1
Train,10896,0
Train,10897,5
Train,10898,2
Train,10899,9
Train,10900,4
Train,10901,2
Train,10902,1
Train,10903,8
Train,10904,4
Train,10905,7
Train,10906,8
Train,10907,5
Train,10908,6
Train,10909,6
Train,10910,1
Train,10911,0
Train,10912,1
Train,10913,4
Train,10914,5
Train,10915,9
Train,10916,7
Train,10917,8
Train,10918,3
Train,10919,8
Train,10920,6
Train,10921,5
Train,10922,6
Train,10923,8
Train,10924,5
Train,10925,4
Train,10926,2
Train,10927,7
Train,10928,8
Train,10929,3
Train,10930,9
Train,10931,3
Train,10932,7
Train,10933,2
Train,10934,9
Train,10935,2
Train,10936,6
Train,10937,3
Train,10938,6
Train,10939,6
Train,10940,2
Train,10941,9
Train,10942,3
Train,10943,9
Train,10944,2
Train,10945,5
Train,10946,6
Train,10947,4
Train,10948,3
Train,10949,3
Train,10950,4
Train,10951,4
Train,10952,0
Train,10953,1
Train,10954,0
Train,10955,0
Train,10956,8
Train,10957,7
Train,10958,3
Train,10959,2
Train,10960,3
Train,10961,6
Train,10962,8
Train,10963,1
Train,10964,1
Train,10965,8
Train,10966,4
Train,10967,3
Train,10968,2
Train,10969,1
Train,10970,4
Train,10971,5
Train,10972,9
Train,10973,4
Train,10974,8
Train,10975,8
Train,10976,2
Train,10977,1
Train,10978,5
Train,10979,4
Train,10980,8
Train,10981,3
Train,10982,4
Train,10983,9
Train,10984,6
Train,10985,6
Train,10986,8
Train,10987,0
Train,10988,7
Train,10989,0
Train,10990,0
Train,10991,2
Train,10992,1
Train,10993,3
Train,10994,7
Train,10995,5
Train,10996,9
Train,10997,8
Train,10998,7
Train,10999,3
Train,11000,1
Train,11001,8
Train,11002,0
Train,11003,2
Train,11004,5
Train,11005,8
Train,11006,2
Train,11007,1
Train,11008,0
Train,11009,6
Train,11010,8
Train,11011,3
Train,11012,2
Train,11013,8
Train,11014,0
Train,11015,2
Train,11016,5
Train,11017,2
Train,11018,0
Train,11019,7
Train,11020,4
Train,11021,4
Train,11022,0
Train,11023,0
Train,11024,5
Train,11025,3
Train,11026,3
Train,11027,8
Train,11028,3
Train,11029,0
Train,11030,2
Train,11031,0
Train,11032,5
Train,11033,4
Train,11034,5
Train,11035,2
Train,11036,4
Train,11037,1
Train,11038,6
Train,11039,7
Train,11040,3
Train,11041,6
Train,11042,8
Train,11043,5
Train,11044,6
Train,11045,4
Train,11046,7
Train,11047,3
Train,11048,6
Train,11049,8
Train,11050,2
Train,11051,7
Train,11052,3
Train,11053,7
Train,11054,0
Train,11055,3
Train,11056,0
Train,11057,7
Train,11058,8
Train,11059,7
Train,11060,0
Train,11061,5
Train,11062,5
Train,11063,8
Train,11064,4
Train,11065,7
Train,11066,6
Train,11067,3
Train,11068,7
Train,11069,8
Train,11070,6
Train,11071,5
Train,11072,5
Train,11073,0
Train,11074,4
Train,11075,1
Train,11076,0
Train,11077,5
Train,11078,0
Train,11079,3
Train,11080,0
Train,11081,4
Train,11082,1
Train,11083,5
Train,11084,2
Train,11085,9
Train,11086,8
Train,11087,2
Train,11088,7
Train,11089,2
Train,11090,6
Train,11091,8
Train,11092,4
Train,11093,6
Train,11094,5
Train,11095,8
Train,11096,9
Train,11097,5
Train,11098,6
Train,11099,2
Train,11100,0
Train,11101,6
Train,11102,7
Train,11103,3
Train,11104,9
Train,11105,3
Train,11106,2
Train,11107,0
Train,11108,7
Train,11109,1
Train,11110,6
Train,11111,9
Train,11112,5
Train,11113,6
Train,11114,0
Train,11115,2
Train,11116,4
Train,11117,8
Train,11118,4
Train,11119,3
Train,11120,3
Train,11121,5
Train,11122,0
Train,11123,2
Train,11124,6
Train,11125,4
Train,11126,9
Train,11127,9
Train,11128,9
Train,11129,4
Train,11130,1
Train,11131,3
Train,11132,1
Train,11133,1
Train,11134,1
Train,11135,6
Train,11136,7
Train,11137,2
Train,11138,4
Train,11139,9
Train,11140,9
Train,11141,8
Train,11142,5
Train,11143,5
Train,11144,6
Train,11145,5
Train,11146,7
Train,11147,6
Train,11148,8
Train,11149,8
Train,11150,6
Train,11151,0
Train,11152,9
Train,11153,5
Train,11154,7
Train,11155,5
Train,11156,2
Train,11157,9
Train,11158,8
Train,11159,8
Train,11160,5
Train,11161,4
Train,11162,7
Train,11163,1
Train,11164,5
Train,11165,5
Train,11166,5
Train,11167,7
Train,11168,2
Train,11169,0
Train,11170,9
Train,11171,2
Train,11172,9
Train,11173,9
Train,11174,5
Train,11175,2
Train,11176,0
Train,11177,8
Train,11178,0
Train,11179,1
Train,11180,8
Train,11181,6
Train,11182,6
Train,11183,3
Train,11184,9
Train,11185,5
Train,11186,5
Train,11187,2
Train,11188,3
Train,11189,5
Train,11190,4
Train,11191,6
Train,11192,3
Train,11193,2
Train,11194,2
Train,11195,3
Train,11196,1
Train,11197,2
Train,11198,2
Train,11199,3
Train,11200,8
Train,11201,5
Train,11202,2
Train,11203,7
Train,11204,6
Train,11205,3
Train,11206,8
Train,11207,8
Train,11208,0
Train,11209,4
Train,11210,9
Train,11211,3
Train,11212,6
Train,11213,9
Train,11214,7
Train,11215,6
Train,11216,0
Train,11217,5
Train,11218,0
Train,11219,6
Train,11220,2
Train,11221,2
Train,11222,3
Train,11223,1
Train,11224,0
Train,11225,9
Train,11226,4
Train,11227,9
Train,11228,7
Train,11229,0
Train,11230,9
Train,11231,3
Train,11232,9
Train,11233,6
Train,11234,3
Train,11235,4
Train,11236,3
Train,11237,0
Train,11238,0
Train,11239,6
Train,11240,0
Train,11241,2
Train,11242,1
Train,11243,1
Train,11244,8
Train,11245,5
Train,11246,6
Train,11247,5
Train,11248,8
Train,11249,4
Train,11250,4
Train,11251,0
Train,11252,2
Train,11253,8
Train,11254,4
Train,11255,0
Train,11256,2
Train,11257,3
Train,11258,9
Train,11259,5
Train,11260,7
Train,11261,8
Train,11262,5
Train,11263,0
Train,11264,1
Train,11265,8
Train,11266,8
Train,11267,5
Train,11268,3
Train,11269,5
Train,11270,2
Train,11271,3
Train,11272,8
Train,11273,6
Train,11274,5
Train,11275,9
Train,11276,0
Train,11277,8
Train,11278,7
Train,11279,4
Train,11280,0
Train,11281,7
Train,11282,4
Train,11283,0
Train,11284,7
Train,11285,5
Train,11286,2
Train,11287,6
Train,11288,2
Train,11289,7
Train,11290,6
Train,11291,3
Train,11292,9
Train,11293,3
Train,11294,3
Train,11295,2
Train,11296,9
Train,11297,0
Train,11298,5
Train,11299,4
Train,11300,7
Train,11301,1
Train,11302,0
Train,11303,6
Train,11304,0
Train,11305,0
Train,11306,8
Train,11307,3
Train,11308,1
Train,11309,8
Train,11310,6
Train,11311,9
Train,11312,9
Train,11313,2
Train,11314,5
Train,11315,4
Train,11316,9
Train,11317,5
Train,11318,6
Train,11319,6
Train,11320,3
Train,11321,7
Train,11322,5
Train,11323,7
Train,11324,3
Train,11325,0
Train,11326,2
Train,11327,8
Train,11328,5
Train,11329,7
Train,11330,5
Train,11331,6
Train,11332,9
Train,11333,3
Train,11334,7
Train,11335,2
Train,11336,1
Train,11337,3
Train,11338,7
Train,11339,3
Train,11340,2
Train,11341,5
Train,11342,2
Train,11343,8
Train,11344,3
Train,11345,8
Train,11346,6
Train,11347,5
Train,11348,2
Train,11349,2
Train,11350,7
Train,11351,5
Train,11352,8
Train,11353,3
Train,11354,2
Train,11355,7
Train,11356,0
Train,11357,3
Train,11358,6
Train,11359,3
Train,11360,9
Train,11361,1
Train,11362,2
Train,11363,6
Train,11364,3
Train,11365,5
Train,11366,3
Train,11367,1
Train,11368,8
Train,11369,6
Train,11370,3
Train,11371,6
Train,11372,0
Train,11373,9
Train,11374,0
Train,11375,5
Train,11376,5
Train,11377,7
Train,11378,8
Train,11379,3
Train,11380,2
Train,11381,6
Train,11382,2
Train,11383,9
Train,11384,4
Train,11385,2
Train,11386,3
Train,11387,3
Train,11388,9
Train,11389,3
Train,11390,7
Train,11391,7
Train,11392,6
Train,11393,7
Train,11394,6
Train,11395,1
Train,11396,5
Train,11397,6
Train,11398,4
Train,11399,9
Train,11400,0
Train,11401,4
Train,11402,4
Train,11403,1
Train,11404,6
Train,11405,5
Train,11406,6
Train,11407,1
Train,11408,6
Train,11409,3
Train,11410,7
Train,11411,7
Train,11412,6
Train,11413,8
Train,11414,7
Train,11415,2
Train,11416,0
Train,11417,7
Train,11418,1
Train,11419,3
Train,11420,2
Train,11421,1
Train,11422,9
Train,11423,4
Train,11424,0
Train,11425,0
Train,11426,7
Train,11427,1
Train,11428,7
Train,11429,6
Train,11430,9
Train,11431,0
Train,11432,6
Train,11433,2
Train,11434,3
Train,11435,4
Train,11436,2
Train,11437,5
Train,11438,6
Train,11439,6
Train,11440,0
Train,11441,5
Train,11442,5
Train,11443,2
Train,11444,1
Train,11445,6
Train,11446,7
Train,11447,3
Train,11448,7
Train,11449,3
Train,11450,5
Train,11451,0
Train,11452,2
Train,11453,9
Train,11454,2
Train,11455,2
Train,11456,2
Train,11457,9
Train,11458,3
Train,11459,6
Train,11460,7
Train,11461,8
Train,11462,5
Train,11463,5
Train,11464,1
Train,11465,5
Train,11466,6
Train,11467,2
Train,11468,6
Train,11469,7
Train,11470,1
Train,11471,2
Train,11472,9
Train,11473,1
Train,11474,0
Train,11475,0
Train,11476,3
Train,11477,3
Train,11478,2
Train,11479,0
Train,11480,3
Train,11481,4
Train,11482,1
Train,11483,7
Train,11484,7
Train,11485,9
Train,11486,2
Train,11487,0
Train,11488,8
Train,11489,6
Train,11490,8
Train,11491,5
Train,11492,3
Train,11493,5
Train,11494,5
Train,11495,5
Train,11496,5
Train,11497,1
Train,11498,3
Train,11499,4
Train,11500,2
Train,11501,8
Train,11502,7
Train,11503,8
Train,11504,9
Train,11505,8
Train,11506,4
Train,11507,5
Train,11508,6
Train,11509,0
Train,11510,4
Train,11511,2
Train,11512,3
Train,11513,5
Train,11514,0
Train,11515,1
Train,11516,9
Train,11517,9
Train,11518,2
Train,11519,5
Train,11520,7
Train,11521,4
Train,11522,1
Train,11523,5
Train,11524,8
Train,11525,5
Train,11526,4
Train,11527,7
Train,11528,2
Train,11529,8
Train,11530,5
Train,11531,3
Train,11532,1
Train,11533,9
Train,11534,3
Train,11535,0
Train,11536,5
Train,11537,6
Train,11538,2
Train,11539,6
Train,11540,3
Train,11541,9
Train,11542,4
Train,11543,1
Train,11544,3
Train,11545,2
Train,11546,1
Train,11547,9
Train,11548,2
Train,11549,9
Train,11550,4
Train,11551,5
Train,11552,9
Train,11553,7
Train,11554,0
Train,11555,9
Train,11556,3
Train,11557,9
Train,11558,1
Train,11559,8
Train,11560,5
Train,11561,7
Train,11562,4
Train,11563,0
Train,11564,3
Train,11565,4
Train,11566,8
Train,11567,4
Train,11568,3
Train,11569,8
Train,11570,7
Train,11571,1
Train,11572,0
Train,11573,4
Train,11574,1
Train,11575,5
Train,11576,8
Train,11577,8
Train,11578,3
Train,11579,1
Train,11580,1
Train,11581,7
Train,11582,4
Train,11583,0
Train,11584,6
Train,11585,1
Train,11586,4
Train,11587,2
Train,11588,6
Train,11589,9
Train,11590,4
Train,11591,8
Train,11592,9
Train,11593,8
Train,11594,9
Train,11595,7
Train,11596,3
Train,11597,9
Train,11598,8
Train,11599,9
Train,11600,5
Train,11601,9
Train,11602,6
Train,11603,5
Train,11604,9
Train,11605,7
Train,11606,2
Train,11607,9
Train,11608,7
Train,11609,6
Train,11610,5
Train,11611,7
Train,11612,0
Train,11613,8
Train,11614,1
Train,11615,0
Train,11616,8
Train,11617,3
Train,11618,0
Train,11619,1
Train,11620,9
Train,11621,7
Train,11622,5
Train,11623,3
Train,11624,5
Train,11625,3
Train,11626,4
Train,11627,8
Train,11628,3
Train,11629,2
Train,11630,2
Train,11631,1
Train,11632,3
Train,11633,0
Train,11634,6
Train,11635,4
Train,11636,5
Train,11637,5
Train,11638,6
Train,11639,3
Train,11640,1
Train,11641,2
Train,11642,0
Train,11643,0
Train,11644,6
Train,11645,1
Train,11646,1
Train,11647,6
Train,11648,7
Train,11649,4
Train,11650,2
Train,11651,6
Train,11652,8
Train,11653,3
Train,11654,6
Train,11655,3
Train,11656,7
Train,11657,6
Train,11658,9
Train,11659,9
Train,11660,9
Train,11661,0
Train,11662,5
Train,11663,1
Train,11664,1
Train,11665,8
Train,11666,2
Train,11667,8
Train,11668,3
Train,11669,7
Train,11670,4
Train,11671,0
Train,11672,6
Train,11673,8
Train,11674,8
Train,11675,6
Train,11676,8
Train,11677,9
Train,11678,9
Train,11679,1
Train,11680,3
Train,11681,9
Train,11682,0
Train,11683,1
Train,11684,2
Train,11685,9
Train,11686,1
Train,11687,6
Train,11688,9
Train,11689,0
Train,11690,6
Train,11691,0
Train,11692,1
Train,11693,8
Train,11694,5
Train,11695,1
Train,11696,1
Train,11697,7
Train,11698,1
Train,11699,6
Train,11700,9
Train,11701,5
Train,11702,1
Train,11703,9
Train,11704,7
Train,11705,2
Train,11706,8
Train,11707,1
Train,11708,1
Train,11709,0
Train,11710,2
Train,11711,6
Train,11712,5
Train,11713,2
Train,11714,3
Train,11715,9
Train,11716,1
Train,11717,9
Train,11718,3
Train,11719,6
Train,11720,9
Train,11721,0
Train,11722,5
Train,11723,5
Train,11724,3
Train,11725,5
Train,11726,6
Train,11727,3
Train,11728,6
Train,11729,6
Train,11730,2
Train,11731,2
Train,11732,0
Train,11733,6
Train,11734,0
Train,11735,5
Train,11736,3
Train,11737,5
Train,11738,3
Train,11739,3
Train,11740,5
Train,11741,7
Train,11742,7
Train,11743,3
Train,11744,1
Train,11745,2
Train,11746,2
Train,11747,9
Train,11748,6
Train,11749,7
Train,11750,1
Train,11751,6
Train,11752,3
Train,11753,5
Train,11754,6
Train,11755,9
Train,11756,6
Train,11757,4
Train,11758,3
Train,11759,4
Train,11760,3
Train,11761,7
Train,11762,0
Train,11763,3
Train,11764,3
Train,11765,4
Train,11766,2
Train,11767,1
Train,11768,0
Train,11769,4
Train,11770,5
Train,11771,9
Train,11772,0
Train,11773,9
Train,11774,9
Train,11775,0
Train,11776,1
Train,11777,9
Train,11778,7
Train,11779,2
Train,11780,6
Train,11781,7
Train,11782,1
Train,11783,0
Train,11784,6
Train,11785,4
Train,11786,9
Train,11787,1
Train,11788,7
Train,11789,2
Train,11790,5
Train,11791,1
Train,11792,6
Train,11793,8
Train,11794,4
Train,11795,5
Train,11796,7
Train,11797,9
Train,11798,8
Train,11799,1
Train,11800,6
Train,11801,9
Train,11802,0
Train,11803,9
Train,11804,1
Train,11805,3
Train,11806,9
Train,11807,4
Train,11808,8
Train,11809,3
Train,11810,4
Train,11811,2
Train,11812,0
Train,11813,2
Train,11814,9
Train,11815,2
Train,11816,2
Train,11817,1
Train,11818,5
Train,11819,5
Train,11820,4
Train,11821,6
Train,11822,1
Train,11823,6
Train,11824,1
Train,11825,2
Train,11826,5
Train,11827,6
Train,11828,9
Train,11829,1
Train,11830,8
Train,11831,1
Train,11832,8
Train,11833,6
Train,11834,9
Train,11835,0
Train,11836,3
Train,11837,7
Train,11838,0
Train,11839,4
Train,11840,7
Train,11841,7
Train,11842,8
Train,11843,2
Train,11844,0
Train,11845,4
Train,11846,7
Train,11847,5
Train,11848,7
Train,11849,0
Train,11850,1
Train,11851,6
Train,11852,5
Train,11853,5
Train,11854,5
Train,11855,3
Train,11856,9
Train,11857,1
Train,11858,3
Train,11859,4
Train,11860,4
Train,11861,5
Train,11862,4
Train,11863,8
Train,11864,3
Train,11865,9
Train,11866,8
Train,11867,7
Train,11868,3
Train,11869,4
Train,11870,7
Train,11871,4
Train,11872,4
Train,11873,2
Train,11874,3
Train,11875,6
Train,11876,9
Train,11877,7
Train,11878,4
Train,11879,0
Train,11880,5
Train,11881,7
Train,11882,2
Train,11883,9
Train,11884,2
Train,11885,2
Train,11886,8
Train,11887,0
Train,11888,4
Train,11889,9
Train,11890,1
Train,11891,2
Train,11892,4
Train,11893,5
Train,11894,3
Train,11895,1
Train,11896,1
Train,11897,0
Train,11898,8
Train,11899,5
Train,11900,8
Train,11901,9
Train,11902,3
Train,11903,6
Train,11904,6
Train,11905,5
Train,11906,8
Train,11907,8
Train,11908,0
Train,11909,7
Train,11910,1
Train,11911,6
Train,11912,0
Train,11913,0
Train,11914,4
Train,11915,2
Train,11916,1
Train,11917,6
Train,11918,9
Train,11919,0
Train,11920,1
Train,11921,2
Train,11922,5
Train,11923,2
Train,11924,5
Train,11925,4
Train,11926,7
Train,11927,4
Train,11928,5
Train,11929,3
Train,11930,4
Train,11931,9
Train,11932,6
Train,11933,5
Train,11934,2
Train,11935,7
Train,11936,2
Train,11937,0
Train,11938,3
Train,11939,0
Train,11940,9
Train,11941,9
Train,11942,8
Train,11943,2
Train,11944,0
Train,11945,4
Train,11946,0
Train,11947,5
Train,11948,8
Train,11949,5
Train,11950,7
Train,11951,7
Train,11952,4
Train,11953,5
Train,11954,1
Train,11955,1
Train,11956,4
Train,11957,4
Train,11958,0
Train,11959,2
Train,11960,3
Train,11961,2
Train,11962,2
Train,11963,0
Train,11964,6
Train,11965,8
Train,11966,1
Train,11967,4
Train,11968,6
Train,11969,3
Train,11970,3
Train,11971,1
Train,11972,1
Train,11973,2
Train,11974,7
Train,11975,0
Train,11976,3
Train,11977,8
Train,11978,8
Train,11979,0
Train,11980,5
Train,11981,6
Train,11982,4
Train,11983,4
Train,11984,9
Train,11985,2
Train,11986,8
Train,11987,6
Train,11988,5
Train,11989,0
Train,11990,7
Train,11991,2
Train,11992,2
Train,11993,8
Train,11994,4
Train,11995,5
Train,11996,7
Train,11997,4
Train,11998,3
Train,11999,6
Train,12000,6
Train,12001,9
Train,12002,9
Train,12003,6
Train,12004,6
Train,12005,5
Train,12006,4
Train,12007,3
Train,12008,9
Train,12009,0
Train,12010,0
Train,12011,9
Train,12012,5
Train,12013,3
Train,12014,6
Train,12015,5
Train,12016,3
Train,12017,6
Train,12018,7
Train,12019,6
Train,12020,8
Train,12021,2
Train,12022,4
Train,12023,7
Train,12024,8
Train,12025,1
Train,12026,4
Train,12027,1
Train,12028,0
Train,12029,0
Train,12030,0
Train,12031,6
Train,12032,3
Train,12033,3
Train,12034,6
Train,12035,9
Train,12036,7
Train,12037,0
Train,12038,1
Train,12039,3
Train,12040,9
Train,12041,8
Train,12042,3
Train,12043,2
Train,12044,2
Train,12045,3
Train,12046,2
Train,12047,1
Train,12048,6
Train,12049,1
Train,12050,3
Train,12051,5
Train,12052,0
Train,12053,5
Train,12054,1
Train,12055,6
Train,12056,0
Train,12057,6
Train,12058,2
Train,12059,4
Train,12060,2
Train,12061,9
Train,12062,0
Train,12063,9
Train,12064,1
Train,12065,8
Train,12066,6
Train,12067,2
Train,12068,5
Train,12069,5
Train,12070,2
Train,12071,1
Train,12072,0
Train,12073,0
Train,12074,2
Train,12075,4
Train,12076,3
Train,12077,6
Train,12078,0
Train,12079,0
Train,12080,1
Train,12081,6
Train,12082,5
Train,12083,0
Train,12084,4
Train,12085,9
Train,12086,9
Train,12087,8
Train,12088,5
Train,12089,5
Train,12090,8
Train,12091,3
Train,12092,8
Train,12093,8
Train,12094,4
Train,12095,0
Train,12096,3
Train,12097,7
Train,12098,5
Train,12099,7
Train,12100,1
Train,12101,6
Train,12102,1
Train,12103,4
Train,12104,9
Train,12105,3
Train,12106,4
Train,12107,2
Train,12108,4
Train,12109,2
Train,12110,4
Train,12111,3
Train,12112,9
Train,12113,3
Train,12114,1
Train,12115,8
Train,12116,9
Train,12117,4
Train,12118,3
Train,12119,5
Train,12120,8
Train,12121,0
Train,12122,6
Train,12123,1
Train,12124,4
Train,12125,8
Train,12126,8
Train,12127,1
Train,12128,8
Train,12129,0
Train,12130,0
Train,12131,0
Train,12132,4
Train,12133,0
Train,12134,4
Train,12135,5
Train,12136,4
Train,12137,2
Train,12138,6
Train,12139,0
Train,12140,2
Train,12141,2
Train,12142,7
Train,12143,4
Train,12144,5
Train,12145,3
Train,12146,6
Train,12147,3
Train,12148,2
Train,12149,0
Train,12150,1
Train,12151,6
Train,12152,9
Train,12153,8
Train,12154,4
Train,12155,3
Train,12156,2
Train,12157,7
Train,12158,1
Train,12159,9
Train,12160,4
Train,12161,2
Train,12162,9
Train,12163,7
Train,12164,1
Train,12165,0
Train,12166,2
Train,12167,1
Train,12168,6
Train,12169,1
Train,12170,1
Train,12171,6
Train,12172,8
Train,12173,2
Train,12174,3
Train,12175,8
Train,12176,8
Train,12177,5
Train,12178,0
Train,12179,4
Train,12180,2
Train,12181,0
Train,12182,9
Train,12183,1
Train,12184,5
Train,12185,1
Train,12186,9
Train,12187,9
Train,12188,2
Train,12189,8
Train,12190,3
Train,12191,2
Train,12192,0
Train,12193,6
Train,12194,8
Train,12195,3
Train,12196,8
Train,12197,8
Train,12198,5
Train,12199,6
Train,12200,2
Train,12201,8
Train,12202,5
Train,12203,6
Train,12204,4
Train,12205,5
Train,12206,8
Train,12207,8
Train,12208,4
Train,12209,0
Train,12210,1
Train,12211,3
Train,12212,2
Train,12213,4
Train,12214,6
Train,12215,3
Train,12216,3
Train,12217,4
Train,12218,6
Train,12219,2
Train,12220,7
Train,12221,6
Train,12222,6
Train,12223,5
Train,12224,4
Train,12225,3
Train,12226,0
Train,12227,7
Train,12228,1
Train,12229,7
Train,12230,0
Train,12231,1
Train,12232,1
Train,12233,8
Train,12234,0
Train,12235,5
Train,12236,8
Train,12237,3
Train,12238,6
Train,12239,5
Train,12240,6
Train,12241,3
Train,12242,5
Train,12243,7
Train,12244,7
Train,12245,9
Train,12246,5
Train,12247,1
Train,12248,9
Train,12249,8
Train,12250,2
Train,12251,8
Train,12252,0
Train,12253,4
Train,12254,6
Train,12255,3
Train,12256,5
Train,12257,0
Train,12258,8
Train,12259,9
Train,12260,1
Train,12261,4
Train,12262,9
Train,12263,6
Train,12264,1
Train,12265,0
Train,12266,8
Train,12267,2
Train,12268,8
Train,12269,7
Train,12270,0
Train,12271,7
Train,12272,7
Train,12273,6
Train,12274,5
Train,12275,1
Train,12276,1
Train,12277,8
Train,12278,3
Train,12279,9
Train,12280,1
Train,12281,5
Train,12282,4
Train,12283,1
Train,12284,0
Train,12285,4
Train,12286,8
Train,12287,2
Train,12288,9
Train,12289,3
Train,12290,5
Train,12291,1
Train,12292,1
Train,12293,6
Train,12294,0
Train,12295,1
Train,12296,0
Train,12297,0
Train,12298,9
Train,12299,1
Train,12300,5
Train,12301,4
Train,12302,6
Train,12303,1
Train,12304,3
Train,12305,6
Train,12306,1
Train,12307,4
Train,12308,1
Train,12309,4
Train,12310,5
Train,12311,1
Train,12312,9
Train,12313,4
Train,12314,9
Train,12315,9
Train,12316,3
Train,12317,2
Train,12318,8
Train,12319,8
Train,12320,7
Train,12321,6
Train,12322,5
Train,12323,2
Train,12324,4
Train,12325,0
Train,12326,5
Train,12327,7
Train,12328,0
Train,12329,3
Train,12330,5
Train,12331,4
Train,12332,3
Train,12333,4
Train,12334,4
Train,12335,1
Train,12336,1
Train,12337,6
Train,12338,2
Train,12339,6
Train,12340,1
Train,12341,5
Train,12342,3
Train,12343,4
Train,12344,0
Train,12345,0
Train,12346,2
Train,12347,9
Train,12348,1
Train,12349,5
Train,12350,1
Train,12351,8
Train,12352,5
Train,12353,8
Train,12354,6
Train,12355,0
Train,12356,6
Train,12357,5
Train,12358,9
Train,12359,6
Train,12360,1
Train,12361,2
Train,12362,2
Train,12363,0
Train,12364,7
Train,12365,7
Train,12366,3
Train,12367,6
Train,12368,4
Train,12369,6
Train,12370,3
Train,12371,5
Train,12372,8
Train,12373,1
Train,12374,6
Train,12375,0
Train,12376,2
Train,12377,3
Train,12378,1
Train,12379,6
Train,12380,2
Train,12381,7
Train,12382,3
Train,12383,9
Train,12384,1
Train,12385,9
Train,12386,3
Train,12387,2
Train,12388,1
Train,12389,1
Train,12390,5
Train,12391,3
Train,12392,9
Train,12393,0
Train,12394,7
Train,12395,8
Train,12396,6
Train,12397,7
Train,12398,2
Train,12399,2
Train,12400,8
Train,12401,8
Train,12402,7
Train,12403,8
Train,12404,9
Train,12405,9
Train,12406,4
Train,12407,6
Train,12408,4
Train,12409,0
Train,12410,7
Train,12411,6
Train,12412,1
Train,12413,9
Train,12414,0
Train,12415,7
Train,12416,4
Train,12417,4
Train,12418,8
Train,12419,0
Train,12420,0
Train,12421,2
Train,12422,8
Train,12423,2
Train,12424,1
Train,12425,3
Train,12426,8
Train,12427,9
Train,12428,3
Train,12429,0
Train,12430,0
Train,12431,5
Train,12432,7
Train,12433,6
Train,12434,6
Train,12435,0
Train,12436,3
Train,12437,7
Train,12438,8
Train,12439,7
Train,12440,3
Train,12441,6
Train,12442,8
Train,12443,8
Train,12444,4
Train,12445,6
Train,12446,7
Train,12447,6
Train,12448,2
Train,12449,3
Train,12450,3
Train,12451,1
Train,12452,8
Train,12453,4
Train,12454,3
Train,12455,2
Train,12456,9
Train,12457,8
Train,12458,6
Train,12459,6
Train,12460,9
Train,12461,0
Train,12462,2
Train,12463,7
Train,12464,7
Train,12465,2
Train,12466,7
Train,12467,9
Train,12468,5
Train,12469,0
Train,12470,1
Train,12471,2
Train,12472,2
Train,12473,2
Train,12474,7
Train,12475,3
Train,12476,7
Train,12477,0
Train,12478,4
Train,12479,7
Train,12480,5
Train,12481,8
Train,12482,7
Train,12483,9
Train,12484,4
Train,12485,5
Train,12486,9
Train,12487,8
Train,12488,5
Train,12489,4
Train,12490,8
Train,12491,6
Train,12492,0
Train,12493,0
Train,12494,1
Train,12495,6
Train,12496,5
Train,12497,9
Train,12498,8
Train,12499,0
Train,12500,3
Train,12501,2
Train,12502,7
Train,12503,8
Train,12504,2
Train,12505,4
Train,12506,2
Train,12507,0
Train,12508,6
Train,12509,0
Train,12510,4
Train,12511,4
Train,12512,6
Train,12513,8
Train,12514,5
Train,12515,5
Train,12516,1
Train,12517,3
Train,12518,5
Train,12519,2
Train,12520,8
Train,12521,1
Train,12522,4
Train,12523,1
Train,12524,6
Train,12525,6
Train,12526,6
Train,12527,7
Train,12528,3
Train,12529,7
Train,12530,4
Train,12531,9
Train,12532,5
Train,12533,2
Train,12534,0
Train,12535,7
Train,12536,2
Train,12537,1
Train,12538,1
Train,12539,4
Train,12540,0
Train,12541,9
Train,12542,0
Train,12543,8
Train,12544,8
Train,12545,5
Train,12546,3
Train,12547,7
Train,12548,1
Train,12549,2
Train,12550,6
Train,12551,1
Train,12552,3
Train,12553,0
Train,12554,6
Train,12555,9
Train,12556,5
Train,12557,8
Train,12558,3
Train,12559,5
Train,12560,1
Train,12561,6
Train,12562,9
Train,12563,9
Train,12564,5
Train,12565,7
Train,12566,7
Train,12567,5
Train,12568,9
Train,12569,5
Train,12570,1
Train,12571,5
Train,12572,7
Train,12573,5
Train,12574,2
Train,12575,1
Train,12576,7
Train,12577,4
Train,12578,5
Train,12579,7
Train,12580,4
Train,12581,5
Train,12582,2
Train,12583,2
Train,12584,2
Train,12585,8
Train,12586,1
Train,12587,6
Train,12588,9
Train,12589,2
Train,12590,4
Train,12591,4
Train,12592,1
Train,12593,5
Train,12594,1
Train,12595,3
Train,12596,6
Train,12597,6
Train,12598,3
Train,12599,8
Train,12600,8
Train,12601,3
Train,12602,2
Train,12603,4
Train,12604,6
Train,12605,8
Train,12606,8
Train,12607,2
Train,12608,9
Train,12609,6
Train,12610,8
Train,12611,4
Train,12612,3
Train,12613,9
Train,12614,8
Train,12615,8
Train,12616,2
Train,12617,7
Train,12618,3
Train,12619,6
Train,12620,1
Train,12621,5
Train,12622,1
Train,12623,2
Train,12624,6
Train,12625,7
Train,12626,8
Train,12627,7
Train,12628,1
Train,12629,1
Train,12630,5
Train,12631,3
Train,12632,6
Train,12633,7
Train,12634,0
Train,12635,6
Train,12636,4
Train,12637,9
Train,12638,2
Train,12639,3
Train,12640,0
Train,12641,6
Train,12642,3
Train,12643,1
Train,12644,9
Train,12645,4
Train,12646,8
Train,12647,3
Train,12648,1
Train,12649,5
Train,12650,8
Train,12651,2
Train,12652,5
Train,12653,9
Train,12654,9
Train,12655,5
Train,12656,2
Train,12657,6
Train,12658,7
Train,12659,0
Train,12660,0
Train,12661,5
Train,12662,9
Train,12663,4
Train,12664,9
Train,12665,4
Train,12666,6
Train,12667,2
Train,12668,0
Train,12669,2
Train,12670,9
Train,12671,3
Train,12672,4
Train,12673,3
Train,12674,0
Train,12675,2
Train,12676,1
Train,12677,7
Train,12678,2
Train,12679,6
Train,12680,9
Train,12681,3
Train,12682,5
Train,12683,7
Train,12684,6
Train,12685,1
Train,12686,5
Train,12687,5
Train,12688,8
Train,12689,6
Train,12690,7
Train,12691,4
Train,12692,6
Train,12693,2
Train,12694,2
Train,12695,7
Train,12696,5
Train,12697,2
Train,12698,4
Train,12699,8
Train,12700,9
Train,12701,5
Train,12702,1
Train,12703,2
Train,12704,0
Train,12705,7
Train,12706,9
Train,12707,3
Train,12708,9
Train,12709,9
Train,12710,2
Train,12711,2
Train,12712,9
Train,12713,7
Train,12714,7
Train,12715,9
Train,12716,5
Train,12717,4
Train,12718,9
Train,12719,1
Train,12720,2
Train,12721,2
Train,12722,7
Train,12723,4
Train,12724,2
Train,12725,8
Train,12726,5
Train,12727,4
Train,12728,5
Train,12729,9
Train,12730,0
Train,12731,8
Train,12732,1
Train,12733,7
Train,12734,5
Train,12735,6
Train,12736,6
Train,12737,4
Train,12738,7
Train,12739,6
Train,12740,0
Train,12741,1
Train,12742,2
Train,12743,1
Train,12744,7
Train,12745,9
Train,12746,1
Train,12747,8
Train,12748,2
Train,12749,0
Train,12750,3
Train,12751,7
Train,12752,2
Train,12753,2
Train,12754,0
Train,12755,1
Train,12756,7
Train,12757,0
Train,12758,3
Train,12759,7
Train,12760,9
Train,12761,0
Train,12762,8
Train,12763,7
Train,12764,0
Train,12765,6
Train,12766,1
Train,12767,0
Train,12768,5
Train,12769,5
Train,12770,7
Train,12771,8
Train,12772,8
Train,12773,1
Train,12774,1
Train,12775,9
Train,12776,3
Train,12777,0
Train,12778,7
Train,12779,6
Train,12780,3
Train,12781,6
Train,12782,2
Train,12783,3
Train,12784,2
Train,12785,0
Train,12786,3
Train,12787,7
Train,12788,6
Train,12789,9
Train,12790,2
Train,12791,5
Train,12792,8
Train,12793,9
Train,12794,7
Train,12795,4
Train,12796,6
Train,12797,4
Train,12798,3
Train,12799,6
Train,12800,1
Train,12801,8
Train,12802,0
Train,12803,4
Train,12804,6
Train,12805,4
Train,12806,8
Train,12807,0
Train,12808,0
Train,12809,0
Train,12810,4
Train,12811,3
Train,12812,4
Train,12813,8
Train,12814,1
Train,12815,3
Train,12816,9
Train,12817,0
Train,12818,0
Train,12819,2
Train,12820,0
Train,12821,3
Train,12822,9
Train,12823,3
Train,12824,6
Train,12825,5
Train,12826,4
Train,12827,9
Train,12828,1
Train,12829,5
Train,12830,8
Train,12831,6
Train,12832,5
Train,12833,5
Train,12834,8
Train,12835,9
Train,12836,0
Train,12837,3
Train,12838,7
Train,12839,5
Train,12840,9
Train,12841,1
Train,12842,7
Train,12843,4
Train,12844,7
Train,12845,7
Train,12846,4
Train,12847,2
Train,12848,7
Train,12849,1
Train,12850,6
Train,12851,5
Train,12852,6
Train,12853,3
Train,12854,0
Train,12855,8
Train,12856,1
Train,12857,8
Train,12858,4
Train,12859,4
Train,12860,2
Train,12861,8
Train,12862,4
Train,12863,9
Train,12864,7
Train,12865,1
Train,12866,8
Train,12867,8
Train,12868,8
Train,12869,7
Train,12870,3
Train,12871,2
Train,12872,3
Train,12873,9
Train,12874,6
Train,12875,1
Train,12876,8
Train,12877,2
Train,12878,9
Train,12879,6
Train,12880,8
Train,12881,1
Train,12882,3
Train,12883,0
Train,12884,5
Train,12885,6
Train,12886,3
Train,12887,6
Train,12888,7
Train,12889,7
Train,12890,5
Train,12891,8
Train,12892,2
Train,12893,1
Train,12894,1
Train,12895,9
Train,12896,4
Train,12897,6
Train,12898,4
Train,12899,7
Train,12900,7
Train,12901,7
Train,12902,9
Train,12903,1
Train,12904,3
Train,12905,8
Train,12906,6
Train,12907,8
Train,12908,5
Train,12909,7
Train,12910,0
Train,12911,0
Train,12912,5
Train,12913,5
Train,12914,1
Train,12915,0
Train,12916,0
Train,12917,1
Train,12918,8
Train,12919,1
Train,12920,1
Train,12921,4
Train,12922,0
Train,12923,1
Train,12924,2
Train,12925,7
Train,12926,8
Train,12927,1
Train,12928,6
Train,12929,1
Train,12930,6
Train,12931,5
Train,12932,8
Train,12933,6
Train,12934,6
Train,12935,8
Train,12936,0
Train,12937,5
Train,12938,8
Train,12939,6
Train,12940,2
Train,12941,7
Train,12942,7
Train,12943,3
Train,12944,0
Train,12945,2
Train,12946,1
Train,12947,5
Train,12948,9
Train,12949,1
Train,12950,9
Train,12951,8
Train,12952,3
Train,12953,3
Train,12954,8
Train,12955,9
Train,12956,3
Train,12957,9
Train,12958,2
Train,12959,4
Train,12960,0
Train,12961,7
Train,12962,5
Train,12963,1
Train,12964,1
Train,12965,3
Train,12966,3
Train,12967,0
Train,12968,4
Train,12969,3
Train,12970,9
Train,12971,3
Train,12972,9
Train,12973,3
Train,12974,5
Train,12975,4
Train,12976,9
Train,12977,1
Train,12978,2
Train,12979,9
Train,12980,7
Train,12981,1
Train,12982,1
Train,12983,7
Train,12984,7
Train,12985,7
Train,12986,9
Train,12987,5
Train,12988,3
Train,12989,4
Train,12990,2
Train,12991,0
Train,12992,2
Train,12993,0
Train,12994,7
Train,12995,7
Train,12996,6
Train,12997,4
Train,12998,7
Train,12999,1
Train,13000,9
Train,13001,3
Train,13002,1
Train,13003,9
Train,13004,8
Train,13005,4
Train,13006,1
Train,13007,2
Train,13008,0
Train,13009,7
Train,13010,1
Train,13011,0
Train,13012,4
Train,13013,3
Train,13014,7
Train,13015,8
Train,13016,0
Train,13017,9
Train,13018,6
Train,13019,3
Train,13020,8
Train,13021,4
Train,13022,7
Train,13023,4
Train,13024,9
Train,13025,4
Train,13026,7
Train,13027,8
Train,13028,0
Train,13029,6
Train,13030,0
Train,13031,0
Train,13032,1
Train,13033,2
Train,13034,9
Train,13035,2
Train,13036,2
Train,13037,1
Train,13038,4
Train,13039,7
Train,13040,1
Train,13041,8
Train,13042,2
Train,13043,0
Train,13044,1
Train,13045,5
Train,13046,6
Train,13047,2
Train,13048,5
Train,13049,6
Train,13050,5
Train,13051,0
Train,13052,1
Train,13053,3
Train,13054,8
Train,13055,0
Train,13056,1
Train,13057,5
Train,13058,7
Train,13059,2
Train,13060,0
Train,13061,3
Train,13062,3
Train,13063,9
Train,13064,3
Train,13065,1
Train,13066,6
Train,13067,5
Train,13068,0
Train,13069,0
Train,13070,9
Train,13071,2
Train,13072,8
Train,13073,5
Train,13074,9
Train,13075,2
Train,13076,6
Train,13077,6
Train,13078,9
Train,13079,8
Train,13080,6
Train,13081,2
Train,13082,3
Train,13083,7
Train,13084,0
Train,13085,3
Train,13086,0
Train,13087,5
Train,13088,1
Train,13089,3
Train,13090,0
Train,13091,3
Train,13092,7
Train,13093,3
Train,13094,3
Train,13095,8
Train,13096,9
Train,13097,5
Train,13098,1
Train,13099,1
Train,13100,5
Train,13101,6
Train,13102,4
Train,13103,5
Train,13104,5
Train,13105,7
Train,13106,0
Train,13107,2
Train,13108,1
Train,13109,8
Train,13110,0
Train,13111,5
Train,13112,5
Train,13113,7
Train,13114,2
Train,13115,8
Train,13116,8
Train,13117,6
Train,13118,1
Train,13119,7
Train,13120,6
Train,13121,5
Train,13122,1
Train,13123,6
Train,13124,7
Train,13125,9
Train,13126,7
Train,13127,6
Train,13128,9
Train,13129,1
Train,13130,2
Train,13131,8
Train,13132,7
Train,13133,9
Train,13134,4
Train,13135,7
Train,13136,7
Train,13137,6
Train,13138,9
Train,13139,8
Train,13140,6
Train,13141,2
Train,13142,5
Train,13143,6
Train,13144,1
Train,13145,4
Train,13146,7
Train,13147,7
Train,13148,9
Train,13149,1
Train,13150,5
Train,13151,5
Train,13152,1
Train,13153,6
Train,13154,2
Train,13155,9
Train,13156,1
Train,13157,8
Train,13158,1
Train,13159,5
Train,13160,9
Train,13161,5
Train,13162,6
Train,13163,2
Train,13164,4
Train,13165,0
Train,13166,1
Train,13167,3
Train,13168,6
Train,13169,8
Train,13170,3
Train,13171,7
Train,13172,9
Train,13173,5
Train,13174,0
Train,13175,8
Train,13176,6
Train,13177,2
Train,13178,7
Train,13179,2
Train,13180,6
Train,13181,0
Train,13182,7
Train,13183,4
Train,13184,6
Train,13185,7
Train,13186,4
Train,13187,5
Train,13188,6
Train,13189,3
Train,13190,5
Train,13191,1
Train,13192,7
Train,13193,7
Train,13194,0
Train,13195,2
Train,13196,4
Train,13197,8
Train,13198,7
Train,13199,9
Train,13200,7
Train,13201,3
Train,13202,3
Train,13203,5
Train,13204,3
Train,13205,3
Train,13206,0
Train,13207,1
Train,13208,9
Train,13209,6
Train,13210,4
Train,13211,9
Train,13212,4
Train,13213,6
Train,13214,9
Train,13215,4
Train,13216,6
Train,13217,1
Train,13218,1
Train,13219,7
Train,13220,6
Train,13221,3
Train,13222,3
Train,13223,0
Train,13224,7
Train,13225,0
Train,13226,2
Train,13227,8
Train,13228,2
Train,13229,0
Train,13230,0
Train,13231,4
Train,13232,2
Train,13233,8
Train,13234,1
Train,13235,3
Train,13236,5
Train,13237,7
Train,13238,0
Train,13239,1
Train,13240,1
Train,13241,8
Train,13242,1
Train,13243,2
Train,13244,1
Train,13245,5
Train,13246,5
Train,13247,3
Train,13248,0
Train,13249,5
Train,13250,2
Train,13251,5
Train,13252,5
Train,13253,3
Train,13254,3
Train,13255,9
Train,13256,5
Train,13257,5
Train,13258,8
Train,13259,3
Train,13260,0
Train,13261,6
Train,13262,1
Train,13263,9
Train,13264,1
Train,13265,9
Train,13266,8
Train,13267,7
Train,13268,7
Train,13269,4
Train,13270,2
Train,13271,7
Train,13272,7
Train,13273,2
Train,13274,8
Train,13275,2
Train,13276,7
Train,13277,1
Train,13278,2
Train,13279,4
Train,13280,7
Train,13281,3
Train,13282,4
Train,13283,5
Train,13284,7
Train,13285,5
Train,13286,2
Train,13287,3
Train,13288,5
Train,13289,0
Train,13290,2
Train,13291,6
Train,13292,4
Train,13293,8
Train,13294,9
Train,13295,7
Train,13296,1
Train,13297,3
Train,13298,9
Train,13299,7
Train,13300,2
Train,13301,1
Train,13302,3
Train,13303,4
Train,13304,7
Train,13305,8
Train,13306,6
Train,13307,4
Train,13308,9
Train,13309,4
Train,13310,4
Train,13311,1
Train,13312,0
Train,13313,3
Train,13314,2
Train,13315,8
Train,13316,5
Train,13317,1
Train,13318,2
Train,13319,4
Train,13320,9
Train,13321,2
Train,13322,8
Train,13323,1
Train,13324,0
Train,13325,8
Train,13326,0
Train,13327,1
Train,13328,3
Train,13329,3
Train,13330,3
Train,13331,6
Train,13332,1
Train,13333,7
Train,13334,0
Train,13335,6
Train,13336,7
Train,13337,9
Train,13338,8
Train,13339,7
Train,13340,2
Train,13341,2
Train,13342,9
Train,13343,9
Train,13344,6
Train,13345,5
Train,13346,9
Train,13347,7
Train,13348,0
Train,13349,3
Train,13350,8
Train,13351,7
Train,13352,5
Train,13353,7
Train,13354,6
Train,13355,8
Train,13356,5
Train,13357,0
Train,13358,9
Train,13359,5
Train,13360,5
Train,13361,5
Train,13362,2
Train,13363,4
Train,13364,9
Train,13365,6
Train,13366,1
Train,13367,6
Train,13368,0
Train,13369,8
Train,13370,9
Train,13371,3
Train,13372,7
Train,13373,7
Train,13374,1
Train,13375,5
Train,13376,7
Train,13377,7
Train,13378,7
Train,13379,9
Train,13380,9
Train,13381,9
Train,13382,0
Train,13383,6
Train,13384,9
Train,13385,4
Train,13386,8
Train,13387,5
Train,13388,8
Train,13389,6
Train,13390,6
Train,13391,4
Train,13392,5
Train,13393,3
Train,13394,7
Train,13395,4
Train,13396,3
Train,13397,2
Train,13398,2
Train,13399,9
Train,13400,0
Train,13401,0
Train,13402,1
Train,13403,6
Train,13404,8
Train,13405,5
Train,13406,8
Train,13407,9
Train,13408,2
Train,13409,7
Train,13410,6
Train,13411,5
Train,13412,4
Train,13413,2
Train,13414,6
Train,13415,2
Train,13416,4
Train,13417,1
Train,13418,2
Train,13419,0
Train,13420,0
Train,13421,9
Train,13422,1
Train,13423,7
Train,13424,2
Train,13425,8
Train,13426,8
Train,13427,4
Train,13428,4
Train,13429,9
Train,13430,7
Train,13431,2
Train,13432,6
Train,13433,2
Train,13434,0
Train,13435,2
Train,13436,0
Train,13437,2
Train,13438,2
Train,13439,3
Train,13440,6
Train,13441,6
Train,13442,7
Train,13443,3
Train,13444,1
Train,13445,7
Train,13446,3
Train,13447,2
Train,13448,2
Train,13449,8
Train,13450,7
Train,13451,4
Train,13452,6
Train,13453,4
Train,13454,9
Train,13455,6
Train,13456,5
Train,13457,0
Train,13458,3
Train,13459,0
Train,13460,8
Train,13461,5
Train,13462,1
Train,13463,3
Train,13464,4
Train,13465,2
Train,13466,4
Train,13467,0
Train,13468,1
Train,13469,4
Train,13470,1
Train,13471,3
Train,13472,4
Train,13473,0
Train,13474,9
Train,13475,9
Train,13476,8
Train,13477,2
Train,13478,2
Train,13479,6
Train,13480,0
Train,13481,8
Train,13482,7
Train,13483,0
Train,13484,6
Train,13485,2
Train,13486,2
Train,13487,2
Train,13488,1
Train,13489,0
Train,13490,0
Train,13491,9
Train,13492,2
Train,13493,7
Train,13494,7
Train,13495,6
Train,13496,6
Train,13497,0
Train,13498,4
Train,13499,5
Train,13500,6
Train,13501,8
Train,13502,3
Train,13503,9
Train,13504,8
Train,13505,1
Train,13506,2
Train,13507,0
Train,13508,1
Train,13509,1
Train,13510,4
Train,13511,6
Train,13512,9
Train,13513,4
Train,13514,7
Train,13515,6
Train,13516,7
Train,13517,5
Train,13518,3
Train,13519,8
Train,13520,9
Train,13521,7
Train,13522,0
Train,13523,1
Train,13524,2
Train,13525,7
Train,13526,1
Train,13527,5
Train,13528,5
Train,13529,9
Train,13530,3
Train,13531,9
Train,13532,5
Train,13533,3
Train,13534,1
Train,13535,8
Train,13536,4
Train,13537,6
Train,13538,9
Train,13539,7
Train,13540,7
Train,13541,3
Train,13542,2
Train,13543,1
Train,13544,1
Train,13545,8
Train,13546,8
Train,13547,7
Train,13548,5
Train,13549,0
Train,13550,6
Train,13551,5
Train,13552,3
Train,13553,8
Train,13554,6
Train,13555,1
Train,13556,2
Train,13557,2
Train,13558,1
Train,13559,2
Train,13560,3
Train,13561,0
Train,13562,8
Train,13563,1
Train,13564,2
Train,13565,8
Train,13566,7
Train,13567,2
Train,13568,4
Train,13569,7
Train,13570,0
Train,13571,1
Train,13572,8
Train,13573,6
Train,13574,8
Train,13575,0
Train,13576,8
Train,13577,9
Train,13578,0
Train,13579,5
Train,13580,9
Train,13581,3
Train,13582,8
Train,13583,0
Train,13584,3
Train,13585,2
Train,13586,9
Train,13587,8
Train,13588,9
Train,13589,6
Train,13590,3
Train,13591,8
Train,13592,5
Train,13593,3
Train,13594,0
Train,13595,3
Train,13596,6
Train,13597,7
Train,13598,5
Train,13599,9
Train,13600,6
Train,13601,3
Train,13602,3
Train,13603,6
Train,13604,5
Train,13605,7
Train,13606,8
Train,13607,6
Train,13608,1
Train,13609,9
Train,13610,5
Train,13611,6
Train,13612,3
Train,13613,0
Train,13614,8
Train,13615,1
Train,13616,8
Train,13617,6
Train,13618,5
Train,13619,6
Train,13620,8
Train,13621,2
Train,13622,7
Train,13623,8
Train,13624,5
Train,13625,9
Train,13626,2
Train,13627,0
Train,13628,7
Train,13629,0
Train,13630,3
Train,13631,7
Train,13632,7
Train,13633,8
Train,13634,6
Train,13635,6
Train,13636,4
Train,13637,2
Train,13638,7
Train,13639,2
Train,13640,2
Train,13641,8
Train,13642,9
Train,13643,2
Train,13644,5
Train,13645,7
Train,13646,4
Train,13647,1
Train,13648,2
Train,13649,0
Train,13650,0
Train,13651,5
Train,13652,4
Train,13653,3
Train,13654,4
Train,13655,2
Train,13656,0
Train,13657,9
Train,13658,5
Train,13659,2
Train,13660,0
Train,13661,3
Train,13662,9
Train,13663,4
Train,13664,4
Train,13665,9
Train,13666,8
Train,13667,1
Train,13668,0
Train,13669,9
Train,13670,9
Train,13671,2
Train,13672,8
Train,13673,5
Train,13674,8
Train,13675,2
Train,13676,5
Train,13677,2
Train,13678,3
Train,13679,5
Train,13680,5
Train,13681,4
Train,13682,2
Train,13683,6
Train,13684,8
Train,13685,5
Train,13686,3
Train,13687,6
Train,13688,3
Train,13689,5
Train,13690,9
Train,13691,4
Train,13692,6
Train,13693,8
Train,13694,8
Train,13695,8
Train,13696,7
Train,13697,1
Train,13698,2
Train,13699,9
Train,13700,3
Train,13701,1
Train,13702,8
Train,13703,7
Train,13704,9
Train,13705,9
Train,13706,7
Train,13707,0
Train,13708,4
Train,13709,7
Train,13710,0
Train,13711,9
Train,13712,0
Train,13713,1
Train,13714,0
Train,13715,4
Train,13716,0
Train,13717,9
Train,13718,7
Train,13719,6
Train,13720,8
Train,13721,5
Train,13722,1
Train,13723,6
Train,13724,9
Train,13725,3
Train,13726,4
Train,13727,2
Train,13728,8
Train,13729,8
Train,13730,9
Train,13731,8
Train,13732,7
Train,13733,3
Train,13734,6
Train,13735,2
Train,13736,6
Train,13737,7
Train,13738,8
Train,13739,9
Train,13740,1
Train,13741,7
Train,13742,1
Train,13743,8
Train,13744,8
Train,13745,9
Train,13746,4
Train,13747,0
Train,13748,3
Train,13749,7
Train,13750,3
Train,13751,0
Train,13752,2
Train,13753,6
Train,13754,6
Train,13755,1
Train,13756,6
Train,13757,2
Train,13758,5
Train,13759,2
Train,13760,4
Train,13761,2
Train,13762,4
Train,13763,1
Train,13764,4
Train,13765,5
Train,13766,1
Train,13767,9
Train,13768,1
Train,13769,4
Train,13770,2
Train,13771,9
Train,13772,4
Train,13773,5
Train,13774,1
Train,13775,7
Train,13776,6
Train,13777,2
Train,13778,4
Train,13779,9
Train,13780,9
Train,13781,5
Train,13782,9
Train,13783,6
Train,13784,1
Train,13785,4
Train,13786,2
Train,13787,4
Train,13788,8
Train,13789,7
Train,13790,7
Train,13791,9
Train,13792,5
Train,13793,3
Train,13794,2
Train,13795,9
Train,13796,6
Train,13797,6
Train,13798,9
Train,13799,7
Train,13800,0
Train,13801,0
Train,13802,6
Train,13803,4
Train,13804,6
Train,13805,5
Train,13806,6
Train,13807,9
Train,13808,8
Train,13809,9
Train,13810,8
Train,13811,3
Train,13812,2
Train,13813,3
Train,13814,2
Train,13815,4
Train,13816,8
Train,13817,0
Train,13818,7
Train,13819,2
Train,13820,2
Train,13821,1
Train,13822,3
Train,13823,1
Train,13824,3
Train,13825,6
Train,13826,3
Train,13827,9
Train,13828,4
Train,13829,5
Train,13830,3
Train,13831,2
Train,13832,4
Train,13833,0
Train,13834,4
Train,13835,0
Train,13836,8
Train,13837,2
Train,13838,6
Train,13839,1
Train,13840,5
Train,13841,0
Train,13842,5
Train,13843,1
Train,13844,6
Train,13845,1
Train,13846,4
Train,13847,6
Train,13848,2
Train,13849,1
Train,13850,0
Train,13851,8
Train,13852,1
Train,13853,2
Train,13854,8
Train,13855,4
Train,13856,2
Train,13857,3
Train,13858,1
Train,13859,8
Train,13860,0
Train,13861,0
Train,13862,3
Train,13863,4
Train,13864,0
Train,13865,5
Train,13866,6
Train,13867,9
Train,13868,8
Train,13869,9
Train,13870,9
Train,13871,4
Train,13872,5
Train,13873,3
Train,13874,8
Train,13875,4
Train,13876,0
Train,13877,1
Train,13878,6
Train,13879,2
Train,13880,0
Train,13881,9
Train,13882,4
Train,13883,8
Train,13884,1
Train,13885,5
Train,13886,8
Train,13887,4
Train,13888,7
Train,13889,9
Train,13890,6
Train,13891,2
Train,13892,7
Train,13893,8
Train,13894,0
Train,13895,1
Train,13896,4
Train,13897,1
Train,13898,2
Train,13899,1
Train,13900,7
Train,13901,2
Train,13902,0
Train,13903,4
Train,13904,9
Train,13905,4
Train,13906,9
Train,13907,3
Train,13908,1
Train,13909,4
Train,13910,9
Train,13911,5
Train,13912,8
Train,13913,3
Train,13914,3
Train,13915,0
Train,13916,6
Train,13917,9
Train,13918,3
Train,13919,9
Train,13920,6
Train,13921,6
Train,13922,1
Train,13923,8
Train,13924,1
Train,13925,3
Train,13926,5
Train,13927,4
Train,13928,3
Train,13929,8
Train,13930,5
Train,13931,3
Train,13932,6
Train,13933,4
Train,13934,2
Train,13935,7
Train,13936,2
Train,13937,0
Train,13938,6
Train,13939,6
Train,13940,1
Train,13941,3
Train,13942,7
Train,13943,4
Train,13944,1
Train,13945,4
Train,13946,4
Train,13947,7
Train,13948,5
Train,13949,6
Train,13950,7
Train,13951,0
Train,13952,1
Train,13953,3
Train,13954,8
Train,13955,2
Train,13956,6
Train,13957,3
Train,13958,8
Train,13959,4
Train,13960,5
Train,13961,7
Train,13962,9
Train,13963,9
Train,13964,0
Train,13965,6
Train,13966,0
Train,13967,8
Train,13968,1
Train,13969,9
Train,13970,2
Train,13971,3
Train,13972,4
Train,13973,1
Train,13974,7
Train,13975,7
Train,13976,3
Train,13977,7
Train,13978,4
Train,13979,0
Train,13980,5
Train,13981,8
Train,13982,8
Train,13983,5
Train,13984,4
Train,13985,2
Train,13986,3
Train,13987,4
Train,13988,6
Train,13989,2
Train,13990,5
Train,13991,3
Train,13992,8
Train,13993,4
Train,13994,1
Train,13995,4
Train,13996,1
Train,13997,1
Train,13998,5
Train,13999,1
Train,14000,4
Train,14001,5
Train,14002,7
Train,14003,6
Train,14004,5
Train,14005,1
Train,14006,1
Train,14007,1
Train,14008,9
Train,14009,6
Train,14010,8
Train,14011,8
Train,14012,2
Train,14013,2
Train,14014,3
Train,14015,5
Train,14016,9
Train,14017,2
Train,14018,3
Train,14019,4
Train,14020,9
Train,14021,2
Train,14022,4
Train,14023,0
Train,14024,6
Train,14025,0
Train,14026,5
Train,14027,6
Train,14028,8
Train,14029,2
Train,14030,3
Train,14031,3
Train,14032,3
Train,14033,5
Train,14034,5
Train,14035,1
Train,14036,4
Train,14037,8
Train,14038,4
Train,14039,6
Train,14040,1
Train,14041,4
Train,14042,6
Train,14043,6
Train,14044,7
Train,14045,8
Train,14046,8
Train,14047,3
Train,14048,1
Train,14049,8
Train,14050,7
Train,14051,4
Train,14052,0
Train,14053,9
Train,14054,8
Train,14055,1
Train,14056,0
Train,14057,7
Train,14058,8
Train,14059,9
Train,14060,4
Train,14061,1
Train,14062,2
Train,14063,2
Train,14064,3
Train,14065,6
Train,14066,7
Train,14067,1
Train,14068,1
Train,14069,0
Train,14070,3
Train,14071,9
Train,14072,9
Train,14073,4
Train,14074,1
Train,14075,4
Train,14076,5
Train,14077,9
Train,14078,2
Train,14079,0
Train,14080,0
Train,14081,7
Train,14082,4
Train,14083,9
Train,14084,6
Train,14085,2
Train,14086,7
Train,14087,4
Train,14088,2
Train,14089,3
Train,14090,4
Train,14091,3
Train,14092,1
Train,14093,5
Train,14094,2
Train,14095,7
Train,14096,1
Train,14097,9
Train,14098,6
Train,14099,9
Train,14100,9
Train,14101,1
Train,14102,7
Train,14103,5
Train,14104,4
Train,14105,4
Train,14106,2
Train,14107,3
Train,14108,3
Train,14109,7
Train,14110,1
Train,14111,4
Train,14112,9
Train,14113,4
Train,14114,2
Train,14115,3
Train,14116,0
Train,14117,1
Train,14118,3
Train,14119,5
Train,14120,2
Train,14121,5
Train,14122,3
Train,14123,8
Train,14124,0
Train,14125,3
Train,14126,7
Train,14127,2
Train,14128,0
Train,14129,1
Train,14130,7
Train,14131,6
Train,14132,8
Train,14133,6
Train,14134,4
Train,14135,2
Train,14136,0
Train,14137,0
Train,14138,0
Train,14139,6
Train,14140,5
Train,14141,8
Train,14142,4
Train,14143,7
Train,14144,7
Train,14145,1
Train,14146,2
Train,14147,4
Train,14148,3
Train,14149,8
Train,14150,7
Train,14151,4
Train,14152,4
Train,14153,0
Train,14154,2
Train,14155,3
Train,14156,2
Train,14157,2
Train,14158,8
Train,14159,5
Train,14160,5
Train,14161,3
Train,14162,6
Train,14163,6
Train,14164,4
Train,14165,1
Train,14166,8
Train,14167,1
Train,14168,1
Train,14169,0
Train,14170,9
Train,14171,3
Train,14172,2
Train,14173,9
Train,14174,2
Train,14175,2
Train,14176,8
Train,14177,9
Train,14178,6
Train,14179,9
Train,14180,2
Train,14181,4
Train,14182,1
Train,14183,8
Train,14184,5
Train,14185,5
Train,14186,4
Train,14187,3
Train,14188,6
Train,14189,9
Train,14190,0
Train,14191,7
Train,14192,2
Train,14193,0
Train,14194,0
Train,14195,2
Train,14196,7
Train,14197,9
Train,14198,9
Train,14199,2
Train,14200,6
Train,14201,1
Train,14202,7
Train,14203,0
Train,14204,1
Train,14205,9
Train,14206,2
Train,14207,8
Train,14208,8
Train,14209,1
Train,14210,0
Train,14211,8
Train,14212,6
Train,14213,0
Train,14214,7
Train,14215,7
Train,14216,0
Train,14217,9
Train,14218,7
Train,14219,7
Train,14220,9
Train,14221,5
Train,14222,7
Train,14223,5
Train,14224,9
Train,14225,3
Train,14226,4
Train,14227,5
Train,14228,2
Train,14229,2
Train,14230,3
Train,14231,6
Train,14232,3
Train,14233,7
Train,14234,3
Train,14235,4
Train,14236,6
Train,14237,3
Train,14238,1
Train,14239,3
Train,14240,1
Train,14241,6
Train,14242,7
Train,14243,4
Train,14244,4
Train,14245,8
Train,14246,5
Train,14247,1
Train,14248,2
Train,14249,1
Train,14250,9
Train,14251,4
Train,14252,2
Train,14253,3
Train,14254,7
Train,14255,4
Train,14256,4
Train,14257,6
Train,14258,4
Train,14259,5
Train,14260,8
Train,14261,7
Train,14262,4
Train,14263,4
Train,14264,3
Train,14265,9
Train,14266,2
Train,14267,6
Train,14268,0
Train,14269,3
Train,14270,2
Train,14271,9
Train,14272,7
Train,14273,5
Train,14274,6
Train,14275,0
Train,14276,5
Train,14277,8
Train,14278,9
Train,14279,9
Train,14280,2
Train,14281,8
Train,14282,3
Train,14283,4
Train,14284,4
Train,14285,2
Train,14286,8
Train,14287,8
Train,14288,1
Train,14289,3
Train,14290,7
Train,14291,6
Train,14292,8
Train,14293,6
Train,14294,2
Train,14295,9
Train,14296,2
Train,14297,3
Train,14298,5
Train,14299,2
Train,14300,1
Train,14301,7
Train,14302,1
Train,14303,4
Train,14304,2
Train,14305,4
Train,14306,8
Train,14307,0
Train,14308,2
Train,14309,0
Train,14310,4
Train,14311,1
Train,14312,0
Train,14313,3
Train,14314,2
Train,14315,3
Train,14316,4
Train,14317,2
Train,14318,8
Train,14319,7
Train,14320,5
Train,14321,3
Train,14322,5
Train,14323,9
Train,14324,4
Train,14325,0
Train,14326,9
Train,14327,2
Train,14328,8
Train,14329,0
Train,14330,3
Train,14331,5
Train,14332,9
Train,14333,7
Train,14334,0
Train,14335,0
Train,14336,1
Train,14337,5
Train,14338,9
Train,14339,1
Train,14340,3
Train,14341,0
Train,14342,6
Train,14343,0
Train,14344,3
Train,14345,6
Train,14346,5
Train,14347,0
Train,14348,8
Train,14349,7
Train,14350,0
Train,14351,1
Train,14352,6
Train,14353,2
Train,14354,8
Train,14355,5
Train,14356,7
Train,14357,9
Train,14358,1
Train,14359,4
Train,14360,2
Train,14361,9
Train,14362,4
Train,14363,7
Train,14364,2
Train,14365,0
Train,14366,5
Train,14367,1
Train,14368,3
Train,14369,8
Train,14370,7
Train,14371,2
Train,14372,7
Train,14373,3
Train,14374,7
Train,14375,7
Train,14376,1
Train,14377,4
Train,14378,1
Train,14379,1
Train,14380,3
Train,14381,1
Train,14382,4
Train,14383,2
Train,14384,1
Train,14385,4
Train,14386,3
Train,14387,9
Train,14388,4
Train,14389,8
Train,14390,0
Train,14391,5
Train,14392,6
Train,14393,0
Train,14394,7
Train,14395,6
Train,14396,4
Train,14397,4
Train,14398,7
Train,14399,2
Train,14400,7
Train,14401,9
Train,14402,8
Train,14403,7
Train,14404,2
Train,14405,5
Train,14406,9
Train,14407,0
Train,14408,5
Train,14409,1
Train,14410,4
Train,14411,6
Train,14412,4
Train,14413,0
Train,14414,6
Train,14415,4
Train,14416,7
Train,14417,1
Train,14418,4
Train,14419,3
Train,14420,9
Train,14421,2
Train,14422,3
Train,14423,2
Train,14424,9
Train,14425,1
Train,14426,2
Train,14427,8
Train,14428,6
Train,14429,4
Train,14430,7
Train,14431,7
Train,14432,5
Train,14433,9
Train,14434,0
Train,14435,2
Train,14436,9
Train,14437,5
Train,14438,8
Train,14439,2
Train,14440,4
Train,14441,0
Train,14442,8
Train,14443,6
Train,14444,6
Train,14445,1
Train,14446,7
Train,14447,4
Train,14448,1
Train,14449,7
Train,14450,0
Train,14451,1
Train,14452,7
Train,14453,5
Train,14454,3
Train,14455,1
Train,14456,0
Train,14457,6
Train,14458,9
Train,14459,2
Train,14460,0
Train,14461,1
Train,14462,9
Train,14463,2
Train,14464,8
Train,14465,5
Train,14466,3
Train,14467,9
Train,14468,0
Train,14469,4
Train,14470,1
Train,14471,9
Train,14472,2
Train,14473,2
Train,14474,4
Train,14475,9
Train,14476,6
Train,14477,5
Train,14478,2
Train,14479,0
Train,14480,6
Train,14481,1
Train,14482,0
Train,14483,8
Train,14484,4
Train,14485,3
Train,14486,0
Train,14487,0
Train,14488,0
Train,14489,7
Train,14490,4
Train,14491,3
Train,14492,4
Train,14493,7
Train,14494,3
Train,14495,5
Train,14496,2
Train,14497,8
Train,14498,1
Train,14499,0
Train,14500,2
Train,14501,1
Train,14502,1
Train,14503,7
Train,14504,5
Train,14505,6
Train,14506,9
Train,14507,1
Train,14508,6
Train,14509,0
Train,14510,9
Train,14511,3
Train,14512,1
Train,14513,6
Train,14514,6
Train,14515,9
Train,14516,4
Train,14517,7
Train,14518,1
Train,14519,1
Train,14520,0
Train,14521,4
Train,14522,5
Train,14523,9
Train,14524,1
Train,14525,9
Train,14526,3
Train,14527,3
Train,14528,0
Train,14529,8
Train,14530,5
Train,14531,7
Train,14532,4
Train,14533,5
Train,14534,0
Train,14535,4
Train,14536,3
Train,14537,7
Train,14538,1
Train,14539,8
Train,14540,7
Train,14541,9
Train,14542,8
Train,14543,3
Train,14544,6
Train,14545,9
Train,14546,1
Train,14547,6
Train,14548,0
Train,14549,1
Train,14550,0
Train,14551,8
Train,14552,9
Train,14553,6
Train,14554,3
Train,14555,4
Train,14556,7
Train,14557,4
Train,14558,3
Train,14559,2
Train,14560,4
Train,14561,7
Train,14562,9
Train,14563,9
Train,14564,9
Train,14565,8
Train,14566,4
Train,14567,0
Train,14568,3
Train,14569,2
Train,14570,5
Train,14571,9
Train,14572,9
Train,14573,4
Train,14574,3
Train,14575,3
Train,14576,4
Train,14577,7
Train,14578,3
Train,14579,5
Train,14580,3
Train,14581,8
Train,14582,7
Train,14583,2
Train,14584,4
Train,14585,0
Train,14586,9
Train,14587,8
Train,14588,2
Train,14589,7
Train,14590,3
Train,14591,0
Train,14592,0
Train,14593,1
Train,14594,0
Train,14595,2
Train,14596,7
Train,14597,0
Train,14598,1
Train,14599,9
Train,14600,4
Train,14601,2
Train,14602,2
Train,14603,7
Train,14604,6
Train,14605,3
Train,14606,8
Train,14607,4
Train,14608,6
Train,14609,9
Train,14610,9
Train,14611,7
Train,14612,4
Train,14613,8
Train,14614,7
Train,14615,0
Train,14616,9
Train,14617,9
Train,14618,4
Train,14619,2
Train,14620,2
Train,14621,6
Train,14622,6
Train,14623,3
Train,14624,8
Train,14625,6
Train,14626,9
Train,14627,5
Train,14628,6
Train,14629,6
Train,14630,7
Train,14631,6
Train,14632,5
Train,14633,7
Train,14634,4
Train,14635,4
Train,14636,7
Train,14637,8
Train,14638,6
Train,14639,6
Train,14640,2
Train,14641,7
Train,14642,8
Train,14643,1
Train,14644,4
Train,14645,4
Train,14646,2
Train,14647,3
Train,14648,8
Train,14649,4
Train,14650,5
Train,14651,3
Train,14652,0
Train,14653,7
Train,14654,0
Train,14655,2
Train,14656,4
Train,14657,5
Train,14658,2
Train,14659,1
Train,14660,6
Train,14661,9
Train,14662,1
Train,14663,5
Train,14664,4
Train,14665,8
Train,14666,0
Train,14667,4
Train,14668,1
Train,14669,5
Train,14670,4
Train,14671,7
Train,14672,2
Train,14673,5
Train,14674,3
Train,14675,2
Train,14676,1
Train,14677,5
Train,14678,6
Train,14679,6
Train,14680,7
Train,14681,5
Train,14682,5
Train,14683,9
Train,14684,8
Train,14685,3
Train,14686,7
Train,14687,9
Train,14688,2
Train,14689,0
Train,14690,4
Train,14691,5
Train,14692,7
Train,14693,8
Train,14694,6
Train,14695,9
Train,14696,5
Train,14697,2
Train,14698,0
Train,14699,4
Train,14700,5
Train,14701,6
Train,14702,3
Train,14703,3
Train,14704,4
Train,14705,9
Train,14706,3
Train,14707,5
Train,14708,0
Train,14709,3
Train,14710,8
Train,14711,8
Train,14712,0
Train,14713,1
Train,14714,8
Train,14715,2
Train,14716,1
Train,14717,1
Train,14718,8
Train,14719,6
Train,14720,2
Train,14721,1
Train,14722,1
Train,14723,9
Train,14724,5
Train,14725,7
Train,14726,4
Train,14727,0
Train,14728,8
Train,14729,8
Train,14730,3
Train,14731,9
Train,14732,0
Train,14733,7
Train,14734,5
Train,14735,3
Train,14736,8
Train,14737,4
Train,14738,7
Train,14739,2
Train,14740,1
Train,14741,7
Train,14742,7
Train,14743,9
Train,14744,4
Train,14745,7
Train,14746,6
Train,14747,4
Train,14748,5
Train,14749,6
Train,14750,5
Train,14751,3
Train,14752,2
Train,14753,8
Train,14754,0
Train,14755,6
Train,14756,2
Train,14757,7
Train,14758,7
Train,14759,5
Train,14760,5
Train,14761,2
Train,14762,5
Train,14763,5
Train,14764,1
Train,14765,9
Train,14766,8
Train,14767,8
Train,14768,2
Train,14769,2
Train,14770,2
Train,14771,7
Train,14772,6
Train,14773,4
Train,14774,2
Train,14775,7
Train,14776,1
Train,14777,4
Train,14778,0
Train,14779,3
Train,14780,7
Train,14781,4
Train,14782,0
Train,14783,9
Train,14784,9
Train,14785,2
Train,14786,4
Train,14787,4
Train,14788,7
Train,14789,4
Train,14790,8
Train,14791,5
Train,14792,5
Train,14793,2
Train,14794,3
Train,14795,1
Train,14796,0
Train,14797,5
Train,14798,4
Train,14799,7
Train,14800,3
Train,14801,7
Train,14802,5
Train,14803,9
Train,14804,8
Train,14805,1
Train,14806,0
Train,14807,0
Train,14808,7
Train,14809,9
Train,14810,4
Train,14811,2
Train,14812,2
Train,14813,9
Train,14814,2
Train,14815,4
Train,14816,4
Train,14817,3
Train,14818,7
Train,14819,2
Train,14820,3
Train,14821,8
Train,14822,7
Train,14823,8
Train,14824,6
Train,14825,9
Train,14826,8
Train,14827,4
Train,14828,6
Train,14829,2
Train,14830,6
Train,14831,8
Train,14832,8
Train,14833,6
Train,14834,2
Train,14835,2
Train,14836,1
Train,14837,7
Train,14838,6
Train,14839,2
Train,14840,2
Train,14841,5
Train,14842,2
Train,14843,2
Train,14844,1
Train,14845,6
Train,14846,8
Train,14847,9
Train,14848,0
Train,14849,1
Train,14850,5
Train,14851,1
Train,14852,4
Train,14853,4
Train,14854,8
Train,14855,1
Train,14856,0
Train,14857,4
Train,14858,4
Train,14859,1
Train,14860,2
Train,14861,3
Train,14862,7
Train,14863,7
Train,14864,6
Train,14865,7
Train,14866,8
Train,14867,0
Train,14868,9
Train,14869,4
Train,14870,8
Train,14871,1
Train,14872,8
Train,14873,6
Train,14874,1
Train,14875,5
Train,14876,8
Train,14877,0
Train,14878,1
Train,14879,4
Train,14880,9
Train,14881,5
Train,14882,4
Train,14883,8
Train,14884,6
Train,14885,9
Train,14886,4
Train,14887,2
Train,14888,4
Train,14889,6
Train,14890,1
Train,14891,8
Train,14892,9
Train,14893,4
Train,14894,6
Train,14895,9
Train,14896,5
Train,14897,7
Train,14898,0
Train,14899,2
Train,14900,1
Train,14901,8
Train,14902,9
Train,14903,2
Train,14904,1
Train,14905,4
Train,14906,6
Train,14907,4
Train,14908,5
Train,14909,0
Train,14910,7
Train,14911,4
Train,14912,1
Train,14913,9
Train,14914,4
Train,14915,2
Train,14916,6
Train,14917,9
Train,14918,2
Train,14919,3
Train,14920,3
Train,14921,4
Train,14922,8
Train,14923,4
Train,14924,3
Train,14925,4
Train,14926,2
Train,14927,1
Train,14928,7
Train,14929,5
Train,14930,2
Train,14931,5
Train,14932,5
Train,14933,4
Train,14934,8
Train,14935,4
Train,14936,3
Train,14937,4
Train,14938,3
Train,14939,7
Train,14940,6
Train,14941,3
Train,14942,3
Train,14943,4
Train,14944,7
Train,14945,0
Train,14946,2
Train,14947,7
Train,14948,0
Train,14949,0
Train,14950,6
Train,14951,6
Train,14952,5
Train,14953,9
Train,14954,9
Train,14955,7
Train,14956,4
Train,14957,4
Train,14958,0
Train,14959,6
Train,14960,5
Train,14961,5
Train,14962,3
Train,14963,5
Train,14964,1
Train,14965,5
Train,14966,1
Train,14967,1
Train,14968,3
Train,14969,8
Train,14970,9
Train,14971,8
Train,14972,3
Train,14973,6
Train,14974,4
Train,14975,5
Train,14976,7
Train,14977,7
Train,14978,1
Train,14979,8
Train,14980,7
Train,14981,6
Train,14982,8
Train,14983,7
Train,14984,6
Train,14985,9
Train,14986,3
Train,14987,5
Train,14988,2
Train,14989,7
Train,14990,9
Train,14991,8
Train,14992,5
Train,14993,3
Train,14994,6
Train,14995,1
Train,14996,4
Train,14997,4
Train,14998,9
Train,14999,6
Train,15000,0
Train,15001,6
Train,15002,7
Train,15003,0
Train,15004,4
Train,15005,9
Train,15006,5
Train,15007,8
Train,15008,0
Train,15009,4
Train,15010,3
Train,15011,8
Train,15012,4
Train,15013,7
Train,15014,1
Train,15015,8
Train,15016,3
Train,15017,5
Train,15018,4
Train,15019,5
Train,15020,7
Train,15021,4
Train,15022,8
Train,15023,6
Train,15024,4
Train,15025,8
Train,15026,6
Train,15027,9
Train,15028,6
Train,15029,5
Train,15030,0
Train,15031,9
Train,15032,5
Train,15033,9
Train,15034,2
Train,15035,6
Train,15036,4
Train,15037,7
Train,15038,6
Train,15039,6
Train,15040,6
Train,15041,6
Train,15042,1
Train,15043,8
Train,15044,0
Train,15045,7
Train,15046,8
Train,15047,7
Train,15048,6
Train,15049,8
Train,15050,6
Train,15051,1
Train,15052,6
Train,15053,3
Train,15054,2
Train,15055,7
Train,15056,9
Train,15057,3
Train,15058,7
Train,15059,1
Train,15060,6
Train,15061,1
Train,15062,9
Train,15063,6
Train,15064,6
Train,15065,2
Train,15066,9
Train,15067,7
Train,15068,2
Train,15069,1
Train,15070,7
Train,15071,6
Train,15072,7
Train,15073,7
Train,15074,5
Train,15075,6
Train,15076,6
Train,15077,0
Train,15078,6
Train,15079,7
Train,15080,3
Train,15081,7
Train,15082,9
Train,15083,3
Train,15084,6
Train,15085,9
Train,15086,0
Train,15087,0
Train,15088,2
Train,15089,5
Train,15090,9
Train,15091,2
Train,15092,8
Train,15093,6
Train,15094,2
Train,15095,4
Train,15096,9
Train,15097,0
Train,15098,7
Train,15099,7
Train,15100,1
Train,15101,9
Train,15102,0
Train,15103,5
Train,15104,9
Train,15105,4
Train,15106,3
Train,15107,6
Train,15108,3
Train,15109,2
Train,15110,6
Train,15111,8
Train,15112,4
Train,15113,0
Train,15114,1
Train,15115,0
Train,15116,6
Train,15117,7
Train,15118,2
Train,15119,9
Train,15120,7
Train,15121,2
Train,15122,3
Train,15123,9
Train,15124,2
Train,15125,2
Train,15126,4
Train,15127,3
Train,15128,8
Train,15129,3
Train,15130,5
Train,15131,4
Train,15132,7
Train,15133,5
Train,15134,2
Train,15135,8
Train,15136,7
Train,15137,0
Train,15138,3
Train,15139,2
Train,15140,4
Train,15141,9
Train,15142,9
Train,15143,4
Train,15144,2
Train,15145,3
Train,15146,2
Train,15147,0
Train,15148,7
Train,15149,0
Train,15150,9
Train,15151,1
Train,15152,4
Train,15153,0
Train,15154,3
Train,15155,4
Train,15156,3
Train,15157,7
Train,15158,4
Train,15159,9
Train,15160,2
Train,15161,8
Train,15162,1
Train,15163,6
Train,15164,8
Train,15165,6
Train,15166,5
Train,15167,7
Train,15168,4
Train,15169,3
Train,15170,4
Train,15171,9
Train,15172,1
Train,15173,2
Train,15174,8
Train,15175,3
Train,15176,2
Train,15177,5
Train,15178,4
Train,15179,6
Train,15180,9
Train,15181,3
Train,15182,2
Train,15183,1
Train,15184,2
Train,15185,6
Train,15186,5
Train,15187,9
Train,15188,9
Train,15189,2
Train,15190,9
Train,15191,0
Train,15192,6
Train,15193,6
Train,15194,7
Train,15195,1
Train,15196,4
Train,15197,9
Train,15198,8
Train,15199,4
Train,15200,2
Train,15201,4
Train,15202,3
Train,15203,4
Train,15204,9
Train,15205,1
Train,15206,8
Train,15207,5
Train,15208,7
Train,15209,9
Train,15210,3
Train,15211,6
Train,15212,2
Train,15213,5
Train,15214,2
Train,15215,9
Train,15216,7
Train,15217,3
Train,15218,6
Train,15219,5
Train,15220,6
Train,15221,9
Train,15222,7
Train,15223,8
Train,15224,3
Train,15225,0
Train,15226,3
Train,15227,6
Train,15228,3
Train,15229,5
Train,15230,2
Train,15231,6
Train,15232,6
Train,15233,5
Train,15234,3
Train,15235,7
Train,15236,0
Train,15237,8
Train,15238,4
Train,15239,8
Train,15240,0
Train,15241,8
Train,15242,5
Train,15243,4
Train,15244,9
Train,15245,7
Train,15246,3
Train,15247,3
Train,15248,1
Train,15249,9
Train,15250,8
Train,15251,3
Train,15252,9
Train,15253,4
Train,15254,4
Train,15255,0
Train,15256,4
Train,15257,5
Train,15258,0
Train,15259,4
Train,15260,8
Train,15261,1
Train,15262,2
Train,15263,9
Train,15264,9
Train,15265,3
Train,15266,3
Train,15267,4
Train,15268,8
Train,15269,3
Train,15270,7
Train,15271,7
Train,15272,6
Train,15273,1
Train,15274,9
Train,15275,1
Train,15276,8
Train,15277,2
Train,15278,3
Train,15279,3
Train,15280,9
Train,15281,1
Train,15282,7
Train,15283,7
Train,15284,3
Train,15285,2
Train,15286,1
Train,15287,9
Train,15288,0
Train,15289,2
Train,15290,7
Train,15291,6
Train,15292,7
Train,15293,5
Train,15294,6
Train,15295,1
Train,15296,7
Train,15297,2
Train,15298,3
Train,15299,1
Train,15300,3
Train,15301,5
Train,15302,9
Train,15303,2
Train,15304,0
Train,15305,3
Train,15306,1
Train,15307,4
Train,15308,1
Train,15309,0
Train,15310,2
Train,15311,3
Train,15312,5
Train,15313,3
Train,15314,2
Train,15315,1
Train,15316,6
Train,15317,7
Train,15318,0
Train,15319,5
Train,15320,5
Train,15321,3
Train,15322,8
Train,15323,8
Train,15324,7
Train,15325,7
Train,15326,2
Train,15327,7
Train,15328,8
Train,15329,8
Train,15330,9
Train,15331,9
Train,15332,7
Train,15333,0
Train,15334,8
Train,15335,3
Train,15336,5
Train,15337,9
Train,15338,6
Train,15339,4
Train,15340,5
Train,15341,3
Train,15342,4
Train,15343,6
Train,15344,7
Train,15345,3
Train,15346,8
Train,15347,5
Train,15348,4
Train,15349,6
Train,15350,9
Train,15351,6
Train,15352,0
Train,15353,0
Train,15354,5
Train,15355,7
Train,15356,2
Train,15357,1
Train,15358,7
Train,15359,7
Train,15360,6
Train,15361,3
Train,15362,5
Train,15363,1
Train,15364,7
Train,15365,5
Train,15366,7
Train,15367,8
Train,15368,9
Train,15369,2
Train,15370,5
Train,15371,5
Train,15372,3
Train,15373,9
Train,15374,8
Train,15375,9
Train,15376,2
Train,15377,4
Train,15378,5
Train,15379,0
Train,15380,2
Train,15381,1
Train,15382,9
Train,15383,3
Train,15384,9
Train,15385,6
Train,15386,1
Train,15387,6
Train,15388,3
Train,15389,1
Train,15390,6
Train,15391,7
Train,15392,3
Train,15393,5
Train,15394,1
Train,15395,4
Train,15396,0
Train,15397,3
Train,15398,2
Train,15399,4
Train,15400,7
Train,15401,9
Train,15402,6
Train,15403,5
Train,15404,2
Train,15405,8
Train,15406,4
Train,15407,8
Train,15408,5
Train,15409,4
Train,15410,6
Train,15411,3
Train,15412,3
Train,15413,7
Train,15414,0
Train,15415,4
Train,15416,8
Train,15417,3
Train,15418,8
Train,15419,2
Train,15420,9
Train,15421,3
Train,15422,8
Train,15423,1
Train,15424,6
Train,15425,1
Train,15426,4
Train,15427,7
Train,15428,4
Train,15429,8
Train,15430,2
Train,15431,5
Train,15432,5
Train,15433,7
Train,15434,4
Train,15435,0
Train,15436,0
Train,15437,1
Train,15438,8
Train,15439,0
Train,15440,6
Train,15441,4
Train,15442,6
Train,15443,2
Train,15444,3
Train,15445,6
Train,15446,4
Train,15447,1
Train,15448,3
Train,15449,5
Train,15450,5
Train,15451,1
Train,15452,0
Train,15453,3
Train,15454,4
Train,15455,8
Train,15456,1
Train,15457,6
Train,15458,6
Train,15459,7
Train,15460,1
Train,15461,1
Train,15462,1
Train,15463,9
Train,15464,2
Train,15465,0
Train,15466,0
Train,15467,3
Train,15468,2
Train,15469,1
Train,15470,3
Train,15471,3
Train,15472,7
Train,15473,0
Train,15474,6
Train,15475,5
Train,15476,5
Train,15477,2
Train,15478,6
Train,15479,6
Train,15480,9
Train,15481,7
Train,15482,4
Train,15483,0
Train,15484,6
Train,15485,5
Train,15486,1
Train,15487,4
Train,15488,5
Train,15489,6
Train,15490,8
Train,15491,8
Train,15492,6
Train,15493,3
Train,15494,0
Train,15495,9
Train,15496,1
Train,15497,6
Train,15498,6
Train,15499,5
Train,15500,0
Train,15501,9
Train,15502,0
Train,15503,4
Train,15504,8
Train,15505,2
Train,15506,1
Train,15507,9
Train,15508,4
Train,15509,0
Train,15510,5
Train,15511,7
Train,15512,1
Train,15513,6
Train,15514,7
Train,15515,4
Train,15516,0
Train,15517,6
Train,15518,1
Train,15519,4
Train,15520,8
Train,15521,7
Train,15522,2
Train,15523,3
Train,15524,1
Train,15525,4
Train,15526,4
Train,15527,5
Train,15528,1
Train,15529,2
Train,15530,4
Train,15531,6
Train,15532,4
Train,15533,4
Train,15534,6
Train,15535,1
Train,15536,6
Train,15537,4
Train,15538,4
Train,15539,7
Train,15540,9
Train,15541,0
Train,15542,0
Train,15543,7
Train,15544,5
Train,15545,3
Train,15546,0
Train,15547,7
Train,15548,0
Train,15549,5
Train,15550,7
Train,15551,7
Train,15552,6
Train,15553,8
Train,15554,0
Train,15555,3
Train,15556,5
Train,15557,1
Train,15558,1
Train,15559,1
Train,15560,2
Train,15561,9
Train,15562,3
Train,15563,2
Train,15564,7
Train,15565,2
Train,15566,9
Train,15567,7
Train,15568,2
Train,15569,6
Train,15570,9
Train,15571,0
Train,15572,0
Train,15573,8
Train,15574,1
Train,15575,5
Train,15576,2
Train,15577,1
Train,15578,4
Train,15579,7
Train,15580,0
Train,15581,0
Train,15582,4
Train,15583,1
Train,15584,2
Train,15585,2
Train,15586,9
Train,15587,4
Train,15588,9
Train,15589,2
Train,15590,0
Train,15591,5
Train,15592,6
Train,15593,2
Train,15594,0
Train,15595,3
Train,15596,4
Train,15597,9
Train,15598,2
Train,15599,7
Train,15600,6
Train,15601,1
Train,15602,5
Train,15603,3
Train,15604,7
Train,15605,8
Train,15606,5
Train,15607,8
Train,15608,6
Train,15609,1
Train,15610,1
Train,15611,2
Train,15612,6
Train,15613,7
Train,15614,3
Train,15615,8
Train,15616,9
Train,15617,8
Train,15618,8
Train,15619,8
Train,15620,0
Train,15621,2
Train,15622,0
Train,15623,0
Train,15624,4
Train,15625,4
Train,15626,7
Train,15627,4
Train,15628,0
Train,15629,8
Train,15630,8
Train,15631,6
Train,15632,1
Train,15633,1
Train,15634,6
Train,15635,8
Train,15636,0
Train,15637,9
Train,15638,2
Train,15639,2
Train,15640,3
Train,15641,3
Train,15642,3
Train,15643,4
Train,15644,7
Train,15645,4
Train,15646,1
Train,15647,7
Train,15648,8
Train,15649,2
Train,15650,6
Train,15651,6
Train,15652,9
Train,15653,5
Train,15654,2
Train,15655,1
Train,15656,4
Train,15657,6
Train,15658,2
Train,15659,3
Train,15660,4
Train,15661,0
Train,15662,1
Train,15663,4
Train,15664,6
Train,15665,1
Train,15666,4
Train,15667,4
Train,15668,4
Train,15669,1
Train,15670,1
Train,15671,8
Train,15672,5
Train,15673,2
Train,15674,4
Train,15675,6
Train,15676,8
Train,15677,0
Train,15678,0
Train,15679,7
Train,15680,9
Train,15681,8
Train,15682,3
Train,15683,4
Train,15684,4
Train,15685,5
Train,15686,5
Train,15687,9
Train,15688,8
Train,15689,0
Train,15690,9
Train,15691,7
Train,15692,1
Train,15693,9
Train,15694,9
Train,15695,2
Train,15696,2
Train,15697,2
Train,15698,8
Train,15699,8
Train,15700,2
Train,15701,5
Train,15702,1
Train,15703,4
Train,15704,1
Train,15705,2
Train,15706,3
Train,15707,0
Train,15708,5
Train,15709,5
Train,15710,1
Train,15711,1
Train,15712,7
Train,15713,5
Train,15714,3
Train,15715,4
Train,15716,8
Train,15717,2
Train,15718,4
Train,15719,6
Train,15720,7
Train,15721,8
Train,15722,6
Train,15723,4
Train,15724,5
Train,15725,9
Train,15726,6
Train,15727,8
Train,15728,5
Train,15729,9
Train,15730,4
Train,15731,2
Train,15732,7
Train,15733,5
Train,15734,4
Train,15735,0
Train,15736,5
Train,15737,4
Train,15738,1
Train,15739,3
Train,15740,1
Train,15741,3
Train,15742,1
Train,15743,8
Train,15744,4
Train,15745,8
Train,15746,8
Train,15747,5
Train,15748,1
Train,15749,1
Train,15750,9
Train,15751,2
Train,15752,9
Train,15753,3
Train,15754,2
Train,15755,0
Train,15756,1
Train,15757,8
Train,15758,9
Train,15759,8
Train,15760,4
Train,15761,5
Train,15762,6
Train,15763,9
Train,15764,5
Train,15765,2
Train,15766,3
Train,15767,0
Train,15768,8
Train,15769,7
Train,15770,1
Train,15771,6
Train,15772,7
Train,15773,4
Train,15774,5
Train,15775,5
Train,15776,1
Train,15777,4
Train,15778,3
Train,15779,1
Train,15780,8
Train,15781,4
Train,15782,9
Train,15783,1
Train,15784,9
Train,15785,9
Train,15786,5
Train,15787,6
Train,15788,2
Train,15789,2
Train,15790,4
Train,15791,7
Train,15792,1
Train,15793,3
Train,15794,3
Train,15795,8
Train,15796,7
Train,15797,1
Train,15798,5
Train,15799,3
Train,15800,6
Train,15801,1
Train,15802,4
Train,15803,8
Train,15804,6
Train,15805,6
Train,15806,7
Train,15807,3
Train,15808,5
Train,15809,1
Train,15810,6
Train,15811,8
Train,15812,6
Train,15813,2
Train,15814,1
Train,15815,5
Train,15816,6
Train,15817,9
Train,15818,3
Train,15819,3
Train,15820,2
Train,15821,9
Train,15822,7
Train,15823,6
Train,15824,7
Train,15825,9
Train,15826,3
Train,15827,0
Train,15828,2
Train,15829,3
Train,15830,6
Train,15831,0
Train,15832,1
Train,15833,6
Train,15834,3
Train,15835,8
Train,15836,3
Train,15837,2
Train,15838,9
Train,15839,0
Train,15840,6
Train,15841,9
Train,15842,7
Train,15843,8
Train,15844,3
Train,15845,5
Train,15846,6
Train,15847,2
Train,15848,0
Train,15849,5
Train,15850,7
Train,15851,0
Train,15852,2
Train,15853,7
Train,15854,3
Train,15855,1
Train,15856,3
Train,15857,9
Train,15858,3
Train,15859,7
Train,15860,3
Train,15861,5
Train,15862,5
Train,15863,0
Train,15864,4
Train,15865,8
Train,15866,0
Train,15867,1
Train,15868,1
Train,15869,2
Train,15870,0
Train,15871,0
Train,15872,3
Train,15873,3
Train,15874,9
Train,15875,6
Train,15876,3
Train,15877,3
Train,15878,7
Train,15879,6
Train,15880,8
Train,15881,7
Train,15882,3
Train,15883,1
Train,15884,0
Train,15885,1
Train,15886,0
Train,15887,0
Train,15888,2
Train,15889,7
Train,15890,2
Train,15891,1
Train,15892,8
Train,15893,0
Train,15894,5
Train,15895,2
Train,15896,2
Train,15897,1
Train,15898,5
Train,15899,2
Train,15900,0
Train,15901,9
Train,15902,6
Train,15903,1
Train,15904,6
Train,15905,1
Train,15906,1
Train,15907,2
Train,15908,5
Train,15909,4
Train,15910,2
Train,15911,8
Train,15912,3
Train,15913,2
Train,15914,8
Train,15915,5
Train,15916,7
Train,15917,4
Train,15918,4
Train,15919,4
Train,15920,8
Train,15921,9
Train,15922,2
Train,15923,0
Train,15924,9
Train,15925,4
Train,15926,2
Train,15927,8
Train,15928,8
Train,15929,2
Train,15930,9
Train,15931,0
Train,15932,7
Train,15933,7
Train,15934,1
Train,15935,8
Train,15936,9
Train,15937,3
Train,15938,4
Train,15939,5
Train,15940,2
Train,15941,3
Train,15942,7
Train,15943,5
Train,15944,2
Train,15945,6
Train,15946,0
Train,15947,4
Train,15948,8
Train,15949,0
Train,15950,1
Train,15951,8
Train,15952,5
Train,15953,3
Train,15954,3
Train,15955,8
Train,15956,7
Train,15957,3
Train,15958,4
Train,15959,0
Train,15960,6
Train,15961,1
Train,15962,6
Train,15963,4
Train,15964,8
Train,15965,9
Train,15966,1
Train,15967,3
Train,15968,5
Train,15969,7
Train,15970,7
Train,15971,6
Train,15972,2
Train,15973,5
Train,15974,3
Train,15975,2
Train,15976,9
Train,15977,2
Train,15978,9
Train,15979,7
Train,15980,5
Train,15981,2
Train,15982,2
Train,15983,6
Train,15984,1
Train,15985,5
Train,15986,6
Train,15987,5
Train,15988,1
Train,15989,5
Train,15990,4
Train,15991,6
Train,15992,0
Train,15993,9
Train,15994,6
Train,15995,2
Train,15996,3
Train,15997,7
Train,15998,7
Train,15999,7
Train,16000,7
Train,16001,9
Train,16002,0
Train,16003,6
Train,16004,0
Train,16005,7
Train,16006,1
Train,16007,4
Train,16008,6
Train,16009,5
Train,16010,0
Train,16011,0
Train,16012,1
Train,16013,3
Train,16014,3
Train,16015,0
Train,16016,9
Train,16017,1
Train,16018,3
Train,16019,1
Train,16020,4
Train,16021,7
Train,16022,7
Train,16023,1
Train,16024,4
Train,16025,7
Train,16026,7
Train,16027,8
Train,16028,2
Train,16029,1
Train,16030,2
Train,16031,7
Train,16032,7
Train,16033,4
Train,16034,2
Train,16035,3
Train,16036,1
Train,16037,1
Train,16038,4
Train,16039,7
Train,16040,7
Train,16041,2
Train,16042,8
Train,16043,5
Train,16044,8
Train,16045,2
Train,16046,9
Train,16047,5
Train,16048,0
Train,16049,8
Train,16050,2
Train,16051,9
Train,16052,7
Train,16053,2
Train,16054,9
Train,16055,9
Train,16056,0
Train,16057,2
Train,16058,4
Train,16059,6
Train,16060,0
Train,16061,9
Train,16062,6
Train,16063,1
Train,16064,6
Train,16065,0
Train,16066,1
Train,16067,6
Train,16068,4
Train,16069,6
Train,16070,3
Train,16071,8
Train,16072,8
Train,16073,4
Train,16074,7
Train,16075,0
Train,16076,8
Train,16077,1
Train,16078,9
Train,16079,5
Train,16080,2
Train,16081,5
Train,16082,1
Train,16083,1
Train,16084,8
Train,16085,4
Train,16086,8
Train,16087,1
Train,16088,7
Train,16089,1
Train,16090,8
Train,16091,7
Train,16092,9
Train,16093,2
Train,16094,9
Train,16095,7
Train,16096,7
Train,16097,6
Train,16098,5
Train,16099,2
Train,16100,0
Train,16101,4
Train,16102,2
Train,16103,0
Train,16104,7
Train,16105,4
Train,16106,6
Train,16107,9
Train,16108,8
Train,16109,7
Train,16110,5
Train,16111,2
Train,16112,4
Train,16113,0
Train,16114,7
Train,16115,0
Train,16116,0
Train,16117,9
Train,16118,8
Train,16119,3
Train,16120,3
Train,16121,8
Train,16122,7
Train,16123,2
Train,16124,6
Train,16125,8
Train,16126,4
Train,16127,8
Train,16128,1
Train,16129,6
Train,16130,3
Train,16131,3
Train,16132,8
Train,16133,1
Train,16134,5
Train,16135,4
Train,16136,4
Train,16137,0
Train,16138,7
Train,16139,4
Train,16140,8
Train,16141,8
Train,16142,9
Train,16143,9
Train,16144,7
Train,16145,7
Train,16146,0
Train,16147,8
Train,16148,0
Train,16149,7
Train,16150,5
Train,16151,4
Train,16152,9
Train,16153,6
Train,16154,3
Train,16155,4
Train,16156,8
Train,16157,3
Train,16158,1
Train,16159,8
Train,16160,0
Train,16161,8
Train,16162,7
Train,16163,9
Train,16164,3
Train,16165,2
Train,16166,5
Train,16167,8
Train,16168,5
Train,16169,0
Train,16170,9
Train,16171,7
Train,16172,1
Train,16173,4
Train,16174,9
Train,16175,7
Train,16176,2
Train,16177,6
Train,16178,8
Train,16179,4
Train,16180,1
Train,16181,4
Train,16182,0
Train,16183,7
Train,16184,7
Train,16185,5
Train,16186,0
Train,16187,7
Train,16188,5
Train,16189,1
Train,16190,3
Train,16191,0
Train,16192,7
Train,16193,8
Train,16194,4
Train,16195,4
Train,16196,0
Train,16197,1
Train,16198,7
Train,16199,5
Train,16200,4
Train,16201,6
Train,16202,2
Train,16203,9
Train,16204,5
Train,16205,9
Train,16206,8
Train,16207,2
Train,16208,2
Train,16209,3
Train,16210,5
Train,16211,1
Train,16212,5
Train,16213,0
Train,16214,0
Train,16215,2
Train,16216,4
Train,16217,8
Train,16218,6
Train,16219,0
Train,16220,4
Train,16221,2
Train,16222,4
Train,16223,1
Train,16224,7
Train,16225,0
Train,16226,9
Train,16227,7
Train,16228,3
Train,16229,7
Train,16230,0
Train,16231,3
Train,16232,2
Train,16233,1
Train,16234,9
Train,16235,0
Train,16236,5
Train,16237,9
Train,16238,0
Train,16239,8
Train,16240,4
Train,16241,4
Train,16242,6
Train,16243,3
Train,16244,4
Train,16245,0
Train,16246,8
Train,16247,5
Train,16248,1
Train,16249,2
Train,16250,1
Train,16251,7
Train,16252,1
Train,16253,0
Train,16254,4
Train,16255,9
Train,16256,1
Train,16257,8
Train,16258,1
Train,16259,8
Train,16260,7
Train,16261,1
Train,16262,9
Train,16263,4
Train,16264,4
Train,16265,7
Train,16266,2
Train,16267,9
Train,16268,1
Train,16269,5
Train,16270,5
Train,16271,3
Train,16272,1
Train,16273,3
Train,16274,2
Train,16275,1
Train,16276,1
Train,16277,5
Train,16278,1
Train,16279,2
Train,16280,5
Train,16281,8
Train,16282,5
Train,16283,6
Train,16284,3
Train,16285,6
Train,16286,1
Train,16287,6
Train,16288,2
Train,16289,3
Train,16290,2
Train,16291,5
Train,16292,0
Train,16293,9
Train,16294,4
Train,16295,3
Train,16296,3
Train,16297,0
Train,16298,7
Train,16299,1
Train,16300,7
Train,16301,3
Train,16302,9
Train,16303,2
Train,16304,8
Train,16305,0
Train,16306,2
Train,16307,9
Train,16308,3
Train,16309,1
Train,16310,1
Train,16311,5
Train,16312,2
Train,16313,0
Train,16314,2
Train,16315,8
Train,16316,0
Train,16317,9
Train,16318,2
Train,16319,2
Train,16320,1
Train,16321,5
Train,16322,3
Train,16323,4
Train,16324,7
Train,16325,1
Train,16326,2
Train,16327,2
Train,16328,4
Train,16329,9
Train,16330,8
Train,16331,1
Train,16332,1
Train,16333,6
Train,16334,7
Train,16335,3
Train,16336,8
Train,16337,6
Train,16338,1
Train,16339,3
Train,16340,8
Train,16341,3
Train,16342,8
Train,16343,9
Train,16344,7
Train,16345,3
Train,16346,0
Train,16347,9
Train,16348,7
Train,16349,2
Train,16350,7
Train,16351,5
Train,16352,2
Train,16353,6
Train,16354,9
Train,16355,7
Train,16356,4
Train,16357,2
Train,16358,5
Train,16359,9
Train,16360,3
Train,16361,5
Train,16362,9
Train,16363,3
Train,16364,3
Train,16365,1
Train,16366,3
Train,16367,6
Train,16368,1
Train,16369,9
Train,16370,0
Train,16371,0
Train,16372,2
Train,16373,9
Train,16374,5
Train,16375,0
Train,16376,7
Train,16377,5
Train,16378,9
Train,16379,2
Train,16380,0
Train,16381,8
Train,16382,9
Train,16383,4
Train,16384,4
Train,16385,1
Train,16386,6
Train,16387,6
Train,16388,8
Train,16389,6
Train,16390,6
Train,16391,0
Train,16392,0
Train,16393,6
Train,16394,9
Train,16395,8
Train,16396,9
Train,16397,0
Train,16398,6
Train,16399,7
Train,16400,1
Train,16401,3
Train,16402,2
Train,16403,5
Train,16404,6
Train,16405,3
Train,16406,2
Train,16407,9
Train,16408,5
Train,16409,6
Train,16410,1
Train,16411,3
Train,16412,1
Train,16413,9
Train,16414,8
Train,16415,2
Train,16416,2
Train,16417,7
Train,16418,3
Train,16419,5
Train,16420,0
Train,16421,3
Train,16422,8
Train,16423,0
Train,16424,6
Train,16425,8
Train,16426,4
Train,16427,3
Train,16428,1
Train,16429,6
Train,16430,8
Train,16431,5
Train,16432,3
Train,16433,4
Train,16434,4
Train,16435,8
Train,16436,5
Train,16437,1
Train,16438,3
Train,16439,2
Train,16440,6
Train,16441,2
Train,16442,6
Train,16443,8
Train,16444,5
Train,16445,4
Train,16446,2
Train,16447,9
Train,16448,0
Train,16449,3
Train,16450,0
Train,16451,6
Train,16452,3
Train,16453,5
Train,16454,9
Train,16455,6
Train,16456,0
Train,16457,8
Train,16458,9
Train,16459,5
Train,16460,0
Train,16461,4
Train,16462,2
Train,16463,4
Train,16464,7
Train,16465,4
Train,16466,8
Train,16467,7
Train,16468,7
Train,16469,5
Train,16470,5
Train,16471,1
Train,16472,2
Train,16473,8
Train,16474,1
Train,16475,6
Train,16476,8
Train,16477,7
Train,16478,6
Train,16479,8
Train,16480,9
Train,16481,4
Train,16482,9
Train,16483,8
Train,16484,7
Train,16485,4
Train,16486,4
Train,16487,0
Train,16488,9
Train,16489,6
Train,16490,1
Train,16491,9
Train,16492,4
Train,16493,6
Train,16494,5
Train,16495,3
Train,16496,5
Train,16497,0
Train,16498,2
Train,16499,6
Train,16500,6
Train,16501,0
Train,16502,3
Train,16503,4
Train,16504,7
Train,16505,4
Train,16506,7
Train,16507,6
Train,16508,6
Train,16509,8
Train,16510,5
Train,16511,0
Train,16512,8
Train,16513,0
Train,16514,4
Train,16515,4
Train,16516,7
Train,16517,9
Train,16518,4
Train,16519,9
Train,16520,8
Train,16521,0
Train,16522,3
Train,16523,9
Train,16524,5
Train,16525,4
Train,16526,3
Train,16527,4
Train,16528,3
Train,16529,0
Train,16530,2
Train,16531,0
Train,16532,8
Train,16533,9
Train,16534,5
Train,16535,9
Train,16536,3
Train,16537,7
Train,16538,3
Train,16539,6
Train,16540,5
Train,16541,0
Train,16542,4
Train,16543,1
Train,16544,5
Train,16545,6
Train,16546,6
Train,16547,3
Train,16548,0
Train,16549,1
Train,16550,7
Train,16551,9
Train,16552,0
Train,16553,0
Train,16554,0
Train,16555,1
Train,16556,5
Train,16557,7
Train,16558,8
Train,16559,0
Train,16560,5
Train,16561,3
Train,16562,6
Train,16563,1
Train,16564,0
Train,16565,7
Train,16566,5
Train,16567,0
Train,16568,9
Train,16569,2
Train,16570,2
Train,16571,2
Train,16572,8
Train,16573,3
Train,16574,6
Train,16575,1
Train,16576,1
Train,16577,1
Train,16578,5
Train,16579,0
Train,16580,5
Train,16581,2
Train,16582,7
Train,16583,3
Train,16584,6
Train,16585,6
Train,16586,3
Train,16587,4
Train,16588,1
Train,16589,7
Train,16590,6
Train,16591,9
Train,16592,9
Train,16593,2
Train,16594,1
Train,16595,9
Train,16596,0
Train,16597,8
Train,16598,1
Train,16599,9
Train,16600,7
Train,16601,9
Train,16602,9
Train,16603,6
Train,16604,3
Train,16605,4
Train,16606,6
Train,16607,8
Train,16608,8
Train,16609,2
Train,16610,5
Train,16611,6
Train,16612,9
Train,16613,1
Train,16614,9
Train,16615,4
Train,16616,2
Train,16617,9
Train,16618,7
Train,16619,3
Train,16620,8
Train,16621,6
Train,16622,2
Train,16623,5
Train,16624,0
Train,16625,0
Train,16626,5
Train,16627,3
Train,16628,3
Train,16629,1
Train,16630,8
Train,16631,9
Train,16632,0
Train,16633,7
Train,16634,0
Train,16635,3
Train,16636,4
Train,16637,0
Train,16638,1
Train,16639,6
Train,16640,4
Train,16641,9
Train,16642,9
Train,16643,5
Train,16644,2
Train,16645,7
Train,16646,3
Train,16647,0
Train,16648,4
Train,16649,8
Train,16650,8
Train,16651,8
Train,16652,7
Train,16653,5
Train,16654,7
Train,16655,9
Train,16656,3
Train,16657,8
Train,16658,5
Train,16659,4
Train,16660,2
Train,16661,3
Train,16662,2
Train,16663,6
Train,16664,9
Train,16665,7
Train,16666,7
Train,16667,7
Train,16668,6
Train,16669,4
Train,16670,6
Train,16671,2
Train,16672,4
Train,16673,1
Train,16674,4
Train,16675,6
Train,16676,8
Train,16677,0
Train,16678,2
Train,16679,1
Train,16680,3
Train,16681,9
Train,16682,1
Train,16683,2
Train,16684,9
Train,16685,6
Train,16686,0
Train,16687,6
Train,16688,9
Train,16689,4
Train,16690,2
Train,16691,2
Train,16692,8
Train,16693,2
Train,16694,2
Train,16695,2
Train,16696,6
Train,16697,8
Train,16698,5
Train,16699,9
Train,16700,8
Train,16701,5
Train,16702,4
Train,16703,3
Train,16704,0
Train,16705,3
Train,16706,7
Train,16707,9
Train,16708,9
Train,16709,4
Train,16710,1
Train,16711,1
Train,16712,2
Train,16713,6
Train,16714,3
Train,16715,2
Train,16716,8
Train,16717,9
Train,16718,9
Train,16719,7
Train,16720,9
Train,16721,0
Train,16722,3
Train,16723,1
Train,16724,8
Train,16725,9
Train,16726,1
Train,16727,8
Train,16728,9
Train,16729,8
Train,16730,8
Train,16731,3
Train,16732,2
Train,16733,0
Train,16734,0
Train,16735,9
Train,16736,1
Train,16737,9
Train,16738,8
Train,16739,2
Train,16740,3
Train,16741,5
Train,16742,2
Train,16743,2
Train,16744,9
Train,16745,1
Train,16746,3
Train,16747,2
Train,16748,5
Train,16749,4
Train,16750,7
Train,16751,3
Train,16752,0
Train,16753,1
Train,16754,3
Train,16755,1
Train,16756,6
Train,16757,2
Train,16758,3
Train,16759,3
Train,16760,6
Train,16761,2
Train,16762,6
Train,16763,0
Train,16764,7
Train,16765,1
Train,16766,1
Train,16767,5
Train,16768,6
Train,16769,9
Train,16770,1
Train,16771,5
Train,16772,4
Train,16773,9
Train,16774,1
Train,16775,8
Train,16776,0
Train,16777,1
Train,16778,6
Train,16779,8
Train,16780,3
Train,16781,5
Train,16782,6
Train,16783,2
Train,16784,6
Train,16785,0
Train,16786,2
Train,16787,3
Train,16788,7
Train,16789,6
Train,16790,2
Train,16791,3
Train,16792,8
Train,16793,0
Train,16794,6
Train,16795,5
Train,16796,3
Train,16797,5
Train,16798,5
Train,16799,5
Train,16800,1
Train,16801,0
Train,16802,4
Train,16803,9
Train,16804,2
Train,16805,3
Train,16806,4
Train,16807,2
Train,16808,3
Train,16809,9
Train,16810,1
Train,16811,7
Train,16812,5
Train,16813,1
Train,16814,3
Train,16815,7
Train,16816,8
Train,16817,3
Train,16818,9
Train,16819,2
Train,16820,8
Train,16821,9
Train,16822,6
Train,16823,5
Train,16824,7
Train,16825,0
Train,16826,7
Train,16827,3
Train,16828,7
Train,16829,1
Train,16830,8
Train,16831,0
Train,16832,8
Train,16833,2
Train,16834,1
Train,16835,5
Train,16836,0
Train,16837,3
Train,16838,0
Train,16839,7
Train,16840,0
Train,16841,6
Train,16842,4
Train,16843,7
Train,16844,6
Train,16845,4
Train,16846,8
Train,16847,8
Train,16848,1
Train,16849,9
Train,16850,1
Train,16851,3
Train,16852,5
Train,16853,1
Train,16854,7
Train,16855,1
Train,16856,8
Train,16857,4
Train,16858,4
Train,16859,5
Train,16860,8
Train,16861,8
Train,16862,6
Train,16863,6
Train,16864,3
Train,16865,4
Train,16866,0
Train,16867,2
Train,16868,7
Train,16869,3
Train,16870,7
Train,16871,3
Train,16872,3
Train,16873,5
Train,16874,6
Train,16875,2
Train,16876,7
Train,16877,7
Train,16878,4
Train,16879,7
Train,16880,4
Train,16881,7
Train,16882,1
Train,16883,6
Train,16884,9
Train,16885,9
Train,16886,5
Train,16887,6
Train,16888,4
Train,16889,4
Train,16890,4
Train,16891,4
Train,16892,0
Train,16893,4
Train,16894,0
Train,16895,2
Train,16896,5
Train,16897,4
Train,16898,8
Train,16899,5
Train,16900,2
Train,16901,9
Train,16902,8
Train,16903,0
Train,16904,3
Train,16905,4
Train,16906,2
Train,16907,3
Train,16908,4
Train,16909,9
Train,16910,9
Train,16911,9
Train,16912,0
Train,16913,6
Train,16914,7
Train,16915,6
Train,16916,6
Train,16917,9
Train,16918,0
Train,16919,2
Train,16920,0
Train,16921,7
Train,16922,4
Train,16923,9
Train,16924,4
Train,16925,1
Train,16926,4
Train,16927,6
Train,16928,3
Train,16929,1
Train,16930,8
Train,16931,5
Train,16932,3
Train,16933,5
Train,16934,5
Train,16935,5
Train,16936,4
Train,16937,1
Train,16938,1
Train,16939,0
Train,16940,6
Train,16941,7
Train,16942,8
Train,16943,9
Train,16944,7
Train,16945,6
Train,16946,3
Train,16947,1
Train,16948,4
Train,16949,5
Train,16950,3
Train,16951,4
Train,16952,0
Train,16953,1
Train,16954,0
Train,16955,5
Train,16956,1
Train,16957,5
Train,16958,1
Train,16959,4
Train,16960,6
Train,16961,4
Train,16962,1
Train,16963,0
Train,16964,1
Train,16965,0
Train,16966,9
Train,16967,4
Train,16968,4
Train,16969,5
Train,16970,6
Train,16971,3
Train,16972,7
Train,16973,9
Train,16974,2
Train,16975,9
Train,16976,5
Train,16977,9
Train,16978,8
Train,16979,5
Train,16980,2
Train,16981,1
Train,16982,6
Train,16983,3
Train,16984,9
Train,16985,1
Train,16986,1
Train,16987,3
Train,16988,8
Train,16989,1
Train,16990,1
Train,16991,8
Train,16992,1
Train,16993,9
Train,16994,4
Train,16995,7
Train,16996,7
Train,16997,1
Train,16998,6
Train,16999,9
Train,17000,6
Train,17001,7
Train,17002,1
Train,17003,3
Train,17004,8
Train,17005,7
Train,17006,5
Train,17007,8
Train,17008,1
Train,17009,5
Train,17010,8
Train,17011,0
Train,17012,8
Train,17013,8
Train,17014,1
Train,17015,0
Train,17016,2
Train,17017,1
Train,17018,3
Train,17019,6
Train,17020,8
Train,17021,9
Train,17022,8
Train,17023,7
Train,17024,3
Train,17025,6
Train,17026,0
Train,17027,5
Train,17028,8
Train,17029,6
Train,17030,1
Train,17031,1
Train,17032,1
Train,17033,4
Train,17034,8
Train,17035,6
Train,17036,3
Train,17037,7
Train,17038,4
Train,17039,4
Train,17040,7
Train,17041,3
Train,17042,9
Train,17043,2
Train,17044,4
Train,17045,4
Train,17046,3
Train,17047,3
Train,17048,8
Train,17049,4
Train,17050,7
Train,17051,3
Train,17052,9
Train,17053,3
Train,17054,0
Train,17055,5
Train,17056,0
Train,17057,2
Train,17058,3
Train,17059,7
Train,17060,6
Train,17061,9
Train,17062,3
Train,17063,8
Train,17064,2
Train,17065,5
Train,17066,8
Train,17067,3
Train,17068,9
Train,17069,7
Train,17070,2
Train,17071,0
Train,17072,6
Train,17073,8
Train,17074,3
Train,17075,6
Train,17076,0
Train,17077,4
Train,17078,4
Train,17079,5
Train,17080,0
Train,17081,7
Train,17082,0
Train,17083,4
Train,17084,0
Train,17085,2
Train,17086,2
Train,17087,6
Train,17088,0
Train,17089,2
Train,17090,9
Train,17091,1
Train,17092,2
Train,17093,0
Train,17094,5
Train,17095,7
Train,17096,3
Train,17097,9
Train,17098,3
Train,17099,9
Train,17100,0
Train,17101,0
Train,17102,5
Train,17103,0
Train,17104,3
Train,17105,6
Train,17106,1
Train,17107,0
Train,17108,9
Train,17109,9
Train,17110,7
Train,17111,1
Train,17112,1
Train,17113,7
Train,17114,2
Train,17115,0
Train,17116,8
Train,17117,2
Train,17118,6
Train,17119,7
Train,17120,8
Train,17121,5
Train,17122,2
Train,17123,4
Train,17124,3
Train,17125,8
Train,17126,1
Train,17127,2
Train,17128,1
Train,17129,7
Train,17130,8
Train,17131,4
Train,17132,6
Train,17133,0
Train,17134,2
Train,17135,1
Train,17136,1
Train,17137,3
Train,17138,2
Train,17139,9
Train,17140,0
Train,17141,5
Train,17142,9
Train,17143,6
Train,17144,3
Train,17145,4
Train,17146,4
Train,17147,4
Train,17148,5
Train,17149,8
Train,17150,4
Train,17151,6
Train,17152,5
Train,17153,6
Train,17154,0
Train,17155,3
Train,17156,0
Train,17157,7
Train,17158,9
Train,17159,7
Train,17160,7
Train,17161,4
Train,17162,8
Train,17163,9
Train,17164,3
Train,17165,5
Train,17166,0
Train,17167,8
Train,17168,8
Train,17169,1
Train,17170,8
Train,17171,9
Train,17172,6
Train,17173,6
Train,17174,0
Train,17175,5
Train,17176,9
Train,17177,7
Train,17178,0
Train,17179,4
Train,17180,8
Train,17181,7
Train,17182,7
Train,17183,0
Train,17184,3
Train,17185,2
Train,17186,5
Train,17187,9
Train,17188,2
Train,17189,5
Train,17190,5
Train,17191,6
Train,17192,9
Train,17193,4
Train,17194,2
Train,17195,3
Train,17196,0
Train,17197,4
Train,17198,7
Train,17199,4
Train,17200,0
Train,17201,9
Train,17202,7
Train,17203,0
Train,17204,6
Train,17205,1
Train,17206,2
Train,17207,2
Train,17208,6
Train,17209,1
Train,17210,8
Train,17211,4
Train,17212,2
Train,17213,9
Train,17214,3
Train,17215,9
Train,17216,9
Train,17217,2
Train,17218,9
Train,17219,1
Train,17220,8
Train,17221,0
Train,17222,0
Train,17223,1
Train,17224,0
Train,17225,8
Train,17226,0
Train,17227,2
Train,17228,9
Train,17229,9
Train,17230,7
Train,17231,6
Train,17232,0
Train,17233,0
Train,17234,6
Train,17235,6
Train,17236,5
Train,17237,0
Train,17238,6
Train,17239,2
Train,17240,9
Train,17241,9
Train,17242,7
Train,17243,3
Train,17244,1
Train,17245,6
Train,17246,8
Train,17247,0
Train,17248,6
Train,17249,2
Train,17250,8
Train,17251,3
Train,17252,8
Train,17253,0
Train,17254,7
Train,17255,1
Train,17256,7
Train,17257,0
Train,17258,9
Train,17259,5
Train,17260,4
Train,17261,9
Train,17262,2
Train,17263,9
Train,17264,9
Train,17265,5
Train,17266,4
Train,17267,2
Train,17268,1
Train,17269,1
Train,17270,9
Train,17271,8
Train,17272,6
Train,17273,2
Train,17274,1
Train,17275,1
Train,17276,9
Train,17277,8
Train,17278,5
Train,17279,1
Train,17280,9
Train,17281,8
Train,17282,6
Train,17283,6
Train,17284,1
Train,17285,6
Train,17286,4
Train,17287,6
Train,17288,4
Train,17289,9
Train,17290,8
Train,17291,2
Train,17292,3
Train,17293,5
Train,17294,1
Train,17295,6
Train,17296,9
Train,17297,5
Train,17298,7
Train,17299,4
Train,17300,3
Train,17301,6
Train,17302,2
Train,17303,0
Train,17304,2
Train,17305,5
Train,17306,5
Train,17307,4
Train,17308,2
Train,17309,1
Train,17310,6
Train,17311,0
Train,17312,1
Train,17313,9
Train,17314,7
Train,17315,5
Train,17316,0
Train,17317,6
Train,17318,8
Train,17319,1
Train,17320,2
Train,17321,3
Train,17322,3
Train,17323,4
Train,17324,7
Train,17325,2
Train,17326,6
Train,17327,8
Train,17328,0
Train,17329,2
Train,17330,8
Train,17331,1
Train,17332,5
Train,17333,3
Train,17334,1
Train,17335,8
Train,17336,9
Train,17337,3
Train,17338,4
Train,17339,2
Train,17340,3
Train,17341,9
Train,17342,6
Train,17343,5
Train,17344,2
Train,17345,8
Train,17346,5
Train,17347,2
Train,17348,8
Train,17349,0
Train,17350,4
Train,17351,6
Train,17352,0
Train,17353,0
Train,17354,5
Train,17355,0
Train,17356,9
Train,17357,0
Train,17358,5
Train,17359,9
Train,17360,8
Train,17361,1
Train,17362,2
Train,17363,2
Train,17364,7
Train,17365,3
Train,17366,1
Train,17367,9
Train,17368,5
Train,17369,3
Train,17370,6
Train,17371,9
Train,17372,6
Train,17373,2
Train,17374,7
Train,17375,5
Train,17376,5
Train,17377,7
Train,17378,7
Train,17379,2
Train,17380,2
Train,17381,3
Train,17382,2
Train,17383,0
Train,17384,1
Train,17385,3
Train,17386,8
Train,17387,0
Train,17388,5
Train,17389,6
Train,17390,8
Train,17391,3
Train,17392,5
Train,17393,9
Train,17394,8
Train,17395,0
Train,17396,0
Train,17397,1
Train,17398,7
Train,17399,5
Train,17400,5
Train,17401,3
Train,17402,4
Train,17403,2
Train,17404,9
Train,17405,8
Train,17406,9
Train,17407,2
Train,17408,7
Train,17409,1
Train,17410,3
Train,17411,7
Train,17412,4
Train,17413,3
Train,17414,3
Train,17415,2
Train,17416,8
Train,17417,6
Train,17418,8
Train,17419,2
Train,17420,4
Train,17421,2
Train,17422,0
Train,17423,8
Train,17424,6
Train,17425,5
Train,17426,6
Train,17427,6
Train,17428,9
Train,17429,9
Train,17430,3
Train,17431,5
Train,17432,0
Train,17433,9
Train,17434,9
Train,17435,9
Train,17436,7
Train,17437,4
Train,17438,0
Train,17439,7
Train,17440,3
Train,17441,3
Train,17442,8
Train,17443,7
Train,17444,8
Train,17445,5
Train,17446,3
Train,17447,9
Train,17448,6
Train,17449,3
Train,17450,4
Train,17451,3
Train,17452,9
Train,17453,0
Train,17454,1
Train,17455,3
Train,17456,0
Train,17457,1
Train,17458,0
Train,17459,8
Train,17460,1
Train,17461,1
Train,17462,7
Train,17463,7
Train,17464,7
Train,17465,0
Train,17466,9
Train,17467,7
Train,17468,9
Train,17469,7
Train,17470,9
Train,17471,1
Train,17472,7
Train,17473,7
Train,17474,1
Train,17475,1
Train,17476,6
Train,17477,7
Train,17478,3
Train,17479,1
Train,17480,6
Train,17481,2
Train,17482,8
Train,17483,4
Train,17484,6
Train,17485,0
Train,17486,0
Train,17487,2
Train,17488,0
Train,17489,7
Train,17490,0
Train,17491,6
Train,17492,1
Train,17493,5
Train,17494,7
Train,17495,5
Train,17496,3
Train,17497,3
Train,17498,4
Train,17499,7
Train,17500,4
Train,17501,5
Train,17502,7
Train,17503,7
Train,17504,2
Train,17505,3
Train,17506,2
Train,17507,4
Train,17508,5
Train,17509,0
Train,17510,4
Train,17511,0
Train,17512,2
Train,17513,4
Train,17514,0
Train,17515,1
Train,17516,8
Train,17517,0
Train,17518,5
Train,17519,8
Train,17520,0
Train,17521,7
Train,17522,2
Train,17523,6
Train,17524,7
Train,17525,0
Train,17526,9
Train,17527,5
Train,17528,5
Train,17529,3
Train,17530,3
Train,17531,8
Train,17532,7
Train,17533,8
Train,17534,1
Train,17535,9
Train,17536,6
Train,17537,7
Train,17538,2
Train,17539,1
Train,17540,3
Train,17541,3
Train,17542,7
Train,17543,3
Train,17544,9
Train,17545,3
Train,17546,4
Train,17547,5
Train,17548,1
Train,17549,7
Train,17550,4
Train,17551,9
Train,17552,4
Train,17553,1
Train,17554,6
Train,17555,6
Train,17556,4
Train,17557,3
Train,17558,1
Train,17559,2
Train,17560,8
Train,17561,2
Train,17562,6
Train,17563,7
Train,17564,7
Train,17565,3
Train,17566,6
Train,17567,3
Train,17568,0
Train,17569,7
Train,17570,4
Train,17571,2
Train,17572,3
Train,17573,0
Train,17574,6
Train,17575,7
Train,17576,4
Train,17577,6
Train,17578,3
Train,17579,9
Train,17580,1
Train,17581,7
Train,17582,2
Train,17583,6
Train,17584,4
Train,17585,4
Train,17586,1
Train,17587,7
Train,17588,8
Train,17589,7
Train,17590,9
Train,17591,5
Train,17592,8
Train,17593,1
Train,17594,4
Train,17595,5
Train,17596,6
Train,17597,6
Train,17598,2
Train,17599,5
Train,17600,9
Train,17601,8
Train,17602,6
Train,17603,6
Train,17604,6
Train,17605,7
Train,17606,1
Train,17607,9
Train,17608,4
Train,17609,1
Train,17610,8
Train,17611,5
Train,17612,5
Train,17613,4
Train,17614,3
Train,17615,3
Train,17616,7
Train,17617,8
Train,17618,7
Train,17619,5
Train,17620,0
Train,17621,1
Train,17622,7
Train,17623,4
Train,17624,8
Train,17625,8
Train,17626,1
Train,17627,7
Train,17628,8
Train,17629,9
Train,17630,8
Train,17631,3
Train,17632,4
Train,17633,0
Train,17634,4
Train,17635,4
Train,17636,7
Train,17637,8
Train,17638,5
Train,17639,9
Train,17640,7
Train,17641,3
Train,17642,5
Train,17643,7
Train,17644,3
Train,17645,5
Train,17646,3
Train,17647,1
Train,17648,7
Train,17649,7
Train,17650,3
Train,17651,2
Train,17652,7
Train,17653,8
Train,17654,8
Train,17655,3
Train,17656,5
Train,17657,2
Train,17658,3
Train,17659,5
Train,17660,3
Train,17661,3
Train,17662,1
Train,17663,6
Train,17664,3
Train,17665,5
Train,17666,1
Train,17667,4
Train,17668,7
Train,17669,2
Train,17670,5
Train,17671,4
Train,17672,3
Train,17673,1
Train,17674,4
Train,17675,6
Train,17676,6
Train,17677,0
Train,17678,7
Train,17679,9
Train,17680,6
Train,17681,4
Train,17682,2
Train,17683,8
Train,17684,6
Train,17685,8
Train,17686,4
Train,17687,9
Train,17688,6
Train,17689,2
Train,17690,2
Train,17691,6
Train,17692,0
Train,17693,2
Train,17694,1
Train,17695,2
Train,17696,8
Train,17697,6
Train,17698,3
Train,17699,3
Train,17700,1
Train,17701,1
Train,17702,2
Train,17703,9
Train,17704,9
Train,17705,8
Train,17706,9
Train,17707,4
Train,17708,5
Train,17709,9
Train,17710,5
Train,17711,5
Train,17712,2
Train,17713,4
Train,17714,7
Train,17715,6
Train,17716,9
Train,17717,0
Train,17718,1
Train,17719,4
Train,17720,7
Train,17721,5
Train,17722,1
Train,17723,6
Train,17724,6
Train,17725,4
Train,17726,1
Train,17727,4
Train,17728,4
Train,17729,8
Train,17730,8
Train,17731,9
Train,17732,1
Train,17733,5
Train,17734,1
Train,17735,2
Train,17736,8
Train,17737,7
Train,17738,6
Train,17739,2
Train,17740,5
Train,17741,2
Train,17742,6
Train,17743,0
Train,17744,6
Train,17745,2
Train,17746,1
Train,17747,9
Train,17748,6
Train,17749,2
Train,17750,1
Train,17751,6
Train,17752,1
Train,17753,8
Train,17754,7
Train,17755,1
Train,17756,5
Train,17757,2
Train,17758,8
Train,17759,6
Train,17760,1
Train,17761,2
Train,17762,0
Train,17763,0
Train,17764,0
Train,17765,9
Train,17766,6
Train,17767,2
Train,17768,3
Train,17769,2
Train,17770,4
Train,17771,1
Train,17772,1
Train,17773,5
Train,17774,2
Train,17775,7
Train,17776,6
Train,17777,4
Train,17778,5
Train,17779,2
Train,17780,5
Train,17781,1
Train,17782,7
Train,17783,8
Train,17784,9
Train,17785,3
Train,17786,2
Train,17787,4
Train,17788,6
Train,17789,8
Train,17790,6
Train,17791,4
Train,17792,0
Train,17793,6
Train,17794,5
Train,17795,5
Train,17796,6
Train,17797,5
Train,17798,9
Train,17799,8
Train,17800,4
Train,17801,4
Train,17802,1
Train,17803,3
Train,17804,7
Train,17805,7
Train,17806,8
Train,17807,7
Train,17808,2
Train,17809,5
Train,17810,6
Train,17811,5
Train,17812,7
Train,17813,8
Train,17814,3
Train,17815,1
Train,17816,9
Train,17817,2
Train,17818,2
Train,17819,4
Train,17820,8
Train,17821,3
Train,17822,7
Train,17823,4
Train,17824,8
Train,17825,5
Train,17826,2
Train,17827,9
Train,17828,3
Train,17829,0
Train,17830,5
Train,17831,3
Train,17832,2
Train,17833,5
Train,17834,2
Train,17835,3
Train,17836,3
Train,17837,7
Train,17838,0
Train,17839,4
Train,17840,7
Train,17841,3
Train,17842,0
Train,17843,1
Train,17844,2
Train,17845,4
Train,17846,9
Train,17847,6
Train,17848,7
Train,17849,9
Train,17850,2
Train,17851,2
Train,17852,4
Train,17853,8
Train,17854,8
Train,17855,5
Train,17856,1
Train,17857,6
Train,17858,6
Train,17859,2
Train,17860,1
Train,17861,1
Train,17862,0
Train,17863,3
Train,17864,3
Train,17865,0
Train,17866,0
Train,17867,1
Train,17868,5
Train,17869,9
Train,17870,4
Train,17871,5
Train,17872,7
Train,17873,6
Train,17874,8
Train,17875,9
Train,17876,7
Train,17877,4
Train,17878,4
Train,17879,3
Train,17880,5
Train,17881,8
Train,17882,5
Train,17883,2
Train,17884,0
Train,17885,9
Train,17886,7
Train,17887,2
Train,17888,9
Train,17889,5
Train,17890,8
Train,17891,8
Train,17892,2
Train,17893,1
Train,17894,8
Train,17895,9
Train,17896,9
Train,17897,3
Train,17898,5
Train,17899,8
Train,17900,2
Train,17901,1
Train,17902,2
Train,17903,9
Train,17904,3
Train,17905,9
Train,17906,9
Train,17907,9
Train,17908,6
Train,17909,3
Train,17910,7
Train,17911,7
Train,17912,3
Train,17913,7
Train,17914,4
Train,17915,2
Train,17916,5
Train,17917,0
Train,17918,9
Train,17919,3
Train,17920,3
Train,17921,5
Train,17922,8
Train,17923,8
Train,17924,1
Train,17925,6
Train,17926,3
Train,17927,9
Train,17928,9
Train,17929,7
Train,17930,3
Train,17931,5
Train,17932,0
Train,17933,8
Train,17934,5
Train,17935,8
Train,17936,6
Train,17937,4
Train,17938,6
Train,17939,3
Train,17940,6
Train,17941,9
Train,17942,7
Train,17943,7
Train,17944,7
Train,17945,9
Train,17946,7
Train,17947,0
Train,17948,0
Train,17949,2
Train,17950,1
Train,17951,7
Train,17952,6
Train,17953,4
Train,17954,2
Train,17955,2
Train,17956,7
Train,17957,6
Train,17958,4
Train,17959,0
Train,17960,6
Train,17961,9
Train,17962,8
Train,17963,0
Train,17964,1
Train,17965,0
Train,17966,6
Train,17967,4
Train,17968,9
Train,17969,0
Train,17970,1
Train,17971,5
Train,17972,2
Train,17973,9
Train,17974,9
Train,17975,9
Train,17976,0
Train,17977,9
Train,17978,3
Train,17979,7
Train,17980,2
Train,17981,2
Train,17982,9
Train,17983,0
Train,17984,1
Train,17985,7
Train,17986,1
Train,17987,9
Train,17988,6
Train,17989,7
Train,17990,9
Train,17991,9
Train,17992,4
Train,17993,7
Train,17994,0
Train,17995,1
Train,17996,6
Train,17997,7
Train,17998,0
Train,17999,6
Train,18000,9
Train,18001,5
Train,18002,6
Train,18003,5
Train,18004,5
Train,18005,6
Train,18006,3
Train,18007,1
Train,18008,4
Train,18009,0
Train,18010,7
Train,18011,4
Train,18012,0
Train,18013,0
Train,18014,4
Train,18015,3
Train,18016,5
Train,18017,7
Train,18018,0
Train,18019,9
Train,18020,9
Train,18021,6
Train,18022,7
Train,18023,7
Train,18024,6
Train,18025,6
Train,18026,2
Train,18027,2
Train,18028,4
Train,18029,6
Train,18030,9
Train,18031,7
Train,18032,4
Train,18033,6
Train,18034,4
Train,18035,1
Train,18036,8
Train,18037,7
Train,18038,5
Train,18039,6
Train,18040,2
Train,18041,7
Train,18042,4
Train,18043,4
Train,18044,4
Train,18045,8
Train,18046,6
Train,18047,0
Train,18048,1
Train,18049,2
Train,18050,6
Train,18051,7
Train,18052,4
Train,18053,2
Train,18054,4
Train,18055,8
Train,18056,4
Train,18057,1
Train,18058,7
Train,18059,5
Train,18060,4
Train,18061,5
Train,18062,1
Train,18063,1
Train,18064,5
Train,18065,4
Train,18066,1
Train,18067,8
Train,18068,9
Train,18069,1
Train,18070,6
Train,18071,9
Train,18072,3
Train,18073,0
Train,18074,5
Train,18075,2
Train,18076,8
Train,18077,5
Train,18078,1
Train,18079,7
Train,18080,0
Train,18081,8
Train,18082,5
Train,18083,5
Train,18084,2
Train,18085,6
Train,18086,2
Train,18087,5
Train,18088,2
Train,18089,3
Train,18090,6
Train,18091,7
Train,18092,2
Train,18093,1
Train,18094,9
Train,18095,7
Train,18096,5
Train,18097,1
Train,18098,6
Train,18099,4
Train,18100,0
Train,18101,2
Train,18102,0
Train,18103,6
Train,18104,8
Train,18105,0
Train,18106,0
Train,18107,8
Train,18108,7
Train,18109,3
Train,18110,4
Train,18111,3
Train,18112,8
Train,18113,9
Train,18114,4
Train,18115,4
Train,18116,9
Train,18117,1
Train,18118,8
Train,18119,3
Train,18120,9
Train,18121,5
Train,18122,8
Train,18123,1
Train,18124,7
Train,18125,8
Train,18126,6
Train,18127,3
Train,18128,5
Train,18129,6
Train,18130,4
Train,18131,5
Train,18132,8
Train,18133,0
Train,18134,1
Train,18135,4
Train,18136,4
Train,18137,5
Train,18138,2
Train,18139,7
Train,18140,8
Train,18141,8
Train,18142,4
Train,18143,2
Train,18144,7
Train,18145,8
Train,18146,2
Train,18147,3
Train,18148,3
Train,18149,2
Train,18150,5
Train,18151,5
Train,18152,7
Train,18153,8
Train,18154,8
Train,18155,4
Train,18156,5
Train,18157,3
Train,18158,6
Train,18159,8
Train,18160,1
Train,18161,4
Train,18162,2
Train,18163,2
Train,18164,2
Train,18165,7
Train,18166,9
Train,18167,5
Train,18168,8
Train,18169,3
Train,18170,5
Train,18171,8
Train,18172,6
Train,18173,6
Train,18174,5
Train,18175,9
Train,18176,5
Train,18177,8
Train,18178,1
Train,18179,6
Train,18180,3
Train,18181,1
Train,18182,8
Train,18183,9
Train,18184,2
Train,18185,4
Train,18186,3
Train,18187,3
Train,18188,3
Train,18189,5
Train,18190,8
Train,18191,2
Train,18192,0
Train,18193,8
Train,18194,5
Train,18195,7
Train,18196,4
Train,18197,4
Train,18198,2
Train,18199,5
Train,18200,0
Train,18201,8
Train,18202,5
Train,18203,0
Train,18204,2
Train,18205,9
Train,18206,1
Train,18207,4
Train,18208,6
Train,18209,9
Train,18210,2
Train,18211,0
Train,18212,5
Train,18213,9
Train,18214,0
Train,18215,0
Train,18216,3
Train,18217,6
Train,18218,0
Train,18219,7
Train,18220,8
Train,18221,8
Train,18222,3
Train,18223,1
Train,18224,6
Train,18225,2
Train,18226,9
Train,18227,7
Train,18228,1
Train,18229,5
Train,18230,5
Train,18231,0
Train,18232,8
Train,18233,3
Train,18234,2
Train,18235,9
Train,18236,8
Train,18237,5
Train,18238,1
Train,18239,2
Train,18240,3
Train,18241,2
Train,18242,2
Train,18243,5
Train,18244,9
Train,18245,5
Train,18246,1
Train,18247,1
Train,18248,2
Train,18249,0
Train,18250,6
Train,18251,4
Train,18252,9
Train,18253,8
Train,18254,6
Train,18255,7
Train,18256,6
Train,18257,6
Train,18258,7
Train,18259,3
Train,18260,9
Train,18261,6
Train,18262,5
Train,18263,1
Train,18264,4
Train,18265,6
Train,18266,8
Train,18267,5
Train,18268,7
Train,18269,2
Train,18270,6
Train,18271,0
Train,18272,4
Train,18273,0
Train,18274,8
Train,18275,2
Train,18276,1
Train,18277,5
Train,18278,5
Train,18279,4
Train,18280,5
Train,18281,5
Train,18282,6
Train,18283,3
Train,18284,6
Train,18285,2
Train,18286,3
Train,18287,2
Train,18288,5
Train,18289,4
Train,18290,4
Train,18291,0
Train,18292,7
Train,18293,4
Train,18294,5
Train,18295,8
Train,18296,2
Train,18297,9
Train,18298,0
Train,18299,0
Train,18300,4
Train,18301,9
Train,18302,0
Train,18303,1
Train,18304,4
Train,18305,8
Train,18306,0
Train,18307,8
Train,18308,6
Train,18309,6
Train,18310,9
Train,18311,1
Train,18312,8
Train,18313,7
Train,18314,4
Train,18315,0
Train,18316,1
Train,18317,5
Train,18318,5
Train,18319,5
Train,18320,4
Train,18321,1
Train,18322,2
Train,18323,7
Train,18324,3
Train,18325,6
Train,18326,7
Train,18327,8
Train,18328,2
Train,18329,3
Train,18330,6
Train,18331,1
Train,18332,1
Train,18333,1
Train,18334,6
Train,18335,3
Train,18336,6
Train,18337,9
Train,18338,6
Train,18339,7
Train,18340,4
Train,18341,4
Train,18342,6
Train,18343,9
Train,18344,9
Train,18345,1
Train,18346,5
Train,18347,5
Train,18348,3
Train,18349,8
Train,18350,7
Train,18351,6
Train,18352,7
Train,18353,6
Train,18354,1
Train,18355,9
Train,18356,3
Train,18357,9
Train,18358,0
Train,18359,6
Train,18360,2
Train,18361,9
Train,18362,3
Train,18363,4
Train,18364,2
Train,18365,4
Train,18366,3
Train,18367,8
Train,18368,0
Train,18369,9
Train,18370,6
Train,18371,3
Train,18372,2
Train,18373,3
Train,18374,4
Train,18375,2
Train,18376,2
Train,18377,1
Train,18378,8
Train,18379,8
Train,18380,6
Train,18381,0
Train,18382,8
Train,18383,0
Train,18384,4
Train,18385,2
Train,18386,0
Train,18387,3
Train,18388,1
Train,18389,3
Train,18390,0
Train,18391,0
Train,18392,9
Train,18393,3
Train,18394,9
Train,18395,8
Train,18396,6
Train,18397,8
Train,18398,4
Train,18399,5
Train,18400,3
Train,18401,7
Train,18402,0
Train,18403,4
Train,18404,4
Train,18405,7
Train,18406,0
Train,18407,6
Train,18408,3
Train,18409,4
Train,18410,3
Train,18411,7
Train,18412,3
Train,18413,1
Train,18414,3
Train,18415,1
Train,18416,5
Train,18417,7
Train,18418,4
Train,18419,2
Train,18420,6
Train,18421,8
Train,18422,3
Train,18423,9
Train,18424,0
Train,18425,1
Train,18426,6
Train,18427,5
Train,18428,7
Train,18429,9
Train,18430,9
Train,18431,7
Train,18432,8
Train,18433,6
Train,18434,4
Train,18435,7
Train,18436,0
Train,18437,4
Train,18438,1
Train,18439,9
Train,18440,5
Train,18441,5
Train,18442,3
Train,18443,7
Train,18444,8
Train,18445,0
Train,18446,3
Train,18447,7
Train,18448,7
Train,18449,3
Train,18450,4
Train,18451,0
Train,18452,3
Train,18453,9
Train,18454,6
Train,18455,4
Train,18456,1
Train,18457,2
Train,18458,1
Train,18459,5
Train,18460,2
Train,18461,8
Train,18462,3
Train,18463,5
Train,18464,2
Train,18465,4
Train,18466,2
Train,18467,9
Train,18468,7
Train,18469,3
Train,18470,5
Train,18471,1
Train,18472,5
Train,18473,4
Train,18474,3
Train,18475,5
Train,18476,4
Train,18477,2
Train,18478,5
Train,18479,3
Train,18480,1
Train,18481,7
Train,18482,3
Train,18483,1
Train,18484,7
Train,18485,2
Train,18486,3
Train,18487,3
Train,18488,9
Train,18489,2
Train,18490,4
Train,18491,7
Train,18492,8
Train,18493,4
Train,18494,6
Train,18495,1
Train,18496,2
Train,18497,3
Train,18498,9
Train,18499,3
Train,18500,7
Train,18501,8
Train,18502,4
Train,18503,2
Train,18504,7
Train,18505,0
Train,18506,3
Train,18507,4
Train,18508,0
Train,18509,6
Train,18510,2
Train,18511,5
Train,18512,4
Train,18513,9
Train,18514,8
Train,18515,8
Train,18516,5
Train,18517,7
Train,18518,1
Train,18519,7
Train,18520,3
Train,18521,5
Train,18522,8
Train,18523,4
Train,18524,7
Train,18525,0
Train,18526,1
Train,18527,1
Train,18528,7
Train,18529,2
Train,18530,8
Train,18531,3
Train,18532,6
Train,18533,6
Train,18534,7
Train,18535,8
Train,18536,4
Train,18537,7
Train,18538,0
Train,18539,9
Train,18540,6
Train,18541,5
Train,18542,6
Train,18543,6
Train,18544,4
Train,18545,0
Train,18546,8
Train,18547,9
Train,18548,8
Train,18549,7
Train,18550,4
Train,18551,1
Train,18552,5
Train,18553,4
Train,18554,6
Train,18555,1
Train,18556,7
Train,18557,9
Train,18558,8
Train,18559,4
Train,18560,4
Train,18561,8
Train,18562,1
Train,18563,5
Train,18564,2
Train,18565,8
Train,18566,4
Train,18567,9
Train,18568,5
Train,18569,5
Train,18570,3
Train,18571,6
Train,18572,0
Train,18573,2
Train,18574,5
Train,18575,5
Train,18576,5
Train,18577,7
Train,18578,0
Train,18579,7
Train,18580,9
Train,18581,5
Train,18582,3
Train,18583,1
Train,18584,3
Train,18585,6
Train,18586,2
Train,18587,5
Train,18588,2
Train,18589,7
Train,18590,7
Train,18591,0
Train,18592,4
Train,18593,8
Train,18594,1
Train,18595,6
Train,18596,6
Train,18597,6
Train,18598,5
Train,18599,0
Train,18600,5
Train,18601,7
Train,18602,4
Train,18603,0
Train,18604,6
Train,18605,0
Train,18606,4
Train,18607,8
Train,18608,5
Train,18609,8
Train,18610,6
Train,18611,6
Train,18612,2
Train,18613,5
Train,18614,0
Train,18615,6
Train,18616,8
Train,18617,8
Train,18618,6
Train,18619,3
Train,18620,7
Train,18621,6
Train,18622,4
Train,18623,8
Train,18624,0
Train,18625,1
Train,18626,5
Train,18627,4
Train,18628,4
Train,18629,5
Train,18630,0
Train,18631,8
Train,18632,5
Train,18633,4
Train,18634,5
Train,18635,2
Train,18636,7
Train,18637,4
Train,18638,3
Train,18639,1
Train,18640,9
Train,18641,7
Train,18642,9
Train,18643,5
Train,18644,8
Train,18645,8
Train,18646,2
Train,18647,3
Train,18648,9
Train,18649,1
Train,18650,2
Train,18651,3
Train,18652,2
Train,18653,6
Train,18654,1
Train,18655,6
Train,18656,6
Train,18657,0
Train,18658,4
Train,18659,0
Train,18660,8
Train,18661,2
Train,18662,3
Train,18663,3
Train,18664,4
Train,18665,6
Train,18666,9
Train,18667,7
Train,18668,9
Train,18669,4
Train,18670,1
Train,18671,1
Train,18672,8
Train,18673,3
Train,18674,2
Train,18675,8
Train,18676,6
Train,18677,0
Train,18678,2
Train,18679,3
Train,18680,0
Train,18681,9
Train,18682,6
Train,18683,1
Train,18684,3
Train,18685,5
Train,18686,7
Train,18687,5
Train,18688,7
Train,18689,9
Train,18690,4
Train,18691,8
Train,18692,9
Train,18693,8
Train,18694,0
Train,18695,7
Train,18696,1
Train,18697,0
Train,18698,1
Train,18699,4
Train,18700,8
Train,18701,7
Train,18702,1
Train,18703,9
Train,18704,0
Train,18705,4
Train,18706,0
Train,18707,8
Train,18708,5
Train,18709,8
Train,18710,0
Train,18711,7
Train,18712,7
Train,18713,0
Train,18714,5
Train,18715,9
Train,18716,1
Train,18717,2
Train,18718,8
Train,18719,1
Train,18720,2
Train,18721,5
Train,18722,6
Train,18723,7
Train,18724,6
Train,18725,8
Train,18726,8
Train,18727,2
Train,18728,8
Train,18729,5
Train,18730,4
Train,18731,5
Train,18732,5
Train,18733,2
Train,18734,4
Train,18735,0
Train,18736,6
Train,18737,0
Train,18738,4
Train,18739,4
Train,18740,9
Train,18741,8
Train,18742,6
Train,18743,5
Train,18744,1
Train,18745,0
Train,18746,2
Train,18747,2
Train,18748,5
Train,18749,9
Train,18750,9
Train,18751,7
Train,18752,1
Train,18753,2
Train,18754,1
Train,18755,3
Train,18756,2
Train,18757,2
Train,18758,5
Train,18759,9
Train,18760,9
Train,18761,9
Train,18762,5
Train,18763,0
Train,18764,5
Train,18765,0
Train,18766,4
Train,18767,0
Train,18768,0
Train,18769,3
Train,18770,5
Train,18771,3
Train,18772,5
Train,18773,5
Train,18774,8
Train,18775,7
Train,18776,1
Train,18777,8
Train,18778,9
Train,18779,9
Train,18780,3
Train,18781,7
Train,18782,0
Train,18783,8
Train,18784,1
Train,18785,9
Train,18786,9
Train,18787,3
Train,18788,2
Train,18789,9
Train,18790,2
Train,18791,7
Train,18792,9
Train,18793,7
Train,18794,6
Train,18795,8
Train,18796,9
Train,18797,8
Train,18798,3
Train,18799,5
Train,18800,9
Train,18801,6
Train,18802,7
Train,18803,0
Train,18804,7
Train,18805,9
Train,18806,8
Train,18807,4
Train,18808,0
Train,18809,6
Train,18810,1
Train,18811,4
Train,18812,8
Train,18813,4
Train,18814,3
Train,18815,5
Train,18816,6
Train,18817,9
Train,18818,4
Train,18819,2
Train,18820,6
Train,18821,4
Train,18822,8
Train,18823,7
Train,18824,4
Train,18825,1
Train,18826,6
Train,18827,8
Train,18828,7
Train,18829,4
Train,18830,5
Train,18831,0
Train,18832,1
Train,18833,3
Train,18834,4
Train,18835,7
Train,18836,4
Train,18837,2
Train,18838,3
Train,18839,0
Train,18840,8
Train,18841,4
Train,18842,8
Train,18843,7
Train,18844,1
Train,18845,5
Train,18846,9
Train,18847,0
Train,18848,8
Train,18849,0
Train,18850,9
Train,18851,6
Train,18852,5
Train,18853,8
Train,18854,0
Train,18855,2
Train,18856,5
Train,18857,0
Train,18858,3
Train,18859,1
Train,18860,9
Train,18861,0
Train,18862,3
Train,18863,2
Train,18864,0
Train,18865,3
Train,18866,6
Train,18867,3
Train,18868,6
Train,18869,7
Train,18870,6
Train,18871,6
Train,18872,2
Train,18873,5
Train,18874,7
Train,18875,4
Train,18876,4
Train,18877,9
Train,18878,9
Train,18879,1
Train,18880,2
Train,18881,7
Train,18882,2
Train,18883,5
Train,18884,6
Train,18885,1
Train,18886,2
Train,18887,3
Train,18888,2
Train,18889,3
Train,18890,1
Train,18891,4
Train,18892,8
Train,18893,0
Train,18894,5
Train,18895,6
Train,18896,3
Train,18897,8
Train,18898,9
Train,18899,9
Train,18900,0
Train,18901,2
Train,18902,1
Train,18903,6
Train,18904,6
Train,18905,0
Train,18906,0
Train,18907,1
Train,18908,1
Train,18909,6
Train,18910,6
Train,18911,7
Train,18912,4
Train,18913,5
Train,18914,7
Train,18915,5
Train,18916,7
Train,18917,8
Train,18918,4
Train,18919,5
Train,18920,0
Train,18921,5
Train,18922,7
Train,18923,7
Train,18924,6
Train,18925,0
Train,18926,1
Train,18927,1
Train,18928,5
Train,18929,9
Train,18930,9
Train,18931,4
Train,18932,1
Train,18933,8
Train,18934,5
Train,18935,0
Train,18936,6
Train,18937,9
Train,18938,7
Train,18939,5
Train,18940,0
Train,18941,7
Train,18942,3
Train,18943,9
Train,18944,6
Train,18945,5
Train,18946,5
Train,18947,9
Train,18948,2
Train,18949,3
Train,18950,8
Train,18951,0
Train,18952,2
Train,18953,0
Train,18954,3
Train,18955,0
Train,18956,7
Train,18957,9
Train,18958,5
Train,18959,8
Train,18960,3
Train,18961,1
Train,18962,5
Train,18963,9
Train,18964,2
Train,18965,6
Train,18966,5
Train,18967,9
Train,18968,9
Train,18969,3
Train,18970,3
Train,18971,5
Train,18972,7
Train,18973,7
Train,18974,6
Train,18975,7
Train,18976,6
Train,18977,4
Train,18978,6
Train,18979,0
Train,18980,8
Train,18981,5
Train,18982,9
Train,18983,5
Train,18984,4
Train,18985,5
Train,18986,5
Train,18987,2
Train,18988,6
Train,18989,9
Train,18990,6
Train,18991,8
Train,18992,6
Train,18993,3
Train,18994,1
Train,18995,2
Train,18996,8
Train,18997,7
Train,18998,3
Train,18999,0
Train,19000,6
Train,19001,2
Train,19002,1
Train,19003,5
Train,19004,0
Train,19005,3
Train,19006,4
Train,19007,5
Train,19008,7
Train,19009,0
Train,19010,7
Train,19011,0
Train,19012,5
Train,19013,6
Train,19014,4
Train,19015,0
Train,19016,8
Train,19017,0
Train,19018,1
Train,19019,6
Train,19020,8
Train,19021,5
Train,19022,5
Train,19023,5
Train,19024,5
Train,19025,3
Train,19026,7
Train,19027,0
Train,19028,8
Train,19029,5
Train,19030,0
Train,19031,1
Train,19032,4
Train,19033,4
Train,19034,9
Train,19035,8
Train,19036,8
Train,19037,7
Train,19038,6
Train,19039,2
Train,19040,6
Train,19041,0
Train,19042,5
Train,19043,4
Train,19044,2
Train,19045,4
Train,19046,1
Train,19047,4
Train,19048,9
Train,19049,3
Train,19050,9
Train,19051,8
Train,19052,2
Train,19053,9
Train,19054,1
Train,19055,9
Train,19056,2
Train,19057,2
Train,19058,7
Train,19059,4
Train,19060,3
Train,19061,3
Train,19062,7
Train,19063,1
Train,19064,7
Train,19065,0
Train,19066,0
Train,19067,0
Train,19068,3
Train,19069,8
Train,19070,2
Train,19071,5
Train,19072,9
Train,19073,9
Train,19074,7
Train,19075,3
Train,19076,9
Train,19077,6
Train,19078,9
Train,19079,1
Train,19080,3
Train,19081,8
Train,19082,0
Train,19083,5
Train,19084,0
Train,19085,7
Train,19086,9
Train,19087,6
Train,19088,3
Train,19089,7
Train,19090,8
Train,19091,2
Train,19092,6
Train,19093,3
Train,19094,0
Train,19095,1
Train,19096,5
Train,19097,8
Train,19098,4
Train,19099,3
Train,19100,9
Train,19101,3
Train,19102,8
Train,19103,0
Train,19104,0
Train,19105,5
Train,19106,0
Train,19107,6
Train,19108,2
Train,19109,6
Train,19110,2
Train,19111,9
Train,19112,4
Train,19113,3
Train,19114,9
Train,19115,0
Train,19116,0
Train,19117,3
Train,19118,4
Train,19119,7
Train,19120,9
Train,19121,7
Train,19122,9
Train,19123,8
Train,19124,8
Train,19125,1
Train,19126,3
Train,19127,0
Train,19128,6
Train,19129,8
Train,19130,2
Train,19131,8
Train,19132,8
Train,19133,8
Train,19134,4
Train,19135,6
Train,19136,4
Train,19137,2
Train,19138,6
Train,19139,6
Train,19140,3
Train,19141,8
Train,19142,4
Train,19143,1
Train,19144,1
Train,19145,4
Train,19146,9
Train,19147,8
Train,19148,6
Train,19149,8
Train,19150,5
Train,19151,3
Train,19152,8
Train,19153,2
Train,19154,5
Train,19155,7
Train,19156,5
Train,19157,2
Train,19158,2
Train,19159,7
Train,19160,5
Train,19161,4
Train,19162,7
Train,19163,2
Train,19164,1
Train,19165,1
Train,19166,1
Train,19167,8
Train,19168,4
Train,19169,5
Train,19170,4
Train,19171,8
Train,19172,8
Train,19173,0
Train,19174,9
Train,19175,8
Train,19176,5
Train,19177,5
Train,19178,4
Train,19179,7
Train,19180,4
Train,19181,1
Train,19182,5
Train,19183,3
Train,19184,6
Train,19185,1
Train,19186,8
Train,19187,3
Train,19188,0
Train,19189,6
Train,19190,9
Train,19191,5
Train,19192,7
Train,19193,9
Train,19194,4
Train,19195,8
Train,19196,0
Train,19197,4
Train,19198,7
Train,19199,9
Train,19200,7
Train,19201,5
Train,19202,1
Train,19203,9
Train,19204,2
Train,19205,2
Train,19206,7
Train,19207,2
Train,19208,4
Train,19209,5
Train,19210,0
Train,19211,5
Train,19212,7
Train,19213,2
Train,19214,8
Train,19215,4
Train,19216,0
Train,19217,2
Train,19218,2
Train,19219,8
Train,19220,2
Train,19221,3
Train,19222,5
Train,19223,2
Train,19224,2
Train,19225,2
Train,19226,1
Train,19227,8
Train,19228,6
Train,19229,3
Train,19230,6
Train,19231,2
Train,19232,0
Train,19233,6
Train,19234,3
Train,19235,7
Train,19236,2
Train,19237,0
Train,19238,8
Train,19239,6
Train,19240,5
Train,19241,2
Train,19242,1
Train,19243,9
Train,19244,7
Train,19245,3
Train,19246,3
Train,19247,7
Train,19248,9
Train,19249,3
Train,19250,7
Train,19251,8
Train,19252,5
Train,19253,8
Train,19254,8
Train,19255,3
Train,19256,4
Train,19257,2
Train,19258,2
Train,19259,7
Train,19260,9
Train,19261,4
Train,19262,4
Train,19263,7
Train,19264,4
Train,19265,1
Train,19266,9
Train,19267,2
Train,19268,6
Train,19269,8
Train,19270,2
Train,19271,5
Train,19272,6
Train,19273,0
Train,19274,5
Train,19275,6
Train,19276,3
Train,19277,0
Train,19278,7
Train,19279,9
Train,19280,2
Train,19281,6
Train,19282,0
Train,19283,8
Train,19284,4
Train,19285,4
Train,19286,0
Train,19287,2
Train,19288,7
Train,19289,9
Train,19290,9
Train,19291,3
Train,19292,1
Train,19293,5
Train,19294,0
Train,19295,2
Train,19296,2
Train,19297,8
Train,19298,2
Train,19299,9
Train,19300,7
Train,19301,1
Train,19302,9
Train,19303,6
Train,19304,7
Train,19305,0
Train,19306,7
Train,19307,4
Train,19308,6
Train,19309,8
Train,19310,1
Train,19311,9
Train,19312,3
Train,19313,1
Train,19314,8
Train,19315,4
Train,19316,5
Train,19317,0
Train,19318,0
Train,19319,5
Train,19320,5
Train,19321,7
Train,19322,6
Train,19323,9
Train,19324,1
Train,19325,7
Train,19326,7
Train,19327,3
Train,19328,2
Train,19329,0
Train,19330,2
Train,19331,4
Train,19332,0
Train,19333,9
Train,19334,5
Train,19335,5
Train,19336,8
Train,19337,2
Train,19338,5
Train,19339,0
Train,19340,4
Train,19341,1
Train,19342,8
Train,19343,2
Train,19344,3
Train,19345,4
Train,19346,7
Train,19347,0
Train,19348,7
Train,19349,7
Train,19350,5
Train,19351,1
Train,19352,3
Train,19353,9
Train,19354,1
Train,19355,9
Train,19356,9
Train,19357,8
Train,19358,4
Train,19359,2
Train,19360,4
Train,19361,7
Train,19362,5
Train,19363,1
Train,19364,2
Train,19365,9
Train,19366,6
Train,19367,9
Train,19368,5
Train,19369,9
Train,19370,0
Train,19371,0
Train,19372,7
Train,19373,2
Train,19374,8
Train,19375,3
Train,19376,2
Train,19377,9
Train,19378,4
Train,19379,8
Train,19380,9
Train,19381,3
Train,19382,1
Train,19383,7
Train,19384,2
Train,19385,4
Train,19386,0
Train,19387,3
Train,19388,3
Train,19389,7
Train,19390,0
Train,19391,7
Train,19392,2
Train,19393,7
Train,19394,7
Train,19395,0
Train,19396,7
Train,19397,5
Train,19398,8
Train,19399,1
Train,19400,4
Train,19401,5
Train,19402,8
Train,19403,6
Train,19404,5
Train,19405,1
Train,19406,4
Train,19407,4
Train,19408,7
Train,19409,0
Train,19410,9
Train,19411,9
Train,19412,3
Train,19413,8
Train,19414,3
Train,19415,8
Train,19416,8
Train,19417,7
Train,19418,7
Train,19419,6
Train,19420,6
Train,19421,6
Train,19422,3
Train,19423,5
Train,19424,9
Train,19425,2
Train,19426,4
Train,19427,3
Train,19428,2
Train,19429,9
Train,19430,6
Train,19431,7
Train,19432,9
Train,19433,3
Train,19434,5
Train,19435,2
Train,19436,7
Train,19437,5
Train,19438,0
Train,19439,2
Train,19440,2
Train,19441,4
Train,19442,9
Train,19443,7
Train,19444,0
Train,19445,0
Train,19446,1
Train,19447,3
Train,19448,1
Train,19449,3
Train,19450,1
Train,19451,6
Train,19452,4
Train,19453,2
Train,19454,1
Train,19455,3
Train,19456,6
Train,19457,1
Train,19458,4
Train,19459,5
Train,19460,4
Train,19461,7
Train,19462,4
Train,19463,2
Train,19464,8
Train,19465,3
Train,19466,7
Train,19467,7
Train,19468,3
Train,19469,9
Train,19470,9
Train,19471,4
Train,19472,8
Train,19473,2
Train,19474,9
Train,19475,4
Train,19476,5
Train,19477,6
Train,19478,7
Train,19479,8
Train,19480,0
Train,19481,1
Train,19482,6
Train,19483,5
Train,19484,1
Train,19485,1
Train,19486,9
Train,19487,5
Train,19488,9
Train,19489,6
Train,19490,1
Train,19491,5
Train,19492,0
Train,19493,0
Train,19494,4
Train,19495,6
Train,19496,3
Train,19497,3
Train,19498,9
Train,19499,1
Train,19500,1
Train,19501,6
Train,19502,8
Train,19503,0
Train,19504,2
Train,19505,9
Train,19506,5
Train,19507,7
Train,19508,6
Train,19509,8
Train,19510,4
Train,19511,6
Train,19512,4
Train,19513,8
Train,19514,3
Train,19515,5
Train,19516,4
Train,19517,9
Train,19518,3
Train,19519,7
Train,19520,4
Train,19521,4
Train,19522,1
Train,19523,9
Train,19524,5
Train,19525,9
Train,19526,1
Train,19527,0
Train,19528,4
Train,19529,0
Train,19530,8
Train,19531,8
Train,19532,4
Train,19533,1
Train,19534,9
Train,19535,7
Train,19536,2
Train,19537,5
Train,19538,9
Train,19539,1
Train,19540,5
Train,19541,0
Train,19542,7
Train,19543,4
Train,19544,3
Train,19545,6
Train,19546,1
Train,19547,8
Train,19548,4
Train,19549,9
Train,19550,1
Train,19551,2
Train,19552,6
Train,19553,7
Train,19554,0
Train,19555,7
Train,19556,6
Train,19557,8
Train,19558,2
Train,19559,6
Train,19560,7
Train,19561,5
Train,19562,6
Train,19563,9
Train,19564,1
Train,19565,1
Train,19566,3
Train,19567,8
Train,19568,4
Train,19569,4
Train,19570,1
Train,19571,1
Train,19572,1
Train,19573,0
Train,19574,1
Train,19575,1
Train,19576,2
Train,19577,3
Train,19578,3
Train,19579,2
Train,19580,3
Train,19581,1
Train,19582,7
Train,19583,5
Train,19584,4
Train,19585,4
Train,19586,6
Train,19587,8
Train,19588,6
Train,19589,3
Train,19590,9
Train,19591,7
Train,19592,8
Train,19593,9
Train,19594,1
Train,19595,5
Train,19596,5
Train,19597,9
Train,19598,1
Train,19599,7
Train,19600,7
Train,19601,9
Train,19602,5
Train,19603,8
Train,19604,6
Train,19605,8
Train,19606,5
Train,19607,3
Train,19608,6
Train,19609,1
Train,19610,5
Train,19611,2
Train,19612,5
Train,19613,3
Train,19614,4
Train,19615,2
Train,19616,1
Train,19617,3
Train,19618,8
Train,19619,1
Train,19620,9
Train,19621,8
Train,19622,8
Train,19623,5
Train,19624,5
Train,19625,9
Train,19626,1
Train,19627,4
Train,19628,1
Train,19629,7
Train,19630,0
Train,19631,3
Train,19632,0
Train,19633,0
Train,19634,0
Train,19635,5
Train,19636,7
Train,19637,2
Train,19638,7
Train,19639,0
Train,19640,9
Train,19641,6
Train,19642,7
Train,19643,4
Train,19644,0
Train,19645,6
Train,19646,6
Train,19647,3
Train,19648,8
Train,19649,3
Train,19650,4
Train,19651,7
Train,19652,5
Train,19653,6
Train,19654,4
Train,19655,2
Train,19656,8
Train,19657,4
Train,19658,8
Train,19659,9
Train,19660,9
Train,19661,9
Train,19662,0
Train,19663,5
Train,19664,0
Train,19665,6
Train,19666,8
Train,19667,1
Train,19668,1
Train,19669,9
Train,19670,9
Train,19671,9
Train,19672,2
Train,19673,3
Train,19674,9
Train,19675,6
Train,19676,6
Train,19677,0
Train,19678,1
Train,19679,9
Train,19680,9
Train,19681,3
Train,19682,0
Train,19683,5
Train,19684,4
Train,19685,6
Train,19686,2
Train,19687,9
Train,19688,9
Train,19689,4
Train,19690,5
Train,19691,7
Train,19692,6
Train,19693,5
Train,19694,2
Train,19695,2
Train,19696,8
Train,19697,0
Train,19698,5
Train,19699,1
Train,19700,2
Train,19701,6
Train,19702,4
Train,19703,9
Train,19704,4
Train,19705,6
Train,19706,8
Train,19707,6
Train,19708,5
Train,19709,9
Train,19710,1
Train,19711,4
Train,19712,7
Train,19713,8
Train,19714,2
Train,19715,6
Train,19716,0
Train,19717,3
Train,19718,8
Train,19719,9
Train,19720,8
Train,19721,4
Train,19722,9
Train,19723,5
Train,19724,9
Train,19725,8
Train,19726,3
Train,19727,3
Train,19728,0
Train,19729,2
Train,19730,0
Train,19731,6
Train,19732,6
Train,19733,8
Train,19734,2
Train,19735,5
Train,19736,1
Train,19737,2
Train,19738,3
Train,19739,7
Train,19740,0
Train,19741,0
Train,19742,4
Train,19743,2
Train,19744,7
Train,19745,1
Train,19746,4
Train,19747,7
Train,19748,8
Train,19749,0
Train,19750,3
Train,19751,9
Train,19752,3
Train,19753,0
Train,19754,5
Train,19755,7
Train,19756,5
Train,19757,5
Train,19758,4
Train,19759,7
Train,19760,1
Train,19761,0
Train,19762,6
Train,19763,6
Train,19764,1
Train,19765,1
Train,19766,9
Train,19767,6
Train,19768,8
Train,19769,1
Train,19770,6
Train,19771,3
Train,19772,7
Train,19773,1
Train,19774,4
Train,19775,8
Train,19776,9
Train,19777,7
Train,19778,0
Train,19779,7
Train,19780,3
Train,19781,3
Train,19782,3
Train,19783,1
Train,19784,4
Train,19785,2
Train,19786,5
Train,19787,3
Train,19788,8
Train,19789,2
Train,19790,4
Train,19791,7
Train,19792,1
Train,19793,1
Train,19794,7
Train,19795,3
Train,19796,9
Train,19797,4
Train,19798,6
Train,19799,3
Train,19800,5
Train,19801,9
Train,19802,7
Train,19803,4
Train,19804,0
Train,19805,9
Train,19806,2
Train,19807,0
Train,19808,3
Train,19809,5
Train,19810,1
Train,19811,2
Train,19812,0
Train,19813,4
Train,19814,0
Train,19815,2
Train,19816,7
Train,19817,8
Train,19818,0
Train,19819,5
Train,19820,3
Train,19821,7
Train,19822,4
Train,19823,6
Train,19824,9
Train,19825,5
Train,19826,9
Train,19827,3
Train,19828,0
Train,19829,8
Train,19830,3
Train,19831,9
Train,19832,7
Train,19833,4
Train,19834,6
Train,19835,5
Train,19836,8
Train,19837,3
Train,19838,3
Train,19839,3
Train,19840,9
Train,19841,9
Train,19842,9
Train,19843,8
Train,19844,7
Train,19845,2
Train,19846,4
Train,19847,3
Train,19848,4
Train,19849,7
Train,19850,7
Train,19851,8
Train,19852,4
Train,19853,3
Train,19854,8
Train,19855,6
Train,19856,5
Train,19857,4
Train,19858,0
Train,19859,0
Train,19860,0
Train,19861,5
Train,19862,1
Train,19863,5
Train,19864,3
Train,19865,1
Train,19866,1
Train,19867,1
Train,19868,2
Train,19869,1
Train,19870,6
Train,19871,3
Train,19872,3
Train,19873,9
Train,19874,2
Train,19875,3
Train,19876,9
Train,19877,6
Train,19878,0
Train,19879,7
Train,19880,1
Train,19881,3
Train,19882,4
Train,19883,7
Train,19884,0
Train,19885,4
Train,19886,1
Train,19887,8
Train,19888,2
Train,19889,5
Train,19890,1
Train,19891,9
Train,19892,5
Train,19893,9
Train,19894,0
Train,19895,3
Train,19896,5
Train,19897,4
Train,19898,1
Train,19899,2
Train,19900,5
Train,19901,2
Train,19902,3
Train,19903,4
Train,19904,0
Train,19905,7
Train,19906,4
Train,19907,6
Train,19908,5
Train,19909,7
Train,19910,8
Train,19911,1
Train,19912,4
Train,19913,3
Train,19914,2
Train,19915,2
Train,19916,2
Train,19917,4
Train,19918,2
Train,19919,9
Train,19920,3
Train,19921,8
Train,19922,3
Train,19923,9
Train,19924,6
Train,19925,5
Train,19926,6
Train,19927,6
Train,19928,0
Train,19929,3
Train,19930,1
Train,19931,7
Train,19932,2
Train,19933,5
Train,19934,9
Train,19935,1
Train,19936,4
Train,19937,8
Train,19938,5
Train,19939,1
Train,19940,7
Train,19941,6
Train,19942,0
Train,19943,4
Train,19944,2
Train,19945,0
Train,19946,1
Train,19947,1
Train,19948,8
Train,19949,6
Train,19950,2
Train,19951,7
Train,19952,4
Train,19953,9
Train,19954,8
Train,19955,6
Train,19956,7
Train,19957,4
Train,19958,5
Train,19959,6
Train,19960,7
Train,19961,0
Train,19962,7
Train,19963,2
Train,19964,2
Train,19965,5
Train,19966,6
Train,19967,6
Train,19968,7
Train,19969,2
Train,19970,6
Train,19971,1
Train,19972,5
Train,19973,7
Train,19974,0
Train,19975,8
Train,19976,9
Train,19977,2
Train,19978,7
Train,19979,8
Train,19980,4
Train,19981,2
Train,19982,0
Train,19983,1
Train,19984,6
Train,19985,2
Train,19986,7
Train,19987,8
Train,19988,0
Train,19989,1
Train,19990,4
Train,19991,8
Train,19992,9
Train,19993,5
Train,19994,3
Train,19995,8
Train,19996,8
Train,19997,7
Train,19998,2
Train,19999,5
Train,20000,8
Train,20001,5
Train,20002,0
Train,20003,6
Train,20004,9
Train,20005,2
Train,20006,8
Train,20007,3
Train,20008,6
Train,20009,2
Train,20010,7
Train,20011,4
Train,20012,6
Train,20013,9
Train,20014,0
Train,20015,0
Train,20016,7
Train,20017,3
Train,20018,7
Train,20019,2
Train,20020,5
Train,20021,6
Train,20022,6
Train,20023,0
Train,20024,9
Train,20025,6
Train,20026,8
Train,20027,6
Train,20028,7
Train,20029,2
Train,20030,7
Train,20031,5
Train,20032,3
Train,20033,3
Train,20034,3
Train,20035,0
Train,20036,6
Train,20037,5
Train,20038,2
Train,20039,0
Train,20040,8
Train,20041,8
Train,20042,1
Train,20043,5
Train,20044,4
Train,20045,0
Train,20046,4
Train,20047,1
Train,20048,2
Train,20049,4
Train,20050,3
Train,20051,2
Train,20052,8
Train,20053,5
Train,20054,4
Train,20055,2
Train,20056,1
Train,20057,1
Train,20058,3
Train,20059,5
Train,20060,4
Train,20061,2
Train,20062,7
Train,20063,7
Train,20064,8
Train,20065,2
Train,20066,5
Train,20067,3
Train,20068,9
Train,20069,9
Train,20070,0
Train,20071,6
Train,20072,7
Train,20073,2
Train,20074,1
Train,20075,5
Train,20076,5
Train,20077,2
Train,20078,7
Train,20079,1
Train,20080,3
Train,20081,8
Train,20082,8
Train,20083,5
Train,20084,5
Train,20085,4
Train,20086,0
Train,20087,5
Train,20088,1
Train,20089,8
Train,20090,5
Train,20091,3
Train,20092,5
Train,20093,6
Train,20094,7
Train,20095,9
Train,20096,4
Train,20097,0
Train,20098,6
Train,20099,7
Train,20100,8
Train,20101,5
Train,20102,2
Train,20103,4
Train,20104,6
Train,20105,0
Train,20106,6
Train,20107,1
Train,20108,4
Train,20109,7
Train,20110,8
Train,20111,3
Train,20112,2
Train,20113,6
Train,20114,1
Train,20115,6
Train,20116,4
Train,20117,3
Train,20118,8
Train,20119,1
Train,20120,4
Train,20121,3
Train,20122,5
Train,20123,4
Train,20124,0
Train,20125,2
Train,20126,5
Train,20127,0
Train,20128,8
Train,20129,9
Train,20130,2
Train,20131,3
Train,20132,0
Train,20133,4
Train,20134,9
Train,20135,6
Train,20136,4
Train,20137,4
Train,20138,2
Train,20139,3
Train,20140,5
Train,20141,6
Train,20142,4
Train,20143,3
Train,20144,3
Train,20145,2
Train,20146,6
Train,20147,4
Train,20148,6
Train,20149,2
Train,20150,8
Train,20151,3
Train,20152,3
Train,20153,3
Train,20154,4
Train,20155,1
Train,20156,5
Train,20157,4
Train,20158,7
Train,20159,3
Train,20160,6
Train,20161,8
Train,20162,1
Train,20163,3
Train,20164,5
Train,20165,9
Train,20166,7
Train,20167,9
Train,20168,1
Train,20169,0
Train,20170,7
Train,20171,5
Train,20172,9
Train,20173,4
Train,20174,3
Train,20175,7
Train,20176,9
Train,20177,6
Train,20178,5
Train,20179,7
Train,20180,0
Train,20181,9
Train,20182,8
Train,20183,2
Train,20184,3
Train,20185,5
Train,20186,7
Train,20187,9
Train,20188,0
Train,20189,2
Train,20190,0
Train,20191,7
Train,20192,4
Train,20193,6
Train,20194,3
Train,20195,1
Train,20196,3
Train,20197,1
Train,20198,8
Train,20199,1
Train,20200,5
Train,20201,5
Train,20202,7
Train,20203,3
Train,20204,3
Train,20205,0
Train,20206,4
Train,20207,5
Train,20208,3
Train,20209,8
Train,20210,3
Train,20211,9
Train,20212,2
Train,20213,9
Train,20214,1
Train,20215,3
Train,20216,2
Train,20217,0
Train,20218,7
Train,20219,8
Train,20220,2
Train,20221,8
Train,20222,1
Train,20223,7
Train,20224,9
Train,20225,6
Train,20226,2
Train,20227,8
Train,20228,8
Train,20229,9
Train,20230,7
Train,20231,9
Train,20232,9
Train,20233,0
Train,20234,3
Train,20235,7
Train,20236,0
Train,20237,8
Train,20238,6
Train,20239,8
Train,20240,6
Train,20241,9
Train,20242,0
Train,20243,4
Train,20244,1
Train,20245,1
Train,20246,8
Train,20247,7
Train,20248,9
Train,20249,7
Train,20250,9
Train,20251,7
Train,20252,3
Train,20253,4
Train,20254,6
Train,20255,3
Train,20256,0
Train,20257,0
Train,20258,6
Train,20259,8
Train,20260,2
Train,20261,3
Train,20262,0
Train,20263,6
Train,20264,9
Train,20265,0
Train,20266,2
Train,20267,0
Train,20268,6
Train,20269,3
Train,20270,4
Train,20271,3
Train,20272,2
Train,20273,1
Train,20274,4
Train,20275,0
Train,20276,4
Train,20277,5
Train,20278,6
Train,20279,5
Train,20280,4
Train,20281,3
Train,20282,4
Train,20283,2
Train,20284,2
Train,20285,2
Train,20286,2
Train,20287,0
Train,20288,8
Train,20289,3
Train,20290,8
Train,20291,7
Train,20292,5
Train,20293,6
Train,20294,4
Train,20295,0
Train,20296,9
Train,20297,6
Train,20298,8
Train,20299,7
Train,20300,8
Train,20301,3
Train,20302,0
Train,20303,4
Train,20304,1
Train,20305,9
Train,20306,4
Train,20307,1
Train,20308,2
Train,20309,7
Train,20310,6
Train,20311,1
Train,20312,1
Train,20313,1
Train,20314,7
Train,20315,5
Train,20316,6
Train,20317,2
Train,20318,2
Train,20319,0
Train,20320,5
Train,20321,4
Train,20322,5
Train,20323,2
Train,20324,6
Train,20325,4
Train,20326,3
Train,20327,1
Train,20328,0
Train,20329,3
Train,20330,3
Train,20331,1
Train,20332,6
Train,20333,6
Train,20334,0
Train,20335,3
Train,20336,1
Train,20337,3
Train,20338,3
Train,20339,3
Train,20340,4
Train,20341,4
Train,20342,4
Train,20343,4
Train,20344,3
Train,20345,3
Train,20346,3
Train,20347,7
Train,20348,5
Train,20349,0
Train,20350,8
Train,20351,1
Train,20352,8
Train,20353,1
Train,20354,9
Train,20355,0
Train,20356,7
Train,20357,7
Train,20358,8
Train,20359,8
Train,20360,8
Train,20361,5
Train,20362,6
Train,20363,4
Train,20364,7
Train,20365,5
Train,20366,1
Train,20367,3
Train,20368,1
Train,20369,7
Train,20370,8
Train,20371,3
Train,20372,6
Train,20373,4
Train,20374,4
Train,20375,8
Train,20376,1
Train,20377,6
Train,20378,3
Train,20379,0
Train,20380,9
Train,20381,1
Train,20382,5
Train,20383,0
Train,20384,6
Train,20385,9
Train,20386,6
Train,20387,5
Train,20388,9
Train,20389,7
Train,20390,3
Train,20391,1
Train,20392,7
Train,20393,0
Train,20394,5
Train,20395,8
Train,20396,0
Train,20397,3
Train,20398,0
Train,20399,7
Train,20400,8
Train,20401,3
Train,20402,9
Train,20403,2
Train,20404,0
Train,20405,8
Train,20406,4
Train,20407,4
Train,20408,6
Train,20409,4
Train,20410,3
Train,20411,4
Train,20412,4
Train,20413,3
Train,20414,5
Train,20415,5
Train,20416,5
Train,20417,7
Train,20418,3
Train,20419,8
Train,20420,9
Train,20421,5
Train,20422,5
Train,20423,7
Train,20424,0
Train,20425,3
Train,20426,2
Train,20427,9
Train,20428,9
Train,20429,7
Train,20430,9
Train,20431,3
Train,20432,6
Train,20433,7
Train,20434,0
Train,20435,4
Train,20436,7
Train,20437,6
Train,20438,1
Train,20439,4
Train,20440,1
Train,20441,9
Train,20442,1
Train,20443,7
Train,20444,1
Train,20445,5
Train,20446,4
Train,20447,3
Train,20448,3
Train,20449,0
Train,20450,4
Train,20451,5
Train,20452,0
Train,20453,1
Train,20454,0
Train,20455,8
Train,20456,9
Train,20457,2
Train,20458,0
Train,20459,8
Train,20460,5
Train,20461,8
Train,20462,9
Train,20463,1
Train,20464,7
Train,20465,3
Train,20466,8
Train,20467,8
Train,20468,2
Train,20469,3
Train,20470,4
Train,20471,0
Train,20472,9
Train,20473,0
Train,20474,0
Train,20475,1
Train,20476,7
Train,20477,5
Train,20478,5
Train,20479,8
Train,20480,6
Train,20481,9
Train,20482,6
Train,20483,5
Train,20484,5
Train,20485,4
Train,20486,1
Train,20487,6
Train,20488,3
Train,20489,7
Train,20490,2
Train,20491,8
Train,20492,8
Train,20493,5
Train,20494,1
Train,20495,5
Train,20496,3
Train,20497,1
Train,20498,4
Train,20499,7
Train,20500,8
Train,20501,6
Train,20502,8
Train,20503,6
Train,20504,6
Train,20505,3
Train,20506,6
Train,20507,3
Train,20508,8
Train,20509,8
Train,20510,1
Train,20511,4
Train,20512,5
Train,20513,1
Train,20514,6
Train,20515,4
Train,20516,9
Train,20517,9
Train,20518,9
Train,20519,9
Train,20520,3
Train,20521,4
Train,20522,3
Train,20523,0
Train,20524,3
Train,20525,3
Train,20526,2
Train,20527,6
Train,20528,3
Train,20529,3
Train,20530,8
Train,20531,3
Train,20532,0
Train,20533,2
Train,20534,3
Train,20535,6
Train,20536,1
Train,20537,0
Train,20538,2
Train,20539,0
Train,20540,8
Train,20541,6
Train,20542,5
Train,20543,4
Train,20544,7
Train,20545,2
Train,20546,1
Train,20547,2
Train,20548,6
Train,20549,1
Train,20550,7
Train,20551,2
Train,20552,9
Train,20553,4
Train,20554,1
Train,20555,0
Train,20556,2
Train,20557,1
Train,20558,2
Train,20559,9
Train,20560,2
Train,20561,6
Train,20562,5
Train,20563,2
Train,20564,4
Train,20565,7
Train,20566,0
Train,20567,7
Train,20568,0
Train,20569,3
Train,20570,2
Train,20571,3
Train,20572,2
Train,20573,4
Train,20574,0
Train,20575,4
Train,20576,7
Train,20577,3
Train,20578,9
Train,20579,2
Train,20580,2
Train,20581,7
Train,20582,6
Train,20583,3
Train,20584,0
Train,20585,4
Train,20586,6
Train,20587,9
Train,20588,4
Train,20589,2
Train,20590,7
Train,20591,3
Train,20592,1
Train,20593,3
Train,20594,8
Train,20595,1
Train,20596,8
Train,20597,6
Train,20598,8
Train,20599,9
Train,20600,9
Train,20601,3
Train,20602,0
Train,20603,5
Train,20604,8
Train,20605,1
Train,20606,0
Train,20607,7
Train,20608,4
Train,20609,6
Train,20610,4
Train,20611,0
Train,20612,8
Train,20613,9
Train,20614,7
Train,20615,5
Train,20616,1
Train,20617,8
Train,20618,7
Train,20619,1
Train,20620,8
Train,20621,2
Train,20622,0
Train,20623,6
Train,20624,3
Train,20625,3
Train,20626,3
Train,20627,5
Train,20628,6
Train,20629,4
Train,20630,3
Train,20631,3
Train,20632,3
Train,20633,2
Train,20634,9
Train,20635,9
Train,20636,9
Train,20637,1
Train,20638,3
Train,20639,3
Train,20640,4
Train,20641,6
Train,20642,4
Train,20643,1
Train,20644,5
Train,20645,2
Train,20646,7
Train,20647,5
Train,20648,3
Train,20649,1
Train,20650,8
Train,20651,2
Train,20652,8
Train,20653,9
Train,20654,4
Train,20655,4
Train,20656,2
Train,20657,9
Train,20658,0
Train,20659,4
Train,20660,2
Train,20661,1
Train,20662,8
Train,20663,6
Train,20664,8
Train,20665,9
Train,20666,6
Train,20667,1
Train,20668,8
Train,20669,5
Train,20670,9
Train,20671,2
Train,20672,5
Train,20673,2
Train,20674,1
Train,20675,9
Train,20676,9
Train,20677,8
Train,20678,7
Train,20679,9
Train,20680,1
Train,20681,7
Train,20682,0
Train,20683,9
Train,20684,5
Train,20685,3
Train,20686,0
Train,20687,6
Train,20688,5
Train,20689,6
Train,20690,7
Train,20691,3
Train,20692,5
Train,20693,9
Train,20694,0
Train,20695,2
Train,20696,2
Train,20697,9
Train,20698,4
Train,20699,7
Train,20700,2
Train,20701,7
Train,20702,8
Train,20703,2
Train,20704,3
Train,20705,8
Train,20706,6
Train,20707,7
Train,20708,0
Train,20709,0
Train,20710,0
Train,20711,8
Train,20712,2
Train,20713,9
Train,20714,3
Train,20715,5
Train,20716,8
Train,20717,6
Train,20718,9
Train,20719,8
Train,20720,9
Train,20721,3
Train,20722,0
Train,20723,0
Train,20724,2
Train,20725,1
Train,20726,8
Train,20727,8
Train,20728,8
Train,20729,9
Train,20730,4
Train,20731,1
Train,20732,5
Train,20733,5
Train,20734,6
Train,20735,9
Train,20736,1
Train,20737,2
Train,20738,7
Train,20739,8
Train,20740,8
Train,20741,7
Train,20742,1
Train,20743,0
Train,20744,7
Train,20745,1
Train,20746,1
Train,20747,5
Train,20748,7
Train,20749,8
Train,20750,1
Train,20751,0
Train,20752,1
Train,20753,1
Train,20754,2
Train,20755,6
Train,20756,8
Train,20757,7
Train,20758,0
Train,20759,0
Train,20760,3
Train,20761,1
Train,20762,8
Train,20763,0
Train,20764,1
Train,20765,9
Train,20766,6
Train,20767,6
Train,20768,5
Train,20769,4
Train,20770,3
Train,20771,6
Train,20772,4
Train,20773,7
Train,20774,1
Train,20775,6
Train,20776,5
Train,20777,1
Train,20778,4
Train,20779,2
Train,20780,7
Train,20781,1
Train,20782,4
Train,20783,1
Train,20784,3
Train,20785,4
Train,20786,8
Train,20787,9
Train,20788,6
Train,20789,6
Train,20790,0
Train,20791,7
Train,20792,7
Train,20793,2
Train,20794,5
Train,20795,0
Train,20796,1
Train,20797,2
Train,20798,4
Train,20799,9
Train,20800,6
Train,20801,5
Train,20802,6
Train,20803,6
Train,20804,9
Train,20805,2
Train,20806,3
Train,20807,5
Train,20808,7
Train,20809,5
Train,20810,4
Train,20811,1
Train,20812,8
Train,20813,0
Train,20814,6
Train,20815,4
Train,20816,0
Train,20817,0
Train,20818,2
Train,20819,7
Train,20820,3
Train,20821,6
Train,20822,8
Train,20823,4
Train,20824,0
Train,20825,9
Train,20826,4
Train,20827,9
Train,20828,4
Train,20829,1
Train,20830,6
Train,20831,0
Train,20832,4
Train,20833,4
Train,20834,0
Train,20835,1
Train,20836,5
Train,20837,5
Train,20838,2
Train,20839,2
Train,20840,1
Train,20841,8
Train,20842,2
Train,20843,1
Train,20844,1
Train,20845,2
Train,20846,7
Train,20847,6
Train,20848,7
Train,20849,3
Train,20850,2
Train,20851,9
Train,20852,0
Train,20853,6
Train,20854,9
Train,20855,9
Train,20856,1
Train,20857,1
Train,20858,1
Train,20859,2
Train,20860,5
Train,20861,5
Train,20862,0
Train,20863,8
Train,20864,2
Train,20865,1
Train,20866,1
Train,20867,8
Train,20868,3
Train,20869,9
Train,20870,4
Train,20871,4
Train,20872,3
Train,20873,8
Train,20874,1
Train,20875,8
Train,20876,2
Train,20877,3
Train,20878,6
Train,20879,7
Train,20880,2
Train,20881,6
Train,20882,3
Train,20883,7
Train,20884,7
Train,20885,6
Train,20886,7
Train,20887,6
Train,20888,4
Train,20889,8
Train,20890,4
Train,20891,0
Train,20892,3
Train,20893,7
Train,20894,9
Train,20895,1
Train,20896,1
Train,20897,1
Train,20898,8
Train,20899,5
Train,20900,7
Train,20901,9
Train,20902,0
Train,20903,7
Train,20904,4
Train,20905,5
Train,20906,4
Train,20907,1
Train,20908,2
Train,20909,8
Train,20910,0
Train,20911,1
Train,20912,9
Train,20913,8
Train,20914,1
Train,20915,9
Train,20916,0
Train,20917,3
Train,20918,3
Train,20919,6
Train,20920,3
Train,20921,6
Train,20922,5
Train,20923,4
Train,20924,0
Train,20925,9
Train,20926,6
Train,20927,6
Train,20928,0
Train,20929,3
Train,20930,6
Train,20931,1
Train,20932,3
Train,20933,1
Train,20934,6
Train,20935,6
Train,20936,8
Train,20937,1
Train,20938,5
Train,20939,5
Train,20940,5
Train,20941,2
Train,20942,8
Train,20943,9
Train,20944,9
Train,20945,6
Train,20946,8
Train,20947,9
Train,20948,4
Train,20949,8
Train,20950,6
Train,20951,1
Train,20952,5
Train,20953,3
Train,20954,8
Train,20955,9
Train,20956,4
Train,20957,2
Train,20958,8
Train,20959,2
Train,20960,7
Train,20961,3
Train,20962,8
Train,20963,3
Train,20964,4
Train,20965,3
Train,20966,4
Train,20967,4
Train,20968,3
Train,20969,0
Train,20970,1
Train,20971,7
Train,20972,6
Train,20973,0
Train,20974,9
Train,20975,6
Train,20976,0
Train,20977,6
Train,20978,4
Train,20979,7
Train,20980,0
Train,20981,6
Train,20982,5
Train,20983,0
Train,20984,8
Train,20985,0
Train,20986,6
Train,20987,4
Train,20988,1
Train,20989,7
Train,20990,2
Train,20991,5
Train,20992,7
Train,20993,6
Train,20994,1
Train,20995,9
Train,20996,2
Train,20997,0
Train,20998,7
Train,20999,8
Train,21000,0
Train,21001,7
Train,21002,4
Train,21003,1
Train,21004,6
Train,21005,8
Train,21006,5
Train,21007,7
Train,21008,9
Train,21009,5
Train,21010,9
Train,21011,5
Train,21012,0
Train,21013,8
Train,21014,1
Train,21015,3
Train,21016,4
Train,21017,3
Train,21018,2
Train,21019,6
Train,21020,1
Train,21021,4
Train,21022,3
Train,21023,0
Train,21024,6
Train,21025,7
Train,21026,8
Train,21027,1
Train,21028,8
Train,21029,5
Train,21030,6
Train,21031,2
Train,21032,6
Train,21033,4
Train,21034,2
Train,21035,5
Train,21036,8
Train,21037,6
Train,21038,6
Train,21039,2
Train,21040,2
Train,21041,4
Train,21042,8
Train,21043,0
Train,21044,0
Train,21045,9
Train,21046,5
Train,21047,6
Train,21048,4
Train,21049,3
Train,21050,8
Train,21051,7
Train,21052,4
Train,21053,3
Train,21054,0
Train,21055,3
Train,21056,1
Train,21057,2
Train,21058,8
Train,21059,5
Train,21060,7
Train,21061,5
Train,21062,5
Train,21063,2
Train,21064,0
Train,21065,9
Train,21066,4
Train,21067,9
Train,21068,4
Train,21069,7
Train,21070,3
Train,21071,0
Train,21072,6
Train,21073,1
Train,21074,0
Train,21075,5
Train,21076,2
Train,21077,5
Train,21078,4
Train,21079,6
Train,21080,1
Train,21081,4
Train,21082,7
Train,21083,7
Train,21084,6
Train,21085,3
Train,21086,7
Train,21087,0
Train,21088,1
Train,21089,5
Train,21090,2
Train,21091,6
Train,21092,0
Train,21093,9
Train,21094,1
Train,21095,0
Train,21096,7
Train,21097,6
Train,21098,9
Train,21099,2
Train,21100,7
Train,21101,7
Train,21102,2
Train,21103,3
Train,21104,1
Train,21105,0
Train,21106,3
Train,21107,7
Train,21108,7
Train,21109,7
Train,21110,9
Train,21111,8
Train,21112,1
Train,21113,7
Train,21114,9
Train,21115,2
Train,21116,3
Train,21117,4
Train,21118,1
Train,21119,0
Train,21120,7
Train,21121,9
Train,21122,3
Train,21123,8
Train,21124,5
Train,21125,6
Train,21126,5
Train,21127,5
Train,21128,5
Train,21129,9
Train,21130,5
Train,21131,2
Train,21132,6
Train,21133,9
Train,21134,8
Train,21135,2
Train,21136,7
Train,21137,1
Train,21138,9
Train,21139,2
Train,21140,8
Train,21141,1
Train,21142,1
Train,21143,0
Train,21144,0
Train,21145,2
Train,21146,6
Train,21147,3
Train,21148,5
Train,21149,1
Train,21150,1
Train,21151,1
Train,21152,1
Train,21153,1
Train,21154,1
Train,21155,6
Train,21156,3
Train,21157,8
Train,21158,0
Train,21159,9
Train,21160,8
Train,21161,4
Train,21162,2
Train,21163,2
Train,21164,8
Train,21165,8
Train,21166,0
Train,21167,2
Train,21168,2
Train,21169,8
Train,21170,9
Train,21171,4
Train,21172,8
Train,21173,4
Train,21174,3
Train,21175,8
Train,21176,4
Train,21177,6
Train,21178,1
Train,21179,5
Train,21180,1
Train,21181,1
Train,21182,9
Train,21183,6
Train,21184,9
Train,21185,7
Train,21186,5
Train,21187,4
Train,21188,4
Train,21189,2
Train,21190,5
Train,21191,4
Train,21192,6
Train,21193,3
Train,21194,4
Train,21195,0
Train,21196,1
Train,21197,4
Train,21198,5
Train,21199,1
Train,21200,6
Train,21201,4
Train,21202,8
Train,21203,9
Train,21204,0
Train,21205,2
Train,21206,1
Train,21207,3
Train,21208,2
Train,21209,9
Train,21210,2
Train,21211,7
Train,21212,9
Train,21213,9
Train,21214,5
Train,21215,1
Train,21216,6
Train,21217,0
Train,21218,1
Train,21219,9
Train,21220,5
Train,21221,9
Train,21222,4
Train,21223,2
Train,21224,2
Train,21225,7
Train,21226,8
Train,21227,0
Train,21228,6
Train,21229,4
Train,21230,1
Train,21231,0
Train,21232,0
Train,21233,5
Train,21234,1
Train,21235,5
Train,21236,9
Train,21237,9
Train,21238,1
Train,21239,3
Train,21240,2
Train,21241,8
Train,21242,9
Train,21243,0
Train,21244,7
Train,21245,1
Train,21246,8
Train,21247,2
Train,21248,0
Train,21249,8
Train,21250,3
Train,21251,4
Train,21252,4
Train,21253,8
Train,21254,4
Train,21255,7
Train,21256,3
Train,21257,8
Train,21258,5
Train,21259,0
Train,21260,4
Train,21261,5
Train,21262,2
Train,21263,8
Train,21264,6
Train,21265,5
Train,21266,5
Train,21267,8
Train,21268,7
Train,21269,7
Train,21270,1
Train,21271,5
Train,21272,0
Train,21273,9
Train,21274,3
Train,21275,0
Train,21276,7
Train,21277,3
Train,21278,5
Train,21279,5
Train,21280,1
Train,21281,4
Train,21282,9
Train,21283,1
Train,21284,2
Train,21285,2
Train,21286,5
Train,21287,3
Train,21288,0
Train,21289,9
Train,21290,9
Train,21291,9
Train,21292,6
Train,21293,1
Train,21294,8
Train,21295,8
Train,21296,8
Train,21297,0
Train,21298,8
Train,21299,3
Train,21300,9
Train,21301,7
Train,21302,7
Train,21303,4
Train,21304,4
Train,21305,0
Train,21306,0
Train,21307,4
Train,21308,0
Train,21309,1
Train,21310,0
Train,21311,6
Train,21312,8
Train,21313,6
Train,21314,7
Train,21315,3
Train,21316,2
Train,21317,7
Train,21318,5
Train,21319,8
Train,21320,5
Train,21321,2
Train,21322,0
Train,21323,4
Train,21324,7
Train,21325,5
Train,21326,3
Train,21327,4
Train,21328,1
Train,21329,7
Train,21330,9
Train,21331,1
Train,21332,2
Train,21333,1
Train,21334,9
Train,21335,7
Train,21336,9
Train,21337,8
Train,21338,0
Train,21339,8
Train,21340,7
Train,21341,4
Train,21342,8
Train,21343,7
Train,21344,7
Train,21345,0
Train,21346,4
Train,21347,3
Train,21348,2
Train,21349,6
Train,21350,9
Train,21351,3
Train,21352,5
Train,21353,7
Train,21354,4
Train,21355,9
Train,21356,5
Train,21357,6
Train,21358,6
Train,21359,6
Train,21360,0
Train,21361,8
Train,21362,6
Train,21363,2
Train,21364,4
Train,21365,2
Train,21366,3
Train,21367,7
Train,21368,3
Train,21369,1
Train,21370,5
Train,21371,7
Train,21372,9
Train,21373,3
Train,21374,8
Train,21375,9
Train,21376,9
Train,21377,8
Train,21378,7
Train,21379,5
Train,21380,9
Train,21381,7
Train,21382,4
Train,21383,8
Train,21384,1
Train,21385,4
Train,21386,0
Train,21387,0
Train,21388,7
Train,21389,4
Train,21390,9
Train,21391,4
Train,21392,2
Train,21393,0
Train,21394,7
Train,21395,8
Train,21396,7
Train,21397,1
Train,21398,1
Train,21399,2
Train,21400,3
Train,21401,9
Train,21402,3
Train,21403,2
Train,21404,0
Train,21405,4
Train,21406,9
Train,21407,1
Train,21408,9
Train,21409,7
Train,21410,7
Train,21411,9
Train,21412,2
Train,21413,0
Train,21414,8
Train,21415,3
Train,21416,1
Train,21417,4
Train,21418,1
Train,21419,4
Train,21420,3
Train,21421,5
Train,21422,1
Train,21423,1
Train,21424,6
Train,21425,4
Train,21426,2
Train,21427,8
Train,21428,5
Train,21429,1
Train,21430,7
Train,21431,8
Train,21432,8
Train,21433,2
Train,21434,8
Train,21435,6
Train,21436,5
Train,21437,1
Train,21438,6
Train,21439,0
Train,21440,0
Train,21441,7
Train,21442,2
Train,21443,8
Train,21444,8
Train,21445,9
Train,21446,2
Train,21447,6
Train,21448,1
Train,21449,5
Train,21450,5
Train,21451,8
Train,21452,2
Train,21453,4
Train,21454,4
Train,21455,1
Train,21456,8
Train,21457,8
Train,21458,0
Train,21459,3
Train,21460,4
Train,21461,9
Train,21462,3
Train,21463,6
Train,21464,8
Train,21465,5
Train,21466,0
Train,21467,0
Train,21468,3
Train,21469,0
Train,21470,9
Train,21471,9
Train,21472,0
Train,21473,4
Train,21474,1
Train,21475,6
Train,21476,2
Train,21477,8
Train,21478,9
Train,21479,8
Train,21480,4
Train,21481,6
Train,21482,7
Train,21483,8
Train,21484,8
Train,21485,9
Train,21486,2
Train,21487,2
Train,21488,0
Train,21489,9
Train,21490,2
Train,21491,2
Train,21492,4
Train,21493,7
Train,21494,5
Train,21495,4
Train,21496,9
Train,21497,6
Train,21498,1
Train,21499,8
Train,21500,2
Train,21501,3
Train,21502,5
Train,21503,8
Train,21504,2
Train,21505,8
Train,21506,9
Train,21507,9
Train,21508,7
Train,21509,6
Train,21510,3
Train,21511,9
Train,21512,7
Train,21513,2
Train,21514,6
Train,21515,8
Train,21516,9
Train,21517,3
Train,21518,9
Train,21519,9
Train,21520,9
Train,21521,2
Train,21522,0
Train,21523,9
Train,21524,3
Train,21525,4
Train,21526,2
Train,21527,3
Train,21528,1
Train,21529,1
Train,21530,1
Train,21531,0
Train,21532,2
Train,21533,0
Train,21534,5
Train,21535,7
Train,21536,3
Train,21537,9
Train,21538,1
Train,21539,0
Train,21540,1
Train,21541,8
Train,21542,9
Train,21543,5
Train,21544,3
Train,21545,8
Train,21546,8
Train,21547,1
Train,21548,5
Train,21549,3
Train,21550,2
Train,21551,3
Train,21552,3
Train,21553,7
Train,21554,5
Train,21555,9
Train,21556,5
Train,21557,7
Train,21558,1
Train,21559,9
Train,21560,6
Train,21561,5
Train,21562,9
Train,21563,1
Train,21564,0
Train,21565,8
Train,21566,4
Train,21567,3
Train,21568,8
Train,21569,5
Train,21570,4
Train,21571,9
Train,21572,6
Train,21573,0
Train,21574,3
Train,21575,9
Train,21576,7
Train,21577,2
Train,21578,3
Train,21579,8
Train,21580,6
Train,21581,6
Train,21582,4
Train,21583,9
Train,21584,9
Train,21585,1
Train,21586,5
Train,21587,2
Train,21588,6
Train,21589,7
Train,21590,2
Train,21591,2
Train,21592,9
Train,21593,1
Train,21594,0
Train,21595,5
Train,21596,8
Train,21597,4
Train,21598,5
Train,21599,7
Train,21600,9
Train,21601,7
Train,21602,0
Train,21603,4
Train,21604,1
Train,21605,0
Train,21606,3
Train,21607,4
Train,21608,8
Train,21609,9
Train,21610,5
Train,21611,8
Train,21612,6
Train,21613,7
Train,21614,9
Train,21615,1
Train,21616,5
Train,21617,7
Train,21618,9
Train,21619,4
Train,21620,6
Train,21621,6
Train,21622,7
Train,21623,2
Train,21624,1
Train,21625,3
Train,21626,4
Train,21627,1
Train,21628,9
Train,21629,4
Train,21630,2
Train,21631,1
Train,21632,9
Train,21633,0
Train,21634,0
Train,21635,8
Train,21636,6
Train,21637,2
Train,21638,8
Train,21639,0
Train,21640,3
Train,21641,7
Train,21642,4
Train,21643,2
Train,21644,6
Train,21645,9
Train,21646,8
Train,21647,0
Train,21648,9
Train,21649,4
Train,21650,2
Train,21651,1
Train,21652,3
Train,21653,1
Train,21654,2
Train,21655,3
Train,21656,2
Train,21657,7
Train,21658,9
Train,21659,4
Train,21660,7
Train,21661,1
Train,21662,1
Train,21663,2
Train,21664,8
Train,21665,8
Train,21666,4
Train,21667,8
Train,21668,2
Train,21669,5
Train,21670,5
Train,21671,8
Train,21672,3
Train,21673,6
Train,21674,0
Train,21675,1
Train,21676,4
Train,21677,5
Train,21678,5
Train,21679,8
Train,21680,9
Train,21681,8
Train,21682,5
Train,21683,9
Train,21684,4
Train,21685,1
Train,21686,3
Train,21687,3
Train,21688,9
Train,21689,5
Train,21690,9
Train,21691,7
Train,21692,7
Train,21693,4
Train,21694,4
Train,21695,7
Train,21696,9
Train,21697,3
Train,21698,6
Train,21699,8
Train,21700,9
Train,21701,2
Train,21702,4
Train,21703,3
Train,21704,6
Train,21705,5
Train,21706,1
Train,21707,5
Train,21708,4
Train,21709,5
Train,21710,8
Train,21711,2
Train,21712,3
Train,21713,9
Train,21714,9
Train,21715,7
Train,21716,8
Train,21717,6
Train,21718,7
Train,21719,6
Train,21720,1
Train,21721,0
Train,21722,6
Train,21723,0
Train,21724,3
Train,21725,2
Train,21726,5
Train,21727,3
Train,21728,3
Train,21729,9
Train,21730,6
Train,21731,3
Train,21732,0
Train,21733,4
Train,21734,5
Train,21735,7
Train,21736,3
Train,21737,5
Train,21738,9
Train,21739,3
Train,21740,5
Train,21741,8
Train,21742,7
Train,21743,0
Train,21744,3
Train,21745,9
Train,21746,2
Train,21747,6
Train,21748,2
Train,21749,3
Train,21750,2
Train,21751,7
Train,21752,1
Train,21753,4
Train,21754,7
Train,21755,8
Train,21756,6
Train,21757,4
Train,21758,0
Train,21759,8
Train,21760,0
Train,21761,0
Train,21762,8
Train,21763,6
Train,21764,8
Train,21765,2
Train,21766,9
Train,21767,5
Train,21768,4
Train,21769,3
Train,21770,8
Train,21771,4
Train,21772,4
Train,21773,7
Train,21774,0
Train,21775,9
Train,21776,5
Train,21777,0
Train,21778,2
Train,21779,4
Train,21780,5
Train,21781,4
Train,21782,0
Train,21783,3
Train,21784,7
Train,21785,8
Train,21786,9
Train,21787,7
Train,21788,4
Train,21789,4
Train,21790,6
Train,21791,6
Train,21792,5
Train,21793,9
Train,21794,4
Train,21795,1
Train,21796,1
Train,21797,5
Train,21798,0
Train,21799,9
Train,21800,6
Train,21801,9
Train,21802,8
Train,21803,0
Train,21804,5
Train,21805,2
Train,21806,6
Train,21807,6
Train,21808,1
Train,21809,5
Train,21810,5
Train,21811,6
Train,21812,8
Train,21813,1
Train,21814,7
Train,21815,0
Train,21816,7
Train,21817,9
Train,21818,3
Train,21819,2
Train,21820,7
Train,21821,7
Train,21822,7
Train,21823,8
Train,21824,2
Train,21825,0
Train,21826,3
Train,21827,3
Train,21828,6
Train,21829,1
Train,21830,8
Train,21831,6
Train,21832,3
Train,21833,7
Train,21834,5
Train,21835,3
Train,21836,2
Train,21837,9
Train,21838,4
Train,21839,5
Train,21840,8
Train,21841,2
Train,21842,8
Train,21843,7
Train,21844,8
Train,21845,4
Train,21846,6
Train,21847,9
Train,21848,1
Train,21849,2
Train,21850,1
Train,21851,3
Train,21852,7
Train,21853,4
Train,21854,9
Train,21855,5
Train,21856,8
Train,21857,7
Train,21858,5
Train,21859,2
Train,21860,2
Train,21861,1
Train,21862,8
Train,21863,0
Train,21864,3
Train,21865,0
Train,21866,9
Train,21867,2
Train,21868,4
Train,21869,0
Train,21870,1
Train,21871,1
Train,21872,6
Train,21873,3
Train,21874,0
Train,21875,7
Train,21876,7
Train,21877,1
Train,21878,0
Train,21879,5
Train,21880,8
Train,21881,0
Train,21882,3
Train,21883,9
Train,21884,8
Train,21885,2
Train,21886,2
Train,21887,9
Train,21888,1
Train,21889,5
Train,21890,1
Train,21891,7
Train,21892,0
Train,21893,1
Train,21894,9
Train,21895,9
Train,21896,4
Train,21897,2
Train,21898,3
Train,21899,4
Train,21900,2
Train,21901,8
Train,21902,7
Train,21903,0
Train,21904,7
Train,21905,8
Train,21906,2
Train,21907,9
Train,21908,6
Train,21909,3
Train,21910,5
Train,21911,5
Train,21912,4
Train,21913,3
Train,21914,3
Train,21915,5
Train,21916,5
Train,21917,6
Train,21918,7
Train,21919,8
Train,21920,5
Train,21921,3
Train,21922,2
Train,21923,9
Train,21924,0
Train,21925,2
Train,21926,9
Train,21927,7
Train,21928,5
Train,21929,4
Train,21930,0
Train,21931,8
Train,21932,0
Train,21933,1
Train,21934,6
Train,21935,6
Train,21936,8
Train,21937,6
Train,21938,1
Train,21939,9
Train,21940,2
Train,21941,6
Train,21942,2
Train,21943,8
Train,21944,5
Train,21945,0
Train,21946,4
Train,21947,1
Train,21948,3
Train,21949,4
Train,21950,4
Train,21951,4
Train,21952,3
Train,21953,8
Train,21954,9
Train,21955,4
Train,21956,6
Train,21957,5
Train,21958,6
Train,21959,1
Train,21960,9
Train,21961,5
Train,21962,3
Train,21963,7
Train,21964,0
Train,21965,6
Train,21966,4
Train,21967,7
Train,21968,9
Train,21969,3
Train,21970,6
Train,21971,1
Train,21972,8
Train,21973,2
Train,21974,0
Train,21975,0
Train,21976,1
Train,21977,5
Train,21978,4
Train,21979,6
Train,21980,4
Train,21981,2
Train,21982,3
Train,21983,0
Train,21984,1
Train,21985,1
Train,21986,5
Train,21987,2
Train,21988,9
Train,21989,6
Train,21990,3
Train,21991,3
Train,21992,1
Train,21993,9
Train,21994,7
Train,21995,7
Train,21996,5
Train,21997,0
Train,21998,8
Train,21999,9
Train,22000,8
Train,22001,1
Train,22002,6
Train,22003,5
Train,22004,6
Train,22005,4
Train,22006,2
Train,22007,3
Train,22008,3
Train,22009,9
Train,22010,8
Train,22011,3
Train,22012,2
Train,22013,1
Train,22014,2
Train,22015,7
Train,22016,9
Train,22017,9
Train,22018,4
Train,22019,7
Train,22020,2
Train,22021,5
Train,22022,8
Train,22023,8
Train,22024,9
Train,22025,3
Train,22026,0
Train,22027,6
Train,22028,3
Train,22029,6
Train,22030,3
Train,22031,7
Train,22032,2
Train,22033,9
Train,22034,0
Train,22035,2
Train,22036,7
Train,22037,1
Train,22038,9
Train,22039,6
Train,22040,0
Train,22041,1
Train,22042,3
Train,22043,1
Train,22044,6
Train,22045,2
Train,22046,7
Train,22047,5
Train,22048,1
Train,22049,3
Train,22050,4
Train,22051,9
Train,22052,7
Train,22053,4
Train,22054,1
Train,22055,1
Train,22056,8
Train,22057,4
Train,22058,6
Train,22059,5
Train,22060,1
Train,22061,5
Train,22062,0
Train,22063,1
Train,22064,8
Train,22065,6
Train,22066,6
Train,22067,1
Train,22068,6
Train,22069,7
Train,22070,1
Train,22071,3
Train,22072,1
Train,22073,5
Train,22074,2
Train,22075,9
Train,22076,7
Train,22077,9
Train,22078,7
Train,22079,5
Train,22080,0
Train,22081,6
Train,22082,6
Train,22083,5
Train,22084,0
Train,22085,6
Train,22086,5
Train,22087,6
Train,22088,1
Train,22089,1
Train,22090,1
Train,22091,9
Train,22092,6
Train,22093,1
Train,22094,8
Train,22095,9
Train,22096,8
Train,22097,7
Train,22098,4
Train,22099,5
Train,22100,6
Train,22101,6
Train,22102,9
Train,22103,5
Train,22104,2
Train,22105,3
Train,22106,7
Train,22107,2
Train,22108,1
Train,22109,0
Train,22110,3
Train,22111,1
Train,22112,0
Train,22113,6
Train,22114,2
Train,22115,7
Train,22116,7
Train,22117,9
Train,22118,0
Train,22119,5
Train,22120,7
Train,22121,7
Train,22122,2
Train,22123,0
Train,22124,4
Train,22125,3
Train,22126,7
Train,22127,9
Train,22128,7
Train,22129,0
Train,22130,7
Train,22131,5
Train,22132,8
Train,22133,4
Train,22134,9
Train,22135,3
Train,22136,7
Train,22137,4
Train,22138,7
Train,22139,4
Train,22140,9
Train,22141,8
Train,22142,0
Train,22143,3
Train,22144,4
Train,22145,1
Train,22146,0
Train,22147,8
Train,22148,4
Train,22149,4
Train,22150,9
Train,22151,1
Train,22152,9
Train,22153,4
Train,22154,1
Train,22155,2
Train,22156,9
Train,22157,6
Train,22158,5
Train,22159,0
Train,22160,9
Train,22161,3
Train,22162,9
Train,22163,1
Train,22164,0
Train,22165,1
Train,22166,9
Train,22167,0
Train,22168,2
Train,22169,7
Train,22170,2
Train,22171,3
Train,22172,8
Train,22173,4
Train,22174,5
Train,22175,1
Train,22176,6
Train,22177,8
Train,22178,0
Train,22179,7
Train,22180,7
Train,22181,9
Train,22182,9
Train,22183,4
Train,22184,5
Train,22185,4
Train,22186,9
Train,22187,9
Train,22188,5
Train,22189,0
Train,22190,0
Train,22191,6
Train,22192,4
Train,22193,3
Train,22194,0
Train,22195,4
Train,22196,9
Train,22197,9
Train,22198,7
Train,22199,9
Train,22200,0
Train,22201,7
Train,22202,4
Train,22203,4
Train,22204,7
Train,22205,4
Train,22206,9
Train,22207,7
Train,22208,9
Train,22209,3
Train,22210,4
Train,22211,2
Train,22212,1
Train,22213,4
Train,22214,8
Train,22215,2
Train,22216,3
Train,22217,1
Train,22218,8
Train,22219,7
Train,22220,9
Train,22221,1
Train,22222,7
Train,22223,3
Train,22224,5
Train,22225,5
Train,22226,3
Train,22227,1
Train,22228,2
Train,22229,5
Train,22230,4
Train,22231,3
Train,22232,5
Train,22233,9
Train,22234,8
Train,22235,5
Train,22236,6
Train,22237,6
Train,22238,0
Train,22239,3
Train,22240,9
Train,22241,4
Train,22242,6
Train,22243,4
Train,22244,3
Train,22245,3
Train,22246,4
Train,22247,4
Train,22248,2
Train,22249,0
Train,22250,2
Train,22251,3
Train,22252,9
Train,22253,3
Train,22254,0
Train,22255,8
Train,22256,6
Train,22257,0
Train,22258,0
Train,22259,4
Train,22260,6
Train,22261,1
Train,22262,8
Train,22263,6
Train,22264,0
Train,22265,1
Train,22266,6
Train,22267,7
Train,22268,8
Train,22269,1
Train,22270,1
Train,22271,0
Train,22272,7
Train,22273,3
Train,22274,4
Train,22275,2
Train,22276,0
Train,22277,6
Train,22278,3
Train,22279,2
Train,22280,2
Train,22281,2
Train,22282,6
Train,22283,6
Train,22284,4
Train,22285,9
Train,22286,0
Train,22287,2
Train,22288,4
Train,22289,5
Train,22290,6
Train,22291,7
Train,22292,1
Train,22293,0
Train,22294,3
Train,22295,6
Train,22296,9
Train,22297,2
Train,22298,1
Train,22299,0
Train,22300,8
Train,22301,5
Train,22302,3
Train,22303,1
Train,22304,0
Train,22305,5
Train,22306,1
Train,22307,2
Train,22308,0
Train,22309,7
Train,22310,2
Train,22311,9
Train,22312,7
Train,22313,2
Train,22314,1
Train,22315,9
Train,22316,1
Train,22317,0
Train,22318,4
Train,22319,7
Train,22320,0
Train,22321,5
Train,22322,2
Train,22323,7
Train,22324,7
Train,22325,7
Train,22326,0
Train,22327,7
Train,22328,6
Train,22329,0
Train,22330,9
Train,22331,2
Train,22332,6
Train,22333,9
Train,22334,1
Train,22335,1
Train,22336,5
Train,22337,6
Train,22338,5
Train,22339,6
Train,22340,8
Train,22341,7
Train,22342,5
Train,22343,4
Train,22344,7
Train,22345,6
Train,22346,9
Train,22347,6
Train,22348,9
Train,22349,1
Train,22350,0
Train,22351,6
Train,22352,4
Train,22353,6
Train,22354,6
Train,22355,5
Train,22356,6
Train,22357,5
Train,22358,1
Train,22359,7
Train,22360,4
Train,22361,4
Train,22362,6
Train,22363,6
Train,22364,3
Train,22365,1
Train,22366,9
Train,22367,9
Train,22368,3
Train,22369,4
Train,22370,0
Train,22371,4
Train,22372,1
Train,22373,2
Train,22374,8
Train,22375,2
Train,22376,2
Train,22377,3
Train,22378,4
Train,22379,1
Train,22380,7
Train,22381,7
Train,22382,1
Train,22383,0
Train,22384,6
Train,22385,4
Train,22386,4
Train,22387,5
Train,22388,1
Train,22389,6
Train,22390,5
Train,22391,4
Train,22392,5
Train,22393,6
Train,22394,1
Train,22395,1
Train,22396,1
Train,22397,2
Train,22398,7
Train,22399,1
Train,22400,8
Train,22401,8
Train,22402,3
Train,22403,7
Train,22404,6
Train,22405,7
Train,22406,3
Train,22407,5
Train,22408,0
Train,22409,8
Train,22410,0
Train,22411,3
Train,22412,5
Train,22413,3
Train,22414,7
Train,22415,9
Train,22416,5
Train,22417,4
Train,22418,0
Train,22419,1
Train,22420,3
Train,22421,1
Train,22422,1
Train,22423,5
Train,22424,5
Train,22425,3
Train,22426,8
Train,22427,5
Train,22428,6
Train,22429,7
Train,22430,5
Train,22431,4
Train,22432,2
Train,22433,9
Train,22434,5
Train,22435,0
Train,22436,5
Train,22437,1
Train,22438,4
Train,22439,6
Train,22440,8
Train,22441,2
Train,22442,9
Train,22443,4
Train,22444,7
Train,22445,5
Train,22446,2
Train,22447,9
Train,22448,2
Train,22449,0
Train,22450,1
Train,22451,1
Train,22452,9
Train,22453,3
Train,22454,7
Train,22455,8
Train,22456,3
Train,22457,7
Train,22458,0
Train,22459,2
Train,22460,3
Train,22461,4
Train,22462,8
Train,22463,3
Train,22464,9
Train,22465,8
Train,22466,9
Train,22467,3
Train,22468,4
Train,22469,5
Train,22470,5
Train,22471,8
Train,22472,1
Train,22473,5
Train,22474,1
Train,22475,9
Train,22476,6
Train,22477,8
Train,22478,5
Train,22479,1
Train,22480,4
Train,22481,3
Train,22482,9
Train,22483,5
Train,22484,3
Train,22485,7
Train,22486,2
Train,22487,5
Train,22488,6
Train,22489,3
Train,22490,1
Train,22491,4
Train,22492,8
Train,22493,5
Train,22494,9
Train,22495,2
Train,22496,8
Train,22497,9
Train,22498,4
Train,22499,1
Train,22500,1
Train,22501,7
Train,22502,6
Train,22503,1
Train,22504,8
Train,22505,3
Train,22506,0
Train,22507,3
Train,22508,2
Train,22509,4
Train,22510,2
Train,22511,2
Train,22512,3
Train,22513,4
Train,22514,8
Train,22515,2
Train,22516,1
Train,22517,3
Train,22518,8
Train,22519,4
Train,22520,7
Train,22521,0
Train,22522,1
Train,22523,3
Train,22524,8
Train,22525,6
Train,22526,7
Train,22527,7
Train,22528,6
Train,22529,1
Train,22530,6
Train,22531,8
Train,22532,1
Train,22533,1
Train,22534,6
Train,22535,2
Train,22536,4
Train,22537,8
Train,22538,9
Train,22539,2
Train,22540,0
Train,22541,7
Train,22542,3
Train,22543,9
Train,22544,4
Train,22545,1
Train,22546,4
Train,22547,5
Train,22548,3
Train,22549,3
Train,22550,6
Train,22551,8
Train,22552,1
Train,22553,1
Train,22554,7
Train,22555,3
Train,22556,9
Train,22557,0
Train,22558,5
Train,22559,6
Train,22560,3
Train,22561,2
Train,22562,3
Train,22563,2
Train,22564,1
Train,22565,3
Train,22566,7
Train,22567,6
Train,22568,3
Train,22569,7
Train,22570,2
Train,22571,2
Train,22572,6
Train,22573,9
Train,22574,7
Train,22575,4
Train,22576,8
Train,22577,3
Train,22578,8
Train,22579,0
Train,22580,4
Train,22581,8
Train,22582,4
Train,22583,8
Train,22584,8
Train,22585,7
Train,22586,1
Train,22587,2
Train,22588,0
Train,22589,8
Train,22590,5
Train,22591,2
Train,22592,7
Train,22593,3
Train,22594,2
Train,22595,7
Train,22596,1
Train,22597,8
Train,22598,9
Train,22599,7
Train,22600,8
Train,22601,7
Train,22602,2
Train,22603,2
Train,22604,0
Train,22605,9
Train,22606,4
Train,22607,1
Train,22608,0
Train,22609,0
Train,22610,6
Train,22611,3
Train,22612,7
Train,22613,5
Train,22614,9
Train,22615,7
Train,22616,8
Train,22617,4
Train,22618,2
Train,22619,4
Train,22620,3
Train,22621,4
Train,22622,0
Train,22623,9
Train,22624,7
Train,22625,7
Train,22626,7
Train,22627,1
Train,22628,0
Train,22629,9
Train,22630,5
Train,22631,6
Train,22632,5
Train,22633,9
Train,22634,3
Train,22635,8
Train,22636,1
Train,22637,9
Train,22638,3
Train,22639,2
Train,22640,6
Train,22641,0
Train,22642,4
Train,22643,9
Train,22644,8
Train,22645,0
Train,22646,4
Train,22647,7
Train,22648,0
Train,22649,8
Train,22650,5
Train,22651,9
Train,22652,9
Train,22653,7
Train,22654,6
Train,22655,7
Train,22656,1
Train,22657,5
Train,22658,1
Train,22659,1
Train,22660,3
Train,22661,8
Train,22662,3
Train,22663,9
Train,22664,3
Train,22665,0
Train,22666,5
Train,22667,2
Train,22668,8
Train,22669,7
Train,22670,6
Train,22671,5
Train,22672,2
Train,22673,4
Train,22674,0
Train,22675,1
Train,22676,2
Train,22677,4
Train,22678,7
Train,22679,5
Train,22680,0
Train,22681,5
Train,22682,8
Train,22683,4
Train,22684,0
Train,22685,9
Train,22686,6
Train,22687,7
Train,22688,0
Train,22689,1
Train,22690,0
Train,22691,2
Train,22692,0
Train,22693,0
Train,22694,9
Train,22695,3
Train,22696,8
Train,22697,1
Train,22698,4
Train,22699,0
Train,22700,3
Train,22701,3
Train,22702,2
Train,22703,7
Train,22704,7
Train,22705,8
Train,22706,7
Train,22707,5
Train,22708,2
Train,22709,6
Train,22710,1
Train,22711,4
Train,22712,8
Train,22713,0
Train,22714,8
Train,22715,5
Train,22716,0
Train,22717,4
Train,22718,9
Train,22719,9
Train,22720,4
Train,22721,6
Train,22722,5
Train,22723,7
Train,22724,0
Train,22725,7
Train,22726,2
Train,22727,4
Train,22728,2
Train,22729,2
Train,22730,7
Train,22731,5
Train,22732,2
Train,22733,2
Train,22734,2
Train,22735,6
Train,22736,8
Train,22737,5
Train,22738,2
Train,22739,7
Train,22740,4
Train,22741,7
Train,22742,5
Train,22743,4
Train,22744,4
Train,22745,1
Train,22746,6
Train,22747,1
Train,22748,3
Train,22749,4
Train,22750,4
Train,22751,8
Train,22752,6
Train,22753,9
Train,22754,1
Train,22755,2
Train,22756,9
Train,22757,5
Train,22758,8
Train,22759,3
Train,22760,8
Train,22761,3
Train,22762,1
Train,22763,1
Train,22764,6
Train,22765,4
Train,22766,5
Train,22767,6
Train,22768,3
Train,22769,0
Train,22770,2
Train,22771,5
Train,22772,7
Train,22773,0
Train,22774,8
Train,22775,5
Train,22776,8
Train,22777,0
Train,22778,3
Train,22779,5
Train,22780,2
Train,22781,2
Train,22782,7
Train,22783,4
Train,22784,8
Train,22785,6
Train,22786,6
Train,22787,6
Train,22788,1
Train,22789,7
Train,22790,1
Train,22791,8
Train,22792,7
Train,22793,3
Train,22794,3
Train,22795,6
Train,22796,0
Train,22797,2
Train,22798,4
Train,22799,0
Train,22800,0
Train,22801,6
Train,22802,9
Train,22803,2
Train,22804,6
Train,22805,9
Train,22806,7
Train,22807,9
Train,22808,2
Train,22809,3
Train,22810,2
Train,22811,8
Train,22812,7
Train,22813,8
Train,22814,5
Train,22815,9
Train,22816,1
Train,22817,1
Train,22818,1
Train,22819,5
Train,22820,4
Train,22821,7
Train,22822,1
Train,22823,4
Train,22824,1
Train,22825,4
Train,22826,3
Train,22827,8
Train,22828,6
Train,22829,1
Train,22830,5
Train,22831,2
Train,22832,3
Train,22833,1
Train,22834,5
Train,22835,2
Train,22836,6
Train,22837,4
Train,22838,4
Train,22839,6
Train,22840,5
Train,22841,2
Train,22842,3
Train,22843,2
Train,22844,0
Train,22845,2
Train,22846,7
Train,22847,0
Train,22848,5
Train,22849,8
Train,22850,3
Train,22851,3
Train,22852,7
Train,22853,5
Train,22854,7
Train,22855,3
Train,22856,9
Train,22857,4
Train,22858,0
Train,22859,1
Train,22860,6
Train,22861,3
Train,22862,8
Train,22863,6
Train,22864,2
Train,22865,3
Train,22866,3
Train,22867,1
Train,22868,3
Train,22869,2
Train,22870,5
Train,22871,7
Train,22872,6
Train,22873,0
Train,22874,2
Train,22875,0
Train,22876,5
Train,22877,2
Train,22878,6
Train,22879,5
Train,22880,9
Train,22881,0
Train,22882,1
Train,22883,7
Train,22884,1
Train,22885,6
Train,22886,4
Train,22887,7
Train,22888,8
Train,22889,6
Train,22890,5
Train,22891,3
Train,22892,7
Train,22893,5
Train,22894,7
Train,22895,5
Train,22896,7
Train,22897,2
Train,22898,9
Train,22899,1
Train,22900,1
Train,22901,7
Train,22902,4
Train,22903,2
Train,22904,0
Train,22905,3
Train,22906,1
Train,22907,0
Train,22908,5
Train,22909,6
Train,22910,6
Train,22911,5
Train,22912,5
Train,22913,3
Train,22914,3
Train,22915,9
Train,22916,3
Train,22917,9
Train,22918,9
Train,22919,3
Train,22920,8
Train,22921,9
Train,22922,3
Train,22923,3
Train,22924,0
Train,22925,9
Train,22926,6
Train,22927,7
Train,22928,7
Train,22929,3
Train,22930,1
Train,22931,2
Train,22932,5
Train,22933,3
Train,22934,7
Train,22935,9
Train,22936,1
Train,22937,5
Train,22938,1
Train,22939,0
Train,22940,6
Train,22941,5
Train,22942,7
Train,22943,1
Train,22944,4
Train,22945,8
Train,22946,4
Train,22947,6
Train,22948,8
Train,22949,4
Train,22950,9
Train,22951,0
Train,22952,1
Train,22953,2
Train,22954,8
Train,22955,7
Train,22956,9
Train,22957,1
Train,22958,7
Train,22959,9
Train,22960,2
Train,22961,5
Train,22962,0
Train,22963,4
Train,22964,4
Train,22965,7
Train,22966,2
Train,22967,0
Train,22968,6
Train,22969,4
Train,22970,0
Train,22971,4
Train,22972,4
Train,22973,0
Train,22974,2
Train,22975,1
Train,22976,8
Train,22977,2
Train,22978,5
Train,22979,3
Train,22980,7
Train,22981,4
Train,22982,1
Train,22983,1
Train,22984,1
Train,22985,4
Train,22986,6
Train,22987,2
Train,22988,2
Train,22989,9
Train,22990,4
Train,22991,0
Train,22992,8
Train,22993,0
Train,22994,3
Train,22995,9
Train,22996,4
Train,22997,0
Train,22998,1
Train,22999,5
Train,23000,7
Train,23001,9
Train,23002,0
Train,23003,2
Train,23004,0
Train,23005,6
Train,23006,1
Train,23007,5
Train,23008,6
Train,23009,9
Train,23010,0
Train,23011,8
Train,23012,1
Train,23013,4
Train,23014,2
Train,23015,1
Train,23016,0
Train,23017,4
Train,23018,3
Train,23019,9
Train,23020,1
Train,23021,0
Train,23022,4
Train,23023,9
Train,23024,0
Train,23025,6
Train,23026,6
Train,23027,3
Train,23028,9
Train,23029,4
Train,23030,6
Train,23031,8
Train,23032,1
Train,23033,3
Train,23034,7
Train,23035,0
Train,23036,6
Train,23037,7
Train,23038,2
Train,23039,5
Train,23040,6
Train,23041,2
Train,23042,5
Train,23043,0
Train,23044,5
Train,23045,8
Train,23046,5
Train,23047,9
Train,23048,3
Train,23049,8
Train,23050,6
Train,23051,6
Train,23052,1
Train,23053,7
Train,23054,6
Train,23055,5
Train,23056,0
Train,23057,4
Train,23058,1
Train,23059,5
Train,23060,1
Train,23061,0
Train,23062,2
Train,23063,3
Train,23064,2
Train,23065,3
Train,23066,6
Train,23067,5
Train,23068,3
Train,23069,2
Train,23070,2
Train,23071,4
Train,23072,4
Train,23073,8
Train,23074,2
Train,23075,9
Train,23076,4
Train,23077,0
Train,23078,4
Train,23079,0
Train,23080,8
Train,23081,8
Train,23082,6
Train,23083,3
Train,23084,6
Train,23085,8
Train,23086,6
Train,23087,6
Train,23088,1
Train,23089,9
Train,23090,5
Train,23091,9
Train,23092,5
Train,23093,5
Train,23094,3
Train,23095,2
Train,23096,0
Train,23097,6
Train,23098,7
Train,23099,0
Train,23100,1
Train,23101,6
Train,23102,2
Train,23103,9
Train,23104,3
Train,23105,6
Train,23106,0
Train,23107,1
Train,23108,6
Train,23109,8
Train,23110,8
Train,23111,9
Train,23112,3
Train,23113,0
Train,23114,3
Train,23115,9
Train,23116,1
Train,23117,8
Train,23118,2
Train,23119,5
Train,23120,3
Train,23121,5
Train,23122,3
Train,23123,2
Train,23124,7
Train,23125,8
Train,23126,0
Train,23127,1
Train,23128,2
Train,23129,9
Train,23130,6
Train,23131,7
Train,23132,7
Train,23133,4
Train,23134,4
Train,23135,6
Train,23136,3
Train,23137,9
Train,23138,2
Train,23139,1
Train,23140,7
Train,23141,9
Train,23142,1
Train,23143,6
Train,23144,6
Train,23145,3
Train,23146,5
Train,23147,2
Train,23148,8
Train,23149,8
Train,23150,5
Train,23151,1
Train,23152,6
Train,23153,8
Train,23154,6
Train,23155,0
Train,23156,1
Train,23157,0
Train,23158,2
Train,23159,2
Train,23160,1
Train,23161,4
Train,23162,5
Train,23163,0
Train,23164,1
Train,23165,2
Train,23166,9
Train,23167,7
Train,23168,3
Train,23169,9
Train,23170,7
Train,23171,0
Train,23172,8
Train,23173,5
Train,23174,5
Train,23175,0
Train,23176,5
Train,23177,8
Train,23178,7
Train,23179,4
Train,23180,6
Train,23181,2
Train,23182,0
Train,23183,8
Train,23184,5
Train,23185,5
Train,23186,7
Train,23187,4
Train,23188,2
Train,23189,3
Train,23190,1
Train,23191,4
Train,23192,1
Train,23193,6
Train,23194,0
Train,23195,1
Train,23196,7
Train,23197,3
Train,23198,1
Train,23199,8
Train,23200,4
Train,23201,8
Train,23202,3
Train,23203,1
Train,23204,7
Train,23205,8
Train,23206,5
Train,23207,5
Train,23208,6
Train,23209,2
Train,23210,1
Train,23211,4
Train,23212,7
Train,23213,1
Train,23214,8
Train,23215,8
Train,23216,6
Train,23217,2
Train,23218,3
Train,23219,8
Train,23220,1
Train,23221,0
Train,23222,2
Train,23223,4
Train,23224,0
Train,23225,9
Train,23226,7
Train,23227,5
Train,23228,3
Train,23229,9
Train,23230,6
Train,23231,4
Train,23232,1
Train,23233,5
Train,23234,5
Train,23235,3
Train,23236,7
Train,23237,2
Train,23238,5
Train,23239,3
Train,23240,0
Train,23241,2
Train,23242,9
Train,23243,9
Train,23244,6
Train,23245,0
Train,23246,7
Train,23247,4
Train,23248,1
Train,23249,5
Train,23250,3
Train,23251,6
Train,23252,4
Train,23253,3
Train,23254,0
Train,23255,4
Train,23256,3
Train,23257,6
Train,23258,8
Train,23259,7
Train,23260,1
Train,23261,3
Train,23262,7
Train,23263,1
Train,23264,2
Train,23265,7
Train,23266,3
Train,23267,8
Train,23268,5
Train,23269,6
Train,23270,3
Train,23271,9
Train,23272,8
Train,23273,5
Train,23274,9
Train,23275,1
Train,23276,4
Train,23277,1
Train,23278,3
Train,23279,4
Train,23280,1
Train,23281,8
Train,23282,8
Train,23283,2
Train,23284,9
Train,23285,5
Train,23286,3
Train,23287,9
Train,23288,2
Train,23289,2
Train,23290,7
Train,23291,9
Train,23292,7
Train,23293,2
Train,23294,8
Train,23295,3
Train,23296,7
Train,23297,0
Train,23298,7
Train,23299,9
Train,23300,1
Train,23301,8
Train,23302,9
Train,23303,9
Train,23304,7
Train,23305,9
Train,23306,3
Train,23307,8
Train,23308,7
Train,23309,4
Train,23310,7
Train,23311,1
Train,23312,8
Train,23313,1
Train,23314,3
Train,23315,2
Train,23316,5
Train,23317,1
Train,23318,5
Train,23319,8
Train,23320,0
Train,23321,8
Train,23322,3
Train,23323,6
Train,23324,6
Train,23325,9
Train,23326,3
Train,23327,4
Train,23328,6
Train,23329,4
Train,23330,7
Train,23331,7
Train,23332,1
Train,23333,9
Train,23334,4
Train,23335,5
Train,23336,9
Train,23337,4
Train,23338,1
Train,23339,6
Train,23340,2
Train,23341,9
Train,23342,8
Train,23343,2
Train,23344,7
Train,23345,1
Train,23346,2
Train,23347,2
Train,23348,3
Train,23349,5
Train,23350,4
Train,23351,8
Train,23352,0
Train,23353,3
Train,23354,4
Train,23355,8
Train,23356,7
Train,23357,1
Train,23358,9
Train,23359,9
Train,23360,5
Train,23361,1
Train,23362,4
Train,23363,6
Train,23364,7
Train,23365,3
Train,23366,6
Train,23367,4
Train,23368,9
Train,23369,5
Train,23370,6
Train,23371,0
Train,23372,3
Train,23373,6
Train,23374,8
Train,23375,6
Train,23376,3
Train,23377,0
Train,23378,3
Train,23379,1
Train,23380,3
Train,23381,7
Train,23382,3
Train,23383,9
Train,23384,8
Train,23385,5
Train,23386,0
Train,23387,6
Train,23388,2
Train,23389,3
Train,23390,6
Train,23391,1
Train,23392,5
Train,23393,4
Train,23394,4
Train,23395,2
Train,23396,1
Train,23397,9
Train,23398,0
Train,23399,8
Train,23400,9
Train,23401,3
Train,23402,7
Train,23403,9
Train,23404,5
Train,23405,8
Train,23406,6
Train,23407,1
Train,23408,8
Train,23409,3
Train,23410,9
Train,23411,6
Train,23412,6
Train,23413,6
Train,23414,2
Train,23415,7
Train,23416,2
Train,23417,3
Train,23418,6
Train,23419,0
Train,23420,4
Train,23421,4
Train,23422,9
Train,23423,1
Train,23424,4
Train,23425,1
Train,23426,9
Train,23427,9
Train,23428,1
Train,23429,9
Train,23430,3
Train,23431,1
Train,23432,5
Train,23433,9
Train,23434,8
Train,23435,7
Train,23436,8
Train,23437,5
Train,23438,8
Train,23439,1
Train,23440,8
Train,23441,2
Train,23442,2
Train,23443,3
Train,23444,9
Train,23445,4
Train,23446,0
Train,23447,4
Train,23448,5
Train,23449,0
Train,23450,2
Train,23451,6
Train,23452,2
Train,23453,2
Train,23454,8
Train,23455,4
Train,23456,7
Train,23457,5
Train,23458,6
Train,23459,5
Train,23460,4
Train,23461,3
Train,23462,0
Train,23463,1
Train,23464,9
Train,23465,3
Train,23466,8
Train,23467,9
Train,23468,4
Train,23469,6
Train,23470,6
Train,23471,9
Train,23472,8
Train,23473,4
Train,23474,4
Train,23475,3
Train,23476,4
Train,23477,1
Train,23478,0
Train,23479,6
Train,23480,8
Train,23481,0
Train,23482,5
Train,23483,3
Train,23484,7
Train,23485,0
Train,23486,7
Train,23487,9
Train,23488,5
Train,23489,1
Train,23490,7
Train,23491,0
Train,23492,2
Train,23493,2
Train,23494,5
Train,23495,2
Train,23496,2
Train,23497,8
Train,23498,3
Train,23499,6
Train,23500,1
Train,23501,7
Train,23502,6
Train,23503,5
Train,23504,1
Train,23505,7
Train,23506,7
Train,23507,0
Train,23508,2
Train,23509,8
Train,23510,5
Train,23511,4
Train,23512,4
Train,23513,8
Train,23514,1
Train,23515,5
Train,23516,6
Train,23517,6
Train,23518,5
Train,23519,2
Train,23520,6
Train,23521,6
Train,23522,0
Train,23523,5
Train,23524,1
Train,23525,4
Train,23526,3
Train,23527,6
Train,23528,0
Train,23529,1
Train,23530,2
Train,23531,9
Train,23532,4
Train,23533,1
Train,23534,8
Train,23535,8
Train,23536,3
Train,23537,2
Train,23538,8
Train,23539,6
Train,23540,8
Train,23541,3
Train,23542,6
Train,23543,7
Train,23544,5
Train,23545,4
Train,23546,1
Train,23547,7
Train,23548,1
Train,23549,6
Train,23550,9
Train,23551,9
Train,23552,2
Train,23553,3
Train,23554,5
Train,23555,9
Train,23556,5
Train,23557,5
Train,23558,2
Train,23559,2
Train,23560,8
Train,23561,7
Train,23562,9
Train,23563,6
Train,23564,1
Train,23565,8
Train,23566,0
Train,23567,8
Train,23568,8
Train,23569,9
Train,23570,6
Train,23571,7
Train,23572,8
Train,23573,8
Train,23574,4
Train,23575,9
Train,23576,7
Train,23577,7
Train,23578,1
Train,23579,6
Train,23580,9
Train,23581,0
Train,23582,6
Train,23583,8
Train,23584,3
Train,23585,7
Train,23586,2
Train,23587,5
Train,23588,2
Train,23589,3
Train,23590,3
Train,23591,4
Train,23592,6
Train,23593,6
Train,23594,3
Train,23595,8
Train,23596,6
Train,23597,2
Train,23598,1
Train,23599,7
Train,23600,7
Train,23601,1
Train,23602,0
Train,23603,4
Train,23604,4
Train,23605,6
Train,23606,6
Train,23607,1
Train,23608,9
Train,23609,7
Train,23610,0
Train,23611,4
Train,23612,7
Train,23613,9
Train,23614,5
Train,23615,9
Train,23616,6
Train,23617,8
Train,23618,6
Train,23619,5
Train,23620,7
Train,23621,7
Train,23622,3
Train,23623,5
Train,23624,9
Train,23625,8
Train,23626,7
Train,23627,7
Train,23628,6
Train,23629,0
Train,23630,6
Train,23631,8
Train,23632,2
Train,23633,9
Train,23634,4
Train,23635,1
Train,23636,2
Train,23637,4
Train,23638,4
Train,23639,5
Train,23640,8
Train,23641,5
Train,23642,2
Train,23643,7
Train,23644,0
Train,23645,9
Train,23646,1
Train,23647,9
Train,23648,1
Train,23649,7
Train,23650,2
Train,23651,9
Train,23652,0
Train,23653,2
Train,23654,4
Train,23655,4
Train,23656,2
Train,23657,9
Train,23658,3
Train,23659,0
Train,23660,0
Train,23661,5
Train,23662,1
Train,23663,5
Train,23664,9
Train,23665,5
Train,23666,8
Train,23667,0
Train,23668,5
Train,23669,8
Train,23670,2
Train,23671,4
Train,23672,8
Train,23673,2
Train,23674,0
Train,23675,7
Train,23676,7
Train,23677,2
Train,23678,6
Train,23679,9
Train,23680,6
Train,23681,8
Train,23682,7
Train,23683,6
Train,23684,0
Train,23685,1
Train,23686,6
Train,23687,9
Train,23688,3
Train,23689,5
Train,23690,3
Train,23691,6
Train,23692,2
Train,23693,8
Train,23694,5
Train,23695,3
Train,23696,2
Train,23697,6
Train,23698,6
Train,23699,7
Train,23700,3
Train,23701,9
Train,23702,3
Train,23703,1
Train,23704,6
Train,23705,2
Train,23706,6
Train,23707,8
Train,23708,6
Train,23709,1
Train,23710,7
Train,23711,1
Train,23712,5
Train,23713,9
Train,23714,1
Train,23715,3
Train,23716,2
Train,23717,9
Train,23718,7
Train,23719,2
Train,23720,9
Train,23721,5
Train,23722,9
Train,23723,8
Train,23724,5
Train,23725,8
Train,23726,9
Train,23727,7
Train,23728,8
Train,23729,4
Train,23730,9
Train,23731,8
Train,23732,0
Train,23733,5
Train,23734,6
Train,23735,3
Train,23736,8
Train,23737,4
Train,23738,0
Train,23739,4
Train,23740,8
Train,23741,5
Train,23742,2
Train,23743,4
Train,23744,7
Train,23745,6
Train,23746,0
Train,23747,6
Train,23748,4
Train,23749,9
Train,23750,7
Train,23751,9
Train,23752,1
Train,23753,7
Train,23754,0
Train,23755,4
Train,23756,5
Train,23757,8
Train,23758,9
Train,23759,9
Train,23760,6
Train,23761,3
Train,23762,6
Train,23763,3
Train,23764,6
Train,23765,8
Train,23766,8
Train,23767,0
Train,23768,1
Train,23769,5
Train,23770,9
Train,23771,6
Train,23772,3
Train,23773,7
Train,23774,5
Train,23775,2
Train,23776,0
Train,23777,5
Train,23778,7
Train,23779,4
Train,23780,6
Train,23781,0
Train,23782,5
Train,23783,9
Train,23784,7
Train,23785,7
Train,23786,0
Train,23787,6
Train,23788,2
Train,23789,1
Train,23790,4
Train,23791,0
Train,23792,4
Train,23793,8
Train,23794,7
Train,23795,6
Train,23796,0
Train,23797,0
Train,23798,9
Train,23799,8
Train,23800,5
Train,23801,5
Train,23802,5
Train,23803,5
Train,23804,0
Train,23805,0
Train,23806,1
Train,23807,3
Train,23808,0
Train,23809,9
Train,23810,5
Train,23811,7
Train,23812,1
Train,23813,9
Train,23814,4
Train,23815,3
Train,23816,4
Train,23817,4
Train,23818,8
Train,23819,9
Train,23820,8
Train,23821,6
Train,23822,0
Train,23823,4
Train,23824,3
Train,23825,0
Train,23826,4
Train,23827,8
Train,23828,7
Train,23829,7
Train,23830,0
Train,23831,5
Train,23832,1
Train,23833,1
Train,23834,7
Train,23835,7
Train,23836,0
Train,23837,1
Train,23838,8
Train,23839,8
Train,23840,9
Train,23841,9
Train,23842,7
Train,23843,2
Train,23844,7
Train,23845,8
Train,23846,9
Train,23847,0
Train,23848,0
Train,23849,5
Train,23850,1
Train,23851,0
Train,23852,7
Train,23853,4
Train,23854,0
Train,23855,8
Train,23856,9
Train,23857,3
Train,23858,8
Train,23859,3
Train,23860,7
Train,23861,9
Train,23862,3
Train,23863,0
Train,23864,1
Train,23865,8
Train,23866,0
Train,23867,7
Train,23868,9
Train,23869,4
Train,23870,8
Train,23871,8
Train,23872,8
Train,23873,7
Train,23874,5
Train,23875,9
Train,23876,6
Train,23877,9
Train,23878,6
Train,23879,4
Train,23880,7
Train,23881,6
Train,23882,4
Train,23883,8
Train,23884,3
Train,23885,3
Train,23886,9
Train,23887,1
Train,23888,6
Train,23889,7
Train,23890,8
Train,23891,0
Train,23892,7
Train,23893,8
Train,23894,9
Train,23895,1
Train,23896,6
Train,23897,1
Train,23898,5
Train,23899,0
Train,23900,1
Train,23901,1
Train,23902,5
Train,23903,7
Train,23904,9
Train,23905,2
Train,23906,5
Train,23907,8
Train,23908,9
Train,23909,7
Train,23910,7
Train,23911,2
Train,23912,6
Train,23913,3
Train,23914,5
Train,23915,6
Train,23916,5
Train,23917,6
Train,23918,2
Train,23919,2
Train,23920,4
Train,23921,1
Train,23922,3
Train,23923,1
Train,23924,0
Train,23925,7
Train,23926,9
Train,23927,6
Train,23928,7
Train,23929,1
Train,23930,2
Train,23931,9
Train,23932,4
Train,23933,1
Train,23934,6
Train,23935,3
Train,23936,1
Train,23937,4
Train,23938,0
Train,23939,6
Train,23940,7
Train,23941,5
Train,23942,3
Train,23943,4
Train,23944,2
Train,23945,6
Train,23946,8
Train,23947,5
Train,23948,3
Train,23949,5
Train,23950,2
Train,23951,2
Train,23952,0
Train,23953,8
Train,23954,4
Train,23955,6
Train,23956,6
Train,23957,9
Train,23958,4
Train,23959,1
Train,23960,8
Train,23961,9
Train,23962,8
Train,23963,3
Train,23964,0
Train,23965,8
Train,23966,7
Train,23967,5
Train,23968,4
Train,23969,1
Train,23970,7
Train,23971,5
Train,23972,0
Train,23973,8
Train,23974,3
Train,23975,9
Train,23976,5
Train,23977,3
Train,23978,0
Train,23979,9
Train,23980,3
Train,23981,5
Train,23982,1
Train,23983,1
Train,23984,0
Train,23985,4
Train,23986,3
Train,23987,6
Train,23988,7
Train,23989,4
Train,23990,9
Train,23991,9
Train,23992,3
Train,23993,7
Train,23994,4
Train,23995,3
Train,23996,3
Train,23997,0
Train,23998,3
Train,23999,0
Train,24000,6
Train,24001,9
Train,24002,2
Train,24003,1
Train,24004,7
Train,24005,3
Train,24006,5
Train,24007,2
Train,24008,1
Train,24009,9
Train,24010,1
Train,24011,9
Train,24012,7
Train,24013,7
Train,24014,7
Train,24015,5
Train,24016,2
Train,24017,3
Train,24018,1
Train,24019,2
Train,24020,0
Train,24021,0
Train,24022,3
Train,24023,5
Train,24024,1
Train,24025,7
Train,24026,7
Train,24027,9
Train,24028,5
Train,24029,9
Train,24030,2
Train,24031,3
Train,24032,9
Train,24033,2
Train,24034,4
Train,24035,4
Train,24036,3
Train,24037,5
Train,24038,1
Train,24039,8
Train,24040,4
Train,24041,1
Train,24042,9
Train,24043,1
Train,24044,1
Train,24045,8
Train,24046,4
Train,24047,3
Train,24048,9
Train,24049,6
Train,24050,7
Train,24051,0
Train,24052,7
Train,24053,8
Train,24054,7
Train,24055,9
Train,24056,5
Train,24057,0
Train,24058,0
Train,24059,8
Train,24060,3
Train,24061,2
Train,24062,8
Train,24063,9
Train,24064,2
Train,24065,3
Train,24066,9
Train,24067,4
Train,24068,1
Train,24069,2
Train,24070,9
Train,24071,3
Train,24072,0
Train,24073,3
Train,24074,2
Train,24075,1
Train,24076,9
Train,24077,3
Train,24078,9
Train,24079,0
Train,24080,4
Train,24081,3
Train,24082,3
Train,24083,8
Train,24084,4
Train,24085,8
Train,24086,9
Train,24087,9
Train,24088,7
Train,24089,9
Train,24090,7
Train,24091,7
Train,24092,3
Train,24093,8
Train,24094,0
Train,24095,8
Train,24096,0
Train,24097,2
Train,24098,5
Train,24099,3
Train,24100,3
Train,24101,0
Train,24102,8
Train,24103,6
Train,24104,0
Train,24105,5
Train,24106,3
Train,24107,9
Train,24108,4
Train,24109,1
Train,24110,1
Train,24111,0
Train,24112,3
Train,24113,0
Train,24114,9
Train,24115,2
Train,24116,9
Train,24117,6
Train,24118,3
Train,24119,1
Train,24120,5
Train,24121,1
Train,24122,7
Train,24123,4
Train,24124,3
Train,24125,9
Train,24126,5
Train,24127,8
Train,24128,5
Train,24129,7
Train,24130,5
Train,24131,8
Train,24132,8
Train,24133,9
Train,24134,2
Train,24135,3
Train,24136,2
Train,24137,1
Train,24138,8
Train,24139,8
Train,24140,8
Train,24141,7
Train,24142,8
Train,24143,6
Train,24144,0
Train,24145,6
Train,24146,1
Train,24147,3
Train,24148,3
Train,24149,9
Train,24150,8
Train,24151,1
Train,24152,9
Train,24153,5
Train,24154,3
Train,24155,6
Train,24156,6
Train,24157,1
Train,24158,0
Train,24159,7
Train,24160,5
Train,24161,1
Train,24162,9
Train,24163,0
Train,24164,8
Train,24165,2
Train,24166,2
Train,24167,8
Train,24168,2
Train,24169,0
Train,24170,2
Train,24171,4
Train,24172,7
Train,24173,9
Train,24174,3
Train,24175,9
Train,24176,6
Train,24177,3
Train,24178,8
Train,24179,0
Train,24180,6
Train,24181,7
Train,24182,9
Train,24183,8
Train,24184,6
Train,24185,8
Train,24186,6
Train,24187,6
Train,24188,9
Train,24189,3
Train,24190,5
Train,24191,1
Train,24192,3
Train,24193,3
Train,24194,1
Train,24195,2
Train,24196,5
Train,24197,7
Train,24198,6
Train,24199,2
Train,24200,1
Train,24201,2
Train,24202,8
Train,24203,9
Train,24204,6
Train,24205,4
Train,24206,1
Train,24207,7
Train,24208,3
Train,24209,5
Train,24210,2
Train,24211,9
Train,24212,0
Train,24213,6
Train,24214,9
Train,24215,6
Train,24216,8
Train,24217,1
Train,24218,2
Train,24219,1
Train,24220,1
Train,24221,4
Train,24222,4
Train,24223,2
Train,24224,1
Train,24225,6
Train,24226,5
Train,24227,7
Train,24228,1
Train,24229,0
Train,24230,4
Train,24231,6
Train,24232,6
Train,24233,7
Train,24234,9
Train,24235,7
Train,24236,4
Train,24237,7
Train,24238,5
Train,24239,4
Train,24240,1
Train,24241,4
Train,24242,6
Train,24243,5
Train,24244,5
Train,24245,9
Train,24246,9
Train,24247,1
Train,24248,9
Train,24249,6
Train,24250,4
Train,24251,8
Train,24252,0
Train,24253,9
Train,24254,2
Train,24255,1
Train,24256,0
Train,24257,0
Train,24258,0
Train,24259,7
Train,24260,8
Train,24261,6
Train,24262,3
Train,24263,1
Train,24264,2
Train,24265,4
Train,24266,6
Train,24267,7
Train,24268,1
Train,24269,1
Train,24270,8
Train,24271,8
Train,24272,2
Train,24273,9
Train,24274,5
Train,24275,6
Train,24276,3
Train,24277,8
Train,24278,9
Train,24279,6
Train,24280,1
Train,24281,8
Train,24282,6
Train,24283,5
Train,24284,1
Train,24285,0
Train,24286,8
Train,24287,5
Train,24288,1
Train,24289,6
Train,24290,4
Train,24291,0
Train,24292,1
Train,24293,7
Train,24294,1
Train,24295,5
Train,24296,9
Train,24297,1
Train,24298,6
Train,24299,9
Train,24300,0
Train,24301,3
Train,24302,5
Train,24303,5
Train,24304,9
Train,24305,3
Train,24306,4
Train,24307,6
Train,24308,4
Train,24309,5
Train,24310,9
Train,24311,7
Train,24312,6
Train,24313,2
Train,24314,5
Train,24315,8
Train,24316,9
Train,24317,3
Train,24318,4
Train,24319,0
Train,24320,9
Train,24321,6
Train,24322,2
Train,24323,5
Train,24324,9
Train,24325,0
Train,24326,5
Train,24327,7
Train,24328,8
Train,24329,1
Train,24330,3
Train,24331,9
Train,24332,3
Train,24333,0
Train,24334,2
Train,24335,3
Train,24336,1
Train,24337,3
Train,24338,1
Train,24339,5
Train,24340,5
Train,24341,0
Train,24342,1
Train,24343,9
Train,24344,5
Train,24345,9
Train,24346,7
Train,24347,8
Train,24348,3
Train,24349,0
Train,24350,8
Train,24351,0
Train,24352,5
Train,24353,5
Train,24354,6
Train,24355,0
Train,24356,0
Train,24357,5
Train,24358,3
Train,24359,6
Train,24360,0
Train,24361,0
Train,24362,8
Train,24363,5
Train,24364,3
Train,24365,0
Train,24366,2
Train,24367,0
Train,24368,7
Train,24369,4
Train,24370,7
Train,24371,7
Train,24372,9
Train,24373,2
Train,24374,0
Train,24375,1
Train,24376,8
Train,24377,4
Train,24378,5
Train,24379,2
Train,24380,5
Train,24381,1
Train,24382,6
Train,24383,0
Train,24384,3
Train,24385,1
Train,24386,8
Train,24387,0
Train,24388,9
Train,24389,6
Train,24390,7
Train,24391,9
Train,24392,2
Train,24393,4
Train,24394,6
Train,24395,0
Train,24396,4
Train,24397,6
Train,24398,1
Train,24399,2
Train,24400,1
Train,24401,6
Train,24402,3
Train,24403,2
Train,24404,0
Train,24405,4
Train,24406,7
Train,24407,9
Train,24408,9
Train,24409,2
Train,24410,9
Train,24411,3
Train,24412,8
Train,24413,2
Train,24414,8
Train,24415,5
Train,24416,7
Train,24417,1
Train,24418,6
Train,24419,4
Train,24420,0
Train,24421,4
Train,24422,7
Train,24423,6
Train,24424,6
Train,24425,1
Train,24426,8
Train,24427,7
Train,24428,1
Train,24429,2
Train,24430,4
Train,24431,6
Train,24432,2
Train,24433,5
Train,24434,3
Train,24435,8
Train,24436,9
Train,24437,2
Train,24438,8
Train,24439,7
Train,24440,5
Train,24441,1
Train,24442,5
Train,24443,3
Train,24444,8
Train,24445,0
Train,24446,1
Train,24447,0
Train,24448,4
Train,24449,7
Train,24450,1
Train,24451,8
Train,24452,5
Train,24453,9
Train,24454,4
Train,24455,8
Train,24456,8
Train,24457,2
Train,24458,9
Train,24459,5
Train,24460,3
Train,24461,2
Train,24462,1
Train,24463,1
Train,24464,4
Train,24465,2
Train,24466,1
Train,24467,2
Train,24468,7
Train,24469,7
Train,24470,1
Train,24471,8
Train,24472,7
Train,24473,5
Train,24474,9
Train,24475,6
Train,24476,0
Train,24477,9
Train,24478,6
Train,24479,6
Train,24480,1
Train,24481,8
Train,24482,5
Train,24483,9
Train,24484,1
Train,24485,4
Train,24486,1
Train,24487,5
Train,24488,0
Train,24489,5
Train,24490,3
Train,24491,0
Train,24492,0
Train,24493,9
Train,24494,9
Train,24495,5
Train,24496,2
Train,24497,6
Train,24498,4
Train,24499,7
Train,24500,2
Train,24501,8
Train,24502,0
Train,24503,5
Train,24504,4
Train,24505,7
Train,24506,5
Train,24507,0
Train,24508,7
Train,24509,8
Train,24510,6
Train,24511,0
Train,24512,1
Train,24513,4
Train,24514,0
Train,24515,1
Train,24516,5
Train,24517,7
Train,24518,3
Train,24519,6
Train,24520,1
Train,24521,0
Train,24522,3
Train,24523,9
Train,24524,4
Train,24525,4
Train,24526,8
Train,24527,1
Train,24528,1
Train,24529,4
Train,24530,9
Train,24531,6
Train,24532,5
Train,24533,2
Train,24534,0
Train,24535,2
Train,24536,7
Train,24537,9
Train,24538,3
Train,24539,1
Train,24540,1
Train,24541,1
Train,24542,9
Train,24543,0
Train,24544,1
Train,24545,7
Train,24546,5
Train,24547,7
Train,24548,4
Train,24549,0
Train,24550,9
Train,24551,3
Train,24552,6
Train,24553,5
Train,24554,8
Train,24555,2
Train,24556,6
Train,24557,0
Train,24558,5
Train,24559,7
Train,24560,3
Train,24561,1
Train,24562,3
Train,24563,8
Train,24564,8
Train,24565,3
Train,24566,1
Train,24567,0
Train,24568,7
Train,24569,2
Train,24570,9
Train,24571,3
Train,24572,4
Train,24573,7
Train,24574,7
Train,24575,5
Train,24576,2
Train,24577,6
Train,24578,8
Train,24579,1
Train,24580,1
Train,24581,0
Train,24582,4
Train,24583,0
Train,24584,4
Train,24585,5
Train,24586,8
Train,24587,0
Train,24588,8
Train,24589,0
Train,24590,1
Train,24591,1
Train,24592,0
Train,24593,7
Train,24594,4
Train,24595,1
Train,24596,7
Train,24597,3
Train,24598,3
Train,24599,7
Train,24600,0
Train,24601,9
Train,24602,1
Train,24603,9
Train,24604,9
Train,24605,0
Train,24606,3
Train,24607,1
Train,24608,8
Train,24609,9
Train,24610,2
Train,24611,3
Train,24612,7
Train,24613,7
Train,24614,9
Train,24615,9
Train,24616,1
Train,24617,2
Train,24618,3
Train,24619,9
Train,24620,1
Train,24621,7
Train,24622,0
Train,24623,2
Train,24624,4
Train,24625,1
Train,24626,6
Train,24627,9
Train,24628,5
Train,24629,8
Train,24630,4
Train,24631,8
Train,24632,8
Train,24633,2
Train,24634,3
Train,24635,6
Train,24636,2
Train,24637,5
Train,24638,9
Train,24639,0
Train,24640,9
Train,24641,0
Train,24642,0
Train,24643,2
Train,24644,0
Train,24645,7
Train,24646,6
Train,24647,9
Train,24648,5
Train,24649,6
Train,24650,5
Train,24651,5
Train,24652,3
Train,24653,4
Train,24654,1
Train,24655,2
Train,24656,5
Train,24657,9
Train,24658,4
Train,24659,4
Train,24660,6
Train,24661,0
Train,24662,5
Train,24663,5
Train,24664,4
Train,24665,1
Train,24666,3
Train,24667,3
Train,24668,0
Train,24669,3
Train,24670,2
Train,24671,6
Train,24672,6
Train,24673,6
Train,24674,4
Train,24675,7
Train,24676,0
Train,24677,0
Train,24678,1
Train,24679,0
Train,24680,1
Train,24681,0
Train,24682,7
Train,24683,9
Train,24684,2
Train,24685,0
Train,24686,4
Train,24687,5
Train,24688,8
Train,24689,8
Train,24690,0
Train,24691,3
Train,24692,8
Train,24693,9
Train,24694,2
Train,24695,0
Train,24696,3
Train,24697,8
Train,24698,7
Train,24699,2
Train,24700,0
Train,24701,6
Train,24702,5
Train,24703,5
Train,24704,3
Train,24705,3
Train,24706,2
Train,24707,3
Train,24708,7
Train,24709,9
Train,24710,2
Train,24711,5
Train,24712,9
Train,24713,0
Train,24714,5
Train,24715,7
Train,24716,8
Train,24717,6
Train,24718,9
Train,24719,2
Train,24720,0
Train,24721,0
Train,24722,6
Train,24723,9
Train,24724,6
Train,24725,1
Train,24726,3
Train,24727,3
Train,24728,6
Train,24729,7
Train,24730,9
Train,24731,9
Train,24732,6
Train,24733,3
Train,24734,2
Train,24735,0
Train,24736,2
Train,24737,4
Train,24738,9
Train,24739,2
Train,24740,8
Train,24741,5
Train,24742,2
Train,24743,6
Train,24744,5
Train,24745,0
Train,24746,1
Train,24747,2
Train,24748,8
Train,24749,3
Train,24750,0
Train,24751,3
Train,24752,8
Train,24753,0
Train,24754,5
Train,24755,0
Train,24756,2
Train,24757,3
Train,24758,7
Train,24759,8
Train,24760,8
Train,24761,8
Train,24762,1
Train,24763,5
Train,24764,0
Train,24765,8
Train,24766,8
Train,24767,1
Train,24768,7
Train,24769,4
Train,24770,9
Train,24771,2
Train,24772,2
Train,24773,2
Train,24774,1
Train,24775,3
Train,24776,4
Train,24777,2
Train,24778,4
Train,24779,3
Train,24780,2
Train,24781,6
Train,24782,7
Train,24783,6
Train,24784,7
Train,24785,4
Train,24786,7
Train,24787,8
Train,24788,9
Train,24789,2
Train,24790,4
Train,24791,0
Train,24792,0
Train,24793,0
Train,24794,7
Train,24795,0
Train,24796,5
Train,24797,4
Train,24798,2
Train,24799,4
Train,24800,6
Train,24801,3
Train,24802,0
Train,24803,3
Train,24804,4
Train,24805,2
Train,24806,4
Train,24807,1
Train,24808,6
Train,24809,6
Train,24810,4
Train,24811,8
Train,24812,7
Train,24813,5
Train,24814,0
Train,24815,7
Train,24816,9
Train,24817,3
Train,24818,0
Train,24819,5
Train,24820,7
Train,24821,8
Train,24822,5
Train,24823,4
Train,24824,7
Train,24825,8
Train,24826,5
Train,24827,4
Train,24828,1
Train,24829,4
Train,24830,4
Train,24831,5
Train,24832,5
Train,24833,1
Train,24834,0
Train,24835,2
Train,24836,4
Train,24837,0
Train,24838,5
Train,24839,3
Train,24840,5
Train,24841,8
Train,24842,3
Train,24843,6
Train,24844,0
Train,24845,7
Train,24846,4
Train,24847,3
Train,24848,4
Train,24849,9
Train,24850,7
Train,24851,0
Train,24852,6
Train,24853,7
Train,24854,6
Train,24855,8
Train,24856,7
Train,24857,2
Train,24858,7
Train,24859,0
Train,24860,8
Train,24861,4
Train,24862,7
Train,24863,1
Train,24864,6
Train,24865,2
Train,24866,4
Train,24867,5
Train,24868,3
Train,24869,3
Train,24870,6
Train,24871,3
Train,24872,6
Train,24873,1
Train,24874,4
Train,24875,5
Train,24876,8
Train,24877,5
Train,24878,8
Train,24879,6
Train,24880,9
Train,24881,0
Train,24882,6
Train,24883,4
Train,24884,4
Train,24885,2
Train,24886,6
Train,24887,0
Train,24888,6
Train,24889,4
Train,24890,5
Train,24891,1
Train,24892,7
Train,24893,9
Train,24894,8
Train,24895,6
Train,24896,3
Train,24897,6
Train,24898,7
Train,24899,5
Train,24900,4
Train,24901,7
Train,24902,2
Train,24903,3
Train,24904,2
Train,24905,8
Train,24906,3
Train,24907,8
Train,24908,7
Train,24909,5
Train,24910,3
Train,24911,2
Train,24912,6
Train,24913,7
Train,24914,5
Train,24915,7
Train,24916,7
Train,24917,7
Train,24918,6
Train,24919,2
Train,24920,4
Train,24921,6
Train,24922,3
Train,24923,1
Train,24924,9
Train,24925,4
Train,24926,2
Train,24927,2
Train,24928,6
Train,24929,8
Train,24930,7
Train,24931,0
Train,24932,1
Train,24933,4
Train,24934,8
Train,24935,2
Train,24936,1
Train,24937,5
Train,24938,9
Train,24939,0
Train,24940,7
Train,24941,7
Train,24942,4
Train,24943,0
Train,24944,7
Train,24945,8
Train,24946,6
Train,24947,5
Train,24948,7
Train,24949,3
Train,24950,6
Train,24951,5
Train,24952,5
Train,24953,5
Train,24954,7
Train,24955,6
Train,24956,6
Train,24957,0
Train,24958,3
Train,24959,5
Train,24960,9
Train,24961,3
Train,24962,2
Train,24963,1
Train,24964,9
Train,24965,1
Train,24966,6
Train,24967,4
Train,24968,1
Train,24969,5
Train,24970,7
Train,24971,0
Train,24972,6
Train,24973,6
Train,24974,7
Train,24975,1
Train,24976,8
Train,24977,2
Train,24978,2
Train,24979,1
Train,24980,2
Train,24981,5
Train,24982,7
Train,24983,0
Train,24984,8
Train,24985,9
Train,24986,1
Train,24987,9
Train,24988,7
Train,24989,6
Train,24990,8
Train,24991,3
Train,24992,6
Train,24993,2
Train,24994,2
Train,24995,7
Train,24996,4
Train,24997,4
Train,24998,5
Train,24999,1
Train,25000,6
Train,25001,9
Train,25002,8
Train,25003,4
Train,25004,0
Train,25005,6
Train,25006,3
Train,25007,1
Train,25008,3
Train,25009,9
Train,25010,9
Train,25011,8
Train,25012,5
Train,25013,8
Train,25014,4
Train,25015,5
Train,25016,0
Train,25017,4
Train,25018,2
Train,25019,3
Train,25020,1
Train,25021,9
Train,25022,2
Train,25023,0
Train,25024,4
Train,25025,6
Train,25026,5
Train,25027,0
Train,25028,3
Train,25029,8
Train,25030,2
Train,25031,8
Train,25032,6
Train,25033,7
Train,25034,2
Train,25035,6
Train,25036,9
Train,25037,0
Train,25038,2
Train,25039,6
Train,25040,8
Train,25041,2
Train,25042,8
Train,25043,7
Train,25044,1
Train,25045,7
Train,25046,1
Train,25047,8
Train,25048,1
Train,25049,2
Train,25050,1
Train,25051,9
Train,25052,2
Train,25053,5
Train,25054,8
Train,25055,3
Train,25056,5
Train,25057,5
Train,25058,3
Train,25059,6
Train,25060,9
Train,25061,1
Train,25062,3
Train,25063,1
Train,25064,2
Train,25065,5
Train,25066,0
Train,25067,6
Train,25068,7
Train,25069,1
Train,25070,0
Train,25071,1
Train,25072,8
Train,25073,3
Train,25074,3
Train,25075,5
Train,25076,6
Train,25077,3
Train,25078,8
Train,25079,7
Train,25080,7
Train,25081,3
Train,25082,0
Train,25083,0
Train,25084,3
Train,25085,6
Train,25086,2
Train,25087,5
Train,25088,8
Train,25089,2
Train,25090,7
Train,25091,9
Train,25092,0
Train,25093,8
Train,25094,9
Train,25095,2
Train,25096,8
Train,25097,0
Train,25098,4
Train,25099,4
Train,25100,1
Train,25101,2
Train,25102,7
Train,25103,3
Train,25104,8
Train,25105,1
Train,25106,0
Train,25107,7
Train,25108,7
Train,25109,7
Train,25110,0
Train,25111,8
Train,25112,9
Train,25113,4
Train,25114,4
Train,25115,2
Train,25116,7
Train,25117,1
Train,25118,8
Train,25119,8
Train,25120,9
Train,25121,6
Train,25122,7
Train,25123,8
Train,25124,8
Train,25125,2
Train,25126,8
Train,25127,5
Train,25128,8
Train,25129,9
Train,25130,2
Train,25131,7
Train,25132,7
Train,25133,8
Train,25134,6
Train,25135,1
Train,25136,3
Train,25137,1
Train,25138,3
Train,25139,6
Train,25140,0
Train,25141,5
Train,25142,4
Train,25143,9
Train,25144,0
Train,25145,2
Train,25146,6
Train,25147,4
Train,25148,2
Train,25149,2
Train,25150,1
Train,25151,1
Train,25152,6
Train,25153,4
Train,25154,7
Train,25155,6
Train,25156,7
Train,25157,5
Train,25158,7
Train,25159,9
Train,25160,0
Train,25161,2
Train,25162,1
Train,25163,8
Train,25164,7
Train,25165,1
Train,25166,2
Train,25167,0
Train,25168,6
Train,25169,6
Train,25170,5
Train,25171,5
Train,25172,2
Train,25173,9
Train,25174,2
Train,25175,2
Train,25176,8
Train,25177,0
Train,25178,0
Train,25179,3
Train,25180,5
Train,25181,1
Train,25182,7
Train,25183,2
Train,25184,3
Train,25185,3
Train,25186,9
Train,25187,0
Train,25188,8
Train,25189,0
Train,25190,0
Train,25191,0
Train,25192,2
Train,25193,5
Train,25194,3
Train,25195,2
Train,25196,1
Train,25197,7
Train,25198,0
Train,25199,0
Train,25200,2
Train,25201,1
Train,25202,5
Train,25203,2
Train,25204,5
Train,25205,5
Train,25206,1
Train,25207,8
Train,25208,1
Train,25209,1
Train,25210,1
Train,25211,3
Train,25212,0
Train,25213,7
Train,25214,3
Train,25215,3
Train,25216,4
Train,25217,2
Train,25218,3
Train,25219,3
Train,25220,0
Train,25221,3
Train,25222,2
Train,25223,6
Train,25224,1
Train,25225,8
Train,25226,7
Train,25227,7
Train,25228,7
Train,25229,6
Train,25230,5
Train,25231,4
Train,25232,4
Train,25233,5
Train,25234,6
Train,25235,3
Train,25236,0
Train,25237,8
Train,25238,8
Train,25239,8
Train,25240,5
Train,25241,7
Train,25242,0
Train,25243,0
Train,25244,0
Train,25245,1
Train,25246,3
Train,25247,3
Train,25248,5
Train,25249,5
Train,25250,4
Train,25251,0
Train,25252,5
Train,25253,3
Train,25254,3
Train,25255,6
Train,25256,3
Train,25257,3
Train,25258,8
Train,25259,3
Train,25260,5
Train,25261,0
Train,25262,5
Train,25263,2
Train,25264,1
Train,25265,5
Train,25266,7
Train,25267,0
Train,25268,2
Train,25269,7
Train,25270,0
Train,25271,7
Train,25272,5
Train,25273,3
Train,25274,2
Train,25275,0
Train,25276,2
Train,25277,3
Train,25278,1
Train,25279,1
Train,25280,1
Train,25281,3
Train,25282,2
Train,25283,7
Train,25284,5
Train,25285,9
Train,25286,4
Train,25287,5
Train,25288,0
Train,25289,4
Train,25290,0
Train,25291,6
Train,25292,4
Train,25293,6
Train,25294,6
Train,25295,2
Train,25296,2
Train,25297,9
Train,25298,6
Train,25299,4
Train,25300,1
Train,25301,4
Train,25302,2
Train,25303,9
Train,25304,7
Train,25305,3
Train,25306,1
Train,25307,3
Train,25308,9
Train,25309,3
Train,25310,7
Train,25311,5
Train,25312,2
Train,25313,4
Train,25314,1
Train,25315,3
Train,25316,0
Train,25317,9
Train,25318,0
Train,25319,9
Train,25320,8
Train,25321,6
Train,25322,7
Train,25323,1
Train,25324,3
Train,25325,9
Train,25326,2
Train,25327,8
Train,25328,7
Train,25329,7
Train,25330,0
Train,25331,1
Train,25332,4
Train,25333,5
Train,25334,7
Train,25335,4
Train,25336,8
Train,25337,0
Train,25338,9
Train,25339,0
Train,25340,6
Train,25341,2
Train,25342,7
Train,25343,7
Train,25344,6
Train,25345,6
Train,25346,4
Train,25347,4
Train,25348,8
Train,25349,7
Train,25350,0
Train,25351,4
Train,25352,0
Train,25353,5
Train,25354,2
Train,25355,4
Train,25356,5
Train,25357,6
Train,25358,6
Train,25359,3
Train,25360,9
Train,25361,9
Train,25362,0
Train,25363,1
Train,25364,8
Train,25365,7
Train,25366,2
Train,25367,2
Train,25368,8
Train,25369,7
Train,25370,7
Train,25371,4
Train,25372,5
Train,25373,6
Train,25374,8
Train,25375,9
Train,25376,3
Train,25377,1
Train,25378,3
Train,25379,2
Train,25380,3
Train,25381,2
Train,25382,6
Train,25383,4
Train,25384,3
Train,25385,0
Train,25386,8
Train,25387,9
Train,25388,1
Train,25389,1
Train,25390,5
Train,25391,0
Train,25392,8
Train,25393,9
Train,25394,5
Train,25395,8
Train,25396,6
Train,25397,6
Train,25398,2
Train,25399,8
Train,25400,2
Train,25401,4
Train,25402,4
Train,25403,4
Train,25404,9
Train,25405,1
Train,25406,6
Train,25407,9
Train,25408,5
Train,25409,9
Train,25410,7
Train,25411,7
Train,25412,8
Train,25413,7
Train,25414,4
Train,25415,2
Train,25416,6
Train,25417,6
Train,25418,5
Train,25419,0
Train,25420,0
Train,25421,9
Train,25422,0
Train,25423,4
Train,25424,3
Train,25425,5
Train,25426,2
Train,25427,2
Train,25428,1
Train,25429,4
Train,25430,6
Train,25431,0
Train,25432,5
Train,25433,9
Train,25434,4
Train,25435,4
Train,25436,4
Train,25437,4
Train,25438,1
Train,25439,0
Train,25440,2
Train,25441,4
Train,25442,6
Train,25443,3
Train,25444,4
Train,25445,5
Train,25446,2
Train,25447,3
Train,25448,6
Train,25449,2
Train,25450,8
Train,25451,7
Train,25452,5
Train,25453,7
Train,25454,7
Train,25455,2
Train,25456,6
Train,25457,0
Train,25458,4
Train,25459,1
Train,25460,0
Train,25461,9
Train,25462,0
Train,25463,1
Train,25464,7
Train,25465,5
Train,25466,7
Train,25467,2
Train,25468,9
Train,25469,6
Train,25470,8
Train,25471,3
Train,25472,8
Train,25473,6
Train,25474,4
Train,25475,6
Train,25476,9
Train,25477,0
Train,25478,2
Train,25479,1
Train,25480,4
Train,25481,4
Train,25482,6
Train,25483,9
Train,25484,2
Train,25485,7
Train,25486,9
Train,25487,8
Train,25488,1
Train,25489,0
Train,25490,3
Train,25491,2
Train,25492,3
Train,25493,6
Train,25494,4
Train,25495,2
Train,25496,2
Train,25497,7
Train,25498,4
Train,25499,9
Train,25500,6
Train,25501,8
Train,25502,0
Train,25503,8
Train,25504,3
Train,25505,5
Train,25506,9
Train,25507,9
Train,25508,8
Train,25509,3
Train,25510,9
Train,25511,6
Train,25512,2
Train,25513,8
Train,25514,0
Train,25515,5
Train,25516,2
Train,25517,5
Train,25518,8
Train,25519,6
Train,25520,3
Train,25521,8
Train,25522,5
Train,25523,1
Train,25524,8
Train,25525,4
Train,25526,6
Train,25527,3
Train,25528,2
Train,25529,4
Train,25530,2
Train,25531,0
Train,25532,0
Train,25533,8
Train,25534,1
Train,25535,3
Train,25536,2
Train,25537,7
Train,25538,0
Train,25539,7
Train,25540,8
Train,25541,3
Train,25542,9
Train,25543,2
Train,25544,1
Train,25545,3
Train,25546,0
Train,25547,3
Train,25548,9
Train,25549,0
Train,25550,5
Train,25551,6
Train,25552,5
Train,25553,7
Train,25554,7
Train,25555,5
Train,25556,4
Train,25557,8
Train,25558,1
Train,25559,3
Train,25560,9
Train,25561,3
Train,25562,7
Train,25563,3
Train,25564,2
Train,25565,6
Train,25566,8
Train,25567,1
Train,25568,7
Train,25569,6
Train,25570,3
Train,25571,0
Train,25572,7
Train,25573,8
Train,25574,0
Train,25575,7
Train,25576,4
Train,25577,8
Train,25578,0
Train,25579,4
Train,25580,8
Train,25581,0
Train,25582,1
Train,25583,5
Train,25584,7
Train,25585,4
Train,25586,9
Train,25587,2
Train,25588,5
Train,25589,5
Train,25590,9
Train,25591,2
Train,25592,7
Train,25593,2
Train,25594,7
Train,25595,6
Train,25596,1
Train,25597,5
Train,25598,7
Train,25599,0
Train,25600,1
Train,25601,7
Train,25602,2
Train,25603,5
Train,25604,9
Train,25605,0
Train,25606,5
Train,25607,5
Train,25608,1
Train,25609,0
Train,25610,5
Train,25611,1
Train,25612,6
Train,25613,7
Train,25614,1
Train,25615,0
Train,25616,0
Train,25617,7
Train,25618,8
Train,25619,1
Train,25620,4
Train,25621,1
Train,25622,6
Train,25623,9
Train,25624,0
Train,25625,1
Train,25626,2
Train,25627,3
Train,25628,2
Train,25629,8
Train,25630,9
Train,25631,9
Train,25632,8
Train,25633,3
Train,25634,5
Train,25635,4
Train,25636,4
Train,25637,7
Train,25638,6
Train,25639,3
Train,25640,3
Train,25641,6
Train,25642,3
Train,25643,4
Train,25644,0
Train,25645,6
Train,25646,2
Train,25647,9
Train,25648,9
Train,25649,3
Train,25650,2
Train,25651,0
Train,25652,1
Train,25653,8
Train,25654,9
Train,25655,5
Train,25656,5
Train,25657,6
Train,25658,5
Train,25659,0
Train,25660,8
Train,25661,5
Train,25662,5
Train,25663,3
Train,25664,3
Train,25665,2
Train,25666,4
Train,25667,3
Train,25668,0
Train,25669,8
Train,25670,5
Train,25671,2
Train,25672,4
Train,25673,3
Train,25674,4
Train,25675,4
Train,25676,3
Train,25677,5
Train,25678,6
Train,25679,7
Train,25680,6
Train,25681,6
Train,25682,1
Train,25683,3
Train,25684,3
Train,25685,1
Train,25686,3
Train,25687,3
Train,25688,3
Train,25689,1
Train,25690,4
Train,25691,8
Train,25692,4
Train,25693,5
Train,25694,8
Train,25695,2
Train,25696,0
Train,25697,1
Train,25698,5
Train,25699,5
Train,25700,1
Train,25701,7
Train,25702,5
Train,25703,4
Train,25704,6
Train,25705,3
Train,25706,3
Train,25707,5
Train,25708,9
Train,25709,6
Train,25710,1
Train,25711,7
Train,25712,0
Train,25713,3
Train,25714,0
Train,25715,4
Train,25716,3
Train,25717,8
Train,25718,1
Train,25719,0
Train,25720,5
Train,25721,8
Train,25722,5
Train,25723,6
Train,25724,7
Train,25725,8
Train,25726,3
Train,25727,5
Train,25728,8
Train,25729,6
Train,25730,5
Train,25731,1
Train,25732,5
Train,25733,5
Train,25734,2
Train,25735,5
Train,25736,9
Train,25737,8
Train,25738,3
Train,25739,9
Train,25740,5
Train,25741,7
Train,25742,7
Train,25743,2
Train,25744,8
Train,25745,3
Train,25746,0
Train,25747,6
Train,25748,0
Train,25749,8
Train,25750,1
Train,25751,5
Train,25752,9
Train,25753,4
Train,25754,8
Train,25755,7
Train,25756,8
Train,25757,2
Train,25758,8
Train,25759,9
Train,25760,8
Train,25761,6
Train,25762,0
Train,25763,0
Train,25764,7
Train,25765,3
Train,25766,9
Train,25767,4
Train,25768,4
Train,25769,3
Train,25770,7
Train,25771,3
Train,25772,3
Train,25773,3
Train,25774,5
Train,25775,5
Train,25776,4
Train,25777,5
Train,25778,7
Train,25779,4
Train,25780,8
Train,25781,4
Train,25782,3
Train,25783,8
Train,25784,9
Train,25785,4
Train,25786,0
Train,25787,0
Train,25788,7
Train,25789,0
Train,25790,8
Train,25791,7
Train,25792,0
Train,25793,6
Train,25794,8
Train,25795,6
Train,25796,8
Train,25797,0
Train,25798,4
Train,25799,1
Train,25800,9
Train,25801,2
Train,25802,3
Train,25803,4
Train,25804,7
Train,25805,5
Train,25806,4
Train,25807,0
Train,25808,0
Train,25809,7
Train,25810,0
Train,25811,7
Train,25812,3
Train,25813,4
Train,25814,0
Train,25815,6
Train,25816,0
Train,25817,1
Train,25818,4
Train,25819,6
Train,25820,0
Train,25821,5
Train,25822,2
Train,25823,8
Train,25824,5
Train,25825,3
Train,25826,5
Train,25827,1
Train,25828,6
Train,25829,6
Train,25830,2
Train,25831,2
Train,25832,9
Train,25833,2
Train,25834,4
Train,25835,6
Train,25836,7
Train,25837,9
Train,25838,0
Train,25839,9
Train,25840,5
Train,25841,6
Train,25842,1
Train,25843,0
Train,25844,6
Train,25845,5
Train,25846,4
Train,25847,2
Train,25848,7
Train,25849,5
Train,25850,6
Train,25851,6
Train,25852,1
Train,25853,0
Train,25854,5
Train,25855,8
Train,25856,1
Train,25857,1
Train,25858,5
Train,25859,2
Train,25860,4
Train,25861,2
Train,25862,0
Train,25863,4
Train,25864,5
Train,25865,7
Train,25866,6
Train,25867,9
Train,25868,7
Train,25869,8
Train,25870,5
Train,25871,4
Train,25872,1
Train,25873,7
Train,25874,1
Train,25875,5
Train,25876,7
Train,25877,6
Train,25878,6
Train,25879,4
Train,25880,0
Train,25881,1
Train,25882,3
Train,25883,9
Train,25884,2
Train,25885,3
Train,25886,5
Train,25887,2
Train,25888,8
Train,25889,7
Train,25890,7
Train,25891,0
Train,25892,6
Train,25893,4
Train,25894,5
Train,25895,7
Train,25896,7
Train,25897,9
Train,25898,4
Train,25899,3
Train,25900,6
Train,25901,2
Train,25902,8
Train,25903,5
Train,25904,6
Train,25905,0
Train,25906,8
Train,25907,9
Train,25908,8
Train,25909,1
Train,25910,1
Train,25911,2
Train,25912,2
Train,25913,6
Train,25914,6
Train,25915,1
Train,25916,7
Train,25917,7
Train,25918,5
Train,25919,5
Train,25920,0
Train,25921,2
Train,25922,3
Train,25923,3
Train,25924,8
Train,25925,5
Train,25926,1
Train,25927,7
Train,25928,2
Train,25929,2
Train,25930,0
Train,25931,4
Train,25932,6
Train,25933,3
Train,25934,3
Train,25935,6
Train,25936,9
Train,25937,7
Train,25938,8
Train,25939,2
Train,25940,6
Train,25941,4
Train,25942,0
Train,25943,3
Train,25944,8
Train,25945,9
Train,25946,9
Train,25947,3
Train,25948,7
Train,25949,4
Train,25950,3
Train,25951,8
Train,25952,7
Train,25953,3
Train,25954,4
Train,25955,4
Train,25956,2
Train,25957,7
Train,25958,3
Train,25959,4
Train,25960,9
Train,25961,1
Train,25962,4
Train,25963,9
Train,25964,6
Train,25965,9
Train,25966,6
Train,25967,6
Train,25968,7
Train,25969,0
Train,25970,0
Train,25971,3
Train,25972,6
Train,25973,9
Train,25974,1
Train,25975,1
Train,25976,0
Train,25977,4
Train,25978,9
Train,25979,6
Train,25980,5
Train,25981,5
Train,25982,2
Train,25983,3
Train,25984,2
Train,25985,6
Train,25986,3
Train,25987,8
Train,25988,9
Train,25989,2
Train,25990,6
Train,25991,9
Train,25992,4
Train,25993,1
Train,25994,9
Train,25995,0
Train,25996,3
Train,25997,3
Train,25998,2
Train,25999,6
Train,26000,0
Train,26001,2
Train,26002,9
Train,26003,0
Train,26004,8
Train,26005,3
Train,26006,7
Train,26007,0
Train,26008,1
Train,26009,3
Train,26010,5
Train,26011,9
Train,26012,9
Train,26013,9
Train,26014,5
Train,26015,8
Train,26016,9
Train,26017,7
Train,26018,0
Train,26019,2
Train,26020,6
Train,26021,9
Train,26022,3
Train,26023,4
Train,26024,5
Train,26025,6
Train,26026,1
Train,26027,0
Train,26028,5
Train,26029,3
Train,26030,5
Train,26031,7
Train,26032,7
Train,26033,5
Train,26034,2
Train,26035,8
Train,26036,3
Train,26037,7
Train,26038,8
Train,26039,9
Train,26040,0
Train,26041,9
Train,26042,6
Train,26043,3
Train,26044,3
Train,26045,0
Train,26046,7
Train,26047,4
Train,26048,4
Train,26049,0
Train,26050,9
Train,26051,2
Train,26052,5
Train,26053,9
Train,26054,6
Train,26055,8
Train,26056,7
Train,26057,9
Train,26058,2
Train,26059,1
Train,26060,0
Train,26061,9
Train,26062,4
Train,26063,6
Train,26064,3
Train,26065,1
Train,26066,6
Train,26067,7
Train,26068,4
Train,26069,9
Train,26070,2
Train,26071,5
Train,26072,5
Train,26073,5
Train,26074,1
Train,26075,6
Train,26076,0
Train,26077,1
Train,26078,9
Train,26079,5
Train,26080,1
Train,26081,0
Train,26082,1
Train,26083,0
Train,26084,6
Train,26085,6
Train,26086,7
Train,26087,3
Train,26088,0
Train,26089,6
Train,26090,1
Train,26091,6
Train,26092,0
Train,26093,1
Train,26094,8
Train,26095,5
Train,26096,2
Train,26097,3
Train,26098,8
Train,26099,4
Train,26100,4
Train,26101,9
Train,26102,5
Train,26103,6
Train,26104,7
Train,26105,8
Train,26106,3
Train,26107,7
Train,26108,8
Train,26109,8
Train,26110,2
Train,26111,3
Train,26112,8
Train,26113,9
Train,26114,4
Train,26115,1
Train,26116,3
Train,26117,9
Train,26118,4
Train,26119,2
Train,26120,6
Train,26121,9
Train,26122,6
Train,26123,3
Train,26124,0
Train,26125,5
Train,26126,3
Train,26127,1
Train,26128,2
Train,26129,4
Train,26130,4
Train,26131,8
Train,26132,3
Train,26133,7
Train,26134,5
Train,26135,6
Train,26136,9
Train,26137,0
Train,26138,5
Train,26139,6
Train,26140,8
Train,26141,1
Train,26142,4
Train,26143,5
Train,26144,0
Train,26145,4
Train,26146,2
Train,26147,8
Train,26148,2
Train,26149,8
Train,26150,9
Train,26151,6
Train,26152,9
Train,26153,5
Train,26154,3
Train,26155,2
Train,26156,8
Train,26157,6
Train,26158,1
Train,26159,9
Train,26160,3
Train,26161,3
Train,26162,0
Train,26163,7
Train,26164,0
Train,26165,7
Train,26166,7
Train,26167,5
Train,26168,1
Train,26169,2
Train,26170,8
Train,26171,5
Train,26172,8
Train,26173,5
Train,26174,5
Train,26175,2
Train,26176,2
Train,26177,0
Train,26178,0
Train,26179,5
Train,26180,1
Train,26181,2
Train,26182,8
Train,26183,3
Train,26184,0
Train,26185,5
Train,26186,2
Train,26187,2
Train,26188,8
Train,26189,3
Train,26190,6
Train,26191,8
Train,26192,6
Train,26193,7
Train,26194,5
Train,26195,8
Train,26196,7
Train,26197,6
Train,26198,8
Train,26199,6
Train,26200,0
Train,26201,9
Train,26202,3
Train,26203,7
Train,26204,2
Train,26205,6
Train,26206,6
Train,26207,0
Train,26208,7
Train,26209,9
Train,26210,3
Train,26211,6
Train,26212,4
Train,26213,2
Train,26214,8
Train,26215,2
Train,26216,8
Train,26217,7
Train,26218,9
Train,26219,2
Train,26220,8
Train,26221,5
Train,26222,9
Train,26223,2
Train,26224,3
Train,26225,8
Train,26226,0
Train,26227,9
Train,26228,6
Train,26229,9
Train,26230,1
Train,26231,6
Train,26232,6
Train,26233,4
Train,26234,2
Train,26235,6
Train,26236,5
Train,26237,5
Train,26238,8
Train,26239,8
Train,26240,6
Train,26241,1
Train,26242,2
Train,26243,6
Train,26244,3
Train,26245,6
Train,26246,8
Train,26247,6
Train,26248,1
Train,26249,7
Train,26250,8
Train,26251,5
Train,26252,9
Train,26253,3
Train,26254,8
Train,26255,5
Train,26256,7
Train,26257,1
Train,26258,0
Train,26259,7
Train,26260,3
Train,26261,3
Train,26262,9
Train,26263,2
Train,26264,7
Train,26265,2
Train,26266,2
Train,26267,1
Train,26268,6
Train,26269,0
Train,26270,7
Train,26271,2
Train,26272,6
Train,26273,4
Train,26274,2
Train,26275,6
Train,26276,7
Train,26277,5
Train,26278,5
Train,26279,2
Train,26280,5
Train,26281,5
Train,26282,2
Train,26283,3
Train,26284,9
Train,26285,7
Train,26286,0
Train,26287,2
Train,26288,1
Train,26289,9
Train,26290,1
Train,26291,7
Train,26292,1
Train,26293,1
Train,26294,1
Train,26295,1
Train,26296,0
Train,26297,4
Train,26298,1
Train,26299,2
Train,26300,0
Train,26301,4
Train,26302,3
Train,26303,5
Train,26304,1
Train,26305,2
Train,26306,8
Train,26307,4
Train,26308,2
Train,26309,6
Train,26310,1
Train,26311,0
Train,26312,0
Train,26313,5
Train,26314,7
Train,26315,1
Train,26316,8
Train,26317,7
Train,26318,7
Train,26319,6
Train,26320,1
Train,26321,2
Train,26322,0
Train,26323,3
Train,26324,6
Train,26325,5
Train,26326,4
Train,26327,3
Train,26328,8
Train,26329,4
Train,26330,5
Train,26331,1
Train,26332,0
Train,26333,6
Train,26334,8
Train,26335,6
Train,26336,3
Train,26337,8
Train,26338,8
Train,26339,6
Train,26340,6
Train,26341,0
Train,26342,0
Train,26343,7
Train,26344,1
Train,26345,7
Train,26346,4
Train,26347,9
Train,26348,9
Train,26349,5
Train,26350,1
Train,26351,4
Train,26352,8
Train,26353,4
Train,26354,5
Train,26355,6
Train,26356,7
Train,26357,3
Train,26358,7
Train,26359,7
Train,26360,4
Train,26361,0
Train,26362,1
Train,26363,5
Train,26364,6
Train,26365,5
Train,26366,6
Train,26367,4
Train,26368,1
Train,26369,8
Train,26370,5
Train,26371,8
Train,26372,3
Train,26373,9
Train,26374,9
Train,26375,1
Train,26376,0
Train,26377,5
Train,26378,4
Train,26379,6
Train,26380,4
Train,26381,8
Train,26382,5
Train,26383,6
Train,26384,9
Train,26385,9
Train,26386,2
Train,26387,6
Train,26388,5
Train,26389,7
Train,26390,2
Train,26391,0
Train,26392,7
Train,26393,9
Train,26394,9
Train,26395,6
Train,26396,2
Train,26397,7
Train,26398,2
Train,26399,3
Train,26400,2
Train,26401,7
Train,26402,8
Train,26403,6
Train,26404,1
Train,26405,1
Train,26406,7
Train,26407,3
Train,26408,3
Train,26409,6
Train,26410,5
Train,26411,7
Train,26412,0
Train,26413,6
Train,26414,2
Train,26415,6
Train,26416,0
Train,26417,4
Train,26418,5
Train,26419,6
Train,26420,7
Train,26421,0
Train,26422,7
Train,26423,4
Train,26424,1
Train,26425,2
Train,26426,2
Train,26427,0
Train,26428,6
Train,26429,6
Train,26430,0
Train,26431,6
Train,26432,6
Train,26433,1
Train,26434,4
Train,26435,9
Train,26436,3
Train,26437,8
Train,26438,8
Train,26439,9
Train,26440,8
Train,26441,7
Train,26442,2
Train,26443,5
Train,26444,7
Train,26445,9
Train,26446,9
Train,26447,9
Train,26448,6
Train,26449,2
Train,26450,1
Train,26451,7
Train,26452,1
Train,26453,3
Train,26454,8
Train,26455,3
Train,26456,1
Train,26457,8
Train,26458,9
Train,26459,4
Train,26460,4
Train,26461,6
Train,26462,3
Train,26463,8
Train,26464,7
Train,26465,1
Train,26466,9
Train,26467,1
Train,26468,9
Train,26469,6
Train,26470,1
Train,26471,1
Train,26472,3
Train,26473,5
Train,26474,1
Train,26475,4
Train,26476,6
Train,26477,4
Train,26478,6
Train,26479,5
Train,26480,9
Train,26481,8
Train,26482,3
Train,26483,9
Train,26484,8
Train,26485,3
Train,26486,5
Train,26487,8
Train,26488,0
Train,26489,9
Train,26490,7
Train,26491,1
Train,26492,6
Train,26493,0
Train,26494,7
Train,26495,0
Train,26496,9
Train,26497,4
Train,26498,1
Train,26499,0
Train,26500,2
Train,26501,5
Train,26502,6
Train,26503,5
Train,26504,5
Train,26505,0
Train,26506,9
Train,26507,0
Train,26508,9
Train,26509,1
Train,26510,8
Train,26511,9
Train,26512,4
Train,26513,6
Train,26514,8
Train,26515,7
Train,26516,6
Train,26517,6
Train,26518,9
Train,26519,1
Train,26520,5
Train,26521,1
Train,26522,0
Train,26523,2
Train,26524,6
Train,26525,3
Train,26526,1
Train,26527,2
Train,26528,8
Train,26529,5
Train,26530,9
Train,26531,9
Train,26532,1
Train,26533,7
Train,26534,3
Train,26535,3
Train,26536,2
Train,26537,6
Train,26538,8
Train,26539,3
Train,26540,4
Train,26541,2
Train,26542,6
Train,26543,5
Train,26544,3
Train,26545,5
Train,26546,0
Train,26547,8
Train,26548,5
Train,26549,2
Train,26550,1
Train,26551,2
Train,26552,0
Train,26553,7
Train,26554,3
Train,26555,4
Train,26556,3
Train,26557,3
Train,26558,3
Train,26559,3
Train,26560,5
Train,26561,9
Train,26562,7
Train,26563,8
Train,26564,3
Train,26565,0
Train,26566,6
Train,26567,7
Train,26568,2
Train,26569,6
Train,26570,2
Train,26571,0
Train,26572,2
Train,26573,3
Train,26574,9
Train,26575,3
Train,26576,1
Train,26577,2
Train,26578,1
Train,26579,8
Train,26580,8
Train,26581,5
Train,26582,8
Train,26583,8
Train,26584,4
Train,26585,9
Train,26586,4
Train,26587,5
Train,26588,2
Train,26589,5
Train,26590,8
Train,26591,5
Train,26592,0
Train,26593,2
Train,26594,8
Train,26595,6
Train,26596,9
Train,26597,9
Train,26598,3
Train,26599,0
Train,26600,9
Train,26601,1
Train,26602,4
Train,26603,8
Train,26604,8
Train,26605,2
Train,26606,7
Train,26607,0
Train,26608,8
Train,26609,3
Train,26610,9
Train,26611,6
Train,26612,4
Train,26613,3
Train,26614,1
Train,26615,7
Train,26616,9
Train,26617,1
Train,26618,6
Train,26619,6
Train,26620,9
Train,26621,8
Train,26622,9
Train,26623,8
Train,26624,3
Train,26625,9
Train,26626,3
Train,26627,9
Train,26628,7
Train,26629,2
Train,26630,2
Train,26631,4
Train,26632,0
Train,26633,7
Train,26634,6
Train,26635,9
Train,26636,1
Train,26637,1
Train,26638,4
Train,26639,8
Train,26640,5
Train,26641,2
Train,26642,3
Train,26643,8
Train,26644,0
Train,26645,4
Train,26646,1
Train,26647,9
Train,26648,2
Train,26649,4
Train,26650,9
Train,26651,2
Train,26652,1
Train,26653,4
Train,26654,9
Train,26655,9
Train,26656,0
Train,26657,3
Train,26658,9
Train,26659,9
Train,26660,3
Train,26661,7
Train,26662,0
Train,26663,2
Train,26664,8
Train,26665,3
Train,26666,8
Train,26667,0
Train,26668,9
Train,26669,7
Train,26670,7
Train,26671,8
Train,26672,8
Train,26673,7
Train,26674,9
Train,26675,3
Train,26676,5
Train,26677,9
Train,26678,8
Train,26679,5
Train,26680,5
Train,26681,9
Train,26682,5
Train,26683,7
Train,26684,0
Train,26685,6
Train,26686,5
Train,26687,7
Train,26688,3
Train,26689,3
Train,26690,3
Train,26691,9
Train,26692,7
Train,26693,0
Train,26694,8
Train,26695,2
Train,26696,2
Train,26697,7
Train,26698,6
Train,26699,7
Train,26700,5
Train,26701,6
Train,26702,7
Train,26703,8
Train,26704,0
Train,26705,5
Train,26706,4
Train,26707,3
Train,26708,0
Train,26709,7
Train,26710,4
Train,26711,3
Train,26712,1
Train,26713,4
Train,26714,8
Train,26715,4
Train,26716,3
Train,26717,4
Train,26718,8
Train,26719,6
Train,26720,8
Train,26721,3
Train,26722,0
Train,26723,0
Train,26724,0
Train,26725,6
Train,26726,3
Train,26727,6
Train,26728,5
Train,26729,1
Train,26730,2
Train,26731,5
Train,26732,7
Train,26733,7
Train,26734,2
Train,26735,5
Train,26736,3
Train,26737,1
Train,26738,5
Train,26739,5
Train,26740,1
Train,26741,1
Train,26742,1
Train,26743,0
Train,26744,0
Train,26745,4
Train,26746,1
Train,26747,5
Train,26748,6
Train,26749,7
Train,26750,2
Train,26751,5
Train,26752,7
Train,26753,5
Train,26754,4
Train,26755,5
Train,26756,9
Train,26757,2
Train,26758,2
Train,26759,9
Train,26760,2
Train,26761,0
Train,26762,2
Train,26763,9
Train,26764,0
Train,26765,2
Train,26766,9
Train,26767,7
Train,26768,2
Train,26769,9
Train,26770,3
Train,26771,6
Train,26772,4
Train,26773,2
Train,26774,9
Train,26775,5
Train,26776,0
Train,26777,8
Train,26778,0
Train,26779,7
Train,26780,9
Train,26781,4
Train,26782,6
Train,26783,0
Train,26784,8
Train,26785,5
Train,26786,2
Train,26787,1
Train,26788,7
Train,26789,1
Train,26790,9
Train,26791,5
Train,26792,2
Train,26793,6
Train,26794,1
Train,26795,2
Train,26796,7
Train,26797,3
Train,26798,6
Train,26799,5
Train,26800,6
Train,26801,8
Train,26802,9
Train,26803,2
Train,26804,5
Train,26805,9
Train,26806,8
Train,26807,2
Train,26808,5
Train,26809,4
Train,26810,7
Train,26811,7
Train,26812,4
Train,26813,3
Train,26814,7
Train,26815,0
Train,26816,7
Train,26817,9
Train,26818,1
Train,26819,4
Train,26820,7
Train,26821,7
Train,26822,9
Train,26823,4
Train,26824,0
Train,26825,9
Train,26826,7
Train,26827,5
Train,26828,9
Train,26829,6
Train,26830,4
Train,26831,7
Train,26832,9
Train,26833,2
Train,26834,6
Train,26835,7
Train,26836,5
Train,26837,2
Train,26838,4
Train,26839,9
Train,26840,0
Train,26841,6
Train,26842,0
Train,26843,1
Train,26844,4
Train,26845,5
Train,26846,0
Train,26847,9
Train,26848,9
Train,26849,3
Train,26850,4
Train,26851,7
Train,26852,9
Train,26853,1
Train,26854,4
Train,26855,2
Train,26856,8
Train,26857,5
Train,26858,7
Train,26859,3
Train,26860,4
Train,26861,7
Train,26862,3
Train,26863,8
Train,26864,2
Train,26865,4
Train,26866,7
Train,26867,5
Train,26868,9
Train,26869,9
Train,26870,1
Train,26871,5
Train,26872,6
Train,26873,2
Train,26874,5
Train,26875,9
Train,26876,3
Train,26877,1
Train,26878,1
Train,26879,0
Train,26880,9
Train,26881,1
Train,26882,4
Train,26883,3
Train,26884,5
Train,26885,6
Train,26886,4
Train,26887,7
Train,26888,9
Train,26889,5
Train,26890,4
Train,26891,2
Train,26892,4
Train,26893,2
Train,26894,4
Train,26895,7
Train,26896,5
Train,26897,4
Train,26898,8
Train,26899,1
Train,26900,3
Train,26901,7
Train,26902,4
Train,26903,7
Train,26904,3
Train,26905,1
Train,26906,3
Train,26907,3
Train,26908,9
Train,26909,5
Train,26910,7
Train,26911,4
Train,26912,3
Train,26913,0
Train,26914,5
Train,26915,1
Train,26916,7
Train,26917,5
Train,26918,0
Train,26919,6
Train,26920,5
Train,26921,6
Train,26922,0
Train,26923,8
Train,26924,4
Train,26925,8
Train,26926,4
Train,26927,8
Train,26928,3
Train,26929,4
Train,26930,1
Train,26931,7
Train,26932,9
Train,26933,5
Train,26934,3
Train,26935,1
Train,26936,4
Train,26937,1
Train,26938,8
Train,26939,3
Train,26940,6
Train,26941,9
Train,26942,9
Train,26943,4
Train,26944,8
Train,26945,9
Train,26946,4
Train,26947,7
Train,26948,8
Train,26949,5
Train,26950,1
Train,26951,8
Train,26952,9
Train,26953,4
Train,26954,5
Train,26955,9
Train,26956,2
Train,26957,2
Train,26958,5
Train,26959,4
Train,26960,2
Train,26961,2
Train,26962,5
Train,26963,7
Train,26964,3
Train,26965,3
Train,26966,6
Train,26967,8
Train,26968,2
Train,26969,5
Train,26970,9
Train,26971,5
Train,26972,9
Train,26973,7
Train,26974,3
Train,26975,4
Train,26976,2
Train,26977,8
Train,26978,4
Train,26979,4
Train,26980,8
Train,26981,8
Train,26982,2
Train,26983,7
Train,26984,7
Train,26985,0
Train,26986,1
Train,26987,5
Train,26988,8
Train,26989,9
Train,26990,2
Train,26991,7
Train,26992,2
Train,26993,8
Train,26994,1
Train,26995,2
Train,26996,5
Train,26997,4
Train,26998,5
Train,26999,2
Train,27000,0
Train,27001,2
Train,27002,1
Train,27003,4
Train,27004,0
Train,27005,9
Train,27006,7
Train,27007,0
Train,27008,6
Train,27009,1
Train,27010,6
Train,27011,9
Train,27012,3
Train,27013,3
Train,27014,4
Train,27015,7
Train,27016,5
Train,27017,4
Train,27018,9
Train,27019,1
Train,27020,3
Train,27021,3
Train,27022,6
Train,27023,4
Train,27024,1
Train,27025,9
Train,27026,0
Train,27027,8
Train,27028,4
Train,27029,4
Train,27030,9
Train,27031,4
Train,27032,5
Train,27033,8
Train,27034,8
Train,27035,7
Train,27036,7
Train,27037,1
Train,27038,7
Train,27039,7
Train,27040,9
Train,27041,9
Train,27042,0
Train,27043,7
Train,27044,4
Train,27045,9
Train,27046,2
Train,27047,0
Train,27048,0
Train,27049,2
Train,27050,4
Train,27051,6
Train,27052,1
Train,27053,5
Train,27054,7
Train,27055,7
Train,27056,8
Train,27057,8
Train,27058,9
Train,27059,0
Train,27060,7
Train,27061,8
Train,27062,4
Train,27063,4
Train,27064,3
Train,27065,5
Train,27066,5
Train,27067,8
Train,27068,8
Train,27069,3
Train,27070,9
Train,27071,0
Train,27072,2
Train,27073,1
Train,27074,4
Train,27075,0
Train,27076,2
Train,27077,3
Train,27078,7
Train,27079,7
Train,27080,0
Train,27081,2
Train,27082,6
Train,27083,9
Train,27084,1
Train,27085,9
Train,27086,7
Train,27087,6
Train,27088,6
Train,27089,1
Train,27090,3
Train,27091,2
Train,27092,5
Train,27093,5
Train,27094,5
Train,27095,6
Train,27096,3
Train,27097,2
Train,27098,7
Train,27099,1
Train,27100,4
Train,27101,1
Train,27102,6
Train,27103,2
Train,27104,0
Train,27105,4
Train,27106,4
Train,27107,5
Train,27108,3
Train,27109,5
Train,27110,2
Train,27111,9
Train,27112,9
Train,27113,7
Train,27114,3
Train,27115,3
Train,27116,7
Train,27117,6
Train,27118,3
Train,27119,9
Train,27120,6
Train,27121,2
Train,27122,9
Train,27123,7
Train,27124,8
Train,27125,5
Train,27126,6
Train,27127,6
Train,27128,0
Train,27129,1
Train,27130,1
Train,27131,2
Train,27132,1
Train,27133,9
Train,27134,6
Train,27135,4
Train,27136,3
Train,27137,0
Train,27138,3
Train,27139,4
Train,27140,5
Train,27141,5
Train,27142,3
Train,27143,1
Train,27144,4
Train,27145,7
Train,27146,9
Train,27147,0
Train,27148,9
Train,27149,2
Train,27150,5
Train,27151,9
Train,27152,3
Train,27153,8
Train,27154,6
Train,27155,0
Train,27156,3
Train,27157,7
Train,27158,5
Train,27159,5
Train,27160,9
Train,27161,7
Train,27162,9
Train,27163,2
Train,27164,6
Train,27165,3
Train,27166,4
Train,27167,4
Train,27168,9
Train,27169,2
Train,27170,0
Train,27171,8
Train,27172,7
Train,27173,4
Train,27174,1
Train,27175,0
Train,27176,0
Train,27177,6
Train,27178,1
Train,27179,0
Train,27180,4
Train,27181,4
Train,27182,7
Train,27183,6
Train,27184,9
Train,27185,2
Train,27186,2
Train,27187,7
Train,27188,5
Train,27189,7
Train,27190,9
Train,27191,2
Train,27192,2
Train,27193,4
Train,27194,1
Train,27195,1
Train,27196,9
Train,27197,2
Train,27198,9
Train,27199,4
Train,27200,1
Train,27201,2
Train,27202,0
Train,27203,3
Train,27204,2
Train,27205,4
Train,27206,4
Train,27207,5
Train,27208,3
Train,27209,3
Train,27210,3
Train,27211,0
Train,27212,3
Train,27213,4
Train,27214,4
Train,27215,1
Train,27216,0
Train,27217,7
Train,27218,6
Train,27219,5
Train,27220,4
Train,27221,4
Train,27222,3
Train,27223,5
Train,27224,5
Train,27225,5
Train,27226,7
Train,27227,4
Train,27228,1
Train,27229,6
Train,27230,7
Train,27231,0
Train,27232,7
Train,27233,3
Train,27234,4
Train,27235,3
Train,27236,4
Train,27237,9
Train,27238,1
Train,27239,2
Train,27240,6
Train,27241,8
Train,27242,7
Train,27243,8
Train,27244,7
Train,27245,9
Train,27246,3
Train,27247,4
Train,27248,7
Train,27249,9
Train,27250,3
Train,27251,1
Train,27252,8
Train,27253,2
Train,27254,3
Train,27255,7
Train,27256,9
Train,27257,5
Train,27258,4
Train,27259,4
Train,27260,1
Train,27261,8
Train,27262,1
Train,27263,3
Train,27264,2
Train,27265,5
Train,27266,2
Train,27267,0
Train,27268,1
Train,27269,5
Train,27270,3
Train,27271,8
Train,27272,1
Train,27273,1
Train,27274,3
Train,27275,3
Train,27276,4
Train,27277,9
Train,27278,0
Train,27279,5
Train,27280,0
Train,27281,8
Train,27282,4
Train,27283,5
Train,27284,1
Train,27285,4
Train,27286,0
Train,27287,9
Train,27288,7
Train,27289,5
Train,27290,5
Train,27291,9
Train,27292,5
Train,27293,8
Train,27294,7
Train,27295,6
Train,27296,7
Train,27297,3
Train,27298,3
Train,27299,9
Train,27300,5
Train,27301,0
Train,27302,4
Train,27303,4
Train,27304,3
Train,27305,5
Train,27306,1
Train,27307,9
Train,27308,2
Train,27309,2
Train,27310,8
Train,27311,9
Train,27312,0
Train,27313,4
Train,27314,2
Train,27315,0
Train,27316,5
Train,27317,3
Train,27318,1
Train,27319,1
Train,27320,7
Train,27321,1
Train,27322,4
Train,27323,0
Train,27324,0
Train,27325,2
Train,27326,2
Train,27327,7
Train,27328,2
Train,27329,6
Train,27330,1
Train,27331,3
Train,27332,6
Train,27333,2
Train,27334,4
Train,27335,7
Train,27336,9
Train,27337,8
Train,27338,0
Train,27339,8
Train,27340,9
Train,27341,9
Train,27342,4
Train,27343,9
Train,27344,9
Train,27345,5
Train,27346,6
Train,27347,5
Train,27348,5
Train,27349,5
Train,27350,9
Train,27351,3
Train,27352,8
Train,27353,6
Train,27354,1
Train,27355,5
Train,27356,2
Train,27357,6
Train,27358,0
Train,27359,5
Train,27360,9
Train,27361,3
Train,27362,6
Train,27363,7
Train,27364,8
Train,27365,9
Train,27366,4
Train,27367,6
Train,27368,2
Train,27369,9
Train,27370,8
Train,27371,1
Train,27372,4
Train,27373,2
Train,27374,7
Train,27375,0
Train,27376,6
Train,27377,5
Train,27378,8
Train,27379,6
Train,27380,9
Train,27381,7
Train,27382,1
Train,27383,5
Train,27384,4
Train,27385,6
Train,27386,8
Train,27387,5
Train,27388,4
Train,27389,6
Train,27390,4
Train,27391,4
Train,27392,5
Train,27393,2
Train,27394,4
Train,27395,9
Train,27396,7
Train,27397,5
Train,27398,8
Train,27399,2
Train,27400,7
Train,27401,5
Train,27402,1
Train,27403,6
Train,27404,1
Train,27405,1
Train,27406,7
Train,27407,3
Train,27408,5
Train,27409,4
Train,27410,8
Train,27411,7
Train,27412,4
Train,27413,3
Train,27414,6
Train,27415,0
Train,27416,2
Train,27417,4
Train,27418,3
Train,27419,1
Train,27420,9
Train,27421,7
Train,27422,5
Train,27423,7
Train,27424,3
Train,27425,0
Train,27426,0
Train,27427,0
Train,27428,4
Train,27429,4
Train,27430,2
Train,27431,0
Train,27432,3
Train,27433,3
Train,27434,0
Train,27435,9
Train,27436,8
Train,27437,6
Train,27438,0
Train,27439,9
Train,27440,0
Train,27441,3
Train,27442,1
Train,27443,5
Train,27444,0
Train,27445,5
Train,27446,4
Train,27447,1
Train,27448,9
Train,27449,8
Train,27450,6
Train,27451,7
Train,27452,7
Train,27453,4
Train,27454,6
Train,27455,4
Train,27456,5
Train,27457,9
Train,27458,8
Train,27459,5
Train,27460,0
Train,27461,4
Train,27462,5
Train,27463,5
Train,27464,6
Train,27465,1
Train,27466,4
Train,27467,3
Train,27468,4
Train,27469,4
Train,27470,2
Train,27471,9
Train,27472,5
Train,27473,6
Train,27474,6
Train,27475,3
Train,27476,2
Train,27477,2
Train,27478,6
Train,27479,4
Train,27480,2
Train,27481,7
Train,27482,2
Train,27483,9
Train,27484,2
Train,27485,3
Train,27486,6
Train,27487,0
Train,27488,1
Train,27489,4
Train,27490,8
Train,27491,4
Train,27492,2
Train,27493,4
Train,27494,4
Train,27495,5
Train,27496,8
Train,27497,0
Train,27498,2
Train,27499,2
Train,27500,4
Train,27501,4
Train,27502,0
Train,27503,6
Train,27504,6
Train,27505,7
Train,27506,1
Train,27507,8
Train,27508,6
Train,27509,1
Train,27510,1
Train,27511,7
Train,27512,1
Train,27513,4
Train,27514,5
Train,27515,8
Train,27516,0
Train,27517,2
Train,27518,4
Train,27519,4
Train,27520,5
Train,27521,2
Train,27522,0
Train,27523,9
Train,27524,9
Train,27525,3
Train,27526,6
Train,27527,9
Train,27528,5
Train,27529,7
Train,27530,5
Train,27531,4
Train,27532,8
Train,27533,0
Train,27534,4
Train,27535,4
Train,27536,8
Train,27537,0
Train,27538,1
Train,27539,7
Train,27540,3
Train,27541,8
Train,27542,2
Train,27543,8
Train,27544,3
Train,27545,1
Train,27546,2
Train,27547,4
Train,27548,9
Train,27549,2
Train,27550,8
Train,27551,9
Train,27552,0
Train,27553,0
Train,27554,6
Train,27555,2
Train,27556,3
Train,27557,2
Train,27558,4
Train,27559,3
Train,27560,2
Train,27561,8
Train,27562,0
Train,27563,6
Train,27564,9
Train,27565,7
Train,27566,9
Train,27567,6
Train,27568,7
Train,27569,9
Train,27570,9
Train,27571,0
Train,27572,4
Train,27573,7
Train,27574,7
Train,27575,9
Train,27576,1
Train,27577,6
Train,27578,2
Train,27579,4
Train,27580,2
Train,27581,9
Train,27582,1
Train,27583,7
Train,27584,1
Train,27585,3
Train,27586,3
Train,27587,2
Train,27588,9
Train,27589,9
Train,27590,5
Train,27591,9
Train,27592,2
Train,27593,9
Train,27594,2
Train,27595,6
Train,27596,4
Train,27597,2
Train,27598,5
Train,27599,2
Train,27600,7
Train,27601,1
Train,27602,6
Train,27603,9
Train,27604,4
Train,27605,3
Train,27606,6
Train,27607,1
Train,27608,3
Train,27609,0
Train,27610,6
Train,27611,6
Train,27612,8
Train,27613,4
Train,27614,4
Train,27615,8
Train,27616,9
Train,27617,9
Train,27618,8
Train,27619,3
Train,27620,3
Train,27621,8
Train,27622,9
Train,27623,0
Train,27624,4
Train,27625,1
Train,27626,6
Train,27627,1
Train,27628,3
Train,27629,4
Train,27630,4
Train,27631,4
Train,27632,6
Train,27633,5
Train,27634,7
Train,27635,7
Train,27636,1
Train,27637,7
Train,27638,0
Train,27639,0
Train,27640,8
Train,27641,3
Train,27642,1
Train,27643,8
Train,27644,4
Train,27645,0
Train,27646,0
Train,27647,4
Train,27648,6
Train,27649,4
Train,27650,1
Train,27651,6
Train,27652,3
Train,27653,5
Train,27654,9
Train,27655,8
Train,27656,1
Train,27657,7
Train,27658,3
Train,27659,4
Train,27660,6
Train,27661,8
Train,27662,3
Train,27663,4
Train,27664,5
Train,27665,3
Train,27666,5
Train,27667,6
Train,27668,9
Train,27669,8
Train,27670,8
Train,27671,5
Train,27672,7
Train,27673,3
Train,27674,8
Train,27675,9
Train,27676,2
Train,27677,5
Train,27678,6
Train,27679,5
Train,27680,6
Train,27681,0
Train,27682,7
Train,27683,3
Train,27684,2
Train,27685,2
Train,27686,0
Train,27687,6
Train,27688,6
Train,27689,5
Train,27690,5
Train,27691,5
Train,27692,8
Train,27693,9
Train,27694,9
Train,27695,9
Train,27696,2
Train,27697,7
Train,27698,3
Train,27699,8
Train,27700,1
Train,27701,5
Train,27702,3
Train,27703,0
Train,27704,2
Train,27705,2
Train,27706,0
Train,27707,9
Train,27708,6
Train,27709,1
Train,27710,0
Train,27711,5
Train,27712,7
Train,27713,5
Train,27714,3
Train,27715,8
Train,27716,1
Train,27717,9
Train,27718,4
Train,27719,9
Train,27720,5
Train,27721,2
Train,27722,3
Train,27723,4
Train,27724,0
Train,27725,4
Train,27726,7
Train,27727,8
Train,27728,8
Train,27729,2
Train,27730,1
Train,27731,1
Train,27732,5
Train,27733,9
Train,27734,3
Train,27735,3
Train,27736,9
Train,27737,2
Train,27738,2
Train,27739,6
Train,27740,9
Train,27741,6
Train,27742,3
Train,27743,2
Train,27744,2
Train,27745,1
Train,27746,2
Train,27747,8
Train,27748,7
Train,27749,0
Train,27750,2
Train,27751,0
Train,27752,9
Train,27753,3
Train,27754,4
Train,27755,9
Train,27756,7
Train,27757,4
Train,27758,0
Train,27759,3
Train,27760,0
Train,27761,3
Train,27762,4
Train,27763,7
Train,27764,2
Train,27765,6
Train,27766,3
Train,27767,6
Train,27768,0
Train,27769,1
Train,27770,5
Train,27771,5
Train,27772,3
Train,27773,1
Train,27774,7
Train,27775,7
Train,27776,5
Train,27777,0
Train,27778,7
Train,27779,3
Train,27780,0
Train,27781,7
Train,27782,7
Train,27783,8
Train,27784,9
Train,27785,9
Train,27786,3
Train,27787,4
Train,27788,9
Train,27789,4
Train,27790,4
Train,27791,9
Train,27792,1
Train,27793,6
Train,27794,1
Train,27795,2
Train,27796,3
Train,27797,5
Train,27798,9
Train,27799,9
Train,27800,2
Train,27801,4
Train,27802,1
Train,27803,6
Train,27804,5
Train,27805,5
Train,27806,5
Train,27807,9
Train,27808,8
Train,27809,1
Train,27810,9
Train,27811,9
Train,27812,4
Train,27813,0
Train,27814,1
Train,27815,9
Train,27816,2
Train,27817,4
Train,27818,9
Train,27819,5
Train,27820,8
Train,27821,9
Train,27822,7
Train,27823,2
Train,27824,7
Train,27825,2
Train,27826,3
Train,27827,7
Train,27828,5
Train,27829,1
Train,27830,6
Train,27831,3
Train,27832,0
Train,27833,5
Train,27834,6
Train,27835,5
Train,27836,7
Train,27837,9
Train,27838,5
Train,27839,8
Train,27840,7
Train,27841,8
Train,27842,8
Train,27843,6
Train,27844,5
Train,27845,2
Train,27846,8
Train,27847,4
Train,27848,4
Train,27849,7
Train,27850,0
Train,27851,8
Train,27852,4
Train,27853,4
Train,27854,8
Train,27855,0
Train,27856,6
Train,27857,8
Train,27858,8
Train,27859,5
Train,27860,4
Train,27861,8
Train,27862,0
Train,27863,2
Train,27864,8
Train,27865,2
Train,27866,8
Train,27867,0
Train,27868,1
Train,27869,5
Train,27870,8
Train,27871,1
Train,27872,6
Train,27873,0
Train,27874,2
Train,27875,4
Train,27876,3
Train,27877,2
Train,27878,2
Train,27879,5
Train,27880,3
Train,27881,6
Train,27882,4
Train,27883,7
Train,27884,2
Train,27885,5
Train,27886,8
Train,27887,8
Train,27888,4
Train,27889,9
Train,27890,5
Train,27891,4
Train,27892,5
Train,27893,5
Train,27894,7
Train,27895,2
Train,27896,8
Train,27897,4
Train,27898,4
Train,27899,9
Train,27900,9
Train,27901,0
Train,27902,8
Train,27903,5
Train,27904,3
Train,27905,1
Train,27906,3
Train,27907,9
Train,27908,0
Train,27909,3
Train,27910,7
Train,27911,0
Train,27912,5
Train,27913,7
Train,27914,4
Train,27915,7
Train,27916,7
Train,27917,9
Train,27918,5
Train,27919,8
Train,27920,3
Train,27921,4
Train,27922,5
Train,27923,4
Train,27924,8
Train,27925,5
Train,27926,6
Train,27927,6
Train,27928,6
Train,27929,7
Train,27930,7
Train,27931,0
Train,27932,8
Train,27933,6
Train,27934,0
Train,27935,4
Train,27936,7
Train,27937,6
Train,27938,3
Train,27939,4
Train,27940,0
Train,27941,5
Train,27942,1
Train,27943,5
Train,27944,0
Train,27945,5
Train,27946,4
Train,27947,5
Train,27948,2
Train,27949,9
Train,27950,5
Train,27951,7
Train,27952,7
Train,27953,1
Train,27954,0
Train,27955,8
Train,27956,5
Train,27957,9
Train,27958,8
Train,27959,9
Train,27960,8
Train,27961,0
Train,27962,0
Train,27963,3
Train,27964,4
Train,27965,9
Train,27966,2
Train,27967,3
Train,27968,5
Train,27969,7
Train,27970,1
Train,27971,6
Train,27972,9
Train,27973,2
Train,27974,5
Train,27975,9
Train,27976,8
Train,27977,5
Train,27978,8
Train,27979,9
Train,27980,2
Train,27981,0
Train,27982,8
Train,27983,9
Train,27984,2
Train,27985,7
Train,27986,0
Train,27987,7
Train,27988,8
Train,27989,1
Train,27990,4
Train,27991,5
Train,27992,6
Train,27993,3
Train,27994,1
Train,27995,9
Train,27996,6
Train,27997,9
Train,27998,7
Train,27999,5
Train,28000,0
Train,28001,1
Train,28002,4
Train,28003,0
Train,28004,9
Train,28005,1
Train,28006,8
Train,28007,5
Train,28008,1
Train,28009,0
Train,28010,9
Train,28011,6
Train,28012,8
Train,28013,4
Train,28014,0
Train,28015,7
Train,28016,8
Train,28017,0
Train,28018,1
Train,28019,9
Train,28020,3
Train,28021,6
Train,28022,5
Train,28023,7
Train,28024,1
Train,28025,0
Train,28026,2
Train,28027,1
Train,28028,3
Train,28029,3
Train,28030,7
Train,28031,2
Train,28032,6
Train,28033,0
Train,28034,3
Train,28035,0
Train,28036,0
Train,28037,8
Train,28038,1
Train,28039,4
Train,28040,4
Train,28041,1
Train,28042,6
Train,28043,2
Train,28044,7
Train,28045,1
Train,28046,9
Train,28047,5
Train,28048,7
Train,28049,4
Train,28050,3
Train,28051,2
Train,28052,0
Train,28053,9
Train,28054,1
Train,28055,3
Train,28056,6
Train,28057,2
Train,28058,3
Train,28059,1
Train,28060,6
Train,28061,6
Train,28062,5
Train,28063,0
Train,28064,1
Train,28065,9
Train,28066,8
Train,28067,3
Train,28068,0
Train,28069,5
Train,28070,5
Train,28071,9
Train,28072,4
Train,28073,7
Train,28074,4
Train,28075,3
Train,28076,4
Train,28077,1
Train,28078,3
Train,28079,5
Train,28080,0
Train,28081,1
Train,28082,7
Train,28083,3
Train,28084,4
Train,28085,8
Train,28086,1
Train,28087,7
Train,28088,6
Train,28089,1
Train,28090,5
Train,28091,3
Train,28092,0
Train,28093,5
Train,28094,5
Train,28095,2
Train,28096,1
Train,28097,4
Train,28098,1
Train,28099,5
Train,28100,4
Train,28101,7
Train,28102,7
Train,28103,8
Train,28104,7
Train,28105,1
Train,28106,6
Train,28107,2
Train,28108,2
Train,28109,3
Train,28110,1
Train,28111,7
Train,28112,2
Train,28113,0
Train,28114,2
Train,28115,8
Train,28116,2
Train,28117,7
Train,28118,7
Train,28119,9
Train,28120,9
Train,28121,3
Train,28122,1
Train,28123,9
Train,28124,2
Train,28125,8
Train,28126,0
Train,28127,1
Train,28128,8
Train,28129,9
Train,28130,5
Train,28131,3
Train,28132,7
Train,28133,0
Train,28134,8
Train,28135,3
Train,28136,6
Train,28137,1
Train,28138,0
Train,28139,6
Train,28140,0
Train,28141,9
Train,28142,3
Train,28143,6
Train,28144,5
Train,28145,7
Train,28146,4
Train,28147,5
Train,28148,1
Train,28149,3
Train,28150,7
Train,28151,4
Train,28152,7
Train,28153,8
Train,28154,8
Train,28155,3
Train,28156,7
Train,28157,3
Train,28158,2
Train,28159,9
Train,28160,4
Train,28161,2
Train,28162,3
Train,28163,1
Train,28164,2
Train,28165,4
Train,28166,9
Train,28167,4
Train,28168,7
Train,28169,6
Train,28170,4
Train,28171,6
Train,28172,5
Train,28173,2
Train,28174,4
Train,28175,1
Train,28176,2
Train,28177,6
Train,28178,0
Train,28179,0
Train,28180,8
Train,28181,6
Train,28182,7
Train,28183,1
Train,28184,7
Train,28185,0
Train,28186,4
Train,28187,1
Train,28188,6
Train,28189,9
Train,28190,3
Train,28191,4
Train,28192,1
Train,28193,1
Train,28194,6
Train,28195,7
Train,28196,1
Train,28197,7
Train,28198,7
Train,28199,9
Train,28200,4
Train,28201,7
Train,28202,7
Train,28203,6
Train,28204,8
Train,28205,8
Train,28206,7
Train,28207,9
Train,28208,0
Train,28209,3
Train,28210,1
Train,28211,7
Train,28212,0
Train,28213,4
Train,28214,3
Train,28215,9
Train,28216,0
Train,28217,5
Train,28218,5
Train,28219,4
Train,28220,1
Train,28221,5
Train,28222,6
Train,28223,0
Train,28224,2
Train,28225,2
Train,28226,4
Train,28227,2
Train,28228,4
Train,28229,9
Train,28230,8
Train,28231,0
Train,28232,4
Train,28233,9
Train,28234,7
Train,28235,9
Train,28236,6
Train,28237,3
Train,28238,2
Train,28239,8
Train,28240,7
Train,28241,5
Train,28242,3
Train,28243,7
Train,28244,1
Train,28245,1
Train,28246,4
Train,28247,5
Train,28248,1
Train,28249,7
Train,28250,4
Train,28251,5
Train,28252,6
Train,28253,3
Train,28254,6
Train,28255,4
Train,28256,7
Train,28257,7
Train,28258,6
Train,28259,9
Train,28260,4
Train,28261,9
Train,28262,7
Train,28263,5
Train,28264,7
Train,28265,1
Train,28266,8
Train,28267,0
Train,28268,1
Train,28269,8
Train,28270,0
Train,28271,4
Train,28272,0
Train,28273,0
Train,28274,1
Train,28275,6
Train,28276,1
Train,28277,6
Train,28278,4
Train,28279,8
Train,28280,1
Train,28281,2
Train,28282,5
Train,28283,5
Train,28284,8
Train,28285,9
Train,28286,5
Train,28287,8
Train,28288,1
Train,28289,4
Train,28290,4
Train,28291,2
Train,28292,1
Train,28293,7
Train,28294,5
Train,28295,8
Train,28296,7
Train,28297,1
Train,28298,1
Train,28299,5
Train,28300,0
Train,28301,2
Train,28302,0
Train,28303,6
Train,28304,9
Train,28305,0
Train,28306,5
Train,28307,2
Train,28308,3
Train,28309,9
Train,28310,8
Train,28311,0
Train,28312,3
Train,28313,4
Train,28314,1
Train,28315,4
Train,28316,3
Train,28317,4
Train,28318,9
Train,28319,4
Train,28320,0
Train,28321,5
Train,28322,6
Train,28323,8
Train,28324,8
Train,28325,6
Train,28326,1
Train,28327,2
Train,28328,7
Train,28329,9
Train,28330,3
Train,28331,3
Train,28332,8
Train,28333,2
Train,28334,4
Train,28335,1
Train,28336,5
Train,28337,9
Train,28338,4
Train,28339,5
Train,28340,5
Train,28341,5
Train,28342,5
Train,28343,2
Train,28344,1
Train,28345,2
Train,28346,4
Train,28347,1
Train,28348,2
Train,28349,4
Train,28350,5
Train,28351,9
Train,28352,1
Train,28353,9
Train,28354,0
Train,28355,6
Train,28356,3
Train,28357,2
Train,28358,9
Train,28359,9
Train,28360,0
Train,28361,3
Train,28362,1
Train,28363,0
Train,28364,7
Train,28365,9
Train,28366,7
Train,28367,6
Train,28368,3
Train,28369,7
Train,28370,6
Train,28371,9
Train,28372,4
Train,28373,3
Train,28374,6
Train,28375,4
Train,28376,9
Train,28377,2
Train,28378,6
Train,28379,9
Train,28380,0
Train,28381,1
Train,28382,6
Train,28383,1
Train,28384,8
Train,28385,7
Train,28386,5
Train,28387,4
Train,28388,4
Train,28389,5
Train,28390,9
Train,28391,9
Train,28392,7
Train,28393,1
Train,28394,1
Train,28395,6
Train,28396,8
Train,28397,2
Train,28398,7
Train,28399,2
Train,28400,0
Train,28401,0
Train,28402,0
Train,28403,2
Train,28404,5
Train,28405,9
Train,28406,9
Train,28407,4
Train,28408,0
Train,28409,5
Train,28410,2
Train,28411,5
Train,28412,8
Train,28413,6
Train,28414,4
Train,28415,9
Train,28416,6
Train,28417,1
Train,28418,8
Train,28419,3
Train,28420,1
Train,28421,6
Train,28422,2
Train,28423,3
Train,28424,8
Train,28425,5
Train,28426,2
Train,28427,5
Train,28428,0
Train,28429,7
Train,28430,5
Train,28431,8
Train,28432,6
Train,28433,3
Train,28434,1
Train,28435,8
Train,28436,8
Train,28437,3
Train,28438,5
Train,28439,5
Train,28440,5
Train,28441,1
Train,28442,5
Train,28443,2
Train,28444,0
Train,28445,6
Train,28446,7
Train,28447,3
Train,28448,9
Train,28449,0
Train,28450,8
Train,28451,9
Train,28452,2
Train,28453,7
Train,28454,6
Train,28455,7
Train,28456,0
Train,28457,3
Train,28458,2
Train,28459,9
Train,28460,5
Train,28461,8
Train,28462,6
Train,28463,7
Train,28464,4
Train,28465,7
Train,28466,6
Train,28467,0
Train,28468,7
Train,28469,0
Train,28470,4
Train,28471,5
Train,28472,3
Train,28473,7
Train,28474,1
Train,28475,5
Train,28476,1
Train,28477,3
Train,28478,4
Train,28479,2
Train,28480,7
Train,28481,6
Train,28482,6
Train,28483,9
Train,28484,5
Train,28485,4
Train,28486,7
Train,28487,0
Train,28488,3
Train,28489,4
Train,28490,6
Train,28491,8
Train,28492,6
Train,28493,8
Train,28494,6
Train,28495,9
Train,28496,7
Train,28497,2
Train,28498,7
Train,28499,8
Train,28500,4
Train,28501,6
Train,28502,7
Train,28503,6
Train,28504,6
Train,28505,5
Train,28506,6
Train,28507,8
Train,28508,5
Train,28509,4
Train,28510,5
Train,28511,9
Train,28512,0
Train,28513,3
Train,28514,9
Train,28515,0
Train,28516,5
Train,28517,2
Train,28518,2
Train,28519,5
Train,28520,7
Train,28521,2
Train,28522,4
Train,28523,3
Train,28524,7
Train,28525,0
Train,28526,1
Train,28527,9
Train,28528,7
Train,28529,3
Train,28530,1
Train,28531,5
Train,28532,1
Train,28533,6
Train,28534,9
Train,28535,1
Train,28536,5
Train,28537,8
Train,28538,1
Train,28539,1
Train,28540,6
Train,28541,1
Train,28542,6
Train,28543,9
Train,28544,9
Train,28545,2
Train,28546,8
Train,28547,9
Train,28548,0
Train,28549,9
Train,28550,5
Train,28551,2
Train,28552,1
Train,28553,7
Train,28554,3
Train,28555,4
Train,28556,3
Train,28557,2
Train,28558,0
Train,28559,1
Train,28560,9
Train,28561,4
Train,28562,8
Train,28563,3
Train,28564,2
Train,28565,6
Train,28566,7
Train,28567,9
Train,28568,2
Train,28569,7
Train,28570,0
Train,28571,9
Train,28572,9
Train,28573,7
Train,28574,3
Train,28575,5
Train,28576,4
Train,28577,4
Train,28578,7
Train,28579,7
Train,28580,1
Train,28581,9
Train,28582,3
Train,28583,4
Train,28584,0
Train,28585,1
Train,28586,8
Train,28587,3
Train,28588,6
Train,28589,7
Train,28590,4
Train,28591,9
Train,28592,3
Train,28593,2
Train,28594,2
Train,28595,5
Train,28596,4
Train,28597,3
Train,28598,1
Train,28599,8
Train,28600,4
Train,28601,9
Train,28602,5
Train,28603,4
Train,28604,9
Train,28605,1
Train,28606,6
Train,28607,6
Train,28608,3
Train,28609,3
Train,28610,6
Train,28611,2
Train,28612,5
Train,28613,4
Train,28614,4
Train,28615,1
Train,28616,5
Train,28617,1
Train,28618,2
Train,28619,0
Train,28620,4
Train,28621,6
Train,28622,1
Train,28623,1
Train,28624,9
Train,28625,0
Train,28626,1
Train,28627,0
Train,28628,2
Train,28629,5
Train,28630,6
Train,28631,3
Train,28632,5
Train,28633,5
Train,28634,1
Train,28635,9
Train,28636,0
Train,28637,7
Train,28638,7
Train,28639,7
Train,28640,1
Train,28641,2
Train,28642,8
Train,28643,1
Train,28644,6
Train,28645,2
Train,28646,2
Train,28647,4
Train,28648,2
Train,28649,4
Train,28650,0
Train,28651,6
Train,28652,5
Train,28653,0
Train,28654,4
Train,28655,1
Train,28656,9
Train,28657,3
Train,28658,4
Train,28659,5
Train,28660,5
Train,28661,5
Train,28662,2
Train,28663,6
Train,28664,2
Train,28665,0
Train,28666,4
Train,28667,2
Train,28668,6
Train,28669,3
Train,28670,7
Train,28671,1
Train,28672,6
Train,28673,2
Train,28674,9
Train,28675,0
Train,28676,4
Train,28677,5
Train,28678,6
Train,28679,5
Train,28680,2
Train,28681,0
Train,28682,8
Train,28683,8
Train,28684,9
Train,28685,1
Train,28686,2
Train,28687,8
Train,28688,1
Train,28689,2
Train,28690,6
Train,28691,5
Train,28692,6
Train,28693,5
Train,28694,1
Train,28695,7
Train,28696,4
Train,28697,3
Train,28698,3
Train,28699,0
Train,28700,3
Train,28701,9
Train,28702,9
Train,28703,0
Train,28704,3
Train,28705,2
Train,28706,8
Train,28707,8
Train,28708,2
Train,28709,9
Train,28710,7
Train,28711,4
Train,28712,3
Train,28713,9
Train,28714,9
Train,28715,7
Train,28716,0
Train,28717,3
Train,28718,5
Train,28719,7
Train,28720,5
Train,28721,7
Train,28722,6
Train,28723,5
Train,28724,0
Train,28725,3
Train,28726,5
Train,28727,7
Train,28728,8
Train,28729,4
Train,28730,5
Train,28731,3
Train,28732,6
Train,28733,0
Train,28734,2
Train,28735,7
Train,28736,5
Train,28737,6
Train,28738,3
Train,28739,4
Train,28740,5
Train,28741,5
Train,28742,0
Train,28743,8
Train,28744,4
Train,28745,6
Train,28746,5
Train,28747,9
Train,28748,2
Train,28749,6
Train,28750,0
Train,28751,4
Train,28752,4
Train,28753,9
Train,28754,5
Train,28755,4
Train,28756,5
Train,28757,5
Train,28758,5
Train,28759,7
Train,28760,6
Train,28761,1
Train,28762,8
Train,28763,1
Train,28764,7
Train,28765,0
Train,28766,4
Train,28767,0
Train,28768,8
Train,28769,4
Train,28770,2
Train,28771,7
Train,28772,3
Train,28773,3
Train,28774,9
Train,28775,8
Train,28776,6
Train,28777,5
Train,28778,9
Train,28779,5
Train,28780,1
Train,28781,9
Train,28782,8
Train,28783,9
Train,28784,1
Train,28785,4
Train,28786,3
Train,28787,3
Train,28788,2
Train,28789,4
Train,28790,1
Train,28791,0
Train,28792,3
Train,28793,4
Train,28794,0
Train,28795,4
Train,28796,4
Train,28797,4
Train,28798,1
Train,28799,4
Train,28800,8
Train,28801,7
Train,28802,2
Train,28803,4
Train,28804,1
Train,28805,1
Train,28806,6
Train,28807,8
Train,28808,3
Train,28809,4
Train,28810,1
Train,28811,3
Train,28812,7
Train,28813,3
Train,28814,2
Train,28815,7
Train,28816,6
Train,28817,0
Train,28818,1
Train,28819,3
Train,28820,6
Train,28821,1
Train,28822,1
Train,28823,4
Train,28824,3
Train,28825,5
Train,28826,0
Train,28827,2
Train,28828,0
Train,28829,8
Train,28830,4
Train,28831,5
Train,28832,7
Train,28833,0
Train,28834,2
Train,28835,3
Train,28836,7
Train,28837,4
Train,28838,3
Train,28839,3
Train,28840,1
Train,28841,8
Train,28842,8
Train,28843,5
Train,28844,1
Train,28845,5
Train,28846,9
Train,28847,1
Train,28848,1
Train,28849,2
Train,28850,9
Train,28851,5
Train,28852,5
Train,28853,7
Train,28854,5
Train,28855,8
Train,28856,2
Train,28857,5
Train,28858,1
Train,28859,6
Train,28860,6
Train,28861,1
Train,28862,2
Train,28863,9
Train,28864,3
Train,28865,0
Train,28866,0
Train,28867,2
Train,28868,7
Train,28869,6
Train,28870,5
Train,28871,9
Train,28872,2
Train,28873,1
Train,28874,8
Train,28875,4
Train,28876,1
Train,28877,5
Train,28878,2
Train,28879,9
Train,28880,3
Train,28881,4
Train,28882,1
Train,28883,0
Train,28884,7
Train,28885,4
Train,28886,9
Train,28887,0
Train,28888,9
Train,28889,5
Train,28890,2
Train,28891,3
Train,28892,4
Train,28893,2
Train,28894,7
Train,28895,7
Train,28896,1
Train,28897,0
Train,28898,8
Train,28899,9
Train,28900,5
Train,28901,9
Train,28902,5
Train,28903,4
Train,28904,4
Train,28905,7
Train,28906,1
Train,28907,9
Train,28908,9
Train,28909,5
Train,28910,1
Train,28911,7
Train,28912,0
Train,28913,4
Train,28914,7
Train,28915,9
Train,28916,7
Train,28917,0
Train,28918,8
Train,28919,0
Train,28920,7
Train,28921,0
Train,28922,8
Train,28923,7
Train,28924,0
Train,28925,6
Train,28926,1
Train,28927,2
Train,28928,8
Train,28929,8
Train,28930,0
Train,28931,9
Train,28932,9
Train,28933,2
Train,28934,2
Train,28935,2
Train,28936,7
Train,28937,1
Train,28938,1
Train,28939,4
Train,28940,8
Train,28941,1
Train,28942,3
Train,28943,6
Train,28944,2
Train,28945,7
Train,28946,5
Train,28947,5
Train,28948,2
Train,28949,9
Train,28950,8
Train,28951,7
Train,28952,5
Train,28953,3
Train,28954,8
Train,28955,8
Train,28956,6
Train,28957,1
Train,28958,1
Train,28959,9
Train,28960,9
Train,28961,5
Train,28962,4
Train,28963,1
Train,28964,3
Train,28965,7
Train,28966,0
Train,28967,5
Train,28968,9
Train,28969,7
Train,28970,2
Train,28971,4
Train,28972,0
Train,28973,5
Train,28974,9
Train,28975,1
Train,28976,5
Train,28977,7
Train,28978,0
Train,28979,8
Train,28980,6
Train,28981,1
Train,28982,5
Train,28983,3
Train,28984,3
Train,28985,8
Train,28986,6
Train,28987,7
Train,28988,9
Train,28989,1
Train,28990,6
Train,28991,3
Train,28992,6
Train,28993,6
Train,28994,2
Train,28995,5
Train,28996,3
Train,28997,5
Train,28998,6
Train,28999,5
Train,29000,9
Train,29001,3
Train,29002,9
Train,29003,0
Train,29004,3
Train,29005,2
Train,29006,5
Train,29007,1
Train,29008,4
Train,29009,6
Train,29010,3
Train,29011,3
Train,29012,3
Train,29013,9
Train,29014,8
Train,29015,3
Train,29016,7
Train,29017,7
Train,29018,7
Train,29019,1
Train,29020,5
Train,29021,3
Train,29022,5
Train,29023,1
Train,29024,4
Train,29025,9
Train,29026,7
Train,29027,8
Train,29028,3
Train,29029,1
Train,29030,8
Train,29031,5
Train,29032,5
Train,29033,2
Train,29034,4
Train,29035,7
Train,29036,7
Train,29037,5
Train,29038,3
Train,29039,0
Train,29040,5
Train,29041,4
Train,29042,2
Train,29043,9
Train,29044,1
Train,29045,9
Train,29046,4
Train,29047,7
Train,29048,2
Train,29049,1
Train,29050,3
Train,29051,8
Train,29052,4
Train,29053,0
Train,29054,9
Train,29055,8
Train,29056,8
Train,29057,0
Train,29058,2
Train,29059,9
Train,29060,0
Train,29061,5
Train,29062,7
Train,29063,6
Train,29064,7
Train,29065,4
Train,29066,1
Train,29067,8
Train,29068,1
Train,29069,4
Train,29070,4
Train,29071,4
Train,29072,9
Train,29073,9
Train,29074,3
Train,29075,8
Train,29076,2
Train,29077,5
Train,29078,8
Train,29079,2
Train,29080,6
Train,29081,7
Train,29082,3
Train,29083,4
Train,29084,3
Train,29085,9
Train,29086,4
Train,29087,2
Train,29088,1
Train,29089,6
Train,29090,2
Train,29091,9
Train,29092,0
Train,29093,6
Train,29094,9
Train,29095,6
Train,29096,3
Train,29097,6
Train,29098,4
Train,29099,0
Train,29100,4
Train,29101,4
Train,29102,4
Train,29103,6
Train,29104,0
Train,29105,9
Train,29106,6
Train,29107,6
Train,29108,6
Train,29109,3
Train,29110,5
Train,29111,4
Train,29112,9
Train,29113,3
Train,29114,9
Train,29115,9
Train,29116,9
Train,29117,1
Train,29118,0
Train,29119,6
Train,29120,1
Train,29121,1
Train,29122,9
Train,29123,6
Train,29124,7
Train,29125,4
Train,29126,2
Train,29127,5
Train,29128,4
Train,29129,4
Train,29130,9
Train,29131,4
Train,29132,5
Train,29133,1
Train,29134,8
Train,29135,2
Train,29136,6
Train,29137,7
Train,29138,4
Train,29139,3
Train,29140,0
Train,29141,6
Train,29142,9
Train,29143,1
Train,29144,5
Train,29145,5
Train,29146,1
Train,29147,8
Train,29148,9
Train,29149,1
Train,29150,2
Train,29151,0
Train,29152,4
Train,29153,0
Train,29154,3
Train,29155,7
Train,29156,2
Train,29157,9
Train,29158,7
Train,29159,3
Train,29160,0
Train,29161,4
Train,29162,2
Train,29163,4
Train,29164,6
Train,29165,3
Train,29166,7
Train,29167,9
Train,29168,9
Train,29169,9
Train,29170,8
Train,29171,1
Train,29172,4
Train,29173,0
Train,29174,0
Train,29175,8
Train,29176,1
Train,29177,3
Train,29178,7
Train,29179,9
Train,29180,2
Train,29181,2
Train,29182,9
Train,29183,4
Train,29184,4
Train,29185,7
Train,29186,9
Train,29187,3
Train,29188,1
Train,29189,0
Train,29190,0
Train,29191,6
Train,29192,4
Train,29193,9
Train,29194,6
Train,29195,7
Train,29196,7
Train,29197,9
Train,29198,2
Train,29199,8
Train,29200,3
Train,29201,3
Train,29202,4
Train,29203,1
Train,29204,5
Train,29205,1
Train,29206,7
Train,29207,9
Train,29208,7
Train,29209,1
Train,29210,9
Train,29211,7
Train,29212,1
Train,29213,3
Train,29214,6
Train,29215,3
Train,29216,6
Train,29217,6
Train,29218,4
Train,29219,0
Train,29220,2
Train,29221,9
Train,29222,9
Train,29223,6
Train,29224,9
Train,29225,0
Train,29226,1
Train,29227,8
Train,29228,9
Train,29229,2
Train,29230,1
Train,29231,1
Train,29232,0
Train,29233,6
Train,29234,9
Train,29235,3
Train,29236,7
Train,29237,4
Train,29238,9
Train,29239,8
Train,29240,4
Train,29241,6
Train,29242,5
Train,29243,2
Train,29244,0
Train,29245,7
Train,29246,0
Train,29247,3
Train,29248,9
Train,29249,2
Train,29250,4
Train,29251,5
Train,29252,1
Train,29253,6
Train,29254,4
Train,29255,3
Train,29256,5
Train,29257,0
Train,29258,9
Train,29259,6
Train,29260,3
Train,29261,1
Train,29262,8
Train,29263,3
Train,29264,1
Train,29265,4
Train,29266,5
Train,29267,4
Train,29268,5
Train,29269,2
Train,29270,1
Train,29271,5
Train,29272,7
Train,29273,3
Train,29274,0
Train,29275,1
Train,29276,5
Train,29277,1
Train,29278,4
Train,29279,6
Train,29280,0
Train,29281,7
Train,29282,6
Train,29283,1
Train,29284,6
Train,29285,1
Train,29286,0
Train,29287,8
Train,29288,1
Train,29289,0
Train,29290,1
Train,29291,4
Train,29292,6
Train,29293,0
Train,29294,6
Train,29295,0
Train,29296,6
Train,29297,2
Train,29298,2
Train,29299,1
Train,29300,2
Train,29301,9
Train,29302,5
Train,29303,2
Train,29304,5
Train,29305,7
Train,29306,9
Train,29307,0
Train,29308,1
Train,29309,1
Train,29310,6
Train,29311,1
Train,29312,7
Train,29313,3
Train,29314,1
Train,29315,1
Train,29316,8
Train,29317,8
Train,29318,1
Train,29319,8
Train,29320,7
Train,29321,5
Train,29322,3
Train,29323,7
Train,29324,3
Train,29325,1
Train,29326,7
Train,29327,6
Train,29328,8
Train,29329,4
Train,29330,1
Train,29331,7
Train,29332,6
Train,29333,8
Train,29334,9
Train,29335,9
Train,29336,0
Train,29337,3
Train,29338,0
Train,29339,6
Train,29340,8
Train,29341,0
Train,29342,5
Train,29343,0
Train,29344,8
Train,29345,2
Train,29346,1
Train,29347,1
Train,29348,0
Train,29349,9
Train,29350,7
Train,29351,2
Train,29352,9
Train,29353,4
Train,29354,2
Train,29355,7
Train,29356,9
Train,29357,6
Train,29358,5
Train,29359,7
Train,29360,6
Train,29361,4
Train,29362,8
Train,29363,2
Train,29364,0
Train,29365,7
Train,29366,4
Train,29367,0
Train,29368,4
Train,29369,7
Train,29370,7
Train,29371,8
Train,29372,6
Train,29373,5
Train,29374,2
Train,29375,6
Train,29376,4
Train,29377,4
Train,29378,0
Train,29379,2
Train,29380,0
Train,29381,6
Train,29382,5
Train,29383,6
Train,29384,9
Train,29385,6
Train,29386,5
Train,29387,7
Train,29388,6
Train,29389,2
Train,29390,5
Train,29391,6
Train,29392,5
Train,29393,5
Train,29394,1
Train,29395,3
Train,29396,4
Train,29397,3
Train,29398,5
Train,29399,8
Train,29400,0
Train,29401,9
Train,29402,5
Train,29403,2
Train,29404,4
Train,29405,4
Train,29406,7
Train,29407,8
Train,29408,6
Train,29409,1
Train,29410,1
Train,29411,5
Train,29412,0
Train,29413,0
Train,29414,8
Train,29415,2
Train,29416,7
Train,29417,2
Train,29418,9
Train,29419,4
Train,29420,4
Train,29421,8
Train,29422,5
Train,29423,3
Train,29424,2
Train,29425,5
Train,29426,6
Train,29427,6
Train,29428,8
Train,29429,1
Train,29430,1
Train,29431,9
Train,29432,5
Train,29433,2
Train,29434,6
Train,29435,9
Train,29436,6
Train,29437,8
Train,29438,9
Train,29439,3
Train,29440,9
Train,29441,7
Train,29442,3
Train,29443,7
Train,29444,0
Train,29445,4
Train,29446,8
Train,29447,1
Train,29448,2
Train,29449,3
Train,29450,5
Train,29451,3
Train,29452,5
Train,29453,7
Train,29454,5
Train,29455,8
Train,29456,6
Train,29457,6
Train,29458,9
Train,29459,5
Train,29460,3
Train,29461,7
Train,29462,9
Train,29463,5
Train,29464,3
Train,29465,6
Train,29466,4
Train,29467,3
Train,29468,0
Train,29469,1
Train,29470,2
Train,29471,4
Train,29472,9
Train,29473,1
Train,29474,5
Train,29475,8
Train,29476,8
Train,29477,8
Train,29478,3
Train,29479,8
Train,29480,0
Train,29481,7
Train,29482,5
Train,29483,2
Train,29484,3
Train,29485,1
Train,29486,7
Train,29487,0
Train,29488,3
Train,29489,4
Train,29490,8
Train,29491,5
Train,29492,0
Train,29493,8
Train,29494,1
Train,29495,9
Train,29496,4
Train,29497,0
Train,29498,3
Train,29499,7
Train,29500,8
Train,29501,2
Train,29502,3
Train,29503,2
Train,29504,9
Train,29505,0
Train,29506,6
Train,29507,9
Train,29508,5
Train,29509,5
Train,29510,8
Train,29511,2
Train,29512,1
Train,29513,0
Train,29514,9
Train,29515,0
Train,29516,6
Train,29517,2
Train,29518,0
Train,29519,9
Train,29520,3
Train,29521,5
Train,29522,1
Train,29523,3
Train,29524,8
Train,29525,4
Train,29526,7
Train,29527,1
Train,29528,4
Train,29529,9
Train,29530,8
Train,29531,2
Train,29532,2
Train,29533,7
Train,29534,7
Train,29535,7
Train,29536,1
Train,29537,8
Train,29538,6
Train,29539,4
Train,29540,0
Train,29541,2
Train,29542,0
Train,29543,1
Train,29544,0
Train,29545,1
Train,29546,1
Train,29547,6
Train,29548,2
Train,29549,5
Train,29550,6
Train,29551,9
Train,29552,1
Train,29553,8
Train,29554,5
Train,29555,1
Train,29556,8
Train,29557,7
Train,29558,5
Train,29559,8
Train,29560,6
Train,29561,3
Train,29562,5
Train,29563,2
Train,29564,8
Train,29565,9
Train,29566,5
Train,29567,3
Train,29568,6
Train,29569,3
Train,29570,2
Train,29571,1
Train,29572,6
Train,29573,6
Train,29574,9
Train,29575,5
Train,29576,1
Train,29577,5
Train,29578,0
Train,29579,5
Train,29580,9
Train,29581,2
Train,29582,4
Train,29583,3
Train,29584,8
Train,29585,9
Train,29586,7
Train,29587,0
Train,29588,7
Train,29589,1
Train,29590,9
Train,29591,1
Train,29592,7
Train,29593,0
Train,29594,2
Train,29595,2
Train,29596,0
Train,29597,4
Train,29598,8
Train,29599,0
Train,29600,8
Train,29601,8
Train,29602,9
Train,29603,5
Train,29604,9
Train,29605,4
Train,29606,0
Train,29607,3
Train,29608,5
Train,29609,9
Train,29610,4
Train,29611,2
Train,29612,2
Train,29613,4
Train,29614,7
Train,29615,5
Train,29616,1
Train,29617,8
Train,29618,7
Train,29619,7
Train,29620,0
Train,29621,7
Train,29622,7
Train,29623,0
Train,29624,5
Train,29625,2
Train,29626,7
Train,29627,6
Train,29628,9
Train,29629,4
Train,29630,5
Train,29631,5
Train,29632,4
Train,29633,1
Train,29634,0
Train,29635,4
Train,29636,2
Train,29637,2
Train,29638,3
Train,29639,1
Train,29640,6
Train,29641,0
Train,29642,9
Train,29643,3
Train,29644,7
Train,29645,2
Train,29646,7
Train,29647,8
Train,29648,7
Train,29649,5
Train,29650,2
Train,29651,9
Train,29652,7
Train,29653,0
Train,29654,3
Train,29655,0
Train,29656,7
Train,29657,4
Train,29658,2
Train,29659,0
Train,29660,5
Train,29661,8
Train,29662,3
Train,29663,4
Train,29664,7
Train,29665,0
Train,29666,0
Train,29667,7
Train,29668,9
Train,29669,7
Train,29670,4
Train,29671,7
Train,29672,9
Train,29673,2
Train,29674,8
Train,29675,1
Train,29676,8
Train,29677,6
Train,29678,2
Train,29679,4
Train,29680,6
Train,29681,2
Train,29682,2
Train,29683,5
Train,29684,3
Train,29685,3
Train,29686,7
Train,29687,6
Train,29688,7
Train,29689,8
Train,29690,8
Train,29691,6
Train,29692,3
Train,29693,1
Train,29694,8
Train,29695,8
Train,29696,6
Train,29697,9
Train,29698,4
Train,29699,1
Train,29700,9
Train,29701,3
Train,29702,7
Train,29703,1
Train,29704,0
Train,29705,3
Train,29706,2
Train,29707,2
Train,29708,8
Train,29709,2
Train,29710,1
Train,29711,1
Train,29712,5
Train,29713,5
Train,29714,2
Train,29715,2
Train,29716,1
Train,29717,0
Train,29718,7
Train,29719,7
Train,29720,6
Train,29721,9
Train,29722,8
Train,29723,4
Train,29724,0
Train,29725,8
Train,29726,8
Train,29727,7
Train,29728,2
Train,29729,0
Train,29730,2
Train,29731,6
Train,29732,0
Train,29733,7
Train,29734,8
Train,29735,0
Train,29736,6
Train,29737,4
Train,29738,4
Train,29739,9
Train,29740,7
Train,29741,7
Train,29742,2
Train,29743,4
Train,29744,1
Train,29745,7
Train,29746,8
Train,29747,8
Train,29748,0
Train,29749,6
Train,29750,9
Train,29751,6
Train,29752,6
Train,29753,9
Train,29754,0
Train,29755,5
Train,29756,4
Train,29757,5
Train,29758,5
Train,29759,0
Train,29760,5
Train,29761,1
Train,29762,8
Train,29763,1
Train,29764,8
Train,29765,1
Train,29766,8
Train,29767,6
Train,29768,3
Train,29769,5
Train,29770,4
Train,29771,4
Train,29772,0
Train,29773,8
Train,29774,5
Train,29775,5
Train,29776,9
Train,29777,1
Train,29778,7
Train,29779,2
Train,29780,3
Train,29781,8
Train,29782,8
Train,29783,0
Train,29784,9
Train,29785,5
Train,29786,8
Train,29787,4
Train,29788,8
Train,29789,7
Train,29790,6
Train,29791,1
Train,29792,1
Train,29793,3
Train,29794,1
Train,29795,5
Train,29796,5
Train,29797,6
Train,29798,6
Train,29799,4
Train,29800,7
Train,29801,1
Train,29802,6
Train,29803,0
Train,29804,5
Train,29805,9
Train,29806,1
Train,29807,1
Train,29808,1
Train,29809,1
Train,29810,3
Train,29811,8
Train,29812,2
Train,29813,1
Train,29814,2
Train,29815,6
Train,29816,5
Train,29817,5
Train,29818,5
Train,29819,0
Train,29820,9
Train,29821,4
Train,29822,1
Train,29823,7
Train,29824,7
Train,29825,9
Train,29826,8
Train,29827,4
Train,29828,1
Train,29829,1
Train,29830,4
Train,29831,6
Train,29832,5
Train,29833,6
Train,29834,3
Train,29835,4
Train,29836,5
Train,29837,0
Train,29838,6
Train,29839,3
Train,29840,7
Train,29841,4
Train,29842,5
Train,29843,9
Train,29844,0
Train,29845,2
Train,29846,6
Train,29847,6
Train,29848,3
Train,29849,4
Train,29850,8
Train,29851,9
Train,29852,4
Train,29853,2
Train,29854,0
Train,29855,3
Train,29856,0
Train,29857,5
Train,29858,5
Train,29859,7
Train,29860,0
Train,29861,3
Train,29862,4
Train,29863,8
Train,29864,0
Train,29865,3
Train,29866,3
Train,29867,9
Train,29868,8
Train,29869,4
Train,29870,2
Train,29871,3
Train,29872,7
Train,29873,8
Train,29874,1
Train,29875,1
Train,29876,1
Train,29877,8
Train,29878,6
Train,29879,0
Train,29880,0
Train,29881,0
Train,29882,8
Train,29883,5
Train,29884,0
Train,29885,2
Train,29886,7
Train,29887,3
Train,29888,0
Train,29889,6
Train,29890,5
Train,29891,4
Train,29892,7
Train,29893,0
Train,29894,1
Train,29895,8
Train,29896,5
Train,29897,2
Train,29898,6
Train,29899,7
Train,29900,7
Train,29901,1
Train,29902,2
Train,29903,8
Train,29904,7
Train,29905,1
Train,29906,2
Train,29907,2
Train,29908,1
Train,29909,9
Train,29910,7
Train,29911,1
Train,29912,2
Train,29913,6
Train,29914,7
Train,29915,8
Train,29916,7
Train,29917,0
Train,29918,9
Train,29919,8
Train,29920,2
Train,29921,5
Train,29922,4
Train,29923,3
Train,29924,9
Train,29925,2
Train,29926,9
Train,29927,0
Train,29928,8
Train,29929,8
Train,29930,8
Train,29931,6
Train,29932,1
Train,29933,8
Train,29934,8
Train,29935,6
Train,29936,3
Train,29937,7
Train,29938,9
Train,29939,4
Train,29940,0
Train,29941,0
Train,29942,2
Train,29943,2
Train,29944,0
Train,29945,5
Train,29946,5
Train,29947,4
Train,29948,2
Train,29949,8
Train,29950,3
Train,29951,8
Train,29952,1
Train,29953,1
Train,29954,8
Train,29955,5
Train,29956,9
Train,29957,7
Train,29958,6
Train,29959,1
Train,29960,3
Train,29961,5
Train,29962,7
Train,29963,1
Train,29964,8
Train,29965,6
Train,29966,1
Train,29967,1
Train,29968,8
Train,29969,5
Train,29970,5
Train,29971,6
Train,29972,9
Train,29973,6
Train,29974,1
Train,29975,7
Train,29976,6
Train,29977,0
Train,29978,9
Train,29979,3
Train,29980,0
Train,29981,8
Train,29982,3
Train,29983,4
Train,29984,8
Train,29985,9
Train,29986,1
Train,29987,9
Train,29988,2
Train,29989,2
Train,29990,9
Train,29991,8
Train,29992,9
Train,29993,7
Train,29994,6
Train,29995,2
Train,29996,5
Train,29997,3
Train,29998,7
Train,29999,1
Train,30000,0
Train,30001,6
Train,30002,0
Train,30003,2
Train,30004,7
Train,30005,2
Train,30006,1
Train,30007,2
Train,30008,4
Train,30009,1
Train,30010,5
Train,30011,6
Train,30012,6
Train,30013,3
Train,30014,1
Train,30015,3
Train,30016,5
Train,30017,5
Train,30018,8
Train,30019,1
Train,30020,4
Train,30021,2
Train,30022,3
Train,30023,2
Train,30024,1
Train,30025,2
Train,30026,8
Train,30027,9
Train,30028,5
Train,30029,0
Train,30030,7
Train,30031,6
Train,30032,7
Train,30033,6
Train,30034,8
Train,30035,8
Train,30036,7
Train,30037,4
Train,30038,9
Train,30039,1
Train,30040,2
Train,30041,6
Train,30042,5
Train,30043,9
Train,30044,4
Train,30045,2
Train,30046,5
Train,30047,1
Train,30048,0
Train,30049,1
Train,30050,1
Train,30051,9
Train,30052,0
Train,30053,7
Train,30054,5
Train,30055,3
Train,30056,9
Train,30057,6
Train,30058,3
Train,30059,3
Train,30060,3
Train,30061,4
Train,30062,1
Train,30063,5
Train,30064,9
Train,30065,7
Train,30066,7
Train,30067,2
Train,30068,9
Train,30069,0
Train,30070,2
Train,30071,8
Train,30072,5
Train,30073,9
Train,30074,6
Train,30075,7
Train,30076,8
Train,30077,4
Train,30078,0
Train,30079,4
Train,30080,9
Train,30081,2
Train,30082,7
Train,30083,1
Train,30084,0
Train,30085,5
Train,30086,1
Train,30087,8
Train,30088,1
Train,30089,6
Train,30090,5
Train,30091,9
Train,30092,7
Train,30093,0
Train,30094,4
Train,30095,5
Train,30096,2
Train,30097,3
Train,30098,5
Train,30099,5
Train,30100,6
Train,30101,0
Train,30102,2
Train,30103,1
Train,30104,1
Train,30105,5
Train,30106,8
Train,30107,5
Train,30108,2
Train,30109,4
Train,30110,2
Train,30111,2
Train,30112,5
Train,30113,3
Train,30114,0
Train,30115,3
Train,30116,0
Train,30117,2
Train,30118,9
Train,30119,1
Train,30120,1
Train,30121,7
Train,30122,3
Train,30123,8
Train,30124,5
Train,30125,4
Train,30126,5
Train,30127,9
Train,30128,6
Train,30129,5
Train,30130,6
Train,30131,4
Train,30132,4
Train,30133,5
Train,30134,5
Train,30135,1
Train,30136,1
Train,30137,5
Train,30138,6
Train,30139,2
Train,30140,5
Train,30141,0
Train,30142,8
Train,30143,6
Train,30144,2
Train,30145,2
Train,30146,6
Train,30147,8
Train,30148,8
Train,30149,6
Train,30150,7
Train,30151,4
Train,30152,0
Train,30153,4
Train,30154,1
Train,30155,5
Train,30156,4
Train,30157,2
Train,30158,0
Train,30159,3
Train,30160,0
Train,30161,9
Train,30162,5
Train,30163,7
Train,30164,8
Train,30165,1
Train,30166,1
Train,30167,7
Train,30168,8
Train,30169,8
Train,30170,3
Train,30171,0
Train,30172,0
Train,30173,4
Train,30174,7
Train,30175,9
Train,30176,6
Train,30177,0
Train,30178,9
Train,30179,9
Train,30180,9
Train,30181,2
Train,30182,1
Train,30183,1
Train,30184,7
Train,30185,4
Train,30186,3
Train,30187,7
Train,30188,5
Train,30189,5
Train,30190,7
Train,30191,9
Train,30192,3
Train,30193,6
Train,30194,9
Train,30195,7
Train,30196,5
Train,30197,7
Train,30198,1
Train,30199,7
Train,30200,0
Train,30201,5
Train,30202,6
Train,30203,7
Train,30204,3
Train,30205,0
Train,30206,4
Train,30207,5
Train,30208,1
Train,30209,1
Train,30210,8
Train,30211,8
Train,30212,6
Train,30213,3
Train,30214,2
Train,30215,9
Train,30216,7
Train,30217,8
Train,30218,1
Train,30219,3
Train,30220,9
Train,30221,8
Train,30222,6
Train,30223,9
Train,30224,2
Train,30225,4
Train,30226,4
Train,30227,1
Train,30228,4
Train,30229,2
Train,30230,4
Train,30231,5
Train,30232,2
Train,30233,0
Train,30234,1
Train,30235,5
Train,30236,1
Train,30237,2
Train,30238,1
Train,30239,2
Train,30240,0
Train,30241,2
Train,30242,4
Train,30243,4
Train,30244,1
Train,30245,1
Train,30246,2
Train,30247,9
Train,30248,5
Train,30249,6
Train,30250,4
Train,30251,2
Train,30252,8
Train,30253,7
Train,30254,2
Train,30255,7
Train,30256,4
Train,30257,0
Train,30258,2
Train,30259,6
Train,30260,5
Train,30261,8
Train,30262,8
Train,30263,9
Train,30264,7
Train,30265,7
Train,30266,3
Train,30267,0
Train,30268,4
Train,30269,1
Train,30270,3
Train,30271,0
Train,30272,0
Train,30273,8
Train,30274,7
Train,30275,5
Train,30276,9
Train,30277,8
Train,30278,7
Train,30279,5
Train,30280,0
Train,30281,1
Train,30282,4
Train,30283,5
Train,30284,6
Train,30285,9
Train,30286,2
Train,30287,2
Train,30288,3
Train,30289,4
Train,30290,5
Train,30291,4
Train,30292,6
Train,30293,1
Train,30294,8
Train,30295,0
Train,30296,7
Train,30297,0
Train,30298,7
Train,30299,8
Train,30300,4
Train,30301,5
Train,30302,6
Train,30303,8
Train,30304,0
Train,30305,3
Train,30306,4
Train,30307,4
Train,30308,5
Train,30309,9
Train,30310,5
Train,30311,3
Train,30312,2
Train,30313,1
Train,30314,1
Train,30315,2
Train,30316,1
Train,30317,2
Train,30318,3
Train,30319,7
Train,30320,8
Train,30321,0
Train,30322,8
Train,30323,6
Train,30324,0
Train,30325,2
Train,30326,4
Train,30327,9
Train,30328,8
Train,30329,8
Train,30330,7
Train,30331,0
Train,30332,3
Train,30333,2
Train,30334,6
Train,30335,8
Train,30336,6
Train,30337,5
Train,30338,3
Train,30339,3
Train,30340,7
Train,30341,4
Train,30342,5
Train,30343,9
Train,30344,1
Train,30345,4
Train,30346,3
Train,30347,3
Train,30348,7
Train,30349,5
Train,30350,6
Train,30351,9
Train,30352,2
Train,30353,4
Train,30354,4
Train,30355,0
Train,30356,5
Train,30357,8
Train,30358,4
Train,30359,5
Train,30360,9
Train,30361,3
Train,30362,1
Train,30363,9
Train,30364,9
Train,30365,2
Train,30366,8
Train,30367,6
Train,30368,7
Train,30369,9
Train,30370,5
Train,30371,2
Train,30372,5
Train,30373,8
Train,30374,1
Train,30375,5
Train,30376,0
Train,30377,2
Train,30378,0
Train,30379,9
Train,30380,8
Train,30381,5
Train,30382,7
Train,30383,0
Train,30384,4
Train,30385,7
Train,30386,3
Train,30387,5
Train,30388,8
Train,30389,3
Train,30390,6
Train,30391,2
Train,30392,9
Train,30393,5
Train,30394,6
Train,30395,5
Train,30396,2
Train,30397,7
Train,30398,8
Train,30399,1
Train,30400,0
Train,30401,7
Train,30402,2
Train,30403,2
Train,30404,9
Train,30405,2
Train,30406,8
Train,30407,1
Train,30408,0
Train,30409,7
Train,30410,7
Train,30411,8
Train,30412,9
Train,30413,4
Train,30414,4
Train,30415,0
Train,30416,9
Train,30417,7
Train,30418,1
Train,30419,7
Train,30420,9
Train,30421,7
Train,30422,7
Train,30423,8
Train,30424,3
Train,30425,4
Train,30426,0
Train,30427,6
Train,30428,0
Train,30429,0
Train,30430,7
Train,30431,7
Train,30432,3
Train,30433,8
Train,30434,7
Train,30435,4
Train,30436,4
Train,30437,2
Train,30438,8
Train,30439,1
Train,30440,0
Train,30441,5
Train,30442,4
Train,30443,8
Train,30444,8
Train,30445,1
Train,30446,1
Train,30447,7
Train,30448,8
Train,30449,4
Train,30450,4
Train,30451,2
Train,30452,3
Train,30453,2
Train,30454,2
Train,30455,7
Train,30456,5
Train,30457,1
Train,30458,1
Train,30459,3
Train,30460,8
Train,30461,3
Train,30462,9
Train,30463,1
Train,30464,4
Train,30465,9
Train,30466,2
Train,30467,0
Train,30468,4
Train,30469,6
Train,30470,2
Train,30471,1
Train,30472,8
Train,30473,5
Train,30474,4
Train,30475,2
Train,30476,3
Train,30477,5
Train,30478,2
Train,30479,3
Train,30480,2
Train,30481,6
Train,30482,5
Train,30483,8
Train,30484,7
Train,30485,6
Train,30486,1
Train,30487,0
Train,30488,8
Train,30489,1
Train,30490,3
Train,30491,6
Train,30492,1
Train,30493,2
Train,30494,6
Train,30495,1
Train,30496,6
Train,30497,0
Train,30498,7
Train,30499,4
Train,30500,5
Train,30501,4
Train,30502,5
Train,30503,9
Train,30504,8
Train,30505,2
Train,30506,5
Train,30507,4
Train,30508,8
Train,30509,8
Train,30510,8
Train,30511,2
Train,30512,6
Train,30513,2
Train,30514,8
Train,30515,8
Train,30516,1
Train,30517,0
Train,30518,4
Train,30519,5
Train,30520,0
Train,30521,0
Train,30522,4
Train,30523,5
Train,30524,2
Train,30525,9
Train,30526,6
Train,30527,4
Train,30528,4
Train,30529,8
Train,30530,1
Train,30531,2
Train,30532,2
Train,30533,8
Train,30534,1
Train,30535,0
Train,30536,6
Train,30537,0
Train,30538,7
Train,30539,0
Train,30540,5
Train,30541,3
Train,30542,2
Train,30543,5
Train,30544,8
Train,30545,1
Train,30546,9
Train,30547,4
Train,30548,7
Train,30549,7
Train,30550,8
Train,30551,4
Train,30552,7
Train,30553,1
Train,30554,5
Train,30555,9
Train,30556,7
Train,30557,8
Train,30558,9
Train,30559,4
Train,30560,1
Train,30561,4
Train,30562,7
Train,30563,6
Train,30564,0
Train,30565,9
Train,30566,9
Train,30567,5
Train,30568,7
Train,30569,6
Train,30570,1
Train,30571,3
Train,30572,2
Train,30573,3
Train,30574,3
Train,30575,0
Train,30576,6
Train,30577,8
Train,30578,9
Train,30579,5
Train,30580,9
Train,30581,7
Train,30582,1
Train,30583,6
Train,30584,2
Train,30585,4
Train,30586,3
Train,30587,3
Train,30588,6
Train,30589,4
Train,30590,5
Train,30591,0
Train,30592,7
Train,30593,4
Train,30594,6
Train,30595,0
Train,30596,2
Train,30597,0
Train,30598,9
Train,30599,7
Train,30600,4
Train,30601,8
Train,30602,2
Train,30603,6
Train,30604,0
Train,30605,0
Train,30606,3
Train,30607,8
Train,30608,6
Train,30609,0
Train,30610,6
Train,30611,3
Train,30612,2
Train,30613,1
Train,30614,4
Train,30615,9
Train,30616,4
Train,30617,7
Train,30618,5
Train,30619,9
Train,30620,9
Train,30621,6
Train,30622,5
Train,30623,9
Train,30624,3
Train,30625,6
Train,30626,6
Train,30627,4
Train,30628,2
Train,30629,5
Train,30630,4
Train,30631,2
Train,30632,2
Train,30633,8
Train,30634,3
Train,30635,0
Train,30636,0
Train,30637,9
Train,30638,4
Train,30639,8
Train,30640,8
Train,30641,1
Train,30642,5
Train,30643,0
Train,30644,6
Train,30645,0
Train,30646,1
Train,30647,8
Train,30648,9
Train,30649,9
Train,30650,1
Train,30651,7
Train,30652,0
Train,30653,3
Train,30654,2
Train,30655,4
Train,30656,9
Train,30657,5
Train,30658,9
Train,30659,7
Train,30660,8
Train,30661,1
Train,30662,5
Train,30663,2
Train,30664,8
Train,30665,2
Train,30666,6
Train,30667,0
Train,30668,3
Train,30669,2
Train,30670,7
Train,30671,7
Train,30672,2
Train,30673,1
Train,30674,4
Train,30675,9
Train,30676,1
Train,30677,4
Train,30678,9
Train,30679,7
Train,30680,2
Train,30681,4
Train,30682,6
Train,30683,3
Train,30684,5
Train,30685,6
Train,30686,8
Train,30687,3
Train,30688,2
Train,30689,5
Train,30690,2
Train,30691,8
Train,30692,9
Train,30693,1
Train,30694,2
Train,30695,0
Train,30696,1
Train,30697,9
Train,30698,5
Train,30699,0
Train,30700,2
Train,30701,5
Train,30702,9
Train,30703,5
Train,30704,3
Train,30705,2
Train,30706,6
Train,30707,4
Train,30708,3
Train,30709,0
Train,30710,0
Train,30711,5
Train,30712,1
Train,30713,5
Train,30714,1
Train,30715,4
Train,30716,1
Train,30717,9
Train,30718,5
Train,30719,4
Train,30720,7
Train,30721,3
Train,30722,9
Train,30723,5
Train,30724,6
Train,30725,4
Train,30726,2
Train,30727,6
Train,30728,9
Train,30729,9
Train,30730,0
Train,30731,2
Train,30732,5
Train,30733,9
Train,30734,4
Train,30735,5
Train,30736,9
Train,30737,3
Train,30738,1
Train,30739,6
Train,30740,2
Train,30741,6
Train,30742,5
Train,30743,0
Train,30744,0
Train,30745,8
Train,30746,2
Train,30747,1
Train,30748,6
Train,30749,0
Train,30750,1
Train,30751,2
Train,30752,1
Train,30753,3
Train,30754,3
Train,30755,8
Train,30756,3
Train,30757,5
Train,30758,9
Train,30759,6
Train,30760,7
Train,30761,7
Train,30762,8
Train,30763,5
Train,30764,9
Train,30765,2
Train,30766,5
Train,30767,2
Train,30768,1
Train,30769,0
Train,30770,8
Train,30771,9
Train,30772,3
Train,30773,9
Train,30774,3
Train,30775,9
Train,30776,9
Train,30777,3
Train,30778,2
Train,30779,3
Train,30780,9
Train,30781,7
Train,30782,1
Train,30783,1
Train,30784,3
Train,30785,9
Train,30786,2
Train,30787,2
Train,30788,8
Train,30789,3
Train,30790,4
Train,30791,2
Train,30792,1
Train,30793,5
Train,30794,4
Train,30795,2
Train,30796,9
Train,30797,7
Train,30798,6
Train,30799,4
Train,30800,6
Train,30801,4
Train,30802,4
Train,30803,7
Train,30804,1
Train,30805,7
Train,30806,3
Train,30807,8
Train,30808,8
Train,30809,3
Train,30810,1
Train,30811,0
Train,30812,6
Train,30813,6
Train,30814,1
Train,30815,4
Train,30816,6
Train,30817,3
Train,30818,2
Train,30819,5
Train,30820,0
Train,30821,1
Train,30822,4
Train,30823,9
Train,30824,7
Train,30825,7
Train,30826,4
Train,30827,0
Train,30828,6
Train,30829,0
Train,30830,0
Train,30831,5
Train,30832,4
Train,30833,6
Train,30834,2
Train,30835,8
Train,30836,2
Train,30837,0
Train,30838,3
Train,30839,3
Train,30840,1
Train,30841,4
Train,30842,6
Train,30843,9
Train,30844,8
Train,30845,7
Train,30846,8
Train,30847,5
Train,30848,3
Train,30849,2
Train,30850,9
Train,30851,1
Train,30852,7
Train,30853,9
Train,30854,8
Train,30855,2
Train,30856,1
Train,30857,4
Train,30858,2
Train,30859,8
Train,30860,8
Train,30861,9
Train,30862,3
Train,30863,8
Train,30864,6
Train,30865,1
Train,30866,3
Train,30867,5
Train,30868,3
Train,30869,4
Train,30870,4
Train,30871,5
Train,30872,8
Train,30873,9
Train,30874,2
Train,30875,4
Train,30876,7
Train,30877,6
Train,30878,2
Train,30879,1
Train,30880,3
Train,30881,4
Train,30882,8
Train,30883,7
Train,30884,4
Train,30885,4
Train,30886,3
Train,30887,2
Train,30888,0
Train,30889,5
Train,30890,7
Train,30891,1
Train,30892,4
Train,30893,2
Train,30894,2
Train,30895,0
Train,30896,3
Train,30897,7
Train,30898,9
Train,30899,9
Train,30900,4
Train,30901,9
Train,30902,1
Train,30903,9
Train,30904,0
Train,30905,2
Train,30906,6
Train,30907,4
Train,30908,6
Train,30909,0
Train,30910,6
Train,30911,4
Train,30912,1
Train,30913,0
Train,30914,0
Train,30915,4
Train,30916,8
Train,30917,4
Train,30918,6
Train,30919,7
Train,30920,6
Train,30921,4
Train,30922,6
Train,30923,1
Train,30924,0
Train,30925,7
Train,30926,8
Train,30927,5
Train,30928,7
Train,30929,0
Train,30930,0
Train,30931,5
Train,30932,9
Train,30933,3
Train,30934,9
Train,30935,7
Train,30936,9
Train,30937,8
Train,30938,6
Train,30939,7
Train,30940,2
Train,30941,8
Train,30942,4
Train,30943,1
Train,30944,6
Train,30945,1
Train,30946,9
Train,30947,3
Train,30948,8
Train,30949,1
Train,30950,4
Train,30951,1
Train,30952,5
Train,30953,6
Train,30954,9
Train,30955,8
Train,30956,7
Train,30957,8
Train,30958,4
Train,30959,0
Train,30960,3
Train,30961,8
Train,30962,4
Train,30963,0
Train,30964,3
Train,30965,5
Train,30966,9
Train,30967,4
Train,30968,0
Train,30969,2
Train,30970,4
Train,30971,0
Train,30972,7
Train,30973,9
Train,30974,2
Train,30975,3
Train,30976,6
Train,30977,0
Train,30978,5
Train,30979,0
Train,30980,2
Train,30981,7
Train,30982,6
Train,30983,3
Train,30984,7
Train,30985,9
Train,30986,3
Train,30987,7
Train,30988,2
Train,30989,5
Train,30990,8
Train,30991,7
Train,30992,1
Train,30993,7
Train,30994,5
Train,30995,3
Train,30996,7
Train,30997,8
Train,30998,9
Train,30999,1
Train,31000,0
Train,31001,8
Train,31002,2
Train,31003,4
Train,31004,0
Train,31005,2
Train,31006,4
Train,31007,2
Train,31008,9
Train,31009,9
Train,31010,9
Train,31011,1
Train,31012,9
Train,31013,3
Train,31014,9
Train,31015,0
Train,31016,3
Train,31017,5
Train,31018,8
Train,31019,1
Train,31020,2
Train,31021,5
Train,31022,3
Train,31023,0
Train,31024,7
Train,31025,6
Train,31026,2
Train,31027,4
Train,31028,5
Train,31029,0
Train,31030,4
Train,31031,5
Train,31032,8
Train,31033,4
Train,31034,7
Train,31035,2
Train,31036,7
Train,31037,8
Train,31038,5
Train,31039,9
Train,31040,2
Train,31041,2
Train,31042,6
Train,31043,5
Train,31044,5
Train,31045,2
Train,31046,1
Train,31047,5
Train,31048,0
Train,31049,7
Train,31050,3
Train,31051,8
Train,31052,8
Train,31053,4
Train,31054,2
Train,31055,5
Train,31056,9
Train,31057,2
Train,31058,2
Train,31059,5
Train,31060,4
Train,31061,4
Train,31062,5
Train,31063,2
Train,31064,5
Train,31065,3
Train,31066,8
Train,31067,9
Train,31068,9
Train,31069,8
Train,31070,8
Train,31071,6
Train,31072,1
Train,31073,7
Train,31074,2
Train,31075,4
Train,31076,8
Train,31077,9
Train,31078,3
Train,31079,1
Train,31080,6
Train,31081,3
Train,31082,7
Train,31083,0
Train,31084,4
Train,31085,8
Train,31086,0
Train,31087,0
Train,31088,4
Train,31089,9
Train,31090,2
Train,31091,5
Train,31092,4
Train,31093,7
Train,31094,3
Train,31095,9
Train,31096,9
Train,31097,8
Train,31098,0
Train,31099,6
Train,31100,1
Train,31101,1
Train,31102,1
Train,31103,3
Train,31104,8
Train,31105,0
Train,31106,9
Train,31107,1
Train,31108,6
Train,31109,5
Train,31110,1
Train,31111,5
Train,31112,6
Train,31113,1
Train,31114,9
Train,31115,9
Train,31116,5
Train,31117,7
Train,31118,6
Train,31119,0
Train,31120,5
Train,31121,8
Train,31122,1
Train,31123,7
Train,31124,4
Train,31125,8
Train,31126,1
Train,31127,0
Train,31128,6
Train,31129,5
Train,31130,2
Train,31131,8
Train,31132,5
Train,31133,6
Train,31134,3
Train,31135,6
Train,31136,3
Train,31137,5
Train,31138,1
Train,31139,6
Train,31140,6
Train,31141,3
Train,31142,6
Train,31143,4
Train,31144,0
Train,31145,5
Train,31146,3
Train,31147,1
Train,31148,3
Train,31149,5
Train,31150,3
Train,31151,1
Train,31152,1
Train,31153,4
Train,31154,7
Train,31155,5
Train,31156,7
Train,31157,8
Train,31158,1
Train,31159,6
Train,31160,4
Train,31161,3
Train,31162,9
Train,31163,4
Train,31164,0
Train,31165,0
Train,31166,1
Train,31167,4
Train,31168,8
Train,31169,2
Train,31170,8
Train,31171,2
Train,31172,7
Train,31173,2
Train,31174,9
Train,31175,6
Train,31176,9
Train,31177,2
Train,31178,3
Train,31179,3
Train,31180,5
Train,31181,6
Train,31182,8
Train,31183,8
Train,31184,8
Train,31185,5
Train,31186,9
Train,31187,8
Train,31188,8
Train,31189,8
Train,31190,5
Train,31191,2
Train,31192,7
Train,31193,1
Train,31194,3
Train,31195,1
Train,31196,8
Train,31197,6
Train,31198,3
Train,31199,3
Train,31200,5
Train,31201,0
Train,31202,8
Train,31203,1
Train,31204,3
Train,31205,9
Train,31206,7
Train,31207,0
Train,31208,1
Train,31209,1
Train,31210,9
Train,31211,4
Train,31212,7
Train,31213,0
Train,31214,0
Train,31215,7
Train,31216,9
Train,31217,7
Train,31218,5
Train,31219,8
Train,31220,8
Train,31221,5
Train,31222,5
Train,31223,2
Train,31224,7
Train,31225,5
Train,31226,5
Train,31227,4
Train,31228,6
Train,31229,2
Train,31230,2
Train,31231,2
Train,31232,6
Train,31233,9
Train,31234,5
Train,31235,6
Train,31236,7
Train,31237,2
Train,31238,6
Train,31239,4
Train,31240,5
Train,31241,1
Train,31242,3
Train,31243,5
Train,31244,8
Train,31245,1
Train,31246,0
Train,31247,7
Train,31248,5
Train,31249,0
Train,31250,8
Train,31251,1
Train,31252,9
Train,31253,1
Train,31254,3
Train,31255,5
Train,31256,4
Train,31257,6
Train,31258,8
Train,31259,8
Train,31260,3
Train,31261,3
Train,31262,7
Train,31263,7
Train,31264,5
Train,31265,7
Train,31266,8
Train,31267,8
Train,31268,1
Train,31269,2
Train,31270,6
Train,31271,4
Train,31272,2
Train,31273,5
Train,31274,1
Train,31275,2
Train,31276,7
Train,31277,4
Train,31278,8
Train,31279,6
Train,31280,2
Train,31281,4
Train,31282,1
Train,31283,9
Train,31284,0
Train,31285,2
Train,31286,0
Train,31287,9
Train,31288,1
Train,31289,2
Train,31290,4
Train,31291,9
Train,31292,5
Train,31293,2
Train,31294,2
Train,31295,3
Train,31296,9
Train,31297,1
Train,31298,9
Train,31299,6
Train,31300,1
Train,31301,6
Train,31302,5
Train,31303,5
Train,31304,7
Train,31305,4
Train,31306,4
Train,31307,2
Train,31308,2
Train,31309,5
Train,31310,4
Train,31311,1
Train,31312,6
Train,31313,8
Train,31314,8
Train,31315,6
Train,31316,7
Train,31317,8
Train,31318,2
Train,31319,1
Train,31320,7
Train,31321,7
Train,31322,1
Train,31323,1
Train,31324,9
Train,31325,6
Train,31326,7
Train,31327,8
Train,31328,8
Train,31329,1
Train,31330,5
Train,31331,7
Train,31332,8
Train,31333,2
Train,31334,6
Train,31335,9
Train,31336,7
Train,31337,3
Train,31338,1
Train,31339,0
Train,31340,8
Train,31341,7
Train,31342,6
Train,31343,2
Train,31344,3
Train,31345,1
Train,31346,3
Train,31347,5
Train,31348,1
Train,31349,4
Train,31350,7
Train,31351,1
Train,31352,1
Train,31353,6
Train,31354,8
Train,31355,5
Train,31356,6
Train,31357,7
Train,31358,0
Train,31359,7
Train,31360,7
Train,31361,2
Train,31362,8
Train,31363,1
Train,31364,7
Train,31365,4
Train,31366,3
Train,31367,8
Train,31368,7
Train,31369,0
Train,31370,8
Train,31371,2
Train,31372,8
Train,31373,6
Train,31374,2
Train,31375,2
Train,31376,5
Train,31377,2
Train,31378,9
Train,31379,8
Train,31380,3
Train,31381,7
Train,31382,6
Train,31383,3
Train,31384,6
Train,31385,9
Train,31386,8
Train,31387,9
Train,31388,9
Train,31389,7
Train,31390,8
Train,31391,0
Train,31392,8
Train,31393,4
Train,31394,2
Train,31395,1
Train,31396,6
Train,31397,0
Train,31398,6
Train,31399,9
Train,31400,3
Train,31401,2
Train,31402,3
Train,31403,9
Train,31404,3
Train,31405,6
Train,31406,3
Train,31407,1
Train,31408,6
Train,31409,5
Train,31410,2
Train,31411,2
Train,31412,0
Train,31413,6
Train,31414,3
Train,31415,3
Train,31416,6
Train,31417,8
Train,31418,2
Train,31419,2
Train,31420,2
Train,31421,6
Train,31422,9
Train,31423,8
Train,31424,8
Train,31425,8
Train,31426,8
Train,31427,6
Train,31428,2
Train,31429,4
Train,31430,6
Train,31431,4
Train,31432,7
Train,31433,4
Train,31434,4
Train,31435,0
Train,31436,7
Train,31437,3
Train,31438,2
Train,31439,5
Train,31440,3
Train,31441,9
Train,31442,5
Train,31443,8
Train,31444,7
Train,31445,1
Train,31446,4
Train,31447,6
Train,31448,6
Train,31449,3
Train,31450,0
Train,31451,6
Train,31452,7
Train,31453,9
Train,31454,2
Train,31455,6
Train,31456,8
Train,31457,6
Train,31458,9
Train,31459,0
Train,31460,3
Train,31461,7
Train,31462,8
Train,31463,3
Train,31464,4
Train,31465,6
Train,31466,6
Train,31467,2
Train,31468,7
Train,31469,2
Train,31470,4
Train,31471,0
Train,31472,7
Train,31473,1
Train,31474,5
Train,31475,2
Train,31476,4
Train,31477,7
Train,31478,2
Train,31479,3
Train,31480,8
Train,31481,0
Train,31482,7
Train,31483,9
Train,31484,4
Train,31485,5
Train,31486,2
Train,31487,6
Train,31488,0
Train,31489,8
Train,31490,9
Train,31491,7
Train,31492,2
Train,31493,2
Train,31494,5
Train,31495,2
Train,31496,2
Train,31497,8
Train,31498,8
Train,31499,3
Train,31500,6
Train,31501,2
Train,31502,1
Train,31503,3
Train,31504,7
Train,31505,4
Train,31506,0
Train,31507,4
Train,31508,6
Train,31509,9
Train,31510,1
Train,31511,8
Train,31512,1
Train,31513,7
Train,31514,4
Train,31515,4
Train,31516,5
Train,31517,9
Train,31518,7
Train,31519,2
Train,31520,7
Train,31521,0
Train,31522,1
Train,31523,1
Train,31524,9
Train,31525,5
Train,31526,8
Train,31527,3
Train,31528,7
Train,31529,7
Train,31530,8
Train,31531,2
Train,31532,2
Train,31533,9
Train,31534,1
Train,31535,3
Train,31536,4
Train,31537,8
Train,31538,9
Train,31539,1
Train,31540,9
Train,31541,8
Train,31542,3
Train,31543,5
Train,31544,3
Train,31545,9
Train,31546,2
Train,31547,4
Train,31548,5
Train,31549,4
Train,31550,2
Train,31551,5
Train,31552,1
Train,31553,8
Train,31554,7
Train,31555,5
Train,31556,0
Train,31557,5
Train,31558,6
Train,31559,5
Train,31560,3
Train,31561,5
Train,31562,2
Train,31563,8
Train,31564,6
Train,31565,8
Train,31566,9
Train,31567,3
Train,31568,5
Train,31569,7
Train,31570,6
Train,31571,9
Train,31572,2
Train,31573,7
Train,31574,5
Train,31575,6
Train,31576,8
Train,31577,6
Train,31578,5
Train,31579,4
Train,31580,6
Train,31581,8
Train,31582,5
Train,31583,1
Train,31584,3
Train,31585,4
Train,31586,0
Train,31587,1
Train,31588,4
Train,31589,7
Train,31590,8
Train,31591,0
Train,31592,5
Train,31593,0
Train,31594,8
Train,31595,7
Train,31596,8
Train,31597,7
Train,31598,6
Train,31599,1
Train,31600,0
Train,31601,6
Train,31602,3
Train,31603,3
Train,31604,1
Train,31605,9
Train,31606,3
Train,31607,1
Train,31608,8
Train,31609,4
Train,31610,3
Train,31611,5
Train,31612,4
Train,31613,9
Train,31614,2
Train,31615,4
Train,31616,6
Train,31617,8
Train,31618,9
Train,31619,1
Train,31620,5
Train,31621,2
Train,31622,6
Train,31623,2
Train,31624,7
Train,31625,8
Train,31626,3
Train,31627,4
Train,31628,8
Train,31629,6
Train,31630,9
Train,31631,5
Train,31632,3
Train,31633,3
Train,31634,1
Train,31635,0
Train,31636,2
Train,31637,9
Train,31638,9
Train,31639,6
Train,31640,8
Train,31641,5
Train,31642,4
Train,31643,9
Train,31644,8
Train,31645,1
Train,31646,5
Train,31647,5
Train,31648,0
Train,31649,3
Train,31650,5
Train,31651,6
Train,31652,8
Train,31653,7
Train,31654,0
Train,31655,1
Train,31656,6
Train,31657,1
Train,31658,0
Train,31659,7
Train,31660,6
Train,31661,8
Train,31662,9
Train,31663,8
Train,31664,9
Train,31665,1
Train,31666,4
Train,31667,5
Train,31668,4
Train,31669,1
Train,31670,8
Train,31671,7
Train,31672,6
Train,31673,5
Train,31674,0
Train,31675,8
Train,31676,3
Train,31677,2
Train,31678,0
Train,31679,4
Train,31680,8
Train,31681,6
Train,31682,6
Train,31683,4
Train,31684,2
Train,31685,6
Train,31686,9
Train,31687,2
Train,31688,5
Train,31689,4
Train,31690,9
Train,31691,2
Train,31692,8
Train,31693,0
Train,31694,1
Train,31695,8
Train,31696,5
Train,31697,8
Train,31698,3
Train,31699,4
Train,31700,0
Train,31701,4
Train,31702,4
Train,31703,1
Train,31704,2
Train,31705,2
Train,31706,6
Train,31707,2
Train,31708,5
Train,31709,4
Train,31710,5
Train,31711,1
Train,31712,3
Train,31713,9
Train,31714,8
Train,31715,0
Train,31716,5
Train,31717,8
Train,31718,7
Train,31719,7
Train,31720,1
Train,31721,2
Train,31722,9
Train,31723,7
Train,31724,1
Train,31725,8
Train,31726,0
Train,31727,6
Train,31728,0
Train,31729,5
Train,31730,8
Train,31731,3
Train,31732,8
Train,31733,4
Train,31734,6
Train,31735,4
Train,31736,7
Train,31737,1
Train,31738,7
Train,31739,7
Train,31740,3
Train,31741,2
Train,31742,9
Train,31743,2
Train,31744,9
Train,31745,8
Train,31746,7
Train,31747,1
Train,31748,6
Train,31749,1
Train,31750,4
Train,31751,4
Train,31752,6
Train,31753,6
Train,31754,3
Train,31755,4
Train,31756,0
Train,31757,0
Train,31758,9
Train,31759,2
Train,31760,9
Train,31761,1
Train,31762,8
Train,31763,8
Train,31764,7
Train,31765,1
Train,31766,2
Train,31767,4
Train,31768,9
Train,31769,4
Train,31770,2
Train,31771,9
Train,31772,9
Train,31773,2
Train,31774,9
Train,31775,4
Train,31776,1
Train,31777,7
Train,31778,8
Train,31779,7
Train,31780,6
Train,31781,5
Train,31782,5
Train,31783,1
Train,31784,6
Train,31785,2
Train,31786,1
Train,31787,8
Train,31788,3
Train,31789,7
Train,31790,9
Train,31791,5
Train,31792,6
Train,31793,5
Train,31794,6
Train,31795,8
Train,31796,4
Train,31797,3
Train,31798,6
Train,31799,4
Train,31800,7
Train,31801,5
Train,31802,2
Train,31803,2
Train,31804,4
Train,31805,9
Train,31806,6
Train,31807,7
Train,31808,6
Train,31809,2
Train,31810,8
Train,31811,9
Train,31812,6
Train,31813,2
Train,31814,8
Train,31815,9
Train,31816,8
Train,31817,5
Train,31818,7
Train,31819,0
Train,31820,6
Train,31821,2
Train,31822,7
Train,31823,2
Train,31824,9
Train,31825,3
Train,31826,6
Train,31827,9
Train,31828,7
Train,31829,9
Train,31830,1
Train,31831,1
Train,31832,8
Train,31833,5
Train,31834,6
Train,31835,6
Train,31836,5
Train,31837,0
Train,31838,9
Train,31839,7
Train,31840,4
Train,31841,8
Train,31842,6
Train,31843,4
Train,31844,3
Train,31845,9
Train,31846,8
Train,31847,7
Train,31848,4
Train,31849,4
Train,31850,2
Train,31851,7
Train,31852,6
Train,31853,8
Train,31854,1
Train,31855,0
Train,31856,5
Train,31857,6
Train,31858,6
Train,31859,6
Train,31860,4
Train,31861,3
Train,31862,9
Train,31863,0
Train,31864,5
Train,31865,0
Train,31866,4
Train,31867,5
Train,31868,3
Train,31869,9
Train,31870,9
Train,31871,7
Train,31872,8
Train,31873,7
Train,31874,2
Train,31875,5
Train,31876,7
Train,31877,5
Train,31878,9
Train,31879,8
Train,31880,0
Train,31881,9
Train,31882,2
Train,31883,5
Train,31884,2
Train,31885,9
Train,31886,3
Train,31887,2
Train,31888,0
Train,31889,6
Train,31890,1
Train,31891,6
Train,31892,5
Train,31893,4
Train,31894,6
Train,31895,6
Train,31896,0
Train,31897,2
Train,31898,4
Train,31899,1
Train,31900,3
Train,31901,5
Train,31902,4
Train,31903,8
Train,31904,0
Train,31905,9
Train,31906,6
Train,31907,3
Train,31908,3
Train,31909,9
Train,31910,3
Train,31911,9
Train,31912,3
Train,31913,3
Train,31914,7
Train,31915,8
Train,31916,4
Train,31917,8
Train,31918,9
Train,31919,8
Train,31920,9
Train,31921,7
Train,31922,5
Train,31923,3
Train,31924,7
Train,31925,1
Train,31926,2
Train,31927,0
Train,31928,6
Train,31929,8
Train,31930,8
Train,31931,6
Train,31932,4
Train,31933,6
Train,31934,3
Train,31935,1
Train,31936,3
Train,31937,9
Train,31938,8
Train,31939,4
Train,31940,3
Train,31941,2
Train,31942,6
Train,31943,6
Train,31944,7
Train,31945,1
Train,31946,8
Train,31947,0
Train,31948,6
Train,31949,5
Train,31950,8
Train,31951,1
Train,31952,7
Train,31953,4
Train,31954,4
Train,31955,0
Train,31956,9
Train,31957,1
Train,31958,7
Train,31959,1
Train,31960,5
Train,31961,0
Train,31962,9
Train,31963,6
Train,31964,6
Train,31965,7
Train,31966,8
Train,31967,7
Train,31968,8
Train,31969,1
Train,31970,0
Train,31971,9
Train,31972,6
Train,31973,5
Train,31974,3
Train,31975,3
Train,31976,0
Train,31977,5
Train,31978,3
Train,31979,2
Train,31980,7
Train,31981,8
Train,31982,7
Train,31983,9
Train,31984,6
Train,31985,1
Train,31986,9
Train,31987,0
Train,31988,1
Train,31989,9
Train,31990,7
Train,31991,0
Train,31992,7
Train,31993,4
Train,31994,5
Train,31995,5
Train,31996,8
Train,31997,2
Train,31998,4
Train,31999,2
Train,32000,7
Train,32001,5
Train,32002,0
Train,32003,1
Train,32004,7
Train,32005,4
Train,32006,3
Train,32007,4
Train,32008,9
Train,32009,0
Train,32010,6
Train,32011,1
Train,32012,5
Train,32013,2
Train,32014,8
Train,32015,5
Train,32016,0
Train,32017,4
Train,32018,4
Train,32019,8
Train,32020,7
Train,32021,3
Train,32022,0
Train,32023,8
Train,32024,4
Train,32025,0
Train,32026,4
Train,32027,6
Train,32028,2
Train,32029,4
Train,32030,2
Train,32031,5
Train,32032,7
Train,32033,0
Train,32034,8
Train,32035,6
Train,32036,2
Train,32037,8
Train,32038,8
Train,32039,9
Train,32040,9
Train,32041,9
Train,32042,1
Train,32043,3
Train,32044,5
Train,32045,2
Train,32046,3
Train,32047,2
Train,32048,5
Train,32049,2
Train,32050,4
Train,32051,8
Train,32052,3
Train,32053,7
Train,32054,3
Train,32055,5
Train,32056,0
Train,32057,2
Train,32058,0
Train,32059,2
Train,32060,6
Train,32061,7
Train,32062,0
Train,32063,6
Train,32064,9
Train,32065,9
Train,32066,4
Train,32067,2
Train,32068,7
Train,32069,4
Train,32070,0
Train,32071,2
Train,32072,9
Train,32073,7
Train,32074,6
Train,32075,3
Train,32076,0
Train,32077,8
Train,32078,0
Train,32079,5
Train,32080,6
Train,32081,0
Train,32082,6
Train,32083,1
Train,32084,9
Train,32085,3
Train,32086,8
Train,32087,1
Train,32088,4
Train,32089,8
Train,32090,0
Train,32091,0
Train,32092,8
Train,32093,5
Train,32094,4
Train,32095,4
Train,32096,9
Train,32097,7
Train,32098,3
Train,32099,1
Train,32100,4
Train,32101,2
Train,32102,9
Train,32103,2
Train,32104,9
Train,32105,6
Train,32106,2
Train,32107,0
Train,32108,3
Train,32109,0
Train,32110,9
Train,32111,8
Train,32112,9
Train,32113,3
Train,32114,8
Train,32115,9
Train,32116,7
Train,32117,4
Train,32118,5
Train,32119,4
Train,32120,4
Train,32121,1
Train,32122,5
Train,32123,9
Train,32124,5
Train,32125,6
Train,32126,6
Train,32127,2
Train,32128,3
Train,32129,9
Train,32130,4
Train,32131,0
Train,32132,8
Train,32133,9
Train,32134,3
Train,32135,1
Train,32136,2
Train,32137,5
Train,32138,8
Train,32139,3
Train,32140,0
Train,32141,2
Train,32142,3
Train,32143,3
Train,32144,0
Train,32145,3
Train,32146,9
Train,32147,1
Train,32148,7
Train,32149,0
Train,32150,7
Train,32151,2
Train,32152,7
Train,32153,2
Train,32154,7
Train,32155,3
Train,32156,9
Train,32157,7
Train,32158,9
Train,32159,1
Train,32160,3
Train,32161,1
Train,32162,7
Train,32163,9
Train,32164,9
Train,32165,8
Train,32166,2
Train,32167,2
Train,32168,1
Train,32169,4
Train,32170,6
Train,32171,8
Train,32172,3
Train,32173,0
Train,32174,6
Train,32175,9
Train,32176,9
Train,32177,7
Train,32178,8
Train,32179,4
Train,32180,3
Train,32181,2
Train,32182,8
Train,32183,8
Train,32184,5
Train,32185,7
Train,32186,4
Train,32187,7
Train,32188,0
Train,32189,1
Train,32190,0
Train,32191,6
Train,32192,9
Train,32193,6
Train,32194,0
Train,32195,5
Train,32196,5
Train,32197,6
Train,32198,6
Train,32199,5
Train,32200,8
Train,32201,4
Train,32202,1
Train,32203,8
Train,32204,0
Train,32205,8
Train,32206,0
Train,32207,8
Train,32208,7
Train,32209,9
Train,32210,1
Train,32211,7
Train,32212,6
Train,32213,8
Train,32214,4
Train,32215,3
Train,32216,5
Train,32217,0
Train,32218,0
Train,32219,3
Train,32220,0
Train,32221,9
Train,32222,3
Train,32223,9
Train,32224,4
Train,32225,4
Train,32226,1
Train,32227,5
Train,32228,6
Train,32229,4
Train,32230,3
Train,32231,5
Train,32232,0
Train,32233,0
Train,32234,8
Train,32235,1
Train,32236,7
Train,32237,6
Train,32238,5
Train,32239,7
Train,32240,6
Train,32241,7
Train,32242,9
Train,32243,8
Train,32244,4
Train,32245,9
Train,32246,8
Train,32247,0
Train,32248,6
Train,32249,9
Train,32250,3
Train,32251,0
Train,32252,1
Train,32253,4
Train,32254,9
Train,32255,5
Train,32256,0
Train,32257,2
Train,32258,1
Train,32259,8
Train,32260,4
Train,32261,3
Train,32262,1
Train,32263,0
Train,32264,3
Train,32265,8
Train,32266,9
Train,32267,0
Train,32268,4
Train,32269,7
Train,32270,4
Train,32271,8
Train,32272,5
Train,32273,9
Train,32274,2
Train,32275,8
Train,32276,4
Train,32277,5
Train,32278,2
Train,32279,8
Train,32280,4
Train,32281,8
Train,32282,7
Train,32283,0
Train,32284,4
Train,32285,4
Train,32286,7
Train,32287,7
Train,32288,4
Train,32289,2
Train,32290,0
Train,32291,2
Train,32292,9
Train,32293,3
Train,32294,1
Train,32295,1
Train,32296,7
Train,32297,3
Train,32298,7
Train,32299,2
Train,32300,4
Train,32301,9
Train,32302,4
Train,32303,4
Train,32304,3
Train,32305,1
Train,32306,8
Train,32307,7
Train,32308,2
Train,32309,0
Train,32310,2
Train,32311,1
Train,32312,3
Train,32313,8
Train,32314,6
Train,32315,4
Train,32316,0
Train,32317,7
Train,32318,0
Train,32319,1
Train,32320,3
Train,32321,2
Train,32322,8
Train,32323,8
Train,32324,5
Train,32325,3
Train,32326,0
Train,32327,8
Train,32328,2
Train,32329,7
Train,32330,2
Train,32331,8
Train,32332,2
Train,32333,5
Train,32334,6
Train,32335,7
Train,32336,5
Train,32337,9
Train,32338,6
Train,32339,6
Train,32340,6
Train,32341,0
Train,32342,5
Train,32343,7
Train,32344,6
Train,32345,6
Train,32346,0
Train,32347,7
Train,32348,1
Train,32349,8
Train,32350,3
Train,32351,8
Train,32352,5
Train,32353,2
Train,32354,7
Train,32355,9
Train,32356,8
Train,32357,8
Train,32358,3
Train,32359,6
Train,32360,8
Train,32361,2
Train,32362,6
Train,32363,0
Train,32364,5
Train,32365,0
Train,32366,1
Train,32367,1
Train,32368,4
Train,32369,0
Train,32370,8
Train,32371,3
Train,32372,3
Train,32373,4
Train,32374,7
Train,32375,2
Train,32376,0
Train,32377,2
Train,32378,0
Train,32379,3
Train,32380,9
Train,32381,6
Train,32382,7
Train,32383,7
Train,32384,4
Train,32385,6
Train,32386,5
Train,32387,2
Train,32388,4
Train,32389,3
Train,32390,6
Train,32391,4
Train,32392,3
Train,32393,5
Train,32394,8
Train,32395,7
Train,32396,6
Train,32397,6
Train,32398,0
Train,32399,7
Train,32400,3
Train,32401,0
Train,32402,1
Train,32403,0
Train,32404,3
Train,32405,3
Train,32406,2
Train,32407,9
Train,32408,7
Train,32409,2
Train,32410,1
Train,32411,0
Train,32412,6
Train,32413,4
Train,32414,7
Train,32415,4
Train,32416,3
Train,32417,7
Train,32418,1
Train,32419,2
Train,32420,2
Train,32421,8
Train,32422,6
Train,32423,3
Train,32424,8
Train,32425,5
Train,32426,8
Train,32427,5
Train,32428,7
Train,32429,8
Train,32430,2
Train,32431,5
Train,32432,0
Train,32433,7
Train,32434,6
Train,32435,6
Train,32436,0
Train,32437,2
Train,32438,1
Train,32439,9
Train,32440,7
Train,32441,8
Train,32442,9
Train,32443,3
Train,32444,0
Train,32445,4
Train,32446,4
Train,32447,8
Train,32448,8
Train,32449,3
Train,32450,4
Train,32451,3
Train,32452,5
Train,32453,1
Train,32454,6
Train,32455,0
Train,32456,2
Train,32457,2
Train,32458,1
Train,32459,4
Train,32460,0
Train,32461,8
Train,32462,1
Train,32463,8
Train,32464,8
Train,32465,8
Train,32466,9
Train,32467,2
Train,32468,5
Train,32469,7
Train,32470,2
Train,32471,0
Train,32472,1
Train,32473,9
Train,32474,1
Train,32475,8
Train,32476,9
Train,32477,2
Train,32478,4
Train,32479,0
Train,32480,2
Train,32481,5
Train,32482,2
Train,32483,0
Train,32484,0
Train,32485,7
Train,32486,1
Train,32487,7
Train,32488,1
Train,32489,9
Train,32490,7
Train,32491,4
Train,32492,1
Train,32493,6
Train,32494,4
Train,32495,9
Train,32496,4
Train,32497,6
Train,32498,7
Train,32499,2
Train,32500,6
Train,32501,8
Train,32502,1
Train,32503,7
Train,32504,3
Train,32505,0
Train,32506,8
Train,32507,7
Train,32508,0
Train,32509,3
Train,32510,3
Train,32511,5
Train,32512,8
Train,32513,2
Train,32514,7
Train,32515,6
Train,32516,5
Train,32517,3
Train,32518,4
Train,32519,4
Train,32520,3
Train,32521,6
Train,32522,0
Train,32523,4
Train,32524,3
Train,32525,4
Train,32526,2
Train,32527,3
Train,32528,7
Train,32529,5
Train,32530,5
Train,32531,7
Train,32532,8
Train,32533,4
Train,32534,6
Train,32535,4
Train,32536,6
Train,32537,6
Train,32538,0
Train,32539,4
Train,32540,8
Train,32541,3
Train,32542,4
Train,32543,8
Train,32544,2
Train,32545,7
Train,32546,7
Train,32547,8
Train,32548,5
Train,32549,9
Train,32550,9
Train,32551,8
Train,32552,9
Train,32553,4
Train,32554,5
Train,32555,3
Train,32556,5
Train,32557,3
Train,32558,3
Train,32559,5
Train,32560,8
Train,32561,7
Train,32562,8
Train,32563,9
Train,32564,1
Train,32565,6
Train,32566,5
Train,32567,8
Train,32568,7
Train,32569,6
Train,32570,2
Train,32571,4
Train,32572,6
Train,32573,0
Train,32574,8
Train,32575,9
Train,32576,5
Train,32577,8
Train,32578,8
Train,32579,7
Train,32580,1
Train,32581,6
Train,32582,2
Train,32583,3
Train,32584,1
Train,32585,4
Train,32586,7
Train,32587,2
Train,32588,9
Train,32589,9
Train,32590,4
Train,32591,9
Train,32592,0
Train,32593,4
Train,32594,7
Train,32595,9
Train,32596,3
Train,32597,7
Train,32598,5
Train,32599,6
Train,32600,9
Train,32601,1
Train,32602,0
Train,32603,1
Train,32604,2
Train,32605,9
Train,32606,6
Train,32607,3
Train,32608,4
Train,32609,8
Train,32610,7
Train,32611,8
Train,32612,9
Train,32613,0
Train,32614,3
Train,32615,4
Train,32616,6
Train,32617,0
Train,32618,8
Train,32619,8
Train,32620,4
Train,32621,3
Train,32622,8
Train,32623,1
Train,32624,1
Train,32625,5
Train,32626,0
Train,32627,0
Train,32628,6
Train,32629,0
Train,32630,3
Train,32631,0
Train,32632,7
Train,32633,7
Train,32634,4
Train,32635,9
Train,32636,5
Train,32637,6
Train,32638,7
Train,32639,2
Train,32640,7
Train,32641,5
Train,32642,2
Train,32643,4
Train,32644,8
Train,32645,4
Train,32646,7
Train,32647,1
Train,32648,6
Train,32649,3
Train,32650,4
Train,32651,8
Train,32652,1
Train,32653,9
Train,32654,4
Train,32655,4
Train,32656,5
Train,32657,4
Train,32658,5
Train,32659,0
Train,32660,7
Train,32661,0
Train,32662,0
Train,32663,8
Train,32664,9
Train,32665,1
Train,32666,9
Train,32667,5
Train,32668,7
Train,32669,0
Train,32670,0
Train,32671,8
Train,32672,3
Train,32673,7
Train,32674,6
Train,32675,6
Train,32676,8
Train,32677,5
Train,32678,2
Train,32679,1
Train,32680,4
Train,32681,1
Train,32682,3
Train,32683,0
Train,32684,1
Train,32685,3
Train,32686,3
Train,32687,2
Train,32688,7
Train,32689,6
Train,32690,6
Train,32691,8
Train,32692,4
Train,32693,2
Train,32694,6
Train,32695,3
Train,32696,7
Train,32697,2
Train,32698,8
Train,32699,6
Train,32700,7
Train,32701,9
Train,32702,3
Train,32703,0
Train,32704,7
Train,32705,2
Train,32706,2
Train,32707,6
Train,32708,0
Train,32709,6
Train,32710,6
Train,32711,2
Train,32712,9
Train,32713,0
Train,32714,8
Train,32715,3
Train,32716,8
Train,32717,9
Train,32718,0
Train,32719,5
Train,32720,1
Train,32721,0
Train,32722,4
Train,32723,2
Train,32724,9
Train,32725,3
Train,32726,8
Train,32727,8
Train,32728,8
Train,32729,9
Train,32730,2
Train,32731,4
Train,32732,3
Train,32733,7
Train,32734,0
Train,32735,9
Train,32736,1
Train,32737,1
Train,32738,8
Train,32739,6
Train,32740,7
Train,32741,2
Train,32742,9
Train,32743,1
Train,32744,0
Train,32745,9
Train,32746,6
Train,32747,5
Train,32748,8
Train,32749,1
Train,32750,7
Train,32751,5
Train,32752,6
Train,32753,5
Train,32754,4
Train,32755,9
Train,32756,4
Train,32757,4
Train,32758,5
Train,32759,6
Train,32760,8
Train,32761,0
Train,32762,6
Train,32763,2
Train,32764,5
Train,32765,8
Train,32766,9
Train,32767,8
Train,32768,6
Train,32769,5
Train,32770,5
Train,32771,1
Train,32772,6
Train,32773,5
Train,32774,3
Train,32775,0
Train,32776,4
Train,32777,8
Train,32778,9
Train,32779,7
Train,32780,5
Train,32781,6
Train,32782,5
Train,32783,8
Train,32784,4
Train,32785,5
Train,32786,4
Train,32787,1
Train,32788,5
Train,32789,4
Train,32790,0
Train,32791,2
Train,32792,2
Train,32793,6
Train,32794,3
Train,32795,5
Train,32796,5
Train,32797,4
Train,32798,5
Train,32799,4
Train,32800,8
Train,32801,5
Train,32802,6
Train,32803,4
Train,32804,5
Train,32805,5
Train,32806,1
Train,32807,2
Train,32808,3
Train,32809,2
Train,32810,9
Train,32811,1
Train,32812,6
Train,32813,3
Train,32814,8
Train,32815,7
Train,32816,2
Train,32817,5
Train,32818,4
Train,32819,8
Train,32820,9
Train,32821,5
Train,32822,4
Train,32823,8
Train,32824,5
Train,32825,3
Train,32826,3
Train,32827,1
Train,32828,6
Train,32829,2
Train,32830,0
Train,32831,0
Train,32832,8
Train,32833,5
Train,32834,8
Train,32835,5
Train,32836,8
Train,32837,1
Train,32838,9
Train,32839,0
Train,32840,8
Train,32841,9
Train,32842,4
Train,32843,3
Train,32844,3
Train,32845,5
Train,32846,3
Train,32847,1
Train,32848,9
Train,32849,5
Train,32850,2
Train,32851,9
Train,32852,8
Train,32853,6
Train,32854,4
Train,32855,6
Train,32856,6
Train,32857,0
Train,32858,2
Train,32859,6
Train,32860,1
Train,32861,8
Train,32862,5
Train,32863,5
Train,32864,5
Train,32865,8
Train,32866,6
Train,32867,4
Train,32868,6
Train,32869,6
Train,32870,0
Train,32871,6
Train,32872,8
Train,32873,0
Train,32874,0
Train,32875,7
Train,32876,8
Train,32877,5
Train,32878,9
Train,32879,9
Train,32880,6
Train,32881,3
Train,32882,4
Train,32883,1
Train,32884,0
Train,32885,0
Train,32886,1
Train,32887,8
Train,32888,7
Train,32889,5
Train,32890,4
Train,32891,5
Train,32892,4
Train,32893,4
Train,32894,6
Train,32895,5
Train,32896,8
Train,32897,8
Train,32898,7
Train,32899,2
Train,32900,5
Train,32901,4
Train,32902,9
Train,32903,0
Train,32904,6
Train,32905,0
Train,32906,5
Train,32907,6
Train,32908,2
Train,32909,4
Train,32910,5
Train,32911,7
Train,32912,5
Train,32913,1
Train,32914,3
Train,32915,8
Train,32916,2
Train,32917,3
Train,32918,6
Train,32919,5
Train,32920,7
Train,32921,9
Train,32922,6
Train,32923,3
Train,32924,5
Train,32925,9
Train,32926,5
Train,32927,8
Train,32928,4
Train,32929,4
Train,32930,4
Train,32931,0
Train,32932,7
Train,32933,8
Train,32934,0
Train,32935,5
Train,32936,3
Train,32937,1
Train,32938,3
Train,32939,3
Train,32940,9
Train,32941,1
Train,32942,5
Train,32943,2
Train,32944,5
Train,32945,9
Train,32946,5
Train,32947,4
Train,32948,7
Train,32949,6
Train,32950,5
Train,32951,2
Train,32952,9
Train,32953,6
Train,32954,0
Train,32955,8
Train,32956,2
Train,32957,5
Train,32958,6
Train,32959,1
Train,32960,4
Train,32961,4
Train,32962,9
Train,32963,3
Train,32964,9
Train,32965,9
Train,32966,6
Train,32967,0
Train,32968,0
Train,32969,4
Train,32970,6
Train,32971,0
Train,32972,2
Train,32973,7
Train,32974,8
Train,32975,6
Train,32976,5
Train,32977,8
Train,32978,5
Train,32979,1
Train,32980,3
Train,32981,2
Train,32982,3
Train,32983,1
Train,32984,9
Train,32985,6
Train,32986,3
Train,32987,8
Train,32988,1
Train,32989,4
Train,32990,0
Train,32991,2
Train,32992,7
Train,32993,6
Train,32994,1
Train,32995,7
Train,32996,2
Train,32997,4
Train,32998,3
Train,32999,5
Train,33000,0
Train,33001,5
Train,33002,4
Train,33003,0
Train,33004,4
Train,33005,8
Train,33006,5
Train,33007,3
Train,33008,3
Train,33009,7
Train,33010,9
Train,33011,0
Train,33012,6
Train,33013,4
Train,33014,8
Train,33015,4
Train,33016,4
Train,33017,5
Train,33018,6
Train,33019,7
Train,33020,4
Train,33021,2
Train,33022,8
Train,33023,2
Train,33024,9
Train,33025,9
Train,33026,7
Train,33027,4
Train,33028,9
Train,33029,8
Train,33030,2
Train,33031,3
Train,33032,2
Train,33033,3
Train,33034,1
Train,33035,5
Train,33036,7
Train,33037,4
Train,33038,4
Train,33039,5
Train,33040,7
Train,33041,3
Train,33042,2
Train,33043,3
Train,33044,6
Train,33045,7
Train,33046,7
Train,33047,2
Train,33048,7
Train,33049,3
Train,33050,1
Train,33051,2
Train,33052,0
Train,33053,9
Train,33054,2
Train,33055,8
Train,33056,5
Train,33057,4
Train,33058,0
Train,33059,1
Train,33060,6
Train,33061,8
Train,33062,0
Train,33063,1
Train,33064,5
Train,33065,6
Train,33066,4
Train,33067,5
Train,33068,4
Train,33069,6
Train,33070,4
Train,33071,7
Train,33072,8
Train,33073,4
Train,33074,7
Train,33075,9
Train,33076,0
Train,33077,9
Train,33078,8
Train,33079,5
Train,33080,4
Train,33081,2
Train,33082,7
Train,33083,2
Train,33084,2
Train,33085,1
Train,33086,6
Train,33087,0
Train,33088,9
Train,33089,9
Train,33090,2
Train,33091,6
Train,33092,3
Train,33093,8
Train,33094,4
Train,33095,4
Train,33096,7
Train,33097,1
Train,33098,3
Train,33099,4
Train,33100,3
Train,33101,3
Train,33102,7
Train,33103,2
Train,33104,8
Train,33105,1
Train,33106,7
Train,33107,2
Train,33108,2
Train,33109,8
Train,33110,9
Train,33111,8
Train,33112,1
Train,33113,3
Train,33114,1
Train,33115,4
Train,33116,5
Train,33117,0
Train,33118,1
Train,33119,8
Train,33120,7
Train,33121,2
Train,33122,1
Train,33123,6
Train,33124,8
Train,33125,5
Train,33126,1
Train,33127,0
Train,33128,0
Train,33129,4
Train,33130,0
Train,33131,3
Train,33132,3
Train,33133,3
Train,33134,2
Train,33135,2
Train,33136,5
Train,33137,2
Train,33138,5
Train,33139,7
Train,33140,4
Train,33141,6
Train,33142,5
Train,33143,8
Train,33144,9
Train,33145,8
Train,33146,0
Train,33147,9
Train,33148,0
Train,33149,9
Train,33150,7
Train,33151,7
Train,33152,2
Train,33153,0
Train,33154,5
Train,33155,7
Train,33156,8
Train,33157,9
Train,33158,8
Train,33159,3
Train,33160,0
Train,33161,5
Train,33162,0
Train,33163,5
Train,33164,1
Train,33165,8
Train,33166,5
Train,33167,4
Train,33168,3
Train,33169,3
Train,33170,2
Train,33171,4
Train,33172,5
Train,33173,6
Train,33174,7
Train,33175,2
Train,33176,7
Train,33177,3
Train,33178,6
Train,33179,0
Train,33180,4
Train,33181,1
Train,33182,9
Train,33183,2
Train,33184,8
Train,33185,4
Train,33186,0
Train,33187,4
Train,33188,1
Train,33189,7
Train,33190,8
Train,33191,7
Train,33192,6
Train,33193,5
Train,33194,1
Train,33195,8
Train,33196,1
Train,33197,4
Train,33198,1
Train,33199,5
Train,33200,9
Train,33201,6
Train,33202,0
Train,33203,7
Train,33204,2
Train,33205,2
Train,33206,1
Train,33207,1
Train,33208,9
Train,33209,4
Train,33210,3
Train,33211,3
Train,33212,6
Train,33213,6
Train,33214,0
Train,33215,4
Train,33216,6
Train,33217,1
Train,33218,2
Train,33219,9
Train,33220,7
Train,33221,4
Train,33222,4
Train,33223,4
Train,33224,9
Train,33225,8
Train,33226,4
Train,33227,8
Train,33228,1
Train,33229,0
Train,33230,1
Train,33231,8
Train,33232,4
Train,33233,2
Train,33234,2
Train,33235,0
Train,33236,3
Train,33237,1
Train,33238,3
Train,33239,4
Train,33240,8
Train,33241,1
Train,33242,0
Train,33243,0
Train,33244,6
Train,33245,4
Train,33246,5
Train,33247,6
Train,33248,9
Train,33249,0
Train,33250,1
Train,33251,6
Train,33252,1
Train,33253,4
Train,33254,7
Train,33255,0
Train,33256,6
Train,33257,1
Train,33258,0
Train,33259,5
Train,33260,6
Train,33261,1
Train,33262,3
Train,33263,2
Train,33264,8
Train,33265,7
Train,33266,4
Train,33267,3
Train,33268,0
Train,33269,5
Train,33270,2
Train,33271,1
Train,33272,4
Train,33273,4
Train,33274,6
Train,33275,3
Train,33276,2
Train,33277,2
Train,33278,6
Train,33279,4
Train,33280,3
Train,33281,9
Train,33282,2
Train,33283,5
Train,33284,9
Train,33285,1
Train,33286,2
Train,33287,8
Train,33288,4
Train,33289,5
Train,33290,4
Train,33291,2
Train,33292,1
Train,33293,2
Train,33294,5
Train,33295,5
Train,33296,4
Train,33297,5
Train,33298,6
Train,33299,7
Train,33300,2
Train,33301,3
Train,33302,4
Train,33303,2
Train,33304,5
Train,33305,1
Train,33306,5
Train,33307,1
Train,33308,7
Train,33309,6
Train,33310,2
Train,33311,5
Train,33312,4
Train,33313,5
Train,33314,1
Train,33315,0
Train,33316,9
Train,33317,8
Train,33318,3
Train,33319,5
Train,33320,5
Train,33321,1
Train,33322,8
Train,33323,2
Train,33324,7
Train,33325,0
Train,33326,9
Train,33327,1
Train,33328,0
Train,33329,3
Train,33330,7
Train,33331,5
Train,33332,6
Train,33333,5
Train,33334,4
Train,33335,8
Train,33336,0
Train,33337,3
Train,33338,5
Train,33339,0
Train,33340,7
Train,33341,7
Train,33342,4
Train,33343,7
Train,33344,9
Train,33345,3
Train,33346,3
Train,33347,0
Train,33348,7
Train,33349,7
Train,33350,2
Train,33351,1
Train,33352,4
Train,33353,3
Train,33354,5
Train,33355,3
Train,33356,8
Train,33357,4
Train,33358,3
Train,33359,4
Train,33360,0
Train,33361,2
Train,33362,9
Train,33363,0
Train,33364,6
Train,33365,4
Train,33366,6
Train,33367,6
Train,33368,0
Train,33369,4
Train,33370,4
Train,33371,3
Train,33372,8
Train,33373,4
Train,33374,7
Train,33375,3
Train,33376,9
Train,33377,2
Train,33378,4
Train,33379,2
Train,33380,0
Train,33381,6
Train,33382,7
Train,33383,4
Train,33384,8
Train,33385,8
Train,33386,0
Train,33387,3
Train,33388,7
Train,33389,7
Train,33390,1
Train,33391,9
Train,33392,1
Train,33393,3
Train,33394,5
Train,33395,2
Train,33396,2
Train,33397,7
Train,33398,8
Train,33399,1
Train,33400,6
Train,33401,4
Train,33402,6
Train,33403,2
Train,33404,9
Train,33405,6
Train,33406,8
Train,33407,8
Train,33408,4
Train,33409,3
Train,33410,8
Train,33411,6
Train,33412,2
Train,33413,9
Train,33414,0
Train,33415,1
Train,33416,0
Train,33417,9
Train,33418,8
Train,33419,0
Train,33420,6
Train,33421,0
Train,33422,3
Train,33423,5
Train,33424,5
Train,33425,6
Train,33426,1
Train,33427,3
Train,33428,3
Train,33429,5
Train,33430,5
Train,33431,9
Train,33432,9
Train,33433,9
Train,33434,4
Train,33435,5
Train,33436,6
Train,33437,9
Train,33438,0
Train,33439,7
Train,33440,1
Train,33441,8
Train,33442,2
Train,33443,3
Train,33444,9
Train,33445,2
Train,33446,8
Train,33447,0
Train,33448,2
Train,33449,2
Train,33450,7
Train,33451,0
Train,33452,1
Train,33453,0
Train,33454,5
Train,33455,5
Train,33456,8
Train,33457,2
Train,33458,4
Train,33459,8
Train,33460,9
Train,33461,0
Train,33462,2
Train,33463,3
Train,33464,5
Train,33465,4
Train,33466,6
Train,33467,5
Train,33468,6
Train,33469,7
Train,33470,6
Train,33471,0
Train,33472,9
Train,33473,4
Train,33474,2
Train,33475,7
Train,33476,5
Train,33477,5
Train,33478,0
Train,33479,4
Train,33480,4
Train,33481,2
Train,33482,4
Train,33483,9
Train,33484,3
Train,33485,7
Train,33486,9
Train,33487,9
Train,33488,6
Train,33489,0
Train,33490,2
Train,33491,6
Train,33492,6
Train,33493,2
Train,33494,5
Train,33495,7
Train,33496,7
Train,33497,6
Train,33498,2
Train,33499,4
Train,33500,8
Train,33501,4
Train,33502,0
Train,33503,2
Train,33504,5
Train,33505,1
Train,33506,6
Train,33507,4
Train,33508,2
Train,33509,0
Train,33510,0
Train,33511,3
Train,33512,4
Train,33513,2
Train,33514,0
Train,33515,4
Train,33516,0
Train,33517,6
Train,33518,2
Train,33519,2
Train,33520,9
Train,33521,8
Train,33522,7
Train,33523,4
Train,33524,7
Train,33525,3
Train,33526,3
Train,33527,7
Train,33528,6
Train,33529,4
Train,33530,0
Train,33531,2
Train,33532,1
Train,33533,8
Train,33534,5
Train,33535,2
Train,33536,6
Train,33537,8
Train,33538,9
Train,33539,1
Train,33540,1
Train,33541,6
Train,33542,0
Train,33543,6
Train,33544,2
Train,33545,1
Train,33546,3
Train,33547,9
Train,33548,6
Train,33549,8
Train,33550,2
Train,33551,6
Train,33552,5
Train,33553,7
Train,33554,8
Train,33555,5
Train,33556,7
Train,33557,6
Train,33558,0
Train,33559,7
Train,33560,3
Train,33561,1
Train,33562,8
Train,33563,9
Train,33564,2
Train,33565,6
Train,33566,6
Train,33567,5
Train,33568,9
Train,33569,1
Train,33570,8
Train,33571,8
Train,33572,0
Train,33573,0
Train,33574,4
Train,33575,2
Train,33576,5
Train,33577,8
Train,33578,5
Train,33579,5
Train,33580,2
Train,33581,4
Train,33582,3
Train,33583,7
Train,33584,0
Train,33585,7
Train,33586,4
Train,33587,2
Train,33588,9
Train,33589,0
Train,33590,4
Train,33591,7
Train,33592,7
Train,33593,9
Train,33594,6
Train,33595,6
Train,33596,0
Train,33597,4
Train,33598,1
Train,33599,1
Train,33600,3
Train,33601,3
Train,33602,2
Train,33603,0
Train,33604,6
Train,33605,7
Train,33606,5
Train,33607,3
Train,33608,6
Train,33609,5
Train,33610,4
Train,33611,1
Train,33612,3
Train,33613,8
Train,33614,4
Train,33615,1
Train,33616,2
Train,33617,0
Train,33618,7
Train,33619,6
Train,33620,9
Train,33621,2
Train,33622,5
Train,33623,6
Train,33624,1
Train,33625,1
Train,33626,8
Train,33627,6
Train,33628,5
Train,33629,5
Train,33630,6
Train,33631,5
Train,33632,2
Train,33633,3
Train,33634,5
Train,33635,3
Train,33636,7
Train,33637,9
Train,33638,0
Train,33639,9
Train,33640,1
Train,33641,8
Train,33642,3
Train,33643,1
Train,33644,2
Train,33645,5
Train,33646,1
Train,33647,0
Train,33648,7
Train,33649,2
Train,33650,1
Train,33651,8
Train,33652,7
Train,33653,3
Train,33654,0
Train,33655,8
Train,33656,9
Train,33657,4
Train,33658,1
Train,33659,7
Train,33660,7
Train,33661,8
Train,33662,0
Train,33663,6
Train,33664,4
Train,33665,9
Train,33666,4
Train,33667,4
Train,33668,9
Train,33669,4
Train,33670,0
Train,33671,9
Train,33672,9
Train,33673,4
Train,33674,4
Train,33675,4
Train,33676,9
Train,33677,2
Train,33678,7
Train,33679,9
Train,33680,2
Train,33681,7
Train,33682,5
Train,33683,0
Train,33684,7
Train,33685,4
Train,33686,1
Train,33687,6
Train,33688,4
Train,33689,7
Train,33690,6
Train,33691,3
Train,33692,4
Train,33693,1
Train,33694,0
Train,33695,8
Train,33696,6
Train,33697,4
Train,33698,7
Train,33699,2
Train,33700,0
Train,33701,6
Train,33702,5
Train,33703,4
Train,33704,6
Train,33705,1
Train,33706,5
Train,33707,5
Train,33708,2
Train,33709,3
Train,33710,5
Train,33711,0
Train,33712,7
Train,33713,8
Train,33714,3
Train,33715,6
Train,33716,8
Train,33717,3
Train,33718,1
Train,33719,4
Train,33720,5
Train,33721,3
Train,33722,7
Train,33723,5
Train,33724,1
Train,33725,4
Train,33726,6
Train,33727,7
Train,33728,0
Train,33729,9
Train,33730,2
Train,33731,6
Train,33732,0
Train,33733,6
Train,33734,1
Train,33735,4
Train,33736,9
Train,33737,5
Train,33738,6
Train,33739,9
Train,33740,4
Train,33741,2
Train,33742,1
Train,33743,4
Train,33744,4
Train,33745,1
Train,33746,9
Train,33747,5
Train,33748,1
Train,33749,4
Train,33750,0
Train,33751,1
Train,33752,8
Train,33753,4
Train,33754,1
Train,33755,7
Train,33756,8
Train,33757,5
Train,33758,6
Train,33759,6
Train,33760,8
Train,33761,8
Train,33762,1
Train,33763,7
Train,33764,0
Train,33765,5
Train,33766,9
Train,33767,0
Train,33768,5
Train,33769,6
Train,33770,0
Train,33771,2
Train,33772,1
Train,33773,7
Train,33774,9
Train,33775,7
Train,33776,2
Train,33777,2
Train,33778,9
Train,33779,3
Train,33780,0
Train,33781,0
Train,33782,9
Train,33783,8
Train,33784,9
Train,33785,6
Train,33786,9
Train,33787,6
Train,33788,3
Train,33789,3
Train,33790,9
Train,33791,6
Train,33792,2
Train,33793,2
Train,33794,9
Train,33795,5
Train,33796,4
Train,33797,0
Train,33798,4
Train,33799,6
Train,33800,5
Train,33801,3
Train,33802,8
Train,33803,4
Train,33804,7
Train,33805,7
Train,33806,9
Train,33807,4
Train,33808,1
Train,33809,9
Train,33810,3
Train,33811,2
Train,33812,6
Train,33813,9
Train,33814,3
Train,33815,8
Train,33816,4
Train,33817,8
Train,33818,5
Train,33819,0
Train,33820,5
Train,33821,7
Train,33822,2
Train,33823,4
Train,33824,6
Train,33825,7
Train,33826,4
Train,33827,4
Train,33828,3
Train,33829,2
Train,33830,9
Train,33831,0
Train,33832,1
Train,33833,3
Train,33834,2
Train,33835,5
Train,33836,2
Train,33837,5
Train,33838,1
Train,33839,9
Train,33840,8
Train,33841,3
Train,33842,2
Train,33843,7
Train,33844,7
Train,33845,1
Train,33846,2
Train,33847,1
Train,33848,6
Train,33849,2
Train,33850,7
Train,33851,2
Train,33852,8
Train,33853,5
Train,33854,2
Train,33855,7
Train,33856,9
Train,33857,0
Train,33858,9
Train,33859,1
Train,33860,7
Train,33861,8
Train,33862,4
Train,33863,4
Train,33864,0
Train,33865,9
Train,33866,1
Train,33867,0
Train,33868,9
Train,33869,8
Train,33870,1
Train,33871,2
Train,33872,4
Train,33873,5
Train,33874,3
Train,33875,5
Train,33876,3
Train,33877,7
Train,33878,5
Train,33879,3
Train,33880,3
Train,33881,2
Train,33882,3
Train,33883,6
Train,33884,7
Train,33885,6
Train,33886,9
Train,33887,9
Train,33888,8
Train,33889,5
Train,33890,2
Train,33891,5
Train,33892,8
Train,33893,9
Train,33894,3
Train,33895,0
Train,33896,9
Train,33897,1
Train,33898,9
Train,33899,2
Train,33900,9
Train,33901,2
Train,33902,7
Train,33903,3
Train,33904,7
Train,33905,0
Train,33906,4
Train,33907,1
Train,33908,7
Train,33909,9
Train,33910,1
Train,33911,2
Train,33912,5
Train,33913,9
Train,33914,3
Train,33915,3
Train,33916,3
Train,33917,3
Train,33918,5
Train,33919,0
Train,33920,4
Train,33921,7
Train,33922,0
Train,33923,0
Train,33924,6
Train,33925,3
Train,33926,0
Train,33927,5
Train,33928,9
Train,33929,2
Train,33930,9
Train,33931,5
Train,33932,2
Train,33933,0
Train,33934,0
Train,33935,7
Train,33936,7
Train,33937,9
Train,33938,6
Train,33939,1
Train,33940,3
Train,33941,1
Train,33942,8
Train,33943,0
Train,33944,3
Train,33945,7
Train,33946,8
Train,33947,4
Train,33948,6
Train,33949,7
Train,33950,0
Train,33951,1
Train,33952,3
Train,33953,6
Train,33954,8
Train,33955,3
Train,33956,3
Train,33957,5
Train,33958,9
Train,33959,4
Train,33960,0
Train,33961,4
Train,33962,5
Train,33963,1
Train,33964,3
Train,33965,5
Train,33966,9
Train,33967,6
Train,33968,7
Train,33969,8
Train,33970,1
Train,33971,4
Train,33972,3
Train,33973,6
Train,33974,1
Train,33975,0
Train,33976,3
Train,33977,2
Train,33978,3
Train,33979,4
Train,33980,3
Train,33981,7
Train,33982,9
Train,33983,0
Train,33984,2
Train,33985,1
Train,33986,5
Train,33987,2
Train,33988,6
Train,33989,5
Train,33990,6
Train,33991,9
Train,33992,8
Train,33993,4
Train,33994,9
Train,33995,7
Train,33996,0
Train,33997,5
Train,33998,4
Train,33999,0
Train,34000,3
Train,34001,8
Train,34002,0
Train,34003,5
Train,34004,8
Train,34005,3
Train,34006,9
Train,34007,5
Train,34008,5
Train,34009,0
Train,34010,7
Train,34011,3
Train,34012,0
Train,34013,6
Train,34014,3
Train,34015,7
Train,34016,3
Train,34017,0
Train,34018,0
Train,34019,0
Train,34020,6
Train,34021,8
Train,34022,0
Train,34023,2
Train,34024,9
Train,34025,7
Train,34026,0
Train,34027,5
Train,34028,6
Train,34029,3
Train,34030,8
Train,34031,6
Train,34032,0
Train,34033,6
Train,34034,9
Train,34035,6
Train,34036,0
Train,34037,0
Train,34038,4
Train,34039,6
Train,34040,0
Train,34041,8
Train,34042,3
Train,34043,1
Train,34044,7
Train,34045,6
Train,34046,7
Train,34047,3
Train,34048,5
Train,34049,9
Train,34050,2
Train,34051,4
Train,34052,1
Train,34053,2
Train,34054,5
Train,34055,3
Train,34056,6
Train,34057,5
Train,34058,6
Train,34059,5
Train,34060,4
Train,34061,3
Train,34062,2
Train,34063,1
Train,34064,1
Train,34065,1
Train,34066,1
Train,34067,7
Train,34068,1
Train,34069,1
Train,34070,0
Train,34071,2
Train,34072,9
Train,34073,9
Train,34074,5
Train,34075,6
Train,34076,6
Train,34077,9
Train,34078,9
Train,34079,2
Train,34080,1
Train,34081,1
Train,34082,4
Train,34083,0
Train,34084,5
Train,34085,9
Train,34086,2
Train,34087,4
Train,34088,2
Train,34089,8
Train,34090,1
Train,34091,6
Train,34092,6
Train,34093,8
Train,34094,8
Train,34095,5
Train,34096,8
Train,34097,1
Train,34098,8
Train,34099,3
Train,34100,8
Train,34101,0
Train,34102,2
Train,34103,4
Train,34104,8
Train,34105,5
Train,34106,0
Train,34107,7
Train,34108,1
Train,34109,0
Train,34110,9
Train,34111,5
Train,34112,5
Train,34113,7
Train,34114,4
Train,34115,2
Train,34116,3
Train,34117,5
Train,34118,1
Train,34119,4
Train,34120,8
Train,34121,0
Train,34122,5
Train,34123,0
Train,34124,2
Train,34125,0
Train,34126,7
Train,34127,4
Train,34128,1
Train,34129,9
Train,34130,2
Train,34131,0
Train,34132,5
Train,34133,5
Train,34134,9
Train,34135,8
Train,34136,3
Train,34137,8
Train,34138,1
Train,34139,6
Train,34140,8
Train,34141,6
Train,34142,6
Train,34143,6
Train,34144,4
Train,34145,1
Train,34146,3
Train,34147,9
Train,34148,6
Train,34149,2
Train,34150,0
Train,34151,7
Train,34152,8
Train,34153,1
Train,34154,9
Train,34155,3
Train,34156,6
Train,34157,6
Train,34158,9
Train,34159,3
Train,34160,3
Train,34161,7
Train,34162,1
Train,34163,1
Train,34164,1
Train,34165,7
Train,34166,2
Train,34167,4
Train,34168,0
Train,34169,4
Train,34170,3
Train,34171,8
Train,34172,3
Train,34173,0
Train,34174,4
Train,34175,9
Train,34176,1
Train,34177,9
Train,34178,2
Train,34179,1
Train,34180,5
Train,34181,2
Train,34182,4
Train,34183,5
Train,34184,3
Train,34185,3
Train,34186,5
Train,34187,2
Train,34188,5
Train,34189,0
Train,34190,0
Train,34191,7
Train,34192,5
Train,34193,4
Train,34194,1
Train,34195,6
Train,34196,2
Train,34197,3
Train,34198,8
Train,34199,3
Train,34200,2
Train,34201,0
Train,34202,1
Train,34203,2
Train,34204,3
Train,34205,9
Train,34206,1
Train,34207,5
Train,34208,8
Train,34209,6
Train,34210,8
Train,34211,6
Train,34212,8
Train,34213,4
Train,34214,9
Train,34215,4
Train,34216,5
Train,34217,4
Train,34218,2
Train,34219,2
Train,34220,5
Train,34221,5
Train,34222,2
Train,34223,9
Train,34224,8
Train,34225,3
Train,34226,7
Train,34227,4
Train,34228,7
Train,34229,4
Train,34230,6
Train,34231,0
Train,34232,9
Train,34233,1
Train,34234,0
Train,34235,0
Train,34236,3
Train,34237,5
Train,34238,1
Train,34239,7
Train,34240,7
Train,34241,7
Train,34242,6
Train,34243,3
Train,34244,3
Train,34245,6
Train,34246,1
Train,34247,4
Train,34248,8
Train,34249,1
Train,34250,0
Train,34251,9
Train,34252,5
Train,34253,7
Train,34254,2
Train,34255,4
Train,34256,2
Train,34257,7
Train,34258,1
Train,34259,0
Train,34260,7
Train,34261,4
Train,34262,2
Train,34263,1
Train,34264,6
Train,34265,6
Train,34266,2
Train,34267,4
Train,34268,2
Train,34269,1
Train,34270,0
Train,34271,9
Train,34272,6
Train,34273,7
Train,34274,8
Train,34275,7
Train,34276,8
Train,34277,7
Train,34278,1
Train,34279,0
Train,34280,0
Train,34281,3
Train,34282,7
Train,34283,0
Train,34284,8
Train,34285,9
Train,34286,6
Train,34287,1
Train,34288,6
Train,34289,0
Train,34290,9
Train,34291,7
Train,34292,8
Train,34293,2
Train,34294,3
Train,34295,8
Train,34296,8
Train,34297,3
Train,34298,4
Train,34299,5
Train,34300,1
Train,34301,1
Train,34302,5
Train,34303,5
Train,34304,6
Train,34305,2
Train,34306,4
Train,34307,2
Train,34308,7
Train,34309,9
Train,34310,8
Train,34311,6
Train,34312,5
Train,34313,0
Train,34314,9
Train,34315,8
Train,34316,4
Train,34317,3
Train,34318,0
Train,34319,8
Train,34320,2
Train,34321,0
Train,34322,6
Train,34323,5
Train,34324,6
Train,34325,2
Train,34326,6
Train,34327,1
Train,34328,4
Train,34329,7
Train,34330,3
Train,34331,4
Train,34332,7
Train,34333,8
Train,34334,3
Train,34335,7
Train,34336,1
Train,34337,4
Train,34338,6
Train,34339,7
Train,34340,2
Train,34341,0
Train,34342,8
Train,34343,4
Train,34344,4
Train,34345,3
Train,34346,2
Train,34347,1
Train,34348,9
Train,34349,1
Train,34350,4
Train,34351,8
Train,34352,4
Train,34353,5
Train,34354,3
Train,34355,9
Train,34356,7
Train,34357,7
Train,34358,1
Train,34359,8
Train,34360,3
Train,34361,3
Train,34362,6
Train,34363,2
Train,34364,1
Train,34365,4
Train,34366,9
Train,34367,7
Train,34368,6
Train,34369,8
Train,34370,9
Train,34371,8
Train,34372,7
Train,34373,2
Train,34374,5
Train,34375,1
Train,34376,1
Train,34377,2
Train,34378,7
Train,34379,3
Train,34380,7
Train,34381,0
Train,34382,5
Train,34383,5
Train,34384,4
Train,34385,1
Train,34386,9
Train,34387,8
Train,34388,6
Train,34389,5
Train,34390,9
Train,34391,5
Train,34392,7
Train,34393,2
Train,34394,6
Train,34395,9
Train,34396,2
Train,34397,3
Train,34398,2
Train,34399,9
Train,34400,1
Train,34401,7
Train,34402,9
Train,34403,5
Train,34404,8
Train,34405,8
Train,34406,4
Train,34407,3
Train,34408,2
Train,34409,9
Train,34410,4
Train,34411,5
Train,34412,7
Train,34413,2
Train,34414,2
Train,34415,6
Train,34416,1
Train,34417,0
Train,34418,4
Train,34419,8
Train,34420,1
Train,34421,0
Train,34422,6
Train,34423,9
Train,34424,5
Train,34425,4
Train,34426,1
Train,34427,9
Train,34428,7
Train,34429,1
Train,34430,6
Train,34431,4
Train,34432,6
Train,34433,2
Train,34434,0
Train,34435,9
Train,34436,5
Train,34437,3
Train,34438,7
Train,34439,3
Train,34440,7
Train,34441,8
Train,34442,1
Train,34443,6
Train,34444,5
Train,34445,1
Train,34446,7
Train,34447,6
Train,34448,0
Train,34449,2
Train,34450,4
Train,34451,5
Train,34452,3
Train,34453,1
Train,34454,0
Train,34455,8
Train,34456,9
Train,34457,2
Train,34458,5
Train,34459,0
Train,34460,0
Train,34461,3
Train,34462,8
Train,34463,2
Train,34464,4
Train,34465,3
Train,34466,2
Train,34467,6
Train,34468,8
Train,34469,7
Train,34470,7
Train,34471,8
Train,34472,5
Train,34473,8
Train,34474,9
Train,34475,9
Train,34476,5
Train,34477,4
Train,34478,5
Train,34479,3
Train,34480,9
Train,34481,9
Train,34482,2
Train,34483,9
Train,34484,1
Train,34485,9
Train,34486,3
Train,34487,7
Train,34488,2
Train,34489,1
Train,34490,3
Train,34491,8
Train,34492,3
Train,34493,1
Train,34494,5
Train,34495,2
Train,34496,3
Train,34497,2
Train,34498,3
Train,34499,2
Train,34500,0
Train,34501,3
Train,34502,9
Train,34503,2
Train,34504,4
Train,34505,6
Train,34506,7
Train,34507,9
Train,34508,2
Train,34509,7
Train,34510,3
Train,34511,7
Train,34512,5
Train,34513,2
Train,34514,8
Train,34515,9
Train,34516,5
Train,34517,3
Train,34518,7
Train,34519,1
Train,34520,7
Train,34521,8
Train,34522,8
Train,34523,8
Train,34524,5
Train,34525,9
Train,34526,9
Train,34527,8
Train,34528,7
Train,34529,2
Train,34530,1
Train,34531,5
Train,34532,9
Train,34533,1
Train,34534,5
Train,34535,9
Train,34536,3
Train,34537,0
Train,34538,9
Train,34539,6
Train,34540,1
Train,34541,5
Train,34542,6
Train,34543,6
Train,34544,7
Train,34545,3
Train,34546,8
Train,34547,0
Train,34548,1
Train,34549,9
Train,34550,6
Train,34551,5
Train,34552,6
Train,34553,2
Train,34554,1
Train,34555,2
Train,34556,4
Train,34557,9
Train,34558,0
Train,34559,7
Train,34560,8
Train,34561,4
Train,34562,4
Train,34563,6
Train,34564,6
Train,34565,5
Train,34566,2
Train,34567,0
Train,34568,0
Train,34569,7
Train,34570,4
Train,34571,1
Train,34572,9
Train,34573,9
Train,34574,4
Train,34575,4
Train,34576,8
Train,34577,8
Train,34578,0
Train,34579,3
Train,34580,2
Train,34581,3
Train,34582,8
Train,34583,7
Train,34584,7
Train,34585,4
Train,34586,9
Train,34587,9
Train,34588,1
Train,34589,4
Train,34590,3
Train,34591,7
Train,34592,7
Train,34593,3
Train,34594,6
Train,34595,1
Train,34596,1
Train,34597,2
Train,34598,1
Train,34599,7
Train,34600,2
Train,34601,0
Train,34602,6
Train,34603,6
Train,34604,4
Train,34605,7
Train,34606,3
Train,34607,0
Train,34608,2
Train,34609,2
Train,34610,8
Train,34611,2
Train,34612,6
Train,34613,7
Train,34614,2
Train,34615,8
Train,34616,1
Train,34617,4
Train,34618,1
Train,34619,8
Train,34620,2
Train,34621,6
Train,34622,9
Train,34623,3
Train,34624,2
Train,34625,9
Train,34626,5
Train,34627,0
Train,34628,9
Train,34629,1
Train,34630,2
Train,34631,7
Train,34632,6
Train,34633,9
Train,34634,5
Train,34635,5
Train,34636,8
Train,34637,1
Train,34638,4
Train,34639,2
Train,34640,9
Train,34641,8
Train,34642,4
Train,34643,6
Train,34644,6
Train,34645,9
Train,34646,0
Train,34647,3
Train,34648,7
Train,34649,3
Train,34650,3
Train,34651,2
Train,34652,6
Train,34653,2
Train,34654,2
Train,34655,8
Train,34656,8
Train,34657,8
Train,34658,3
Train,34659,5
Train,34660,5
Train,34661,3
Train,34662,6
Train,34663,2
Train,34664,0
Train,34665,9
Train,34666,9
Train,34667,9
Train,34668,4
Train,34669,2
Train,34670,4
Train,34671,4
Train,34672,7
Train,34673,1
Train,34674,6
Train,34675,1
Train,34676,0
Train,34677,8
Train,34678,6
Train,34679,6
Train,34680,4
Train,34681,8
Train,34682,3
Train,34683,8
Train,34684,6
Train,34685,2
Train,34686,6
Train,34687,5
Train,34688,7
Train,34689,3
Train,34690,1
Train,34691,8
Train,34692,4
Train,34693,0
Train,34694,6
Train,34695,8
Train,34696,6
Train,34697,1
Train,34698,2
Train,34699,4
Train,34700,1
Train,34701,1
Train,34702,5
Train,34703,3
Train,34704,5
Train,34705,0
Train,34706,6
Train,34707,7
Train,34708,7
Train,34709,7
Train,34710,3
Train,34711,0
Train,34712,8
Train,34713,9
Train,34714,3
Train,34715,0
Train,34716,6
Train,34717,7
Train,34718,8
Train,34719,7
Train,34720,1
Train,34721,1
Train,34722,0
Train,34723,1
Train,34724,0
Train,34725,6
Train,34726,9
Train,34727,4
Train,34728,5
Train,34729,2
Train,34730,9
Train,34731,9
Train,34732,5
Train,34733,7
Train,34734,2
Train,34735,2
Train,34736,5
Train,34737,4
Train,34738,5
Train,34739,5
Train,34740,6
Train,34741,3
Train,34742,3
Train,34743,8
Train,34744,4
Train,34745,0
Train,34746,0
Train,34747,2
Train,34748,0
Train,34749,8
Train,34750,0
Train,34751,4
Train,34752,4
Train,34753,9
Train,34754,6
Train,34755,5
Train,34756,3
Train,34757,5
Train,34758,0
Train,34759,8
Train,34760,4
Train,34761,0
Train,34762,6
Train,34763,5
Train,34764,6
Train,34765,6
Train,34766,0
Train,34767,9
Train,34768,3
Train,34769,2
Train,34770,4
Train,34771,3
Train,34772,9
Train,34773,9
Train,34774,9
Train,34775,6
Train,34776,4
Train,34777,4
Train,34778,1
Train,34779,3
Train,34780,0
Train,34781,0
Train,34782,7
Train,34783,0
Train,34784,4
Train,34785,8
Train,34786,6
Train,34787,0
Train,34788,7
Train,34789,2
Train,34790,5
Train,34791,1
Train,34792,8
Train,34793,4
Train,34794,1
Train,34795,6
Train,34796,9
Train,34797,5
Train,34798,6
Train,34799,0
Train,34800,9
Train,34801,3
Train,34802,1
Train,34803,5
Train,34804,6
Train,34805,6
Train,34806,3
Train,34807,7
Train,34808,4
Train,34809,1
Train,34810,1
Train,34811,9
Train,34812,5
Train,34813,1
Train,34814,8
Train,34815,8
Train,34816,4
Train,34817,6
Train,34818,5
Train,34819,4
Train,34820,6
Train,34821,1
Train,34822,3
Train,34823,6
Train,34824,4
Train,34825,8
Train,34826,7
Train,34827,2
Train,34828,0
Train,34829,6
Train,34830,1
Train,34831,0
Train,34832,1
Train,34833,5
Train,34834,8
Train,34835,3
Train,34836,2
Train,34837,5
Train,34838,5
Train,34839,5
Train,34840,4
Train,34841,5
Train,34842,9
Train,34843,9
Train,34844,7
Train,34845,1
Train,34846,5
Train,34847,7
Train,34848,7
Train,34849,6
Train,34850,1
Train,34851,3
Train,34852,4
Train,34853,3
Train,34854,5
Train,34855,0
Train,34856,0
Train,34857,6
Train,34858,3
Train,34859,5
Train,34860,9
Train,34861,6
Train,34862,1
Train,34863,9
Train,34864,7
Train,34865,3
Train,34866,2
Train,34867,9
Train,34868,7
Train,34869,8
Train,34870,8
Train,34871,1
Train,34872,9
Train,34873,2
Train,34874,6
Train,34875,6
Train,34876,7
Train,34877,5
Train,34878,9
Train,34879,5
Train,34880,5
Train,34881,4
Train,34882,4
Train,34883,9
Train,34884,5
Train,34885,2
Train,34886,3
Train,34887,5
Train,34888,5
Train,34889,3
Train,34890,1
Train,34891,5
Train,34892,8
Train,34893,8
Train,34894,8
Train,34895,4
Train,34896,2
Train,34897,8
Train,34898,6
Train,34899,7
Train,34900,7
Train,34901,3
Train,34902,1
Train,34903,9
Train,34904,7
Train,34905,1
Train,34906,1
Train,34907,2
Train,34908,9
Train,34909,1
Train,34910,8
Train,34911,1
Train,34912,6
Train,34913,1
Train,34914,3
Train,34915,7
Train,34916,9
Train,34917,0
Train,34918,7
Train,34919,0
Train,34920,6
Train,34921,6
Train,34922,6
Train,34923,1
Train,34924,5
Train,34925,2
Train,34926,6
Train,34927,1
Train,34928,2
Train,34929,7
Train,34930,2
Train,34931,5
Train,34932,6
Train,34933,3
Train,34934,3
Train,34935,5
Train,34936,4
Train,34937,7
Train,34938,0
Train,34939,4
Train,34940,1
Train,34941,5
Train,34942,6
Train,34943,9
Train,34944,0
Train,34945,5
Train,34946,3
Train,34947,4
Train,34948,0
Train,34949,0
Train,34950,4
Train,34951,6
Train,34952,3
Train,34953,6
Train,34954,5
Train,34955,7
Train,34956,4
Train,34957,9
Train,34958,9
Train,34959,2
Train,34960,2
Train,34961,6
Train,34962,1
Train,34963,8
Train,34964,0
Train,34965,6
Train,34966,9
Train,34967,3
Train,34968,2
Train,34969,4
Train,34970,9
Train,34971,2
Train,34972,5
Train,34973,9
Train,34974,2
Train,34975,9
Train,34976,6
Train,34977,8
Train,34978,3
Train,34979,8
Train,34980,3
Train,34981,2
Train,34982,1
Train,34983,8
Train,34984,3
Train,34985,2
Train,34986,6
Train,34987,3
Train,34988,5
Train,34989,0
Train,34990,7
Train,34991,9
Train,34992,6
Train,34993,1
Train,34994,4
Train,34995,9
Train,34996,2
Train,34997,3
Train,34998,0
Train,34999,3
Train,35000,5
Train,35001,6
Train,35002,7
Train,35003,7
Train,35004,1
Train,35005,7
Train,35006,9
Train,35007,3
Train,35008,7
Train,35009,3
Train,35010,2
Train,35011,1
Train,35012,1
Train,35013,8
Train,35014,8
Train,35015,5
Train,35016,3
Train,35017,6
Train,35018,8
Train,35019,9
Train,35020,7
Train,35021,1
Train,35022,2
Train,35023,4
Train,35024,3
Train,35025,7
Train,35026,3
Train,35027,4
Train,35028,0
Train,35029,5
Train,35030,9
Train,35031,2
Train,35032,3
Train,35033,1
Train,35034,5
Train,35035,8
Train,35036,8
Train,35037,1
Train,35038,9
Train,35039,0
Train,35040,3
Train,35041,1
Train,35042,0
Train,35043,9
Train,35044,5
Train,35045,4
Train,35046,7
Train,35047,9
Train,35048,1
Train,35049,5
Train,35050,4
Train,35051,1
Train,35052,5
Train,35053,5
Train,35054,4
Train,35055,5
Train,35056,7
Train,35057,9
Train,35058,1
Train,35059,0
Train,35060,6
Train,35061,5
Train,35062,7
Train,35063,2
Train,35064,9
Train,35065,2
Train,35066,4
Train,35067,7
Train,35068,1
Train,35069,2
Train,35070,1
Train,35071,3
Train,35072,4
Train,35073,9
Train,35074,8
Train,35075,2
Train,35076,1
Train,35077,4
Train,35078,8
Train,35079,0
Train,35080,9
Train,35081,1
Train,35082,7
Train,35083,3
Train,35084,8
Train,35085,9
Train,35086,1
Train,35087,6
Train,35088,8
Train,35089,0
Train,35090,6
Train,35091,6
Train,35092,3
Train,35093,7
Train,35094,6
Train,35095,0
Train,35096,2
Train,35097,9
Train,35098,6
Train,35099,6
Train,35100,3
Train,35101,3
Train,35102,3
Train,35103,6
Train,35104,2
Train,35105,1
Train,35106,1
Train,35107,2
Train,35108,7
Train,35109,8
Train,35110,7
Train,35111,2
Train,35112,5
Train,35113,4
Train,35114,6
Train,35115,8
Train,35116,9
Train,35117,6
Train,35118,6
Train,35119,6
Train,35120,7
Train,35121,0
Train,35122,7
Train,35123,6
Train,35124,3
Train,35125,5
Train,35126,2
Train,35127,9
Train,35128,3
Train,35129,1
Train,35130,3
Train,35131,6
Train,35132,0
Train,35133,7
Train,35134,1
Train,35135,4
Train,35136,6
Train,35137,7
Train,35138,9
Train,35139,8
Train,35140,2
Train,35141,3
Train,35142,8
Train,35143,4
Train,35144,3
Train,35145,1
Train,35146,2
Train,35147,0
Train,35148,2
Train,35149,0
Train,35150,8
Train,35151,4
Train,35152,5
Train,35153,7
Train,35154,3
Train,35155,5
Train,35156,4
Train,35157,2
Train,35158,7
Train,35159,9
Train,35160,8
Train,35161,2
Train,35162,0
Train,35163,3
Train,35164,7
Train,35165,5
Train,35166,5
Train,35167,9
Train,35168,2
Train,35169,8
Train,35170,6
Train,35171,8
Train,35172,2
Train,35173,8
Train,35174,1
Train,35175,4
Train,35176,7
Train,35177,8
Train,35178,9
Train,35179,0
Train,35180,4
Train,35181,8
Train,35182,0
Train,35183,9
Train,35184,9
Train,35185,4
Train,35186,4
Train,35187,4
Train,35188,1
Train,35189,5
Train,35190,5
Train,35191,2
Train,35192,8
Train,35193,5
Train,35194,5
Train,35195,0
Train,35196,0
Train,35197,9
Train,35198,4
Train,35199,8
Train,35200,5
Train,35201,0
Train,35202,0
Train,35203,9
Train,35204,3
Train,35205,3
Train,35206,9
Train,35207,1
Train,35208,6
Train,35209,0
Train,35210,8
Train,35211,8
Train,35212,4
Train,35213,6
Train,35214,7
Train,35215,3
Train,35216,2
Train,35217,7
Train,35218,9
Train,35219,6
Train,35220,7
Train,35221,6
Train,35222,6
Train,35223,3
Train,35224,8
Train,35225,6
Train,35226,2
Train,35227,5
Train,35228,4
Train,35229,3
Train,35230,2
Train,35231,9
Train,35232,5
Train,35233,9
Train,35234,5
Train,35235,1
Train,35236,8
Train,35237,5
Train,35238,7
Train,35239,7
Train,35240,6
Train,35241,7
Train,35242,4
Train,35243,2
Train,35244,8
Train,35245,3
Train,35246,3
Train,35247,5
Train,35248,0
Train,35249,8
Train,35250,4
Train,35251,9
Train,35252,7
Train,35253,7
Train,35254,5
Train,35255,2
Train,35256,0
Train,35257,9
Train,35258,0
Train,35259,2
Train,35260,9
Train,35261,6
Train,35262,9
Train,35263,0
Train,35264,1
Train,35265,5
Train,35266,8
Train,35267,2
Train,35268,8
Train,35269,0
Train,35270,6
Train,35271,3
Train,35272,3
Train,35273,5
Train,35274,8
Train,35275,7
Train,35276,4
Train,35277,7
Train,35278,6
Train,35279,0
Train,35280,9
Train,35281,0
Train,35282,0
Train,35283,0
Train,35284,7
Train,35285,0
Train,35286,0
Train,35287,3
Train,35288,9
Train,35289,5
Train,35290,7
Train,35291,1
Train,35292,3
Train,35293,3
Train,35294,2
Train,35295,8
Train,35296,3
Train,35297,9
Train,35298,3
Train,35299,3
Train,35300,8
Train,35301,8
Train,35302,8
Train,35303,6
Train,35304,4
Train,35305,9
Train,35306,2
Train,35307,3
Train,35308,4
Train,35309,2
Train,35310,2
Train,35311,2
Train,35312,6
Train,35313,3
Train,35314,3
Train,35315,8
Train,35316,7
Train,35317,0
Train,35318,4
Train,35319,2
Train,35320,2
Train,35321,8
Train,35322,1
Train,35323,3
Train,35324,4
Train,35325,0
Train,35326,0
Train,35327,0
Train,35328,5
Train,35329,7
Train,35330,9
Train,35331,9
Train,35332,6
Train,35333,7
Train,35334,5
Train,35335,1
Train,35336,7
Train,35337,2
Train,35338,1
Train,35339,1
Train,35340,6
Train,35341,7
Train,35342,6
Train,35343,0
Train,35344,1
Train,35345,8
Train,35346,9
Train,35347,2
Train,35348,2
Train,35349,6
Train,35350,2
Train,35351,6
Train,35352,8
Train,35353,2
Train,35354,0
Train,35355,1
Train,35356,1
Train,35357,1
Train,35358,9
Train,35359,3
Train,35360,2
Train,35361,8
Train,35362,2
Train,35363,2
Train,35364,1
Train,35365,8
Train,35366,1
Train,35367,8
Train,35368,3
Train,35369,0
Train,35370,6
Train,35371,1
Train,35372,9
Train,35373,0
Train,35374,8
Train,35375,3
Train,35376,7
Train,35377,0
Train,35378,4
Train,35379,9
Train,35380,3
Train,35381,0
Train,35382,9
Train,35383,7
Train,35384,9
Train,35385,7
Train,35386,5
Train,35387,2
Train,35388,8
Train,35389,5
Train,35390,5
Train,35391,0
Train,35392,7
Train,35393,9
Train,35394,5
Train,35395,4
Train,35396,6
Train,35397,4
Train,35398,3
Train,35399,1
Train,35400,7
Train,35401,1
Train,35402,9
Train,35403,0
Train,35404,1
Train,35405,2
Train,35406,1
Train,35407,7
Train,35408,8
Train,35409,5
Train,35410,5
Train,35411,0
Train,35412,6
Train,35413,4
Train,35414,0
Train,35415,4
Train,35416,8
Train,35417,0
Train,35418,0
Train,35419,8
Train,35420,2
Train,35421,7
Train,35422,0
Train,35423,9
Train,35424,5
Train,35425,8
Train,35426,7
Train,35427,3
Train,35428,3
Train,35429,4
Train,35430,0
Train,35431,4
Train,35432,4
Train,35433,9
Train,35434,0
Train,35435,6
Train,35436,8
Train,35437,3
Train,35438,5
Train,35439,6
Train,35440,1
Train,35441,8
Train,35442,3
Train,35443,4
Train,35444,6
Train,35445,5
Train,35446,0
Train,35447,8
Train,35448,2
Train,35449,3
Train,35450,4
Train,35451,2
Train,35452,5
Train,35453,1
Train,35454,1
Train,35455,6
Train,35456,0
Train,35457,4
Train,35458,6
Train,35459,3
Train,35460,2
Train,35461,9
Train,35462,7
Train,35463,3
Train,35464,3
Train,35465,1
Train,35466,2
Train,35467,4
Train,35468,8
Train,35469,5
Train,35470,0
Train,35471,5
Train,35472,3
Train,35473,7
Train,35474,4
Train,35475,0
Train,35476,9
Train,35477,2
Train,35478,3
Train,35479,3
Train,35480,6
Train,35481,3
Train,35482,2
Train,35483,7
Train,35484,4
Train,35485,7
Train,35486,2
Train,35487,5
Train,35488,2
Train,35489,8
Train,35490,0
Train,35491,8
Train,35492,6
Train,35493,2
Train,35494,4
Train,35495,5
Train,35496,8
Train,35497,5
Train,35498,9
Train,35499,6
Train,35500,3
Train,35501,5
Train,35502,7
Train,35503,2
Train,35504,9
Train,35505,8
Train,35506,6
Train,35507,5
Train,35508,1
Train,35509,0
Train,35510,5
Train,35511,7
Train,35512,7
Train,35513,5
Train,35514,4
Train,35515,4
Train,35516,1
Train,35517,4
Train,35518,8
Train,35519,2
Train,35520,9
Train,35521,9
Train,35522,4
Train,35523,7
Train,35524,0
Train,35525,3
Train,35526,4
Train,35527,7
Train,35528,0
Train,35529,0
Train,35530,1
Train,35531,1
Train,35532,3
Train,35533,9
Train,35534,5
Train,35535,6
Train,35536,8
Train,35537,2
Train,35538,4
Train,35539,8
Train,35540,8
Train,35541,3
Train,35542,9
Train,35543,5
Train,35544,0
Train,35545,9
Train,35546,0
Train,35547,5
Train,35548,0
Train,35549,3
Train,35550,1
Train,35551,0
Train,35552,5
Train,35553,0
Train,35554,0
Train,35555,3
Train,35556,1
Train,35557,3
Train,35558,9
Train,35559,6
Train,35560,4
Train,35561,6
Train,35562,8
Train,35563,4
Train,35564,4
Train,35565,6
Train,35566,4
Train,35567,1
Train,35568,9
Train,35569,2
Train,35570,0
Train,35571,6
Train,35572,8
Train,35573,4
Train,35574,9
Train,35575,2
Train,35576,1
Train,35577,6
Train,35578,8
Train,35579,9
Train,35580,5
Train,35581,3
Train,35582,3
Train,35583,3
Train,35584,7
Train,35585,6
Train,35586,8
Train,35587,1
Train,35588,8
Train,35589,7
Train,35590,5
Train,35591,6
Train,35592,9
Train,35593,8
Train,35594,0
Train,35595,3
Train,35596,2
Train,35597,2
Train,35598,4
Train,35599,0
Train,35600,6
Train,35601,4
Train,35602,5
Train,35603,0
Train,35604,5
Train,35605,1
Train,35606,5
Train,35607,9
Train,35608,0
Train,35609,5
Train,35610,9
Train,35611,4
Train,35612,9
Train,35613,1
Train,35614,6
Train,35615,6
Train,35616,2
Train,35617,8
Train,35618,9
Train,35619,8
Train,35620,6
Train,35621,8
Train,35622,4
Train,35623,7
Train,35624,4
Train,35625,9
Train,35626,0
Train,35627,5
Train,35628,8
Train,35629,3
Train,35630,4
Train,35631,7
Train,35632,7
Train,35633,0
Train,35634,4
Train,35635,1
Train,35636,9
Train,35637,6
Train,35638,2
Train,35639,5
Train,35640,5
Train,35641,4
Train,35642,9
Train,35643,2
Train,35644,1
Train,35645,2
Train,35646,8
Train,35647,7
Train,35648,4
Train,35649,1
Train,35650,7
Train,35651,1
Train,35652,5
Train,35653,2
Train,35654,9
Train,35655,2
Train,35656,2
Train,35657,9
Train,35658,0
Train,35659,6
Train,35660,5
Train,35661,8
Train,35662,0
Train,35663,8
Train,35664,6
Train,35665,0
Train,35666,1
Train,35667,9
Train,35668,1
Train,35669,3
Train,35670,9
Train,35671,8
Train,35672,6
Train,35673,2
Train,35674,1
Train,35675,4
Train,35676,9
Train,35677,2
Train,35678,8
Train,35679,8
Train,35680,5
Train,35681,2
Train,35682,7
Train,35683,0
Train,35684,5
Train,35685,0
Train,35686,2
Train,35687,8
Train,35688,1
Train,35689,7
Train,35690,0
Train,35691,1
Train,35692,1
Train,35693,8
Train,35694,1
Train,35695,5
Train,35696,7
Train,35697,3
Train,35698,7
Train,35699,9
Train,35700,0
Train,35701,0
Train,35702,9
Train,35703,6
Train,35704,3
Train,35705,1
Train,35706,9
Train,35707,8
Train,35708,2
Train,35709,7
Train,35710,7
Train,35711,2
Train,35712,5
Train,35713,0
Train,35714,4
Train,35715,3
Train,35716,6
Train,35717,9
Train,35718,2
Train,35719,8
Train,35720,9
Train,35721,2
Train,35722,2
Train,35723,2
Train,35724,7
Train,35725,0
Train,35726,8
Train,35727,8
Train,35728,1
Train,35729,7
Train,35730,8
Train,35731,0
Train,35732,6
Train,35733,9
Train,35734,2
Train,35735,5
Train,35736,8
Train,35737,9
Train,35738,0
Train,35739,6
Train,35740,2
Train,35741,9
Train,35742,6
Train,35743,4
Train,35744,0
Train,35745,6
Train,35746,9
Train,35747,6
Train,35748,5
Train,35749,9
Train,35750,0
Train,35751,5
Train,35752,5
Train,35753,1
Train,35754,3
Train,35755,3
Train,35756,1
Train,35757,1
Train,35758,0
Train,35759,3
Train,35760,4
Train,35761,0
Train,35762,5
Train,35763,0
Train,35764,2
Train,35765,2
Train,35766,8
Train,35767,7
Train,35768,7
Train,35769,3
Train,35770,3
Train,35771,2
Train,35772,3
Train,35773,9
Train,35774,4
Train,35775,5
Train,35776,7
Train,35777,4
Train,35778,8
Train,35779,1
Train,35780,6
Train,35781,6
Train,35782,0
Train,35783,1
Train,35784,7
Train,35785,2
Train,35786,5
Train,35787,2
Train,35788,0
Train,35789,1
Train,35790,3
Train,35791,4
Train,35792,2
Train,35793,7
Train,35794,3
Train,35795,9
Train,35796,0
Train,35797,4
Train,35798,0
Train,35799,1
Train,35800,2
Train,35801,5
Train,35802,5
Train,35803,1
Train,35804,3
Train,35805,1
Train,35806,4
Train,35807,9
Train,35808,8
Train,35809,4
Train,35810,1
Train,35811,4
Train,35812,7
Train,35813,9
Train,35814,7
Train,35815,7
Train,35816,7
Train,35817,6
Train,35818,7
Train,35819,5
Train,35820,0
Train,35821,5
Train,35822,5
Train,35823,2
Train,35824,2
Train,35825,8
Train,35826,8
Train,35827,1
Train,35828,8
Train,35829,9
Train,35830,6
Train,35831,6
Train,35832,3
Train,35833,2
Train,35834,2
Train,35835,0
Train,35836,3
Train,35837,2
Train,35838,6
Train,35839,4
Train,35840,1
Train,35841,2
Train,35842,5
Train,35843,4
Train,35844,9
Train,35845,6
Train,35846,0
Train,35847,1
Train,35848,6
Train,35849,2
Train,35850,1
Train,35851,6
Train,35852,9
Train,35853,2
Train,35854,4
Train,35855,0
Train,35856,9
Train,35857,2
Train,35858,0
Train,35859,0
Train,35860,2
Train,35861,1
Train,35862,2
Train,35863,1
Train,35864,8
Train,35865,7
Train,35866,1
Train,35867,5
Train,35868,4
Train,35869,7
Train,35870,2
Train,35871,2
Train,35872,6
Train,35873,0
Train,35874,2
Train,35875,3
Train,35876,8
Train,35877,4
Train,35878,1
Train,35879,5
Train,35880,2
Train,35881,8
Train,35882,2
Train,35883,0
Train,35884,1
Train,35885,8
Train,35886,9
Train,35887,2
Train,35888,7
Train,35889,3
Train,35890,7
Train,35891,6
Train,35892,5
Train,35893,9
Train,35894,8
Train,35895,8
Train,35896,8
Train,35897,9
Train,35898,5
Train,35899,3
Train,35900,6
Train,35901,2
Train,35902,5
Train,35903,6
Train,35904,6
Train,35905,5
Train,35906,5
Train,35907,4
Train,35908,7
Train,35909,8
Train,35910,1
Train,35911,8
Train,35912,8
Train,35913,3
Train,35914,1
Train,35915,4
Train,35916,0
Train,35917,8
Train,35918,5
Train,35919,3
Train,35920,6
Train,35921,6
Train,35922,7
Train,35923,3
Train,35924,7
Train,35925,4
Train,35926,1
Train,35927,0
Train,35928,6
Train,35929,0
Train,35930,6
Train,35931,3
Train,35932,5
Train,35933,1
Train,35934,0
Train,35935,3
Train,35936,2
Train,35937,3
Train,35938,8
Train,35939,1
Train,35940,2
Train,35941,5
Train,35942,4
Train,35943,9
Train,35944,5
Train,35945,1
Train,35946,4
Train,35947,2
Train,35948,1
Train,35949,5
Train,35950,6
Train,35951,6
Train,35952,0
Train,35953,1
Train,35954,4
Train,35955,2
Train,35956,4
Train,35957,2
Train,35958,2
Train,35959,2
Train,35960,3
Train,35961,9
Train,35962,7
Train,35963,0
Train,35964,5
Train,35965,1
Train,35966,1
Train,35967,2
Train,35968,4
Train,35969,7
Train,35970,4
Train,35971,6
Train,35972,7
Train,35973,0
Train,35974,9
Train,35975,7
Train,35976,3
Train,35977,6
Train,35978,4
Train,35979,1
Train,35980,7
Train,35981,9
Train,35982,7
Train,35983,6
Train,35984,9
Train,35985,8
Train,35986,7
Train,35987,7
Train,35988,7
Train,35989,5
Train,35990,1
Train,35991,0
Train,35992,8
Train,35993,5
Train,35994,3
Train,35995,8
Train,35996,0
Train,35997,4
Train,35998,3
Train,35999,8
Train,36000,3
Train,36001,8
Train,36002,5
Train,36003,4
Train,36004,0
Train,36005,1
Train,36006,2
Train,36007,0
Train,36008,4
Train,36009,2
Train,36010,9
Train,36011,2
Train,36012,6
Train,36013,8
Train,36014,3
Train,36015,1
Train,36016,5
Train,36017,7
Train,36018,0
Train,36019,4
Train,36020,2
Train,36021,1
Train,36022,5
Train,36023,6
Train,36024,8
Train,36025,2
Train,36026,3
Train,36027,3
Train,36028,1
Train,36029,9
Train,36030,5
Train,36031,9
Train,36032,4
Train,36033,1
Train,36034,7
Train,36035,5
Train,36036,3
Train,36037,7
Train,36038,0
Train,36039,1
Train,36040,1
Train,36041,5
Train,36042,9
Train,36043,3
Train,36044,6
Train,36045,9
Train,36046,1
Train,36047,4
Train,36048,5
Train,36049,0
Train,36050,9
Train,36051,3
Train,36052,0
Train,36053,1
Train,36054,3
Train,36055,0
Train,36056,5
Train,36057,5
Train,36058,1
Train,36059,9
Train,36060,6
Train,36061,6
Train,36062,6
Train,36063,3
Train,36064,9
Train,36065,7
Train,36066,3
Train,36067,1
Train,36068,0
Train,36069,6
Train,36070,2
Train,36071,4
Train,36072,2
Train,36073,5
Train,36074,3
Train,36075,5
Train,36076,9
Train,36077,3
Train,36078,7
Train,36079,6
Train,36080,3
Train,36081,1
Train,36082,5
Train,36083,4
Train,36084,4
Train,36085,1
Train,36086,1
Train,36087,3
Train,36088,9
Train,36089,6
Train,36090,4
Train,36091,8
Train,36092,2
Train,36093,5
Train,36094,2
Train,36095,2
Train,36096,4
Train,36097,8
Train,36098,7
Train,36099,9
Train,36100,0
Train,36101,1
Train,36102,1
Train,36103,5
Train,36104,5
Train,36105,4
Train,36106,0
Train,36107,1
Train,36108,8
Train,36109,9
Train,36110,6
Train,36111,6
Train,36112,2
Train,36113,3
Train,36114,7
Train,36115,9
Train,36116,2
Train,36117,9
Train,36118,9
Train,36119,0
Train,36120,5
Train,36121,5
Train,36122,2
Train,36123,5
Train,36124,3
Train,36125,2
Train,36126,5
Train,36127,5
Train,36128,1
Train,36129,1
Train,36130,2
Train,36131,8
Train,36132,5
Train,36133,7
Train,36134,0
Train,36135,7
Train,36136,7
Train,36137,2
Train,36138,2
Train,36139,5
Train,36140,3
Train,36141,2
Train,36142,4
Train,36143,9
Train,36144,7
Train,36145,3
Train,36146,8
Train,36147,6
Train,36148,0
Train,36149,0
Train,36150,5
Train,36151,8
Train,36152,2
Train,36153,1
Train,36154,2
Train,36155,0
Train,36156,4
Train,36157,3
Train,36158,1
Train,36159,3
Train,36160,4
Train,36161,3
Train,36162,2
Train,36163,0
Train,36164,6
Train,36165,9
Train,36166,5
Train,36167,4
Train,36168,4
Train,36169,2
Train,36170,2
Train,36171,5
Train,36172,7
Train,36173,2
Train,36174,7
Train,36175,0
Train,36176,6
Train,36177,4
Train,36178,4
Train,36179,9
Train,36180,0
Train,36181,1
Train,36182,4
Train,36183,0
Train,36184,2
Train,36185,2
Train,36186,2
Train,36187,8
Train,36188,6
Train,36189,7
Train,36190,7
Train,36191,5
Train,36192,6
Train,36193,2
Train,36194,1
Train,36195,0
Train,36196,5
Train,36197,2
Train,36198,9
Train,36199,4
Train,36200,8
Train,36201,0
Train,36202,5
Train,36203,7
Train,36204,4
Train,36205,7
Train,36206,5
Train,36207,5
Train,36208,1
Train,36209,8
Train,36210,9
Train,36211,3
Train,36212,3
Train,36213,2
Train,36214,8
Train,36215,1
Train,36216,3
Train,36217,5
Train,36218,9
Train,36219,3
Train,36220,8
Train,36221,8
Train,36222,3
Train,36223,9
Train,36224,5
Train,36225,4
Train,36226,3
Train,36227,5
Train,36228,0
Train,36229,8
Train,36230,3
Train,36231,0
Train,36232,6
Train,36233,5
Train,36234,4
Train,36235,5
Train,36236,1
Train,36237,1
Train,36238,1
Train,36239,7
Train,36240,3
Train,36241,6
Train,36242,2
Train,36243,6
Train,36244,3
Train,36245,2
Train,36246,5
Train,36247,4
Train,36248,7
Train,36249,3
Train,36250,9
Train,36251,1
Train,36252,0
Train,36253,8
Train,36254,0
Train,36255,8
Train,36256,7
Train,36257,6
Train,36258,1
Train,36259,5
Train,36260,7
Train,36261,2
Train,36262,8
Train,36263,6
Train,36264,3
Train,36265,7
Train,36266,9
Train,36267,8
Train,36268,2
Train,36269,3
Train,36270,7
Train,36271,9
Train,36272,4
Train,36273,3
Train,36274,6
Train,36275,3
Train,36276,4
Train,36277,9
Train,36278,7
Train,36279,0
Train,36280,9
Train,36281,7
Train,36282,6
Train,36283,9
Train,36284,6
Train,36285,6
Train,36286,0
Train,36287,0
Train,36288,9
Train,36289,0
Train,36290,6
Train,36291,9
Train,36292,4
Train,36293,2
Train,36294,4
Train,36295,8
Train,36296,6
Train,36297,8
Train,36298,1
Train,36299,8
Train,36300,2
Train,36301,5
Train,36302,4
Train,36303,7
Train,36304,6
Train,36305,2
Train,36306,7
Train,36307,2
Train,36308,5
Train,36309,9
Train,36310,6
Train,36311,0
Train,36312,0
Train,36313,6
Train,36314,0
Train,36315,9
Train,36316,2
Train,36317,4
Train,36318,6
Train,36319,4
Train,36320,3
Train,36321,9
Train,36322,0
Train,36323,0
Train,36324,8
Train,36325,0
Train,36326,4
Train,36327,4
Train,36328,7
Train,36329,9
Train,36330,2
Train,36331,1
Train,36332,5
Train,36333,1
Train,36334,1
Train,36335,5
Train,36336,4
Train,36337,0
Train,36338,7
Train,36339,2
Train,36340,2
Train,36341,8
Train,36342,7
Train,36343,1
Train,36344,2
Train,36345,4
Train,36346,7
Train,36347,5
Train,36348,6
Train,36349,2
Train,36350,5
Train,36351,3
Train,36352,7
Train,36353,0
Train,36354,5
Train,36355,2
Train,36356,0
Train,36357,0
Train,36358,0
Train,36359,1
Train,36360,6
Train,36361,4
Train,36362,5
Train,36363,0
Train,36364,7
Train,36365,6
Train,36366,3
Train,36367,2
Train,36368,6
Train,36369,7
Train,36370,0
Train,36371,8
Train,36372,4
Train,36373,6
Train,36374,0
Train,36375,8
Train,36376,1
Train,36377,2
Train,36378,5
Train,36379,1
Train,36380,6
Train,36381,9
Train,36382,2
Train,36383,4
Train,36384,9
Train,36385,2
Train,36386,0
Train,36387,5
Train,36388,1
Train,36389,0
Train,36390,8
Train,36391,8
Train,36392,5
Train,36393,0
Train,36394,7
Train,36395,0
Train,36396,6
Train,36397,9
Train,36398,2
Train,36399,7
Train,36400,1
Train,36401,9
Train,36402,2
Train,36403,8
Train,36404,0
Train,36405,8
Train,36406,4
Train,36407,7
Train,36408,2
Train,36409,7
Train,36410,2
Train,36411,5
Train,36412,7
Train,36413,9
Train,36414,3
Train,36415,0
Train,36416,5
Train,36417,7
Train,36418,3
Train,36419,6
Train,36420,4
Train,36421,5
Train,36422,3
Train,36423,2
Train,36424,8
Train,36425,3
Train,36426,2
Train,36427,0
Train,36428,4
Train,36429,7
Train,36430,6
Train,36431,3
Train,36432,9
Train,36433,7
Train,36434,9
Train,36435,5
Train,36436,2
Train,36437,4
Train,36438,8
Train,36439,5
Train,36440,3
Train,36441,2
Train,36442,4
Train,36443,8
Train,36444,8
Train,36445,1
Train,36446,0
Train,36447,2
Train,36448,3
Train,36449,2
Train,36450,2
Train,36451,8
Train,36452,7
Train,36453,5
Train,36454,5
Train,36455,1
Train,36456,9
Train,36457,4
Train,36458,9
Train,36459,9
Train,36460,6
Train,36461,9
Train,36462,6
Train,36463,6
Train,36464,0
Train,36465,2
Train,36466,4
Train,36467,4
Train,36468,2
Train,36469,2
Train,36470,0
Train,36471,5
Train,36472,6
Train,36473,1
Train,36474,3
Train,36475,9
Train,36476,3
Train,36477,3
Train,36478,6
Train,36479,9
Train,36480,4
Train,36481,2
Train,36482,0
Train,36483,1
Train,36484,8
Train,36485,1
Train,36486,6
Train,36487,5
Train,36488,4
Train,36489,3
Train,36490,1
Train,36491,0
Train,36492,2
Train,36493,6
Train,36494,2
Train,36495,7
Train,36496,2
Train,36497,0
Train,36498,8
Train,36499,7
Train,36500,1
Train,36501,0
Train,36502,2
Train,36503,3
Train,36504,9
Train,36505,8
Train,36506,0
Train,36507,9
Train,36508,9
Train,36509,1
Train,36510,2
Train,36511,3
Train,36512,9
Train,36513,7
Train,36514,4
Train,36515,6
Train,36516,2
Train,36517,4
Train,36518,3
Train,36519,9
Train,36520,1
Train,36521,9
Train,36522,6
Train,36523,4
Train,36524,2
Train,36525,6
Train,36526,8
Train,36527,3
Train,36528,5
Train,36529,9
Train,36530,0
Train,36531,0
Train,36532,5
Train,36533,4
Train,36534,8
Train,36535,7
Train,36536,4
Train,36537,1
Train,36538,7
Train,36539,2
Train,36540,5
Train,36541,9
Train,36542,1
Train,36543,3
Train,36544,6
Train,36545,0
Train,36546,1
Train,36547,8
Train,36548,3
Train,36549,9
Train,36550,1
Train,36551,8
Train,36552,4
Train,36553,8
Train,36554,3
Train,36555,8
Train,36556,5
Train,36557,9
Train,36558,0
Train,36559,9
Train,36560,8
Train,36561,6
Train,36562,7
Train,36563,6
Train,36564,6
Train,36565,7
Train,36566,4
Train,36567,3
Train,36568,1
Train,36569,7
Train,36570,2
Train,36571,8
Train,36572,4
Train,36573,0
Train,36574,0
Train,36575,4
Train,36576,6
Train,36577,9
Train,36578,1
Train,36579,8
Train,36580,7
Train,36581,2
Train,36582,6
Train,36583,2
Train,36584,8
Train,36585,2
Train,36586,6
Train,36587,5
Train,36588,3
Train,36589,7
Train,36590,9
Train,36591,1
Train,36592,7
Train,36593,1
Train,36594,1
Train,36595,1
Train,36596,6
Train,36597,7
Train,36598,2
Train,36599,3
Train,36600,4
Train,36601,3
Train,36602,6
Train,36603,5
Train,36604,3
Train,36605,3
Train,36606,0
Train,36607,6
Train,36608,7
Train,36609,3
Train,36610,0
Train,36611,1
Train,36612,7
Train,36613,6
Train,36614,1
Train,36615,0
Train,36616,2
Train,36617,5
Train,36618,1
Train,36619,7
Train,36620,6
Train,36621,0
Train,36622,2
Train,36623,0
Train,36624,3
Train,36625,6
Train,36626,2
Train,36627,0
Train,36628,8
Train,36629,5
Train,36630,4
Train,36631,4
Train,36632,0
Train,36633,3
Train,36634,0
Train,36635,2
Train,36636,8
Train,36637,7
Train,36638,6
Train,36639,2
Train,36640,9
Train,36641,1
Train,36642,6
Train,36643,3
Train,36644,8
Train,36645,6
Train,36646,4
Train,36647,3
Train,36648,1
Train,36649,9
Train,36650,8
Train,36651,2
Train,36652,4
Train,36653,5
Train,36654,7
Train,36655,4
Train,36656,6
Train,36657,2
Train,36658,2
Train,36659,9
Train,36660,5
Train,36661,6
Train,36662,4
Train,36663,1
Train,36664,3
Train,36665,4
Train,36666,6
Train,36667,4
Train,36668,9
Train,36669,5
Train,36670,8
Train,36671,4
Train,36672,1
Train,36673,5
Train,36674,9
Train,36675,2
Train,36676,3
Train,36677,7
Train,36678,8
Train,36679,1
Train,36680,7
Train,36681,2
Train,36682,2
Train,36683,9
Train,36684,9
Train,36685,3
Train,36686,1
Train,36687,6
Train,36688,6
Train,36689,6
Train,36690,4
Train,36691,7
Train,36692,5
Train,36693,0
Train,36694,4
Train,36695,9
Train,36696,6
Train,36697,9
Train,36698,0
Train,36699,2
Train,36700,2
Train,36701,4
Train,36702,6
Train,36703,1
Train,36704,6
Train,36705,9
Train,36706,0
Train,36707,3
Train,36708,8
Train,36709,3
Train,36710,2
Train,36711,4
Train,36712,6
Train,36713,9
Train,36714,3
Train,36715,1
Train,36716,6
Train,36717,9
Train,36718,7
Train,36719,9
Train,36720,6
Train,36721,1
Train,36722,8
Train,36723,0
Train,36724,6
Train,36725,3
Train,36726,2
Train,36727,2
Train,36728,3
Train,36729,7
Train,36730,7
Train,36731,4
Train,36732,1
Train,36733,8
Train,36734,9
Train,36735,8
Train,36736,1
Train,36737,0
Train,36738,3
Train,36739,8
Train,36740,4
Train,36741,9
Train,36742,8
Train,36743,3
Train,36744,8
Train,36745,3
Train,36746,8
Train,36747,8
Train,36748,9
Train,36749,6
Train,36750,0
Train,36751,1
Train,36752,2
Train,36753,9
Train,36754,9
Train,36755,4
Train,36756,2
Train,36757,5
Train,36758,8
Train,36759,2
Train,36760,8
Train,36761,3
Train,36762,3
Train,36763,0
Train,36764,4
Train,36765,8
Train,36766,8
Train,36767,3
Train,36768,6
Train,36769,5
Train,36770,8
Train,36771,0
Train,36772,3
Train,36773,7
Train,36774,1
Train,36775,7
Train,36776,7
Train,36777,4
Train,36778,2
Train,36779,3
Train,36780,8
Train,36781,3
Train,36782,5
Train,36783,8
Train,36784,7
Train,36785,2
Train,36786,0
Train,36787,9
Train,36788,6
Train,36789,0
Train,36790,6
Train,36791,1
Train,36792,8
Train,36793,4
Train,36794,9
Train,36795,3
Train,36796,5
Train,36797,9
Train,36798,8
Train,36799,8
Train,36800,3
Train,36801,2
Train,36802,8
Train,36803,8
Train,36804,8
Train,36805,7
Train,36806,7
Train,36807,9
Train,36808,6
Train,36809,3
Train,36810,5
Train,36811,7
Train,36812,3
Train,36813,1
Train,36814,5
Train,36815,7
Train,36816,6
Train,36817,4
Train,36818,9
Train,36819,0
Train,36820,7
Train,36821,6
Train,36822,3
Train,36823,6
Train,36824,7
Train,36825,2
Train,36826,6
Train,36827,9
Train,36828,3
Train,36829,7
Train,36830,5
Train,36831,7
Train,36832,2
Train,36833,7
Train,36834,9
Train,36835,2
Train,36836,0
Train,36837,9
Train,36838,1
Train,36839,7
Train,36840,5
Train,36841,6
Train,36842,6
Train,36843,4
Train,36844,1
Train,36845,2
Train,36846,9
Train,36847,6
Train,36848,1
Train,36849,2
Train,36850,1
Train,36851,5
Train,36852,3
Train,36853,1
Train,36854,5
Train,36855,4
Train,36856,8
Train,36857,5
Train,36858,0
Train,36859,9
Train,36860,2
Train,36861,6
Train,36862,0
Train,36863,2
Train,36864,8
Train,36865,9
Train,36866,9
Train,36867,4
Train,36868,1
Train,36869,5
Train,36870,3
Train,36871,5
Train,36872,1
Train,36873,4
Train,36874,8
Train,36875,9
Train,36876,8
Train,36877,6
Train,36878,9
Train,36879,1
Train,36880,6
Train,36881,6
Train,36882,8
Train,36883,2
Train,36884,4
Train,36885,2
Train,36886,0
Train,36887,9
Train,36888,9
Train,36889,0
Train,36890,3
Train,36891,1
Train,36892,8
Train,36893,8
Train,36894,3
Train,36895,7
Train,36896,4
Train,36897,7
Train,36898,9
Train,36899,5
Train,36900,3
Train,36901,0
Train,36902,8
Train,36903,6
Train,36904,7
Train,36905,1
Train,36906,6
Train,36907,1
Train,36908,6
Train,36909,0
Train,36910,9
Train,36911,8
Train,36912,5
Train,36913,6
Train,36914,4
Train,36915,4
Train,36916,4
Train,36917,3
Train,36918,9
Train,36919,2
Train,36920,2
Train,36921,2
Train,36922,6
Train,36923,4
Train,36924,0
Train,36925,0
Train,36926,3
Train,36927,0
Train,36928,9
Train,36929,1
Train,36930,3
Train,36931,8
Train,36932,7
Train,36933,8
Train,36934,4
Train,36935,1
Train,36936,7
Train,36937,4
Train,36938,1
Train,36939,8
Train,36940,8
Train,36941,1
Train,36942,8
Train,36943,6
Train,36944,5
Train,36945,4
Train,36946,3
Train,36947,6
Train,36948,3
Train,36949,8
Train,36950,1
Train,36951,3
Train,36952,5
Train,36953,8
Train,36954,5
Train,36955,0
Train,36956,5
Train,36957,7
Train,36958,5
Train,36959,7
Train,36960,4
Train,36961,3
Train,36962,5
Train,36963,7
Train,36964,5
Train,36965,4
Train,36966,8
Train,36967,9
Train,36968,4
Train,36969,3
Train,36970,3
Train,36971,7
Train,36972,2
Train,36973,3
Train,36974,8
Train,36975,1
Train,36976,4
Train,36977,7
Train,36978,9
Train,36979,3
Train,36980,3
Train,36981,0
Train,36982,4
Train,36983,9
Train,36984,6
Train,36985,8
Train,36986,6
Train,36987,7
Train,36988,5
Train,36989,4
Train,36990,3
Train,36991,1
Train,36992,4
Train,36993,0
Train,36994,2
Train,36995,6
Train,36996,4
Train,36997,5
Train,36998,6
Train,36999,7
Train,37000,7
Train,37001,7
Train,37002,8
Train,37003,5
Train,37004,4
Train,37005,3
Train,37006,5
Train,37007,1
Train,37008,2
Train,37009,2
Train,37010,7
Train,37011,5
Train,37012,1
Train,37013,6
Train,37014,9
Train,37015,2
Train,37016,7
Train,37017,9
Train,37018,4
Train,37019,7
Train,37020,9
Train,37021,6
Train,37022,0
Train,37023,8
Train,37024,1
Train,37025,4
Train,37026,2
Train,37027,1
Train,37028,4
Train,37029,8
Train,37030,1
Train,37031,9
Train,37032,0
Train,37033,6
Train,37034,0
Train,37035,0
Train,37036,8
Train,37037,7
Train,37038,3
Train,37039,0
Train,37040,9
Train,37041,0
Train,37042,8
Train,37043,1
Train,37044,8
Train,37045,6
Train,37046,5
Train,37047,1
Train,37048,6
Train,37049,0
Train,37050,9
Train,37051,8
Train,37052,8
Train,37053,4
Train,37054,2
Train,37055,7
Train,37056,5
Train,37057,3
Train,37058,9
Train,37059,5
Train,37060,8
Train,37061,0
Train,37062,0
Train,37063,0
Train,37064,8
Train,37065,0
Train,37066,0
Train,37067,9
Train,37068,0
Train,37069,4
Train,37070,9
Train,37071,9
Train,37072,8
Train,37073,4
Train,37074,9
Train,37075,4
Train,37076,2
Train,37077,6
Train,37078,0
Train,37079,0
Train,37080,3
Train,37081,1
Train,37082,7
Train,37083,0
Train,37084,6
Train,37085,5
Train,37086,5
Train,37087,0
Train,37088,9
Train,37089,4
Train,37090,9
Train,37091,3
Train,37092,1
Train,37093,4
Train,37094,9
Train,37095,3
Train,37096,5
Train,37097,6
Train,37098,1
Train,37099,5
Train,37100,7
Train,37101,5
Train,37102,0
Train,37103,0
Train,37104,8
Train,37105,3
Train,37106,6
Train,37107,6
Train,37108,5
Train,37109,3
Train,37110,3
Train,37111,2
Train,37112,9
Train,37113,6
Train,37114,5
Train,37115,9
Train,37116,4
Train,37117,3
Train,37118,7
Train,37119,6
Train,37120,3
Train,37121,2
Train,37122,7
Train,37123,4
Train,37124,4
Train,37125,5
Train,37126,9
Train,37127,2
Train,37128,2
Train,37129,2
Train,37130,0
Train,37131,7
Train,37132,9
Train,37133,3
Train,37134,6
Train,37135,3
Train,37136,1
Train,37137,2
Train,37138,9
Train,37139,9
Train,37140,6
Train,37141,9
Train,37142,7
Train,37143,2
Train,37144,8
Train,37145,1
Train,37146,0
Train,37147,8
Train,37148,8
Train,37149,6
Train,37150,7
Train,37151,5
Train,37152,5
Train,37153,1
Train,37154,4
Train,37155,9
Train,37156,3
Train,37157,9
Train,37158,7
Train,37159,7
Train,37160,0
Train,37161,3
Train,37162,3
Train,37163,3
Train,37164,2
Train,37165,0
Train,37166,2
Train,37167,3
Train,37168,4
Train,37169,5
Train,37170,9
Train,37171,4
Train,37172,4
Train,37173,3
Train,37174,5
Train,37175,3
Train,37176,3
Train,37177,0
Train,37178,0
Train,37179,1
Train,37180,3
Train,37181,0
Train,37182,0
Train,37183,1
Train,37184,5
Train,37185,2
Train,37186,7
Train,37187,3
Train,37188,6
Train,37189,0
Train,37190,7
Train,37191,0
Train,37192,4
Train,37193,4
Train,37194,3
Train,37195,9
Train,37196,5
Train,37197,9
Train,37198,2
Train,37199,0
Train,37200,7
Train,37201,9
Train,37202,7
Train,37203,1
Train,37204,3
Train,37205,7
Train,37206,6
Train,37207,8
Train,37208,2
Train,37209,3
Train,37210,5
Train,37211,7
Train,37212,2
Train,37213,1
Train,37214,4
Train,37215,3
Train,37216,5
Train,37217,3
Train,37218,5
Train,37219,6
Train,37220,9
Train,37221,6
Train,37222,7
Train,37223,3
Train,37224,5
Train,37225,9
Train,37226,9
Train,37227,6
Train,37228,7
Train,37229,5
Train,37230,7
Train,37231,6
Train,37232,2
Train,37233,0
Train,37234,4
Train,37235,1
Train,37236,3
Train,37237,4
Train,37238,6
Train,37239,1
Train,37240,0
Train,37241,4
Train,37242,9
Train,37243,2
Train,37244,7
Train,37245,9
Train,37246,0
Train,37247,2
Train,37248,1
Train,37249,9
Train,37250,0
Train,37251,3
Train,37252,5
Train,37253,1
Train,37254,7
Train,37255,2
Train,37256,6
Train,37257,1
Train,37258,8
Train,37259,1
Train,37260,1
Train,37261,6
Train,37262,7
Train,37263,3
Train,37264,1
Train,37265,0
Train,37266,7
Train,37267,7
Train,37268,2
Train,37269,1
Train,37270,6
Train,37271,3
Train,37272,5
Train,37273,7
Train,37274,4
Train,37275,6
Train,37276,0
Train,37277,2
Train,37278,2
Train,37279,0
Train,37280,2
Train,37281,4
Train,37282,5
Train,37283,2
Train,37284,6
Train,37285,9
Train,37286,7
Train,37287,6
Train,37288,4
Train,37289,6
Train,37290,4
Train,37291,5
Train,37292,7
Train,37293,7
Train,37294,4
Train,37295,9
Train,37296,1
Train,37297,3
Train,37298,2
Train,37299,8
Train,37300,3
Train,37301,1
Train,37302,7
Train,37303,1
Train,37304,3
Train,37305,2
Train,37306,7
Train,37307,8
Train,37308,8
Train,37309,1
Train,37310,5
Train,37311,3
Train,37312,5
Train,37313,4
Train,37314,9
Train,37315,2
Train,37316,5
Train,37317,5
Train,37318,8
Train,37319,7
Train,37320,1
Train,37321,2
Train,37322,0
Train,37323,8
Train,37324,0
Train,37325,0
Train,37326,9
Train,37327,1
Train,37328,0
Train,37329,8
Train,37330,0
Train,37331,5
Train,37332,6
Train,37333,2
Train,37334,0
Train,37335,8
Train,37336,2
Train,37337,2
Train,37338,5
Train,37339,2
Train,37340,4
Train,37341,5
Train,37342,4
Train,37343,2
Train,37344,6
Train,37345,4
Train,37346,7
Train,37347,9
Train,37348,8
Train,37349,9
Train,37350,3
Train,37351,6
Train,37352,2
Train,37353,2
Train,37354,1
Train,37355,0
Train,37356,6
Train,37357,3
Train,37358,0
Train,37359,5
Train,37360,5
Train,37361,2
Train,37362,8
Train,37363,9
Train,37364,5
Train,37365,1
Train,37366,5
Train,37367,3
Train,37368,2
Train,37369,5
Train,37370,3
Train,37371,0
Train,37372,6
Train,37373,2
Train,37374,2
Train,37375,5
Train,37376,9
Train,37377,0
Train,37378,6
Train,37379,7
Train,37380,6
Train,37381,5
Train,37382,1
Train,37383,9
Train,37384,8
Train,37385,1
Train,37386,4
Train,37387,9
Train,37388,4
Train,37389,4
Train,37390,1
Train,37391,5
Train,37392,9
Train,37393,8
Train,37394,8
Train,37395,5
Train,37396,5
Train,37397,2
Train,37398,8
Train,37399,3
Train,37400,9
Train,37401,1
Train,37402,5
Train,37403,2
Train,37404,6
Train,37405,7
Train,37406,8
Train,37407,9
Train,37408,3
Train,37409,2
Train,37410,3
Train,37411,8
Train,37412,1
Train,37413,9
Train,37414,3
Train,37415,3
Train,37416,8
Train,37417,3
Train,37418,1
Train,37419,5
Train,37420,8
Train,37421,3
Train,37422,1
Train,37423,7
Train,37424,2
Train,37425,3
Train,37426,6
Train,37427,9
Train,37428,1
Train,37429,3
Train,37430,7
Train,37431,4
Train,37432,0
Train,37433,9
Train,37434,5
Train,37435,2
Train,37436,5
Train,37437,8
Train,37438,4
Train,37439,0
Train,37440,1
Train,37441,5
Train,37442,4
Train,37443,9
Train,37444,9
Train,37445,3
Train,37446,2
Train,37447,9
Train,37448,7
Train,37449,7
Train,37450,4
Train,37451,5
Train,37452,9
Train,37453,3
Train,37454,9
Train,37455,1
Train,37456,0
Train,37457,6
Train,37458,7
Train,37459,7
Train,37460,1
Train,37461,1
Train,37462,5
Train,37463,4
Train,37464,2
Train,37465,4
Train,37466,4
Train,37467,7
Train,37468,1
Train,37469,4
Train,37470,5
Train,37471,5
Train,37472,7
Train,37473,6
Train,37474,7
Train,37475,3
Train,37476,1
Train,37477,8
Train,37478,9
Train,37479,6
Train,37480,1
Train,37481,6
Train,37482,7
Train,37483,8
Train,37484,5
Train,37485,2
Train,37486,5
Train,37487,6
Train,37488,2
Train,37489,7
Train,37490,9
Train,37491,1
Train,37492,8
Train,37493,0
Train,37494,1
Train,37495,0
Train,37496,7
Train,37497,7
Train,37498,5
Train,37499,9
Train,37500,3
Train,37501,5
Train,37502,2
Train,37503,2
Train,37504,0
Train,37505,1
Train,37506,1
Train,37507,4
Train,37508,5
Train,37509,9
Train,37510,3
Train,37511,2
Train,37512,1
Train,37513,3
Train,37514,3
Train,37515,2
Train,37516,8
Train,37517,0
Train,37518,6
Train,37519,0
Train,37520,7
Train,37521,5
Train,37522,0
Train,37523,3
Train,37524,8
Train,37525,7
Train,37526,8
Train,37527,5
Train,37528,4
Train,37529,7
Train,37530,4
Train,37531,5
Train,37532,0
Train,37533,1
Train,37534,8
Train,37535,9
Train,37536,9
Train,37537,5
Train,37538,9
Train,37539,9
Train,37540,9
Train,37541,5
Train,37542,6
Train,37543,6
Train,37544,9
Train,37545,2
Train,37546,3
Train,37547,9
Train,37548,3
Train,37549,2
Train,37550,8
Train,37551,1
Train,37552,9
Train,37553,4
Train,37554,3
Train,37555,8
Train,37556,7
Train,37557,8
Train,37558,0
Train,37559,5
Train,37560,2
Train,37561,0
Train,37562,3
Train,37563,4
Train,37564,6
Train,37565,8
Train,37566,0
Train,37567,8
Train,37568,5
Train,37569,4
Train,37570,1
Train,37571,9
Train,37572,2
Train,37573,7
Train,37574,6
Train,37575,9
Train,37576,4
Train,37577,4
Train,37578,2
Train,37579,6
Train,37580,9
Train,37581,2
Train,37582,9
Train,37583,8
Train,37584,3
Train,37585,4
Train,37586,2
Train,37587,8
Train,37588,1
Train,37589,5
Train,37590,1
Train,37591,4
Train,37592,1
Train,37593,6
Train,37594,2
Train,37595,7
Train,37596,1
Train,37597,9
Train,37598,5
Train,37599,4
Train,37600,9
Train,37601,7
Train,37602,4
Train,37603,6
Train,37604,9
Train,37605,0
Train,37606,9
Train,37607,9
Train,37608,7
Train,37609,6
Train,37610,5
Train,37611,1
Train,37612,5
Train,37613,2
Train,37614,4
Train,37615,2
Train,37616,1
Train,37617,6
Train,37618,1
Train,37619,0
Train,37620,1
Train,37621,5
Train,37622,5
Train,37623,5
Train,37624,7
Train,37625,6
Train,37626,2
Train,37627,4
Train,37628,0
Train,37629,9
Train,37630,1
Train,37631,3
Train,37632,5
Train,37633,8
Train,37634,9
Train,37635,7
Train,37636,7
Train,37637,7
Train,37638,6
Train,37639,4
Train,37640,3
Train,37641,8
Train,37642,8
Train,37643,8
Train,37644,3
Train,37645,2
Train,37646,0
Train,37647,2
Train,37648,0
Train,37649,4
Train,37650,1
Train,37651,7
Train,37652,1
Train,37653,8
Train,37654,6
Train,37655,7
Train,37656,4
Train,37657,3
Train,37658,7
Train,37659,8
Train,37660,7
Train,37661,7
Train,37662,3
Train,37663,2
Train,37664,0
Train,37665,4
Train,37666,1
Train,37667,9
Train,37668,3
Train,37669,3
Train,37670,7
Train,37671,7
Train,37672,0
Train,37673,0
Train,37674,0
Train,37675,3
Train,37676,5
Train,37677,4
Train,37678,9
Train,37679,7
Train,37680,5
Train,37681,8
Train,37682,6
Train,37683,7
Train,37684,2
Train,37685,5
Train,37686,2
Train,37687,1
Train,37688,4
Train,37689,1
Train,37690,0
Train,37691,4
Train,37692,8
Train,37693,0
Train,37694,6
Train,37695,7
Train,37696,4
Train,37697,3
Train,37698,1
Train,37699,6
Train,37700,3
Train,37701,6
Train,37702,1
Train,37703,8
Train,37704,0
Train,37705,6
Train,37706,5
Train,37707,4
Train,37708,5
Train,37709,9
Train,37710,8
Train,37711,8
Train,37712,0
Train,37713,2
Train,37714,6
Train,37715,6
Train,37716,7
Train,37717,6
Train,37718,0
Train,37719,4
Train,37720,5
Train,37721,4
Train,37722,8
Train,37723,9
Train,37724,7
Train,37725,6
Train,37726,8
Train,37727,1
Train,37728,0
Train,37729,0
Train,37730,9
Train,37731,4
Train,37732,5
Train,37733,3
Train,37734,6
Train,37735,6
Train,37736,5
Train,37737,9
Train,37738,0
Train,37739,9
Train,37740,5
Train,37741,4
Train,37742,2
Train,37743,1
Train,37744,7
Train,37745,2
Train,37746,5
Train,37747,0
Train,37748,6
Train,37749,5
Train,37750,5
Train,37751,9
Train,37752,3
Train,37753,3
Train,37754,2
Train,37755,1
Train,37756,3
Train,37757,4
Train,37758,0
Train,37759,6
Train,37760,7
Train,37761,0
Train,37762,9
Train,37763,7
Train,37764,6
Train,37765,3
Train,37766,2
Train,37767,7
Train,37768,5
Train,37769,3
Train,37770,3
Train,37771,8
Train,37772,0
Train,37773,3
Train,37774,6
Train,37775,4
Train,37776,3
Train,37777,4
Train,37778,4
Train,37779,1
Train,37780,9
Train,37781,2
Train,37782,9
Train,37783,0
Train,37784,5
Train,37785,3
Train,37786,8
Train,37787,7
Train,37788,0
Train,37789,6
Train,37790,5
Train,37791,7
Train,37792,1
Train,37793,9
Train,37794,8
Train,37795,5
Train,37796,6
Train,37797,2
Train,37798,8
Train,37799,1
Train,37800,7
Train,37801,1
Train,37802,7
Train,37803,8
Train,37804,3
Train,37805,4
Train,37806,0
Train,37807,7
Train,37808,8
Train,37809,3
Train,37810,7
Train,37811,2
Train,37812,3
Train,37813,5
Train,37814,8
Train,37815,5
Train,37816,2
Train,37817,3
Train,37818,6
Train,37819,9
Train,37820,2
Train,37821,2
Train,37822,6
Train,37823,8
Train,37824,9
Train,37825,6
Train,37826,1
Train,37827,4
Train,37828,2
Train,37829,3
Train,37830,1
Train,37831,6
Train,37832,8
Train,37833,9
Train,37834,5
Train,37835,6
Train,37836,7
Train,37837,7
Train,37838,2
Train,37839,4
Train,37840,2
Train,37841,0
Train,37842,7
Train,37843,0
Train,37844,1
Train,37845,8
Train,37846,6
Train,37847,1
Train,37848,2
Train,37849,1
Train,37850,4
Train,37851,6
Train,37852,5
Train,37853,4
Train,37854,4
Train,37855,2
Train,37856,2
Train,37857,9
Train,37858,8
Train,37859,7
Train,37860,5
Train,37861,3
Train,37862,7
Train,37863,3
Train,37864,9
Train,37865,6
Train,37866,1
Train,37867,0
Train,37868,5
Train,37869,0
Train,37870,0
Train,37871,4
Train,37872,0
Train,37873,8
Train,37874,5
Train,37875,4
Train,37876,5
Train,37877,0
Train,37878,2
Train,37879,0
Train,37880,5
Train,37881,0
Train,37882,7
Train,37883,0
Train,37884,7
Train,37885,5
Train,37886,4
Train,37887,6
Train,37888,8
Train,37889,7
Train,37890,6
Train,37891,4
Train,37892,7
Train,37893,7
Train,37894,5
Train,37895,2
Train,37896,7
Train,37897,7
Train,37898,7
Train,37899,5
Train,37900,5
Train,37901,4
Train,37902,7
Train,37903,4
Train,37904,3
Train,37905,0
Train,37906,3
Train,37907,6
Train,37908,7
Train,37909,0
Train,37910,3
Train,37911,5
Train,37912,3
Train,37913,1
Train,37914,5
Train,37915,5
Train,37916,1
Train,37917,6
Train,37918,6
Train,37919,7
Train,37920,1
Train,37921,5
Train,37922,6
Train,37923,4
Train,37924,3
Train,37925,2
Train,37926,6
Train,37927,9
Train,37928,4
Train,37929,1
Train,37930,7
Train,37931,0
Train,37932,2
Train,37933,6
Train,37934,2
Train,37935,7
Train,37936,5
Train,37937,1
Train,37938,1
Train,37939,3
Train,37940,6
Train,37941,2
Train,37942,4
Train,37943,2
Train,37944,0
Train,37945,0
Train,37946,5
Train,37947,2
Train,37948,7
Train,37949,0
Train,37950,0
Train,37951,3
Train,37952,2
Train,37953,8
Train,37954,4
Train,37955,0
Train,37956,6
Train,37957,7
Train,37958,5
Train,37959,8
Train,37960,4
Train,37961,9
Train,37962,0
Train,37963,4
Train,37964,3
Train,37965,3
Train,37966,3
Train,37967,3
Train,37968,9
Train,37969,2
Train,37970,6
Train,37971,7
Train,37972,2
Train,37973,3
Train,37974,6
Train,37975,9
Train,37976,0
Train,37977,4
Train,37978,0
Train,37979,1
Train,37980,7
Train,37981,1
Train,37982,3
Train,37983,3
Train,37984,0
Train,37985,7
Train,37986,5
Train,37987,4
Train,37988,8
Train,37989,1
Train,37990,2
Train,37991,8
Train,37992,6
Train,37993,9
Train,37994,8
Train,37995,1
Train,37996,4
Train,37997,6
Train,37998,3
Train,37999,0
Train,38000,0
Train,38001,2
Train,38002,8
Train,38003,0
Train,38004,5
Train,38005,9
Train,38006,3
Train,38007,2
Train,38008,8
Train,38009,8
Train,38010,0
Train,38011,0
Train,38012,3
Train,38013,5
Train,38014,4
Train,38015,4
Train,38016,2
Train,38017,9
Train,38018,9
Train,38019,4
Train,38020,6
Train,38021,5
Train,38022,2
Train,38023,0
Train,38024,9
Train,38025,7
Train,38026,6
Train,38027,9
Train,38028,1
Train,38029,0
Train,38030,2
Train,38031,1
Train,38032,2
Train,38033,4
Train,38034,8
Train,38035,9
Train,38036,0
Train,38037,1
Train,38038,2
Train,38039,0
Train,38040,3
Train,38041,0
Train,38042,7
Train,38043,0
Train,38044,0
Train,38045,8
Train,38046,2
Train,38047,1
Train,38048,3
Train,38049,2
Train,38050,6
Train,38051,0
Train,38052,0
Train,38053,0
Train,38054,2
Train,38055,2
Train,38056,9
Train,38057,7
Train,38058,2
Train,38059,5
Train,38060,2
Train,38061,6
Train,38062,7
Train,38063,2
Train,38064,1
Train,38065,8
Train,38066,3
Train,38067,7
Train,38068,3
Train,38069,6
Train,38070,4
Train,38071,9
Train,38072,2
Train,38073,7
Train,38074,5
Train,38075,1
Train,38076,4
Train,38077,4
Train,38078,1
Train,38079,5
Train,38080,2
Train,38081,8
Train,38082,9
Train,38083,0
Train,38084,1
Train,38085,3
Train,38086,1
Train,38087,3
Train,38088,6
Train,38089,8
Train,38090,4
Train,38091,0
Train,38092,4
Train,38093,3
Train,38094,7
Train,38095,3
Train,38096,2
Train,38097,3
Train,38098,0
Train,38099,5
Train,38100,3
Train,38101,4
Train,38102,2
Train,38103,4
Train,38104,7
Train,38105,8
Train,38106,5
Train,38107,8
Train,38108,5
Train,38109,7
Train,38110,7
Train,38111,8
Train,38112,0
Train,38113,7
Train,38114,5
Train,38115,4
Train,38116,9
Train,38117,9
Train,38118,5
Train,38119,4
Train,38120,8
Train,38121,7
Train,38122,6
Train,38123,4
Train,38124,4
Train,38125,6
Train,38126,3
Train,38127,3
Train,38128,7
Train,38129,2
Train,38130,0
Train,38131,7
Train,38132,9
Train,38133,8
Train,38134,4
Train,38135,4
Train,38136,8
Train,38137,6
Train,38138,8
Train,38139,9
Train,38140,5
Train,38141,6
Train,38142,7
Train,38143,7
Train,38144,5
Train,38145,7
Train,38146,4
Train,38147,3
Train,38148,6
Train,38149,3
Train,38150,2
Train,38151,6
Train,38152,1
Train,38153,9
Train,38154,0
Train,38155,7
Train,38156,6
Train,38157,1
Train,38158,8
Train,38159,9
Train,38160,5
Train,38161,4
Train,38162,8
Train,38163,7
Train,38164,8
Train,38165,5
Train,38166,6
Train,38167,1
Train,38168,9
Train,38169,6
Train,38170,2
Train,38171,3
Train,38172,5
Train,38173,4
Train,38174,1
Train,38175,1
Train,38176,7
Train,38177,1
Train,38178,7
Train,38179,0
Train,38180,7
Train,38181,6
Train,38182,2
Train,38183,1
Train,38184,8
Train,38185,0
Train,38186,2
Train,38187,0
Train,38188,4
Train,38189,6
Train,38190,0
Train,38191,9
Train,38192,1
Train,38193,3
Train,38194,7
Train,38195,7
Train,38196,7
Train,38197,6
Train,38198,0
Train,38199,5
Train,38200,3
Train,38201,7
Train,38202,5
Train,38203,7
Train,38204,1
Train,38205,0
Train,38206,8
Train,38207,1
Train,38208,0
Train,38209,3
Train,38210,5
Train,38211,1
Train,38212,7
Train,38213,4
Train,38214,8
Train,38215,3
Train,38216,2
Train,38217,0
Train,38218,8
Train,38219,2
Train,38220,7
Train,38221,8
Train,38222,0
Train,38223,1
Train,38224,0
Train,38225,7
Train,38226,9
Train,38227,6
Train,38228,4
Train,38229,3
Train,38230,6
Train,38231,1
Train,38232,7
Train,38233,0
Train,38234,2
Train,38235,0
Train,38236,7
Train,38237,8
Train,38238,0
Train,38239,8
Train,38240,5
Train,38241,5
Train,38242,4
Train,38243,7
Train,38244,2
Train,38245,5
Train,38246,3
Train,38247,4
Train,38248,4
Train,38249,7
Train,38250,6
Train,38251,6
Train,38252,7
Train,38253,5
Train,38254,0
Train,38255,8
Train,38256,7
Train,38257,1
Train,38258,5
Train,38259,4
Train,38260,1
Train,38261,1
Train,38262,1
Train,38263,4
Train,38264,8
Train,38265,7
Train,38266,1
Train,38267,9
Train,38268,6
Train,38269,4
Train,38270,1
Train,38271,1
Train,38272,5
Train,38273,9
Train,38274,8
Train,38275,3
Train,38276,8
Train,38277,9
Train,38278,1
Train,38279,7
Train,38280,9
Train,38281,4
Train,38282,1
Train,38283,4
Train,38284,7
Train,38285,0
Train,38286,7
Train,38287,2
Train,38288,8
Train,38289,0
Train,38290,6
Train,38291,2
Train,38292,3
Train,38293,4
Train,38294,4
Train,38295,5
Train,38296,4
Train,38297,6
Train,38298,6
Train,38299,0
Train,38300,9
Train,38301,8
Train,38302,5
Train,38303,5
Train,38304,3
Train,38305,5
Train,38306,5
Train,38307,0
Train,38308,7
Train,38309,6
Train,38310,6
Train,38311,2
Train,38312,0
Train,38313,5
Train,38314,9
Train,38315,8
Train,38316,4
Train,38317,3
Train,38318,6
Train,38319,3
Train,38320,0
Train,38321,0
Train,38322,8
Train,38323,8
Train,38324,9
Train,38325,7
Train,38326,0
Train,38327,1
Train,38328,9
Train,38329,2
Train,38330,1
Train,38331,9
Train,38332,8
Train,38333,1
Train,38334,0
Train,38335,0
Train,38336,6
Train,38337,6
Train,38338,3
Train,38339,8
Train,38340,0
Train,38341,0
Train,38342,0
Train,38343,5
Train,38344,0
Train,38345,0
Train,38346,5
Train,38347,1
Train,38348,8
Train,38349,2
Train,38350,4
Train,38351,4
Train,38352,2
Train,38353,4
Train,38354,4
Train,38355,6
Train,38356,7
Train,38357,9
Train,38358,7
Train,38359,5
Train,38360,3
Train,38361,5
Train,38362,8
Train,38363,9
Train,38364,3
Train,38365,2
Train,38366,5
Train,38367,7
Train,38368,0
Train,38369,5
Train,38370,9
Train,38371,8
Train,38372,6
Train,38373,5
Train,38374,8
Train,38375,4
Train,38376,4
Train,38377,3
Train,38378,9
Train,38379,9
Train,38380,9
Train,38381,8
Train,38382,8
Train,38383,3
Train,38384,8
Train,38385,5
Train,38386,4
Train,38387,0
Train,38388,7
Train,38389,2
Train,38390,3
Train,38391,6
Train,38392,5
Train,38393,9
Train,38394,7
Train,38395,4
Train,38396,6
Train,38397,6
Train,38398,2
Train,38399,2
Train,38400,3
Train,38401,6
Train,38402,9
Train,38403,5
Train,38404,4
Train,38405,9
Train,38406,9
Train,38407,2
Train,38408,8
Train,38409,6
Train,38410,0
Train,38411,5
Train,38412,8
Train,38413,8
Train,38414,9
Train,38415,7
Train,38416,8
Train,38417,5
Train,38418,4
Train,38419,0
Train,38420,1
Train,38421,8
Train,38422,7
Train,38423,3
Train,38424,5
Train,38425,7
Train,38426,9
Train,38427,5
Train,38428,6
Train,38429,3
Train,38430,9
Train,38431,0
Train,38432,3
Train,38433,0
Train,38434,2
Train,38435,7
Train,38436,8
Train,38437,5
Train,38438,6
Train,38439,2
Train,38440,7
Train,38441,8
Train,38442,3
Train,38443,8
Train,38444,3
Train,38445,3
Train,38446,1
Train,38447,5
Train,38448,1
Train,38449,3
Train,38450,6
Train,38451,2
Train,38452,1
Train,38453,8
Train,38454,4
Train,38455,4
Train,38456,2
Train,38457,2
Train,38458,8
Train,38459,2
Train,38460,8
Train,38461,6
Train,38462,6
Train,38463,1
Train,38464,1
Train,38465,4
Train,38466,0
Train,38467,8
Train,38468,7
Train,38469,8
Train,38470,6
Train,38471,5
Train,38472,3
Train,38473,9
Train,38474,7
Train,38475,6
Train,38476,2
Train,38477,8
Train,38478,0
Train,38479,0
Train,38480,2
Train,38481,9
Train,38482,1
Train,38483,9
Train,38484,1
Train,38485,3
Train,38486,7
Train,38487,1
Train,38488,2
Train,38489,5
Train,38490,6
Train,38491,1
Train,38492,4
Train,38493,1
Train,38494,9
Train,38495,8
Train,38496,4
Train,38497,4
Train,38498,5
Train,38499,0
Train,38500,7
Train,38501,9
Train,38502,2
Train,38503,5
Train,38504,3
Train,38505,7
Train,38506,8
Train,38507,5
Train,38508,6
Train,38509,2
Train,38510,7
Train,38511,4
Train,38512,7
Train,38513,5
Train,38514,1
Train,38515,1
Train,38516,9
Train,38517,4
Train,38518,0
Train,38519,0
Train,38520,2
Train,38521,3
Train,38522,1
Train,38523,8
Train,38524,8
Train,38525,8
Train,38526,4
Train,38527,6
Train,38528,7
Train,38529,5
Train,38530,9
Train,38531,2
Train,38532,9
Train,38533,0
Train,38534,6
Train,38535,2
Train,38536,0
Train,38537,6
Train,38538,7
Train,38539,7
Train,38540,8
Train,38541,9
Train,38542,1
Train,38543,4
Train,38544,8
Train,38545,0
Train,38546,2
Train,38547,0
Train,38548,6
Train,38549,1
Train,38550,7
Train,38551,0
Train,38552,3
Train,38553,7
Train,38554,8
Train,38555,5
Train,38556,2
Train,38557,3
Train,38558,2
Train,38559,6
Train,38560,2
Train,38561,9
Train,38562,1
Train,38563,2
Train,38564,5
Train,38565,2
Train,38566,0
Train,38567,8
Train,38568,6
Train,38569,9
Train,38570,5
Train,38571,1
Train,38572,6
Train,38573,2
Train,38574,0
Train,38575,7
Train,38576,0
Train,38577,1
Train,38578,4
Train,38579,1
Train,38580,0
Train,38581,0
Train,38582,5
Train,38583,6
Train,38584,4
Train,38585,9
Train,38586,0
Train,38587,8
Train,38588,6
Train,38589,8
Train,38590,1
Train,38591,0
Train,38592,2
Train,38593,4
Train,38594,2
Train,38595,7
Train,38596,1
Train,38597,7
Train,38598,4
Train,38599,8
Train,38600,5
Train,38601,9
Train,38602,9
Train,38603,4
Train,38604,7
Train,38605,2
Train,38606,6
Train,38607,8
Train,38608,8
Train,38609,3
Train,38610,1
Train,38611,7
Train,38612,6
Train,38613,0
Train,38614,3
Train,38615,7
Train,38616,7
Train,38617,0
Train,38618,0
Train,38619,8
Train,38620,3
Train,38621,9
Train,38622,2
Train,38623,2
Train,38624,5
Train,38625,8
Train,38626,3
Train,38627,5
Train,38628,0
Train,38629,5
Train,38630,1
Train,38631,8
Train,38632,5
Train,38633,0
Train,38634,3
Train,38635,0
Train,38636,5
Train,38637,1
Train,38638,2
Train,38639,0
Train,38640,4
Train,38641,6
Train,38642,1
Train,38643,1
Train,38644,9
Train,38645,8
Train,38646,1
Train,38647,3
Train,38648,3
Train,38649,3
Train,38650,1
Train,38651,9
Train,38652,3
Train,38653,7
Train,38654,3
Train,38655,2
Train,38656,0
Train,38657,5
Train,38658,1
Train,38659,6
Train,38660,4
Train,38661,4
Train,38662,6
Train,38663,9
Train,38664,2
Train,38665,6
Train,38666,8
Train,38667,7
Train,38668,4
Train,38669,9
Train,38670,0
Train,38671,6
Train,38672,5
Train,38673,3
Train,38674,6
Train,38675,0
Train,38676,2
Train,38677,6
Train,38678,7
Train,38679,3
Train,38680,5
Train,38681,0
Train,38682,1
Train,38683,0
Train,38684,3
Train,38685,4
Train,38686,8
Train,38687,9
Train,38688,7
Train,38689,8
Train,38690,6
Train,38691,1
Train,38692,5
Train,38693,7
Train,38694,8
Train,38695,5
Train,38696,5
Train,38697,3
Train,38698,6
Train,38699,3
Train,38700,8
Train,38701,4
Train,38702,3
Train,38703,7
Train,38704,2
Train,38705,2
Train,38706,3
Train,38707,6
Train,38708,4
Train,38709,5
Train,38710,1
Train,38711,0
Train,38712,4
Train,38713,7
Train,38714,4
Train,38715,8
Train,38716,0
Train,38717,5
Train,38718,0
Train,38719,1
Train,38720,4
Train,38721,6
Train,38722,2
Train,38723,6
Train,38724,8
Train,38725,1
Train,38726,8
Train,38727,8
Train,38728,4
Train,38729,7
Train,38730,4
Train,38731,2
Train,38732,7
Train,38733,8
Train,38734,8
Train,38735,1
Train,38736,6
Train,38737,7
Train,38738,6
Train,38739,5
Train,38740,9
Train,38741,2
Train,38742,9
Train,38743,8
Train,38744,1
Train,38745,2
Train,38746,2
Train,38747,6
Train,38748,0
Train,38749,7
Train,38750,2
Train,38751,6
Train,38752,9
Train,38753,0
Train,38754,8
Train,38755,4
Train,38756,1
Train,38757,6
Train,38758,5
Train,38759,9
Train,38760,7
Train,38761,3
Train,38762,4
Train,38763,6
Train,38764,3
Train,38765,2
Train,38766,2
Train,38767,7
Train,38768,9
Train,38769,6
Train,38770,0
Train,38771,6
Train,38772,0
Train,38773,6
Train,38774,4
Train,38775,5
Train,38776,4
Train,38777,9
Train,38778,9
Train,38779,8
Train,38780,7
Train,38781,3
Train,38782,0
Train,38783,0
Train,38784,5
Train,38785,1
Train,38786,6
Train,38787,4
Train,38788,5
Train,38789,9
Train,38790,5
Train,38791,0
Train,38792,5
Train,38793,9
Train,38794,4
Train,38795,1
Train,38796,0
Train,38797,8
Train,38798,7
Train,38799,1
Train,38800,8
Train,38801,2
Train,38802,4
Train,38803,7
Train,38804,1
Train,38805,4
Train,38806,2
Train,38807,5
Train,38808,8
Train,38809,8
Train,38810,4
Train,38811,3
Train,38812,1
Train,38813,2
Train,38814,7
Train,38815,8
Train,38816,1
Train,38817,8
Train,38818,1
Train,38819,5
Train,38820,9
Train,38821,4
Train,38822,1
Train,38823,0
Train,38824,4
Train,38825,3
Train,38826,7
Train,38827,9
Train,38828,0
Train,38829,3
Train,38830,2
Train,38831,6
Train,38832,8
Train,38833,7
Train,38834,6
Train,38835,8
Train,38836,9
Train,38837,7
Train,38838,1
Train,38839,5
Train,38840,5
Train,38841,1
Train,38842,1
Train,38843,6
Train,38844,6
Train,38845,6
Train,38846,5
Train,38847,0
Train,38848,9
Train,38849,0
Train,38850,8
Train,38851,5
Train,38852,4
Train,38853,6
Train,38854,5
Train,38855,0
Train,38856,6
Train,38857,8
Train,38858,1
Train,38859,5
Train,38860,5
Train,38861,2
Train,38862,8
Train,38863,9
Train,38864,6
Train,38865,6
Train,38866,6
Train,38867,8
Train,38868,9
Train,38869,4
Train,38870,8
Train,38871,9
Train,38872,1
Train,38873,9
Train,38874,5
Train,38875,7
Train,38876,4
Train,38877,4
Train,38878,1
Train,38879,3
Train,38880,3
Train,38881,8
Train,38882,5
Train,38883,2
Train,38884,7
Train,38885,0
Train,38886,5
Train,38887,3
Train,38888,5
Train,38889,2
Train,38890,7
Train,38891,3
Train,38892,1
Train,38893,6
Train,38894,3
Train,38895,4
Train,38896,5
Train,38897,3
Train,38898,0
Train,38899,8
Train,38900,0
Train,38901,8
Train,38902,1
Train,38903,3
Train,38904,8
Train,38905,2
Train,38906,4
Train,38907,2
Train,38908,1
Train,38909,4
Train,38910,4
Train,38911,1
Train,38912,3
Train,38913,0
Train,38914,8
Train,38915,7
Train,38916,9
Train,38917,6
Train,38918,7
Train,38919,1
Train,38920,7
Train,38921,0
Train,38922,6
Train,38923,4
Train,38924,5
Train,38925,8
Train,38926,9
Train,38927,8
Train,38928,9
Train,38929,1
Train,38930,4
Train,38931,3
Train,38932,3
Train,38933,9
Train,38934,7
Train,38935,1
Train,38936,6
Train,38937,0
Train,38938,7
Train,38939,2
Train,38940,4
Train,38941,4
Train,38942,3
Train,38943,0
Train,38944,5
Train,38945,3
Train,38946,1
Train,38947,7
Train,38948,0
Train,38949,8
Train,38950,1
Train,38951,3
Train,38952,8
Train,38953,4
Train,38954,5
Train,38955,7
Train,38956,3
Train,38957,6
Train,38958,1
Train,38959,6
Train,38960,3
Train,38961,9
Train,38962,7
Train,38963,0
Train,38964,4
Train,38965,7
Train,38966,5
Train,38967,4
Train,38968,6
Train,38969,8
Train,38970,0
Train,38971,2
Train,38972,4
Train,38973,6
Train,38974,1
Train,38975,5
Train,38976,3
Train,38977,0
Train,38978,8
Train,38979,4
Train,38980,0
Train,38981,2
Train,38982,3
Train,38983,4
Train,38984,3
Train,38985,9
Train,38986,9
Train,38987,8
Train,38988,5
Train,38989,2
Train,38990,5
Train,38991,2
Train,38992,3
Train,38993,6
Train,38994,3
Train,38995,4
Train,38996,2
Train,38997,5
Train,38998,9
Train,38999,3
Train,39000,6
Train,39001,2
Train,39002,5
Train,39003,4
Train,39004,5
Train,39005,4
Train,39006,0
Train,39007,6
Train,39008,2
Train,39009,4
Train,39010,6
Train,39011,8
Train,39012,0
Train,39013,3
Train,39014,9
Train,39015,8
Train,39016,9
Train,39017,7
Train,39018,5
Train,39019,2
Train,39020,6
Train,39021,3
Train,39022,8
Train,39023,1
Train,39024,3
Train,39025,9
Train,39026,0
Train,39027,0
Train,39028,6
Train,39029,5
Train,39030,7
Train,39031,6
Train,39032,8
Train,39033,3
Train,39034,6
Train,39035,8
Train,39036,4
Train,39037,0
Train,39038,8
Train,39039,1
Train,39040,1
Train,39041,9
Train,39042,5
Train,39043,9
Train,39044,0
Train,39045,3
Train,39046,6
Train,39047,4
Train,39048,9
Train,39049,0
Train,39050,9
Train,39051,2
Train,39052,6
Train,39053,7
Train,39054,6
Train,39055,2
Train,39056,0
Train,39057,6
Train,39058,1
Train,39059,0
Train,39060,2
Train,39061,4
Train,39062,2
Train,39063,9
Train,39064,7
Train,39065,9
Train,39066,5
Train,39067,4
Train,39068,6
Train,39069,8
Train,39070,5
Train,39071,3
Train,39072,8
Train,39073,3
Train,39074,3
Train,39075,8
Train,39076,0
Train,39077,7
Train,39078,7
Train,39079,8
Train,39080,0
Train,39081,7
Train,39082,2
Train,39083,0
Train,39084,9
Train,39085,7
Train,39086,6
Train,39087,6
Train,39088,7
Train,39089,8
Train,39090,5
Train,39091,6
Train,39092,5
Train,39093,9
Train,39094,8
Train,39095,3
Train,39096,2
Train,39097,1
Train,39098,8
Train,39099,9
Train,39100,3
Train,39101,3
Train,39102,1
Train,39103,5
Train,39104,0
Train,39105,4
Train,39106,8
Train,39107,7
Train,39108,3
Train,39109,1
Train,39110,2
Train,39111,7
Train,39112,2
Train,39113,0
Train,39114,8
Train,39115,9
Train,39116,5
Train,39117,9
Train,39118,1
Train,39119,8
Train,39120,6
Train,39121,0
Train,39122,6
Train,39123,5
Train,39124,5
Train,39125,4
Train,39126,4
Train,39127,4
Train,39128,2
Train,39129,3
Train,39130,3
Train,39131,5
Train,39132,1
Train,39133,6
Train,39134,6
Train,39135,3
Train,39136,7
Train,39137,9
Train,39138,0
Train,39139,8
Train,39140,3
Train,39141,1
Train,39142,8
Train,39143,4
Train,39144,7
Train,39145,2
Train,39146,4
Train,39147,5
Train,39148,6
Train,39149,0
Train,39150,3
Train,39151,3
Train,39152,3
Train,39153,0
Train,39154,8
Train,39155,7
Train,39156,9
Train,39157,5
Train,39158,3
Train,39159,6
Train,39160,5
Train,39161,6
Train,39162,4
Train,39163,3
Train,39164,7
Train,39165,3
Train,39166,3
Train,39167,5
Train,39168,7
Train,39169,4
Train,39170,0
Train,39171,3
Train,39172,7
Train,39173,4
Train,39174,9
Train,39175,3
Train,39176,5
Train,39177,4
Train,39178,2
Train,39179,0
Train,39180,7
Train,39181,7
Train,39182,4
Train,39183,9
Train,39184,8
Train,39185,2
Train,39186,4
Train,39187,3
Train,39188,6
Train,39189,6
Train,39190,6
Train,39191,8
Train,39192,1
Train,39193,8
Train,39194,3
Train,39195,1
Train,39196,0
Train,39197,6
Train,39198,8
Train,39199,9
Train,39200,6
Train,39201,0
Train,39202,4
Train,39203,6
Train,39204,1
Train,39205,6
Train,39206,6
Train,39207,8
Train,39208,1
Train,39209,4
Train,39210,8
Train,39211,3
Train,39212,9
Train,39213,0
Train,39214,5
Train,39215,7
Train,39216,5
Train,39217,4
Train,39218,1
Train,39219,7
Train,39220,3
Train,39221,4
Train,39222,2
Train,39223,0
Train,39224,6
Train,39225,5
Train,39226,6
Train,39227,6
Train,39228,5
Train,39229,5
Train,39230,0
Train,39231,7
Train,39232,8
Train,39233,2
Train,39234,1
Train,39235,3
Train,39236,0
Train,39237,2
Train,39238,9
Train,39239,8
Train,39240,1
Train,39241,0
Train,39242,2
Train,39243,8
Train,39244,4
Train,39245,0
Train,39246,7
Train,39247,7
Train,39248,2
Train,39249,4
Train,39250,1
Train,39251,7
Train,39252,6
Train,39253,8
Train,39254,8
Train,39255,7
Train,39256,1
Train,39257,7
Train,39258,6
Train,39259,7
Train,39260,0
Train,39261,7
Train,39262,7
Train,39263,8
Train,39264,9
Train,39265,4
Train,39266,7
Train,39267,8
Train,39268,1
Train,39269,2
Train,39270,7
Train,39271,0
Train,39272,3
Train,39273,2
Train,39274,9
Train,39275,1
Train,39276,7
Train,39277,1
Train,39278,8
Train,39279,1
Train,39280,9
Train,39281,0
Train,39282,5
Train,39283,8
Train,39284,4
Train,39285,5
Train,39286,0
Train,39287,3
Train,39288,0
Train,39289,3
Train,39290,4
Train,39291,1
Train,39292,4
Train,39293,4
Train,39294,3
Train,39295,6
Train,39296,4
Train,39297,7
Train,39298,8
Train,39299,8
Train,39300,3
Train,39301,0
Train,39302,4
Train,39303,7
Train,39304,7
Train,39305,6
Train,39306,7
Train,39307,7
Train,39308,2
Train,39309,2
Train,39310,2
Train,39311,0
Train,39312,2
Train,39313,3
Train,39314,7
Train,39315,6
Train,39316,5
Train,39317,8
Train,39318,5
Train,39319,9
Train,39320,9
Train,39321,3
Train,39322,1
Train,39323,6
Train,39324,2
Train,39325,3
Train,39326,6
Train,39327,9
Train,39328,7
Train,39329,0
Train,39330,9
Train,39331,9
Train,39332,5
Train,39333,1
Train,39334,8
Train,39335,8
Train,39336,8
Train,39337,6
Train,39338,1
Train,39339,2
Train,39340,1
Train,39341,3
Train,39342,8
Train,39343,6
Train,39344,4
Train,39345,7
Train,39346,5
Train,39347,5
Train,39348,4
Train,39349,1
Train,39350,8
Train,39351,7
Train,39352,1
Train,39353,1
Train,39354,7
Train,39355,3
Train,39356,4
Train,39357,6
Train,39358,8
Train,39359,9
Train,39360,2
Train,39361,9
Train,39362,8
Train,39363,1
Train,39364,8
Train,39365,8
Train,39366,3
Train,39367,8
Train,39368,2
Train,39369,4
Train,39370,6
Train,39371,9
Train,39372,0
Train,39373,1
Train,39374,3
Train,39375,3
Train,39376,9
Train,39377,4
Train,39378,7
Train,39379,0
Train,39380,0
Train,39381,5
Train,39382,2
Train,39383,8
Train,39384,3
Train,39385,8
Train,39386,0
Train,39387,1
Train,39388,4
Train,39389,2
Train,39390,2
Train,39391,1
Train,39392,0
Train,39393,8
Train,39394,5
Train,39395,7
Train,39396,0
Train,39397,0
Train,39398,3
Train,39399,3
Train,39400,7
Train,39401,6
Train,39402,1
Train,39403,5
Train,39404,1
Train,39405,1
Train,39406,7
Train,39407,2
Train,39408,7
Train,39409,0
Train,39410,3
Train,39411,5
Train,39412,2
Train,39413,4
Train,39414,5
Train,39415,6
Train,39416,4
Train,39417,6
Train,39418,9
Train,39419,8
Train,39420,3
Train,39421,7
Train,39422,1
Train,39423,3
Train,39424,8
Train,39425,7
Train,39426,2
Train,39427,9
Train,39428,3
Train,39429,7
Train,39430,4
Train,39431,0
Train,39432,7
Train,39433,8
Train,39434,9
Train,39435,0
Train,39436,2
Train,39437,1
Train,39438,3
Train,39439,4
Train,39440,9
Train,39441,5
Train,39442,8
Train,39443,7
Train,39444,8
Train,39445,5
Train,39446,5
Train,39447,0
Train,39448,8
Train,39449,9
Train,39450,9
Train,39451,4
Train,39452,6
Train,39453,9
Train,39454,8
Train,39455,1
Train,39456,5
Train,39457,6
Train,39458,5
Train,39459,4
Train,39460,8
Train,39461,3
Train,39462,8
Train,39463,5
Train,39464,6
Train,39465,7
Train,39466,2
Train,39467,4
Train,39468,8
Train,39469,6
Train,39470,4
Train,39471,0
Train,39472,7
Train,39473,4
Train,39474,1
Train,39475,5
Train,39476,1
Train,39477,0
Train,39478,2
Train,39479,5
Train,39480,0
Train,39481,4
Train,39482,3
Train,39483,6
Train,39484,1
Train,39485,7
Train,39486,0
Train,39487,5
Train,39488,4
Train,39489,1
Train,39490,1
Train,39491,4
Train,39492,2
Train,39493,9
Train,39494,7
Train,39495,4
Train,39496,3
Train,39497,5
Train,39498,7
Train,39499,2
Train,39500,3
Train,39501,4
Train,39502,8
Train,39503,7
Train,39504,0
Train,39505,4
Train,39506,3
Train,39507,8
Train,39508,2
Train,39509,4
Train,39510,9
Train,39511,6
Train,39512,6
Train,39513,7
Train,39514,2
Train,39515,2
Train,39516,6
Train,39517,9
Train,39518,7
Train,39519,0
Train,39520,2
Train,39521,0
Train,39522,9
Train,39523,6
Train,39524,1
Train,39525,5
Train,39526,3
Train,39527,6
Train,39528,2
Train,39529,7
Train,39530,0
Train,39531,0
Train,39532,1
Train,39533,3
Train,39534,8
Train,39535,2
Train,39536,7
Train,39537,6
Train,39538,5
Train,39539,5
Train,39540,2
Train,39541,4
Train,39542,6
Train,39543,3
Train,39544,6
Train,39545,8
Train,39546,9
Train,39547,7
Train,39548,9
Train,39549,1
Train,39550,2
Train,39551,5
Train,39552,3
Train,39553,0
Train,39554,3
Train,39555,6
Train,39556,9
Train,39557,9
Train,39558,5
Train,39559,6
Train,39560,1
Train,39561,4
Train,39562,6
Train,39563,8
Train,39564,9
Train,39565,4
Train,39566,1
Train,39567,9
Train,39568,6
Train,39569,5
Train,39570,9
Train,39571,8
Train,39572,9
Train,39573,4
Train,39574,0
Train,39575,3
Train,39576,4
Train,39577,8
Train,39578,8
Train,39579,8
Train,39580,2
Train,39581,9
Train,39582,7
Train,39583,9
Train,39584,0
Train,39585,9
Train,39586,9
Train,39587,5
Train,39588,4
Train,39589,0
Train,39590,8
Train,39591,5
Train,39592,8
Train,39593,8
Train,39594,2
Train,39595,7
Train,39596,4
Train,39597,9
Train,39598,8
Train,39599,3
Train,39600,9
Train,39601,0
Train,39602,5
Train,39603,5
Train,39604,3
Train,39605,8
Train,39606,0
Train,39607,4
Train,39608,3
Train,39609,3
Train,39610,2
Train,39611,9
Train,39612,8
Train,39613,8
Train,39614,3
Train,39615,4
Train,39616,3
Train,39617,6
Train,39618,4
Train,39619,0
Train,39620,9
Train,39621,8
Train,39622,1
Train,39623,9
Train,39624,5
Train,39625,9
Train,39626,4
Train,39627,8
Train,39628,0
Train,39629,7
Train,39630,6
Train,39631,0
Train,39632,2
Train,39633,7
Train,39634,3
Train,39635,9
Train,39636,6
Train,39637,6
Train,39638,1
Train,39639,6
Train,39640,3
Train,39641,3
Train,39642,5
Train,39643,6
Train,39644,3
Train,39645,5
Train,39646,2
Train,39647,5
Train,39648,2
Train,39649,5
Train,39650,0
Train,39651,3
Train,39652,1
Train,39653,8
Train,39654,1
Train,39655,2
Train,39656,4
Train,39657,6
Train,39658,8
Train,39659,3
Train,39660,5
Train,39661,2
Train,39662,5
Train,39663,5
Train,39664,0
Train,39665,3
Train,39666,0
Train,39667,7
Train,39668,1
Train,39669,5
Train,39670,0
Train,39671,2
Train,39672,9
Train,39673,9
Train,39674,1
Train,39675,2
Train,39676,4
Train,39677,5
Train,39678,6
Train,39679,1
Train,39680,6
Train,39681,3
Train,39682,5
Train,39683,2
Train,39684,8
Train,39685,9
Train,39686,2
Train,39687,2
Train,39688,9
Train,39689,3
Train,39690,4
Train,39691,0
Train,39692,1
Train,39693,2
Train,39694,5
Train,39695,5
Train,39696,1
Train,39697,6
Train,39698,4
Train,39699,9
Train,39700,7
Train,39701,4
Train,39702,8
Train,39703,4
Train,39704,8
Train,39705,4
Train,39706,5
Train,39707,8
Train,39708,7
Train,39709,0
Train,39710,6
Train,39711,7
Train,39712,5
Train,39713,9
Train,39714,5
Train,39715,8
Train,39716,0
Train,39717,7
Train,39718,5
Train,39719,0
Train,39720,7
Train,39721,9
Train,39722,5
Train,39723,0
Train,39724,1
Train,39725,0
Train,39726,7
Train,39727,7
Train,39728,2
Train,39729,2
Train,39730,5
Train,39731,9
Train,39732,2
Train,39733,5
Train,39734,4
Train,39735,1
Train,39736,9
Train,39737,1
Train,39738,8
Train,39739,0
Train,39740,4
Train,39741,9
Train,39742,5
Train,39743,9
Train,39744,2
Train,39745,1
Train,39746,9
Train,39747,2
Train,39748,5
Train,39749,1
Train,39750,7
Train,39751,3
Train,39752,4
Train,39753,2
Train,39754,9
Train,39755,7
Train,39756,6
Train,39757,5
Train,39758,7
Train,39759,6
Train,39760,0
Train,39761,3
Train,39762,7
Train,39763,0
Train,39764,9
Train,39765,2
Train,39766,8
Train,39767,7
Train,39768,4
Train,39769,1
Train,39770,8
Train,39771,1
Train,39772,4
Train,39773,3
Train,39774,0
Train,39775,9
Train,39776,8
Train,39777,3
Train,39778,3
Train,39779,5
Train,39780,0
Train,39781,9
Train,39782,7
Train,39783,5
Train,39784,9
Train,39785,4
Train,39786,2
Train,39787,8
Train,39788,5
Train,39789,3
Train,39790,5
Train,39791,6
Train,39792,1
Train,39793,0
Train,39794,2
Train,39795,8
Train,39796,7
Train,39797,7
Train,39798,7
Train,39799,7
Train,39800,1
Train,39801,9
Train,39802,8
Train,39803,4
Train,39804,9
Train,39805,1
Train,39806,9
Train,39807,7
Train,39808,6
Train,39809,2
Train,39810,7
Train,39811,1
Train,39812,7
Train,39813,9
Train,39814,6
Train,39815,0
Train,39816,9
Train,39817,5
Train,39818,1
Train,39819,0
Train,39820,1
Train,39821,2
Train,39822,3
Train,39823,6
Train,39824,1
Train,39825,1
Train,39826,0
Train,39827,9
Train,39828,1
Train,39829,4
Train,39830,9
Train,39831,9
Train,39832,9
Train,39833,4
Train,39834,2
Train,39835,7
Train,39836,2
Train,39837,9
Train,39838,8
Train,39839,9
Train,39840,8
Train,39841,9
Train,39842,6
Train,39843,1
Train,39844,9
Train,39845,5
Train,39846,5
Train,39847,2
Train,39848,1
Train,39849,4
Train,39850,3
Train,39851,5
Train,39852,3
Train,39853,4
Train,39854,2
Train,39855,9
Train,39856,9
Train,39857,2
Train,39858,6
Train,39859,9
Train,39860,9
Train,39861,2
Train,39862,3
Train,39863,0
Train,39864,8
Train,39865,3
Train,39866,4
Train,39867,6
Train,39868,3
Train,39869,5
Train,39870,9
Train,39871,3
Train,39872,9
Train,39873,6
Train,39874,6
Train,39875,0
Train,39876,9
Train,39877,0
Train,39878,4
Train,39879,9
Train,39880,5
Train,39881,2
Train,39882,2
Train,39883,0
Train,39884,9
Train,39885,3
Train,39886,0
Train,39887,2
Train,39888,7
Train,39889,6
Train,39890,9
Train,39891,4
Train,39892,1
Train,39893,5
Train,39894,9
Train,39895,8
Train,39896,8
Train,39897,3
Train,39898,3
Train,39899,0
Train,39900,6
Train,39901,2
Train,39902,1
Train,39903,3
Train,39904,0
Train,39905,1
Train,39906,1
Train,39907,0
Train,39908,8
Train,39909,6
Train,39910,3
Train,39911,1
Train,39912,1
Train,39913,6
Train,39914,0
Train,39915,8
Train,39916,8
Train,39917,9
Train,39918,8
Train,39919,3
Train,39920,5
Train,39921,3
Train,39922,6
Train,39923,5
Train,39924,3
Train,39925,2
Train,39926,0
Train,39927,0
Train,39928,2
Train,39929,5
Train,39930,9
Train,39931,2
Train,39932,4
Train,39933,1
Train,39934,9
Train,39935,2
Train,39936,1
Train,39937,8
Train,39938,6
Train,39939,6
Train,39940,1
Train,39941,3
Train,39942,4
Train,39943,2
Train,39944,7
Train,39945,4
Train,39946,4
Train,39947,4
Train,39948,1
Train,39949,7
Train,39950,3
Train,39951,2
Train,39952,2
Train,39953,1
Train,39954,6
Train,39955,9
Train,39956,8
Train,39957,0
Train,39958,4
Train,39959,0
Train,39960,2
Train,39961,7
Train,39962,7
Train,39963,6
Train,39964,1
Train,39965,1
Train,39966,0
Train,39967,5
Train,39968,6
Train,39969,6
Train,39970,8
Train,39971,8
Train,39972,3
Train,39973,5
Train,39974,1
Train,39975,5
Train,39976,2
Train,39977,4
Train,39978,6
Train,39979,3
Train,39980,3
Train,39981,8
Train,39982,6
Train,39983,2
Train,39984,9
Train,39985,7
Train,39986,6
Train,39987,1
Train,39988,7
Train,39989,3
Train,39990,1
Train,39991,2
Train,39992,8
Train,39993,9
Train,39994,6
Train,39995,0
Train,39996,1
Train,39997,6
Train,39998,2
Train,39999,8
Train,40000,1
Train,40001,8
Train,40002,5
Train,40003,1
Train,40004,5
Train,40005,7
Train,40006,4
Train,40007,3
Train,40008,8
Train,40009,2
Train,40010,7
Train,40011,2
Train,40012,0
Train,40013,1
Train,40014,5
Train,40015,9
Train,40016,6
Train,40017,2
Train,40018,0
Train,40019,8
Train,40020,2
Train,40021,7
Train,40022,0
Train,40023,4
Train,40024,1
Train,40025,7
Train,40026,7
Train,40027,4
Train,40028,4
Train,40029,9
Train,40030,9
Train,40031,6
Train,40032,2
Train,40033,4
Train,40034,1
Train,40035,6
Train,40036,4
Train,40037,9
Train,40038,6
Train,40039,6
Train,40040,9
Train,40041,6
Train,40042,9
Train,40043,9
Train,40044,5
Train,40045,7
Train,40046,1
Train,40047,6
Train,40048,8
Train,40049,2
Train,40050,9
Train,40051,5
Train,40052,9
Train,40053,5
Train,40054,3
Train,40055,7
Train,40056,1
Train,40057,3
Train,40058,3
Train,40059,9
Train,40060,1
Train,40061,7
Train,40062,8
Train,40063,9
Train,40064,7
Train,40065,4
Train,40066,3
Train,40067,4
Train,40068,9
Train,40069,5
Train,40070,8
Train,40071,4
Train,40072,9
Train,40073,3
Train,40074,6
Train,40075,1
Train,40076,1
Train,40077,4
Train,40078,3
Train,40079,9
Train,40080,9
Train,40081,1
Train,40082,9
Train,40083,9
Train,40084,2
Train,40085,4
Train,40086,3
Train,40087,2
Train,40088,4
Train,40089,7
Train,40090,1
Train,40091,5
Train,40092,1
Train,40093,8
Train,40094,6
Train,40095,3
Train,40096,6
Train,40097,3
Train,40098,4
Train,40099,4
Train,40100,9
Train,40101,9
Train,40102,9
Train,40103,7
Train,40104,0
Train,40105,5
Train,40106,7
Train,40107,7
Train,40108,4
Train,40109,8
Train,40110,8
Train,40111,4
Train,40112,2
Train,40113,0
Train,40114,5
Train,40115,2
Train,40116,4
Train,40117,9
Train,40118,1
Train,40119,7
Train,40120,7
Train,40121,4
Train,40122,8
Train,40123,8
Train,40124,8
Train,40125,0
Train,40126,2
Train,40127,3
Train,40128,6
Train,40129,3
Train,40130,9
Train,40131,0
Train,40132,8
Train,40133,2
Train,40134,2
Train,40135,4
Train,40136,8
Train,40137,8
Train,40138,1
Train,40139,8
Train,40140,5
Train,40141,7
Train,40142,6
Train,40143,0
Train,40144,9
Train,40145,1
Train,40146,4
Train,40147,8
Train,40148,2
Train,40149,1
Train,40150,0
Train,40151,5
Train,40152,1
Train,40153,6
Train,40154,5
Train,40155,3
Train,40156,4
Train,40157,9
Train,40158,9
Train,40159,0
Train,40160,3
Train,40161,5
Train,40162,4
Train,40163,2
Train,40164,6
Train,40165,3
Train,40166,9
Train,40167,4
Train,40168,9
Train,40169,8
Train,40170,6
Train,40171,4
Train,40172,1
Train,40173,1
Train,40174,9
Train,40175,8
Train,40176,2
Train,40177,2
Train,40178,1
Train,40179,8
Train,40180,5
Train,40181,9
Train,40182,7
Train,40183,8
Train,40184,1
Train,40185,1
Train,40186,4
Train,40187,2
Train,40188,4
Train,40189,2
Train,40190,0
Train,40191,8
Train,40192,8
Train,40193,0
Train,40194,0
Train,40195,4
Train,40196,3
Train,40197,0
Train,40198,7
Train,40199,7
Train,40200,6
Train,40201,1
Train,40202,6
Train,40203,7
Train,40204,1
Train,40205,5
Train,40206,6
Train,40207,1
Train,40208,7
Train,40209,2
Train,40210,4
Train,40211,0
Train,40212,2
Train,40213,2
Train,40214,5
Train,40215,9
Train,40216,3
Train,40217,2
Train,40218,1
Train,40219,4
Train,40220,1
Train,40221,2
Train,40222,9
Train,40223,8
Train,40224,5
Train,40225,2
Train,40226,3
Train,40227,3
Train,40228,4
Train,40229,9
Train,40230,7
Train,40231,2
Train,40232,3
Train,40233,9
Train,40234,7
Train,40235,6
Train,40236,2
Train,40237,9
Train,40238,7
Train,40239,5
Train,40240,4
Train,40241,0
Train,40242,8
Train,40243,7
Train,40244,2
Train,40245,0
Train,40246,3
Train,40247,5
Train,40248,1
Train,40249,3
Train,40250,1
Train,40251,7
Train,40252,8
Train,40253,7
Train,40254,9
Train,40255,8
Train,40256,2
Train,40257,9
Train,40258,1
Train,40259,4
Train,40260,8
Train,40261,6
Train,40262,7
Train,40263,3
Train,40264,6
Train,40265,9
Train,40266,7
Train,40267,9
Train,40268,4
Train,40269,5
Train,40270,8
Train,40271,0
Train,40272,5
Train,40273,6
Train,40274,6
Train,40275,0
Train,40276,8
Train,40277,4
Train,40278,6
Train,40279,1
Train,40280,4
Train,40281,2
Train,40282,2
Train,40283,1
Train,40284,8
Train,40285,4
Train,40286,4
Train,40287,0
Train,40288,2
Train,40289,4
Train,40290,1
Train,40291,9
Train,40292,8
Train,40293,9
Train,40294,0
Train,40295,7
Train,40296,1
Train,40297,1
Train,40298,6
Train,40299,4
Train,40300,7
Train,40301,4
Train,40302,6
Train,40303,9
Train,40304,3
Train,40305,2
Train,40306,7
Train,40307,3
Train,40308,7
Train,40309,4
Train,40310,5
Train,40311,1
Train,40312,9
Train,40313,6
Train,40314,3
Train,40315,9
Train,40316,6
Train,40317,0
Train,40318,7
Train,40319,0
Train,40320,0
Train,40321,0
Train,40322,6
Train,40323,6
Train,40324,9
Train,40325,7
Train,40326,3
Train,40327,2
Train,40328,0
Train,40329,6
Train,40330,7
Train,40331,5
Train,40332,0
Train,40333,2
Train,40334,0
Train,40335,3
Train,40336,8
Train,40337,6
Train,40338,9
Train,40339,9
Train,40340,7
Train,40341,1
Train,40342,2
Train,40343,0
Train,40344,8
Train,40345,8
Train,40346,0
Train,40347,8
Train,40348,2
Train,40349,0
Train,40350,9
Train,40351,5
Train,40352,1
Train,40353,3
Train,40354,3
Train,40355,0
Train,40356,7
Train,40357,6
Train,40358,1
Train,40359,0
Train,40360,7
Train,40361,9
Train,40362,3
Train,40363,1
Train,40364,6
Train,40365,3
Train,40366,5
Train,40367,1
Train,40368,8
Train,40369,3
Train,40370,3
Train,40371,2
Train,40372,2
Train,40373,5
Train,40374,7
Train,40375,4
Train,40376,8
Train,40377,4
Train,40378,3
Train,40379,0
Train,40380,5
Train,40381,9
Train,40382,5
Train,40383,4
Train,40384,3
Train,40385,2
Train,40386,1
Train,40387,9
Train,40388,2
Train,40389,8
Train,40390,7
Train,40391,8
Train,40392,2
Train,40393,9
Train,40394,1
Train,40395,8
Train,40396,6
Train,40397,4
Train,40398,2
Train,40399,3
Train,40400,3
Train,40401,0
Train,40402,8
Train,40403,2
Train,40404,3
Train,40405,5
Train,40406,7
Train,40407,1
Train,40408,8
Train,40409,8
Train,40410,1
Train,40411,0
Train,40412,9
Train,40413,9
Train,40414,9
Train,40415,8
Train,40416,7
Train,40417,5
Train,40418,0
Train,40419,5
Train,40420,0
Train,40421,5
Train,40422,1
Train,40423,1
Train,40424,4
Train,40425,6
Train,40426,7
Train,40427,1
Train,40428,2
Train,40429,8
Train,40430,5
Train,40431,1
Train,40432,0
Train,40433,3
Train,40434,5
Train,40435,8
Train,40436,6
Train,40437,6
Train,40438,6
Train,40439,7
Train,40440,7
Train,40441,4
Train,40442,0
Train,40443,5
Train,40444,2
Train,40445,8
Train,40446,3
Train,40447,7
Train,40448,0
Train,40449,1
Train,40450,9
Train,40451,9
Train,40452,2
Train,40453,1
Train,40454,7
Train,40455,6
Train,40456,5
Train,40457,3
Train,40458,8
Train,40459,3
Train,40460,0
Train,40461,7
Train,40462,6
Train,40463,2
Train,40464,7
Train,40465,7
Train,40466,6
Train,40467,5
Train,40468,6
Train,40469,4
Train,40470,8
Train,40471,5
Train,40472,1
Train,40473,4
Train,40474,9
Train,40475,1
Train,40476,0
Train,40477,5
Train,40478,7
Train,40479,0
Train,40480,2
Train,40481,5
Train,40482,0
Train,40483,8
Train,40484,1
Train,40485,0
Train,40486,4
Train,40487,2
Train,40488,2
Train,40489,5
Train,40490,5
Train,40491,8
Train,40492,0
Train,40493,8
Train,40494,9
Train,40495,8
Train,40496,4
Train,40497,7
Train,40498,6
Train,40499,4
Train,40500,8
Train,40501,6
Train,40502,7
Train,40503,5
Train,40504,0
Train,40505,1
Train,40506,3
Train,40507,9
Train,40508,9
Train,40509,1
Train,40510,4
Train,40511,3
Train,40512,8
Train,40513,6
Train,40514,6
Train,40515,2
Train,40516,0
Train,40517,7
Train,40518,1
Train,40519,6
Train,40520,1
Train,40521,6
Train,40522,4
Train,40523,4
Train,40524,8
Train,40525,0
Train,40526,0
Train,40527,2
Train,40528,5
Train,40529,4
Train,40530,4
Train,40531,4
Train,40532,3
Train,40533,7
Train,40534,2
Train,40535,0
Train,40536,5
Train,40537,1
Train,40538,5
Train,40539,7
Train,40540,9
Train,40541,7
Train,40542,0
Train,40543,5
Train,40544,6
Train,40545,2
Train,40546,3
Train,40547,8
Train,40548,0
Train,40549,6
Train,40550,4
Train,40551,6
Train,40552,8
Train,40553,4
Train,40554,1
Train,40555,5
Train,40556,0
Train,40557,6
Train,40558,3
Train,40559,9
Train,40560,4
Train,40561,5
Train,40562,4
Train,40563,7
Train,40564,9
Train,40565,6
Train,40566,2
Train,40567,7
Train,40568,6
Train,40569,1
Train,40570,7
Train,40571,8
Train,40572,5
Train,40573,1
Train,40574,9
Train,40575,8
Train,40576,1
Train,40577,3
Train,40578,8
Train,40579,7
Train,40580,4
Train,40581,8
Train,40582,1
Train,40583,2
Train,40584,3
Train,40585,7
Train,40586,0
Train,40587,3
Train,40588,4
Train,40589,0
Train,40590,0
Train,40591,4
Train,40592,8
Train,40593,4
Train,40594,1
Train,40595,1
Train,40596,9
Train,40597,4
Train,40598,8
Train,40599,9
Train,40600,5
Train,40601,8
Train,40602,1
Train,40603,3
Train,40604,7
Train,40605,9
Train,40606,8
Train,40607,0
Train,40608,5
Train,40609,8
Train,40610,4
Train,40611,3
Train,40612,0
Train,40613,6
Train,40614,8
Train,40615,1
Train,40616,5
Train,40617,6
Train,40618,0
Train,40619,0
Train,40620,5
Train,40621,0
Train,40622,9
Train,40623,2
Train,40624,3
Train,40625,2
Train,40626,7
Train,40627,6
Train,40628,6
Train,40629,4
Train,40630,7
Train,40631,4
Train,40632,5
Train,40633,1
Train,40634,3
Train,40635,0
Train,40636,8
Train,40637,7
Train,40638,9
Train,40639,0
Train,40640,6
Train,40641,8
Train,40642,4
Train,40643,3
Train,40644,0
Train,40645,8
Train,40646,7
Train,40647,4
Train,40648,0
Train,40649,0
Train,40650,4
Train,40651,3
Train,40652,0
Train,40653,6
Train,40654,0
Train,40655,1
Train,40656,1
Train,40657,5
Train,40658,4
Train,40659,7
Train,40660,4
Train,40661,2
Train,40662,5
Train,40663,4
Train,40664,6
Train,40665,4
Train,40666,6
Train,40667,8
Train,40668,3
Train,40669,8
Train,40670,3
Train,40671,8
Train,40672,7
Train,40673,6
Train,40674,4
Train,40675,6
Train,40676,9
Train,40677,6
Train,40678,1
Train,40679,0
Train,40680,0
Train,40681,5
Train,40682,4
Train,40683,8
Train,40684,7
Train,40685,6
Train,40686,5
Train,40687,2
Train,40688,5
Train,40689,7
Train,40690,3
Train,40691,8
Train,40692,7
Train,40693,9
Train,40694,7
Train,40695,8
Train,40696,6
Train,40697,5
Train,40698,9
Train,40699,9
Train,40700,8
Train,40701,2
Train,40702,8
Train,40703,0
Train,40704,2
Train,40705,4
Train,40706,2
Train,40707,4
Train,40708,0
Train,40709,7
Train,40710,6
Train,40711,9
Train,40712,3
Train,40713,1
Train,40714,2
Train,40715,6
Train,40716,2
Train,40717,5
Train,40718,4
Train,40719,9
Train,40720,2
Train,40721,5
Train,40722,9
Train,40723,7
Train,40724,9
Train,40725,6
Train,40726,3
Train,40727,2
Train,40728,8
Train,40729,9
Train,40730,7
Train,40731,7
Train,40732,3
Train,40733,0
Train,40734,9
Train,40735,9
Train,40736,2
Train,40737,3
Train,40738,8
Train,40739,4
Train,40740,0
Train,40741,0
Train,40742,9
Train,40743,7
Train,40744,7
Train,40745,4
Train,40746,0
Train,40747,0
Train,40748,6
Train,40749,1
Train,40750,9
Train,40751,1
Train,40752,0
Train,40753,9
Train,40754,5
Train,40755,6
Train,40756,3
Train,40757,4
Train,40758,1
Train,40759,1
Train,40760,6
Train,40761,0
Train,40762,1
Train,40763,5
Train,40764,3
Train,40765,5
Train,40766,9
Train,40767,6
Train,40768,0
Train,40769,4
Train,40770,4
Train,40771,5
Train,40772,5
Train,40773,5
Train,40774,9
Train,40775,3
Train,40776,5
Train,40777,9
Train,40778,8
Train,40779,5
Train,40780,8
Train,40781,9
Train,40782,6
Train,40783,5
Train,40784,8
Train,40785,8
Train,40786,2
Train,40787,2
Train,40788,3
Train,40789,8
Train,40790,9
Train,40791,2
Train,40792,3
Train,40793,4
Train,40794,4
Train,40795,9
Train,40796,0
Train,40797,6
Train,40798,4
Train,40799,5
Train,40800,5
Train,40801,9
Train,40802,0
Train,40803,4
Train,40804,6
Train,40805,8
Train,40806,0
Train,40807,0
Train,40808,1
Train,40809,3
Train,40810,9
Train,40811,6
Train,40812,9
Train,40813,5
Train,40814,1
Train,40815,1
Train,40816,7
Train,40817,7
Train,40818,0
Train,40819,9
Train,40820,7
Train,40821,7
Train,40822,1
Train,40823,6
Train,40824,6
Train,40825,9
Train,40826,3
Train,40827,4
Train,40828,2
Train,40829,7
Train,40830,0
Train,40831,5
Train,40832,2
Train,40833,9
Train,40834,7
Train,40835,4
Train,40836,6
Train,40837,7
Train,40838,1
Train,40839,3
Train,40840,4
Train,40841,2
Train,40842,4
Train,40843,0
Train,40844,4
Train,40845,9
Train,40846,4
Train,40847,3
Train,40848,4
Train,40849,2
Train,40850,6
Train,40851,0
Train,40852,3
Train,40853,7
Train,40854,4
Train,40855,9
Train,40856,6
Train,40857,5
Train,40858,9
Train,40859,7
Train,40860,2
Train,40861,0
Train,40862,4
Train,40863,3
Train,40864,8
Train,40865,2
Train,40866,7
Train,40867,0
Train,40868,5
Train,40869,3
Train,40870,3
Train,40871,5
Train,40872,0
Train,40873,0
Train,40874,6
Train,40875,9
Train,40876,0
Train,40877,3
Train,40878,5
Train,40879,6
Train,40880,1
Train,40881,8
Train,40882,6
Train,40883,8
Train,40884,6
Train,40885,9
Train,40886,8
Train,40887,5
Train,40888,3
Train,40889,5
Train,40890,0
Train,40891,3
Train,40892,7
Train,40893,7
Train,40894,6
Train,40895,9
Train,40896,0
Train,40897,7
Train,40898,9
Train,40899,8
Train,40900,2
Train,40901,7
Train,40902,9
Train,40903,9
Train,40904,5
Train,40905,5
Train,40906,0
Train,40907,3
Train,40908,2
Train,40909,6
Train,40910,0
Train,40911,2
Train,40912,7
Train,40913,8
Train,40914,3
Train,40915,9
Train,40916,7
Train,40917,2
Train,40918,2
Train,40919,8
Train,40920,6
Train,40921,6
Train,40922,3
Train,40923,9
Train,40924,2
Train,40925,8
Train,40926,8
Train,40927,6
Train,40928,0
Train,40929,6
Train,40930,7
Train,40931,9
Train,40932,5
Train,40933,4
Train,40934,5
Train,40935,1
Train,40936,1
Train,40937,4
Train,40938,5
Train,40939,8
Train,40940,5
Train,40941,2
Train,40942,7
Train,40943,4
Train,40944,5
Train,40945,0
Train,40946,6
Train,40947,8
Train,40948,9
Train,40949,4
Train,40950,3
Train,40951,5
Train,40952,6
Train,40953,1
Train,40954,3
Train,40955,7
Train,40956,0
Train,40957,5
Train,40958,1
Train,40959,6
Train,40960,2
Train,40961,2
Train,40962,4
Train,40963,8
Train,40964,1
Train,40965,2
Train,40966,2
Train,40967,1
Train,40968,2
Train,40969,5
Train,40970,9
Train,40971,1
Train,40972,1
Train,40973,3
Train,40974,4
Train,40975,2
Train,40976,9
Train,40977,7
Train,40978,0
Train,40979,8
Train,40980,2
Train,40981,4
Train,40982,6
Train,40983,8
Train,40984,0
Train,40985,3
Train,40986,7
Train,40987,1
Train,40988,8
Train,40989,5
Train,40990,8
Train,40991,6
Train,40992,5
Train,40993,6
Train,40994,2
Train,40995,2
Train,40996,3
Train,40997,5
Train,40998,7
Train,40999,7
Train,41000,7
Train,41001,7
Train,41002,8
Train,41003,4
Train,41004,6
Train,41005,4
Train,41006,1
Train,41007,2
Train,41008,8
Train,41009,6
Train,41010,1
Train,41011,9
Train,41012,3
Train,41013,3
Train,41014,2
Train,41015,1
Train,41016,3
Train,41017,1
Train,41018,2
Train,41019,0
Train,41020,3
Train,41021,3
Train,41022,5
Train,41023,4
Train,41024,2
Train,41025,5
Train,41026,1
Train,41027,3
Train,41028,8
Train,41029,6
Train,41030,0
Train,41031,4
Train,41032,1
Train,41033,4
Train,41034,5
Train,41035,3
Train,41036,0
Train,41037,5
Train,41038,0
Train,41039,7
Train,41040,0
Train,41041,8
Train,41042,8
Train,41043,4
Train,41044,9
Train,41045,6
Train,41046,5
Train,41047,8
Train,41048,8
Train,41049,6
Train,41050,7
Train,41051,1
Train,41052,7
Train,41053,3
Train,41054,9
Train,41055,0
Train,41056,4
Train,41057,3
Train,41058,4
Train,41059,8
Train,41060,3
Train,41061,1
Train,41062,5
Train,41063,1
Train,41064,6
Train,41065,7
Train,41066,3
Train,41067,1
Train,41068,0
Train,41069,5
Train,41070,8
Train,41071,2
Train,41072,1
Train,41073,0
Train,41074,6
Train,41075,1
Train,41076,7
Train,41077,4
Train,41078,8
Train,41079,9
Train,41080,2
Train,41081,5
Train,41082,5
Train,41083,8
Train,41084,2
Train,41085,2
Train,41086,4
Train,41087,1
Train,41088,6
Train,41089,9
Train,41090,6
Train,41091,1
Train,41092,1
Train,41093,4
Train,41094,5
Train,41095,7
Train,41096,5
Train,41097,4
Train,41098,5
Train,41099,5
Train,41100,4
Train,41101,4
Train,41102,3
Train,41103,4
Train,41104,2
Train,41105,1
Train,41106,6
Train,41107,4
Train,41108,3
Train,41109,8
Train,41110,1
Train,41111,7
Train,41112,8
Train,41113,5
Train,41114,1
Train,41115,5
Train,41116,3
Train,41117,3
Train,41118,0
Train,41119,5
Train,41120,4
Train,41121,0
Train,41122,8
Train,41123,7
Train,41124,0
Train,41125,2
Train,41126,9
Train,41127,4
Train,41128,9
Train,41129,7
Train,41130,5
Train,41131,0
Train,41132,8
Train,41133,1
Train,41134,3
Train,41135,9
Train,41136,4
Train,41137,3
Train,41138,1
Train,41139,5
Train,41140,6
Train,41141,5
Train,41142,6
Train,41143,2
Train,41144,3
Train,41145,2
Train,41146,0
Train,41147,1
Train,41148,4
Train,41149,9
Train,41150,7
Train,41151,0
Train,41152,0
Train,41153,1
Train,41154,3
Train,41155,1
Train,41156,9
Train,41157,2
Train,41158,3
Train,41159,3
Train,41160,6
Train,41161,9
Train,41162,4
Train,41163,8
Train,41164,0
Train,41165,8
Train,41166,9
Train,41167,0
Train,41168,3
Train,41169,9
Train,41170,1
Train,41171,4
Train,41172,8
Train,41173,9
Train,41174,2
Train,41175,5
Train,41176,5
Train,41177,6
Train,41178,4
Train,41179,0
Train,41180,7
Train,41181,9
Train,41182,3
Train,41183,9
Train,41184,6
Train,41185,7
Train,41186,4
Train,41187,8
Train,41188,6
Train,41189,1
Train,41190,5
Train,41191,4
Train,41192,1
Train,41193,4
Train,41194,2
Train,41195,7
Train,41196,6
Train,41197,7
Train,41198,2
Train,41199,2
Train,41200,0
Train,41201,8
Train,41202,4
Train,41203,6
Train,41204,9
Train,41205,7
Train,41206,5
Train,41207,8
Train,41208,2
Train,41209,1
Train,41210,5
Train,41211,2
Train,41212,0
Train,41213,3
Train,41214,2
Train,41215,1
Train,41216,4
Train,41217,1
Train,41218,8
Train,41219,4
Train,41220,0
Train,41221,5
Train,41222,0
Train,41223,2
Train,41224,8
Train,41225,8
Train,41226,9
Train,41227,7
Train,41228,9
Train,41229,3
Train,41230,1
Train,41231,2
Train,41232,5
Train,41233,0
Train,41234,0
Train,41235,0
Train,41236,2
Train,41237,4
Train,41238,0
Train,41239,7
Train,41240,8
Train,41241,1
Train,41242,0
Train,41243,0
Train,41244,9
Train,41245,9
Train,41246,4
Train,41247,8
Train,41248,1
Train,41249,4
Train,41250,8
Train,41251,8
Train,41252,4
Train,41253,8
Train,41254,1
Train,41255,2
Train,41256,8
Train,41257,1
Train,41258,0
Train,41259,1
Train,41260,6
Train,41261,9
Train,41262,1
Train,41263,4
Train,41264,8
Train,41265,4
Train,41266,0
Train,41267,9
Train,41268,4
Train,41269,3
Train,41270,4
Train,41271,3
Train,41272,6
Train,41273,2
Train,41274,0
Train,41275,6
Train,41276,9
Train,41277,0
Train,41278,9
Train,41279,1
Train,41280,9
Train,41281,8
Train,41282,9
Train,41283,4
Train,41284,9
Train,41285,3
Train,41286,4
Train,41287,6
Train,41288,8
Train,41289,1
Train,41290,6
Train,41291,1
Train,41292,8
Train,41293,6
Train,41294,4
Train,41295,2
Train,41296,1
Train,41297,6
Train,41298,8
Train,41299,2
Train,41300,0
Train,41301,4
Train,41302,4
Train,41303,6
Train,41304,7
Train,41305,4
Train,41306,3
Train,41307,1
Train,41308,2
Train,41309,6
Train,41310,9
Train,41311,6
Train,41312,2
Train,41313,9
Train,41314,8
Train,41315,8
Train,41316,9
Train,41317,7
Train,41318,5
Train,41319,7
Train,41320,6
Train,41321,2
Train,41322,1
Train,41323,3
Train,41324,0
Train,41325,2
Train,41326,6
Train,41327,6
Train,41328,6
Train,41329,9
Train,41330,3
Train,41331,6
Train,41332,7
Train,41333,2
Train,41334,3
Train,41335,8
Train,41336,1
Train,41337,4
Train,41338,1
Train,41339,5
Train,41340,5
Train,41341,6
Train,41342,2
Train,41343,3
Train,41344,7
Train,41345,0
Train,41346,2
Train,41347,7
Train,41348,9
Train,41349,3
Train,41350,6
Train,41351,3
Train,41352,0
Train,41353,3
Train,41354,9
Train,41355,0
Train,41356,1
Train,41357,9
Train,41358,5
Train,41359,9
Train,41360,5
Train,41361,9
Train,41362,2
Train,41363,9
Train,41364,3
Train,41365,5
Train,41366,8
Train,41367,5
Train,41368,1
Train,41369,3
Train,41370,7
Train,41371,5
Train,41372,3
Train,41373,8
Train,41374,6
Train,41375,8
Train,41376,5
Train,41377,4
Train,41378,1
Train,41379,6
Train,41380,4
Train,41381,7
Train,41382,4
Train,41383,9
Train,41384,3
Train,41385,2
Train,41386,9
Train,41387,6
Train,41388,4
Train,41389,3
Train,41390,7
Train,41391,9
Train,41392,1
Train,41393,7
Train,41394,3
Train,41395,9
Train,41396,9
Train,41397,7
Train,41398,1
Train,41399,6
Train,41400,5
Train,41401,2
Train,41402,4
Train,41403,8
Train,41404,1
Train,41405,2
Train,41406,5
Train,41407,2
Train,41408,9
Train,41409,9
Train,41410,0
Train,41411,2
Train,41412,3
Train,41413,8
Train,41414,0
Train,41415,9
Train,41416,7
Train,41417,4
Train,41418,7
Train,41419,9
Train,41420,5
Train,41421,3
Train,41422,2
Train,41423,2
Train,41424,8
Train,41425,5
Train,41426,7
Train,41427,9
Train,41428,3
Train,41429,8
Train,41430,7
Train,41431,6
Train,41432,0
Train,41433,1
Train,41434,8
Train,41435,0
Train,41436,9
Train,41437,7
Train,41438,7
Train,41439,1
Train,41440,8
Train,41441,4
Train,41442,5
Train,41443,6
Train,41444,6
Train,41445,1
Train,41446,3
Train,41447,8
Train,41448,6
Train,41449,7
Train,41450,8
Train,41451,4
Train,41452,0
Train,41453,4
Train,41454,2
Train,41455,1
Train,41456,0
Train,41457,0
Train,41458,2
Train,41459,2
Train,41460,0
Train,41461,3
Train,41462,7
Train,41463,1
Train,41464,6
Train,41465,8
Train,41466,6
Train,41467,0
Train,41468,9
Train,41469,2
Train,41470,2
Train,41471,1
Train,41472,1
Train,41473,7
Train,41474,2
Train,41475,5
Train,41476,6
Train,41477,9
Train,41478,3
Train,41479,7
Train,41480,5
Train,41481,2
Train,41482,4
Train,41483,4
Train,41484,0
Train,41485,8
Train,41486,3
Train,41487,6
Train,41488,2
Train,41489,1
Train,41490,0
Train,41491,6
Train,41492,7
Train,41493,3
Train,41494,9
Train,41495,9
Train,41496,7
Train,41497,3
Train,41498,2
Train,41499,5
Train,41500,4
Train,41501,5
Train,41502,1
Train,41503,9
Train,41504,9
Train,41505,9
Train,41506,7
Train,41507,8
Train,41508,9
Train,41509,8
Train,41510,0
Train,41511,3
Train,41512,2
Train,41513,3
Train,41514,3
Train,41515,6
Train,41516,6
Train,41517,7
Train,41518,4
Train,41519,1
Train,41520,1
Train,41521,3
Train,41522,4
Train,41523,4
Train,41524,0
Train,41525,1
Train,41526,7
Train,41527,3
Train,41528,6
Train,41529,1
Train,41530,4
Train,41531,5
Train,41532,1
Train,41533,6
Train,41534,6
Train,41535,9
Train,41536,3
Train,41537,6
Train,41538,2
Train,41539,9
Train,41540,3
Train,41541,9
Train,41542,2
Train,41543,8
Train,41544,9
Train,41545,3
Train,41546,0
Train,41547,4
Train,41548,2
Train,41549,6
Train,41550,1
Train,41551,2
Train,41552,6
Train,41553,6
Train,41554,4
Train,41555,8
Train,41556,2
Train,41557,0
Train,41558,6
Train,41559,5
Train,41560,9
Train,41561,6
Train,41562,2
Train,41563,1
Train,41564,5
Train,41565,5
Train,41566,5
Train,41567,8
Train,41568,1
Train,41569,3
Train,41570,8
Train,41571,9
Train,41572,8
Train,41573,4
Train,41574,0
Train,41575,7
Train,41576,1
Train,41577,2
Train,41578,3
Train,41579,1
Train,41580,9
Train,41581,3
Train,41582,4
Train,41583,5
Train,41584,7
Train,41585,8
Train,41586,1
Train,41587,5
Train,41588,0
Train,41589,3
Train,41590,4
Train,41591,2
Train,41592,9
Train,41593,6
Train,41594,3
Train,41595,4
Train,41596,7
Train,41597,3
Train,41598,8
Train,41599,2
Train,41600,0
Train,41601,3
Train,41602,1
Train,41603,6
Train,41604,2
Train,41605,9
Train,41606,0
Train,41607,1
Train,41608,4
Train,41609,0
Train,41610,4
Train,41611,9
Train,41612,8
Train,41613,0
Train,41614,9
Train,41615,8
Train,41616,8
Train,41617,1
Train,41618,4
Train,41619,2
Train,41620,7
Train,41621,6
Train,41622,6
Train,41623,4
Train,41624,7
Train,41625,4
Train,41626,7
Train,41627,1
Train,41628,0
Train,41629,8
Train,41630,9
Train,41631,9
Train,41632,6
Train,41633,9
Train,41634,9
Train,41635,4
Train,41636,0
Train,41637,1
Train,41638,5
Train,41639,3
Train,41640,9
Train,41641,6
Train,41642,4
Train,41643,1
Train,41644,2
Train,41645,6
Train,41646,5
Train,41647,8
Train,41648,4
Train,41649,4
Train,41650,6
Train,41651,0
Train,41652,6
Train,41653,1
Train,41654,1
Train,41655,7
Train,41656,6
Train,41657,4
Train,41658,3
Train,41659,4
Train,41660,7
Train,41661,2
Train,41662,2
Train,41663,1
Train,41664,0
Train,41665,4
Train,41666,1
Train,41667,2
Train,41668,6
Train,41669,4
Train,41670,7
Train,41671,6
Train,41672,6
Train,41673,3
Train,41674,8
Train,41675,4
Train,41676,8
Train,41677,0
Train,41678,8
Train,41679,7
Train,41680,5
Train,41681,2
Train,41682,0
Train,41683,9
Train,41684,6
Train,41685,8
Train,41686,1
Train,41687,5
Train,41688,4
Train,41689,8
Train,41690,1
Train,41691,4
Train,41692,5
Train,41693,7
Train,41694,3
Train,41695,1
Train,41696,0
Train,41697,5
Train,41698,9
Train,41699,4
Train,41700,7
Train,41701,1
Train,41702,0
Train,41703,5
Train,41704,7
Train,41705,3
Train,41706,1
Train,41707,6
Train,41708,5
Train,41709,6
Train,41710,1
Train,41711,4
Train,41712,8
Train,41713,3
Train,41714,8
Train,41715,3
Train,41716,2
Train,41717,7
Train,41718,5
Train,41719,3
Train,41720,5
Train,41721,2
Train,41722,6
Train,41723,1
Train,41724,7
Train,41725,3
Train,41726,4
Train,41727,8
Train,41728,5
Train,41729,7
Train,41730,8
Train,41731,0
Train,41732,8
Train,41733,1
Train,41734,3
Train,41735,7
Train,41736,1
Train,41737,4
Train,41738,3
Train,41739,1
Train,41740,0
Train,41741,0
Train,41742,1
Train,41743,5
Train,41744,8
Train,41745,0
Train,41746,9
Train,41747,3
Train,41748,1
Train,41749,6
Train,41750,4
Train,41751,0
Train,41752,5
Train,41753,8
Train,41754,7
Train,41755,7
Train,41756,0
Train,41757,8
Train,41758,7
Train,41759,5
Train,41760,1
Train,41761,8
Train,41762,0
Train,41763,2
Train,41764,2
Train,41765,9
Train,41766,4
Train,41767,2
Train,41768,1
Train,41769,8
Train,41770,4
Train,41771,9
Train,41772,0
Train,41773,8
Train,41774,0
Train,41775,2
Train,41776,9
Train,41777,4
Train,41778,6
Train,41779,8
Train,41780,7
Train,41781,7
Train,41782,3
Train,41783,7
Train,41784,7
Train,41785,6
Train,41786,9
Train,41787,9
Train,41788,4
Train,41789,5
Train,41790,2
Train,41791,7
Train,41792,0
Train,41793,5
Train,41794,1
Train,41795,7
Train,41796,6
Train,41797,0
Train,41798,5
Train,41799,6
Train,41800,0
Train,41801,6
Train,41802,2
Train,41803,7
Train,41804,4
Train,41805,7
Train,41806,0
Train,41807,1
Train,41808,8
Train,41809,6
Train,41810,4
Train,41811,9
Train,41812,5
Train,41813,9
Train,41814,4
Train,41815,3
Train,41816,7
Train,41817,5
Train,41818,0
Train,41819,4
Train,41820,4
Train,41821,0
Train,41822,4
Train,41823,4
Train,41824,4
Train,41825,4
Train,41826,3
Train,41827,3
Train,41828,5
Train,41829,8
Train,41830,6
Train,41831,3
Train,41832,5
Train,41833,8
Train,41834,2
Train,41835,8
Train,41836,4
Train,41837,1
Train,41838,7
Train,41839,4
Train,41840,9
Train,41841,7
Train,41842,0
Train,41843,7
Train,41844,1
Train,41845,3
Train,41846,7
Train,41847,1
Train,41848,0
Train,41849,1
Train,41850,7
Train,41851,0
Train,41852,4
Train,41853,3
Train,41854,7
Train,41855,0
Train,41856,2
Train,41857,1
Train,41858,0
Train,41859,1
Train,41860,2
Train,41861,1
Train,41862,1
Train,41863,0
Train,41864,8
Train,41865,2
Train,41866,3
Train,41867,8
Train,41868,0
Train,41869,1
Train,41870,6
Train,41871,3
Train,41872,3
Train,41873,6
Train,41874,3
Train,41875,5
Train,41876,9
Train,41877,7
Train,41878,4
Train,41879,0
Train,41880,0
Train,41881,7
Train,41882,0
Train,41883,7
Train,41884,2
Train,41885,9
Train,41886,5
Train,41887,6
Train,41888,1
Train,41889,8
Train,41890,2
Train,41891,2
Train,41892,3
Train,41893,8
Train,41894,2
Train,41895,9
Train,41896,1
Train,41897,4
Train,41898,7
Train,41899,9
Train,41900,0
Train,41901,9
Train,41902,8
Train,41903,3
Train,41904,9
Train,41905,9
Train,41906,9
Train,41907,0
Train,41908,1
Train,41909,6
Train,41910,3
Train,41911,1
Train,41912,2
Train,41913,8
Train,41914,3
Train,41915,5
Train,41916,6
Train,41917,3
Train,41918,3
Train,41919,4
Train,41920,9
Train,41921,6
Train,41922,1
Train,41923,6
Train,41924,6
Train,41925,2
Train,41926,9
Train,41927,4
Train,41928,5
Train,41929,0
Train,41930,2
Train,41931,4
Train,41932,0
Train,41933,2
Train,41934,4
Train,41935,8
Train,41936,6
Train,41937,3
Train,41938,5
Train,41939,2
Train,41940,6
Train,41941,8
Train,41942,5
Train,41943,8
Train,41944,3
Train,41945,3
Train,41946,1
Train,41947,2
Train,41948,1
Train,41949,7
Train,41950,8
Train,41951,3
Train,41952,3
Train,41953,4
Train,41954,8
Train,41955,4
Train,41956,7
Train,41957,8
Train,41958,4
Train,41959,7
Train,41960,0
Train,41961,4
Train,41962,8
Train,41963,1
Train,41964,1
Train,41965,6
Train,41966,1
Train,41967,9
Train,41968,7
Train,41969,6
Train,41970,2
Train,41971,0
Train,41972,2
Train,41973,7
Train,41974,7
Train,41975,0
Train,41976,9
Train,41977,9
Train,41978,1
Train,41979,1
Train,41980,8
Train,41981,6
Train,41982,4
Train,41983,6
Train,41984,1
Train,41985,7
Train,41986,1
Train,41987,4
Train,41988,8
Train,41989,3
Train,41990,2
Train,41991,2
Train,41992,3
Train,41993,3
Train,41994,9
Train,41995,2
Train,41996,9
Train,41997,5
Train,41998,3
Train,41999,2
Train,42000,9
Train,42001,5
Train,42002,8
Train,42003,7
Train,42004,8
Train,42005,5
Train,42006,8
Train,42007,1
Train,42008,3
Train,42009,6
Train,42010,0
Train,42011,3
Train,42012,3
Train,42013,6
Train,42014,2
Train,42015,6
Train,42016,5
Train,42017,8
Train,42018,7
Train,42019,0
Train,42020,2
Train,42021,3
Train,42022,4
Train,42023,3
Train,42024,8
Train,42025,9
Train,42026,0
Train,42027,6
Train,42028,3
Train,42029,3
Train,42030,4
Train,42031,1
Train,42032,8
Train,42033,5
Train,42034,7
Train,42035,4
Train,42036,4
Train,42037,3
Train,42038,5
Train,42039,0
Train,42040,4
Train,42041,5
Train,42042,9
Train,42043,2
Train,42044,0
Train,42045,2
Train,42046,6
Train,42047,9
Train,42048,8
Train,42049,6
Train,42050,8
Train,42051,7
Train,42052,7
Train,42053,1
Train,42054,5
Train,42055,9
Train,42056,3
Train,42057,0
Train,42058,9
Train,42059,4
Train,42060,1
Train,42061,7
Train,42062,2
Train,42063,7
Train,42064,5
Train,42065,1
Train,42066,8
Train,42067,6
Train,42068,8
Train,42069,0
Train,42070,4
Train,42071,3
Train,42072,4
Train,42073,0
Train,42074,3
Train,42075,7
Train,42076,5
Train,42077,6
Train,42078,7
Train,42079,6
Train,42080,4
Train,42081,1
Train,42082,7
Train,42083,0
Train,42084,3
Train,42085,1
Train,42086,3
Train,42087,4
Train,42088,5
Train,42089,5
Train,42090,2
Train,42091,2
Train,42092,5
Train,42093,6
Train,42094,2
Train,42095,7
Train,42096,4
Train,42097,7
Train,42098,2
Train,42099,6
Train,42100,5
Train,42101,9
Train,42102,9
Train,42103,0
Train,42104,4
Train,42105,0
Train,42106,9
Train,42107,2
Train,42108,6
Train,42109,4
Train,42110,0
Train,42111,5
Train,42112,2
Train,42113,1
Train,42114,7
Train,42115,5
Train,42116,1
Train,42117,7
Train,42118,7
Train,42119,1
Train,42120,2
Train,42121,1
Train,42122,3
Train,42123,9
Train,42124,1
Train,42125,7
Train,42126,7
Train,42127,9
Train,42128,9
Train,42129,3
Train,42130,1
Train,42131,3
Train,42132,2
Train,42133,3
Train,42134,3
Train,42135,8
Train,42136,6
Train,42137,7
Train,42138,4
Train,42139,9
Train,42140,9
Train,42141,3
Train,42142,4
Train,42143,1
Train,42144,2
Train,42145,6
Train,42146,4
Train,42147,2
Train,42148,0
Train,42149,9
Train,42150,1
Train,42151,0
Train,42152,5
Train,42153,3
Train,42154,9
Train,42155,2
Train,42156,6
Train,42157,9
Train,42158,2
Train,42159,9
Train,42160,4
Train,42161,8
Train,42162,8
Train,42163,1
Train,42164,4
Train,42165,0
Train,42166,0
Train,42167,6
Train,42168,2
Train,42169,6
Train,42170,5
Train,42171,1
Train,42172,2
Train,42173,9
Train,42174,5
Train,42175,0
Train,42176,3
Train,42177,5
Train,42178,5
Train,42179,0
Train,42180,2
Train,42181,2
Train,42182,8
Train,42183,0
Train,42184,7
Train,42185,2
Train,42186,6
Train,42187,3
Train,42188,1
Train,42189,3
Train,42190,0
Train,42191,9
Train,42192,3
Train,42193,2
Train,42194,5
Train,42195,3
Train,42196,6
Train,42197,2
Train,42198,3
Train,42199,0
Train,42200,2
Train,42201,0
Train,42202,8
Train,42203,8
Train,42204,0
Train,42205,0
Train,42206,3
Train,42207,8
Train,42208,9
Train,42209,6
Train,42210,1
Train,42211,1
Train,42212,5
Train,42213,9
Train,42214,9
Train,42215,8
Train,42216,4
Train,42217,2
Train,42218,5
Train,42219,4
Train,42220,8
Train,42221,1
Train,42222,5
Train,42223,3
Train,42224,9
Train,42225,4
Train,42226,0
Train,42227,2
Train,42228,1
Train,42229,4
Train,42230,2
Train,42231,0
Train,42232,6
Train,42233,3
Train,42234,2
Train,42235,0
Train,42236,8
Train,42237,1
Train,42238,7
Train,42239,1
Train,42240,5
Train,42241,0
Train,42242,5
Train,42243,5
Train,42244,9
Train,42245,8
Train,42246,9
Train,42247,8
Train,42248,0
Train,42249,8
Train,42250,6
Train,42251,7
Train,42252,3
Train,42253,9
Train,42254,8
Train,42255,7
Train,42256,5
Train,42257,6
Train,42258,3
Train,42259,7
Train,42260,1
Train,42261,6
Train,42262,9
Train,42263,9
Train,42264,9
Train,42265,8
Train,42266,8
Train,42267,2
Train,42268,7
Train,42269,2
Train,42270,8
Train,42271,2
Train,42272,0
Train,42273,5
Train,42274,5
Train,42275,8
Train,42276,1
Train,42277,4
Train,42278,9
Train,42279,9
Train,42280,8
Train,42281,1
Train,42282,1
Train,42283,0
Train,42284,7
Train,42285,4
Train,42286,5
Train,42287,1
Train,42288,0
Train,42289,9
Train,42290,7
Train,42291,6
Train,42292,1
Train,42293,5
Train,42294,1
Train,42295,9
Train,42296,4
Train,42297,6
Train,42298,0
Train,42299,7
Train,42300,8
Train,42301,0
Train,42302,2
Train,42303,4
Train,42304,7
Train,42305,1
Train,42306,9
Train,42307,1
Train,42308,6
Train,42309,0
Train,42310,4
Train,42311,6
Train,42312,4
Train,42313,4
Train,42314,4
Train,42315,4
Train,42316,8
Train,42317,5
Train,42318,1
Train,42319,4
Train,42320,0
Train,42321,3
Train,42322,7
Train,42323,5
Train,42324,8
Train,42325,8
Train,42326,9
Train,42327,6
Train,42328,2
Train,42329,2
Train,42330,7
Train,42331,8
Train,42332,0
Train,42333,8
Train,42334,6
Train,42335,1
Train,42336,3
Train,42337,5
Train,42338,7
Train,42339,7
Train,42340,6
Train,42341,1
Train,42342,4
Train,42343,9
Train,42344,5
Train,42345,2
Train,42346,9
Train,42347,1
Train,42348,5
Train,42349,9
Train,42350,4
Train,42351,3
Train,42352,1
Train,42353,7
Train,42354,3
Train,42355,7
Train,42356,5
Train,42357,3
Train,42358,6
Train,42359,8
Train,42360,7
Train,42361,0
Train,42362,9
Train,42363,5
Train,42364,0
Train,42365,3
Train,42366,7
Train,42367,8
Train,42368,7
Train,42369,9
Train,42370,3
Train,42371,8
Train,42372,0
Train,42373,3
Train,42374,6
Train,42375,4
Train,42376,0
Train,42377,5
Train,42378,7
Train,42379,0
Train,42380,6
Train,42381,7
Train,42382,3
Train,42383,4
Train,42384,5
Train,42385,9
Train,42386,7
Train,42387,9
Train,42388,8
Train,42389,8
Train,42390,7
Train,42391,6
Train,42392,1
Train,42393,5
Train,42394,2
Train,42395,9
Train,42396,5
Train,42397,5
Train,42398,4
Train,42399,0
Train,42400,0
Train,42401,4
Train,42402,1
Train,42403,4
Train,42404,6
Train,42405,5
Train,42406,9
Train,42407,9
Train,42408,3
Train,42409,5
Train,42410,1
Train,42411,3
Train,42412,2
Train,42413,1
Train,42414,9
Train,42415,6
Train,42416,6
Train,42417,3
Train,42418,4
Train,42419,4
Train,42420,9
Train,42421,7
Train,42422,9
Train,42423,7
Train,42424,1
Train,42425,1
Train,42426,7
Train,42427,2
Train,42428,2
Train,42429,8
Train,42430,2
Train,42431,4
Train,42432,5
Train,42433,3
Train,42434,4
Train,42435,0
Train,42436,6
Train,42437,1
Train,42438,1
Train,42439,0
Train,42440,7
Train,42441,9
Train,42442,4
Train,42443,1
Train,42444,6
Train,42445,3
Train,42446,0
Train,42447,6
Train,42448,1
Train,42449,8
Train,42450,2
Train,42451,5
Train,42452,9
Train,42453,7
Train,42454,9
Train,42455,3
Train,42456,0
Train,42457,7
Train,42458,9
Train,42459,6
Train,42460,6
Train,42461,5
Train,42462,9
Train,42463,7
Train,42464,1
Train,42465,0
Train,42466,7
Train,42467,8
Train,42468,2
Train,42469,8
Train,42470,7
Train,42471,9
Train,42472,2
Train,42473,9
Train,42474,3
Train,42475,1
Train,42476,0
Train,42477,8
Train,42478,7
Train,42479,3
Train,42480,2
Train,42481,3
Train,42482,3
Train,42483,2
Train,42484,6
Train,42485,7
Train,42486,4
Train,42487,4
Train,42488,8
Train,42489,2
Train,42490,1
Train,42491,5
Train,42492,3
Train,42493,0
Train,42494,5
Train,42495,9
Train,42496,3
Train,42497,8
Train,42498,1
Train,42499,8
Train,42500,7
Train,42501,3
Train,42502,8
Train,42503,5
Train,42504,3
Train,42505,5
Train,42506,8
Train,42507,1
Train,42508,3
Train,42509,6
Train,42510,6
Train,42511,5
Train,42512,4
Train,42513,5
Train,42514,7
Train,42515,8
Train,42516,4
Train,42517,0
Train,42518,5
Train,42519,0
Train,42520,5
Train,42521,8
Train,42522,3
Train,42523,2
Train,42524,5
Train,42525,6
Train,42526,4
Train,42527,6
Train,42528,5
Train,42529,6
Train,42530,5
Train,42531,1
Train,42532,2
Train,42533,5
Train,42534,8
Train,42535,4
Train,42536,2
Train,42537,5
Train,42538,5
Train,42539,1
Train,42540,6
Train,42541,3
Train,42542,2
Train,42543,0
Train,42544,4
Train,42545,3
Train,42546,7
Train,42547,3
Train,42548,3
Train,42549,5
Train,42550,7
Train,42551,3
Train,42552,6
Train,42553,4
Train,42554,9
Train,42555,7
Train,42556,9
Train,42557,8
Train,42558,3
Train,42559,0
Train,42560,9
Train,42561,9
Train,42562,6
Train,42563,0
Train,42564,2
Train,42565,6
Train,42566,0
Train,42567,6
Train,42568,2
Train,42569,0
Train,42570,4
Train,42571,8
Train,42572,0
Train,42573,0
Train,42574,8
Train,42575,4
Train,42576,0
Train,42577,6
Train,42578,5
Train,42579,8
Train,42580,5
Train,42581,2
Train,42582,5
Train,42583,8
Train,42584,6
Train,42585,3
Train,42586,9
Train,42587,0
Train,42588,2
Train,42589,0
Train,42590,3
Train,42591,9
Train,42592,6
Train,42593,7
Train,42594,2
Train,42595,7
Train,42596,7
Train,42597,0
Train,42598,7
Train,42599,9
Train,42600,2
Train,42601,2
Train,42602,2
Train,42603,4
Train,42604,3
Train,42605,2
Train,42606,1
Train,42607,8
Train,42608,7
Train,42609,8
Train,42610,6
Train,42611,8
Train,42612,7
Train,42613,5
Train,42614,6
Train,42615,2
Train,42616,6
Train,42617,8
Train,42618,0
Train,42619,6
Train,42620,5
Train,42621,0
Train,42622,0
Train,42623,5
Train,42624,9
Train,42625,1
Train,42626,7
Train,42627,9
Train,42628,0
Train,42629,4
Train,42630,0
Train,42631,4
Train,42632,9
Train,42633,3
Train,42634,7
Train,42635,5
Train,42636,4
Train,42637,1
Train,42638,9
Train,42639,2
Train,42640,4
Train,42641,6
Train,42642,5
Train,42643,4
Train,42644,0
Train,42645,5
Train,42646,3
Train,42647,3
Train,42648,2
Train,42649,0
Train,42650,3
Train,42651,7
Train,42652,1
Train,42653,4
Train,42654,3
Train,42655,1
Train,42656,4
Train,42657,3
Train,42658,1
Train,42659,7
Train,42660,6
Train,42661,2
Train,42662,4
Train,42663,1
Train,42664,4
Train,42665,4
Train,42666,1
Train,42667,9
Train,42668,7
Train,42669,1
Train,42670,3
Train,42671,6
Train,42672,9
Train,42673,1
Train,42674,0
Train,42675,4
Train,42676,8
Train,42677,8
Train,42678,0
Train,42679,6
Train,42680,7
Train,42681,9
Train,42682,3
Train,42683,8
Train,42684,1
Train,42685,7
Train,42686,5
Train,42687,2
Train,42688,0
Train,42689,9
Train,42690,6
Train,42691,5
Train,42692,8
Train,42693,8
Train,42694,2
Train,42695,4
Train,42696,2
Train,42697,1
Train,42698,5
Train,42699,8
Train,42700,4
Train,42701,8
Train,42702,4
Train,42703,9
Train,42704,9
Train,42705,8
Train,42706,2
Train,42707,1
Train,42708,3
Train,42709,1
Train,42710,1
Train,42711,0
Train,42712,6
Train,42713,8
Train,42714,9
Train,42715,1
Train,42716,4
Train,42717,2
Train,42718,4
Train,42719,7
Train,42720,8
Train,42721,5
Train,42722,0
Train,42723,6
Train,42724,6
Train,42725,4
Train,42726,1
Train,42727,9
Train,42728,5
Train,42729,4
Train,42730,8
Train,42731,5
Train,42732,6
Train,42733,9
Train,42734,1
Train,42735,1
Train,42736,3
Train,42737,3
Train,42738,3
Train,42739,9
Train,42740,3
Train,42741,9
Train,42742,6
Train,42743,2
Train,42744,3
Train,42745,5
Train,42746,2
Train,42747,7
Train,42748,6
Train,42749,8
Train,42750,4
Train,42751,7
Train,42752,3
Train,42753,1
Train,42754,0
Train,42755,0
Train,42756,6
Train,42757,3
Train,42758,1
Train,42759,0
Train,42760,4
Train,42761,1
Train,42762,6
Train,42763,8
Train,42764,9
Train,42765,2
Train,42766,3
Train,42767,9
Train,42768,8
Train,42769,4
Train,42770,8
Train,42771,7
Train,42772,5
Train,42773,3
Train,42774,2
Train,42775,2
Train,42776,5
Train,42777,6
Train,42778,6
Train,42779,3
Train,42780,6
Train,42781,8
Train,42782,5
Train,42783,3
Train,42784,0
Train,42785,1
Train,42786,0
Train,42787,3
Train,42788,7
Train,42789,3
Train,42790,6
Train,42791,6
Train,42792,2
Train,42793,1
Train,42794,8
Train,42795,4
Train,42796,0
Train,42797,0
Train,42798,5
Train,42799,8
Train,42800,3
Train,42801,3
Train,42802,1
Train,42803,2
Train,42804,0
Train,42805,1
Train,42806,3
Train,42807,8
Train,42808,0
Train,42809,4
Train,42810,8
Train,42811,4
Train,42812,7
Train,42813,5
Train,42814,7
Train,42815,2
Train,42816,7
Train,42817,5
Train,42818,5
Train,42819,6
Train,42820,5
Train,42821,2
Train,42822,8
Train,42823,1
Train,42824,9
Train,42825,3
Train,42826,8
Train,42827,3
Train,42828,5
Train,42829,0
Train,42830,4
Train,42831,7
Train,42832,2
Train,42833,1
Train,42834,1
Train,42835,8
Train,42836,6
Train,42837,3
Train,42838,5
Train,42839,2
Train,42840,8
Train,42841,9
Train,42842,8
Train,42843,9
Train,42844,0
Train,42845,3
Train,42846,5
Train,42847,8
Train,42848,2
Train,42849,4
Train,42850,6
Train,42851,9
Train,42852,0
Train,42853,3
Train,42854,2
Train,42855,9
Train,42856,2
Train,42857,9
Train,42858,6
Train,42859,6
Train,42860,1
Train,42861,2
Train,42862,5
Train,42863,4
Train,42864,8
Train,42865,3
Train,42866,5
Train,42867,0
Train,42868,7
Train,42869,0
Train,42870,8
Train,42871,4
Train,42872,6
Train,42873,6
Train,42874,7
Train,42875,9
Train,42876,6
Train,42877,1
Train,42878,0
Train,42879,1
Train,42880,3
Train,42881,6
Train,42882,3
Train,42883,0
Train,42884,8
Train,42885,9
Train,42886,7
Train,42887,7
Train,42888,6
Train,42889,2
Train,42890,9
Train,42891,2
Train,42892,0
Train,42893,6
Train,42894,2
Train,42895,7
Train,42896,6
Train,42897,8
Train,42898,8
Train,42899,1
Train,42900,9
Train,42901,6
Train,42902,5
Train,42903,4
Train,42904,4
Train,42905,9
Train,42906,6
Train,42907,4
Train,42908,0
Train,42909,7
Train,42910,4
Train,42911,9
Train,42912,1
Train,42913,1
Train,42914,3
Train,42915,4
Train,42916,1
Train,42917,8
Train,42918,1
Train,42919,5
Train,42920,3
Train,42921,1
Train,42922,8
Train,42923,6
Train,42924,5
Train,42925,1
Train,42926,8
Train,42927,1
Train,42928,2
Train,42929,0
Train,42930,3
Train,42931,0
Train,42932,5
Train,42933,8
Train,42934,0
Train,42935,1
Train,42936,7
Train,42937,5
Train,42938,4
Train,42939,7
Train,42940,5
Train,42941,9
Train,42942,2
Train,42943,5
Train,42944,8
Train,42945,0
Train,42946,5
Train,42947,2
Train,42948,6
Train,42949,3
Train,42950,5
Train,42951,7
Train,42952,0
Train,42953,3
Train,42954,1
Train,42955,7
Train,42956,6
Train,42957,8
Train,42958,1
Train,42959,7
Train,42960,6
Train,42961,5
Train,42962,7
Train,42963,8
Train,42964,7
Train,42965,8
Train,42966,5
Train,42967,4
Train,42968,6
Train,42969,4
Train,42970,3
Train,42971,9
Train,42972,0
Train,42973,9
Train,42974,4
Train,42975,6
Train,42976,1
Train,42977,4
Train,42978,1
Train,42979,4
Train,42980,6
Train,42981,9
Train,42982,4
Train,42983,4
Train,42984,0
Train,42985,4
Train,42986,2
Train,42987,5
Train,42988,2
Train,42989,5
Train,42990,2
Train,42991,1
Train,42992,0
Train,42993,2
Train,42994,9
Train,42995,2
Train,42996,7
Train,42997,3
Train,42998,0
Train,42999,3
Train,43000,5
Train,43001,8
Train,43002,0
Train,43003,8
Train,43004,6
Train,43005,5
Train,43006,1
Train,43007,8
Train,43008,9
Train,43009,5
Train,43010,2
Train,43011,5
Train,43012,0
Train,43013,3
Train,43014,8
Train,43015,1
Train,43016,9
Train,43017,3
Train,43018,3
Train,43019,2
Train,43020,1
Train,43021,6
Train,43022,6
Train,43023,6
Train,43024,4
Train,43025,5
Train,43026,6
Train,43027,6
Train,43028,6
Train,43029,8
Train,43030,4
Train,43031,4
Train,43032,4
Train,43033,4
Train,43034,3
Train,43035,8
Train,43036,7
Train,43037,0
Train,43038,5
Train,43039,9
Train,43040,3
Train,43041,2
Train,43042,9
Train,43043,3
Train,43044,4
Train,43045,0
Train,43046,8
Train,43047,8
Train,43048,8
Train,43049,4
Train,43050,1
Train,43051,7
Train,43052,3
Train,43053,5
Train,43054,0
Train,43055,4
Train,43056,5
Train,43057,2
Train,43058,5
Train,43059,2
Train,43060,7
Train,43061,1
Train,43062,9
Train,43063,5
Train,43064,1
Train,43065,3
Train,43066,7
Train,43067,9
Train,43068,1
Train,43069,6
Train,43070,6
Train,43071,5
Train,43072,3
Train,43073,0
Train,43074,6
Train,43075,5
Train,43076,0
Train,43077,0
Train,43078,2
Train,43079,7
Train,43080,2
Train,43081,9
Train,43082,2
Train,43083,7
Train,43084,3
Train,43085,1
Train,43086,8
Train,43087,5
Train,43088,5
Train,43089,1
Train,43090,4
Train,43091,7
Train,43092,0
Train,43093,5
Train,43094,7
Train,43095,2
Train,43096,8
Train,43097,4
Train,43098,1
Train,43099,2
Train,43100,8
Train,43101,8
Train,43102,1
Train,43103,5
Train,43104,9
Train,43105,3
Train,43106,2
Train,43107,5
Train,43108,9
Train,43109,8
Train,43110,3
Train,43111,6
Train,43112,9
Train,43113,8
Train,43114,6
Train,43115,5
Train,43116,2
Train,43117,6
Train,43118,2
Train,43119,8
Train,43120,5
Train,43121,9
Train,43122,2
Train,43123,3
Train,43124,7
Train,43125,0
Train,43126,3
Train,43127,2
Train,43128,7
Train,43129,5
Train,43130,7
Train,43131,9
Train,43132,1
Train,43133,5
Train,43134,2
Train,43135,2
Train,43136,8
Train,43137,9
Train,43138,0
Train,43139,4
Train,43140,5
Train,43141,9
Train,43142,5
Train,43143,6
Train,43144,7
Train,43145,1
Train,43146,4
Train,43147,4
Train,43148,1
Train,43149,8
Train,43150,7
Train,43151,4
Train,43152,7
Train,43153,5
Train,43154,2
Train,43155,6
Train,43156,5
Train,43157,6
Train,43158,7
Train,43159,8
Train,43160,0
Train,43161,8
Train,43162,2
Train,43163,7
Train,43164,1
Train,43165,9
Train,43166,6
Train,43167,1
Train,43168,7
Train,43169,9
Train,43170,4
Train,43171,9
Train,43172,4
Train,43173,2
Train,43174,6
Train,43175,8
Train,43176,9
Train,43177,2
Train,43178,1
Train,43179,2
Train,43180,4
Train,43181,5
Train,43182,6
Train,43183,8
Train,43184,0
Train,43185,7
Train,43186,1
Train,43187,3
Train,43188,4
Train,43189,5
Train,43190,2
Train,43191,8
Train,43192,2
Train,43193,7
Train,43194,0
Train,43195,1
Train,43196,4
Train,43197,9
Train,43198,8
Train,43199,9
Train,43200,9
Train,43201,6
Train,43202,4
Train,43203,4
Train,43204,3
Train,43205,1
Train,43206,1
Train,43207,1
Train,43208,5
Train,43209,5
Train,43210,6
Train,43211,0
Train,43212,8
Train,43213,5
Train,43214,1
Train,43215,7
Train,43216,2
Train,43217,1
Train,43218,9
Train,43219,0
Train,43220,0
Train,43221,5
Train,43222,4
Train,43223,7
Train,43224,4
Train,43225,5
Train,43226,9
Train,43227,7
Train,43228,4
Train,43229,7
Train,43230,7
Train,43231,4
Train,43232,1
Train,43233,3
Train,43234,4
Train,43235,1
Train,43236,6
Train,43237,3
Train,43238,4
Train,43239,4
Train,43240,1
Train,43241,4
Train,43242,7
Train,43243,3
Train,43244,2
Train,43245,0
Train,43246,7
Train,43247,7
Train,43248,5
Train,43249,5
Train,43250,6
Train,43251,1
Train,43252,0
Train,43253,0
Train,43254,3
Train,43255,7
Train,43256,7
Train,43257,3
Train,43258,6
Train,43259,5
Train,43260,7
Train,43261,2
Train,43262,3
Train,43263,2
Train,43264,6
Train,43265,9
Train,43266,0
Train,43267,1
Train,43268,6
Train,43269,6
Train,43270,7
Train,43271,9
Train,43272,7
Train,43273,5
Train,43274,1
Train,43275,5
Train,43276,4
Train,43277,0
Train,43278,8
Train,43279,0
Train,43280,1
Train,43281,9
Train,43282,9
Train,43283,3
Train,43284,6
Train,43285,2
Train,43286,2
Train,43287,2
Train,43288,0
Train,43289,0
Train,43290,1
Train,43291,8
Train,43292,0
Train,43293,7
Train,43294,4
Train,43295,3
Train,43296,4
Train,43297,1
Train,43298,6
Train,43299,4
Train,43300,2
Train,43301,0
Train,43302,6
Train,43303,0
Train,43304,4
Train,43305,7
Train,43306,4
Train,43307,5
Train,43308,6
Train,43309,7
Train,43310,9
Train,43311,9
Train,43312,2
Train,43313,3
Train,43314,2
Train,43315,5
Train,43316,7
Train,43317,1
Train,43318,3
Train,43319,2
Train,43320,7
Train,43321,5
Train,43322,7
Train,43323,5
Train,43324,0
Train,43325,9
Train,43326,9
Train,43327,4
Train,43328,3
Train,43329,9
Train,43330,5
Train,43331,2
Train,43332,9
Train,43333,9
Train,43334,8
Train,43335,4
Train,43336,3
Train,43337,4
Train,43338,5
Train,43339,3
Train,43340,5
Train,43341,9
Train,43342,0
Train,43343,7
Train,43344,8
Train,43345,5
Train,43346,9
Train,43347,5
Train,43348,8
Train,43349,3
Train,43350,8
Train,43351,4
Train,43352,3
Train,43353,6
Train,43354,9
Train,43355,7
Train,43356,1
Train,43357,8
Train,43358,7
Train,43359,1
Train,43360,7
Train,43361,2
Train,43362,8
Train,43363,0
Train,43364,4
Train,43365,2
Train,43366,5
Train,43367,2
Train,43368,0
Train,43369,1
Train,43370,7
Train,43371,1
Train,43372,1
Train,43373,6
Train,43374,4
Train,43375,0
Train,43376,9
Train,43377,9
Train,43378,0
Train,43379,6
Train,43380,6
Train,43381,8
Train,43382,3
Train,43383,8
Train,43384,9
Train,43385,3
Train,43386,4
Train,43387,5
Train,43388,6
Train,43389,6
Train,43390,6
Train,43391,4
Train,43392,6
Train,43393,7
Train,43394,1
Train,43395,5
Train,43396,7
Train,43397,5
Train,43398,1
Train,43399,5
Train,43400,8
Train,43401,9
Train,43402,3
Train,43403,0
Train,43404,5
Train,43405,9
Train,43406,9
Train,43407,6
Train,43408,8
Train,43409,8
Train,43410,4
Train,43411,3
Train,43412,5
Train,43413,1
Train,43414,6
Train,43415,6
Train,43416,1
Train,43417,1
Train,43418,5
Train,43419,9
Train,43420,4
Train,43421,2
Train,43422,2
Train,43423,8
Train,43424,6
Train,43425,5
Train,43426,6
Train,43427,0
Train,43428,3
Train,43429,8
Train,43430,3
Train,43431,6
Train,43432,8
Train,43433,5
Train,43434,6
Train,43435,7
Train,43436,7
Train,43437,9
Train,43438,3
Train,43439,6
Train,43440,3
Train,43441,2
Train,43442,0
Train,43443,2
Train,43444,8
Train,43445,7
Train,43446,5
Train,43447,1
Train,43448,4
Train,43449,7
Train,43450,2
Train,43451,0
Train,43452,6
Train,43453,1
Train,43454,0
Train,43455,5
Train,43456,3
Train,43457,1
Train,43458,0
Train,43459,6
Train,43460,4
Train,43461,6
Train,43462,3
Train,43463,7
Train,43464,3
Train,43465,2
Train,43466,5
Train,43467,5
Train,43468,5
Train,43469,2
Train,43470,4
Train,43471,8
Train,43472,3
Train,43473,4
Train,43474,9
Train,43475,0
Train,43476,2
Train,43477,6
Train,43478,2
Train,43479,0
Train,43480,1
Train,43481,6
Train,43482,6
Train,43483,0
Train,43484,2
Train,43485,8
Train,43486,4
Train,43487,3
Train,43488,6
Train,43489,8
Train,43490,3
Train,43491,7
Train,43492,8
Train,43493,3
Train,43494,4
Train,43495,5
Train,43496,9
Train,43497,3
Train,43498,7
Train,43499,4
Train,43500,3
Train,43501,6
Train,43502,4
Train,43503,2
Train,43504,0
Train,43505,8
Train,43506,4
Train,43507,2
Train,43508,0
Train,43509,4
Train,43510,7
Train,43511,9
Train,43512,7
Train,43513,2
Train,43514,1
Train,43515,7
Train,43516,4
Train,43517,4
Train,43518,1
Train,43519,1
Train,43520,1
Train,43521,6
Train,43522,9
Train,43523,2
Train,43524,4
Train,43525,0
Train,43526,5
Train,43527,2
Train,43528,7
Train,43529,4
Train,43530,7
Train,43531,7
Train,43532,7
Train,43533,3
Train,43534,8
Train,43535,5
Train,43536,7
Train,43537,7
Train,43538,6
Train,43539,9
Train,43540,8
Train,43541,2
Train,43542,0
Train,43543,5
Train,43544,7
Train,43545,2
Train,43546,6
Train,43547,1
Train,43548,0
Train,43549,4
Train,43550,4
Train,43551,3
Train,43552,9
Train,43553,4
Train,43554,3
Train,43555,1
Train,43556,7
Train,43557,4
Train,43558,9
Train,43559,9
Train,43560,9
Train,43561,6
Train,43562,3
Train,43563,4
Train,43564,0
Train,43565,3
Train,43566,9
Train,43567,4
Train,43568,7
Train,43569,2
Train,43570,2
Train,43571,2
Train,43572,2
Train,43573,3
Train,43574,2
Train,43575,4
Train,43576,3
Train,43577,6
Train,43578,9
Train,43579,7
Train,43580,7
Train,43581,6
Train,43582,4
Train,43583,1
Train,43584,4
Train,43585,1
Train,43586,4
Train,43587,7
Train,43588,6
Train,43589,2
Train,43590,5
Train,43591,9
Train,43592,0
Train,43593,2
Train,43594,6
Train,43595,4
Train,43596,9
Train,43597,6
Train,43598,3
Train,43599,5
Train,43600,1
Train,43601,6
Train,43602,1
Train,43603,6
Train,43604,9
Train,43605,1
Train,43606,3
Train,43607,2
Train,43608,1
Train,43609,1
Train,43610,0
Train,43611,6
Train,43612,8
Train,43613,5
Train,43614,9
Train,43615,5
Train,43616,9
Train,43617,7
Train,43618,1
Train,43619,9
Train,43620,4
Train,43621,4
Train,43622,8
Train,43623,8
Train,43624,6
Train,43625,7
Train,43626,3
Train,43627,4
Train,43628,0
Train,43629,7
Train,43630,3
Train,43631,2
Train,43632,4
Train,43633,3
Train,43634,9
Train,43635,9
Train,43636,1
Train,43637,4
Train,43638,1
Train,43639,0
Train,43640,4
Train,43641,1
Train,43642,9
Train,43643,7
Train,43644,8
Train,43645,6
Train,43646,1
Train,43647,7
Train,43648,9
Train,43649,0
Train,43650,4
Train,43651,5
Train,43652,9
Train,43653,5
Train,43654,5
Train,43655,1
Train,43656,7
Train,43657,0
Train,43658,2
Train,43659,0
Train,43660,0
Train,43661,6
Train,43662,8
Train,43663,6
Train,43664,0
Train,43665,2
Train,43666,6
Train,43667,0
Train,43668,1
Train,43669,1
Train,43670,0
Train,43671,7
Train,43672,2
Train,43673,9
Train,43674,8
Train,43675,8
Train,43676,6
Train,43677,7
Train,43678,8
Train,43679,9
Train,43680,2
Train,43681,4
Train,43682,4
Train,43683,4
Train,43684,1
Train,43685,3
Train,43686,5
Train,43687,1
Train,43688,6
Train,43689,9
Train,43690,3
Train,43691,6
Train,43692,2
Train,43693,5
Train,43694,4
Train,43695,9
Train,43696,9
Train,43697,6
Train,43698,0
Train,43699,8
Train,43700,0
Train,43701,3
Train,43702,2
Train,43703,5
Train,43704,3
Train,43705,8
Train,43706,7
Train,43707,3
Train,43708,0
Train,43709,0
Train,43710,1
Train,43711,1
Train,43712,6
Train,43713,8
Train,43714,4
Train,43715,2
Train,43716,3
Train,43717,7
Train,43718,4
Train,43719,9
Train,43720,3
Train,43721,9
Train,43722,3
Train,43723,7
Train,43724,7
Train,43725,8
Train,43726,3
Train,43727,0
Train,43728,1
Train,43729,9
Train,43730,3
Train,43731,0
Train,43732,4
Train,43733,3
Train,43734,6
Train,43735,3
Train,43736,6
Train,43737,3
Train,43738,2
Train,43739,9
Train,43740,0
Train,43741,4
Train,43742,3
Train,43743,4
Train,43744,3
Train,43745,2
Train,43746,4
Train,43747,2
Train,43748,7
Train,43749,3
Train,43750,0
Train,43751,3
Train,43752,3
Train,43753,5
Train,43754,0
Train,43755,8
Train,43756,4
Train,43757,0
Train,43758,4
Train,43759,5
Train,43760,9
Train,43761,6
Train,43762,3
Train,43763,2
Train,43764,6
Train,43765,4
Train,43766,2
Train,43767,3
Train,43768,7
Train,43769,6
Train,43770,5
Train,43771,0
Train,43772,8
Train,43773,3
Train,43774,7
Train,43775,0
Train,43776,3
Train,43777,0
Train,43778,4
Train,43779,3
Train,43780,9
Train,43781,2
Train,43782,7
Train,43783,0
Train,43784,3
Train,43785,9
Train,43786,1
Train,43787,9
Train,43788,9
Train,43789,1
Train,43790,5
Train,43791,7
Train,43792,7
Train,43793,4
Train,43794,8
Train,43795,2
Train,43796,5
Train,43797,1
Train,43798,5
Train,43799,3
Train,43800,3
Train,43801,5
Train,43802,9
Train,43803,9
Train,43804,1
Train,43805,8
Train,43806,1
Train,43807,8
Train,43808,4
Train,43809,5
Train,43810,4
Train,43811,0
Train,43812,3
Train,43813,3
Train,43814,0
Train,43815,9
Train,43816,5
Train,43817,8
Train,43818,1
Train,43819,5
Train,43820,6
Train,43821,9
Train,43822,2
Train,43823,2
Train,43824,9
Train,43825,1
Train,43826,2
Train,43827,3
Train,43828,0
Train,43829,0
Train,43830,7
Train,43831,0
Train,43832,3
Train,43833,7
Train,43834,4
Train,43835,4
Train,43836,3
Train,43837,6
Train,43838,0
Train,43839,9
Train,43840,5
Train,43841,3
Train,43842,5
Train,43843,3
Train,43844,7
Train,43845,3
Train,43846,8
Train,43847,1
Train,43848,7
Train,43849,0
Train,43850,3
Train,43851,5
Train,43852,5
Train,43853,1
Train,43854,1
Train,43855,8
Train,43856,2
Train,43857,4
Train,43858,8
Train,43859,1
Train,43860,4
Train,43861,1
Train,43862,6
Train,43863,9
Train,43864,6
Train,43865,1
Train,43866,5
Train,43867,0
Train,43868,5
Train,43869,6
Train,43870,4
Train,43871,6
Train,43872,8
Train,43873,2
Train,43874,4
Train,43875,0
Train,43876,7
Train,43877,3
Train,43878,5
Train,43879,5
Train,43880,6
Train,43881,5
Train,43882,9
Train,43883,8
Train,43884,7
Train,43885,4
Train,43886,5
Train,43887,6
Train,43888,6
Train,43889,8
Train,43890,5
Train,43891,1
Train,43892,7
Train,43893,1
Train,43894,7
Train,43895,8
Train,43896,7
Train,43897,4
Train,43898,2
Train,43899,8
Train,43900,9
Train,43901,9
Train,43902,7
Train,43903,9
Train,43904,2
Train,43905,6
Train,43906,7
Train,43907,0
Train,43908,1
Train,43909,0
Train,43910,9
Train,43911,1
Train,43912,6
Train,43913,8
Train,43914,4
Train,43915,7
Train,43916,8
Train,43917,6
Train,43918,1
Train,43919,7
Train,43920,5
Train,43921,9
Train,43922,3
Train,43923,4
Train,43924,0
Train,43925,4
Train,43926,4
Train,43927,4
Train,43928,4
Train,43929,7
Train,43930,2
Train,43931,7
Train,43932,1
Train,43933,6
Train,43934,4
Train,43935,1
Train,43936,7
Train,43937,6
Train,43938,9
Train,43939,8
Train,43940,7
Train,43941,7
Train,43942,9
Train,43943,9
Train,43944,0
Train,43945,0
Train,43946,9
Train,43947,0
Train,43948,1
Train,43949,0
Train,43950,4
Train,43951,0
Train,43952,7
Train,43953,3
Train,43954,1
Train,43955,3
Train,43956,5
Train,43957,4
Train,43958,6
Train,43959,2
Train,43960,9
Train,43961,2
Train,43962,5
Train,43963,0
Train,43964,7
Train,43965,0
Train,43966,2
Train,43967,0
Train,43968,3
Train,43969,1
Train,43970,2
Train,43971,3
Train,43972,1
Train,43973,6
Train,43974,4
Train,43975,4
Train,43976,1
Train,43977,6
Train,43978,3
Train,43979,5
Train,43980,0
Train,43981,3
Train,43982,8
Train,43983,4
Train,43984,1
Train,43985,8
Train,43986,6
Train,43987,2
Train,43988,1
Train,43989,0
Train,43990,2
Train,43991,5
Train,43992,0
Train,43993,0
Train,43994,5
Train,43995,6
Train,43996,0
Train,43997,9
Train,43998,0
Train,43999,5
Train,44000,7
Train,44001,0
Train,44002,4
Train,44003,4
Train,44004,1
Train,44005,2
Train,44006,7
Train,44007,4
Train,44008,2
Train,44009,9
Train,44010,9
Train,44011,6
Train,44012,6
Train,44013,9
Train,44014,6
Train,44015,6
Train,44016,7
Train,44017,0
Train,44018,6
Train,44019,1
Train,44020,3
Train,44021,5
Train,44022,8
Train,44023,6
Train,44024,5
Train,44025,7
Train,44026,1
Train,44027,0
Train,44028,6
Train,44029,3
Train,44030,1
Train,44031,0
Train,44032,4
Train,44033,5
Train,44034,1
Train,44035,0
Train,44036,9
Train,44037,0
Train,44038,2
Train,44039,3
Train,44040,4
Train,44041,6
Train,44042,7
Train,44043,8
Train,44044,4
Train,44045,0
Train,44046,5
Train,44047,3
Train,44048,2
Train,44049,7
Train,44050,9
Train,44051,1
Train,44052,9
Train,44053,2
Train,44054,8
Train,44055,6
Train,44056,9
Train,44057,8
Train,44058,9
Train,44059,8
Train,44060,8
Train,44061,4
Train,44062,6
Train,44063,7
Train,44064,7
Train,44065,9
Train,44066,9
Train,44067,0
Train,44068,6
Train,44069,6
Train,44070,2
Train,44071,4
Train,44072,9
Train,44073,6
Train,44074,0
Train,44075,2
Train,44076,7
Train,44077,6
Train,44078,6
Train,44079,4
Train,44080,1
Train,44081,7
Train,44082,0
Train,44083,8
Train,44084,3
Train,44085,5
Train,44086,7
Train,44087,5
Train,44088,9
Train,44089,5
Train,44090,2
Train,44091,7
Train,44092,8
Train,44093,3
Train,44094,5
Train,44095,4
Train,44096,6
Train,44097,1
Train,44098,7
Train,44099,6
Train,44100,8
Train,44101,7
Train,44102,1
Train,44103,3
Train,44104,5
Train,44105,7
Train,44106,5
Train,44107,1
Train,44108,3
Train,44109,1
Train,44110,3
Train,44111,7
Train,44112,5
Train,44113,2
Train,44114,8
Train,44115,7
Train,44116,0
Train,44117,1
Train,44118,5
Train,44119,5
Train,44120,3
Train,44121,2
Train,44122,0
Train,44123,7
Train,44124,3
Train,44125,4
Train,44126,0
Train,44127,3
Train,44128,6
Train,44129,8
Train,44130,7
Train,44131,6
Train,44132,9
Train,44133,7
Train,44134,1
Train,44135,7
Train,44136,0
Train,44137,8
Train,44138,1
Train,44139,3
Train,44140,2
Train,44141,0
Train,44142,3
Train,44143,0
Train,44144,3
Train,44145,0
Train,44146,1
Train,44147,4
Train,44148,0
Train,44149,0
Train,44150,5
Train,44151,7
Train,44152,3
Train,44153,3
Train,44154,5
Train,44155,9
Train,44156,8
Train,44157,9
Train,44158,1
Train,44159,2
Train,44160,5
Train,44161,2
Train,44162,4
Train,44163,6
Train,44164,5
Train,44165,0
Train,44166,7
Train,44167,0
Train,44168,1
Train,44169,7
Train,44170,0
Train,44171,4
Train,44172,4
Train,44173,3
Train,44174,2
Train,44175,0
Train,44176,0
Train,44177,2
Train,44178,0
Train,44179,5
Train,44180,8
Train,44181,2
Train,44182,9
Train,44183,1
Train,44184,6
Train,44185,1
Train,44186,2
Train,44187,6
Train,44188,9
Train,44189,5
Train,44190,9
Train,44191,3
Train,44192,3
Train,44193,2
Train,44194,6
Train,44195,2
Train,44196,5
Train,44197,3
Train,44198,1
Train,44199,8
Train,44200,4
Train,44201,9
Train,44202,4
Train,44203,2
Train,44204,1
Train,44205,8
Train,44206,9
Train,44207,2
Train,44208,2
Train,44209,6
Train,44210,1
Train,44211,5
Train,44212,9
Train,44213,8
Train,44214,5
Train,44215,4
Train,44216,2
Train,44217,1
Train,44218,2
Train,44219,3
Train,44220,1
Train,44221,7
Train,44222,7
Train,44223,5
Train,44224,6
Train,44225,1
Train,44226,3
Train,44227,5
Train,44228,7
Train,44229,5
Train,44230,2
Train,44231,1
Train,44232,3
Train,44233,3
Train,44234,3
Train,44235,1
Train,44236,8
Train,44237,5
Train,44238,2
Train,44239,6
Train,44240,9
Train,44241,2
Train,44242,9
Train,44243,0
Train,44244,6
Train,44245,0
Train,44246,1
Train,44247,9
Train,44248,6
Train,44249,7
Train,44250,6
Train,44251,6
Train,44252,3
Train,44253,2
Train,44254,4
Train,44255,6
Train,44256,2
Train,44257,0
Train,44258,6
Train,44259,6
Train,44260,5
Train,44261,7
Train,44262,7
Train,44263,3
Train,44264,9
Train,44265,5
Train,44266,1
Train,44267,3
Train,44268,5
Train,44269,1
Train,44270,4
Train,44271,8
Train,44272,1
Train,44273,1
Train,44274,6
Train,44275,0
Train,44276,3
Train,44277,2
Train,44278,7
Train,44279,2
Train,44280,9
Train,44281,1
Train,44282,1
Train,44283,4
Train,44284,5
Train,44285,8
Train,44286,7
Train,44287,9
Train,44288,2
Train,44289,9
Train,44290,5
Train,44291,4
Train,44292,7
Train,44293,5
Train,44294,0
Train,44295,7
Train,44296,0
Train,44297,7
Train,44298,0
Train,44299,0
Train,44300,5
Train,44301,5
Train,44302,2
Train,44303,0
Train,44304,8
Train,44305,2
Train,44306,5
Train,44307,0
Train,44308,1
Train,44309,1
Train,44310,8
Train,44311,1
Train,44312,5
Train,44313,3
Train,44314,6
Train,44315,9
Train,44316,4
Train,44317,8
Train,44318,3
Train,44319,0
Train,44320,0
Train,44321,9
Train,44322,3
Train,44323,3
Train,44324,4
Train,44325,5
Train,44326,7
Train,44327,2
Train,44328,2
Train,44329,6
Train,44330,5
Train,44331,8
Train,44332,9
Train,44333,8
Train,44334,2
Train,44335,2
Train,44336,4
Train,44337,5
Train,44338,7
Train,44339,9
Train,44340,2
Train,44341,1
Train,44342,6
Train,44343,5
Train,44344,2
Train,44345,5
Train,44346,6
Train,44347,7
Train,44348,7
Train,44349,5
Train,44350,0
Train,44351,2
Train,44352,9
Train,44353,7
Train,44354,3
Train,44355,3
Train,44356,7
Train,44357,8
Train,44358,5
Train,44359,1
Train,44360,4
Train,44361,5
Train,44362,8
Train,44363,7
Train,44364,8
Train,44365,6
Train,44366,7
Train,44367,1
Train,44368,4
Train,44369,0
Train,44370,4
Train,44371,5
Train,44372,9
Train,44373,8
Train,44374,7
Train,44375,8
Train,44376,3
Train,44377,5
Train,44378,7
Train,44379,6
Train,44380,9
Train,44381,3
Train,44382,8
Train,44383,3
Train,44384,8
Train,44385,1
Train,44386,7
Train,44387,6
Train,44388,5
Train,44389,4
Train,44390,3
Train,44391,9
Train,44392,2
Train,44393,6
Train,44394,9
Train,44395,1
Train,44396,5
Train,44397,4
Train,44398,7
Train,44399,3
Train,44400,4
Train,44401,9
Train,44402,6
Train,44403,5
Train,44404,9
Train,44405,6
Train,44406,7
Train,44407,5
Train,44408,3
Train,44409,3
Train,44410,9
Train,44411,1
Train,44412,1
Train,44413,7
Train,44414,8
Train,44415,1
Train,44416,8
Train,44417,6
Train,44418,1
Train,44419,3
Train,44420,8
Train,44421,5
Train,44422,6
Train,44423,1
Train,44424,7
Train,44425,1
Train,44426,0
Train,44427,2
Train,44428,6
Train,44429,3
Train,44430,0
Train,44431,6
Train,44432,5
Train,44433,1
Train,44434,5
Train,44435,5
Train,44436,1
Train,44437,5
Train,44438,8
Train,44439,5
Train,44440,7
Train,44441,5
Train,44442,8
Train,44443,0
Train,44444,8
Train,44445,5
Train,44446,4
Train,44447,7
Train,44448,1
Train,44449,9
Train,44450,4
Train,44451,3
Train,44452,5
Train,44453,7
Train,44454,0
Train,44455,3
Train,44456,3
Train,44457,7
Train,44458,8
Train,44459,5
Train,44460,9
Train,44461,0
Train,44462,9
Train,44463,0
Train,44464,0
Train,44465,4
Train,44466,1
Train,44467,2
Train,44468,0
Train,44469,9
Train,44470,0
Train,44471,7
Train,44472,1
Train,44473,4
Train,44474,1
Train,44475,1
Train,44476,0
Train,44477,8
Train,44478,6
Train,44479,9
Train,44480,2
Train,44481,3
Train,44482,2
Train,44483,1
Train,44484,0
Train,44485,5
Train,44486,6
Train,44487,1
Train,44488,1
Train,44489,6
Train,44490,8
Train,44491,2
Train,44492,6
Train,44493,7
Train,44494,0
Train,44495,2
Train,44496,5
Train,44497,5
Train,44498,0
Train,44499,1
Train,44500,0
Train,44501,8
Train,44502,9
Train,44503,4
Train,44504,8
Train,44505,7
Train,44506,5
Train,44507,3
Train,44508,0
Train,44509,7
Train,44510,2
Train,44511,9
Train,44512,2
Train,44513,3
Train,44514,7
Train,44515,9
Train,44516,4
Train,44517,4
Train,44518,6
Train,44519,4
Train,44520,1
Train,44521,9
Train,44522,6
Train,44523,2
Train,44524,1
Train,44525,4
Train,44526,1
Train,44527,8
Train,44528,8
Train,44529,1
Train,44530,3
Train,44531,7
Train,44532,5
Train,44533,6
Train,44534,8
Train,44535,2
Train,44536,6
Train,44537,1
Train,44538,5
Train,44539,2
Train,44540,2
Train,44541,1
Train,44542,2
Train,44543,3
Train,44544,2
Train,44545,0
Train,44546,0
Train,44547,9
Train,44548,9
Train,44549,1
Train,44550,3
Train,44551,5
Train,44552,0
Train,44553,4
Train,44554,9
Train,44555,5
Train,44556,8
Train,44557,1
Train,44558,4
Train,44559,7
Train,44560,7
Train,44561,5
Train,44562,3
Train,44563,4
Train,44564,9
Train,44565,4
Train,44566,6
Train,44567,7
Train,44568,0
Train,44569,8
Train,44570,8
Train,44571,1
Train,44572,4
Train,44573,6
Train,44574,2
Train,44575,1
Train,44576,3
Train,44577,8
Train,44578,7
Train,44579,6
Train,44580,0
Train,44581,5
Train,44582,0
Train,44583,5
Train,44584,2
Train,44585,3
Train,44586,4
Train,44587,4
Train,44588,9
Train,44589,1
Train,44590,6
Train,44591,1
Train,44592,0
Train,44593,5
Train,44594,8
Train,44595,2
Train,44596,5
Train,44597,6
Train,44598,1
Train,44599,0
Train,44600,6
Train,44601,1
Train,44602,6
Train,44603,5
Train,44604,7
Train,44605,9
Train,44606,9
Train,44607,7
Train,44608,2
Train,44609,0
Train,44610,7
Train,44611,6
Train,44612,6
Train,44613,1
Train,44614,4
Train,44615,8
Train,44616,0
Train,44617,7
Train,44618,0
Train,44619,0
Train,44620,1
Train,44621,3
Train,44622,2
Train,44623,5
Train,44624,0
Train,44625,1
Train,44626,6
Train,44627,2
Train,44628,3
Train,44629,4
Train,44630,0
Train,44631,3
Train,44632,5
Train,44633,8
Train,44634,2
Train,44635,3
Train,44636,3
Train,44637,0
Train,44638,9
Train,44639,6
Train,44640,9
Train,44641,4
Train,44642,7
Train,44643,1
Train,44644,2
Train,44645,0
Train,44646,9
Train,44647,1
Train,44648,2
Train,44649,8
Train,44650,6
Train,44651,9
Train,44652,2
Train,44653,0
Train,44654,6
Train,44655,7
Train,44656,4
Train,44657,3
Train,44658,2
Train,44659,8
Train,44660,2
Train,44661,7
Train,44662,0
Train,44663,3
Train,44664,7
Train,44665,5
Train,44666,0
Train,44667,5
Train,44668,0
Train,44669,9
Train,44670,2
Train,44671,1
Train,44672,8
Train,44673,3
Train,44674,1
Train,44675,6
Train,44676,5
Train,44677,3
Train,44678,9
Train,44679,1
Train,44680,0
Train,44681,8
Train,44682,9
Train,44683,9
Train,44684,6
Train,44685,8
Train,44686,1
Train,44687,5
Train,44688,2
Train,44689,4
Train,44690,8
Train,44691,8
Train,44692,9
Train,44693,3
Train,44694,7
Train,44695,6
Train,44696,6
Train,44697,4
Train,44698,9
Train,44699,9
Train,44700,5
Train,44701,8
Train,44702,7
Train,44703,4
Train,44704,3
Train,44705,4
Train,44706,5
Train,44707,3
Train,44708,6
Train,44709,0
Train,44710,9
Train,44711,8
Train,44712,6
Train,44713,9
Train,44714,9
Train,44715,0
Train,44716,9
Train,44717,4
Train,44718,7
Train,44719,0
Train,44720,8
Train,44721,0
Train,44722,9
Train,44723,9
Train,44724,8
Train,44725,1
Train,44726,1
Train,44727,8
Train,44728,8
Train,44729,4
Train,44730,2
Train,44731,0
Train,44732,2
Train,44733,6
Train,44734,5
Train,44735,6
Train,44736,2
Train,44737,4
Train,44738,5
Train,44739,2
Train,44740,5
Train,44741,0
Train,44742,0
Train,44743,0
Train,44744,9
Train,44745,3
Train,44746,0
Train,44747,4
Train,44748,5
Train,44749,0
Train,44750,4
Train,44751,1
Train,44752,4
Train,44753,7
Train,44754,1
Train,44755,9
Train,44756,5
Train,44757,1
Train,44758,2
Train,44759,8
Train,44760,4
Train,44761,4
Train,44762,7
Train,44763,8
Train,44764,0
Train,44765,2
Train,44766,2
Train,44767,1
Train,44768,3
Train,44769,7
Train,44770,0
Train,44771,0
Train,44772,6
Train,44773,0
Train,44774,2
Train,44775,9
Train,44776,2
Train,44777,1
Train,44778,0
Train,44779,6
Train,44780,4
Train,44781,5
Train,44782,8
Train,44783,2
Train,44784,7
Train,44785,0
Train,44786,9
Train,44787,8
Train,44788,5
Train,44789,7
Train,44790,4
Train,44791,5
Train,44792,5
Train,44793,9
Train,44794,0
Train,44795,6
Train,44796,7
Train,44797,2
Train,44798,7
Train,44799,0
Train,44800,3
Train,44801,7
Train,44802,3
Train,44803,4
Train,44804,4
Train,44805,0
Train,44806,0
Train,44807,8
Train,44808,3
Train,44809,9
Train,44810,9
Train,44811,8
Train,44812,9
Train,44813,5
Train,44814,6
Train,44815,7
Train,44816,4
Train,44817,6
Train,44818,1
Train,44819,3
Train,44820,0
Train,44821,5
Train,44822,8
Train,44823,5
Train,44824,1
Train,44825,6
Train,44826,7
Train,44827,1
Train,44828,1
Train,44829,9
Train,44830,0
Train,44831,2
Train,44832,5
Train,44833,8
Train,44834,4
Train,44835,1
Train,44836,9
Train,44837,2
Train,44838,5
Train,44839,7
Train,44840,4
Train,44841,1
Train,44842,2
Train,44843,7
Train,44844,4
Train,44845,7
Train,44846,4
Train,44847,5
Train,44848,5
Train,44849,0
Train,44850,4
Train,44851,4
Train,44852,3
Train,44853,5
Train,44854,1
Train,44855,3
Train,44856,3
Train,44857,4
Train,44858,7
Train,44859,3
Train,44860,9
Train,44861,2
Train,44862,6
Train,44863,4
Train,44864,0
Train,44865,3
Train,44866,0
Train,44867,2
Train,44868,3
Train,44869,1
Train,44870,1
Train,44871,9
Train,44872,6
Train,44873,9
Train,44874,7
Train,44875,0
Train,44876,1
Train,44877,8
Train,44878,7
Train,44879,2
Train,44880,8
Train,44881,9
Train,44882,8
Train,44883,6
Train,44884,0
Train,44885,2
Train,44886,1
Train,44887,0
Train,44888,8
Train,44889,1
Train,44890,8
Train,44891,4
Train,44892,7
Train,44893,3
Train,44894,4
Train,44895,9
Train,44896,3
Train,44897,3
Train,44898,3
Train,44899,5
Train,44900,4
Train,44901,9
Train,44902,9
Train,44903,5
Train,44904,5
Train,44905,2
Train,44906,0
Train,44907,8
Train,44908,9
Train,44909,2
Train,44910,2
Train,44911,7
Train,44912,9
Train,44913,3
Train,44914,5
Train,44915,6
Train,44916,4
Train,44917,6
Train,44918,2
Train,44919,9
Train,44920,9
Train,44921,7
Train,44922,7
Train,44923,7
Train,44924,0
Train,44925,0
Train,44926,3
Train,44927,8
Train,44928,9
Train,44929,5
Train,44930,0
Train,44931,5
Train,44932,0
Train,44933,5
Train,44934,5
Train,44935,7
Train,44936,1
Train,44937,8
Train,44938,2
Train,44939,4
Train,44940,0
Train,44941,4
Train,44942,4
Train,44943,3
Train,44944,3
Train,44945,9
Train,44946,0
Train,44947,9
Train,44948,2
Train,44949,9
Train,44950,3
Train,44951,8
Train,44952,9
Train,44953,3
Train,44954,1
Train,44955,5
Train,44956,0
Train,44957,3
Train,44958,7
Train,44959,6
Train,44960,1
Train,44961,0
Train,44962,4
Train,44963,4
Train,44964,9
Train,44965,1
Train,44966,1
Train,44967,0
Train,44968,0
Train,44969,9
Train,44970,0
Train,44971,1
Train,44972,6
Train,44973,3
Train,44974,4
Train,44975,0
Train,44976,3
Train,44977,4
Train,44978,4
Train,44979,5
Train,44980,3
Train,44981,8
Train,44982,7
Train,44983,9
Train,44984,8
Train,44985,6
Train,44986,7
Train,44987,3
Train,44988,5
Train,44989,6
Train,44990,5
Train,44991,1
Train,44992,1
Train,44993,1
Train,44994,4
Train,44995,2
Train,44996,9
Train,44997,1
Train,44998,5
Train,44999,6
Train,45000,7
Train,45001,1
Train,45002,4
Train,45003,1
Train,45004,0
Train,45005,2
Train,45006,2
Train,45007,5
Train,45008,9
Train,45009,6
Train,45010,0
Train,45011,1
Train,45012,3
Train,45013,1
Train,45014,1
Train,45015,2
Train,45016,1
Train,45017,8
Train,45018,5
Train,45019,6
Train,45020,9
Train,45021,2
Train,45022,4
Train,45023,2
Train,45024,8
Train,45025,8
Train,45026,3
Train,45027,7
Train,45028,1
Train,45029,7
Train,45030,1
Train,45031,7
Train,45032,5
Train,45033,9
Train,45034,7
Train,45035,0
Train,45036,7
Train,45037,8
Train,45038,3
Train,45039,6
Train,45040,1
Train,45041,2
Train,45042,2
Train,45043,5
Train,45044,9
Train,45045,8
Train,45046,4
Train,45047,8
Train,45048,9
Train,45049,4
Train,45050,2
Train,45051,5
Train,45052,9
Train,45053,3
Train,45054,7
Train,45055,9
Train,45056,9
Train,45057,3
Train,45058,7
Train,45059,9
Train,45060,2
Train,45061,7
Train,45062,8
Train,45063,9
Train,45064,0
Train,45065,7
Train,45066,3
Train,45067,0
Train,45068,1
Train,45069,7
Train,45070,1
Train,45071,4
Train,45072,6
Train,45073,8
Train,45074,2
Train,45075,3
Train,45076,4
Train,45077,1
Train,45078,6
Train,45079,2
Train,45080,6
Train,45081,0
Train,45082,3
Train,45083,5
Train,45084,1
Train,45085,0
Train,45086,9
Train,45087,7
Train,45088,0
Train,45089,0
Train,45090,9
Train,45091,3
Train,45092,4
Train,45093,9
Train,45094,8
Train,45095,8
Train,45096,0
Train,45097,1
Train,45098,6
Train,45099,1
Train,45100,4
Train,45101,9
Train,45102,0
Train,45103,7
Train,45104,8
Train,45105,1
Train,45106,0
Train,45107,9
Train,45108,5
Train,45109,2
Train,45110,4
Train,45111,4
Train,45112,7
Train,45113,0
Train,45114,4
Train,45115,8
Train,45116,9
Train,45117,3
Train,45118,1
Train,45119,2
Train,45120,2
Train,45121,4
Train,45122,4
Train,45123,0
Train,45124,4
Train,45125,5
Train,45126,1
Train,45127,7
Train,45128,3
Train,45129,5
Train,45130,7
Train,45131,2
Train,45132,4
Train,45133,4
Train,45134,5
Train,45135,6
Train,45136,4
Train,45137,3
Train,45138,8
Train,45139,4
Train,45140,6
Train,45141,6
Train,45142,5
Train,45143,0
Train,45144,4
Train,45145,9
Train,45146,9
Train,45147,7
Train,45148,8
Train,45149,6
Train,45150,7
Train,45151,3
Train,45152,3
Train,45153,5
Train,45154,9
Train,45155,6
Train,45156,0
Train,45157,1
Train,45158,3
Train,45159,8
Train,45160,9
Train,45161,8
Train,45162,8
Train,45163,0
Train,45164,6
Train,45165,6
Train,45166,0
Train,45167,9
Train,45168,8
Train,45169,6
Train,45170,4
Train,45171,7
Train,45172,7
Train,45173,9
Train,45174,9
Train,45175,3
Train,45176,0
Train,45177,9
Train,45178,5
Train,45179,5
Train,45180,6
Train,45181,5
Train,45182,0
Train,45183,9
Train,45184,5
Train,45185,8
Train,45186,0
Train,45187,1
Train,45188,0
Train,45189,4
Train,45190,0
Train,45191,3
Train,45192,3
Train,45193,2
Train,45194,1
Train,45195,1
Train,45196,4
Train,45197,9
Train,45198,9
Train,45199,4
Train,45200,2
Train,45201,1
Train,45202,1
Train,45203,2
Train,45204,7
Train,45205,4
Train,45206,5
Train,45207,5
Train,45208,6
Train,45209,3
Train,45210,1
Train,45211,3
Train,45212,1
Train,45213,2
Train,45214,1
Train,45215,5
Train,45216,3
Train,45217,3
Train,45218,2
Train,45219,5
Train,45220,6
Train,45221,4
Train,45222,5
Train,45223,2
Train,45224,7
Train,45225,6
Train,45226,4
Train,45227,6
Train,45228,1
Train,45229,2
Train,45230,7
Train,45231,9
Train,45232,0
Train,45233,0
Train,45234,4
Train,45235,9
Train,45236,3
Train,45237,5
Train,45238,2
Train,45239,4
Train,45240,8
Train,45241,9
Train,45242,0
Train,45243,8
Train,45244,2
Train,45245,5
Train,45246,1
Train,45247,6
Train,45248,6
Train,45249,3
Train,45250,3
Train,45251,3
Train,45252,2
Train,45253,6
Train,45254,6
Train,45255,4
Train,45256,7
Train,45257,5
Train,45258,1
Train,45259,0
Train,45260,5
Train,45261,9
Train,45262,0
Train,45263,4
Train,45264,0
Train,45265,0
Train,45266,6
Train,45267,6
Train,45268,1
Train,45269,5
Train,45270,0
Train,45271,5
Train,45272,2
Train,45273,5
Train,45274,4
Train,45275,3
Train,45276,7
Train,45277,2
Train,45278,5
Train,45279,4
Train,45280,6
Train,45281,7
Train,45282,3
Train,45283,1
Train,45284,9
Train,45285,7
Train,45286,4
Train,45287,9
Train,45288,0
Train,45289,1
Train,45290,5
Train,45291,1
Train,45292,7
Train,45293,4
Train,45294,7
Train,45295,6
Train,45296,1
Train,45297,0
Train,45298,6
Train,45299,4
Train,45300,6
Train,45301,0
Train,45302,9
Train,45303,2
Train,45304,0
Train,45305,6
Train,45306,2
Train,45307,9
Train,45308,1
Train,45309,8
Train,45310,3
Train,45311,4
Train,45312,5
Train,45313,0
Train,45314,0
Train,45315,4
Train,45316,1
Train,45317,1
Train,45318,8
Train,45319,3
Train,45320,2
Train,45321,5
Train,45322,1
Train,45323,4
Train,45324,1
Train,45325,8
Train,45326,5
Train,45327,8
Train,45328,2
Train,45329,1
Train,45330,3
Train,45331,5
Train,45332,1
Train,45333,4
Train,45334,2
Train,45335,2
Train,45336,7
Train,45337,7
Train,45338,8
Train,45339,0
Train,45340,4
Train,45341,2
Train,45342,2
Train,45343,7
Train,45344,0
Train,45345,5
Train,45346,2
Train,45347,0
Train,45348,0
Train,45349,0
Train,45350,6
Train,45351,3
Train,45352,7
Train,45353,7
Train,45354,8
Train,45355,6
Train,45356,9
Train,45357,0
Train,45358,0
Train,45359,2
Train,45360,2
Train,45361,6
Train,45362,3
Train,45363,4
Train,45364,0
Train,45365,7
Train,45366,6
Train,45367,2
Train,45368,5
Train,45369,6
Train,45370,1
Train,45371,8
Train,45372,8
Train,45373,0
Train,45374,5
Train,45375,8
Train,45376,7
Train,45377,1
Train,45378,9
Train,45379,3
Train,45380,3
Train,45381,4
Train,45382,3
Train,45383,6
Train,45384,0
Train,45385,6
Train,45386,8
Train,45387,0
Train,45388,9
Train,45389,3
Train,45390,0
Train,45391,0
Train,45392,6
Train,45393,0
Train,45394,7
Train,45395,3
Train,45396,4
Train,45397,4
Train,45398,8
Train,45399,1
Train,45400,4
Train,45401,9
Train,45402,3
Train,45403,1
Train,45404,2
Train,45405,9
Train,45406,1
Train,45407,7
Train,45408,4
Train,45409,7
Train,45410,4
Train,45411,2
Train,45412,0
Train,45413,0
Train,45414,2
Train,45415,3
Train,45416,7
Train,45417,5
Train,45418,9
Train,45419,0
Train,45420,6
Train,45421,5
Train,45422,5
Train,45423,0
Train,45424,2
Train,45425,1
Train,45426,9
Train,45427,1
Train,45428,2
Train,45429,6
Train,45430,6
Train,45431,9
Train,45432,7
Train,45433,3
Train,45434,1
Train,45435,9
Train,45436,5
Train,45437,2
Train,45438,0
Train,45439,3
Train,45440,5
Train,45441,4
Train,45442,8
Train,45443,6
Train,45444,1
Train,45445,0
Train,45446,8
Train,45447,8
Train,45448,5
Train,45449,7
Train,45450,5
Train,45451,2
Train,45452,6
Train,45453,6
Train,45454,3
Train,45455,1
Train,45456,3
Train,45457,0
Train,45458,3
Train,45459,7
Train,45460,2
Train,45461,8
Train,45462,8
Train,45463,9
Train,45464,9
Train,45465,9
Train,45466,1
Train,45467,3
Train,45468,7
Train,45469,5
Train,45470,1
Train,45471,3
Train,45472,9
Train,45473,5
Train,45474,6
Train,45475,1
Train,45476,7
Train,45477,5
Train,45478,8
Train,45479,3
Train,45480,7
Train,45481,5
Train,45482,5
Train,45483,1
Train,45484,0
Train,45485,1
Train,45486,8
Train,45487,1
Train,45488,1
Train,45489,2
Train,45490,7
Train,45491,4
Train,45492,5
Train,45493,7
Train,45494,2
Train,45495,9
Train,45496,4
Train,45497,9
Train,45498,9
Train,45499,5
Train,45500,1
Train,45501,5
Train,45502,3
Train,45503,5
Train,45504,5
Train,45505,7
Train,45506,7
Train,45507,0
Train,45508,3
Train,45509,0
Train,45510,4
Train,45511,5
Train,45512,4
Train,45513,0
Train,45514,3
Train,45515,4
Train,45516,0
Train,45517,4
Train,45518,6
Train,45519,5
Train,45520,9
Train,45521,2
Train,45522,2
Train,45523,7
Train,45524,6
Train,45525,0
Train,45526,6
Train,45527,7
Train,45528,9
Train,45529,2
Train,45530,7
Train,45531,5
Train,45532,2
Train,45533,2
Train,45534,6
Train,45535,1
Train,45536,8
Train,45537,8
Train,45538,9
Train,45539,9
Train,45540,7
Train,45541,4
Train,45542,3
Train,45543,6
Train,45544,5
Train,45545,5
Train,45546,0
Train,45547,9
Train,45548,1
Train,45549,7
Train,45550,2
Train,45551,8
Train,45552,3
Train,45553,5
Train,45554,5
Train,45555,4
Train,45556,0
Train,45557,5
Train,45558,2
Train,45559,0
Train,45560,9
Train,45561,7
Train,45562,9
Train,45563,7
Train,45564,0
Train,45565,1
Train,45566,4
Train,45567,1
Train,45568,3
Train,45569,1
Train,45570,2
Train,45571,4
Train,45572,7
Train,45573,9
Train,45574,1
Train,45575,6
Train,45576,7
Train,45577,9
Train,45578,8
Train,45579,5
Train,45580,1
Train,45581,5
Train,45582,6
Train,45583,5
Train,45584,1
Train,45585,6
Train,45586,4
Train,45587,5
Train,45588,2
Train,45589,7
Train,45590,3
Train,45591,4
Train,45592,6
Train,45593,9
Train,45594,0
Train,45595,4
Train,45596,7
Train,45597,6
Train,45598,4
Train,45599,1
Train,45600,1
Train,45601,0
Train,45602,1
Train,45603,4
Train,45604,0
Train,45605,4
Train,45606,2
Train,45607,6
Train,45608,8
Train,45609,4
Train,45610,7
Train,45611,4
Train,45612,9
Train,45613,1
Train,45614,9
Train,45615,0
Train,45616,4
Train,45617,8
Train,45618,4
Train,45619,8
Train,45620,8
Train,45621,0
Train,45622,6
Train,45623,4
Train,45624,4
Train,45625,3
Train,45626,8
Train,45627,5
Train,45628,1
Train,45629,5
Train,45630,7
Train,45631,3
Train,45632,3
Train,45633,5
Train,45634,3
Train,45635,8
Train,45636,5
Train,45637,6
Train,45638,6
Train,45639,2
Train,45640,9
Train,45641,3
Train,45642,1
Train,45643,7
Train,45644,4
Train,45645,4
Train,45646,3
Train,45647,2
Train,45648,8
Train,45649,8
Train,45650,8
Train,45651,8
Train,45652,0
Train,45653,5
Train,45654,2
Train,45655,1
Train,45656,0
Train,45657,7
Train,45658,9
Train,45659,8
Train,45660,2
Train,45661,3
Train,45662,2
Train,45663,6
Train,45664,5
Train,45665,4
Train,45666,0
Train,45667,3
Train,45668,4
Train,45669,7
Train,45670,3
Train,45671,9
Train,45672,1
Train,45673,9
Train,45674,5
Train,45675,1
Train,45676,6
Train,45677,1
Train,45678,5
Train,45679,0
Train,45680,8
Train,45681,2
Train,45682,7
Train,45683,4
Train,45684,9
Train,45685,1
Train,45686,6
Train,45687,1
Train,45688,4
Train,45689,4
Train,45690,4
Train,45691,3
Train,45692,2
Train,45693,6
Train,45694,4
Train,45695,8
Train,45696,9
Train,45697,8
Train,45698,5
Train,45699,7
Train,45700,3
Train,45701,4
Train,45702,4
Train,45703,2
Train,45704,1
Train,45705,5
Train,45706,8
Train,45707,9
Train,45708,7
Train,45709,2
Train,45710,2
Train,45711,3
Train,45712,4
Train,45713,2
Train,45714,1
Train,45715,1
Train,45716,0
Train,45717,8
Train,45718,8
Train,45719,6
Train,45720,6
Train,45721,4
Train,45722,7
Train,45723,4
Train,45724,7
Train,45725,7
Train,45726,8
Train,45727,8
Train,45728,5
Train,45729,4
Train,45730,6
Train,45731,5
Train,45732,3
Train,45733,8
Train,45734,9
Train,45735,9
Train,45736,1
Train,45737,0
Train,45738,2
Train,45739,6
Train,45740,9
Train,45741,6
Train,45742,5
Train,45743,8
Train,45744,2
Train,45745,7
Train,45746,5
Train,45747,7
Train,45748,2
Train,45749,4
Train,45750,6
Train,45751,6
Train,45752,3
Train,45753,6
Train,45754,3
Train,45755,9
Train,45756,4
Train,45757,3
Train,45758,7
Train,45759,6
Train,45760,8
Train,45761,2
Train,45762,5
Train,45763,0
Train,45764,4
Train,45765,6
Train,45766,9
Train,45767,4
Train,45768,1
Train,45769,1
Train,45770,6
Train,45771,8
Train,45772,5
Train,45773,4
Train,45774,6
Train,45775,4
Train,45776,8
Train,45777,8
Train,45778,3
Train,45779,8
Train,45780,1
Train,45781,9
Train,45782,4
Train,45783,3
Train,45784,8
Train,45785,2
Train,45786,4
Train,45787,1
Train,45788,8
Train,45789,3
Train,45790,7
Train,45791,9
Train,45792,9
Train,45793,6
Train,45794,6
Train,45795,2
Train,45796,6
Train,45797,9
Train,45798,9
Train,45799,6
Train,45800,0
Train,45801,4
Train,45802,9
Train,45803,2
Train,45804,4
Train,45805,2
Train,45806,6
Train,45807,8
Train,45808,7
Train,45809,8
Train,45810,1
Train,45811,4
Train,45812,4
Train,45813,9
Train,45814,5
Train,45815,8
Train,45816,3
Train,45817,7
Train,45818,2
Train,45819,5
Train,45820,4
Train,45821,1
Train,45822,2
Train,45823,6
Train,45824,7
Train,45825,9
Train,45826,6
Train,45827,0
Train,45828,5
Train,45829,9
Train,45830,8
Train,45831,5
Train,45832,9
Train,45833,7
Train,45834,1
Train,45835,6
Train,45836,6
Train,45837,2
Train,45838,2
Train,45839,8
Train,45840,9
Train,45841,9
Train,45842,9
Train,45843,7
Train,45844,9
Train,45845,0
Train,45846,7
Train,45847,2
Train,45848,9
Train,45849,2
Train,45850,3
Train,45851,7
Train,45852,2
Train,45853,8
Train,45854,3
Train,45855,2
Train,45856,1
Train,45857,3
Train,45858,7
Train,45859,1
Train,45860,9
Train,45861,7
Train,45862,6
Train,45863,6
Train,45864,2
Train,45865,9
Train,45866,1
Train,45867,4
Train,45868,8
Train,45869,4
Train,45870,5
Train,45871,9
Train,45872,8
Train,45873,4
Train,45874,7
Train,45875,2
Train,45876,9
Train,45877,1
Train,45878,6
Train,45879,8
Train,45880,9
Train,45881,4
Train,45882,5
Train,45883,7
Train,45884,5
Train,45885,3
Train,45886,0
Train,45887,5
Train,45888,7
Train,45889,6
Train,45890,8
Train,45891,5
Train,45892,8
Train,45893,2
Train,45894,4
Train,45895,6
Train,45896,3
Train,45897,3
Train,45898,8
Train,45899,1
Train,45900,6
Train,45901,3
Train,45902,4
Train,45903,5
Train,45904,0
Train,45905,9
Train,45906,9
Train,45907,8
Train,45908,3
Train,45909,3
Train,45910,1
Train,45911,4
Train,45912,8
Train,45913,4
Train,45914,3
Train,45915,5
Train,45916,7
Train,45917,8
Train,45918,6
Train,45919,0
Train,45920,9
Train,45921,3
Train,45922,9
Train,45923,1
Train,45924,8
Train,45925,6
Train,45926,2
Train,45927,0
Train,45928,3
Train,45929,7
Train,45930,4
Train,45931,3
Train,45932,7
Train,45933,3
Train,45934,7
Train,45935,4
Train,45936,0
Train,45937,8
Train,45938,4
Train,45939,7
Train,45940,2
Train,45941,5
Train,45942,5
Train,45943,9
Train,45944,6
Train,45945,7
Train,45946,1
Train,45947,3
Train,45948,3
Train,45949,3
Train,45950,7
Train,45951,2
Train,45952,5
Train,45953,2
Train,45954,8
Train,45955,7
Train,45956,0
Train,45957,4
Train,45958,6
Train,45959,9
Train,45960,5
Train,45961,9
Train,45962,4
Train,45963,5
Train,45964,6
Train,45965,4
Train,45966,8
Train,45967,2
Train,45968,1
Train,45969,2
Train,45970,6
Train,45971,6
Train,45972,1
Train,45973,5
Train,45974,8
Train,45975,9
Train,45976,6
Train,45977,1
Train,45978,6
Train,45979,1
Train,45980,2
Train,45981,4
Train,45982,0
Train,45983,5
Train,45984,9
Train,45985,8
Train,45986,5
Train,45987,4
Train,45988,1
Train,45989,5
Train,45990,2
Train,45991,5
Train,45992,5
Train,45993,9
Train,45994,8
Train,45995,7
Train,45996,9
Train,45997,2
Train,45998,2
Train,45999,7
Train,46000,2
Train,46001,8
Train,46002,3
Train,46003,1
Train,46004,9
Train,46005,2
Train,46006,5
Train,46007,6
Train,46008,8
Train,46009,6
Train,46010,5
Train,46011,4
Train,46012,8
Train,46013,3
Train,46014,2
Train,46015,8
Train,46016,2
Train,46017,5
Train,46018,7
Train,46019,0
Train,46020,8
Train,46021,4
Train,46022,5
Train,46023,3
Train,46024,9
Train,46025,7
Train,46026,1
Train,46027,7
Train,46028,8
Train,46029,8
Train,46030,5
Train,46031,8
Train,46032,7
Train,46033,8
Train,46034,7
Train,46035,5
Train,46036,4
Train,46037,3
Train,46038,8
Train,46039,9
Train,46040,7
Train,46041,0
Train,46042,6
Train,46043,6
Train,46044,8
Train,46045,7
Train,46046,0
Train,46047,4
Train,46048,8
Train,46049,4
Train,46050,6
Train,46051,1
Train,46052,6
Train,46053,2
Train,46054,0
Train,46055,7
Train,46056,3
Train,46057,5
Train,46058,3
Train,46059,9
Train,46060,1
Train,46061,4
Train,46062,3
Train,46063,5
Train,46064,7
Train,46065,5
Train,46066,6
Train,46067,7
Train,46068,8
Train,46069,5
Train,46070,3
Train,46071,5
Train,46072,9
Train,46073,6
Train,46074,5
Train,46075,6
Train,46076,4
Train,46077,4
Train,46078,1
Train,46079,9
Train,46080,3
Train,46081,3
Train,46082,2
Train,46083,5
Train,46084,5
Train,46085,3
Train,46086,0
Train,46087,5
Train,46088,2
Train,46089,2
Train,46090,9
Train,46091,8
Train,46092,6
Train,46093,4
Train,46094,3
Train,46095,5
Train,46096,5
Train,46097,7
Train,46098,7
Train,46099,1
Train,46100,8
Train,46101,8
Train,46102,8
Train,46103,7
Train,46104,9
Train,46105,6
Train,46106,2
Train,46107,1
Train,46108,0
Train,46109,3
Train,46110,3
Train,46111,8
Train,46112,5
Train,46113,0
Train,46114,2
Train,46115,2
Train,46116,0
Train,46117,7
Train,46118,2
Train,46119,4
Train,46120,8
Train,46121,3
Train,46122,6
Train,46123,6
Train,46124,6
Train,46125,2
Train,46126,6
Train,46127,1
Train,46128,8
Train,46129,7
Train,46130,5
Train,46131,9
Train,46132,4
Train,46133,4
Train,46134,6
Train,46135,1
Train,46136,3
Train,46137,0
Train,46138,8
Train,46139,8
Train,46140,1
Train,46141,3
Train,46142,8
Train,46143,5
Train,46144,6
Train,46145,4
Train,46146,5
Train,46147,1
Train,46148,0
Train,46149,3
Train,46150,4
Train,46151,8
Train,46152,8
Train,46153,4
Train,46154,7
Train,46155,3
Train,46156,6
Train,46157,3
Train,46158,7
Train,46159,0
Train,46160,3
Train,46161,7
Train,46162,1
Train,46163,9
Train,46164,4
Train,46165,5
Train,46166,9
Train,46167,7
Train,46168,7
Train,46169,5
Train,46170,6
Train,46171,9
Train,46172,7
Train,46173,1
Train,46174,4
Train,46175,8
Train,46176,8
Train,46177,1
Train,46178,9
Train,46179,2
Train,46180,6
Train,46181,9
Train,46182,3
Train,46183,2
Train,46184,7
Train,46185,4
Train,46186,9
Train,46187,5
Train,46188,6
Train,46189,9
Train,46190,9
Train,46191,6
Train,46192,0
Train,46193,6
Train,46194,1
Train,46195,9
Train,46196,3
Train,46197,8
Train,46198,3
Train,46199,8
Train,46200,0
Train,46201,5
Train,46202,2
Train,46203,5
Train,46204,3
Train,46205,3
Train,46206,1
Train,46207,1
Train,46208,6
Train,46209,5
Train,46210,8
Train,46211,7
Train,46212,8
Train,46213,1
Train,46214,2
Train,46215,3
Train,46216,2
Train,46217,5
Train,46218,4
Train,46219,1
Train,46220,4
Train,46221,9
Train,46222,5
Train,46223,8
Train,46224,0
Train,46225,9
Train,46226,3
Train,46227,9
Train,46228,7
Train,46229,3
Train,46230,3
Train,46231,3
Train,46232,3
Train,46233,1
Train,46234,4
Train,46235,2
Train,46236,9
Train,46237,1
Train,46238,1
Train,46239,5
Train,46240,1
Train,46241,4
Train,46242,2
Train,46243,9
Train,46244,2
Train,46245,4
Train,46246,5
Train,46247,5
Train,46248,8
Train,46249,8
Train,46250,4
Train,46251,4
Train,46252,6
Train,46253,4
Train,46254,2
Train,46255,4
Train,46256,6
Train,46257,6
Train,46258,2
Train,46259,1
Train,46260,8
Train,46261,2
Train,46262,3
Train,46263,6
Train,46264,5
Train,46265,3
Train,46266,7
Train,46267,5
Train,46268,1
Train,46269,9
Train,46270,7
Train,46271,6
Train,46272,8
Train,46273,6
Train,46274,5
Train,46275,5
Train,46276,4
Train,46277,0
Train,46278,9
Train,46279,1
Train,46280,9
Train,46281,1
Train,46282,7
Train,46283,7
Train,46284,2
Train,46285,4
Train,46286,3
Train,46287,0
Train,46288,5
Train,46289,5
Train,46290,3
Train,46291,2
Train,46292,8
Train,46293,2
Train,46294,0
Train,46295,3
Train,46296,9
Train,46297,0
Train,46298,9
Train,46299,2
Train,46300,7
Train,46301,7
Train,46302,9
Train,46303,0
Train,46304,1
Train,46305,9
Train,46306,6
Train,46307,6
Train,46308,3
Train,46309,8
Train,46310,5
Train,46311,6
Train,46312,6
Train,46313,8
Train,46314,8
Train,46315,2
Train,46316,5
Train,46317,6
Train,46318,5
Train,46319,4
Train,46320,6
Train,46321,4
Train,46322,6
Train,46323,1
Train,46324,0
Train,46325,3
Train,46326,2
Train,46327,9
Train,46328,1
Train,46329,5
Train,46330,1
Train,46331,4
Train,46332,1
Train,46333,4
Train,46334,6
Train,46335,9
Train,46336,6
Train,46337,3
Train,46338,0
Train,46339,4
Train,46340,6
Train,46341,3
Train,46342,6
Train,46343,0
Train,46344,0
Train,46345,9
Train,46346,9
Train,46347,3
Train,46348,7
Train,46349,3
Train,46350,5
Train,46351,9
Train,46352,3
Train,46353,7
Train,46354,3
Train,46355,9
Train,46356,9
Train,46357,1
Train,46358,1
Train,46359,1
Train,46360,5
Train,46361,5
Train,46362,0
Train,46363,8
Train,46364,7
Train,46365,2
Train,46366,0
Train,46367,0
Train,46368,7
Train,46369,0
Train,46370,7
Train,46371,3
Train,46372,4
Train,46373,2
Train,46374,3
Train,46375,9
Train,46376,1
Train,46377,6
Train,46378,5
Train,46379,6
Train,46380,0
Train,46381,5
Train,46382,4
Train,46383,7
Train,46384,4
Train,46385,6
Train,46386,8
Train,46387,8
Train,46388,6
Train,46389,2
Train,46390,9
Train,46391,7
Train,46392,8
Train,46393,5
Train,46394,0
Train,46395,8
Train,46396,1
Train,46397,7
Train,46398,4
Train,46399,3
Train,46400,7
Train,46401,9
Train,46402,3
Train,46403,6
Train,46404,6
Train,46405,2
Train,46406,1
Train,46407,6
Train,46408,1
Train,46409,0
Train,46410,2
Train,46411,3
Train,46412,7
Train,46413,8
Train,46414,3
Train,46415,4
Train,46416,4
Train,46417,3
Train,46418,6
Train,46419,0
Train,46420,0
Train,46421,1
Train,46422,5
Train,46423,3
Train,46424,3
Train,46425,3
Train,46426,9
Train,46427,1
Train,46428,5
Train,46429,6
Train,46430,0
Train,46431,8
Train,46432,3
Train,46433,3
Train,46434,0
Train,46435,8
Train,46436,5
Train,46437,3
Train,46438,9
Train,46439,0
Train,46440,5
Train,46441,5
Train,46442,8
Train,46443,3
Train,46444,8
Train,46445,8
Train,46446,4
Train,46447,6
Train,46448,1
Train,46449,8
Train,46450,2
Train,46451,2
Train,46452,4
Train,46453,8
Train,46454,7
Train,46455,7
Train,46456,7
Train,46457,2
Train,46458,0
Train,46459,3
Train,46460,4
Train,46461,1
Train,46462,8
Train,46463,1
Train,46464,8
Train,46465,7
Train,46466,3
Train,46467,2
Train,46468,3
Train,46469,6
Train,46470,4
Train,46471,5
Train,46472,3
Train,46473,6
Train,46474,0
Train,46475,2
Train,46476,4
Train,46477,8
Train,46478,2
Train,46479,8
Train,46480,0
Train,46481,2
Train,46482,5
Train,46483,5
Train,46484,7
Train,46485,9
Train,46486,0
Train,46487,5
Train,46488,8
Train,46489,5
Train,46490,4
Train,46491,2
Train,46492,6
Train,46493,3
Train,46494,5
Train,46495,6
Train,46496,3
Train,46497,4
Train,46498,8
Train,46499,8
Train,46500,3
Train,46501,2
Train,46502,4
Train,46503,3
Train,46504,8
Train,46505,8
Train,46506,4
Train,46507,1
Train,46508,7
Train,46509,2
Train,46510,5
Train,46511,4
Train,46512,3
Train,46513,0
Train,46514,1
Train,46515,3
Train,46516,2
Train,46517,7
Train,46518,7
Train,46519,1
Train,46520,1
Train,46521,4
Train,46522,2
Train,46523,0
Train,46524,7
Train,46525,5
Train,46526,4
Train,46527,2
Train,46528,4
Train,46529,3
Train,46530,2
Train,46531,4
Train,46532,5
Train,46533,6
Train,46534,5
Train,46535,6
Train,46536,5
Train,46537,9
Train,46538,8
Train,46539,6
Train,46540,8
Train,46541,2
Train,46542,3
Train,46543,8
Train,46544,1
Train,46545,6
Train,46546,5
Train,46547,1
Train,46548,0
Train,46549,7
Train,46550,6
Train,46551,8
Train,46552,8
Train,46553,0
Train,46554,0
Train,46555,3
Train,46556,7
Train,46557,7
Train,46558,6
Train,46559,9
Train,46560,2
Train,46561,3
Train,46562,2
Train,46563,2
Train,46564,2
Train,46565,5
Train,46566,4
Train,46567,9
Train,46568,3
Train,46569,8
Train,46570,4
Train,46571,3
Train,46572,7
Train,46573,4
Train,46574,9
Train,46575,2
Train,46576,0
Train,46577,6
Train,46578,4
Train,46579,9
Train,46580,8
Train,46581,7
Train,46582,8
Train,46583,7
Train,46584,2
Train,46585,0
Train,46586,0
Train,46587,6
Train,46588,1
Train,46589,2
Train,46590,3
Train,46591,4
Train,46592,1
Train,46593,0
Train,46594,3
Train,46595,3
Train,46596,3
Train,46597,5
Train,46598,1
Train,46599,9
Train,46600,6
Train,46601,7
Train,46602,6
Train,46603,0
Train,46604,3
Train,46605,3
Train,46606,5
Train,46607,2
Train,46608,5
Train,46609,6
Train,46610,1
Train,46611,9
Train,46612,6
Train,46613,0
Train,46614,0
Train,46615,8
Train,46616,4
Train,46617,8
Train,46618,4
Train,46619,0
Train,46620,7
Train,46621,5
Train,46622,6
Train,46623,9
Train,46624,8
Train,46625,0
Train,46626,8
Train,46627,3
Train,46628,5
Train,46629,9
Train,46630,2
Train,46631,0
Train,46632,0
Train,46633,2
Train,46634,1
Train,46635,5
Train,46636,8
Train,46637,0
Train,46638,5
Train,46639,9
Train,46640,7
Train,46641,7
Train,46642,2
Train,46643,1
Train,46644,4
Train,46645,9
Train,46646,9
Train,46647,9
Train,46648,4
Train,46649,1
Train,46650,4
Train,46651,9
Train,46652,2
Train,46653,3
Train,46654,9
Train,46655,0
Train,46656,9
Train,46657,3
Train,46658,1
Train,46659,3
Train,46660,4
Train,46661,2
Train,46662,9
Train,46663,4
Train,46664,9
Train,46665,2
Train,46666,7
Train,46667,5
Train,46668,8
Train,46669,5
Train,46670,8
Train,46671,7
Train,46672,7
Train,46673,2
Train,46674,1
Train,46675,8
Train,46676,5
Train,46677,6
Train,46678,0
Train,46679,1
Train,46680,0
Train,46681,2
Train,46682,3
Train,46683,2
Train,46684,5
Train,46685,9
Train,46686,2
Train,46687,9
Train,46688,3
Train,46689,0
Train,46690,5
Train,46691,7
Train,46692,0
Train,46693,1
Train,46694,7
Train,46695,4
Train,46696,9
Train,46697,3
Train,46698,9
Train,46699,8
Train,46700,5
Train,46701,0
Train,46702,2
Train,46703,4
Train,46704,8
Train,46705,9
Train,46706,0
Train,46707,8
Train,46708,5
Train,46709,7
Train,46710,8
Train,46711,7
Train,46712,3
Train,46713,9
Train,46714,8
Train,46715,5
Train,46716,5
Train,46717,1
Train,46718,1
Train,46719,7
Train,46720,5
Train,46721,6
Train,46722,4
Train,46723,9
Train,46724,2
Train,46725,0
Train,46726,7
Train,46727,3
Train,46728,2
Train,46729,3
Train,46730,1
Train,46731,1
Train,46732,1
Train,46733,2
Train,46734,5
Train,46735,8
Train,46736,8
Train,46737,8
Train,46738,0
Train,46739,8
Train,46740,0
Train,46741,1
Train,46742,3
Train,46743,6
Train,46744,9
Train,46745,3
Train,46746,4
Train,46747,7
Train,46748,1
Train,46749,0
Train,46750,0
Train,46751,8
Train,46752,9
Train,46753,4
Train,46754,7
Train,46755,9
Train,46756,0
Train,46757,3
Train,46758,8
Train,46759,2
Train,46760,6
Train,46761,8
Train,46762,5
Train,46763,0
Train,46764,8
Train,46765,6
Train,46766,2
Train,46767,5
Train,46768,8
Train,46769,4
Train,46770,0
Train,46771,2
Train,46772,6
Train,46773,4
Train,46774,9
Train,46775,9
Train,46776,4
Train,46777,9
Train,46778,4
Train,46779,4
Train,46780,5
Train,46781,9
Train,46782,0
Train,46783,7
Train,46784,2
Train,46785,5
Train,46786,1
Train,46787,8
Train,46788,9
Train,46789,4
Train,46790,4
Train,46791,6
Train,46792,7
Train,46793,5
Train,46794,1
Train,46795,2
Train,46796,1
Train,46797,7
Train,46798,2
Train,46799,3
Train,46800,2
Train,46801,3
Train,46802,0
Train,46803,4
Train,46804,6
Train,46805,3
Train,46806,7
Train,46807,0
Train,46808,9
Train,46809,5
Train,46810,2
Train,46811,5
Train,46812,3
Train,46813,2
Train,46814,4
Train,46815,3
Train,46816,7
Train,46817,3
Train,46818,7
Train,46819,2
Train,46820,5
Train,46821,8
Train,46822,0
Train,46823,4
Train,46824,4
Train,46825,3
Train,46826,2
Train,46827,1
Train,46828,1
Train,46829,8
Train,46830,9
Train,46831,0
Train,46832,2
Train,46833,9
Train,46834,7
Train,46835,6
Train,46836,5
Train,46837,2
Train,46838,3
Train,46839,0
Train,46840,1
Train,46841,3
Train,46842,5
Train,46843,0
Train,46844,9
Train,46845,4
Train,46846,6
Train,46847,5
Train,46848,9
Train,46849,7
Train,46850,6
Train,46851,4
Train,46852,9
Train,46853,5
Train,46854,8
Train,46855,3
Train,46856,6
Train,46857,7
Train,46858,1
Train,46859,1
Train,46860,7
Train,46861,9
Train,46862,3
Train,46863,8
Train,46864,0
Train,46865,1
Train,46866,1
Train,46867,5
Train,46868,6
Train,46869,7
Train,46870,2
Train,46871,1
Train,46872,0
Train,46873,0
Train,46874,2
Train,46875,7
Train,46876,0
Train,46877,2
Train,46878,9
Train,46879,2
Train,46880,3
Train,46881,0
Train,46882,3
Train,46883,4
Train,46884,4
Train,46885,6
Train,46886,3
Train,46887,2
Train,46888,8
Train,46889,1
Train,46890,5
Train,46891,4
Train,46892,8
Train,46893,1
Train,46894,3
Train,46895,2
Train,46896,7
Train,46897,0
Train,46898,0
Train,46899,5
Train,46900,1
Train,46901,5
Train,46902,0
Train,46903,5
Train,46904,1
Train,46905,6
Train,46906,1
Train,46907,2
Train,46908,1
Train,46909,2
Train,46910,0
Train,46911,5
Train,46912,6
Train,46913,6
Train,46914,1
Train,46915,6
Train,46916,5
Train,46917,8
Train,46918,5
Train,46919,3
Train,46920,1
Train,46921,6
Train,46922,0
Train,46923,3
Train,46924,5
Train,46925,5
Train,46926,8
Train,46927,5
Train,46928,1
Train,46929,5
Train,46930,5
Train,46931,2
Train,46932,3
Train,46933,2
Train,46934,0
Train,46935,0
Train,46936,0
Train,46937,8
Train,46938,8
Train,46939,3
Train,46940,4
Train,46941,7
Train,46942,7
Train,46943,2
Train,46944,8
Train,46945,0
Train,46946,7
Train,46947,4
Train,46948,6
Train,46949,0
Train,46950,3
Train,46951,6
Train,46952,6
Train,46953,1
Train,46954,7
Train,46955,9
Train,46956,1
Train,46957,2
Train,46958,3
Train,46959,9
Train,46960,6
Train,46961,5
Train,46962,3
Train,46963,8
Train,46964,0
Train,46965,9
Train,46966,1
Train,46967,2
Train,46968,4
Train,46969,0
Train,46970,6
Train,46971,6
Train,46972,2
Train,46973,5
Train,46974,6
Train,46975,8
Train,46976,3
Train,46977,3
Train,46978,9
Train,46979,6
Train,46980,5
Train,46981,0
Train,46982,7
Train,46983,2
Train,46984,5
Train,46985,8
Train,46986,9
Train,46987,0
Train,46988,7
Train,46989,3
Train,46990,0
Train,46991,6
Train,46992,0
Train,46993,1
Train,46994,4
Train,46995,6
Train,46996,7
Train,46997,5
Train,46998,4
Train,46999,9
Train,47000,8
Train,47001,1
Train,47002,9
Train,47003,7
Train,47004,4
Train,47005,9
Train,47006,6
Train,47007,9
Train,47008,3
Train,47009,2
Train,47010,2
Train,47011,5
Train,47012,5
Train,47013,9
Train,47014,3
Train,47015,4
Train,47016,2
Train,47017,0
Train,47018,5
Train,47019,8
Train,47020,9
Train,47021,8
Train,47022,0
Train,47023,8
Train,47024,5
Train,47025,9
Train,47026,1
Train,47027,7
Train,47028,9
Train,47029,5
Train,47030,1
Train,47031,9
Train,47032,8
Train,47033,1
Train,47034,2
Train,47035,1
Train,47036,9
Train,47037,5
Train,47038,5
Train,47039,7
Train,47040,1
Train,47041,7
Train,47042,0
Train,47043,5
Train,47044,3
Train,47045,4
Train,47046,7
Train,47047,6
Train,47048,0
Train,47049,3
Train,47050,0
Train,47051,7
Train,47052,8
Train,47053,4
Train,47054,5
Train,47055,7
Train,47056,7
Train,47057,5
Train,47058,7
Train,47059,5
Train,47060,1
Train,47061,0
Train,47062,3
Train,47063,8
Train,47064,4
Train,47065,5
Train,47066,9
Train,47067,3
Train,47068,0
Train,47069,9
Train,47070,5
Train,47071,6
Train,47072,4
Train,47073,9
Train,47074,2
Train,47075,3
Train,47076,9
Train,47077,8
Train,47078,9
Train,47079,4
Train,47080,5
Train,47081,9
Train,47082,7
Train,47083,9
Train,47084,9
Train,47085,9
Train,47086,9
Train,47087,7
Train,47088,1
Train,47089,0
Train,47090,5
Train,47091,8
Train,47092,7
Train,47093,0
Train,47094,8
Train,47095,5
Train,47096,6
Train,47097,8
Train,47098,3
Train,47099,7
Train,47100,3
Train,47101,9
Train,47102,0
Train,47103,5
Train,47104,0
Train,47105,0
Train,47106,0
Train,47107,5
Train,47108,1
Train,47109,1
Train,47110,7
Train,47111,5
Train,47112,8
Train,47113,1
Train,47114,8
Train,47115,6
Train,47116,6
Train,47117,7
Train,47118,8
Train,47119,8
Train,47120,4
Train,47121,9
Train,47122,2
Train,47123,2
Train,47124,9
Train,47125,7
Train,47126,4
Train,47127,2
Train,47128,9
Train,47129,7
Train,47130,8
Train,47131,3
Train,47132,3
Train,47133,2
Train,47134,5
Train,47135,6
Train,47136,1
Train,47137,7
Train,47138,3
Train,47139,4
Train,47140,0
Train,47141,4
Train,47142,2
Train,47143,0
Train,47144,4
Train,47145,6
Train,47146,3
Train,47147,4
Train,47148,9
Train,47149,4
Train,47150,6
Train,47151,1
Train,47152,2
Train,47153,7
Train,47154,9
Train,47155,4
Train,47156,9
Train,47157,5
Train,47158,5
Train,47159,9
Train,47160,5
Train,47161,6
Train,47162,1
Train,47163,0
Train,47164,8
Train,47165,6
Train,47166,4
Train,47167,5
Train,47168,1
Train,47169,7
Train,47170,7
Train,47171,2
Train,47172,2
Train,47173,5
Train,47174,9
Train,47175,9
Train,47176,0
Train,47177,9
Train,47178,1
Train,47179,8
Train,47180,2
Train,47181,8
Train,47182,1
Train,47183,5
Train,47184,7
Train,47185,7
Train,47186,8
Train,47187,9
Train,47188,4
Train,47189,7
Train,47190,1
Train,47191,6
Train,47192,5
Train,47193,8
Train,47194,2
Train,47195,2
Train,47196,3
Train,47197,7
Train,47198,3
Train,47199,2
Train,47200,2
Train,47201,0
Train,47202,8
Train,47203,5
Train,47204,3
Train,47205,4
Train,47206,8
Train,47207,0
Train,47208,1
Train,47209,5
Train,47210,3
Train,47211,5
Train,47212,8
Train,47213,1
Train,47214,8
Train,47215,0
Train,47216,4
Train,47217,3
Train,47218,5
Train,47219,3
Train,47220,0
Train,47221,5
Train,47222,6
Train,47223,5
Train,47224,2
Train,47225,5
Train,47226,1
Train,47227,0
Train,47228,4
Train,47229,5
Train,47230,5
Train,47231,4
Train,47232,4
Train,47233,7
Train,47234,3
Train,47235,5
Train,47236,8
Train,47237,1
Train,47238,9
Train,47239,4
Train,47240,6
Train,47241,7
Train,47242,0
Train,47243,0
Train,47244,4
Train,47245,8
Train,47246,7
Train,47247,9
Train,47248,2
Train,47249,7
Train,47250,3
Train,47251,8
Train,47252,2
Train,47253,0
Train,47254,1
Train,47255,2
Train,47256,1
Train,47257,4
Train,47258,5
Train,47259,8
Train,47260,2
Train,47261,5
Train,47262,9
Train,47263,7
Train,47264,1
Train,47265,8
Train,47266,1
Train,47267,0
Train,47268,5
Train,47269,9
Train,47270,7
Train,47271,0
Train,47272,7
Train,47273,2
Train,47274,0
Train,47275,7
Train,47276,6
Train,47277,1
Train,47278,9
Train,47279,1
Train,47280,1
Train,47281,2
Train,47282,2
Train,47283,6
Train,47284,3
Train,47285,7
Train,47286,7
Train,47287,4
Train,47288,1
Train,47289,5
Train,47290,1
Train,47291,8
Train,47292,3
Train,47293,4
Train,47294,2
Train,47295,4
Train,47296,9
Train,47297,6
Train,47298,0
Train,47299,9
Train,47300,4
Train,47301,7
Train,47302,6
Train,47303,9
Train,47304,2
Train,47305,4
Train,47306,3
Train,47307,9
Train,47308,7
Train,47309,2
Train,47310,1
Train,47311,4
Train,47312,4
Train,47313,3
Train,47314,1
Train,47315,9
Train,47316,2
Train,47317,0
Train,47318,4
Train,47319,7
Train,47320,0
Train,47321,7
Train,47322,3
Train,47323,7
Train,47324,0
Train,47325,7
Train,47326,0
Train,47327,3
Train,47328,0
Train,47329,0
Train,47330,3
Train,47331,6
Train,47332,0
Train,47333,5
Train,47334,5
Train,47335,2
Train,47336,0
Train,47337,0
Train,47338,9
Train,47339,0
Train,47340,9
Train,47341,8
Train,47342,8
Train,47343,9
Train,47344,4
Train,47345,4
Train,47346,7
Train,47347,6
Train,47348,4
Train,47349,1
Train,47350,8
Train,47351,5
Train,47352,6
Train,47353,2
Train,47354,6
Train,47355,0
Train,47356,7
Train,47357,5
Train,47358,5
Train,47359,5
Train,47360,2
Train,47361,6
Train,47362,1
Train,47363,9
Train,47364,1
Train,47365,1
Train,47366,7
Train,47367,9
Train,47368,2
Train,47369,6
Train,47370,1
Train,47371,2
Train,47372,7
Train,47373,8
Train,47374,4
Train,47375,0
Train,47376,8
Train,47377,1
Train,47378,8
Train,47379,0
Train,47380,8
Train,47381,0
Train,47382,7
Train,47383,7
Train,47384,4
Train,47385,4
Train,47386,5
Train,47387,7
Train,47388,5
Train,47389,8
Train,47390,1
Train,47391,8
Train,47392,2
Train,47393,8
Train,47394,3
Train,47395,8
Train,47396,6
Train,47397,2
Train,47398,0
Train,47399,4
Train,47400,8
Train,47401,0
Train,47402,0
Train,47403,4
Train,47404,0
Train,47405,9
Train,47406,7
Train,47407,6
Train,47408,4
Train,47409,8
Train,47410,3
Train,47411,2
Train,47412,9
Train,47413,3
Train,47414,8
Train,47415,4
Train,47416,5
Train,47417,7
Train,47418,0
Train,47419,9
Train,47420,9
Train,47421,0
Train,47422,7
Train,47423,1
Train,47424,5
Train,47425,4
Train,47426,9
Train,47427,9
Train,47428,0
Train,47429,9
Train,47430,8
Train,47431,0
Train,47432,2
Train,47433,0
Train,47434,6
Train,47435,9
Train,47436,4
Train,47437,9
Train,47438,7
Train,47439,3
Train,47440,5
Train,47441,4
Train,47442,4
Train,47443,6
Train,47444,0
Train,47445,8
Train,47446,0
Train,47447,5
Train,47448,9
Train,47449,2
Train,47450,2
Train,47451,6
Train,47452,2
Train,47453,1
Train,47454,6
Train,47455,7
Train,47456,0
Train,47457,1
Train,47458,0
Train,47459,7
Train,47460,7
Train,47461,9
Train,47462,3
Train,47463,5
Train,47464,6
Train,47465,6
Train,47466,7
Train,47467,3
Train,47468,0
Train,47469,9
Train,47470,1
Train,47471,6
Train,47472,6
Train,47473,0
Train,47474,6
Train,47475,3
Train,47476,8
Train,47477,5
Train,47478,3
Train,47479,6
Train,47480,5
Train,47481,2
Train,47482,4
Train,47483,0
Train,47484,6
Train,47485,5
Train,47486,0
Train,47487,4
Train,47488,4
Train,47489,5
Train,47490,3
Train,47491,2
Train,47492,2
Train,47493,5
Train,47494,3
Train,47495,1
Train,47496,5
Train,47497,6
Train,47498,2
Train,47499,6
Train,47500,2
Train,47501,9
Train,47502,3
Train,47503,4
Train,47504,9
Train,47505,5
Train,47506,8
Train,47507,5
Train,47508,2
Train,47509,5
Train,47510,4
Train,47511,9
Train,47512,9
Train,47513,6
Train,47514,7
Train,47515,9
Train,47516,7
Train,47517,4
Train,47518,3
Train,47519,1
Train,47520,0
Train,47521,9
Train,47522,7
Train,47523,3
Train,47524,5
Train,47525,0
Train,47526,3
Train,47527,8
Train,47528,5
Train,47529,1
Train,47530,4
Train,47531,8
Train,47532,1
Train,47533,2
Train,47534,4
Train,47535,1
Train,47536,6
Train,47537,9
Train,47538,4
Train,47539,3
Train,47540,1
Train,47541,3
Train,47542,1
Train,47543,8
Train,47544,5
Train,47545,6
Train,47546,6
Train,47547,3
Train,47548,2
Train,47549,1
Train,47550,0
Train,47551,7
Train,47552,6
Train,47553,3
Train,47554,3
Train,47555,5
Train,47556,7
Train,47557,0
Train,47558,7
Train,47559,7
Train,47560,0
Train,47561,8
Train,47562,8
Train,47563,2
Train,47564,1
Train,47565,2
Train,47566,1
Train,47567,6
Train,47568,1
Train,47569,9
Train,47570,4
Train,47571,4
Train,47572,7
Train,47573,4
Train,47574,9
Train,47575,7
Train,47576,4
Train,47577,9
Train,47578,6
Train,47579,0
Train,47580,6
Train,47581,0
Train,47582,1
Train,47583,9
Train,47584,2
Train,47585,0
Train,47586,3
Train,47587,2
Train,47588,1
Train,47589,2
Train,47590,7
Train,47591,4
Train,47592,9
Train,47593,2
Train,47594,2
Train,47595,6
Train,47596,8
Train,47597,8
Train,47598,7
Train,47599,0
Train,47600,6
Train,47601,2
Train,47602,5
Train,47603,3
Train,47604,7
Train,47605,4
Train,47606,1
Train,47607,7
Train,47608,8
Train,47609,8
Train,47610,8
Train,47611,4
Train,47612,8
Train,47613,4
Train,47614,9
Train,47615,8
Train,47616,1
Train,47617,0
Train,47618,1
Train,47619,9
Train,47620,5
Train,47621,5
Train,47622,4
Train,47623,4
Train,47624,6
Train,47625,5
Train,47626,4
Train,47627,6
Train,47628,8
Train,47629,5
Train,47630,4
Train,47631,2
Train,47632,2
Train,47633,1
Train,47634,6
Train,47635,8
Train,47636,9
Train,47637,9
Train,47638,7
Train,47639,1
Train,47640,6
Train,47641,9
Train,47642,1
Train,47643,3
Train,47644,4
Train,47645,0
Train,47646,8
Train,47647,5
Train,47648,9
Train,47649,6
Train,47650,6
Train,47651,0
Train,47652,8
Train,47653,6
Train,47654,3
Train,47655,8
Train,47656,9
Train,47657,7
Train,47658,8
Train,47659,5
Train,47660,9
Train,47661,5
Train,47662,5
Train,47663,9
Train,47664,4
Train,47665,7
Train,47666,3
Train,47667,3
Train,47668,2
Train,47669,8
Train,47670,1
Train,47671,6
Train,47672,5
Train,47673,7
Train,47674,2
Train,47675,2
Train,47676,0
Train,47677,0
Train,47678,0
Train,47679,8
Train,47680,1
Train,47681,3
Train,47682,7
Train,47683,3
Train,47684,3
Train,47685,0
Train,47686,1
Train,47687,9
Train,47688,5
Train,47689,0
Train,47690,9
Train,47691,0
Train,47692,9
Train,47693,0
Train,47694,8
Train,47695,2
Train,47696,7
Train,47697,9
Train,47698,2
Train,47699,9
Train,47700,9
Train,47701,1
Train,47702,3
Train,47703,1
Train,47704,1
Train,47705,3
Train,47706,1
Train,47707,6
Train,47708,8
Train,47709,9
Train,47710,2
Train,47711,0
Train,47712,6
Train,47713,8
Train,47714,5
Train,47715,9
Train,47716,4
Train,47717,3
Train,47718,2
Train,47719,2
Train,47720,5
Train,47721,3
Train,47722,3
Train,47723,8
Train,47724,7
Train,47725,5
Train,47726,0
Train,47727,2
Train,47728,6
Train,47729,5
Train,47730,2
Train,47731,7
Train,47732,5
Train,47733,8
Train,47734,6
Train,47735,4
Train,47736,3
Train,47737,3
Train,47738,4
Train,47739,5
Train,47740,0
Train,47741,3
Train,47742,2
Train,47743,9
Train,47744,8
Train,47745,1
Train,47746,8
Train,47747,7
Train,47748,7
Train,47749,1
Train,47750,2
Train,47751,8
Train,47752,6
Train,47753,5
Train,47754,0
Train,47755,9
Train,47756,6
Train,47757,5
Train,47758,8
Train,47759,9
Train,47760,6
Train,47761,1
Train,47762,8
Train,47763,0
Train,47764,6
Train,47765,9
Train,47766,0
Train,47767,9
Train,47768,5
Train,47769,5
Train,47770,8
Train,47771,0
Train,47772,1
Train,47773,5
Train,47774,1
Train,47775,3
Train,47776,8
Train,47777,7
Train,47778,5
Train,47779,1
Train,47780,8
Train,47781,5
Train,47782,8
Train,47783,5
Train,47784,8
Train,47785,9
Train,47786,5
Train,47787,9
Train,47788,3
Train,47789,9
Train,47790,6
Train,47791,8
Train,47792,6
Train,47793,8
Train,47794,7
Train,47795,4
Train,47796,4
Train,47797,3
Train,47798,4
Train,47799,0
Train,47800,2
Train,47801,3
Train,47802,0
Train,47803,2
Train,47804,3
Train,47805,0
Train,47806,8
Train,47807,8
Train,47808,2
Train,47809,6
Train,47810,5
Train,47811,6
Train,47812,3
Train,47813,4
Train,47814,8
Train,47815,5
Train,47816,2
Train,47817,7
Train,47818,8
Train,47819,3
Train,47820,5
Train,47821,6
Train,47822,8
Train,47823,3
Train,47824,1
Train,47825,8
Train,47826,2
Train,47827,8
Train,47828,7
Train,47829,8
Train,47830,3
Train,47831,9
Train,47832,8
Train,47833,6
Train,47834,0
Train,47835,7
Train,47836,1
Train,47837,4
Train,47838,3
Train,47839,1
Train,47840,3
Train,47841,9
Train,47842,8
Train,47843,8
Train,47844,7
Train,47845,1
Train,47846,2
Train,47847,5
Train,47848,3
Train,47849,0
Train,47850,2
Train,47851,3
Train,47852,0
Train,47853,2
Train,47854,8
Train,47855,4
Train,47856,7
Train,47857,4
Train,47858,6
Train,47859,4
Train,47860,8
Train,47861,4
Train,47862,0
Train,47863,1
Train,47864,7
Train,47865,0
Train,47866,3
Train,47867,4
Train,47868,4
Train,47869,4
Train,47870,6
Train,47871,8
Train,47872,2
Train,47873,6
Train,47874,6
Train,47875,9
Train,47876,9
Train,47877,8
Train,47878,6
Train,47879,8
Train,47880,7
Train,47881,8
Train,47882,0
Train,47883,4
Train,47884,5
Train,47885,2
Train,47886,8
Train,47887,7
Train,47888,6
Train,47889,8
Train,47890,7
Train,47891,4
Train,47892,3
Train,47893,5
Train,47894,8
Train,47895,9
Train,47896,9
Train,47897,3
Train,47898,7
Train,47899,5
Train,47900,1
Train,47901,3
Train,47902,3
Train,47903,2
Train,47904,2
Train,47905,5
Train,47906,0
Train,47907,4
Train,47908,4
Train,47909,4
Train,47910,2
Train,47911,5
Train,47912,0
Train,47913,5
Train,47914,6
Train,47915,3
Train,47916,0
Train,47917,4
Train,47918,3
Train,47919,5
Train,47920,5
Train,47921,4
Train,47922,4
Train,47923,7
Train,47924,7
Train,47925,0
Train,47926,1
Train,47927,9
Train,47928,4
Train,47929,5
Train,47930,1
Train,47931,0
Train,47932,2
Train,47933,3
Train,47934,6
Train,47935,2
Train,47936,2
Train,47937,6
Train,47938,5
Train,47939,1
Train,47940,2
Train,47941,7
Train,47942,3
Train,47943,0
Train,47944,9
Train,47945,8
Train,47946,0
Train,47947,8
Train,47948,2
Train,47949,5
Train,47950,3
Train,47951,4
Train,47952,5
Train,47953,6
Train,47954,5
Train,47955,1
Train,47956,2
Train,47957,2
Train,47958,2
Train,47959,9
Train,47960,8
Train,47961,6
Train,47962,6
Train,47963,3
Train,47964,5
Train,47965,6
Train,47966,0
Train,47967,9
Train,47968,1
Train,47969,0
Train,47970,3
Train,47971,8
Train,47972,4
Train,47973,3
Train,47974,8
Train,47975,4
Train,47976,6
Train,47977,5
Train,47978,8
Train,47979,6
Train,47980,1
Train,47981,0
Train,47982,3
Train,47983,7
Train,47984,6
Train,47985,9
Train,47986,8
Train,47987,1
Train,47988,5
Train,47989,1
Train,47990,8
Train,47991,0
Train,47992,8
Train,47993,8
Train,47994,0
Train,47995,3
Train,47996,7
Train,47997,3
Train,47998,3
Train,47999,8
Train,48000,1
Train,48001,0
Train,48002,2
Train,48003,1
Train,48004,5
Train,48005,3
Train,48006,5
Train,48007,3
Train,48008,4
Train,48009,0
Train,48010,5
Train,48011,5
Train,48012,2
Train,48013,0
Train,48014,2
Train,48015,2
Train,48016,4
Train,48017,9
Train,48018,4
Train,48019,3
Train,48020,7
Train,48021,1
Train,48022,6
Train,48023,4
Train,48024,0
Train,48025,2
Train,48026,0
Train,48027,6
Train,48028,3
Train,48029,7
Train,48030,1
Train,48031,9
Train,48032,0
Train,48033,9
Train,48034,9
Train,48035,7
Train,48036,1
Train,48037,3
Train,48038,4
Train,48039,3
Train,48040,3
Train,48041,7
Train,48042,8
Train,48043,6
Train,48044,8
Train,48045,3
Train,48046,4
Train,48047,6
Train,48048,5
Train,48049,6
Train,48050,5
Train,48051,9
Train,48052,3
Train,48053,1
Train,48054,0
Train,48055,7
Train,48056,5
Train,48057,6
Train,48058,3
Train,48059,0
Train,48060,7
Train,48061,9
Train,48062,3
Train,48063,3
Train,48064,2
Train,48065,6
Train,48066,7
Train,48067,6
Train,48068,4
Train,48069,0
Train,48070,6
Train,48071,0
Train,48072,6
Train,48073,2
Train,48074,2
Train,48075,1
Train,48076,8
Train,48077,5
Train,48078,1
Train,48079,6
Train,48080,4
Train,48081,8
Train,48082,2
Train,48083,5
Train,48084,9
Train,48085,3
Train,48086,1
Train,48087,4
Train,48088,3
Train,48089,2
Train,48090,2
Train,48091,4
Train,48092,2
Train,48093,2
Train,48094,0
Train,48095,2
Train,48096,0
Train,48097,3
Train,48098,9
Train,48099,7
Train,48100,0
Train,48101,2
Train,48102,2
Train,48103,6
Train,48104,7
Train,48105,0
Train,48106,9
Train,48107,8
Train,48108,0
Train,48109,0
Train,48110,5
Train,48111,7
Train,48112,3
Train,48113,1
Train,48114,5
Train,48115,1
Train,48116,9
Train,48117,2
Train,48118,3
Train,48119,0
Train,48120,8
Train,48121,9
Train,48122,1
Train,48123,9
Train,48124,8
Train,48125,8
Train,48126,9
Train,48127,8
Train,48128,1
Train,48129,9
Train,48130,0
Train,48131,3
Train,48132,3
Train,48133,8
Train,48134,3
Train,48135,5
Train,48136,0
Train,48137,2
Train,48138,1
Train,48139,5
Train,48140,9
Train,48141,1
Train,48142,6
Train,48143,4
Train,48144,3
Train,48145,0
Train,48146,2
Train,48147,0
Train,48148,0
Train,48149,7
Train,48150,9
Train,48151,9
Train,48152,9
Train,48153,7
Train,48154,6
Train,48155,5
Train,48156,8
Train,48157,3
Train,48158,8
Train,48159,4
Train,48160,6
Train,48161,5
Train,48162,3
Train,48163,4
Train,48164,8
Train,48165,9
Train,48166,7
Train,48167,6
Train,48168,8
Train,48169,2
Train,48170,3
Train,48171,9
Train,48172,4
Train,48173,1
Train,48174,0
Train,48175,8
Train,48176,6
Train,48177,7
Train,48178,9
Train,48179,4
Train,48180,7
Train,48181,5
Train,48182,1
Train,48183,3
Train,48184,6
Train,48185,1
Train,48186,3
Train,48187,0
Train,48188,6
Train,48189,5
Train,48190,6
Train,48191,4
Train,48192,9
Train,48193,5
Train,48194,2
Train,48195,4
Train,48196,9
Train,48197,0
Train,48198,7
Train,48199,5
Train,48200,3
Train,48201,6
Train,48202,4
Train,48203,6
Train,48204,7
Train,48205,2
Train,48206,6
Train,48207,5
Train,48208,5
Train,48209,0
Train,48210,9
Train,48211,4
Train,48212,0
Train,48213,8
Train,48214,6
Train,48215,1
Train,48216,4
Train,48217,0
Train,48218,6
Train,48219,7
Train,48220,5
Train,48221,4
Train,48222,2
Train,48223,4
Train,48224,1
Train,48225,8
Train,48226,9
Train,48227,8
Train,48228,4
Train,48229,6
Train,48230,6
Train,48231,9
Train,48232,2
Train,48233,3
Train,48234,1
Train,48235,4
Train,48236,7
Train,48237,7
Train,48238,9
Train,48239,0
Train,48240,5
Train,48241,6
Train,48242,2
Train,48243,3
Train,48244,2
Train,48245,5
Train,48246,0
Train,48247,8
Train,48248,3
Train,48249,8
Train,48250,2
Train,48251,2
Train,48252,0
Train,48253,8
Train,48254,0
Train,48255,7
Train,48256,7
Train,48257,0
Train,48258,7
Train,48259,2
Train,48260,9
Train,48261,8
Train,48262,3
Train,48263,1
Train,48264,1
Train,48265,7
Train,48266,0
Train,48267,6
Train,48268,9
Train,48269,1
Train,48270,2
Train,48271,8
Train,48272,7
Train,48273,8
Train,48274,5
Train,48275,1
Train,48276,9
Train,48277,6
Train,48278,9
Train,48279,1
Train,48280,0
Train,48281,8
Train,48282,2
Train,48283,7
Train,48284,9
Train,48285,3
Train,48286,8
Train,48287,2
Train,48288,2
Train,48289,0
Train,48290,2
Train,48291,0
Train,48292,9
Train,48293,1
Train,48294,1
Train,48295,0
Train,48296,3
Train,48297,8
Train,48298,6
Train,48299,8
Train,48300,2
Train,48301,5
Train,48302,5
Train,48303,5
Train,48304,7
Train,48305,4
Train,48306,3
Train,48307,7
Train,48308,9
Train,48309,4
Train,48310,1
Train,48311,8
Train,48312,1
Train,48313,9
Train,48314,2
Train,48315,3
Train,48316,8
Train,48317,0
Train,48318,0
Train,48319,5
Train,48320,8
Train,48321,2
Train,48322,1
Train,48323,2
Train,48324,0
Train,48325,6
Train,48326,3
Train,48327,0
Train,48328,5
Train,48329,9
Train,48330,5
Train,48331,3
Train,48332,9
Train,48333,8
Train,48334,4
Train,48335,8
Train,48336,8
Train,48337,6
Train,48338,4
Train,48339,9
Train,48340,9
Train,48341,5
Train,48342,8
Train,48343,7
Train,48344,2
Train,48345,9
Train,48346,3
Train,48347,0
Train,48348,2
Train,48349,7
Train,48350,0
Train,48351,4
Train,48352,6
Train,48353,9
Train,48354,2
Train,48355,0
Train,48356,5
Train,48357,7
Train,48358,1
Train,48359,0
Train,48360,4
Train,48361,6
Train,48362,5
Train,48363,0
Train,48364,2
Train,48365,2
Train,48366,2
Train,48367,4
Train,48368,3
Train,48369,6
Train,48370,2
Train,48371,9
Train,48372,8
Train,48373,6
Train,48374,8
Train,48375,1
Train,48376,3
Train,48377,3
Train,48378,0
Train,48379,8
Train,48380,8
Train,48381,5
Train,48382,7
Train,48383,5
Train,48384,2
Train,48385,9
Train,48386,7
Train,48387,9
Train,48388,2
Train,48389,0
Train,48390,3
Train,48391,2
Train,48392,2
Train,48393,8
Train,48394,4
Train,48395,5
Train,48396,6
Train,48397,5
Train,48398,5
Train,48399,4
Train,48400,6
Train,48401,6
Train,48402,3
Train,48403,5
Train,48404,2
Train,48405,9
Train,48406,6
Train,48407,4
Train,48408,9
Train,48409,3
Train,48410,3
Train,48411,5
Train,48412,5
Train,48413,4
Train,48414,2
Train,48415,0
Train,48416,0
Train,48417,2
Train,48418,5
Train,48419,0
Train,48420,7
Train,48421,5
Train,48422,5
Train,48423,7
Train,48424,0
Train,48425,4
Train,48426,3
Train,48427,2
Train,48428,0
Train,48429,4
Train,48430,0
Train,48431,9
Train,48432,8
Train,48433,4
Train,48434,9
Train,48435,9
Train,48436,7
Train,48437,5
Train,48438,7
Train,48439,9
Train,48440,8
Train,48441,1
Train,48442,9
Train,48443,3
Train,48444,5
Train,48445,8
Train,48446,6
Train,48447,4
Train,48448,6
Train,48449,9
Train,48450,9
Train,48451,9
Train,48452,3
Train,48453,7
Train,48454,5
Train,48455,9
Train,48456,7
Train,48457,8
Train,48458,0
Train,48459,8
Train,48460,6
Train,48461,9
Train,48462,8
Train,48463,6
Train,48464,7
Train,48465,1
Train,48466,7
Train,48467,7
Train,48468,9
Train,48469,8
Train,48470,0
Train,48471,9
Train,48472,2
Train,48473,6
Train,48474,5
Train,48475,8
Train,48476,0
Train,48477,5
Train,48478,4
Train,48479,3
Train,48480,2
Train,48481,8
Train,48482,2
Train,48483,6
Train,48484,4
Train,48485,0
Train,48486,7
Train,48487,7
Train,48488,4
Train,48489,0
Train,48490,7
Train,48491,8
Train,48492,0
Train,48493,2
Train,48494,3
Train,48495,5
Train,48496,1
Train,48497,6
Train,48498,2
Train,48499,2
Train,48500,8
Train,48501,2
Train,48502,4
Train,48503,9
Train,48504,2
Train,48505,4
Train,48506,3
Train,48507,3
Train,48508,0
Train,48509,9
Train,48510,5
Train,48511,6
Train,48512,6
Train,48513,4
Train,48514,0
Train,48515,1
Train,48516,0
Train,48517,3
Train,48518,2
Train,48519,6
Train,48520,0
Train,48521,4
Train,48522,2
Train,48523,7
Train,48524,3
Train,48525,6
Train,48526,6
Train,48527,7
Train,48528,1
Train,48529,4
Train,48530,2
Train,48531,2
Train,48532,6
Train,48533,4
Train,48534,8
Train,48535,5
Train,48536,3
Train,48537,5
Train,48538,4
Train,48539,1
Train,48540,3
Train,48541,8
Train,48542,6
Train,48543,3
Train,48544,9
Train,48545,2
Train,48546,0
Train,48547,2
Train,48548,7
Train,48549,2
Train,48550,8
Train,48551,7
Train,48552,8
Train,48553,2
Train,48554,0
Train,48555,5
Train,48556,0
Train,48557,0
Train,48558,8
Train,48559,9
Train,48560,0
Train,48561,3
Train,48562,8
Train,48563,4
Train,48564,1
Train,48565,6
Train,48566,5
Train,48567,7
Train,48568,9
Train,48569,8
Train,48570,1
Train,48571,5
Train,48572,3
Train,48573,5
Train,48574,1
Train,48575,6
Train,48576,7
Train,48577,9
Train,48578,7
Train,48579,7
Train,48580,0
Train,48581,7
Train,48582,6
Train,48583,8
Train,48584,1
Train,48585,3
Train,48586,7
Train,48587,0
Train,48588,4
Train,48589,2
Train,48590,9
Train,48591,4
Train,48592,3
Train,48593,6
Train,48594,2
Train,48595,1
Train,48596,7
Train,48597,8
Train,48598,2
Train,48599,3
Train,48600,6
Train,48601,3
Train,48602,8
Train,48603,1
Train,48604,8
Train,48605,4
Train,48606,9
Train,48607,6
Train,48608,2
Train,48609,3
Train,48610,1
Train,48611,8
Train,48612,1
Train,48613,4
Train,48614,3
Train,48615,9
Train,48616,4
Train,48617,1
Train,48618,0
Train,48619,6
Train,48620,7
Train,48621,4
Train,48622,9
Train,48623,9
Train,48624,5
Train,48625,5
Train,48626,9
Train,48627,6
Train,48628,2
Train,48629,3
Train,48630,5
Train,48631,1
Train,48632,5
Train,48633,9
Train,48634,4
Train,48635,0
Train,48636,1
Train,48637,4
Train,48638,3
Train,48639,1
Train,48640,1
Train,48641,8
Train,48642,7
Train,48643,0
Train,48644,1
Train,48645,5
Train,48646,9
Train,48647,8
Train,48648,9
Train,48649,7
Train,48650,6
Train,48651,2
Train,48652,9
Train,48653,0
Train,48654,9
Train,48655,1
Train,48656,1
Train,48657,3
Train,48658,6
Train,48659,6
Train,48660,5
Train,48661,7
Train,48662,9
Train,48663,0
Train,48664,6
Train,48665,6
Train,48666,5
Train,48667,1
Train,48668,8
Train,48669,1
Train,48670,8
Train,48671,0
Train,48672,9
Train,48673,5
Train,48674,5
Train,48675,1
Train,48676,2
Train,48677,0
Train,48678,8
Train,48679,7
Train,48680,9
Train,48681,1
Train,48682,9
Train,48683,5
Train,48684,7
Train,48685,5
Train,48686,3
Train,48687,0
Train,48688,7
Train,48689,4
Train,48690,8
Train,48691,0
Train,48692,2
Train,48693,5
Train,48694,2
Train,48695,7
Train,48696,9
Train,48697,7
Train,48698,8
Train,48699,4
Train,48700,8
Train,48701,5
Train,48702,2
Train,48703,2
Train,48704,5
Train,48705,9
Train,48706,1
Train,48707,4
Train,48708,5
Train,48709,1
Train,48710,6
Train,48711,5
Train,48712,2
Train,48713,9
Train,48714,7
Train,48715,5
Train,48716,4
Train,48717,7
Train,48718,9
Train,48719,3
Train,48720,7
Train,48721,2
Train,48722,3
Train,48723,6
Train,48724,5
Train,48725,8
Train,48726,8
Train,48727,7
Train,48728,1
Train,48729,0
Train,48730,5
Train,48731,4
Train,48732,7
Train,48733,2
Train,48734,9
Train,48735,2
Train,48736,5
Train,48737,8
Train,48738,4
Train,48739,2
Train,48740,1
Train,48741,7
Train,48742,3
Train,48743,9
Train,48744,8
Train,48745,2
Train,48746,1
Train,48747,6
Train,48748,0
Train,48749,1
Train,48750,5
Train,48751,9
Train,48752,8
Train,48753,6
Train,48754,5
Train,48755,8
Train,48756,8
Train,48757,8
Train,48758,3
Train,48759,7
Train,48760,4
Train,48761,3
Train,48762,3
Train,48763,3
Train,48764,2
Train,48765,6
Train,48766,9
Train,48767,7
Train,48768,3
Train,48769,9
Train,48770,6
Train,48771,6
Train,48772,3
Train,48773,7
Train,48774,8
Train,48775,5
Train,48776,3
Train,48777,0
Train,48778,0
Train,48779,2
Train,48780,4
Train,48781,4
Train,48782,0
Train,48783,2
Train,48784,2
Train,48785,5
Train,48786,5
Train,48787,4
Train,48788,0
Train,48789,6
Train,48790,2
Train,48791,1
Train,48792,0
Train,48793,8
Train,48794,8
Train,48795,6
Train,48796,4
Train,48797,5
Train,48798,3
Train,48799,1
Train,48800,2
Train,48801,4
Train,48802,6
Train,48803,7
Train,48804,6
Train,48805,8
Train,48806,1
Train,48807,4
Train,48808,3
Train,48809,9
Train,48810,9
Train,48811,7
Train,48812,4
Train,48813,7
Train,48814,3
Train,48815,7
Train,48816,9
Train,48817,5
Train,48818,1
Train,48819,6
Train,48820,1
Train,48821,8
Train,48822,5
Train,48823,7
Train,48824,4
Train,48825,4
Train,48826,7
Train,48827,9
Train,48828,5
Train,48829,7
Train,48830,3
Train,48831,2
Train,48832,5
Train,48833,2
Train,48834,3
Train,48835,2
Train,48836,8
Train,48837,7
Train,48838,8
Train,48839,9
Train,48840,1
Train,48841,6
Train,48842,0
Train,48843,5
Train,48844,0
Train,48845,1
Train,48846,3
Train,48847,0
Train,48848,7
Train,48849,3
Train,48850,0
Train,48851,0
Train,48852,0
Train,48853,7
Train,48854,6
Train,48855,6
Train,48856,0
Train,48857,7
Train,48858,7
Train,48859,0
Train,48860,4
Train,48861,0
Train,48862,4
Train,48863,9
Train,48864,8
Train,48865,7
Train,48866,6
Train,48867,3
Train,48868,9
Train,48869,0
Train,48870,2
Train,48871,8
Train,48872,8
Train,48873,2
Train,48874,8
Train,48875,4
Train,48876,4
Train,48877,8
Train,48878,4
Train,48879,4
Train,48880,3
Train,48881,4
Train,48882,5
Train,48883,5
Train,48884,4
Train,48885,2
Train,48886,6
Train,48887,9
Train,48888,6
Train,48889,4
Train,48890,5
Train,48891,0
Train,48892,4
Train,48893,2
Train,48894,2
Train,48895,6
Train,48896,4
Train,48897,6
Train,48898,1
Train,48899,1
Train,48900,5
Train,48901,1
Train,48902,4
Train,48903,7
Train,48904,6
Train,48905,8
Train,48906,2
Train,48907,3
Train,48908,0
Train,48909,3
Train,48910,5
Train,48911,8
Train,48912,3
Train,48913,6
Train,48914,3
Train,48915,1
Train,48916,9
Train,48917,1
Train,48918,7
Train,48919,9
Train,48920,8
Train,48921,9
Train,48922,2
Train,48923,7
Train,48924,0
Train,48925,6
Train,48926,0
Train,48927,7
Train,48928,3
Train,48929,6
Train,48930,0
Train,48931,3
Train,48932,6
Train,48933,3
Train,48934,5
Train,48935,5
Train,48936,8
Train,48937,4
Train,48938,7
Train,48939,0
Train,48940,6
Train,48941,6
Train,48942,6
Train,48943,8
Train,48944,2
Train,48945,4
Train,48946,3
Train,48947,6
Train,48948,7
Train,48949,9
Train,48950,4
Train,48951,2
Train,48952,3
Train,48953,8
Train,48954,1
Train,48955,4
Train,48956,6
Train,48957,3
Train,48958,0
Train,48959,8
Train,48960,7
Train,48961,4
Train,48962,1
Train,48963,9
Train,48964,8
Train,48965,8
Train,48966,3
Train,48967,5
Train,48968,0
Train,48969,4
Train,48970,1
Train,48971,0
Train,48972,1
Train,48973,2
Train,48974,6
Train,48975,1
Train,48976,3
Train,48977,6
Train,48978,0
Train,48979,0
Train,48980,5
Train,48981,6
Train,48982,9
Train,48983,6
Train,48984,8
Train,48985,4
Train,48986,0
Train,48987,9
Train,48988,2
Train,48989,2
Train,48990,8
Train,48991,5
Train,48992,5
Train,48993,3
Train,48994,2
Train,48995,1
Train,48996,9
Train,48997,4
Train,48998,9
Train,48999,3
Train,49000,8
Train,49001,9
Train,49002,4
Train,49003,9
Train,49004,0
Train,49005,5
Train,49006,0
Train,49007,8
Train,49008,2
Train,49009,3
Train,49010,7
Train,49011,8
Train,49012,9
Train,49013,4
Train,49014,5
Train,49015,3
Train,49016,2
Train,49017,5
Train,49018,0
Train,49019,7
Train,49020,2
Train,49021,1
Train,49022,1
Train,49023,4
Train,49024,4
Train,49025,8
Train,49026,9
Train,49027,4
Train,49028,6
Train,49029,9
Train,49030,4
Train,49031,9
Train,49032,3
Train,49033,5
Train,49034,6
Train,49035,9
Train,49036,9
Train,49037,7
Train,49038,7
Train,49039,6
Train,49040,1
Train,49041,6
Train,49042,8
Train,49043,8
Train,49044,3
Train,49045,1
Train,49046,6
Train,49047,7
Train,49048,7
Train,49049,2
Train,49050,0
Train,49051,7
Train,49052,5
Train,49053,2
Train,49054,3
Train,49055,4
Train,49056,6
Train,49057,9
Train,49058,7
Train,49059,6
Train,49060,1
Train,49061,6
Train,49062,6
Train,49063,7
Train,49064,9
Train,49065,9
Train,49066,1
Train,49067,0
Train,49068,2
Train,49069,2
Train,49070,5
Train,49071,7
Train,49072,9
Train,49073,9
Train,49074,9
Train,49075,1
Train,49076,6
Train,49077,4
Train,49078,3
Train,49079,3
Train,49080,1
Train,49081,3
Train,49082,6
Train,49083,3
Train,49084,1
Train,49085,1
Train,49086,9
Train,49087,9
Train,49088,6
Train,49089,3
Train,49090,8
Train,49091,0
Train,49092,0
Train,49093,2
Train,49094,6
Train,49095,6
Train,49096,1
Train,49097,4
Train,49098,4
Train,49099,2
Train,49100,0
Train,49101,2
Train,49102,8
Train,49103,7
Train,49104,2
Train,49105,5
Train,49106,2
Train,49107,0
Train,49108,8
Train,49109,7
Train,49110,6
Train,49111,5
Train,49112,9
Train,49113,5
Train,49114,4
Train,49115,8
Train,49116,7
Train,49117,3
Train,49118,5
Train,49119,6
Train,49120,5
Train,49121,1
Train,49122,1
Train,49123,9
Train,49124,9
Train,49125,9
Train,49126,7
Train,49127,8
Train,49128,0
Train,49129,6
Train,49130,0
Train,49131,3
Train,49132,7
Train,49133,7
Train,49134,8
Train,49135,6
Train,49136,1
Train,49137,1
Train,49138,4
Train,49139,7
Train,49140,3
Train,49141,7
Train,49142,3
Train,49143,3
Train,49144,8
Train,49145,6
Train,49146,3
Train,49147,9
Train,49148,1
Train,49149,0
Train,49150,1
Train,49151,1
Train,49152,8
Train,49153,2
Train,49154,4
Train,49155,5
Train,49156,2
Train,49157,3
Train,49158,9
Train,49159,2
Train,49160,8
Train,49161,8
Train,49162,7
Train,49163,1
Train,49164,0
Train,49165,8
Train,49166,8
Train,49167,9
Train,49168,0
Train,49169,0
Train,49170,3
Train,49171,6
Train,49172,5
Train,49173,1
Train,49174,0
Train,49175,7
Train,49176,0
Train,49177,8
Train,49178,3
Train,49179,2
Train,49180,8
Train,49181,9
Train,49182,8
Train,49183,7
Train,49184,8
Train,49185,5
Train,49186,1
Train,49187,4
Train,49188,5
Train,49189,0
Train,49190,3
Train,49191,8
Train,49192,6
Train,49193,9
Train,49194,9
Train,49195,8
Train,49196,1
Train,49197,3
Train,49198,7
Train,49199,4
Train,49200,6
Train,49201,8
Train,49202,7
Train,49203,7
Train,49204,4
Train,49205,0
Train,49206,9
Train,49207,4
Train,49208,9
Train,49209,6
Train,49210,6
Train,49211,9
Train,49212,6
Train,49213,4
Train,49214,6
Train,49215,5
Train,49216,8
Train,49217,9
Train,49218,3
Train,49219,0
Train,49220,8
Train,49221,1
Train,49222,3
Train,49223,3
Train,49224,2
Train,49225,1
Train,49226,7
Train,49227,3
Train,49228,9
Train,49229,7
Train,49230,1
Train,49231,7
Train,49232,1
Train,49233,3
Train,49234,1
Train,49235,8
Train,49236,0
Train,49237,4
Train,49238,9
Train,49239,1
Train,49240,3
Train,49241,7
Train,49242,5
Train,49243,4
Train,49244,9
Train,49245,0
Train,49246,7
Train,49247,8
Train,49248,2
Train,49249,9
Train,49250,8
Train,49251,4
Train,49252,4
Train,49253,8
Train,49254,5
Train,49255,0
Train,49256,2
Train,49257,8
Train,49258,8
Train,49259,5
Train,49260,9
Train,49261,6
Train,49262,7
Train,49263,0
Train,49264,7
Train,49265,6
Train,49266,9
Train,49267,5
Train,49268,2
Train,49269,1
Train,49270,7
Train,49271,5
Train,49272,7
Train,49273,3
Train,49274,2
Train,49275,2
Train,49276,0
Train,49277,7
Train,49278,9
Train,49279,6
Train,49280,3
Train,49281,7
Train,49282,2
Train,49283,1
Train,49284,9
Train,49285,6
Train,49286,1
Train,49287,9
Train,49288,5
Train,49289,6
Train,49290,2
Train,49291,8
Train,49292,4
Train,49293,7
Train,49294,5
Train,49295,9
Train,49296,6
Train,49297,2
Train,49298,3
Train,49299,3
Train,49300,9
Train,49301,5
Train,49302,6
Train,49303,0
Train,49304,5
Train,49305,6
Train,49306,3
Train,49307,6
Train,49308,0
Train,49309,7
Train,49310,7
Train,49311,6
Train,49312,6
Train,49313,1
Train,49314,1
Train,49315,5
Train,49316,5
Train,49317,4
Train,49318,4
Train,49319,3
Train,49320,6
Train,49321,8
Train,49322,3
Train,49323,7
Train,49324,5
Train,49325,3
Train,49326,1
Train,49327,5
Train,49328,2
Train,49329,2
Train,49330,8
Train,49331,2
Train,49332,7
Train,49333,5
Train,49334,5
Train,49335,7
Train,49336,3
Train,49337,1
Train,49338,9
Train,49339,0
Train,49340,0
Train,49341,7
Train,49342,2
Train,49343,6
Train,49344,0
Train,49345,1
Train,49346,0
Train,49347,8
Train,49348,1
Train,49349,0
Train,49350,7
Train,49351,6
Train,49352,4
Train,49353,6
Train,49354,1
Train,49355,4
Train,49356,1
Train,49357,2
Train,49358,8
Train,49359,0
Train,49360,9
Train,49361,6
Train,49362,1
Train,49363,7
Train,49364,6
Train,49365,4
Train,49366,3
Train,49367,3
Train,49368,3
Train,49369,9
Train,49370,9
Train,49371,0
Train,49372,8
Train,49373,0
Train,49374,8
Train,49375,0
Train,49376,1
Train,49377,7
Train,49378,8
Train,49379,8
Train,49380,5
Train,49381,1
Train,49382,6
Train,49383,1
Train,49384,3
Train,49385,9
Train,49386,3
Train,49387,0
Train,49388,8
Train,49389,8
Train,49390,4
Train,49391,7
Train,49392,1
Train,49393,8
Train,49394,6
Train,49395,2
Train,49396,7
Train,49397,2
Train,49398,9
Train,49399,5
Train,49400,8
Train,49401,1
Train,49402,4
Train,49403,9
Train,49404,6
Train,49405,9
Train,49406,6
Train,49407,7
Train,49408,3
Train,49409,1
Train,49410,0
Train,49411,1
Train,49412,6
Train,49413,7
Train,49414,4
Train,49415,8
Train,49416,1
Train,49417,9
Train,49418,6
Train,49419,2
Train,49420,0
Train,49421,4
Train,49422,5
Train,49423,0
Train,49424,3
Train,49425,9
Train,49426,1
Train,49427,9
Train,49428,5
Train,49429,8
Train,49430,3
Train,49431,5
Train,49432,2
Train,49433,6
Train,49434,8
Train,49435,1
Train,49436,1
Train,49437,5
Train,49438,1
Train,49439,0
Train,49440,6
Train,49441,0
Train,49442,9
Train,49443,3
Train,49444,3
Train,49445,8
Train,49446,8
Train,49447,1
Train,49448,3
Train,49449,2
Train,49450,2
Train,49451,7
Train,49452,5
Train,49453,9
Train,49454,7
Train,49455,5
Train,49456,7
Train,49457,2
Train,49458,2
Train,49459,6
Train,49460,9
Train,49461,9
Train,49462,6
Train,49463,3
Train,49464,6
Train,49465,8
Train,49466,3
Train,49467,5
Train,49468,3
Train,49469,1
Train,49470,7
Train,49471,2
Train,49472,5
Train,49473,8
Train,49474,5
Train,49475,4
Train,49476,7
Train,49477,9
Train,49478,3
Train,49479,8
Train,49480,4
Train,49481,3
Train,49482,5
Train,49483,1
Train,49484,5
Train,49485,7
Train,49486,1
Train,49487,1
Train,49488,4
Train,49489,1
Train,49490,0
Train,49491,1
Train,49492,3
Train,49493,5
Train,49494,1
Train,49495,5
Train,49496,6
Train,49497,0
Train,49498,0
Train,49499,3
Train,49500,3
Train,49501,8
Train,49502,9
Train,49503,1
Train,49504,4
Train,49505,1
Train,49506,4
Train,49507,0
Train,49508,5
Train,49509,1
Train,49510,0
Train,49511,0
Train,49512,6
Train,49513,0
Train,49514,5
Train,49515,4
Train,49516,6
Train,49517,0
Train,49518,4
Train,49519,5
Train,49520,9
Train,49521,8
Train,49522,5
Train,49523,5
Train,49524,7
Train,49525,0
Train,49526,1
Train,49527,2
Train,49528,0
Train,49529,7
Train,49530,0
Train,49531,5
Train,49532,8
Train,49533,6
Train,49534,9
Train,49535,0
Train,49536,2
Train,49537,6
Train,49538,2
Train,49539,1
Train,49540,9
Train,49541,5
Train,49542,8
Train,49543,8
Train,49544,3
Train,49545,3
Train,49546,9
Train,49547,5
Train,49548,5
Train,49549,2
Train,49550,6
Train,49551,8
Train,49552,5
Train,49553,8
Train,49554,1
Train,49555,0
Train,49556,0
Train,49557,0
Train,49558,2
Train,49559,0
Train,49560,2
Train,49561,1
Train,49562,1
Train,49563,3
Train,49564,4
Train,49565,5
Train,49566,1
Train,49567,8
Train,49568,8
Train,49569,1
Train,49570,8
Train,49571,8
Train,49572,1
Train,49573,2
Train,49574,3
Train,49575,4
Train,49576,3
Train,49577,5
Train,49578,7
Train,49579,5
Train,49580,9
Train,49581,6
Train,49582,3
Train,49583,9
Train,49584,6
Train,49585,1
Train,49586,4
Train,49587,1
Train,49588,1
Train,49589,1
Train,49590,1
Train,49591,8
Train,49592,7
Train,49593,1
Train,49594,1
Train,49595,4
Train,49596,9
Train,49597,4
Train,49598,4
Train,49599,3
Train,49600,3
Train,49601,9
Train,49602,3
Train,49603,6
Train,49604,1
Train,49605,4
Train,49606,7
Train,49607,6
Train,49608,4
Train,49609,3
Train,49610,7
Train,49611,9
Train,49612,5
Train,49613,1
Train,49614,3
Train,49615,0
Train,49616,1
Train,49617,2
Train,49618,3
Train,49619,3
Train,49620,7
Train,49621,6
Train,49622,4
Train,49623,6
Train,49624,6
Train,49625,8
Train,49626,3
Train,49627,7
Train,49628,0
Train,49629,1
Train,49630,7
Train,49631,8
Train,49632,3
Train,49633,0
Train,49634,9
Train,49635,0
Train,49636,6
Train,49637,9
Train,49638,5
Train,49639,6
Train,49640,7
Train,49641,0
Train,49642,9
Train,49643,1
Train,49644,5
Train,49645,4
Train,49646,3
Train,49647,5
Train,49648,7
Train,49649,5
Train,49650,7
Train,49651,0
Train,49652,1
Train,49653,6
Train,49654,8
Train,49655,6
Train,49656,0
Train,49657,8
Train,49658,1
Train,49659,7
Train,49660,0
Train,49661,5
Train,49662,9
Train,49663,1
Train,49664,9
Train,49665,5
Train,49666,2
Train,49667,6
Train,49668,3
Train,49669,4
Train,49670,9
Train,49671,0
Train,49672,0
Train,49673,7
Train,49674,1
Train,49675,5
Train,49676,1
Train,49677,8
Train,49678,2
Train,49679,8
Train,49680,5
Train,49681,8
Train,49682,5
Train,49683,2
Train,49684,2
Train,49685,4
Train,49686,2
Train,49687,4
Train,49688,9
Train,49689,7
Train,49690,4
Train,49691,3
Train,49692,3
Train,49693,2
Train,49694,9
Train,49695,7
Train,49696,8
Train,49697,8
Train,49698,6
Train,49699,4
Train,49700,2
Train,49701,3
Train,49702,1
Train,49703,5
Train,49704,6
Train,49705,1
Train,49706,7
Train,49707,5
Train,49708,6
Train,49709,5
Train,49710,2
Train,49711,0
Train,49712,8
Train,49713,3
Train,49714,5
Train,49715,5
Train,49716,1
Train,49717,0
Train,49718,4
Train,49719,4
Train,49720,5
Train,49721,2
Train,49722,5
Train,49723,0
Train,49724,2
Train,49725,2
Train,49726,3
Train,49727,4
Train,49728,7
Train,49729,5
Train,49730,2
Train,49731,7
Train,49732,9
Train,49733,1
Train,49734,0
Train,49735,0
Train,49736,2
Train,49737,7
Train,49738,7
Train,49739,0
Train,49740,4
Train,49741,3
Train,49742,3
Train,49743,4
Train,49744,8
Train,49745,7
Train,49746,8
Train,49747,6
Train,49748,1
Train,49749,4
Train,49750,9
Train,49751,4
Train,49752,8
Train,49753,5
Train,49754,6
Train,49755,2
Train,49756,2
Train,49757,8
Train,49758,4
Train,49759,1
Train,49760,7
Train,49761,0
Train,49762,3
Train,49763,7
Train,49764,8
Train,49765,7
Train,49766,9
Train,49767,8
Train,49768,1
Train,49769,1
Train,49770,3
Train,49771,6
Train,49772,7
Train,49773,3
Train,49774,7
Train,49775,3
Train,49776,6
Train,49777,1
Train,49778,8
Train,49779,9
Train,49780,9
Train,49781,2
Train,49782,8
Train,49783,9
Train,49784,2
Train,49785,9
Train,49786,3
Train,49787,1
Train,49788,8
Train,49789,8
Train,49790,3
Train,49791,3
Train,49792,3
Train,49793,9
Train,49794,7
Train,49795,1
Train,49796,7
Train,49797,5
Train,49798,6
Train,49799,0
Train,49800,2
Train,49801,7
Train,49802,2
Train,49803,5
Train,49804,6
Train,49805,4
Train,49806,4
Train,49807,3
Train,49808,6
Train,49809,7
Train,49810,5
Train,49811,7
Train,49812,4
Train,49813,6
Train,49814,7
Train,49815,7
Train,49816,9
Train,49817,2
Train,49818,6
Train,49819,3
Train,49820,1
Train,49821,8
Train,49822,3
Train,49823,9
Train,49824,4
Train,49825,3
Train,49826,5
Train,49827,8
Train,49828,8
Train,49829,6
Train,49830,8
Train,49831,9
Train,49832,3
Train,49833,9
Train,49834,6
Train,49835,3
Train,49836,6
Train,49837,0
Train,49838,8
Train,49839,3
Train,49840,3
Train,49841,7
Train,49842,9
Train,49843,7
Train,49844,9
Train,49845,5
Train,49846,7
Train,49847,1
Train,49848,5
Train,49849,1
Train,49850,7
Train,49851,8
Train,49852,8
Train,49853,6
Train,49854,6
Train,49855,3
Train,49856,0
Train,49857,8
Train,49858,2
Train,49859,5
Train,49860,9
Train,49861,8
Train,49862,6
Train,49863,0
Train,49864,9
Train,49865,8
Train,49866,5
Train,49867,5
Train,49868,0
Train,49869,0
Train,49870,2
Train,49871,1
Train,49872,3
Train,49873,1
Train,49874,6
Train,49875,1
Train,49876,8
Train,49877,2
Train,49878,9
Train,49879,9
Train,49880,9
Train,49881,2
Train,49882,5
Train,49883,5
Train,49884,5
Train,49885,7
Train,49886,1
Train,49887,8
Train,49888,2
Train,49889,9
Train,49890,5
Train,49891,0
Train,49892,6
Train,49893,7
Train,49894,1
Train,49895,4
Train,49896,3
Train,49897,8
Train,49898,4
Train,49899,8
Train,49900,3
Train,49901,3
Train,49902,4
Train,49903,7
Train,49904,9
Train,49905,8
Train,49906,3
Train,49907,7
Train,49908,9
Train,49909,6
Train,49910,8
Train,49911,9
Train,49912,7
Train,49913,1
Train,49914,2
Train,49915,8
Train,49916,8
Train,49917,9
Train,49918,3
Train,49919,1
Train,49920,5
Train,49921,0
Train,49922,3
Train,49923,6
Train,49924,8
Train,49925,7
Train,49926,9
Train,49927,5
Train,49928,6
Train,49929,6
Train,49930,0
Train,49931,9
Train,49932,1
Train,49933,1
Train,49934,3
Train,49935,7
Train,49936,8
Train,49937,1
Train,49938,5
Train,49939,7
Train,49940,3
Train,49941,0
Train,49942,7
Train,49943,7
Train,49944,3
Train,49945,9
Train,49946,4
Train,49947,4
Train,49948,6
Train,49949,6
Train,49950,4
Train,49951,4
Train,49952,6
Train,49953,8
Train,49954,4
Train,49955,8
Train,49956,2
Train,49957,5
Train,49958,3
Train,49959,1
Train,49960,8
Train,49961,7
Train,49962,6
Train,49963,9
Train,49964,5
Train,49965,7
Train,49966,6
Train,49967,8
Train,49968,8
Train,49969,2
Train,49970,3
Train,49971,9
Train,49972,2
Train,49973,1
Train,49974,4
Train,49975,3
Train,49976,8
Train,49977,1
Train,49978,7
Train,49979,3
Train,49980,5
Train,49981,4
Train,49982,3
Train,49983,3
Train,49984,4
Train,49985,8
Train,49986,7
Train,49987,2
Train,49988,5
Train,49989,1
Train,49990,4
Train,49991,2
Train,49992,0
Train,49993,1
Train,49994,0
Train,49995,2
Train,49996,6
Train,49997,9
Train,49998,1
Train,49999,1
Validation,50000,3
Validation,50001,8
Validation,50002,8
Validation,50003,0
Validation,50004,6
Validation,50005,6
Validation,50006,1
Validation,50007,6
Validation,50008,3
Validation,50009,1
Validation,50010,0
Validation,50011,9
Validation,50012,5
Validation,50013,7
Validation,50014,9
Validation,50015,8
Validation,50016,5
Validation,50017,7
Validation,50018,8
Validation,50019,6
Validation,50020,7
Validation,50021,0
Validation,50022,4
Validation,50023,9
Validation,50024,5
Validation,50025,2
Validation,50026,4
Validation,50027,0
Validation,50028,9
Validation,50029,6
Validation,50030,6
Validation,50031,5
Validation,50032,4
Validation,50033,5
Validation,50034,9
Validation,50035,2
Validation,50036,4
Validation,50037,1
Validation,50038,9
Validation,50039,5
Validation,50040,4
Validation,50041,6
Validation,50042,5
Validation,50043,6
Validation,50044,0
Validation,50045,9
Validation,50046,3
Validation,50047,9
Validation,50048,7
Validation,50049,6
Validation,50050,9
Validation,50051,8
Validation,50052,0
Validation,50053,3
Validation,50054,8
Validation,50055,8
Validation,50056,7
Validation,50057,7
Validation,50058,4
Validation,50059,6
Validation,50060,7
Validation,50061,3
Validation,50062,6
Validation,50063,3
Validation,50064,6
Validation,50065,2
Validation,50066,1
Validation,50067,2
Validation,50068,3
Validation,50069,7
Validation,50070,2
Validation,50071,6
Validation,50072,8
Validation,50073,8
Validation,50074,0
Validation,50075,2
Validation,50076,9
Validation,50077,3
Validation,50078,3
Validation,50079,8
Validation,50080,8
Validation,50081,1
Validation,50082,1
Validation,50083,7
Validation,50084,2
Validation,50085,5
Validation,50086,2
Validation,50087,7
Validation,50088,8
Validation,50089,9
Validation,50090,0
Validation,50091,3
Validation,50092,8
Validation,50093,6
Validation,50094,4
Validation,50095,6
Validation,50096,6
Validation,50097,0
Validation,50098,0
Validation,50099,7
Validation,50100,4
Validation,50101,5
Validation,50102,6
Validation,50103,3
Validation,50104,1
Validation,50105,1
Validation,50106,3
Validation,50107,6
Validation,50108,8
Validation,50109,7
Validation,50110,4
Validation,50111,0
Validation,50112,6
Validation,50113,2
Validation,50114,1
Validation,50115,3
Validation,50116,0
Validation,50117,4
Validation,50118,2
Validation,50119,7
Validation,50120,8
Validation,50121,3
Validation,50122,1
Validation,50123,2
Validation,50124,8
Validation,50125,0
Validation,50126,8
Validation,50127,3
Validation,50128,5
Validation,50129,2
Validation,50130,4
Validation,50131,1
Validation,50132,8
Validation,50133,9
Validation,50134,1
Validation,50135,2
Validation,50136,9
Validation,50137,7
Validation,50138,2
Validation,50139,9
Validation,50140,6
Validation,50141,5
Validation,50142,6
Validation,50143,3
Validation,50144,8
Validation,50145,7
Validation,50146,6
Validation,50147,2
Validation,50148,5
Validation,50149,2
Validation,50150,8
Validation,50151,9
Validation,50152,6
Validation,50153,0
Validation,50154,0
Validation,50155,5
Validation,50156,2
Validation,50157,9
Validation,50158,5
Validation,50159,4
Validation,50160,2
Validation,50161,1
Validation,50162,6
Validation,50163,6
Validation,50164,8
Validation,50165,4
Validation,50166,8
Validation,50167,4
Validation,50168,5
Validation,50169,0
Validation,50170,9
Validation,50171,9
Validation,50172,9
Validation,50173,8
Validation,50174,9
Validation,50175,9
Validation,50176,3
Validation,50177,7
Validation,50178,5
Validation,50179,0
Validation,50180,0
Validation,50181,5
Validation,50182,2
Validation,50183,2
Validation,50184,3
Validation,50185,8
Validation,50186,6
Validation,50187,3
Validation,50188,4
Validation,50189,0
Validation,50190,5
Validation,50191,8
Validation,50192,0
Validation,50193,1
Validation,50194,7
Validation,50195,2
Validation,50196,8
Validation,50197,8
Validation,50198,7
Validation,50199,8
Validation,50200,5
Validation,50201,1
Validation,50202,8
Validation,50203,7
Validation,50204,1
Validation,50205,3
Validation,50206,0
Validation,50207,5
Validation,50208,7
Validation,50209,9
Validation,50210,7
Validation,50211,4
Validation,50212,5
Validation,50213,9
Validation,50214,8
Validation,50215,0
Validation,50216,7
Validation,50217,9
Validation,50218,8
Validation,50219,2
Validation,50220,7
Validation,50221,6
Validation,50222,9
Validation,50223,4
Validation,50224,3
Validation,50225,9
Validation,50226,6
Validation,50227,4
Validation,50228,7
Validation,50229,6
Validation,50230,5
Validation,50231,1
Validation,50232,5
Validation,50233,8
Validation,50234,8
Validation,50235,0
Validation,50236,4
Validation,50237,0
Validation,50238,5
Validation,50239,5
Validation,50240,1
Validation,50241,1
Validation,50242,8
Validation,50243,9
Validation,50244,0
Validation,50245,3
Validation,50246,1
Validation,50247,9
Validation,50248,2
Validation,50249,2
Validation,50250,5
Validation,50251,3
Validation,50252,9
Validation,50253,9
Validation,50254,4
Validation,50255,0
Validation,50256,3
Validation,50257,0
Validation,50258,0
Validation,50259,9
Validation,50260,8
Validation,50261,1
Validation,50262,5
Validation,50263,7
Validation,50264,0
Validation,50265,8
Validation,50266,2
Validation,50267,4
Validation,50268,7
Validation,50269,0
Validation,50270,2
Validation,50271,3
Validation,50272,6
Validation,50273,3
Validation,50274,8
Validation,50275,5
Validation,50276,0
Validation,50277,3
Validation,50278,4
Validation,50279,3
Validation,50280,9
Validation,50281,0
Validation,50282,6
Validation,50283,1
Validation,50284,0
Validation,50285,9
Validation,50286,1
Validation,50287,0
Validation,50288,7
Validation,50289,9
Validation,50290,1
Validation,50291,2
Validation,50292,6
Validation,50293,9
Validation,50294,3
Validation,50295,4
Validation,50296,6
Validation,50297,0
Validation,50298,0
Validation,50299,6
Validation,50300,6
Validation,50301,6
Validation,50302,3
Validation,50303,2
Validation,50304,6
Validation,50305,1
Validation,50306,8
Validation,50307,2
Validation,50308,1
Validation,50309,6
Validation,50310,8
Validation,50311,6
Validation,50312,8
Validation,50313,0
Validation,50314,4
Validation,50315,0
Validation,50316,7
Validation,50317,7
Validation,50318,5
Validation,50319,5
Validation,50320,3
Validation,50321,5
Validation,50322,2
Validation,50323,3
Validation,50324,4
Validation,50325,1
Validation,50326,7
Validation,50327,5
Validation,50328,4
Validation,50329,6
Validation,50330,1
Validation,50331,9
Validation,50332,3
Validation,50333,6
Validation,50334,6
Validation,50335,9
Validation,50336,3
Validation,50337,8
Validation,50338,0
Validation,50339,7
Validation,50340,2
Validation,50341,6
Validation,50342,2
Validation,50343,5
Validation,50344,8
Validation,50345,5
Validation,50346,4
Validation,50347,6
Validation,50348,8
Validation,50349,9
Validation,50350,9
Validation,50351,1
Validation,50352,0
Validation,50353,2
Validation,50354,2
Validation,50355,7
Validation,50356,3
Validation,50357,2
Validation,50358,8
Validation,50359,0
Validation,50360,9
Validation,50361,5
Validation,50362,8
Validation,50363,1
Validation,50364,9
Validation,50365,4
Validation,50366,1
Validation,50367,3
Validation,50368,8
Validation,50369,1
Validation,50370,4
Validation,50371,7
Validation,50372,9
Validation,50373,4
Validation,50374,2
Validation,50375,7
Validation,50376,0
Validation,50377,7
Validation,50378,0
Validation,50379,6
Validation,50380,6
Validation,50381,9
Validation,50382,0
Validation,50383,9
Validation,50384,2
Validation,50385,8
Validation,50386,7
Validation,50387,2
Validation,50388,2
Validation,50389,5
Validation,50390,1
Validation,50391,2
Validation,50392,6
Validation,50393,2
Validation,50394,9
Validation,50395,6
Validation,50396,2
Validation,50397,3
Validation,50398,0
Validation,50399,3
Validation,50400,9
Validation,50401,8
Validation,50402,7
Validation,50403,8
Validation,50404,8
Validation,50405,4
Validation,50406,0
Validation,50407,1
Validation,50408,8
Validation,50409,2
Validation,50410,7
Validation,50411,9
Validation,50412,3
Validation,50413,6
Validation,50414,1
Validation,50415,9
Validation,50416,0
Validation,50417,7
Validation,50418,3
Validation,50419,7
Validation,50420,4
Validation,50421,5
Validation,50422,0
Validation,50423,0
Validation,50424,2
Validation,50425,9
Validation,50426,3
Validation,50427,4
Validation,50428,0
Validation,50429,6
Validation,50430,2
Validation,50431,5
Validation,50432,3
Validation,50433,7
Validation,50434,3
Validation,50435,7
Validation,50436,2
Validation,50437,5
Validation,50438,3
Validation,50439,1
Validation,50440,1
Validation,50441,4
Validation,50442,9
Validation,50443,9
Validation,50444,5
Validation,50445,7
Validation,50446,5
Validation,50447,0
Validation,50448,2
Validation,50449,2
Validation,50450,2
Validation,50451,9
Validation,50452,7
Validation,50453,3
Validation,50454,9
Validation,50455,4
Validation,50456,3
Validation,50457,5
Validation,50458,4
Validation,50459,6
Validation,50460,5
Validation,50461,6
Validation,50462,1
Validation,50463,4
Validation,50464,3
Validation,50465,4
Validation,50466,4
Validation,50467,3
Validation,50468,7
Validation,50469,8
Validation,50470,3
Validation,50471,7
Validation,50472,8
Validation,50473,0
Validation,50474,5
Validation,50475,7
Validation,50476,6
Validation,50477,0
Validation,50478,5
Validation,50479,4
Validation,50480,8
Validation,50481,6
Validation,50482,8
Validation,50483,5
Validation,50484,5
Validation,50485,9
Validation,50486,9
Validation,50487,9
Validation,50488,5
Validation,50489,0
Validation,50490,1
Validation,50491,0
Validation,50492,8
Validation,50493,1
Validation,50494,1
Validation,50495,8
Validation,50496,0
Validation,50497,2
Validation,50498,2
Validation,50499,0
Validation,50500,4
Validation,50501,6
Validation,50502,5
Validation,50503,4
Validation,50504,9
Validation,50505,4
Validation,50506,7
Validation,50507,9
Validation,50508,9
Validation,50509,4
Validation,50510,5
Validation,50511,6
Validation,50512,6
Validation,50513,1
Validation,50514,5
Validation,50515,3
Validation,50516,8
Validation,50517,9
Validation,50518,5
Validation,50519,8
Validation,50520,5
Validation,50521,7
Validation,50522,0
Validation,50523,7
Validation,50524,0
Validation,50525,5
Validation,50526,0
Validation,50527,0
Validation,50528,4
Validation,50529,6
Validation,50530,9
Validation,50531,0
Validation,50532,9
Validation,50533,5
Validation,50534,6
Validation,50535,6
Validation,50536,6
Validation,50537,2
Validation,50538,9
Validation,50539,0
Validation,50540,1
Validation,50541,7
Validation,50542,6
Validation,50543,7
Validation,50544,5
Validation,50545,9
Validation,50546,1
Validation,50547,6
Validation,50548,2
Validation,50549,5
Validation,50550,5
Validation,50551,5
Validation,50552,8
Validation,50553,5
Validation,50554,9
Validation,50555,4
Validation,50556,6
Validation,50557,4
Validation,50558,3
Validation,50559,2
Validation,50560,0
Validation,50561,7
Validation,50562,6
Validation,50563,2
Validation,50564,2
Validation,50565,3
Validation,50566,9
Validation,50567,7
Validation,50568,9
Validation,50569,2
Validation,50570,6
Validation,50571,7
Validation,50572,1
Validation,50573,3
Validation,50574,6
Validation,50575,6
Validation,50576,8
Validation,50577,9
Validation,50578,7
Validation,50579,5
Validation,50580,4
Validation,50581,0
Validation,50582,8
Validation,50583,4
Validation,50584,0
Validation,50585,9
Validation,50586,3
Validation,50587,4
Validation,50588,8
Validation,50589,9
Validation,50590,6
Validation,50591,9
Validation,50592,2
Validation,50593,6
Validation,50594,1
Validation,50595,4
Validation,50596,7
Validation,50597,3
Validation,50598,5
Validation,50599,3
Validation,50600,8
Validation,50601,5
Validation,50602,0
Validation,50603,2
Validation,50604,1
Validation,50605,6
Validation,50606,4
Validation,50607,3
Validation,50608,3
Validation,50609,9
Validation,50610,6
Validation,50611,9
Validation,50612,8
Validation,50613,8
Validation,50614,5
Validation,50615,8
Validation,50616,6
Validation,50617,6
Validation,50618,2
Validation,50619,1
Validation,50620,7
Validation,50621,7
Validation,50622,1
Validation,50623,2
Validation,50624,7
Validation,50625,9
Validation,50626,9
Validation,50627,4
Validation,50628,4
Validation,50629,1
Validation,50630,2
Validation,50631,5
Validation,50632,6
Validation,50633,8
Validation,50634,7
Validation,50635,6
Validation,50636,8
Validation,50637,3
Validation,50638,0
Validation,50639,5
Validation,50640,5
Validation,50641,3
Validation,50642,0
Validation,50643,7
Validation,50644,9
Validation,50645,1
Validation,50646,3
Validation,50647,4
Validation,50648,4
Validation,50649,5
Validation,50650,3
Validation,50651,9
Validation,50652,5
Validation,50653,6
Validation,50654,9
Validation,50655,2
Validation,50656,1
Validation,50657,1
Validation,50658,4
Validation,50659,1
Validation,50660,9
Validation,50661,4
Validation,50662,7
Validation,50663,6
Validation,50664,3
Validation,50665,8
Validation,50666,9
Validation,50667,0
Validation,50668,1
Validation,50669,3
Validation,50670,6
Validation,50671,3
Validation,50672,6
Validation,50673,3
Validation,50674,2
Validation,50675,0
Validation,50676,3
Validation,50677,1
Validation,50678,0
Validation,50679,5
Validation,50680,9
Validation,50681,6
Validation,50682,4
Validation,50683,8
Validation,50684,9
Validation,50685,6
Validation,50686,9
Validation,50687,6
Validation,50688,3
Validation,50689,0
Validation,50690,3
Validation,50691,2
Validation,50692,2
Validation,50693,7
Validation,50694,8
Validation,50695,3
Validation,50696,8
Validation,50697,2
Validation,50698,7
Validation,50699,5
Validation,50700,7
Validation,50701,2
Validation,50702,4
Validation,50703,8
Validation,50704,7
Validation,50705,4
Validation,50706,2
Validation,50707,9
Validation,50708,8
Validation,50709,8
Validation,50710,6
Validation,50711,8
Validation,50712,8
Validation,50713,7
Validation,50714,4
Validation,50715,3
Validation,50716,3
Validation,50717,8
Validation,50718,4
Validation,50719,9
Validation,50720,4
Validation,50721,8
Validation,50722,8
Validation,50723,1
Validation,50724,8
Validation,50725,2
Validation,50726,1
Validation,50727,3
Validation,50728,6
Validation,50729,5
Validation,50730,4
Validation,50731,2
Validation,50732,7
Validation,50733,9
Validation,50734,9
Validation,50735,4
Validation,50736,1
Validation,50737,4
Validation,50738,1
Validation,50739,3
Validation,50740,2
Validation,50741,7
Validation,50742,0
Validation,50743,7
Validation,50744,9
Validation,50745,7
Validation,50746,6
Validation,50747,6
Validation,50748,2
Validation,50749,5
Validation,50750,9
Validation,50751,2
Validation,50752,9
Validation,50753,1
Validation,50754,2
Validation,50755,2
Validation,50756,6
Validation,50757,8
Validation,50758,2
Validation,50759,1
Validation,50760,3
Validation,50761,6
Validation,50762,6
Validation,50763,0
Validation,50764,1
Validation,50765,2
Validation,50766,7
Validation,50767,0
Validation,50768,5
Validation,50769,4
Validation,50770,6
Validation,50771,1
Validation,50772,6
Validation,50773,4
Validation,50774,0
Validation,50775,2
Validation,50776,2
Validation,50777,6
Validation,50778,0
Validation,50779,5
Validation,50780,9
Validation,50781,1
Validation,50782,7
Validation,50783,6
Validation,50784,7
Validation,50785,0
Validation,50786,3
Validation,50787,9
Validation,50788,6
Validation,50789,8
Validation,50790,3
Validation,50791,0
Validation,50792,3
Validation,50793,4
Validation,50794,7
Validation,50795,7
Validation,50796,1
Validation,50797,4
Validation,50798,7
Validation,50799,2
Validation,50800,7
Validation,50801,1
Validation,50802,4
Validation,50803,7
Validation,50804,4
Validation,50805,4
Validation,50806,8
Validation,50807,4
Validation,50808,7
Validation,50809,7
Validation,50810,5
Validation,50811,3
Validation,50812,7
Validation,50813,2
Validation,50814,0
Validation,50815,8
Validation,50816,9
Validation,50817,5
Validation,50818,8
Validation,50819,3
Validation,50820,6
Validation,50821,2
Validation,50822,0
Validation,50823,8
Validation,50824,7
Validation,50825,3
Validation,50826,7
Validation,50827,6
Validation,50828,5
Validation,50829,3
Validation,50830,1
Validation,50831,3
Validation,50832,2
Validation,50833,2
Validation,50834,5
Validation,50835,4
Validation,50836,1
Validation,50837,2
Validation,50838,9
Validation,50839,2
Validation,50840,7
Validation,50841,0
Validation,50842,7
Validation,50843,2
Validation,50844,1
Validation,50845,3
Validation,50846,2
Validation,50847,0
Validation,50848,2
Validation,50849,4
Validation,50850,7
Validation,50851,9
Validation,50852,8
Validation,50853,9
Validation,50854,0
Validation,50855,7
Validation,50856,7
Validation,50857,0
Validation,50858,7
Validation,50859,8
Validation,50860,4
Validation,50861,6
Validation,50862,3
Validation,50863,3
Validation,50864,0
Validation,50865,1
Validation,50866,3
Validation,50867,7
Validation,50868,0
Validation,50869,1
Validation,50870,3
Validation,50871,1
Validation,50872,4
Validation,50873,2
Validation,50874,3
Validation,50875,8
Validation,50876,4
Validation,50877,2
Validation,50878,3
Validation,50879,7
Validation,50880,8
Validation,50881,4
Validation,50882,3
Validation,50883,0
Validation,50884,9
Validation,50885,0
Validation,50886,0
Validation,50887,1
Validation,50888,0
Validation,50889,4
Validation,50890,4
Validation,50891,6
Validation,50892,7
Validation,50893,6
Validation,50894,1
Validation,50895,1
Validation,50896,3
Validation,50897,7
Validation,50898,3
Validation,50899,5
Validation,50900,2
Validation,50901,6
Validation,50902,6
Validation,50903,5
Validation,50904,8
Validation,50905,7
Validation,50906,1
Validation,50907,6
Validation,50908,8
Validation,50909,8
Validation,50910,5
Validation,50911,3
Validation,50912,0
Validation,50913,4
Validation,50914,0
Validation,50915,1
Validation,50916,3
Validation,50917,8
Validation,50918,8
Validation,50919,0
Validation,50920,6
Validation,50921,9
Validation,50922,9
Validation,50923,9
Validation,50924,5
Validation,50925,5
Validation,50926,8
Validation,50927,6
Validation,50928,0
Validation,50929,0
Validation,50930,4
Validation,50931,2
Validation,50932,3
Validation,50933,2
Validation,50934,7
Validation,50935,2
Validation,50936,2
Validation,50937,5
Validation,50938,9
Validation,50939,8
Validation,50940,9
Validation,50941,1
Validation,50942,7
Validation,50943,4
Validation,50944,0
Validation,50945,3
Validation,50946,0
Validation,50947,1
Validation,50948,3
Validation,50949,8
Validation,50950,3
Validation,50951,9
Validation,50952,6
Validation,50953,1
Validation,50954,4
Validation,50955,7
Validation,50956,0
Validation,50957,3
Validation,50958,7
Validation,50959,8
Validation,50960,9
Validation,50961,1
Validation,50962,1
Validation,50963,6
Validation,50964,6
Validation,50965,6
Validation,50966,6
Validation,50967,9
Validation,50968,1
Validation,50969,9
Validation,50970,9
Validation,50971,4
Validation,50972,2
Validation,50973,1
Validation,50974,7
Validation,50975,0
Validation,50976,6
Validation,50977,8
Validation,50978,1
Validation,50979,9
Validation,50980,2
Validation,50981,9
Validation,50982,0
Validation,50983,4
Validation,50984,7
Validation,50985,8
Validation,50986,3
Validation,50987,1
Validation,50988,2
Validation,50989,0
Validation,50990,1
Validation,50991,5
Validation,50992,8
Validation,50993,4
Validation,50994,6
Validation,50995,3
Validation,50996,8
Validation,50997,1
Validation,50998,3
Validation,50999,8
Validation,51000,5
Validation,51001,0
Validation,51002,8
Validation,51003,4
Validation,51004,8
Validation,51005,1
Validation,51006,1
Validation,51007,8
Validation,51008,9
Validation,51009,6
Validation,51010,0
Validation,51011,8
Validation,51012,6
Validation,51013,1
Validation,51014,3
Validation,51015,4
Validation,51016,1
Validation,51017,6
Validation,51018,0
Validation,51019,5
Validation,51020,1
Validation,51021,1
Validation,51022,0
Validation,51023,0
Validation,51024,3
Validation,51025,5
Validation,51026,0
Validation,51027,0
Validation,51028,6
Validation,51029,6
Validation,51030,3
Validation,51031,3
Validation,51032,6
Validation,51033,3
Validation,51034,6
Validation,51035,6
Validation,51036,0
Validation,51037,7
Validation,51038,2
Validation,51039,2
Validation,51040,7
Validation,51041,5
Validation,51042,5
Validation,51043,2
Validation,51044,8
Validation,51045,5
Validation,51046,2
Validation,51047,1
Validation,51048,1
Validation,51049,4
Validation,51050,3
Validation,51051,2
Validation,51052,0
Validation,51053,3
Validation,51054,1
Validation,51055,5
Validation,51056,3
Validation,51057,7
Validation,51058,6
Validation,51059,8
Validation,51060,9
Validation,51061,1
Validation,51062,6
Validation,51063,4
Validation,51064,9
Validation,51065,3
Validation,51066,9
Validation,51067,0
Validation,51068,9
Validation,51069,6
Validation,51070,3
Validation,51071,6
Validation,51072,0
Validation,51073,7
Validation,51074,3
Validation,51075,8
Validation,51076,0
Validation,51077,0
Validation,51078,0
Validation,51079,6
Validation,51080,6
Validation,51081,6
Validation,51082,9
Validation,51083,2
Validation,51084,5
Validation,51085,4
Validation,51086,4
Validation,51087,6
Validation,51088,3
Validation,51089,6
Validation,51090,0
Validation,51091,8
Validation,51092,6
Validation,51093,0
Validation,51094,6
Validation,51095,2
Validation,51096,7
Validation,51097,5
Validation,51098,1
Validation,51099,2
Validation,51100,7
Validation,51101,8
Validation,51102,8
Validation,51103,0
Validation,51104,9
Validation,51105,4
Validation,51106,9
Validation,51107,7
Validation,51108,2
Validation,51109,0
Validation,51110,2
Validation,51111,8
Validation,51112,3
Validation,51113,8
Validation,51114,9
Validation,51115,1
Validation,51116,5
Validation,51117,5
Validation,51118,4
Validation,51119,7
Validation,51120,5
Validation,51121,3
Validation,51122,8
Validation,51123,3
Validation,51124,3
Validation,51125,6
Validation,51126,2
Validation,51127,8
Validation,51128,4
Validation,51129,3
Validation,51130,7
Validation,51131,1
Validation,51132,2
Validation,51133,4
Validation,51134,1
Validation,51135,6
Validation,51136,9
Validation,51137,0
Validation,51138,5
Validation,51139,8
Validation,51140,6
Validation,51141,1
Validation,51142,8
Validation,51143,6
Validation,51144,1
Validation,51145,4
Validation,51146,2
Validation,51147,6
Validation,51148,2
Validation,51149,7
Validation,51150,2
Validation,51151,2
Validation,51152,0
Validation,51153,8
Validation,51154,6
Validation,51155,9
Validation,51156,1
Validation,51157,7
Validation,51158,1
Validation,51159,8
Validation,51160,8
Validation,51161,0
Validation,51162,7
Validation,51163,3
Validation,51164,8
Validation,51165,0
Validation,51166,3
Validation,51167,4
Validation,51168,3
Validation,51169,7
Validation,51170,7
Validation,51171,9
Validation,51172,2
Validation,51173,3
Validation,51174,1
Validation,51175,9
Validation,51176,1
Validation,51177,9
Validation,51178,6
Validation,51179,3
Validation,51180,3
Validation,51181,3
Validation,51182,1
Validation,51183,0
Validation,51184,6
Validation,51185,1
Validation,51186,4
Validation,51187,1
Validation,51188,0
Validation,51189,0
Validation,51190,1
Validation,51191,1
Validation,51192,6
Validation,51193,5
Validation,51194,4
Validation,51195,6
Validation,51196,2
Validation,51197,0
Validation,51198,7
Validation,51199,9
Validation,51200,8
Validation,51201,7
Validation,51202,2
Validation,51203,0
Validation,51204,6
Validation,51205,8
Validation,51206,1
Validation,51207,4
Validation,51208,3
Validation,51209,7
Validation,51210,0
Validation,51211,6
Validation,51212,1
Validation,51213,8
Validation,51214,5
Validation,51215,7
Validation,51216,8
Validation,51217,4
Validation,51218,8
Validation,51219,3
Validation,51220,9
Validation,51221,9
Validation,51222,9
Validation,51223,8
Validation,51224,7
Validation,51225,6
Validation,51226,6
Validation,51227,3
Validation,51228,5
Validation,51229,1
Validation,51230,5
Validation,51231,9
Validation,51232,1
Validation,51233,4
Validation,51234,1
Validation,51235,5
Validation,51236,7
Validation,51237,0
Validation,51238,1
Validation,51239,5
Validation,51240,2
Validation,51241,0
Validation,51242,8
Validation,51243,8
Validation,51244,5
Validation,51245,6
Validation,51246,7
Validation,51247,3
Validation,51248,2
Validation,51249,4
Validation,51250,7
Validation,51251,2
Validation,51252,5
Validation,51253,8
Validation,51254,2
Validation,51255,4
Validation,51256,9
Validation,51257,2
Validation,51258,1
Validation,51259,8
Validation,51260,1
Validation,51261,9
Validation,51262,8
Validation,51263,8
Validation,51264,8
Validation,51265,9
Validation,51266,0
Validation,51267,4
Validation,51268,3
Validation,51269,3
Validation,51270,1
Validation,51271,8
Validation,51272,4
Validation,51273,6
Validation,51274,3
Validation,51275,3
Validation,51276,5
Validation,51277,2
Validation,51278,2
Validation,51279,8
Validation,51280,3
Validation,51281,8
Validation,51282,9
Validation,51283,5
Validation,51284,8
Validation,51285,9
Validation,51286,8
Validation,51287,9
Validation,51288,1
Validation,51289,6
Validation,51290,5
Validation,51291,9
Validation,51292,4
Validation,51293,4
Validation,51294,8
Validation,51295,0
Validation,51296,7
Validation,51297,2
Validation,51298,9
Validation,51299,7
Validation,51300,4
Validation,51301,1
Validation,51302,6
Validation,51303,4
Validation,51304,4
Validation,51305,9
Validation,51306,1
Validation,51307,2
Validation,51308,5
Validation,51309,6
Validation,51310,0
Validation,51311,8
Validation,51312,6
Validation,51313,1
Validation,51314,9
Validation,51315,4
Validation,51316,5
Validation,51317,9
Validation,51318,5
Validation,51319,0
Validation,51320,7
Validation,51321,2
Validation,51322,0
Validation,51323,0
Validation,51324,4
Validation,51325,2
Validation,51326,6
Validation,51327,6
Validation,51328,5
Validation,51329,5
Validation,51330,2
Validation,51331,8
Validation,51332,1
Validation,51333,7
Validation,51334,3
Validation,51335,1
Validation,51336,4
Validation,51337,5
Validation,51338,6
Validation,51339,5
Validation,51340,1
Validation,51341,4
Validation,51342,7
Validation,51343,0
Validation,51344,9
Validation,51345,4
Validation,51346,3
Validation,51347,8
Validation,51348,2
Validation,51349,8
Validation,51350,4
Validation,51351,7
Validation,51352,2
Validation,51353,3
Validation,51354,1
Validation,51355,5
Validation,51356,2
Validation,51357,9
Validation,51358,8
Validation,51359,9
Validation,51360,7
Validation,51361,9
Validation,51362,5
Validation,51363,1
Validation,51364,4
Validation,51365,0
Validation,51366,8
Validation,51367,2
Validation,51368,3
Validation,51369,8
Validation,51370,9
Validation,51371,1
Validation,51372,1
Validation,51373,3
Validation,51374,2
Validation,51375,4
Validation,51376,9
Validation,51377,3
Validation,51378,1
Validation,51379,7
Validation,51380,4
Validation,51381,6
Validation,51382,2
Validation,51383,8
Validation,51384,9
Validation,51385,5
Validation,51386,3
Validation,51387,9
Validation,51388,5
Validation,51389,5
Validation,51390,6
Validation,51391,7
Validation,51392,2
Validation,51393,4
Validation,51394,6
Validation,51395,3
Validation,51396,1
Validation,51397,0
Validation,51398,7
Validation,51399,2
Validation,51400,5
Validation,51401,4
Validation,51402,7
Validation,51403,6
Validation,51404,1
Validation,51405,1
Validation,51406,9
Validation,51407,8
Validation,51408,1
Validation,51409,0
Validation,51410,1
Validation,51411,3
Validation,51412,1
Validation,51413,1
Validation,51414,1
Validation,51415,7
Validation,51416,3
Validation,51417,9
Validation,51418,6
Validation,51419,8
Validation,51420,4
Validation,51421,6
Validation,51422,8
Validation,51423,4
Validation,51424,9
Validation,51425,4
Validation,51426,7
Validation,51427,9
Validation,51428,7
Validation,51429,6
Validation,51430,8
Validation,51431,4
Validation,51432,9
Validation,51433,7
Validation,51434,0
Validation,51435,1
Validation,51436,6
Validation,51437,1
Validation,51438,5
Validation,51439,9
Validation,51440,0
Validation,51441,4
Validation,51442,3
Validation,51443,4
Validation,51444,1
Validation,51445,3
Validation,51446,0
Validation,51447,8
Validation,51448,4
Validation,51449,6
Validation,51450,2
Validation,51451,2
Validation,51452,6
Validation,51453,5
Validation,51454,3
Validation,51455,6
Validation,51456,2
Validation,51457,1
Validation,51458,1
Validation,51459,8
Validation,51460,6
Validation,51461,0
Validation,51462,4
Validation,51463,0
Validation,51464,1
Validation,51465,9
Validation,51466,7
Validation,51467,1
Validation,51468,3
Validation,51469,7
Validation,51470,7
Validation,51471,8
Validation,51472,7
Validation,51473,7
Validation,51474,3
Validation,51475,9
Validation,51476,7
Validation,51477,7
Validation,51478,7
Validation,51479,2
Validation,51480,1
Validation,51481,2
Validation,51482,8
Validation,51483,6
Validation,51484,4
Validation,51485,0
Validation,51486,7
Validation,51487,9
Validation,51488,8
Validation,51489,6
Validation,51490,8
Validation,51491,4
Validation,51492,9
Validation,51493,1
Validation,51494,7
Validation,51495,2
Validation,51496,2
Validation,51497,8
Validation,51498,5
Validation,51499,8
Validation,51500,1
Validation,51501,2
Validation,51502,2
Validation,51503,4
Validation,51504,1
Validation,51505,2
Validation,51506,5
Validation,51507,2
Validation,51508,8
Validation,51509,1
Validation,51510,8
Validation,51511,1
Validation,51512,8
Validation,51513,6
Validation,51514,0
Validation,51515,2
Validation,51516,4
Validation,51517,1
Validation,51518,3
Validation,51519,6
Validation,51520,7
Validation,51521,7
Validation,51522,4
Validation,51523,4
Validation,51524,3
Validation,51525,3
Validation,51526,4
Validation,51527,5
Validation,51528,2
Validation,51529,4
Validation,51530,3
Validation,51531,7
Validation,51532,8
Validation,51533,4
Validation,51534,4
Validation,51535,4
Validation,51536,5
Validation,51537,4
Validation,51538,3
Validation,51539,2
Validation,51540,8
Validation,51541,4
Validation,51542,5
Validation,51543,5
Validation,51544,4
Validation,51545,1
Validation,51546,4
Validation,51547,2
Validation,51548,5
Validation,51549,1
Validation,51550,6
Validation,51551,4
Validation,51552,3
Validation,51553,4
Validation,51554,4
Validation,51555,0
Validation,51556,8
Validation,51557,8
Validation,51558,4
Validation,51559,5
Validation,51560,7
Validation,51561,5
Validation,51562,6
Validation,51563,9
Validation,51564,1
Validation,51565,6
Validation,51566,7
Validation,51567,2
Validation,51568,0
Validation,51569,1
Validation,51570,4
Validation,51571,5
Validation,51572,6
Validation,51573,0
Validation,51574,0
Validation,51575,2
Validation,51576,7
Validation,51577,5
Validation,51578,6
Validation,51579,0
Validation,51580,6
Validation,51581,2
Validation,51582,9
Validation,51583,1
Validation,51584,7
Validation,51585,7
Validation,51586,5
Validation,51587,2
Validation,51588,5
Validation,51589,6
Validation,51590,4
Validation,51591,1
Validation,51592,4
Validation,51593,3
Validation,51594,3
Validation,51595,3
Validation,51596,0
Validation,51597,3
Validation,51598,5
Validation,51599,5
Validation,51600,8
Validation,51601,9
Validation,51602,7
Validation,51603,3
Validation,51604,1
Validation,51605,3
Validation,51606,3
Validation,51607,3
Validation,51608,4
Validation,51609,4
Validation,51610,2
Validation,51611,3
Validation,51612,3
Validation,51613,8
Validation,51614,1
Validation,51615,7
Validation,51616,7
Validation,51617,0
Validation,51618,7
Validation,51619,4
Validation,51620,5
Validation,51621,1
Validation,51622,4
Validation,51623,2
Validation,51624,4
Validation,51625,3
Validation,51626,9
Validation,51627,9
Validation,51628,4
Validation,51629,9
Validation,51630,9
Validation,51631,1
Validation,51632,8
Validation,51633,1
Validation,51634,6
Validation,51635,7
Validation,51636,5
Validation,51637,5
Validation,51638,4
Validation,51639,9
Validation,51640,7
Validation,51641,6
Validation,51642,5
Validation,51643,9
Validation,51644,2
Validation,51645,4
Validation,51646,0
Validation,51647,7
Validation,51648,8
Validation,51649,5
Validation,51650,5
Validation,51651,0
Validation,51652,0
Validation,51653,9
Validation,51654,9
Validation,51655,8
Validation,51656,2
Validation,51657,5
Validation,51658,4
Validation,51659,8
Validation,51660,3
Validation,51661,6
Validation,51662,3
Validation,51663,6
Validation,51664,0
Validation,51665,6
Validation,51666,6
Validation,51667,6
Validation,51668,9
Validation,51669,6
Validation,51670,6
Validation,51671,8
Validation,51672,6
Validation,51673,2
Validation,51674,4
Validation,51675,5
Validation,51676,8
Validation,51677,1
Validation,51678,2
Validation,51679,7
Validation,51680,6
Validation,51681,5
Validation,51682,7
Validation,51683,8
Validation,51684,1
Validation,51685,8
Validation,51686,0
Validation,51687,8
Validation,51688,6
Validation,51689,9
Validation,51690,2
Validation,51691,8
Validation,51692,9
Validation,51693,4
Validation,51694,0
Validation,51695,9
Validation,51696,4
Validation,51697,9
Validation,51698,5
Validation,51699,7
Validation,51700,5
Validation,51701,5
Validation,51702,9
Validation,51703,5
Validation,51704,3
Validation,51705,0
Validation,51706,1
Validation,51707,9
Validation,51708,7
Validation,51709,2
Validation,51710,4
Validation,51711,1
Validation,51712,0
Validation,51713,8
Validation,51714,0
Validation,51715,3
Validation,51716,1
Validation,51717,7
Validation,51718,0
Validation,51719,0
Validation,51720,4
Validation,51721,8
Validation,51722,6
Validation,51723,2
Validation,51724,4
Validation,51725,0
Validation,51726,0
Validation,51727,9
Validation,51728,0
Validation,51729,8
Validation,51730,4
Validation,51731,5
Validation,51732,9
Validation,51733,3
Validation,51734,9
Validation,51735,0
Validation,51736,5
Validation,51737,6
Validation,51738,5
Validation,51739,0
Validation,51740,1
Validation,51741,4
Validation,51742,8
Validation,51743,1
Validation,51744,0
Validation,51745,5
Validation,51746,2
Validation,51747,1
Validation,51748,0
Validation,51749,2
Validation,51750,8
Validation,51751,1
Validation,51752,5
Validation,51753,6
Validation,51754,7
Validation,51755,7
Validation,51756,2
Validation,51757,6
Validation,51758,2
Validation,51759,5
Validation,51760,0
Validation,51761,1
Validation,51762,4
Validation,51763,2
Validation,51764,5
Validation,51765,4
Validation,51766,6
Validation,51767,2
Validation,51768,2
Validation,51769,1
Validation,51770,7
Validation,51771,2
Validation,51772,8
Validation,51773,5
Validation,51774,5
Validation,51775,3
Validation,51776,0
Validation,51777,4
Validation,51778,8
Validation,51779,3
Validation,51780,7
Validation,51781,6
Validation,51782,3
Validation,51783,8
Validation,51784,1
Validation,51785,0
Validation,51786,1
Validation,51787,3
Validation,51788,3
Validation,51789,0
Validation,51790,7
Validation,51791,4
Validation,51792,9
Validation,51793,5
Validation,51794,3
Validation,51795,6
Validation,51796,0
Validation,51797,1
Validation,51798,4
Validation,51799,4
Validation,51800,4
Validation,51801,4
Validation,51802,2
Validation,51803,2
Validation,51804,5
Validation,51805,8
Validation,51806,1
Validation,51807,5
Validation,51808,9
Validation,51809,8
Validation,51810,1
Validation,51811,1
Validation,51812,5
Validation,51813,3
Validation,51814,9
Validation,51815,9
Validation,51816,7
Validation,51817,6
Validation,51818,5
Validation,51819,0
Validation,51820,8
Validation,51821,4
Validation,51822,7
Validation,51823,0
Validation,51824,9
Validation,51825,2
Validation,51826,8
Validation,51827,4
Validation,51828,7
Validation,51829,1
Validation,51830,3
Validation,51831,9
Validation,51832,6
Validation,51833,8
Validation,51834,9
Validation,51835,0
Validation,51836,4
Validation,51837,9
Validation,51838,6
Validation,51839,7
Validation,51840,8
Validation,51841,9
Validation,51842,4
Validation,51843,8
Validation,51844,9
Validation,51845,7
Validation,51846,2
Validation,51847,5
Validation,51848,3
Validation,51849,7
Validation,51850,1
Validation,51851,0
Validation,51852,2
Validation,51853,9
Validation,51854,5
Validation,51855,5
Validation,51856,8
Validation,51857,5
Validation,51858,4
Validation,51859,2
Validation,51860,8
Validation,51861,3
Validation,51862,5
Validation,51863,5
Validation,51864,7
Validation,51865,7
Validation,51866,8
Validation,51867,6
Validation,51868,2
Validation,51869,8
Validation,51870,2
Validation,51871,3
Validation,51872,5
Validation,51873,6
Validation,51874,8
Validation,51875,0
Validation,51876,2
Validation,51877,3
Validation,51878,7
Validation,51879,0
Validation,51880,1
Validation,51881,9
Validation,51882,1
Validation,51883,3
Validation,51884,7
Validation,51885,5
Validation,51886,8
Validation,51887,3
Validation,51888,2
Validation,51889,9
Validation,51890,6
Validation,51891,8
Validation,51892,6
Validation,51893,9
Validation,51894,3
Validation,51895,8
Validation,51896,9
Validation,51897,8
Validation,51898,0
Validation,51899,7
Validation,51900,8
Validation,51901,5
Validation,51902,0
Validation,51903,0
Validation,51904,1
Validation,51905,3
Validation,51906,9
Validation,51907,1
Validation,51908,5
Validation,51909,3
Validation,51910,4
Validation,51911,4
Validation,51912,0
Validation,51913,9
Validation,51914,9
Validation,51915,9
Validation,51916,9
Validation,51917,8
Validation,51918,2
Validation,51919,4
Validation,51920,2
Validation,51921,2
Validation,51922,5
Validation,51923,1
Validation,51924,9
Validation,51925,1
Validation,51926,0
Validation,51927,9
Validation,51928,4
Validation,51929,2
Validation,51930,1
Validation,51931,6
Validation,51932,0
Validation,51933,3
Validation,51934,7
Validation,51935,6
Validation,51936,3
Validation,51937,1
Validation,51938,8
Validation,51939,6
Validation,51940,5
Validation,51941,7
Validation,51942,2
Validation,51943,8
Validation,51944,4
Validation,51945,4
Validation,51946,8
Validation,51947,3
Validation,51948,5
Validation,51949,0
Validation,51950,5
Validation,51951,7
Validation,51952,4
Validation,51953,4
Validation,51954,2
Validation,51955,2
Validation,51956,7
Validation,51957,3
Validation,51958,6
Validation,51959,0
Validation,51960,2
Validation,51961,7
Validation,51962,6
Validation,51963,2
Validation,51964,3
Validation,51965,0
Validation,51966,7
Validation,51967,7
Validation,51968,8
Validation,51969,1
Validation,51970,1
Validation,51971,4
Validation,51972,6
Validation,51973,0
Validation,51974,6
Validation,51975,6
Validation,51976,5
Validation,51977,5
Validation,51978,6
Validation,51979,3
Validation,51980,9
Validation,51981,3
Validation,51982,6
Validation,51983,8
Validation,51984,7
Validation,51985,6
Validation,51986,4
Validation,51987,9
Validation,51988,5
Validation,51989,6
Validation,51990,4
Validation,51991,1
Validation,51992,6
Validation,51993,3
Validation,51994,8
Validation,51995,2
Validation,51996,3
Validation,51997,9
Validation,51998,8
Validation,51999,5
Validation,52000,1
Validation,52001,5
Validation,52002,4
Validation,52003,5
Validation,52004,7
Validation,52005,5
Validation,52006,7
Validation,52007,8
Validation,52008,9
Validation,52009,1
Validation,52010,7
Validation,52011,2
Validation,52012,5
Validation,52013,6
Validation,52014,8
Validation,52015,4
Validation,52016,6
Validation,52017,5
Validation,52018,3
Validation,52019,9
Validation,52020,9
Validation,52021,8
Validation,52022,5
Validation,52023,5
Validation,52024,6
Validation,52025,4
Validation,52026,5
Validation,52027,9
Validation,52028,7
Validation,52029,3
Validation,52030,4
Validation,52031,1
Validation,52032,4
Validation,52033,2
Validation,52034,3
Validation,52035,6
Validation,52036,5
Validation,52037,5
Validation,52038,2
Validation,52039,8
Validation,52040,0
Validation,52041,0
Validation,52042,1
Validation,52043,8
Validation,52044,3
Validation,52045,1
Validation,52046,3
Validation,52047,5
Validation,52048,8
Validation,52049,3
Validation,52050,8
Validation,52051,5
Validation,52052,8
Validation,52053,6
Validation,52054,3
Validation,52055,5
Validation,52056,5
Validation,52057,5
Validation,52058,0
Validation,52059,9
Validation,52060,5
Validation,52061,5
Validation,52062,7
Validation,52063,1
Validation,52064,8
Validation,52065,2
Validation,52066,2
Validation,52067,7
Validation,52068,3
Validation,52069,4
Validation,52070,2
Validation,52071,9
Validation,52072,6
Validation,52073,2
Validation,52074,2
Validation,52075,4
Validation,52076,3
Validation,52077,0
Validation,52078,2
Validation,52079,0
Validation,52080,1
Validation,52081,3
Validation,52082,2
Validation,52083,2
Validation,52084,7
Validation,52085,0
Validation,52086,1
Validation,52087,0
Validation,52088,7
Validation,52089,7
Validation,52090,2
Validation,52091,0
Validation,52092,1
Validation,52093,6
Validation,52094,5
Validation,52095,0
Validation,52096,2
Validation,52097,2
Validation,52098,0
Validation,52099,1
Validation,52100,2
Validation,52101,6
Validation,52102,0
Validation,52103,1
Validation,52104,6
Validation,52105,6
Validation,52106,5
Validation,52107,3
Validation,52108,4
Validation,52109,0
Validation,52110,0
Validation,52111,9
Validation,52112,1
Validation,52113,0
Validation,52114,2
Validation,52115,5
Validation,52116,9
Validation,52117,7
Validation,52118,8
Validation,52119,6
Validation,52120,4
Validation,52121,6
Validation,52122,0
Validation,52123,2
Validation,52124,0
Validation,52125,1
Validation,52126,9
Validation,52127,2
Validation,52128,4
Validation,52129,9
Validation,52130,0
Validation,52131,7
Validation,52132,2
Validation,52133,3
Validation,52134,4
Validation,52135,8
Validation,52136,0
Validation,52137,2
Validation,52138,6
Validation,52139,8
Validation,52140,9
Validation,52141,7
Validation,52142,1
Validation,52143,9
Validation,52144,3
Validation,52145,7
Validation,52146,2
Validation,52147,7
Validation,52148,9
Validation,52149,6
Validation,52150,9
Validation,52151,5
Validation,52152,7
Validation,52153,8
Validation,52154,5
Validation,52155,9
Validation,52156,8
Validation,52157,3
Validation,52158,9
Validation,52159,8
Validation,52160,0
Validation,52161,5
Validation,52162,5
Validation,52163,7
Validation,52164,1
Validation,52165,2
Validation,52166,0
Validation,52167,7
Validation,52168,5
Validation,52169,8
Validation,52170,2
Validation,52171,2
Validation,52172,5
Validation,52173,3
Validation,52174,9
Validation,52175,3
Validation,52176,1
Validation,52177,9
Validation,52178,3
Validation,52179,1
Validation,52180,4
Validation,52181,3
Validation,52182,4
Validation,52183,4
Validation,52184,9
Validation,52185,0
Validation,52186,9
Validation,52187,5
Validation,52188,9
Validation,52189,2
Validation,52190,9
Validation,52191,4
Validation,52192,0
Validation,52193,2
Validation,52194,8
Validation,52195,4
Validation,52196,8
Validation,52197,6
Validation,52198,8
Validation,52199,2
Validation,52200,0
Validation,52201,5
Validation,52202,9
Validation,52203,6
Validation,52204,9
Validation,52205,5
Validation,52206,1
Validation,52207,3
Validation,52208,4
Validation,52209,4
Validation,52210,2
Validation,52211,7
Validation,52212,2
Validation,52213,4
Validation,52214,4
Validation,52215,0
Validation,52216,2
Validation,52217,8
Validation,52218,4
Validation,52219,5
Validation,52220,1
Validation,52221,2
Validation,52222,6
Validation,52223,8
Validation,52224,1
Validation,52225,7
Validation,52226,2
Validation,52227,8
Validation,52228,7
Validation,52229,4
Validation,52230,3
Validation,52231,3
Validation,52232,0
Validation,52233,3
Validation,52234,7
Validation,52235,2
Validation,52236,5
Validation,52237,6
Validation,52238,1
Validation,52239,7
Validation,52240,9
Validation,52241,0
Validation,52242,2
Validation,52243,3
Validation,52244,9
Validation,52245,8
Validation,52246,9
Validation,52247,5
Validation,52248,0
Validation,52249,0
Validation,52250,7
Validation,52251,6
Validation,52252,3
Validation,52253,3
Validation,52254,8
Validation,52255,1
Validation,52256,4
Validation,52257,0
Validation,52258,1
Validation,52259,5
Validation,52260,4
Validation,52261,3
Validation,52262,2
Validation,52263,6
Validation,52264,0
Validation,52265,8
Validation,52266,8
Validation,52267,6
Validation,52268,3
Validation,52269,3
Validation,52270,2
Validation,52271,9
Validation,52272,7
Validation,52273,5
Validation,52274,1
Validation,52275,6
Validation,52276,0
Validation,52277,5
Validation,52278,9
Validation,52279,9
Validation,52280,4
Validation,52281,5
Validation,52282,9
Validation,52283,4
Validation,52284,8
Validation,52285,3
Validation,52286,3
Validation,52287,2
Validation,52288,5
Validation,52289,1
Validation,52290,9
Validation,52291,5
Validation,52292,5
Validation,52293,8
Validation,52294,1
Validation,52295,8
Validation,52296,9
Validation,52297,7
Validation,52298,0
Validation,52299,6
Validation,52300,3
Validation,52301,2
Validation,52302,0
Validation,52303,2
Validation,52304,6
Validation,52305,9
Validation,52306,3
Validation,52307,9
Validation,52308,1
Validation,52309,6
Validation,52310,6
Validation,52311,7
Validation,52312,2
Validation,52313,6
Validation,52314,3
Validation,52315,2
Validation,52316,5
Validation,52317,5
Validation,52318,2
Validation,52319,7
Validation,52320,5
Validation,52321,2
Validation,52322,0
Validation,52323,8
Validation,52324,0
Validation,52325,7
Validation,52326,7
Validation,52327,1
Validation,52328,7
Validation,52329,4
Validation,52330,0
Validation,52331,2
Validation,52332,2
Validation,52333,6
Validation,52334,1
Validation,52335,5
Validation,52336,9
Validation,52337,7
Validation,52338,6
Validation,52339,2
Validation,52340,7
Validation,52341,0
Validation,52342,5
Validation,52343,6
Validation,52344,0
Validation,52345,1
Validation,52346,1
Validation,52347,8
Validation,52348,4
Validation,52349,5
Validation,52350,3
Validation,52351,1
Validation,52352,2
Validation,52353,4
Validation,52354,8
Validation,52355,9
Validation,52356,8
Validation,52357,1
Validation,52358,7
Validation,52359,2
Validation,52360,7
Validation,52361,2
Validation,52362,3
Validation,52363,2
Validation,52364,6
Validation,52365,7
Validation,52366,9
Validation,52367,4
Validation,52368,0
Validation,52369,1
Validation,52370,0
Validation,52371,4
Validation,52372,5
Validation,52373,0
Validation,52374,8
Validation,52375,0
Validation,52376,7
Validation,52377,6
Validation,52378,1
Validation,52379,0
Validation,52380,8
Validation,52381,5
Validation,52382,9
Validation,52383,2
Validation,52384,5
Validation,52385,4
Validation,52386,4
Validation,52387,9
Validation,52388,0
Validation,52389,6
Validation,52390,1
Validation,52391,2
Validation,52392,5
Validation,52393,1
Validation,52394,6
Validation,52395,7
Validation,52396,1
Validation,52397,5
Validation,52398,8
Validation,52399,8
Validation,52400,0
Validation,52401,3
Validation,52402,9
Validation,52403,4
Validation,52404,0
Validation,52405,3
Validation,52406,4
Validation,52407,9
Validation,52408,2
Validation,52409,4
Validation,52410,3
Validation,52411,0
Validation,52412,6
Validation,52413,4
Validation,52414,5
Validation,52415,6
Validation,52416,6
Validation,52417,7
Validation,52418,8
Validation,52419,4
Validation,52420,8
Validation,52421,8
Validation,52422,3
Validation,52423,2
Validation,52424,8
Validation,52425,0
Validation,52426,2
Validation,52427,5
Validation,52428,6
Validation,52429,8
Validation,52430,7
Validation,52431,8
Validation,52432,9
Validation,52433,9
Validation,52434,0
Validation,52435,6
Validation,52436,6
Validation,52437,8
Validation,52438,1
Validation,52439,1
Validation,52440,7
Validation,52441,4
Validation,52442,4
Validation,52443,2
Validation,52444,3
Validation,52445,6
Validation,52446,9
Validation,52447,6
Validation,52448,2
Validation,52449,4
Validation,52450,1
Validation,52451,8
Validation,52452,2
Validation,52453,3
Validation,52454,1
Validation,52455,6
Validation,52456,8
Validation,52457,6
Validation,52458,8
Validation,52459,5
Validation,52460,9
Validation,52461,0
Validation,52462,1
Validation,52463,0
Validation,52464,2
Validation,52465,9
Validation,52466,2
Validation,52467,9
Validation,52468,0
Validation,52469,9
Validation,52470,7
Validation,52471,8
Validation,52472,5
Validation,52473,0
Validation,52474,6
Validation,52475,6
Validation,52476,8
Validation,52477,1
Validation,52478,6
Validation,52479,5
Validation,52480,8
Validation,52481,7
Validation,52482,9
Validation,52483,2
Validation,52484,1
Validation,52485,6
Validation,52486,7
Validation,52487,5
Validation,52488,6
Validation,52489,3
Validation,52490,0
Validation,52491,9
Validation,52492,8
Validation,52493,9
Validation,52494,5
Validation,52495,9
Validation,52496,9
Validation,52497,9
Validation,52498,3
Validation,52499,6
Validation,52500,4
Validation,52501,4
Validation,52502,8
Validation,52503,8
Validation,52504,1
Validation,52505,7
Validation,52506,3
Validation,52507,0
Validation,52508,6
Validation,52509,2
Validation,52510,4
Validation,52511,8
Validation,52512,2
Validation,52513,2
Validation,52514,9
Validation,52515,2
Validation,52516,2
Validation,52517,9
Validation,52518,7
Validation,52519,4
Validation,52520,1
Validation,52521,9
Validation,52522,1
Validation,52523,4
Validation,52524,3
Validation,52525,5
Validation,52526,3
Validation,52527,8
Validation,52528,9
Validation,52529,3
Validation,52530,6
Validation,52531,2
Validation,52532,0
Validation,52533,8
Validation,52534,9
Validation,52535,0
Validation,52536,5
Validation,52537,1
Validation,52538,5
Validation,52539,8
Validation,52540,2
Validation,52541,1
Validation,52542,2
Validation,52543,3
Validation,52544,2
Validation,52545,4
Validation,52546,8
Validation,52547,4
Validation,52548,0
Validation,52549,6
Validation,52550,4
Validation,52551,2
Validation,52552,9
Validation,52553,8
Validation,52554,4
Validation,52555,7
Validation,52556,6
Validation,52557,2
Validation,52558,4
Validation,52559,7
Validation,52560,7
Validation,52561,6
Validation,52562,4
Validation,52563,2
Validation,52564,2
Validation,52565,3
Validation,52566,2
Validation,52567,4
Validation,52568,9
Validation,52569,0
Validation,52570,0
Validation,52571,9
Validation,52572,6
Validation,52573,5
Validation,52574,8
Validation,52575,5
Validation,52576,2
Validation,52577,4
Validation,52578,8
Validation,52579,8
Validation,52580,6
Validation,52581,4
Validation,52582,5
Validation,52583,7
Validation,52584,6
Validation,52585,3
Validation,52586,7
Validation,52587,0
Validation,52588,4
Validation,52589,0
Validation,52590,5
Validation,52591,8
Validation,52592,2
Validation,52593,8
Validation,52594,0
Validation,52595,4
Validation,52596,9
Validation,52597,2
Validation,52598,3
Validation,52599,6
Validation,52600,8
Validation,52601,1
Validation,52602,6
Validation,52603,0
Validation,52604,8
Validation,52605,4
Validation,52606,3
Validation,52607,1
Validation,52608,4
Validation,52609,5
Validation,52610,2
Validation,52611,4
Validation,52612,3
Validation,52613,6
Validation,52614,0
Validation,52615,7
Validation,52616,1
Validation,52617,3
Validation,52618,5
Validation,52619,7
Validation,52620,1
Validation,52621,8
Validation,52622,0
Validation,52623,4
Validation,52624,8
Validation,52625,2
Validation,52626,7
Validation,52627,7
Validation,52628,0
Validation,52629,2
Validation,52630,2
Validation,52631,4
Validation,52632,3
Validation,52633,3
Validation,52634,1
Validation,52635,6
Validation,52636,1
Validation,52637,6
Validation,52638,4
Validation,52639,6
Validation,52640,7
Validation,52641,4
Validation,52642,7
Validation,52643,3
Validation,52644,8
Validation,52645,1
Validation,52646,3
Validation,52647,1
Validation,52648,4
Validation,52649,6
Validation,52650,5
Validation,52651,5
Validation,52652,7
Validation,52653,4
Validation,52654,5
Validation,52655,4
Validation,52656,9
Validation,52657,7
Validation,52658,7
Validation,52659,2
Validation,52660,3
Validation,52661,3
Validation,52662,6
Validation,52663,7
Validation,52664,4
Validation,52665,1
Validation,52666,6
Validation,52667,1
Validation,52668,0
Validation,52669,6
Validation,52670,9
Validation,52671,6
Validation,52672,0
Validation,52673,2
Validation,52674,0
Validation,52675,2
Validation,52676,4
Validation,52677,7
Validation,52678,0
Validation,52679,0
Validation,52680,0
Validation,52681,0
Validation,52682,7
Validation,52683,5
Validation,52684,3
Validation,52685,2
Validation,52686,7
Validation,52687,8
Validation,52688,5
Validation,52689,5
Validation,52690,2
Validation,52691,2
Validation,52692,8
Validation,52693,9
Validation,52694,1
Validation,52695,2
Validation,52696,2
Validation,52697,0
Validation,52698,3
Validation,52699,4
Validation,52700,9
Validation,52701,1
Validation,52702,6
Validation,52703,9
Validation,52704,0
Validation,52705,8
Validation,52706,3
Validation,52707,6
Validation,52708,4
Validation,52709,6
Validation,52710,7
Validation,52711,5
Validation,52712,1
Validation,52713,8
Validation,52714,9
Validation,52715,0
Validation,52716,5
Validation,52717,0
Validation,52718,5
Validation,52719,4
Validation,52720,3
Validation,52721,8
Validation,52722,5
Validation,52723,2
Validation,52724,0
Validation,52725,8
Validation,52726,5
Validation,52727,9
Validation,52728,2
Validation,52729,5
Validation,52730,6
Validation,52731,5
Validation,52732,7
Validation,52733,3
Validation,52734,7
Validation,52735,2
Validation,52736,8
Validation,52737,8
Validation,52738,4
Validation,52739,2
Validation,52740,1
Validation,52741,6
Validation,52742,2
Validation,52743,9
Validation,52744,9
Validation,52745,8
Validation,52746,2
Validation,52747,3
Validation,52748,1
Validation,52749,0
Validation,52750,5
Validation,52751,2
Validation,52752,3
Validation,52753,7
Validation,52754,9
Validation,52755,5
Validation,52756,9
Validation,52757,1
Validation,52758,1
Validation,52759,3
Validation,52760,2
Validation,52761,7
Validation,52762,4
Validation,52763,4
Validation,52764,1
Validation,52765,9
Validation,52766,4
Validation,52767,5
Validation,52768,5
Validation,52769,2
Validation,52770,7
Validation,52771,7
Validation,52772,6
Validation,52773,1
Validation,52774,2
Validation,52775,3
Validation,52776,7
Validation,52777,5
Validation,52778,4
Validation,52779,3
Validation,52780,7
Validation,52781,7
Validation,52782,0
Validation,52783,0
Validation,52784,1
Validation,52785,4
Validation,52786,4
Validation,52787,3
Validation,52788,7
Validation,52789,9
Validation,52790,8
Validation,52791,7
Validation,52792,0
Validation,52793,9
Validation,52794,0
Validation,52795,3
Validation,52796,7
Validation,52797,6
Validation,52798,3
Validation,52799,8
Validation,52800,4
Validation,52801,5
Validation,52802,6
Validation,52803,5
Validation,52804,3
Validation,52805,4
Validation,52806,2
Validation,52807,9
Validation,52808,2
Validation,52809,4
Validation,52810,9
Validation,52811,2
Validation,52812,0
Validation,52813,1
Validation,52814,1
Validation,52815,3
Validation,52816,7
Validation,52817,9
Validation,52818,5
Validation,52819,1
Validation,52820,6
Validation,52821,0
Validation,52822,3
Validation,52823,3
Validation,52824,7
Validation,52825,2
Validation,52826,4
Validation,52827,5
Validation,52828,2
Validation,52829,3
Validation,52830,6
Validation,52831,3
Validation,52832,3
Validation,52833,0
Validation,52834,4
Validation,52835,4
Validation,52836,3
Validation,52837,8
Validation,52838,1
Validation,52839,2
Validation,52840,3
Validation,52841,2
Validation,52842,7
Validation,52843,1
Validation,52844,4
Validation,52845,5
Validation,52846,6
Validation,52847,8
Validation,52848,6
Validation,52849,6
Validation,52850,5
Validation,52851,4
Validation,52852,2
Validation,52853,9
Validation,52854,9
Validation,52855,3
Validation,52856,2
Validation,52857,0
Validation,52858,4
Validation,52859,1
Validation,52860,5
Validation,52861,5
Validation,52862,6
Validation,52863,6
Validation,52864,5
Validation,52865,6
Validation,52866,9
Validation,52867,7
Validation,52868,9
Validation,52869,4
Validation,52870,8
Validation,52871,3
Validation,52872,1
Validation,52873,9
Validation,52874,8
Validation,52875,1
Validation,52876,9
Validation,52877,0
Validation,52878,3
Validation,52879,0
Validation,52880,4
Validation,52881,7
Validation,52882,7
Validation,52883,2
Validation,52884,6
Validation,52885,5
Validation,52886,6
Validation,52887,9
Validation,52888,7
Validation,52889,7
Validation,52890,5
Validation,52891,7
Validation,52892,0
Validation,52893,8
Validation,52894,6
Validation,52895,7
Validation,52896,8
Validation,52897,3
Validation,52898,8
Validation,52899,9
Validation,52900,3
Validation,52901,2
Validation,52902,9
Validation,52903,2
Validation,52904,7
Validation,52905,4
Validation,52906,1
Validation,52907,9
Validation,52908,7
Validation,52909,0
Validation,52910,8
Validation,52911,1
Validation,52912,2
Validation,52913,0
Validation,52914,6
Validation,52915,5
Validation,52916,1
Validation,52917,4
Validation,52918,2
Validation,52919,8
Validation,52920,2
Validation,52921,8
Validation,52922,3
Validation,52923,3
Validation,52924,1
Validation,52925,4
Validation,52926,9
Validation,52927,8
Validation,52928,1
Validation,52929,1
Validation,52930,7
Validation,52931,9
Validation,52932,9
Validation,52933,4
Validation,52934,6
Validation,52935,8
Validation,52936,5
Validation,52937,3
Validation,52938,2
Validation,52939,2
Validation,52940,3
Validation,52941,8
Validation,52942,5
Validation,52943,1
Validation,52944,9
Validation,52945,7
Validation,52946,9
Validation,52947,1
Validation,52948,5
Validation,52949,3
Validation,52950,1
Validation,52951,0
Validation,52952,3
Validation,52953,8
Validation,52954,9
Validation,52955,2
Validation,52956,0
Validation,52957,8
Validation,52958,0
Validation,52959,7
Validation,52960,9
Validation,52961,4
Validation,52962,8
Validation,52963,3
Validation,52964,0
Validation,52965,7
Validation,52966,0
Validation,52967,7
Validation,52968,0
Validation,52969,5
Validation,52970,5
Validation,52971,4
Validation,52972,3
Validation,52973,0
Validation,52974,9
Validation,52975,9
Validation,52976,0
Validation,52977,2
Validation,52978,2
Validation,52979,0
Validation,52980,8
Validation,52981,4
Validation,52982,4
Validation,52983,5
Validation,52984,2
Validation,52985,2
Validation,52986,1
Validation,52987,1
Validation,52988,5
Validation,52989,5
Validation,52990,4
Validation,52991,3
Validation,52992,4
Validation,52993,0
Validation,52994,8
Validation,52995,4
Validation,52996,8
Validation,52997,2
Validation,52998,5
Validation,52999,6
Validation,53000,5
Validation,53001,1
Validation,53002,7
Validation,53003,2
Validation,53004,4
Validation,53005,0
Validation,53006,5
Validation,53007,6
Validation,53008,8
Validation,53009,7
Validation,53010,6
Validation,53011,3
Validation,53012,1
Validation,53013,3
Validation,53014,6
Validation,53015,6
Validation,53016,4
Validation,53017,5
Validation,53018,5
Validation,53019,5
Validation,53020,1
Validation,53021,8
Validation,53022,7
Validation,53023,3
Validation,53024,0
Validation,53025,2
Validation,53026,5
Validation,53027,1
Validation,53028,1
Validation,53029,1
Validation,53030,6
Validation,53031,7
Validation,53032,2
Validation,53033,1
Validation,53034,2
Validation,53035,3
Validation,53036,9
Validation,53037,8
Validation,53038,3
Validation,53039,1
Validation,53040,7
Validation,53041,4
Validation,53042,8
Validation,53043,4
Validation,53044,7
Validation,53045,5
Validation,53046,8
Validation,53047,6
Validation,53048,0
Validation,53049,3
Validation,53050,0
Validation,53051,8
Validation,53052,3
Validation,53053,4
Validation,53054,4
Validation,53055,9
Validation,53056,4
Validation,53057,6
Validation,53058,1
Validation,53059,5
Validation,53060,7
Validation,53061,7
Validation,53062,9
Validation,53063,0
Validation,53064,1
Validation,53065,3
Validation,53066,1
Validation,53067,3
Validation,53068,2
Validation,53069,4
Validation,53070,0
Validation,53071,7
Validation,53072,8
Validation,53073,3
Validation,53074,1
Validation,53075,6
Validation,53076,2
Validation,53077,1
Validation,53078,8
Validation,53079,8
Validation,53080,1
Validation,53081,9
Validation,53082,7
Validation,53083,5
Validation,53084,3
Validation,53085,2
Validation,53086,9
Validation,53087,0
Validation,53088,6
Validation,53089,8
Validation,53090,4
Validation,53091,1
Validation,53092,5
Validation,53093,7
Validation,53094,2
Validation,53095,4
Validation,53096,7
Validation,53097,0
Validation,53098,4
Validation,53099,9
Validation,53100,0
Validation,53101,7
Validation,53102,0
Validation,53103,6
Validation,53104,7
Validation,53105,1
Validation,53106,8
Validation,53107,5
Validation,53108,8
Validation,53109,8
Validation,53110,7
Validation,53111,0
Validation,53112,0
Validation,53113,3
Validation,53114,2
Validation,53115,5
Validation,53116,7
Validation,53117,0
Validation,53118,6
Validation,53119,4
Validation,53120,4
Validation,53121,9
Validation,53122,1
Validation,53123,8
Validation,53124,6
Validation,53125,3
Validation,53126,9
Validation,53127,4
Validation,53128,9
Validation,53129,3
Validation,53130,3
Validation,53131,7
Validation,53132,5
Validation,53133,9
Validation,53134,7
Validation,53135,7
Validation,53136,4
Validation,53137,5
Validation,53138,8
Validation,53139,2
Validation,53140,8
Validation,53141,9
Validation,53142,5
Validation,53143,3
Validation,53144,1
Validation,53145,9
Validation,53146,2
Validation,53147,2
Validation,53148,0
Validation,53149,1
Validation,53150,1
Validation,53151,8
Validation,53152,1
Validation,53153,1
Validation,53154,9
Validation,53155,8
Validation,53156,9
Validation,53157,9
Validation,53158,0
Validation,53159,2
Validation,53160,6
Validation,53161,9
Validation,53162,1
Validation,53163,9
Validation,53164,0
Validation,53165,1
Validation,53166,9
Validation,53167,2
Validation,53168,9
Validation,53169,9
Validation,53170,9
Validation,53171,0
Validation,53172,9
Validation,53173,9
Validation,53174,2
Validation,53175,1
Validation,53176,7
Validation,53177,0
Validation,53178,5
Validation,53179,6
Validation,53180,3
Validation,53181,9
Validation,53182,8
Validation,53183,3
Validation,53184,0
Validation,53185,2
Validation,53186,7
Validation,53187,7
Validation,53188,4
Validation,53189,8
Validation,53190,3
Validation,53191,0
Validation,53192,5
Validation,53193,2
Validation,53194,3
Validation,53195,5
Validation,53196,7
Validation,53197,6
Validation,53198,6
Validation,53199,6
Validation,53200,5
Validation,53201,6
Validation,53202,5
Validation,53203,4
Validation,53204,5
Validation,53205,8
Validation,53206,8
Validation,53207,0
Validation,53208,9
Validation,53209,7
Validation,53210,9
Validation,53211,0
Validation,53212,6
Validation,53213,9
Validation,53214,6
Validation,53215,1
Validation,53216,4
Validation,53217,7
Validation,53218,9
Validation,53219,0
Validation,53220,3
Validation,53221,5
Validation,53222,4
Validation,53223,7
Validation,53224,6
Validation,53225,9
Validation,53226,8
Validation,53227,2
Validation,53228,3
Validation,53229,9
Validation,53230,3
Validation,53231,3
Validation,53232,7
Validation,53233,8
Validation,53234,3
Validation,53235,5
Validation,53236,5
Validation,53237,9
Validation,53238,6
Validation,53239,1
Validation,53240,4
Validation,53241,7
Validation,53242,4
Validation,53243,8
Validation,53244,7
Validation,53245,7
Validation,53246,1
Validation,53247,3
Validation,53248,0
Validation,53249,3
Validation,53250,2
Validation,53251,5
Validation,53252,4
Validation,53253,9
Validation,53254,3
Validation,53255,5
Validation,53256,4
Validation,53257,7
Validation,53258,0
Validation,53259,3
Validation,53260,7
Validation,53261,0
Validation,53262,2
Validation,53263,1
Validation,53264,5
Validation,53265,8
Validation,53266,7
Validation,53267,3
Validation,53268,5
Validation,53269,7
Validation,53270,8
Validation,53271,5
Validation,53272,7
Validation,53273,8
Validation,53274,1
Validation,53275,5
Validation,53276,4
Validation,53277,7
Validation,53278,0
Validation,53279,8
Validation,53280,3
Validation,53281,2
Validation,53282,9
Validation,53283,7
Validation,53284,4
Validation,53285,1
Validation,53286,6
Validation,53287,5
Validation,53288,9
Validation,53289,8
Validation,53290,5
Validation,53291,5
Validation,53292,4
Validation,53293,1
Validation,53294,0
Validation,53295,9
Validation,53296,4
Validation,53297,4
Validation,53298,3
Validation,53299,0
Validation,53300,4
Validation,53301,8
Validation,53302,0
Validation,53303,8
Validation,53304,2
Validation,53305,9
Validation,53306,5
Validation,53307,9
Validation,53308,7
Validation,53309,4
Validation,53310,6
Validation,53311,7
Validation,53312,9
Validation,53313,2
Validation,53314,9
Validation,53315,3
Validation,53316,7
Validation,53317,7
Validation,53318,8
Validation,53319,2
Validation,53320,2
Validation,53321,0
Validation,53322,2
Validation,53323,5
Validation,53324,3
Validation,53325,6
Validation,53326,4
Validation,53327,7
Validation,53328,2
Validation,53329,3
Validation,53330,7
Validation,53331,8
Validation,53332,7
Validation,53333,2
Validation,53334,5
Validation,53335,0
Validation,53336,0
Validation,53337,7
Validation,53338,0
Validation,53339,9
Validation,53340,6
Validation,53341,1
Validation,53342,0
Validation,53343,3
Validation,53344,9
Validation,53345,7
Validation,53346,4
Validation,53347,9
Validation,53348,1
Validation,53349,6
Validation,53350,8
Validation,53351,1
Validation,53352,2
Validation,53353,3
Validation,53354,3
Validation,53355,5
Validation,53356,4
Validation,53357,8
Validation,53358,9
Validation,53359,7
Validation,53360,4
Validation,53361,4
Validation,53362,1
Validation,53363,2
Validation,53364,4
Validation,53365,9
Validation,53366,8
Validation,53367,7
Validation,53368,9
Validation,53369,5
Validation,53370,1
Validation,53371,2
Validation,53372,1
Validation,53373,6
Validation,53374,6
Validation,53375,4
Validation,53376,5
Validation,53377,7
Validation,53378,4
Validation,53379,5
Validation,53380,8
Validation,53381,5
Validation,53382,2
Validation,53383,8
Validation,53384,7
Validation,53385,8
Validation,53386,2
Validation,53387,3
Validation,53388,6
Validation,53389,1
Validation,53390,3
Validation,53391,3
Validation,53392,1
Validation,53393,5
Validation,53394,1
Validation,53395,9
Validation,53396,0
Validation,53397,9
Validation,53398,2
Validation,53399,0
Validation,53400,6
Validation,53401,2
Validation,53402,4
Validation,53403,8
Validation,53404,5
Validation,53405,7
Validation,53406,6
Validation,53407,1
Validation,53408,2
Validation,53409,9
Validation,53410,4
Validation,53411,5
Validation,53412,0
Validation,53413,3
Validation,53414,3
Validation,53415,7
Validation,53416,7
Validation,53417,7
Validation,53418,1
Validation,53419,4
Validation,53420,5
Validation,53421,0
Validation,53422,2
Validation,53423,8
Validation,53424,5
Validation,53425,0
Validation,53426,0
Validation,53427,6
Validation,53428,2
Validation,53429,0
Validation,53430,8
Validation,53431,4
Validation,53432,5
Validation,53433,4
Validation,53434,5
Validation,53435,6
Validation,53436,4
Validation,53437,7
Validation,53438,9
Validation,53439,4
Validation,53440,2
Validation,53441,0
Validation,53442,6
Validation,53443,4
Validation,53444,0
Validation,53445,0
Validation,53446,6
Validation,53447,4
Validation,53448,6
Validation,53449,1
Validation,53450,9
Validation,53451,5
Validation,53452,5
Validation,53453,2
Validation,53454,2
Validation,53455,6
Validation,53456,3
Validation,53457,4
Validation,53458,5
Validation,53459,9
Validation,53460,1
Validation,53461,7
Validation,53462,2
Validation,53463,3
Validation,53464,9
Validation,53465,6
Validation,53466,5
Validation,53467,0
Validation,53468,2
Validation,53469,9
Validation,53470,7
Validation,53471,1
Validation,53472,7
Validation,53473,2
Validation,53474,2
Validation,53475,0
Validation,53476,8
Validation,53477,6
Validation,53478,4
Validation,53479,3
Validation,53480,2
Validation,53481,7
Validation,53482,7
Validation,53483,0
Validation,53484,4
Validation,53485,1
Validation,53486,6
Validation,53487,5
Validation,53488,1
Validation,53489,3
Validation,53490,0
Validation,53491,3
Validation,53492,9
Validation,53493,0
Validation,53494,0
Validation,53495,2
Validation,53496,5
Validation,53497,0
Validation,53498,4
Validation,53499,0
Validation,53500,1
Validation,53501,9
Validation,53502,8
Validation,53503,4
Validation,53504,9
Validation,53505,4
Validation,53506,2
Validation,53507,4
Validation,53508,3
Validation,53509,3
Validation,53510,4
Validation,53511,0
Validation,53512,4
Validation,53513,3
Validation,53514,2
Validation,53515,8
Validation,53516,9
Validation,53517,1
Validation,53518,5
Validation,53519,8
Validation,53520,1
Validation,53521,8
Validation,53522,2
Validation,53523,4
Validation,53524,5
Validation,53525,2
Validation,53526,4
Validation,53527,1
Validation,53528,1
Validation,53529,6
Validation,53530,6
Validation,53531,8
Validation,53532,5
Validation,53533,2
Validation,53534,2
Validation,53535,5
Validation,53536,0
Validation,53537,8
Validation,53538,2
Validation,53539,3
Validation,53540,6
Validation,53541,2
Validation,53542,9
Validation,53543,6
Validation,53544,1
Validation,53545,4
Validation,53546,5
Validation,53547,9
Validation,53548,0
Validation,53549,1
Validation,53550,0
Validation,53551,0
Validation,53552,8
Validation,53553,1
Validation,53554,1
Validation,53555,6
Validation,53556,6
Validation,53557,9
Validation,53558,5
Validation,53559,4
Validation,53560,1
Validation,53561,7
Validation,53562,8
Validation,53563,6
Validation,53564,9
Validation,53565,1
Validation,53566,7
Validation,53567,6
Validation,53568,0
Validation,53569,9
Validation,53570,3
Validation,53571,5
Validation,53572,3
Validation,53573,2
Validation,53574,5
Validation,53575,3
Validation,53576,4
Validation,53577,9
Validation,53578,7
Validation,53579,1
Validation,53580,4
Validation,53581,4
Validation,53582,6
Validation,53583,1
Validation,53584,3
Validation,53585,8
Validation,53586,8
Validation,53587,0
Validation,53588,6
Validation,53589,7
Validation,53590,7
Validation,53591,6
Validation,53592,7
Validation,53593,2
Validation,53594,3
Validation,53595,2
Validation,53596,2
Validation,53597,6
Validation,53598,2
Validation,53599,7
Validation,53600,4
Validation,53601,0
Validation,53602,3
Validation,53603,6
Validation,53604,2
Validation,53605,6
Validation,53606,3
Validation,53607,3
Validation,53608,0
Validation,53609,9
Validation,53610,5
Validation,53611,1
Validation,53612,1
Validation,53613,5
Validation,53614,3
Validation,53615,6
Validation,53616,4
Validation,53617,3
Validation,53618,4
Validation,53619,1
Validation,53620,0
Validation,53621,4
Validation,53622,5
Validation,53623,5
Validation,53624,2
Validation,53625,8
Validation,53626,9
Validation,53627,4
Validation,53628,3
Validation,53629,1
Validation,53630,8
Validation,53631,0
Validation,53632,1
Validation,53633,3
Validation,53634,3
Validation,53635,4
Validation,53636,4
Validation,53637,2
Validation,53638,9
Validation,53639,7
Validation,53640,6
Validation,53641,8
Validation,53642,1
Validation,53643,8
Validation,53644,9
Validation,53645,1
Validation,53646,3
Validation,53647,1
Validation,53648,7
Validation,53649,3
Validation,53650,0
Validation,53651,0
Validation,53652,2
Validation,53653,8
Validation,53654,3
Validation,53655,9
Validation,53656,2
Validation,53657,7
Validation,53658,2
Validation,53659,6
Validation,53660,0
Validation,53661,1
Validation,53662,6
Validation,53663,1
Validation,53664,6
Validation,53665,7
Validation,53666,5
Validation,53667,5
Validation,53668,2
Validation,53669,5
Validation,53670,9
Validation,53671,4
Validation,53672,0
Validation,53673,2
Validation,53674,3
Validation,53675,4
Validation,53676,9
Validation,53677,4
Validation,53678,1
Validation,53679,0
Validation,53680,0
Validation,53681,2
Validation,53682,3
Validation,53683,8
Validation,53684,9
Validation,53685,2
Validation,53686,8
Validation,53687,9
Validation,53688,5
Validation,53689,7
Validation,53690,9
Validation,53691,1
Validation,53692,4
Validation,53693,6
Validation,53694,2
Validation,53695,8
Validation,53696,4
Validation,53697,4
Validation,53698,8
Validation,53699,9
Validation,53700,3
Validation,53701,1
Validation,53702,1
Validation,53703,6
Validation,53704,5
Validation,53705,8
Validation,53706,4
Validation,53707,6
Validation,53708,4
Validation,53709,5
Validation,53710,2
Validation,53711,6
Validation,53712,4
Validation,53713,2
Validation,53714,3
Validation,53715,1
Validation,53716,3
Validation,53717,6
Validation,53718,8
Validation,53719,5
Validation,53720,2
Validation,53721,2
Validation,53722,7
Validation,53723,1
Validation,53724,6
Validation,53725,2
Validation,53726,5
Validation,53727,9
Validation,53728,2
Validation,53729,8
Validation,53730,1
Validation,53731,6
Validation,53732,9
Validation,53733,2
Validation,53734,7
Validation,53735,5
Validation,53736,3
Validation,53737,2
Validation,53738,9
Validation,53739,7
Validation,53740,0
Validation,53741,2
Validation,53742,9
Validation,53743,3
Validation,53744,4
Validation,53745,1
Validation,53746,7
Validation,53747,9
Validation,53748,5
Validation,53749,8
Validation,53750,9
Validation,53751,7
Validation,53752,3
Validation,53753,4
Validation,53754,0
Validation,53755,9
Validation,53756,7
Validation,53757,4
Validation,53758,2
Validation,53759,4
Validation,53760,7
Validation,53761,0
Validation,53762,1
Validation,53763,8
Validation,53764,1
Validation,53765,0
Validation,53766,4
Validation,53767,6
Validation,53768,1
Validation,53769,9
Validation,53770,9
Validation,53771,2
Validation,53772,1
Validation,53773,2
Validation,53774,5
Validation,53775,6
Validation,53776,9
Validation,53777,7
Validation,53778,7
Validation,53779,3
Validation,53780,4
Validation,53781,2
Validation,53782,0
Validation,53783,2
Validation,53784,5
Validation,53785,6
Validation,53786,7
Validation,53787,3
Validation,53788,7
Validation,53789,9
Validation,53790,4
Validation,53791,2
Validation,53792,0
Validation,53793,6
Validation,53794,1
Validation,53795,7
Validation,53796,5
Validation,53797,6
Validation,53798,5
Validation,53799,3
Validation,53800,9
Validation,53801,2
Validation,53802,7
Validation,53803,8
Validation,53804,5
Validation,53805,9
Validation,53806,5
Validation,53807,8
Validation,53808,5
Validation,53809,4
Validation,53810,3
Validation,53811,7
Validation,53812,9
Validation,53813,8
Validation,53814,1
Validation,53815,2
Validation,53816,2
Validation,53817,8
Validation,53818,9
Validation,53819,3
Validation,53820,0
Validation,53821,8
Validation,53822,4
Validation,53823,0
Validation,53824,2
Validation,53825,0
Validation,53826,1
Validation,53827,4
Validation,53828,1
Validation,53829,8
Validation,53830,5
Validation,53831,5
Validation,53832,7
Validation,53833,9
Validation,53834,8
Validation,53835,3
Validation,53836,7
Validation,53837,9
Validation,53838,1
Validation,53839,5
Validation,53840,6
Validation,53841,9
Validation,53842,8
Validation,53843,7
Validation,53844,2
Validation,53845,0
Validation,53846,9
Validation,53847,0
Validation,53848,8
Validation,53849,5
Validation,53850,9
Validation,53851,4
Validation,53852,2
Validation,53853,9
Validation,53854,8
Validation,53855,1
Validation,53856,9
Validation,53857,1
Validation,53858,8
Validation,53859,3
Validation,53860,7
Validation,53861,6
Validation,53862,4
Validation,53863,2
Validation,53864,3
Validation,53865,7
Validation,53866,0
Validation,53867,3
Validation,53868,5
Validation,53869,8
Validation,53870,8
Validation,53871,8
Validation,53872,7
Validation,53873,9
Validation,53874,6
Validation,53875,2
Validation,53876,7
Validation,53877,4
Validation,53878,5
Validation,53879,7
Validation,53880,6
Validation,53881,7
Validation,53882,1
Validation,53883,7
Validation,53884,3
Validation,53885,6
Validation,53886,8
Validation,53887,2
Validation,53888,6
Validation,53889,6
Validation,53890,7
Validation,53891,1
Validation,53892,5
Validation,53893,9
Validation,53894,7
Validation,53895,1
Validation,53896,7
Validation,53897,0
Validation,53898,1
Validation,53899,6
Validation,53900,3
Validation,53901,3
Validation,53902,9
Validation,53903,0
Validation,53904,1
Validation,53905,2
Validation,53906,3
Validation,53907,2
Validation,53908,2
Validation,53909,5
Validation,53910,4
Validation,53911,9
Validation,53912,8
Validation,53913,7
Validation,53914,4
Validation,53915,4
Validation,53916,9
Validation,53917,7
Validation,53918,6
Validation,53919,7
Validation,53920,7
Validation,53921,1
Validation,53922,2
Validation,53923,3
Validation,53924,5
Validation,53925,1
Validation,53926,9
Validation,53927,0
Validation,53928,3
Validation,53929,3
Validation,53930,1
Validation,53931,5
Validation,53932,6
Validation,53933,6
Validation,53934,2
Validation,53935,4
Validation,53936,6
Validation,53937,8
Validation,53938,8
Validation,53939,9
Validation,53940,6
Validation,53941,6
Validation,53942,1
Validation,53943,0
Validation,53944,7
Validation,53945,5
Validation,53946,8
Validation,53947,2
Validation,53948,1
Validation,53949,5
Validation,53950,8
Validation,53951,1
Validation,53952,4
Validation,53953,7
Validation,53954,5
Validation,53955,0
Validation,53956,3
Validation,53957,9
Validation,53958,9
Validation,53959,5
Validation,53960,2
Validation,53961,8
Validation,53962,4
Validation,53963,1
Validation,53964,9
Validation,53965,0
Validation,53966,4
Validation,53967,4
Validation,53968,8
Validation,53969,2
Validation,53970,9
Validation,53971,0
Validation,53972,7
Validation,53973,9
Validation,53974,8
Validation,53975,7
Validation,53976,1
Validation,53977,3
Validation,53978,2
Validation,53979,9
Validation,53980,9
Validation,53981,5
Validation,53982,9
Validation,53983,7
Validation,53984,6
Validation,53985,7
Validation,53986,7
Validation,53987,1
Validation,53988,1
Validation,53989,2
Validation,53990,4
Validation,53991,2
Validation,53992,0
Validation,53993,6
Validation,53994,8
Validation,53995,7
Validation,53996,6
Validation,53997,2
Validation,53998,2
Validation,53999,9
Validation,54000,8
Validation,54001,2
Validation,54002,4
Validation,54003,2
Validation,54004,0
Validation,54005,5
Validation,54006,8
Validation,54007,6
Validation,54008,8
Validation,54009,2
Validation,54010,7
Validation,54011,7
Validation,54012,3
Validation,54013,1
Validation,54014,8
Validation,54015,1
Validation,54016,6
Validation,54017,5
Validation,54018,9
Validation,54019,7
Validation,54020,8
Validation,54021,9
Validation,54022,6
Validation,54023,4
Validation,54024,8
Validation,54025,1
Validation,54026,9
Validation,54027,4
Validation,54028,0
Validation,54029,4
Validation,54030,1
Validation,54031,4
Validation,54032,3
Validation,54033,6
Validation,54034,2
Validation,54035,2
Validation,54036,7
Validation,54037,0
Validation,54038,0
Validation,54039,7
Validation,54040,0
Validation,54041,7
Validation,54042,4
Validation,54043,3
Validation,54044,6
Validation,54045,7
Validation,54046,7
Validation,54047,4
Validation,54048,5
Validation,54049,4
Validation,54050,3
Validation,54051,5
Validation,54052,5
Validation,54053,4
Validation,54054,7
Validation,54055,1
Validation,54056,0
Validation,54057,7
Validation,54058,7
Validation,54059,1
Validation,54060,6
Validation,54061,5
Validation,54062,0
Validation,54063,7
Validation,54064,7
Validation,54065,4
Validation,54066,6
Validation,54067,1
Validation,54068,8
Validation,54069,5
Validation,54070,9
Validation,54071,3
Validation,54072,5
Validation,54073,6
Validation,54074,2
Validation,54075,2
Validation,54076,7
Validation,54077,3
Validation,54078,5
Validation,54079,8
Validation,54080,1
Validation,54081,0
Validation,54082,6
Validation,54083,8
Validation,54084,7
Validation,54085,8
Validation,54086,8
Validation,54087,5
Validation,54088,7
Validation,54089,5
Validation,54090,4
Validation,54091,9
Validation,54092,7
Validation,54093,3
Validation,54094,3
Validation,54095,8
Validation,54096,8
Validation,54097,3
Validation,54098,9
Validation,54099,4
Validation,54100,7
Validation,54101,2
Validation,54102,0
Validation,54103,8
Validation,54104,0
Validation,54105,7
Validation,54106,3
Validation,54107,3
Validation,54108,2
Validation,54109,5
Validation,54110,2
Validation,54111,4
Validation,54112,4
Validation,54113,0
Validation,54114,4
Validation,54115,8
Validation,54116,2
Validation,54117,4
Validation,54118,0
Validation,54119,6
Validation,54120,4
Validation,54121,5
Validation,54122,6
Validation,54123,0
Validation,54124,8
Validation,54125,8
Validation,54126,0
Validation,54127,6
Validation,54128,1
Validation,54129,1
Validation,54130,6
Validation,54131,1
Validation,54132,4
Validation,54133,2
Validation,54134,1
Validation,54135,1
Validation,54136,2
Validation,54137,4
Validation,54138,4
Validation,54139,5
Validation,54140,5
Validation,54141,8
Validation,54142,8
Validation,54143,5
Validation,54144,1
Validation,54145,8
Validation,54146,2
Validation,54147,3
Validation,54148,3
Validation,54149,9
Validation,54150,6
Validation,54151,6
Validation,54152,5
Validation,54153,0
Validation,54154,7
Validation,54155,3
Validation,54156,3
Validation,54157,2
Validation,54158,7
Validation,54159,4
Validation,54160,5
Validation,54161,6
Validation,54162,0
Validation,54163,2
Validation,54164,1
Validation,54165,8
Validation,54166,1
Validation,54167,0
Validation,54168,9
Validation,54169,3
Validation,54170,1
Validation,54171,0
Validation,54172,5
Validation,54173,4
Validation,54174,2
Validation,54175,3
Validation,54176,3
Validation,54177,6
Validation,54178,7
Validation,54179,6
Validation,54180,0
Validation,54181,0
Validation,54182,5
Validation,54183,7
Validation,54184,4
Validation,54185,7
Validation,54186,7
Validation,54187,0
Validation,54188,6
Validation,54189,1
Validation,54190,3
Validation,54191,9
Validation,54192,0
Validation,54193,9
Validation,54194,0
Validation,54195,3
Validation,54196,8
Validation,54197,4
Validation,54198,8
Validation,54199,8
Validation,54200,4
Validation,54201,1
Validation,54202,0
Validation,54203,2
Validation,54204,2
Validation,54205,4
Validation,54206,1
Validation,54207,1
Validation,54208,2
Validation,54209,4
Validation,54210,3
Validation,54211,4
Validation,54212,1
Validation,54213,4
Validation,54214,7
Validation,54215,1
Validation,54216,0
Validation,54217,0
Validation,54218,9
Validation,54219,0
Validation,54220,4
Validation,54221,2
Validation,54222,8
Validation,54223,8
Validation,54224,5
Validation,54225,5
Validation,54226,0
Validation,54227,4
Validation,54228,0
Validation,54229,8
Validation,54230,6
Validation,54231,2
Validation,54232,5
Validation,54233,9
Validation,54234,2
Validation,54235,9
Validation,54236,1
Validation,54237,1
Validation,54238,5
Validation,54239,4
Validation,54240,7
Validation,54241,5
Validation,54242,8
Validation,54243,6
Validation,54244,2
Validation,54245,1
Validation,54246,5
Validation,54247,5
Validation,54248,3
Validation,54249,4
Validation,54250,1
Validation,54251,8
Validation,54252,9
Validation,54253,9
Validation,54254,8
Validation,54255,9
Validation,54256,8
Validation,54257,6
Validation,54258,8
Validation,54259,5
Validation,54260,8
Validation,54261,9
Validation,54262,4
Validation,54263,6
Validation,54264,2
Validation,54265,6
Validation,54266,3
Validation,54267,7
Validation,54268,4
Validation,54269,0
Validation,54270,0
Validation,54271,1
Validation,54272,7
Validation,54273,5
Validation,54274,1
Validation,54275,5
Validation,54276,9
Validation,54277,3
Validation,54278,1
Validation,54279,6
Validation,54280,8
Validation,54281,7
Validation,54282,3
Validation,54283,6
Validation,54284,9
Validation,54285,1
Validation,54286,2
Validation,54287,0
Validation,54288,1
Validation,54289,7
Validation,54290,2
Validation,54291,6
Validation,54292,1
Validation,54293,9
Validation,54294,0
Validation,54295,0
Validation,54296,8
Validation,54297,9
Validation,54298,9
Validation,54299,2
Validation,54300,8
Validation,54301,6
Validation,54302,2
Validation,54303,5
Validation,54304,6
Validation,54305,0
Validation,54306,3
Validation,54307,3
Validation,54308,0
Validation,54309,7
Validation,54310,4
Validation,54311,7
Validation,54312,5
Validation,54313,0
Validation,54314,1
Validation,54315,6
Validation,54316,8
Validation,54317,8
Validation,54318,1
Validation,54319,2
Validation,54320,1
Validation,54321,5
Validation,54322,4
Validation,54323,5
Validation,54324,9
Validation,54325,6
Validation,54326,7
Validation,54327,1
Validation,54328,0
Validation,54329,6
Validation,54330,9
Validation,54331,2
Validation,54332,7
Validation,54333,7
Validation,54334,3
Validation,54335,9
Validation,54336,9
Validation,54337,1
Validation,54338,9
Validation,54339,7
Validation,54340,0
Validation,54341,1
Validation,54342,3
Validation,54343,5
Validation,54344,4
Validation,54345,6
Validation,54346,3
Validation,54347,8
Validation,54348,8
Validation,54349,0
Validation,54350,4
Validation,54351,8
Validation,54352,3
Validation,54353,6
Validation,54354,7
Validation,54355,0
Validation,54356,0
Validation,54357,4
Validation,54358,5
Validation,54359,2
Validation,54360,6
Validation,54361,8
Validation,54362,4
Validation,54363,9
Validation,54364,9
Validation,54365,9
Validation,54366,2
Validation,54367,0
Validation,54368,4
Validation,54369,2
Validation,54370,8
Validation,54371,1
Validation,54372,1
Validation,54373,0
Validation,54374,0
Validation,54375,3
Validation,54376,7
Validation,54377,4
Validation,54378,1
Validation,54379,1
Validation,54380,9
Validation,54381,7
Validation,54382,7
Validation,54383,4
Validation,54384,6
Validation,54385,8
Validation,54386,6
Validation,54387,0
Validation,54388,2
Validation,54389,8
Validation,54390,5
Validation,54391,3
Validation,54392,5
Validation,54393,3
Validation,54394,5
Validation,54395,7
Validation,54396,9
Validation,54397,8
Validation,54398,4
Validation,54399,4
Validation,54400,3
Validation,54401,1
Validation,54402,4
Validation,54403,8
Validation,54404,3
Validation,54405,6
Validation,54406,5
Validation,54407,3
Validation,54408,0
Validation,54409,8
Validation,54410,9
Validation,54411,5
Validation,54412,7
Validation,54413,6
Validation,54414,2
Validation,54415,0
Validation,54416,4
Validation,54417,9
Validation,54418,9
Validation,54419,0
Validation,54420,5
Validation,54421,2
Validation,54422,3
Validation,54423,6
Validation,54424,1
Validation,54425,1
Validation,54426,0
Validation,54427,2
Validation,54428,8
Validation,54429,2
Validation,54430,1
Validation,54431,1
Validation,54432,7
Validation,54433,5
Validation,54434,2
Validation,54435,3
Validation,54436,4
Validation,54437,1
Validation,54438,2
Validation,54439,9
Validation,54440,2
Validation,54441,1
Validation,54442,3
Validation,54443,4
Validation,54444,8
Validation,54445,9
Validation,54446,0
Validation,54447,0
Validation,54448,4
Validation,54449,9
Validation,54450,0
Validation,54451,2
Validation,54452,2
Validation,54453,0
Validation,54454,6
Validation,54455,8
Validation,54456,7
Validation,54457,3
Validation,54458,3
Validation,54459,8
Validation,54460,9
Validation,54461,0
Validation,54462,2
Validation,54463,5
Validation,54464,3
Validation,54465,6
Validation,54466,1
Validation,54467,3
Validation,54468,9
Validation,54469,5
Validation,54470,0
Validation,54471,5
Validation,54472,4
Validation,54473,4
Validation,54474,0
Validation,54475,1
Validation,54476,1
Validation,54477,6
Validation,54478,1
Validation,54479,7
Validation,54480,9
Validation,54481,9
Validation,54482,6
Validation,54483,2
Validation,54484,4
Validation,54485,3
Validation,54486,8
Validation,54487,3
Validation,54488,4
Validation,54489,7
Validation,54490,0
Validation,54491,2
Validation,54492,8
Validation,54493,4
Validation,54494,8
Validation,54495,3
Validation,54496,8
Validation,54497,8
Validation,54498,8
Validation,54499,3
Validation,54500,3
Validation,54501,5
Validation,54502,7
Validation,54503,7
Validation,54504,0
Validation,54505,4
Validation,54506,1
Validation,54507,5
Validation,54508,9
Validation,54509,7
Validation,54510,0
Validation,54511,6
Validation,54512,8
Validation,54513,4
Validation,54514,9
Validation,54515,0
Validation,54516,1
Validation,54517,8
Validation,54518,9
Validation,54519,6
Validation,54520,3
Validation,54521,9
Validation,54522,2
Validation,54523,4
Validation,54524,4
Validation,54525,0
Validation,54526,3
Validation,54527,3
Validation,54528,5
Validation,54529,4
Validation,54530,5
Validation,54531,1
Validation,54532,1
Validation,54533,8
Validation,54534,2
Validation,54535,2
Validation,54536,9
Validation,54537,3
Validation,54538,7
Validation,54539,8
Validation,54540,9
Validation,54541,2
Validation,54542,3
Validation,54543,1
Validation,54544,7
Validation,54545,3
Validation,54546,2
Validation,54547,3
Validation,54548,0
Validation,54549,1
Validation,54550,9
Validation,54551,5
Validation,54552,5
Validation,54553,3
Validation,54554,4
Validation,54555,5
Validation,54556,2
Validation,54557,0
Validation,54558,0
Validation,54559,3
Validation,54560,1
Validation,54561,3
Validation,54562,4
Validation,54563,7
Validation,54564,4
Validation,54565,2
Validation,54566,8
Validation,54567,4
Validation,54568,8
Validation,54569,9
Validation,54570,9
Validation,54571,4
Validation,54572,2
Validation,54573,4
Validation,54574,3
Validation,54575,6
Validation,54576,4
Validation,54577,6
Validation,54578,4
Validation,54579,6
Validation,54580,6
Validation,54581,3
Validation,54582,8
Validation,54583,7
Validation,54584,4
Validation,54585,8
Validation,54586,0
Validation,54587,5
Validation,54588,9
Validation,54589,3
Validation,54590,9
Validation,54591,0
Validation,54592,7
Validation,54593,5
Validation,54594,1
Validation,54595,9
Validation,54596,7
Validation,54597,9
Validation,54598,1
Validation,54599,8
Validation,54600,4
Validation,54601,2
Validation,54602,1
Validation,54603,6
Validation,54604,4
Validation,54605,3
Validation,54606,0
Validation,54607,1
Validation,54608,4
Validation,54609,8
Validation,54610,6
Validation,54611,1
Validation,54612,7
Validation,54613,1
Validation,54614,3
Validation,54615,5
Validation,54616,4
Validation,54617,3
Validation,54618,3
Validation,54619,9
Validation,54620,7
Validation,54621,8
Validation,54622,2
Validation,54623,5
Validation,54624,5
Validation,54625,4
Validation,54626,5
Validation,54627,4
Validation,54628,5
Validation,54629,7
Validation,54630,2
Validation,54631,5
Validation,54632,5
Validation,54633,1
Validation,54634,7
Validation,54635,7
Validation,54636,8
Validation,54637,3
Validation,54638,6
Validation,54639,0
Validation,54640,2
Validation,54641,5
Validation,54642,2
Validation,54643,3
Validation,54644,7
Validation,54645,4
Validation,54646,2
Validation,54647,1
Validation,54648,6
Validation,54649,8
Validation,54650,6
Validation,54651,8
Validation,54652,3
Validation,54653,2
Validation,54654,7
Validation,54655,7
Validation,54656,9
Validation,54657,7
Validation,54658,1
Validation,54659,4
Validation,54660,7
Validation,54661,4
Validation,54662,6
Validation,54663,1
Validation,54664,7
Validation,54665,3
Validation,54666,0
Validation,54667,0
Validation,54668,6
Validation,54669,6
Validation,54670,8
Validation,54671,6
Validation,54672,6
Validation,54673,0
Validation,54674,3
Validation,54675,4
Validation,54676,7
Validation,54677,4
Validation,54678,9
Validation,54679,4
Validation,54680,9
Validation,54681,9
Validation,54682,3
Validation,54683,4
Validation,54684,1
Validation,54685,4
Validation,54686,0
Validation,54687,3
Validation,54688,7
Validation,54689,1
Validation,54690,2
Validation,54691,2
Validation,54692,8
Validation,54693,4
Validation,54694,7
Validation,54695,8
Validation,54696,5
Validation,54697,5
Validation,54698,6
Validation,54699,5
Validation,54700,6
Validation,54701,0
Validation,54702,6
Validation,54703,4
Validation,54704,9
Validation,54705,3
Validation,54706,2
Validation,54707,7
Validation,54708,3
Validation,54709,8
Validation,54710,3
Validation,54711,9
Validation,54712,4
Validation,54713,1
Validation,54714,6
Validation,54715,9
Validation,54716,9
Validation,54717,4
Validation,54718,3
Validation,54719,9
Validation,54720,8
Validation,54721,1
Validation,54722,6
Validation,54723,9
Validation,54724,5
Validation,54725,9
Validation,54726,0
Validation,54727,9
Validation,54728,7
Validation,54729,2
Validation,54730,2
Validation,54731,4
Validation,54732,2
Validation,54733,6
Validation,54734,4
Validation,54735,8
Validation,54736,1
Validation,54737,9
Validation,54738,5
Validation,54739,6
Validation,54740,5
Validation,54741,1
Validation,54742,8
Validation,54743,6
Validation,54744,6
Validation,54745,7
Validation,54746,6
Validation,54747,5
Validation,54748,0
Validation,54749,2
Validation,54750,7
Validation,54751,6
Validation,54752,1
Validation,54753,2
Validation,54754,3
Validation,54755,1
Validation,54756,6
Validation,54757,4
Validation,54758,9
Validation,54759,0
Validation,54760,3
Validation,54761,9
Validation,54762,1
Validation,54763,0
Validation,54764,5
Validation,54765,3
Validation,54766,1
Validation,54767,6
Validation,54768,9
Validation,54769,8
Validation,54770,9
Validation,54771,0
Validation,54772,6
Validation,54773,1
Validation,54774,6
Validation,54775,2
Validation,54776,3
Validation,54777,5
Validation,54778,6
Validation,54779,9
Validation,54780,0
Validation,54781,7
Validation,54782,2
Validation,54783,4
Validation,54784,0
Validation,54785,3
Validation,54786,6
Validation,54787,8
Validation,54788,6
Validation,54789,9
Validation,54790,1
Validation,54791,9
Validation,54792,0
Validation,54793,6
Validation,54794,4
Validation,54795,5
Validation,54796,9
Validation,54797,5
Validation,54798,4
Validation,54799,1
Validation,54800,9
Validation,54801,2
Validation,54802,0
Validation,54803,7
Validation,54804,3
Validation,54805,5
Validation,54806,1
Validation,54807,8
Validation,54808,3
Validation,54809,0
Validation,54810,5
Validation,54811,2
Validation,54812,8
Validation,54813,8
Validation,54814,3
Validation,54815,9
Validation,54816,6
Validation,54817,0
Validation,54818,3
Validation,54819,5
Validation,54820,3
Validation,54821,4
Validation,54822,1
Validation,54823,5
Validation,54824,0
Validation,54825,7
Validation,54826,3
Validation,54827,9
Validation,54828,4
Validation,54829,5
Validation,54830,3
Validation,54831,1
Validation,54832,4
Validation,54833,2
Validation,54834,4
Validation,54835,9
Validation,54836,9
Validation,54837,7
Validation,54838,1
Validation,54839,7
Validation,54840,0
Validation,54841,1
Validation,54842,2
Validation,54843,1
Validation,54844,5
Validation,54845,3
Validation,54846,8
Validation,54847,4
Validation,54848,1
Validation,54849,5
Validation,54850,1
Validation,54851,9
Validation,54852,9
Validation,54853,7
Validation,54854,0
Validation,54855,1
Validation,54856,7
Validation,54857,6
Validation,54858,2
Validation,54859,6
Validation,54860,5
Validation,54861,0
Validation,54862,3
Validation,54863,1
Validation,54864,3
Validation,54865,8
Validation,54866,9
Validation,54867,9
Validation,54868,0
Validation,54869,8
Validation,54870,8
Validation,54871,7
Validation,54872,9
Validation,54873,2
Validation,54874,9
Validation,54875,1
Validation,54876,3
Validation,54877,6
Validation,54878,7
Validation,54879,6
Validation,54880,0
Validation,54881,8
Validation,54882,6
Validation,54883,2
Validation,54884,4
Validation,54885,2
Validation,54886,3
Validation,54887,5
Validation,54888,5
Validation,54889,4
Validation,54890,1
Validation,54891,6
Validation,54892,7
Validation,54893,1
Validation,54894,6
Validation,54895,1
Validation,54896,7
Validation,54897,1
Validation,54898,6
Validation,54899,2
Validation,54900,3
Validation,54901,0
Validation,54902,4
Validation,54903,2
Validation,54904,9
Validation,54905,7
Validation,54906,5
Validation,54907,5
Validation,54908,6
Validation,54909,0
Validation,54910,8
Validation,54911,8
Validation,54912,1
Validation,54913,1
Validation,54914,3
Validation,54915,5
Validation,54916,6
Validation,54917,5
Validation,54918,3
Validation,54919,8
Validation,54920,7
Validation,54921,5
Validation,54922,0
Validation,54923,7
Validation,54924,7
Validation,54925,5
Validation,54926,7
Validation,54927,1
Validation,54928,9
Validation,54929,9
Validation,54930,1
Validation,54931,9
Validation,54932,9
Validation,54933,3
Validation,54934,5
Validation,54935,5
Validation,54936,3
Validation,54937,0
Validation,54938,3
Validation,54939,0
Validation,54940,6
Validation,54941,6
Validation,54942,5
Validation,54943,6
Validation,54944,8
Validation,54945,9
Validation,54946,4
Validation,54947,5
Validation,54948,1
Validation,54949,1
Validation,54950,2
Validation,54951,7
Validation,54952,9
Validation,54953,0
Validation,54954,1
Validation,54955,2
Validation,54956,5
Validation,54957,4
Validation,54958,4
Validation,54959,7
Validation,54960,4
Validation,54961,8
Validation,54962,3
Validation,54963,3
Validation,54964,5
Validation,54965,3
Validation,54966,5
Validation,54967,7
Validation,54968,0
Validation,54969,1
Validation,54970,2
Validation,54971,9
Validation,54972,8
Validation,54973,1
Validation,54974,7
Validation,54975,3
Validation,54976,5
Validation,54977,9
Validation,54978,1
Validation,54979,9
Validation,54980,1
Validation,54981,1
Validation,54982,3
Validation,54983,6
Validation,54984,7
Validation,54985,4
Validation,54986,8
Validation,54987,3
Validation,54988,5
Validation,54989,6
Validation,54990,7
Validation,54991,0
Validation,54992,1
Validation,54993,7
Validation,54994,7
Validation,54995,2
Validation,54996,3
Validation,54997,3
Validation,54998,5
Validation,54999,1
Validation,55000,7
Validation,55001,6
Validation,55002,8
Validation,55003,4
Validation,55004,4
Validation,55005,5
Validation,55006,7
Validation,55007,3
Validation,55008,4
Validation,55009,7
Validation,55010,7
Validation,55011,3
Validation,55012,6
Validation,55013,0
Validation,55014,7
Validation,55015,2
Validation,55016,6
Validation,55017,7
Validation,55018,4
Validation,55019,1
Validation,55020,8
Validation,55021,0
Validation,55022,2
Validation,55023,2
Validation,55024,1
Validation,55025,5
Validation,55026,4
Validation,55027,0
Validation,55028,9
Validation,55029,3
Validation,55030,4
Validation,55031,4
Validation,55032,2
Validation,55033,3
Validation,55034,8
Validation,55035,5
Validation,55036,0
Validation,55037,0
Validation,55038,4
Validation,55039,6
Validation,55040,3
Validation,55041,9
Validation,55042,2
Validation,55043,0
Validation,55044,5
Validation,55045,7
Validation,55046,5
Validation,55047,5
Validation,55048,1
Validation,55049,7
Validation,55050,3
Validation,55051,1
Validation,55052,6
Validation,55053,7
Validation,55054,9
Validation,55055,0
Validation,55056,1
Validation,55057,2
Validation,55058,1
Validation,55059,4
Validation,55060,6
Validation,55061,1
Validation,55062,5
Validation,55063,9
Validation,55064,5
Validation,55065,0
Validation,55066,4
Validation,55067,9
Validation,55068,4
Validation,55069,9
Validation,55070,7
Validation,55071,1
Validation,55072,6
Validation,55073,8
Validation,55074,0
Validation,55075,6
Validation,55076,5
Validation,55077,0
Validation,55078,8
Validation,55079,1
Validation,55080,7
Validation,55081,5
Validation,55082,6
Validation,55083,9
Validation,55084,3
Validation,55085,2
Validation,55086,3
Validation,55087,9
Validation,55088,8
Validation,55089,6
Validation,55090,1
Validation,55091,0
Validation,55092,9
Validation,55093,0
Validation,55094,9
Validation,55095,8
Validation,55096,7
Validation,55097,7
Validation,55098,5
Validation,55099,2
Validation,55100,3
Validation,55101,5
Validation,55102,5
Validation,55103,7
Validation,55104,8
Validation,55105,7
Validation,55106,6
Validation,55107,9
Validation,55108,1
Validation,55109,9
Validation,55110,8
Validation,55111,6
Validation,55112,5
Validation,55113,6
Validation,55114,7
Validation,55115,5
Validation,55116,6
Validation,55117,7
Validation,55118,2
Validation,55119,5
Validation,55120,9
Validation,55121,6
Validation,55122,6
Validation,55123,7
Validation,55124,0
Validation,55125,1
Validation,55126,0
Validation,55127,1
Validation,55128,3
Validation,55129,2
Validation,55130,5
Validation,55131,6
Validation,55132,1
Validation,55133,2
Validation,55134,5
Validation,55135,1
Validation,55136,9
Validation,55137,9
Validation,55138,8
Validation,55139,6
Validation,55140,8
Validation,55141,6
Validation,55142,8
Validation,55143,9
Validation,55144,0
Validation,55145,4
Validation,55146,0
Validation,55147,3
Validation,55148,3
Validation,55149,6
Validation,55150,4
Validation,55151,9
Validation,55152,9
Validation,55153,7
Validation,55154,2
Validation,55155,3
Validation,55156,5
Validation,55157,6
Validation,55158,4
Validation,55159,6
Validation,55160,0
Validation,55161,3
Validation,55162,7
Validation,55163,5
Validation,55164,0
Validation,55165,2
Validation,55166,9
Validation,55167,2
Validation,55168,7
Validation,55169,2
Validation,55170,9
Validation,55171,2
Validation,55172,4
Validation,55173,0
Validation,55174,6
Validation,55175,6
Validation,55176,3
Validation,55177,4
Validation,55178,5
Validation,55179,5
Validation,55180,9
Validation,55181,1
Validation,55182,1
Validation,55183,4
Validation,55184,4
Validation,55185,3
Validation,55186,5
Validation,55187,4
Validation,55188,8
Validation,55189,0
Validation,55190,0
Validation,55191,3
Validation,55192,9
Validation,55193,4
Validation,55194,7
Validation,55195,4
Validation,55196,2
Validation,55197,8
Validation,55198,3
Validation,55199,6
Validation,55200,3
Validation,55201,1
Validation,55202,9
Validation,55203,6
Validation,55204,3
Validation,55205,8
Validation,55206,3
Validation,55207,8
Validation,55208,4
Validation,55209,7
Validation,55210,5
Validation,55211,7
Validation,55212,5
Validation,55213,3
Validation,55214,1
Validation,55215,2
Validation,55216,6
Validation,55217,1
Validation,55218,3
Validation,55219,2
Validation,55220,0
Validation,55221,7
Validation,55222,5
Validation,55223,0
Validation,55224,0
Validation,55225,0
Validation,55226,1
Validation,55227,4
Validation,55228,3
Validation,55229,5
Validation,55230,8
Validation,55231,4
Validation,55232,3
Validation,55233,1
Validation,55234,7
Validation,55235,1
Validation,55236,0
Validation,55237,4
Validation,55238,2
Validation,55239,4
Validation,55240,1
Validation,55241,4
Validation,55242,0
Validation,55243,1
Validation,55244,2
Validation,55245,1
Validation,55246,7
Validation,55247,7
Validation,55248,9
Validation,55249,8
Validation,55250,7
Validation,55251,5
Validation,55252,4
Validation,55253,0
Validation,55254,9
Validation,55255,0
Validation,55256,0
Validation,55257,8
Validation,55258,2
Validation,55259,0
Validation,55260,0
Validation,55261,2
Validation,55262,4
Validation,55263,8
Validation,55264,6
Validation,55265,2
Validation,55266,4
Validation,55267,6
Validation,55268,3
Validation,55269,5
Validation,55270,1
Validation,55271,5
Validation,55272,3
Validation,55273,7
Validation,55274,2
Validation,55275,2
Validation,55276,9
Validation,55277,8
Validation,55278,0
Validation,55279,0
Validation,55280,0
Validation,55281,3
Validation,55282,4
Validation,55283,4
Validation,55284,6
Validation,55285,1
Validation,55286,6
Validation,55287,7
Validation,55288,4
Validation,55289,4
Validation,55290,3
Validation,55291,9
Validation,55292,4
Validation,55293,0
Validation,55294,8
Validation,55295,0
Validation,55296,4
Validation,55297,6
Validation,55298,5
Validation,55299,7
Validation,55300,9
Validation,55301,7
Validation,55302,0
Validation,55303,5
Validation,55304,7
Validation,55305,7
Validation,55306,3
Validation,55307,1
Validation,55308,9
Validation,55309,3
Validation,55310,0
Validation,55311,9
Validation,55312,5
Validation,55313,3
Validation,55314,7
Validation,55315,9
Validation,55316,4
Validation,55317,4
Validation,55318,1
Validation,55319,7
Validation,55320,7
Validation,55321,1
Validation,55322,4
Validation,55323,1
Validation,55324,2
Validation,55325,8
Validation,55326,7
Validation,55327,0
Validation,55328,0
Validation,55329,4
Validation,55330,7
Validation,55331,2
Validation,55332,9
Validation,55333,7
Validation,55334,6
Validation,55335,9
Validation,55336,3
Validation,55337,5
Validation,55338,8
Validation,55339,0
Validation,55340,3
Validation,55341,6
Validation,55342,8
Validation,55343,3
Validation,55344,2
Validation,55345,4
Validation,55346,7
Validation,55347,1
Validation,55348,1
Validation,55349,3
Validation,55350,9
Validation,55351,7
Validation,55352,5
Validation,55353,1
Validation,55354,0
Validation,55355,8
Validation,55356,7
Validation,55357,0
Validation,55358,1
Validation,55359,6
Validation,55360,9
Validation,55361,3
Validation,55362,2
Validation,55363,7
Validation,55364,7
Validation,55365,8
Validation,55366,1
Validation,55367,0
Validation,55368,3
Validation,55369,4
Validation,55370,6
Validation,55371,7
Validation,55372,5
Validation,55373,2
Validation,55374,0
Validation,55375,1
Validation,55376,5
Validation,55377,5
Validation,55378,1
Validation,55379,4
Validation,55380,1
Validation,55381,3
Validation,55382,0
Validation,55383,8
Validation,55384,6
Validation,55385,2
Validation,55386,1
Validation,55387,3
Validation,55388,6
Validation,55389,4
Validation,55390,1
Validation,55391,9
Validation,55392,0
Validation,55393,4
Validation,55394,1
Validation,55395,0
Validation,55396,1
Validation,55397,9
Validation,55398,8
Validation,55399,6
Validation,55400,9
Validation,55401,2
Validation,55402,4
Validation,55403,7
Validation,55404,2
Validation,55405,2
Validation,55406,7
Validation,55407,4
Validation,55408,9
Validation,55409,1
Validation,55410,3
Validation,55411,2
Validation,55412,6
Validation,55413,3
Validation,55414,4
Validation,55415,4
Validation,55416,9
Validation,55417,4
Validation,55418,8
Validation,55419,2
Validation,55420,6
Validation,55421,6
Validation,55422,1
Validation,55423,6
Validation,55424,3
Validation,55425,6
Validation,55426,5
Validation,55427,8
Validation,55428,4
Validation,55429,6
Validation,55430,7
Validation,55431,1
Validation,55432,9
Validation,55433,3
Validation,55434,6
Validation,55435,7
Validation,55436,6
Validation,55437,0
Validation,55438,7
Validation,55439,1
Validation,55440,9
Validation,55441,5
Validation,55442,2
Validation,55443,6
Validation,55444,7
Validation,55445,7
Validation,55446,6
Validation,55447,5
Validation,55448,9
Validation,55449,1
Validation,55450,5
Validation,55451,6
Validation,55452,0
Validation,55453,2
Validation,55454,0
Validation,55455,9
Validation,55456,1
Validation,55457,8
Validation,55458,3
Validation,55459,5
Validation,55460,0
Validation,55461,0
Validation,55462,0
Validation,55463,5
Validation,55464,7
Validation,55465,7
Validation,55466,8
Validation,55467,5
Validation,55468,5
Validation,55469,5
Validation,55470,1
Validation,55471,6
Validation,55472,1
Validation,55473,5
Validation,55474,1
Validation,55475,0
Validation,55476,6
Validation,55477,2
Validation,55478,3
Validation,55479,2
Validation,55480,1
Validation,55481,7
Validation,55482,5
Validation,55483,1
Validation,55484,9
Validation,55485,8
Validation,55486,3
Validation,55487,6
Validation,55488,9
Validation,55489,7
Validation,55490,3
Validation,55491,0
Validation,55492,2
Validation,55493,3
Validation,55494,9
Validation,55495,4
Validation,55496,4
Validation,55497,3
Validation,55498,9
Validation,55499,6
Validation,55500,8
Validation,55501,6
Validation,55502,6
Validation,55503,8
Validation,55504,5
Validation,55505,4
Validation,55506,3
Validation,55507,6
Validation,55508,7
Validation,55509,7
Validation,55510,4
Validation,55511,3
Validation,55512,9
Validation,55513,6
Validation,55514,2
Validation,55515,4
Validation,55516,0
Validation,55517,1
Validation,55518,3
Validation,55519,6
Validation,55520,4
Validation,55521,9
Validation,55522,2
Validation,55523,6
Validation,55524,0
Validation,55525,3
Validation,55526,8
Validation,55527,7
Validation,55528,5
Validation,55529,3
Validation,55530,3
Validation,55531,8
Validation,55532,3
Validation,55533,2
Validation,55534,6
Validation,55535,3
Validation,55536,6
Validation,55537,2
Validation,55538,7
Validation,55539,4
Validation,55540,5
Validation,55541,7
Validation,55542,9
Validation,55543,0
Validation,55544,0
Validation,55545,6
Validation,55546,7
Validation,55547,2
Validation,55548,8
Validation,55549,5
Validation,55550,5
Validation,55551,7
Validation,55552,5
Validation,55553,5
Validation,55554,9
Validation,55555,4
Validation,55556,6
Validation,55557,4
Validation,55558,7
Validation,55559,3
Validation,55560,3
Validation,55561,6
Validation,55562,4
Validation,55563,1
Validation,55564,6
Validation,55565,3
Validation,55566,1
Validation,55567,6
Validation,55568,7
Validation,55569,0
Validation,55570,5
Validation,55571,0
Validation,55572,1
Validation,55573,9
Validation,55574,7
Validation,55575,3
Validation,55576,5
Validation,55577,2
Validation,55578,3
Validation,55579,9
Validation,55580,5
Validation,55581,6
Validation,55582,4
Validation,55583,0
Validation,55584,0
Validation,55585,0
Validation,55586,8
Validation,55587,0
Validation,55588,3
Validation,55589,2
Validation,55590,4
Validation,55591,5
Validation,55592,3
Validation,55593,7
Validation,55594,9
Validation,55595,6
Validation,55596,9
Validation,55597,3
Validation,55598,1
Validation,55599,2
Validation,55600,6
Validation,55601,7
Validation,55602,4
Validation,55603,5
Validation,55604,1
Validation,55605,3
Validation,55606,7
Validation,55607,6
Validation,55608,9
Validation,55609,5
Validation,55610,8
Validation,55611,5
Validation,55612,8
Validation,55613,5
Validation,55614,8
Validation,55615,5
Validation,55616,6
Validation,55617,5
Validation,55618,0
Validation,55619,8
Validation,55620,3
Validation,55621,8
Validation,55622,1
Validation,55623,8
Validation,55624,1
Validation,55625,5
Validation,55626,0
Validation,55627,9
Validation,55628,8
Validation,55629,6
Validation,55630,3
Validation,55631,6
Validation,55632,3
Validation,55633,4
Validation,55634,4
Validation,55635,7
Validation,55636,4
Validation,55637,7
Validation,55638,4
Validation,55639,3
Validation,55640,2
Validation,55641,4
Validation,55642,5
Validation,55643,5
Validation,55644,7
Validation,55645,5
Validation,55646,4
Validation,55647,5
Validation,55648,8
Validation,55649,0
Validation,55650,5
Validation,55651,4
Validation,55652,0
Validation,55653,5
Validation,55654,4
Validation,55655,3
Validation,55656,3
Validation,55657,2
Validation,55658,4
Validation,55659,2
Validation,55660,9
Validation,55661,4
Validation,55662,8
Validation,55663,8
Validation,55664,6
Validation,55665,2
Validation,55666,6
Validation,55667,1
Validation,55668,7
Validation,55669,0
Validation,55670,4
Validation,55671,3
Validation,55672,8
Validation,55673,5
Validation,55674,9
Validation,55675,7
Validation,55676,6
Validation,55677,7
Validation,55678,1
Validation,55679,0
Validation,55680,2
Validation,55681,3
Validation,55682,5
Validation,55683,6
Validation,55684,7
Validation,55685,1
Validation,55686,6
Validation,55687,2
Validation,55688,8
Validation,55689,3
Validation,55690,7
Validation,55691,2
Validation,55692,5
Validation,55693,7
Validation,55694,5
Validation,55695,7
Validation,55696,7
Validation,55697,1
Validation,55698,7
Validation,55699,4
Validation,55700,3
Validation,55701,3
Validation,55702,4
Validation,55703,0
Validation,55704,4
Validation,55705,2
Validation,55706,7
Validation,55707,0
Validation,55708,2
Validation,55709,2
Validation,55710,6
Validation,55711,6
Validation,55712,2
Validation,55713,5
Validation,55714,2
Validation,55715,6
Validation,55716,0
Validation,55717,6
Validation,55718,1
Validation,55719,2
Validation,55720,9
Validation,55721,0
Validation,55722,0
Validation,55723,1
Validation,55724,5
Validation,55725,5
Validation,55726,1
Validation,55727,6
Validation,55728,7
Validation,55729,8
Validation,55730,5
Validation,55731,6
Validation,55732,3
Validation,55733,3
Validation,55734,6
Validation,55735,0
Validation,55736,9
Validation,55737,9
Validation,55738,2
Validation,55739,2
Validation,55740,6
Validation,55741,1
Validation,55742,4
Validation,55743,6
Validation,55744,2
Validation,55745,5
Validation,55746,7
Validation,55747,8
Validation,55748,8
Validation,55749,5
Validation,55750,6
Validation,55751,4
Validation,55752,3
Validation,55753,2
Validation,55754,3
Validation,55755,4
Validation,55756,4
Validation,55757,4
Validation,55758,8
Validation,55759,9
Validation,55760,2
Validation,55761,6
Validation,55762,0
Validation,55763,9
Validation,55764,7
Validation,55765,9
Validation,55766,8
Validation,55767,7
Validation,55768,7
Validation,55769,3
Validation,55770,8
Validation,55771,2
Validation,55772,9
Validation,55773,3
Validation,55774,5
Validation,55775,7
Validation,55776,5
Validation,55777,8
Validation,55778,7
Validation,55779,3
Validation,55780,7
Validation,55781,0
Validation,55782,7
Validation,55783,1
Validation,55784,6
Validation,55785,2
Validation,55786,4
Validation,55787,0
Validation,55788,0
Validation,55789,2
Validation,55790,9
Validation,55791,8
Validation,55792,2
Validation,55793,8
Validation,55794,7
Validation,55795,7
Validation,55796,5
Validation,55797,5
Validation,55798,0
Validation,55799,1
Validation,55800,2
Validation,55801,9
Validation,55802,6
Validation,55803,1
Validation,55804,0
Validation,55805,1
Validation,55806,0
Validation,55807,6
Validation,55808,5
Validation,55809,0
Validation,55810,5
Validation,55811,7
Validation,55812,4
Validation,55813,4
Validation,55814,8
Validation,55815,3
Validation,55816,5
Validation,55817,3
Validation,55818,7
Validation,55819,2
Validation,55820,5
Validation,55821,8
Validation,55822,3
Validation,55823,5
Validation,55824,7
Validation,55825,3
Validation,55826,7
Validation,55827,0
Validation,55828,5
Validation,55829,4
Validation,55830,5
Validation,55831,6
Validation,55832,9
Validation,55833,3
Validation,55834,5
Validation,55835,3
Validation,55836,8
Validation,55837,2
Validation,55838,4
Validation,55839,2
Validation,55840,2
Validation,55841,6
Validation,55842,7
Validation,55843,6
Validation,55844,0
Validation,55845,5
Validation,55846,5
Validation,55847,8
Validation,55848,4
Validation,55849,5
Validation,55850,6
Validation,55851,1
Validation,55852,3
Validation,55853,5
Validation,55854,4
Validation,55855,7
Validation,55856,3
Validation,55857,0
Validation,55858,7
Validation,55859,2
Validation,55860,0
Validation,55861,1
Validation,55862,2
Validation,55863,4
Validation,55864,9
Validation,55865,6
Validation,55866,4
Validation,55867,5
Validation,55868,9
Validation,55869,7
Validation,55870,7
Validation,55871,6
Validation,55872,7
Validation,55873,4
Validation,55874,3
Validation,55875,1
Validation,55876,6
Validation,55877,9
Validation,55878,4
Validation,55879,8
Validation,55880,0
Validation,55881,3
Validation,55882,1
Validation,55883,6
Validation,55884,4
Validation,55885,4
Validation,55886,2
Validation,55887,1
Validation,55888,4
Validation,55889,6
Validation,55890,3
Validation,55891,0
Validation,55892,8
Validation,55893,9
Validation,55894,7
Validation,55895,6
Validation,55896,8
Validation,55897,4
Validation,55898,8
Validation,55899,1
Validation,55900,4
Validation,55901,5
Validation,55902,9
Validation,55903,4
Validation,55904,7
Validation,55905,1
Validation,55906,4
Validation,55907,5
Validation,55908,3
Validation,55909,1
Validation,55910,2
Validation,55911,6
Validation,55912,4
Validation,55913,7
Validation,55914,1
Validation,55915,5
Validation,55916,9
Validation,55917,3
Validation,55918,1
Validation,55919,4
Validation,55920,8
Validation,55921,7
Validation,55922,7
Validation,55923,0
Validation,55924,4
Validation,55925,3
Validation,55926,4
Validation,55927,6
Validation,55928,7
Validation,55929,7
Validation,55930,5
Validation,55931,4
Validation,55932,4
Validation,55933,4
Validation,55934,3
Validation,55935,6
Validation,55936,6
Validation,55937,1
Validation,55938,9
Validation,55939,9
Validation,55940,7
Validation,55941,9
Validation,55942,4
Validation,55943,3
Validation,55944,2
Validation,55945,9
Validation,55946,8
Validation,55947,5
Validation,55948,0
Validation,55949,6
Validation,55950,9
Validation,55951,0
Validation,55952,9
Validation,55953,7
Validation,55954,8
Validation,55955,5
Validation,55956,4
Validation,55957,4
Validation,55958,9
Validation,55959,4
Validation,55960,2
Validation,55961,6
Validation,55962,6
Validation,55963,9
Validation,55964,9
Validation,55965,7
Validation,55966,9
Validation,55967,9
Validation,55968,0
Validation,55969,5
Validation,55970,1
Validation,55971,1
Validation,55972,8
Validation,55973,6
Validation,55974,9
Validation,55975,9
Validation,55976,5
Validation,55977,6
Validation,55978,5
Validation,55979,5
Validation,55980,9
Validation,55981,7
Validation,55982,9
Validation,55983,4
Validation,55984,5
Validation,55985,4
Validation,55986,3
Validation,55987,3
Validation,55988,9
Validation,55989,8
Validation,55990,8
Validation,55991,3
Validation,55992,4
Validation,55993,8
Validation,55994,4
Validation,55995,0
Validation,55996,4
Validation,55997,0
Validation,55998,7
Validation,55999,2
Validation,56000,8
Validation,56001,0
Validation,56002,2
Validation,56003,0
Validation,56004,7
Validation,56005,4
Validation,56006,0
Validation,56007,6
Validation,56008,3
Validation,56009,3
Validation,56010,1
Validation,56011,7
Validation,56012,4
Validation,56013,6
Validation,56014,5
Validation,56015,0
Validation,56016,4
Validation,56017,9
Validation,56018,5
Validation,56019,6
Validation,56020,6
Validation,56021,3
Validation,56022,0
Validation,56023,5
Validation,56024,2
Validation,56025,6
Validation,56026,3
Validation,56027,3
Validation,56028,8
Validation,56029,0
Validation,56030,8
Validation,56031,5
Validation,56032,4
Validation,56033,2
Validation,56034,9
Validation,56035,5
Validation,56036,0
Validation,56037,5
Validation,56038,4
Validation,56039,8
Validation,56040,2
Validation,56041,7
Validation,56042,6
Validation,56043,5
Validation,56044,7
Validation,56045,8
Validation,56046,2
Validation,56047,0
Validation,56048,1
Validation,56049,8
Validation,56050,2
Validation,56051,4
Validation,56052,8
Validation,56053,4
Validation,56054,3
Validation,56055,0
Validation,56056,4
Validation,56057,0
Validation,56058,1
Validation,56059,9
Validation,56060,3
Validation,56061,0
Validation,56062,3
Validation,56063,6
Validation,56064,5
Validation,56065,5
Validation,56066,2
Validation,56067,8
Validation,56068,5
Validation,56069,0
Validation,56070,8
Validation,56071,7
Validation,56072,5
Validation,56073,2
Validation,56074,4
Validation,56075,3
Validation,56076,7
Validation,56077,0
Validation,56078,2
Validation,56079,3
Validation,56080,1
Validation,56081,0
Validation,56082,0
Validation,56083,2
Validation,56084,1
Validation,56085,2
Validation,56086,1
Validation,56087,4
Validation,56088,6
Validation,56089,7
Validation,56090,1
Validation,56091,0
Validation,56092,5
Validation,56093,2
Validation,56094,5
Validation,56095,9
Validation,56096,2
Validation,56097,5
Validation,56098,6
Validation,56099,7
Validation,56100,1
Validation,56101,9
Validation,56102,3
Validation,56103,6
Validation,56104,1
Validation,56105,0
Validation,56106,2
Validation,56107,9
Validation,56108,4
Validation,56109,2
Validation,56110,9
Validation,56111,3
Validation,56112,8
Validation,56113,2
Validation,56114,9
Validation,56115,8
Validation,56116,5
Validation,56117,1
Validation,56118,0
Validation,56119,1
Validation,56120,5
Validation,56121,2
Validation,56122,5
Validation,56123,6
Validation,56124,8
Validation,56125,8
Validation,56126,3
Validation,56127,5
Validation,56128,0
Validation,56129,4
Validation,56130,1
Validation,56131,3
Validation,56132,7
Validation,56133,0
Validation,56134,3
Validation,56135,3
Validation,56136,9
Validation,56137,2
Validation,56138,3
Validation,56139,9
Validation,56140,9
Validation,56141,8
Validation,56142,5
Validation,56143,9
Validation,56144,7
Validation,56145,2
Validation,56146,0
Validation,56147,9
Validation,56148,4
Validation,56149,7
Validation,56150,1
Validation,56151,7
Validation,56152,6
Validation,56153,4
Validation,56154,4
Validation,56155,8
Validation,56156,9
Validation,56157,0
Validation,56158,7
Validation,56159,1
Validation,56160,2
Validation,56161,4
Validation,56162,0
Validation,56163,3
Validation,56164,7
Validation,56165,5
Validation,56166,1
Validation,56167,9
Validation,56168,3
Validation,56169,5
Validation,56170,2
Validation,56171,4
Validation,56172,1
Validation,56173,1
Validation,56174,3
Validation,56175,3
Validation,56176,9
Validation,56177,2
Validation,56178,5
Validation,56179,8
Validation,56180,0
Validation,56181,8
Validation,56182,1
Validation,56183,5
Validation,56184,1
Validation,56185,5
Validation,56186,9
Validation,56187,0
Validation,56188,9
Validation,56189,2
Validation,56190,4
Validation,56191,0
Validation,56192,6
Validation,56193,9
Validation,56194,1
Validation,56195,1
Validation,56196,3
Validation,56197,4
Validation,56198,9
Validation,56199,5
Validation,56200,3
Validation,56201,3
Validation,56202,3
Validation,56203,3
Validation,56204,4
Validation,56205,1
Validation,56206,5
Validation,56207,9
Validation,56208,8
Validation,56209,7
Validation,56210,4
Validation,56211,8
Validation,56212,7
Validation,56213,3
Validation,56214,5
Validation,56215,2
Validation,56216,5
Validation,56217,8
Validation,56218,9
Validation,56219,7
Validation,56220,2
Validation,56221,0
Validation,56222,0
Validation,56223,7
Validation,56224,5
Validation,56225,3
Validation,56226,5
Validation,56227,7
Validation,56228,4
Validation,56229,6
Validation,56230,2
Validation,56231,8
Validation,56232,2
Validation,56233,7
Validation,56234,7
Validation,56235,6
Validation,56236,1
Validation,56237,3
Validation,56238,8
Validation,56239,6
Validation,56240,2
Validation,56241,0
Validation,56242,4
Validation,56243,4
Validation,56244,8
Validation,56245,6
Validation,56246,4
Validation,56247,0
Validation,56248,2
Validation,56249,5
Validation,56250,4
Validation,56251,1
Validation,56252,2
Validation,56253,5
Validation,56254,4
Validation,56255,6
Validation,56256,9
Validation,56257,5
Validation,56258,0
Validation,56259,5
Validation,56260,2
Validation,56261,0
Validation,56262,8
Validation,56263,2
Validation,56264,6
Validation,56265,4
Validation,56266,7
Validation,56267,9
Validation,56268,5
Validation,56269,7
Validation,56270,2
Validation,56271,6
Validation,56272,2
Validation,56273,1
Validation,56274,9
Validation,56275,9
Validation,56276,7
Validation,56277,2
Validation,56278,5
Validation,56279,1
Validation,56280,8
Validation,56281,1
Validation,56282,6
Validation,56283,3
Validation,56284,0
Validation,56285,8
Validation,56286,8
Validation,56287,5
Validation,56288,6
Validation,56289,9
Validation,56290,9
Validation,56291,9
Validation,56292,6
Validation,56293,3
Validation,56294,0
Validation,56295,8
Validation,56296,8
Validation,56297,5
Validation,56298,3
Validation,56299,3
Validation,56300,1
Validation,56301,1
Validation,56302,0
Validation,56303,7
Validation,56304,0
Validation,56305,6
Validation,56306,0
Validation,56307,4
Validation,56308,4
Validation,56309,6
Validation,56310,5
Validation,56311,3
Validation,56312,2
Validation,56313,9
Validation,56314,6
Validation,56315,6
Validation,56316,7
Validation,56317,9
Validation,56318,7
Validation,56319,7
Validation,56320,0
Validation,56321,8
Validation,56322,4
Validation,56323,2
Validation,56324,7
Validation,56325,7
Validation,56326,7
Validation,56327,4
Validation,56328,0
Validation,56329,1
Validation,56330,6
Validation,56331,0
Validation,56332,5
Validation,56333,3
Validation,56334,0
Validation,56335,2
Validation,56336,4
Validation,56337,9
Validation,56338,7
Validation,56339,3
Validation,56340,3
Validation,56341,2
Validation,56342,8
Validation,56343,8
Validation,56344,5
Validation,56345,3
Validation,56346,8
Validation,56347,0
Validation,56348,8
Validation,56349,0
Validation,56350,0
Validation,56351,0
Validation,56352,2
Validation,56353,2
Validation,56354,7
Validation,56355,0
Validation,56356,7
Validation,56357,7
Validation,56358,7
Validation,56359,2
Validation,56360,2
Validation,56361,0
Validation,56362,4
Validation,56363,0
Validation,56364,3
Validation,56365,7
Validation,56366,8
Validation,56367,4
Validation,56368,7
Validation,56369,9
Validation,56370,6
Validation,56371,1
Validation,56372,1
Validation,56373,6
Validation,56374,9
Validation,56375,3
Validation,56376,8
Validation,56377,9
Validation,56378,5
Validation,56379,8
Validation,56380,3
Validation,56381,9
Validation,56382,4
Validation,56383,3
Validation,56384,7
Validation,56385,5
Validation,56386,5
Validation,56387,2
Validation,56388,7
Validation,56389,5
Validation,56390,7
Validation,56391,9
Validation,56392,6
Validation,56393,3
Validation,56394,0
Validation,56395,8
Validation,56396,4
Validation,56397,5
Validation,56398,6
Validation,56399,1
Validation,56400,0
Validation,56401,4
Validation,56402,8
Validation,56403,4
Validation,56404,7
Validation,56405,1
Validation,56406,3
Validation,56407,2
Validation,56408,0
Validation,56409,9
Validation,56410,1
Validation,56411,8
Validation,56412,8
Validation,56413,6
Validation,56414,8
Validation,56415,1
Validation,56416,7
Validation,56417,1
Validation,56418,0
Validation,56419,9
Validation,56420,7
Validation,56421,6
Validation,56422,4
Validation,56423,5
Validation,56424,8
Validation,56425,2
Validation,56426,1
Validation,56427,2
Validation,56428,5
Validation,56429,8
Validation,56430,1
Validation,56431,1
Validation,56432,8
Validation,56433,8
Validation,56434,0
Validation,56435,9
Validation,56436,0
Validation,56437,0
Validation,56438,4
Validation,56439,3
Validation,56440,3
Validation,56441,5
Validation,56442,6
Validation,56443,6
Validation,56444,3
Validation,56445,1
Validation,56446,4
Validation,56447,4
Validation,56448,7
Validation,56449,8
Validation,56450,0
Validation,56451,1
Validation,56452,4
Validation,56453,8
Validation,56454,4
Validation,56455,6
Validation,56456,2
Validation,56457,2
Validation,56458,2
Validation,56459,6
Validation,56460,3
Validation,56461,4
Validation,56462,0
Validation,56463,8
Validation,56464,1
Validation,56465,3
Validation,56466,8
Validation,56467,3
Validation,56468,8
Validation,56469,9
Validation,56470,1
Validation,56471,6
Validation,56472,1
Validation,56473,9
Validation,56474,8
Validation,56475,2
Validation,56476,0
Validation,56477,4
Validation,56478,7
Validation,56479,4
Validation,56480,0
Validation,56481,0
Validation,56482,7
Validation,56483,6
Validation,56484,8
Validation,56485,9
Validation,56486,8
Validation,56487,6
Validation,56488,2
Validation,56489,8
Validation,56490,8
Validation,56491,0
Validation,56492,1
Validation,56493,1
Validation,56494,0
Validation,56495,7
Validation,56496,7
Validation,56497,4
Validation,56498,4
Validation,56499,7
Validation,56500,7
Validation,56501,2
Validation,56502,6
Validation,56503,6
Validation,56504,7
Validation,56505,4
Validation,56506,5
Validation,56507,4
Validation,56508,0
Validation,56509,9
Validation,56510,4
Validation,56511,7
Validation,56512,2
Validation,56513,5
Validation,56514,3
Validation,56515,2
Validation,56516,2
Validation,56517,7
Validation,56518,6
Validation,56519,2
Validation,56520,6
Validation,56521,4
Validation,56522,9
Validation,56523,6
Validation,56524,8
Validation,56525,3
Validation,56526,8
Validation,56527,5
Validation,56528,5
Validation,56529,2
Validation,56530,3
Validation,56531,4
Validation,56532,5
Validation,56533,2
Validation,56534,7
Validation,56535,5
Validation,56536,1
Validation,56537,5
Validation,56538,3
Validation,56539,7
Validation,56540,8
Validation,56541,8
Validation,56542,9
Validation,56543,6
Validation,56544,0
Validation,56545,9
Validation,56546,2
Validation,56547,6
Validation,56548,0
Validation,56549,0
Validation,56550,1
Validation,56551,4
Validation,56552,1
Validation,56553,3
Validation,56554,5
Validation,56555,1
Validation,56556,8
Validation,56557,9
Validation,56558,6
Validation,56559,2
Validation,56560,6
Validation,56561,9
Validation,56562,5
Validation,56563,6
Validation,56564,5
Validation,56565,9
Validation,56566,1
Validation,56567,4
Validation,56568,2
Validation,56569,8
Validation,56570,9
Validation,56571,5
Validation,56572,4
Validation,56573,7
Validation,56574,0
Validation,56575,3
Validation,56576,7
Validation,56577,1
Validation,56578,6
Validation,56579,9
Validation,56580,1
Validation,56581,1
Validation,56582,4
Validation,56583,0
Validation,56584,5
Validation,56585,1
Validation,56586,6
Validation,56587,3
Validation,56588,0
Validation,56589,2
Validation,56590,5
Validation,56591,5
Validation,56592,5
Validation,56593,2
Validation,56594,8
Validation,56595,2
Validation,56596,3
Validation,56597,1
Validation,56598,6
Validation,56599,2
Validation,56600,7
Validation,56601,0
Validation,56602,8
Validation,56603,9
Validation,56604,2
Validation,56605,6
Validation,56606,4
Validation,56607,7
Validation,56608,5
Validation,56609,5
Validation,56610,8
Validation,56611,8
Validation,56612,7
Validation,56613,8
Validation,56614,5
Validation,56615,7
Validation,56616,4
Validation,56617,4
Validation,56618,0
Validation,56619,0
Validation,56620,7
Validation,56621,0
Validation,56622,4
Validation,56623,0
Validation,56624,4
Validation,56625,4
Validation,56626,2
Validation,56627,5
Validation,56628,4
Validation,56629,0
Validation,56630,7
Validation,56631,7
Validation,56632,7
Validation,56633,0
Validation,56634,4
Validation,56635,6
Validation,56636,2
Validation,56637,9
Validation,56638,1
Validation,56639,1
Validation,56640,5
Validation,56641,0
Validation,56642,9
Validation,56643,1
Validation,56644,0
Validation,56645,6
Validation,56646,5
Validation,56647,3
Validation,56648,0
Validation,56649,9
Validation,56650,0
Validation,56651,6
Validation,56652,2
Validation,56653,0
Validation,56654,4
Validation,56655,1
Validation,56656,6
Validation,56657,7
Validation,56658,6
Validation,56659,1
Validation,56660,0
Validation,56661,4
Validation,56662,6
Validation,56663,0
Validation,56664,4
Validation,56665,4
Validation,56666,2
Validation,56667,7
Validation,56668,6
Validation,56669,5
Validation,56670,3
Validation,56671,5
Validation,56672,9
Validation,56673,4
Validation,56674,5
Validation,56675,2
Validation,56676,0
Validation,56677,5
Validation,56678,7
Validation,56679,2
Validation,56680,3
Validation,56681,9
Validation,56682,4
Validation,56683,5
Validation,56684,8
Validation,56685,1
Validation,56686,9
Validation,56687,3
Validation,56688,1
Validation,56689,8
Validation,56690,5
Validation,56691,8
Validation,56692,6
Validation,56693,6
Validation,56694,3
Validation,56695,4
Validation,56696,0
Validation,56697,2
Validation,56698,3
Validation,56699,2
Validation,56700,6
Validation,56701,1
Validation,56702,8
Validation,56703,2
Validation,56704,1
Validation,56705,3
Validation,56706,6
Validation,56707,2
Validation,56708,2
Validation,56709,3
Validation,56710,3
Validation,56711,5
Validation,56712,0
Validation,56713,2
Validation,56714,1
Validation,56715,2
Validation,56716,8
Validation,56717,0
Validation,56718,8
Validation,56719,2
Validation,56720,2
Validation,56721,7
Validation,56722,3
Validation,56723,5
Validation,56724,9
Validation,56725,8
Validation,56726,3
Validation,56727,6
Validation,56728,1
Validation,56729,0
Validation,56730,8
Validation,56731,6
Validation,56732,3
Validation,56733,5
Validation,56734,8
Validation,56735,9
Validation,56736,4
Validation,56737,8
Validation,56738,0
Validation,56739,0
Validation,56740,2
Validation,56741,9
Validation,56742,1
Validation,56743,8
Validation,56744,3
Validation,56745,7
Validation,56746,2
Validation,56747,8
Validation,56748,0
Validation,56749,9
Validation,56750,4
Validation,56751,8
Validation,56752,9
Validation,56753,4
Validation,56754,8
Validation,56755,9
Validation,56756,5
Validation,56757,4
Validation,56758,8
Validation,56759,1
Validation,56760,5
Validation,56761,5
Validation,56762,7
Validation,56763,2
Validation,56764,5
Validation,56765,8
Validation,56766,8
Validation,56767,1
Validation,56768,2
Validation,56769,3
Validation,56770,1
Validation,56771,5
Validation,56772,0
Validation,56773,2
Validation,56774,3
Validation,56775,0
Validation,56776,8
Validation,56777,2
Validation,56778,2
Validation,56779,8
Validation,56780,7
Validation,56781,3
Validation,56782,5
Validation,56783,3
Validation,56784,9
Validation,56785,6
Validation,56786,3
Validation,56787,5
Validation,56788,1
Validation,56789,1
Validation,56790,7
Validation,56791,7
Validation,56792,3
Validation,56793,3
Validation,56794,8
Validation,56795,9
Validation,56796,6
Validation,56797,0
Validation,56798,8
Validation,56799,0
Validation,56800,6
Validation,56801,6
Validation,56802,4
Validation,56803,6
Validation,56804,9
Validation,56805,1
Validation,56806,1
Validation,56807,7
Validation,56808,0
Validation,56809,6
Validation,56810,8
Validation,56811,9
Validation,56812,0
Validation,56813,6
Validation,56814,9
Validation,56815,0
Validation,56816,1
Validation,56817,1
Validation,56818,7
Validation,56819,2
Validation,56820,1
Validation,56821,0
Validation,56822,4
Validation,56823,5
Validation,56824,0
Validation,56825,3
Validation,56826,6
Validation,56827,3
Validation,56828,3
Validation,56829,8
Validation,56830,1
Validation,56831,8
Validation,56832,1
Validation,56833,3
Validation,56834,1
Validation,56835,5
Validation,56836,4
Validation,56837,5
Validation,56838,1
Validation,56839,8
Validation,56840,9
Validation,56841,1
Validation,56842,3
Validation,56843,1
Validation,56844,7
Validation,56845,2
Validation,56846,9
Validation,56847,8
Validation,56848,9
Validation,56849,4
Validation,56850,6
Validation,56851,0
Validation,56852,9
Validation,56853,4
Validation,56854,0
Validation,56855,4
Validation,56856,6
Validation,56857,2
Validation,56858,1
Validation,56859,3
Validation,56860,0
Validation,56861,8
Validation,56862,5
Validation,56863,6
Validation,56864,0
Validation,56865,3
Validation,56866,4
Validation,56867,6
Validation,56868,9
Validation,56869,5
Validation,56870,7
Validation,56871,9
Validation,56872,0
Validation,56873,3
Validation,56874,6
Validation,56875,5
Validation,56876,7
Validation,56877,0
Validation,56878,5
Validation,56879,1
Validation,56880,2
Validation,56881,2
Validation,56882,9
Validation,56883,7
Validation,56884,0
Validation,56885,0
Validation,56886,1
Validation,56887,4
Validation,56888,4
Validation,56889,5
Validation,56890,5
Validation,56891,9
Validation,56892,6
Validation,56893,3
Validation,56894,6
Validation,56895,2
Validation,56896,6
Validation,56897,9
Validation,56898,3
Validation,56899,2
Validation,56900,3
Validation,56901,2
Validation,56902,4
Validation,56903,9
Validation,56904,5
Validation,56905,2
Validation,56906,1
Validation,56907,6
Validation,56908,6
Validation,56909,4
Validation,56910,7
Validation,56911,6
Validation,56912,3
Validation,56913,3
Validation,56914,8
Validation,56915,1
Validation,56916,4
Validation,56917,6
Validation,56918,4
Validation,56919,4
Validation,56920,5
Validation,56921,6
Validation,56922,2
Validation,56923,0
Validation,56924,5
Validation,56925,2
Validation,56926,7
Validation,56927,5
Validation,56928,2
Validation,56929,5
Validation,56930,2
Validation,56931,5
Validation,56932,9
Validation,56933,0
Validation,56934,6
Validation,56935,7
Validation,56936,9
Validation,56937,8
Validation,56938,3
Validation,56939,2
Validation,56940,1
Validation,56941,4
Validation,56942,3
Validation,56943,4
Validation,56944,5
Validation,56945,5
Validation,56946,6
Validation,56947,8
Validation,56948,6
Validation,56949,0
Validation,56950,8
Validation,56951,9
Validation,56952,8
Validation,56953,0
Validation,56954,7
Validation,56955,7
Validation,56956,6
Validation,56957,6
Validation,56958,7
Validation,56959,5
Validation,56960,9
Validation,56961,8
Validation,56962,7
Validation,56963,9
Validation,56964,5
Validation,56965,6
Validation,56966,0
Validation,56967,4
Validation,56968,8
Validation,56969,2
Validation,56970,0
Validation,56971,9
Validation,56972,1
Validation,56973,3
Validation,56974,9
Validation,56975,8
Validation,56976,3
Validation,56977,7
Validation,56978,4
Validation,56979,5
Validation,56980,0
Validation,56981,2
Validation,56982,1
Validation,56983,9
Validation,56984,1
Validation,56985,0
Validation,56986,5
Validation,56987,8
Validation,56988,4
Validation,56989,7
Validation,56990,3
Validation,56991,1
Validation,56992,4
Validation,56993,5
Validation,56994,3
Validation,56995,1
Validation,56996,0
Validation,56997,8
Validation,56998,8
Validation,56999,8
Validation,57000,2
Validation,57001,1
Validation,57002,3
Validation,57003,7
Validation,57004,3
Validation,57005,1
Validation,57006,6
Validation,57007,9
Validation,57008,1
Validation,57009,6
Validation,57010,0
Validation,57011,7
Validation,57012,7
Validation,57013,1
Validation,57014,3
Validation,57015,3
Validation,57016,3
Validation,57017,1
Validation,57018,0
Validation,57019,2
Validation,57020,7
Validation,57021,1
Validation,57022,2
Validation,57023,2
Validation,57024,9
Validation,57025,6
Validation,57026,3
Validation,57027,5
Validation,57028,9
Validation,57029,4
Validation,57030,8
Validation,57031,0
Validation,57032,4
Validation,57033,8
Validation,57034,0
Validation,57035,1
Validation,57036,3
Validation,57037,7
Validation,57038,0
Validation,57039,4
Validation,57040,7
Validation,57041,4
Validation,57042,8
Validation,57043,6
Validation,57044,4
Validation,57045,3
Validation,57046,9
Validation,57047,8
Validation,57048,2
Validation,57049,2
Validation,57050,8
Validation,57051,3
Validation,57052,1
Validation,57053,1
Validation,57054,2
Validation,57055,8
Validation,57056,2
Validation,57057,6
Validation,57058,9
Validation,57059,4
Validation,57060,8
Validation,57061,4
Validation,57062,4
Validation,57063,1
Validation,57064,5
Validation,57065,2
Validation,57066,6
Validation,57067,9
Validation,57068,2
Validation,57069,0
Validation,57070,7
Validation,57071,1
Validation,57072,8
Validation,57073,9
Validation,57074,3
Validation,57075,9
Validation,57076,9
Validation,57077,0
Validation,57078,7
Validation,57079,7
Validation,57080,5
Validation,57081,4
Validation,57082,2
Validation,57083,6
Validation,57084,4
Validation,57085,5
Validation,57086,7
Validation,57087,7
Validation,57088,8
Validation,57089,7
Validation,57090,2
Validation,57091,6
Validation,57092,2
Validation,57093,2
Validation,57094,4
Validation,57095,4
Validation,57096,0
Validation,57097,7
Validation,57098,1
Validation,57099,3
Validation,57100,9
Validation,57101,6
Validation,57102,0
Validation,57103,0
Validation,57104,2
Validation,57105,3
Validation,57106,8
Validation,57107,2
Validation,57108,2
Validation,57109,4
Validation,57110,3
Validation,57111,5
Validation,57112,2
Validation,57113,9
Validation,57114,1
Validation,57115,0
Validation,57116,0
Validation,57117,6
Validation,57118,5
Validation,57119,5
Validation,57120,7
Validation,57121,9
Validation,57122,9
Validation,57123,6
Validation,57124,5
Validation,57125,5
Validation,57126,0
Validation,57127,5
Validation,57128,7
Validation,57129,1
Validation,57130,6
Validation,57131,6
Validation,57132,4
Validation,57133,1
Validation,57134,4
Validation,57135,4
Validation,57136,1
Validation,57137,5
Validation,57138,0
Validation,57139,0
Validation,57140,4
Validation,57141,5
Validation,57142,8
Validation,57143,4
Validation,57144,8
Validation,57145,3
Validation,57146,0
Validation,57147,5
Validation,57148,0
Validation,57149,5
Validation,57150,3
Validation,57151,1
Validation,57152,6
Validation,57153,7
Validation,57154,0
Validation,57155,9
Validation,57156,1
Validation,57157,5
Validation,57158,7
Validation,57159,6
Validation,57160,5
Validation,57161,5
Validation,57162,5
Validation,57163,6
Validation,57164,0
Validation,57165,0
Validation,57166,1
Validation,57167,7
Validation,57168,5
Validation,57169,1
Validation,57170,9
Validation,57171,2
Validation,57172,4
Validation,57173,1
Validation,57174,3
Validation,57175,7
Validation,57176,8
Validation,57177,2
Validation,57178,0
Validation,57179,9
Validation,57180,6
Validation,57181,6
Validation,57182,0
Validation,57183,6
Validation,57184,5
Validation,57185,8
Validation,57186,2
Validation,57187,7
Validation,57188,4
Validation,57189,0
Validation,57190,2
Validation,57191,7
Validation,57192,7
Validation,57193,8
Validation,57194,8
Validation,57195,7
Validation,57196,0
Validation,57197,4
Validation,57198,9
Validation,57199,1
Validation,57200,4
Validation,57201,4
Validation,57202,3
Validation,57203,5
Validation,57204,4
Validation,57205,6
Validation,57206,2
Validation,57207,3
Validation,57208,1
Validation,57209,0
Validation,57210,3
Validation,57211,3
Validation,57212,3
Validation,57213,6
Validation,57214,3
Validation,57215,1
Validation,57216,2
Validation,57217,8
Validation,57218,9
Validation,57219,7
Validation,57220,9
Validation,57221,3
Validation,57222,8
Validation,57223,7
Validation,57224,3
Validation,57225,1
Validation,57226,7
Validation,57227,7
Validation,57228,3
Validation,57229,2
Validation,57230,2
Validation,57231,8
Validation,57232,9
Validation,57233,5
Validation,57234,9
Validation,57235,2
Validation,57236,1
Validation,57237,7
Validation,57238,4
Validation,57239,4
Validation,57240,0
Validation,57241,5
Validation,57242,7
Validation,57243,1
Validation,57244,5
Validation,57245,4
Validation,57246,0
Validation,57247,8
Validation,57248,4
Validation,57249,9
Validation,57250,8
Validation,57251,7
Validation,57252,8
Validation,57253,4
Validation,57254,2
Validation,57255,3
Validation,57256,4
Validation,57257,0
Validation,57258,5
Validation,57259,4
Validation,57260,1
Validation,57261,8
Validation,57262,2
Validation,57263,5
Validation,57264,4
Validation,57265,5
Validation,57266,2
Validation,57267,5
Validation,57268,3
Validation,57269,7
Validation,57270,9
Validation,57271,7
Validation,57272,1
Validation,57273,4
Validation,57274,1
Validation,57275,3
Validation,57276,1
Validation,57277,4
Validation,57278,5
Validation,57279,5
Validation,57280,1
Validation,57281,7
Validation,57282,1
Validation,57283,3
Validation,57284,0
Validation,57285,1
Validation,57286,2
Validation,57287,5
Validation,57288,7
Validation,57289,0
Validation,57290,6
Validation,57291,3
Validation,57292,5
Validation,57293,7
Validation,57294,5
Validation,57295,5
Validation,57296,8
Validation,57297,9
Validation,57298,4
Validation,57299,6
Validation,57300,3
Validation,57301,6
Validation,57302,6
Validation,57303,8
Validation,57304,2
Validation,57305,6
Validation,57306,4
Validation,57307,8
Validation,57308,4
Validation,57309,1
Validation,57310,3
Validation,57311,1
Validation,57312,2
Validation,57313,3
Validation,57314,3
Validation,57315,0
Validation,57316,1
Validation,57317,6
Validation,57318,4
Validation,57319,2
Validation,57320,8
Validation,57321,2
Validation,57322,4
Validation,57323,3
Validation,57324,1
Validation,57325,4
Validation,57326,4
Validation,57327,4
Validation,57328,4
Validation,57329,1
Validation,57330,5
Validation,57331,5
Validation,57332,7
Validation,57333,6
Validation,57334,5
Validation,57335,4
Validation,57336,5
Validation,57337,6
Validation,57338,5
Validation,57339,6
Validation,57340,2
Validation,57341,4
Validation,57342,7
Validation,57343,7
Validation,57344,4
Validation,57345,6
Validation,57346,5
Validation,57347,0
Validation,57348,2
Validation,57349,3
Validation,57350,9
Validation,57351,2
Validation,57352,3
Validation,57353,8
Validation,57354,0
Validation,57355,7
Validation,57356,0
Validation,57357,6
Validation,57358,8
Validation,57359,1
Validation,57360,2
Validation,57361,8
Validation,57362,9
Validation,57363,1
Validation,57364,5
Validation,57365,4
Validation,57366,2
Validation,57367,3
Validation,57368,5
Validation,57369,5
Validation,57370,3
Validation,57371,6
Validation,57372,5
Validation,57373,0
Validation,57374,3
Validation,57375,2
Validation,57376,1
Validation,57377,3
Validation,57378,3
Validation,57379,7
Validation,57380,7
Validation,57381,4
Validation,57382,9
Validation,57383,4
Validation,57384,3
Validation,57385,9
Validation,57386,5
Validation,57387,1
Validation,57388,7
Validation,57389,6
Validation,57390,6
Validation,57391,4
Validation,57392,8
Validation,57393,5
Validation,57394,1
Validation,57395,2
Validation,57396,8
Validation,57397,4
Validation,57398,5
Validation,57399,3
Validation,57400,3
Validation,57401,3
Validation,57402,0
Validation,57403,4
Validation,57404,8
Validation,57405,7
Validation,57406,7
Validation,57407,9
Validation,57408,4
Validation,57409,8
Validation,57410,4
Validation,57411,5
Validation,57412,9
Validation,57413,1
Validation,57414,8
Validation,57415,3
Validation,57416,1
Validation,57417,3
Validation,57418,8
Validation,57419,0
Validation,57420,3
Validation,57421,5
Validation,57422,4
Validation,57423,6
Validation,57424,9
Validation,57425,2
Validation,57426,7
Validation,57427,2
Validation,57428,0
Validation,57429,5
Validation,57430,2
Validation,57431,9
Validation,57432,7
Validation,57433,5
Validation,57434,0
Validation,57435,7
Validation,57436,0
Validation,57437,3
Validation,57438,5
Validation,57439,5
Validation,57440,3
Validation,57441,8
Validation,57442,7
Validation,57443,7
Validation,57444,9
Validation,57445,6
Validation,57446,5
Validation,57447,8
Validation,57448,9
Validation,57449,0
Validation,57450,1
Validation,57451,9
Validation,57452,4
Validation,57453,0
Validation,57454,0
Validation,57455,1
Validation,57456,7
Validation,57457,2
Validation,57458,2
Validation,57459,8
Validation,57460,5
Validation,57461,9
Validation,57462,8
Validation,57463,2
Validation,57464,8
Validation,57465,0
Validation,57466,6
Validation,57467,6
Validation,57468,8
Validation,57469,6
Validation,57470,9
Validation,57471,6
Validation,57472,1
Validation,57473,1
Validation,57474,5
Validation,57475,3
Validation,57476,5
Validation,57477,0
Validation,57478,7
Validation,57479,6
Validation,57480,1
Validation,57481,4
Validation,57482,4
Validation,57483,1
Validation,57484,1
Validation,57485,8
Validation,57486,1
Validation,57487,1
Validation,57488,2
Validation,57489,3
Validation,57490,4
Validation,57491,9
Validation,57492,9
Validation,57493,5
Validation,57494,2
Validation,57495,7
Validation,57496,3
Validation,57497,3
Validation,57498,6
Validation,57499,9
Validation,57500,6
Validation,57501,9
Validation,57502,8
Validation,57503,8
Validation,57504,6
Validation,57505,7
Validation,57506,4
Validation,57507,7
Validation,57508,2
Validation,57509,3
Validation,57510,8
Validation,57511,0
Validation,57512,9
Validation,57513,0
Validation,57514,7
Validation,57515,8
Validation,57516,1
Validation,57517,2
Validation,57518,3
Validation,57519,2
Validation,57520,4
Validation,57521,2
Validation,57522,9
Validation,57523,0
Validation,57524,3
Validation,57525,8
Validation,57526,9
Validation,57527,6
Validation,57528,5
Validation,57529,5
Validation,57530,2
Validation,57531,4
Validation,57532,1
Validation,57533,0
Validation,57534,6
Validation,57535,1
Validation,57536,8
Validation,57537,4
Validation,57538,5
Validation,57539,5
Validation,57540,5
Validation,57541,0
Validation,57542,8
Validation,57543,9
Validation,57544,0
Validation,57545,5
Validation,57546,7
Validation,57547,9
Validation,57548,6
Validation,57549,3
Validation,57550,4
Validation,57551,6
Validation,57552,4
Validation,57553,9
Validation,57554,7
Validation,57555,1
Validation,57556,2
Validation,57557,5
Validation,57558,2
Validation,57559,8
Validation,57560,0
Validation,57561,2
Validation,57562,2
Validation,57563,9
Validation,57564,8
Validation,57565,1
Validation,57566,9
Validation,57567,7
Validation,57568,7
Validation,57569,3
Validation,57570,1
Validation,57571,4
Validation,57572,1
Validation,57573,1
Validation,57574,3
Validation,57575,8
Validation,57576,8
Validation,57577,1
Validation,57578,9
Validation,57579,3
Validation,57580,8
Validation,57581,9
Validation,57582,5
Validation,57583,1
Validation,57584,1
Validation,57585,6
Validation,57586,2
Validation,57587,7
Validation,57588,2
Validation,57589,6
Validation,57590,2
Validation,57591,6
Validation,57592,9
Validation,57593,6
Validation,57594,0
Validation,57595,1
Validation,57596,3
Validation,57597,9
Validation,57598,3
Validation,57599,8
Validation,57600,8
Validation,57601,8
Validation,57602,2
Validation,57603,9
Validation,57604,1
Validation,57605,2
Validation,57606,6
Validation,57607,0
Validation,57608,5
Validation,57609,0
Validation,57610,7
Validation,57611,7
Validation,57612,7
Validation,57613,9
Validation,57614,4
Validation,57615,5
Validation,57616,0
Validation,57617,2
Validation,57618,3
Validation,57619,5
Validation,57620,5
Validation,57621,8
Validation,57622,9
Validation,57623,1
Validation,57624,2
Validation,57625,7
Validation,57626,1
Validation,57627,3
Validation,57628,4
Validation,57629,6
Validation,57630,9
Validation,57631,1
Validation,57632,0
Validation,57633,7
Validation,57634,1
Validation,57635,9
Validation,57636,5
Validation,57637,8
Validation,57638,1
Validation,57639,9
Validation,57640,9
Validation,57641,7
Validation,57642,9
Validation,57643,8
Validation,57644,3
Validation,57645,0
Validation,57646,2
Validation,57647,6
Validation,57648,0
Validation,57649,2
Validation,57650,2
Validation,57651,4
Validation,57652,0
Validation,57653,8
Validation,57654,4
Validation,57655,8
Validation,57656,1
Validation,57657,2
Validation,57658,7
Validation,57659,2
Validation,57660,7
Validation,57661,9
Validation,57662,5
Validation,57663,2
Validation,57664,2
Validation,57665,9
Validation,57666,2
Validation,57667,6
Validation,57668,5
Validation,57669,7
Validation,57670,2
Validation,57671,5
Validation,57672,6
Validation,57673,5
Validation,57674,1
Validation,57675,8
Validation,57676,2
Validation,57677,6
Validation,57678,8
Validation,57679,6
Validation,57680,3
Validation,57681,0
Validation,57682,8
Validation,57683,0
Validation,57684,0
Validation,57685,9
Validation,57686,9
Validation,57687,6
Validation,57688,8
Validation,57689,0
Validation,57690,6
Validation,57691,6
Validation,57692,0
Validation,57693,7
Validation,57694,9
Validation,57695,8
Validation,57696,0
Validation,57697,5
Validation,57698,0
Validation,57699,9
Validation,57700,6
Validation,57701,0
Validation,57702,4
Validation,57703,7
Validation,57704,1
Validation,57705,7
Validation,57706,8
Validation,57707,8
Validation,57708,2
Validation,57709,3
Validation,57710,9
Validation,57711,6
Validation,57712,5
Validation,57713,5
Validation,57714,3
Validation,57715,1
Validation,57716,5
Validation,57717,3
Validation,57718,0
Validation,57719,2
Validation,57720,5
Validation,57721,2
Validation,57722,7
Validation,57723,3
Validation,57724,8
Validation,57725,4
Validation,57726,4
Validation,57727,6
Validation,57728,1
Validation,57729,9
Validation,57730,4
Validation,57731,1
Validation,57732,7
Validation,57733,0
Validation,57734,1
Validation,57735,4
Validation,57736,3
Validation,57737,0
Validation,57738,2
Validation,57739,9
Validation,57740,4
Validation,57741,5
Validation,57742,0
Validation,57743,3
Validation,57744,4
Validation,57745,7
Validation,57746,2
Validation,57747,3
Validation,57748,0
Validation,57749,1
Validation,57750,3
Validation,57751,7
Validation,57752,9
Validation,57753,9
Validation,57754,0
Validation,57755,7
Validation,57756,5
Validation,57757,6
Validation,57758,7
Validation,57759,1
Validation,57760,2
Validation,57761,2
Validation,57762,7
Validation,57763,4
Validation,57764,6
Validation,57765,8
Validation,57766,4
Validation,57767,9
Validation,57768,8
Validation,57769,4
Validation,57770,9
Validation,57771,2
Validation,57772,3
Validation,57773,4
Validation,57774,0
Validation,57775,2
Validation,57776,5
Validation,57777,6
Validation,57778,0
Validation,57779,5
Validation,57780,3
Validation,57781,5
Validation,57782,8
Validation,57783,3
Validation,57784,7
Validation,57785,4
Validation,57786,9
Validation,57787,5
Validation,57788,6
Validation,57789,3
Validation,57790,8
Validation,57791,6
Validation,57792,9
Validation,57793,8
Validation,57794,5
Validation,57795,5
Validation,57796,8
Validation,57797,3
Validation,57798,5
Validation,57799,9
Validation,57800,0
Validation,57801,4
Validation,57802,2
Validation,57803,0
Validation,57804,5
Validation,57805,9
Validation,57806,9
Validation,57807,3
Validation,57808,8
Validation,57809,0
Validation,57810,6
Validation,57811,0
Validation,57812,2
Validation,57813,3
Validation,57814,7
Validation,57815,0
Validation,57816,0
Validation,57817,6
Validation,57818,9
Validation,57819,1
Validation,57820,5
Validation,57821,2
Validation,57822,2
Validation,57823,7
Validation,57824,9
Validation,57825,3
Validation,57826,9
Validation,57827,3
Validation,57828,5
Validation,57829,2
Validation,57830,2
Validation,57831,2
Validation,57832,8
Validation,57833,8
Validation,57834,5
Validation,57835,0
Validation,57836,0
Validation,57837,7
Validation,57838,0
Validation,57839,3
Validation,57840,1
Validation,57841,6
Validation,57842,5
Validation,57843,0
Validation,57844,9
Validation,57845,2
Validation,57846,6
Validation,57847,7
Validation,57848,4
Validation,57849,2
Validation,57850,0
Validation,57851,0
Validation,57852,5
Validation,57853,3
Validation,57854,3
Validation,57855,2
Validation,57856,6
Validation,57857,4
Validation,57858,2
Validation,57859,7
Validation,57860,8
Validation,57861,0
Validation,57862,1
Validation,57863,0
Validation,57864,1
Validation,57865,3
Validation,57866,6
Validation,57867,4
Validation,57868,8
Validation,57869,0
Validation,57870,6
Validation,57871,0
Validation,57872,9
Validation,57873,1
Validation,57874,6
Validation,57875,2
Validation,57876,1
Validation,57877,0
Validation,57878,1
Validation,57879,3
Validation,57880,0
Validation,57881,3
Validation,57882,7
Validation,57883,9
Validation,57884,9
Validation,57885,3
Validation,57886,7
Validation,57887,5
Validation,57888,7
Validation,57889,1
Validation,57890,6
Validation,57891,6
Validation,57892,1
Validation,57893,1
Validation,57894,1
Validation,57895,4
Validation,57896,4
Validation,57897,2
Validation,57898,1
Validation,57899,7
Validation,57900,0
Validation,57901,1
Validation,57902,2
Validation,57903,1
Validation,57904,1
Validation,57905,3
Validation,57906,2
Validation,57907,6
Validation,57908,9
Validation,57909,1
Validation,57910,3
Validation,57911,2
Validation,57912,0
Validation,57913,8
Validation,57914,7
Validation,57915,3
Validation,57916,4
Validation,57917,6
Validation,57918,4
Validation,57919,6
Validation,57920,9
Validation,57921,4
Validation,57922,8
Validation,57923,9
Validation,57924,3
Validation,57925,0
Validation,57926,5
Validation,57927,7
Validation,57928,2
Validation,57929,0
Validation,57930,2
Validation,57931,9
Validation,57932,9
Validation,57933,3
Validation,57934,8
Validation,57935,7
Validation,57936,1
Validation,57937,1
Validation,57938,2
Validation,57939,2
Validation,57940,2
Validation,57941,5
Validation,57942,9
Validation,57943,1
Validation,57944,2
Validation,57945,6
Validation,57946,1
Validation,57947,2
Validation,57948,1
Validation,57949,8
Validation,57950,9
Validation,57951,2
Validation,57952,3
Validation,57953,1
Validation,57954,9
Validation,57955,9
Validation,57956,4
Validation,57957,4
Validation,57958,5
Validation,57959,5
Validation,57960,0
Validation,57961,3
Validation,57962,3
Validation,57963,7
Validation,57964,1
Validation,57965,7
Validation,57966,7
Validation,57967,9
Validation,57968,8
Validation,57969,6
Validation,57970,3
Validation,57971,5
Validation,57972,5
Validation,57973,1
Validation,57974,6
Validation,57975,2
Validation,57976,7
Validation,57977,8
Validation,57978,4
Validation,57979,3
Validation,57980,3
Validation,57981,5
Validation,57982,9
Validation,57983,6
Validation,57984,8
Validation,57985,5
Validation,57986,1
Validation,57987,0
Validation,57988,6
Validation,57989,7
Validation,57990,0
Validation,57991,9
Validation,57992,6
Validation,57993,2
Validation,57994,0
Validation,57995,8
Validation,57996,7
Validation,57997,1
Validation,57998,2
Validation,57999,6
Validation,58000,9
Validation,58001,1
Validation,58002,6
Validation,58003,4
Validation,58004,7
Validation,58005,1
Validation,58006,9
Validation,58007,0
Validation,58008,0
Validation,58009,5
Validation,58010,2
Validation,58011,8
Validation,58012,3
Validation,58013,8
Validation,58014,2
Validation,58015,8
Validation,58016,4
Validation,58017,0
Validation,58018,8
Validation,58019,3
Validation,58020,6
Validation,58021,1
Validation,58022,2
Validation,58023,3
Validation,58024,0
Validation,58025,5
Validation,58026,0
Validation,58027,4
Validation,58028,1
Validation,58029,7
Validation,58030,2
Validation,58031,0
Validation,58032,1
Validation,58033,3
Validation,58034,9
Validation,58035,1
Validation,58036,6
Validation,58037,1
Validation,58038,6
Validation,58039,1
Validation,58040,2
Validation,58041,8
Validation,58042,7
Validation,58043,0
Validation,58044,9
Validation,58045,5
Validation,58046,8
Validation,58047,0
Validation,58048,0
Validation,58049,1
Validation,58050,7
Validation,58051,9
Validation,58052,7
Validation,58053,1
Validation,58054,9
Validation,58055,2
Validation,58056,1
Validation,58057,9
Validation,58058,4
Validation,58059,3
Validation,58060,6
Validation,58061,0
Validation,58062,2
Validation,58063,0
Validation,58064,0
Validation,58065,9
Validation,58066,9
Validation,58067,8
Validation,58068,9
Validation,58069,4
Validation,58070,5
Validation,58071,4
Validation,58072,3
Validation,58073,0
Validation,58074,7
Validation,58075,8
Validation,58076,7
Validation,58077,3
Validation,58078,7
Validation,58079,5
Validation,58080,4
Validation,58081,6
Validation,58082,5
Validation,58083,9
Validation,58084,5
Validation,58085,2
Validation,58086,4
Validation,58087,2
Validation,58088,7
Validation,58089,9
Validation,58090,6
Validation,58091,7
Validation,58092,4
Validation,58093,7
Validation,58094,1
Validation,58095,2
Validation,58096,3
Validation,58097,1
Validation,58098,1
Validation,58099,3
Validation,58100,6
Validation,58101,8
Validation,58102,3
Validation,58103,7
Validation,58104,7
Validation,58105,0
Validation,58106,8
Validation,58107,1
Validation,58108,5
Validation,58109,2
Validation,58110,5
Validation,58111,5
Validation,58112,3
Validation,58113,6
Validation,58114,3
Validation,58115,5
Validation,58116,9
Validation,58117,8
Validation,58118,4
Validation,58119,6
Validation,58120,8
Validation,58121,0
Validation,58122,4
Validation,58123,1
Validation,58124,7
Validation,58125,8
Validation,58126,4
Validation,58127,9
Validation,58128,7
Validation,58129,2
Validation,58130,6
Validation,58131,3
Validation,58132,8
Validation,58133,8
Validation,58134,6
Validation,58135,7
Validation,58136,3
Validation,58137,8
Validation,58138,1
Validation,58139,1
Validation,58140,5
Validation,58141,3
Validation,58142,7
Validation,58143,9
Validation,58144,9
Validation,58145,9
Validation,58146,8
Validation,58147,5
Validation,58148,9
Validation,58149,9
Validation,58150,6
Validation,58151,8
Validation,58152,8
Validation,58153,4
Validation,58154,8
Validation,58155,1
Validation,58156,0
Validation,58157,1
Validation,58158,8
Validation,58159,8
Validation,58160,6
Validation,58161,5
Validation,58162,9
Validation,58163,0
Validation,58164,6
Validation,58165,1
Validation,58166,2
Validation,58167,6
Validation,58168,6
Validation,58169,3
Validation,58170,5
Validation,58171,6
Validation,58172,5
Validation,58173,5
Validation,58174,3
Validation,58175,3
Validation,58176,6
Validation,58177,8
Validation,58178,9
Validation,58179,4
Validation,58180,4
Validation,58181,3
Validation,58182,8
Validation,58183,3
Validation,58184,6
Validation,58185,0
Validation,58186,8
Validation,58187,5
Validation,58188,7
Validation,58189,8
Validation,58190,4
Validation,58191,6
Validation,58192,5
Validation,58193,3
Validation,58194,1
Validation,58195,8
Validation,58196,3
Validation,58197,0
Validation,58198,4
Validation,58199,4
Validation,58200,3
Validation,58201,3
Validation,58202,5
Validation,58203,3
Validation,58204,3
Validation,58205,2
Validation,58206,7
Validation,58207,7
Validation,58208,8
Validation,58209,2
Validation,58210,0
Validation,58211,5
Validation,58212,5
Validation,58213,6
Validation,58214,1
Validation,58215,1
Validation,58216,3
Validation,58217,9
Validation,58218,9
Validation,58219,3
Validation,58220,6
Validation,58221,7
Validation,58222,1
Validation,58223,8
Validation,58224,3
Validation,58225,9
Validation,58226,8
Validation,58227,7
Validation,58228,8
Validation,58229,8
Validation,58230,0
Validation,58231,3
Validation,58232,2
Validation,58233,4
Validation,58234,8
Validation,58235,7
Validation,58236,5
Validation,58237,7
Validation,58238,1
Validation,58239,8
Validation,58240,7
Validation,58241,3
Validation,58242,5
Validation,58243,4
Validation,58244,4
Validation,58245,3
Validation,58246,8
Validation,58247,6
Validation,58248,1
Validation,58249,1
Validation,58250,6
Validation,58251,3
Validation,58252,2
Validation,58253,2
Validation,58254,8
Validation,58255,9
Validation,58256,8
Validation,58257,3
Validation,58258,3
Validation,58259,8
Validation,58260,1
Validation,58261,1
Validation,58262,0
Validation,58263,5
Validation,58264,2
Validation,58265,0
Validation,58266,5
Validation,58267,0
Validation,58268,5
Validation,58269,8
Validation,58270,6
Validation,58271,3
Validation,58272,9
Validation,58273,6
Validation,58274,6
Validation,58275,3
Validation,58276,9
Validation,58277,4
Validation,58278,8
Validation,58279,3
Validation,58280,4
Validation,58281,3
Validation,58282,1
Validation,58283,1
Validation,58284,2
Validation,58285,9
Validation,58286,7
Validation,58287,8
Validation,58288,5
Validation,58289,5
Validation,58290,8
Validation,58291,6
Validation,58292,9
Validation,58293,0
Validation,58294,8
Validation,58295,3
Validation,58296,5
Validation,58297,1
Validation,58298,3
Validation,58299,3
Validation,58300,5
Validation,58301,5
Validation,58302,3
Validation,58303,8
Validation,58304,1
Validation,58305,4
Validation,58306,6
Validation,58307,4
Validation,58308,2
Validation,58309,4
Validation,58310,3
Validation,58311,8
Validation,58312,9
Validation,58313,6
Validation,58314,6
Validation,58315,6
Validation,58316,5
Validation,58317,5
Validation,58318,2
Validation,58319,7
Validation,58320,7
Validation,58321,4
Validation,58322,4
Validation,58323,9
Validation,58324,3
Validation,58325,8
Validation,58326,3
Validation,58327,7
Validation,58328,7
Validation,58329,8
Validation,58330,5
Validation,58331,3
Validation,58332,9
Validation,58333,1
Validation,58334,6
Validation,58335,7
Validation,58336,3
Validation,58337,3
Validation,58338,3
Validation,58339,8
Validation,58340,5
Validation,58341,6
Validation,58342,1
Validation,58343,3
Validation,58344,7
Validation,58345,9
Validation,58346,6
Validation,58347,1
Validation,58348,6
Validation,58349,4
Validation,58350,9
Validation,58351,0
Validation,58352,5
Validation,58353,7
Validation,58354,4
Validation,58355,9
Validation,58356,1
Validation,58357,0
Validation,58358,0
Validation,58359,2
Validation,58360,7
Validation,58361,8
Validation,58362,3
Validation,58363,2
Validation,58364,7
Validation,58365,6
Validation,58366,1
Validation,58367,6
Validation,58368,6
Validation,58369,4
Validation,58370,4
Validation,58371,2
Validation,58372,1
Validation,58373,8
Validation,58374,4
Validation,58375,4
Validation,58376,7
Validation,58377,8
Validation,58378,5
Validation,58379,8
Validation,58380,9
Validation,58381,4
Validation,58382,3
Validation,58383,2
Validation,58384,2
Validation,58385,9
Validation,58386,3
Validation,58387,0
Validation,58388,1
Validation,58389,1
Validation,58390,1
Validation,58391,1
Validation,58392,6
Validation,58393,8
Validation,58394,7
Validation,58395,1
Validation,58396,3
Validation,58397,0
Validation,58398,4
Validation,58399,5
Validation,58400,0
Validation,58401,3
Validation,58402,0
Validation,58403,6
Validation,58404,2
Validation,58405,0
Validation,58406,9
Validation,58407,8
Validation,58408,6
Validation,58409,8
Validation,58410,5
Validation,58411,8
Validation,58412,2
Validation,58413,9
Validation,58414,6
Validation,58415,0
Validation,58416,6
Validation,58417,1
Validation,58418,8
Validation,58419,7
Validation,58420,3
Validation,58421,2
Validation,58422,2
Validation,58423,6
Validation,58424,5
Validation,58425,6
Validation,58426,9
Validation,58427,2
Validation,58428,5
Validation,58429,4
Validation,58430,9
Validation,58431,8
Validation,58432,5
Validation,58433,3
Validation,58434,9
Validation,58435,3
Validation,58436,5
Validation,58437,7
Validation,58438,1
Validation,58439,8
Validation,58440,5
Validation,58441,8
Validation,58442,6
Validation,58443,2
Validation,58444,5
Validation,58445,1
Validation,58446,3
Validation,58447,0
Validation,58448,4
Validation,58449,1
Validation,58450,9
Validation,58451,5
Validation,58452,4
Validation,58453,9
Validation,58454,2
Validation,58455,1
Validation,58456,4
Validation,58457,2
Validation,58458,5
Validation,58459,9
Validation,58460,8
Validation,58461,7
Validation,58462,2
Validation,58463,1
Validation,58464,6
Validation,58465,9
Validation,58466,7
Validation,58467,3
Validation,58468,6
Validation,58469,5
Validation,58470,8
Validation,58471,0
Validation,58472,2
Validation,58473,2
Validation,58474,4
Validation,58475,9
Validation,58476,0
Validation,58477,5
Validation,58478,5
Validation,58479,4
Validation,58480,2
Validation,58481,3
Validation,58482,1
Validation,58483,0
Validation,58484,3
Validation,58485,0
Validation,58486,4
Validation,58487,4
Validation,58488,9
Validation,58489,1
Validation,58490,3
Validation,58491,3
Validation,58492,0
Validation,58493,2
Validation,58494,1
Validation,58495,1
Validation,58496,0
Validation,58497,4
Validation,58498,1
Validation,58499,9
Validation,58500,4
Validation,58501,8
Validation,58502,1
Validation,58503,1
Validation,58504,1
Validation,58505,5
Validation,58506,9
Validation,58507,8
Validation,58508,1
Validation,58509,6
Validation,58510,7
Validation,58511,2
Validation,58512,9
Validation,58513,9
Validation,58514,7
Validation,58515,8
Validation,58516,8
Validation,58517,1
Validation,58518,9
Validation,58519,7
Validation,58520,8
Validation,58521,9
Validation,58522,1
Validation,58523,6
Validation,58524,6
Validation,58525,3
Validation,58526,3
Validation,58527,1
Validation,58528,3
Validation,58529,0
Validation,58530,8
Validation,58531,8
Validation,58532,3
Validation,58533,6
Validation,58534,6
Validation,58535,7
Validation,58536,1
Validation,58537,0
Validation,58538,7
Validation,58539,6
Validation,58540,4
Validation,58541,8
Validation,58542,2
Validation,58543,0
Validation,58544,6
Validation,58545,6
Validation,58546,8
Validation,58547,6
Validation,58548,3
Validation,58549,1
Validation,58550,1
Validation,58551,8
Validation,58552,6
Validation,58553,7
Validation,58554,0
Validation,58555,5
Validation,58556,4
Validation,58557,3
Validation,58558,2
Validation,58559,1
Validation,58560,7
Validation,58561,8
Validation,58562,2
Validation,58563,0
Validation,58564,1
Validation,58565,7
Validation,58566,4
Validation,58567,8
Validation,58568,7
Validation,58569,6
Validation,58570,6
Validation,58571,7
Validation,58572,0
Validation,58573,6
Validation,58574,4
Validation,58575,9
Validation,58576,2
Validation,58577,3
Validation,58578,2
Validation,58579,1
Validation,58580,3
Validation,58581,8
Validation,58582,6
Validation,58583,8
Validation,58584,1
Validation,58585,9
Validation,58586,6
Validation,58587,7
Validation,58588,6
Validation,58589,5
Validation,58590,0
Validation,58591,6
Validation,58592,0
Validation,58593,1
Validation,58594,3
Validation,58595,1
Validation,58596,1
Validation,58597,5
Validation,58598,3
Validation,58599,4
Validation,58600,3
Validation,58601,3
Validation,58602,8
Validation,58603,1
Validation,58604,6
Validation,58605,6
Validation,58606,1
Validation,58607,8
Validation,58608,8
Validation,58609,6
Validation,58610,2
Validation,58611,7
Validation,58612,4
Validation,58613,6
Validation,58614,8
Validation,58615,9
Validation,58616,3
Validation,58617,3
Validation,58618,5
Validation,58619,5
Validation,58620,3
Validation,58621,1
Validation,58622,4
Validation,58623,1
Validation,58624,9
Validation,58625,5
Validation,58626,1
Validation,58627,7
Validation,58628,7
Validation,58629,7
Validation,58630,5
Validation,58631,2
Validation,58632,3
Validation,58633,3
Validation,58634,6
Validation,58635,6
Validation,58636,6
Validation,58637,4
Validation,58638,0
Validation,58639,7
Validation,58640,1
Validation,58641,7
Validation,58642,3
Validation,58643,0
Validation,58644,8
Validation,58645,1
Validation,58646,2
Validation,58647,4
Validation,58648,1
Validation,58649,2
Validation,58650,2
Validation,58651,4
Validation,58652,9
Validation,58653,8
Validation,58654,2
Validation,58655,8
Validation,58656,7
Validation,58657,6
Validation,58658,3
Validation,58659,4
Validation,58660,7
Validation,58661,2
Validation,58662,3
Validation,58663,1
Validation,58664,5
Validation,58665,3
Validation,58666,0
Validation,58667,4
Validation,58668,3
Validation,58669,4
Validation,58670,9
Validation,58671,4
Validation,58672,7
Validation,58673,9
Validation,58674,1
Validation,58675,7
Validation,58676,8
Validation,58677,3
Validation,58678,1
Validation,58679,8
Validation,58680,3
Validation,58681,2
Validation,58682,5
Validation,58683,7
Validation,58684,2
Validation,58685,7
Validation,58686,9
Validation,58687,6
Validation,58688,8
Validation,58689,6
Validation,58690,8
Validation,58691,6
Validation,58692,5
Validation,58693,9
Validation,58694,0
Validation,58695,4
Validation,58696,8
Validation,58697,5
Validation,58698,6
Validation,58699,4
Validation,58700,3
Validation,58701,8
Validation,58702,0
Validation,58703,4
Validation,58704,8
Validation,58705,6
Validation,58706,7
Validation,58707,2
Validation,58708,7
Validation,58709,1
Validation,58710,7
Validation,58711,4
Validation,58712,1
Validation,58713,2
Validation,58714,4
Validation,58715,2
Validation,58716,2
Validation,58717,8
Validation,58718,7
Validation,58719,2
Validation,58720,2
Validation,58721,6
Validation,58722,7
Validation,58723,5
Validation,58724,6
Validation,58725,8
Validation,58726,9
Validation,58727,9
Validation,58728,6
Validation,58729,5
Validation,58730,2
Validation,58731,9
Validation,58732,8
Validation,58733,7
Validation,58734,2
Validation,58735,3
Validation,58736,3
Validation,58737,7
Validation,58738,4
Validation,58739,3
Validation,58740,2
Validation,58741,1
Validation,58742,9
Validation,58743,0
Validation,58744,1
Validation,58745,5
Validation,58746,3
Validation,58747,2
Validation,58748,6
Validation,58749,5
Validation,58750,9
Validation,58751,1
Validation,58752,5
Validation,58753,4
Validation,58754,3
Validation,58755,6
Validation,58756,2
Validation,58757,8
Validation,58758,9
Validation,58759,7
Validation,58760,8
Validation,58761,0
Validation,58762,8
Validation,58763,9
Validation,58764,1
Validation,58765,2
Validation,58766,5
Validation,58767,7
Validation,58768,2
Validation,58769,0
Validation,58770,6
Validation,58771,6
Validation,58772,1
Validation,58773,6
Validation,58774,3
Validation,58775,1
Validation,58776,5
Validation,58777,0
Validation,58778,3
Validation,58779,7
Validation,58780,4
Validation,58781,6
Validation,58782,5
Validation,58783,6
Validation,58784,4
Validation,58785,8
Validation,58786,3
Validation,58787,4
Validation,58788,5
Validation,58789,5
Validation,58790,0
Validation,58791,6
Validation,58792,6
Validation,58793,7
Validation,58794,5
Validation,58795,0
Validation,58796,9
Validation,58797,9
Validation,58798,6
Validation,58799,1
Validation,58800,0
Validation,58801,4
Validation,58802,6
Validation,58803,3
Validation,58804,6
Validation,58805,9
Validation,58806,3
Validation,58807,6
Validation,58808,6
Validation,58809,8
Validation,58810,2
Validation,58811,1
Validation,58812,0
Validation,58813,1
Validation,58814,9
Validation,58815,3
Validation,58816,7
Validation,58817,4
Validation,58818,3
Validation,58819,0
Validation,58820,2
Validation,58821,7
Validation,58822,6
Validation,58823,4
Validation,58824,3
Validation,58825,0
Validation,58826,8
Validation,58827,2
Validation,58828,0
Validation,58829,0
Validation,58830,9
Validation,58831,6
Validation,58832,6
Validation,58833,6
Validation,58834,8
Validation,58835,7
Validation,58836,4
Validation,58837,1
Validation,58838,8
Validation,58839,1
Validation,58840,2
Validation,58841,2
Validation,58842,4
Validation,58843,8
Validation,58844,5
Validation,58845,2
Validation,58846,6
Validation,58847,5
Validation,58848,3
Validation,58849,9
Validation,58850,1
Validation,58851,0
Validation,58852,7
Validation,58853,2
Validation,58854,4
Validation,58855,4
Validation,58856,0
Validation,58857,0
Validation,58858,6
Validation,58859,2
Validation,58860,2
Validation,58861,4
Validation,58862,0
Validation,58863,5
Validation,58864,9
Validation,58865,7
Validation,58866,1
Validation,58867,8
Validation,58868,4
Validation,58869,5
Validation,58870,5
Validation,58871,9
Validation,58872,8
Validation,58873,5
Validation,58874,7
Validation,58875,8
Validation,58876,0
Validation,58877,9
Validation,58878,8
Validation,58879,9
Validation,58880,1
Validation,58881,6
Validation,58882,3
Validation,58883,8
Validation,58884,0
Validation,58885,3
Validation,58886,4
Validation,58887,4
Validation,58888,8
Validation,58889,4
Validation,58890,8
Validation,58891,9
Validation,58892,8
Validation,58893,6
Validation,58894,0
Validation,58895,0
Validation,58896,8
Validation,58897,2
Validation,58898,7
Validation,58899,4
Validation,58900,2
Validation,58901,5
Validation,58902,6
Validation,58903,0
Validation,58904,5
Validation,58905,8
Validation,58906,4
Validation,58907,1
Validation,58908,9
Validation,58909,0
Validation,58910,1
Validation,58911,4
Validation,58912,4
Validation,58913,8
Validation,58914,4
Validation,58915,9
Validation,58916,6
Validation,58917,0
Validation,58918,7
Validation,58919,7
Validation,58920,6
Validation,58921,8
Validation,58922,9
Validation,58923,6
Validation,58924,2
Validation,58925,0
Validation,58926,4
Validation,58927,9
Validation,58928,4
Validation,58929,9
Validation,58930,3
Validation,58931,9
Validation,58932,6
Validation,58933,6
Validation,58934,7
Validation,58935,0
Validation,58936,9
Validation,58937,7
Validation,58938,1
Validation,58939,8
Validation,58940,6
Validation,58941,0
Validation,58942,6
Validation,58943,7
Validation,58944,4
Validation,58945,1
Validation,58946,9
Validation,58947,4
Validation,58948,6
Validation,58949,7
Validation,58950,9
Validation,58951,8
Validation,58952,3
Validation,58953,9
Validation,58954,2
Validation,58955,1
Validation,58956,2
Validation,58957,7
Validation,58958,6
Validation,58959,1
Validation,58960,0
Validation,58961,0
Validation,58962,5
Validation,58963,6
Validation,58964,0
Validation,58965,4
Validation,58966,3
Validation,58967,2
Validation,58968,8
Validation,58969,8
Validation,58970,0
Validation,58971,6
Validation,58972,9
Validation,58973,5
Validation,58974,2
Validation,58975,8
Validation,58976,7
Validation,58977,0
Validation,58978,6
Validation,58979,5
Validation,58980,9
Validation,58981,7
Validation,58982,2
Validation,58983,3
Validation,58984,6
Validation,58985,9
Validation,58986,6
Validation,58987,2
Validation,58988,2
Validation,58989,4
Validation,58990,1
Validation,58991,0
Validation,58992,5
Validation,58993,0
Validation,58994,8
Validation,58995,9
Validation,58996,3
Validation,58997,5
Validation,58998,9
Validation,58999,3
Validation,59000,8
Validation,59001,1
Validation,59002,6
Validation,59003,3
Validation,59004,7
Validation,59005,5
Validation,59006,6
Validation,59007,2
Validation,59008,0
Validation,59009,2
Validation,59010,8
Validation,59011,2
Validation,59012,8
Validation,59013,7
Validation,59014,7
Validation,59015,8
Validation,59016,1
Validation,59017,0
Validation,59018,8
Validation,59019,9
Validation,59020,7
Validation,59021,0
Validation,59022,3
Validation,59023,8
Validation,59024,0
Validation,59025,5
Validation,59026,9
Validation,59027,5
Validation,59028,8
Validation,59029,4
Validation,59030,2
Validation,59031,0
Validation,59032,9
Validation,59033,2
Validation,59034,2
Validation,59035,4
Validation,59036,4
Validation,59037,9
Validation,59038,2
Validation,59039,2
Validation,59040,2
Validation,59041,5
Validation,59042,1
Validation,59043,3
Validation,59044,2
Validation,59045,0
Validation,59046,0
Validation,59047,4
Validation,59048,0
Validation,59049,6
Validation,59050,5
Validation,59051,8
Validation,59052,0
Validation,59053,5
Validation,59054,8
Validation,59055,6
Validation,59056,4
Validation,59057,8
Validation,59058,5
Validation,59059,2
Validation,59060,9
Validation,59061,7
Validation,59062,9
Validation,59063,7
Validation,59064,1
Validation,59065,0
Validation,59066,1
Validation,59067,9
Validation,59068,6
Validation,59069,9
Validation,59070,2
Validation,59071,7
Validation,59072,9
Validation,59073,4
Validation,59074,4
Validation,59075,0
Validation,59076,6
Validation,59077,2
Validation,59078,4
Validation,59079,1
Validation,59080,3
Validation,59081,7
Validation,59082,2
Validation,59083,8
Validation,59084,5
Validation,59085,9
Validation,59086,0
Validation,59087,3
Validation,59088,2
Validation,59089,3
Validation,59090,2
Validation,59091,7
Validation,59092,6
Validation,59093,3
Validation,59094,2
Validation,59095,5
Validation,59096,9
Validation,59097,0
Validation,59098,5
Validation,59099,9
Validation,59100,9
Validation,59101,8
Validation,59102,7
Validation,59103,7
Validation,59104,4
Validation,59105,8
Validation,59106,6
Validation,59107,5
Validation,59108,2
Validation,59109,3
Validation,59110,1
Validation,59111,0
Validation,59112,4
Validation,59113,1
Validation,59114,8
Validation,59115,8
Validation,59116,4
Validation,59117,9
Validation,59118,4
Validation,59119,4
Validation,59120,3
Validation,59121,3
Validation,59122,9
Validation,59123,2
Validation,59124,0
Validation,59125,1
Validation,59126,1
Validation,59127,8
Validation,59128,4
Validation,59129,4
Validation,59130,8
Validation,59131,3
Validation,59132,2
Validation,59133,9
Validation,59134,5
Validation,59135,7
Validation,59136,6
Validation,59137,2
Validation,59138,5
Validation,59139,4
Validation,59140,7
Validation,59141,3
Validation,59142,3
Validation,59143,9
Validation,59144,0
Validation,59145,1
Validation,59146,5
Validation,59147,9
Validation,59148,3
Validation,59149,7
Validation,59150,6
Validation,59151,0
Validation,59152,4
Validation,59153,2
Validation,59154,2
Validation,59155,5
Validation,59156,6
Validation,59157,3
Validation,59158,8
Validation,59159,9
Validation,59160,5
Validation,59161,6
Validation,59162,1
Validation,59163,4
Validation,59164,5
Validation,59165,4
Validation,59166,6
Validation,59167,7
Validation,59168,2
Validation,59169,1
Validation,59170,0
Validation,59171,2
Validation,59172,0
Validation,59173,4
Validation,59174,9
Validation,59175,8
Validation,59176,8
Validation,59177,9
Validation,59178,1
Validation,59179,1
Validation,59180,5
Validation,59181,0
Validation,59182,0
Validation,59183,8
Validation,59184,7
Validation,59185,1
Validation,59186,7
Validation,59187,4
Validation,59188,5
Validation,59189,4
Validation,59190,3
Validation,59191,3
Validation,59192,2
Validation,59193,0
Validation,59194,6
Validation,59195,6
Validation,59196,0
Validation,59197,1
Validation,59198,3
Validation,59199,9
Validation,59200,8
Validation,59201,3
Validation,59202,7
Validation,59203,8
Validation,59204,9
Validation,59205,4
Validation,59206,8
Validation,59207,9
Validation,59208,0
Validation,59209,9
Validation,59210,7
Validation,59211,1
Validation,59212,6
Validation,59213,2
Validation,59214,9
Validation,59215,5
Validation,59216,6
Validation,59217,9
Validation,59218,3
Validation,59219,9
Validation,59220,8
Validation,59221,7
Validation,59222,7
Validation,59223,1
Validation,59224,6
Validation,59225,5
Validation,59226,3
Validation,59227,1
Validation,59228,3
Validation,59229,1
Validation,59230,2
Validation,59231,7
Validation,59232,1
Validation,59233,8
Validation,59234,2
Validation,59235,0
Validation,59236,9
Validation,59237,7
Validation,59238,9
Validation,59239,8
Validation,59240,8
Validation,59241,6
Validation,59242,7
Validation,59243,3
Validation,59244,7
Validation,59245,1
Validation,59246,3
Validation,59247,9
Validation,59248,0
Validation,59249,9
Validation,59250,3
Validation,59251,6
Validation,59252,7
Validation,59253,2
Validation,59254,7
Validation,59255,3
Validation,59256,0
Validation,59257,5
Validation,59258,9
Validation,59259,7
Validation,59260,5
Validation,59261,5
Validation,59262,0
Validation,59263,6
Validation,59264,5
Validation,59265,1
Validation,59266,8
Validation,59267,2
Validation,59268,7
Validation,59269,5
Validation,59270,9
Validation,59271,0
Validation,59272,0
Validation,59273,0
Validation,59274,8
Validation,59275,8
Validation,59276,7
Validation,59277,3
Validation,59278,7
Validation,59279,8
Validation,59280,9
Validation,59281,3
Validation,59282,7
Validation,59283,9
Validation,59284,7
Validation,59285,8
Validation,59286,7
Validation,59287,9
Validation,59288,8
Validation,59289,5
Validation,59290,4
Validation,59291,8
Validation,59292,3
Validation,59293,7
Validation,59294,6
Validation,59295,3
Validation,59296,8
Validation,59297,2
Validation,59298,1
Validation,59299,9
Validation,59300,5
Validation,59301,7
Validation,59302,3
Validation,59303,9
Validation,59304,5
Validation,59305,5
Validation,59306,8
Validation,59307,7
Validation,59308,3
Validation,59309,5
Validation,59310,3
Validation,59311,5
Validation,59312,9
Validation,59313,7
Validation,59314,6
Validation,59315,7
Validation,59316,3
Validation,59317,6
Validation,59318,4
Validation,59319,3
Validation,59320,9
Validation,59321,4
Validation,59322,2
Validation,59323,1
Validation,59324,9
Validation,59325,6
Validation,59326,0
Validation,59327,2
Validation,59328,6
Validation,59329,7
Validation,59330,4
Validation,59331,7
Validation,59332,9
Validation,59333,0
Validation,59334,7
Validation,59335,4
Validation,59336,3
Validation,59337,5
Validation,59338,3
Validation,59339,1
Validation,59340,1
Validation,59341,2
Validation,59342,6
Validation,59343,8
Validation,59344,2
Validation,59345,1
Validation,59346,7
Validation,59347,8
Validation,59348,5
Validation,59349,9
Validation,59350,6
Validation,59351,1
Validation,59352,1
Validation,59353,5
Validation,59354,0
Validation,59355,6
Validation,59356,0
Validation,59357,9
Validation,59358,2
Validation,59359,6
Validation,59360,5
Validation,59361,8
Validation,59362,9
Validation,59363,5
Validation,59364,5
Validation,59365,6
Validation,59366,2
Validation,59367,9
Validation,59368,1
Validation,59369,5
Validation,59370,8
Validation,59371,8
Validation,59372,7
Validation,59373,1
Validation,59374,7
Validation,59375,3
Validation,59376,5
Validation,59377,4
Validation,59378,9
Validation,59379,7
Validation,59380,5
Validation,59381,2
Validation,59382,9
Validation,59383,9
Validation,59384,4
Validation,59385,7
Validation,59386,4
Validation,59387,1
Validation,59388,3
Validation,59389,8
Validation,59390,7
Validation,59391,9
Validation,59392,0
Validation,59393,4
Validation,59394,5
Validation,59395,7
Validation,59396,5
Validation,59397,2
Validation,59398,8
Validation,59399,7
Validation,59400,6
Validation,59401,9
Validation,59402,6
Validation,59403,9
Validation,59404,3
Validation,59405,8
Validation,59406,5
Validation,59407,6
Validation,59408,6
Validation,59409,9
Validation,59410,5
Validation,59411,7
Validation,59412,8
Validation,59413,0
Validation,59414,5
Validation,59415,0
Validation,59416,7
Validation,59417,4
Validation,59418,8
Validation,59419,2
Validation,59420,5
Validation,59421,1
Validation,59422,3
Validation,59423,2
Validation,59424,2
Validation,59425,6
Validation,59426,2
Validation,59427,1
Validation,59428,7
Validation,59429,4
Validation,59430,6
Validation,59431,3
Validation,59432,1
Validation,59433,3
Validation,59434,7
Validation,59435,2
Validation,59436,1
Validation,59437,3
Validation,59438,7
Validation,59439,0
Validation,59440,8
Validation,59441,4
Validation,59442,4
Validation,59443,5
Validation,59444,7
Validation,59445,9
Validation,59446,5
Validation,59447,4
Validation,59448,3
Validation,59449,9
Validation,59450,6
Validation,59451,8
Validation,59452,2
Validation,59453,3
Validation,59454,3
Validation,59455,1
Validation,59456,6
Validation,59457,1
Validation,59458,7
Validation,59459,0
Validation,59460,3
Validation,59461,4
Validation,59462,2
Validation,59463,9
Validation,59464,4
Validation,59465,5
Validation,59466,8
Validation,59467,2
Validation,59468,7
Validation,59469,0
Validation,59470,9
Validation,59471,6
Validation,59472,8
Validation,59473,0
Validation,59474,8
Validation,59475,2
Validation,59476,8
Validation,59477,5
Validation,59478,7
Validation,59479,7
Validation,59480,2
Validation,59481,2
Validation,59482,0
Validation,59483,0
Validation,59484,0
Validation,59485,7
Validation,59486,4
Validation,59487,1
Validation,59488,6
Validation,59489,6
Validation,59490,8
Validation,59491,8
Validation,59492,9
Validation,59493,0
Validation,59494,9
Validation,59495,0
Validation,59496,1
Validation,59497,3
Validation,59498,3
Validation,59499,0
Validation,59500,9
Validation,59501,6
Validation,59502,6
Validation,59503,2
Validation,59504,6
Validation,59505,3
Validation,59506,4
Validation,59507,0
Validation,59508,8
Validation,59509,4
Validation,59510,1
Validation,59511,4
Validation,59512,0
Validation,59513,6
Validation,59514,5
Validation,59515,0
Validation,59516,9
Validation,59517,9
Validation,59518,9
Validation,59519,9
Validation,59520,1
Validation,59521,2
Validation,59522,3
Validation,59523,5
Validation,59524,4
Validation,59525,2
Validation,59526,9
Validation,59527,6
Validation,59528,0
Validation,59529,9
Validation,59530,6
Validation,59531,6
Validation,59532,8
Validation,59533,0
Validation,59534,6
Validation,59535,1
Validation,59536,4
Validation,59537,6
Validation,59538,8
Validation,59539,0
Validation,59540,5
Validation,59541,4
Validation,59542,1
Validation,59543,2
Validation,59544,0
Validation,59545,9
Validation,59546,6
Validation,59547,4
Validation,59548,2
Validation,59549,4
Validation,59550,6
Validation,59551,5
Validation,59552,9
Validation,59553,7
Validation,59554,7
Validation,59555,4
Validation,59556,6
Validation,59557,5
Validation,59558,0
Validation,59559,1
Validation,59560,9
Validation,59561,0
Validation,59562,3
Validation,59563,1
Validation,59564,9
Validation,59565,0
Validation,59566,9
Validation,59567,7
Validation,59568,8
Validation,59569,6
Validation,59570,7
Validation,59571,6
Validation,59572,8
Validation,59573,2
Validation,59574,4
Validation,59575,5
Validation,59576,3
Validation,59577,0
Validation,59578,3
Validation,59579,2
Validation,59580,1
Validation,59581,7
Validation,59582,5
Validation,59583,9
Validation,59584,3
Validation,59585,4
Validation,59586,5
Validation,59587,7
Validation,59588,1
Validation,59589,5
Validation,59590,0
Validation,59591,1
Validation,59592,1
Validation,59593,1
Validation,59594,9
Validation,59595,7
Validation,59596,5
Validation,59597,4
Validation,59598,9
Validation,59599,7
Validation,59600,8
Validation,59601,1
Validation,59602,0
Validation,59603,2
Validation,59604,8
Validation,59605,5
Validation,59606,6
Validation,59607,7
Validation,59608,0
Validation,59609,1
Validation,59610,4
Validation,59611,8
Validation,59612,4
Validation,59613,4
Validation,59614,6
Validation,59615,6
Validation,59616,5
Validation,59617,8
Validation,59618,1
Validation,59619,8
Validation,59620,4
Validation,59621,6
Validation,59622,5
Validation,59623,9
Validation,59624,2
Validation,59625,2
Validation,59626,1
Validation,59627,4
Validation,59628,9
Validation,59629,1
Validation,59630,6
Validation,59631,7
Validation,59632,2
Validation,59633,0
Validation,59634,1
Validation,59635,7
Validation,59636,6
Validation,59637,5
Validation,59638,2
Validation,59639,2
Validation,59640,5
Validation,59641,6
Validation,59642,0
Validation,59643,9
Validation,59644,0
Validation,59645,1
Validation,59646,5
Validation,59647,3
Validation,59648,3
Validation,59649,5
Validation,59650,8
Validation,59651,7
Validation,59652,5
Validation,59653,6
Validation,59654,5
Validation,59655,8
Validation,59656,0
Validation,59657,5
Validation,59658,9
Validation,59659,4
Validation,59660,6
Validation,59661,5
Validation,59662,1
Validation,59663,1
Validation,59664,0
Validation,59665,3
Validation,59666,3
Validation,59667,9
Validation,59668,4
Validation,59669,8
Validation,59670,1
Validation,59671,7
Validation,59672,7
Validation,59673,9
Validation,59674,9
Validation,59675,4
Validation,59676,3
Validation,59677,6
Validation,59678,3
Validation,59679,2
Validation,59680,8
Validation,59681,2
Validation,59682,7
Validation,59683,6
Validation,59684,7
Validation,59685,0
Validation,59686,2
Validation,59687,1
Validation,59688,2
Validation,59689,9
Validation,59690,4
Validation,59691,6
Validation,59692,9
Validation,59693,6
Validation,59694,1
Validation,59695,0
Validation,59696,1
Validation,59697,8
Validation,59698,7
Validation,59699,0
Validation,59700,0
Validation,59701,4
Validation,59702,7
Validation,59703,4
Validation,59704,2
Validation,59705,6
Validation,59706,9
Validation,59707,5
Validation,59708,9
Validation,59709,0
Validation,59710,7
Validation,59711,4
Validation,59712,5
Validation,59713,8
Validation,59714,1
Validation,59715,4
Validation,59716,7
Validation,59717,9
Validation,59718,9
Validation,59719,8
Validation,59720,8
Validation,59721,6
Validation,59722,3
Validation,59723,7
Validation,59724,0
Validation,59725,8
Validation,59726,9
Validation,59727,6
Validation,59728,2
Validation,59729,4
Validation,59730,6
Validation,59731,2
Validation,59732,9
Validation,59733,7
Validation,59734,4
Validation,59735,6
Validation,59736,8
Validation,59737,5
Validation,59738,6
Validation,59739,1
Validation,59740,3
Validation,59741,5
Validation,59742,9
Validation,59743,9
Validation,59744,1
Validation,59745,3
Validation,59746,2
Validation,59747,0
Validation,59748,3
Validation,59749,0
Validation,59750,2
Validation,59751,0
Validation,59752,7
Validation,59753,3
Validation,59754,9
Validation,59755,3
Validation,59756,5
Validation,59757,7
Validation,59758,6
Validation,59759,5
Validation,59760,9
Validation,59761,5
Validation,59762,6
Validation,59763,1
Validation,59764,2
Validation,59765,4
Validation,59766,0
Validation,59767,2
Validation,59768,7
Validation,59769,8
Validation,59770,4
Validation,59771,4
Validation,59772,0
Validation,59773,9
Validation,59774,5
Validation,59775,9
Validation,59776,2
Validation,59777,9
Validation,59778,3
Validation,59779,2
Validation,59780,4
Validation,59781,3
Validation,59782,2
Validation,59783,2
Validation,59784,8
Validation,59785,8
Validation,59786,6
Validation,59787,8
Validation,59788,1
Validation,59789,6
Validation,59790,8
Validation,59791,9
Validation,59792,8
Validation,59793,2
Validation,59794,1
Validation,59795,4
Validation,59796,9
Validation,59797,1
Validation,59798,5
Validation,59799,7
Validation,59800,1
Validation,59801,6
Validation,59802,0
Validation,59803,1
Validation,59804,5
Validation,59805,2
Validation,59806,8
Validation,59807,1
Validation,59808,1
Validation,59809,3
Validation,59810,8
Validation,59811,1
Validation,59812,3
Validation,59813,1
Validation,59814,8
Validation,59815,5
Validation,59816,1
Validation,59817,9
Validation,59818,0
Validation,59819,3
Validation,59820,0
Validation,59821,4
Validation,59822,0
Validation,59823,5
Validation,59824,1
Validation,59825,2
Validation,59826,0
Validation,59827,4
Validation,59828,9
Validation,59829,5
Validation,59830,1
Validation,59831,2
Validation,59832,2
Validation,59833,7
Validation,59834,8
Validation,59835,7
Validation,59836,2
Validation,59837,4
Validation,59838,5
Validation,59839,3
Validation,59840,4
Validation,59841,0
Validation,59842,6
Validation,59843,1
Validation,59844,5
Validation,59845,9
Validation,59846,8
Validation,59847,0
Validation,59848,2
Validation,59849,0
Validation,59850,7
Validation,59851,6
Validation,59852,0
Validation,59853,5
Validation,59854,9
Validation,59855,7
Validation,59856,5
Validation,59857,0
Validation,59858,4
Validation,59859,6
Validation,59860,0
Validation,59861,6
Validation,59862,3
Validation,59863,6
Validation,59864,8
Validation,59865,1
Validation,59866,1
Validation,59867,8
Validation,59868,9
Validation,59869,7
Validation,59870,2
Validation,59871,9
Validation,59872,0
Validation,59873,2
Validation,59874,2
Validation,59875,9
Validation,59876,0
Validation,59877,6
Validation,59878,5
Validation,59879,7
Validation,59880,7
Validation,59881,9
Validation,59882,1
Validation,59883,7
Validation,59884,9
Validation,59885,8
Validation,59886,4
Validation,59887,5
Validation,59888,0
Validation,59889,8
Validation,59890,0
Validation,59891,2
Validation,59892,5
Validation,59893,2
Validation,59894,1
Validation,59895,4
Validation,59896,4
Validation,59897,8
Validation,59898,9
Validation,59899,7
Validation,59900,8
Validation,59901,3
Validation,59902,6
Validation,59903,6
Validation,59904,0
Validation,59905,1
Validation,59906,1
Validation,59907,1
Validation,59908,8
Validation,59909,1
Validation,59910,4
Validation,59911,4
Validation,59912,0
Validation,59913,7
Validation,59914,8
Validation,59915,2
Validation,59916,1
Validation,59917,2
Validation,59918,5
Validation,59919,4
Validation,59920,6
Validation,59921,0
Validation,59922,5
Validation,59923,7
Validation,59924,4
Validation,59925,4
Validation,59926,3
Validation,59927,9
Validation,59928,5
Validation,59929,8
Validation,59930,8
Validation,59931,0
Validation,59932,8
Validation,59933,7
Validation,59934,4
Validation,59935,1
Validation,59936,8
Validation,59937,4
Validation,59938,9
Validation,59939,5
Validation,59940,4
Validation,59941,1
Validation,59942,7
Validation,59943,7
Validation,59944,7
Validation,59945,7
Validation,59946,0
Validation,59947,3
Validation,59948,8
Validation,59949,3
Validation,59950,3
Validation,59951,0
Validation,59952,5
Validation,59953,7
Validation,59954,0
Validation,59955,8
Validation,59956,0
Validation,59957,0
Validation,59958,9
Validation,59959,2
Validation,59960,2
Validation,59961,3
Validation,59962,4
Validation,59963,8
Validation,59964,2
Validation,59965,2
Validation,59966,6
Validation,59967,3
Validation,59968,3
Validation,59969,6
Validation,59970,2
Validation,59971,9
Validation,59972,4
Validation,59973,0
Validation,59974,1
Validation,59975,7
Validation,59976,5
Validation,59977,5
Validation,59978,7
Validation,59979,3
Validation,59980,0
Validation,59981,4
Validation,59982,2
Validation,59983,0
Validation,59984,7
Validation,59985,5
Validation,59986,8
Validation,59987,0
Validation,59988,8
Validation,59989,2
Validation,59990,7
Validation,59991,0
Validation,59992,3
Validation,59993,5
Validation,59994,3
Validation,59995,8
Validation,59996,3
Validation,59997,5
Validation,59998,1
Validation,59999,7
