Split,Image_Index,Original_Label
train,0,7
train,1,3
train,2,5
train,3,6
train,4,5
train,5,3
train,6,8
train,7,2
train,8,0
train,9,9
train,10,3
train,11,5
train,12,3
train,13,4
train,14,5
train,15,9
train,16,3
train,17,7
train,18,3
train,19,0
train,20,1
train,21,2
train,22,4
train,23,5
train,24,2
train,25,4
train,26,5
train,27,6
train,28,8
train,29,7
train,30,1
train,31,8
train,32,9
train,33,0
train,34,7
train,35,1
train,36,3
train,37,3
train,38,1
train,39,9
train,40,9
train,41,1
train,42,3
train,43,6
train,44,7
train,45,4
train,46,2
train,47,1
train,48,4
train,49,5
train,50,1
train,51,4
train,52,1
train,53,5
train,54,9
train,55,4
train,56,9
train,57,0
train,58,1
train,59,3
train,60,5
train,61,3
train,62,8
train,63,2
train,64,3
train,65,8
train,66,9
train,67,3
train,68,0
train,69,9
train,70,9
train,71,0
train,72,4
train,73,9
train,74,1
train,75,2
train,76,7
train,77,0
train,78,4
train,79,7
train,80,1
train,81,6
train,82,1
train,83,1
train,84,6
train,85,7
train,86,4
train,87,2
train,88,7
train,89,3
train,90,6
train,91,9
train,92,1
train,93,4
train,94,5
train,95,3
train,96,6
train,97,8
train,98,5
train,99,5
train,100,9
train,101,9
train,102,5
train,103,4
train,104,8
train,105,0
train,106,9
train,107,0
train,108,2
train,109,8
train,110,2
train,111,8
train,112,7
train,113,3
train,114,9
train,115,3
train,116,2
train,117,1
train,118,3
train,119,6
train,120,7
train,121,3
train,122,5
train,123,1
train,124,1
train,125,4
train,126,7
train,127,8
train,128,8
train,129,7
train,130,1
train,131,7
train,132,9
train,133,3
train,134,6
train,135,0
train,136,5
train,137,7
train,138,6
train,139,1
train,140,0
train,141,5
train,142,2
train,143,4
train,144,7
train,145,8
train,146,8
train,147,4
train,148,2
train,149,5
train,150,0
train,151,4
train,152,9
train,153,6
train,154,8
train,155,8
train,156,5
train,157,1
train,158,2
train,159,8
train,160,9
train,161,4
train,162,5
train,163,9
train,164,2
train,165,5
train,166,1
train,167,2
train,168,7
train,169,3
train,170,1
train,171,4
train,172,5
train,173,5
train,174,7
train,175,6
train,176,0
train,177,4
train,178,8
train,179,8
train,180,5
train,181,7
train,182,7
train,183,8
train,184,1
train,185,4
train,186,1
train,187,8
train,188,9
train,189,7
train,190,7
train,191,3
train,192,6
train,193,7
train,194,5
train,195,9
train,196,4
train,197,3
train,198,2
train,199,5
train,200,4
train,201,8
train,202,8
train,203,8
train,204,1
train,205,5
train,206,6
train,207,0
train,208,3
train,209,5
train,210,6
train,211,9
train,212,3
train,213,2
train,214,9
train,215,9
train,216,1
train,217,2
train,218,6
train,219,9
train,220,6
train,221,4
train,222,5
train,223,0
train,224,8
train,225,2
train,226,5
train,227,4
train,228,1
train,229,7
train,230,1
train,231,4
train,232,7
train,233,9
train,234,1
train,235,5
train,236,1
train,237,6
train,238,1
train,239,6
train,240,2
train,241,6
train,242,6
train,243,8
train,244,3
train,245,9
train,246,9
train,247,3
train,248,2
train,249,9
train,250,6
train,251,9
train,252,0
train,253,6
train,254,1
train,255,6
train,256,3
train,257,4
train,258,2
train,259,2
train,260,1
train,261,2
train,262,1
train,263,2
train,264,7
train,265,7
train,266,3
train,267,3
train,268,6
train,269,2
train,270,9
train,271,5
train,272,0
train,273,4
train,274,9
train,275,5
train,276,9
train,277,1
train,278,3
train,279,0
train,280,5
train,281,2
train,282,5
train,283,6
train,284,4
train,285,8
train,286,7
train,287,7
train,288,9
train,289,0
train,290,8
train,291,3
train,292,5
train,293,4
train,294,7
train,295,4
train,296,5
train,297,2
train,298,3
train,299,2
train,300,6
train,301,0
train,302,0
train,303,1
train,304,4
train,305,7
train,306,2
train,307,6
train,308,0
train,309,7
train,310,0
train,311,4
train,312,2
train,313,2
train,314,5
train,315,1
train,316,1
train,317,0
train,318,6
train,319,0
train,320,8
train,321,6
train,322,0
train,323,5
train,324,2
train,325,6
train,326,4
train,327,1
train,328,9
train,329,1
train,330,9
train,331,9
train,332,2
train,333,8
train,334,1
train,335,1
train,336,9
train,337,5
train,338,4
train,339,0
train,340,0
train,341,5
train,342,4
train,343,1
train,344,9
train,345,2
train,346,8
train,347,8
train,348,4
train,349,8
train,350,9
train,351,7
train,352,1
train,353,7
train,354,8
train,355,0
train,356,0
train,357,2
train,358,2
train,359,6
train,360,1
train,361,1
train,362,6
train,363,0
train,364,4
train,365,1
train,366,2
train,367,5
train,368,1
train,369,3
train,370,6
train,371,4
train,372,1
train,373,8
train,374,6
train,375,1
train,376,9
train,377,4
train,378,7
train,379,0
train,380,2
train,381,9
train,382,5
train,383,0
train,384,4
train,385,9
train,386,2
train,387,1
train,388,5
train,389,6
train,390,8
train,391,0
train,392,7
train,393,8
train,394,2
train,395,8
train,396,2
train,397,6
train,398,8
train,399,0
train,400,9
train,401,3
train,402,0
train,403,3
train,404,5
train,405,6
train,406,9
train,407,3
train,408,5
train,409,4
train,410,8
train,411,5
train,412,2
train,413,2
train,414,4
train,415,8
train,416,4
train,417,5
train,418,1
train,419,6
train,420,9
train,421,8
train,422,9
train,423,9
train,424,8
train,425,4
train,426,6
train,427,9
train,428,7
train,429,4
train,430,2
train,431,7
train,432,8
train,433,5
train,434,1
train,435,7
train,436,4
train,437,0
train,438,3
train,439,2
train,440,1
train,441,0
train,442,7
train,443,5
train,444,2
train,445,4
train,446,7
train,447,1
train,448,3
train,449,9
train,450,0
train,451,5
train,452,3
train,453,8
train,454,2
train,455,5
train,456,6
train,457,7
train,458,7
train,459,7
train,460,3
train,461,4
train,462,1
train,463,3
train,464,2
train,465,2
train,466,5
train,467,3
train,468,1
train,469,5
train,470,9
train,471,4
train,472,5
train,473,7
train,474,8
train,475,0
train,476,6
train,477,0
train,478,6
train,479,6
train,480,0
train,481,7
train,482,3
train,483,5
train,484,6
train,485,5
train,486,9
train,487,6
train,488,2
train,489,6
train,490,9
train,491,6
train,492,2
train,493,7
train,494,3
train,495,2
train,496,6
train,497,1
train,498,1
train,499,5
train,500,1
train,501,8
train,502,9
train,503,7
train,504,4
train,505,3
train,506,1
train,507,1
train,508,2
train,509,6
train,510,1
train,511,3
train,512,4
train,513,1
train,514,7
train,515,5
train,516,4
train,517,2
train,518,1
train,519,3
train,520,7
train,521,8
train,522,0
train,523,8
train,524,8
train,525,2
train,526,4
train,527,0
train,528,4
train,529,6
train,530,5
train,531,0
train,532,1
train,533,5
train,534,3
train,535,4
train,536,7
train,537,6
train,538,9
train,539,3
train,540,1
train,541,4
train,542,5
train,543,6
train,544,3
train,545,3
train,546,7
train,547,3
train,548,2
train,549,4
train,550,4
train,551,0
train,552,4
train,553,5
train,554,5
train,555,9
train,556,2
train,557,7
train,558,2
train,559,2
train,560,2
train,561,1
train,562,1
train,563,9
train,564,9
train,565,0
train,566,0
train,567,6
train,568,3
train,569,1
train,570,2
train,571,5
train,572,6
train,573,3
train,574,7
train,575,2
train,576,1
train,577,9
train,578,6
train,579,3
train,580,9
train,581,2
train,582,1
train,583,7
train,584,1
train,585,3
train,586,7
train,587,2
train,588,3
train,589,4
train,590,9
train,591,6
train,592,7
train,593,9
train,594,2
train,595,2
train,596,9
train,597,8
train,598,2
train,599,1
train,600,2
train,601,4
train,602,7
train,603,1
train,604,0
train,605,4
train,606,7
train,607,6
train,608,2
train,609,5
train,610,5
train,611,3
train,612,2
train,613,7
train,614,9
train,615,5
train,616,7
train,617,5
train,618,2
train,619,5
train,620,1
train,621,1
train,622,3
train,623,7
train,624,3
train,625,3
train,626,6
train,627,9
train,628,2
train,629,9
train,630,4
train,631,4
train,632,3
train,633,4
train,634,3
train,635,8
train,636,9
train,637,5
train,638,0
train,639,3
train,640,0
train,641,8
train,642,6
train,643,7
train,644,7
train,645,9
train,646,8
train,647,8
train,648,9
train,649,4
train,650,0
train,651,8
train,652,1
train,653,3
train,654,4
train,655,9
train,656,7
train,657,4
train,658,4
train,659,7
train,660,7
train,661,5
train,662,8
train,663,9
train,664,3
train,665,4
train,666,9
train,667,5
train,668,9
train,669,4
train,670,2
train,671,7
train,672,1
train,673,6
train,674,8
train,675,3
train,676,5
train,677,9
train,678,3
train,679,6
train,680,7
train,681,9
train,682,2
train,683,9
train,684,8
train,685,4
train,686,5
train,687,1
train,688,3
train,689,5
train,690,3
train,691,3
train,692,0
train,693,6
train,694,9
train,695,2
train,696,6
train,697,2
train,698,4
train,699,1
train,700,0
train,701,7
train,702,6
train,703,6
train,704,9
train,705,6
train,706,0
train,707,6
train,708,9
train,709,1
train,710,6
train,711,0
train,712,8
train,713,5
train,714,6
train,715,1
train,716,9
train,717,3
train,718,8
train,719,6
train,720,0
train,721,2
train,722,9
train,723,9
train,724,7
train,725,7
train,726,2
train,727,5
train,728,7
train,729,6
train,730,5
train,731,4
train,732,3
train,733,1
train,734,4
train,735,5
train,736,4
train,737,1
train,738,1
train,739,4
train,740,3
train,741,8
train,742,7
train,743,4
train,744,3
train,745,6
train,746,4
train,747,1
train,748,4
train,749,0
train,750,6
train,751,0
train,752,7
train,753,3
train,754,0
train,755,3
train,756,5
train,757,7
train,758,8
train,759,4
train,760,2
train,761,5
train,762,7
train,763,9
train,764,5
train,765,9
train,766,6
train,767,4
train,768,2
train,769,4
train,770,5
train,771,4
train,772,4
train,773,3
train,774,1
train,775,3
train,776,2
train,777,5
train,778,7
train,779,0
train,780,1
train,781,2
train,782,1
train,783,3
train,784,9
train,785,4
train,786,8
train,787,1
train,788,0
train,789,5
train,790,1
train,791,4
train,792,1
train,793,9
train,794,0
train,795,4
train,796,9
train,797,1
train,798,1
train,799,5
train,800,3
train,801,6
train,802,3
train,803,6
train,804,4
train,805,3
train,806,3
train,807,4
train,808,8
train,809,0
train,810,6
train,811,8
train,812,7
train,813,4
train,814,8
train,815,7
train,816,9
train,817,9
train,818,8
train,819,7
train,820,6
train,821,3
train,822,1
train,823,1
train,824,6
train,825,3
train,826,0
train,827,9
train,828,1
train,829,4
train,830,3
train,831,7
train,832,8
train,833,5
train,834,5
train,835,7
train,836,5
train,837,7
train,838,7
train,839,4
train,840,9
train,841,2
train,842,5
train,843,3
train,844,0
train,845,0
train,846,2
train,847,4
train,848,6
train,849,6
train,850,6
train,851,8
train,852,9
train,853,6
train,854,9
train,855,3
train,856,4
train,857,4
train,858,6
train,859,3
train,860,7
train,861,9
train,862,9
train,863,3
train,864,4
train,865,2
train,866,9
train,867,0
train,868,0
train,869,9
train,870,6
train,871,0
train,872,0
train,873,8
train,874,1
train,875,3
train,876,1
train,877,1
train,878,9
train,879,2
train,880,6
train,881,5
train,882,6
train,883,0
train,884,4
train,885,2
train,886,1
train,887,0
train,888,5
train,889,7
train,890,0
train,891,7
train,892,3
train,893,6
train,894,9
train,895,6
train,896,1
train,897,7
train,898,5
train,899,8
train,900,6
train,901,8
train,902,0
train,903,2
train,904,4
train,905,0
train,906,9
train,907,8
train,908,5
train,909,0
train,910,0
train,911,8
train,912,5
train,913,9
train,914,5
train,915,6
train,916,3
train,917,3
train,918,0
train,919,6
train,920,0
train,921,8
train,922,3
train,923,5
train,924,2
train,925,9
train,926,8
train,927,1
train,928,4
train,929,1
train,930,9
train,931,9
train,932,5
train,933,1
train,934,5
train,935,0
train,936,3
train,937,3
train,938,6
train,939,1
train,940,6
train,941,9
train,942,1
train,943,7
train,944,9
train,945,4
train,946,5
train,947,1
train,948,2
train,949,6
train,950,3
train,951,1
train,952,1
train,953,4
train,954,0
train,955,1
train,956,2
train,957,6
train,958,0
train,959,8
train,960,3
train,961,0
train,962,3
train,963,3
train,964,8
train,965,7
train,966,2
train,967,6
train,968,9
train,969,1
train,970,8
train,971,3
train,972,3
train,973,9
train,974,1
train,975,4
train,976,5
train,977,7
train,978,6
train,979,2
train,980,3
train,981,2
train,982,3
train,983,3
train,984,0
train,985,5
train,986,8
train,987,7
train,988,9
train,989,2
train,990,4
train,991,0
train,992,6
train,993,7
train,994,8
train,995,6
train,996,3
train,997,1
train,998,2
train,999,2
train,1000,1
train,1001,1
train,1002,8
train,1003,0
train,1004,4
train,1005,7
train,1006,7
train,1007,9
train,1008,1
train,1009,3
train,1010,3
train,1011,9
train,1012,3
train,1013,9
train,1014,9
train,1015,7
train,1016,1
train,1017,7
train,1018,5
train,1019,2
train,1020,5
train,1021,5
train,1022,1
train,1023,5
train,1024,9
train,1025,7
train,1026,4
train,1027,4
train,1028,4
train,1029,7
train,1030,1
train,1031,2
train,1032,8
train,1033,3
train,1034,1
train,1035,4
train,1036,7
train,1037,7
train,1038,5
train,1039,0
train,1040,2
train,1041,4
train,1042,7
train,1043,1
train,1044,9
train,1045,7
train,1046,5
train,1047,2
train,1048,1
train,1049,3
train,1050,0
train,1051,7
train,1052,2
train,1053,5
train,1054,2
train,1055,7
train,1056,9
train,1057,2
train,1058,9
train,1059,2
train,1060,9
train,1061,7
train,1062,9
train,1063,1
train,1064,9
train,1065,2
train,1066,3
train,1067,7
train,1068,0
train,1069,5
train,1070,6
train,1071,2
train,1072,3
train,1073,0
train,1074,1
train,1075,5
train,1076,3
train,1077,4
train,1078,7
train,1079,3
train,1080,9
train,1081,5
train,1082,8
train,1083,1
train,1084,1
train,1085,1
train,1086,1
train,1087,9
train,1088,9
train,1089,3
train,1090,1
train,1091,7
train,1092,4
train,1093,7
train,1094,8
train,1095,1
train,1096,2
train,1097,8
train,1098,9
train,1099,2
train,1100,6
train,1101,3
train,1102,1
train,1103,1
train,1104,5
train,1105,2
train,1106,3
train,1107,4
train,1108,4
train,1109,1
train,1110,4
train,1111,9
train,1112,8
train,1113,3
train,1114,3
train,1115,1
train,1116,7
train,1117,6
train,1118,8
train,1119,0
train,1120,8
train,1121,5
train,1122,0
train,1123,7
train,1124,5
train,1125,1
train,1126,7
train,1127,3
train,1128,3
train,1129,4
train,1130,5
train,1131,3
train,1132,4
train,1133,9
train,1134,9
train,1135,7
train,1136,4
train,1137,1
train,1138,2
train,1139,4
train,1140,4
train,1141,4
train,1142,4
train,1143,3
train,1144,8
train,1145,5
train,1146,6
train,1147,8
train,1148,9
train,1149,1
train,1150,2
train,1151,3
train,1152,7
train,1153,6
train,1154,1
train,1155,6
train,1156,2
train,1157,1
train,1158,3
train,1159,8
train,1160,4
train,1161,9
train,1162,6
train,1163,5
train,1164,9
train,1165,9
train,1166,5
train,1167,0
train,1168,6
train,1169,6
train,1170,9
train,1171,9
train,1172,4
train,1173,1
train,1174,5
train,1175,5
train,1176,1
train,1177,5
train,1178,7
train,1179,6
train,1180,5
train,1181,9
train,1182,5
train,1183,5
train,1184,7
train,1185,1
train,1186,3
train,1187,8
train,1188,8
train,1189,0
train,1190,9
train,1191,2
train,1192,1
train,1193,0
train,1194,0
train,1195,9
train,1196,0
train,1197,5
train,1198,2
train,1199,5
train,1200,5
train,1201,3
train,1202,7
train,1203,9
train,1204,8
train,1205,0
train,1206,0
train,1207,1
train,1208,1
train,1209,7
train,1210,6
train,1211,9
train,1212,8
train,1213,5
train,1214,4
train,1215,7
train,1216,9
train,1217,0
train,1218,3
train,1219,1
train,1220,7
train,1221,6
train,1222,4
train,1223,7
train,1224,5
train,1225,7
train,1226,8
train,1227,7
train,1228,8
train,1229,5
train,1230,7
train,1231,5
train,1232,3
train,1233,4
train,1234,7
train,1235,4
train,1236,8
train,1237,2
train,1238,7
train,1239,1
train,1240,8
train,1241,1
train,1242,1
train,1243,6
train,1244,0
train,1245,4
train,1246,7
train,1247,8
train,1248,7
train,1249,7
train,1250,5
train,1251,2
train,1252,2
train,1253,1
train,1254,0
train,1255,0
train,1256,7
train,1257,8
train,1258,7
train,1259,4
train,1260,6
train,1261,2
train,1262,9
train,1263,5
train,1264,3
train,1265,3
train,1266,9
train,1267,1
train,1268,3
train,1269,6
train,1270,2
train,1271,0
train,1272,2
train,1273,2
train,1274,1
train,1275,9
train,1276,1
train,1277,3
train,1278,8
train,1279,2
train,1280,1
train,1281,1
train,1282,3
train,1283,4
train,1284,8
train,1285,8
train,1286,3
train,1287,8
train,1288,8
train,1289,5
train,1290,7
train,1291,6
train,1292,2
train,1293,9
train,1294,9
train,1295,1
train,1296,2
train,1297,5
train,1298,0
train,1299,8
train,1300,4
train,1301,3
train,1302,8
train,1303,4
train,1304,2
train,1305,1
train,1306,2
train,1307,0
train,1308,6
train,1309,5
train,1310,8
train,1311,7
train,1312,0
train,1313,2
train,1314,3
train,1315,9
train,1316,5
train,1317,7
train,1318,9
train,1319,1
train,1320,9
train,1321,7
train,1322,1
train,1323,8
train,1324,1
train,1325,6
train,1326,4
train,1327,7
train,1328,7
train,1329,2
train,1330,3
train,1331,7
train,1332,5
train,1333,1
train,1334,1
train,1335,9
train,1336,8
train,1337,8
train,1338,3
train,1339,3
train,1340,5
train,1341,7
train,1342,3
train,1343,0
train,1344,6
train,1345,7
train,1346,8
train,1347,0
train,1348,4
train,1349,8
train,1350,8
train,1351,4
train,1352,7
train,1353,1
train,1354,8
train,1355,2
train,1356,4
train,1357,7
train,1358,9
train,1359,7
train,1360,6
train,1361,5
train,1362,9
train,1363,7
train,1364,5
train,1365,4
train,1366,5
train,1367,9
train,1368,5
train,1369,6
train,1370,6
train,1371,5
train,1372,4
train,1373,0
train,1374,7
train,1375,6
train,1376,3
train,1377,9
train,1378,0
train,1379,7
train,1380,9
train,1381,7
train,1382,4
train,1383,7
train,1384,3
train,1385,0
train,1386,5
train,1387,6
train,1388,8
train,1389,1
train,1390,6
train,1391,0
train,1392,0
train,1393,6
train,1394,1
train,1395,2
train,1396,0
train,1397,5
train,1398,4
train,1399,8
train,1400,2
train,1401,6
train,1402,1
train,1403,4
train,1404,5
train,1405,3
train,1406,3
train,1407,4
train,1408,9
train,1409,1
train,1410,3
train,1411,8
train,1412,6
train,1413,6
train,1414,7
train,1415,3
train,1416,0
train,1417,9
train,1418,1
train,1419,9
train,1420,1
train,1421,4
train,1422,3
train,1423,6
train,1424,8
train,1425,7
train,1426,2
train,1427,3
train,1428,7
train,1429,9
train,1430,1
train,1431,1
train,1432,2
train,1433,4
train,1434,0
train,1435,3
train,1436,5
train,1437,3
train,1438,2
train,1439,3
train,1440,4
train,1441,3
train,1442,2
train,1443,7
train,1444,0
train,1445,6
train,1446,2
train,1447,7
train,1448,9
train,1449,9
train,1450,2
train,1451,1
train,1452,0
train,1453,3
train,1454,1
train,1455,1
train,1456,1
train,1457,6
train,1458,8
train,1459,6
train,1460,3
train,1461,4
train,1462,9
train,1463,3
train,1464,3
train,1465,3
train,1466,9
train,1467,6
train,1468,9
train,1469,7
train,1470,1
train,1471,3
train,1472,3
train,1473,8
train,1474,2
train,1475,5
train,1476,1
train,1477,1
train,1478,7
train,1479,5
train,1480,5
train,1481,0
train,1482,8
train,1483,9
train,1484,1
train,1485,1
train,1486,3
train,1487,5
train,1488,4
train,1489,2
train,1490,8
train,1491,2
train,1492,8
train,1493,3
train,1494,5
train,1495,0
train,1496,8
train,1497,3
train,1498,9
train,1499,9
train,1500,3
train,1501,4
train,1502,8
train,1503,6
train,1504,9
train,1505,6
train,1506,3
train,1507,6
train,1508,0
train,1509,1
train,1510,8
train,1511,1
train,1512,7
train,1513,0
train,1514,6
train,1515,7
train,1516,9
train,1517,7
train,1518,7
train,1519,1
train,1520,5
train,1521,2
train,1522,8
train,1523,8
train,1524,1
train,1525,6
train,1526,7
train,1527,5
train,1528,1
train,1529,7
train,1530,0
train,1531,4
train,1532,3
train,1533,7
train,1534,7
train,1535,7
train,1536,9
train,1537,8
train,1538,2
train,1539,7
train,1540,4
train,1541,4
train,1542,3
train,1543,6
train,1544,0
train,1545,6
train,1546,7
train,1547,5
train,1548,0
train,1549,7
train,1550,6
train,1551,6
train,1552,2
train,1553,6
train,1554,6
train,1555,6
train,1556,1
train,1557,6
train,1558,3
train,1559,7
train,1560,5
train,1561,8
train,1562,8
train,1563,1
train,1564,5
train,1565,0
train,1566,0
train,1567,3
train,1568,9
train,1569,1
train,1570,9
train,1571,7
train,1572,3
train,1573,5
train,1574,2
train,1575,3
train,1576,3
train,1577,2
train,1578,2
train,1579,7
train,1580,3
train,1581,6
train,1582,3
train,1583,8
train,1584,9
train,1585,5
train,1586,7
train,1587,4
train,1588,0
train,1589,0
train,1590,9
train,1591,6
train,1592,6
train,1593,3
train,1594,4
train,1595,8
train,1596,5
train,1597,0
train,1598,9
train,1599,5
train,1600,4
train,1601,0
train,1602,0
train,1603,8
train,1604,9
train,1605,6
train,1606,3
train,1607,9
train,1608,0
train,1609,2
train,1610,4
train,1611,5
train,1612,3
train,1613,1
train,1614,1
train,1615,4
train,1616,7
train,1617,6
train,1618,9
train,1619,7
train,1620,5
train,1621,8
train,1622,1
train,1623,7
train,1624,4
train,1625,0
train,1626,9
train,1627,5
train,1628,1
train,1629,5
train,1630,1
train,1631,2
train,1632,1
train,1633,1
train,1634,7
train,1635,0
train,1636,6
train,1637,9
train,1638,8
train,1639,2
train,1640,2
train,1641,6
train,1642,6
train,1643,0
train,1644,2
train,1645,5
train,1646,6
train,1647,5
train,1648,1
train,1649,5
train,1650,0
train,1651,0
train,1652,6
train,1653,5
train,1654,5
train,1655,1
train,1656,3
train,1657,3
train,1658,7
train,1659,5
train,1660,0
train,1661,5
train,1662,5
train,1663,0
train,1664,6
train,1665,8
train,1666,9
train,1667,7
train,1668,4
train,1669,8
train,1670,3
train,1671,1
train,1672,3
train,1673,3
train,1674,9
train,1675,4
train,1676,1
train,1677,7
train,1678,7
train,1679,3
train,1680,0
train,1681,3
train,1682,7
train,1683,0
train,1684,9
train,1685,8
train,1686,5
train,1687,4
train,1688,9
train,1689,0
train,1690,4
train,1691,2
train,1692,3
train,1693,5
train,1694,2
train,1695,0
train,1696,7
train,1697,5
train,1698,3
train,1699,9
train,1700,2
train,1701,3
train,1702,6
train,1703,5
train,1704,8
train,1705,1
train,1706,3
train,1707,1
train,1708,6
train,1709,6
train,1710,8
train,1711,8
train,1712,3
train,1713,1
train,1714,8
train,1715,0
train,1716,5
train,1717,2
train,1718,8
train,1719,0
train,1720,4
train,1721,8
train,1722,1
train,1723,5
train,1724,3
train,1725,5
train,1726,4
train,1727,2
train,1728,3
train,1729,8
train,1730,5
train,1731,7
train,1732,4
train,1733,6
train,1734,3
train,1735,0
train,1736,6
train,1737,6
train,1738,7
train,1739,3
train,1740,4
train,1741,8
train,1742,8
train,1743,4
train,1744,3
train,1745,6
train,1746,7
train,1747,7
train,1748,5
train,1749,9
train,1750,6
train,1751,2
train,1752,9
train,1753,3
train,1754,6
train,1755,1
train,1756,8
train,1757,3
train,1758,9
train,1759,8
train,1760,6
train,1761,2
train,1762,1
train,1763,8
train,1764,5
train,1765,9
train,1766,6
train,1767,4
train,1768,0
train,1769,4
train,1770,7
train,1771,1
train,1772,1
train,1773,8
train,1774,0
train,1775,8
train,1776,6
train,1777,0
train,1778,8
train,1779,8
train,1780,3
train,1781,0
train,1782,9
train,1783,1
train,1784,7
train,1785,3
train,1786,9
train,1787,9
train,1788,9
train,1789,9
train,1790,1
train,1791,3
train,1792,4
train,1793,5
train,1794,3
train,1795,0
train,1796,4
train,1797,9
train,1798,1
train,1799,2
train,1800,8
train,1801,5
train,1802,7
train,1803,0
train,1804,5
train,1805,7
train,1806,2
train,1807,1
train,1808,9
train,1809,6
train,1810,5
train,1811,3
train,1812,3
train,1813,7
train,1814,4
train,1815,7
train,1816,7
train,1817,4
train,1818,0
train,1819,9
train,1820,5
train,1821,8
train,1822,4
train,1823,9
train,1824,0
train,1825,1
train,1826,6
train,1827,0
train,1828,8
train,1829,6
train,1830,2
train,1831,7
train,1832,4
train,1833,3
train,1834,7
train,1835,2
train,1836,2
train,1837,7
train,1838,8
train,1839,2
train,1840,8
train,1841,8
train,1842,3
train,1843,5
train,1844,9
train,1845,6
train,1846,6
train,1847,9
train,1848,4
train,1849,8
train,1850,3
train,1851,3
train,1852,9
train,1853,6
train,1854,1
train,1855,3
train,1856,4
train,1857,9
train,1858,1
train,1859,4
train,1860,4
train,1861,5
train,1862,2
train,1863,1
train,1864,0
train,1865,7
train,1866,6
train,1867,7
train,1868,2
train,1869,2
train,1870,5
train,1871,3
train,1872,6
train,1873,2
train,1874,9
train,1875,9
train,1876,0
train,1877,6
train,1878,3
train,1879,7
train,1880,4
train,1881,4
train,1882,7
train,1883,5
train,1884,1
train,1885,7
train,1886,7
train,1887,8
train,1888,9
train,1889,4
train,1890,5
train,1891,0
train,1892,6
train,1893,9
train,1894,5
train,1895,4
train,1896,4
train,1897,5
train,1898,3
train,1899,6
train,1900,5
train,1901,9
train,1902,0
train,1903,8
train,1904,9
train,1905,5
train,1906,9
train,1907,3
train,1908,6
train,1909,6
train,1910,5
train,1911,8
train,1912,0
train,1913,9
train,1914,6
train,1915,8
train,1916,8
train,1917,3
train,1918,8
train,1919,5
train,1920,6
train,1921,8
train,1922,9
train,1923,0
train,1924,7
train,1925,5
train,1926,8
train,1927,3
train,1928,4
train,1929,6
train,1930,5
train,1931,0
train,1932,9
train,1933,6
train,1934,9
train,1935,7
train,1936,6
train,1937,8
train,1938,7
train,1939,1
train,1940,2
train,1941,5
train,1942,9
train,1943,0
train,1944,9
train,1945,6
train,1946,3
train,1947,0
train,1948,7
train,1949,0
train,1950,1
train,1951,3
train,1952,3
train,1953,1
train,1954,8
train,1955,1
train,1956,7
train,1957,5
train,1958,3
train,1959,9
train,1960,6
train,1961,3
train,1962,4
train,1963,4
train,1964,3
train,1965,6
train,1966,4
train,1967,1
train,1968,5
train,1969,6
train,1970,2
train,1971,7
train,1972,4
train,1973,1
train,1974,6
train,1975,7
train,1976,1
train,1977,9
train,1978,8
train,1979,8
train,1980,7
train,1981,0
train,1982,7
train,1983,5
train,1984,0
train,1985,8
train,1986,4
train,1987,8
train,1988,1
train,1989,0
train,1990,5
train,1991,5
train,1992,5
train,1993,0
train,1994,5
train,1995,7
train,1996,6
train,1997,0
train,1998,9
train,1999,6
train,2000,2
train,2001,2
train,2002,9
train,2003,8
train,2004,2
train,2005,4
train,2006,5
train,2007,3
train,2008,2
train,2009,3
train,2010,7
train,2011,4
train,2012,3
train,2013,2
train,2014,4
train,2015,4
train,2016,7
train,2017,8
train,2018,0
train,2019,8
train,2020,2
train,2021,0
train,2022,7
train,2023,1
train,2024,1
train,2025,3
train,2026,8
train,2027,1
train,2028,1
train,2029,5
train,2030,3
train,2031,6
train,2032,1
train,2033,6
train,2034,2
train,2035,9
train,2036,6
train,2037,8
train,2038,3
train,2039,1
train,2040,1
train,2041,0
train,2042,9
train,2043,6
train,2044,5
train,2045,5
train,2046,0
train,2047,8
train,2048,2
train,2049,8
train,2050,0
train,2051,7
train,2052,3
train,2053,3
train,2054,0
train,2055,9
train,2056,6
train,2057,3
train,2058,4
train,2059,2
train,2060,4
train,2061,6
train,2062,8
train,2063,2
train,2064,0
train,2065,2
train,2066,7
train,2067,2
train,2068,2
train,2069,4
train,2070,3
train,2071,0
train,2072,1
train,2073,3
train,2074,8
train,2075,8
train,2076,5
train,2077,4
train,2078,4
train,2079,4
train,2080,3
train,2081,0
train,2082,4
train,2083,4
train,2084,9
train,2085,5
train,2086,6
train,2087,4
train,2088,6
train,2089,0
train,2090,7
train,2091,7
train,2092,9
train,2093,7
train,2094,4
train,2095,2
train,2096,6
train,2097,9
train,2098,0
train,2099,9
train,2100,3
train,2101,9
train,2102,9
train,2103,4
train,2104,0
train,2105,4
train,2106,0
train,2107,7
train,2108,5
train,2109,6
train,2110,1
train,2111,3
train,2112,5
train,2113,5
train,2114,8
train,2115,8
train,2116,0
train,2117,1
train,2118,5
train,2119,5
train,2120,0
train,2121,2
train,2122,7
train,2123,7
train,2124,3
train,2125,5
train,2126,3
train,2127,0
train,2128,0
train,2129,9
train,2130,8
train,2131,4
train,2132,6
train,2133,7
train,2134,7
train,2135,2
train,2136,5
train,2137,4
train,2138,5
train,2139,2
train,2140,3
train,2141,8
train,2142,5
train,2143,4
train,2144,4
train,2145,1
train,2146,0
train,2147,6
train,2148,6
train,2149,0
train,2150,2
train,2151,6
train,2152,7
train,2153,0
train,2154,9
train,2155,4
train,2156,4
train,2157,3
train,2158,0
train,2159,3
train,2160,2
train,2161,3
train,2162,0
train,2163,5
train,2164,0
train,2165,7
train,2166,5
train,2167,5
train,2168,4
train,2169,9
train,2170,8
train,2171,9
train,2172,0
train,2173,1
train,2174,2
train,2175,6
train,2176,4
train,2177,4
train,2178,4
train,2179,2
train,2180,9
train,2181,1
train,2182,1
train,2183,4
train,2184,5
train,2185,6
train,2186,3
train,2187,7
train,2188,8
train,2189,4
train,2190,8
train,2191,7
train,2192,2
train,2193,0
train,2194,1
train,2195,3
train,2196,6
train,2197,4
train,2198,9
train,2199,4
train,2200,1
train,2201,5
train,2202,0
train,2203,2
train,2204,9
train,2205,7
train,2206,6
train,2207,8
train,2208,5
train,2209,7
train,2210,2
train,2211,5
train,2212,5
train,2213,2
train,2214,3
train,2215,1
train,2216,3
train,2217,7
train,2218,5
train,2219,7
train,2220,9
train,2221,8
train,2222,7
train,2223,7
train,2224,8
train,2225,7
train,2226,9
train,2227,1
train,2228,1
train,2229,3
train,2230,9
train,2231,8
train,2232,4
train,2233,2
train,2234,2
train,2235,4
train,2236,3
train,2237,8
train,2238,0
train,2239,3
train,2240,7
train,2241,2
train,2242,9
train,2243,0
train,2244,5
train,2245,7
train,2246,3
train,2247,0
train,2248,2
train,2249,1
train,2250,8
train,2251,4
train,2252,6
train,2253,5
train,2254,5
train,2255,7
train,2256,9
train,2257,0
train,2258,1
train,2259,9
train,2260,6
train,2261,8
train,2262,0
train,2263,3
train,2264,2
train,2265,7
train,2266,1
train,2267,6
train,2268,7
train,2269,4
train,2270,5
train,2271,1
train,2272,4
train,2273,6
train,2274,1
train,2275,0
train,2276,3
train,2277,0
train,2278,9
train,2279,2
train,2280,7
train,2281,0
train,2282,0
train,2283,3
train,2284,1
train,2285,6
train,2286,6
train,2287,4
train,2288,3
train,2289,7
train,2290,9
train,2291,4
train,2292,9
train,2293,2
train,2294,8
train,2295,2
train,2296,7
train,2297,3
train,2298,7
train,2299,6
train,2300,0
train,2301,8
train,2302,5
train,2303,9
train,2304,0
train,2305,3
train,2306,7
train,2307,6
train,2308,4
train,2309,5
train,2310,1
train,2311,5
train,2312,8
train,2313,3
train,2314,8
train,2315,5
train,2316,9
train,2317,9
train,2318,1
train,2319,5
train,2320,1
train,2321,4
train,2322,9
train,2323,4
train,2324,9
train,2325,1
train,2326,5
train,2327,2
train,2328,6
train,2329,7
train,2330,8
train,2331,4
train,2332,3
train,2333,0
train,2334,3
train,2335,9
train,2336,9
train,2337,1
train,2338,2
train,2339,1
train,2340,2
train,2341,3
train,2342,5
train,2343,2
train,2344,3
train,2345,5
train,2346,6
train,2347,9
train,2348,4
train,2349,1
train,2350,4
train,2351,9
train,2352,7
train,2353,9
train,2354,0
train,2355,9
train,2356,0
train,2357,1
train,2358,2
train,2359,8
train,2360,2
train,2361,8
train,2362,7
train,2363,1
train,2364,3
train,2365,4
train,2366,3
train,2367,1
train,2368,1
train,2369,2
train,2370,7
train,2371,0
train,2372,3
train,2373,7
train,2374,1
train,2375,2
train,2376,5
train,2377,0
train,2378,3
train,2379,1
train,2380,4
train,2381,1
train,2382,2
train,2383,1
train,2384,2
train,2385,3
train,2386,8
train,2387,0
train,2388,1
train,2389,4
train,2390,0
train,2391,3
train,2392,8
train,2393,2
train,2394,0
train,2395,3
train,2396,5
train,2397,2
train,2398,8
train,2399,7
train,2400,6
train,2401,9
train,2402,3
train,2403,1
train,2404,4
train,2405,2
train,2406,5
train,2407,7
train,2408,2
train,2409,9
train,2410,0
train,2411,6
train,2412,5
train,2413,0
train,2414,7
train,2415,5
train,2416,6
train,2417,4
train,2418,1
train,2419,6
train,2420,2
train,2421,8
train,2422,2
train,2423,0
train,2424,8
train,2425,2
train,2426,6
train,2427,5
train,2428,1
train,2429,6
train,2430,7
train,2431,0
train,2432,8
train,2433,1
train,2434,5
train,2435,1
train,2436,3
train,2437,9
train,2438,2
train,2439,5
train,2440,5
train,2441,2
train,2442,5
train,2443,0
train,2444,0
train,2445,2
train,2446,0
train,2447,9
train,2448,4
train,2449,7
train,2450,4
train,2451,1
train,2452,5
train,2453,7
train,2454,1
train,2455,6
train,2456,5
train,2457,5
train,2458,4
train,2459,5
train,2460,0
train,2461,3
train,2462,8
train,2463,1
train,2464,0
train,2465,0
train,2466,2
train,2467,2
train,2468,0
train,2469,1
train,2470,8
train,2471,6
train,2472,4
train,2473,4
train,2474,4
train,2475,2
train,2476,6
train,2477,2
train,2478,4
train,2479,2
train,2480,1
train,2481,9
train,2482,2
train,2483,8
train,2484,9
train,2485,0
train,2486,2
train,2487,1
train,2488,4
train,2489,3
train,2490,8
train,2491,4
train,2492,0
train,2493,6
train,2494,3
train,2495,8
train,2496,4
train,2497,0
train,2498,0
train,2499,5
train,2500,7
train,2501,3
train,2502,2
train,2503,3
train,2504,3
train,2505,9
train,2506,6
train,2507,5
train,2508,6
train,2509,7
train,2510,2
train,2511,7
train,2512,6
train,2513,1
train,2514,1
train,2515,0
train,2516,8
train,2517,7
train,2518,1
train,2519,6
train,2520,6
train,2521,2
train,2522,9
train,2523,3
train,2524,0
train,2525,3
train,2526,6
train,2527,6
train,2528,9
train,2529,7
train,2530,4
train,2531,0
train,2532,9
train,2533,4
train,2534,0
train,2535,0
train,2536,6
train,2537,8
train,2538,5
train,2539,5
train,2540,7
train,2541,0
train,2542,0
train,2543,7
train,2544,1
train,2545,7
train,2546,0
train,2547,1
train,2548,1
train,2549,6
train,2550,9
train,2551,1
train,2552,5
train,2553,6
train,2554,5
train,2555,1
train,2556,9
train,2557,1
train,2558,6
train,2559,0
train,2560,5
train,2561,5
train,2562,8
train,2563,2
train,2564,3
train,2565,3
train,2566,0
train,2567,7
train,2568,4
train,2569,8
train,2570,9
train,2571,7
train,2572,3
train,2573,1
train,2574,1
train,2575,7
train,2576,1
train,2577,3
train,2578,2
train,2579,2
train,2580,8
train,2581,5
train,2582,7
train,2583,8
train,2584,5
train,2585,4
train,2586,8
train,2587,0
train,2588,2
train,2589,4
train,2590,1
train,2591,2
train,2592,8
train,2593,5
train,2594,6
train,2595,4
train,2596,9
train,2597,8
train,2598,2
train,2599,3
train,2600,1
train,2601,9
train,2602,7
train,2603,1
train,2604,4
train,2605,3
train,2606,3
train,2607,0
train,2608,4
train,2609,2
train,2610,5
train,2611,8
train,2612,7
train,2613,7
train,2614,4
train,2615,2
train,2616,8
train,2617,8
train,2618,0
train,2619,8
train,2620,0
train,2621,9
train,2622,5
train,2623,9
train,2624,9
train,2625,4
train,2626,5
train,2627,2
train,2628,7
train,2629,4
train,2630,0
train,2631,7
train,2632,9
train,2633,4
train,2634,4
train,2635,3
train,2636,6
train,2637,2
train,2638,2
train,2639,4
train,2640,1
train,2641,1
train,2642,6
train,2643,5
train,2644,5
train,2645,7
train,2646,2
train,2647,9
train,2648,4
train,2649,6
train,2650,1
train,2651,1
train,2652,1
train,2653,9
train,2654,7
train,2655,2
train,2656,0
train,2657,7
train,2658,3
train,2659,8
train,2660,6
train,2661,2
train,2662,6
train,2663,1
train,2664,5
train,2665,3
train,2666,4
train,2667,0
train,2668,8
train,2669,1
train,2670,4
train,2671,2
train,2672,0
train,2673,8
train,2674,7
train,2675,2
train,2676,6
train,2677,0
train,2678,5
train,2679,1
train,2680,2
train,2681,4
train,2682,4
train,2683,2
train,2684,5
train,2685,2
train,2686,6
train,2687,7
train,2688,2
train,2689,7
train,2690,9
train,2691,9
train,2692,4
train,2693,3
train,2694,7
train,2695,7
train,2696,1
train,2697,9
train,2698,8
train,2699,3
train,2700,0
train,2701,4
train,2702,9
train,2703,4
train,2704,1
train,2705,1
train,2706,0
train,2707,5
train,2708,7
train,2709,6
train,2710,5
train,2711,7
train,2712,3
train,2713,4
train,2714,6
train,2715,7
train,2716,4
train,2717,5
train,2718,2
train,2719,4
train,2720,4
train,2721,5
train,2722,3
train,2723,0
train,2724,6
train,2725,0
train,2726,4
train,2727,0
train,2728,3
train,2729,8
train,2730,6
train,2731,5
train,2732,8
train,2733,8
train,2734,3
train,2735,3
train,2736,5
train,2737,4
train,2738,6
train,2739,5
train,2740,8
train,2741,2
train,2742,5
train,2743,1
train,2744,6
train,2745,0
train,2746,8
train,2747,4
train,2748,8
train,2749,3
train,2750,3
train,2751,6
train,2752,3
train,2753,1
train,2754,8
train,2755,4
train,2756,8
train,2757,0
train,2758,0
train,2759,1
train,2760,2
train,2761,9
train,2762,5
train,2763,7
train,2764,4
train,2765,4
train,2766,7
train,2767,0
train,2768,5
train,2769,7
train,2770,5
train,2771,7
train,2772,4
train,2773,0
train,2774,1
train,2775,6
train,2776,0
train,2777,1
train,2778,1
train,2779,3
train,2780,6
train,2781,2
train,2782,7
train,2783,1
train,2784,4
train,2785,0
train,2786,8
train,2787,5
train,2788,4
train,2789,5
train,2790,2
train,2791,4
train,2792,2
train,2793,9
train,2794,9
train,2795,5
train,2796,2
train,2797,3
train,2798,4
train,2799,1
train,2800,8
train,2801,2
train,2802,3
train,2803,2
train,2804,5
train,2805,4
train,2806,2
train,2807,4
train,2808,9
train,2809,0
train,2810,8
train,2811,6
train,2812,4
train,2813,8
train,2814,5
train,2815,6
train,2816,4
train,2817,2
train,2818,6
train,2819,9
train,2820,5
train,2821,5
train,2822,8
train,2823,6
train,2824,1
train,2825,5
train,2826,0
train,2827,7
train,2828,1
train,2829,0
train,2830,4
train,2831,9
train,2832,0
train,2833,8
train,2834,2
train,2835,3
train,2836,4
train,2837,9
train,2838,2
train,2839,5
train,2840,7
train,2841,0
train,2842,4
train,2843,8
train,2844,9
train,2845,6
train,2846,5
train,2847,6
train,2848,9
train,2849,2
train,2850,7
train,2851,0
train,2852,7
train,2853,9
train,2854,0
train,2855,9
train,2856,1
train,2857,7
train,2858,6
train,2859,3
train,2860,3
train,2861,8
train,2862,0
train,2863,4
train,2864,6
train,2865,5
train,2866,9
train,2867,8
train,2868,8
train,2869,2
train,2870,1
train,2871,4
train,2872,8
train,2873,6
train,2874,9
train,2875,0
train,2876,3
train,2877,8
train,2878,8
train,2879,2
train,2880,0
train,2881,8
train,2882,5
train,2883,1
train,2884,1
train,2885,1
train,2886,9
train,2887,6
train,2888,1
train,2889,4
train,2890,5
train,2891,2
train,2892,3
train,2893,6
train,2894,3
train,2895,5
train,2896,0
train,2897,3
train,2898,0
train,2899,5
train,2900,7
train,2901,6
train,2902,1
train,2903,6
train,2904,7
train,2905,0
train,2906,3
train,2907,9
train,2908,4
train,2909,1
train,2910,9
train,2911,5
train,2912,3
train,2913,7
train,2914,0
train,2915,6
train,2916,9
train,2917,2
train,2918,6
train,2919,7
train,2920,4
train,2921,6
train,2922,8
train,2923,7
train,2924,0
train,2925,2
train,2926,0
train,2927,8
train,2928,5
train,2929,9
train,2930,1
train,2931,5
train,2932,2
train,2933,5
train,2934,5
train,2935,7
train,2936,4
train,2937,5
train,2938,5
train,2939,2
train,2940,8
train,2941,1
train,2942,0
train,2943,8
train,2944,7
train,2945,2
train,2946,1
train,2947,7
train,2948,5
train,2949,0
train,2950,2
train,2951,0
train,2952,9
train,2953,8
train,2954,7
train,2955,8
train,2956,5
train,2957,8
train,2958,2
train,2959,9
train,2960,7
train,2961,2
train,2962,6
train,2963,9
train,2964,2
train,2965,8
train,2966,7
train,2967,2
train,2968,8
train,2969,7
train,2970,3
train,2971,3
train,2972,8
train,2973,5
train,2974,8
train,2975,8
train,2976,6
train,2977,3
train,2978,4
train,2979,1
train,2980,7
train,2981,1
train,2982,1
train,2983,9
train,2984,7
train,2985,9
train,2986,7
train,2987,3
train,2988,7
train,2989,9
train,2990,4
train,2991,8
train,2992,6
train,2993,2
train,2994,5
train,2995,6
train,2996,6
train,2997,6
train,2998,9
train,2999,8
train,3000,0
train,3001,2
train,3002,4
train,3003,9
train,3004,6
train,3005,0
train,3006,5
train,3007,5
train,3008,6
train,3009,1
train,3010,3
train,3011,7
train,3012,8
train,3013,6
train,3014,4
train,3015,0
train,3016,4
train,3017,8
train,3018,0
train,3019,8
train,3020,7
train,3021,2
train,3022,4
train,3023,1
train,3024,0
train,3025,2
train,3026,3
train,3027,2
train,3028,3
train,3029,3
train,3030,2
train,3031,4
train,3032,5
train,3033,3
train,3034,5
train,3035,1
train,3036,5
train,3037,9
train,3038,6
train,3039,1
train,3040,1
train,3041,5
train,3042,8
train,3043,5
train,3044,7
train,3045,4
train,3046,0
train,3047,6
train,3048,6
train,3049,8
train,3050,2
train,3051,6
train,3052,1
train,3053,7
train,3054,9
train,3055,2
train,3056,0
train,3057,2
train,3058,6
train,3059,6
train,3060,4
train,3061,3
train,3062,7
train,3063,0
train,3064,8
train,3065,2
train,3066,4
train,3067,0
train,3068,0
train,3069,6
train,3070,9
train,3071,0
train,3072,0
train,3073,9
train,3074,8
train,3075,3
train,3076,3
train,3077,4
train,3078,0
train,3079,4
train,3080,7
train,3081,3
train,3082,4
train,3083,1
train,3084,4
train,3085,2
train,3086,3
train,3087,8
train,3088,7
train,3089,5
train,3090,4
train,3091,4
train,3092,1
train,3093,2
train,3094,8
train,3095,0
train,3096,3
train,3097,8
train,3098,1
train,3099,2
train,3100,0
train,3101,0
train,3102,2
train,3103,6
train,3104,2
train,3105,8
train,3106,5
train,3107,8
train,3108,4
train,3109,1
train,3110,8
train,3111,5
train,3112,6
train,3113,3
train,3114,6
train,3115,7
train,3116,0
train,3117,2
train,3118,4
train,3119,7
train,3120,1
train,3121,7
train,3122,3
train,3123,2
train,3124,2
train,3125,9
train,3126,0
train,3127,0
train,3128,9
train,3129,6
train,3130,3
train,3131,8
train,3132,4
train,3133,7
train,3134,4
train,3135,2
train,3136,6
train,3137,3
train,3138,2
train,3139,3
train,3140,0
train,3141,6
train,3142,3
train,3143,6
train,3144,3
train,3145,1
train,3146,1
train,3147,1
train,3148,6
train,3149,3
train,3150,4
train,3151,3
train,3152,1
train,3153,6
train,3154,1
train,3155,6
train,3156,2
train,3157,0
train,3158,2
train,3159,2
train,3160,5
train,3161,3
train,3162,7
train,3163,5
train,3164,0
train,3165,1
train,3166,8
train,3167,4
train,3168,2
train,3169,5
train,3170,9
train,3171,4
train,3172,3
train,3173,4
train,3174,9
train,3175,4
train,3176,7
train,3177,5
train,3178,7
train,3179,9
train,3180,6
train,3181,9
train,3182,4
train,3183,3
train,3184,4
train,3185,0
train,3186,4
train,3187,4
train,3188,0
train,3189,7
train,3190,4
train,3191,8
train,3192,6
train,3193,8
train,3194,6
train,3195,7
train,3196,8
train,3197,4
train,3198,5
train,3199,4
train,3200,9
train,3201,6
train,3202,4
train,3203,2
train,3204,6
train,3205,8
train,3206,5
train,3207,8
train,3208,7
train,3209,8
train,3210,9
train,3211,9
train,3212,2
train,3213,7
train,3214,7
train,3215,3
train,3216,3
train,3217,6
train,3218,2
train,3219,0
train,3220,9
train,3221,8
train,3222,4
train,3223,5
train,3224,0
train,3225,4
train,3226,7
train,3227,6
train,3228,4
train,3229,3
train,3230,7
train,3231,5
train,3232,9
train,3233,5
train,3234,9
train,3235,4
train,3236,0
train,3237,8
train,3238,8
train,3239,7
train,3240,8
train,3241,6
train,3242,9
train,3243,8
train,3244,6
train,3245,2
train,3246,2
train,3247,7
train,3248,1
train,3249,3
train,3250,8
train,3251,4
train,3252,5
train,3253,0
train,3254,1
train,3255,7
train,3256,6
train,3257,5
train,3258,1
train,3259,3
train,3260,7
train,3261,2
train,3262,0
train,3263,2
train,3264,6
train,3265,0
train,3266,5
train,3267,0
train,3268,4
train,3269,6
train,3270,8
train,3271,3
train,3272,3
train,3273,7
train,3274,6
train,3275,3
train,3276,5
train,3277,2
train,3278,0
train,3279,8
train,3280,1
train,3281,7
train,3282,9
train,3283,5
train,3284,8
train,3285,1
train,3286,3
train,3287,9
train,3288,1
train,3289,7
train,3290,8
train,3291,0
train,3292,7
train,3293,4
train,3294,5
train,3295,1
train,3296,9
train,3297,5
train,3298,6
train,3299,0
train,3300,9
train,3301,1
train,3302,5
train,3303,8
train,3304,9
train,3305,1
train,3306,2
train,3307,1
train,3308,4
train,3309,4
train,3310,6
train,3311,1
train,3312,2
train,3313,5
train,3314,7
train,3315,0
train,3316,7
train,3317,4
train,3318,5
train,3319,6
train,3320,3
train,3321,3
train,3322,2
train,3323,2
train,3324,8
train,3325,1
train,3326,2
train,3327,7
train,3328,1
train,3329,5
train,3330,0
train,3331,2
train,3332,1
train,3333,9
train,3334,2
train,3335,3
train,3336,4
train,3337,4
train,3338,0
train,3339,0
train,3340,8
train,3341,5
train,3342,7
train,3343,3
train,3344,2
train,3345,7
train,3346,9
train,3347,4
train,3348,3
train,3349,0
train,3350,7
train,3351,4
train,3352,2
train,3353,3
train,3354,0
train,3355,3
train,3356,4
train,3357,7
train,3358,9
train,3359,3
train,3360,0
train,3361,5
train,3362,9
train,3363,1
train,3364,8
train,3365,6
train,3366,4
train,3367,4
train,3368,3
train,3369,5
train,3370,7
train,3371,8
train,3372,2
train,3373,5
train,3374,5
train,3375,9
train,3376,9
train,3377,1
train,3378,3
train,3379,2
train,3380,7
train,3381,1
train,3382,5
train,3383,7
train,3384,4
train,3385,2
train,3386,9
train,3387,3
train,3388,7
train,3389,8
train,3390,5
train,3391,2
train,3392,5
train,3393,5
train,3394,7
train,3395,0
train,3396,7
train,3397,1
train,3398,4
train,3399,8
train,3400,7
train,3401,4
train,3402,0
train,3403,0
train,3404,7
train,3405,7
train,3406,5
train,3407,9
train,3408,5
train,3409,9
train,3410,1
train,3411,9
train,3412,0
train,3413,7
train,3414,2
train,3415,1
train,3416,4
train,3417,1
train,3418,8
train,3419,6
train,3420,9
train,3421,6
train,3422,0
train,3423,2
train,3424,1
train,3425,0
train,3426,2
train,3427,0
train,3428,7
train,3429,8
train,3430,6
train,3431,5
train,3432,2
train,3433,0
train,3434,1
train,3435,0
train,3436,5
train,3437,0
train,3438,2
train,3439,0
train,3440,3
train,3441,3
train,3442,3
train,3443,5
train,3444,2
train,3445,0
train,3446,2
train,3447,9
train,3448,3
train,3449,1
train,3450,0
train,3451,8
train,3452,4
train,3453,0
train,3454,7
train,3455,8
train,3456,7
train,3457,5
train,3458,3
train,3459,5
train,3460,6
train,3461,1
train,3462,9
train,3463,8
train,3464,6
train,3465,0
train,3466,1
train,3467,7
train,3468,5
train,3469,1
train,3470,6
train,3471,1
train,3472,6
train,3473,0
train,3474,7
train,3475,0
train,3476,1
train,3477,6
train,3478,7
train,3479,8
train,3480,4
train,3481,9
train,3482,4
train,3483,3
train,3484,5
train,3485,5
train,3486,1
train,3487,4
train,3488,2
train,3489,7
train,3490,5
train,3491,7
train,3492,6
train,3493,4
train,3494,2
train,3495,9
train,3496,4
train,3497,1
train,3498,8
train,3499,5
train,3500,4
train,3501,5
train,3502,5
train,3503,7
train,3504,2
train,3505,4
train,3506,0
train,3507,1
train,3508,6
train,3509,2
train,3510,8
train,3511,4
train,3512,7
train,3513,4
train,3514,7
train,3515,1
train,3516,1
train,3517,8
train,3518,8
train,3519,4
train,3520,3
train,3521,6
train,3522,8
train,3523,9
train,3524,6
train,3525,4
train,3526,5
train,3527,2
train,3528,6
train,3529,9
train,3530,6
train,3531,0
train,3532,3
train,3533,7
train,3534,4
train,3535,5
train,3536,4
train,3537,4
train,3538,6
train,3539,6
train,3540,1
train,3541,1
train,3542,7
train,3543,0
train,3544,9
train,3545,1
train,3546,3
train,3547,1
train,3548,7
train,3549,9
train,3550,1
train,3551,3
train,3552,9
train,3553,2
train,3554,3
train,3555,9
train,3556,7
train,3557,7
train,3558,9
train,3559,1
train,3560,3
train,3561,1
train,3562,4
train,3563,0
train,3564,6
train,3565,4
train,3566,8
train,3567,9
train,3568,8
train,3569,8
train,3570,7
train,3571,0
train,3572,7
train,3573,8
train,3574,1
train,3575,2
train,3576,6
train,3577,8
train,3578,8
train,3579,2
train,3580,7
train,3581,1
train,3582,5
train,3583,0
train,3584,5
train,3585,4
train,3586,1
train,3587,7
train,3588,0
train,3589,6
train,3590,6
train,3591,8
train,3592,8
train,3593,5
train,3594,4
train,3595,1
train,3596,9
train,3597,6
train,3598,7
train,3599,4
train,3600,1
train,3601,3
train,3602,1
train,3603,4
train,3604,5
train,3605,5
train,3606,0
train,3607,2
train,3608,1
train,3609,9
train,3610,2
train,3611,3
train,3612,0
train,3613,3
train,3614,3
train,3615,8
train,3616,2
train,3617,4
train,3618,5
train,3619,4
train,3620,6
train,3621,9
train,3622,6
train,3623,5
train,3624,6
train,3625,3
train,3626,6
train,3627,7
train,3628,0
train,3629,6
train,3630,7
train,3631,4
train,3632,3
train,3633,2
train,3634,8
train,3635,4
train,3636,0
train,3637,9
train,3638,7
train,3639,3
train,3640,7
train,3641,4
train,3642,1
train,3643,1
train,3644,4
train,3645,3
train,3646,0
train,3647,2
train,3648,3
train,3649,7
train,3650,7
train,3651,3
train,3652,3
train,3653,3
train,3654,5
train,3655,6
train,3656,1
train,3657,9
train,3658,7
train,3659,7
train,3660,7
train,3661,2
train,3662,8
train,3663,9
train,3664,6
train,3665,7
train,3666,9
train,3667,7
train,3668,1
train,3669,9
train,3670,7
train,3671,5
train,3672,0
train,3673,9
train,3674,9
train,3675,8
train,3676,4
train,3677,5
train,3678,6
train,3679,0
train,3680,8
train,3681,1
train,3682,2
train,3683,6
train,3684,7
train,3685,2
train,3686,9
train,3687,8
train,3688,4
train,3689,1
train,3690,0
train,3691,9
train,3692,9
train,3693,8
train,3694,4
train,3695,5
train,3696,5
train,3697,1
train,3698,8
train,3699,1
train,3700,6
train,3701,7
train,3702,1
train,3703,6
train,3704,7
train,3705,5
train,3706,3
train,3707,4
train,3708,3
train,3709,0
train,3710,4
train,3711,8
train,3712,8
train,3713,2
train,3714,3
train,3715,2
train,3716,8
train,3717,1
train,3718,4
train,3719,6
train,3720,7
train,3721,5
train,3722,5
train,3723,3
train,3724,1
train,3725,3
train,3726,3
train,3727,5
train,3728,8
train,3729,3
train,3730,9
train,3731,0
train,3732,4
train,3733,2
train,3734,1
train,3735,6
train,3736,1
train,3737,6
train,3738,0
train,3739,1
train,3740,9
train,3741,2
train,3742,4
train,3743,7
train,3744,6
train,3745,0
train,3746,3
train,3747,6
train,3748,7
train,3749,8
train,3750,1
train,3751,7
train,3752,2
train,3753,4
train,3754,2
train,3755,9
train,3756,9
train,3757,7
train,3758,3
train,3759,9
train,3760,9
train,3761,1
train,3762,1
train,3763,5
train,3764,2
train,3765,6
train,3766,0
train,3767,5
train,3768,8
train,3769,8
train,3770,2
train,3771,8
train,3772,4
train,3773,1
train,3774,8
train,3775,0
train,3776,3
train,3777,7
train,3778,3
train,3779,1
train,3780,8
train,3781,4
train,3782,8
train,3783,3
train,3784,1
train,3785,4
train,3786,5
train,3787,5
train,3788,7
train,3789,9
train,3790,3
train,3791,4
train,3792,3
train,3793,5
train,3794,6
train,3795,7
train,3796,4
train,3797,4
train,3798,5
train,3799,8
train,3800,6
train,3801,0
train,3802,1
train,3803,0
train,3804,4
train,3805,8
train,3806,3
train,3807,0
train,3808,7
train,3809,8
train,3810,1
train,3811,8
train,3812,8
train,3813,7
train,3814,3
train,3815,8
train,3816,4
train,3817,2
train,3818,8
train,3819,6
train,3820,4
train,3821,1
train,3822,5
train,3823,0
train,3824,1
train,3825,9
train,3826,4
train,3827,8
train,3828,0
train,3829,2
train,3830,2
train,3831,4
train,3832,4
train,3833,9
train,3834,1
train,3835,6
train,3836,0
train,3837,2
train,3838,7
train,3839,4
train,3840,3
train,3841,4
train,3842,6
train,3843,6
train,3844,3
train,3845,5
train,3846,9
train,3847,8
train,3848,9
train,3849,6
train,3850,6
train,3851,3
train,3852,5
train,3853,2
train,3854,0
train,3855,3
train,3856,4
train,3857,1
train,3858,9
train,3859,0
train,3860,3
train,3861,1
train,3862,3
train,3863,7
train,3864,9
train,3865,1
train,3866,2
train,3867,5
train,3868,0
train,3869,4
train,3870,9
train,3871,1
train,3872,5
train,3873,9
train,3874,0
train,3875,2
train,3876,6
train,3877,6
train,3878,6
train,3879,7
train,3880,3
train,3881,2
train,3882,2
train,3883,6
train,3884,1
train,3885,2
train,3886,1
train,3887,4
train,3888,6
train,3889,2
train,3890,2
train,3891,8
train,3892,2
train,3893,2
train,3894,9
train,3895,7
train,3896,2
train,3897,2
train,3898,8
train,3899,5
train,3900,1
train,3901,5
train,3902,6
train,3903,8
train,3904,9
train,3905,2
train,3906,6
train,3907,0
train,3908,6
train,3909,4
train,3910,9
train,3911,8
train,3912,9
train,3913,4
train,3914,0
train,3915,3
train,3916,2
train,3917,2
train,3918,8
train,3919,0
train,3920,4
train,3921,0
train,3922,7
train,3923,9
train,3924,2
train,3925,2
train,3926,8
train,3927,5
train,3928,3
train,3929,8
train,3930,4
train,3931,6
train,3932,9
train,3933,8
train,3934,9
train,3935,5
train,3936,0
train,3937,3
train,3938,0
train,3939,5
train,3940,1
train,3941,0
train,3942,4
train,3943,9
train,3944,1
train,3945,8
train,3946,6
train,3947,1
train,3948,6
train,3949,4
train,3950,7
train,3951,9
train,3952,6
train,3953,3
train,3954,0
train,3955,0
train,3956,9
train,3957,5
train,3958,6
train,3959,8
train,3960,1
train,3961,2
train,3962,9
train,3963,9
train,3964,2
train,3965,0
train,3966,2
train,3967,4
train,3968,2
train,3969,8
train,3970,6
train,3971,1
train,3972,4
train,3973,5
train,3974,6
train,3975,6
train,3976,8
train,3977,8
train,3978,8
train,3979,8
train,3980,8
train,3981,6
train,3982,2
train,3983,4
train,3984,1
train,3985,3
train,3986,4
train,3987,1
train,3988,5
train,3989,2
train,3990,3
train,3991,7
train,3992,1
train,3993,5
train,3994,2
train,3995,0
train,3996,2
train,3997,9
train,3998,6
train,3999,3
train,4000,7
train,4001,7
train,4002,6
train,4003,7
train,4004,6
train,4005,6
train,4006,1
train,4007,9
train,4008,4
train,4009,7
train,4010,6
train,4011,0
train,4012,3
train,4013,7
train,4014,7
train,4015,0
train,4016,1
train,4017,4
train,4018,2
train,4019,0
train,4020,4
train,4021,1
train,4022,8
train,4023,8
train,4024,1
train,4025,7
train,4026,8
train,4027,6
train,4028,7
train,4029,1
train,4030,8
train,4031,5
train,4032,0
train,4033,4
train,4034,5
train,4035,0
train,4036,2
train,4037,5
train,4038,8
train,4039,5
train,4040,0
train,4041,9
train,4042,1
train,4043,5
train,4044,3
train,4045,2
train,4046,4
train,4047,0
train,4048,7
train,4049,4
train,4050,0
train,4051,9
train,4052,5
train,4053,4
train,4054,3
train,4055,9
train,4056,4
train,4057,4
train,4058,5
train,4059,5
train,4060,4
train,4061,9
train,4062,6
train,4063,6
train,4064,0
train,4065,5
train,4066,2
train,4067,5
train,4068,5
train,4069,4
train,4070,2
train,4071,0
train,4072,5
train,4073,5
train,4074,9
train,4075,1
train,4076,4
train,4077,3
train,4078,8
train,4079,4
train,4080,7
train,4081,5
train,4082,7
train,4083,8
train,4084,3
train,4085,1
train,4086,8
train,4087,1
train,4088,6
train,4089,0
train,4090,9
train,4091,6
train,4092,7
train,4093,6
train,4094,5
train,4095,9
train,4096,3
train,4097,0
train,4098,5
train,4099,2
train,4100,6
train,4101,1
train,4102,0
train,4103,1
train,4104,0
train,4105,9
train,4106,3
train,4107,7
train,4108,5
train,4109,2
train,4110,7
train,4111,5
train,4112,3
train,4113,1
train,4114,8
train,4115,4
train,4116,5
train,4117,1
train,4118,9
train,4119,4
train,4120,5
train,4121,1
train,4122,7
train,4123,7
train,4124,0
train,4125,3
train,4126,0
train,4127,5
train,4128,6
train,4129,4
train,4130,7
train,4131,3
train,4132,1
train,4133,8
train,4134,8
train,4135,6
train,4136,1
train,4137,4
train,4138,1
train,4139,9
train,4140,0
train,4141,7
train,4142,2
train,4143,3
train,4144,5
train,4145,2
train,4146,7
train,4147,5
train,4148,2
train,4149,6
train,4150,9
train,4151,9
train,4152,5
train,4153,6
train,4154,0
train,4155,5
train,4156,9
train,4157,9
train,4158,0
train,4159,3
train,4160,2
train,4161,8
train,4162,6
train,4163,4
train,4164,8
train,4165,7
train,4166,7
train,4167,0
train,4168,1
train,4169,5
train,4170,2
train,4171,6
train,4172,9
train,4173,9
train,4174,1
train,4175,1
train,4176,2
train,4177,6
train,4178,3
train,4179,9
train,4180,8
train,4181,6
train,4182,6
train,4183,6
train,4184,3
train,4185,0
train,4186,8
train,4187,4
train,4188,7
train,4189,4
train,4190,4
train,4191,5
train,4192,8
train,4193,7
train,4194,9
train,4195,3
train,4196,5
train,4197,8
train,4198,2
train,4199,3
train,4200,3
train,4201,3
train,4202,1
train,4203,1
train,4204,9
train,4205,5
train,4206,4
train,4207,2
train,4208,5
train,4209,9
train,4210,3
train,4211,1
train,4212,2
train,4213,3
train,4214,3
train,4215,3
train,4216,0
train,4217,8
train,4218,2
train,4219,1
train,4220,7
train,4221,9
train,4222,3
train,4223,5
train,4224,8
train,4225,5
train,4226,1
train,4227,4
train,4228,3
train,4229,8
train,4230,7
train,4231,7
train,4232,4
train,4233,4
train,4234,1
train,4235,4
train,4236,1
train,4237,4
train,4238,1
train,4239,6
train,4240,4
train,4241,0
train,4242,2
train,4243,2
train,4244,0
train,4245,4
train,4246,9
train,4247,7
train,4248,8
train,4249,6
train,4250,0
train,4251,9
train,4252,4
train,4253,6
train,4254,9
train,4255,0
train,4256,9
train,4257,1
train,4258,1
train,4259,3
train,4260,6
train,4261,4
train,4262,2
train,4263,4
train,4264,4
train,4265,4
train,4266,8
train,4267,3
train,4268,8
train,4269,1
train,4270,5
train,4271,3
train,4272,4
train,4273,0
train,4274,6
train,4275,8
train,4276,6
train,4277,9
train,4278,8
train,4279,7
train,4280,3
train,4281,1
train,4282,7
train,4283,7
train,4284,9
train,4285,7
train,4286,4
train,4287,8
train,4288,8
train,4289,8
train,4290,0
train,4291,9
train,4292,9
train,4293,4
train,4294,7
train,4295,9
train,4296,2
train,4297,6
train,4298,7
train,4299,0
train,4300,8
train,4301,1
train,4302,0
train,4303,2
train,4304,8
train,4305,5
train,4306,7
train,4307,9
train,4308,9
train,4309,5
train,4310,7
train,4311,6
train,4312,8
train,4313,6
train,4314,2
train,4315,4
train,4316,9
train,4317,1
train,4318,2
train,4319,4
train,4320,2
train,4321,5
train,4322,1
train,4323,9
train,4324,5
train,4325,8
train,4326,6
train,4327,5
train,4328,5
train,4329,2
train,4330,1
train,4331,9
train,4332,2
train,4333,5
train,4334,4
train,4335,8
train,4336,6
train,4337,9
train,4338,8
train,4339,4
train,4340,8
train,4341,1
train,4342,8
train,4343,6
train,4344,1
train,4345,0
train,4346,7
train,4347,4
train,4348,0
train,4349,0
train,4350,5
train,4351,6
train,4352,3
train,4353,3
train,4354,3
train,4355,6
train,4356,3
train,4357,2
train,4358,0
train,4359,2
train,4360,2
train,4361,1
train,4362,7
train,4363,7
train,4364,4
train,4365,4
train,4366,6
train,4367,5
train,4368,7
train,4369,5
train,4370,4
train,4371,8
train,4372,9
train,4373,8
train,4374,5
train,4375,7
train,4376,2
train,4377,9
train,4378,9
train,4379,1
train,4380,7
train,4381,1
train,4382,3
train,4383,5
train,4384,2
train,4385,1
train,4386,3
train,4387,7
train,4388,1
train,4389,7
train,4390,8
train,4391,2
train,4392,7
train,4393,1
train,4394,4
train,4395,7
train,4396,0
train,4397,1
train,4398,4
train,4399,3
train,4400,0
train,4401,5
train,4402,2
train,4403,3
train,4404,7
train,4405,1
train,4406,8
train,4407,6
train,4408,9
train,4409,7
train,4410,8
train,4411,5
train,4412,3
train,4413,4
train,4414,8
train,4415,2
train,4416,7
train,4417,8
train,4418,3
train,4419,6
train,4420,7
train,4421,8
train,4422,9
train,4423,4
train,4424,0
train,4425,0
train,4426,2
train,4427,3
train,4428,4
train,4429,9
train,4430,0
train,4431,5
train,4432,6
train,4433,0
train,4434,4
train,4435,5
train,4436,7
train,4437,3
train,4438,7
train,4439,3
train,4440,0
train,4441,1
train,4442,3
train,4443,5
train,4444,5
train,4445,2
train,4446,6
train,4447,0
train,4448,8
train,4449,3
train,4450,5
train,4451,4
train,4452,0
train,4453,1
train,4454,9
train,4455,0
train,4456,7
train,4457,9
train,4458,8
train,4459,9
train,4460,5
train,4461,8
train,4462,7
train,4463,9
train,4464,6
train,4465,7
train,4466,2
train,4467,3
train,4468,3
train,4469,3
train,4470,6
train,4471,9
train,4472,9
train,4473,6
train,4474,3
train,4475,5
train,4476,9
train,4477,0
train,4478,1
train,4479,4
train,4480,0
train,4481,2
train,4482,1
train,4483,5
train,4484,8
train,4485,6
train,4486,1
train,4487,6
train,4488,5
train,4489,4
train,4490,7
train,4491,7
train,4492,5
train,4493,2
train,4494,0
train,4495,4
train,4496,1
train,4497,4
train,4498,0
train,4499,9
train,4500,2
train,4501,8
train,4502,6
train,4503,1
train,4504,1
train,4505,5
train,4506,1
train,4507,5
train,4508,7
train,4509,6
train,4510,0
train,4511,8
train,4512,0
train,4513,0
train,4514,3
train,4515,0
train,4516,3
train,4517,4
train,4518,4
train,4519,3
train,4520,0
train,4521,4
train,4522,6
train,4523,4
train,4524,9
train,4525,6
train,4526,2
train,4527,1
train,4528,0
train,4529,4
train,4530,8
train,4531,7
train,4532,7
train,4533,4
train,4534,5
train,4535,6
train,4536,5
train,4537,6
train,4538,4
train,4539,5
train,4540,3
train,4541,8
train,4542,1
train,4543,7
train,4544,5
train,4545,7
train,4546,7
train,4547,8
train,4548,1
train,4549,6
train,4550,3
train,4551,0
train,4552,0
train,4553,3
train,4554,9
train,4555,3
train,4556,5
train,4557,3
train,4558,3
train,4559,3
train,4560,4
train,4561,9
train,4562,4
train,4563,2
train,4564,1
train,4565,3
train,4566,9
train,4567,6
train,4568,0
train,4569,8
train,4570,0
train,4571,0
train,4572,5
train,4573,2
train,4574,2
train,4575,3
train,4576,9
train,4577,9
train,4578,6
train,4579,8
train,4580,9
train,4581,0
train,4582,0
train,4583,6
train,4584,6
train,4585,0
train,4586,1
train,4587,5
train,4588,3
train,4589,8
train,4590,6
train,4591,8
train,4592,6
train,4593,1
train,4594,7
train,4595,7
train,4596,3
train,4597,4
train,4598,1
train,4599,5
train,4600,5
train,4601,8
train,4602,5
train,4603,6
train,4604,0
train,4605,5
train,4606,9
train,4607,9
train,4608,0
train,4609,1
train,4610,3
train,4611,0
train,4612,0
train,4613,6
train,4614,6
train,4615,6
train,4616,1
train,4617,0
train,4618,4
train,4619,3
train,4620,7
train,4621,6
train,4622,6
train,4623,4
train,4624,7
train,4625,4
train,4626,3
train,4627,3
train,4628,3
train,4629,9
train,4630,2
train,4631,8
train,4632,2
train,4633,7
train,4634,6
train,4635,0
train,4636,8
train,4637,5
train,4638,3
train,4639,5
train,4640,8
train,4641,2
train,4642,5
train,4643,3
train,4644,2
train,4645,8
train,4646,5
train,4647,0
train,4648,7
train,4649,2
train,4650,3
train,4651,5
train,4652,3
train,4653,0
train,4654,6
train,4655,9
train,4656,2
train,4657,9
train,4658,6
train,4659,6
train,4660,1
train,4661,1
train,4662,9
train,4663,4
train,4664,1
train,4665,8
train,4666,3
train,4667,4
train,4668,8
train,4669,7
train,4670,5
train,4671,7
train,4672,9
train,4673,7
train,4674,0
train,4675,0
train,4676,5
train,4677,0
train,4678,0
train,4679,3
train,4680,0
train,4681,3
train,4682,3
train,4683,1
train,4684,0
train,4685,3
train,4686,6
train,4687,2
train,4688,3
train,4689,2
train,4690,1
train,4691,1
train,4692,6
train,4693,7
train,4694,8
train,4695,1
train,4696,0
train,4697,0
train,4698,6
train,4699,0
train,4700,6
train,4701,2
train,4702,5
train,4703,2
train,4704,7
train,4705,6
train,4706,9
train,4707,7
train,4708,4
train,4709,4
train,4710,3
train,4711,3
train,4712,1
train,4713,4
train,4714,8
train,4715,4
train,4716,0
train,4717,4
train,4718,8
train,4719,1
train,4720,4
train,4721,2
train,4722,0
train,4723,8
train,4724,2
train,4725,2
train,4726,8
train,4727,4
train,4728,0
train,4729,0
train,4730,7
train,4731,6
train,4732,7
train,4733,7
train,4734,3
train,4735,9
train,4736,8
train,4737,4
train,4738,1
train,4739,3
train,4740,8
train,4741,8
train,4742,0
train,4743,8
train,4744,4
train,4745,6
train,4746,4
train,4747,0
train,4748,4
train,4749,4
train,4750,2
train,4751,2
train,4752,1
train,4753,8
train,4754,2
train,4755,9
train,4756,1
train,4757,0
train,4758,5
train,4759,0
train,4760,9
train,4761,1
train,4762,5
train,4763,5
train,4764,9
train,4765,3
train,4766,3
train,4767,3
train,4768,2
train,4769,9
train,4770,0
train,4771,4
train,4772,3
train,4773,3
train,4774,8
train,4775,6
train,4776,8
train,4777,9
train,4778,6
train,4779,4
train,4780,6
train,4781,0
train,4782,8
train,4783,0
train,4784,9
train,4785,3
train,4786,7
train,4787,3
train,4788,1
train,4789,4
train,4790,4
train,4791,1
train,4792,2
train,4793,0
train,4794,7
train,4795,6
train,4796,5
train,4797,3
train,4798,6
train,4799,5
train,4800,9
train,4801,7
train,4802,5
train,4803,8
train,4804,3
train,4805,6
train,4806,0
train,4807,8
train,4808,1
train,4809,9
train,4810,4
train,4811,5
train,4812,0
train,4813,2
train,4814,9
train,4815,7
train,4816,3
train,4817,0
train,4818,8
train,4819,5
train,4820,4
train,4821,6
train,4822,0
train,4823,9
train,4824,7
train,4825,6
train,4826,7
train,4827,9
train,4828,3
train,4829,3
train,4830,7
train,4831,8
train,4832,6
train,4833,1
train,4834,0
train,4835,5
train,4836,8
train,4837,3
train,4838,3
train,4839,2
train,4840,3
train,4841,5
train,4842,4
train,4843,5
train,4844,0
train,4845,0
train,4846,8
train,4847,8
train,4848,2
train,4849,8
train,4850,9
train,4851,7
train,4852,6
train,4853,8
train,4854,5
train,4855,4
train,4856,4
train,4857,3
train,4858,0
train,4859,3
train,4860,7
train,4861,3
train,4862,4
train,4863,5
train,4864,6
train,4865,3
train,4866,8
train,4867,0
train,4868,4
train,4869,5
train,4870,8
train,4871,4
train,4872,8
train,4873,4
train,4874,9
train,4875,5
train,4876,7
train,4877,5
train,4878,1
train,4879,2
train,4880,7
train,4881,0
train,4882,2
train,4883,2
train,4884,8
train,4885,3
train,4886,8
train,4887,4
train,4888,3
train,4889,1
train,4890,1
train,4891,0
train,4892,8
train,4893,0
train,4894,6
train,4895,2
train,4896,1
train,4897,7
train,4898,7
train,4899,0
train,4900,3
train,4901,1
train,4902,4
train,4903,6
train,4904,2
train,4905,8
train,4906,5
train,4907,7
train,4908,9
train,4909,1
train,4910,2
train,4911,7
train,4912,0
train,4913,3
train,4914,6
train,4915,9
train,4916,9
train,4917,3
train,4918,9
train,4919,1
train,4920,6
train,4921,1
train,4922,6
train,4923,6
train,4924,2
train,4925,6
train,4926,6
train,4927,8
train,4928,1
train,4929,4
train,4930,0
train,4931,9
train,4932,1
train,4933,9
train,4934,2
train,4935,0
train,4936,1
train,4937,4
train,4938,0
train,4939,5
train,4940,4
train,4941,7
train,4942,0
train,4943,7
train,4944,5
train,4945,6
train,4946,9
train,4947,2
train,4948,8
train,4949,7
train,4950,6
train,4951,7
train,4952,7
train,4953,6
train,4954,4
train,4955,4
train,4956,5
train,4957,5
train,4958,8
train,4959,3
train,4960,8
train,4961,9
train,4962,7
train,4963,0
train,4964,2
train,4965,1
train,4966,7
train,4967,8
train,4968,1
train,4969,0
train,4970,6
train,4971,4
train,4972,3
train,4973,6
train,4974,4
train,4975,9
train,4976,7
train,4977,5
train,4978,5
train,4979,1
train,4980,9
train,4981,6
train,4982,1
train,4983,9
train,4984,2
train,4985,6
train,4986,3
train,4987,4
train,4988,8
train,4989,0
train,4990,6
train,4991,1
train,4992,0
train,4993,5
train,4994,1
train,4995,5
train,4996,0
train,4997,8
train,4998,0
train,4999,3
train,5000,4
train,5001,6
train,5002,4
train,5003,7
train,5004,4
train,5005,6
train,5006,2
train,5007,5
train,5008,6
train,5009,7
train,5010,3
train,5011,9
train,5012,4
train,5013,4
train,5014,6
train,5015,1
train,5016,8
train,5017,7
train,5018,9
train,5019,5
train,5020,1
train,5021,6
train,5022,1
train,5023,8
train,5024,7
train,5025,4
train,5026,0
train,5027,9
train,5028,8
train,5029,2
train,5030,0
train,5031,5
train,5032,8
train,5033,9
train,5034,0
train,5035,2
train,5036,1
train,5037,9
train,5038,8
train,5039,5
train,5040,1
train,5041,1
train,5042,7
train,5043,0
train,5044,2
train,5045,0
train,5046,0
train,5047,4
train,5048,2
train,5049,2
train,5050,9
train,5051,6
train,5052,8
train,5053,4
train,5054,5
train,5055,9
train,5056,6
train,5057,5
train,5058,9
train,5059,9
train,5060,2
train,5061,9
train,5062,0
train,5063,2
train,5064,8
train,5065,0
train,5066,8
train,5067,4
train,5068,4
train,5069,1
train,5070,0
train,5071,6
train,5072,6
train,5073,6
train,5074,8
train,5075,2
train,5076,0
train,5077,0
train,5078,1
train,5079,0
train,5080,6
train,5081,3
train,5082,7
train,5083,6
train,5084,2
train,5085,0
train,5086,3
train,5087,8
train,5088,8
train,5089,0
train,5090,6
train,5091,8
train,5092,1
train,5093,1
train,5094,5
train,5095,2
train,5096,7
train,5097,2
train,5098,2
train,5099,0
train,5100,0
train,5101,6
train,5102,3
train,5103,7
train,5104,0
train,5105,5
train,5106,6
train,5107,4
train,5108,8
train,5109,8
train,5110,9
train,5111,5
train,5112,7
train,5113,7
train,5114,2
train,5115,8
train,5116,0
train,5117,8
train,5118,4
train,5119,3
train,5120,1
train,5121,8
train,5122,2
train,5123,7
train,5124,2
train,5125,3
train,5126,0
train,5127,6
train,5128,2
train,5129,7
train,5130,8
train,5131,2
train,5132,7
train,5133,9
train,5134,3
train,5135,6
train,5136,3
train,5137,0
train,5138,0
train,5139,3
train,5140,9
train,5141,3
train,5142,7
train,5143,6
train,5144,1
train,5145,9
train,5146,9
train,5147,1
train,5148,9
train,5149,8
train,5150,3
train,5151,6
train,5152,2
train,5153,5
train,5154,0
train,5155,5
train,5156,1
train,5157,2
train,5158,4
train,5159,9
train,5160,7
train,5161,4
train,5162,3
train,5163,1
train,5164,5
train,5165,6
train,5166,7
train,5167,8
train,5168,4
train,5169,8
train,5170,2
train,5171,9
train,5172,9
train,5173,9
train,5174,8
train,5175,0
train,5176,9
train,5177,6
train,5178,9
train,5179,9
train,5180,1
train,5181,3
train,5182,4
train,5183,7
train,5184,2
train,5185,5
train,5186,9
train,5187,1
train,5188,7
train,5189,1
train,5190,3
train,5191,2
train,5192,5
train,5193,8
train,5194,5
train,5195,3
train,5196,5
train,5197,6
train,5198,1
train,5199,8
train,5200,4
train,5201,2
train,5202,3
train,5203,9
train,5204,7
train,5205,5
train,5206,1
train,5207,5
train,5208,9
train,5209,1
train,5210,0
train,5211,9
train,5212,0
train,5213,9
train,5214,9
train,5215,8
train,5216,5
train,5217,7
train,5218,8
train,5219,2
train,5220,2
train,5221,3
train,5222,9
train,5223,4
train,5224,2
train,5225,3
train,5226,8
train,5227,2
train,5228,3
train,5229,6
train,5230,2
train,5231,6
train,5232,6
train,5233,3
train,5234,8
train,5235,1
train,5236,1
train,5237,4
train,5238,8
train,5239,8
train,5240,7
train,5241,8
train,5242,8
train,5243,6
train,5244,5
train,5245,2
train,5246,6
train,5247,5
train,5248,3
train,5249,4
train,5250,1
train,5251,0
train,5252,7
train,5253,5
train,5254,5
train,5255,8
train,5256,2
train,5257,8
train,5258,5
train,5259,2
train,5260,6
train,5261,7
train,5262,2
train,5263,9
train,5264,2
train,5265,2
train,5266,8
train,5267,4
train,5268,2
train,5269,0
train,5270,9
train,5271,8
train,5272,7
train,5273,3
train,5274,5
train,5275,7
train,5276,8
train,5277,4
train,5278,7
train,5279,0
train,5280,1
train,5281,1
train,5282,0
train,5283,1
train,5284,9
train,5285,1
train,5286,4
train,5287,5
train,5288,0
train,5289,8
train,5290,4
train,5291,7
train,5292,3
train,5293,5
train,5294,5
train,5295,6
train,5296,1
train,5297,9
train,5298,3
train,5299,7
train,5300,6
train,5301,0
train,5302,4
train,5303,8
train,5304,5
train,5305,2
train,5306,1
train,5307,4
train,5308,3
train,5309,0
train,5310,1
train,5311,9
train,5312,1
train,5313,2
train,5314,7
train,5315,8
train,5316,1
train,5317,2
train,5318,8
train,5319,5
train,5320,2
train,5321,3
train,5322,9
train,5323,6
train,5324,4
train,5325,2
train,5326,3
train,5327,5
train,5328,0
train,5329,7
train,5330,2
train,5331,9
train,5332,9
train,5333,9
train,5334,3
train,5335,6
train,5336,4
train,5337,5
train,5338,9
train,5339,2
train,5340,2
train,5341,8
train,5342,7
train,5343,5
train,5344,0
train,5345,8
train,5346,1
train,5347,7
train,5348,4
train,5349,8
train,5350,5
train,5351,5
train,5352,1
train,5353,5
train,5354,7
train,5355,7
train,5356,0
train,5357,7
train,5358,8
train,5359,5
train,5360,8
train,5361,3
train,5362,7
train,5363,7
train,5364,2
train,5365,1
train,5366,9
train,5367,1
train,5368,2
train,5369,4
train,5370,4
train,5371,5
train,5372,4
train,5373,3
train,5374,6
train,5375,6
train,5376,0
train,5377,6
train,5378,7
train,5379,0
train,5380,4
train,5381,7
train,5382,4
train,5383,7
train,5384,2
train,5385,7
train,5386,7
train,5387,7
train,5388,4
train,5389,4
train,5390,5
train,5391,7
train,5392,7
train,5393,0
train,5394,5
train,5395,3
train,5396,5
train,5397,5
train,5398,4
train,5399,8
train,5400,9
train,5401,5
train,5402,7
train,5403,2
train,5404,3
train,5405,5
train,5406,4
train,5407,5
train,5408,0
train,5409,8
train,5410,9
train,5411,9
train,5412,2
train,5413,3
train,5414,3
train,5415,7
train,5416,3
train,5417,0
train,5418,4
train,5419,0
train,5420,5
train,5421,7
train,5422,6
train,5423,1
train,5424,8
train,5425,9
train,5426,8
train,5427,1
train,5428,6
train,5429,5
train,5430,9
train,5431,7
train,5432,5
train,5433,8
train,5434,7
train,5435,2
train,5436,9
train,5437,4
train,5438,8
train,5439,9
train,5440,4
train,5441,7
train,5442,1
train,5443,9
train,5444,7
train,5445,6
train,5446,6
train,5447,6
train,5448,8
train,5449,0
train,5450,8
train,5451,1
train,5452,0
train,5453,3
train,5454,2
train,5455,9
train,5456,2
train,5457,6
train,5458,2
train,5459,0
train,5460,8
train,5461,8
train,5462,3
train,5463,3
train,5464,5
train,5465,1
train,5466,1
train,5467,6
train,5468,7
train,5469,7
train,5470,3
train,5471,1
train,5472,6
train,5473,1
train,5474,9
train,5475,0
train,5476,0
train,5477,1
train,5478,3
train,5479,8
train,5480,4
train,5481,2
train,5482,1
train,5483,1
train,5484,3
train,5485,2
train,5486,4
train,5487,5
train,5488,2
train,5489,5
train,5490,8
train,5491,4
train,5492,8
train,5493,2
train,5494,6
train,5495,1
train,5496,5
train,5497,4
train,5498,2
train,5499,7
train,5500,7
train,5501,6
train,5502,7
train,5503,6
train,5504,6
train,5505,9
train,5506,8
train,5507,9
train,5508,1
train,5509,2
train,5510,7
train,5511,4
train,5512,4
train,5513,7
train,5514,2
train,5515,9
train,5516,9
train,5517,3
train,5518,5
train,5519,9
train,5520,2
train,5521,1
train,5522,8
train,5523,8
train,5524,3
train,5525,4
train,5526,7
train,5527,5
train,5528,6
train,5529,0
train,5530,9
train,5531,7
train,5532,9
train,5533,0
train,5534,1
train,5535,7
train,5536,0
train,5537,7
train,5538,5
train,5539,1
train,5540,2
train,5541,6
train,5542,8
train,5543,5
train,5544,2
train,5545,2
train,5546,4
train,5547,3
train,5548,3
train,5549,6
train,5550,5
train,5551,2
train,5552,8
train,5553,0
train,5554,8
train,5555,0
train,5556,6
train,5557,7
train,5558,3
train,5559,5
train,5560,3
train,5561,8
train,5562,8
train,5563,5
train,5564,9
train,5565,3
train,5566,8
train,5567,6
train,5568,8
train,5569,9
train,5570,7
train,5571,4
train,5572,5
train,5573,4
train,5574,8
train,5575,4
train,5576,1
train,5577,3
train,5578,2
train,5579,9
train,5580,9
train,5581,3
train,5582,0
train,5583,1
train,5584,7
train,5585,6
train,5586,4
train,5587,4
train,5588,2
train,5589,4
train,5590,7
train,5591,7
train,5592,8
train,5593,9
train,5594,0
train,5595,6
train,5596,5
train,5597,1
train,5598,2
train,5599,7
train,5600,4
train,5601,1
train,5602,1
train,5603,1
train,5604,6
train,5605,8
train,5606,3
train,5607,7
train,5608,7
train,5609,6
train,5610,1
train,5611,7
train,5612,2
train,5613,2
train,5614,9
train,5615,6
train,5616,4
train,5617,6
train,5618,5
train,5619,8
train,5620,6
train,5621,8
train,5622,3
train,5623,3
train,5624,9
train,5625,9
train,5626,6
train,5627,2
train,5628,4
train,5629,8
train,5630,2
train,5631,1
train,5632,4
train,5633,5
train,5634,3
train,5635,5
train,5636,4
train,5637,8
train,5638,5
train,5639,3
train,5640,6
train,5641,2
train,5642,5
train,5643,6
train,5644,5
train,5645,9
train,5646,7
train,5647,8
train,5648,5
train,5649,5
train,5650,3
train,5651,6
train,5652,4
train,5653,6
train,5654,4
train,5655,6
train,5656,0
train,5657,2
train,5658,2
train,5659,1
train,5660,6
train,5661,7
train,5662,5
train,5663,3
train,5664,7
train,5665,7
train,5666,6
train,5667,1
train,5668,1
train,5669,5
train,5670,9
train,5671,0
train,5672,2
train,5673,4
train,5674,5
train,5675,7
train,5676,7
train,5677,8
train,5678,6
train,5679,8
train,5680,4
train,5681,2
train,5682,7
train,5683,8
train,5684,5
train,5685,3
train,5686,4
train,5687,7
train,5688,0
train,5689,4
train,5690,2
train,5691,2
train,5692,7
train,5693,9
train,5694,9
train,5695,5
train,5696,8
train,5697,3
train,5698,4
train,5699,1
train,5700,4
train,5701,7
train,5702,2
train,5703,7
train,5704,8
train,5705,3
train,5706,3
train,5707,4
train,5708,1
train,5709,4
train,5710,7
train,5711,6
train,5712,0
train,5713,1
train,5714,7
train,5715,0
train,5716,3
train,5717,4
train,5718,5
train,5719,1
train,5720,7
train,5721,0
train,5722,1
train,5723,2
train,5724,2
train,5725,2
train,5726,0
train,5727,4
train,5728,3
train,5729,3
train,5730,7
train,5731,9
train,5732,7
train,5733,3
train,5734,9
train,5735,9
train,5736,9
train,5737,6
train,5738,3
train,5739,1
train,5740,9
train,5741,8
train,5742,1
train,5743,0
train,5744,1
train,5745,6
train,5746,9
train,5747,3
train,5748,8
train,5749,8
train,5750,0
train,5751,2
train,5752,2
train,5753,7
train,5754,4
train,5755,1
train,5756,7
train,5757,1
train,5758,4
train,5759,3
train,5760,1
train,5761,3
train,5762,0
train,5763,7
train,5764,2
train,5765,9
train,5766,4
train,5767,4
train,5768,7
train,5769,8
train,5770,1
train,5771,2
train,5772,2
train,5773,0
train,5774,6
train,5775,3
train,5776,0
train,5777,2
train,5778,8
train,5779,1
train,5780,1
train,5781,0
train,5782,0
train,5783,0
train,5784,6
train,5785,9
train,5786,5
train,5787,1
train,5788,5
train,5789,1
train,5790,0
train,5791,6
train,5792,6
train,5793,7
train,5794,1
train,5795,1
train,5796,4
train,5797,0
train,5798,0
train,5799,5
train,5800,7
train,5801,8
train,5802,5
train,5803,7
train,5804,6
train,5805,7
train,5806,2
train,5807,0
train,5808,9
train,5809,8
train,5810,6
train,5811,3
train,5812,6
train,5813,7
train,5814,4
train,5815,1
train,5816,5
train,5817,1
train,5818,4
train,5819,5
train,5820,1
train,5821,7
train,5822,8
train,5823,2
train,5824,9
train,5825,4
train,5826,1
train,5827,1
train,5828,7
train,5829,7
train,5830,1
train,5831,4
train,5832,0
train,5833,1
train,5834,6
train,5835,2
train,5836,6
train,5837,7
train,5838,5
train,5839,9
train,5840,6
train,5841,3
train,5842,1
train,5843,4
train,5844,9
train,5845,1
train,5846,3
train,5847,1
train,5848,6
train,5849,2
train,5850,8
train,5851,9
train,5852,8
train,5853,0
train,5854,3
train,5855,4
train,5856,9
train,5857,6
train,5858,0
train,5859,9
train,5860,7
train,5861,6
train,5862,5
train,5863,1
train,5864,8
train,5865,0
train,5866,2
train,5867,8
train,5868,6
train,5869,8
train,5870,0
train,5871,5
train,5872,7
train,5873,7
train,5874,9
train,5875,8
train,5876,7
train,5877,4
train,5878,7
train,5879,7
train,5880,1
train,5881,2
train,5882,9
train,5883,0
train,5884,4
train,5885,2
train,5886,3
train,5887,7
train,5888,0
train,5889,1
train,5890,0
train,5891,5
train,5892,1
train,5893,8
train,5894,8
train,5895,9
train,5896,9
train,5897,1
train,5898,6
train,5899,3
train,5900,7
train,5901,9
train,5902,5
train,5903,6
train,5904,6
train,5905,5
train,5906,4
train,5907,0
train,5908,1
train,5909,5
train,5910,8
train,5911,0
train,5912,8
train,5913,4
train,5914,4
train,5915,1
train,5916,7
train,5917,8
train,5918,6
train,5919,1
train,5920,6
train,5921,3
train,5922,8
train,5923,6
train,5924,8
train,5925,9
train,5926,3
train,5927,2
train,5928,0
train,5929,4
train,5930,7
train,5931,1
train,5932,8
train,5933,2
train,5934,1
train,5935,1
train,5936,7
train,5937,8
train,5938,6
train,5939,1
train,5940,1
train,5941,7
train,5942,0
train,5943,3
train,5944,9
train,5945,1
train,5946,8
train,5947,2
train,5948,6
train,5949,0
train,5950,4
train,5951,3
train,5952,8
train,5953,7
train,5954,1
train,5955,6
train,5956,9
train,5957,1
train,5958,1
train,5959,3
train,5960,1
train,5961,6
train,5962,2
train,5963,6
train,5964,5
train,5965,1
train,5966,1
train,5967,6
train,5968,9
train,5969,4
train,5970,2
train,5971,5
train,5972,9
train,5973,2
train,5974,4
train,5975,4
train,5976,4
train,5977,7
train,5978,9
train,5979,7
train,5980,5
train,5981,6
train,5982,6
train,5983,8
train,5984,2
train,5985,7
train,5986,2
train,5987,7
train,5988,5
train,5989,5
train,5990,2
train,5991,4
train,5992,2
train,5993,9
train,5994,4
train,5995,9
train,5996,4
train,5997,8
train,5998,3
train,5999,5
train,6000,0
train,6001,1
train,6002,8
train,6003,9
train,6004,2
train,6005,0
train,6006,4
train,6007,2
train,6008,4
train,6009,4
train,6010,7
train,6011,0
train,6012,1
train,6013,1
train,6014,4
train,6015,0
train,6016,8
train,6017,9
train,6018,8
train,6019,5
train,6020,4
train,6021,1
train,6022,6
train,6023,8
train,6024,7
train,6025,2
train,6026,3
train,6027,4
train,6028,2
train,6029,0
train,6030,2
train,6031,6
train,6032,2
train,6033,8
train,6034,5
train,6035,8
train,6036,6
train,6037,1
train,6038,2
train,6039,9
train,6040,3
train,6041,9
train,6042,7
train,6043,0
train,6044,8
train,6045,6
train,6046,1
train,6047,8
train,6048,7
train,6049,6
train,6050,6
train,6051,1
train,6052,9
train,6053,5
train,6054,1
train,6055,0
train,6056,9
train,6057,7
train,6058,2
train,6059,2
train,6060,6
train,6061,0
train,6062,1
train,6063,9
train,6064,3
train,6065,5
train,6066,4
train,6067,2
train,6068,5
train,6069,8
train,6070,0
train,6071,1
train,6072,8
train,6073,9
train,6074,3
train,6075,5
train,6076,9
train,6077,6
train,6078,5
train,6079,9
train,6080,6
train,6081,5
train,6082,8
train,6083,2
train,6084,4
train,6085,8
train,6086,8
train,6087,6
train,6088,3
train,6089,2
train,6090,5
train,6091,3
train,6092,2
train,6093,3
train,6094,9
train,6095,1
train,6096,9
train,6097,1
train,6098,2
train,6099,0
train,6100,3
train,6101,5
train,6102,7
train,6103,0
train,6104,7
train,6105,0
train,6106,6
train,6107,6
train,6108,5
train,6109,5
train,6110,5
train,6111,8
train,6112,3
train,6113,9
train,6114,6
train,6115,9
train,6116,8
train,6117,7
train,6118,9
train,6119,5
train,6120,1
train,6121,3
train,6122,5
train,6123,8
train,6124,3
train,6125,3
train,6126,6
train,6127,1
train,6128,9
train,6129,8
train,6130,9
train,6131,3
train,6132,9
train,6133,6
train,6134,5
train,6135,6
train,6136,6
train,6137,6
train,6138,1
train,6139,0
train,6140,3
train,6141,5
train,6142,4
train,6143,1
train,6144,2
train,6145,1
train,6146,7
train,6147,3
train,6148,5
train,6149,3
train,6150,8
train,6151,4
train,6152,1
train,6153,1
train,6154,6
train,6155,5
train,6156,6
train,6157,8
train,6158,1
train,6159,7
train,6160,6
train,6161,6
train,6162,0
train,6163,9
train,6164,5
train,6165,9
train,6166,7
train,6167,5
train,6168,1
train,6169,9
train,6170,5
train,6171,5
train,6172,0
train,6173,8
train,6174,4
train,6175,8
train,6176,9
train,6177,9
train,6178,9
train,6179,1
train,6180,2
train,6181,0
train,6182,3
train,6183,7
train,6184,6
train,6185,5
train,6186,5
train,6187,0
train,6188,4
train,6189,7
train,6190,6
train,6191,0
train,6192,4
train,6193,7
train,6194,2
train,6195,1
train,6196,2
train,6197,3
train,6198,7
train,6199,7
train,6200,4
train,6201,9
train,6202,0
train,6203,1
train,6204,7
train,6205,0
train,6206,3
train,6207,2
train,6208,0
train,6209,6
train,6210,1
train,6211,1
train,6212,3
train,6213,0
train,6214,2
train,6215,6
train,6216,3
train,6217,3
train,6218,2
train,6219,7
train,6220,8
train,6221,1
train,6222,1
train,6223,6
train,6224,0
train,6225,5
train,6226,9
train,6227,2
train,6228,0
train,6229,7
train,6230,2
train,6231,6
train,6232,2
train,6233,9
train,6234,5
train,6235,0
train,6236,9
train,6237,3
train,6238,4
train,6239,2
train,6240,5
train,6241,3
train,6242,0
train,6243,7
train,6244,1
train,6245,8
train,6246,1
train,6247,9
train,6248,3
train,6249,5
train,6250,7
train,6251,9
train,6252,6
train,6253,7
train,6254,6
train,6255,3
train,6256,3
train,6257,0
train,6258,7
train,6259,9
train,6260,2
train,6261,2
train,6262,5
train,6263,5
train,6264,9
train,6265,1
train,6266,2
train,6267,6
train,6268,0
train,6269,5
train,6270,8
train,6271,6
train,6272,2
train,6273,9
train,6274,6
train,6275,5
train,6276,6
train,6277,9
train,6278,0
train,6279,9
train,6280,6
train,6281,3
train,6282,2
train,6283,1
train,6284,1
train,6285,5
train,6286,6
train,6287,5
train,6288,7
train,6289,8
train,6290,1
train,6291,2
train,6292,6
train,6293,6
train,6294,6
train,6295,7
train,6296,2
train,6297,5
train,6298,8
train,6299,8
train,6300,2
train,6301,7
train,6302,5
train,6303,2
train,6304,0
train,6305,2
train,6306,4
train,6307,1
train,6308,2
train,6309,0
train,6310,4
train,6311,8
train,6312,6
train,6313,8
train,6314,1
train,6315,0
train,6316,8
train,6317,4
train,6318,4
train,6319,0
train,6320,9
train,6321,4
train,6322,1
train,6323,4
train,6324,1
train,6325,6
train,6326,0
train,6327,4
train,6328,6
train,6329,4
train,6330,3
train,6331,1
train,6332,4
train,6333,4
train,6334,9
train,6335,7
train,6336,3
train,6337,0
train,6338,3
train,6339,7
train,6340,2
train,6341,9
train,6342,9
train,6343,7
train,6344,7
train,6345,2
train,6346,3
train,6347,8
train,6348,4
train,6349,9
train,6350,9
train,6351,5
train,6352,5
train,6353,9
train,6354,8
train,6355,1
train,6356,7
train,6357,5
train,6358,8
train,6359,2
train,6360,5
train,6361,6
train,6362,0
train,6363,5
train,6364,1
train,6365,6
train,6366,2
train,6367,0
train,6368,2
train,6369,9
train,6370,5
train,6371,6
train,6372,6
train,6373,9
train,6374,5
train,6375,5
train,6376,3
train,6377,7
train,6378,3
train,6379,8
train,6380,1
train,6381,3
train,6382,1
train,6383,6
train,6384,3
train,6385,5
train,6386,7
train,6387,1
train,6388,4
train,6389,6
train,6390,1
train,6391,2
train,6392,0
train,6393,6
train,6394,9
train,6395,6
train,6396,7
train,6397,2
train,6398,4
train,6399,4
train,6400,2
train,6401,5
train,6402,5
train,6403,8
train,6404,6
train,6405,5
train,6406,6
train,6407,1
train,6408,1
train,6409,7
train,6410,5
train,6411,6
train,6412,7
train,6413,7
train,6414,3
train,6415,4
train,6416,5
train,6417,8
train,6418,4
train,6419,3
train,6420,2
train,6421,5
train,6422,1
train,6423,9
train,6424,1
train,6425,4
train,6426,9
train,6427,2
train,6428,4
train,6429,7
train,6430,7
train,6431,8
train,6432,9
train,6433,2
train,6434,2
train,6435,3
train,6436,7
train,6437,0
train,6438,8
train,6439,9
train,6440,9
train,6441,1
train,6442,0
train,6443,2
train,6444,8
train,6445,5
train,6446,7
train,6447,1
train,6448,2
train,6449,2
train,6450,7
train,6451,1
train,6452,8
train,6453,2
train,6454,7
train,6455,3
train,6456,8
train,6457,8
train,6458,1
train,6459,3
train,6460,5
train,6461,1
train,6462,8
train,6463,4
train,6464,8
train,6465,3
train,6466,2
train,6467,8
train,6468,3
train,6469,4
train,6470,2
train,6471,6
train,6472,4
train,6473,1
train,6474,8
train,6475,4
train,6476,0
train,6477,2
train,6478,2
train,6479,8
train,6480,0
train,6481,1
train,6482,9
train,6483,3
train,6484,4
train,6485,7
train,6486,4
train,6487,8
train,6488,6
train,6489,5
train,6490,8
train,6491,9
train,6492,7
train,6493,0
train,6494,9
train,6495,8
train,6496,7
train,6497,1
train,6498,2
train,6499,9
train,6500,0
train,6501,4
train,6502,3
train,6503,8
train,6504,4
train,6505,3
train,6506,6
train,6507,1
train,6508,3
train,6509,1
train,6510,7
train,6511,3
train,6512,2
train,6513,7
train,6514,3
train,6515,3
train,6516,8
train,6517,5
train,6518,8
train,6519,3
train,6520,9
train,6521,1
train,6522,7
train,6523,4
train,6524,5
train,6525,9
train,6526,2
train,6527,4
train,6528,4
train,6529,1
train,6530,2
train,6531,9
train,6532,7
train,6533,2
train,6534,1
train,6535,9
train,6536,0
train,6537,4
train,6538,2
train,6539,3
train,6540,1
train,6541,7
train,6542,7
train,6543,3
train,6544,8
train,6545,0
train,6546,3
train,6547,1
train,6548,3
train,6549,6
train,6550,7
train,6551,4
train,6552,7
train,6553,4
train,6554,1
train,6555,3
train,6556,4
train,6557,6
train,6558,7
train,6559,6
train,6560,9
train,6561,8
train,6562,0
train,6563,7
train,6564,5
train,6565,8
train,6566,8
train,6567,7
train,6568,4
train,6569,4
train,6570,7
train,6571,1
train,6572,0
train,6573,1
train,6574,8
train,6575,0
train,6576,1
train,6577,9
train,6578,2
train,6579,7
train,6580,7
train,6581,5
train,6582,9
train,6583,3
train,6584,5
train,6585,2
train,6586,9
train,6587,1
train,6588,5
train,6589,9
train,6590,5
train,6591,7
train,6592,3
train,6593,5
train,6594,5
train,6595,1
train,6596,7
train,6597,4
train,6598,9
train,6599,2
train,6600,1
train,6601,5
train,6602,7
train,6603,0
train,6604,1
train,6605,1
train,6606,5
train,6607,2
train,6608,8
train,6609,4
train,6610,8
train,6611,3
train,6612,8
train,6613,3
train,6614,0
train,6615,1
train,6616,1
train,6617,1
train,6618,2
train,6619,4
train,6620,3
train,6621,5
train,6622,6
train,6623,0
train,6624,8
train,6625,0
train,6626,1
train,6627,0
train,6628,7
train,6629,8
train,6630,9
train,6631,8
train,6632,3
train,6633,7
train,6634,9
train,6635,2
train,6636,4
train,6637,1
train,6638,9
train,6639,4
train,6640,8
train,6641,4
train,6642,1
train,6643,2
train,6644,3
train,6645,0
train,6646,3
train,6647,8
train,6648,4
train,6649,8
train,6650,1
train,6651,3
train,6652,9
train,6653,5
train,6654,4
train,6655,3
train,6656,0
train,6657,1
train,6658,0
train,6659,7
train,6660,3
train,6661,8
train,6662,9
train,6663,1
train,6664,1
train,6665,2
train,6666,6
train,6667,1
train,6668,6
train,6669,4
train,6670,3
train,6671,9
train,6672,3
train,6673,2
train,6674,9
train,6675,8
train,6676,5
train,6677,0
train,6678,7
train,6679,6
train,6680,8
train,6681,7
train,6682,9
train,6683,5
train,6684,2
train,6685,1
train,6686,5
train,6687,6
train,6688,1
train,6689,2
train,6690,5
train,6691,4
train,6692,2
train,6693,7
train,6694,5
train,6695,1
train,6696,9
train,6697,2
train,6698,2
train,6699,1
train,6700,0
train,6701,2
train,6702,2
train,6703,0
train,6704,6
train,6705,2
train,6706,3
train,6707,9
train,6708,6
train,6709,6
train,6710,5
train,6711,9
train,6712,2
train,6713,9
train,6714,6
train,6715,2
train,6716,5
train,6717,9
train,6718,1
train,6719,3
train,6720,7
train,6721,9
train,6722,6
train,6723,2
train,6724,4
train,6725,6
train,6726,6
train,6727,9
train,6728,7
train,6729,0
train,6730,7
train,6731,1
train,6732,9
train,6733,5
train,6734,3
train,6735,1
train,6736,2
train,6737,2
train,6738,9
train,6739,8
train,6740,6
train,6741,2
train,6742,5
train,6743,3
train,6744,9
train,6745,4
train,6746,2
train,6747,7
train,6748,7
train,6749,7
train,6750,5
train,6751,3
train,6752,4
train,6753,7
train,6754,8
train,6755,7
train,6756,9
train,6757,5
train,6758,6
train,6759,7
train,6760,8
train,6761,5
train,6762,2
train,6763,1
train,6764,4
train,6765,8
train,6766,6
train,6767,0
train,6768,7
train,6769,2
train,6770,4
train,6771,8
train,6772,0
train,6773,7
train,6774,4
train,6775,3
train,6776,9
train,6777,3
train,6778,4
train,6779,4
train,6780,1
train,6781,9
train,6782,1
train,6783,5
train,6784,6
train,6785,9
train,6786,8
train,6787,2
train,6788,2
train,6789,9
train,6790,8
train,6791,4
train,6792,5
train,6793,3
train,6794,9
train,6795,3
train,6796,9
train,6797,2
train,6798,2
train,6799,4
train,6800,2
train,6801,7
train,6802,3
train,6803,2
train,6804,9
train,6805,3
train,6806,8
train,6807,1
train,6808,8
train,6809,0
train,6810,9
train,6811,3
train,6812,6
train,6813,1
train,6814,5
train,6815,4
train,6816,9
train,6817,5
train,6818,5
train,6819,2
train,6820,9
train,6821,5
train,6822,6
train,6823,7
train,6824,9
train,6825,3
train,6826,8
train,6827,6
train,6828,1
train,6829,3
train,6830,5
train,6831,2
train,6832,5
train,6833,2
train,6834,3
train,6835,2
train,6836,7
train,6837,3
train,6838,1
train,6839,1
train,6840,6
train,6841,5
train,6842,5
train,6843,3
train,6844,1
train,6845,2
train,6846,5
train,6847,9
train,6848,6
train,6849,9
train,6850,4
train,6851,8
train,6852,0
train,6853,0
train,6854,0
train,6855,3
train,6856,2
train,6857,4
train,6858,2
train,6859,9
train,6860,1
train,6861,3
train,6862,7
train,6863,6
train,6864,6
train,6865,2
train,6866,7
train,6867,0
train,6868,8
train,6869,2
train,6870,4
train,6871,3
train,6872,7
train,6873,1
train,6874,9
train,6875,5
train,6876,9
train,6877,2
train,6878,0
train,6879,1
train,6880,9
train,6881,4
train,6882,4
train,6883,5
train,6884,0
train,6885,3
train,6886,3
train,6887,9
train,6888,5
train,6889,2
train,6890,9
train,6891,0
train,6892,3
train,6893,5
train,6894,6
train,6895,0
train,6896,6
train,6897,3
train,6898,8
train,6899,4
train,6900,3
train,6901,1
train,6902,0
train,6903,5
train,6904,2
train,6905,6
train,6906,5
train,6907,5
train,6908,0
train,6909,5
train,6910,4
train,6911,9
train,6912,4
train,6913,7
train,6914,2
train,6915,9
train,6916,9
train,6917,1
train,6918,4
train,6919,5
train,6920,9
train,6921,3
train,6922,8
train,6923,6
train,6924,5
train,6925,8
train,6926,1
train,6927,8
train,6928,1
train,6929,6
train,6930,1
train,6931,7
train,6932,5
train,6933,0
train,6934,2
train,6935,9
train,6936,7
train,6937,7
train,6938,7
train,6939,8
train,6940,4
train,6941,6
train,6942,8
train,6943,1
train,6944,1
train,6945,5
train,6946,7
train,6947,3
train,6948,3
train,6949,9
train,6950,5
train,6951,0
train,6952,6
train,6953,7
train,6954,2
train,6955,0
train,6956,5
train,6957,6
train,6958,7
train,6959,9
train,6960,3
train,6961,8
train,6962,2
train,6963,1
train,6964,0
train,6965,9
train,6966,4
train,6967,7
train,6968,6
train,6969,9
train,6970,2
train,6971,6
train,6972,3
train,6973,9
train,6974,2
train,6975,5
train,6976,2
train,6977,7
train,6978,9
train,6979,8
train,6980,2
train,6981,9
train,6982,1
train,6983,4
train,6984,9
train,6985,2
train,6986,5
train,6987,0
train,6988,0
train,6989,3
train,6990,7
train,6991,4
train,6992,0
train,6993,0
train,6994,8
train,6995,4
train,6996,6
train,6997,7
train,6998,1
train,6999,3
train,7000,0
train,7001,9
train,7002,0
train,7003,7
train,7004,3
train,7005,3
train,7006,2
train,7007,2
train,7008,5
train,7009,9
train,7010,8
train,7011,8
train,7012,5
train,7013,6
train,7014,1
train,7015,5
train,7016,7
train,7017,5
train,7018,0
train,7019,7
train,7020,5
train,7021,6
train,7022,2
train,7023,4
train,7024,8
train,7025,7
train,7026,5
train,7027,2
train,7028,2
train,7029,6
train,7030,6
train,7031,9
train,7032,8
train,7033,9
train,7034,4
train,7035,5
train,7036,1
train,7037,9
train,7038,8
train,7039,9
train,7040,6
train,7041,1
train,7042,7
train,7043,5
train,7044,9
train,7045,6
train,7046,4
train,7047,2
train,7048,5
train,7049,1
train,7050,9
train,7051,9
train,7052,3
train,7053,2
train,7054,9
train,7055,2
train,7056,4
train,7057,0
train,7058,5
train,7059,1
train,7060,4
train,7061,4
train,7062,8
train,7063,1
train,7064,1
train,7065,7
train,7066,7
train,7067,7
train,7068,8
train,7069,3
train,7070,0
train,7071,1
train,7072,1
train,7073,0
train,7074,0
train,7075,9
train,7076,8
train,7077,7
train,7078,5
train,7079,2
train,7080,1
train,7081,5
train,7082,5
train,7083,8
train,7084,1
train,7085,6
train,7086,3
train,7087,5
train,7088,0
train,7089,7
train,7090,0
train,7091,2
train,7092,6
train,7093,5
train,7094,1
train,7095,0
train,7096,6
train,7097,9
train,7098,3
train,7099,8
train,7100,5
train,7101,1
train,7102,9
train,7103,9
train,7104,2
train,7105,4
train,7106,8
train,7107,9
train,7108,2
train,7109,6
train,7110,1
train,7111,6
train,7112,0
train,7113,7
train,7114,0
train,7115,6
train,7116,5
train,7117,4
train,7118,6
train,7119,6
train,7120,4
train,7121,6
train,7122,8
train,7123,3
train,7124,2
train,7125,1
train,7126,4
train,7127,1
train,7128,4
train,7129,0
train,7130,6
train,7131,0
train,7132,9
train,7133,9
train,7134,8
train,7135,9
train,7136,3
train,7137,1
train,7138,7
train,7139,4
train,7140,4
train,7141,8
train,7142,1
train,7143,9
train,7144,8
train,7145,6
train,7146,7
train,7147,1
train,7148,4
train,7149,3
train,7150,7
train,7151,4
train,7152,6
train,7153,3
train,7154,5
train,7155,3
train,7156,6
train,7157,7
train,7158,4
train,7159,5
train,7160,9
train,7161,2
train,7162,7
train,7163,8
train,7164,4
train,7165,8
train,7166,0
train,7167,5
train,7168,5
train,7169,3
train,7170,7
train,7171,3
train,7172,1
train,7173,9
train,7174,0
train,7175,3
train,7176,7
train,7177,9
train,7178,5
train,7179,9
train,7180,8
train,7181,1
train,7182,6
train,7183,6
train,7184,9
train,7185,6
train,7186,9
train,7187,0
train,7188,9
train,7189,0
train,7190,1
train,7191,3
train,7192,5
train,7193,5
train,7194,6
train,7195,2
train,7196,8
train,7197,8
train,7198,6
train,7199,0
train,7200,7
train,7201,1
train,7202,0
train,7203,0
train,7204,1
train,7205,9
train,7206,6
train,7207,4
train,7208,0
train,7209,1
train,7210,2
train,7211,8
train,7212,4
train,7213,2
train,7214,6
train,7215,7
train,7216,1
train,7217,1
train,7218,2
train,7219,6
train,7220,8
train,7221,4
train,7222,9
train,7223,3
train,7224,4
train,7225,3
train,7226,3
train,7227,2
train,7228,3
train,7229,7
train,7230,6
train,7231,0
train,7232,7
train,7233,4
train,7234,5
train,7235,1
train,7236,0
train,7237,1
train,7238,1
train,7239,9
train,7240,5
train,7241,2
train,7242,2
train,7243,8
train,7244,0
train,7245,3
train,7246,3
train,7247,0
train,7248,8
train,7249,5
train,7250,3
train,7251,7
train,7252,3
train,7253,1
train,7254,4
train,7255,6
train,7256,1
train,7257,0
train,7258,0
train,7259,5
train,7260,9
train,7261,4
train,7262,5
train,7263,0
train,7264,0
train,7265,3
train,7266,4
train,7267,3
train,7268,2
train,7269,3
train,7270,8
train,7271,4
train,7272,6
train,7273,5
train,7274,1
train,7275,4
train,7276,0
train,7277,8
train,7278,4
train,7279,3
train,7280,0
train,7281,0
train,7282,9
train,7283,3
train,7284,3
train,7285,6
train,7286,9
train,7287,9
train,7288,4
train,7289,0
train,7290,3
train,7291,0
train,7292,4
train,7293,3
train,7294,3
train,7295,2
train,7296,4
train,7297,4
train,7298,9
train,7299,2
train,7300,1
train,7301,0
train,7302,3
train,7303,1
train,7304,8
train,7305,9
train,7306,7
train,7307,4
train,7308,7
train,7309,0
train,7310,3
train,7311,1
train,7312,9
train,7313,9
train,7314,6
train,7315,0
train,7316,0
train,7317,9
train,7318,2
train,7319,7
train,7320,2
train,7321,1
train,7322,7
train,7323,5
train,7324,5
train,7325,8
train,7326,0
train,7327,3
train,7328,0
train,7329,7
train,7330,8
train,7331,2
train,7332,0
train,7333,8
train,7334,2
train,7335,2
train,7336,0
train,7337,9
train,7338,8
train,7339,6
train,7340,4
train,7341,8
train,7342,7
train,7343,7
train,7344,8
train,7345,4
train,7346,9
train,7347,5
train,7348,4
train,7349,1
train,7350,9
train,7351,2
train,7352,8
train,7353,9
train,7354,7
train,7355,5
train,7356,4
train,7357,7
train,7358,4
train,7359,0
train,7360,4
train,7361,6
train,7362,5
train,7363,8
train,7364,0
train,7365,1
train,7366,3
train,7367,6
train,7368,6
train,7369,6
train,7370,2
train,7371,3
train,7372,0
train,7373,3
train,7374,0
train,7375,2
train,7376,7
train,7377,7
train,7378,4
train,7379,2
train,7380,7
train,7381,4
train,7382,5
train,7383,0
train,7384,6
train,7385,0
train,7386,8
train,7387,2
train,7388,5
train,7389,6
train,7390,6
train,7391,3
train,7392,6
train,7393,7
train,7394,2
train,7395,6
train,7396,1
train,7397,8
train,7398,5
train,7399,2
train,7400,1
train,7401,8
train,7402,8
train,7403,9
train,7404,2
train,7405,0
train,7406,1
train,7407,7
train,7408,9
train,7409,5
train,7410,3
train,7411,5
train,7412,4
train,7413,2
train,7414,0
train,7415,9
train,7416,1
train,7417,5
train,7418,3
train,7419,1
train,7420,5
train,7421,1
train,7422,6
train,7423,2
train,7424,4
train,7425,4
train,7426,0
train,7427,8
train,7428,0
train,7429,5
train,7430,0
train,7431,9
train,7432,7
train,7433,3
train,7434,6
train,7435,9
train,7436,7
train,7437,1
train,7438,8
train,7439,2
train,7440,0
train,7441,8
train,7442,8
train,7443,1
train,7444,1
train,7445,6
train,7446,4
train,7447,9
train,7448,6
train,7449,7
train,7450,7
train,7451,4
train,7452,0
train,7453,2
train,7454,2
train,7455,3
train,7456,8
train,7457,1
train,7458,8
train,7459,8
train,7460,9
train,7461,7
train,7462,4
train,7463,9
train,7464,0
train,7465,0
train,7466,8
train,7467,4
train,7468,8
train,7469,5
train,7470,6
train,7471,0
train,7472,2
train,7473,1
train,7474,7
train,7475,9
train,7476,8
train,7477,0
train,7478,0
train,7479,1
train,7480,8
train,7481,7
train,7482,3
train,7483,4
train,7484,5
train,7485,6
train,7486,6
train,7487,4
train,7488,0
train,7489,2
train,7490,2
train,7491,5
train,7492,1
train,7493,3
train,7494,9
train,7495,4
train,7496,6
train,7497,4
train,7498,5
train,7499,7
train,7500,3
train,7501,0
train,7502,6
train,7503,8
train,7504,0
train,7505,4
train,7506,9
train,7507,8
train,7508,2
train,7509,2
train,7510,4
train,7511,5
train,7512,4
train,7513,6
train,7514,6
train,7515,7
train,7516,7
train,7517,1
train,7518,1
train,7519,9
train,7520,7
train,7521,9
train,7522,9
train,7523,9
train,7524,8
train,7525,2
train,7526,0
train,7527,1
train,7528,3
train,7529,3
train,7530,1
train,7531,8
train,7532,7
train,7533,8
train,7534,1
train,7535,0
train,7536,3
train,7537,1
train,7538,0
train,7539,3
train,7540,6
train,7541,8
train,7542,0
train,7543,6
train,7544,5
train,7545,9
train,7546,9
train,7547,9
train,7548,4
train,7549,4
train,7550,6
train,7551,0
train,7552,8
train,7553,6
train,7554,6
train,7555,8
train,7556,2
train,7557,3
train,7558,5
train,7559,0
train,7560,6
train,7561,2
train,7562,0
train,7563,7
train,7564,5
train,7565,5
train,7566,2
train,7567,4
train,7568,9
train,7569,3
train,7570,9
train,7571,8
train,7572,6
train,7573,5
train,7574,7
train,7575,6
train,7576,1
train,7577,5
train,7578,3
train,7579,6
train,7580,9
train,7581,9
train,7582,4
train,7583,8
train,7584,6
train,7585,1
train,7586,9
train,7587,3
train,7588,0
train,7589,2
train,7590,5
train,7591,2
train,7592,4
train,7593,8
train,7594,1
train,7595,7
train,7596,5
train,7597,5
train,7598,0
train,7599,4
train,7600,5
train,7601,8
train,7602,8
train,7603,2
train,7604,4
train,7605,0
train,7606,6
train,7607,3
train,7608,7
train,7609,0
train,7610,4
train,7611,7
train,7612,9
train,7613,0
train,7614,9
train,7615,2
train,7616,5
train,7617,6
train,7618,0
train,7619,2
train,7620,7
train,7621,0
train,7622,4
train,7623,5
train,7624,1
train,7625,8
train,7626,6
train,7627,9
train,7628,8
train,7629,2
train,7630,5
train,7631,2
train,7632,4
train,7633,4
train,7634,2
train,7635,4
train,7636,2
train,7637,1
train,7638,7
train,7639,0
train,7640,2
train,7641,4
train,7642,7
train,7643,3
train,7644,9
train,7645,7
train,7646,2
train,7647,6
train,7648,5
train,7649,8
train,7650,4
train,7651,8
train,7652,2
train,7653,5
train,7654,3
train,7655,2
train,7656,4
train,7657,2
train,7658,2
train,7659,5
train,7660,7
train,7661,5
train,7662,0
train,7663,3
train,7664,4
train,7665,8
train,7666,8
train,7667,9
train,7668,3
train,7669,4
train,7670,9
train,7671,8
train,7672,6
train,7673,6
train,7674,5
train,7675,6
train,7676,3
train,7677,5
train,7678,8
train,7679,7
train,7680,8
train,7681,0
train,7682,9
train,7683,9
train,7684,9
train,7685,1
train,7686,4
train,7687,9
train,7688,0
train,7689,5
train,7690,0
train,7691,7
train,7692,2
train,7693,1
train,7694,5
train,7695,0
train,7696,8
train,7697,6
train,7698,9
train,7699,7
train,7700,4
train,7701,2
train,7702,7
train,7703,4
train,7704,9
train,7705,6
train,7706,9
train,7707,9
train,7708,9
train,7709,9
train,7710,7
train,7711,3
train,7712,2
train,7713,6
train,7714,9
train,7715,2
train,7716,9
train,7717,2
train,7718,7
train,7719,1
train,7720,5
train,7721,9
train,7722,4
train,7723,4
train,7724,8
train,7725,8
train,7726,5
train,7727,4
train,7728,7
train,7729,5
train,7730,5
train,7731,1
train,7732,8
train,7733,5
train,7734,6
train,7735,7
train,7736,6
train,7737,8
train,7738,9
train,7739,2
train,7740,8
train,7741,9
train,7742,0
train,7743,4
train,7744,8
train,7745,4
train,7746,0
train,7747,4
train,7748,5
train,7749,8
train,7750,6
train,7751,7
train,7752,4
train,7753,6
train,7754,4
train,7755,9
train,7756,8
train,7757,0
train,7758,0
train,7759,4
train,7760,9
train,7761,9
train,7762,1
train,7763,9
train,7764,0
train,7765,6
train,7766,2
train,7767,9
train,7768,1
train,7769,0
train,7770,0
train,7771,4
train,7772,7
train,7773,6
train,7774,2
train,7775,5
train,7776,2
train,7777,3
train,7778,1
train,7779,9
train,7780,6
train,7781,9
train,7782,6
train,7783,4
train,7784,1
train,7785,0
train,7786,9
train,7787,6
train,7788,1
train,7789,4
train,7790,0
train,7791,4
train,7792,4
train,7793,9
train,7794,6
train,7795,7
train,7796,8
train,7797,0
train,7798,5
train,7799,8
train,7800,1
train,7801,1
train,7802,8
train,7803,8
train,7804,8
train,7805,4
train,7806,1
train,7807,2
train,7808,6
train,7809,1
train,7810,5
train,7811,9
train,7812,4
train,7813,7
train,7814,1
train,7815,3
train,7816,0
train,7817,2
train,7818,4
train,7819,3
train,7820,7
train,7821,2
train,7822,7
train,7823,2
train,7824,7
train,7825,1
train,7826,8
train,7827,4
train,7828,2
train,7829,6
train,7830,9
train,7831,1
train,7832,9
train,7833,3
train,7834,6
train,7835,1
train,7836,0
train,7837,2
train,7838,5
train,7839,2
train,7840,6
train,7841,7
train,7842,3
train,7843,3
train,7844,2
train,7845,6
train,7846,4
train,7847,0
train,7848,6
train,7849,4
train,7850,2
train,7851,1
train,7852,2
train,7853,1
train,7854,3
train,7855,1
train,7856,6
train,7857,8
train,7858,2
train,7859,3
train,7860,2
train,7861,0
train,7862,9
train,7863,0
train,7864,9
train,7865,4
train,7866,6
train,7867,5
train,7868,7
train,7869,0
train,7870,5
train,7871,7
train,7872,8
train,7873,3
train,7874,0
train,7875,0
train,7876,8
train,7877,3
train,7878,8
train,7879,8
train,7880,9
train,7881,6
train,7882,1
train,7883,8
train,7884,4
train,7885,4
train,7886,3
train,7887,0
train,7888,9
train,7889,5
train,7890,4
train,7891,3
train,7892,1
train,7893,9
train,7894,0
train,7895,1
train,7896,1
train,7897,9
train,7898,8
train,7899,3
train,7900,3
train,7901,3
train,7902,9
train,7903,6
train,7904,3
train,7905,3
train,7906,8
train,7907,9
train,7908,6
train,7909,0
train,7910,4
train,7911,2
train,7912,3
train,7913,0
train,7914,0
train,7915,6
train,7916,6
train,7917,8
train,7918,6
train,7919,4
train,7920,0
train,7921,2
train,7922,0
train,7923,5
train,7924,3
train,7925,4
train,7926,3
train,7927,4
train,7928,3
train,7929,4
train,7930,6
train,7931,7
train,7932,3
train,7933,5
train,7934,1
train,7935,1
train,7936,6
train,7937,3
train,7938,4
train,7939,1
train,7940,6
train,7941,3
train,7942,5
train,7943,5
train,7944,6
train,7945,3
train,7946,4
train,7947,9
train,7948,3
train,7949,3
train,7950,3
train,7951,9
train,7952,6
train,7953,8
train,7954,1
train,7955,6
train,7956,9
train,7957,8
train,7958,4
train,7959,7
train,7960,6
train,7961,0
train,7962,6
train,7963,3
train,7964,6
train,7965,5
train,7966,1
train,7967,1
train,7968,8
train,7969,7
train,7970,0
train,7971,3
train,7972,9
train,7973,2
train,7974,8
train,7975,1
train,7976,3
train,7977,3
train,7978,4
train,7979,5
train,7980,7
train,7981,6
train,7982,6
train,7983,9
train,7984,6
train,7985,5
train,7986,5
train,7987,4
train,7988,6
train,7989,8
train,7990,8
train,7991,1
train,7992,1
train,7993,0
train,7994,3
train,7995,1
train,7996,3
train,7997,1
train,7998,5
train,7999,3
train,8000,4
train,8001,9
train,8002,6
train,8003,0
train,8004,9
train,8005,9
train,8006,1
train,8007,1
train,8008,4
train,8009,4
train,8010,9
train,8011,4
train,8012,2
train,8013,9
train,8014,2
train,8015,2
train,8016,5
train,8017,6
train,8018,9
train,8019,6
train,8020,8
train,8021,3
train,8022,2
train,8023,8
train,8024,8
train,8025,0
train,8026,3
train,8027,6
train,8028,9
train,8029,1
train,8030,7
train,8031,9
train,8032,2
train,8033,5
train,8034,1
train,8035,1
train,8036,7
train,8037,7
train,8038,7
train,8039,3
train,8040,3
train,8041,4
train,8042,7
train,8043,2
train,8044,7
train,8045,9
train,8046,7
train,8047,7
train,8048,0
train,8049,2
train,8050,2
train,8051,9
train,8052,1
train,8053,9
train,8054,0
train,8055,1
train,8056,8
train,8057,4
train,8058,8
train,8059,4
train,8060,0
train,8061,4
train,8062,3
train,8063,9
train,8064,6
train,8065,5
train,8066,2
train,8067,0
train,8068,9
train,8069,7
train,8070,2
train,8071,3
train,8072,9
train,8073,3
train,8074,0
train,8075,6
train,8076,9
train,8077,4
train,8078,1
train,8079,0
train,8080,0
train,8081,2
train,8082,4
train,8083,7
train,8084,3
train,8085,4
train,8086,9
train,8087,2
train,8088,0
train,8089,4
train,8090,1
train,8091,7
train,8092,5
train,8093,9
train,8094,2
train,8095,3
train,8096,5
train,8097,1
train,8098,9
train,8099,6
train,8100,3
train,8101,1
train,8102,0
train,8103,2
train,8104,4
train,8105,5
train,8106,3
train,8107,4
train,8108,9
train,8109,8
train,8110,9
train,8111,0
train,8112,2
train,8113,0
train,8114,5
train,8115,1
train,8116,5
train,8117,9
train,8118,9
train,8119,5
train,8120,8
train,8121,8
train,8122,3
train,8123,7
train,8124,7
train,8125,8
train,8126,0
train,8127,5
train,8128,0
train,8129,9
train,8130,6
train,8131,9
train,8132,0
train,8133,8
train,8134,6
train,8135,8
train,8136,6
train,8137,6
train,8138,5
train,8139,1
train,8140,4
train,8141,9
train,8142,0
train,8143,4
train,8144,9
train,8145,4
train,8146,2
train,8147,1
train,8148,6
train,8149,5
train,8150,4
train,8151,8
train,8152,4
train,8153,9
train,8154,7
train,8155,6
train,8156,7
train,8157,7
train,8158,3
train,8159,8
train,8160,4
train,8161,1
train,8162,4
train,8163,8
train,8164,6
train,8165,2
train,8166,8
train,8167,3
train,8168,1
train,8169,2
train,8170,5
train,8171,8
train,8172,5
train,8173,3
train,8174,1
train,8175,5
train,8176,4
train,8177,6
train,8178,6
train,8179,2
train,8180,6
train,8181,3
train,8182,5
train,8183,6
train,8184,6
train,8185,3
train,8186,9
train,8187,5
train,8188,2
train,8189,9
train,8190,1
train,8191,1
train,8192,4
train,8193,3
train,8194,6
train,8195,1
train,8196,6
train,8197,1
train,8198,3
train,8199,7
train,8200,0
train,8201,9
train,8202,4
train,8203,8
train,8204,2
train,8205,1
train,8206,4
train,8207,7
train,8208,3
train,8209,9
train,8210,2
train,8211,1
train,8212,2
train,8213,6
train,8214,6
train,8215,7
train,8216,5
train,8217,6
train,8218,0
train,8219,0
train,8220,5
train,8221,3
train,8222,6
train,8223,2
train,8224,9
train,8225,5
train,8226,2
train,8227,6
train,8228,2
train,8229,0
train,8230,7
train,8231,6
train,8232,0
train,8233,7
train,8234,3
train,8235,0
train,8236,8
train,8237,6
train,8238,2
train,8239,6
train,8240,0
train,8241,6
train,8242,4
train,8243,7
train,8244,3
train,8245,5
train,8246,4
train,8247,5
train,8248,7
train,8249,6
train,8250,0
train,8251,3
train,8252,4
train,8253,0
train,8254,7
train,8255,8
train,8256,2
train,8257,2
train,8258,8
train,8259,3
train,8260,3
train,8261,6
train,8262,7
train,8263,9
train,8264,7
train,8265,8
train,8266,5
train,8267,3
train,8268,5
train,8269,2
train,8270,8
train,8271,4
train,8272,9
train,8273,7
train,8274,0
train,8275,0
train,8276,0
train,8277,3
train,8278,3
train,8279,7
train,8280,8
train,8281,7
train,8282,1
train,8283,3
train,8284,7
train,8285,5
train,8286,4
train,8287,6
train,8288,0
train,8289,9
train,8290,3
train,8291,2
train,8292,0
train,8293,4
train,8294,4
train,8295,0
train,8296,9
train,8297,9
train,8298,0
train,8299,0
train,8300,9
train,8301,5
train,8302,9
train,8303,9
train,8304,7
train,8305,8
train,8306,1
train,8307,4
train,8308,4
train,8309,2
train,8310,0
train,8311,4
train,8312,9
train,8313,8
train,8314,0
train,8315,2
train,8316,1
train,8317,2
train,8318,5
train,8319,8
train,8320,7
train,8321,8
train,8322,9
train,8323,2
train,8324,1
train,8325,5
train,8326,3
train,8327,1
train,8328,1
train,8329,5
train,8330,8
train,8331,8
train,8332,7
train,8333,4
train,8334,4
train,8335,1
train,8336,2
train,8337,7
train,8338,9
train,8339,5
train,8340,1
train,8341,1
train,8342,3
train,8343,4
train,8344,6
train,8345,3
train,8346,6
train,8347,0
train,8348,1
train,8349,2
train,8350,3
train,8351,2
train,8352,4
train,8353,8
train,8354,8
train,8355,5
train,8356,8
train,8357,6
train,8358,6
train,8359,3
train,8360,9
train,8361,9
train,8362,5
train,8363,2
train,8364,6
train,8365,8
train,8366,6
train,8367,0
train,8368,3
train,8369,2
train,8370,9
train,8371,3
train,8372,9
train,8373,4
train,8374,4
train,8375,9
train,8376,7
train,8377,2
train,8378,1
train,8379,4
train,8380,8
train,8381,5
train,8382,8
train,8383,5
train,8384,4
train,8385,3
train,8386,9
train,8387,7
train,8388,9
train,8389,8
train,8390,6
train,8391,1
train,8392,4
train,8393,3
train,8394,6
train,8395,8
train,8396,5
train,8397,7
train,8398,9
train,8399,7
train,8400,5
train,8401,5
train,8402,1
train,8403,2
train,8404,1
train,8405,4
train,8406,0
train,8407,1
train,8408,9
train,8409,2
train,8410,8
train,8411,0
train,8412,4
train,8413,7
train,8414,1
train,8415,8
train,8416,8
train,8417,3
train,8418,7
train,8419,3
train,8420,7
train,8421,6
train,8422,6
train,8423,1
train,8424,4
train,8425,4
train,8426,0
train,8427,6
train,8428,0
train,8429,7
train,8430,1
train,8431,6
train,8432,9
train,8433,1
train,8434,4
train,8435,9
train,8436,0
train,8437,7
train,8438,4
train,8439,1
train,8440,1
train,8441,1
train,8442,5
train,8443,4
train,8444,8
train,8445,3
train,8446,4
train,8447,6
train,8448,0
train,8449,0
train,8450,3
train,8451,1
train,8452,3
train,8453,4
train,8454,4
train,8455,6
train,8456,7
train,8457,3
train,8458,2
train,8459,3
train,8460,6
train,8461,0
train,8462,5
train,8463,2
train,8464,3
train,8465,8
train,8466,0
train,8467,9
train,8468,1
train,8469,4
train,8470,7
train,8471,0
train,8472,8
train,8473,1
train,8474,2
train,8475,2
train,8476,6
train,8477,6
train,8478,7
train,8479,8
train,8480,9
train,8481,5
train,8482,3
train,8483,5
train,8484,0
train,8485,3
train,8486,6
train,8487,7
train,8488,9
train,8489,9
train,8490,5
train,8491,6
train,8492,5
train,8493,4
train,8494,3
train,8495,5
train,8496,4
train,8497,7
train,8498,0
train,8499,5
train,8500,7
train,8501,8
train,8502,1
train,8503,3
train,8504,4
train,8505,9
train,8506,1
train,8507,8
train,8508,4
train,8509,1
train,8510,4
train,8511,1
train,8512,0
train,8513,9
train,8514,1
train,8515,5
train,8516,6
train,8517,6
train,8518,6
train,8519,6
train,8520,0
train,8521,4
train,8522,5
train,8523,2
train,8524,5
train,8525,7
train,8526,6
train,8527,8
train,8528,4
train,8529,2
train,8530,4
train,8531,8
train,8532,3
train,8533,5
train,8534,8
train,8535,8
train,8536,5
train,8537,6
train,8538,1
train,8539,4
train,8540,4
train,8541,3
train,8542,2
train,8543,4
train,8544,2
train,8545,0
train,8546,1
train,8547,0
train,8548,4
train,8549,0
train,8550,9
train,8551,5
train,8552,1
train,8553,3
train,8554,1
train,8555,3
train,8556,4
train,8557,7
train,8558,2
train,8559,5
train,8560,6
train,8561,8
train,8562,3
train,8563,2
train,8564,9
train,8565,6
train,8566,9
train,8567,7
train,8568,0
train,8569,9
train,8570,9
train,8571,6
train,8572,0
train,8573,2
train,8574,6
train,8575,1
train,8576,7
train,8577,1
train,8578,2
train,8579,7
train,8580,9
train,8581,8
train,8582,3
train,8583,7
train,8584,2
train,8585,9
train,8586,9
train,8587,8
train,8588,9
train,8589,4
train,8590,3
train,8591,4
train,8592,4
train,8593,5
train,8594,5
train,8595,8
train,8596,3
train,8597,8
train,8598,7
train,8599,4
train,8600,9
train,8601,5
train,8602,9
train,8603,2
train,8604,5
train,8605,0
train,8606,5
train,8607,6
train,8608,9
train,8609,2
train,8610,4
train,8611,3
train,8612,5
train,8613,0
train,8614,2
train,8615,4
train,8616,5
train,8617,1
train,8618,5
train,8619,6
train,8620,8
train,8621,2
train,8622,9
train,8623,1
train,8624,6
train,8625,2
train,8626,6
train,8627,5
train,8628,9
train,8629,0
train,8630,0
train,8631,0
train,8632,9
train,8633,6
train,8634,9
train,8635,3
train,8636,3
train,8637,8
train,8638,6
train,8639,3
train,8640,4
train,8641,0
train,8642,1
train,8643,8
train,8644,1
train,8645,4
train,8646,0
train,8647,7
train,8648,7
train,8649,2
train,8650,5
train,8651,8
train,8652,1
train,8653,2
train,8654,0
train,8655,7
train,8656,6
train,8657,0
train,8658,9
train,8659,1
train,8660,9
train,8661,5
train,8662,2
train,8663,0
train,8664,6
train,8665,9
train,8666,3
train,8667,2
train,8668,7
train,8669,1
train,8670,5
train,8671,1
train,8672,3
train,8673,5
train,8674,7
train,8675,1
train,8676,0
train,8677,3
train,8678,7
train,8679,8
train,8680,5
train,8681,6
train,8682,8
train,8683,1
train,8684,4
train,8685,2
train,8686,8
train,8687,6
train,8688,5
train,8689,9
train,8690,8
train,8691,7
train,8692,7
train,8693,9
train,8694,2
train,8695,2
train,8696,5
train,8697,2
train,8698,8
train,8699,9
train,8700,9
train,8701,1
train,8702,9
train,8703,3
train,8704,5
train,8705,6
train,8706,7
train,8707,3
train,8708,6
train,8709,5
train,8710,5
train,8711,5
train,8712,0
train,8713,4
train,8714,8
train,8715,3
train,8716,5
train,8717,0
train,8718,4
train,8719,0
train,8720,3
train,8721,1
train,8722,6
train,8723,3
train,8724,6
train,8725,5
train,8726,4
train,8727,2
train,8728,0
train,8729,9
train,8730,5
train,8731,7
train,8732,2
train,8733,7
train,8734,8
train,8735,3
train,8736,1
train,8737,9
train,8738,6
train,8739,8
train,8740,9
train,8741,1
train,8742,0
train,8743,1
train,8744,5
train,8745,0
train,8746,0
train,8747,1
train,8748,7
train,8749,0
train,8750,2
train,8751,2
train,8752,0
train,8753,4
train,8754,5
train,8755,0
train,8756,8
train,8757,0
train,8758,9
train,8759,5
train,8760,6
train,8761,3
train,8762,8
train,8763,9
train,8764,5
train,8765,5
train,8766,4
train,8767,8
train,8768,9
train,8769,2
train,8770,2
train,8771,2
train,8772,3
train,8773,0
train,8774,0
train,8775,3
train,8776,9
train,8777,5
train,8778,4
train,8779,3
train,8780,3
train,8781,0
train,8782,3
train,8783,9
train,8784,0
train,8785,1
train,8786,3
train,8787,9
train,8788,5
train,8789,4
train,8790,7
train,8791,0
train,8792,6
train,8793,6
train,8794,7
train,8795,2
train,8796,8
train,8797,8
train,8798,3
train,8799,9
train,8800,2
train,8801,2
train,8802,9
train,8803,1
train,8804,2
train,8805,9
train,8806,5
train,8807,5
train,8808,1
train,8809,6
train,8810,2
train,8811,8
train,8812,1
train,8813,8
train,8814,2
train,8815,2
train,8816,0
train,8817,8
train,8818,5
train,8819,8
train,8820,3
train,8821,4
train,8822,5
train,8823,4
train,8824,5
train,8825,1
train,8826,6
train,8827,5
train,8828,1
train,8829,6
train,8830,4
train,8831,7
train,8832,8
train,8833,2
train,8834,4
train,8835,8
train,8836,2
train,8837,2
train,8838,0
train,8839,6
train,8840,4
train,8841,8
train,8842,6
train,8843,6
train,8844,1
train,8845,2
train,8846,7
train,8847,9
train,8848,2
train,8849,1
train,8850,8
train,8851,6
train,8852,0
train,8853,3
train,8854,5
train,8855,2
train,8856,9
train,8857,9
train,8858,0
train,8859,1
train,8860,2
train,8861,9
train,8862,3
train,8863,6
train,8864,4
train,8865,2
train,8866,3
train,8867,6
train,8868,0
train,8869,5
train,8870,2
train,8871,2
train,8872,3
train,8873,9
train,8874,4
train,8875,6
train,8876,9
train,8877,7
train,8878,3
train,8879,5
train,8880,0
train,8881,0
train,8882,9
train,8883,5
train,8884,4
train,8885,0
train,8886,7
train,8887,3
train,8888,0
train,8889,3
train,8890,1
train,8891,4
train,8892,3
train,8893,4
train,8894,8
train,8895,6
train,8896,5
train,8897,2
train,8898,5
train,8899,2
train,8900,8
train,8901,9
train,8902,6
train,8903,0
train,8904,2
train,8905,3
train,8906,3
train,8907,9
train,8908,6
train,8909,8
train,8910,5
train,8911,3
train,8912,3
train,8913,6
train,8914,1
train,8915,9
train,8916,5
train,8917,7
train,8918,7
train,8919,7
train,8920,6
train,8921,7
train,8922,8
train,8923,5
train,8924,4
train,8925,2
train,8926,5
train,8927,9
train,8928,8
train,8929,5
train,8930,3
train,8931,8
train,8932,2
train,8933,8
train,8934,7
train,8935,9
train,8936,3
train,8937,7
train,8938,2
train,8939,9
train,8940,0
train,8941,3
train,8942,9
train,8943,2
train,8944,8
train,8945,6
train,8946,0
train,8947,9
train,8948,8
train,8949,2
train,8950,6
train,8951,9
train,8952,8
train,8953,8
train,8954,3
train,8955,9
train,8956,5
train,8957,0
train,8958,2
train,8959,3
train,8960,8
train,8961,7
train,8962,9
train,8963,2
train,8964,2
train,8965,4
train,8966,3
train,8967,2
train,8968,7
train,8969,9
train,8970,9
train,8971,0
train,8972,0
train,8973,6
train,8974,2
train,8975,5
train,8976,8
train,8977,4
train,8978,3
train,8979,9
train,8980,2
train,8981,6
train,8982,8
train,8983,9
train,8984,7
train,8985,4
train,8986,3
train,8987,1
train,8988,6
train,8989,0
train,8990,9
train,8991,1
train,8992,1
train,8993,9
train,8994,3
train,8995,9
train,8996,5
train,8997,8
train,8998,0
train,8999,3
train,9000,8
train,9001,9
train,9002,8
train,9003,9
train,9004,6
train,9005,6
train,9006,5
train,9007,3
train,9008,3
train,9009,4
train,9010,6
train,9011,1
train,9012,1
train,9013,9
train,9014,9
train,9015,9
train,9016,2
train,9017,5
train,9018,6
train,9019,4
train,9020,6
train,9021,5
train,9022,8
train,9023,6
train,9024,2
train,9025,4
train,9026,0
train,9027,1
train,9028,1
train,9029,3
train,9030,9
train,9031,3
train,9032,0
train,9033,6
train,9034,2
train,9035,8
train,9036,8
train,9037,9
train,9038,9
train,9039,5
train,9040,8
train,9041,1
train,9042,2
train,9043,1
train,9044,5
train,9045,1
train,9046,6
train,9047,3
train,9048,7
train,9049,5
train,9050,6
train,9051,6
train,9052,1
train,9053,2
train,9054,9
train,9055,4
train,9056,1
train,9057,0
train,9058,5
train,9059,6
train,9060,3
train,9061,8
train,9062,8
train,9063,4
train,9064,0
train,9065,6
train,9066,9
train,9067,1
train,9068,5
train,9069,7
train,9070,8
train,9071,3
train,9072,5
train,9073,3
train,9074,2
train,9075,6
train,9076,2
train,9077,5
train,9078,0
train,9079,7
train,9080,6
train,9081,3
train,9082,5
train,9083,9
train,9084,7
train,9085,4
train,9086,7
train,9087,2
train,9088,5
train,9089,4
train,9090,8
train,9091,3
train,9092,6
train,9093,2
train,9094,7
train,9095,2
train,9096,1
train,9097,7
train,9098,4
train,9099,8
train,9100,1
train,9101,1
train,9102,4
train,9103,4
train,9104,9
train,9105,8
train,9106,0
train,9107,6
train,9108,9
train,9109,4
train,9110,4
train,9111,5
train,9112,9
train,9113,5
train,9114,9
train,9115,5
train,9116,5
train,9117,6
train,9118,6
train,9119,3
train,9120,6
train,9121,5
train,9122,8
train,9123,0
train,9124,0
train,9125,4
train,9126,7
train,9127,9
train,9128,2
train,9129,5
train,9130,9
train,9131,0
train,9132,8
train,9133,3
train,9134,9
train,9135,6
train,9136,0
train,9137,9
train,9138,6
train,9139,3
train,9140,2
train,9141,3
train,9142,5
train,9143,4
train,9144,4
train,9145,4
train,9146,6
train,9147,9
train,9148,1
train,9149,5
train,9150,5
train,9151,6
train,9152,7
train,9153,0
train,9154,2
train,9155,6
train,9156,2
train,9157,0
train,9158,3
train,9159,6
train,9160,9
train,9161,1
train,9162,6
train,9163,9
train,9164,8
train,9165,6
train,9166,0
train,9167,3
train,9168,9
train,9169,0
train,9170,4
train,9171,7
train,9172,8
train,9173,9
train,9174,0
train,9175,7
train,9176,2
train,9177,7
train,9178,5
train,9179,0
train,9180,2
train,9181,6
train,9182,0
train,9183,6
train,9184,0
train,9185,3
train,9186,3
train,9187,4
train,9188,4
train,9189,1
train,9190,9
train,9191,4
train,9192,9
train,9193,3
train,9194,2
train,9195,8
train,9196,2
train,9197,6
train,9198,7
train,9199,1
train,9200,7
train,9201,3
train,9202,2
train,9203,5
train,9204,1
train,9205,5
train,9206,4
train,9207,9
train,9208,4
train,9209,9
train,9210,6
train,9211,3
train,9212,5
train,9213,0
train,9214,3
train,9215,7
train,9216,5
train,9217,4
train,9218,6
train,9219,6
train,9220,9
train,9221,3
train,9222,1
train,9223,2
train,9224,1
train,9225,7
train,9226,4
train,9227,0
train,9228,8
train,9229,4
train,9230,0
train,9231,5
train,9232,9
train,9233,0
train,9234,5
train,9235,4
train,9236,8
train,9237,4
train,9238,6
train,9239,3
train,9240,7
train,9241,0
train,9242,9
train,9243,6
train,9244,8
train,9245,0
train,9246,1
train,9247,6
train,9248,6
train,9249,9
train,9250,5
train,9251,1
train,9252,2
train,9253,0
train,9254,5
train,9255,5
train,9256,6
train,9257,0
train,9258,8
train,9259,0
train,9260,8
train,9261,7
train,9262,3
train,9263,2
train,9264,3
train,9265,3
train,9266,0
train,9267,2
train,9268,3
train,9269,2
train,9270,3
train,9271,5
train,9272,8
train,9273,9
train,9274,1
train,9275,7
train,9276,5
train,9277,2
train,9278,0
train,9279,7
train,9280,1
train,9281,6
train,9282,2
train,9283,9
train,9284,5
train,9285,1
train,9286,4
train,9287,4
train,9288,7
train,9289,2
train,9290,9
train,9291,1
train,9292,9
train,9293,4
train,9294,2
train,9295,3
train,9296,5
train,9297,9
train,9298,6
train,9299,0
train,9300,8
train,9301,5
train,9302,6
train,9303,2
train,9304,5
train,9305,9
train,9306,5
train,9307,5
train,9308,9
train,9309,8
train,9310,9
train,9311,1
train,9312,0
train,9313,8
train,9314,7
train,9315,0
train,9316,0
train,9317,7
train,9318,2
train,9319,9
train,9320,6
train,9321,0
train,9322,4
train,9323,9
train,9324,3
train,9325,3
train,9326,4
train,9327,9
train,9328,1
train,9329,0
train,9330,8
train,9331,9
train,9332,7
train,9333,1
train,9334,7
train,9335,1
train,9336,4
train,9337,9
train,9338,5
train,9339,5
train,9340,3
train,9341,7
train,9342,5
train,9343,1
train,9344,8
train,9345,5
train,9346,5
train,9347,5
train,9348,9
train,9349,0
train,9350,7
train,9351,8
train,9352,9
train,9353,9
train,9354,2
train,9355,2
train,9356,8
train,9357,5
train,9358,0
train,9359,4
train,9360,8
train,9361,8
train,9362,4
train,9363,9
train,9364,6
train,9365,4
train,9366,5
train,9367,6
train,9368,6
train,9369,1
train,9370,1
train,9371,6
train,9372,1
train,9373,2
train,9374,7
train,9375,8
train,9376,4
train,9377,6
train,9378,5
train,9379,3
train,9380,8
train,9381,1
train,9382,1
train,9383,0
train,9384,4
train,9385,4
train,9386,0
train,9387,8
train,9388,0
train,9389,0
train,9390,7
train,9391,5
train,9392,8
train,9393,2
train,9394,2
train,9395,2
train,9396,9
train,9397,8
train,9398,2
train,9399,5
train,9400,9
train,9401,5
train,9402,7
train,9403,1
train,9404,9
train,9405,7
train,9406,3
train,9407,1
train,9408,6
train,9409,7
train,9410,0
train,9411,7
train,9412,0
train,9413,5
train,9414,8
train,9415,8
train,9416,0
train,9417,3
train,9418,4
train,9419,9
train,9420,5
train,9421,2
train,9422,0
train,9423,6
train,9424,1
train,9425,6
train,9426,8
train,9427,6
train,9428,8
train,9429,2
train,9430,5
train,9431,9
train,9432,7
train,9433,2
train,9434,4
train,9435,0
train,9436,6
train,9437,0
train,9438,4
train,9439,7
train,9440,6
train,9441,1
train,9442,5
train,9443,1
train,9444,6
train,9445,5
train,9446,3
train,9447,0
train,9448,1
train,9449,3
train,9450,1
train,9451,9
train,9452,7
train,9453,3
train,9454,8
train,9455,4
train,9456,0
train,9457,8
train,9458,9
train,9459,1
train,9460,2
train,9461,2
train,9462,8
train,9463,7
train,9464,4
train,9465,2
train,9466,0
train,9467,1
train,9468,1
train,9469,0
train,9470,6
train,9471,8
train,9472,7
train,9473,0
train,9474,7
train,9475,5
train,9476,2
train,9477,1
train,9478,7
train,9479,2
train,9480,4
train,9481,1
train,9482,0
train,9483,6
train,9484,3
train,9485,1
train,9486,8
train,9487,8
train,9488,5
train,9489,3
train,9490,4
train,9491,2
train,9492,5
train,9493,3
train,9494,3
train,9495,5
train,9496,8
train,9497,9
train,9498,3
train,9499,7
train,9500,1
train,9501,6
train,9502,9
train,9503,3
train,9504,1
train,9505,7
train,9506,5
train,9507,1
train,9508,3
train,9509,1
train,9510,5
train,9511,4
train,9512,1
train,9513,2
train,9514,1
train,9515,5
train,9516,9
train,9517,1
train,9518,4
train,9519,1
train,9520,8
train,9521,7
train,9522,9
train,9523,2
train,9524,9
train,9525,9
train,9526,1
train,9527,3
train,9528,6
train,9529,7
train,9530,7
train,9531,2
train,9532,1
train,9533,1
train,9534,4
train,9535,7
train,9536,5
train,9537,5
train,9538,2
train,9539,5
train,9540,3
train,9541,8
train,9542,0
train,9543,8
train,9544,0
train,9545,7
train,9546,3
train,9547,5
train,9548,3
train,9549,0
train,9550,1
train,9551,3
train,9552,7
train,9553,6
train,9554,5
train,9555,9
train,9556,1
train,9557,2
train,9558,1
train,9559,9
train,9560,7
train,9561,5
train,9562,2
train,9563,5
train,9564,1
train,9565,7
train,9566,9
train,9567,6
train,9568,1
train,9569,5
train,9570,7
train,9571,3
train,9572,5
train,9573,1
train,9574,6
train,9575,5
train,9576,0
train,9577,4
train,9578,1
train,9579,7
train,9580,1
train,9581,5
train,9582,3
train,9583,8
train,9584,6
train,9585,2
train,9586,1
train,9587,9
train,9588,6
train,9589,8
train,9590,4
train,9591,2
train,9592,7
train,9593,7
train,9594,9
train,9595,4
train,9596,7
train,9597,7
train,9598,7
train,9599,1
train,9600,9
train,9601,9
train,9602,0
train,9603,7
train,9604,8
train,9605,4
train,9606,3
train,9607,7
train,9608,1
train,9609,4
train,9610,0
train,9611,7
train,9612,2
train,9613,7
train,9614,5
train,9615,4
train,9616,9
train,9617,5
train,9618,3
train,9619,4
train,9620,6
train,9621,8
train,9622,9
train,9623,9
train,9624,5
train,9625,1
train,9626,0
train,9627,9
train,9628,0
train,9629,3
train,9630,2
train,9631,7
train,9632,3
train,9633,0
train,9634,7
train,9635,7
train,9636,0
train,9637,3
train,9638,7
train,9639,7
train,9640,1
train,9641,1
train,9642,0
train,9643,7
train,9644,2
train,9645,2
train,9646,0
train,9647,1
train,9648,2
train,9649,6
train,9650,8
train,9651,2
train,9652,3
train,9653,8
train,9654,2
train,9655,6
train,9656,3
train,9657,0
train,9658,7
train,9659,7
train,9660,3
train,9661,2
train,9662,2
train,9663,0
train,9664,2
train,9665,0
train,9666,2
train,9667,2
train,9668,4
train,9669,1
train,9670,6
train,9671,5
train,9672,3
train,9673,4
train,9674,3
train,9675,4
train,9676,1
train,9677,3
train,9678,9
train,9679,3
train,9680,1
train,9681,6
train,9682,8
train,9683,8
train,9684,2
train,9685,4
train,9686,6
train,9687,9
train,9688,2
train,9689,9
train,9690,1
train,9691,4
train,9692,2
train,9693,5
train,9694,5
train,9695,9
train,9696,5
train,9697,1
train,9698,4
train,9699,1
train,9700,7
train,9701,9
train,9702,7
train,9703,6
train,9704,1
train,9705,7
train,9706,9
train,9707,3
train,9708,6
train,9709,4
train,9710,4
train,9711,9
train,9712,3
train,9713,9
train,9714,8
train,9715,0
train,9716,4
train,9717,4
train,9718,4
train,9719,6
train,9720,7
train,9721,2
train,9722,6
train,9723,4
train,9724,0
train,9725,2
train,9726,0
train,9727,5
train,9728,5
train,9729,3
train,9730,9
train,9731,6
train,9732,9
train,9733,4
train,9734,1
train,9735,2
train,9736,7
train,9737,9
train,9738,7
train,9739,5
train,9740,6
train,9741,5
train,9742,1
train,9743,6
train,9744,2
train,9745,3
train,9746,8
train,9747,1
train,9748,9
train,9749,8
train,9750,3
train,9751,0
train,9752,0
train,9753,4
train,9754,7
train,9755,0
train,9756,8
train,9757,5
train,9758,1
train,9759,3
train,9760,6
train,9761,5
train,9762,3
train,9763,3
train,9764,4
train,9765,7
train,9766,0
train,9767,9
train,9768,0
train,9769,6
train,9770,7
train,9771,7
train,9772,6
train,9773,8
train,9774,6
train,9775,5
train,9776,1
train,9777,3
train,9778,2
train,9779,4
train,9780,5
train,9781,5
train,9782,4
train,9783,7
train,9784,5
train,9785,9
train,9786,7
train,9787,7
train,9788,5
train,9789,1
train,9790,0
train,9791,0
train,9792,9
train,9793,0
train,9794,6
train,9795,8
train,9796,9
train,9797,3
train,9798,7
train,9799,9
train,9800,0
train,9801,4
train,9802,7
train,9803,8
train,9804,3
train,9805,8
train,9806,2
train,9807,4
train,9808,9
train,9809,4
train,9810,8
train,9811,1
train,9812,4
train,9813,2
train,9814,7
train,9815,2
train,9816,5
train,9817,2
train,9818,7
train,9819,2
train,9820,6
train,9821,7
train,9822,8
train,9823,6
train,9824,6
train,9825,6
train,9826,0
train,9827,5
train,9828,8
train,9829,6
train,9830,9
train,9831,6
train,9832,4
train,9833,1
train,9834,3
train,9835,0
train,9836,8
train,9837,6
train,9838,4
train,9839,7
train,9840,9
train,9841,3
train,9842,4
train,9843,2
train,9844,3
train,9845,0
train,9846,8
train,9847,7
train,9848,5
train,9849,1
train,9850,9
train,9851,8
train,9852,2
train,9853,6
train,9854,6
train,9855,2
train,9856,6
train,9857,2
train,9858,9
train,9859,6
train,9860,2
train,9861,2
train,9862,2
train,9863,9
train,9864,8
train,9865,5
train,9866,7
train,9867,7
train,9868,2
train,9869,3
train,9870,2
train,9871,3
train,9872,3
train,9873,6
train,9874,6
train,9875,8
train,9876,6
train,9877,2
train,9878,6
train,9879,2
train,9880,3
train,9881,7
train,9882,8
train,9883,8
train,9884,5
train,9885,5
train,9886,9
train,9887,3
train,9888,9
train,9889,1
train,9890,4
train,9891,7
train,9892,3
train,9893,8
train,9894,8
train,9895,0
train,9896,4
train,9897,5
train,9898,0
train,9899,7
train,9900,5
train,9901,8
train,9902,8
train,9903,3
train,9904,9
train,9905,4
train,9906,3
train,9907,6
train,9908,0
train,9909,3
train,9910,5
train,9911,7
train,9912,0
train,9913,4
train,9914,9
train,9915,7
train,9916,9
train,9917,6
train,9918,8
train,9919,7
train,9920,1
train,9921,8
train,9922,2
train,9923,6
train,9924,6
train,9925,2
train,9926,7
train,9927,4
train,9928,1
train,9929,8
train,9930,0
train,9931,8
train,9932,3
train,9933,0
train,9934,4
train,9935,5
train,9936,5
train,9937,5
train,9938,2
train,9939,0
train,9940,8
train,9941,7
train,9942,5
train,9943,0
train,9944,2
train,9945,4
train,9946,4
train,9947,2
train,9948,3
train,9949,6
train,9950,5
train,9951,8
train,9952,6
train,9953,5
train,9954,4
train,9955,5
train,9956,5
train,9957,4
train,9958,3
train,9959,7
train,9960,3
train,9961,5
train,9962,4
train,9963,7
train,9964,7
train,9965,1
train,9966,5
train,9967,2
train,9968,1
train,9969,1
train,9970,4
train,9971,4
train,9972,2
train,9973,5
train,9974,2
train,9975,4
train,9976,0
train,9977,3
train,9978,5
train,9979,8
train,9980,2
train,9981,8
train,9982,4
train,9983,5
train,9984,4
train,9985,7
train,9986,5
train,9987,1
train,9988,3
train,9989,1
train,9990,6
train,9991,5
train,9992,9
train,9993,3
train,9994,0
train,9995,1
train,9996,9
train,9997,2
train,9998,2
train,9999,7
train,10000,1
train,10001,2
train,10002,1
train,10003,7
train,10004,2
train,10005,8
train,10006,3
train,10007,8
train,10008,8
train,10009,8
train,10010,2
train,10011,8
train,10012,8
train,10013,3
train,10014,3
train,10015,3
train,10016,8
train,10017,1
train,10018,7
train,10019,2
train,10020,8
train,10021,4
train,10022,7
train,10023,4
train,10024,9
train,10025,0
train,10026,9
train,10027,7
train,10028,9
train,10029,0
train,10030,0
train,10031,9
train,10032,2
train,10033,6
train,10034,9
train,10035,1
train,10036,1
train,10037,3
train,10038,6
train,10039,4
train,10040,7
train,10041,1
train,10042,7
train,10043,2
train,10044,8
train,10045,3
train,10046,5
train,10047,1
train,10048,2
train,10049,3
train,10050,8
train,10051,2
train,10052,8
train,10053,6
train,10054,3
train,10055,2
train,10056,0
train,10057,7
train,10058,2
train,10059,3
train,10060,8
train,10061,8
train,10062,6
train,10063,7
train,10064,7
train,10065,6
train,10066,9
train,10067,3
train,10068,4
train,10069,0
train,10070,7
train,10071,2
train,10072,6
train,10073,5
train,10074,6
train,10075,5
train,10076,1
train,10077,4
train,10078,6
train,10079,3
train,10080,5
train,10081,6
train,10082,4
train,10083,7
train,10084,0
train,10085,5
train,10086,2
train,10087,4
train,10088,6
train,10089,1
train,10090,7
train,10091,1
train,10092,4
train,10093,8
train,10094,4
train,10095,7
train,10096,5
train,10097,7
train,10098,9
train,10099,9
train,10100,6
train,10101,3
train,10102,3
train,10103,7
train,10104,6
train,10105,7
train,10106,4
train,10107,1
train,10108,6
train,10109,9
train,10110,8
train,10111,6
train,10112,9
train,10113,7
train,10114,9
train,10115,8
train,10116,2
train,10117,6
train,10118,7
train,10119,1
train,10120,7
train,10121,4
train,10122,3
train,10123,1
train,10124,6
train,10125,8
train,10126,3
train,10127,3
train,10128,8
train,10129,7
train,10130,9
train,10131,9
train,10132,9
train,10133,0
train,10134,2
train,10135,7
train,10136,4
train,10137,9
train,10138,6
train,10139,0
train,10140,7
train,10141,9
train,10142,1
train,10143,7
train,10144,6
train,10145,6
train,10146,1
train,10147,4
train,10148,8
train,10149,0
train,10150,8
train,10151,6
train,10152,2
train,10153,5
train,10154,1
train,10155,3
train,10156,6
train,10157,2
train,10158,6
train,10159,1
train,10160,9
train,10161,5
train,10162,4
train,10163,8
train,10164,4
train,10165,8
train,10166,5
train,10167,5
train,10168,9
train,10169,3
train,10170,1
train,10171,9
train,10172,7
train,10173,4
train,10174,8
train,10175,7
train,10176,2
train,10177,5
train,10178,3
train,10179,3
train,10180,2
train,10181,0
train,10182,2
train,10183,6
train,10184,7
train,10185,3
train,10186,8
train,10187,6
train,10188,7
train,10189,9
train,10190,7
train,10191,0
train,10192,6
train,10193,6
train,10194,5
train,10195,3
train,10196,4
train,10197,4
train,10198,2
train,10199,1
train,10200,3
train,10201,9
train,10202,0
train,10203,4
train,10204,2
train,10205,3
train,10206,9
train,10207,5
train,10208,1
train,10209,6
train,10210,0
train,10211,5
train,10212,8
train,10213,4
train,10214,9
train,10215,6
train,10216,5
train,10217,0
train,10218,3
train,10219,4
train,10220,4
train,10221,8
train,10222,0
train,10223,0
train,10224,8
train,10225,8
train,10226,9
train,10227,8
train,10228,4
train,10229,3
train,10230,4
train,10231,7
train,10232,8
train,10233,8
train,10234,2
train,10235,5
train,10236,8
train,10237,2
train,10238,1
train,10239,5
train,10240,1
train,10241,7
train,10242,0
train,10243,4
train,10244,7
train,10245,1
train,10246,3
train,10247,7
train,10248,5
train,10249,8
train,10250,5
train,10251,1
train,10252,5
train,10253,2
train,10254,5
train,10255,8
train,10256,5
train,10257,2
train,10258,5
train,10259,8
train,10260,2
train,10261,6
train,10262,0
train,10263,6
train,10264,4
train,10265,6
train,10266,9
train,10267,2
train,10268,6
train,10269,4
train,10270,0
train,10271,5
train,10272,3
train,10273,4
train,10274,7
train,10275,3
train,10276,6
train,10277,5
train,10278,3
train,10279,2
train,10280,7
train,10281,7
train,10282,9
train,10283,3
train,10284,4
train,10285,3
train,10286,2
train,10287,3
train,10288,2
train,10289,9
train,10290,7
train,10291,1
train,10292,3
train,10293,2
train,10294,6
train,10295,8
train,10296,0
train,10297,0
train,10298,8
train,10299,3
train,10300,2
train,10301,9
train,10302,5
train,10303,5
train,10304,5
train,10305,2
train,10306,0
train,10307,2
train,10308,2
train,10309,4
train,10310,8
train,10311,6
train,10312,0
train,10313,2
train,10314,7
train,10315,5
train,10316,9
train,10317,0
train,10318,2
train,10319,7
train,10320,6
train,10321,1
train,10322,3
train,10323,9
train,10324,1
train,10325,7
train,10326,5
train,10327,1
train,10328,6
train,10329,3
train,10330,9
train,10331,9
train,10332,9
train,10333,5
train,10334,7
train,10335,0
train,10336,1
train,10337,0
train,10338,8
train,10339,5
train,10340,3
train,10341,7
train,10342,9
train,10343,8
train,10344,5
train,10345,0
train,10346,6
train,10347,9
train,10348,6
train,10349,0
train,10350,6
train,10351,5
train,10352,3
train,10353,5
train,10354,6
train,10355,3
train,10356,1
train,10357,0
train,10358,2
train,10359,2
train,10360,7
train,10361,7
train,10362,0
train,10363,0
train,10364,1
train,10365,9
train,10366,5
train,10367,8
train,10368,3
train,10369,1
train,10370,6
train,10371,4
train,10372,6
train,10373,7
train,10374,1
train,10375,4
train,10376,3
train,10377,4
train,10378,4
train,10379,4
train,10380,5
train,10381,9
train,10382,8
train,10383,6
train,10384,6
train,10385,8
train,10386,4
train,10387,1
train,10388,1
train,10389,0
train,10390,2
train,10391,0
train,10392,1
train,10393,0
train,10394,5
train,10395,7
train,10396,3
train,10397,1
train,10398,1
train,10399,2
train,10400,5
train,10401,0
train,10402,6
train,10403,2
train,10404,8
train,10405,2
train,10406,1
train,10407,9
train,10408,5
train,10409,2
train,10410,7
train,10411,8
train,10412,7
train,10413,9
train,10414,1
train,10415,5
train,10416,7
train,10417,9
train,10418,5
train,10419,4
train,10420,9
train,10421,4
train,10422,0
train,10423,7
train,10424,7
train,10425,6
train,10426,4
train,10427,6
train,10428,3
train,10429,2
train,10430,9
train,10431,5
train,10432,2
train,10433,7
train,10434,1
train,10435,6
train,10436,6
train,10437,5
train,10438,2
train,10439,9
train,10440,6
train,10441,6
train,10442,4
train,10443,5
train,10444,4
train,10445,8
train,10446,4
train,10447,5
train,10448,5
train,10449,2
train,10450,6
train,10451,5
train,10452,7
train,10453,2
train,10454,2
train,10455,2
train,10456,4
train,10457,0
train,10458,1
train,10459,3
train,10460,9
train,10461,6
train,10462,0
train,10463,5
train,10464,6
train,10465,5
train,10466,9
train,10467,4
train,10468,6
train,10469,5
train,10470,5
train,10471,4
train,10472,8
train,10473,2
train,10474,8
train,10475,8
train,10476,8
train,10477,3
train,10478,9
train,10479,1
train,10480,4
train,10481,4
train,10482,6
train,10483,4
train,10484,7
train,10485,1
train,10486,2
train,10487,8
train,10488,2
train,10489,6
train,10490,4
train,10491,3
train,10492,4
train,10493,1
train,10494,3
train,10495,4
train,10496,1
train,10497,6
train,10498,1
train,10499,1
train,10500,0
train,10501,6
train,10502,8
train,10503,8
train,10504,4
train,10505,7
train,10506,2
train,10507,1
train,10508,2
train,10509,5
train,10510,3
train,10511,9
train,10512,5
train,10513,2
train,10514,8
train,10515,0
train,10516,3
train,10517,8
train,10518,5
train,10519,5
train,10520,1
train,10521,5
train,10522,9
train,10523,0
train,10524,7
train,10525,2
train,10526,8
train,10527,7
train,10528,4
train,10529,0
train,10530,6
train,10531,0
train,10532,3
train,10533,7
train,10534,5
train,10535,6
train,10536,0
train,10537,5
train,10538,1
train,10539,2
train,10540,4
train,10541,4
train,10542,8
train,10543,1
train,10544,9
train,10545,7
train,10546,0
train,10547,8
train,10548,7
train,10549,5
train,10550,5
train,10551,1
train,10552,2
train,10553,9
train,10554,3
train,10555,8
train,10556,9
train,10557,5
train,10558,5
train,10559,7
train,10560,1
train,10561,6
train,10562,1
train,10563,1
train,10564,1
train,10565,6
train,10566,8
train,10567,4
train,10568,2
train,10569,1
train,10570,7
train,10571,3
train,10572,5
train,10573,4
train,10574,2
train,10575,2
train,10576,3
train,10577,9
train,10578,9
train,10579,4
train,10580,5
train,10581,5
train,10582,9
train,10583,4
train,10584,7
train,10585,5
train,10586,7
train,10587,1
train,10588,3
train,10589,5
train,10590,4
train,10591,8
train,10592,0
train,10593,2
train,10594,1
train,10595,0
train,10596,2
train,10597,4
train,10598,5
train,10599,5
train,10600,8
train,10601,3
train,10602,6
train,10603,2
train,10604,1
train,10605,3
train,10606,2
train,10607,4
train,10608,4
train,10609,6
train,10610,0
train,10611,6
train,10612,8
train,10613,2
train,10614,4
train,10615,0
train,10616,0
train,10617,6
train,10618,3
train,10619,9
train,10620,4
train,10621,4
train,10622,2
train,10623,9
train,10624,5
train,10625,8
train,10626,4
train,10627,0
train,10628,1
train,10629,3
train,10630,7
train,10631,2
train,10632,8
train,10633,9
train,10634,0
train,10635,4
train,10636,0
train,10637,6
train,10638,5
train,10639,5
train,10640,8
train,10641,4
train,10642,6
train,10643,1
train,10644,4
train,10645,5
train,10646,1
train,10647,3
train,10648,5
train,10649,0
train,10650,3
train,10651,2
train,10652,0
train,10653,1
train,10654,7
train,10655,6
train,10656,3
train,10657,9
train,10658,7
train,10659,6
train,10660,7
train,10661,8
train,10662,8
train,10663,4
train,10664,5
train,10665,6
train,10666,9
train,10667,6
train,10668,4
train,10669,3
train,10670,6
train,10671,0
train,10672,2
train,10673,6
train,10674,5
train,10675,9
train,10676,0
train,10677,8
train,10678,3
train,10679,6
train,10680,0
train,10681,1
train,10682,6
train,10683,7
train,10684,9
train,10685,0
train,10686,8
train,10687,3
train,10688,7
train,10689,6
train,10690,8
train,10691,3
train,10692,6
train,10693,6
train,10694,6
train,10695,3
train,10696,1
train,10697,7
train,10698,5
train,10699,3
train,10700,7
train,10701,9
train,10702,3
train,10703,1
train,10704,3
train,10705,8
train,10706,8
train,10707,0
train,10708,0
train,10709,9
train,10710,8
train,10711,2
train,10712,1
train,10713,7
train,10714,4
train,10715,3
train,10716,5
train,10717,1
train,10718,5
train,10719,0
train,10720,8
train,10721,1
train,10722,8
train,10723,0
train,10724,7
train,10725,1
train,10726,2
train,10727,8
train,10728,4
train,10729,3
train,10730,1
train,10731,9
train,10732,8
train,10733,9
train,10734,6
train,10735,6
train,10736,7
train,10737,8
train,10738,6
train,10739,9
train,10740,7
train,10741,1
train,10742,1
train,10743,2
train,10744,0
train,10745,1
train,10746,1
train,10747,9
train,10748,2
train,10749,1
train,10750,9
train,10751,1
train,10752,8
train,10753,9
train,10754,8
train,10755,4
train,10756,5
train,10757,9
train,10758,2
train,10759,1
train,10760,6
train,10761,7
train,10762,8
train,10763,5
train,10764,6
train,10765,2
train,10766,2
train,10767,2
train,10768,7
train,10769,8
train,10770,6
train,10771,4
train,10772,5
train,10773,4
train,10774,8
train,10775,3
train,10776,7
train,10777,2
train,10778,2
train,10779,1
train,10780,6
train,10781,9
train,10782,6
train,10783,0
train,10784,5
train,10785,8
train,10786,4
train,10787,0
train,10788,6
train,10789,5
train,10790,3
train,10791,5
train,10792,7
train,10793,9
train,10794,9
train,10795,2
train,10796,8
train,10797,6
train,10798,7
train,10799,6
train,10800,2
train,10801,5
train,10802,1
train,10803,2
train,10804,0
train,10805,0
train,10806,9
train,10807,3
train,10808,3
train,10809,2
train,10810,4
train,10811,9
train,10812,8
train,10813,1
train,10814,8
train,10815,4
train,10816,2
train,10817,3
train,10818,6
train,10819,3
train,10820,1
train,10821,1
train,10822,3
train,10823,4
train,10824,5
train,10825,4
train,10826,3
train,10827,0
train,10828,2
train,10829,7
train,10830,2
train,10831,6
train,10832,1
train,10833,3
train,10834,8
train,10835,9
train,10836,9
train,10837,1
train,10838,2
train,10839,0
train,10840,8
train,10841,6
train,10842,2
train,10843,0
train,10844,1
train,10845,6
train,10846,2
train,10847,3
train,10848,9
train,10849,6
train,10850,4
train,10851,0
train,10852,8
train,10853,0
train,10854,9
train,10855,2
train,10856,2
train,10857,2
train,10858,9
train,10859,0
train,10860,2
train,10861,1
train,10862,4
train,10863,1
train,10864,5
train,10865,5
train,10866,2
train,10867,2
train,10868,8
train,10869,6
train,10870,1
train,10871,7
train,10872,2
train,10873,0
train,10874,9
train,10875,5
train,10876,2
train,10877,2
train,10878,1
train,10879,4
train,10880,1
train,10881,0
train,10882,6
train,10883,8
train,10884,8
train,10885,3
train,10886,7
train,10887,4
train,10888,5
train,10889,4
train,10890,3
train,10891,1
train,10892,8
train,10893,8
train,10894,2
train,10895,4
train,10896,8
train,10897,8
train,10898,2
train,10899,3
train,10900,6
train,10901,4
train,10902,8
train,10903,5
train,10904,4
train,10905,3
train,10906,9
train,10907,6
train,10908,7
train,10909,8
train,10910,2
train,10911,1
train,10912,7
train,10913,6
train,10914,6
train,10915,3
train,10916,4
train,10917,6
train,10918,5
train,10919,8
train,10920,7
train,10921,8
train,10922,7
train,10923,0
train,10924,4
train,10925,6
train,10926,0
train,10927,2
train,10928,2
train,10929,2
train,10930,1
train,10931,7
train,10932,8
train,10933,5
train,10934,8
train,10935,2
train,10936,9
train,10937,9
train,10938,0
train,10939,5
train,10940,9
train,10941,6
train,10942,8
train,10943,8
train,10944,9
train,10945,6
train,10946,6
train,10947,5
train,10948,0
train,10949,8
train,10950,2
train,10951,3
train,10952,3
train,10953,6
train,10954,2
train,10955,4
train,10956,5
train,10957,2
train,10958,8
train,10959,5
train,10960,8
train,10961,3
train,10962,9
train,10963,5
train,10964,2
train,10965,1
train,10966,6
train,10967,0
train,10968,9
train,10969,6
train,10970,7
train,10971,3
train,10972,5
train,10973,1
train,10974,7
train,10975,7
train,10976,5
train,10977,3
train,10978,7
train,10979,5
train,10980,0
train,10981,1
train,10982,2
train,10983,4
train,10984,4
train,10985,8
train,10986,6
train,10987,1
train,10988,1
train,10989,3
train,10990,7
train,10991,9
train,10992,2
train,10993,9
train,10994,8
train,10995,0
train,10996,4
train,10997,1
train,10998,6
train,10999,7
train,11000,5
train,11001,7
train,11002,0
train,11003,5
train,11004,1
train,11005,7
train,11006,7
train,11007,8
train,11008,3
train,11009,9
train,11010,0
train,11011,7
train,11012,8
train,11013,0
train,11014,3
train,11015,7
train,11016,9
train,11017,3
train,11018,4
train,11019,1
train,11020,8
train,11021,8
train,11022,7
train,11023,2
train,11024,5
train,11025,0
train,11026,2
train,11027,8
train,11028,4
train,11029,5
train,11030,9
train,11031,2
train,11032,7
train,11033,8
train,11034,9
train,11035,9
train,11036,9
train,11037,6
train,11038,8
train,11039,7
train,11040,2
train,11041,2
train,11042,7
train,11043,6
train,11044,0
train,11045,4
train,11046,3
train,11047,1
train,11048,4
train,11049,9
train,11050,7
train,11051,3
train,11052,5
train,11053,8
train,11054,0
train,11055,6
train,11056,8
train,11057,9
train,11058,8
train,11059,2
train,11060,6
train,11061,9
train,11062,2
train,11063,8
train,11064,5
train,11065,7
train,11066,0
train,11067,0
train,11068,3
train,11069,3
train,11070,1
train,11071,4
train,11072,3
train,11073,1
train,11074,4
train,11075,8
train,11076,5
train,11077,5
train,11078,1
train,11079,5
train,11080,2
train,11081,3
train,11082,1
train,11083,1
train,11084,7
train,11085,4
train,11086,6
train,11087,5
train,11088,1
train,11089,7
train,11090,1
train,11091,7
train,11092,4
train,11093,5
train,11094,4
train,11095,6
train,11096,3
train,11097,5
train,11098,1
train,11099,4
train,11100,4
train,11101,1
train,11102,6
train,11103,8
train,11104,9
train,11105,1
train,11106,7
train,11107,8
train,11108,6
train,11109,4
train,11110,3
train,11111,9
train,11112,6
train,11113,6
train,11114,7
train,11115,3
train,11116,9
train,11117,7
train,11118,2
train,11119,9
train,11120,1
train,11121,6
train,11122,2
train,11123,0
train,11124,5
train,11125,6
train,11126,3
train,11127,3
train,11128,5
train,11129,3
train,11130,3
train,11131,8
train,11132,9
train,11133,2
train,11134,4
train,11135,9
train,11136,6
train,11137,4
train,11138,1
train,11139,6
train,11140,2
train,11141,0
train,11142,6
train,11143,7
train,11144,6
train,11145,0
train,11146,3
train,11147,3
train,11148,2
train,11149,9
train,11150,2
train,11151,8
train,11152,6
train,11153,4
train,11154,6
train,11155,8
train,11156,4
train,11157,6
train,11158,9
train,11159,6
train,11160,7
train,11161,9
train,11162,5
train,11163,2
train,11164,3
train,11165,5
train,11166,9
train,11167,8
train,11168,7
train,11169,7
train,11170,3
train,11171,1
train,11172,3
train,11173,0
train,11174,0
train,11175,0
train,11176,3
train,11177,0
train,11178,8
train,11179,7
train,11180,0
train,11181,5
train,11182,4
train,11183,9
train,11184,1
train,11185,4
train,11186,8
train,11187,7
train,11188,0
train,11189,5
train,11190,5
train,11191,1
train,11192,3
train,11193,1
train,11194,6
train,11195,3
train,11196,3
train,11197,2
train,11198,6
train,11199,0
train,11200,9
train,11201,4
train,11202,4
train,11203,0
train,11204,7
train,11205,5
train,11206,8
train,11207,0
train,11208,8
train,11209,7
train,11210,1
train,11211,1
train,11212,5
train,11213,1
train,11214,4
train,11215,9
train,11216,5
train,11217,9
train,11218,3
train,11219,0
train,11220,8
train,11221,4
train,11222,6
train,11223,7
train,11224,4
train,11225,5
train,11226,3
train,11227,3
train,11228,1
train,11229,9
train,11230,9
train,11231,3
train,11232,9
train,11233,6
train,11234,3
train,11235,0
train,11236,9
train,11237,8
train,11238,6
train,11239,1
train,11240,1
train,11241,1
train,11242,4
train,11243,0
train,11244,8
train,11245,9
train,11246,9
train,11247,0
train,11248,4
train,11249,4
train,11250,2
train,11251,3
train,11252,2
train,11253,9
train,11254,6
train,11255,8
train,11256,5
train,11257,2
train,11258,9
train,11259,3
train,11260,6
train,11261,7
train,11262,8
train,11263,7
train,11264,8
train,11265,0
train,11266,4
train,11267,6
train,11268,2
train,11269,0
train,11270,4
train,11271,6
train,11272,5
train,11273,1
train,11274,8
train,11275,3
train,11276,6
train,11277,6
train,11278,1
train,11279,6
train,11280,6
train,11281,6
train,11282,6
train,11283,4
train,11284,4
train,11285,6
train,11286,4
train,11287,7
train,11288,9
train,11289,9
train,11290,9
train,11291,5
train,11292,9
train,11293,7
train,11294,4
train,11295,6
train,11296,1
train,11297,6
train,11298,7
train,11299,1
train,11300,3
train,11301,4
train,11302,1
train,11303,2
train,11304,1
train,11305,5
train,11306,3
train,11307,4
train,11308,4
train,11309,8
train,11310,7
train,11311,0
train,11312,4
train,11313,3
train,11314,5
train,11315,7
train,11316,0
train,11317,2
train,11318,5
train,11319,7
train,11320,7
train,11321,2
train,11322,6
train,11323,9
train,11324,1
train,11325,6
train,11326,6
train,11327,8
train,11328,8
train,11329,3
train,11330,1
train,11331,8
train,11332,8
train,11333,2
train,11334,0
train,11335,9
train,11336,9
train,11337,4
train,11338,6
train,11339,1
train,11340,8
train,11341,4
train,11342,7
train,11343,9
train,11344,6
train,11345,4
train,11346,2
train,11347,5
train,11348,9
train,11349,4
train,11350,2
train,11351,8
train,11352,3
train,11353,1
train,11354,5
train,11355,6
train,11356,3
train,11357,6
train,11358,0
train,11359,2
train,11360,8
train,11361,1
train,11362,7
train,11363,3
train,11364,0
train,11365,4
train,11366,8
train,11367,1
train,11368,5
train,11369,7
train,11370,4
train,11371,7
train,11372,7
train,11373,4
train,11374,6
train,11375,2
train,11376,3
train,11377,6
train,11378,1
train,11379,5
train,11380,0
train,11381,8
train,11382,1
train,11383,6
train,11384,1
train,11385,6
train,11386,9
train,11387,7
train,11388,3
train,11389,1
train,11390,4
train,11391,3
train,11392,9
train,11393,8
train,11394,1
train,11395,1
train,11396,2
train,11397,6
train,11398,2
train,11399,0
train,11400,8
train,11401,0
train,11402,2
train,11403,0
train,11404,4
train,11405,9
train,11406,7
train,11407,6
train,11408,2
train,11409,4
train,11410,1
train,11411,2
train,11412,5
train,11413,4
train,11414,5
train,11415,9
train,11416,4
train,11417,7
train,11418,9
train,11419,9
train,11420,2
train,11421,8
train,11422,8
train,11423,5
train,11424,7
train,11425,2
train,11426,5
train,11427,5
train,11428,6
train,11429,4
train,11430,0
train,11431,9
train,11432,3
train,11433,6
train,11434,6
train,11435,8
train,11436,3
train,11437,0
train,11438,3
train,11439,4
train,11440,7
train,11441,9
train,11442,7
train,11443,2
train,11444,9
train,11445,1
train,11446,7
train,11447,5
train,11448,7
train,11449,2
train,11450,4
train,11451,9
train,11452,9
train,11453,5
train,11454,7
train,11455,4
train,11456,0
train,11457,6
train,11458,0
train,11459,7
train,11460,9
train,11461,2
train,11462,8
train,11463,4
train,11464,5
train,11465,7
train,11466,9
train,11467,7
train,11468,8
train,11469,4
train,11470,8
train,11471,8
train,11472,0
train,11473,0
train,11474,0
train,11475,5
train,11476,1
train,11477,7
train,11478,3
train,11479,7
train,11480,7
train,11481,6
train,11482,6
train,11483,1
train,11484,6
train,11485,2
train,11486,4
train,11487,2
train,11488,3
train,11489,2
train,11490,8
train,11491,2
train,11492,9
train,11493,7
train,11494,4
train,11495,8
train,11496,4
train,11497,6
train,11498,7
train,11499,2
train,11500,8
train,11501,2
train,11502,6
train,11503,2
train,11504,6
train,11505,3
train,11506,7
train,11507,2
train,11508,2
train,11509,0
train,11510,5
train,11511,7
train,11512,5
train,11513,6
train,11514,8
train,11515,8
train,11516,5
train,11517,6
train,11518,0
train,11519,8
train,11520,9
train,11521,8
train,11522,6
train,11523,1
train,11524,5
train,11525,9
train,11526,9
train,11527,3
train,11528,7
train,11529,2
train,11530,8
train,11531,8
train,11532,8
train,11533,2
train,11534,8
train,11535,8
train,11536,0
train,11537,2
train,11538,9
train,11539,4
train,11540,8
train,11541,3
train,11542,5
train,11543,6
train,11544,7
train,11545,2
train,11546,5
train,11547,6
train,11548,2
train,11549,6
train,11550,4
train,11551,6
train,11552,4
train,11553,9
train,11554,2
train,11555,9
train,11556,6
train,11557,5
train,11558,5
train,11559,1
train,11560,9
train,11561,4
train,11562,3
train,11563,2
train,11564,8
train,11565,3
train,11566,3
train,11567,6
train,11568,0
train,11569,4
train,11570,4
train,11571,5
train,11572,6
train,11573,4
train,11574,3
train,11575,5
train,11576,7
train,11577,8
train,11578,7
train,11579,8
train,11580,5
train,11581,7
train,11582,0
train,11583,7
train,11584,7
train,11585,5
train,11586,2
train,11587,3
train,11588,5
train,11589,4
train,11590,3
train,11591,9
train,11592,0
train,11593,7
train,11594,9
train,11595,4
train,11596,1
train,11597,0
train,11598,5
train,11599,7
train,11600,8
train,11601,5
train,11602,2
train,11603,0
train,11604,2
train,11605,7
train,11606,8
train,11607,6
train,11608,9
train,11609,8
train,11610,5
train,11611,4
train,11612,6
train,11613,3
train,11614,4
train,11615,2
train,11616,5
train,11617,3
train,11618,8
train,11619,8
train,11620,1
train,11621,9
train,11622,2
train,11623,2
train,11624,1
train,11625,2
train,11626,2
train,11627,5
train,11628,7
train,11629,8
train,11630,7
train,11631,8
train,11632,9
train,11633,9
train,11634,7
train,11635,3
train,11636,0
train,11637,3
train,11638,0
train,11639,8
train,11640,7
train,11641,1
train,11642,2
train,11643,9
train,11644,4
train,11645,4
train,11646,4
train,11647,1
train,11648,7
train,11649,2
train,11650,0
train,11651,0
train,11652,0
train,11653,4
train,11654,8
train,11655,5
train,11656,9
train,11657,4
train,11658,8
train,11659,7
train,11660,3
train,11661,5
train,11662,2
train,11663,5
train,11664,6
train,11665,3
train,11666,9
train,11667,2
train,11668,9
train,11669,2
train,11670,6
train,11671,1
train,11672,1
train,11673,8
train,11674,2
train,11675,9
train,11676,5
train,11677,2
train,11678,1
train,11679,8
train,11680,3
train,11681,1
train,11682,8
train,11683,7
train,11684,0
train,11685,6
train,11686,4
train,11687,7
train,11688,7
train,11689,4
train,11690,3
train,11691,5
train,11692,7
train,11693,4
train,11694,0
train,11695,7
train,11696,3
train,11697,4
train,11698,5
train,11699,3
train,11700,5
train,11701,2
train,11702,3
train,11703,8
train,11704,2
train,11705,9
train,11706,1
train,11707,4
train,11708,6
train,11709,8
train,11710,9
train,11711,6
train,11712,2
train,11713,2
train,11714,3
train,11715,6
train,11716,2
train,11717,4
train,11718,8
train,11719,0
train,11720,6
train,11721,4
train,11722,9
train,11723,7
train,11724,9
train,11725,1
train,11726,5
train,11727,8
train,11728,0
train,11729,9
train,11730,2
train,11731,5
train,11732,3
train,11733,4
train,11734,8
train,11735,7
train,11736,8
train,11737,0
train,11738,8
train,11739,8
train,11740,2
train,11741,1
train,11742,3
train,11743,4
train,11744,0
train,11745,1
train,11746,8
train,11747,8
train,11748,3
train,11749,6
train,11750,0
train,11751,4
train,11752,4
train,11753,6
train,11754,2
train,11755,7
train,11756,3
train,11757,3
train,11758,3
train,11759,0
train,11760,2
train,11761,9
train,11762,9
train,11763,3
train,11764,3
train,11765,9
train,11766,3
train,11767,2
train,11768,4
train,11769,8
train,11770,3
train,11771,6
train,11772,2
train,11773,2
train,11774,0
train,11775,3
train,11776,5
train,11777,1
train,11778,8
train,11779,2
train,11780,3
train,11781,0
train,11782,8
train,11783,5
train,11784,1
train,11785,8
train,11786,4
train,11787,8
train,11788,2
train,11789,6
train,11790,2
train,11791,6
train,11792,2
train,11793,9
train,11794,5
train,11795,5
train,11796,7
train,11797,3
train,11798,9
train,11799,3
train,11800,8
train,11801,3
train,11802,6
train,11803,8
train,11804,3
train,11805,4
train,11806,4
train,11807,3
train,11808,2
train,11809,8
train,11810,9
train,11811,6
train,11812,8
train,11813,2
train,11814,7
train,11815,4
train,11816,5
train,11817,4
train,11818,0
train,11819,1
train,11820,0
train,11821,5
train,11822,6
train,11823,8
train,11824,2
train,11825,0
train,11826,1
train,11827,8
train,11828,5
train,11829,7
train,11830,3
train,11831,3
train,11832,4
train,11833,8
train,11834,2
train,11835,0
train,11836,3
train,11837,9
train,11838,4
train,11839,1
train,11840,1
train,11841,9
train,11842,8
train,11843,2
train,11844,4
train,11845,0
train,11846,2
train,11847,3
train,11848,4
train,11849,7
train,11850,9
train,11851,2
train,11852,9
train,11853,4
train,11854,2
train,11855,9
train,11856,6
train,11857,2
train,11858,8
train,11859,5
train,11860,7
train,11861,9
train,11862,0
train,11863,0
train,11864,9
train,11865,7
train,11866,2
train,11867,3
train,11868,0
train,11869,6
train,11870,9
train,11871,9
train,11872,5
train,11873,5
train,11874,9
train,11875,8
train,11876,5
train,11877,9
train,11878,7
train,11879,4
train,11880,3
train,11881,2
train,11882,6
train,11883,5
train,11884,2
train,11885,5
train,11886,8
train,11887,1
train,11888,7
train,11889,7
train,11890,9
train,11891,7
train,11892,9
train,11893,0
train,11894,5
train,11895,3
train,11896,0
train,11897,7
train,11898,5
train,11899,2
train,11900,5
train,11901,5
train,11902,6
train,11903,4
train,11904,3
train,11905,8
train,11906,8
train,11907,1
train,11908,7
train,11909,1
train,11910,7
train,11911,8
train,11912,3
train,11913,3
train,11914,9
train,11915,4
train,11916,8
train,11917,4
train,11918,9
train,11919,3
train,11920,9
train,11921,7
train,11922,4
train,11923,8
train,11924,0
train,11925,0
train,11926,1
train,11927,6
train,11928,5
train,11929,1
train,11930,7
train,11931,8
train,11932,1
train,11933,5
train,11934,5
train,11935,7
train,11936,5
train,11937,2
train,11938,6
train,11939,0
train,11940,9
train,11941,6
train,11942,9
train,11943,6
train,11944,5
train,11945,8
train,11946,6
train,11947,2
train,11948,1
train,11949,1
train,11950,6
train,11951,2
train,11952,0
train,11953,8
train,11954,6
train,11955,7
train,11956,1
train,11957,1
train,11958,8
train,11959,8
train,11960,0
train,11961,2
train,11962,5
train,11963,6
train,11964,0
train,11965,3
train,11966,7
train,11967,1
train,11968,9
train,11969,8
train,11970,4
train,11971,1
train,11972,6
train,11973,0
train,11974,5
train,11975,8
train,11976,3
train,11977,8
train,11978,1
train,11979,8
train,11980,4
train,11981,6
train,11982,1
train,11983,0
train,11984,1
train,11985,8
train,11986,8
train,11987,9
train,11988,8
train,11989,4
train,11990,4
train,11991,2
train,11992,0
train,11993,7
train,11994,1
train,11995,9
train,11996,4
train,11997,4
train,11998,9
train,11999,8
train,12000,8
train,12001,3
train,12002,4
train,12003,1
train,12004,4
train,12005,1
train,12006,7
train,12007,2
train,12008,6
train,12009,8
train,12010,1
train,12011,5
train,12012,1
train,12013,5
train,12014,3
train,12015,2
train,12016,2
train,12017,9
train,12018,8
train,12019,7
train,12020,2
train,12021,0
train,12022,7
train,12023,6
train,12024,1
train,12025,7
train,12026,1
train,12027,4
train,12028,6
train,12029,9
train,12030,7
train,12031,6
train,12032,9
train,12033,3
train,12034,0
train,12035,8
train,12036,9
train,12037,0
train,12038,6
train,12039,4
train,12040,8
train,12041,6
train,12042,5
train,12043,5
train,12044,7
train,12045,1
train,12046,5
train,12047,0
train,12048,2
train,12049,9
train,12050,9
train,12051,6
train,12052,6
train,12053,6
train,12054,0
train,12055,5
train,12056,4
train,12057,1
train,12058,3
train,12059,2
train,12060,4
train,12061,7
train,12062,4
train,12063,5
train,12064,7
train,12065,8
train,12066,9
train,12067,7
train,12068,1
train,12069,6
train,12070,0
train,12071,8
train,12072,4
train,12073,7
train,12074,4
train,12075,8
train,12076,7
train,12077,2
train,12078,9
train,12079,5
train,12080,0
train,12081,0
train,12082,0
train,12083,8
train,12084,8
train,12085,7
train,12086,8
train,12087,4
train,12088,4
train,12089,9
train,12090,6
train,12091,0
train,12092,6
train,12093,2
train,12094,8
train,12095,0
train,12096,7
train,12097,0
train,12098,6
train,12099,5
train,12100,5
train,12101,4
train,12102,8
train,12103,2
train,12104,1
train,12105,8
train,12106,4
train,12107,5
train,12108,4
train,12109,3
train,12110,7
train,12111,2
train,12112,8
train,12113,1
train,12114,2
train,12115,3
train,12116,4
train,12117,1
train,12118,8
train,12119,6
train,12120,2
train,12121,8
train,12122,8
train,12123,4
train,12124,4
train,12125,3
train,12126,4
train,12127,3
train,12128,6
train,12129,0
train,12130,3
train,12131,7
train,12132,4
train,12133,0
train,12134,4
train,12135,8
train,12136,1
train,12137,8
train,12138,3
train,12139,9
train,12140,0
train,12141,9
train,12142,5
train,12143,4
train,12144,4
train,12145,9
train,12146,6
train,12147,4
train,12148,8
train,12149,0
train,12150,9
train,12151,2
train,12152,2
train,12153,9
train,12154,8
train,12155,3
train,12156,5
train,12157,0
train,12158,1
train,12159,1
train,12160,1
train,12161,7
train,12162,0
train,12163,8
train,12164,0
train,12165,0
train,12166,8
train,12167,0
train,12168,9
train,12169,2
train,12170,1
train,12171,7
train,12172,2
train,12173,2
train,12174,5
train,12175,9
train,12176,9
train,12177,0
train,12178,4
train,12179,8
train,12180,2
train,12181,0
train,12182,0
train,12183,2
train,12184,3
train,12185,2
train,12186,8
train,12187,4
train,12188,3
train,12189,1
train,12190,9
train,12191,4
train,12192,7
train,12193,2
train,12194,1
train,12195,8
train,12196,6
train,12197,0
train,12198,8
train,12199,3
train,12200,8
train,12201,3
train,12202,0
train,12203,4
train,12204,0
train,12205,3
train,12206,6
train,12207,3
train,12208,8
train,12209,9
train,12210,6
train,12211,8
train,12212,1
train,12213,0
train,12214,0
train,12215,7
train,12216,1
train,12217,6
train,12218,8
train,12219,7
train,12220,3
train,12221,2
train,12222,9
train,12223,0
train,12224,7
train,12225,1
train,12226,3
train,12227,6
train,12228,9
train,12229,9
train,12230,9
train,12231,0
train,12232,5
train,12233,0
train,12234,3
train,12235,7
train,12236,2
train,12237,9
train,12238,9
train,12239,3
train,12240,1
train,12241,1
train,12242,4
train,12243,2
train,12244,9
train,12245,0
train,12246,9
train,12247,1
train,12248,9
train,12249,7
train,12250,0
train,12251,9
train,12252,0
train,12253,0
train,12254,6
train,12255,5
train,12256,3
train,12257,1
train,12258,2
train,12259,3
train,12260,7
train,12261,5
train,12262,6
train,12263,1
train,12264,6
train,12265,0
train,12266,5
train,12267,1
train,12268,4
train,12269,0
train,12270,0
train,12271,7
train,12272,6
train,12273,3
train,12274,7
train,12275,4
train,12276,1
train,12277,1
train,12278,0
train,12279,6
train,12280,9
train,12281,3
train,12282,0
train,12283,7
train,12284,6
train,12285,9
train,12286,9
train,12287,1
train,12288,1
train,12289,3
train,12290,2
train,12291,5
train,12292,8
train,12293,1
train,12294,2
train,12295,0
train,12296,1
train,12297,9
train,12298,0
train,12299,8
train,12300,4
train,12301,8
train,12302,0
train,12303,4
train,12304,4
train,12305,7
train,12306,5
train,12307,4
train,12308,3
train,12309,1
train,12310,3
train,12311,6
train,12312,2
train,12313,3
train,12314,4
train,12315,9
train,12316,8
train,12317,9
train,12318,5
train,12319,4
train,12320,2
train,12321,5
train,12322,4
train,12323,9
train,12324,9
train,12325,3
train,12326,2
train,12327,2
train,12328,4
train,12329,8
train,12330,8
train,12331,0
train,12332,7
train,12333,1
train,12334,8
train,12335,5
train,12336,1
train,12337,9
train,12338,0
train,12339,0
train,12340,9
train,12341,2
train,12342,5
train,12343,5
train,12344,3
train,12345,7
train,12346,8
train,12347,6
train,12348,2
train,12349,8
train,12350,0
train,12351,5
train,12352,6
train,12353,1
train,12354,1
train,12355,7
train,12356,7
train,12357,0
train,12358,4
train,12359,3
train,12360,2
train,12361,6
train,12362,1
train,12363,7
train,12364,0
train,12365,0
train,12366,8
train,12367,8
train,12368,6
train,12369,0
train,12370,0
train,12371,1
train,12372,8
train,12373,2
train,12374,7
train,12375,7
train,12376,4
train,12377,7
train,12378,3
train,12379,9
train,12380,8
train,12381,3
train,12382,2
train,12383,4
train,12384,6
train,12385,2
train,12386,8
train,12387,9
train,12388,0
train,12389,7
train,12390,1
train,12391,3
train,12392,8
train,12393,4
train,12394,2
train,12395,4
train,12396,9
train,12397,5
train,12398,4
train,12399,9
train,12400,9
train,12401,8
train,12402,6
train,12403,2
train,12404,0
train,12405,9
train,12406,0
train,12407,1
train,12408,5
train,12409,5
train,12410,0
train,12411,3
train,12412,5
train,12413,7
train,12414,6
train,12415,1
train,12416,6
train,12417,9
train,12418,0
train,12419,9
train,12420,5
train,12421,7
train,12422,3
train,12423,8
train,12424,0
train,12425,2
train,12426,1
train,12427,6
train,12428,0
train,12429,2
train,12430,6
train,12431,3
train,12432,6
train,12433,3
train,12434,8
train,12435,4
train,12436,4
train,12437,3
train,12438,5
train,12439,2
train,12440,8
train,12441,9
train,12442,8
train,12443,5
train,12444,1
train,12445,5
train,12446,1
train,12447,0
train,12448,1
train,12449,2
train,12450,2
train,12451,4
train,12452,3
train,12453,5
train,12454,6
train,12455,6
train,12456,6
train,12457,6
train,12458,1
train,12459,0
train,12460,4
train,12461,6
train,12462,5
train,12463,8
train,12464,8
train,12465,6
train,12466,6
train,12467,1
train,12468,9
train,12469,9
train,12470,9
train,12471,0
train,12472,5
train,12473,7
train,12474,0
train,12475,2
train,12476,2
train,12477,2
train,12478,1
train,12479,1
train,12480,1
train,12481,3
train,12482,4
train,12483,9
train,12484,8
train,12485,5
train,12486,7
train,12487,2
train,12488,1
train,12489,7
train,12490,5
train,12491,4
train,12492,3
train,12493,3
train,12494,4
train,12495,3
train,12496,2
train,12497,2
train,12498,1
train,12499,9
train,12500,8
train,12501,6
train,12502,2
train,12503,4
train,12504,4
train,12505,5
train,12506,3
train,12507,9
train,12508,4
train,12509,9
train,12510,7
train,12511,3
train,12512,2
train,12513,9
train,12514,8
train,12515,0
train,12516,3
train,12517,9
train,12518,8
train,12519,5
train,12520,8
train,12521,6
train,12522,4
train,12523,6
train,12524,0
train,12525,6
train,12526,7
train,12527,5
train,12528,3
train,12529,0
train,12530,9
train,12531,6
train,12532,7
train,12533,9
train,12534,3
train,12535,9
train,12536,5
train,12537,7
train,12538,4
train,12539,3
train,12540,9
train,12541,8
train,12542,8
train,12543,5
train,12544,7
train,12545,1
train,12546,3
train,12547,1
train,12548,3
train,12549,7
train,12550,9
train,12551,4
train,12552,7
train,12553,3
train,12554,7
train,12555,1
train,12556,7
train,12557,1
train,12558,6
train,12559,5
train,12560,4
train,12561,5
train,12562,2
train,12563,2
train,12564,3
train,12565,6
train,12566,3
train,12567,1
train,12568,6
train,12569,8
train,12570,1
train,12571,7
train,12572,9
train,12573,6
train,12574,6
train,12575,7
train,12576,5
train,12577,9
train,12578,4
train,12579,6
train,12580,4
train,12581,2
train,12582,8
train,12583,8
train,12584,2
train,12585,4
train,12586,9
train,12587,6
train,12588,3
train,12589,1
train,12590,3
train,12591,8
train,12592,3
train,12593,3
train,12594,8
train,12595,4
train,12596,5
train,12597,0
train,12598,3
train,12599,4
train,12600,7
train,12601,7
train,12602,4
train,12603,0
train,12604,6
train,12605,3
train,12606,4
train,12607,0
train,12608,7
train,12609,0
train,12610,8
train,12611,9
train,12612,0
train,12613,0
train,12614,9
train,12615,5
train,12616,9
train,12617,5
train,12618,5
train,12619,9
train,12620,4
train,12621,1
train,12622,1
train,12623,6
train,12624,6
train,12625,7
train,12626,9
train,12627,0
train,12628,0
train,12629,6
train,12630,3
train,12631,8
train,12632,0
train,12633,0
train,12634,0
train,12635,7
train,12636,0
train,12637,7
train,12638,4
train,12639,4
train,12640,3
train,12641,7
train,12642,1
train,12643,1
train,12644,7
train,12645,1
train,12646,9
train,12647,2
train,12648,9
train,12649,8
train,12650,2
train,12651,0
train,12652,7
train,12653,0
train,12654,4
train,12655,6
train,12656,4
train,12657,6
train,12658,5
train,12659,2
train,12660,6
train,12661,7
train,12662,6
train,12663,5
train,12664,0
train,12665,3
train,12666,2
train,12667,3
train,12668,9
train,12669,9
train,12670,8
train,12671,6
train,12672,5
train,12673,5
train,12674,5
train,12675,6
train,12676,4
train,12677,6
train,12678,9
train,12679,4
train,12680,1
train,12681,8
train,12682,0
train,12683,5
train,12684,8
train,12685,4
train,12686,8
train,12687,8
train,12688,8
train,12689,9
train,12690,4
train,12691,0
train,12692,4
train,12693,4
train,12694,7
train,12695,8
train,12696,0
train,12697,1
train,12698,1
train,12699,1
train,12700,8
train,12701,4
train,12702,0
train,12703,9
train,12704,0
train,12705,5
train,12706,4
train,12707,5
train,12708,8
train,12709,2
train,12710,2
train,12711,3
train,12712,0
train,12713,0
train,12714,6
train,12715,2
train,12716,0
train,12717,1
train,12718,8
train,12719,1
train,12720,8
train,12721,5
train,12722,0
train,12723,1
train,12724,7
train,12725,9
train,12726,0
train,12727,5
train,12728,7
train,12729,3
train,12730,3
train,12731,0
train,12732,1
train,12733,6
train,12734,9
train,12735,3
train,12736,9
train,12737,1
train,12738,7
train,12739,0
train,12740,9
train,12741,2
train,12742,7
train,12743,9
train,12744,2
train,12745,9
train,12746,5
train,12747,7
train,12748,7
train,12749,7
train,12750,8
train,12751,7
train,12752,8
train,12753,5
train,12754,0
train,12755,7
train,12756,6
train,12757,5
train,12758,2
train,12759,6
train,12760,9
train,12761,6
train,12762,2
train,12763,1
train,12764,1
train,12765,2
train,12766,5
train,12767,9
train,12768,1
train,12769,7
train,12770,7
train,12771,9
train,12772,1
train,12773,1
train,12774,4
train,12775,5
train,12776,6
train,12777,4
train,12778,2
train,12779,7
train,12780,7
train,12781,5
train,12782,9
train,12783,4
train,12784,5
train,12785,3
train,12786,8
train,12787,9
train,12788,5
train,12789,4
train,12790,4
train,12791,5
train,12792,9
train,12793,3
train,12794,9
train,12795,0
train,12796,0
train,12797,4
train,12798,9
train,12799,6
train,12800,5
train,12801,4
train,12802,8
train,12803,9
train,12804,8
train,12805,2
train,12806,7
train,12807,8
train,12808,8
train,12809,5
train,12810,0
train,12811,9
train,12812,6
train,12813,8
train,12814,5
train,12815,8
train,12816,7
train,12817,0
train,12818,3
train,12819,6
train,12820,7
train,12821,6
train,12822,7
train,12823,3
train,12824,1
train,12825,6
train,12826,5
train,12827,1
train,12828,2
train,12829,8
train,12830,8
train,12831,8
train,12832,5
train,12833,2
train,12834,1
train,12835,4
train,12836,5
train,12837,7
train,12838,2
train,12839,7
train,12840,2
train,12841,6
train,12842,0
train,12843,9
train,12844,3
train,12845,7
train,12846,9
train,12847,1
train,12848,1
train,12849,1
train,12850,1
train,12851,1
train,12852,7
train,12853,9
train,12854,0
train,12855,9
train,12856,6
train,12857,3
train,12858,1
train,12859,0
train,12860,2
train,12861,1
train,12862,7
train,12863,8
train,12864,6
train,12865,3
train,12866,4
train,12867,1
train,12868,4
train,12869,9
train,12870,7
train,12871,0
train,12872,7
train,12873,4
train,12874,8
train,12875,7
train,12876,0
train,12877,4
train,12878,6
train,12879,2
train,12880,0
train,12881,7
train,12882,4
train,12883,2
train,12884,5
train,12885,3
train,12886,1
train,12887,8
train,12888,6
train,12889,4
train,12890,2
train,12891,9
train,12892,7
train,12893,1
train,12894,1
train,12895,1
train,12896,7
train,12897,6
train,12898,3
train,12899,7
train,12900,3
train,12901,8
train,12902,1
train,12903,7
train,12904,6
train,12905,1
train,12906,5
train,12907,8
train,12908,4
train,12909,7
train,12910,4
train,12911,1
train,12912,7
train,12913,9
train,12914,4
train,12915,4
train,12916,4
train,12917,9
train,12918,9
train,12919,2
train,12920,2
train,12921,6
train,12922,2
train,12923,6
train,12924,7
train,12925,7
train,12926,3
train,12927,9
train,12928,6
train,12929,7
train,12930,7
train,12931,4
train,12932,7
train,12933,0
train,12934,6
train,12935,6
train,12936,9
train,12937,8
train,12938,2
train,12939,3
train,12940,8
train,12941,6
train,12942,7
train,12943,5
train,12944,4
train,12945,0
train,12946,8
train,12947,7
train,12948,1
train,12949,5
train,12950,0
train,12951,7
train,12952,3
train,12953,0
train,12954,9
train,12955,9
train,12956,7
train,12957,9
train,12958,2
train,12959,7
train,12960,5
train,12961,9
train,12962,4
train,12963,1
train,12964,1
train,12965,8
train,12966,7
train,12967,3
train,12968,0
train,12969,4
train,12970,4
train,12971,9
train,12972,6
train,12973,1
train,12974,2
train,12975,3
train,12976,7
train,12977,5
train,12978,5
train,12979,7
train,12980,4
train,12981,3
train,12982,6
train,12983,9
train,12984,7
train,12985,0
train,12986,1
train,12987,2
train,12988,5
train,12989,1
train,12990,7
train,12991,2
train,12992,5
train,12993,3
train,12994,8
train,12995,0
train,12996,3
train,12997,5
train,12998,0
train,12999,9
train,13000,1
train,13001,3
train,13002,4
train,13003,8
train,13004,9
train,13005,1
train,13006,1
train,13007,3
train,13008,3
train,13009,2
train,13010,4
train,13011,0
train,13012,8
train,13013,0
train,13014,5
train,13015,1
train,13016,8
train,13017,8
train,13018,6
train,13019,6
train,13020,7
train,13021,9
train,13022,5
train,13023,3
train,13024,1
train,13025,1
train,13026,2
train,13027,2
train,13028,8
train,13029,8
train,13030,5
train,13031,9
train,13032,8
train,13033,9
train,13034,3
train,13035,7
train,13036,3
train,13037,3
train,13038,2
train,13039,8
train,13040,2
train,13041,2
train,13042,5
train,13043,0
train,13044,9
train,13045,4
train,13046,9
train,13047,1
train,13048,7
train,13049,3
train,13050,5
train,13051,8
train,13052,1
train,13053,4
train,13054,2
train,13055,5
train,13056,9
train,13057,8
train,13058,5
train,13059,3
train,13060,8
train,13061,5
train,13062,9
train,13063,7
train,13064,3
train,13065,7
train,13066,5
train,13067,4
train,13068,4
train,13069,8
train,13070,3
train,13071,1
train,13072,5
train,13073,6
train,13074,5
train,13075,0
train,13076,6
train,13077,1
train,13078,7
train,13079,9
train,13080,6
train,13081,9
train,13082,4
train,13083,4
train,13084,5
train,13085,7
train,13086,6
train,13087,8
train,13088,2
train,13089,4
train,13090,5
train,13091,2
train,13092,0
train,13093,1
train,13094,4
train,13095,1
train,13096,5
train,13097,7
train,13098,7
train,13099,2
train,13100,4
train,13101,5
train,13102,0
train,13103,9
train,13104,7
train,13105,4
train,13106,4
train,13107,4
train,13108,3
train,13109,1
train,13110,1
train,13111,3
train,13112,4
train,13113,9
train,13114,5
train,13115,9
train,13116,0
train,13117,5
train,13118,1
train,13119,2
train,13120,9
train,13121,3
train,13122,9
train,13123,8
train,13124,7
train,13125,7
train,13126,8
train,13127,8
train,13128,2
train,13129,6
train,13130,4
train,13131,8
train,13132,2
train,13133,3
train,13134,2
train,13135,1
train,13136,9
train,13137,5
train,13138,7
train,13139,4
train,13140,7
train,13141,2
train,13142,5
train,13143,3
train,13144,9
train,13145,6
train,13146,9
train,13147,2
train,13148,3
train,13149,9
train,13150,7
train,13151,1
train,13152,2
train,13153,1
train,13154,1
train,13155,2
train,13156,2
train,13157,0
train,13158,5
train,13159,2
train,13160,6
train,13161,9
train,13162,6
train,13163,2
train,13164,4
train,13165,5
train,13166,7
train,13167,4
train,13168,5
train,13169,4
train,13170,9
train,13171,2
train,13172,0
train,13173,2
train,13174,7
train,13175,7
train,13176,0
train,13177,5
train,13178,8
train,13179,2
train,13180,9
train,13181,8
train,13182,4
train,13183,7
train,13184,1
train,13185,8
train,13186,3
train,13187,2
train,13188,0
train,13189,0
train,13190,0
train,13191,4
train,13192,6
train,13193,2
train,13194,4
train,13195,8
train,13196,7
train,13197,4
train,13198,5
train,13199,1
train,13200,7
train,13201,6
train,13202,2
train,13203,0
train,13204,1
train,13205,8
train,13206,4
train,13207,2
train,13208,1
train,13209,8
train,13210,1
train,13211,0
train,13212,6
train,13213,8
train,13214,9
train,13215,8
train,13216,7
train,13217,7
train,13218,7
train,13219,1
train,13220,7
train,13221,2
train,13222,3
train,13223,7
train,13224,6
train,13225,1
train,13226,2
train,13227,8
train,13228,7
train,13229,6
train,13230,7
train,13231,0
train,13232,9
train,13233,3
train,13234,9
train,13235,9
train,13236,6
train,13237,4
train,13238,4
train,13239,6
train,13240,7
train,13241,1
train,13242,4
train,13243,1
train,13244,6
train,13245,3
train,13246,4
train,13247,3
train,13248,0
train,13249,1
train,13250,4
train,13251,9
train,13252,9
train,13253,3
train,13254,8
train,13255,3
train,13256,3
train,13257,9
train,13258,8
train,13259,5
train,13260,4
train,13261,2
train,13262,6
train,13263,3
train,13264,7
train,13265,9
train,13266,2
train,13267,9
train,13268,4
train,13269,4
train,13270,7
train,13271,1
train,13272,3
train,13273,2
train,13274,8
train,13275,3
train,13276,2
train,13277,2
train,13278,7
train,13279,3
train,13280,0
train,13281,5
train,13282,5
train,13283,3
train,13284,7
train,13285,3
train,13286,0
train,13287,4
train,13288,7
train,13289,6
train,13290,7
train,13291,5
train,13292,5
train,13293,9
train,13294,3
train,13295,1
train,13296,0
train,13297,8
train,13298,9
train,13299,0
train,13300,3
train,13301,9
train,13302,3
train,13303,5
train,13304,3
train,13305,6
train,13306,7
train,13307,6
train,13308,1
train,13309,6
train,13310,0
train,13311,5
train,13312,5
train,13313,1
train,13314,8
train,13315,2
train,13316,5
train,13317,5
train,13318,7
train,13319,4
train,13320,8
train,13321,7
train,13322,5
train,13323,4
train,13324,5
train,13325,3
train,13326,3
train,13327,6
train,13328,6
train,13329,0
train,13330,4
train,13331,8
train,13332,1
train,13333,5
train,13334,2
train,13335,9
train,13336,1
train,13337,8
train,13338,9
train,13339,1
train,13340,7
train,13341,2
train,13342,0
train,13343,8
train,13344,9
train,13345,6
train,13346,0
train,13347,9
train,13348,7
train,13349,5
train,13350,4
train,13351,6
train,13352,1
train,13353,8
train,13354,0
train,13355,4
train,13356,6
train,13357,3
train,13358,0
train,13359,9
train,13360,9
train,13361,2
train,13362,5
train,13363,5
train,13364,0
train,13365,7
train,13366,7
train,13367,0
train,13368,5
train,13369,9
train,13370,9
train,13371,2
train,13372,0
train,13373,6
train,13374,8
train,13375,9
train,13376,5
train,13377,7
train,13378,2
train,13379,6
train,13380,5
train,13381,0
train,13382,2
train,13383,6
train,13384,5
train,13385,9
train,13386,9
train,13387,6
train,13388,4
train,13389,4
train,13390,6
train,13391,4
train,13392,1
train,13393,2
train,13394,5
train,13395,8
train,13396,4
train,13397,8
train,13398,7
train,13399,9
train,13400,5
train,13401,8
train,13402,3
train,13403,1
train,13404,7
train,13405,2
train,13406,4
train,13407,8
train,13408,8
train,13409,2
train,13410,7
train,13411,2
train,13412,4
train,13413,5
train,13414,3
train,13415,9
train,13416,4
train,13417,2
train,13418,3
train,13419,3
train,13420,6
train,13421,7
train,13422,4
train,13423,7
train,13424,5
train,13425,2
train,13426,5
train,13427,0
train,13428,1
train,13429,3
train,13430,4
train,13431,0
train,13432,8
train,13433,2
train,13434,5
train,13435,4
train,13436,6
train,13437,9
train,13438,6
train,13439,2
train,13440,2
train,13441,4
train,13442,3
train,13443,2
train,13444,9
train,13445,8
train,13446,0
train,13447,0
train,13448,8
train,13449,9
train,13450,4
train,13451,6
train,13452,9
train,13453,2
train,13454,6
train,13455,5
train,13456,5
train,13457,4
train,13458,4
train,13459,1
train,13460,6
train,13461,5
train,13462,0
train,13463,4
train,13464,2
train,13465,4
train,13466,4
train,13467,3
train,13468,1
train,13469,8
train,13470,5
train,13471,1
train,13472,8
train,13473,7
train,13474,2
train,13475,4
train,13476,2
train,13477,4
train,13478,3
train,13479,0
train,13480,9
train,13481,7
train,13482,7
train,13483,6
train,13484,8
train,13485,9
train,13486,2
train,13487,2
train,13488,0
train,13489,3
train,13490,9
train,13491,0
train,13492,7
train,13493,7
train,13494,8
train,13495,0
train,13496,0
train,13497,5
train,13498,4
train,13499,2
train,13500,3
train,13501,6
train,13502,8
train,13503,1
train,13504,3
train,13505,0
train,13506,6
train,13507,0
train,13508,2
train,13509,2
train,13510,7
train,13511,9
train,13512,1
train,13513,0
train,13514,7
train,13515,3
train,13516,7
train,13517,8
train,13518,2
train,13519,5
train,13520,6
train,13521,8
train,13522,2
train,13523,0
train,13524,5
train,13525,5
train,13526,7
train,13527,8
train,13528,1
train,13529,2
train,13530,9
train,13531,5
train,13532,1
train,13533,4
train,13534,7
train,13535,1
train,13536,9
train,13537,2
train,13538,5
train,13539,4
train,13540,0
train,13541,7
train,13542,7
train,13543,8
train,13544,2
train,13545,1
train,13546,2
train,13547,0
train,13548,2
train,13549,7
train,13550,7
train,13551,6
train,13552,8
train,13553,9
train,13554,7
train,13555,8
train,13556,0
train,13557,0
train,13558,4
train,13559,7
train,13560,7
train,13561,4
train,13562,0
train,13563,5
train,13564,9
train,13565,5
train,13566,2
train,13567,7
train,13568,3
train,13569,5
train,13570,0
train,13571,8
train,13572,3
train,13573,0
train,13574,4
train,13575,9
train,13576,4
train,13577,5
train,13578,8
train,13579,0
train,13580,8
train,13581,9
train,13582,4
train,13583,4
train,13584,2
train,13585,3
train,13586,8
train,13587,9
train,13588,2
train,13589,5
train,13590,9
train,13591,2
train,13592,8
train,13593,0
train,13594,2
train,13595,8
train,13596,2
train,13597,3
train,13598,7
train,13599,9
train,13600,1
train,13601,2
train,13602,1
train,13603,5
train,13604,1
train,13605,0
train,13606,9
train,13607,0
train,13608,4
train,13609,2
train,13610,2
train,13611,5
train,13612,2
train,13613,2
train,13614,7
train,13615,2
train,13616,0
train,13617,7
train,13618,8
train,13619,9
train,13620,3
train,13621,8
train,13622,3
train,13623,4
train,13624,0
train,13625,5
train,13626,1
train,13627,7
train,13628,0
train,13629,0
train,13630,0
train,13631,6
train,13632,3
train,13633,4
train,13634,3
train,13635,4
train,13636,3
train,13637,5
train,13638,8
train,13639,1
train,13640,0
train,13641,9
train,13642,9
train,13643,3
train,13644,1
train,13645,4
train,13646,4
train,13647,4
train,13648,5
train,13649,1
train,13650,8
train,13651,7
train,13652,4
train,13653,3
train,13654,7
train,13655,3
train,13656,3
train,13657,7
train,13658,7
train,13659,3
train,13660,0
train,13661,4
train,13662,3
train,13663,3
train,13664,1
train,13665,3
train,13666,0
train,13667,0
train,13668,4
train,13669,5
train,13670,1
train,13671,8
train,13672,8
train,13673,7
train,13674,5
train,13675,1
train,13676,5
train,13677,8
train,13678,5
train,13679,7
train,13680,2
train,13681,1
train,13682,7
train,13683,8
train,13684,2
train,13685,5
train,13686,0
train,13687,1
train,13688,6
train,13689,2
train,13690,9
train,13691,9
train,13692,4
train,13693,6
train,13694,9
train,13695,6
train,13696,0
train,13697,6
train,13698,4
train,13699,9
train,13700,9
train,13701,6
train,13702,8
train,13703,0
train,13704,3
train,13705,9
train,13706,3
train,13707,5
train,13708,0
train,13709,3
train,13710,0
train,13711,2
train,13712,5
train,13713,6
train,13714,8
train,13715,8
train,13716,4
train,13717,5
train,13718,6
train,13719,2
train,13720,4
train,13721,1
train,13722,4
train,13723,0
train,13724,7
train,13725,0
train,13726,4
train,13727,9
train,13728,1
train,13729,0
train,13730,9
train,13731,2
train,13732,7
train,13733,8
train,13734,1
train,13735,1
train,13736,9
train,13737,4
train,13738,8
train,13739,5
train,13740,1
train,13741,0
train,13742,9
train,13743,5
train,13744,5
train,13745,3
train,13746,2
train,13747,7
train,13748,6
train,13749,3
train,13750,3
train,13751,3
train,13752,5
train,13753,2
train,13754,0
train,13755,5
train,13756,5
train,13757,1
train,13758,3
train,13759,3
train,13760,1
train,13761,8
train,13762,4
train,13763,4
train,13764,3
train,13765,6
train,13766,5
train,13767,1
train,13768,3
train,13769,8
train,13770,0
train,13771,6
train,13772,1
train,13773,1
train,13774,1
train,13775,2
train,13776,4
train,13777,6
train,13778,7
train,13779,9
train,13780,8
train,13781,8
train,13782,5
train,13783,0
train,13784,2
train,13785,6
train,13786,2
train,13787,7
train,13788,5
train,13789,4
train,13790,0
train,13791,6
train,13792,2
train,13793,7
train,13794,3
train,13795,7
train,13796,4
train,13797,1
train,13798,6
train,13799,9
train,13800,7
train,13801,0
train,13802,4
train,13803,7
train,13804,1
train,13805,8
train,13806,5
train,13807,3
train,13808,1
train,13809,8
train,13810,6
train,13811,7
train,13812,2
train,13813,7
train,13814,7
train,13815,3
train,13816,3
train,13817,7
train,13818,3
train,13819,7
train,13820,2
train,13821,0
train,13822,0
train,13823,7
train,13824,7
train,13825,1
train,13826,9
train,13827,3
train,13828,3
train,13829,3
train,13830,1
train,13831,1
train,13832,6
train,13833,4
train,13834,1
train,13835,0
train,13836,6
train,13837,3
train,13838,6
train,13839,3
train,13840,5
train,13841,7
train,13842,0
train,13843,5
train,13844,5
train,13845,0
train,13846,8
train,13847,9
train,13848,1
train,13849,4
train,13850,6
train,13851,2
train,13852,3
train,13853,5
train,13854,7
train,13855,9
train,13856,4
train,13857,0
train,13858,6
train,13859,8
train,13860,0
train,13861,1
train,13862,0
train,13863,4
train,13864,6
train,13865,0
train,13866,8
train,13867,1
train,13868,8
train,13869,7
train,13870,3
train,13871,4
train,13872,4
train,13873,2
train,13874,2
train,13875,8
train,13876,1
train,13877,6
train,13878,5
train,13879,5
train,13880,7
train,13881,1
train,13882,6
train,13883,7
train,13884,3
train,13885,0
train,13886,8
train,13887,5
train,13888,7
train,13889,5
train,13890,3
train,13891,5
train,13892,0
train,13893,2
train,13894,6
train,13895,1
train,13896,1
train,13897,0
train,13898,9
train,13899,1
train,13900,8
train,13901,9
train,13902,3
train,13903,2
train,13904,1
train,13905,8
train,13906,6
train,13907,9
train,13908,1
train,13909,0
train,13910,3
train,13911,3
train,13912,4
train,13913,9
train,13914,7
train,13915,3
train,13916,6
train,13917,3
train,13918,9
train,13919,4
train,13920,0
train,13921,6
train,13922,7
train,13923,1
train,13924,5
train,13925,6
train,13926,8
train,13927,8
train,13928,5
train,13929,0
train,13930,7
train,13931,8
train,13932,4
train,13933,8
train,13934,4
train,13935,4
train,13936,2
train,13937,9
train,13938,0
train,13939,0
train,13940,6
train,13941,1
train,13942,9
train,13943,8
train,13944,9
train,13945,1
train,13946,7
train,13947,9
train,13948,1
train,13949,1
train,13950,2
train,13951,8
train,13952,9
train,13953,6
train,13954,7
train,13955,2
train,13956,6
train,13957,3
train,13958,2
train,13959,2
train,13960,2
train,13961,8
train,13962,3
train,13963,2
train,13964,7
train,13965,6
train,13966,3
train,13967,1
train,13968,5
train,13969,5
train,13970,0
train,13971,7
train,13972,5
train,13973,6
train,13974,1
train,13975,4
train,13976,4
train,13977,2
train,13978,3
train,13979,2
train,13980,0
train,13981,1
train,13982,6
train,13983,1
train,13984,0
train,13985,1
train,13986,5
train,13987,1
train,13988,1
train,13989,5
train,13990,1
train,13991,0
train,13992,6
train,13993,4
train,13994,0
train,13995,1
train,13996,1
train,13997,1
train,13998,4
train,13999,9
train,14000,1
train,14001,7
train,14002,8
train,14003,1
train,14004,4
train,14005,9
train,14006,3
train,14007,6
train,14008,9
train,14009,0
train,14010,4
train,14011,4
train,14012,2
train,14013,8
train,14014,2
train,14015,9
train,14016,1
train,14017,0
train,14018,3
train,14019,6
train,14020,9
train,14021,5
train,14022,1
train,14023,2
train,14024,5
train,14025,5
train,14026,1
train,14027,6
train,14028,3
train,14029,0
train,14030,3
train,14031,7
train,14032,7
train,14033,5
train,14034,8
train,14035,1
train,14036,0
train,14037,8
train,14038,4
train,14039,5
train,14040,1
train,14041,9
train,14042,0
train,14043,3
train,14044,9
train,14045,5
train,14046,7
train,14047,1
train,14048,1
train,14049,6
train,14050,9
train,14051,1
train,14052,7
train,14053,5
train,14054,8
train,14055,9
train,14056,7
train,14057,3
train,14058,8
train,14059,9
train,14060,6
train,14061,7
train,14062,4
train,14063,4
train,14064,7
train,14065,0
train,14066,3
train,14067,7
train,14068,8
train,14069,9
train,14070,0
train,14071,8
train,14072,8
train,14073,0
train,14074,8
train,14075,2
train,14076,7
train,14077,0
train,14078,2
train,14079,8
train,14080,6
train,14081,5
train,14082,8
train,14083,4
train,14084,8
train,14085,1
train,14086,3
train,14087,9
train,14088,1
train,14089,1
train,14090,3
train,14091,6
train,14092,0
train,14093,7
train,14094,2
train,14095,9
train,14096,2
train,14097,2
train,14098,2
train,14099,6
train,14100,4
train,14101,0
train,14102,4
train,14103,0
train,14104,3
train,14105,9
train,14106,7
train,14107,9
train,14108,9
train,14109,6
train,14110,9
train,14111,2
train,14112,9
train,14113,5
train,14114,4
train,14115,1
train,14116,0
train,14117,0
train,14118,8
train,14119,7
train,14120,6
train,14121,2
train,14122,4
train,14123,5
train,14124,8
train,14125,1
train,14126,8
train,14127,3
train,14128,9
train,14129,4
train,14130,3
train,14131,6
train,14132,2
train,14133,6
train,14134,2
train,14135,7
train,14136,8
train,14137,4
train,14138,4
train,14139,5
train,14140,3
train,14141,7
train,14142,1
train,14143,5
train,14144,9
train,14145,7
train,14146,6
train,14147,1
train,14148,4
train,14149,4
train,14150,4
train,14151,2
train,14152,0
train,14153,8
train,14154,2
train,14155,7
train,14156,4
train,14157,4
train,14158,6
train,14159,5
train,14160,2
train,14161,1
train,14162,3
train,14163,0
train,14164,3
train,14165,7
train,14166,1
train,14167,6
train,14168,4
train,14169,5
train,14170,6
train,14171,2
train,14172,4
train,14173,3
train,14174,0
train,14175,1
train,14176,4
train,14177,7
train,14178,9
train,14179,6
train,14180,0
train,14181,2
train,14182,6
train,14183,0
train,14184,1
train,14185,3
train,14186,2
train,14187,5
train,14188,7
train,14189,2
train,14190,6
train,14191,0
train,14192,4
train,14193,2
train,14194,0
train,14195,7
train,14196,2
train,14197,7
train,14198,9
train,14199,4
train,14200,6
train,14201,7
train,14202,4
train,14203,5
train,14204,1
train,14205,4
train,14206,7
train,14207,2
train,14208,2
train,14209,4
train,14210,5
train,14211,9
train,14212,2
train,14213,4
train,14214,9
train,14215,6
train,14216,1
train,14217,8
train,14218,6
train,14219,6
train,14220,3
train,14221,5
train,14222,0
train,14223,8
train,14224,2
train,14225,5
train,14226,8
train,14227,9
train,14228,3
train,14229,9
train,14230,8
train,14231,9
train,14232,9
train,14233,1
train,14234,1
train,14235,6
train,14236,3
train,14237,4
train,14238,9
train,14239,1
train,14240,7
train,14241,7
train,14242,0
train,14243,9
train,14244,7
train,14245,5
train,14246,9
train,14247,9
train,14248,3
train,14249,3
train,14250,7
train,14251,4
train,14252,8
train,14253,6
train,14254,4
train,14255,2
train,14256,5
train,14257,0
train,14258,8
train,14259,0
train,14260,0
train,14261,7
train,14262,2
train,14263,4
train,14264,2
train,14265,2
train,14266,2
train,14267,0
train,14268,1
train,14269,6
train,14270,2
train,14271,9
train,14272,5
train,14273,4
train,14274,0
train,14275,2
train,14276,5
train,14277,2
train,14278,3
train,14279,0
train,14280,6
train,14281,7
train,14282,7
train,14283,0
train,14284,0
train,14285,0
train,14286,0
train,14287,2
train,14288,1
train,14289,8
train,14290,2
train,14291,8
train,14292,5
train,14293,8
train,14294,7
train,14295,6
train,14296,6
train,14297,5
train,14298,5
train,14299,8
train,14300,6
train,14301,6
train,14302,7
train,14303,4
train,14304,2
train,14305,1
train,14306,4
train,14307,3
train,14308,7
train,14309,3
train,14310,6
train,14311,2
train,14312,5
train,14313,1
train,14314,3
train,14315,8
train,14316,6
train,14317,7
train,14318,1
train,14319,5
train,14320,9
train,14321,7
train,14322,5
train,14323,0
train,14324,2
train,14325,9
train,14326,2
train,14327,5
train,14328,0
train,14329,0
train,14330,8
train,14331,7
train,14332,7
train,14333,9
train,14334,0
train,14335,8
train,14336,8
train,14337,2
train,14338,3
train,14339,3
train,14340,8
train,14341,5
train,14342,5
train,14343,5
train,14344,8
train,14345,1
train,14346,5
train,14347,8
train,14348,3
train,14349,2
train,14350,4
train,14351,8
train,14352,2
train,14353,3
train,14354,6
train,14355,4
train,14356,2
train,14357,4
train,14358,6
train,14359,2
train,14360,3
train,14361,3
train,14362,4
train,14363,5
train,14364,6
train,14365,5
train,14366,4
train,14367,7
train,14368,1
train,14369,2
train,14370,3
train,14371,4
train,14372,0
train,14373,6
train,14374,1
train,14375,0
train,14376,0
train,14377,4
train,14378,7
train,14379,0
train,14380,9
train,14381,9
train,14382,7
train,14383,7
train,14384,5
train,14385,8
train,14386,4
train,14387,2
train,14388,2
train,14389,1
train,14390,5
train,14391,7
train,14392,2
train,14393,1
train,14394,8
train,14395,4
train,14396,3
train,14397,9
train,14398,9
train,14399,6
train,14400,9
train,14401,8
train,14402,5
train,14403,5
train,14404,3
train,14405,9
train,14406,1
train,14407,9
train,14408,3
train,14409,9
train,14410,5
train,14411,4
train,14412,8
train,14413,9
train,14414,4
train,14415,1
train,14416,1
train,14417,0
train,14418,1
train,14419,1
train,14420,5
train,14421,1
train,14422,5
train,14423,5
train,14424,9
train,14425,1
train,14426,8
train,14427,0
train,14428,2
train,14429,7
train,14430,1
train,14431,9
train,14432,9
train,14433,9
train,14434,6
train,14435,6
train,14436,6
train,14437,5
train,14438,6
train,14439,4
train,14440,6
train,14441,2
train,14442,8
train,14443,9
train,14444,4
train,14445,7
train,14446,3
train,14447,8
train,14448,9
train,14449,2
train,14450,6
train,14451,4
train,14452,4
train,14453,3
train,14454,2
train,14455,7
train,14456,5
train,14457,2
train,14458,9
train,14459,0
train,14460,5
train,14461,0
train,14462,0
train,14463,7
train,14464,7
train,14465,0
train,14466,6
train,14467,6
train,14468,3
train,14469,8
train,14470,7
train,14471,3
train,14472,0
train,14473,3
train,14474,8
train,14475,8
train,14476,6
train,14477,4
train,14478,1
train,14479,6
train,14480,6
train,14481,0
train,14482,2
train,14483,3
train,14484,4
train,14485,6
train,14486,5
train,14487,0
train,14488,1
train,14489,1
train,14490,4
train,14491,0
train,14492,9
train,14493,2
train,14494,9
train,14495,1
train,14496,3
train,14497,1
train,14498,6
train,14499,6
train,14500,9
train,14501,1
train,14502,7
train,14503,1
train,14504,0
train,14505,4
train,14506,2
train,14507,8
train,14508,4
train,14509,8
train,14510,0
train,14511,5
train,14512,7
train,14513,9
train,14514,3
train,14515,7
train,14516,5
train,14517,5
train,14518,1
train,14519,4
train,14520,6
train,14521,3
train,14522,1
train,14523,1
train,14524,3
train,14525,4
train,14526,4
train,14527,9
train,14528,0
train,14529,0
train,14530,1
train,14531,8
train,14532,3
train,14533,3
train,14534,0
train,14535,8
train,14536,1
train,14537,8
train,14538,6
train,14539,5
train,14540,6
train,14541,5
train,14542,3
train,14543,8
train,14544,8
train,14545,9
train,14546,6
train,14547,4
train,14548,6
train,14549,3
train,14550,4
train,14551,1
train,14552,2
train,14553,4
train,14554,6
train,14555,5
train,14556,4
train,14557,9
train,14558,4
train,14559,0
train,14560,9
train,14561,5
train,14562,0
train,14563,0
train,14564,3
train,14565,3
train,14566,2
train,14567,1
train,14568,9
train,14569,6
train,14570,7
train,14571,6
train,14572,3
train,14573,6
train,14574,0
train,14575,0
train,14576,5
train,14577,1
train,14578,2
train,14579,5
train,14580,5
train,14581,8
train,14582,2
train,14583,7
train,14584,4
train,14585,0
train,14586,7
train,14587,0
train,14588,4
train,14589,2
train,14590,3
train,14591,0
train,14592,6
train,14593,0
train,14594,8
train,14595,6
train,14596,1
train,14597,1
train,14598,3
train,14599,1
train,14600,8
train,14601,6
train,14602,0
train,14603,1
train,14604,2
train,14605,2
train,14606,8
train,14607,6
train,14608,6
train,14609,6
train,14610,3
train,14611,8
train,14612,0
train,14613,5
train,14614,2
train,14615,0
train,14616,5
train,14617,7
train,14618,0
train,14619,5
train,14620,0
train,14621,2
train,14622,7
train,14623,4
train,14624,1
train,14625,2
train,14626,0
train,14627,8
train,14628,9
train,14629,6
train,14630,5
train,14631,6
train,14632,3
train,14633,5
train,14634,4
train,14635,6
train,14636,3
train,14637,6
train,14638,9
train,14639,8
train,14640,5
train,14641,3
train,14642,4
train,14643,3
train,14644,1
train,14645,1
train,14646,9
train,14647,8
train,14648,8
train,14649,7
train,14650,3
train,14651,8
train,14652,2
train,14653,1
train,14654,5
train,14655,8
train,14656,3
train,14657,9
train,14658,0
train,14659,3
train,14660,9
train,14661,0
train,14662,6
train,14663,2
train,14664,2
train,14665,8
train,14666,8
train,14667,7
train,14668,0
train,14669,0
train,14670,3
train,14671,6
train,14672,6
train,14673,2
train,14674,0
train,14675,4
train,14676,2
train,14677,0
train,14678,5
train,14679,7
train,14680,5
train,14681,3
train,14682,6
train,14683,9
train,14684,0
train,14685,7
train,14686,2
train,14687,5
train,14688,9
train,14689,8
train,14690,2
train,14691,2
train,14692,4
train,14693,2
train,14694,8
train,14695,2
train,14696,7
train,14697,5
train,14698,2
train,14699,9
train,14700,3
train,14701,9
train,14702,8
train,14703,6
train,14704,7
train,14705,9
train,14706,0
train,14707,8
train,14708,3
train,14709,4
train,14710,1
train,14711,8
train,14712,2
train,14713,3
train,14714,7
train,14715,6
train,14716,4
train,14717,2
train,14718,0
train,14719,9
train,14720,0
train,14721,3
train,14722,5
train,14723,0
train,14724,5
train,14725,0
train,14726,3
train,14727,1
train,14728,5
train,14729,0
train,14730,5
train,14731,6
train,14732,1
train,14733,3
train,14734,2
train,14735,1
train,14736,5
train,14737,1
train,14738,2
train,14739,9
train,14740,3
train,14741,5
train,14742,1
train,14743,4
train,14744,0
train,14745,8
train,14746,9
train,14747,8
train,14748,5
train,14749,8
train,14750,7
train,14751,4
train,14752,6
train,14753,1
train,14754,6
train,14755,6
train,14756,3
train,14757,2
train,14758,0
train,14759,1
train,14760,2
train,14761,5
train,14762,7
train,14763,4
train,14764,7
train,14765,5
train,14766,1
train,14767,1
train,14768,2
train,14769,1
train,14770,8
train,14771,5
train,14772,9
train,14773,1
train,14774,9
train,14775,0
train,14776,9
train,14777,6
train,14778,7
train,14779,4
train,14780,2
train,14781,9
train,14782,6
train,14783,5
train,14784,5
train,14785,2
train,14786,7
train,14787,5
train,14788,1
train,14789,2
train,14790,1
train,14791,9
train,14792,8
train,14793,4
train,14794,8
train,14795,6
train,14796,5
train,14797,0
train,14798,0
train,14799,5
train,14800,4
train,14801,7
train,14802,6
train,14803,8
train,14804,3
train,14805,0
train,14806,9
train,14807,6
train,14808,2
train,14809,7
train,14810,6
train,14811,8
train,14812,3
train,14813,7
train,14814,5
train,14815,2
train,14816,2
train,14817,9
train,14818,0
train,14819,9
train,14820,0
train,14821,1
train,14822,0
train,14823,4
train,14824,5
train,14825,2
train,14826,5
train,14827,6
train,14828,5
train,14829,6
train,14830,9
train,14831,2
train,14832,9
train,14833,5
train,14834,3
train,14835,1
train,14836,7
train,14837,9
train,14838,1
train,14839,3
train,14840,5
train,14841,0
train,14842,6
train,14843,8
train,14844,8
train,14845,8
train,14846,1
train,14847,7
train,14848,1
train,14849,6
train,14850,6
train,14851,6
train,14852,0
train,14853,1
train,14854,7
train,14855,0
train,14856,2
train,14857,0
train,14858,0
train,14859,2
train,14860,1
train,14861,6
train,14862,9
train,14863,7
train,14864,5
train,14865,6
train,14866,9
train,14867,4
train,14868,8
train,14869,0
train,14870,5
train,14871,3
train,14872,4
train,14873,6
train,14874,4
train,14875,7
train,14876,8
train,14877,1
train,14878,9
train,14879,1
train,14880,8
train,14881,1
train,14882,6
train,14883,8
train,14884,6
train,14885,7
train,14886,2
train,14887,5
train,14888,7
train,14889,6
train,14890,1
train,14891,9
train,14892,2
train,14893,4
train,14894,5
train,14895,0
train,14896,4
train,14897,6
train,14898,7
train,14899,4
train,14900,0
train,14901,3
train,14902,3
train,14903,0
train,14904,9
train,14905,2
train,14906,0
train,14907,7
train,14908,2
train,14909,7
train,14910,1
train,14911,8
train,14912,9
train,14913,8
train,14914,1
train,14915,1
train,14916,0
train,14917,8
train,14918,1
train,14919,9
train,14920,4
train,14921,8
train,14922,9
train,14923,9
train,14924,5
train,14925,4
train,14926,6
train,14927,5
train,14928,6
train,14929,1
train,14930,7
train,14931,9
train,14932,0
train,14933,8
train,14934,4
train,14935,7
train,14936,9
train,14937,7
train,14938,7
train,14939,0
train,14940,2
train,14941,5
train,14942,3
train,14943,1
train,14944,6
train,14945,1
train,14946,4
train,14947,9
train,14948,7
train,14949,7
train,14950,9
train,14951,8
train,14952,7
train,14953,2
train,14954,8
train,14955,4
train,14956,2
train,14957,7
train,14958,0
train,14959,9
train,14960,6
train,14961,6
train,14962,4
train,14963,7
train,14964,5
train,14965,1
train,14966,5
train,14967,8
train,14968,3
train,14969,3
train,14970,0
train,14971,4
train,14972,8
train,14973,6
train,14974,3
train,14975,0
train,14976,0
train,14977,6
train,14978,4
train,14979,3
train,14980,6
train,14981,3
train,14982,0
train,14983,4
train,14984,1
train,14985,6
train,14986,4
train,14987,8
train,14988,5
train,14989,4
train,14990,4
train,14991,7
train,14992,3
train,14993,5
train,14994,8
train,14995,9
train,14996,8
train,14997,3
train,14998,4
train,14999,1
train,15000,5
train,15001,1
train,15002,9
train,15003,2
train,15004,5
train,15005,1
train,15006,7
train,15007,6
train,15008,4
train,15009,9
train,15010,9
train,15011,1
train,15012,2
train,15013,3
train,15014,8
train,15015,5
train,15016,3
train,15017,3
train,15018,1
train,15019,1
train,15020,1
train,15021,8
train,15022,7
train,15023,9
train,15024,0
train,15025,3
train,15026,4
train,15027,6
train,15028,4
train,15029,9
train,15030,4
train,15031,5
train,15032,1
train,15033,6
train,15034,2
train,15035,5
train,15036,4
train,15037,6
train,15038,2
train,15039,6
train,15040,1
train,15041,6
train,15042,4
train,15043,0
train,15044,9
train,15045,5
train,15046,5
train,15047,5
train,15048,7
train,15049,1
train,15050,4
train,15051,6
train,15052,1
train,15053,1
train,15054,6
train,15055,2
train,15056,2
train,15057,1
train,15058,4
train,15059,5
train,15060,3
train,15061,2
train,15062,2
train,15063,6
train,15064,9
train,15065,1
train,15066,6
train,15067,6
train,15068,2
train,15069,9
train,15070,3
train,15071,4
train,15072,5
train,15073,5
train,15074,6
train,15075,1
train,15076,6
train,15077,3
train,15078,1
train,15079,4
train,15080,4
train,15081,9
train,15082,3
train,15083,5
train,15084,9
train,15085,2
train,15086,8
train,15087,6
train,15088,8
train,15089,2
train,15090,9
train,15091,2
train,15092,5
train,15093,6
train,15094,2
train,15095,1
train,15096,9
train,15097,1
train,15098,2
train,15099,4
train,15100,6
train,15101,0
train,15102,6
train,15103,3
train,15104,7
train,15105,2
train,15106,2
train,15107,4
train,15108,9
train,15109,3
train,15110,9
train,15111,4
train,15112,7
train,15113,3
train,15114,2
train,15115,4
train,15116,6
train,15117,8
train,15118,8
train,15119,3
train,15120,5
train,15121,3
train,15122,9
train,15123,0
train,15124,9
train,15125,9
train,15126,4
train,15127,7
train,15128,2
train,15129,2
train,15130,6
train,15131,2
train,15132,4
train,15133,2
train,15134,0
train,15135,4
train,15136,2
train,15137,8
train,15138,6
train,15139,7
train,15140,6
train,15141,5
train,15142,5
train,15143,4
train,15144,9
train,15145,9
train,15146,0
train,15147,8
train,15148,8
train,15149,0
train,15150,4
train,15151,6
train,15152,8
train,15153,0
train,15154,4
train,15155,4
train,15156,2
train,15157,9
train,15158,4
train,15159,7
train,15160,5
train,15161,6
train,15162,6
train,15163,6
train,15164,9
train,15165,4
train,15166,5
train,15167,3
train,15168,3
train,15169,7
train,15170,0
train,15171,0
train,15172,7
train,15173,9
train,15174,2
train,15175,7
train,15176,2
train,15177,6
train,15178,4
train,15179,1
train,15180,3
train,15181,3
train,15182,6
train,15183,3
train,15184,0
train,15185,8
train,15186,0
train,15187,4
train,15188,3
train,15189,5
train,15190,6
train,15191,2
train,15192,2
train,15193,6
train,15194,4
train,15195,0
train,15196,0
train,15197,6
train,15198,5
train,15199,6
train,15200,7
train,15201,8
train,15202,8
train,15203,2
train,15204,9
train,15205,0
train,15206,0
train,15207,6
train,15208,6
train,15209,7
train,15210,1
train,15211,5
train,15212,9
train,15213,8
train,15214,7
train,15215,5
train,15216,3
train,15217,3
train,15218,3
train,15219,7
train,15220,2
train,15221,9
train,15222,8
train,15223,3
train,15224,7
train,15225,3
train,15226,2
train,15227,0
train,15228,3
train,15229,4
train,15230,4
train,15231,7
train,15232,4
train,15233,3
train,15234,1
train,15235,2
train,15236,0
train,15237,8
train,15238,5
train,15239,9
train,15240,2
train,15241,2
train,15242,2
train,15243,7
train,15244,8
train,15245,1
train,15246,0
train,15247,7
train,15248,1
train,15249,8
train,15250,0
train,15251,4
train,15252,0
train,15253,2
train,15254,7
train,15255,4
train,15256,8
train,15257,6
train,15258,3
train,15259,0
train,15260,4
train,15261,3
train,15262,3
train,15263,9
train,15264,4
train,15265,6
train,15266,1
train,15267,2
train,15268,5
train,15269,7
train,15270,9
train,15271,8
train,15272,2
train,15273,3
train,15274,1
train,15275,0
train,15276,4
train,15277,5
train,15278,5
train,15279,8
train,15280,9
train,15281,2
train,15282,1
train,15283,9
train,15284,5
train,15285,1
train,15286,8
train,15287,6
train,15288,0
train,15289,1
train,15290,6
train,15291,6
train,15292,2
train,15293,2
train,15294,2
train,15295,7
train,15296,4
train,15297,6
train,15298,0
train,15299,8
train,15300,1
train,15301,7
train,15302,3
train,15303,5
train,15304,8
train,15305,6
train,15306,4
train,15307,1
train,15308,9
train,15309,6
train,15310,4
train,15311,1
train,15312,6
train,15313,8
train,15314,4
train,15315,9
train,15316,1
train,15317,3
train,15318,6
train,15319,5
train,15320,2
train,15321,5
train,15322,7
train,15323,3
train,15324,8
train,15325,8
train,15326,9
train,15327,2
train,15328,4
train,15329,6
train,15330,1
train,15331,2
train,15332,9
train,15333,6
train,15334,2
train,15335,2
train,15336,6
train,15337,7
train,15338,4
train,15339,7
train,15340,0
train,15341,1
train,15342,1
train,15343,1
train,15344,6
train,15345,4
train,15346,3
train,15347,0
train,15348,6
train,15349,8
train,15350,7
train,15351,4
train,15352,2
train,15353,8
train,15354,1
train,15355,4
train,15356,2
train,15357,8
train,15358,6
train,15359,0
train,15360,0
train,15361,1
train,15362,1
train,15363,4
train,15364,7
train,15365,5
train,15366,1
train,15367,7
train,15368,3
train,15369,8
train,15370,8
train,15371,0
train,15372,4
train,15373,5
train,15374,2
train,15375,1
train,15376,2
train,15377,2
train,15378,4
train,15379,7
train,15380,3
train,15381,2
train,15382,6
train,15383,2
train,15384,2
train,15385,0
train,15386,6
train,15387,5
train,15388,1
train,15389,7
train,15390,3
train,15391,2
train,15392,8
train,15393,4
train,15394,9
train,15395,9
train,15396,3
train,15397,5
train,15398,5
train,15399,7
train,15400,3
train,15401,4
train,15402,5
train,15403,7
train,15404,5
train,15405,1
train,15406,9
train,15407,2
train,15408,7
train,15409,2
train,15410,5
train,15411,7
train,15412,0
train,15413,7
train,15414,5
train,15415,0
train,15416,2
train,15417,8
train,15418,2
train,15419,0
train,15420,4
train,15421,8
train,15422,4
train,15423,0
train,15424,6
train,15425,8
train,15426,8
train,15427,1
train,15428,7
train,15429,5
train,15430,2
train,15431,1
train,15432,9
train,15433,8
train,15434,4
train,15435,1
train,15436,3
train,15437,7
train,15438,5
train,15439,4
train,15440,9
train,15441,5
train,15442,8
train,15443,1
train,15444,6
train,15445,6
train,15446,9
train,15447,9
train,15448,8
train,15449,2
train,15450,0
train,15451,0
train,15452,1
train,15453,5
train,15454,3
train,15455,6
train,15456,5
train,15457,5
train,15458,6
train,15459,5
train,15460,8
train,15461,5
train,15462,8
train,15463,4
train,15464,2
train,15465,4
train,15466,6
train,15467,2
train,15468,1
train,15469,9
train,15470,1
train,15471,1
train,15472,7
train,15473,5
train,15474,3
train,15475,2
train,15476,1
train,15477,9
train,15478,0
train,15479,5
train,15480,4
train,15481,5
train,15482,3
train,15483,2
train,15484,8
train,15485,2
train,15486,3
train,15487,0
train,15488,1
train,15489,7
train,15490,9
train,15491,8
train,15492,9
train,15493,5
train,15494,1
train,15495,3
train,15496,5
train,15497,9
train,15498,3
train,15499,1
train,15500,0
train,15501,5
train,15502,9
train,15503,7
train,15504,1
train,15505,4
train,15506,9
train,15507,7
train,15508,6
train,15509,6
train,15510,7
train,15511,1
train,15512,5
train,15513,0
train,15514,8
train,15515,8
train,15516,4
train,15517,0
train,15518,8
train,15519,4
train,15520,8
train,15521,5
train,15522,7
train,15523,0
train,15524,4
train,15525,6
train,15526,0
train,15527,0
train,15528,4
train,15529,5
train,15530,3
train,15531,4
train,15532,6
train,15533,2
train,15534,3
train,15535,8
train,15536,6
train,15537,8
train,15538,6
train,15539,6
train,15540,1
train,15541,6
train,15542,0
train,15543,9
train,15544,5
train,15545,4
train,15546,1
train,15547,0
train,15548,5
train,15549,4
train,15550,0
train,15551,3
train,15552,5
train,15553,8
train,15554,7
train,15555,0
train,15556,6
train,15557,0
train,15558,2
train,15559,7
train,15560,9
train,15561,6
train,15562,5
train,15563,6
train,15564,5
train,15565,1
train,15566,9
train,15567,6
train,15568,5
train,15569,8
train,15570,8
train,15571,3
train,15572,8
train,15573,8
train,15574,4
train,15575,6
train,15576,8
train,15577,5
train,15578,4
train,15579,8
train,15580,5
train,15581,4
train,15582,0
train,15583,7
train,15584,2
train,15585,4
train,15586,1
train,15587,3
train,15588,9
train,15589,9
train,15590,3
train,15591,5
train,15592,0
train,15593,6
train,15594,2
train,15595,8
train,15596,1
train,15597,3
train,15598,1
train,15599,9
train,15600,5
train,15601,2
train,15602,7
train,15603,0
train,15604,1
train,15605,6
train,15606,0
train,15607,0
train,15608,7
train,15609,4
train,15610,0
train,15611,7
train,15612,7
train,15613,4
train,15614,8
train,15615,6
train,15616,6
train,15617,8
train,15618,3
train,15619,3
train,15620,5
train,15621,7
train,15622,7
train,15623,8
train,15624,8
train,15625,8
train,15626,2
train,15627,7
train,15628,0
train,15629,3
train,15630,9
train,15631,4
train,15632,2
train,15633,7
train,15634,9
train,15635,0
train,15636,9
train,15637,7
train,15638,9
train,15639,8
train,15640,5
train,15641,9
train,15642,6
train,15643,8
train,15644,3
train,15645,5
train,15646,3
train,15647,6
train,15648,2
train,15649,7
train,15650,6
train,15651,6
train,15652,6
train,15653,7
train,15654,8
train,15655,7
train,15656,8
train,15657,3
train,15658,5
train,15659,6
train,15660,4
train,15661,2
train,15662,3
train,15663,3
train,15664,7
train,15665,4
train,15666,7
train,15667,1
train,15668,9
train,15669,2
train,15670,1
train,15671,2
train,15672,6
train,15673,3
train,15674,4
train,15675,4
train,15676,4
train,15677,9
train,15678,6
train,15679,3
train,15680,5
train,15681,6
train,15682,2
train,15683,9
train,15684,5
train,15685,3
train,15686,0
train,15687,1
train,15688,6
train,15689,0
train,15690,0
train,15691,2
train,15692,1
train,15693,7
train,15694,0
train,15695,5
train,15696,3
train,15697,6
train,15698,6
train,15699,9
train,15700,0
train,15701,2
train,15702,8
train,15703,0
train,15704,6
train,15705,6
train,15706,9
train,15707,1
train,15708,9
train,15709,9
train,15710,7
train,15711,9
train,15712,3
train,15713,7
train,15714,6
train,15715,7
train,15716,1
train,15717,8
train,15718,5
train,15719,5
train,15720,1
train,15721,1
train,15722,3
train,15723,5
train,15724,8
train,15725,8
train,15726,1
train,15727,7
train,15728,2
train,15729,1
train,15730,6
train,15731,1
train,15732,3
train,15733,3
train,15734,5
train,15735,7
train,15736,8
train,15737,8
train,15738,1
train,15739,8
train,15740,5
train,15741,4
train,15742,8
train,15743,4
train,15744,1
train,15745,4
train,15746,9
train,15747,9
train,15748,6
train,15749,8
train,15750,1
train,15751,1
train,15752,7
train,15753,2
train,15754,9
train,15755,2
train,15756,2
train,15757,5
train,15758,6
train,15759,5
train,15760,7
train,15761,2
train,15762,6
train,15763,0
train,15764,8
train,15765,3
train,15766,1
train,15767,3
train,15768,2
train,15769,4
train,15770,6
train,15771,6
train,15772,8
train,15773,2
train,15774,6
train,15775,7
train,15776,9
train,15777,2
train,15778,0
train,15779,2
train,15780,1
train,15781,1
train,15782,2
train,15783,6
train,15784,4
train,15785,1
train,15786,8
train,15787,6
train,15788,1
train,15789,6
train,15790,0
train,15791,8
train,15792,2
train,15793,0
train,15794,8
train,15795,2
train,15796,2
train,15797,4
train,15798,8
train,15799,0
train,15800,5
train,15801,4
train,15802,8
train,15803,6
train,15804,5
train,15805,0
train,15806,8
train,15807,5
train,15808,1
train,15809,2
train,15810,3
train,15811,8
train,15812,3
train,15813,7
train,15814,3
train,15815,0
train,15816,1
train,15817,1
train,15818,2
train,15819,8
train,15820,4
train,15821,2
train,15822,0
train,15823,9
train,15824,7
train,15825,5
train,15826,5
train,15827,5
train,15828,6
train,15829,5
train,15830,6
train,15831,6
train,15832,5
train,15833,0
train,15834,8
train,15835,6
train,15836,2
train,15837,0
train,15838,0
train,15839,4
train,15840,1
train,15841,3
train,15842,6
train,15843,3
train,15844,5
train,15845,6
train,15846,8
train,15847,7
train,15848,5
train,15849,1
train,15850,4
train,15851,6
train,15852,6
train,15853,2
train,15854,3
train,15855,1
train,15856,9
train,15857,0
train,15858,7
train,15859,0
train,15860,5
train,15861,6
train,15862,9
train,15863,8
train,15864,1
train,15865,1
train,15866,6
train,15867,4
train,15868,3
train,15869,3
train,15870,9
train,15871,2
train,15872,9
train,15873,9
train,15874,6
train,15875,4
train,15876,0
train,15877,3
train,15878,5
train,15879,0
train,15880,7
train,15881,5
train,15882,7
train,15883,7
train,15884,9
train,15885,7
train,15886,9
train,15887,3
train,15888,9
train,15889,7
train,15890,9
train,15891,3
train,15892,4
train,15893,9
train,15894,3
train,15895,3
train,15896,9
train,15897,3
train,15898,4
train,15899,3
train,15900,7
train,15901,4
train,15902,0
train,15903,8
train,15904,9
train,15905,4
train,15906,3
train,15907,8
train,15908,0
train,15909,4
train,15910,0
train,15911,8
train,15912,0
train,15913,5
train,15914,8
train,15915,2
train,15916,9
train,15917,8
train,15918,4
train,15919,7
train,15920,9
train,15921,9
train,15922,4
train,15923,8
train,15924,7
train,15925,4
train,15926,8
train,15927,3
train,15928,3
train,15929,2
train,15930,8
train,15931,8
train,15932,1
train,15933,5
train,15934,8
train,15935,6
train,15936,8
train,15937,8
train,15938,3
train,15939,7
train,15940,7
train,15941,8
train,15942,9
train,15943,7
train,15944,7
train,15945,7
train,15946,0
train,15947,8
train,15948,5
train,15949,4
train,15950,5
train,15951,7
train,15952,3
train,15953,3
train,15954,2
train,15955,7
train,15956,4
train,15957,9
train,15958,7
train,15959,8
train,15960,0
train,15961,3
train,15962,8
train,15963,0
train,15964,8
train,15965,4
train,15966,5
train,15967,8
train,15968,3
train,15969,2
train,15970,8
train,15971,2
train,15972,3
train,15973,8
train,15974,4
train,15975,7
train,15976,4
train,15977,2
train,15978,5
train,15979,7
train,15980,3
train,15981,3
train,15982,6
train,15983,5
train,15984,5
train,15985,6
train,15986,3
train,15987,2
train,15988,9
train,15989,6
train,15990,6
train,15991,4
train,15992,0
train,15993,4
train,15994,2
train,15995,9
train,15996,7
train,15997,1
train,15998,8
train,15999,8
train,16000,3
train,16001,0
train,16002,3
train,16003,5
train,16004,4
train,16005,1
train,16006,6
train,16007,0
train,16008,0
train,16009,7
train,16010,9
train,16011,3
train,16012,6
train,16013,9
train,16014,9
train,16015,0
train,16016,1
train,16017,6
train,16018,3
train,16019,9
train,16020,8
train,16021,1
train,16022,6
train,16023,7
train,16024,4
train,16025,2
train,16026,9
train,16027,1
train,16028,2
train,16029,0
train,16030,3
train,16031,9
train,16032,5
train,16033,3
train,16034,5
train,16035,2
train,16036,6
train,16037,1
train,16038,5
train,16039,5
train,16040,7
train,16041,6
train,16042,2
train,16043,3
train,16044,3
train,16045,5
train,16046,9
train,16047,6
train,16048,4
train,16049,0
train,16050,1
train,16051,5
train,16052,9
train,16053,5
train,16054,6
train,16055,4
train,16056,1
train,16057,1
train,16058,1
train,16059,9
train,16060,5
train,16061,2
train,16062,4
train,16063,1
train,16064,7
train,16065,0
train,16066,8
train,16067,7
train,16068,4
train,16069,9
train,16070,7
train,16071,7
train,16072,7
train,16073,6
train,16074,7
train,16075,8
train,16076,7
train,16077,0
train,16078,4
train,16079,9
train,16080,6
train,16081,8
train,16082,0
train,16083,7
train,16084,5
train,16085,4
train,16086,2
train,16087,2
train,16088,2
train,16089,5
train,16090,4
train,16091,9
train,16092,4
train,16093,1
train,16094,6
train,16095,5
train,16096,6
train,16097,9
train,16098,0
train,16099,1
train,16100,0
train,16101,1
train,16102,1
train,16103,2
train,16104,0
train,16105,8
train,16106,2
train,16107,0
train,16108,1
train,16109,0
train,16110,7
train,16111,7
train,16112,9
train,16113,5
train,16114,6
train,16115,1
train,16116,5
train,16117,1
train,16118,4
train,16119,8
train,16120,6
train,16121,6
train,16122,9
train,16123,0
train,16124,9
train,16125,0
train,16126,1
train,16127,6
train,16128,9
train,16129,6
train,16130,7
train,16131,8
train,16132,9
train,16133,8
train,16134,0
train,16135,8
train,16136,9
train,16137,8
train,16138,1
train,16139,9
train,16140,3
train,16141,4
train,16142,7
train,16143,4
train,16144,4
train,16145,6
train,16146,2
train,16147,9
train,16148,0
train,16149,3
train,16150,6
train,16151,7
train,16152,4
train,16153,3
train,16154,2
train,16155,3
train,16156,2
train,16157,5
train,16158,4
train,16159,9
train,16160,4
train,16161,7
train,16162,2
train,16163,4
train,16164,3
train,16165,9
train,16166,4
train,16167,0
train,16168,5
train,16169,4
train,16170,2
train,16171,9
train,16172,0
train,16173,5
train,16174,8
train,16175,1
train,16176,1
train,16177,9
train,16178,5
train,16179,2
train,16180,2
train,16181,8
train,16182,2
train,16183,2
train,16184,8
train,16185,2
train,16186,2
train,16187,8
train,16188,7
train,16189,4
train,16190,7
train,16191,4
train,16192,5
train,16193,3
train,16194,7
train,16195,3
train,16196,7
train,16197,9
train,16198,7
train,16199,0
train,16200,4
train,16201,7
train,16202,2
train,16203,8
train,16204,8
train,16205,7
train,16206,8
train,16207,1
train,16208,5
train,16209,0
train,16210,4
train,16211,5
train,16212,7
train,16213,4
train,16214,3
train,16215,6
train,16216,6
train,16217,3
train,16218,9
train,16219,2
train,16220,3
train,16221,4
train,16222,8
train,16223,0
train,16224,2
train,16225,4
train,16226,3
train,16227,5
train,16228,7
train,16229,1
train,16230,6
train,16231,0
train,16232,9
train,16233,7
train,16234,6
train,16235,3
train,16236,1
train,16237,2
train,16238,3
train,16239,6
train,16240,4
train,16241,8
train,16242,7
train,16243,0
train,16244,2
train,16245,4
train,16246,4
train,16247,6
train,16248,4
train,16249,7
train,16250,5
train,16251,8
train,16252,8
train,16253,8
train,16254,1
train,16255,6
train,16256,8
train,16257,5
train,16258,0
train,16259,0
train,16260,4
train,16261,0
train,16262,5
train,16263,6
train,16264,0
train,16265,0
train,16266,2
train,16267,2
train,16268,4
train,16269,6
train,16270,7
train,16271,2
train,16272,5
train,16273,7
train,16274,0
train,16275,2
train,16276,8
train,16277,9
train,16278,5
train,16279,9
train,16280,1
train,16281,2
train,16282,2
train,16283,7
train,16284,4
train,16285,2
train,16286,3
train,16287,3
train,16288,2
train,16289,0
train,16290,7
train,16291,1
train,16292,7
train,16293,3
train,16294,9
train,16295,2
train,16296,5
train,16297,3
train,16298,5
train,16299,1
train,16300,5
train,16301,9
train,16302,4
train,16303,4
train,16304,4
train,16305,8
train,16306,4
train,16307,3
train,16308,3
train,16309,7
train,16310,9
train,16311,7
train,16312,8
train,16313,2
train,16314,9
train,16315,6
train,16316,8
train,16317,2
train,16318,9
train,16319,4
train,16320,7
train,16321,6
train,16322,3
train,16323,2
train,16324,3
train,16325,4
train,16326,3
train,16327,8
train,16328,6
train,16329,4
train,16330,1
train,16331,2
train,16332,5
train,16333,5
train,16334,4
train,16335,9
train,16336,3
train,16337,6
train,16338,8
train,16339,2
train,16340,3
train,16341,5
train,16342,6
train,16343,3
train,16344,2
train,16345,5
train,16346,1
train,16347,9
train,16348,5
train,16349,2
train,16350,9
train,16351,1
train,16352,1
train,16353,4
train,16354,3
train,16355,6
train,16356,5
train,16357,8
train,16358,1
train,16359,3
train,16360,5
train,16361,9
train,16362,2
train,16363,8
train,16364,4
train,16365,4
train,16366,8
train,16367,2
train,16368,8
train,16369,8
train,16370,8
train,16371,1
train,16372,1
train,16373,9
train,16374,7
train,16375,1
train,16376,8
train,16377,7
train,16378,9
train,16379,8
train,16380,2
train,16381,1
train,16382,9
train,16383,2
train,16384,7
train,16385,2
train,16386,8
train,16387,1
train,16388,6
train,16389,5
train,16390,5
train,16391,9
train,16392,8
train,16393,5
train,16394,0
train,16395,1
train,16396,3
train,16397,2
train,16398,3
train,16399,8
train,16400,3
train,16401,8
train,16402,7
train,16403,7
train,16404,5
train,16405,8
train,16406,8
train,16407,3
train,16408,0
train,16409,2
train,16410,4
train,16411,2
train,16412,7
train,16413,8
train,16414,1
train,16415,6
train,16416,0
train,16417,8
train,16418,1
train,16419,9
train,16420,5
train,16421,3
train,16422,4
train,16423,9
train,16424,7
train,16425,4
train,16426,8
train,16427,2
train,16428,1
train,16429,0
train,16430,0
train,16431,7
train,16432,9
train,16433,0
train,16434,8
train,16435,2
train,16436,8
train,16437,4
train,16438,6
train,16439,5
train,16440,9
train,16441,4
train,16442,2
train,16443,9
train,16444,7
train,16445,2
train,16446,7
train,16447,8
train,16448,7
train,16449,9
train,16450,6
train,16451,9
train,16452,9
train,16453,9
train,16454,3
train,16455,0
train,16456,9
train,16457,1
train,16458,6
train,16459,0
train,16460,9
train,16461,8
train,16462,3
train,16463,4
train,16464,9
train,16465,5
train,16466,5
train,16467,3
train,16468,3
train,16469,1
train,16470,4
train,16471,4
train,16472,5
train,16473,4
train,16474,4
train,16475,6
train,16476,6
train,16477,8
train,16478,4
train,16479,2
train,16480,2
train,16481,4
train,16482,5
train,16483,5
train,16484,7
train,16485,6
train,16486,6
train,16487,3
train,16488,6
train,16489,0
train,16490,4
train,16491,2
train,16492,4
train,16493,1
train,16494,5
train,16495,7
train,16496,9
train,16497,8
train,16498,5
train,16499,2
train,16500,6
train,16501,4
train,16502,8
train,16503,7
train,16504,3
train,16505,1
train,16506,5
train,16507,5
train,16508,6
train,16509,6
train,16510,4
train,16511,2
train,16512,1
train,16513,8
train,16514,5
train,16515,3
train,16516,6
train,16517,8
train,16518,0
train,16519,8
train,16520,9
train,16521,2
train,16522,7
train,16523,0
train,16524,2
train,16525,3
train,16526,2
train,16527,1
train,16528,7
train,16529,9
train,16530,9
train,16531,1
train,16532,3
train,16533,8
train,16534,0
train,16535,2
train,16536,6
train,16537,1
train,16538,8
train,16539,8
train,16540,8
train,16541,8
train,16542,0
train,16543,2
train,16544,8
train,16545,7
train,16546,5
train,16547,0
train,16548,9
train,16549,1
train,16550,1
train,16551,5
train,16552,2
train,16553,0
train,16554,4
train,16555,3
train,16556,6
train,16557,3
train,16558,0
train,16559,6
train,16560,2
train,16561,5
train,16562,1
train,16563,8
train,16564,8
train,16565,8
train,16566,5
train,16567,1
train,16568,1
train,16569,9
train,16570,8
train,16571,4
train,16572,7
train,16573,5
train,16574,1
train,16575,2
train,16576,5
train,16577,3
train,16578,8
train,16579,4
train,16580,8
train,16581,0
train,16582,2
train,16583,4
train,16584,7
train,16585,2
train,16586,2
train,16587,3
train,16588,3
train,16589,2
train,16590,1
train,16591,5
train,16592,4
train,16593,8
train,16594,1
train,16595,8
train,16596,6
train,16597,5
train,16598,0
train,16599,5
train,16600,2
train,16601,1
train,16602,0
train,16603,7
train,16604,0
train,16605,3
train,16606,0
train,16607,6
train,16608,4
train,16609,4
train,16610,7
train,16611,9
train,16612,0
train,16613,3
train,16614,7
train,16615,0
train,16616,4
train,16617,2
train,16618,4
train,16619,7
train,16620,4
train,16621,5
train,16622,4
train,16623,5
train,16624,2
train,16625,9
train,16626,6
train,16627,8
train,16628,2
train,16629,8
train,16630,4
train,16631,5
train,16632,2
train,16633,6
train,16634,8
train,16635,2
train,16636,9
train,16637,1
train,16638,4
train,16639,3
train,16640,7
train,16641,5
train,16642,7
train,16643,8
train,16644,7
train,16645,9
train,16646,1
train,16647,1
train,16648,0
train,16649,1
train,16650,8
train,16651,2
train,16652,1
train,16653,6
train,16654,5
train,16655,2
train,16656,0
train,16657,1
train,16658,7
train,16659,7
train,16660,3
train,16661,5
train,16662,4
train,16663,7
train,16664,7
train,16665,0
train,16666,6
train,16667,7
train,16668,9
train,16669,6
train,16670,5
train,16671,7
train,16672,0
train,16673,0
train,16674,3
train,16675,6
train,16676,9
train,16677,7
train,16678,3
train,16679,3
train,16680,6
train,16681,9
train,16682,3
train,16683,4
train,16684,6
train,16685,2
train,16686,0
train,16687,1
train,16688,0
train,16689,6
train,16690,2
train,16691,0
train,16692,9
train,16693,1
train,16694,5
train,16695,2
train,16696,6
train,16697,2
train,16698,7
train,16699,2
train,16700,2
train,16701,1
train,16702,8
train,16703,8
train,16704,9
train,16705,1
train,16706,6
train,16707,1
train,16708,5
train,16709,4
train,16710,6
train,16711,8
train,16712,4
train,16713,1
train,16714,8
train,16715,5
train,16716,9
train,16717,1
train,16718,1
train,16719,4
train,16720,7
train,16721,6
train,16722,4
train,16723,1
train,16724,2
train,16725,7
train,16726,5
train,16727,0
train,16728,9
train,16729,3
train,16730,0
train,16731,2
train,16732,8
train,16733,1
train,16734,3
train,16735,5
train,16736,0
train,16737,0
train,16738,5
train,16739,2
train,16740,2
train,16741,9
train,16742,0
train,16743,7
train,16744,2
train,16745,7
train,16746,8
train,16747,7
train,16748,3
train,16749,9
train,16750,4
train,16751,0
train,16752,2
train,16753,2
train,16754,0
train,16755,0
train,16756,5
train,16757,4
train,16758,4
train,16759,2
train,16760,5
train,16761,6
train,16762,2
train,16763,0
train,16764,1
train,16765,9
train,16766,8
train,16767,9
train,16768,1
train,16769,8
train,16770,3
train,16771,5
train,16772,7
train,16773,2
train,16774,4
train,16775,9
train,16776,0
train,16777,8
train,16778,2
train,16779,5
train,16780,3
train,16781,0
train,16782,3
train,16783,2
train,16784,8
train,16785,4
train,16786,1
train,16787,9
train,16788,4
train,16789,2
train,16790,2
train,16791,8
train,16792,1
train,16793,8
train,16794,1
train,16795,2
train,16796,3
train,16797,8
train,16798,5
train,16799,4
train,16800,0
train,16801,3
train,16802,9
train,16803,9
train,16804,8
train,16805,6
train,16806,8
train,16807,2
train,16808,8
train,16809,2
train,16810,2
train,16811,4
train,16812,8
train,16813,3
train,16814,5
train,16815,3
train,16816,3
train,16817,7
train,16818,6
train,16819,4
train,16820,2
train,16821,3
train,16822,2
train,16823,8
train,16824,0
train,16825,0
train,16826,5
train,16827,4
train,16828,7
train,16829,7
train,16830,4
train,16831,2
train,16832,7
train,16833,0
train,16834,0
train,16835,7
train,16836,7
train,16837,3
train,16838,8
train,16839,7
train,16840,6
train,16841,2
train,16842,7
train,16843,3
train,16844,7
train,16845,8
train,16846,5
train,16847,0
train,16848,2
train,16849,6
train,16850,7
train,16851,1
train,16852,8
train,16853,1
train,16854,3
train,16855,2
train,16856,8
train,16857,6
train,16858,6
train,16859,7
train,16860,2
train,16861,9
train,16862,8
train,16863,1
train,16864,9
train,16865,7
train,16866,1
train,16867,8
train,16868,8
train,16869,2
train,16870,2
train,16871,8
train,16872,7
train,16873,3
train,16874,6
train,16875,1
train,16876,6
train,16877,1
train,16878,8
train,16879,7
train,16880,9
train,16881,9
train,16882,4
train,16883,9
train,16884,1
train,16885,5
train,16886,1
train,16887,8
train,16888,3
train,16889,3
train,16890,8
train,16891,8
train,16892,5
train,16893,0
train,16894,3
train,16895,1
train,16896,5
train,16897,4
train,16898,1
train,16899,7
train,16900,1
train,16901,2
train,16902,7
train,16903,7
train,16904,4
train,16905,1
train,16906,1
train,16907,3
train,16908,3
train,16909,9
train,16910,1
train,16911,8
train,16912,6
train,16913,3
train,16914,2
train,16915,1
train,16916,4
train,16917,4
train,16918,6
train,16919,0
train,16920,2
train,16921,1
train,16922,3
train,16923,5
train,16924,4
train,16925,0
train,16926,8
train,16927,2
train,16928,7
train,16929,0
train,16930,0
train,16931,6
train,16932,4
train,16933,5
train,16934,6
train,16935,6
train,16936,2
train,16937,8
train,16938,6
train,16939,7
train,16940,2
train,16941,0
train,16942,1
train,16943,4
train,16944,9
train,16945,3
train,16946,5
train,16947,0
train,16948,4
train,16949,9
train,16950,1
train,16951,1
train,16952,9
train,16953,7
train,16954,8
train,16955,0
train,16956,5
train,16957,8
train,16958,7
train,16959,4
train,16960,4
train,16961,5
train,16962,3
train,16963,2
train,16964,7
train,16965,7
train,16966,6
train,16967,3
train,16968,7
train,16969,1
train,16970,9
train,16971,6
train,16972,1
train,16973,4
train,16974,9
train,16975,9
train,16976,5
train,16977,6
train,16978,2
train,16979,4
train,16980,4
train,16981,8
train,16982,4
train,16983,4
train,16984,4
train,16985,3
train,16986,2
train,16987,9
train,16988,2
train,16989,5
train,16990,2
train,16991,0
train,16992,3
train,16993,4
train,16994,5
train,16995,2
train,16996,4
train,16997,8
train,16998,6
train,16999,1
train,17000,8
train,17001,6
train,17002,7
train,17003,6
train,17004,0
train,17005,5
train,17006,0
train,17007,0
train,17008,2
train,17009,1
train,17010,8
train,17011,7
train,17012,2
train,17013,3
train,17014,7
train,17015,4
train,17016,0
train,17017,8
train,17018,0
train,17019,4
train,17020,4
train,17021,8
train,17022,9
train,17023,7
train,17024,1
train,17025,8
train,17026,1
train,17027,8
train,17028,5
train,17029,1
train,17030,2
train,17031,9
train,17032,4
train,17033,8
train,17034,9
train,17035,4
train,17036,0
train,17037,5
train,17038,4
train,17039,3
train,17040,4
train,17041,8
train,17042,7
train,17043,8
train,17044,7
train,17045,4
train,17046,3
train,17047,9
train,17048,3
train,17049,1
train,17050,6
train,17051,4
train,17052,0
train,17053,6
train,17054,9
train,17055,2
train,17056,8
train,17057,0
train,17058,8
train,17059,7
train,17060,9
train,17061,6
train,17062,5
train,17063,2
train,17064,9
train,17065,4
train,17066,5
train,17067,6
train,17068,0
train,17069,7
train,17070,4
train,17071,2
train,17072,0
train,17073,9
train,17074,5
train,17075,8
train,17076,7
train,17077,8
train,17078,4
train,17079,6
train,17080,1
train,17081,2
train,17082,1
train,17083,3
train,17084,9
train,17085,8
train,17086,9
train,17087,3
train,17088,5
train,17089,3
train,17090,1
train,17091,9
train,17092,9
train,17093,6
train,17094,0
train,17095,4
train,17096,5
train,17097,4
train,17098,6
train,17099,6
train,17100,2
train,17101,7
train,17102,9
train,17103,2
train,17104,9
train,17105,6
train,17106,7
train,17107,7
train,17108,0
train,17109,9
train,17110,2
train,17111,0
train,17112,0
train,17113,4
train,17114,0
train,17115,2
train,17116,4
train,17117,5
train,17118,3
train,17119,0
train,17120,1
train,17121,2
train,17122,4
train,17123,7
train,17124,2
train,17125,2
train,17126,3
train,17127,1
train,17128,3
train,17129,9
train,17130,1
train,17131,2
train,17132,0
train,17133,1
train,17134,7
train,17135,4
train,17136,1
train,17137,2
train,17138,7
train,17139,4
train,17140,9
train,17141,3
train,17142,2
train,17143,2
train,17144,8
train,17145,2
train,17146,5
train,17147,2
train,17148,0
train,17149,2
train,17150,5
train,17151,4
train,17152,7
train,17153,3
train,17154,5
train,17155,6
train,17156,3
train,17157,8
train,17158,9
train,17159,7
train,17160,5
train,17161,5
train,17162,5
train,17163,3
train,17164,4
train,17165,7
train,17166,0
train,17167,7
train,17168,6
train,17169,7
train,17170,5
train,17171,6
train,17172,2
train,17173,2
train,17174,8
train,17175,2
train,17176,3
train,17177,9
train,17178,0
train,17179,6
train,17180,4
train,17181,3
train,17182,8
train,17183,8
train,17184,7
train,17185,0
train,17186,2
train,17187,7
train,17188,2
train,17189,9
train,17190,2
train,17191,0
train,17192,0
train,17193,6
train,17194,4
train,17195,4
train,17196,8
train,17197,6
train,17198,3
train,17199,2
train,17200,4
train,17201,8
train,17202,0
train,17203,8
train,17204,8
train,17205,5
train,17206,4
train,17207,0
train,17208,8
train,17209,5
train,17210,9
train,17211,9
train,17212,6
train,17213,8
train,17214,0
train,17215,1
train,17216,1
train,17217,2
train,17218,8
train,17219,2
train,17220,6
train,17221,6
train,17222,9
train,17223,7
train,17224,7
train,17225,5
train,17226,5
train,17227,8
train,17228,5
train,17229,4
train,17230,1
train,17231,4
train,17232,4
train,17233,1
train,17234,9
train,17235,1
train,17236,2
train,17237,4
train,17238,9
train,17239,2
train,17240,1
train,17241,7
train,17242,2
train,17243,2
train,17244,0
train,17245,5
train,17246,6
train,17247,5
train,17248,4
train,17249,7
train,17250,1
train,17251,3
train,17252,7
train,17253,6
train,17254,3
train,17255,0
train,17256,2
train,17257,9
train,17258,1
train,17259,4
train,17260,2
train,17261,4
train,17262,0
train,17263,8
train,17264,7
train,17265,7
train,17266,3
train,17267,8
train,17268,4
train,17269,7
train,17270,4
train,17271,5
train,17272,5
train,17273,6
train,17274,7
train,17275,8
train,17276,0
train,17277,7
train,17278,1
train,17279,8
train,17280,9
train,17281,1
train,17282,9
train,17283,2
train,17284,0
train,17285,1
train,17286,1
train,17287,9
train,17288,8
train,17289,4
train,17290,6
train,17291,1
train,17292,5
train,17293,9
train,17294,8
train,17295,8
train,17296,5
train,17297,4
train,17298,9
train,17299,1
train,17300,5
train,17301,6
train,17302,4
train,17303,1
train,17304,3
train,17305,8
train,17306,5
train,17307,6
train,17308,2
train,17309,3
train,17310,5
train,17311,9
train,17312,7
train,17313,9
train,17314,7
train,17315,7
train,17316,5
train,17317,6
train,17318,0
train,17319,6
train,17320,0
train,17321,4
train,17322,2
train,17323,2
train,17324,7
train,17325,1
train,17326,6
train,17327,9
train,17328,3
train,17329,2
train,17330,3
train,17331,3
train,17332,9
train,17333,6
train,17334,1
train,17335,4
train,17336,5
train,17337,1
train,17338,0
train,17339,1
train,17340,8
train,17341,5
train,17342,9
train,17343,6
train,17344,9
train,17345,8
train,17346,4
train,17347,3
train,17348,2
train,17349,6
train,17350,9
train,17351,6
train,17352,2
train,17353,8
train,17354,2
train,17355,4
train,17356,0
train,17357,4
train,17358,7
train,17359,5
train,17360,4
train,17361,1
train,17362,8
train,17363,5
train,17364,7
train,17365,2
train,17366,9
train,17367,9
train,17368,4
train,17369,1
train,17370,7
train,17371,9
train,17372,9
train,17373,7
train,17374,5
train,17375,9
train,17376,4
train,17377,0
train,17378,0
train,17379,2
train,17380,6
train,17381,0
train,17382,0
train,17383,7
train,17384,9
train,17385,5
train,17386,6
train,17387,9
train,17388,9
train,17389,4
train,17390,4
train,17391,6
train,17392,0
train,17393,2
train,17394,2
train,17395,5
train,17396,9
train,17397,1
train,17398,1
train,17399,0
train,17400,7
train,17401,3
train,17402,7
train,17403,8
train,17404,1
train,17405,1
train,17406,3
train,17407,5
train,17408,1
train,17409,0
train,17410,7
train,17411,1
train,17412,9
train,17413,9
train,17414,0
train,17415,0
train,17416,7
train,17417,0
train,17418,5
train,17419,6
train,17420,3
train,17421,6
train,17422,1
train,17423,1
train,17424,3
train,17425,5
train,17426,3
train,17427,4
train,17428,4
train,17429,1
train,17430,8
train,17431,8
train,17432,8
train,17433,1
train,17434,9
train,17435,2
train,17436,0
train,17437,3
train,17438,1
train,17439,5
train,17440,0
train,17441,1
train,17442,8
train,17443,2
train,17444,3
train,17445,5
train,17446,0
train,17447,5
train,17448,7
train,17449,2
train,17450,4
train,17451,7
train,17452,9
train,17453,6
train,17454,4
train,17455,9
train,17456,0
train,17457,6
train,17458,5
train,17459,9
train,17460,5
train,17461,9
train,17462,2
train,17463,5
train,17464,4
train,17465,3
train,17466,5
train,17467,3
train,17468,9
train,17469,7
train,17470,4
train,17471,3
train,17472,3
train,17473,7
train,17474,6
train,17475,8
train,17476,2
train,17477,5
train,17478,8
train,17479,5
train,17480,5
train,17481,1
train,17482,7
train,17483,4
train,17484,4
train,17485,0
train,17486,9
train,17487,8
train,17488,2
train,17489,3
train,17490,7
train,17491,5
train,17492,0
train,17493,3
train,17494,8
train,17495,6
train,17496,8
train,17497,9
train,17498,7
train,17499,5
train,17500,0
train,17501,2
train,17502,2
train,17503,1
train,17504,3
train,17505,6
train,17506,7
train,17507,2
train,17508,1
train,17509,0
train,17510,4
train,17511,3
train,17512,9
train,17513,2
train,17514,4
train,17515,3
train,17516,9
train,17517,5
train,17518,8
train,17519,3
train,17520,6
train,17521,1
train,17522,2
train,17523,1
train,17524,2
train,17525,5
train,17526,1
train,17527,4
train,17528,4
train,17529,5
train,17530,7
train,17531,5
train,17532,2
train,17533,4
train,17534,1
train,17535,8
train,17536,3
train,17537,1
train,17538,9
train,17539,8
train,17540,3
train,17541,7
train,17542,4
train,17543,7
train,17544,1
train,17545,2
train,17546,4
train,17547,6
train,17548,2
train,17549,3
train,17550,2
train,17551,8
train,17552,8
train,17553,0
train,17554,1
train,17555,5
train,17556,2
train,17557,0
train,17558,7
train,17559,2
train,17560,4
train,17561,8
train,17562,4
train,17563,4
train,17564,6
train,17565,3
train,17566,4
train,17567,7
train,17568,9
train,17569,2
train,17570,7
train,17571,8
train,17572,0
train,17573,4
train,17574,1
train,17575,4
train,17576,8
train,17577,5
train,17578,3
train,17579,1
train,17580,4
train,17581,1
train,17582,6
train,17583,7
train,17584,6
train,17585,7
train,17586,9
train,17587,6
train,17588,8
train,17589,4
train,17590,6
train,17591,3
train,17592,1
train,17593,8
train,17594,8
train,17595,0
train,17596,9
train,17597,4
train,17598,8
train,17599,5
train,17600,7
train,17601,4
train,17602,3
train,17603,1
train,17604,8
train,17605,6
train,17606,1
train,17607,0
train,17608,5
train,17609,4
train,17610,0
train,17611,1
train,17612,1
train,17613,7
train,17614,0
train,17615,4
train,17616,6
train,17617,5
train,17618,5
train,17619,1
train,17620,5
train,17621,7
train,17622,4
train,17623,3
train,17624,2
train,17625,9
train,17626,7
train,17627,0
train,17628,7
train,17629,7
train,17630,5
train,17631,7
train,17632,9
train,17633,8
train,17634,5
train,17635,3
train,17636,5
train,17637,2
train,17638,7
train,17639,2
train,17640,4
train,17641,5
train,17642,5
train,17643,6
train,17644,2
train,17645,0
train,17646,7
train,17647,5
train,17648,2
train,17649,7
train,17650,3
train,17651,0
train,17652,8
train,17653,6
train,17654,8
train,17655,6
train,17656,7
train,17657,4
train,17658,7
train,17659,2
train,17660,1
train,17661,8
train,17662,6
train,17663,9
train,17664,1
train,17665,4
train,17666,3
train,17667,6
train,17668,7
train,17669,4
train,17670,9
train,17671,2
train,17672,5
train,17673,8
train,17674,2
train,17675,8
train,17676,4
train,17677,8
train,17678,8
train,17679,6
train,17680,8
train,17681,6
train,17682,1
train,17683,8
train,17684,4
train,17685,1
train,17686,3
train,17687,9
train,17688,2
train,17689,8
train,17690,6
train,17691,6
train,17692,0
train,17693,0
train,17694,2
train,17695,7
train,17696,4
train,17697,3
train,17698,9
train,17699,7
train,17700,8
train,17701,5
train,17702,4
train,17703,8
train,17704,8
train,17705,4
train,17706,4
train,17707,3
train,17708,9
train,17709,6
train,17710,3
train,17711,6
train,17712,1
train,17713,6
train,17714,7
train,17715,3
train,17716,8
train,17717,3
train,17718,9
train,17719,8
train,17720,3
train,17721,9
train,17722,4
train,17723,5
train,17724,2
train,17725,7
train,17726,6
train,17727,6
train,17728,8
train,17729,9
train,17730,4
train,17731,6
train,17732,9
train,17733,9
train,17734,2
train,17735,8
train,17736,5
train,17737,9
train,17738,6
train,17739,8
train,17740,0
train,17741,0
train,17742,5
train,17743,8
train,17744,0
train,17745,4
train,17746,8
train,17747,7
train,17748,3
train,17749,3
train,17750,3
train,17751,6
train,17752,9
train,17753,5
train,17754,8
train,17755,6
train,17756,2
train,17757,6
train,17758,0
train,17759,9
train,17760,1
train,17761,5
train,17762,9
train,17763,7
train,17764,9
train,17765,9
train,17766,2
train,17767,5
train,17768,8
train,17769,8
train,17770,9
train,17771,8
train,17772,5
train,17773,5
train,17774,3
train,17775,6
train,17776,7
train,17777,9
train,17778,4
train,17779,3
train,17780,8
train,17781,0
train,17782,1
train,17783,1
train,17784,8
train,17785,1
train,17786,1
train,17787,9
train,17788,5
train,17789,8
train,17790,3
train,17791,8
train,17792,2
train,17793,4
train,17794,3
train,17795,7
train,17796,2
train,17797,4
train,17798,7
train,17799,8
train,17800,3
train,17801,9
train,17802,4
train,17803,7
train,17804,0
train,17805,9
train,17806,7
train,17807,7
train,17808,4
train,17809,2
train,17810,9
train,17811,9
train,17812,8
train,17813,7
train,17814,4
train,17815,9
train,17816,0
train,17817,7
train,17818,0
train,17819,5
train,17820,5
train,17821,6
train,17822,1
train,17823,5
train,17824,4
train,17825,4
train,17826,0
train,17827,4
train,17828,6
train,17829,2
train,17830,0
train,17831,6
train,17832,6
train,17833,9
train,17834,4
train,17835,5
train,17836,1
train,17837,3
train,17838,3
train,17839,8
train,17840,7
train,17841,6
train,17842,9
train,17843,0
train,17844,8
train,17845,7
train,17846,7
train,17847,9
train,17848,0
train,17849,5
train,17850,8
train,17851,0
train,17852,2
train,17853,2
train,17854,0
train,17855,2
train,17856,6
train,17857,4
train,17858,3
train,17859,1
train,17860,2
train,17861,2
train,17862,7
train,17863,5
train,17864,7
train,17865,3
train,17866,5
train,17867,4
train,17868,1
train,17869,1
train,17870,1
train,17871,5
train,17872,2
train,17873,2
train,17874,0
train,17875,6
train,17876,6
train,17877,9
train,17878,8
train,17879,4
train,17880,6
train,17881,2
train,17882,5
train,17883,2
train,17884,9
train,17885,3
train,17886,0
train,17887,0
train,17888,2
train,17889,1
train,17890,1
train,17891,5
train,17892,3
train,17893,2
train,17894,6
train,17895,3
train,17896,6
train,17897,8
train,17898,0
train,17899,7
train,17900,2
train,17901,0
train,17902,5
train,17903,8
train,17904,5
train,17905,1
train,17906,6
train,17907,6
train,17908,5
train,17909,9
train,17910,1
train,17911,9
train,17912,9
train,17913,2
train,17914,9
train,17915,4
train,17916,1
train,17917,1
train,17918,7
train,17919,7
train,17920,0
train,17921,0
train,17922,3
train,17923,3
train,17924,5
train,17925,5
train,17926,1
train,17927,8
train,17928,3
train,17929,0
train,17930,1
train,17931,1
train,17932,8
train,17933,6
train,17934,9
train,17935,8
train,17936,6
train,17937,6
train,17938,9
train,17939,9
train,17940,7
train,17941,3
train,17942,4
train,17943,3
train,17944,3
train,17945,0
train,17946,5
train,17947,0
train,17948,6
train,17949,3
train,17950,2
train,17951,0
train,17952,3
train,17953,9
train,17954,1
train,17955,0
train,17956,2
train,17957,6
train,17958,3
train,17959,7
train,17960,0
train,17961,7
train,17962,6
train,17963,5
train,17964,9
train,17965,0
train,17966,0
train,17967,2
train,17968,8
train,17969,2
train,17970,5
train,17971,5
train,17972,2
train,17973,6
train,17974,5
train,17975,9
train,17976,9
train,17977,2
train,17978,1
train,17979,6
train,17980,6
train,17981,6
train,17982,5
train,17983,3
train,17984,5
train,17985,2
train,17986,3
train,17987,3
train,17988,4
train,17989,2
train,17990,6
train,17991,1
train,17992,8
train,17993,2
train,17994,3
train,17995,2
train,17996,8
train,17997,4
train,17998,4
train,17999,1
train,18000,2
train,18001,1
train,18002,0
train,18003,2
train,18004,4
train,18005,5
train,18006,1
train,18007,6
train,18008,0
train,18009,0
train,18010,8
train,18011,5
train,18012,0
train,18013,7
train,18014,3
train,18015,9
train,18016,7
train,18017,3
train,18018,8
train,18019,5
train,18020,9
train,18021,1
train,18022,5
train,18023,3
train,18024,9
train,18025,8
train,18026,1
train,18027,0
train,18028,8
train,18029,9
train,18030,7
train,18031,0
train,18032,3
train,18033,3
train,18034,0
train,18035,3
train,18036,8
train,18037,6
train,18038,2
train,18039,1
train,18040,0
train,18041,5
train,18042,4
train,18043,7
train,18044,7
train,18045,0
train,18046,4
train,18047,4
train,18048,4
train,18049,8
train,18050,3
train,18051,8
train,18052,1
train,18053,9
train,18054,8
train,18055,3
train,18056,0
train,18057,2
train,18058,4
train,18059,8
train,18060,9
train,18061,4
train,18062,4
train,18063,8
train,18064,2
train,18065,9
train,18066,4
train,18067,1
train,18068,2
train,18069,4
train,18070,9
train,18071,0
train,18072,6
train,18073,5
train,18074,5
train,18075,4
train,18076,2
train,18077,7
train,18078,6
train,18079,3
train,18080,0
train,18081,6
train,18082,3
train,18083,1
train,18084,8
train,18085,9
train,18086,9
train,18087,4
train,18088,1
train,18089,3
train,18090,1
train,18091,1
train,18092,3
train,18093,3
train,18094,4
train,18095,3
train,18096,6
train,18097,1
train,18098,6
train,18099,6
train,18100,0
train,18101,8
train,18102,2
train,18103,0
train,18104,4
train,18105,0
train,18106,3
train,18107,3
train,18108,1
train,18109,6
train,18110,6
train,18111,1
train,18112,6
train,18113,4
train,18114,9
train,18115,9
train,18116,7
train,18117,0
train,18118,8
train,18119,9
train,18120,7
train,18121,5
train,18122,5
train,18123,4
train,18124,0
train,18125,1
train,18126,8
train,18127,4
train,18128,0
train,18129,7
train,18130,6
train,18131,9
train,18132,5
train,18133,7
train,18134,7
train,18135,2
train,18136,7
train,18137,2
train,18138,1
train,18139,7
train,18140,8
train,18141,7
train,18142,1
train,18143,7
train,18144,7
train,18145,4
train,18146,3
train,18147,9
train,18148,1
train,18149,8
train,18150,5
train,18151,1
train,18152,3
train,18153,3
train,18154,5
train,18155,5
train,18156,9
train,18157,6
train,18158,2
train,18159,2
train,18160,9
train,18161,6
train,18162,2
train,18163,0
train,18164,2
train,18165,8
train,18166,9
train,18167,6
train,18168,3
train,18169,8
train,18170,4
train,18171,2
train,18172,7
train,18173,8
train,18174,1
train,18175,2
train,18176,5
train,18177,0
train,18178,1
train,18179,9
train,18180,9
train,18181,6
train,18182,2
train,18183,4
train,18184,6
train,18185,5
train,18186,4
train,18187,8
train,18188,8
train,18189,9
train,18190,9
train,18191,2
train,18192,8
train,18193,4
train,18194,2
train,18195,7
train,18196,9
train,18197,0
train,18198,7
train,18199,7
train,18200,8
train,18201,6
train,18202,1
train,18203,6
train,18204,8
train,18205,2
train,18206,4
train,18207,6
train,18208,8
train,18209,9
train,18210,7
train,18211,3
train,18212,8
train,18213,4
train,18214,6
train,18215,5
train,18216,7
train,18217,3
train,18218,3
train,18219,6
train,18220,4
train,18221,8
train,18222,6
train,18223,8
train,18224,5
train,18225,1
train,18226,5
train,18227,1
train,18228,5
train,18229,2
train,18230,1
train,18231,8
train,18232,4
train,18233,4
train,18234,7
train,18235,7
train,18236,4
train,18237,8
train,18238,1
train,18239,8
train,18240,9
train,18241,3
train,18242,1
train,18243,3
train,18244,5
train,18245,9
train,18246,0
train,18247,1
train,18248,4
train,18249,4
train,18250,2
train,18251,4
train,18252,4
train,18253,7
train,18254,8
train,18255,7
train,18256,2
train,18257,3
train,18258,7
train,18259,7
train,18260,1
train,18261,2
train,18262,3
train,18263,8
train,18264,9
train,18265,8
train,18266,6
train,18267,4
train,18268,5
train,18269,5
train,18270,8
train,18271,5
train,18272,9
train,18273,2
train,18274,7
train,18275,3
train,18276,5
train,18277,5
train,18278,2
train,18279,2
train,18280,9
train,18281,7
train,18282,0
train,18283,0
train,18284,7
train,18285,7
train,18286,8
train,18287,6
train,18288,2
train,18289,5
train,18290,9
train,18291,7
train,18292,3
train,18293,8
train,18294,4
train,18295,5
train,18296,5
train,18297,8
train,18298,5
train,18299,7
train,18300,2
train,18301,3
train,18302,9
train,18303,9
train,18304,5
train,18305,1
train,18306,1
train,18307,0
train,18308,8
train,18309,8
train,18310,6
train,18311,0
train,18312,4
train,18313,9
train,18314,5
train,18315,6
train,18316,9
train,18317,4
train,18318,0
train,18319,0
train,18320,7
train,18321,4
train,18322,9
train,18323,7
train,18324,7
train,18325,8
train,18326,0
train,18327,4
train,18328,1
train,18329,6
train,18330,2
train,18331,1
train,18332,6
train,18333,4
train,18334,0
train,18335,3
train,18336,2
train,18337,3
train,18338,1
train,18339,0
train,18340,5
train,18341,2
train,18342,0
train,18343,1
train,18344,2
train,18345,7
train,18346,8
train,18347,6
train,18348,4
train,18349,1
train,18350,3
train,18351,1
train,18352,0
train,18353,7
train,18354,0
train,18355,9
train,18356,8
train,18357,7
train,18358,5
train,18359,7
train,18360,6
train,18361,4
train,18362,5
train,18363,4
train,18364,8
train,18365,0
train,18366,1
train,18367,1
train,18368,7
train,18369,2
train,18370,5
train,18371,2
train,18372,7
train,18373,1
train,18374,0
train,18375,0
train,18376,7
train,18377,9
train,18378,1
train,18379,6
train,18380,6
train,18381,2
train,18382,7
train,18383,2
train,18384,1
train,18385,5
train,18386,2
train,18387,0
train,18388,6
train,18389,1
train,18390,4
train,18391,6
train,18392,0
train,18393,9
train,18394,5
train,18395,5
train,18396,4
train,18397,3
train,18398,5
train,18399,1
train,18400,6
train,18401,3
train,18402,1
train,18403,4
train,18404,5
train,18405,8
train,18406,1
train,18407,8
train,18408,3
train,18409,2
train,18410,1
train,18411,4
train,18412,8
train,18413,4
train,18414,5
train,18415,3
train,18416,3
train,18417,7
train,18418,5
train,18419,2
train,18420,9
train,18421,4
train,18422,0
train,18423,1
train,18424,7
train,18425,1
train,18426,6
train,18427,4
train,18428,4
train,18429,7
train,18430,2
train,18431,0
train,18432,9
train,18433,6
train,18434,2
train,18435,8
train,18436,0
train,18437,5
train,18438,1
train,18439,7
train,18440,6
train,18441,7
train,18442,6
train,18443,0
train,18444,5
train,18445,5
train,18446,0
train,18447,9
train,18448,1
train,18449,4
train,18450,4
train,18451,0
train,18452,3
train,18453,4
train,18454,7
train,18455,8
train,18456,4
train,18457,0
train,18458,9
train,18459,2
train,18460,1
train,18461,6
train,18462,0
train,18463,3
train,18464,6
train,18465,4
train,18466,9
train,18467,2
train,18468,9
train,18469,2
train,18470,1
train,18471,6
train,18472,0
train,18473,5
train,18474,3
train,18475,9
train,18476,2
train,18477,9
train,18478,9
train,18479,4
train,18480,2
train,18481,4
train,18482,0
train,18483,2
train,18484,1
train,18485,7
train,18486,2
train,18487,6
train,18488,2
train,18489,9
train,18490,4
train,18491,3
train,18492,2
train,18493,6
train,18494,1
train,18495,8
train,18496,2
train,18497,0
train,18498,9
train,18499,9
train,18500,2
train,18501,0
train,18502,6
train,18503,1
train,18504,2
train,18505,4
train,18506,2
train,18507,0
train,18508,7
train,18509,2
train,18510,1
train,18511,5
train,18512,1
train,18513,9
train,18514,2
train,18515,5
train,18516,0
train,18517,2
train,18518,7
train,18519,9
train,18520,5
train,18521,2
train,18522,9
train,18523,5
train,18524,7
train,18525,8
train,18526,9
train,18527,6
train,18528,3
train,18529,0
train,18530,9
train,18531,6
train,18532,4
train,18533,5
train,18534,6
train,18535,0
train,18536,9
train,18537,8
train,18538,9
train,18539,5
train,18540,1
train,18541,1
train,18542,2
train,18543,3
train,18544,8
train,18545,7
train,18546,5
train,18547,0
train,18548,5
train,18549,8
train,18550,9
train,18551,1
train,18552,7
train,18553,3
train,18554,4
train,18555,3
train,18556,2
train,18557,3
train,18558,5
train,18559,3
train,18560,0
train,18561,9
train,18562,5
train,18563,2
train,18564,8
train,18565,1
train,18566,4
train,18567,3
train,18568,8
train,18569,7
train,18570,4
train,18571,2
train,18572,3
train,18573,2
train,18574,6
train,18575,8
train,18576,7
train,18577,0
train,18578,1
train,18579,5
train,18580,8
train,18581,5
train,18582,8
train,18583,6
train,18584,8
train,18585,0
train,18586,6
train,18587,8
train,18588,0
train,18589,7
train,18590,2
train,18591,6
train,18592,4
train,18593,1
train,18594,4
train,18595,2
train,18596,3
train,18597,0
train,18598,3
train,18599,9
train,18600,6
train,18601,5
train,18602,5
train,18603,7
train,18604,8
train,18605,7
train,18606,5
train,18607,9
train,18608,3
train,18609,2
train,18610,3
train,18611,8
train,18612,7
train,18613,7
train,18614,1
train,18615,9
train,18616,1
train,18617,8
train,18618,0
train,18619,5
train,18620,0
train,18621,7
train,18622,1
train,18623,5
train,18624,8
train,18625,5
train,18626,6
train,18627,5
train,18628,1
train,18629,4
train,18630,4
train,18631,7
train,18632,3
train,18633,5
train,18634,3
train,18635,1
train,18636,0
train,18637,5
train,18638,2
train,18639,3
train,18640,1
train,18641,6
train,18642,7
train,18643,3
train,18644,1
train,18645,0
train,18646,0
train,18647,7
train,18648,7
train,18649,6
train,18650,8
train,18651,2
train,18652,2
train,18653,0
train,18654,4
train,18655,6
train,18656,3
train,18657,8
train,18658,8
train,18659,0
train,18660,3
train,18661,3
train,18662,1
train,18663,1
train,18664,3
train,18665,1
train,18666,7
train,18667,8
train,18668,6
train,18669,0
train,18670,6
train,18671,1
train,18672,4
train,18673,3
train,18674,2
train,18675,1
train,18676,2
train,18677,6
train,18678,0
train,18679,5
train,18680,9
train,18681,2
train,18682,6
train,18683,4
train,18684,9
train,18685,3
train,18686,6
train,18687,6
train,18688,0
train,18689,2
train,18690,9
train,18691,3
train,18692,1
train,18693,7
train,18694,1
train,18695,5
train,18696,6
train,18697,4
train,18698,6
train,18699,1
train,18700,5
train,18701,0
train,18702,8
train,18703,0
train,18704,8
train,18705,8
train,18706,5
train,18707,8
train,18708,4
train,18709,5
train,18710,7
train,18711,9
train,18712,5
train,18713,2
train,18714,2
train,18715,3
train,18716,1
train,18717,7
train,18718,4
train,18719,8
train,18720,9
train,18721,8
train,18722,3
train,18723,2
train,18724,4
train,18725,3
train,18726,5
train,18727,1
train,18728,0
train,18729,5
train,18730,8
train,18731,3
train,18732,2
train,18733,1
train,18734,8
train,18735,2
train,18736,5
train,18737,7
train,18738,1
train,18739,7
train,18740,1
train,18741,6
train,18742,0
train,18743,2
train,18744,4
train,18745,6
train,18746,1
train,18747,2
train,18748,4
train,18749,1
train,18750,0
train,18751,1
train,18752,6
train,18753,7
train,18754,0
train,18755,5
train,18756,9
train,18757,6
train,18758,6
train,18759,6
train,18760,3
train,18761,4
train,18762,6
train,18763,4
train,18764,8
train,18765,5
train,18766,5
train,18767,2
train,18768,2
train,18769,7
train,18770,8
train,18771,9
train,18772,6
train,18773,2
train,18774,4
train,18775,5
train,18776,0
train,18777,4
train,18778,7
train,18779,0
train,18780,6
train,18781,5
train,18782,4
train,18783,4
train,18784,9
train,18785,8
train,18786,6
train,18787,1
train,18788,0
train,18789,8
train,18790,8
train,18791,9
train,18792,3
train,18793,3
train,18794,3
train,18795,7
train,18796,6
train,18797,2
train,18798,0
train,18799,4
train,18800,2
train,18801,9
train,18802,1
train,18803,1
train,18804,0
train,18805,9
train,18806,7
train,18807,9
train,18808,3
train,18809,7
train,18810,1
train,18811,2
train,18812,1
train,18813,9
train,18814,9
train,18815,6
train,18816,9
train,18817,7
train,18818,7
train,18819,1
train,18820,3
train,18821,3
train,18822,9
train,18823,5
train,18824,5
train,18825,1
train,18826,9
train,18827,3
train,18828,5
train,18829,1
train,18830,9
train,18831,5
train,18832,9
train,18833,9
train,18834,0
train,18835,6
train,18836,6
train,18837,9
train,18838,6
train,18839,1
train,18840,1
train,18841,6
train,18842,9
train,18843,9
train,18844,0
train,18845,6
train,18846,4
train,18847,7
train,18848,2
train,18849,2
train,18850,6
train,18851,0
train,18852,5
train,18853,8
train,18854,3
train,18855,1
train,18856,0
train,18857,4
train,18858,9
train,18859,0
train,18860,6
train,18861,0
train,18862,7
train,18863,2
train,18864,6
train,18865,6
train,18866,4
train,18867,6
train,18868,9
train,18869,8
train,18870,9
train,18871,0
train,18872,4
train,18873,0
train,18874,1
train,18875,8
train,18876,0
train,18877,9
train,18878,1
train,18879,3
train,18880,5
train,18881,0
train,18882,4
train,18883,8
train,18884,8
train,18885,9
train,18886,8
train,18887,6
train,18888,0
train,18889,5
train,18890,0
train,18891,3
train,18892,7
train,18893,2
train,18894,8
train,18895,2
train,18896,5
train,18897,6
train,18898,6
train,18899,6
train,18900,8
train,18901,2
train,18902,0
train,18903,5
train,18904,3
train,18905,3
train,18906,9
train,18907,9
train,18908,9
train,18909,1
train,18910,2
train,18911,2
train,18912,2
train,18913,9
train,18914,1
train,18915,5
train,18916,1
train,18917,4
train,18918,8
train,18919,2
train,18920,4
train,18921,3
train,18922,5
train,18923,7
train,18924,2
train,18925,5
train,18926,9
train,18927,7
train,18928,5
train,18929,5
train,18930,1
train,18931,5
train,18932,4
train,18933,9
train,18934,4
train,18935,5
train,18936,6
train,18937,1
train,18938,9
train,18939,6
train,18940,2
train,18941,1
train,18942,7
train,18943,9
train,18944,2
train,18945,5
train,18946,9
train,18947,2
train,18948,6
train,18949,1
train,18950,3
train,18951,7
train,18952,9
train,18953,6
train,18954,9
train,18955,9
train,18956,7
train,18957,7
train,18958,4
train,18959,5
train,18960,1
train,18961,4
train,18962,4
train,18963,2
train,18964,4
train,18965,6
train,18966,8
train,18967,6
train,18968,3
train,18969,2
train,18970,4
train,18971,1
train,18972,3
train,18973,9
train,18974,5
train,18975,7
train,18976,6
train,18977,3
train,18978,5
train,18979,9
train,18980,8
train,18981,7
train,18982,2
train,18983,9
train,18984,2
train,18985,7
train,18986,3
train,18987,4
train,18988,6
train,18989,3
train,18990,7
train,18991,0
train,18992,6
train,18993,7
train,18994,1
train,18995,5
train,18996,8
train,18997,3
train,18998,3
train,18999,7
train,19000,1
train,19001,2
train,19002,4
train,19003,0
train,19004,7
train,19005,9
train,19006,5
train,19007,4
train,19008,5
train,19009,6
train,19010,7
train,19011,6
train,19012,1
train,19013,7
train,19014,7
train,19015,1
train,19016,2
train,19017,5
train,19018,0
train,19019,7
train,19020,1
train,19021,8
train,19022,0
train,19023,9
train,19024,1
train,19025,6
train,19026,8
train,19027,5
train,19028,4
train,19029,2
train,19030,2
train,19031,3
train,19032,9
train,19033,2
train,19034,8
train,19035,6
train,19036,0
train,19037,6
train,19038,7
train,19039,6
train,19040,4
train,19041,2
train,19042,3
train,19043,6
train,19044,4
train,19045,0
train,19046,6
train,19047,2
train,19048,9
train,19049,8
train,19050,2
train,19051,6
train,19052,5
train,19053,7
train,19054,1
train,19055,4
train,19056,1
train,19057,2
train,19058,1
train,19059,7
train,19060,8
train,19061,4
train,19062,1
train,19063,0
train,19064,2
train,19065,1
train,19066,9
train,19067,7
train,19068,8
train,19069,5
train,19070,9
train,19071,8
train,19072,7
train,19073,5
train,19074,9
train,19075,7
train,19076,8
train,19077,0
train,19078,6
train,19079,2
train,19080,6
train,19081,6
train,19082,5
train,19083,3
train,19084,8
train,19085,0
train,19086,2
train,19087,8
train,19088,5
train,19089,3
train,19090,3
train,19091,5
train,19092,7
train,19093,2
train,19094,8
train,19095,3
train,19096,6
train,19097,7
train,19098,6
train,19099,2
train,19100,3
train,19101,2
train,19102,6
train,19103,2
train,19104,3
train,19105,4
train,19106,2
train,19107,5
train,19108,4
train,19109,1
train,19110,9
train,19111,1
train,19112,1
train,19113,1
train,19114,9
train,19115,6
train,19116,8
train,19117,8
train,19118,6
train,19119,3
train,19120,4
train,19121,3
train,19122,9
train,19123,0
train,19124,4
train,19125,5
train,19126,5
train,19127,7
train,19128,1
train,19129,2
train,19130,7
train,19131,4
train,19132,2
train,19133,4
train,19134,6
train,19135,7
train,19136,2
train,19137,3
train,19138,3
train,19139,7
train,19140,0
train,19141,5
train,19142,1
train,19143,2
train,19144,9
train,19145,8
train,19146,5
train,19147,3
train,19148,3
train,19149,4
train,19150,4
train,19151,2
train,19152,8
train,19153,8
train,19154,2
train,19155,9
train,19156,9
train,19157,1
train,19158,8
train,19159,2
train,19160,3
train,19161,0
train,19162,4
train,19163,6
train,19164,6
train,19165,0
train,19166,4
train,19167,4
train,19168,7
train,19169,2
train,19170,3
train,19171,1
train,19172,8
train,19173,2
train,19174,4
train,19175,3
train,19176,6
train,19177,6
train,19178,2
train,19179,4
train,19180,6
train,19181,2
train,19182,3
train,19183,1
train,19184,2
train,19185,5
train,19186,1
train,19187,3
train,19188,0
train,19189,5
train,19190,4
train,19191,9
train,19192,4
train,19193,9
train,19194,6
train,19195,4
train,19196,9
train,19197,7
train,19198,5
train,19199,9
train,19200,5
train,19201,1
train,19202,1
train,19203,7
train,19204,7
train,19205,5
train,19206,2
train,19207,6
train,19208,0
train,19209,7
train,19210,2
train,19211,7
train,19212,4
train,19213,1
train,19214,3
train,19215,5
train,19216,0
train,19217,1
train,19218,3
train,19219,3
train,19220,0
train,19221,6
train,19222,7
train,19223,9
train,19224,3
train,19225,8
train,19226,9
train,19227,4
train,19228,9
train,19229,1
train,19230,5
train,19231,5
train,19232,7
train,19233,8
train,19234,6
train,19235,7
train,19236,9
train,19237,6
train,19238,8
train,19239,7
train,19240,8
train,19241,2
train,19242,1
train,19243,6
train,19244,0
train,19245,9
train,19246,2
train,19247,1
train,19248,4
train,19249,4
train,19250,1
train,19251,8
train,19252,0
train,19253,0
train,19254,4
train,19255,2
train,19256,1
train,19257,4
train,19258,5
train,19259,7
train,19260,0
train,19261,9
train,19262,0
train,19263,4
train,19264,4
train,19265,7
train,19266,5
train,19267,9
train,19268,3
train,19269,3
train,19270,3
train,19271,4
train,19272,7
train,19273,7
train,19274,7
train,19275,6
train,19276,2
train,19277,5
train,19278,8
train,19279,7
train,19280,7
train,19281,1
train,19282,1
train,19283,6
train,19284,9
train,19285,9
train,19286,9
train,19287,4
train,19288,7
train,19289,3
train,19290,0
train,19291,5
train,19292,7
train,19293,9
train,19294,2
train,19295,6
train,19296,2
train,19297,5
train,19298,6
train,19299,5
train,19300,1
train,19301,8
train,19302,4
train,19303,0
train,19304,9
train,19305,0
train,19306,4
train,19307,4
train,19308,9
train,19309,3
train,19310,5
train,19311,7
train,19312,6
train,19313,2
train,19314,9
train,19315,0
train,19316,7
train,19317,1
train,19318,0
train,19319,1
train,19320,1
train,19321,2
train,19322,2
train,19323,5
train,19324,3
train,19325,5
train,19326,9
train,19327,2
train,19328,1
train,19329,9
train,19330,7
train,19331,4
train,19332,9
train,19333,3
train,19334,4
train,19335,6
train,19336,5
train,19337,0
train,19338,6
train,19339,6
train,19340,7
train,19341,7
train,19342,8
train,19343,2
train,19344,1
train,19345,9
train,19346,7
train,19347,9
train,19348,0
train,19349,8
train,19350,8
train,19351,1
train,19352,2
train,19353,0
train,19354,6
train,19355,2
train,19356,0
train,19357,5
train,19358,1
train,19359,8
train,19360,0
train,19361,1
train,19362,3
train,19363,3
train,19364,6
train,19365,3
train,19366,2
train,19367,8
train,19368,1
train,19369,9
train,19370,0
train,19371,0
train,19372,8
train,19373,4
train,19374,8
train,19375,0
train,19376,1
train,19377,0
train,19378,6
train,19379,9
train,19380,8
train,19381,3
train,19382,1
train,19383,9
train,19384,1
train,19385,9
train,19386,3
train,19387,9
train,19388,6
train,19389,4
train,19390,3
train,19391,1
train,19392,2
train,19393,9
train,19394,9
train,19395,5
train,19396,5
train,19397,1
train,19398,9
train,19399,7
train,19400,8
train,19401,7
train,19402,8
train,19403,8
train,19404,3
train,19405,1
train,19406,7
train,19407,8
train,19408,6
train,19409,5
train,19410,3
train,19411,9
train,19412,0
train,19413,7
train,19414,0
train,19415,3
train,19416,7
train,19417,7
train,19418,6
train,19419,7
train,19420,0
train,19421,6
train,19422,4
train,19423,6
train,19424,4
train,19425,7
train,19426,0
train,19427,7
train,19428,9
train,19429,5
train,19430,1
train,19431,9
train,19432,8
train,19433,5
train,19434,1
train,19435,9
train,19436,8
train,19437,5
train,19438,7
train,19439,8
train,19440,4
train,19441,1
train,19442,9
train,19443,7
train,19444,8
train,19445,8
train,19446,7
train,19447,7
train,19448,4
train,19449,3
train,19450,1
train,19451,7
train,19452,2
train,19453,0
train,19454,8
train,19455,4
train,19456,9
train,19457,8
train,19458,9
train,19459,4
train,19460,8
train,19461,7
train,19462,4
train,19463,5
train,19464,4
train,19465,4
train,19466,7
train,19467,4
train,19468,6
train,19469,2
train,19470,1
train,19471,3
train,19472,8
train,19473,0
train,19474,8
train,19475,5
train,19476,1
train,19477,9
train,19478,3
train,19479,8
train,19480,1
train,19481,3
train,19482,1
train,19483,0
train,19484,6
train,19485,7
train,19486,7
train,19487,0
train,19488,8
train,19489,1
train,19490,5
train,19491,6
train,19492,1
train,19493,4
train,19494,2
train,19495,4
train,19496,8
train,19497,5
train,19498,1
train,19499,1
train,19500,0
train,19501,5
train,19502,3
train,19503,1
train,19504,5
train,19505,2
train,19506,9
train,19507,9
train,19508,7
train,19509,5
train,19510,5
train,19511,0
train,19512,8
train,19513,3
train,19514,1
train,19515,8
train,19516,0
train,19517,3
train,19518,5
train,19519,0
train,19520,7
train,19521,6
train,19522,5
train,19523,1
train,19524,5
train,19525,3
train,19526,5
train,19527,4
train,19528,2
train,19529,9
train,19530,7
train,19531,1
train,19532,7
train,19533,7
train,19534,1
train,19535,8
train,19536,2
train,19537,1
train,19538,3
train,19539,1
train,19540,6
train,19541,1
train,19542,6
train,19543,1
train,19544,7
train,19545,7
train,19546,4
train,19547,3
train,19548,5
train,19549,0
train,19550,2
train,19551,2
train,19552,9
train,19553,9
train,19554,7
train,19555,7
train,19556,9
train,19557,5
train,19558,9
train,19559,0
train,19560,1
train,19561,3
train,19562,0
train,19563,6
train,19564,4
train,19565,9
train,19566,3
train,19567,3
train,19568,2
train,19569,4
train,19570,6
train,19571,2
train,19572,6
train,19573,0
train,19574,6
train,19575,5
train,19576,6
train,19577,4
train,19578,1
train,19579,9
train,19580,1
train,19581,4
train,19582,3
train,19583,7
train,19584,7
train,19585,8
train,19586,9
train,19587,4
train,19588,7
train,19589,9
train,19590,2
train,19591,1
train,19592,1
train,19593,6
train,19594,6
train,19595,6
train,19596,0
train,19597,5
train,19598,4
train,19599,9
train,19600,2
train,19601,9
train,19602,4
train,19603,0
train,19604,5
train,19605,7
train,19606,1
train,19607,3
train,19608,6
train,19609,8
train,19610,1
train,19611,9
train,19612,8
train,19613,4
train,19614,0
train,19615,3
train,19616,7
train,19617,2
train,19618,4
train,19619,5
train,19620,7
train,19621,5
train,19622,2
train,19623,9
train,19624,2
train,19625,4
train,19626,4
train,19627,1
train,19628,7
train,19629,2
train,19630,9
train,19631,8
train,19632,2
train,19633,3
train,19634,6
train,19635,8
train,19636,5
train,19637,4
train,19638,3
train,19639,5
train,19640,3
train,19641,3
train,19642,8
train,19643,5
train,19644,7
train,19645,0
train,19646,2
train,19647,9
train,19648,6
train,19649,8
train,19650,3
train,19651,6
train,19652,3
train,19653,3
train,19654,1
train,19655,9
train,19656,5
train,19657,2
train,19658,3
train,19659,3
train,19660,6
train,19661,9
train,19662,8
train,19663,2
train,19664,6
train,19665,5
train,19666,5
train,19667,3
train,19668,2
train,19669,4
train,19670,9
train,19671,7
train,19672,0
train,19673,2
train,19674,2
train,19675,4
train,19676,9
train,19677,6
train,19678,4
train,19679,1
train,19680,7
train,19681,7
train,19682,5
train,19683,0
train,19684,0
train,19685,1
train,19686,9
train,19687,2
train,19688,5
train,19689,7
train,19690,1
train,19691,5
train,19692,3
train,19693,8
train,19694,3
train,19695,0
train,19696,8
train,19697,1
train,19698,9
train,19699,3
train,19700,9
train,19701,2
train,19702,3
train,19703,4
train,19704,6
train,19705,5
train,19706,2
train,19707,8
train,19708,3
train,19709,7
train,19710,3
train,19711,9
train,19712,2
train,19713,0
train,19714,8
train,19715,1
train,19716,5
train,19717,7
train,19718,2
train,19719,7
train,19720,8
train,19721,9
train,19722,3
train,19723,6
train,19724,5
train,19725,9
train,19726,3
train,19727,0
train,19728,6
train,19729,1
train,19730,1
train,19731,4
train,19732,0
train,19733,3
train,19734,9
train,19735,2
train,19736,1
train,19737,7
train,19738,2
train,19739,1
train,19740,8
train,19741,5
train,19742,5
train,19743,1
train,19744,9
train,19745,1
train,19746,8
train,19747,0
train,19748,3
train,19749,7
train,19750,6
train,19751,0
train,19752,3
train,19753,9
train,19754,8
train,19755,3
train,19756,3
train,19757,4
train,19758,7
train,19759,5
train,19760,4
train,19761,6
train,19762,5
train,19763,6
train,19764,2
train,19765,6
train,19766,4
train,19767,4
train,19768,0
train,19769,5
train,19770,2
train,19771,4
train,19772,5
train,19773,6
train,19774,2
train,19775,1
train,19776,6
train,19777,5
train,19778,1
train,19779,1
train,19780,2
train,19781,6
train,19782,9
train,19783,7
train,19784,7
train,19785,4
train,19786,2
train,19787,7
train,19788,8
train,19789,1
train,19790,9
train,19791,1
train,19792,4
train,19793,4
train,19794,8
train,19795,5
train,19796,6
train,19797,9
train,19798,8
train,19799,2
train,19800,1
train,19801,6
train,19802,1
train,19803,9
train,19804,7
train,19805,5
train,19806,0
train,19807,7
train,19808,7
train,19809,8
train,19810,7
train,19811,1
train,19812,4
train,19813,9
train,19814,4
train,19815,0
train,19816,3
train,19817,3
train,19818,0
train,19819,6
train,19820,0
train,19821,5
train,19822,4
train,19823,2
train,19824,7
train,19825,9
train,19826,6
train,19827,4
train,19828,4
train,19829,4
train,19830,0
train,19831,8
train,19832,1
train,19833,0
train,19834,3
train,19835,7
train,19836,6
train,19837,9
train,19838,3
train,19839,5
train,19840,5
train,19841,5
train,19842,0
train,19843,4
train,19844,1
train,19845,3
train,19846,8
train,19847,2
train,19848,2
train,19849,1
train,19850,6
train,19851,5
train,19852,3
train,19853,1
train,19854,5
train,19855,9
train,19856,1
train,19857,7
train,19858,4
train,19859,9
train,19860,8
train,19861,7
train,19862,5
train,19863,5
train,19864,1
train,19865,3
train,19866,4
train,19867,1
train,19868,1
train,19869,9
train,19870,9
train,19871,9
train,19872,7
train,19873,0
train,19874,0
train,19875,9
train,19876,2
train,19877,5
train,19878,6
train,19879,9
train,19880,6
train,19881,7
train,19882,6
train,19883,6
train,19884,5
train,19885,7
train,19886,8
train,19887,2
train,19888,9
train,19889,3
train,19890,8
train,19891,9
train,19892,3
train,19893,7
train,19894,7
train,19895,1
train,19896,0
train,19897,1
train,19898,4
train,19899,4
train,19900,2
train,19901,9
train,19902,5
train,19903,8
train,19904,6
train,19905,0
train,19906,8
train,19907,6
train,19908,6
train,19909,0
train,19910,0
train,19911,1
train,19912,4
train,19913,5
train,19914,4
train,19915,6
train,19916,7
train,19917,0
train,19918,6
train,19919,6
train,19920,0
train,19921,3
train,19922,0
train,19923,4
train,19924,4
train,19925,4
train,19926,1
train,19927,6
train,19928,4
train,19929,0
train,19930,9
train,19931,1
train,19932,5
train,19933,0
train,19934,2
train,19935,6
train,19936,5
train,19937,7
train,19938,8
train,19939,2
train,19940,1
train,19941,7
train,19942,8
train,19943,6
train,19944,1
train,19945,1
train,19946,6
train,19947,9
train,19948,1
train,19949,3
train,19950,8
train,19951,2
train,19952,6
train,19953,0
train,19954,0
train,19955,6
train,19956,8
train,19957,3
train,19958,6
train,19959,7
train,19960,0
train,19961,9
train,19962,0
train,19963,6
train,19964,8
train,19965,0
train,19966,2
train,19967,5
train,19968,9
train,19969,2
train,19970,7
train,19971,4
train,19972,6
train,19973,9
train,19974,4
train,19975,8
train,19976,1
train,19977,8
train,19978,9
train,19979,1
train,19980,2
train,19981,8
train,19982,1
train,19983,8
train,19984,2
train,19985,5
train,19986,5
train,19987,4
train,19988,2
train,19989,4
train,19990,3
train,19991,2
train,19992,3
train,19993,9
train,19994,9
train,19995,3
train,19996,3
train,19997,3
train,19998,3
train,19999,8
train,20000,8
train,20001,2
train,20002,2
train,20003,4
train,20004,7
train,20005,9
train,20006,9
train,20007,1
train,20008,0
train,20009,4
train,20010,2
train,20011,7
train,20012,8
train,20013,0
train,20014,2
train,20015,2
train,20016,6
train,20017,3
train,20018,0
train,20019,6
train,20020,3
train,20021,4
train,20022,6
train,20023,1
train,20024,9
train,20025,6
train,20026,4
train,20027,6
train,20028,6
train,20029,2
train,20030,9
train,20031,6
train,20032,4
train,20033,0
train,20034,5
train,20035,2
train,20036,5
train,20037,4
train,20038,6
train,20039,3
train,20040,6
train,20041,5
train,20042,2
train,20043,5
train,20044,0
train,20045,5
train,20046,3
train,20047,6
train,20048,3
train,20049,5
train,20050,2
train,20051,4
train,20052,4
train,20053,6
train,20054,3
train,20055,2
train,20056,5
train,20057,2
train,20058,1
train,20059,1
train,20060,2
train,20061,5
train,20062,0
train,20063,1
train,20064,9
train,20065,1
train,20066,7
train,20067,4
train,20068,9
train,20069,1
train,20070,3
train,20071,2
train,20072,3
train,20073,5
train,20074,6
train,20075,5
train,20076,7
train,20077,5
train,20078,9
train,20079,3
train,20080,3
train,20081,0
train,20082,1
train,20083,1
train,20084,2
train,20085,3
train,20086,6
train,20087,2
train,20088,8
train,20089,2
train,20090,1
train,20091,7
train,20092,3
train,20093,6
train,20094,5
train,20095,4
train,20096,9
train,20097,1
train,20098,7
train,20099,9
train,20100,6
train,20101,1
train,20102,0
train,20103,0
train,20104,1
train,20105,4
train,20106,3
train,20107,2
train,20108,4
train,20109,2
train,20110,4
train,20111,0
train,20112,2
train,20113,8
train,20114,6
train,20115,1
train,20116,2
train,20117,5
train,20118,5
train,20119,0
train,20120,2
train,20121,1
train,20122,2
train,20123,4
train,20124,7
train,20125,5
train,20126,3
train,20127,2
train,20128,3
train,20129,0
train,20130,5
train,20131,0
train,20132,8
train,20133,9
train,20134,1
train,20135,5
train,20136,1
train,20137,1
train,20138,4
train,20139,9
train,20140,0
train,20141,1
train,20142,3
train,20143,1
train,20144,7
train,20145,5
train,20146,8
train,20147,4
train,20148,0
train,20149,8
train,20150,1
train,20151,2
train,20152,3
train,20153,3
train,20154,3
train,20155,2
train,20156,1
train,20157,4
train,20158,6
train,20159,9
train,20160,9
train,20161,8
train,20162,4
train,20163,5
train,20164,7
train,20165,8
train,20166,7
train,20167,0
train,20168,4
train,20169,2
train,20170,1
train,20171,3
train,20172,5
train,20173,2
train,20174,1
train,20175,9
train,20176,2
train,20177,9
train,20178,2
train,20179,9
train,20180,0
train,20181,3
train,20182,0
train,20183,5
train,20184,2
train,20185,9
train,20186,9
train,20187,5
train,20188,1
train,20189,8
train,20190,2
train,20191,6
train,20192,3
train,20193,5
train,20194,3
train,20195,4
train,20196,9
train,20197,8
train,20198,2
train,20199,7
train,20200,9
train,20201,2
train,20202,4
train,20203,1
train,20204,7
train,20205,2
train,20206,5
train,20207,0
train,20208,3
train,20209,1
train,20210,9
train,20211,7
train,20212,2
train,20213,0
train,20214,4
train,20215,8
train,20216,3
train,20217,8
train,20218,4
train,20219,0
train,20220,7
train,20221,9
train,20222,5
train,20223,3
train,20224,5
train,20225,5
train,20226,3
train,20227,8
train,20228,3
train,20229,7
train,20230,6
train,20231,5
train,20232,6
train,20233,4
train,20234,2
train,20235,0
train,20236,9
train,20237,8
train,20238,0
train,20239,7
train,20240,9
train,20241,5
train,20242,0
train,20243,9
train,20244,3
train,20245,7
train,20246,6
train,20247,9
train,20248,9
train,20249,8
train,20250,3
train,20251,8
train,20252,9
train,20253,8
train,20254,2
train,20255,2
train,20256,2
train,20257,0
train,20258,1
train,20259,5
train,20260,0
train,20261,2
train,20262,0
train,20263,4
train,20264,3
train,20265,2
train,20266,3
train,20267,0
train,20268,8
train,20269,8
train,20270,2
train,20271,3
train,20272,2
train,20273,2
train,20274,2
train,20275,3
train,20276,8
train,20277,6
train,20278,9
train,20279,1
train,20280,0
train,20281,9
train,20282,0
train,20283,3
train,20284,5
train,20285,6
train,20286,1
train,20287,8
train,20288,7
train,20289,3
train,20290,8
train,20291,3
train,20292,5
train,20293,2
train,20294,5
train,20295,0
train,20296,5
train,20297,7
train,20298,5
train,20299,0
train,20300,4
train,20301,7
train,20302,7
train,20303,1
train,20304,0
train,20305,3
train,20306,8
train,20307,5
train,20308,8
train,20309,7
train,20310,4
train,20311,2
train,20312,5
train,20313,9
train,20314,3
train,20315,8
train,20316,3
train,20317,0
train,20318,0
train,20319,6
train,20320,1
train,20321,7
train,20322,2
train,20323,2
train,20324,0
train,20325,8
train,20326,2
train,20327,9
train,20328,5
train,20329,4
train,20330,8
train,20331,9
train,20332,7
train,20333,0
train,20334,8
train,20335,7
train,20336,8
train,20337,6
train,20338,7
train,20339,7
train,20340,4
train,20341,3
train,20342,7
train,20343,5
train,20344,8
train,20345,8
train,20346,8
train,20347,8
train,20348,8
train,20349,7
train,20350,9
train,20351,6
train,20352,9
train,20353,6
train,20354,0
train,20355,7
train,20356,7
train,20357,2
train,20358,5
train,20359,5
train,20360,4
train,20361,3
train,20362,5
train,20363,7
train,20364,1
train,20365,9
train,20366,0
train,20367,5
train,20368,0
train,20369,4
train,20370,3
train,20371,1
train,20372,3
train,20373,0
train,20374,3
train,20375,8
train,20376,8
train,20377,7
train,20378,1
train,20379,0
train,20380,4
train,20381,1
train,20382,8
train,20383,4
train,20384,0
train,20385,0
train,20386,4
train,20387,6
train,20388,3
train,20389,9
train,20390,2
train,20391,9
train,20392,6
train,20393,4
train,20394,8
train,20395,8
train,20396,2
train,20397,5
train,20398,3
train,20399,9
train,20400,5
train,20401,8
train,20402,4
train,20403,1
train,20404,6
train,20405,2
train,20406,5
train,20407,0
train,20408,5
train,20409,2
train,20410,6
train,20411,7
train,20412,8
train,20413,2
train,20414,7
train,20415,3
train,20416,2
train,20417,6
train,20418,4
train,20419,6
train,20420,3
train,20421,3
train,20422,8
train,20423,4
train,20424,1
train,20425,7
train,20426,8
train,20427,2
train,20428,7
train,20429,0
train,20430,4
train,20431,9
train,20432,3
train,20433,6
train,20434,2
train,20435,2
train,20436,9
train,20437,3
train,20438,8
train,20439,7
train,20440,9
train,20441,9
train,20442,9
train,20443,4
train,20444,4
train,20445,4
train,20446,2
train,20447,9
train,20448,4
train,20449,1
train,20450,7
train,20451,3
train,20452,2
train,20453,7
train,20454,9
train,20455,3
train,20456,8
train,20457,6
train,20458,5
train,20459,8
train,20460,4
train,20461,2
train,20462,1
train,20463,0
train,20464,6
train,20465,3
train,20466,7
train,20467,1
train,20468,7
train,20469,3
train,20470,9
train,20471,0
train,20472,6
train,20473,8
train,20474,8
train,20475,1
train,20476,2
train,20477,2
train,20478,2
train,20479,3
train,20480,1
train,20481,6
train,20482,6
train,20483,6
train,20484,7
train,20485,4
train,20486,6
train,20487,9
train,20488,0
train,20489,0
train,20490,2
train,20491,5
train,20492,9
train,20493,1
train,20494,6
train,20495,1
train,20496,3
train,20497,4
train,20498,9
train,20499,0
train,20500,6
train,20501,7
train,20502,1
train,20503,6
train,20504,7
train,20505,4
train,20506,5
train,20507,8
train,20508,1
train,20509,6
train,20510,4
train,20511,5
train,20512,9
train,20513,8
train,20514,6
train,20515,6
train,20516,3
train,20517,7
train,20518,5
train,20519,3
train,20520,7
train,20521,2
train,20522,5
train,20523,0
train,20524,2
train,20525,3
train,20526,9
train,20527,5
train,20528,7
train,20529,4
train,20530,0
train,20531,7
train,20532,8
train,20533,2
train,20534,8
train,20535,2
train,20536,5
train,20537,9
train,20538,5
train,20539,6
train,20540,3
train,20541,2
train,20542,5
train,20543,0
train,20544,8
train,20545,8
train,20546,6
train,20547,5
train,20548,5
train,20549,3
train,20550,6
train,20551,4
train,20552,0
train,20553,3
train,20554,0
train,20555,1
train,20556,2
train,20557,2
train,20558,0
train,20559,7
train,20560,6
train,20561,9
train,20562,9
train,20563,2
train,20564,0
train,20565,9
train,20566,6
train,20567,9
train,20568,6
train,20569,5
train,20570,7
train,20571,1
train,20572,6
train,20573,3
train,20574,0
train,20575,6
train,20576,3
train,20577,5
train,20578,3
train,20579,9
train,20580,1
train,20581,6
train,20582,0
train,20583,0
train,20584,0
train,20585,2
train,20586,7
train,20587,8
train,20588,1
train,20589,5
train,20590,4
train,20591,8
train,20592,1
train,20593,3
train,20594,4
train,20595,4
train,20596,3
train,20597,4
train,20598,2
train,20599,0
train,20600,2
train,20601,7
train,20602,0
train,20603,1
train,20604,5
train,20605,8
train,20606,2
train,20607,7
train,20608,0
train,20609,1
train,20610,8
train,20611,6
train,20612,5
train,20613,6
train,20614,0
train,20615,1
train,20616,2
train,20617,9
train,20618,6
train,20619,1
train,20620,1
train,20621,7
train,20622,0
train,20623,4
train,20624,8
train,20625,2
train,20626,2
train,20627,6
train,20628,5
train,20629,4
train,20630,1
train,20631,8
train,20632,6
train,20633,5
train,20634,5
train,20635,8
train,20636,2
train,20637,4
train,20638,6
train,20639,1
train,20640,9
train,20641,5
train,20642,3
train,20643,5
train,20644,0
train,20645,6
train,20646,1
train,20647,9
train,20648,4
train,20649,5
train,20650,2
train,20651,5
train,20652,2
train,20653,6
train,20654,2
train,20655,5
train,20656,5
train,20657,8
train,20658,8
train,20659,2
train,20660,1
train,20661,6
train,20662,9
train,20663,6
train,20664,9
train,20665,0
train,20666,8
train,20667,5
train,20668,7
train,20669,9
train,20670,6
train,20671,5
train,20672,0
train,20673,3
train,20674,4
train,20675,2
train,20676,2
train,20677,6
train,20678,1
train,20679,2
train,20680,5
train,20681,8
train,20682,5
train,20683,0
train,20684,1
train,20685,1
train,20686,9
train,20687,0
train,20688,6
train,20689,2
train,20690,1
train,20691,4
train,20692,2
train,20693,8
train,20694,8
train,20695,9
train,20696,0
train,20697,8
train,20698,0
train,20699,6
train,20700,9
train,20701,2
train,20702,4
train,20703,1
train,20704,3
train,20705,6
train,20706,4
train,20707,6
train,20708,8
train,20709,6
train,20710,5
train,20711,8
train,20712,8
train,20713,6
train,20714,6
train,20715,9
train,20716,2
train,20717,6
train,20718,6
train,20719,3
train,20720,2
train,20721,6
train,20722,0
train,20723,2
train,20724,2
train,20725,6
train,20726,6
train,20727,7
train,20728,7
train,20729,7
train,20730,4
train,20731,8
train,20732,6
train,20733,4
train,20734,8
train,20735,6
train,20736,0
train,20737,3
train,20738,1
train,20739,7
train,20740,9
train,20741,2
train,20742,1
train,20743,6
train,20744,9
train,20745,7
train,20746,8
train,20747,9
train,20748,6
train,20749,0
train,20750,6
train,20751,6
train,20752,4
train,20753,3
train,20754,3
train,20755,2
train,20756,6
train,20757,3
train,20758,1
train,20759,5
train,20760,6
train,20761,6
train,20762,1
train,20763,6
train,20764,9
train,20765,1
train,20766,7
train,20767,3
train,20768,6
train,20769,5
train,20770,8
train,20771,7
train,20772,2
train,20773,4
train,20774,8
train,20775,7
train,20776,7
train,20777,3
train,20778,3
train,20779,8
train,20780,4
train,20781,9
train,20782,7
train,20783,1
train,20784,3
train,20785,6
train,20786,4
train,20787,7
train,20788,8
train,20789,1
train,20790,6
train,20791,1
train,20792,5
train,20793,5
train,20794,6
train,20795,9
train,20796,6
train,20797,2
train,20798,7
train,20799,6
train,20800,2
train,20801,9
train,20802,5
train,20803,4
train,20804,2
train,20805,6
train,20806,5
train,20807,5
train,20808,3
train,20809,0
train,20810,9
train,20811,6
train,20812,0
train,20813,5
train,20814,0
train,20815,7
train,20816,6
train,20817,4
train,20818,7
train,20819,5
train,20820,1
train,20821,6
train,20822,5
train,20823,7
train,20824,2
train,20825,8
train,20826,8
train,20827,7
train,20828,8
train,20829,6
train,20830,7
train,20831,0
train,20832,4
train,20833,9
train,20834,6
train,20835,1
train,20836,1
train,20837,4
train,20838,0
train,20839,7
train,20840,6
train,20841,1
train,20842,9
train,20843,4
train,20844,1
train,20845,2
train,20846,3
train,20847,7
train,20848,3
train,20849,9
train,20850,5
train,20851,9
train,20852,8
train,20853,0
train,20854,2
train,20855,1
train,20856,6
train,20857,1
train,20858,0
train,20859,2
train,20860,4
train,20861,8
train,20862,0
train,20863,8
train,20864,3
train,20865,6
train,20866,4
train,20867,0
train,20868,1
train,20869,9
train,20870,0
train,20871,2
train,20872,7
train,20873,8
train,20874,8
train,20875,8
train,20876,5
train,20877,0
train,20878,8
train,20879,3
train,20880,2
train,20881,0
train,20882,9
train,20883,7
train,20884,7
train,20885,6
train,20886,8
train,20887,1
train,20888,2
train,20889,6
train,20890,3
train,20891,9
train,20892,1
train,20893,5
train,20894,0
train,20895,7
train,20896,0
train,20897,7
train,20898,4
train,20899,7
train,20900,4
train,20901,2
train,20902,1
train,20903,8
train,20904,3
train,20905,2
train,20906,5
train,20907,6
train,20908,7
train,20909,9
train,20910,4
train,20911,7
train,20912,4
train,20913,7
train,20914,5
train,20915,4
train,20916,9
train,20917,0
train,20918,7
train,20919,0
train,20920,3
train,20921,7
train,20922,0
train,20923,5
train,20924,2
train,20925,1
train,20926,6
train,20927,1
train,20928,3
train,20929,5
train,20930,5
train,20931,5
train,20932,7
train,20933,1
train,20934,5
train,20935,1
train,20936,2
train,20937,4
train,20938,7
train,20939,9
train,20940,7
train,20941,6
train,20942,7
train,20943,2
train,20944,7
train,20945,9
train,20946,6
train,20947,5
train,20948,3
train,20949,8
train,20950,5
train,20951,3
train,20952,0
train,20953,9
train,20954,8
train,20955,9
train,20956,3
train,20957,3
train,20958,6
train,20959,7
train,20960,3
train,20961,1
train,20962,2
train,20963,5
train,20964,9
train,20965,7
train,20966,9
train,20967,5
train,20968,4
train,20969,4
train,20970,1
train,20971,1
train,20972,1
train,20973,5
train,20974,4
train,20975,5
train,20976,0
train,20977,6
train,20978,6
train,20979,1
train,20980,0
train,20981,9
train,20982,5
train,20983,1
train,20984,0
train,20985,2
train,20986,6
train,20987,6
train,20988,2
train,20989,4
train,20990,2
train,20991,2
train,20992,4
train,20993,1
train,20994,7
train,20995,2
train,20996,1
train,20997,0
train,20998,9
train,20999,9
train,21000,1
train,21001,7
train,21002,7
train,21003,3
train,21004,0
train,21005,9
train,21006,9
train,21007,7
train,21008,7
train,21009,2
train,21010,1
train,21011,9
train,21012,8
train,21013,3
train,21014,6
train,21015,7
train,21016,5
train,21017,9
train,21018,1
train,21019,3
train,21020,4
train,21021,9
train,21022,8
train,21023,9
train,21024,3
train,21025,7
train,21026,6
train,21027,7
train,21028,5
train,21029,0
train,21030,9
train,21031,6
train,21032,7
train,21033,2
train,21034,9
train,21035,5
train,21036,2
train,21037,6
train,21038,0
train,21039,8
train,21040,8
train,21041,5
train,21042,2
train,21043,9
train,21044,4
train,21045,9
train,21046,6
train,21047,1
train,21048,8
train,21049,3
train,21050,8
train,21051,5
train,21052,0
train,21053,4
train,21054,6
train,21055,0
train,21056,4
train,21057,5
train,21058,7
train,21059,0
train,21060,8
train,21061,0
train,21062,9
train,21063,2
train,21064,1
train,21065,0
train,21066,3
train,21067,7
train,21068,4
train,21069,5
train,21070,8
train,21071,7
train,21072,3
train,21073,7
train,21074,4
train,21075,3
train,21076,7
train,21077,9
train,21078,7
train,21079,7
train,21080,2
train,21081,9
train,21082,3
train,21083,2
train,21084,1
train,21085,4
train,21086,0
train,21087,8
train,21088,5
train,21089,3
train,21090,6
train,21091,9
train,21092,5
train,21093,5
train,21094,5
train,21095,1
train,21096,6
train,21097,3
train,21098,4
train,21099,3
train,21100,8
train,21101,6
train,21102,4
train,21103,2
train,21104,5
train,21105,4
train,21106,0
train,21107,4
train,21108,3
train,21109,5
train,21110,9
train,21111,1
train,21112,5
train,21113,4
train,21114,7
train,21115,3
train,21116,2
train,21117,4
train,21118,4
train,21119,5
train,21120,0
train,21121,2
train,21122,0
train,21123,6
train,21124,2
train,21125,6
train,21126,9
train,21127,9
train,21128,1
train,21129,8
train,21130,1
train,21131,7
train,21132,0
train,21133,0
train,21134,5
train,21135,0
train,21136,9
train,21137,1
train,21138,4
train,21139,8
train,21140,0
train,21141,1
train,21142,5
train,21143,7
train,21144,4
train,21145,5
train,21146,4
train,21147,8
train,21148,0
train,21149,2
train,21150,5
train,21151,5
train,21152,3
train,21153,3
train,21154,0
train,21155,3
train,21156,2
train,21157,1
train,21158,0
train,21159,7
train,21160,8
train,21161,5
train,21162,9
train,21163,7
train,21164,8
train,21165,8
train,21166,0
train,21167,7
train,21168,9
train,21169,8
train,21170,1
train,21171,5
train,21172,1
train,21173,3
train,21174,5
train,21175,1
train,21176,9
train,21177,9
train,21178,2
train,21179,8
train,21180,6
train,21181,3
train,21182,6
train,21183,0
train,21184,9
train,21185,9
train,21186,9
train,21187,7
train,21188,1
train,21189,9
train,21190,3
train,21191,3
train,21192,7
train,21193,8
train,21194,7
train,21195,1
train,21196,3
train,21197,1
train,21198,5
train,21199,4
train,21200,4
train,21201,0
train,21202,0
train,21203,1
train,21204,9
train,21205,7
train,21206,2
train,21207,2
train,21208,6
train,21209,9
train,21210,9
train,21211,9
train,21212,4
train,21213,5
train,21214,4
train,21215,1
train,21216,8
train,21217,6
train,21218,5
train,21219,1
train,21220,7
train,21221,4
train,21222,3
train,21223,1
train,21224,3
train,21225,4
train,21226,2
train,21227,1
train,21228,9
train,21229,5
train,21230,5
train,21231,0
train,21232,0
train,21233,2
train,21234,9
train,21235,6
train,21236,4
train,21237,8
train,21238,3
train,21239,5
train,21240,2
train,21241,4
train,21242,6
train,21243,3
train,21244,7
train,21245,5
train,21246,3
train,21247,5
train,21248,1
train,21249,8
train,21250,1
train,21251,6
train,21252,2
train,21253,9
train,21254,7
train,21255,6
train,21256,2
train,21257,9
train,21258,1
train,21259,5
train,21260,6
train,21261,3
train,21262,9
train,21263,1
train,21264,8
train,21265,7
train,21266,8
train,21267,6
train,21268,4
train,21269,2
train,21270,3
train,21271,3
train,21272,5
train,21273,1
train,21274,3
train,21275,2
train,21276,5
train,21277,8
train,21278,3
train,21279,5
train,21280,0
train,21281,6
train,21282,6
train,21283,9
train,21284,9
train,21285,0
train,21286,9
train,21287,0
train,21288,1
train,21289,3
train,21290,5
train,21291,2
train,21292,1
train,21293,2
train,21294,3
train,21295,1
train,21296,6
train,21297,9
train,21298,2
train,21299,9
train,21300,0
train,21301,9
train,21302,3
train,21303,0
train,21304,5
train,21305,8
train,21306,6
train,21307,5
train,21308,0
train,21309,5
train,21310,2
train,21311,1
train,21312,8
train,21313,6
train,21314,4
train,21315,0
train,21316,0
train,21317,0
train,21318,6
train,21319,0
train,21320,9
train,21321,3
train,21322,5
train,21323,9
train,21324,8
train,21325,8
train,21326,8
train,21327,2
train,21328,2
train,21329,3
train,21330,1
train,21331,4
train,21332,4
train,21333,4
train,21334,6
train,21335,4
train,21336,6
train,21337,5
train,21338,0
train,21339,8
train,21340,3
train,21341,7
train,21342,2
train,21343,0
train,21344,0
train,21345,5
train,21346,1
train,21347,3
train,21348,6
train,21349,7
train,21350,6
train,21351,6
train,21352,3
train,21353,4
train,21354,6
train,21355,6
train,21356,7
train,21357,0
train,21358,7
train,21359,5
train,21360,1
train,21361,0
train,21362,7
train,21363,5
train,21364,6
train,21365,6
train,21366,8
train,21367,7
train,21368,7
train,21369,5
train,21370,9
train,21371,6
train,21372,5
train,21373,1
train,21374,7
train,21375,5
train,21376,7
train,21377,8
train,21378,2
train,21379,7
train,21380,5
train,21381,5
train,21382,0
train,21383,8
train,21384,1
train,21385,7
train,21386,0
train,21387,1
train,21388,5
train,21389,1
train,21390,1
train,21391,8
train,21392,5
train,21393,6
train,21394,3
train,21395,5
train,21396,2
train,21397,6
train,21398,4
train,21399,2
train,21400,2
train,21401,8
train,21402,8
train,21403,8
train,21404,6
train,21405,3
train,21406,6
train,21407,6
train,21408,4
train,21409,6
train,21410,4
train,21411,5
train,21412,1
train,21413,9
train,21414,3
train,21415,1
train,21416,6
train,21417,7
train,21418,4
train,21419,2
train,21420,9
train,21421,7
train,21422,0
train,21423,1
train,21424,6
train,21425,1
train,21426,1
train,21427,1
train,21428,7
train,21429,0
train,21430,3
train,21431,0
train,21432,3
train,21433,7
train,21434,1
train,21435,2
train,21436,4
train,21437,2
train,21438,6
train,21439,2
train,21440,8
train,21441,3
train,21442,0
train,21443,2
train,21444,9
train,21445,6
train,21446,1
train,21447,6
train,21448,6
train,21449,9
train,21450,1
train,21451,0
train,21452,0
train,21453,7
train,21454,0
train,21455,6
train,21456,2
train,21457,5
train,21458,2
train,21459,4
train,21460,3
train,21461,2
train,21462,4
train,21463,9
train,21464,9
train,21465,5
train,21466,1
train,21467,0
train,21468,1
train,21469,8
train,21470,2
train,21471,9
train,21472,5
train,21473,8
train,21474,4
train,21475,3
train,21476,4
train,21477,3
train,21478,4
train,21479,8
train,21480,9
train,21481,1
train,21482,1
train,21483,7
train,21484,1
train,21485,5
train,21486,3
train,21487,2
train,21488,1
train,21489,2
train,21490,9
train,21491,9
train,21492,9
train,21493,2
train,21494,4
train,21495,0
train,21496,5
train,21497,9
train,21498,0
train,21499,2
train,21500,2
train,21501,1
train,21502,8
train,21503,2
train,21504,0
train,21505,0
train,21506,0
train,21507,8
train,21508,7
train,21509,0
train,21510,2
train,21511,0
train,21512,5
train,21513,9
train,21514,4
train,21515,8
train,21516,8
train,21517,1
train,21518,8
train,21519,3
train,21520,5
train,21521,0
train,21522,1
train,21523,5
train,21524,3
train,21525,4
train,21526,0
train,21527,5
train,21528,9
train,21529,0
train,21530,9
train,21531,5
train,21532,1
train,21533,6
train,21534,5
train,21535,5
train,21536,9
train,21537,3
train,21538,2
train,21539,9
train,21540,0
train,21541,0
train,21542,5
train,21543,6
train,21544,2
train,21545,6
train,21546,8
train,21547,1
train,21548,1
train,21549,3
train,21550,3
train,21551,2
train,21552,1
train,21553,9
train,21554,4
train,21555,9
train,21556,5
train,21557,3
train,21558,8
train,21559,8
train,21560,5
train,21561,2
train,21562,2
train,21563,0
train,21564,5
train,21565,5
train,21566,7
train,21567,9
train,21568,2
train,21569,0
train,21570,4
train,21571,9
train,21572,2
train,21573,4
train,21574,5
train,21575,7
train,21576,7
train,21577,9
train,21578,0
train,21579,9
train,21580,4
train,21581,7
train,21582,1
train,21583,2
train,21584,0
train,21585,6
train,21586,2
train,21587,6
train,21588,4
train,21589,6
train,21590,2
train,21591,2
train,21592,5
train,21593,7
train,21594,0
train,21595,5
train,21596,6
train,21597,0
train,21598,4
train,21599,7
train,21600,9
train,21601,4
train,21602,2
train,21603,3
train,21604,7
train,21605,9
train,21606,5
train,21607,3
train,21608,2
train,21609,1
train,21610,7
train,21611,8
train,21612,6
train,21613,4
train,21614,7
train,21615,8
train,21616,4
train,21617,5
train,21618,9
train,21619,0
train,21620,6
train,21621,4
train,21622,6
train,21623,9
train,21624,4
train,21625,0
train,21626,7
train,21627,0
train,21628,1
train,21629,5
train,21630,5
train,21631,8
train,21632,2
train,21633,3
train,21634,8
train,21635,4
train,21636,6
train,21637,3
train,21638,1
train,21639,3
train,21640,9
train,21641,9
train,21642,5
train,21643,2
train,21644,5
train,21645,2
train,21646,7
train,21647,2
train,21648,4
train,21649,0
train,21650,0
train,21651,8
train,21652,9
train,21653,6
train,21654,2
train,21655,6
train,21656,1
train,21657,9
train,21658,2
train,21659,0
train,21660,8
train,21661,5
train,21662,5
train,21663,0
train,21664,0
train,21665,2
train,21666,9
train,21667,6
train,21668,4
train,21669,9
train,21670,8
train,21671,2
train,21672,6
train,21673,6
train,21674,8
train,21675,7
train,21676,5
train,21677,4
train,21678,0
train,21679,8
train,21680,5
train,21681,4
train,21682,8
train,21683,1
train,21684,8
train,21685,5
train,21686,7
train,21687,8
train,21688,1
train,21689,7
train,21690,5
train,21691,3
train,21692,6
train,21693,4
train,21694,6
train,21695,4
train,21696,0
train,21697,3
train,21698,9
train,21699,7
train,21700,0
train,21701,7
train,21702,1
train,21703,4
train,21704,8
train,21705,4
train,21706,4
train,21707,3
train,21708,7
train,21709,1
train,21710,1
train,21711,9
train,21712,6
train,21713,7
train,21714,0
train,21715,5
train,21716,9
train,21717,2
train,21718,5
train,21719,7
train,21720,9
train,21721,9
train,21722,3
train,21723,5
train,21724,2
train,21725,8
train,21726,6
train,21727,5
train,21728,5
train,21729,8
train,21730,0
train,21731,0
train,21732,2
train,21733,1
train,21734,6
train,21735,9
train,21736,2
train,21737,8
train,21738,1
train,21739,5
train,21740,9
train,21741,9
train,21742,4
train,21743,0
train,21744,6
train,21745,6
train,21746,9
train,21747,1
train,21748,9
train,21749,0
train,21750,0
train,21751,0
train,21752,4
train,21753,1
train,21754,3
train,21755,6
train,21756,5
train,21757,3
train,21758,0
train,21759,7
train,21760,8
train,21761,0
train,21762,3
train,21763,0
train,21764,7
train,21765,4
train,21766,9
train,21767,7
train,21768,1
train,21769,4
train,21770,9
train,21771,3
train,21772,8
train,21773,5
train,21774,2
train,21775,3
train,21776,0
train,21777,2
train,21778,6
train,21779,4
train,21780,3
train,21781,4
train,21782,4
train,21783,6
train,21784,3
train,21785,5
train,21786,6
train,21787,8
train,21788,6
train,21789,6
train,21790,9
train,21791,8
train,21792,3
train,21793,6
train,21794,6
train,21795,5
train,21796,5
train,21797,5
train,21798,0
train,21799,5
train,21800,0
train,21801,4
train,21802,2
train,21803,9
train,21804,2
train,21805,5
train,21806,8
train,21807,9
train,21808,1
train,21809,4
train,21810,0
train,21811,9
train,21812,7
train,21813,9
train,21814,7
train,21815,7
train,21816,3
train,21817,3
train,21818,1
train,21819,4
train,21820,4
train,21821,7
train,21822,7
train,21823,1
train,21824,7
train,21825,9
train,21826,2
train,21827,0
train,21828,6
train,21829,1
train,21830,9
train,21831,7
train,21832,4
train,21833,3
train,21834,1
train,21835,9
train,21836,0
train,21837,2
train,21838,3
train,21839,5
train,21840,0
train,21841,9
train,21842,3
train,21843,1
train,21844,2
train,21845,5
train,21846,4
train,21847,7
train,21848,3
train,21849,8
train,21850,4
train,21851,9
train,21852,2
train,21853,9
train,21854,9
train,21855,6
train,21856,4
train,21857,0
train,21858,5
train,21859,3
train,21860,6
train,21861,8
train,21862,5
train,21863,0
train,21864,5
train,21865,9
train,21866,7
train,21867,5
train,21868,1
train,21869,9
train,21870,7
train,21871,9
train,21872,0
train,21873,7
train,21874,0
train,21875,2
train,21876,3
train,21877,1
train,21878,7
train,21879,0
train,21880,0
train,21881,6
train,21882,7
train,21883,2
train,21884,1
train,21885,7
train,21886,0
train,21887,5
train,21888,2
train,21889,8
train,21890,0
train,21891,4
train,21892,9
train,21893,3
train,21894,7
train,21895,3
train,21896,0
train,21897,7
train,21898,0
train,21899,9
train,21900,7
train,21901,8
train,21902,7
train,21903,1
train,21904,9
train,21905,2
train,21906,2
train,21907,1
train,21908,5
train,21909,3
train,21910,3
train,21911,9
train,21912,4
train,21913,5
train,21914,1
train,21915,9
train,21916,5
train,21917,2
train,21918,3
train,21919,4
train,21920,8
train,21921,9
train,21922,9
train,21923,2
train,21924,2
train,21925,7
train,21926,5
train,21927,9
train,21928,4
train,21929,4
train,21930,0
train,21931,7
train,21932,2
train,21933,0
train,21934,5
train,21935,9
train,21936,4
train,21937,0
train,21938,3
train,21939,7
train,21940,4
train,21941,2
train,21942,4
train,21943,9
train,21944,4
train,21945,9
train,21946,2
train,21947,6
train,21948,4
train,21949,0
train,21950,1
train,21951,3
train,21952,5
train,21953,5
train,21954,1
train,21955,7
train,21956,7
train,21957,2
train,21958,1
train,21959,6
train,21960,6
train,21961,8
train,21962,6
train,21963,0
train,21964,5
train,21965,9
train,21966,5
train,21967,7
train,21968,6
train,21969,7
train,21970,7
train,21971,7
train,21972,7
train,21973,5
train,21974,7
train,21975,8
train,21976,8
train,21977,7
train,21978,6
train,21979,7
train,21980,0
train,21981,7
train,21982,4
train,21983,6
train,21984,4
train,21985,8
train,21986,3
train,21987,5
train,21988,8
train,21989,1
train,21990,6
train,21991,6
train,21992,6
train,21993,9
train,21994,3
train,21995,3
train,21996,3
train,21997,7
train,21998,8
train,21999,2
train,22000,1
train,22001,4
train,22002,6
train,22003,8
train,22004,5
train,22005,7
train,22006,6
train,22007,2
train,22008,3
train,22009,7
train,22010,8
train,22011,8
train,22012,6
train,22013,4
train,22014,1
train,22015,3
train,22016,9
train,22017,8
train,22018,2
train,22019,1
train,22020,4
train,22021,4
train,22022,5
train,22023,3
train,22024,2
train,22025,4
train,22026,4
train,22027,3
train,22028,2
train,22029,5
train,22030,5
train,22031,6
train,22032,4
train,22033,1
train,22034,2
train,22035,0
train,22036,1
train,22037,0
train,22038,1
train,22039,4
train,22040,4
train,22041,9
train,22042,7
train,22043,9
train,22044,7
train,22045,7
train,22046,9
train,22047,8
train,22048,5
train,22049,4
train,22050,3
train,22051,5
train,22052,9
train,22053,5
train,22054,9
train,22055,4
train,22056,5
train,22057,9
train,22058,3
train,22059,3
train,22060,7
train,22061,2
train,22062,9
train,22063,3
train,22064,1
train,22065,4
train,22066,8
train,22067,0
train,22068,7
train,22069,1
train,22070,8
train,22071,7
train,22072,0
train,22073,4
train,22074,1
train,22075,2
train,22076,6
train,22077,5
train,22078,2
train,22079,9
train,22080,7
train,22081,1
train,22082,8
train,22083,0
train,22084,9
train,22085,3
train,22086,2
train,22087,3
train,22088,1
train,22089,7
train,22090,4
train,22091,8
train,22092,8
train,22093,6
train,22094,3
train,22095,7
train,22096,3
train,22097,2
train,22098,8
train,22099,5
train,22100,9
train,22101,3
train,22102,0
train,22103,2
train,22104,3
train,22105,9
train,22106,1
train,22107,8
train,22108,9
train,22109,0
train,22110,4
train,22111,0
train,22112,9
train,22113,2
train,22114,7
train,22115,0
train,22116,2
train,22117,5
train,22118,6
train,22119,6
train,22120,4
train,22121,5
train,22122,5
train,22123,0
train,22124,2
train,22125,9
train,22126,8
train,22127,9
train,22128,4
train,22129,1
train,22130,3
train,22131,0
train,22132,6
train,22133,2
train,22134,0
train,22135,9
train,22136,9
train,22137,5
train,22138,6
train,22139,0
train,22140,3
train,22141,6
train,22142,8
train,22143,6
train,22144,5
train,22145,7
train,22146,9
train,22147,3
train,22148,4
train,22149,1
train,22150,9
train,22151,1
train,22152,9
train,22153,0
train,22154,3
train,22155,9
train,22156,6
train,22157,3
train,22158,6
train,22159,3
train,22160,7
train,22161,4
train,22162,2
train,22163,7
train,22164,4
train,22165,5
train,22166,8
train,22167,5
train,22168,7
train,22169,9
train,22170,8
train,22171,7
train,22172,2
train,22173,5
train,22174,7
train,22175,9
train,22176,9
train,22177,8
train,22178,7
train,22179,8
train,22180,8
train,22181,2
train,22182,1
train,22183,8
train,22184,5
train,22185,0
train,22186,3
train,22187,2
train,22188,8
train,22189,5
train,22190,6
train,22191,5
train,22192,2
train,22193,8
train,22194,6
train,22195,4
train,22196,3
train,22197,2
train,22198,9
train,22199,2
train,22200,0
train,22201,8
train,22202,7
train,22203,3
train,22204,1
train,22205,6
train,22206,1
train,22207,1
train,22208,9
train,22209,2
train,22210,5
train,22211,2
train,22212,7
train,22213,2
train,22214,4
train,22215,0
train,22216,9
train,22217,1
train,22218,4
train,22219,5
train,22220,8
train,22221,9
train,22222,7
train,22223,4
train,22224,5
train,22225,1
train,22226,8
train,22227,7
train,22228,6
train,22229,1
train,22230,2
train,22231,4
train,22232,6
train,22233,4
train,22234,3
train,22235,1
train,22236,5
train,22237,7
train,22238,9
train,22239,8
train,22240,3
train,22241,7
train,22242,6
train,22243,1
train,22244,6
train,22245,1
train,22246,9
train,22247,9
train,22248,5
train,22249,1
train,22250,7
train,22251,9
train,22252,6
train,22253,8
train,22254,6
train,22255,7
train,22256,9
train,22257,4
train,22258,9
train,22259,6
train,22260,5
train,22261,4
train,22262,9
train,22263,6
train,22264,7
train,22265,9
train,22266,5
train,22267,4
train,22268,3
train,22269,2
train,22270,4
train,22271,3
train,22272,9
train,22273,1
train,22274,3
train,22275,8
train,22276,6
train,22277,5
train,22278,5
train,22279,7
train,22280,5
train,22281,9
train,22282,0
train,22283,8
train,22284,8
train,22285,9
train,22286,2
train,22287,8
train,22288,3
train,22289,3
train,22290,5
train,22291,9
train,22292,5
train,22293,4
train,22294,5
train,22295,1
train,22296,1
train,22297,4
train,22298,9
train,22299,9
train,22300,2
train,22301,4
train,22302,6
train,22303,7
train,22304,8
train,22305,0
train,22306,0
train,22307,9
train,22308,0
train,22309,3
train,22310,1
train,22311,0
train,22312,9
train,22313,5
train,22314,7
train,22315,0
train,22316,5
train,22317,6
train,22318,6
train,22319,6
train,22320,6
train,22321,6
train,22322,6
train,22323,9
train,22324,1
train,22325,6
train,22326,0
train,22327,9
train,22328,7
train,22329,2
train,22330,8
train,22331,5
train,22332,7
train,22333,0
train,22334,9
train,22335,2
train,22336,1
train,22337,5
train,22338,7
train,22339,8
train,22340,2
train,22341,7
train,22342,1
train,22343,8
train,22344,0
train,22345,5
train,22346,6
train,22347,0
train,22348,3
train,22349,3
train,22350,3
train,22351,4
train,22352,7
train,22353,3
train,22354,7
train,22355,0
train,22356,7
train,22357,8
train,22358,8
train,22359,5
train,22360,0
train,22361,6
train,22362,0
train,22363,2
train,22364,2
train,22365,3
train,22366,7
train,22367,7
train,22368,6
train,22369,5
train,22370,3
train,22371,7
train,22372,5
train,22373,4
train,22374,6
train,22375,3
train,22376,9
train,22377,4
train,22378,1
train,22379,8
train,22380,2
train,22381,7
train,22382,7
train,22383,5
train,22384,0
train,22385,6
train,22386,1
train,22387,5
train,22388,0
train,22389,2
train,22390,0
train,22391,4
train,22392,8
train,22393,5
train,22394,0
train,22395,4
train,22396,6
train,22397,6
train,22398,7
train,22399,1
train,22400,3
train,22401,7
train,22402,2
train,22403,2
train,22404,4
train,22405,8
train,22406,3
train,22407,6
train,22408,5
train,22409,0
train,22410,0
train,22411,3
train,22412,0
train,22413,4
train,22414,9
train,22415,0
train,22416,7
train,22417,2
train,22418,8
train,22419,8
train,22420,5
train,22421,4
train,22422,0
train,22423,7
train,22424,0
train,22425,0
train,22426,3
train,22427,6
train,22428,4
train,22429,7
train,22430,3
train,22431,6
train,22432,1
train,22433,2
train,22434,9
train,22435,2
train,22436,8
train,22437,5
train,22438,0
train,22439,7
train,22440,2
train,22441,3
train,22442,6
train,22443,1
train,22444,1
train,22445,3
train,22446,0
train,22447,0
train,22448,5
train,22449,8
train,22450,6
train,22451,0
train,22452,7
train,22453,3
train,22454,0
train,22455,6
train,22456,7
train,22457,6
train,22458,6
train,22459,2
train,22460,4
train,22461,9
train,22462,5
train,22463,6
train,22464,1
train,22465,4
train,22466,2
train,22467,2
train,22468,6
train,22469,9
train,22470,7
train,22471,1
train,22472,3
train,22473,7
train,22474,8
train,22475,8
train,22476,3
train,22477,5
train,22478,0
train,22479,7
train,22480,9
train,22481,0
train,22482,4
train,22483,8
train,22484,0
train,22485,1
train,22486,9
train,22487,0
train,22488,9
train,22489,0
train,22490,5
train,22491,7
train,22492,0
train,22493,8
train,22494,6
train,22495,6
train,22496,5
train,22497,5
train,22498,9
train,22499,9
train,22500,3
train,22501,7
train,22502,5
train,22503,7
train,22504,9
train,22505,0
train,22506,7
train,22507,2
train,22508,8
train,22509,6
train,22510,7
train,22511,4
train,22512,3
train,22513,7
train,22514,6
train,22515,0
train,22516,3
train,22517,3
train,22518,7
train,22519,2
train,22520,1
train,22521,5
train,22522,6
train,22523,8
train,22524,8
train,22525,2
train,22526,3
train,22527,2
train,22528,3
train,22529,8
train,22530,5
train,22531,9
train,22532,4
train,22533,9
train,22534,0
train,22535,7
train,22536,4
train,22537,1
train,22538,2
train,22539,4
train,22540,0
train,22541,1
train,22542,9
train,22543,0
train,22544,7
train,22545,4
train,22546,8
train,22547,6
train,22548,7
train,22549,5
train,22550,8
train,22551,1
train,22552,1
train,22553,8
train,22554,5
train,22555,7
train,22556,3
train,22557,7
train,22558,9
train,22559,8
train,22560,7
train,22561,6
train,22562,2
train,22563,1
train,22564,7
train,22565,5
train,22566,1
train,22567,2
train,22568,6
train,22569,8
train,22570,8
train,22571,8
train,22572,5
train,22573,6
train,22574,0
train,22575,6
train,22576,1
train,22577,5
train,22578,8
train,22579,8
train,22580,1
train,22581,1
train,22582,9
train,22583,0
train,22584,1
train,22585,0
train,22586,6
train,22587,9
train,22588,2
train,22589,7
train,22590,2
train,22591,6
train,22592,0
train,22593,9
train,22594,5
train,22595,2
train,22596,5
train,22597,6
train,22598,7
train,22599,1
train,22600,7
train,22601,6
train,22602,5
train,22603,7
train,22604,9
train,22605,6
train,22606,7
train,22607,1
train,22608,2
train,22609,0
train,22610,4
train,22611,9
train,22612,0
train,22613,2
train,22614,4
train,22615,4
train,22616,2
train,22617,0
train,22618,4
train,22619,4
train,22620,6
train,22621,1
train,22622,6
train,22623,0
train,22624,0
train,22625,7
train,22626,2
train,22627,3
train,22628,0
train,22629,1
train,22630,2
train,22631,1
train,22632,2
train,22633,7
train,22634,3
train,22635,0
train,22636,1
train,22637,5
train,22638,3
train,22639,6
train,22640,0
train,22641,6
train,22642,3
train,22643,5
train,22644,3
train,22645,6
train,22646,1
train,22647,7
train,22648,6
train,22649,3
train,22650,4
train,22651,5
train,22652,7
train,22653,4
train,22654,8
train,22655,1
train,22656,0
train,22657,1
train,22658,6
train,22659,9
train,22660,0
train,22661,6
train,22662,8
train,22663,1
train,22664,6
train,22665,5
train,22666,2
train,22667,8
train,22668,7
train,22669,6
train,22670,6
train,22671,4
train,22672,1
train,22673,1
train,22674,4
train,22675,9
train,22676,2
train,22677,5
train,22678,5
train,22679,2
train,22680,8
train,22681,8
train,22682,5
train,22683,7
train,22684,3
train,22685,4
train,22686,6
train,22687,3
train,22688,7
train,22689,2
train,22690,9
train,22691,6
train,22692,1
train,22693,4
train,22694,5
train,22695,5
train,22696,2
train,22697,3
train,22698,5
train,22699,3
train,22700,1
train,22701,4
train,22702,6
train,22703,6
train,22704,3
train,22705,1
train,22706,0
train,22707,7
train,22708,7
train,22709,1
train,22710,0
train,22711,1
train,22712,8
train,22713,2
train,22714,3
train,22715,6
train,22716,7
train,22717,6
train,22718,3
train,22719,8
train,22720,0
train,22721,3
train,22722,7
train,22723,8
train,22724,7
train,22725,5
train,22726,1
train,22727,8
train,22728,0
train,22729,5
train,22730,7
train,22731,9
train,22732,6
train,22733,1
train,22734,6
train,22735,8
train,22736,2
train,22737,7
train,22738,0
train,22739,8
train,22740,6
train,22741,1
train,22742,3
train,22743,2
train,22744,4
train,22745,2
train,22746,5
train,22747,6
train,22748,7
train,22749,8
train,22750,2
train,22751,6
train,22752,3
train,22753,9
train,22754,5
train,22755,3
train,22756,9
train,22757,4
train,22758,7
train,22759,7
train,22760,6
train,22761,4
train,22762,1
train,22763,3
train,22764,6
train,22765,5
train,22766,0
train,22767,3
train,22768,8
train,22769,8
train,22770,4
train,22771,4
train,22772,8
train,22773,7
train,22774,3
train,22775,3
train,22776,7
train,22777,2
train,22778,4
train,22779,8
train,22780,3
train,22781,5
train,22782,3
train,22783,7
train,22784,9
train,22785,0
train,22786,5
train,22787,5
train,22788,8
train,22789,3
train,22790,1
train,22791,4
train,22792,9
train,22793,4
train,22794,9
train,22795,4
train,22796,8
train,22797,0
train,22798,2
train,22799,2
train,22800,9
train,22801,7
train,22802,1
train,22803,4
train,22804,7
train,22805,1
train,22806,5
train,22807,6
train,22808,5
train,22809,7
train,22810,2
train,22811,2
train,22812,5
train,22813,7
train,22814,7
train,22815,1
train,22816,2
train,22817,8
train,22818,6
train,22819,9
train,22820,1
train,22821,5
train,22822,7
train,22823,7
train,22824,3
train,22825,8
train,22826,3
train,22827,5
train,22828,7
train,22829,1
train,22830,4
train,22831,6
train,22832,0
train,22833,2
train,22834,6
train,22835,8
train,22836,2
train,22837,0
train,22838,2
train,22839,5
train,22840,1
train,22841,1
train,22842,9
train,22843,2
train,22844,5
train,22845,1
train,22846,3
train,22847,5
train,22848,0
train,22849,9
train,22850,8
train,22851,5
train,22852,4
train,22853,2
train,22854,0
train,22855,3
train,22856,0
train,22857,8
train,22858,9
train,22859,3
train,22860,8
train,22861,4
train,22862,6
train,22863,7
train,22864,5
train,22865,2
train,22866,2
train,22867,5
train,22868,2
train,22869,0
train,22870,5
train,22871,1
train,22872,1
train,22873,5
train,22874,3
train,22875,7
train,22876,7
train,22877,6
train,22878,7
train,22879,8
train,22880,3
train,22881,9
train,22882,6
train,22883,2
train,22884,4
train,22885,1
train,22886,6
train,22887,8
train,22888,1
train,22889,8
train,22890,6
train,22891,5
train,22892,3
train,22893,6
train,22894,7
train,22895,9
train,22896,8
train,22897,5
train,22898,6
train,22899,5
train,22900,8
train,22901,3
train,22902,2
train,22903,2
train,22904,5
train,22905,3
train,22906,5
train,22907,2
train,22908,9
train,22909,4
train,22910,1
train,22911,4
train,22912,0
train,22913,6
train,22914,1
train,22915,9
train,22916,4
train,22917,1
train,22918,3
train,22919,5
train,22920,2
train,22921,1
train,22922,1
train,22923,1
train,22924,6
train,22925,6
train,22926,8
train,22927,2
train,22928,1
train,22929,5
train,22930,8
train,22931,0
train,22932,8
train,22933,9
train,22934,3
train,22935,0
train,22936,9
train,22937,0
train,22938,8
train,22939,1
train,22940,4
train,22941,5
train,22942,2
train,22943,1
train,22944,6
train,22945,7
train,22946,1
train,22947,5
train,22948,6
train,22949,9
train,22950,6
train,22951,2
train,22952,8
train,22953,8
train,22954,4
train,22955,1
train,22956,3
train,22957,6
train,22958,2
train,22959,9
train,22960,8
train,22961,7
train,22962,1
train,22963,7
train,22964,4
train,22965,2
train,22966,8
train,22967,5
train,22968,5
train,22969,8
train,22970,0
train,22971,5
train,22972,9
train,22973,8
train,22974,0
train,22975,4
train,22976,3
train,22977,8
train,22978,1
train,22979,5
train,22980,2
train,22981,1
train,22982,6
train,22983,2
train,22984,1
train,22985,3
train,22986,4
train,22987,0
train,22988,8
train,22989,3
train,22990,9
train,22991,4
train,22992,6
train,22993,0
train,22994,4
train,22995,2
train,22996,6
train,22997,4
train,22998,7
train,22999,5
train,23000,6
train,23001,7
train,23002,9
train,23003,2
train,23004,2
train,23005,9
train,23006,2
train,23007,6
train,23008,8
train,23009,8
train,23010,0
train,23011,1
train,23012,4
train,23013,1
train,23014,6
train,23015,7
train,23016,5
train,23017,9
train,23018,6
train,23019,4
train,23020,8
train,23021,2
train,23022,2
train,23023,2
train,23024,3
train,23025,7
train,23026,6
train,23027,9
train,23028,9
train,23029,5
train,23030,2
train,23031,0
train,23032,8
train,23033,3
train,23034,0
train,23035,3
train,23036,2
train,23037,4
train,23038,0
train,23039,2
train,23040,4
train,23041,3
train,23042,3
train,23043,3
train,23044,8
train,23045,8
train,23046,6
train,23047,5
train,23048,1
train,23049,8
train,23050,0
train,23051,8
train,23052,0
train,23053,1
train,23054,0
train,23055,1
train,23056,0
train,23057,2
train,23058,5
train,23059,2
train,23060,5
train,23061,5
train,23062,4
train,23063,1
train,23064,3
train,23065,5
train,23066,8
train,23067,7
train,23068,2
train,23069,2
train,23070,9
train,23071,1
train,23072,5
train,23073,7
train,23074,1
train,23075,2
train,23076,0
train,23077,6
train,23078,0
train,23079,8
train,23080,0
train,23081,5
train,23082,8
train,23083,6
train,23084,4
train,23085,3
train,23086,8
train,23087,5
train,23088,5
train,23089,1
train,23090,4
train,23091,5
train,23092,7
train,23093,5
train,23094,7
train,23095,4
train,23096,7
train,23097,2
train,23098,5
train,23099,1
train,23100,6
train,23101,2
train,23102,1
train,23103,1
train,23104,1
train,23105,0
train,23106,8
train,23107,3
train,23108,5
train,23109,9
train,23110,0
train,23111,4
train,23112,7
train,23113,4
train,23114,5
train,23115,0
train,23116,0
train,23117,2
train,23118,7
train,23119,6
train,23120,4
train,23121,4
train,23122,1
train,23123,1
train,23124,5
train,23125,0
train,23126,4
train,23127,0
train,23128,5
train,23129,0
train,23130,3
train,23131,2
train,23132,4
train,23133,4
train,23134,7
train,23135,8
train,23136,4
train,23137,6
train,23138,4
train,23139,1
train,23140,1
train,23141,7
train,23142,9
train,23143,3
train,23144,4
train,23145,0
train,23146,2
train,23147,7
train,23148,1
train,23149,9
train,23150,7
train,23151,3
train,23152,2
train,23153,0
train,23154,4
train,23155,8
train,23156,3
train,23157,0
train,23158,1
train,23159,4
train,23160,0
train,23161,1
train,23162,8
train,23163,8
train,23164,6
train,23165,7
train,23166,9
train,23167,7
train,23168,1
train,23169,5
train,23170,9
train,23171,2
train,23172,3
train,23173,4
train,23174,2
train,23175,5
train,23176,6
train,23177,0
train,23178,2
train,23179,4
train,23180,2
train,23181,9
train,23182,0
train,23183,2
train,23184,2
train,23185,3
train,23186,0
train,23187,7
train,23188,4
train,23189,5
train,23190,3
train,23191,3
train,23192,5
train,23193,6
train,23194,8
train,23195,7
train,23196,2
train,23197,7
train,23198,0
train,23199,1
train,23200,5
train,23201,2
train,23202,1
train,23203,3
train,23204,2
train,23205,6
train,23206,6
train,23207,1
train,23208,5
train,23209,3
train,23210,3
train,23211,5
train,23212,7
train,23213,8
train,23214,6
train,23215,7
train,23216,4
train,23217,2
train,23218,3
train,23219,0
train,23220,1
train,23221,7
train,23222,3
train,23223,9
train,23224,9
train,23225,2
train,23226,0
train,23227,7
train,23228,4
train,23229,3
train,23230,5
train,23231,8
train,23232,4
train,23233,6
train,23234,4
train,23235,1
train,23236,2
train,23237,9
train,23238,7
train,23239,8
train,23240,2
train,23241,3
train,23242,9
train,23243,0
train,23244,6
train,23245,4
train,23246,0
train,23247,4
train,23248,8
train,23249,5
train,23250,4
train,23251,6
train,23252,4
train,23253,6
train,23254,9
train,23255,7
train,23256,2
train,23257,5
train,23258,1
train,23259,2
train,23260,7
train,23261,8
train,23262,1
train,23263,4
train,23264,1
train,23265,6
train,23266,6
train,23267,9
train,23268,2
train,23269,8
train,23270,3
train,23271,1
train,23272,1
train,23273,8
train,23274,4
train,23275,3
train,23276,9
train,23277,5
train,23278,6
train,23279,4
train,23280,2
train,23281,9
train,23282,2
train,23283,4
train,23284,6
train,23285,2
train,23286,9
train,23287,7
train,23288,8
train,23289,5
train,23290,2
train,23291,5
train,23292,3
train,23293,3
train,23294,3
train,23295,3
train,23296,0
train,23297,9
train,23298,0
train,23299,5
train,23300,1
train,23301,9
train,23302,2
train,23303,4
train,23304,9
train,23305,1
train,23306,3
train,23307,6
train,23308,0
train,23309,4
train,23310,2
train,23311,0
train,23312,1
train,23313,4
train,23314,6
train,23315,4
train,23316,5
train,23317,7
train,23318,8
train,23319,0
train,23320,6
train,23321,0
train,23322,5
train,23323,2
train,23324,1
train,23325,5
train,23326,9
train,23327,2
train,23328,5
train,23329,5
train,23330,2
train,23331,7
train,23332,5
train,23333,9
train,23334,2
train,23335,8
train,23336,1
train,23337,4
train,23338,8
train,23339,4
train,23340,0
train,23341,5
train,23342,9
train,23343,9
train,23344,5
train,23345,4
train,23346,5
train,23347,4
train,23348,4
train,23349,7
train,23350,4
train,23351,9
train,23352,1
train,23353,4
train,23354,7
train,23355,9
train,23356,8
train,23357,3
train,23358,5
train,23359,3
train,23360,2
train,23361,7
train,23362,1
train,23363,8
train,23364,1
train,23365,2
train,23366,6
train,23367,4
train,23368,2
train,23369,5
train,23370,2
train,23371,9
train,23372,6
train,23373,3
train,23374,3
train,23375,4
train,23376,4
train,23377,0
train,23378,8
train,23379,1
train,23380,6
train,23381,9
train,23382,0
train,23383,1
train,23384,1
train,23385,3
train,23386,3
train,23387,9
train,23388,5
train,23389,4
train,23390,5
train,23391,1
train,23392,5
train,23393,0
train,23394,2
train,23395,9
train,23396,2
train,23397,8
train,23398,9
train,23399,0
train,23400,7
train,23401,4
train,23402,3
train,23403,0
train,23404,9
train,23405,0
train,23406,8
train,23407,3
train,23408,1
train,23409,2
train,23410,5
train,23411,0
train,23412,0
train,23413,3
train,23414,8
train,23415,8
train,23416,5
train,23417,4
train,23418,7
train,23419,5
train,23420,4
train,23421,5
train,23422,0
train,23423,0
train,23424,2
train,23425,5
train,23426,2
train,23427,8
train,23428,7
train,23429,6
train,23430,5
train,23431,0
train,23432,5
train,23433,6
train,23434,6
train,23435,2
train,23436,7
train,23437,5
train,23438,0
train,23439,0
train,23440,4
train,23441,0
train,23442,3
train,23443,3
train,23444,3
train,23445,0
train,23446,8
train,23447,6
train,23448,9
train,23449,8
train,23450,0
train,23451,1
train,23452,1
train,23453,8
train,23454,6
train,23455,7
train,23456,9
train,23457,5
train,23458,3
train,23459,6
train,23460,0
train,23461,8
train,23462,7
train,23463,3
train,23464,3
train,23465,7
train,23466,0
train,23467,3
train,23468,0
train,23469,9
train,23470,2
train,23471,8
train,23472,1
train,23473,4
train,23474,5
train,23475,7
train,23476,2
train,23477,6
train,23478,2
train,23479,0
train,23480,8
train,23481,2
train,23482,7
train,23483,3
train,23484,0
train,23485,5
train,23486,4
train,23487,1
train,23488,1
train,23489,8
train,23490,5
train,23491,5
train,23492,9
train,23493,0
train,23494,7
train,23495,2
train,23496,5
train,23497,8
train,23498,2
train,23499,6
train,23500,2
train,23501,9
train,23502,1
train,23503,4
train,23504,1
train,23505,7
train,23506,7
train,23507,7
train,23508,5
train,23509,8
train,23510,7
train,23511,0
train,23512,2
train,23513,9
train,23514,2
train,23515,3
train,23516,2
train,23517,1
train,23518,2
train,23519,3
train,23520,6
train,23521,2
train,23522,9
train,23523,0
train,23524,5
train,23525,4
train,23526,0
train,23527,9
train,23528,2
train,23529,8
train,23530,5
train,23531,0
train,23532,8
train,23533,5
train,23534,5
train,23535,5
train,23536,4
train,23537,8
train,23538,8
train,23539,9
train,23540,0
train,23541,4
train,23542,8
train,23543,1
train,23544,4
train,23545,6
train,23546,4
train,23547,7
train,23548,6
train,23549,8
train,23550,2
train,23551,5
train,23552,8
train,23553,4
train,23554,0
train,23555,4
train,23556,4
train,23557,1
train,23558,3
train,23559,1
train,23560,7
train,23561,1
train,23562,5
train,23563,2
train,23564,9
train,23565,6
train,23566,7
train,23567,4
train,23568,9
train,23569,0
train,23570,3
train,23571,8
train,23572,6
train,23573,0
train,23574,8
train,23575,0
train,23576,1
train,23577,5
train,23578,1
train,23579,7
train,23580,2
train,23581,4
train,23582,8
train,23583,6
train,23584,2
train,23585,9
train,23586,3
train,23587,5
train,23588,6
train,23589,0
train,23590,8
train,23591,9
train,23592,2
train,23593,2
train,23594,8
train,23595,0
train,23596,5
train,23597,1
train,23598,2
train,23599,6
train,23600,6
train,23601,5
train,23602,7
train,23603,7
train,23604,3
train,23605,5
train,23606,5
train,23607,5
train,23608,6
train,23609,6
train,23610,3
train,23611,7
train,23612,4
train,23613,8
train,23614,6
train,23615,3
train,23616,7
train,23617,7
train,23618,1
train,23619,0
train,23620,7
train,23621,4
train,23622,0
train,23623,3
train,23624,7
train,23625,8
train,23626,4
train,23627,7
train,23628,1
train,23629,2
train,23630,4
train,23631,1
train,23632,8
train,23633,8
train,23634,8
train,23635,9
train,23636,3
train,23637,0
train,23638,2
train,23639,3
train,23640,2
train,23641,6
train,23642,9
train,23643,9
train,23644,3
train,23645,4
train,23646,8
train,23647,7
train,23648,8
train,23649,3
train,23650,6
train,23651,2
train,23652,2
train,23653,7
train,23654,6
train,23655,2
train,23656,3
train,23657,9
train,23658,8
train,23659,4
train,23660,9
train,23661,2
train,23662,2
train,23663,6
train,23664,3
train,23665,8
train,23666,4
train,23667,3
train,23668,5
train,23669,2
train,23670,5
train,23671,5
train,23672,5
train,23673,4
train,23674,2
train,23675,3
train,23676,0
train,23677,8
train,23678,4
train,23679,0
train,23680,1
train,23681,9
train,23682,8
train,23683,2
train,23684,3
train,23685,4
train,23686,6
train,23687,9
train,23688,0
train,23689,5
train,23690,7
train,23691,1
train,23692,5
train,23693,9
train,23694,9
train,23695,3
train,23696,6
train,23697,3
train,23698,0
train,23699,4
train,23700,8
train,23701,1
train,23702,6
train,23703,2
train,23704,0
train,23705,5
train,23706,0
train,23707,4
train,23708,4
train,23709,2
train,23710,3
train,23711,9
train,23712,5
train,23713,1
train,23714,5
train,23715,4
train,23716,0
train,23717,0
train,23718,5
train,23719,0
train,23720,9
train,23721,9
train,23722,3
train,23723,2
train,23724,5
train,23725,0
train,23726,3
train,23727,6
train,23728,8
train,23729,5
train,23730,4
train,23731,4
train,23732,4
train,23733,3
train,23734,9
train,23735,4
train,23736,6
train,23737,8
train,23738,2
train,23739,4
train,23740,6
train,23741,1
train,23742,9
train,23743,1
train,23744,9
train,23745,5
train,23746,6
train,23747,9
train,23748,4
train,23749,3
train,23750,7
train,23751,9
train,23752,4
train,23753,4
train,23754,7
train,23755,7
train,23756,2
train,23757,0
train,23758,5
train,23759,9
train,23760,9
train,23761,4
train,23762,3
train,23763,2
train,23764,9
train,23765,6
train,23766,9
train,23767,7
train,23768,1
train,23769,7
train,23770,9
train,23771,1
train,23772,6
train,23773,3
train,23774,9
train,23775,1
train,23776,2
train,23777,0
train,23778,2
train,23779,2
train,23780,5
train,23781,7
train,23782,3
train,23783,2
train,23784,6
train,23785,6
train,23786,2
train,23787,4
train,23788,7
train,23789,0
train,23790,6
train,23791,5
train,23792,3
train,23793,2
train,23794,0
train,23795,3
train,23796,6
train,23797,5
train,23798,6
train,23799,8
train,23800,8
train,23801,7
train,23802,3
train,23803,3
train,23804,1
train,23805,8
train,23806,5
train,23807,7
train,23808,6
train,23809,4
train,23810,0
train,23811,2
train,23812,8
train,23813,4
train,23814,4
train,23815,4
train,23816,4
train,23817,2
train,23818,9
train,23819,1
train,23820,6
train,23821,8
train,23822,5
train,23823,6
train,23824,0
train,23825,7
train,23826,0
train,23827,8
train,23828,3
train,23829,0
train,23830,4
train,23831,2
train,23832,8
train,23833,7
train,23834,4
train,23835,4
train,23836,3
train,23837,9
train,23838,8
train,23839,0
train,23840,8
train,23841,0
train,23842,7
train,23843,3
train,23844,6
train,23845,4
train,23846,1
train,23847,6
train,23848,7
train,23849,8
train,23850,2
train,23851,1
train,23852,6
train,23853,0
train,23854,7
train,23855,8
train,23856,8
train,23857,3
train,23858,6
train,23859,7
train,23860,5
train,23861,1
train,23862,4
train,23863,5
train,23864,0
train,23865,6
train,23866,1
train,23867,8
train,23868,8
train,23869,5
train,23870,2
train,23871,5
train,23872,2
train,23873,4
train,23874,2
train,23875,1
train,23876,0
train,23877,7
train,23878,8
train,23879,1
train,23880,2
train,23881,7
train,23882,3
train,23883,9
train,23884,3
train,23885,5
train,23886,3
train,23887,2
train,23888,2
train,23889,3
train,23890,8
train,23891,5
train,23892,1
train,23893,3
train,23894,9
train,23895,1
train,23896,7
train,23897,6
train,23898,7
train,23899,5
train,23900,8
train,23901,3
train,23902,3
train,23903,6
train,23904,1
train,23905,0
train,23906,4
train,23907,3
train,23908,1
train,23909,3
train,23910,8
train,23911,4
train,23912,3
train,23913,1
train,23914,2
train,23915,8
train,23916,0
train,23917,1
train,23918,0
train,23919,0
train,23920,5
train,23921,9
train,23922,4
train,23923,5
train,23924,2
train,23925,1
train,23926,2
train,23927,8
train,23928,3
train,23929,8
train,23930,5
train,23931,2
train,23932,6
train,23933,7
train,23934,9
train,23935,0
train,23936,3
train,23937,7
train,23938,8
train,23939,5
train,23940,0
train,23941,8
train,23942,6
train,23943,6
train,23944,0
train,23945,3
train,23946,9
train,23947,5
train,23948,2
train,23949,4
train,23950,2
train,23951,2
train,23952,3
train,23953,3
train,23954,3
train,23955,8
train,23956,6
train,23957,8
train,23958,0
train,23959,7
train,23960,7
train,23961,8
train,23962,4
train,23963,2
train,23964,6
train,23965,9
train,23966,9
train,23967,4
train,23968,2
train,23969,0
train,23970,6
train,23971,4
train,23972,9
train,23973,1
train,23974,1
train,23975,6
train,23976,3
train,23977,2
train,23978,0
train,23979,2
train,23980,7
train,23981,8
train,23982,8
train,23983,4
train,23984,6
train,23985,1
train,23986,6
train,23987,5
train,23988,2
train,23989,6
train,23990,4
train,23991,7
train,23992,9
train,23993,7
train,23994,9
train,23995,6
train,23996,3
train,23997,1
train,23998,5
train,23999,7
train,24000,0
train,24001,7
train,24002,2
train,24003,2
train,24004,3
train,24005,6
train,24006,4
train,24007,4
train,24008,8
train,24009,4
train,24010,6
train,24011,3
train,24012,1
train,24013,8
train,24014,7
train,24015,4
train,24016,7
train,24017,5
train,24018,8
train,24019,5
train,24020,4
train,24021,6
train,24022,0
train,24023,7
train,24024,7
train,24025,6
train,24026,8
train,24027,7
train,24028,7
train,24029,9
train,24030,9
train,24031,8
train,24032,8
train,24033,0
train,24034,6
train,24035,7
train,24036,5
train,24037,8
train,24038,6
train,24039,4
train,24040,7
train,24041,8
train,24042,7
train,24043,8
train,24044,5
train,24045,4
train,24046,9
train,24047,4
train,24048,1
train,24049,8
train,24050,3
train,24051,1
train,24052,2
train,24053,2
train,24054,6
train,24055,8
train,24056,0
train,24057,3
train,24058,8
train,24059,8
train,24060,6
train,24061,8
train,24062,3
train,24063,0
train,24064,5
train,24065,4
train,24066,7
train,24067,0
train,24068,9
train,24069,5
train,24070,3
train,24071,0
train,24072,1
train,24073,7
train,24074,4
train,24075,6
train,24076,1
train,24077,5
train,24078,1
train,24079,1
train,24080,6
train,24081,7
train,24082,0
train,24083,1
train,24084,3
train,24085,9
train,24086,3
train,24087,8
train,24088,2
train,24089,6
train,24090,3
train,24091,9
train,24092,0
train,24093,0
train,24094,7
train,24095,0
train,24096,3
train,24097,5
train,24098,6
train,24099,8
train,24100,8
train,24101,4
train,24102,4
train,24103,2
train,24104,7
train,24105,3
train,24106,8
train,24107,0
train,24108,7
train,24109,0
train,24110,8
train,24111,0
train,24112,5
train,24113,3
train,24114,2
train,24115,1
train,24116,1
train,24117,1
train,24118,9
train,24119,9
train,24120,5
train,24121,7
train,24122,7
train,24123,2
train,24124,1
train,24125,9
train,24126,8
train,24127,1
train,24128,7
train,24129,3
train,24130,8
train,24131,4
train,24132,7
train,24133,9
train,24134,5
train,24135,4
train,24136,4
train,24137,6
train,24138,1
train,24139,0
train,24140,8
train,24141,1
train,24142,4
train,24143,7
train,24144,5
train,24145,2
train,24146,9
train,24147,6
train,24148,6
train,24149,0
train,24150,0
train,24151,4
train,24152,6
train,24153,5
train,24154,8
train,24155,3
train,24156,7
train,24157,9
train,24158,9
train,24159,0
train,24160,8
train,24161,2
train,24162,2
train,24163,2
train,24164,4
train,24165,7
train,24166,9
train,24167,3
train,24168,3
train,24169,7
train,24170,6
train,24171,9
train,24172,3
train,24173,2
train,24174,1
train,24175,7
train,24176,8
train,24177,7
train,24178,0
train,24179,0
train,24180,0
train,24181,6
train,24182,7
train,24183,3
train,24184,8
train,24185,3
train,24186,7
train,24187,1
train,24188,4
train,24189,3
train,24190,7
train,24191,6
train,24192,4
train,24193,6
train,24194,4
train,24195,8
train,24196,7
train,24197,9
train,24198,8
train,24199,8
train,24200,7
train,24201,4
train,24202,6
train,24203,9
train,24204,8
train,24205,0
train,24206,2
train,24207,2
train,24208,3
train,24209,3
train,24210,3
train,24211,8
train,24212,2
train,24213,5
train,24214,8
train,24215,6
train,24216,0
train,24217,9
train,24218,8
train,24219,8
train,24220,1
train,24221,9
train,24222,7
train,24223,6
train,24224,3
train,24225,1
train,24226,8
train,24227,9
train,24228,7
train,24229,3
train,24230,4
train,24231,4
train,24232,0
train,24233,7
train,24234,5
train,24235,8
train,24236,1
train,24237,3
train,24238,1
train,24239,9
train,24240,4
train,24241,9
train,24242,1
train,24243,7
train,24244,2
train,24245,1
train,24246,8
train,24247,3
train,24248,2
train,24249,8
train,24250,6
train,24251,2
train,24252,1
train,24253,5
train,24254,1
train,24255,6
train,24256,5
train,24257,8
train,24258,9
train,24259,7
train,24260,2
train,24261,3
train,24262,7
train,24263,3
train,24264,7
train,24265,1
train,24266,6
train,24267,9
train,24268,1
train,24269,5
train,24270,4
train,24271,9
train,24272,4
train,24273,2
train,24274,3
train,24275,4
train,24276,6
train,24277,9
train,24278,8
train,24279,9
train,24280,0
train,24281,8
train,24282,0
train,24283,4
train,24284,5
train,24285,2
train,24286,6
train,24287,3
train,24288,3
train,24289,7
train,24290,0
train,24291,2
train,24292,8
train,24293,9
train,24294,7
train,24295,2
train,24296,9
train,24297,6
train,24298,8
train,24299,6
train,24300,5
train,24301,5
train,24302,7
train,24303,2
train,24304,1
train,24305,9
train,24306,9
train,24307,6
train,24308,0
train,24309,9
train,24310,6
train,24311,2
train,24312,8
train,24313,8
train,24314,8
train,24315,4
train,24316,4
train,24317,2
train,24318,5
train,24319,4
train,24320,4
train,24321,2
train,24322,5
train,24323,4
train,24324,5
train,24325,2
train,24326,9
train,24327,3
train,24328,9
train,24329,4
train,24330,7
train,24331,3
train,24332,4
train,24333,6
train,24334,9
train,24335,8
train,24336,3
train,24337,2
train,24338,4
train,24339,7
train,24340,7
train,24341,9
train,24342,7
train,24343,8
train,24344,4
train,24345,4
train,24346,4
train,24347,1
train,24348,6
train,24349,4
train,24350,0
train,24351,8
train,24352,4
train,24353,6
train,24354,5
train,24355,0
train,24356,3
train,24357,2
train,24358,3
train,24359,8
train,24360,7
train,24361,5
train,24362,8
train,24363,1
train,24364,2
train,24365,0
train,24366,1
train,24367,7
train,24368,9
train,24369,3
train,24370,7
train,24371,1
train,24372,0
train,24373,0
train,24374,5
train,24375,4
train,24376,1
train,24377,5
train,24378,8
train,24379,3
train,24380,6
train,24381,5
train,24382,8
train,24383,1
train,24384,0
train,24385,1
train,24386,7
train,24387,3
train,24388,5
train,24389,3
train,24390,8
train,24391,3
train,24392,0
train,24393,8
train,24394,4
train,24395,4
train,24396,0
train,24397,2
train,24398,7
train,24399,5
train,24400,0
train,24401,0
train,24402,8
train,24403,5
train,24404,5
train,24405,4
train,24406,4
train,24407,0
train,24408,4
train,24409,1
train,24410,4
train,24411,9
train,24412,0
train,24413,6
train,24414,5
train,24415,7
train,24416,1
train,24417,5
train,24418,2
train,24419,0
train,24420,1
train,24421,3
train,24422,5
train,24423,0
train,24424,7
train,24425,7
train,24426,2
train,24427,6
train,24428,1
train,24429,6
train,24430,9
train,24431,7
train,24432,1
train,24433,1
train,24434,0
train,24435,4
train,24436,3
train,24437,0
train,24438,4
train,24439,3
train,24440,8
train,24441,9
train,24442,3
train,24443,6
train,24444,1
train,24445,5
train,24446,1
train,24447,7
train,24448,2
train,24449,0
train,24450,6
train,24451,2
train,24452,7
train,24453,2
train,24454,1
train,24455,3
train,24456,4
train,24457,6
train,24458,1
train,24459,0
train,24460,5
train,24461,4
train,24462,7
train,24463,6
train,24464,5
train,24465,7
train,24466,9
train,24467,4
train,24468,3
train,24469,5
train,24470,6
train,24471,7
train,24472,3
train,24473,1
train,24474,8
train,24475,3
train,24476,9
train,24477,0
train,24478,8
train,24479,0
train,24480,9
train,24481,4
train,24482,5
train,24483,4
train,24484,7
train,24485,8
train,24486,7
train,24487,5
train,24488,7
train,24489,9
train,24490,5
train,24491,1
train,24492,8
train,24493,1
train,24494,1
train,24495,5
train,24496,8
train,24497,7
train,24498,0
train,24499,7
train,24500,1
train,24501,3
train,24502,4
train,24503,8
train,24504,3
train,24505,5
train,24506,5
train,24507,3
train,24508,4
train,24509,8
train,24510,3
train,24511,1
train,24512,7
train,24513,3
train,24514,6
train,24515,8
train,24516,3
train,24517,1
train,24518,5
train,24519,2
train,24520,3
train,24521,5
train,24522,9
train,24523,3
train,24524,0
train,24525,9
train,24526,4
train,24527,7
train,24528,9
train,24529,6
train,24530,3
train,24531,6
train,24532,4
train,24533,5
train,24534,1
train,24535,4
train,24536,5
train,24537,2
train,24538,6
train,24539,8
train,24540,0
train,24541,3
train,24542,0
train,24543,9
train,24544,4
train,24545,2
train,24546,0
train,24547,2
train,24548,8
train,24549,7
train,24550,3
train,24551,3
train,24552,5
train,24553,8
train,24554,3
train,24555,9
train,24556,9
train,24557,8
train,24558,0
train,24559,5
train,24560,5
train,24561,2
train,24562,7
train,24563,9
train,24564,6
train,24565,4
train,24566,5
train,24567,0
train,24568,7
train,24569,1
train,24570,1
train,24571,8
train,24572,4
train,24573,9
train,24574,1
train,24575,6
train,24576,9
train,24577,8
train,24578,7
train,24579,6
train,24580,1
train,24581,7
train,24582,4
train,24583,8
train,24584,2
train,24585,6
train,24586,5
train,24587,7
train,24588,8
train,24589,8
train,24590,9
train,24591,1
train,24592,0
train,24593,7
train,24594,4
train,24595,7
train,24596,1
train,24597,9
train,24598,3
train,24599,0
train,24600,3
train,24601,1
train,24602,0
train,24603,4
train,24604,6
train,24605,4
train,24606,9
train,24607,9
train,24608,9
train,24609,8
train,24610,6
train,24611,3
train,24612,1
train,24613,8
train,24614,1
train,24615,7
train,24616,8
train,24617,1
train,24618,5
train,24619,2
train,24620,6
train,24621,7
train,24622,1
train,24623,3
train,24624,5
train,24625,4
train,24626,2
train,24627,9
train,24628,9
train,24629,7
train,24630,0
train,24631,3
train,24632,5
train,24633,7
train,24634,3
train,24635,0
train,24636,7
train,24637,2
train,24638,5
train,24639,1
train,24640,0
train,24641,7
train,24642,9
train,24643,1
train,24644,0
train,24645,0
train,24646,4
train,24647,7
train,24648,4
train,24649,4
train,24650,8
train,24651,2
train,24652,5
train,24653,3
train,24654,5
train,24655,4
train,24656,3
train,24657,5
train,24658,1
train,24659,3
train,24660,2
train,24661,5
train,24662,6
train,24663,3
train,24664,6
train,24665,4
train,24666,8
train,24667,2
train,24668,6
train,24669,1
train,24670,2
train,24671,2
train,24672,6
train,24673,7
train,24674,6
train,24675,8
train,24676,5
train,24677,2
train,24678,7
train,24679,2
train,24680,5
train,24681,2
train,24682,9
train,24683,5
train,24684,0
train,24685,5
train,24686,4
train,24687,8
train,24688,5
train,24689,3
train,24690,4
train,24691,1
train,24692,6
train,24693,7
train,24694,6
train,24695,9
train,24696,9
train,24697,7
train,24698,7
train,24699,2
train,24700,0
train,24701,2
train,24702,6
train,24703,9
train,24704,2
train,24705,0
train,24706,1
train,24707,4
train,24708,4
train,24709,3
train,24710,4
train,24711,1
train,24712,4
train,24713,9
train,24714,0
train,24715,6
train,24716,7
train,24717,8
train,24718,3
train,24719,8
train,24720,5
train,24721,6
train,24722,8
train,24723,4
train,24724,9
train,24725,8
train,24726,5
train,24727,0
train,24728,1
train,24729,1
train,24730,4
train,24731,2
train,24732,0
train,24733,7
train,24734,9
train,24735,1
train,24736,6
train,24737,3
train,24738,9
train,24739,3
train,24740,5
train,24741,1
train,24742,5
train,24743,3
train,24744,6
train,24745,3
train,24746,5
train,24747,1
train,24748,4
train,24749,0
train,24750,8
train,24751,8
train,24752,9
train,24753,9
train,24754,7
train,24755,3
train,24756,6
train,24757,5
train,24758,1
train,24759,6
train,24760,1
train,24761,7
train,24762,2
train,24763,6
train,24764,8
train,24765,0
train,24766,7
train,24767,5
train,24768,7
train,24769,8
train,24770,0
train,24771,8
train,24772,2
train,24773,6
train,24774,8
train,24775,7
train,24776,6
train,24777,5
train,24778,0
train,24779,1
train,24780,3
train,24781,8
train,24782,7
train,24783,3
train,24784,6
train,24785,6
train,24786,6
train,24787,0
train,24788,4
train,24789,3
train,24790,1
train,24791,2
train,24792,5
train,24793,3
train,24794,0
train,24795,5
train,24796,8
train,24797,6
train,24798,5
train,24799,3
train,24800,9
train,24801,5
train,24802,8
train,24803,5
train,24804,3
train,24805,6
train,24806,1
train,24807,9
train,24808,3
train,24809,9
train,24810,4
train,24811,9
train,24812,8
train,24813,8
train,24814,5
train,24815,4
train,24816,2
train,24817,7
train,24818,8
train,24819,6
train,24820,8
train,24821,6
train,24822,1
train,24823,5
train,24824,2
train,24825,2
train,24826,0
train,24827,1
train,24828,8
train,24829,1
train,24830,7
train,24831,1
train,24832,9
train,24833,2
train,24834,4
train,24835,1
train,24836,9
train,24837,3
train,24838,6
train,24839,3
train,24840,1
train,24841,7
train,24842,9
train,24843,7
train,24844,5
train,24845,1
train,24846,0
train,24847,9
train,24848,5
train,24849,7
train,24850,2
train,24851,0
train,24852,6
train,24853,0
train,24854,6
train,24855,4
train,24856,1
train,24857,6
train,24858,6
train,24859,9
train,24860,3
train,24861,1
train,24862,5
train,24863,3
train,24864,0
train,24865,7
train,24866,7
train,24867,0
train,24868,2
train,24869,3
train,24870,5
train,24871,0
train,24872,6
train,24873,3
train,24874,0
train,24875,3
train,24876,5
train,24877,0
train,24878,9
train,24879,4
train,24880,5
train,24881,8
train,24882,2
train,24883,4
train,24884,5
train,24885,3
train,24886,5
train,24887,6
train,24888,9
train,24889,1
train,24890,9
train,24891,1
train,24892,3
train,24893,8
train,24894,7
train,24895,9
train,24896,5
train,24897,3
train,24898,0
train,24899,0
train,24900,4
train,24901,0
train,24902,8
train,24903,0
train,24904,5
train,24905,0
train,24906,4
train,24907,3
train,24908,2
train,24909,8
train,24910,6
train,24911,7
train,24912,1
train,24913,8
train,24914,9
train,24915,0
train,24916,7
train,24917,3
train,24918,8
train,24919,3
train,24920,8
train,24921,4
train,24922,5
train,24923,3
train,24924,8
train,24925,4
train,24926,5
train,24927,4
train,24928,9
train,24929,1
train,24930,8
train,24931,9
train,24932,0
train,24933,5
train,24934,6
train,24935,4
train,24936,7
train,24937,4
train,24938,5
train,24939,9
train,24940,1
train,24941,8
train,24942,4
train,24943,0
train,24944,4
train,24945,4
train,24946,6
train,24947,9
train,24948,2
train,24949,5
train,24950,0
train,24951,6
train,24952,0
train,24953,5
train,24954,7
train,24955,7
train,24956,6
train,24957,6
train,24958,2
train,24959,1
train,24960,5
train,24961,1
train,24962,9
train,24963,3
train,24964,8
train,24965,9
train,24966,2
train,24967,3
train,24968,4
train,24969,3
train,24970,7
train,24971,3
train,24972,5
train,24973,9
train,24974,5
train,24975,8
train,24976,5
train,24977,7
train,24978,7
train,24979,8
train,24980,6
train,24981,2
train,24982,2
train,24983,3
train,24984,3
train,24985,0
train,24986,8
train,24987,1
train,24988,9
train,24989,2
train,24990,2
train,24991,2
train,24992,5
train,24993,5
train,24994,6
train,24995,3
train,24996,3
train,24997,7
train,24998,3
train,24999,4
train,25000,0
train,25001,2
train,25002,6
train,25003,9
train,25004,7
train,25005,5
train,25006,0
train,25007,7
train,25008,1
train,25009,9
train,25010,5
train,25011,1
train,25012,4
train,25013,2
train,25014,9
train,25015,4
train,25016,9
train,25017,9
train,25018,0
train,25019,9
train,25020,4
train,25021,9
train,25022,1
train,25023,8
train,25024,4
train,25025,0
train,25026,0
train,25027,5
train,25028,4
train,25029,1
train,25030,9
train,25031,4
train,25032,8
train,25033,9
train,25034,0
train,25035,1
train,25036,4
train,25037,3
train,25038,0
train,25039,9
train,25040,0
train,25041,4
train,25042,8
train,25043,1
train,25044,2
train,25045,9
train,25046,8
train,25047,2
train,25048,0
train,25049,1
train,25050,0
train,25051,5
train,25052,2
train,25053,3
train,25054,5
train,25055,1
train,25056,3
train,25057,6
train,25058,8
train,25059,1
train,25060,4
train,25061,3
train,25062,9
train,25063,3
train,25064,4
train,25065,0
train,25066,9
train,25067,2
train,25068,6
train,25069,3
train,25070,8
train,25071,9
train,25072,5
train,25073,6
train,25074,0
train,25075,3
train,25076,5
train,25077,3
train,25078,8
train,25079,9
train,25080,3
train,25081,9
train,25082,8
train,25083,4
train,25084,0
train,25085,3
train,25086,4
train,25087,1
train,25088,6
train,25089,9
train,25090,5
train,25091,3
train,25092,5
train,25093,3
train,25094,8
train,25095,2
train,25096,9
train,25097,9
train,25098,7
train,25099,7
train,25100,6
train,25101,1
train,25102,8
train,25103,3
train,25104,6
train,25105,6
train,25106,9
train,25107,1
train,25108,4
train,25109,0
train,25110,7
train,25111,1
train,25112,2
train,25113,4
train,25114,7
train,25115,9
train,25116,8
train,25117,9
train,25118,9
train,25119,9
train,25120,6
train,25121,9
train,25122,3
train,25123,6
train,25124,9
train,25125,3
train,25126,8
train,25127,9
train,25128,7
train,25129,2
train,25130,8
train,25131,6
train,25132,2
train,25133,9
train,25134,8
train,25135,7
train,25136,2
train,25137,0
train,25138,6
train,25139,7
train,25140,5
train,25141,8
train,25142,0
train,25143,6
train,25144,0
train,25145,0
train,25146,3
train,25147,3
train,25148,3
train,25149,6
train,25150,7
train,25151,5
train,25152,1
train,25153,2
train,25154,6
train,25155,2
train,25156,6
train,25157,1
train,25158,3
train,25159,6
train,25160,6
train,25161,7
train,25162,7
train,25163,4
train,25164,5
train,25165,2
train,25166,5
train,25167,2
train,25168,3
train,25169,1
train,25170,2
train,25171,4
train,25172,4
train,25173,4
train,25174,8
train,25175,9
train,25176,6
train,25177,6
train,25178,6
train,25179,3
train,25180,2
train,25181,5
train,25182,4
train,25183,2
train,25184,2
train,25185,9
train,25186,9
train,25187,0
train,25188,9
train,25189,7
train,25190,9
train,25191,2
train,25192,8
train,25193,7
train,25194,0
train,25195,5
train,25196,1
train,25197,5
train,25198,5
train,25199,4
train,25200,5
train,25201,9
train,25202,2
train,25203,4
train,25204,9
train,25205,1
train,25206,1
train,25207,5
train,25208,1
train,25209,7
train,25210,0
train,25211,8
train,25212,5
train,25213,1
train,25214,8
train,25215,1
train,25216,4
train,25217,6
train,25218,1
train,25219,0
train,25220,2
train,25221,6
train,25222,0
train,25223,2
train,25224,8
train,25225,5
train,25226,6
train,25227,7
train,25228,7
train,25229,8
train,25230,4
train,25231,8
train,25232,2
train,25233,6
train,25234,2
train,25235,1
train,25236,4
train,25237,8
train,25238,9
train,25239,4
train,25240,0
train,25241,6
train,25242,6
train,25243,7
train,25244,0
train,25245,8
train,25246,7
train,25247,0
train,25248,1
train,25249,8
train,25250,7
train,25251,1
train,25252,9
train,25253,9
train,25254,3
train,25255,4
train,25256,7
train,25257,0
train,25258,4
train,25259,8
train,25260,5
train,25261,4
train,25262,0
train,25263,7
train,25264,1
train,25265,0
train,25266,0
train,25267,1
train,25268,2
train,25269,5
train,25270,3
train,25271,6
train,25272,5
train,25273,2
train,25274,8
train,25275,8
train,25276,1
train,25277,8
train,25278,8
train,25279,3
train,25280,7
train,25281,0
train,25282,4
train,25283,5
train,25284,0
train,25285,7
train,25286,7
train,25287,3
train,25288,8
train,25289,4
train,25290,3
train,25291,5
train,25292,2
train,25293,0
train,25294,3
train,25295,3
train,25296,4
train,25297,7
train,25298,0
train,25299,8
train,25300,2
train,25301,1
train,25302,3
train,25303,1
train,25304,3
train,25305,7
train,25306,6
train,25307,6
train,25308,9
train,25309,0
train,25310,8
train,25311,0
train,25312,7
train,25313,7
train,25314,7
train,25315,1
train,25316,4
train,25317,2
train,25318,6
train,25319,6
train,25320,8
train,25321,2
train,25322,7
train,25323,1
train,25324,5
train,25325,9
train,25326,8
train,25327,0
train,25328,9
train,25329,7
train,25330,7
train,25331,1
train,25332,4
train,25333,4
train,25334,4
train,25335,4
train,25336,7
train,25337,9
train,25338,7
train,25339,2
train,25340,8
train,25341,7
train,25342,6
train,25343,9
train,25344,3
train,25345,0
train,25346,6
train,25347,8
train,25348,7
train,25349,3
train,25350,8
train,25351,9
train,25352,0
train,25353,3
train,25354,9
train,25355,9
train,25356,3
train,25357,6
train,25358,3
train,25359,4
train,25360,1
train,25361,9
train,25362,8
train,25363,0
train,25364,5
train,25365,8
train,25366,9
train,25367,0
train,25368,6
train,25369,8
train,25370,9
train,25371,6
train,25372,4
train,25373,7
train,25374,5
train,25375,3
train,25376,7
train,25377,2
train,25378,2
train,25379,8
train,25380,2
train,25381,8
train,25382,7
train,25383,6
train,25384,9
train,25385,2
train,25386,2
train,25387,2
train,25388,8
train,25389,6
train,25390,3
train,25391,9
train,25392,3
train,25393,9
train,25394,0
train,25395,9
train,25396,3
train,25397,5
train,25398,0
train,25399,4
train,25400,9
train,25401,4
train,25402,3
train,25403,0
train,25404,2
train,25405,3
train,25406,2
train,25407,3
train,25408,5
train,25409,7
train,25410,9
train,25411,5
train,25412,3
train,25413,6
train,25414,6
train,25415,6
train,25416,8
train,25417,3
train,25418,1
train,25419,1
train,25420,6
train,25421,5
train,25422,2
train,25423,7
train,25424,4
train,25425,8
train,25426,8
train,25427,2
train,25428,3
train,25429,4
train,25430,7
train,25431,4
train,25432,9
train,25433,7
train,25434,6
train,25435,7
train,25436,3
train,25437,7
train,25438,2
train,25439,3
train,25440,8
train,25441,7
train,25442,7
train,25443,0
train,25444,1
train,25445,2
train,25446,9
train,25447,4
train,25448,5
train,25449,7
train,25450,9
train,25451,4
train,25452,4
train,25453,9
train,25454,6
train,25455,0
train,25456,2
train,25457,5
train,25458,1
train,25459,6
train,25460,3
train,25461,9
train,25462,5
train,25463,4
train,25464,7
train,25465,6
train,25466,2
train,25467,0
train,25468,4
train,25469,4
train,25470,8
train,25471,7
train,25472,8
train,25473,5
train,25474,2
train,25475,6
train,25476,3
train,25477,3
train,25478,3
train,25479,7
train,25480,5
train,25481,6
train,25482,5
train,25483,1
train,25484,6
train,25485,7
train,25486,3
train,25487,7
train,25488,2
train,25489,7
train,25490,0
train,25491,2
train,25492,6
train,25493,1
train,25494,4
train,25495,9
train,25496,3
train,25497,5
train,25498,3
train,25499,6
train,25500,3
train,25501,4
train,25502,4
train,25503,3
train,25504,5
train,25505,2
train,25506,7
train,25507,8
train,25508,9
train,25509,5
train,25510,1
train,25511,2
train,25512,1
train,25513,4
train,25514,8
train,25515,4
train,25516,0
train,25517,5
train,25518,3
train,25519,7
train,25520,0
train,25521,3
train,25522,6
train,25523,9
train,25524,3
train,25525,3
train,25526,2
train,25527,6
train,25528,8
train,25529,2
train,25530,5
train,25531,3
train,25532,2
train,25533,5
train,25534,2
train,25535,6
train,25536,5
train,25537,0
train,25538,8
train,25539,7
train,25540,2
train,25541,3
train,25542,1
train,25543,9
train,25544,6
train,25545,7
train,25546,0
train,25547,8
train,25548,4
train,25549,0
train,25550,3
train,25551,5
train,25552,0
train,25553,4
train,25554,5
train,25555,4
train,25556,7
train,25557,8
train,25558,6
train,25559,2
train,25560,4
train,25561,3
train,25562,0
train,25563,0
train,25564,8
train,25565,1
train,25566,5
train,25567,5
train,25568,7
train,25569,3
train,25570,3
train,25571,3
train,25572,2
train,25573,7
train,25574,7
train,25575,3
train,25576,5
train,25577,6
train,25578,1
train,25579,4
train,25580,6
train,25581,3
train,25582,6
train,25583,2
train,25584,5
train,25585,3
train,25586,4
train,25587,3
train,25588,2
train,25589,5
train,25590,7
train,25591,6
train,25592,6
train,25593,9
train,25594,2
train,25595,0
train,25596,2
train,25597,1
train,25598,5
train,25599,1
train,25600,0
train,25601,7
train,25602,8
train,25603,7
train,25604,6
train,25605,6
train,25606,1
train,25607,3
train,25608,6
train,25609,2
train,25610,8
train,25611,1
train,25612,1
train,25613,3
train,25614,1
train,25615,4
train,25616,7
train,25617,8
train,25618,3
train,25619,0
train,25620,9
train,25621,8
train,25622,9
train,25623,5
train,25624,3
train,25625,6
train,25626,1
train,25627,0
train,25628,2
train,25629,1
train,25630,3
train,25631,9
train,25632,6
train,25633,5
train,25634,9
train,25635,2
train,25636,4
train,25637,5
train,25638,4
train,25639,5
train,25640,7
train,25641,8
train,25642,3
train,25643,3
train,25644,5
train,25645,4
train,25646,9
train,25647,6
train,25648,5
train,25649,1
train,25650,3
train,25651,8
train,25652,2
train,25653,8
train,25654,9
train,25655,6
train,25656,4
train,25657,8
train,25658,0
train,25659,0
train,25660,3
train,25661,2
train,25662,9
train,25663,3
train,25664,8
train,25665,3
train,25666,2
train,25667,9
train,25668,4
train,25669,3
train,25670,4
train,25671,1
train,25672,3
train,25673,6
train,25674,3
train,25675,3
train,25676,8
train,25677,2
train,25678,2
train,25679,3
train,25680,0
train,25681,2
train,25682,1
train,25683,7
train,25684,1
train,25685,3
train,25686,6
train,25687,1
train,25688,5
train,25689,2
train,25690,1
train,25691,2
train,25692,9
train,25693,4
train,25694,2
train,25695,4
train,25696,5
train,25697,6
train,25698,5
train,25699,1
train,25700,4
train,25701,7
train,25702,1
train,25703,8
train,25704,7
train,25705,3
train,25706,7
train,25707,2
train,25708,2
train,25709,1
train,25710,4
train,25711,0
train,25712,3
train,25713,4
train,25714,4
train,25715,7
train,25716,5
train,25717,7
train,25718,0
train,25719,2
train,25720,6
train,25721,7
train,25722,3
train,25723,1
train,25724,4
train,25725,3
train,25726,0
train,25727,4
train,25728,1
train,25729,0
train,25730,4
train,25731,4
train,25732,1
train,25733,2
train,25734,6
train,25735,5
train,25736,0
train,25737,6
train,25738,7
train,25739,0
train,25740,3
train,25741,1
train,25742,0
train,25743,0
train,25744,7
train,25745,3
train,25746,6
train,25747,7
train,25748,2
train,25749,6
train,25750,3
train,25751,6
train,25752,6
train,25753,9
train,25754,9
train,25755,9
train,25756,8
train,25757,6
train,25758,9
train,25759,7
train,25760,8
train,25761,6
train,25762,6
train,25763,9
train,25764,9
train,25765,3
train,25766,1
train,25767,0
train,25768,2
train,25769,4
train,25770,2
train,25771,1
train,25772,1
train,25773,3
train,25774,1
train,25775,2
train,25776,9
train,25777,8
train,25778,6
train,25779,0
train,25780,8
train,25781,7
train,25782,0
train,25783,7
train,25784,8
train,25785,8
train,25786,0
train,25787,2
train,25788,7
train,25789,8
train,25790,2
train,25791,7
train,25792,0
train,25793,8
train,25794,6
train,25795,6
train,25796,3
train,25797,5
train,25798,8
train,25799,9
train,25800,7
train,25801,2
train,25802,8
train,25803,8
train,25804,2
train,25805,4
train,25806,2
train,25807,1
train,25808,7
train,25809,2
train,25810,3
train,25811,9
train,25812,4
train,25813,8
train,25814,3
train,25815,5
train,25816,8
train,25817,3
train,25818,9
train,25819,3
train,25820,5
train,25821,6
train,25822,1
train,25823,8
train,25824,6
train,25825,6
train,25826,1
train,25827,1
train,25828,4
train,25829,9
train,25830,2
train,25831,5
train,25832,9
train,25833,4
train,25834,0
train,25835,8
train,25836,5
train,25837,4
train,25838,0
train,25839,7
train,25840,1
train,25841,7
train,25842,0
train,25843,7
train,25844,9
train,25845,7
train,25846,2
train,25847,3
train,25848,3
train,25849,9
train,25850,6
train,25851,7
train,25852,8
train,25853,4
train,25854,6
train,25855,6
train,25856,2
train,25857,9
train,25858,7
train,25859,7
train,25860,1
train,25861,0
train,25862,4
train,25863,6
train,25864,8
train,25865,6
train,25866,6
train,25867,7
train,25868,5
train,25869,2
train,25870,8
train,25871,1
train,25872,6
train,25873,1
train,25874,4
train,25875,5
train,25876,5
train,25877,5
train,25878,2
train,25879,6
train,25880,4
train,25881,2
train,25882,7
train,25883,6
train,25884,1
train,25885,0
train,25886,2
train,25887,7
train,25888,3
train,25889,9
train,25890,7
train,25891,5
train,25892,5
train,25893,8
train,25894,9
train,25895,2
train,25896,4
train,25897,4
train,25898,2
train,25899,7
train,25900,0
train,25901,9
train,25902,2
train,25903,4
train,25904,8
train,25905,1
train,25906,4
train,25907,8
train,25908,0
train,25909,6
train,25910,8
train,25911,7
train,25912,4
train,25913,5
train,25914,9
train,25915,2
train,25916,5
train,25917,4
train,25918,3
train,25919,1
train,25920,6
train,25921,2
train,25922,5
train,25923,2
train,25924,9
train,25925,5
train,25926,1
train,25927,1
train,25928,3
train,25929,0
train,25930,2
train,25931,5
train,25932,1
train,25933,2
train,25934,4
train,25935,2
train,25936,3
train,25937,9
train,25938,6
train,25939,5
train,25940,9
train,25941,8
train,25942,7
train,25943,9
train,25944,1
train,25945,5
train,25946,7
train,25947,8
train,25948,4
train,25949,5
train,25950,4
train,25951,7
train,25952,9
train,25953,7
train,25954,0
train,25955,6
train,25956,8
train,25957,6
train,25958,4
train,25959,3
train,25960,7
train,25961,7
train,25962,9
train,25963,5
train,25964,3
train,25965,7
train,25966,1
train,25967,3
train,25968,2
train,25969,3
train,25970,0
train,25971,8
train,25972,6
train,25973,4
train,25974,5
train,25975,8
train,25976,8
train,25977,8
train,25978,9
train,25979,3
train,25980,7
train,25981,6
train,25982,2
train,25983,4
train,25984,8
train,25985,3
train,25986,1
train,25987,5
train,25988,8
train,25989,0
train,25990,4
train,25991,0
train,25992,3
train,25993,2
train,25994,5
train,25995,4
train,25996,1
train,25997,1
train,25998,8
train,25999,0
train,26000,6
train,26001,2
train,26002,5
train,26003,9
train,26004,6
train,26005,9
train,26006,6
train,26007,7
train,26008,4
train,26009,6
train,26010,9
train,26011,8
train,26012,3
train,26013,8
train,26014,3
train,26015,2
train,26016,1
train,26017,3
train,26018,7
train,26019,1
train,26020,7
train,26021,8
train,26022,1
train,26023,0
train,26024,4
train,26025,0
train,26026,7
train,26027,2
train,26028,9
train,26029,5
train,26030,0
train,26031,7
train,26032,9
train,26033,1
train,26034,9
train,26035,0
train,26036,7
train,26037,2
train,26038,7
train,26039,6
train,26040,4
train,26041,4
train,26042,1
train,26043,7
train,26044,3
train,26045,6
train,26046,2
train,26047,2
train,26048,6
train,26049,7
train,26050,3
train,26051,8
train,26052,6
train,26053,5
train,26054,6
train,26055,0
train,26056,5
train,26057,3
train,26058,2
train,26059,9
train,26060,9
train,26061,9
train,26062,2
train,26063,7
train,26064,4
train,26065,5
train,26066,6
train,26067,4
train,26068,2
train,26069,9
train,26070,8
train,26071,9
train,26072,6
train,26073,2
train,26074,2
train,26075,9
train,26076,9
train,26077,8
train,26078,7
train,26079,1
train,26080,5
train,26081,9
train,26082,9
train,26083,0
train,26084,0
train,26085,2
train,26086,7
train,26087,3
train,26088,8
train,26089,6
train,26090,2
train,26091,8
train,26092,6
train,26093,6
train,26094,8
train,26095,4
train,26096,7
train,26097,9
train,26098,8
train,26099,4
train,26100,5
train,26101,4
train,26102,0
train,26103,1
train,26104,9
train,26105,8
train,26106,2
train,26107,9
train,26108,7
train,26109,9
train,26110,6
train,26111,1
train,26112,6
train,26113,1
train,26114,3
train,26115,8
train,26116,0
train,26117,7
train,26118,1
train,26119,3
train,26120,5
train,26121,1
train,26122,5
train,26123,8
train,26124,1
train,26125,2
train,26126,9
train,26127,0
train,26128,5
train,26129,0
train,26130,8
train,26131,2
train,26132,2
train,26133,3
train,26134,6
train,26135,7
train,26136,0
train,26137,5
train,26138,3
train,26139,5
train,26140,2
train,26141,6
train,26142,6
train,26143,3
train,26144,9
train,26145,5
train,26146,4
train,26147,8
train,26148,9
train,26149,1
train,26150,5
train,26151,4
train,26152,5
train,26153,8
train,26154,9
train,26155,8
train,26156,0
train,26157,8
train,26158,5
train,26159,9
train,26160,1
train,26161,3
train,26162,8
train,26163,9
train,26164,0
train,26165,8
train,26166,8
train,26167,2
train,26168,8
train,26169,4
train,26170,3
train,26171,9
train,26172,2
train,26173,2
train,26174,0
train,26175,7
train,26176,8
train,26177,2
train,26178,8
train,26179,0
train,26180,4
train,26181,9
train,26182,6
train,26183,8
train,26184,8
train,26185,8
train,26186,4
train,26187,0
train,26188,5
train,26189,3
train,26190,0
train,26191,4
train,26192,0
train,26193,3
train,26194,9
train,26195,4
train,26196,4
train,26197,4
train,26198,0
train,26199,3
train,26200,6
train,26201,6
train,26202,1
train,26203,4
train,26204,7
train,26205,3
train,26206,7
train,26207,6
train,26208,9
train,26209,3
train,26210,8
train,26211,1
train,26212,3
train,26213,1
train,26214,0
train,26215,2
train,26216,6
train,26217,2
train,26218,8
train,26219,5
train,26220,5
train,26221,1
train,26222,2
train,26223,2
train,26224,3
train,26225,7
train,26226,5
train,26227,7
train,26228,9
train,26229,8
train,26230,0
train,26231,7
train,26232,6
train,26233,5
train,26234,0
train,26235,7
train,26236,0
train,26237,9
train,26238,3
train,26239,5
train,26240,1
train,26241,9
train,26242,6
train,26243,4
train,26244,9
train,26245,8
train,26246,1
train,26247,1
train,26248,8
train,26249,1
train,26250,0
train,26251,1
train,26252,0
train,26253,2
train,26254,3
train,26255,9
train,26256,9
train,26257,4
train,26258,7
train,26259,5
train,26260,8
train,26261,7
train,26262,4
train,26263,9
train,26264,7
train,26265,7
train,26266,2
train,26267,0
train,26268,1
train,26269,9
train,26270,2
train,26271,5
train,26272,8
train,26273,3
train,26274,6
train,26275,6
train,26276,3
train,26277,0
train,26278,3
train,26279,5
train,26280,7
train,26281,4
train,26282,2
train,26283,6
train,26284,9
train,26285,0
train,26286,4
train,26287,8
train,26288,9
train,26289,8
train,26290,1
train,26291,9
train,26292,9
train,26293,9
train,26294,6
train,26295,0
train,26296,4
train,26297,5
train,26298,4
train,26299,3
train,26300,0
train,26301,6
train,26302,2
train,26303,9
train,26304,9
train,26305,1
train,26306,6
train,26307,9
train,26308,9
train,26309,5
train,26310,2
train,26311,3
train,26312,2
train,26313,7
train,26314,0
train,26315,1
train,26316,5
train,26317,4
train,26318,6
train,26319,3
train,26320,4
train,26321,4
train,26322,8
train,26323,4
train,26324,0
train,26325,1
train,26326,0
train,26327,9
train,26328,4
train,26329,0
train,26330,6
train,26331,5
train,26332,1
train,26333,9
train,26334,1
train,26335,0
train,26336,3
train,26337,3
train,26338,2
train,26339,2
train,26340,5
train,26341,3
train,26342,2
train,26343,1
train,26344,1
train,26345,6
train,26346,3
train,26347,5
train,26348,4
train,26349,0
train,26350,5
train,26351,7
train,26352,0
train,26353,5
train,26354,4
train,26355,2
train,26356,1
train,26357,6
train,26358,9
train,26359,9
train,26360,1
train,26361,4
train,26362,1
train,26363,3
train,26364,8
train,26365,1
train,26366,7
train,26367,1
train,26368,1
train,26369,1
train,26370,7
train,26371,7
train,26372,2
train,26373,2
train,26374,7
train,26375,7
train,26376,1
train,26377,4
train,26378,0
train,26379,0
train,26380,3
train,26381,9
train,26382,6
train,26383,3
train,26384,6
train,26385,7
train,26386,6
train,26387,7
train,26388,2
train,26389,9
train,26390,1
train,26391,3
train,26392,4
train,26393,2
train,26394,2
train,26395,5
train,26396,4
train,26397,1
train,26398,9
train,26399,9
train,26400,8
train,26401,6
train,26402,5
train,26403,0
train,26404,0
train,26405,2
train,26406,7
train,26407,4
train,26408,1
train,26409,2
train,26410,3
train,26411,1
train,26412,2
train,26413,1
train,26414,2
train,26415,2
train,26416,9
train,26417,4
train,26418,5
train,26419,5
train,26420,1
train,26421,9
train,26422,7
train,26423,8
train,26424,9
train,26425,5
train,26426,6
train,26427,4
train,26428,8
train,26429,9
train,26430,0
train,26431,6
train,26432,8
train,26433,5
train,26434,7
train,26435,0
train,26436,0
train,26437,0
train,26438,8
train,26439,5
train,26440,5
train,26441,1
train,26442,3
train,26443,1
train,26444,0
train,26445,3
train,26446,1
train,26447,3
train,26448,8
train,26449,6
train,26450,7
train,26451,4
train,26452,0
train,26453,0
train,26454,5
train,26455,4
train,26456,0
train,26457,0
train,26458,2
train,26459,1
train,26460,4
train,26461,4
train,26462,5
train,26463,9
train,26464,8
train,26465,3
train,26466,9
train,26467,1
train,26468,7
train,26469,3
train,26470,2
train,26471,6
train,26472,3
train,26473,5
train,26474,9
train,26475,2
train,26476,2
train,26477,6
train,26478,1
train,26479,0
train,26480,9
train,26481,3
train,26482,6
train,26483,0
train,26484,3
train,26485,8
train,26486,3
train,26487,4
train,26488,1
train,26489,1
train,26490,9
train,26491,6
train,26492,2
train,26493,2
train,26494,7
train,26495,8
train,26496,5
train,26497,3
train,26498,8
train,26499,0
train,26500,2
train,26501,2
train,26502,4
train,26503,6
train,26504,5
train,26505,3
train,26506,7
train,26507,2
train,26508,3
train,26509,5
train,26510,6
train,26511,2
train,26512,8
train,26513,2
train,26514,7
train,26515,4
train,26516,8
train,26517,5
train,26518,1
train,26519,6
train,26520,1
train,26521,1
train,26522,5
train,26523,3
train,26524,9
train,26525,9
train,26526,9
train,26527,2
train,26528,3
train,26529,3
train,26530,9
train,26531,3
train,26532,1
train,26533,4
train,26534,7
train,26535,5
train,26536,8
train,26537,6
train,26538,8
train,26539,4
train,26540,8
train,26541,4
train,26542,1
train,26543,7
train,26544,9
train,26545,6
train,26546,9
train,26547,4
train,26548,5
train,26549,6
train,26550,1
train,26551,5
train,26552,6
train,26553,5
train,26554,2
train,26555,2
train,26556,6
train,26557,1
train,26558,2
train,26559,5
train,26560,6
train,26561,0
train,26562,1
train,26563,3
train,26564,6
train,26565,3
train,26566,2
train,26567,9
train,26568,5
train,26569,4
train,26570,0
train,26571,4
train,26572,6
train,26573,7
train,26574,7
train,26575,4
train,26576,2
train,26577,2
train,26578,7
train,26579,3
train,26580,3
train,26581,6
train,26582,7
train,26583,5
train,26584,3
train,26585,7
train,26586,1
train,26587,7
train,26588,5
train,26589,3
train,26590,0
train,26591,6
train,26592,6
train,26593,3
train,26594,8
train,26595,9
train,26596,8
train,26597,4
train,26598,4
train,26599,3
train,26600,1
train,26601,9
train,26602,5
train,26603,1
train,26604,1
train,26605,6
train,26606,2
train,26607,4
train,26608,6
train,26609,2
train,26610,2
train,26611,3
train,26612,3
train,26613,4
train,26614,2
train,26615,5
train,26616,0
train,26617,1
train,26618,6
train,26619,2
train,26620,4
train,26621,6
train,26622,3
train,26623,2
train,26624,3
train,26625,5
train,26626,5
train,26627,4
train,26628,3
train,26629,9
train,26630,8
train,26631,8
train,26632,5
train,26633,9
train,26634,7
train,26635,0
train,26636,4
train,26637,2
train,26638,6
train,26639,6
train,26640,8
train,26641,4
train,26642,8
train,26643,0
train,26644,4
train,26645,1
train,26646,0
train,26647,1
train,26648,8
train,26649,1
train,26650,6
train,26651,1
train,26652,0
train,26653,3
train,26654,1
train,26655,3
train,26656,8
train,26657,8
train,26658,0
train,26659,6
train,26660,3
train,26661,6
train,26662,3
train,26663,8
train,26664,0
train,26665,6
train,26666,7
train,26667,5
train,26668,6
train,26669,0
train,26670,9
train,26671,6
train,26672,4
train,26673,2
train,26674,8
train,26675,5
train,26676,1
train,26677,8
train,26678,2
train,26679,1
train,26680,8
train,26681,6
train,26682,0
train,26683,9
train,26684,8
train,26685,8
train,26686,6
train,26687,6
train,26688,9
train,26689,8
train,26690,2
train,26691,7
train,26692,4
train,26693,1
train,26694,6
train,26695,6
train,26696,4
train,26697,5
train,26698,5
train,26699,3
train,26700,1
train,26701,7
train,26702,7
train,26703,9
train,26704,0
train,26705,9
train,26706,7
train,26707,3
train,26708,9
train,26709,4
train,26710,5
train,26711,4
train,26712,5
train,26713,5
train,26714,2
train,26715,6
train,26716,6
train,26717,1
train,26718,9
train,26719,0
train,26720,5
train,26721,7
train,26722,2
train,26723,1
train,26724,5
train,26725,1
train,26726,3
train,26727,1
train,26728,3
train,26729,1
train,26730,3
train,26731,2
train,26732,3
train,26733,3
train,26734,9
train,26735,8
train,26736,3
train,26737,2
train,26738,4
train,26739,2
train,26740,5
train,26741,3
train,26742,8
train,26743,8
train,26744,1
train,26745,6
train,26746,7
train,26747,3
train,26748,8
train,26749,9
train,26750,6
train,26751,0
train,26752,9
train,26753,9
train,26754,3
train,26755,1
train,26756,4
train,26757,5
train,26758,4
train,26759,9
train,26760,2
train,26761,8
train,26762,5
train,26763,8
train,26764,4
train,26765,5
train,26766,2
train,26767,4
train,26768,5
train,26769,5
train,26770,1
train,26771,9
train,26772,8
train,26773,6
train,26774,5
train,26775,5
train,26776,8
train,26777,6
train,26778,3
train,26779,3
train,26780,0
train,26781,5
train,26782,8
train,26783,8
train,26784,4
train,26785,9
train,26786,9
train,26787,5
train,26788,3
train,26789,0
train,26790,6
train,26791,7
train,26792,4
train,26793,4
train,26794,3
train,26795,6
train,26796,0
train,26797,9
train,26798,7
train,26799,3
train,26800,2
train,26801,9
train,26802,6
train,26803,0
train,26804,7
train,26805,3
train,26806,7
train,26807,4
train,26808,7
train,26809,5
train,26810,4
train,26811,1
train,26812,5
train,26813,8
train,26814,3
train,26815,3
train,26816,5
train,26817,4
train,26818,3
train,26819,2
train,26820,0
train,26821,3
train,26822,9
train,26823,3
train,26824,8
train,26825,0
train,26826,0
train,26827,3
train,26828,9
train,26829,2
train,26830,3
train,26831,7
train,26832,7
train,26833,1
train,26834,4
train,26835,4
train,26836,2
train,26837,3
train,26838,2
train,26839,0
train,26840,9
train,26841,0
train,26842,5
train,26843,4
train,26844,8
train,26845,9
train,26846,0
train,26847,1
train,26848,9
train,26849,4
train,26850,4
train,26851,9
train,26852,6
train,26853,9
train,26854,5
train,26855,0
train,26856,1
train,26857,1
train,26858,1
train,26859,2
train,26860,4
train,26861,3
train,26862,6
train,26863,7
train,26864,5
train,26865,7
train,26866,1
train,26867,8
train,26868,6
train,26869,4
train,26870,3
train,26871,7
train,26872,1
train,26873,3
train,26874,6
train,26875,5
train,26876,4
train,26877,7
train,26878,0
train,26879,5
train,26880,8
train,26881,8
train,26882,3
train,26883,7
train,26884,0
train,26885,9
train,26886,3
train,26887,8
train,26888,4
train,26889,6
train,26890,8
train,26891,1
train,26892,2
train,26893,4
train,26894,7
train,26895,3
train,26896,5
train,26897,5
train,26898,8
train,26899,8
train,26900,5
train,26901,9
train,26902,5
train,26903,5
train,26904,7
train,26905,5
train,26906,9
train,26907,9
train,26908,8
train,26909,2
train,26910,2
train,26911,0
train,26912,5
train,26913,8
train,26914,4
train,26915,3
train,26916,9
train,26917,8
train,26918,6
train,26919,6
train,26920,5
train,26921,9
train,26922,5
train,26923,4
train,26924,0
train,26925,5
train,26926,3
train,26927,9
train,26928,8
train,26929,6
train,26930,2
train,26931,1
train,26932,3
train,26933,3
train,26934,9
train,26935,7
train,26936,1
train,26937,9
train,26938,1
train,26939,0
train,26940,7
train,26941,9
train,26942,3
train,26943,6
train,26944,9
train,26945,9
train,26946,6
train,26947,6
train,26948,4
train,26949,7
train,26950,8
train,26951,6
train,26952,9
train,26953,3
train,26954,6
train,26955,5
train,26956,2
train,26957,9
train,26958,8
train,26959,2
train,26960,8
train,26961,7
train,26962,4
train,26963,9
train,26964,0
train,26965,4
train,26966,6
train,26967,3
train,26968,5
train,26969,0
train,26970,3
train,26971,2
train,26972,1
train,26973,5
train,26974,4
train,26975,0
train,26976,2
train,26977,1
train,26978,4
train,26979,4
train,26980,1
train,26981,8
train,26982,7
train,26983,7
train,26984,8
train,26985,5
train,26986,9
train,26987,5
train,26988,3
train,26989,0
train,26990,2
train,26991,1
train,26992,0
train,26993,0
train,26994,7
train,26995,0
train,26996,2
train,26997,6
train,26998,0
train,26999,8
train,27000,1
train,27001,3
train,27002,2
train,27003,1
train,27004,6
train,27005,9
train,27006,0
train,27007,9
train,27008,4
train,27009,3
train,27010,5
train,27011,2
train,27012,9
train,27013,0
train,27014,2
train,27015,3
train,27016,6
train,27017,5
train,27018,5
train,27019,4
train,27020,4
train,27021,9
train,27022,3
train,27023,1
train,27024,6
train,27025,6
train,27026,5
train,27027,7
train,27028,3
train,27029,8
train,27030,0
train,27031,1
train,27032,5
train,27033,2
train,27034,1
train,27035,0
train,27036,4
train,27037,5
train,27038,8
train,27039,7
train,27040,2
train,27041,1
train,27042,5
train,27043,0
train,27044,3
train,27045,3
train,27046,1
train,27047,9
train,27048,5
train,27049,7
train,27050,4
train,27051,5
train,27052,2
train,27053,4
train,27054,2
train,27055,9
train,27056,1
train,27057,2
train,27058,6
train,27059,5
train,27060,4
train,27061,4
train,27062,8
train,27063,5
train,27064,8
train,27065,3
train,27066,7
train,27067,2
train,27068,9
train,27069,0
train,27070,4
train,27071,9
train,27072,3
train,27073,6
train,27074,6
train,27075,1
train,27076,2
train,27077,4
train,27078,8
train,27079,3
train,27080,3
train,27081,3
train,27082,6
train,27083,1
train,27084,8
train,27085,3
train,27086,5
train,27087,9
train,27088,4
train,27089,6
train,27090,2
train,27091,5
train,27092,5
train,27093,6
train,27094,1
train,27095,7
train,27096,1
train,27097,7
train,27098,7
train,27099,2
train,27100,3
train,27101,8
train,27102,7
train,27103,0
train,27104,3
train,27105,6
train,27106,9
train,27107,5
train,27108,3
train,27109,7
train,27110,3
train,27111,7
train,27112,9
train,27113,3
train,27114,3
train,27115,6
train,27116,1
train,27117,5
train,27118,4
train,27119,8
train,27120,3
train,27121,4
train,27122,0
train,27123,5
train,27124,4
train,27125,9
train,27126,5
train,27127,6
train,27128,4
train,27129,7
train,27130,1
train,27131,6
train,27132,6
train,27133,9
train,27134,5
train,27135,9
train,27136,5
train,27137,2
train,27138,5
train,27139,7
train,27140,8
train,27141,7
train,27142,6
train,27143,0
train,27144,4
train,27145,2
train,27146,1
train,27147,9
train,27148,1
train,27149,6
train,27150,7
train,27151,6
train,27152,4
train,27153,8
train,27154,3
train,27155,5
train,27156,2
train,27157,0
train,27158,9
train,27159,1
train,27160,5
train,27161,3
train,27162,0
train,27163,0
train,27164,1
train,27165,0
train,27166,8
train,27167,3
train,27168,4
train,27169,2
train,27170,3
train,27171,0
train,27172,0
train,27173,6
train,27174,0
train,27175,0
train,27176,9
train,27177,7
train,27178,7
train,27179,4
train,27180,0
train,27181,6
train,27182,4
train,27183,6
train,27184,2
train,27185,4
train,27186,0
train,27187,8
train,27188,8
train,27189,9
train,27190,1
train,27191,5
train,27192,6
train,27193,2
train,27194,6
train,27195,5
train,27196,3
train,27197,1
train,27198,0
train,27199,0
train,27200,8
train,27201,1
train,27202,6
train,27203,0
train,27204,2
train,27205,7
train,27206,9
train,27207,4
train,27208,3
train,27209,4
train,27210,2
train,27211,9
train,27212,4
train,27213,3
train,27214,0
train,27215,4
train,27216,0
train,27217,9
train,27218,7
train,27219,0
train,27220,7
train,27221,4
train,27222,1
train,27223,0
train,27224,5
train,27225,6
train,27226,3
train,27227,4
train,27228,7
train,27229,1
train,27230,2
train,27231,4
train,27232,0
train,27233,1
train,27234,2
train,27235,6
train,27236,2
train,27237,0
train,27238,5
train,27239,7
train,27240,5
train,27241,2
train,27242,0
train,27243,9
train,27244,5
train,27245,5
train,27246,7
train,27247,2
train,27248,1
train,27249,1
train,27250,2
train,27251,5
train,27252,4
train,27253,1
train,27254,1
train,27255,1
train,27256,7
train,27257,9
train,27258,1
train,27259,9
train,27260,8
train,27261,7
train,27262,9
train,27263,0
train,27264,0
train,27265,5
train,27266,3
train,27267,3
train,27268,0
train,27269,0
train,27270,3
train,27271,3
train,27272,3
train,27273,4
train,27274,2
train,27275,3
train,27276,3
train,27277,1
train,27278,7
train,27279,5
train,27280,6
train,27281,0
train,27282,1
train,27283,0
train,27284,1
train,27285,8
train,27286,2
train,27287,4
train,27288,4
train,27289,5
train,27290,3
train,27291,3
train,27292,2
train,27293,7
train,27294,7
train,27295,1
train,27296,9
train,27297,7
train,27298,6
train,27299,4
train,27300,5
train,27301,4
train,27302,9
train,27303,2
train,27304,5
train,27305,6
train,27306,2
train,27307,0
train,27308,0
train,27309,3
train,27310,2
train,27311,0
train,27312,0
train,27313,2
train,27314,5
train,27315,4
train,27316,7
train,27317,6
train,27318,9
train,27319,7
train,27320,0
train,27321,1
train,27322,1
train,27323,7
train,27324,2
train,27325,6
train,27326,3
train,27327,4
train,27328,0
train,27329,6
train,27330,8
train,27331,3
train,27332,6
train,27333,6
train,27334,4
train,27335,0
train,27336,6
train,27337,8
train,27338,3
train,27339,0
train,27340,1
train,27341,3
train,27342,0
train,27343,6
train,27344,0
train,27345,2
train,27346,2
train,27347,1
train,27348,4
train,27349,0
train,27350,3
train,27351,2
train,27352,5
train,27353,7
train,27354,9
train,27355,6
train,27356,8
train,27357,4
train,27358,8
train,27359,5
train,27360,8
train,27361,1
train,27362,6
train,27363,6
train,27364,7
train,27365,6
train,27366,1
train,27367,8
train,27368,5
train,27369,6
train,27370,3
train,27371,8
train,27372,8
train,27373,5
train,27374,8
train,27375,4
train,27376,1
train,27377,4
train,27378,9
train,27379,5
train,27380,1
train,27381,1
train,27382,1
train,27383,0
train,27384,3
train,27385,8
train,27386,8
train,27387,4
train,27388,3
train,27389,0
train,27390,6
train,27391,1
train,27392,2
train,27393,3
train,27394,3
train,27395,8
train,27396,0
train,27397,1
train,27398,3
train,27399,9
train,27400,8
train,27401,9
train,27402,3
train,27403,8
train,27404,4
train,27405,3
train,27406,2
train,27407,0
train,27408,3
train,27409,8
train,27410,5
train,27411,7
train,27412,3
train,27413,7
train,27414,6
train,27415,3
train,27416,1
train,27417,3
train,27418,0
train,27419,4
train,27420,0
train,27421,7
train,27422,1
train,27423,3
train,27424,3
train,27425,9
train,27426,4
train,27427,4
train,27428,1
train,27429,3
train,27430,6
train,27431,2
train,27432,1
train,27433,7
train,27434,9
train,27435,2
train,27436,6
train,27437,2
train,27438,4
train,27439,4
train,27440,8
train,27441,3
train,27442,3
train,27443,1
train,27444,1
train,27445,5
train,27446,9
train,27447,2
train,27448,3
train,27449,2
train,27450,5
train,27451,1
train,27452,2
train,27453,8
train,27454,9
train,27455,2
train,27456,5
train,27457,1
train,27458,7
train,27459,7
train,27460,3
train,27461,6
train,27462,3
train,27463,1
train,27464,1
train,27465,5
train,27466,8
train,27467,7
train,27468,9
train,27469,2
train,27470,5
train,27471,7
train,27472,2
train,27473,7
train,27474,4
train,27475,7
train,27476,5
train,27477,2
train,27478,1
train,27479,3
train,27480,4
train,27481,3
train,27482,8
train,27483,3
train,27484,5
train,27485,2
train,27486,4
train,27487,3
train,27488,7
train,27489,6
train,27490,3
train,27491,7
train,27492,0
train,27493,2
train,27494,5
train,27495,6
train,27496,1
train,27497,6
train,27498,9
train,27499,2
train,27500,8
train,27501,4
train,27502,6
train,27503,8
train,27504,8
train,27505,7
train,27506,0
train,27507,6
train,27508,6
train,27509,0
train,27510,0
train,27511,0
train,27512,4
train,27513,0
train,27514,0
train,27515,9
train,27516,5
train,27517,5
train,27518,8
train,27519,2
train,27520,0
train,27521,4
train,27522,1
train,27523,6
train,27524,6
train,27525,1
train,27526,8
train,27527,3
train,27528,4
train,27529,1
train,27530,7
train,27531,0
train,27532,5
train,27533,2
train,27534,2
train,27535,6
train,27536,3
train,27537,4
train,27538,6
train,27539,0
train,27540,2
train,27541,7
train,27542,2
train,27543,0
train,27544,1
train,27545,1
train,27546,1
train,27547,3
train,27548,7
train,27549,8
train,27550,0
train,27551,4
train,27552,7
train,27553,1
train,27554,1
train,27555,2
train,27556,6
train,27557,6
train,27558,2
train,27559,1
train,27560,3
train,27561,1
train,27562,1
train,27563,5
train,27564,7
train,27565,7
train,27566,0
train,27567,5
train,27568,0
train,27569,1
train,27570,6
train,27571,0
train,27572,5
train,27573,6
train,27574,5
train,27575,0
train,27576,8
train,27577,2
train,27578,7
train,27579,0
train,27580,4
train,27581,5
train,27582,5
train,27583,2
train,27584,1
train,27585,3
train,27586,9
train,27587,5
train,27588,2
train,27589,0
train,27590,4
train,27591,3
train,27592,3
train,27593,7
train,27594,7
train,27595,4
train,27596,0
train,27597,0
train,27598,6
train,27599,8
train,27600,1
train,27601,9
train,27602,8
train,27603,2
train,27604,8
train,27605,9
train,27606,3
train,27607,1
train,27608,6
train,27609,1
train,27610,1
train,27611,4
train,27612,7
train,27613,3
train,27614,0
train,27615,7
train,27616,8
train,27617,3
train,27618,8
train,27619,4
train,27620,3
train,27621,1
train,27622,7
train,27623,1
train,27624,0
train,27625,4
train,27626,9
train,27627,4
train,27628,8
train,27629,0
train,27630,3
train,27631,0
train,27632,2
train,27633,3
train,27634,5
train,27635,5
train,27636,3
train,27637,9
train,27638,0
train,27639,9
train,27640,2
train,27641,9
train,27642,1
train,27643,9
train,27644,4
train,27645,1
train,27646,0
train,27647,1
train,27648,1
train,27649,6
train,27650,2
train,27651,7
train,27652,9
train,27653,3
train,27654,2
train,27655,6
train,27656,1
train,27657,9
train,27658,3
train,27659,8
train,27660,8
train,27661,8
train,27662,8
train,27663,9
train,27664,1
train,27665,1
train,27666,7
train,27667,1
train,27668,9
train,27669,8
train,27670,9
train,27671,9
train,27672,5
train,27673,6
train,27674,4
train,27675,1
train,27676,1
train,27677,8
train,27678,5
train,27679,7
train,27680,7
train,27681,9
train,27682,3
train,27683,7
train,27684,6
train,27685,9
train,27686,7
train,27687,5
train,27688,3
train,27689,9
train,27690,6
train,27691,7
train,27692,6
train,27693,4
train,27694,8
train,27695,1
train,27696,3
train,27697,9
train,27698,2
train,27699,6
train,27700,6
train,27701,6
train,27702,6
train,27703,8
train,27704,9
train,27705,4
train,27706,8
train,27707,0
train,27708,1
train,27709,1
train,27710,5
train,27711,4
train,27712,0
train,27713,9
train,27714,6
train,27715,3
train,27716,6
train,27717,0
train,27718,8
train,27719,4
train,27720,7
train,27721,2
train,27722,8
train,27723,7
train,27724,0
train,27725,6
train,27726,4
train,27727,7
train,27728,3
train,27729,8
train,27730,3
train,27731,1
train,27732,8
train,27733,2
train,27734,8
train,27735,0
train,27736,1
train,27737,7
train,27738,7
train,27739,4
train,27740,1
train,27741,5
train,27742,4
train,27743,0
train,27744,6
train,27745,4
train,27746,7
train,27747,6
train,27748,0
train,27749,5
train,27750,7
train,27751,0
train,27752,7
train,27753,6
train,27754,8
train,27755,5
train,27756,2
train,27757,8
train,27758,0
train,27759,6
train,27760,2
train,27761,5
train,27762,0
train,27763,5
train,27764,7
train,27765,1
train,27766,6
train,27767,3
train,27768,6
train,27769,2
train,27770,7
train,27771,4
train,27772,0
train,27773,3
train,27774,5
train,27775,9
train,27776,1
train,27777,0
train,27778,1
train,27779,0
train,27780,7
train,27781,6
train,27782,6
train,27783,7
train,27784,3
train,27785,9
train,27786,9
train,27787,7
train,27788,6
train,27789,3
train,27790,5
train,27791,4
train,27792,3
train,27793,9
train,27794,4
train,27795,0
train,27796,2
train,27797,2
train,27798,5
train,27799,0
train,27800,8
train,27801,6
train,27802,9
train,27803,9
train,27804,3
train,27805,5
train,27806,6
train,27807,8
train,27808,6
train,27809,1
train,27810,5
train,27811,8
train,27812,6
train,27813,5
train,27814,6
train,27815,9
train,27816,4
train,27817,5
train,27818,5
train,27819,9
train,27820,0
train,27821,1
train,27822,1
train,27823,9
train,27824,6
train,27825,4
train,27826,9
train,27827,5
train,27828,7
train,27829,4
train,27830,5
train,27831,7
train,27832,5
train,27833,9
train,27834,8
train,27835,4
train,27836,2
train,27837,8
train,27838,9
train,27839,3
train,27840,2
train,27841,2
train,27842,7
train,27843,6
train,27844,9
train,27845,3
train,27846,3
train,27847,5
train,27848,5
train,27849,3
train,27850,1
train,27851,9
train,27852,1
train,27853,9
train,27854,4
train,27855,6
train,27856,6
train,27857,0
train,27858,5
train,27859,3
train,27860,7
train,27861,3
train,27862,9
train,27863,7
train,27864,1
train,27865,8
train,27866,6
train,27867,8
train,27868,6
train,27869,1
train,27870,3
train,27871,2
train,27872,6
train,27873,1
train,27874,9
train,27875,3
train,27876,5
train,27877,4
train,27878,5
train,27879,8
train,27880,0
train,27881,2
train,27882,3
train,27883,9
train,27884,3
train,27885,9
train,27886,2
train,27887,2
train,27888,6
train,27889,0
train,27890,7
train,27891,8
train,27892,7
train,27893,4
train,27894,0
train,27895,3
train,27896,8
train,27897,4
train,27898,1
train,27899,7
train,27900,7
train,27901,1
train,27902,1
train,27903,3
train,27904,1
train,27905,3
train,27906,6
train,27907,6
train,27908,2
train,27909,2
train,27910,8
train,27911,9
train,27912,3
train,27913,1
train,27914,3
train,27915,7
train,27916,2
train,27917,6
train,27918,7
train,27919,2
train,27920,0
train,27921,2
train,27922,2
train,27923,3
train,27924,0
train,27925,0
train,27926,6
train,27927,9
train,27928,6
train,27929,6
train,27930,8
train,27931,7
train,27932,0
train,27933,2
train,27934,8
train,27935,7
train,27936,9
train,27937,4
train,27938,0
train,27939,8
train,27940,0
train,27941,2
train,27942,1
train,27943,8
train,27944,1
train,27945,0
train,27946,3
train,27947,7
train,27948,7
train,27949,3
train,27950,1
train,27951,0
train,27952,0
train,27953,0
train,27954,6
train,27955,5
train,27956,4
train,27957,5
train,27958,2
train,27959,3
train,27960,3
train,27961,4
train,27962,1
train,27963,0
train,27964,8
train,27965,5
train,27966,7
train,27967,6
train,27968,1
train,27969,4
train,27970,8
train,27971,5
train,27972,3
train,27973,9
train,27974,0
train,27975,4
train,27976,1
train,27977,2
train,27978,9
train,27979,7
train,27980,7
train,27981,4
train,27982,1
train,27983,0
train,27984,5
train,27985,0
train,27986,8
train,27987,7
train,27988,0
train,27989,4
train,27990,1
train,27991,1
train,27992,5
train,27993,4
train,27994,8
train,27995,9
train,27996,8
train,27997,3
train,27998,8
train,27999,2
train,28000,0
train,28001,3
train,28002,1
train,28003,7
train,28004,4
train,28005,0
train,28006,1
train,28007,0
train,28008,7
train,28009,1
train,28010,6
train,28011,9
train,28012,0
train,28013,3
train,28014,0
train,28015,6
train,28016,9
train,28017,8
train,28018,8
train,28019,2
train,28020,2
train,28021,7
train,28022,4
train,28023,0
train,28024,3
train,28025,4
train,28026,0
train,28027,8
train,28028,3
train,28029,3
train,28030,6
train,28031,1
train,28032,5
train,28033,8
train,28034,2
train,28035,4
train,28036,1
train,28037,3
train,28038,4
train,28039,8
train,28040,4
train,28041,3
train,28042,3
train,28043,2
train,28044,7
train,28045,1
train,28046,4
train,28047,5
train,28048,0
train,28049,4
train,28050,3
train,28051,6
train,28052,9
train,28053,5
train,28054,9
train,28055,4
train,28056,3
train,28057,0
train,28058,2
train,28059,2
train,28060,6
train,28061,9
train,28062,3
train,28063,5
train,28064,1
train,28065,5
train,28066,1
train,28067,9
train,28068,8
train,28069,6
train,28070,8
train,28071,7
train,28072,7
train,28073,0
train,28074,6
train,28075,6
train,28076,3
train,28077,0
train,28078,7
train,28079,4
train,28080,7
train,28081,5
train,28082,8
train,28083,9
train,28084,9
train,28085,1
train,28086,9
train,28087,4
train,28088,0
train,28089,5
train,28090,3
train,28091,0
train,28092,1
train,28093,0
train,28094,8
train,28095,3
train,28096,1
train,28097,7
train,28098,5
train,28099,7
train,28100,7
train,28101,2
train,28102,9
train,28103,7
train,28104,0
train,28105,3
train,28106,1
train,28107,0
train,28108,8
train,28109,8
train,28110,5
train,28111,0
train,28112,9
train,28113,5
train,28114,8
train,28115,4
train,28116,8
train,28117,4
train,28118,2
train,28119,5
train,28120,4
train,28121,4
train,28122,4
train,28123,8
train,28124,1
train,28125,0
train,28126,0
train,28127,0
train,28128,6
train,28129,1
train,28130,1
train,28131,8
train,28132,7
train,28133,9
train,28134,8
train,28135,9
train,28136,5
train,28137,2
train,28138,3
train,28139,4
train,28140,3
train,28141,8
train,28142,8
train,28143,2
train,28144,4
train,28145,9
train,28146,1
train,28147,7
train,28148,0
train,28149,5
train,28150,3
train,28151,0
train,28152,3
train,28153,6
train,28154,1
train,28155,0
train,28156,5
train,28157,2
train,28158,7
train,28159,2
train,28160,9
train,28161,7
train,28162,0
train,28163,3
train,28164,6
train,28165,0
train,28166,9
train,28167,0
train,28168,1
train,28169,3
train,28170,8
train,28171,3
train,28172,2
train,28173,9
train,28174,6
train,28175,6
train,28176,5
train,28177,8
train,28178,8
train,28179,6
train,28180,1
train,28181,8
train,28182,4
train,28183,6
train,28184,1
train,28185,8
train,28186,0
train,28187,0
train,28188,2
train,28189,1
train,28190,9
train,28191,0
train,28192,9
train,28193,9
train,28194,5
train,28195,4
train,28196,0
train,28197,2
train,28198,1
train,28199,8
train,28200,3
train,28201,1
train,28202,4
train,28203,0
train,28204,5
train,28205,8
train,28206,7
train,28207,6
train,28208,6
train,28209,6
train,28210,6
train,28211,9
train,28212,3
train,28213,3
train,28214,7
train,28215,2
train,28216,1
train,28217,1
train,28218,9
train,28219,1
train,28220,8
train,28221,8
train,28222,6
train,28223,4
train,28224,5
train,28225,8
train,28226,3
train,28227,0
train,28228,6
train,28229,8
train,28230,1
train,28231,4
train,28232,9
train,28233,6
train,28234,9
train,28235,3
train,28236,0
train,28237,0
train,28238,0
train,28239,6
train,28240,3
train,28241,4
train,28242,7
train,28243,1
train,28244,9
train,28245,9
train,28246,2
train,28247,8
train,28248,3
train,28249,5
train,28250,9
train,28251,2
train,28252,4
train,28253,4
train,28254,0
train,28255,9
train,28256,6
train,28257,9
train,28258,9
train,28259,7
train,28260,8
train,28261,1
train,28262,4
train,28263,3
train,28264,3
train,28265,1
train,28266,8
train,28267,5
train,28268,7
train,28269,4
train,28270,1
train,28271,5
train,28272,1
train,28273,6
train,28274,2
train,28275,5
train,28276,9
train,28277,5
train,28278,3
train,28279,2
train,28280,5
train,28281,6
train,28282,3
train,28283,8
train,28284,0
train,28285,8
train,28286,8
train,28287,5
train,28288,5
train,28289,5
train,28290,8
train,28291,2
train,28292,9
train,28293,9
train,28294,8
train,28295,3
train,28296,7
train,28297,9
train,28298,1
train,28299,2
train,28300,7
train,28301,8
train,28302,1
train,28303,0
train,28304,9
train,28305,9
train,28306,5
train,28307,1
train,28308,7
train,28309,7
train,28310,0
train,28311,9
train,28312,0
train,28313,2
train,28314,3
train,28315,8
train,28316,6
train,28317,7
train,28318,8
train,28319,1
train,28320,3
train,28321,2
train,28322,3
train,28323,8
train,28324,1
train,28325,0
train,28326,6
train,28327,1
train,28328,0
train,28329,2
train,28330,3
train,28331,8
train,28332,9
train,28333,4
train,28334,0
train,28335,6
train,28336,9
train,28337,9
train,28338,2
train,28339,4
train,28340,9
train,28341,0
train,28342,8
train,28343,1
train,28344,9
train,28345,5
train,28346,5
train,28347,2
train,28348,6
train,28349,3
train,28350,5
train,28351,9
train,28352,4
train,28353,5
train,28354,9
train,28355,6
train,28356,6
train,28357,1
train,28358,5
train,28359,2
train,28360,6
train,28361,1
train,28362,9
train,28363,2
train,28364,9
train,28365,2
train,28366,0
train,28367,9
train,28368,1
train,28369,5
train,28370,1
train,28371,7
train,28372,7
train,28373,4
train,28374,7
train,28375,9
train,28376,0
train,28377,0
train,28378,1
train,28379,7
train,28380,3
train,28381,7
train,28382,1
train,28383,8
train,28384,9
train,28385,7
train,28386,9
train,28387,2
train,28388,3
train,28389,4
train,28390,5
train,28391,8
train,28392,5
train,28393,7
train,28394,5
train,28395,2
train,28396,6
train,28397,7
train,28398,4
train,28399,6
train,28400,2
train,28401,1
train,28402,1
train,28403,7
train,28404,7
train,28405,8
train,28406,9
train,28407,7
train,28408,5
train,28409,2
train,28410,1
train,28411,0
train,28412,8
train,28413,5
train,28414,6
train,28415,6
train,28416,1
train,28417,5
train,28418,3
train,28419,6
train,28420,5
train,28421,7
train,28422,2
train,28423,8
train,28424,8
train,28425,3
train,28426,8
train,28427,3
train,28428,7
train,28429,9
train,28430,7
train,28431,8
train,28432,8
train,28433,7
train,28434,9
train,28435,6
train,28436,7
train,28437,6
train,28438,1
train,28439,3
train,28440,2
train,28441,3
train,28442,1
train,28443,6
train,28444,6
train,28445,8
train,28446,4
train,28447,0
train,28448,5
train,28449,8
train,28450,8
train,28451,0
train,28452,4
train,28453,6
train,28454,8
train,28455,5
train,28456,6
train,28457,4
train,28458,8
train,28459,3
train,28460,3
train,28461,6
train,28462,4
train,28463,7
train,28464,7
train,28465,0
train,28466,2
train,28467,6
train,28468,5
train,28469,2
train,28470,7
train,28471,2
train,28472,7
train,28473,8
train,28474,3
train,28475,3
train,28476,6
train,28477,7
train,28478,5
train,28479,6
train,28480,7
train,28481,5
train,28482,5
train,28483,6
train,28484,4
train,28485,0
train,28486,4
train,28487,8
train,28488,9
train,28489,7
train,28490,3
train,28491,3
train,28492,7
train,28493,6
train,28494,8
train,28495,5
train,28496,8
train,28497,1
train,28498,2
train,28499,2
train,28500,6
train,28501,6
train,28502,1
train,28503,7
train,28504,0
train,28505,7
train,28506,1
train,28507,3
train,28508,7
train,28509,2
train,28510,4
train,28511,2
train,28512,5
train,28513,6
train,28514,1
train,28515,0
train,28516,1
train,28517,6
train,28518,2
train,28519,1
train,28520,7
train,28521,1
train,28522,1
train,28523,3
train,28524,3
train,28525,8
train,28526,4
train,28527,7
train,28528,7
train,28529,0
train,28530,7
train,28531,6
train,28532,0
train,28533,9
train,28534,6
train,28535,2
train,28536,4
train,28537,3
train,28538,6
train,28539,3
train,28540,1
train,28541,8
train,28542,7
train,28543,7
train,28544,0
train,28545,5
train,28546,6
train,28547,3
train,28548,4
train,28549,2
train,28550,0
train,28551,7
train,28552,3
train,28553,5
train,28554,5
train,28555,4
train,28556,7
train,28557,6
train,28558,3
train,28559,0
train,28560,0
train,28561,8
train,28562,6
train,28563,4
train,28564,2
train,28565,4
train,28566,2
train,28567,7
train,28568,3
train,28569,6
train,28570,4
train,28571,2
train,28572,0
train,28573,1
train,28574,9
train,28575,2
train,28576,0
train,28577,9
train,28578,5
train,28579,6
train,28580,8
train,28581,4
train,28582,1
train,28583,2
train,28584,6
train,28585,8
train,28586,5
train,28587,8
train,28588,4
train,28589,0
train,28590,5
train,28591,3
train,28592,9
train,28593,1
train,28594,6
train,28595,8
train,28596,0
train,28597,1
train,28598,6
train,28599,5
train,28600,9
train,28601,6
train,28602,7
train,28603,3
train,28604,9
train,28605,0
train,28606,4
train,28607,7
train,28608,5
train,28609,6
train,28610,1
train,28611,7
train,28612,6
train,28613,0
train,28614,8
train,28615,9
train,28616,8
train,28617,8
train,28618,4
train,28619,6
train,28620,6
train,28621,8
train,28622,3
train,28623,0
train,28624,0
train,28625,6
train,28626,9
train,28627,0
train,28628,6
train,28629,4
train,28630,7
train,28631,4
train,28632,4
train,28633,1
train,28634,6
train,28635,0
train,28636,9
train,28637,3
train,28638,9
train,28639,9
train,28640,9
train,28641,5
train,28642,9
train,28643,8
train,28644,1
train,28645,9
train,28646,6
train,28647,7
train,28648,7
train,28649,3
train,28650,7
train,28651,9
train,28652,3
train,28653,4
train,28654,7
train,28655,8
train,28656,3
train,28657,6
train,28658,0
train,28659,7
train,28660,4
train,28661,6
train,28662,9
train,28663,0
train,28664,2
train,28665,8
train,28666,1
train,28667,7
train,28668,6
train,28669,7
train,28670,1
train,28671,0
train,28672,7
train,28673,7
train,28674,9
train,28675,0
train,28676,2
train,28677,1
train,28678,5
train,28679,3
train,28680,2
train,28681,5
train,28682,4
train,28683,2
train,28684,2
train,28685,9
train,28686,3
train,28687,8
train,28688,3
train,28689,3
train,28690,5
train,28691,3
train,28692,2
train,28693,0
train,28694,6
train,28695,6
train,28696,4
train,28697,2
train,28698,5
train,28699,3
train,28700,5
train,28701,3
train,28702,2
train,28703,7
train,28704,9
train,28705,0
train,28706,9
train,28707,2
train,28708,2
train,28709,1
train,28710,9
train,28711,5
train,28712,4
train,28713,9
train,28714,4
train,28715,9
train,28716,2
train,28717,8
train,28718,7
train,28719,2
train,28720,4
train,28721,1
train,28722,8
train,28723,3
train,28724,6
train,28725,7
train,28726,5
train,28727,7
train,28728,6
train,28729,1
train,28730,1
train,28731,3
train,28732,5
train,28733,9
train,28734,7
train,28735,4
train,28736,8
train,28737,1
train,28738,1
train,28739,1
train,28740,9
train,28741,3
train,28742,6
train,28743,5
train,28744,2
train,28745,7
train,28746,1
train,28747,8
train,28748,4
train,28749,9
train,28750,5
train,28751,4
train,28752,5
train,28753,6
train,28754,2
train,28755,9
train,28756,5
train,28757,0
train,28758,2
train,28759,5
train,28760,8
train,28761,6
train,28762,2
train,28763,5
train,28764,0
train,28765,0
train,28766,3
train,28767,3
train,28768,3
train,28769,1
train,28770,2
train,28771,8
train,28772,9
train,28773,9
train,28774,6
train,28775,6
train,28776,2
train,28777,0
train,28778,7
train,28779,6
train,28780,3
train,28781,6
train,28782,8
train,28783,0
train,28784,6
train,28785,6
train,28786,6
train,28787,8
train,28788,5
train,28789,3
train,28790,1
train,28791,7
train,28792,0
train,28793,7
train,28794,7
train,28795,1
train,28796,5
train,28797,0
train,28798,6
train,28799,8
train,28800,8
train,28801,0
train,28802,4
train,28803,6
train,28804,2
train,28805,8
train,28806,0
train,28807,1
train,28808,6
train,28809,9
train,28810,2
train,28811,0
train,28812,0
train,28813,8
train,28814,0
train,28815,8
train,28816,5
train,28817,7
train,28818,0
train,28819,7
train,28820,4
train,28821,0
train,28822,2
train,28823,4
train,28824,9
train,28825,8
train,28826,8
train,28827,1
train,28828,7
train,28829,8
train,28830,9
train,28831,1
train,28832,1
train,28833,9
train,28834,0
train,28835,4
train,28836,2
train,28837,3
train,28838,5
train,28839,3
train,28840,9
train,28841,9
train,28842,1
train,28843,0
train,28844,4
train,28845,0
train,28846,8
train,28847,6
train,28848,6
train,28849,1
train,28850,5
train,28851,1
train,28852,9
train,28853,4
train,28854,3
train,28855,7
train,28856,2
train,28857,0
train,28858,5
train,28859,9
train,28860,3
train,28861,7
train,28862,9
train,28863,4
train,28864,4
train,28865,2
train,28866,5
train,28867,1
train,28868,1
train,28869,0
train,28870,3
train,28871,9
train,28872,7
train,28873,1
train,28874,5
train,28875,4
train,28876,9
train,28877,3
train,28878,9
train,28879,7
train,28880,9
train,28881,5
train,28882,2
train,28883,7
train,28884,2
train,28885,0
train,28886,9
train,28887,7
train,28888,1
train,28889,0
train,28890,3
train,28891,5
train,28892,0
train,28893,4
train,28894,9
train,28895,4
train,28896,3
train,28897,4
train,28898,9
train,28899,0
train,28900,2
train,28901,9
train,28902,4
train,28903,9
train,28904,6
train,28905,6
train,28906,7
train,28907,3
train,28908,2
train,28909,2
train,28910,4
train,28911,9
train,28912,6
train,28913,1
train,28914,3
train,28915,5
train,28916,2
train,28917,6
train,28918,9
train,28919,5
train,28920,0
train,28921,7
train,28922,7
train,28923,5
train,28924,2
train,28925,5
train,28926,8
train,28927,1
train,28928,4
train,28929,5
train,28930,1
train,28931,9
train,28932,3
train,28933,3
train,28934,4
train,28935,4
train,28936,4
train,28937,7
train,28938,8
train,28939,0
train,28940,0
train,28941,5
train,28942,8
train,28943,5
train,28944,4
train,28945,2
train,28946,2
train,28947,9
train,28948,8
train,28949,5
train,28950,0
train,28951,7
train,28952,7
train,28953,6
train,28954,5
train,28955,8
train,28956,0
train,28957,3
train,28958,1
train,28959,7
train,28960,0
train,28961,3
train,28962,5
train,28963,6
train,28964,0
train,28965,1
train,28966,4
train,28967,1
train,28968,6
train,28969,2
train,28970,5
train,28971,1
train,28972,1
train,28973,1
train,28974,8
train,28975,9
train,28976,8
train,28977,8
train,28978,3
train,28979,0
train,28980,8
train,28981,0
train,28982,2
train,28983,2
train,28984,8
train,28985,1
train,28986,2
train,28987,3
train,28988,0
train,28989,9
train,28990,4
train,28991,8
train,28992,2
train,28993,1
train,28994,6
train,28995,4
train,28996,9
train,28997,8
train,28998,4
train,28999,6
train,29000,2
train,29001,9
train,29002,9
train,29003,8
train,29004,6
train,29005,4
train,29006,0
train,29007,7
train,29008,7
train,29009,2
train,29010,8
train,29011,0
train,29012,3
train,29013,0
train,29014,5
train,29015,1
train,29016,7
train,29017,5
train,29018,4
train,29019,5
train,29020,2
train,29021,0
train,29022,2
train,29023,5
train,29024,4
train,29025,7
train,29026,4
train,29027,9
train,29028,8
train,29029,9
train,29030,2
train,29031,2
train,29032,0
train,29033,3
train,29034,6
train,29035,3
train,29036,9
train,29037,1
train,29038,4
train,29039,7
train,29040,3
train,29041,2
train,29042,2
train,29043,7
train,29044,9
train,29045,5
train,29046,6
train,29047,1
train,29048,4
train,29049,5
train,29050,1
train,29051,0
train,29052,9
train,29053,3
train,29054,1
train,29055,8
train,29056,0
train,29057,8
train,29058,0
train,29059,7
train,29060,1
train,29061,7
train,29062,8
train,29063,8
train,29064,5
train,29065,5
train,29066,0
train,29067,1
train,29068,2
train,29069,2
train,29070,5
train,29071,9
train,29072,1
train,29073,6
train,29074,8
train,29075,9
train,29076,9
train,29077,8
train,29078,3
train,29079,3
train,29080,2
train,29081,4
train,29082,2
train,29083,1
train,29084,9
train,29085,5
train,29086,9
train,29087,9
train,29088,3
train,29089,8
train,29090,2
train,29091,5
train,29092,7
train,29093,2
train,29094,6
train,29095,5
train,29096,9
train,29097,0
train,29098,2
train,29099,6
train,29100,3
train,29101,8
train,29102,5
train,29103,5
train,29104,4
train,29105,3
train,29106,9
train,29107,5
train,29108,6
train,29109,0
train,29110,8
train,29111,5
train,29112,3
train,29113,3
train,29114,0
train,29115,7
train,29116,9
train,29117,4
train,29118,6
train,29119,5
train,29120,4
train,29121,4
train,29122,0
train,29123,4
train,29124,0
train,29125,9
train,29126,6
train,29127,4
train,29128,6
train,29129,0
train,29130,5
train,29131,3
train,29132,4
train,29133,1
train,29134,8
train,29135,0
train,29136,6
train,29137,8
train,29138,6
train,29139,0
train,29140,0
train,29141,6
train,29142,7
train,29143,6
train,29144,8
train,29145,3
train,29146,5
train,29147,0
train,29148,5
train,29149,9
train,29150,2
train,29151,5
train,29152,9
train,29153,3
train,29154,4
train,29155,4
train,29156,3
train,29157,2
train,29158,2
train,29159,4
train,29160,8
train,29161,4
train,29162,8
train,29163,7
train,29164,8
train,29165,9
train,29166,0
train,29167,5
train,29168,7
train,29169,0
train,29170,6
train,29171,5
train,29172,9
train,29173,9
train,29174,0
train,29175,4
train,29176,3
train,29177,2
train,29178,3
train,29179,0
train,29180,8
train,29181,7
train,29182,1
train,29183,1
train,29184,3
train,29185,7
train,29186,5
train,29187,8
train,29188,0
train,29189,5
train,29190,5
train,29191,7
train,29192,6
train,29193,7
train,29194,8
train,29195,9
train,29196,6
train,29197,9
train,29198,0
train,29199,2
train,29200,8
train,29201,9
train,29202,2
train,29203,6
train,29204,0
train,29205,7
train,29206,9
train,29207,0
train,29208,1
train,29209,9
train,29210,4
train,29211,6
train,29212,7
train,29213,8
train,29214,1
train,29215,6
train,29216,3
train,29217,6
train,29218,1
train,29219,8
train,29220,8
train,29221,6
train,29222,0
train,29223,4
train,29224,8
train,29225,2
train,29226,2
train,29227,2
train,29228,9
train,29229,4
train,29230,8
train,29231,9
train,29232,6
train,29233,0
train,29234,6
train,29235,8
train,29236,8
train,29237,7
train,29238,6
train,29239,8
train,29240,6
train,29241,3
train,29242,6
train,29243,2
train,29244,3
train,29245,8
train,29246,8
train,29247,0
train,29248,5
train,29249,9
train,29250,4
train,29251,2
train,29252,9
train,29253,4
train,29254,8
train,29255,0
train,29256,7
train,29257,6
train,29258,6
train,29259,1
train,29260,6
train,29261,2
train,29262,7
train,29263,2
train,29264,7
train,29265,7
train,29266,5
train,29267,0
train,29268,2
train,29269,7
train,29270,4
train,29271,1
train,29272,3
train,29273,7
train,29274,0
train,29275,7
train,29276,3
train,29277,1
train,29278,8
train,29279,5
train,29280,2
train,29281,4
train,29282,4
train,29283,7
train,29284,6
train,29285,8
train,29286,6
train,29287,3
train,29288,3
train,29289,0
train,29290,3
train,29291,3
train,29292,3
train,29293,0
train,29294,6
train,29295,0
train,29296,3
train,29297,4
train,29298,4
train,29299,9
train,29300,3
train,29301,3
train,29302,2
train,29303,0
train,29304,5
train,29305,9
train,29306,9
train,29307,8
train,29308,4
train,29309,8
train,29310,5
train,29311,3
train,29312,4
train,29313,9
train,29314,6
train,29315,3
train,29316,4
train,29317,3
train,29318,6
train,29319,4
train,29320,4
train,29321,0
train,29322,7
train,29323,4
train,29324,9
train,29325,4
train,29326,5
train,29327,3
train,29328,0
train,29329,3
train,29330,3
train,29331,1
train,29332,7
train,29333,1
train,29334,3
train,29335,8
train,29336,2
train,29337,6
train,29338,3
train,29339,5
train,29340,2
train,29341,5
train,29342,6
train,29343,5
train,29344,7
train,29345,1
train,29346,6
train,29347,7
train,29348,2
train,29349,4
train,29350,7
train,29351,2
train,29352,1
train,29353,6
train,29354,9
train,29355,9
train,29356,6
train,29357,7
train,29358,8
train,29359,2
train,29360,7
train,29361,0
train,29362,2
train,29363,0
train,29364,9
train,29365,7
train,29366,6
train,29367,1
train,29368,6
train,29369,1
train,29370,8
train,29371,9
train,29372,7
train,29373,0
train,29374,9
train,29375,3
train,29376,4
train,29377,7
train,29378,9
train,29379,1
train,29380,2
train,29381,6
train,29382,8
train,29383,9
train,29384,9
train,29385,7
train,29386,4
train,29387,0
train,29388,3
train,29389,1
train,29390,2
train,29391,8
train,29392,2
train,29393,7
train,29394,5
train,29395,2
train,29396,2
train,29397,2
train,29398,1
train,29399,8
train,29400,4
train,29401,1
train,29402,9
train,29403,8
train,29404,4
train,29405,7
train,29406,7
train,29407,5
train,29408,1
train,29409,1
train,29410,4
train,29411,6
train,29412,1
train,29413,8
train,29414,4
train,29415,0
train,29416,3
train,29417,1
train,29418,0
train,29419,8
train,29420,2
train,29421,1
train,29422,2
train,29423,8
train,29424,5
train,29425,1
train,29426,8
train,29427,9
train,29428,0
train,29429,6
train,29430,8
train,29431,0
train,29432,0
train,29433,9
train,29434,1
train,29435,8
train,29436,8
train,29437,3
train,29438,2
train,29439,8
train,29440,8
train,29441,7
train,29442,5
train,29443,6
train,29444,3
train,29445,7
train,29446,1
train,29447,6
train,29448,1
train,29449,6
train,29450,8
train,29451,0
train,29452,0
train,29453,4
train,29454,9
train,29455,2
train,29456,4
train,29457,8
train,29458,2
train,29459,7
train,29460,3
train,29461,8
train,29462,7
train,29463,3
train,29464,1
train,29465,4
train,29466,5
train,29467,4
train,29468,6
train,29469,5
train,29470,0
train,29471,0
train,29472,4
train,29473,5
train,29474,4
train,29475,4
train,29476,3
train,29477,8
train,29478,1
train,29479,4
train,29480,7
train,29481,8
train,29482,0
train,29483,1
train,29484,9
train,29485,7
train,29486,2
train,29487,3
train,29488,9
train,29489,9
train,29490,1
train,29491,6
train,29492,1
train,29493,5
train,29494,7
train,29495,1
train,29496,2
train,29497,1
train,29498,1
train,29499,8
train,29500,3
train,29501,1
train,29502,9
train,29503,2
train,29504,8
train,29505,4
train,29506,0
train,29507,0
train,29508,9
train,29509,3
train,29510,1
train,29511,7
train,29512,5
train,29513,1
train,29514,8
train,29515,7
train,29516,9
train,29517,0
train,29518,5
train,29519,7
train,29520,1
train,29521,7
train,29522,2
train,29523,2
train,29524,1
train,29525,1
train,29526,3
train,29527,4
train,29528,3
train,29529,2
train,29530,2
train,29531,2
train,29532,0
train,29533,9
train,29534,0
train,29535,7
train,29536,6
train,29537,0
train,29538,2
train,29539,8
train,29540,9
train,29541,5
train,29542,0
train,29543,0
train,29544,9
train,29545,6
train,29546,1
train,29547,0
train,29548,4
train,29549,0
train,29550,8
train,29551,6
train,29552,9
train,29553,2
train,29554,7
train,29555,9
train,29556,8
train,29557,7
train,29558,9
train,29559,2
train,29560,0
train,29561,1
train,29562,4
train,29563,1
train,29564,8
train,29565,8
train,29566,5
train,29567,7
train,29568,5
train,29569,0
train,29570,2
train,29571,3
train,29572,1
train,29573,0
train,29574,0
train,29575,9
train,29576,4
train,29577,7
train,29578,7
train,29579,8
train,29580,6
train,29581,1
train,29582,9
train,29583,7
train,29584,9
train,29585,1
train,29586,6
train,29587,9
train,29588,8
train,29589,9
train,29590,5
train,29591,5
train,29592,3
train,29593,3
train,29594,3
train,29595,5
train,29596,8
train,29597,6
train,29598,2
train,29599,4
train,29600,1
train,29601,2
train,29602,0
train,29603,5
train,29604,4
train,29605,5
train,29606,5
train,29607,8
train,29608,0
train,29609,1
train,29610,1
train,29611,3
train,29612,2
train,29613,8
train,29614,4
train,29615,2
train,29616,9
train,29617,9
train,29618,7
train,29619,1
train,29620,6
train,29621,4
train,29622,9
train,29623,5
train,29624,0
train,29625,8
train,29626,9
train,29627,6
train,29628,7
train,29629,9
train,29630,4
train,29631,2
train,29632,0
train,29633,4
train,29634,2
train,29635,0
train,29636,4
train,29637,9
train,29638,7
train,29639,0
train,29640,2
train,29641,1
train,29642,2
train,29643,2
train,29644,4
train,29645,5
train,29646,5
train,29647,3
train,29648,2
train,29649,2
train,29650,8
train,29651,8
train,29652,3
train,29653,6
train,29654,2
train,29655,3
train,29656,9
train,29657,9
train,29658,2
train,29659,7
train,29660,9
train,29661,3
train,29662,1
train,29663,8
train,29664,4
train,29665,4
train,29666,5
train,29667,7
train,29668,5
train,29669,1
train,29670,7
train,29671,0
train,29672,0
train,29673,8
train,29674,4
train,29675,7
train,29676,7
train,29677,5
train,29678,7
train,29679,4
train,29680,6
train,29681,2
train,29682,6
train,29683,0
train,29684,5
train,29685,0
train,29686,2
train,29687,6
train,29688,0
train,29689,3
train,29690,9
train,29691,5
train,29692,6
train,29693,6
train,29694,4
train,29695,3
train,29696,0
train,29697,2
train,29698,7
train,29699,7
train,29700,0
train,29701,5
train,29702,8
train,29703,9
train,29704,6
train,29705,2
train,29706,5
train,29707,3
train,29708,5
train,29709,7
train,29710,3
train,29711,5
train,29712,5
train,29713,7
train,29714,9
train,29715,7
train,29716,3
train,29717,9
train,29718,5
train,29719,2
train,29720,0
train,29721,9
train,29722,0
train,29723,6
train,29724,4
train,29725,8
train,29726,9
train,29727,5
train,29728,2
train,29729,4
train,29730,3
train,29731,9
train,29732,8
train,29733,0
train,29734,3
train,29735,6
train,29736,0
train,29737,3
train,29738,7
train,29739,3
train,29740,1
train,29741,3
train,29742,0
train,29743,5
train,29744,2
train,29745,9
train,29746,1
train,29747,3
train,29748,9
train,29749,3
train,29750,7
train,29751,3
train,29752,1
train,29753,1
train,29754,4
train,29755,1
train,29756,9
train,29757,9
train,29758,0
train,29759,0
train,29760,9
train,29761,0
train,29762,1
train,29763,8
train,29764,6
train,29765,5
train,29766,1
train,29767,1
train,29768,6
train,29769,7
train,29770,2
train,29771,0
train,29772,9
train,29773,8
train,29774,7
train,29775,3
train,29776,2
train,29777,6
train,29778,6
train,29779,9
train,29780,7
train,29781,3
train,29782,7
train,29783,1
train,29784,4
train,29785,8
train,29786,5
train,29787,7
train,29788,3
train,29789,9
train,29790,3
train,29791,4
train,29792,1
train,29793,8
train,29794,2
train,29795,9
train,29796,0
train,29797,3
train,29798,9
train,29799,5
train,29800,7
train,29801,1
train,29802,1
train,29803,3
train,29804,0
train,29805,8
train,29806,3
train,29807,2
train,29808,1
train,29809,8
train,29810,9
train,29811,7
train,29812,1
train,29813,6
train,29814,2
train,29815,9
train,29816,3
train,29817,9
train,29818,6
train,29819,1
train,29820,4
train,29821,4
train,29822,7
train,29823,5
train,29824,4
train,29825,1
train,29826,3
train,29827,7
train,29828,4
train,29829,2
train,29830,1
train,29831,9
train,29832,4
train,29833,3
train,29834,2
train,29835,7
train,29836,6
train,29837,6
train,29838,0
train,29839,5
train,29840,4
train,29841,3
train,29842,2
train,29843,9
train,29844,6
train,29845,0
train,29846,1
train,29847,7
train,29848,2
train,29849,2
train,29850,6
train,29851,5
train,29852,6
train,29853,7
train,29854,7
train,29855,3
train,29856,9
train,29857,7
train,29858,3
train,29859,4
train,29860,1
train,29861,6
train,29862,8
train,29863,0
train,29864,2
train,29865,3
train,29866,6
train,29867,7
train,29868,9
train,29869,5
train,29870,3
train,29871,2
train,29872,8
train,29873,8
train,29874,0
train,29875,3
train,29876,0
train,29877,0
train,29878,8
train,29879,5
train,29880,6
train,29881,5
train,29882,7
train,29883,6
train,29884,8
train,29885,9
train,29886,9
train,29887,4
train,29888,8
train,29889,0
train,29890,9
train,29891,5
train,29892,3
train,29893,2
train,29894,8
train,29895,1
train,29896,7
train,29897,5
train,29898,3
train,29899,1
train,29900,3
train,29901,4
train,29902,7
train,29903,1
train,29904,2
train,29905,0
train,29906,3
train,29907,2
train,29908,8
train,29909,0
train,29910,3
train,29911,0
train,29912,3
train,29913,5
train,29914,7
train,29915,8
train,29916,2
train,29917,0
train,29918,0
train,29919,1
train,29920,0
train,29921,2
train,29922,2
train,29923,3
train,29924,1
train,29925,8
train,29926,1
train,29927,0
train,29928,8
train,29929,9
train,29930,2
train,29931,6
train,29932,9
train,29933,0
train,29934,8
train,29935,4
train,29936,8
train,29937,9
train,29938,3
train,29939,4
train,29940,5
train,29941,7
train,29942,4
train,29943,3
train,29944,0
train,29945,4
train,29946,8
train,29947,5
train,29948,7
train,29949,5
train,29950,5
train,29951,5
train,29952,7
train,29953,0
train,29954,4
train,29955,4
train,29956,4
train,29957,3
train,29958,8
train,29959,2
train,29960,3
train,29961,2
train,29962,2
train,29963,0
train,29964,1
train,29965,4
train,29966,6
train,29967,9
train,29968,1
train,29969,7
train,29970,5
train,29971,2
train,29972,0
train,29973,0
train,29974,2
train,29975,6
train,29976,0
train,29977,0
train,29978,6
train,29979,1
train,29980,6
train,29981,5
train,29982,8
train,29983,5
train,29984,5
train,29985,6
train,29986,8
train,29987,3
train,29988,9
train,29989,8
train,29990,4
train,29991,6
train,29992,4
train,29993,5
train,29994,7
train,29995,9
train,29996,9
train,29997,2
train,29998,5
train,29999,3
train,30000,7
train,30001,6
train,30002,9
train,30003,9
train,30004,0
train,30005,3
train,30006,5
train,30007,9
train,30008,1
train,30009,2
train,30010,0
train,30011,8
train,30012,0
train,30013,2
train,30014,0
train,30015,1
train,30016,8
train,30017,5
train,30018,9
train,30019,2
train,30020,1
train,30021,0
train,30022,5
train,30023,4
train,30024,6
train,30025,9
train,30026,5
train,30027,1
train,30028,4
train,30029,8
train,30030,7
train,30031,5
train,30032,5
train,30033,8
train,30034,9
train,30035,5
train,30036,1
train,30037,3
train,30038,8
train,30039,9
train,30040,1
train,30041,4
train,30042,3
train,30043,0
train,30044,4
train,30045,2
train,30046,7
train,30047,0
train,30048,1
train,30049,1
train,30050,8
train,30051,3
train,30052,0
train,30053,4
train,30054,7
train,30055,6
train,30056,0
train,30057,3
train,30058,6
train,30059,6
train,30060,2
train,30061,0
train,30062,0
train,30063,4
train,30064,1
train,30065,2
train,30066,2
train,30067,3
train,30068,2
train,30069,5
train,30070,1
train,30071,8
train,30072,5
train,30073,8
train,30074,3
train,30075,8
train,30076,8
train,30077,9
train,30078,4
train,30079,3
train,30080,3
train,30081,0
train,30082,2
train,30083,5
train,30084,1
train,30085,8
train,30086,8
train,30087,4
train,30088,6
train,30089,3
train,30090,6
train,30091,2
train,30092,6
train,30093,8
train,30094,2
train,30095,1
train,30096,2
train,30097,7
train,30098,3
train,30099,8
train,30100,7
train,30101,3
train,30102,0
train,30103,8
train,30104,6
train,30105,2
train,30106,5
train,30107,6
train,30108,3
train,30109,1
train,30110,3
train,30111,4
train,30112,9
train,30113,9
train,30114,6
train,30115,7
train,30116,9
train,30117,2
train,30118,4
train,30119,3
train,30120,2
train,30121,2
train,30122,7
train,30123,0
train,30124,4
train,30125,3
train,30126,3
train,30127,4
train,30128,4
train,30129,0
train,30130,3
train,30131,6
train,30132,5
train,30133,4
train,30134,9
train,30135,8
train,30136,3
train,30137,6
train,30138,7
train,30139,2
train,30140,5
train,30141,8
train,30142,6
train,30143,0
train,30144,2
train,30145,0
train,30146,8
train,30147,0
train,30148,7
train,30149,8
train,30150,1
train,30151,2
train,30152,6
train,30153,7
train,30154,6
train,30155,9
train,30156,7
train,30157,5
train,30158,7
train,30159,6
train,30160,4
train,30161,3
train,30162,7
train,30163,3
train,30164,6
train,30165,3
train,30166,9
train,30167,6
train,30168,4
train,30169,6
train,30170,8
train,30171,2
train,30172,7
train,30173,6
train,30174,2
train,30175,2
train,30176,3
train,30177,9
train,30178,9
train,30179,7
train,30180,8
train,30181,2
train,30182,1
train,30183,9
train,30184,3
train,30185,3
train,30186,7
train,30187,3
train,30188,6
train,30189,6
train,30190,3
train,30191,9
train,30192,4
train,30193,9
train,30194,9
train,30195,6
train,30196,1
train,30197,2
train,30198,4
train,30199,5
train,30200,8
train,30201,2
train,30202,2
train,30203,1
train,30204,4
train,30205,7
train,30206,6
train,30207,3
train,30208,7
train,30209,0
train,30210,3
train,30211,0
train,30212,1
train,30213,6
train,30214,1
train,30215,3
train,30216,1
train,30217,5
train,30218,2
train,30219,6
train,30220,5
train,30221,6
train,30222,3
train,30223,1
train,30224,6
train,30225,6
train,30226,4
train,30227,5
train,30228,6
train,30229,7
train,30230,9
train,30231,3
train,30232,5
train,30233,8
train,30234,7
train,30235,5
train,30236,9
train,30237,8
train,30238,7
train,30239,7
train,30240,3
train,30241,7
train,30242,0
train,30243,0
train,30244,6
train,30245,9
train,30246,0
train,30247,1
train,30248,2
train,30249,6
train,30250,1
train,30251,6
train,30252,4
train,30253,5
train,30254,1
train,30255,1
train,30256,9
train,30257,5
train,30258,6
train,30259,7
train,30260,1
train,30261,7
train,30262,4
train,30263,2
train,30264,1
train,30265,4
train,30266,7
train,30267,2
train,30268,6
train,30269,7
train,30270,6
train,30271,9
train,30272,1
train,30273,6
train,30274,7
train,30275,6
train,30276,5
train,30277,0
train,30278,6
train,30279,9
train,30280,6
train,30281,7
train,30282,4
train,30283,1
train,30284,2
train,30285,2
train,30286,7
train,30287,1
train,30288,7
train,30289,8
train,30290,4
train,30291,9
train,30292,6
train,30293,1
train,30294,7
train,30295,9
train,30296,5
train,30297,6
train,30298,9
train,30299,8
train,30300,0
train,30301,2
train,30302,2
train,30303,5
train,30304,0
train,30305,5
train,30306,9
train,30307,6
train,30308,9
train,30309,5
train,30310,5
train,30311,7
train,30312,9
train,30313,6
train,30314,7
train,30315,2
train,30316,3
train,30317,4
train,30318,9
train,30319,9
train,30320,1
train,30321,2
train,30322,7
train,30323,1
train,30324,5
train,30325,1
train,30326,0
train,30327,8
train,30328,2
train,30329,4
train,30330,7
train,30331,5
train,30332,6
train,30333,1
train,30334,5
train,30335,7
train,30336,8
train,30337,1
train,30338,6
train,30339,6
train,30340,1
train,30341,4
train,30342,7
train,30343,4
train,30344,7
train,30345,6
train,30346,9
train,30347,9
train,30348,4
train,30349,3
train,30350,6
train,30351,3
train,30352,1
train,30353,5
train,30354,8
train,30355,2
train,30356,9
train,30357,3
train,30358,2
train,30359,6
train,30360,4
train,30361,4
train,30362,4
train,30363,8
train,30364,7
train,30365,5
train,30366,6
train,30367,9
train,30368,2
train,30369,7
train,30370,7
train,30371,8
train,30372,1
train,30373,3
train,30374,9
train,30375,1
train,30376,1
train,30377,4
train,30378,4
train,30379,0
train,30380,7
train,30381,6
train,30382,7
train,30383,4
train,30384,3
train,30385,4
train,30386,3
train,30387,8
train,30388,7
train,30389,2
train,30390,8
train,30391,8
train,30392,9
train,30393,8
train,30394,5
train,30395,2
train,30396,0
train,30397,6
train,30398,8
train,30399,5
train,30400,5
train,30401,7
train,30402,8
train,30403,8
train,30404,5
train,30405,9
train,30406,1
train,30407,5
train,30408,6
train,30409,4
train,30410,6
train,30411,0
train,30412,2
train,30413,6
train,30414,0
train,30415,2
train,30416,9
train,30417,1
train,30418,6
train,30419,1
train,30420,7
train,30421,3
train,30422,7
train,30423,4
train,30424,7
train,30425,5
train,30426,4
train,30427,0
train,30428,2
train,30429,6
train,30430,7
train,30431,2
train,30432,8
train,30433,9
train,30434,8
train,30435,8
train,30436,1
train,30437,3
train,30438,1
train,30439,4
train,30440,7
train,30441,1
train,30442,2
train,30443,0
train,30444,8
train,30445,9
train,30446,5
train,30447,3
train,30448,6
train,30449,4
train,30450,3
train,30451,3
train,30452,1
train,30453,7
train,30454,4
train,30455,7
train,30456,6
train,30457,7
train,30458,8
train,30459,7
train,30460,5
train,30461,2
train,30462,4
train,30463,9
train,30464,8
train,30465,8
train,30466,8
train,30467,9
train,30468,9
train,30469,7
train,30470,6
train,30471,9
train,30472,6
train,30473,1
train,30474,2
train,30475,0
train,30476,9
train,30477,6
train,30478,3
train,30479,1
train,30480,2
train,30481,0
train,30482,9
train,30483,6
train,30484,4
train,30485,8
train,30486,0
train,30487,1
train,30488,0
train,30489,1
train,30490,6
train,30491,4
train,30492,3
train,30493,6
train,30494,6
train,30495,1
train,30496,2
train,30497,9
train,30498,6
train,30499,3
train,30500,4
train,30501,4
train,30502,5
train,30503,5
train,30504,3
train,30505,6
train,30506,9
train,30507,0
train,30508,0
train,30509,8
train,30510,2
train,30511,4
train,30512,8
train,30513,3
train,30514,5
train,30515,6
train,30516,7
train,30517,6
train,30518,3
train,30519,4
train,30520,5
train,30521,4
train,30522,8
train,30523,2
train,30524,5
train,30525,2
train,30526,9
train,30527,5
train,30528,4
train,30529,6
train,30530,3
train,30531,8
train,30532,9
train,30533,0
train,30534,2
train,30535,0
train,30536,4
train,30537,8
train,30538,2
train,30539,9
train,30540,2
train,30541,2
train,30542,4
train,30543,2
train,30544,9
train,30545,9
train,30546,2
train,30547,9
train,30548,5
train,30549,7
train,30550,4
train,30551,6
train,30552,3
train,30553,6
train,30554,3
train,30555,4
train,30556,4
train,30557,5
train,30558,0
train,30559,0
train,30560,8
train,30561,0
train,30562,8
train,30563,8
train,30564,6
train,30565,2
train,30566,5
train,30567,3
train,30568,5
train,30569,5
train,30570,2
train,30571,3
train,30572,7
train,30573,7
train,30574,0
train,30575,2
train,30576,0
train,30577,8
train,30578,1
train,30579,4
train,30580,0
train,30581,4
train,30582,8
train,30583,0
train,30584,3
train,30585,4
train,30586,8
train,30587,4
train,30588,4
train,30589,1
train,30590,3
train,30591,9
train,30592,4
train,30593,9
train,30594,2
train,30595,2
train,30596,6
train,30597,1
train,30598,0
train,30599,3
train,30600,6
train,30601,8
train,30602,2
train,30603,7
train,30604,3
train,30605,7
train,30606,2
train,30607,9
train,30608,6
train,30609,2
train,30610,0
train,30611,0
train,30612,1
train,30613,2
train,30614,8
train,30615,9
train,30616,1
train,30617,5
train,30618,2
train,30619,2
train,30620,6
train,30621,5
train,30622,5
train,30623,7
train,30624,1
train,30625,4
train,30626,3
train,30627,0
train,30628,4
train,30629,3
train,30630,5
train,30631,3
train,30632,4
train,30633,4
train,30634,5
train,30635,6
train,30636,9
train,30637,9
train,30638,6
train,30639,8
train,30640,7
train,30641,0
train,30642,7
train,30643,5
train,30644,1
train,30645,0
train,30646,1
train,30647,8
train,30648,1
train,30649,3
train,30650,7
train,30651,8
train,30652,9
train,30653,4
train,30654,1
train,30655,9
train,30656,6
train,30657,7
train,30658,5
train,30659,2
train,30660,5
train,30661,3
train,30662,3
train,30663,4
train,30664,9
train,30665,1
train,30666,8
train,30667,8
train,30668,8
train,30669,9
train,30670,9
train,30671,9
train,30672,6
train,30673,4
train,30674,8
train,30675,1
train,30676,7
train,30677,9
train,30678,7
train,30679,3
train,30680,3
train,30681,4
train,30682,9
train,30683,9
train,30684,7
train,30685,5
train,30686,6
train,30687,8
train,30688,5
train,30689,9
train,30690,5
train,30691,6
train,30692,4
train,30693,7
train,30694,4
train,30695,0
train,30696,7
train,30697,8
train,30698,4
train,30699,2
train,30700,9
train,30701,1
train,30702,1
train,30703,9
train,30704,8
train,30705,0
train,30706,2
train,30707,9
train,30708,0
train,30709,1
train,30710,3
train,30711,2
train,30712,2
train,30713,5
train,30714,9
train,30715,2
train,30716,4
train,30717,3
train,30718,7
train,30719,5
train,30720,7
train,30721,6
train,30722,1
train,30723,0
train,30724,2
train,30725,7
train,30726,4
train,30727,9
train,30728,5
train,30729,8
train,30730,5
train,30731,3
train,30732,6
train,30733,9
train,30734,4
train,30735,5
train,30736,7
train,30737,4
train,30738,3
train,30739,2
train,30740,9
train,30741,1
train,30742,9
train,30743,8
train,30744,3
train,30745,1
train,30746,4
train,30747,0
train,30748,7
train,30749,1
train,30750,0
train,30751,0
train,30752,8
train,30753,2
train,30754,9
train,30755,5
train,30756,4
train,30757,4
train,30758,2
train,30759,8
train,30760,0
train,30761,5
train,30762,2
train,30763,2
train,30764,5
train,30765,9
train,30766,7
train,30767,6
train,30768,0
train,30769,8
train,30770,5
train,30771,3
train,30772,2
train,30773,5
train,30774,4
train,30775,3
train,30776,4
train,30777,9
train,30778,2
train,30779,2
train,30780,1
train,30781,7
train,30782,6
train,30783,9
train,30784,5
train,30785,0
train,30786,3
train,30787,9
train,30788,6
train,30789,0
train,30790,8
train,30791,7
train,30792,8
train,30793,7
train,30794,5
train,30795,2
train,30796,0
train,30797,0
train,30798,8
train,30799,0
train,30800,5
train,30801,2
train,30802,8
train,30803,3
train,30804,0
train,30805,3
train,30806,1
train,30807,7
train,30808,7
train,30809,4
train,30810,8
train,30811,8
train,30812,6
train,30813,0
train,30814,7
train,30815,7
train,30816,8
train,30817,7
train,30818,1
train,30819,1
train,30820,1
train,30821,4
train,30822,9
train,30823,7
train,30824,3
train,30825,0
train,30826,5
train,30827,0
train,30828,0
train,30829,0
train,30830,2
train,30831,1
train,30832,1
train,30833,6
train,30834,0
train,30835,8
train,30836,8
train,30837,5
train,30838,1
train,30839,1
train,30840,7
train,30841,3
train,30842,0
train,30843,8
train,30844,7
train,30845,5
train,30846,0
train,30847,1
train,30848,7
train,30849,2
train,30850,7
train,30851,3
train,30852,0
train,30853,7
train,30854,4
train,30855,2
train,30856,3
train,30857,3
train,30858,4
train,30859,2
train,30860,2
train,30861,4
train,30862,9
train,30863,9
train,30864,4
train,30865,9
train,30866,6
train,30867,8
train,30868,1
train,30869,8
train,30870,6
train,30871,3
train,30872,1
train,30873,7
train,30874,5
train,30875,7
train,30876,0
train,30877,1
train,30878,1
train,30879,9
train,30880,9
train,30881,6
train,30882,4
train,30883,4
train,30884,1
train,30885,2
train,30886,4
train,30887,0
train,30888,4
train,30889,8
train,30890,0
train,30891,6
train,30892,5
train,30893,2
train,30894,6
train,30895,7
train,30896,4
train,30897,3
train,30898,8
train,30899,4
train,30900,8
train,30901,2
train,30902,8
train,30903,5
train,30904,6
train,30905,8
train,30906,0
train,30907,7
train,30908,6
train,30909,0
train,30910,9
train,30911,5
train,30912,5
train,30913,9
train,30914,3
train,30915,2
train,30916,8
train,30917,0
train,30918,8
train,30919,6
train,30920,1
train,30921,4
train,30922,7
train,30923,3
train,30924,9
train,30925,2
train,30926,9
train,30927,3
train,30928,9
train,30929,3
train,30930,5
train,30931,4
train,30932,5
train,30933,4
train,30934,7
train,30935,2
train,30936,1
train,30937,1
train,30938,2
train,30939,0
train,30940,0
train,30941,6
train,30942,8
train,30943,1
train,30944,7
train,30945,8
train,30946,4
train,30947,8
train,30948,2
train,30949,6
train,30950,3
train,30951,9
train,30952,2
train,30953,2
train,30954,6
train,30955,7
train,30956,4
train,30957,2
train,30958,7
train,30959,0
train,30960,7
train,30961,4
train,30962,3
train,30963,8
train,30964,4
train,30965,3
train,30966,2
train,30967,3
train,30968,7
train,30969,3
train,30970,4
train,30971,0
train,30972,4
train,30973,0
train,30974,7
train,30975,0
train,30976,3
train,30977,2
train,30978,9
train,30979,2
train,30980,0
train,30981,3
train,30982,5
train,30983,8
train,30984,9
train,30985,8
train,30986,2
train,30987,6
train,30988,5
train,30989,0
train,30990,3
train,30991,1
train,30992,0
train,30993,2
train,30994,4
train,30995,4
train,30996,3
train,30997,7
train,30998,4
train,30999,7
train,31000,3
train,31001,2
train,31002,8
train,31003,1
train,31004,6
train,31005,8
train,31006,1
train,31007,2
train,31008,8
train,31009,1
train,31010,3
train,31011,6
train,31012,6
train,31013,4
train,31014,6
train,31015,7
train,31016,6
train,31017,7
train,31018,1
train,31019,0
train,31020,6
train,31021,2
train,31022,3
train,31023,5
train,31024,9
train,31025,5
train,31026,2
train,31027,7
train,31028,6
train,31029,8
train,31030,5
train,31031,5
train,31032,0
train,31033,4
train,31034,9
train,31035,8
train,31036,7
train,31037,4
train,31038,2
train,31039,3
train,31040,5
train,31041,3
train,31042,3
train,31043,7
train,31044,9
train,31045,7
train,31046,4
train,31047,4
train,31048,8
train,31049,5
train,31050,8
train,31051,0
train,31052,9
train,31053,0
train,31054,9
train,31055,8
train,31056,3
train,31057,8
train,31058,8
train,31059,8
train,31060,1
train,31061,6
train,31062,4
train,31063,0
train,31064,6
train,31065,6
train,31066,7
train,31067,0
train,31068,7
train,31069,3
train,31070,3
train,31071,6
train,31072,8
train,31073,8
train,31074,2
train,31075,0
train,31076,2
train,31077,7
train,31078,1
train,31079,5
train,31080,4
train,31081,7
train,31082,2
train,31083,4
train,31084,7
train,31085,9
train,31086,0
train,31087,2
train,31088,1
train,31089,1
train,31090,1
train,31091,4
train,31092,8
train,31093,9
train,31094,9
train,31095,5
train,31096,3
train,31097,7
train,31098,6
train,31099,1
train,31100,1
train,31101,0
train,31102,2
train,31103,6
train,31104,9
train,31105,2
train,31106,0
train,31107,4
train,31108,0
train,31109,2
train,31110,6
train,31111,6
train,31112,8
train,31113,2
train,31114,1
train,31115,1
train,31116,0
train,31117,3
train,31118,1
train,31119,8
train,31120,4
train,31121,3
train,31122,8
train,31123,7
train,31124,3
train,31125,0
train,31126,4
train,31127,0
train,31128,1
train,31129,1
train,31130,8
train,31131,2
train,31132,3
train,31133,5
train,31134,2
train,31135,6
train,31136,3
train,31137,7
train,31138,5
train,31139,7
train,31140,3
train,31141,5
train,31142,7
train,31143,0
train,31144,6
train,31145,1
train,31146,3
train,31147,9
train,31148,9
train,31149,4
train,31150,9
train,31151,4
train,31152,4
train,31153,1
train,31154,0
train,31155,2
train,31156,4
train,31157,1
train,31158,2
train,31159,1
train,31160,4
train,31161,7
train,31162,0
train,31163,9
train,31164,2
train,31165,6
train,31166,3
train,31167,0
train,31168,3
train,31169,1
train,31170,3
train,31171,7
train,31172,1
train,31173,7
train,31174,2
train,31175,9
train,31176,3
train,31177,6
train,31178,5
train,31179,9
train,31180,8
train,31181,1
train,31182,3
train,31183,2
train,31184,9
train,31185,3
train,31186,5
train,31187,9
train,31188,2
train,31189,6
train,31190,3
train,31191,2
train,31192,2
train,31193,1
train,31194,1
train,31195,9
train,31196,8
train,31197,3
train,31198,3
train,31199,9
train,31200,7
train,31201,1
train,31202,6
train,31203,4
train,31204,7
train,31205,4
train,31206,9
train,31207,0
train,31208,6
train,31209,7
train,31210,7
train,31211,8
train,31212,3
train,31213,8
train,31214,6
train,31215,1
train,31216,5
train,31217,4
train,31218,5
train,31219,1
train,31220,4
train,31221,5
train,31222,2
train,31223,8
train,31224,6
train,31225,0
train,31226,2
train,31227,6
train,31228,1
train,31229,7
train,31230,4
train,31231,4
train,31232,1
train,31233,8
train,31234,4
train,31235,3
train,31236,6
train,31237,9
train,31238,1
train,31239,3
train,31240,7
train,31241,0
train,31242,6
train,31243,5
train,31244,1
train,31245,5
train,31246,3
train,31247,0
train,31248,8
train,31249,9
train,31250,4
train,31251,9
train,31252,2
train,31253,2
train,31254,4
train,31255,9
train,31256,6
train,31257,3
train,31258,9
train,31259,6
train,31260,4
train,31261,2
train,31262,4
train,31263,4
train,31264,7
train,31265,0
train,31266,2
train,31267,6
train,31268,4
train,31269,5
train,31270,0
train,31271,3
train,31272,4
train,31273,6
train,31274,4
train,31275,3
train,31276,0
train,31277,7
train,31278,7
train,31279,9
train,31280,2
train,31281,0
train,31282,5
train,31283,6
train,31284,5
train,31285,1
train,31286,6
train,31287,2
train,31288,7
train,31289,3
train,31290,7
train,31291,1
train,31292,0
train,31293,5
train,31294,8
train,31295,3
train,31296,4
train,31297,3
train,31298,8
train,31299,1
train,31300,3
train,31301,6
train,31302,9
train,31303,2
train,31304,5
train,31305,4
train,31306,7
train,31307,6
train,31308,8
train,31309,9
train,31310,2
train,31311,1
train,31312,3
train,31313,0
train,31314,1
train,31315,5
train,31316,1
train,31317,8
train,31318,4
train,31319,8
train,31320,4
train,31321,0
train,31322,7
train,31323,2
train,31324,1
train,31325,4
train,31326,7
train,31327,4
train,31328,7
train,31329,7
train,31330,7
train,31331,4
train,31332,4
train,31333,3
train,31334,7
train,31335,0
train,31336,3
train,31337,6
train,31338,5
train,31339,2
train,31340,7
train,31341,7
train,31342,0
train,31343,6
train,31344,9
train,31345,4
train,31346,6
train,31347,0
train,31348,7
train,31349,1
train,31350,4
train,31351,1
train,31352,9
train,31353,2
train,31354,7
train,31355,0
train,31356,8
train,31357,6
train,31358,5
train,31359,1
train,31360,6
train,31361,5
train,31362,0
train,31363,4
train,31364,2
train,31365,1
train,31366,5
train,31367,3
train,31368,3
train,31369,4
train,31370,5
train,31371,0
train,31372,8
train,31373,6
train,31374,3
train,31375,0
train,31376,7
train,31377,5
train,31378,0
train,31379,6
train,31380,0
train,31381,7
train,31382,5
train,31383,3
train,31384,1
train,31385,7
train,31386,9
train,31387,1
train,31388,2
train,31389,5
train,31390,5
train,31391,5
train,31392,7
train,31393,3
train,31394,8
train,31395,4
train,31396,9
train,31397,1
train,31398,3
train,31399,9
train,31400,4
train,31401,8
train,31402,4
train,31403,2
train,31404,9
train,31405,4
train,31406,9
train,31407,7
train,31408,3
train,31409,5
train,31410,6
train,31411,8
train,31412,0
train,31413,6
train,31414,7
train,31415,3
train,31416,5
train,31417,5
train,31418,8
train,31419,3
train,31420,2
train,31421,3
train,31422,3
train,31423,0
train,31424,4
train,31425,8
train,31426,3
train,31427,1
train,31428,3
train,31429,8
train,31430,2
train,31431,7
train,31432,7
train,31433,4
train,31434,7
train,31435,4
train,31436,0
train,31437,4
train,31438,1
train,31439,5
train,31440,6
train,31441,3
train,31442,1
train,31443,0
train,31444,4
train,31445,9
train,31446,4
train,31447,0
train,31448,3
train,31449,1
train,31450,8
train,31451,1
train,31452,1
train,31453,3
train,31454,8
train,31455,9
train,31456,9
train,31457,5
train,31458,9
train,31459,8
train,31460,3
train,31461,1
train,31462,8
train,31463,3
train,31464,7
train,31465,8
train,31466,2
train,31467,1
train,31468,7
train,31469,9
train,31470,9
train,31471,1
train,31472,4
train,31473,8
train,31474,4
train,31475,0
train,31476,4
train,31477,5
train,31478,1
train,31479,3
train,31480,0
train,31481,0
train,31482,6
train,31483,0
train,31484,4
train,31485,8
train,31486,3
train,31487,8
train,31488,0
train,31489,1
train,31490,4
train,31491,2
train,31492,9
train,31493,3
train,31494,5
train,31495,1
train,31496,2
train,31497,3
train,31498,0
train,31499,3
train,31500,4
train,31501,2
train,31502,9
train,31503,3
train,31504,2
train,31505,8
train,31506,4
train,31507,2
train,31508,6
train,31509,9
train,31510,0
train,31511,7
train,31512,5
train,31513,0
train,31514,5
train,31515,4
train,31516,5
train,31517,7
train,31518,6
train,31519,9
train,31520,5
train,31521,2
train,31522,3
train,31523,9
train,31524,6
train,31525,0
train,31526,9
train,31527,9
train,31528,0
train,31529,1
train,31530,7
train,31531,0
train,31532,3
train,31533,6
train,31534,8
train,31535,3
train,31536,4
train,31537,5
train,31538,6
train,31539,5
train,31540,2
train,31541,6
train,31542,7
train,31543,6
train,31544,2
train,31545,0
train,31546,8
train,31547,4
train,31548,5
train,31549,2
train,31550,2
train,31551,2
train,31552,8
train,31553,0
train,31554,5
train,31555,1
train,31556,4
train,31557,4
train,31558,3
train,31559,4
train,31560,0
train,31561,4
train,31562,1
train,31563,0
train,31564,8
train,31565,6
train,31566,4
train,31567,3
train,31568,8
train,31569,3
train,31570,9
train,31571,2
train,31572,4
train,31573,1
train,31574,7
train,31575,3
train,31576,3
train,31577,8
train,31578,1
train,31579,8
train,31580,8
train,31581,5
train,31582,4
train,31583,9
train,31584,8
train,31585,7
train,31586,2
train,31587,7
train,31588,3
train,31589,0
train,31590,1
train,31591,2
train,31592,0
train,31593,5
train,31594,4
train,31595,3
train,31596,1
train,31597,5
train,31598,5
train,31599,8
train,31600,2
train,31601,9
train,31602,3
train,31603,7
train,31604,1
train,31605,2
train,31606,7
train,31607,2
train,31608,6
train,31609,9
train,31610,1
train,31611,0
train,31612,8
train,31613,3
train,31614,3
train,31615,1
train,31616,9
train,31617,7
train,31618,6
train,31619,9
train,31620,9
train,31621,9
train,31622,6
train,31623,4
train,31624,7
train,31625,6
train,31626,2
train,31627,5
train,31628,4
train,31629,9
train,31630,4
train,31631,3
train,31632,4
train,31633,0
train,31634,8
train,31635,6
train,31636,1
train,31637,9
train,31638,3
train,31639,9
train,31640,1
train,31641,4
train,31642,7
train,31643,0
train,31644,1
train,31645,7
train,31646,0
train,31647,8
train,31648,3
train,31649,7
train,31650,3
train,31651,1
train,31652,9
train,31653,3
train,31654,2
train,31655,1
train,31656,0
train,31657,8
train,31658,0
train,31659,6
train,31660,9
train,31661,4
train,31662,8
train,31663,9
train,31664,8
train,31665,9
train,31666,4
train,31667,1
train,31668,3
train,31669,5
train,31670,4
train,31671,5
train,31672,8
train,31673,0
train,31674,1
train,31675,3
train,31676,5
train,31677,1
train,31678,1
train,31679,2
train,31680,7
train,31681,3
train,31682,8
train,31683,9
train,31684,0
train,31685,6
train,31686,0
train,31687,0
train,31688,9
train,31689,9
train,31690,1
train,31691,2
train,31692,5
train,31693,0
train,31694,0
train,31695,5
train,31696,5
train,31697,0
train,31698,3
train,31699,0
train,31700,0
train,31701,2
train,31702,4
train,31703,3
train,31704,8
train,31705,9
train,31706,5
train,31707,0
train,31708,9
train,31709,3
train,31710,9
train,31711,2
train,31712,9
train,31713,8
train,31714,2
train,31715,1
train,31716,5
train,31717,9
train,31718,1
train,31719,8
train,31720,1
train,31721,8
train,31722,4
train,31723,0
train,31724,9
train,31725,3
train,31726,6
train,31727,1
train,31728,0
train,31729,3
train,31730,9
train,31731,1
train,31732,2
train,31733,8
train,31734,4
train,31735,8
train,31736,0
train,31737,0
train,31738,5
train,31739,1
train,31740,3
train,31741,8
train,31742,0
train,31743,0
train,31744,1
train,31745,6
train,31746,8
train,31747,1
train,31748,0
train,31749,4
train,31750,8
train,31751,0
train,31752,3
train,31753,1
train,31754,9
train,31755,5
train,31756,5
train,31757,7
train,31758,8
train,31759,4
train,31760,1
train,31761,0
train,31762,1
train,31763,8
train,31764,4
train,31765,2
train,31766,3
train,31767,9
train,31768,3
train,31769,2
train,31770,7
train,31771,7
train,31772,4
train,31773,3
train,31774,1
train,31775,8
train,31776,9
train,31777,2
train,31778,0
train,31779,1
train,31780,9
train,31781,8
train,31782,1
train,31783,4
train,31784,4
train,31785,7
train,31786,7
train,31787,5
train,31788,5
train,31789,4
train,31790,0
train,31791,1
train,31792,9
train,31793,9
train,31794,1
train,31795,5
train,31796,4
train,31797,2
train,31798,3
train,31799,5
train,31800,2
train,31801,5
train,31802,0
train,31803,7
train,31804,7
train,31805,9
train,31806,4
train,31807,7
train,31808,8
train,31809,4
train,31810,6
train,31811,1
train,31812,1
train,31813,5
train,31814,1
train,31815,2
train,31816,6
train,31817,9
train,31818,1
train,31819,0
train,31820,1
train,31821,7
train,31822,1
train,31823,9
train,31824,0
train,31825,6
train,31826,1
train,31827,8
train,31828,7
train,31829,2
train,31830,8
train,31831,6
train,31832,2
train,31833,2
train,31834,3
train,31835,5
train,31836,9
train,31837,5
train,31838,6
train,31839,0
train,31840,3
train,31841,5
train,31842,9
train,31843,7
train,31844,1
train,31845,8
train,31846,3
train,31847,8
train,31848,1
train,31849,6
train,31850,8
train,31851,4
train,31852,4
train,31853,6
train,31854,0
train,31855,9
train,31856,5
train,31857,5
train,31858,5
train,31859,5
train,31860,7
train,31861,4
train,31862,2
train,31863,0
train,31864,5
train,31865,0
train,31866,5
train,31867,3
train,31868,9
train,31869,7
train,31870,1
train,31871,6
train,31872,9
train,31873,8
train,31874,8
train,31875,0
train,31876,7
train,31877,9
train,31878,5
train,31879,4
train,31880,5
train,31881,5
train,31882,5
train,31883,7
train,31884,8
train,31885,5
train,31886,5
train,31887,8
train,31888,3
train,31889,5
train,31890,9
train,31891,5
train,31892,7
train,31893,5
train,31894,1
train,31895,7
train,31896,4
train,31897,6
train,31898,5
train,31899,6
train,31900,4
train,31901,4
train,31902,8
train,31903,3
train,31904,6
train,31905,3
train,31906,0
train,31907,8
train,31908,8
train,31909,3
train,31910,7
train,31911,4
train,31912,4
train,31913,2
train,31914,4
train,31915,0
train,31916,0
train,31917,5
train,31918,4
train,31919,4
train,31920,4
train,31921,8
train,31922,1
train,31923,7
train,31924,3
train,31925,1
train,31926,5
train,31927,2
train,31928,9
train,31929,5
train,31930,6
train,31931,8
train,31932,6
train,31933,0
train,31934,5
train,31935,4
train,31936,9
train,31937,0
train,31938,5
train,31939,7
train,31940,4
train,31941,6
train,31942,9
train,31943,9
train,31944,0
train,31945,0
train,31946,1
train,31947,2
train,31948,8
train,31949,8
train,31950,1
train,31951,3
train,31952,0
train,31953,1
train,31954,9
train,31955,0
train,31956,0
train,31957,4
train,31958,4
train,31959,0
train,31960,5
train,31961,9
train,31962,7
train,31963,7
train,31964,8
train,31965,9
train,31966,1
train,31967,3
train,31968,5
train,31969,3
train,31970,7
train,31971,2
train,31972,0
train,31973,2
train,31974,3
train,31975,5
train,31976,6
train,31977,9
train,31978,7
train,31979,1
train,31980,3
train,31981,6
train,31982,0
train,31983,3
train,31984,9
train,31985,0
train,31986,9
train,31987,5
train,31988,1
train,31989,8
train,31990,3
train,31991,9
train,31992,3
train,31993,0
train,31994,6
train,31995,6
train,31996,9
train,31997,5
train,31998,7
train,31999,3
train,32000,6
train,32001,7
train,32002,4
train,32003,0
train,32004,4
train,32005,2
train,32006,1
train,32007,3
train,32008,4
train,32009,9
train,32010,9
train,32011,0
train,32012,3
train,32013,5
train,32014,7
train,32015,6
train,32016,8
train,32017,6
train,32018,5
train,32019,6
train,32020,6
train,32021,4
train,32022,7
train,32023,2
train,32024,6
train,32025,2
train,32026,0
train,32027,4
train,32028,8
train,32029,9
train,32030,8
train,32031,4
train,32032,7
train,32033,9
train,32034,9
train,32035,9
train,32036,7
train,32037,7
train,32038,3
train,32039,9
train,32040,5
train,32041,9
train,32042,3
train,32043,1
train,32044,3
train,32045,0
train,32046,6
train,32047,8
train,32048,2
train,32049,5
train,32050,0
train,32051,5
train,32052,4
train,32053,7
train,32054,0
train,32055,9
train,32056,8
train,32057,2
train,32058,4
train,32059,6
train,32060,0
train,32061,6
train,32062,5
train,32063,7
train,32064,8
train,32065,2
train,32066,0
train,32067,7
train,32068,6
train,32069,9
train,32070,5
train,32071,6
train,32072,0
train,32073,3
train,32074,0
train,32075,0
train,32076,4
train,32077,5
train,32078,1
train,32079,5
train,32080,0
train,32081,0
train,32082,3
train,32083,5
train,32084,0
train,32085,1
train,32086,5
train,32087,9
train,32088,0
train,32089,1
train,32090,0
train,32091,3
train,32092,8
train,32093,5
train,32094,5
train,32095,5
train,32096,9
train,32097,2
train,32098,8
train,32099,1
train,32100,0
train,32101,1
train,32102,0
train,32103,8
train,32104,3
train,32105,6
train,32106,7
train,32107,9
train,32108,0
train,32109,3
train,32110,9
train,32111,3
train,32112,5
train,32113,9
train,32114,2
train,32115,0
train,32116,2
train,32117,5
train,32118,0
train,32119,4
train,32120,9
train,32121,2
train,32122,3
train,32123,6
train,32124,6
train,32125,0
train,32126,6
train,32127,0
train,32128,6
train,32129,4
train,32130,0
train,32131,2
train,32132,2
train,32133,1
train,32134,3
train,32135,1
train,32136,3
train,32137,0
train,32138,9
train,32139,5
train,32140,0
train,32141,1
train,32142,5
train,32143,8
train,32144,1
train,32145,3
train,32146,2
train,32147,3
train,32148,0
train,32149,6
train,32150,6
train,32151,5
train,32152,4
train,32153,5
train,32154,3
train,32155,9
train,32156,3
train,32157,4
train,32158,6
train,32159,0
train,32160,3
train,32161,9
train,32162,1
train,32163,9
train,32164,9
train,32165,9
train,32166,9
train,32167,7
train,32168,0
train,32169,3
train,32170,5
train,32171,7
train,32172,8
train,32173,5
train,32174,6
train,32175,4
train,32176,0
train,32177,3
train,32178,7
train,32179,3
train,32180,7
train,32181,2
train,32182,9
train,32183,0
train,32184,3
train,32185,5
train,32186,5
train,32187,8
train,32188,4
train,32189,1
train,32190,4
train,32191,9
train,32192,9
train,32193,6
train,32194,8
train,32195,1
train,32196,6
train,32197,7
train,32198,9
train,32199,7
train,32200,5
train,32201,9
train,32202,7
train,32203,0
train,32204,2
train,32205,6
train,32206,2
train,32207,6
train,32208,6
train,32209,1
train,32210,8
train,32211,9
train,32212,4
train,32213,3
train,32214,8
train,32215,6
train,32216,7
train,32217,8
train,32218,1
train,32219,2
train,32220,1
train,32221,5
train,32222,3
train,32223,7
train,32224,9
train,32225,1
train,32226,6
train,32227,8
train,32228,8
train,32229,5
train,32230,0
train,32231,0
train,32232,7
train,32233,4
train,32234,9
train,32235,8
train,32236,4
train,32237,9
train,32238,2
train,32239,3
train,32240,8
train,32241,5
train,32242,1
train,32243,4
train,32244,4
train,32245,5
train,32246,4
train,32247,7
train,32248,1
train,32249,4
train,32250,5
train,32251,7
train,32252,2
train,32253,0
train,32254,1
train,32255,4
train,32256,9
train,32257,2
train,32258,8
train,32259,2
train,32260,1
train,32261,9
train,32262,5
train,32263,8
train,32264,6
train,32265,5
train,32266,5
train,32267,5
train,32268,0
train,32269,3
train,32270,3
train,32271,4
train,32272,9
train,32273,7
train,32274,4
train,32275,5
train,32276,5
train,32277,6
train,32278,3
train,32279,4
train,32280,2
train,32281,7
train,32282,8
train,32283,9
train,32284,0
train,32285,9
train,32286,0
train,32287,2
train,32288,0
train,32289,5
train,32290,8
train,32291,8
train,32292,8
train,32293,6
train,32294,5
train,32295,9
train,32296,3
train,32297,7
train,32298,6
train,32299,7
train,32300,5
train,32301,1
train,32302,8
train,32303,6
train,32304,1
train,32305,7
train,32306,3
train,32307,0
train,32308,8
train,32309,0
train,32310,3
train,32311,1
train,32312,6
train,32313,2
train,32314,4
train,32315,2
train,32316,1
train,32317,4
train,32318,4
train,32319,7
train,32320,1
train,32321,2
train,32322,6
train,32323,0
train,32324,9
train,32325,9
train,32326,8
train,32327,2
train,32328,0
train,32329,2
train,32330,1
train,32331,9
train,32332,4
train,32333,6
train,32334,8
train,32335,7
train,32336,7
train,32337,7
train,32338,3
train,32339,9
train,32340,0
train,32341,8
train,32342,1
train,32343,8
train,32344,7
train,32345,9
train,32346,5
train,32347,1
train,32348,3
train,32349,7
train,32350,6
train,32351,2
train,32352,7
train,32353,3
train,32354,9
train,32355,5
train,32356,9
train,32357,0
train,32358,4
train,32359,2
train,32360,3
train,32361,0
train,32362,3
train,32363,2
train,32364,4
train,32365,7
train,32366,8
train,32367,5
train,32368,7
train,32369,9
train,32370,1
train,32371,6
train,32372,5
train,32373,7
train,32374,4
train,32375,3
train,32376,0
train,32377,7
train,32378,3
train,32379,6
train,32380,3
train,32381,6
train,32382,6
train,32383,9
train,32384,8
train,32385,3
train,32386,9
train,32387,6
train,32388,3
train,32389,5
train,32390,7
train,32391,8
train,32392,2
train,32393,3
train,32394,5
train,32395,9
train,32396,0
train,32397,2
train,32398,4
train,32399,2
train,32400,6
train,32401,5
train,32402,8
train,32403,8
train,32404,2
train,32405,4
train,32406,4
train,32407,9
train,32408,1
train,32409,7
train,32410,3
train,32411,7
train,32412,1
train,32413,6
train,32414,1
train,32415,1
train,32416,5
train,32417,3
train,32418,9
train,32419,5
train,32420,2
train,32421,6
train,32422,0
train,32423,7
train,32424,1
train,32425,7
train,32426,1
train,32427,6
train,32428,3
train,32429,5
train,32430,9
train,32431,4
train,32432,3
train,32433,0
train,32434,4
train,32435,0
train,32436,8
train,32437,3
train,32438,9
train,32439,1
train,32440,2
train,32441,3
train,32442,1
train,32443,0
train,32444,4
train,32445,5
train,32446,7
train,32447,8
train,32448,1
train,32449,3
train,32450,3
train,32451,2
train,32452,6
train,32453,2
train,32454,7
train,32455,9
train,32456,2
train,32457,1
train,32458,9
train,32459,4
train,32460,5
train,32461,9
train,32462,8
train,32463,4
train,32464,5
train,32465,5
train,32466,0
train,32467,2
train,32468,5
train,32469,7
train,32470,7
train,32471,1
train,32472,2
train,32473,0
train,32474,8
train,32475,7
train,32476,2
train,32477,1
train,32478,0
train,32479,6
train,32480,2
train,32481,8
train,32482,9
train,32483,1
train,32484,0
train,32485,8
train,32486,7
train,32487,5
train,32488,4
train,32489,1
train,32490,6
train,32491,1
train,32492,4
train,32493,8
train,32494,2
train,32495,7
train,32496,7
train,32497,8
train,32498,0
train,32499,0
train,32500,7
train,32501,9
train,32502,6
train,32503,4
train,32504,2
train,32505,8
train,32506,6
train,32507,1
train,32508,7
train,32509,2
train,32510,2
train,32511,9
train,32512,0
train,32513,5
train,32514,0
train,32515,3
train,32516,4
train,32517,8
train,32518,6
train,32519,5
train,32520,0
train,32521,3
train,32522,0
train,32523,9
train,32524,6
train,32525,5
train,32526,1
train,32527,1
train,32528,6
train,32529,4
train,32530,3
train,32531,1
train,32532,4
train,32533,9
train,32534,7
train,32535,4
train,32536,4
train,32537,6
train,32538,4
train,32539,5
train,32540,2
train,32541,9
train,32542,9
train,32543,1
train,32544,5
train,32545,4
train,32546,0
train,32547,1
train,32548,2
train,32549,3
train,32550,9
train,32551,4
train,32552,8
train,32553,5
train,32554,6
train,32555,8
train,32556,2
train,32557,5
train,32558,2
train,32559,0
train,32560,7
train,32561,1
train,32562,4
train,32563,5
train,32564,8
train,32565,3
train,32566,9
train,32567,0
train,32568,7
train,32569,2
train,32570,6
train,32571,6
train,32572,4
train,32573,4
train,32574,1
train,32575,9
train,32576,5
train,32577,6
train,32578,2
train,32579,9
train,32580,0
train,32581,7
train,32582,3
train,32583,4
train,32584,9
train,32585,8
train,32586,8
train,32587,8
train,32588,6
train,32589,2
train,32590,3
train,32591,5
train,32592,8
train,32593,6
train,32594,4
train,32595,7
train,32596,8
train,32597,5
train,32598,8
train,32599,9
train,32600,1
train,32601,5
train,32602,1
train,32603,0
train,32604,9
train,32605,3
train,32606,5
train,32607,9
train,32608,0
train,32609,7
train,32610,5
train,32611,5
train,32612,1
train,32613,7
train,32614,6
train,32615,0
train,32616,6
train,32617,1
train,32618,7
train,32619,0
train,32620,3
train,32621,1
train,32622,1
train,32623,9
train,32624,0
train,32625,3
train,32626,2
train,32627,8
train,32628,7
train,32629,7
train,32630,3
train,32631,4
train,32632,6
train,32633,4
train,32634,4
train,32635,8
train,32636,5
train,32637,3
train,32638,6
train,32639,7
train,32640,0
train,32641,3
train,32642,2
train,32643,5
train,32644,4
train,32645,6
train,32646,3
train,32647,7
train,32648,0
train,32649,9
train,32650,6
train,32651,6
train,32652,6
train,32653,6
train,32654,5
train,32655,1
train,32656,6
train,32657,7
train,32658,6
train,32659,9
train,32660,1
train,32661,8
train,32662,8
train,32663,7
train,32664,5
train,32665,0
train,32666,8
train,32667,3
train,32668,3
train,32669,2
train,32670,3
train,32671,2
train,32672,0
train,32673,7
train,32674,1
train,32675,8
train,32676,5
train,32677,8
train,32678,8
train,32679,3
train,32680,1
train,32681,8
train,32682,3
train,32683,9
train,32684,0
train,32685,6
train,32686,4
train,32687,3
train,32688,5
train,32689,9
train,32690,6
train,32691,6
train,32692,2
train,32693,6
train,32694,1
train,32695,2
train,32696,5
train,32697,9
train,32698,7
train,32699,6
train,32700,4
train,32701,1
train,32702,5
train,32703,3
train,32704,7
train,32705,8
train,32706,3
train,32707,4
train,32708,8
train,32709,1
train,32710,4
train,32711,9
train,32712,9
train,32713,4
train,32714,5
train,32715,9
train,32716,3
train,32717,0
train,32718,1
train,32719,0
train,32720,6
train,32721,7
train,32722,3
train,32723,4
train,32724,4
train,32725,3
train,32726,8
train,32727,6
train,32728,6
train,32729,2
train,32730,5
train,32731,4
train,32732,5
train,32733,3
train,32734,1
train,32735,0
train,32736,7
train,32737,2
train,32738,5
train,32739,1
train,32740,4
train,32741,4
train,32742,2
train,32743,7
train,32744,0
train,32745,2
train,32746,4
train,32747,5
train,32748,4
train,32749,9
train,32750,6
train,32751,9
train,32752,5
train,32753,3
train,32754,2
train,32755,8
train,32756,9
train,32757,3
train,32758,1
train,32759,8
train,32760,7
train,32761,8
train,32762,5
train,32763,1
train,32764,7
train,32765,5
train,32766,6
train,32767,8
train,32768,5
train,32769,7
train,32770,6
train,32771,7
train,32772,5
train,32773,4
train,32774,3
train,32775,8
train,32776,7
train,32777,0
train,32778,5
train,32779,6
train,32780,0
train,32781,3
train,32782,9
train,32783,5
train,32784,6
train,32785,0
train,32786,3
train,32787,1
train,32788,2
train,32789,8
train,32790,0
train,32791,1
train,32792,9
train,32793,2
train,32794,0
train,32795,6
train,32796,3
train,32797,9
train,32798,0
train,32799,2
train,32800,9
train,32801,1
train,32802,5
train,32803,7
train,32804,4
train,32805,8
train,32806,4
train,32807,3
train,32808,8
train,32809,8
train,32810,8
train,32811,8
train,32812,8
train,32813,0
train,32814,4
train,32815,3
train,32816,2
train,32817,8
train,32818,4
train,32819,6
train,32820,4
train,32821,5
train,32822,8
train,32823,8
train,32824,1
train,32825,8
train,32826,7
train,32827,6
train,32828,3
train,32829,6
train,32830,2
train,32831,8
train,32832,3
train,32833,7
train,32834,0
train,32835,6
train,32836,2
train,32837,3
train,32838,8
train,32839,2
train,32840,1
train,32841,2
train,32842,3
train,32843,1
train,32844,1
train,32845,3
train,32846,2
train,32847,0
train,32848,5
train,32849,4
train,32850,3
train,32851,2
train,32852,3
train,32853,4
train,32854,6
train,32855,3
train,32856,3
train,32857,0
train,32858,1
train,32859,8
train,32860,6
train,32861,1
train,32862,4
train,32863,4
train,32864,7
train,32865,3
train,32866,3
train,32867,2
train,32868,5
train,32869,3
train,32870,1
train,32871,1
train,32872,0
train,32873,1
train,32874,5
train,32875,4
train,32876,2
train,32877,2
train,32878,9
train,32879,4
train,32880,6
train,32881,7
train,32882,7
train,32883,8
train,32884,2
train,32885,4
train,32886,6
train,32887,6
train,32888,7
train,32889,9
train,32890,6
train,32891,7
train,32892,8
train,32893,4
train,32894,8
train,32895,6
train,32896,0
train,32897,8
train,32898,9
train,32899,5
train,32900,1
train,32901,4
train,32902,5
train,32903,6
train,32904,3
train,32905,9
train,32906,8
train,32907,3
train,32908,4
train,32909,5
train,32910,8
train,32911,8
train,32912,5
train,32913,6
train,32914,4
train,32915,6
train,32916,3
train,32917,2
train,32918,1
train,32919,2
train,32920,9
train,32921,5
train,32922,6
train,32923,5
train,32924,6
train,32925,6
train,32926,2
train,32927,7
train,32928,8
train,32929,4
train,32930,2
train,32931,5
train,32932,9
train,32933,6
train,32934,9
train,32935,4
train,32936,3
train,32937,6
train,32938,8
train,32939,4
train,32940,0
train,32941,8
train,32942,2
train,32943,9
train,32944,2
train,32945,3
train,32946,7
train,32947,0
train,32948,6
train,32949,0
train,32950,8
train,32951,0
train,32952,7
train,32953,7
train,32954,2
train,32955,4
train,32956,7
train,32957,7
train,32958,3
train,32959,4
train,32960,5
train,32961,5
train,32962,7
train,32963,0
train,32964,4
train,32965,1
train,32966,8
train,32967,5
train,32968,5
train,32969,4
train,32970,6
train,32971,1
train,32972,9
train,32973,1
train,32974,0
train,32975,8
train,32976,4
train,32977,0
train,32978,8
train,32979,3
train,32980,7
train,32981,9
train,32982,5
train,32983,7
train,32984,8
train,32985,3
train,32986,2
train,32987,4
train,32988,6
train,32989,7
train,32990,2
train,32991,8
train,32992,5
train,32993,2
train,32994,7
train,32995,7
train,32996,6
train,32997,9
train,32998,7
train,32999,1
train,33000,7
train,33001,1
train,33002,1
train,33003,4
train,33004,4
train,33005,4
train,33006,1
train,33007,3
train,33008,1
train,33009,2
train,33010,0
train,33011,4
train,33012,7
train,33013,2
train,33014,8
train,33015,7
train,33016,4
train,33017,5
train,33018,9
train,33019,7
train,33020,2
train,33021,8
train,33022,4
train,33023,6
train,33024,7
train,33025,7
train,33026,0
train,33027,9
train,33028,5
train,33029,0
train,33030,8
train,33031,2
train,33032,6
train,33033,9
train,33034,4
train,33035,4
train,33036,5
train,33037,8
train,33038,3
train,33039,3
train,33040,9
train,33041,8
train,33042,7
train,33043,0
train,33044,5
train,33045,9
train,33046,0
train,33047,9
train,33048,6
train,33049,2
train,33050,9
train,33051,8
train,33052,3
train,33053,4
train,33054,8
train,33055,0
train,33056,8
train,33057,1
train,33058,6
train,33059,8
train,33060,4
train,33061,1
train,33062,8
train,33063,8
train,33064,6
train,33065,2
train,33066,7
train,33067,8
train,33068,2
train,33069,7
train,33070,3
train,33071,6
train,33072,7
train,33073,2
train,33074,2
train,33075,4
train,33076,1
train,33077,7
train,33078,5
train,33079,0
train,33080,0
train,33081,4
train,33082,5
train,33083,3
train,33084,4
train,33085,9
train,33086,6
train,33087,7
train,33088,4
train,33089,8
train,33090,5
train,33091,3
train,33092,6
train,33093,2
train,33094,4
train,33095,0
train,33096,1
train,33097,2
train,33098,3
train,33099,2
train,33100,2
train,33101,5
train,33102,9
train,33103,5
train,33104,2
train,33105,9
train,33106,2
train,33107,8
train,33108,7
train,33109,8
train,33110,1
train,33111,9
train,33112,9
train,33113,3
train,33114,4
train,33115,9
train,33116,6
train,33117,6
train,33118,6
train,33119,4
train,33120,6
train,33121,7
train,33122,8
train,33123,2
train,33124,2
train,33125,8
train,33126,1
train,33127,7
train,33128,4
train,33129,6
train,33130,5
train,33131,3
train,33132,5
train,33133,7
train,33134,9
train,33135,5
train,33136,0
train,33137,8
train,33138,9
train,33139,9
train,33140,3
train,33141,8
train,33142,3
train,33143,1
train,33144,7
train,33145,3
train,33146,7
train,33147,9
train,33148,7
train,33149,2
train,33150,7
train,33151,9
train,33152,2
train,33153,7
train,33154,6
train,33155,4
train,33156,9
train,33157,0
train,33158,4
train,33159,4
train,33160,8
train,33161,1
train,33162,6
train,33163,3
train,33164,5
train,33165,2
train,33166,4
train,33167,4
train,33168,4
train,33169,2
train,33170,0
train,33171,7
train,33172,0
train,33173,4
train,33174,1
train,33175,0
train,33176,2
train,33177,7
train,33178,9
train,33179,7
train,33180,6
train,33181,9
train,33182,0
train,33183,9
train,33184,4
train,33185,3
train,33186,6
train,33187,2
train,33188,1
train,33189,2
train,33190,1
train,33191,4
train,33192,8
train,33193,3
train,33194,2
train,33195,9
train,33196,8
train,33197,4
train,33198,9
train,33199,7
train,33200,1
train,33201,3
train,33202,0
train,33203,4
train,33204,8
train,33205,6
train,33206,7
train,33207,7
train,33208,3
train,33209,3
train,33210,8
train,33211,5
train,33212,1
train,33213,9
train,33214,6
train,33215,1
train,33216,2
train,33217,3
train,33218,6
train,33219,5
train,33220,5
train,33221,5
train,33222,6
train,33223,3
train,33224,1
train,33225,3
train,33226,4
train,33227,1
train,33228,6
train,33229,9
train,33230,2
train,33231,9
train,33232,6
train,33233,7
train,33234,9
train,33235,7
train,33236,3
train,33237,3
train,33238,3
train,33239,1
train,33240,6
train,33241,0
train,33242,8
train,33243,4
train,33244,0
train,33245,3
train,33246,4
train,33247,0
train,33248,9
train,33249,3
train,33250,7
train,33251,6
train,33252,1
train,33253,8
train,33254,7
train,33255,1
train,33256,2
train,33257,0
train,33258,5
train,33259,1
train,33260,4
train,33261,9
train,33262,9
train,33263,8
train,33264,3
train,33265,4
train,33266,3
train,33267,4
train,33268,8
train,33269,2
train,33270,0
train,33271,5
train,33272,4
train,33273,0
train,33274,0
train,33275,2
train,33276,9
train,33277,4
train,33278,1
train,33279,0
train,33280,4
train,33281,0
train,33282,7
train,33283,5
train,33284,1
train,33285,8
train,33286,5
train,33287,9
train,33288,0
train,33289,4
train,33290,3
train,33291,8
train,33292,8
train,33293,9
train,33294,0
train,33295,9
train,33296,6
train,33297,2
train,33298,8
train,33299,1
train,33300,7
train,33301,3
train,33302,8
train,33303,6
train,33304,4
train,33305,9
train,33306,5
train,33307,5
train,33308,3
train,33309,7
train,33310,4
train,33311,3
train,33312,0
train,33313,3
train,33314,2
train,33315,4
train,33316,8
train,33317,0
train,33318,3
train,33319,3
train,33320,7
train,33321,3
train,33322,7
train,33323,3
train,33324,5
train,33325,0
train,33326,5
train,33327,5
train,33328,3
train,33329,0
train,33330,2
train,33331,6
train,33332,6
train,33333,5
train,33334,9
train,33335,8
train,33336,8
train,33337,4
train,33338,1
train,33339,5
train,33340,8
train,33341,3
train,33342,4
train,33343,1
train,33344,4
train,33345,5
train,33346,4
train,33347,7
train,33348,8
train,33349,2
train,33350,9
train,33351,5
train,33352,2
train,33353,1
train,33354,6
train,33355,5
train,33356,9
train,33357,2
train,33358,5
train,33359,5
train,33360,4
train,33361,2
train,33362,1
train,33363,6
train,33364,3
train,33365,0
train,33366,5
train,33367,4
train,33368,6
train,33369,1
train,33370,3
train,33371,6
train,33372,3
train,33373,7
train,33374,3
train,33375,0
train,33376,9
train,33377,7
train,33378,9
train,33379,0
train,33380,9
train,33381,6
train,33382,0
train,33383,3
train,33384,9
train,33385,9
train,33386,3
train,33387,0
train,33388,6
train,33389,7
train,33390,5
train,33391,0
train,33392,8
train,33393,5
train,33394,8
train,33395,9
train,33396,9
train,33397,6
train,33398,2
train,33399,8
train,33400,2
train,33401,3
train,33402,6
train,33403,4
train,33404,5
train,33405,5
train,33406,7
train,33407,3
train,33408,8
train,33409,8
train,33410,6
train,33411,8
train,33412,5
train,33413,2
train,33414,9
train,33415,7
train,33416,1
train,33417,4
train,33418,5
train,33419,1
train,33420,6
train,33421,2
train,33422,6
train,33423,1
train,33424,0
train,33425,0
train,33426,4
train,33427,3
train,33428,0
train,33429,7
train,33430,2
train,33431,0
train,33432,0
train,33433,0
train,33434,8
train,33435,8
train,33436,9
train,33437,1
train,33438,0
train,33439,5
train,33440,7
train,33441,0
train,33442,1
train,33443,9
train,33444,3
train,33445,4
train,33446,9
train,33447,4
train,33448,9
train,33449,3
train,33450,9
train,33451,7
train,33452,3
train,33453,9
train,33454,6
train,33455,1
train,33456,6
train,33457,3
train,33458,5
train,33459,3
train,33460,9
train,33461,2
train,33462,4
train,33463,6
train,33464,0
train,33465,3
train,33466,2
train,33467,2
train,33468,0
train,33469,3
train,33470,8
train,33471,5
train,33472,0
train,33473,3
train,33474,6
train,33475,2
train,33476,7
train,33477,0
train,33478,3
train,33479,8
train,33480,7
train,33481,1
train,33482,2
train,33483,2
train,33484,8
train,33485,8
train,33486,1
train,33487,4
train,33488,0
train,33489,3
train,33490,7
train,33491,8
train,33492,4
train,33493,6
train,33494,7
train,33495,1
train,33496,7
train,33497,6
train,33498,8
train,33499,1
train,33500,3
train,33501,1
train,33502,3
train,33503,1
train,33504,0
train,33505,7
train,33506,3
train,33507,7
train,33508,0
train,33509,0
train,33510,1
train,33511,4
train,33512,4
train,33513,1
train,33514,6
train,33515,2
train,33516,5
train,33517,1
train,33518,1
train,33519,1
train,33520,2
train,33521,4
train,33522,2
train,33523,8
train,33524,7
train,33525,2
train,33526,0
train,33527,0
train,33528,2
train,33529,1
train,33530,7
train,33531,7
train,33532,2
train,33533,8
train,33534,3
train,33535,5
train,33536,8
train,33537,1
train,33538,5
train,33539,6
train,33540,3
train,33541,3
train,33542,5
train,33543,9
train,33544,9
train,33545,8
train,33546,5
train,33547,1
train,33548,1
train,33549,1
train,33550,0
train,33551,7
train,33552,1
train,33553,2
train,33554,1
train,33555,4
train,33556,5
train,33557,0
train,33558,2
train,33559,2
train,33560,4
train,33561,0
train,33562,2
train,33563,0
train,33564,5
train,33565,1
train,33566,2
train,33567,7
train,33568,4
train,33569,0
train,33570,9
train,33571,6
train,33572,9
train,33573,4
train,33574,7
train,33575,6
train,33576,3
train,33577,5
train,33578,6
train,33579,8
train,33580,9
train,33581,3
train,33582,4
train,33583,5
train,33584,9
train,33585,8
train,33586,0
train,33587,8
train,33588,6
train,33589,0
train,33590,3
train,33591,2
train,33592,9
train,33593,5
train,33594,6
train,33595,7
train,33596,3
train,33597,3
train,33598,7
train,33599,0
train,33600,5
train,33601,7
train,33602,0
train,33603,2
train,33604,4
train,33605,2
train,33606,6
train,33607,6
train,33608,8
train,33609,5
train,33610,8
train,33611,8
train,33612,4
train,33613,4
train,33614,8
train,33615,3
train,33616,8
train,33617,2
train,33618,8
train,33619,4
train,33620,7
train,33621,0
train,33622,8
train,33623,6
train,33624,9
train,33625,3
train,33626,2
train,33627,7
train,33628,6
train,33629,1
train,33630,0
train,33631,6
train,33632,9
train,33633,4
train,33634,0
train,33635,5
train,33636,2
train,33637,7
train,33638,6
train,33639,9
train,33640,2
train,33641,1
train,33642,8
train,33643,3
train,33644,3
train,33645,8
train,33646,3
train,33647,7
train,33648,9
train,33649,5
train,33650,0
train,33651,7
train,33652,4
train,33653,5
train,33654,8
train,33655,3
train,33656,1
train,33657,9
train,33658,6
train,33659,7
train,33660,3
train,33661,9
train,33662,7
train,33663,3
train,33664,4
train,33665,0
train,33666,5
train,33667,5
train,33668,9
train,33669,4
train,33670,6
train,33671,5
train,33672,9
train,33673,1
train,33674,0
train,33675,8
train,33676,8
train,33677,0
train,33678,2
train,33679,7
train,33680,9
train,33681,6
train,33682,6
train,33683,6
train,33684,5
train,33685,3
train,33686,1
train,33687,1
train,33688,7
train,33689,0
train,33690,1
train,33691,8
train,33692,7
train,33693,8
train,33694,1
train,33695,4
train,33696,7
train,33697,7
train,33698,0
train,33699,5
train,33700,3
train,33701,3
train,33702,0
train,33703,4
train,33704,5
train,33705,4
train,33706,7
train,33707,8
train,33708,4
train,33709,7
train,33710,7
train,33711,6
train,33712,5
train,33713,1
train,33714,2
train,33715,4
train,33716,4
train,33717,7
train,33718,7
train,33719,6
train,33720,0
train,33721,0
train,33722,1
train,33723,6
train,33724,6
train,33725,0
train,33726,2
train,33727,3
train,33728,1
train,33729,5
train,33730,2
train,33731,9
train,33732,8
train,33733,2
train,33734,1
train,33735,0
train,33736,9
train,33737,2
train,33738,6
train,33739,4
train,33740,8
train,33741,8
train,33742,3
train,33743,5
train,33744,2
train,33745,2
train,33746,6
train,33747,8
train,33748,0
train,33749,2
train,33750,8
train,33751,8
train,33752,5
train,33753,0
train,33754,4
train,33755,6
train,33756,2
train,33757,0
train,33758,8
train,33759,8
train,33760,4
train,33761,0
train,33762,8
train,33763,5
train,33764,8
train,33765,1
train,33766,8
train,33767,1
train,33768,1
train,33769,8
train,33770,8
train,33771,0
train,33772,3
train,33773,9
train,33774,2
train,33775,4
train,33776,4
train,33777,4
train,33778,1
train,33779,5
train,33780,6
train,33781,8
train,33782,3
train,33783,2
train,33784,7
train,33785,7
train,33786,9
train,33787,1
train,33788,1
train,33789,4
train,33790,3
train,33791,8
train,33792,7
train,33793,7
train,33794,2
train,33795,2
train,33796,5
train,33797,7
train,33798,3
train,33799,3
train,33800,9
train,33801,3
train,33802,2
train,33803,4
train,33804,5
train,33805,7
train,33806,7
train,33807,3
train,33808,3
train,33809,2
train,33810,5
train,33811,4
train,33812,3
train,33813,5
train,33814,1
train,33815,9
train,33816,6
train,33817,3
train,33818,0
train,33819,6
train,33820,6
train,33821,2
train,33822,0
train,33823,0
train,33824,3
train,33825,4
train,33826,2
train,33827,2
train,33828,2
train,33829,2
train,33830,6
train,33831,6
train,33832,6
train,33833,9
train,33834,1
train,33835,5
train,33836,2
train,33837,0
train,33838,3
train,33839,3
train,33840,1
train,33841,9
train,33842,1
train,33843,4
train,33844,2
train,33845,1
train,33846,3
train,33847,0
train,33848,5
train,33849,1
train,33850,8
train,33851,5
train,33852,7
train,33853,9
train,33854,5
train,33855,7
train,33856,2
train,33857,8
train,33858,6
train,33859,2
train,33860,4
train,33861,6
train,33862,4
train,33863,9
train,33864,2
train,33865,3
train,33866,4
train,33867,9
train,33868,0
train,33869,5
train,33870,3
train,33871,2
train,33872,1
train,33873,4
train,33874,9
train,33875,1
train,33876,3
train,33877,2
train,33878,7
train,33879,0
train,33880,0
train,33881,2
train,33882,4
train,33883,9
train,33884,6
train,33885,7
train,33886,0
train,33887,7
train,33888,2
train,33889,9
train,33890,9
train,33891,1
train,33892,2
train,33893,0
train,33894,9
train,33895,3
train,33896,2
train,33897,6
train,33898,8
train,33899,8
train,33900,6
train,33901,6
train,33902,7
train,33903,6
train,33904,0
train,33905,4
train,33906,5
train,33907,3
train,33908,0
train,33909,6
train,33910,6
train,33911,5
train,33912,0
train,33913,6
train,33914,4
train,33915,3
train,33916,2
train,33917,6
train,33918,1
train,33919,5
train,33920,1
train,33921,9
train,33922,6
train,33923,7
train,33924,9
train,33925,3
train,33926,1
train,33927,6
train,33928,7
train,33929,5
train,33930,6
train,33931,4
train,33932,4
train,33933,2
train,33934,2
train,33935,7
train,33936,6
train,33937,8
train,33938,9
train,33939,8
train,33940,9
train,33941,6
train,33942,8
train,33943,6
train,33944,7
train,33945,0
train,33946,7
train,33947,6
train,33948,1
train,33949,1
train,33950,8
train,33951,3
train,33952,2
train,33953,0
train,33954,8
train,33955,5
train,33956,8
train,33957,7
train,33958,2
train,33959,1
train,33960,3
train,33961,1
train,33962,6
train,33963,5
train,33964,1
train,33965,6
train,33966,7
train,33967,5
train,33968,0
train,33969,6
train,33970,6
train,33971,6
train,33972,8
train,33973,4
train,33974,4
train,33975,5
train,33976,9
train,33977,0
train,33978,1
train,33979,8
train,33980,0
train,33981,4
train,33982,6
train,33983,1
train,33984,5
train,33985,8
train,33986,6
train,33987,4
train,33988,1
train,33989,1
train,33990,7
train,33991,9
train,33992,4
train,33993,0
train,33994,9
train,33995,3
train,33996,7
train,33997,0
train,33998,0
train,33999,4
train,34000,5
train,34001,3
train,34002,5
train,34003,1
train,34004,0
train,34005,8
train,34006,1
train,34007,4
train,34008,1
train,34009,4
train,34010,8
train,34011,9
train,34012,9
train,34013,4
train,34014,2
train,34015,0
train,34016,6
train,34017,7
train,34018,5
train,34019,9
train,34020,1
train,34021,9
train,34022,4
train,34023,9
train,34024,2
train,34025,1
train,34026,1
train,34027,5
train,34028,9
train,34029,4
train,34030,1
train,34031,4
train,34032,6
train,34033,6
train,34034,1
train,34035,2
train,34036,0
train,34037,5
train,34038,0
train,34039,1
train,34040,6
train,34041,4
train,34042,9
train,34043,0
train,34044,9
train,34045,8
train,34046,7
train,34047,5
train,34048,1
train,34049,9
train,34050,1
train,34051,0
train,34052,1
train,34053,2
train,34054,5
train,34055,7
train,34056,1
train,34057,3
train,34058,8
train,34059,3
train,34060,4
train,34061,4
train,34062,8
train,34063,2
train,34064,3
train,34065,0
train,34066,2
train,34067,7
train,34068,6
train,34069,4
train,34070,9
train,34071,8
train,34072,9
train,34073,0
train,34074,2
train,34075,2
train,34076,1
train,34077,8
train,34078,0
train,34079,0
train,34080,0
train,34081,9
train,34082,7
train,34083,4
train,34084,5
train,34085,6
train,34086,6
train,34087,1
train,34088,5
train,34089,7
train,34090,8
train,34091,1
train,34092,7
train,34093,9
train,34094,2
train,34095,8
train,34096,2
train,34097,0
train,34098,7
train,34099,0
train,34100,7
train,34101,4
train,34102,0
train,34103,1
train,34104,7
train,34105,4
train,34106,3
train,34107,9
train,34108,1
train,34109,0
train,34110,9
train,34111,1
train,34112,7
train,34113,1
train,34114,0
train,34115,0
train,34116,1
train,34117,6
train,34118,6
train,34119,2
train,34120,3
train,34121,8
train,34122,4
train,34123,2
train,34124,2
train,34125,4
train,34126,8
train,34127,0
train,34128,7
train,34129,0
train,34130,0
train,34131,1
train,34132,7
train,34133,9
train,34134,5
train,34135,3
train,34136,9
train,34137,4
train,34138,6
train,34139,1
train,34140,6
train,34141,2
train,34142,8
train,34143,9
train,34144,6
train,34145,2
train,34146,1
train,34147,9
train,34148,6
train,34149,2
train,34150,3
train,34151,3
train,34152,9
train,34153,3
train,34154,6
train,34155,9
train,34156,7
train,34157,8
train,34158,7
train,34159,4
train,34160,9
train,34161,8
train,34162,4
train,34163,0
train,34164,4
train,34165,2
train,34166,1
train,34167,8
train,34168,8
train,34169,5
train,34170,0
train,34171,3
train,34172,5
train,34173,9
train,34174,9
train,34175,6
train,34176,7
train,34177,5
train,34178,5
train,34179,0
train,34180,5
train,34181,9
train,34182,6
train,34183,2
train,34184,5
train,34185,3
train,34186,0
train,34187,5
train,34188,7
train,34189,5
train,34190,0
train,34191,2
train,34192,0
train,34193,3
train,34194,7
train,34195,3
train,34196,1
train,34197,9
train,34198,6
train,34199,9
train,34200,9
train,34201,7
train,34202,5
train,34203,5
train,34204,0
train,34205,1
train,34206,1
train,34207,4
train,34208,4
train,34209,7
train,34210,5
train,34211,2
train,34212,8
train,34213,9
train,34214,2
train,34215,8
train,34216,9
train,34217,1
train,34218,9
train,34219,5
train,34220,3
train,34221,2
train,34222,5
train,34223,2
train,34224,8
train,34225,0
train,34226,6
train,34227,7
train,34228,8
train,34229,9
train,34230,7
train,34231,1
train,34232,3
train,34233,1
train,34234,1
train,34235,7
train,34236,2
train,34237,7
train,34238,8
train,34239,9
train,34240,7
train,34241,2
train,34242,6
train,34243,1
train,34244,0
train,34245,6
train,34246,6
train,34247,0
train,34248,5
train,34249,1
train,34250,9
train,34251,7
train,34252,8
train,34253,5
train,34254,0
train,34255,9
train,34256,3
train,34257,5
train,34258,5
train,34259,7
train,34260,1
train,34261,5
train,34262,4
train,34263,4
train,34264,0
train,34265,3
train,34266,3
train,34267,0
train,34268,3
train,34269,9
train,34270,6
train,34271,4
train,34272,6
train,34273,8
train,34274,2
train,34275,1
train,34276,6
train,34277,8
train,34278,4
train,34279,4
train,34280,2
train,34281,5
train,34282,5
train,34283,5
train,34284,9
train,34285,8
train,34286,5
train,34287,2
train,34288,5
train,34289,2
train,34290,2
train,34291,8
train,34292,8
train,34293,8
train,34294,9
train,34295,4
train,34296,0
train,34297,7
train,34298,7
train,34299,9
train,34300,4
train,34301,5
train,34302,8
train,34303,6
train,34304,5
train,34305,8
train,34306,5
train,34307,0
train,34308,6
train,34309,3
train,34310,7
train,34311,4
train,34312,0
train,34313,0
train,34314,2
train,34315,5
train,34316,1
train,34317,7
train,34318,2
train,34319,4
train,34320,6
train,34321,4
train,34322,1
train,34323,7
train,34324,5
train,34325,7
train,34326,6
train,34327,0
train,34328,1
train,34329,8
train,34330,7
train,34331,8
train,34332,9
train,34333,7
train,34334,8
train,34335,7
train,34336,1
train,34337,1
train,34338,2
train,34339,5
train,34340,5
train,34341,1
train,34342,0
train,34343,3
train,34344,7
train,34345,2
train,34346,5
train,34347,6
train,34348,7
train,34349,0
train,34350,5
train,34351,5
train,34352,4
train,34353,5
train,34354,3
train,34355,6
train,34356,1
train,34357,6
train,34358,7
train,34359,6
train,34360,3
train,34361,2
train,34362,7
train,34363,8
train,34364,0
train,34365,4
train,34366,7
train,34367,3
train,34368,7
train,34369,1
train,34370,8
train,34371,5
train,34372,6
train,34373,2
train,34374,2
train,34375,2
train,34376,4
train,34377,9
train,34378,6
train,34379,6
train,34380,2
train,34381,7
train,34382,6
train,34383,7
train,34384,1
train,34385,5
train,34386,6
train,34387,7
train,34388,7
train,34389,2
train,34390,3
train,34391,5
train,34392,1
train,34393,0
train,34394,5
train,34395,5
train,34396,1
train,34397,5
train,34398,2
train,34399,4
train,34400,3
train,34401,4
train,34402,1
train,34403,6
train,34404,2
train,34405,0
train,34406,5
train,34407,0
train,34408,8
train,34409,4
train,34410,7
train,34411,3
train,34412,4
train,34413,0
train,34414,0
train,34415,2
train,34416,2
train,34417,4
train,34418,3
train,34419,5
train,34420,9
train,34421,2
train,34422,8
train,34423,0
train,34424,8
train,34425,5
train,34426,5
train,34427,5
train,34428,6
train,34429,3
train,34430,3
train,34431,0
train,34432,1
train,34433,3
train,34434,4
train,34435,2
train,34436,5
train,34437,4
train,34438,7
train,34439,4
train,34440,2
train,34441,6
train,34442,9
train,34443,0
train,34444,8
train,34445,6
train,34446,5
train,34447,8
train,34448,4
train,34449,6
train,34450,0
train,34451,3
train,34452,4
train,34453,0
train,34454,9
train,34455,6
train,34456,9
train,34457,7
train,34458,2
train,34459,8
train,34460,3
train,34461,0
train,34462,5
train,34463,3
train,34464,7
train,34465,3
train,34466,8
train,34467,3
train,34468,6
train,34469,2
train,34470,6
train,34471,3
train,34472,7
train,34473,9
train,34474,2
train,34475,3
train,34476,9
train,34477,5
train,34478,8
train,34479,0
train,34480,0
train,34481,4
train,34482,9
train,34483,0
train,34484,9
train,34485,8
train,34486,4
train,34487,1
train,34488,7
train,34489,6
train,34490,4
train,34491,9
train,34492,7
train,34493,3
train,34494,8
train,34495,2
train,34496,9
train,34497,1
train,34498,1
train,34499,1
train,34500,4
train,34501,5
train,34502,7
train,34503,8
train,34504,7
train,34505,0
train,34506,8
train,34507,1
train,34508,4
train,34509,6
train,34510,4
train,34511,2
train,34512,8
train,34513,7
train,34514,7
train,34515,2
train,34516,3
train,34517,6
train,34518,9
train,34519,1
train,34520,7
train,34521,9
train,34522,9
train,34523,3
train,34524,6
train,34525,6
train,34526,5
train,34527,3
train,34528,8
train,34529,8
train,34530,2
train,34531,8
train,34532,4
train,34533,9
train,34534,3
train,34535,7
train,34536,6
train,34537,5
train,34538,5
train,34539,3
train,34540,0
train,34541,3
train,34542,3
train,34543,9
train,34544,8
train,34545,8
train,34546,3
train,34547,5
train,34548,6
train,34549,4
train,34550,6
train,34551,0
train,34552,0
train,34553,7
train,34554,4
train,34555,8
train,34556,2
train,34557,0
train,34558,7
train,34559,8
train,34560,1
train,34561,0
train,34562,8
train,34563,5
train,34564,6
train,34565,3
train,34566,2
train,34567,4
train,34568,8
train,34569,1
train,34570,9
train,34571,1
train,34572,1
train,34573,0
train,34574,0
train,34575,0
train,34576,3
train,34577,1
train,34578,5
train,34579,4
train,34580,4
train,34581,9
train,34582,5
train,34583,1
train,34584,4
train,34585,2
train,34586,2
train,34587,6
train,34588,8
train,34589,7
train,34590,5
train,34591,8
train,34592,4
train,34593,3
train,34594,6
train,34595,2
train,34596,9
train,34597,2
train,34598,0
train,34599,6
train,34600,4
train,34601,2
train,34602,6
train,34603,4
train,34604,0
train,34605,2
train,34606,7
train,34607,5
train,34608,4
train,34609,5
train,34610,2
train,34611,2
train,34612,3
train,34613,2
train,34614,0
train,34615,8
train,34616,4
train,34617,9
train,34618,6
train,34619,3
train,34620,4
train,34621,5
train,34622,7
train,34623,4
train,34624,7
train,34625,6
train,34626,6
train,34627,1
train,34628,4
train,34629,1
train,34630,2
train,34631,7
train,34632,3
train,34633,9
train,34634,1
train,34635,9
train,34636,7
train,34637,1
train,34638,3
train,34639,9
train,34640,3
train,34641,0
train,34642,9
train,34643,1
train,34644,3
train,34645,3
train,34646,5
train,34647,3
train,34648,3
train,34649,2
train,34650,1
train,34651,5
train,34652,3
train,34653,9
train,34654,3
train,34655,5
train,34656,1
train,34657,4
train,34658,2
train,34659,0
train,34660,2
train,34661,8
train,34662,7
train,34663,4
train,34664,1
train,34665,1
train,34666,3
train,34667,3
train,34668,7
train,34669,6
train,34670,8
train,34671,4
train,34672,3
train,34673,3
train,34674,1
train,34675,3
train,34676,5
train,34677,4
train,34678,7
train,34679,5
train,34680,2
train,34681,9
train,34682,1
train,34683,7
train,34684,6
train,34685,5
train,34686,1
train,34687,5
train,34688,3
train,34689,8
train,34690,8
train,34691,2
train,34692,6
train,34693,1
train,34694,4
train,34695,6
train,34696,4
train,34697,9
train,34698,2
train,34699,3
train,34700,7
train,34701,3
train,34702,0
train,34703,0
train,34704,5
train,34705,1
train,34706,2
train,34707,3
train,34708,3
train,34709,8
train,34710,2
train,34711,2
train,34712,0
train,34713,2
train,34714,5
train,34715,5
train,34716,6
train,34717,6
train,34718,3
train,34719,4
train,34720,1
train,34721,5
train,34722,9
train,34723,2
train,34724,4
train,34725,7
train,34726,2
train,34727,7
train,34728,1
train,34729,0
train,34730,8
train,34731,6
train,34732,8
train,34733,5
train,34734,5
train,34735,0
train,34736,4
train,34737,8
train,34738,5
train,34739,7
train,34740,2
train,34741,5
train,34742,7
train,34743,6
train,34744,7
train,34745,8
train,34746,3
train,34747,3
train,34748,9
train,34749,8
train,34750,5
train,34751,5
train,34752,9
train,34753,0
train,34754,3
train,34755,7
train,34756,8
train,34757,6
train,34758,7
train,34759,5
train,34760,0
train,34761,0
train,34762,8
train,34763,4
train,34764,9
train,34765,4
train,34766,6
train,34767,7
train,34768,5
train,34769,1
train,34770,0
train,34771,6
train,34772,5
train,34773,1
train,34774,0
train,34775,0
train,34776,8
train,34777,1
train,34778,6
train,34779,4
train,34780,1
train,34781,2
train,34782,4
train,34783,1
train,34784,1
train,34785,6
train,34786,2
train,34787,2
train,34788,2
train,34789,0
train,34790,3
train,34791,1
train,34792,2
train,34793,4
train,34794,1
train,34795,5
train,34796,1
train,34797,0
train,34798,4
train,34799,8
train,34800,5
train,34801,0
train,34802,7
train,34803,3
train,34804,4
train,34805,6
train,34806,5
train,34807,2
train,34808,2
train,34809,4
train,34810,5
train,34811,4
train,34812,1
train,34813,2
train,34814,3
train,34815,7
train,34816,2
train,34817,7
train,34818,1
train,34819,5
train,34820,6
train,34821,6
train,34822,2
train,34823,5
train,34824,1
train,34825,0
train,34826,2
train,34827,7
train,34828,3
train,34829,6
train,34830,6
train,34831,9
train,34832,5
train,34833,1
train,34834,0
train,34835,4
train,34836,1
train,34837,2
train,34838,2
train,34839,9
train,34840,5
train,34841,1
train,34842,1
train,34843,2
train,34844,2
train,34845,4
train,34846,5
train,34847,5
train,34848,4
train,34849,0
train,34850,5
train,34851,8
train,34852,4
train,34853,6
train,34854,5
train,34855,7
train,34856,2
train,34857,1
train,34858,8
train,34859,0
train,34860,2
train,34861,9
train,34862,6
train,34863,5
train,34864,1
train,34865,4
train,34866,3
train,34867,8
train,34868,2
train,34869,3
train,34870,0
train,34871,0
train,34872,3
train,34873,4
train,34874,0
train,34875,1
train,34876,7
train,34877,3
train,34878,4
train,34879,3
train,34880,5
train,34881,3
train,34882,0
train,34883,4
train,34884,5
train,34885,4
train,34886,0
train,34887,4
train,34888,5
train,34889,5
train,34890,6
train,34891,7
train,34892,1
train,34893,7
train,34894,1
train,34895,8
train,34896,1
train,34897,0
train,34898,0
train,34899,9
train,34900,8
train,34901,2
train,34902,3
train,34903,6
train,34904,2
train,34905,6
train,34906,0
train,34907,7
train,34908,3
train,34909,3
train,34910,9
train,34911,3
train,34912,4
train,34913,6
train,34914,6
train,34915,5
train,34916,3
train,34917,6
train,34918,2
train,34919,8
train,34920,8
train,34921,4
train,34922,8
train,34923,4
train,34924,2
train,34925,5
train,34926,7
train,34927,3
train,34928,2
train,34929,7
train,34930,1
train,34931,3
train,34932,3
train,34933,7
train,34934,0
train,34935,8
train,34936,6
train,34937,6
train,34938,2
train,34939,6
train,34940,0
train,34941,0
train,34942,8
train,34943,1
train,34944,9
train,34945,1
train,34946,4
train,34947,7
train,34948,2
train,34949,8
train,34950,6
train,34951,6
train,34952,2
train,34953,8
train,34954,7
train,34955,2
train,34956,0
train,34957,0
train,34958,1
train,34959,7
train,34960,9
train,34961,5
train,34962,8
train,34963,9
train,34964,3
train,34965,9
train,34966,0
train,34967,9
train,34968,5
train,34969,9
train,34970,9
train,34971,8
train,34972,7
train,34973,7
train,34974,8
train,34975,6
train,34976,6
train,34977,8
train,34978,5
train,34979,1
train,34980,0
train,34981,5
train,34982,8
train,34983,9
train,34984,4
train,34985,0
train,34986,7
train,34987,3
train,34988,1
train,34989,2
train,34990,3
train,34991,9
train,34992,6
train,34993,9
train,34994,8
train,34995,8
train,34996,7
train,34997,1
train,34998,4
train,34999,3
train,35000,2
train,35001,0
train,35002,3
train,35003,0
train,35004,0
train,35005,8
train,35006,7
train,35007,5
train,35008,3
train,35009,3
train,35010,0
train,35011,6
train,35012,2
train,35013,8
train,35014,9
train,35015,2
train,35016,4
train,35017,8
train,35018,0
train,35019,2
train,35020,9
train,35021,0
train,35022,8
train,35023,3
train,35024,9
train,35025,9
train,35026,4
train,35027,7
train,35028,0
train,35029,7
train,35030,3
train,35031,3
train,35032,3
train,35033,6
train,35034,0
train,35035,4
train,35036,6
train,35037,2
train,35038,0
train,35039,7
train,35040,3
train,35041,0
train,35042,9
train,35043,9
train,35044,8
train,35045,7
train,35046,4
train,35047,7
train,35048,7
train,35049,3
train,35050,5
train,35051,3
train,35052,2
train,35053,2
train,35054,1
train,35055,6
train,35056,3
train,35057,0
train,35058,5
train,35059,5
train,35060,5
train,35061,9
train,35062,5
train,35063,0
train,35064,3
train,35065,7
train,35066,3
train,35067,7
train,35068,7
train,35069,4
train,35070,0
train,35071,3
train,35072,0
train,35073,4
train,35074,4
train,35075,9
train,35076,7
train,35077,0
train,35078,1
train,35079,0
train,35080,0
train,35081,0
train,35082,6
train,35083,4
train,35084,1
train,35085,2
train,35086,4
train,35087,8
train,35088,2
train,35089,5
train,35090,7
train,35091,9
train,35092,9
train,35093,8
train,35094,4
train,35095,5
train,35096,5
train,35097,6
train,35098,8
train,35099,0
train,35100,9
train,35101,7
train,35102,2
train,35103,2
train,35104,5
train,35105,8
train,35106,2
train,35107,3
train,35108,6
train,35109,3
train,35110,1
train,35111,9
train,35112,3
train,35113,6
train,35114,7
train,35115,0
train,35116,3
train,35117,8
train,35118,8
train,35119,2
train,35120,3
train,35121,1
train,35122,4
train,35123,3
train,35124,4
train,35125,2
train,35126,0
train,35127,7
train,35128,1
train,35129,4
train,35130,1
train,35131,7
train,35132,1
train,35133,8
train,35134,0
train,35135,7
train,35136,3
train,35137,2
train,35138,9
train,35139,0
train,35140,8
train,35141,1
train,35142,2
train,35143,7
train,35144,0
train,35145,0
train,35146,5
train,35147,8
train,35148,0
train,35149,5
train,35150,1
train,35151,0
train,35152,0
train,35153,6
train,35154,0
train,35155,1
train,35156,4
train,35157,0
train,35158,7
train,35159,2
train,35160,1
train,35161,1
train,35162,7
train,35163,6
train,35164,4
train,35165,4
train,35166,4
train,35167,8
train,35168,4
train,35169,5
train,35170,0
train,35171,4
train,35172,5
train,35173,5
train,35174,1
train,35175,4
train,35176,1
train,35177,4
train,35178,0
train,35179,8
train,35180,5
train,35181,5
train,35182,5
train,35183,8
train,35184,6
train,35185,2
train,35186,3
train,35187,7
train,35188,8
train,35189,4
train,35190,1
train,35191,9
train,35192,9
train,35193,7
train,35194,3
train,35195,3
train,35196,4
train,35197,3
train,35198,5
train,35199,9
train,35200,1
train,35201,5
train,35202,7
train,35203,6
train,35204,6
train,35205,0
train,35206,3
train,35207,8
train,35208,0
train,35209,5
train,35210,0
train,35211,2
train,35212,7
train,35213,4
train,35214,3
train,35215,2
train,35216,4
train,35217,8
train,35218,3
train,35219,2
train,35220,6
train,35221,7
train,35222,2
train,35223,8
train,35224,9
train,35225,8
train,35226,2
train,35227,2
train,35228,6
train,35229,6
train,35230,7
train,35231,6
train,35232,7
train,35233,8
train,35234,3
train,35235,4
train,35236,9
train,35237,8
train,35238,5
train,35239,1
train,35240,2
train,35241,8
train,35242,1
train,35243,5
train,35244,2
train,35245,2
train,35246,5
train,35247,7
train,35248,6
train,35249,7
train,35250,2
train,35251,0
train,35252,9
train,35253,5
train,35254,4
train,35255,6
train,35256,0
train,35257,1
train,35258,0
train,35259,0
train,35260,6
train,35261,3
train,35262,3
train,35263,7
train,35264,5
train,35265,4
train,35266,5
train,35267,5
train,35268,7
train,35269,2
train,35270,3
train,35271,5
train,35272,2
train,35273,6
train,35274,2
train,35275,1
train,35276,8
train,35277,1
train,35278,1
train,35279,6
train,35280,4
train,35281,1
train,35282,8
train,35283,7
train,35284,0
train,35285,2
train,35286,9
train,35287,8
train,35288,1
train,35289,5
train,35290,7
train,35291,2
train,35292,6
train,35293,1
train,35294,0
train,35295,9
train,35296,0
train,35297,6
train,35298,9
train,35299,8
train,35300,0
train,35301,1
train,35302,3
train,35303,1
train,35304,6
train,35305,4
train,35306,8
train,35307,2
train,35308,2
train,35309,1
train,35310,4
train,35311,7
train,35312,1
train,35313,7
train,35314,7
train,35315,8
train,35316,4
train,35317,9
train,35318,2
train,35319,7
train,35320,3
train,35321,2
train,35322,0
train,35323,8
train,35324,1
train,35325,1
train,35326,8
train,35327,9
train,35328,9
train,35329,9
train,35330,5
train,35331,8
train,35332,3
train,35333,6
train,35334,8
train,35335,7
train,35336,4
train,35337,8
train,35338,1
train,35339,5
train,35340,6
train,35341,8
train,35342,0
train,35343,8
train,35344,7
train,35345,1
train,35346,2
train,35347,3
train,35348,3
train,35349,1
train,35350,7
train,35351,9
train,35352,3
train,35353,7
train,35354,4
train,35355,0
train,35356,4
train,35357,8
train,35358,0
train,35359,5
train,35360,0
train,35361,3
train,35362,4
train,35363,2
train,35364,9
train,35365,8
train,35366,8
train,35367,3
train,35368,9
train,35369,1
train,35370,1
train,35371,6
train,35372,2
train,35373,7
train,35374,0
train,35375,3
train,35376,5
train,35377,3
train,35378,7
train,35379,5
train,35380,7
train,35381,7
train,35382,3
train,35383,0
train,35384,5
train,35385,5
train,35386,8
train,35387,3
train,35388,6
train,35389,9
train,35390,9
train,35391,5
train,35392,7
train,35393,5
train,35394,4
train,35395,8
train,35396,3
train,35397,2
train,35398,9
train,35399,8
train,35400,3
train,35401,6
train,35402,3
train,35403,2
train,35404,6
train,35405,2
train,35406,3
train,35407,6
train,35408,6
train,35409,8
train,35410,7
train,35411,1
train,35412,7
train,35413,3
train,35414,8
train,35415,2
train,35416,2
train,35417,0
train,35418,2
train,35419,1
train,35420,3
train,35421,0
train,35422,0
train,35423,9
train,35424,9
train,35425,3
train,35426,8
train,35427,4
train,35428,2
train,35429,1
train,35430,6
train,35431,2
train,35432,7
train,35433,8
train,35434,5
train,35435,5
train,35436,9
train,35437,3
train,35438,6
train,35439,3
train,35440,1
train,35441,6
train,35442,1
train,35443,9
train,35444,7
train,35445,5
train,35446,6
train,35447,5
train,35448,3
train,35449,8
train,35450,1
train,35451,2
train,35452,9
train,35453,5
train,35454,0
train,35455,8
train,35456,1
train,35457,0
train,35458,3
train,35459,9
train,35460,0
train,35461,7
train,35462,0
train,35463,0
train,35464,2
train,35465,5
train,35466,2
train,35467,3
train,35468,4
train,35469,0
train,35470,4
train,35471,0
train,35472,5
train,35473,6
train,35474,3
train,35475,8
train,35476,6
train,35477,4
train,35478,8
train,35479,7
train,35480,4
train,35481,0
train,35482,1
train,35483,1
train,35484,1
train,35485,2
train,35486,0
train,35487,8
train,35488,3
train,35489,0
train,35490,0
train,35491,9
train,35492,5
train,35493,8
train,35494,1
train,35495,9
train,35496,2
train,35497,0
train,35498,8
train,35499,4
train,35500,1
train,35501,7
train,35502,3
train,35503,3
train,35504,0
train,35505,0
train,35506,4
train,35507,0
train,35508,4
train,35509,2
train,35510,0
train,35511,6
train,35512,4
train,35513,5
train,35514,4
train,35515,4
train,35516,8
train,35517,1
train,35518,8
train,35519,2
train,35520,4
train,35521,4
train,35522,7
train,35523,2
train,35524,2
train,35525,9
train,35526,1
train,35527,1
train,35528,7
train,35529,0
train,35530,7
train,35531,1
train,35532,2
train,35533,8
train,35534,9
train,35535,8
train,35536,1
train,35537,1
train,35538,9
train,35539,2
train,35540,5
train,35541,8
train,35542,0
train,35543,2
train,35544,1
train,35545,3
train,35546,5
train,35547,8
train,35548,9
train,35549,8
train,35550,8
train,35551,1
train,35552,8
train,35553,6
train,35554,8
train,35555,1
train,35556,7
train,35557,7
train,35558,4
train,35559,3
train,35560,2
train,35561,9
train,35562,4
train,35563,1
train,35564,2
train,35565,3
train,35566,7
train,35567,8
train,35568,9
train,35569,1
train,35570,6
train,35571,8
train,35572,8
train,35573,5
train,35574,5
train,35575,0
train,35576,2
train,35577,8
train,35578,6
train,35579,1
train,35580,9
train,35581,4
train,35582,5
train,35583,8
train,35584,5
train,35585,8
train,35586,6
train,35587,7
train,35588,8
train,35589,5
train,35590,3
train,35591,6
train,35592,3
train,35593,6
train,35594,6
train,35595,8
train,35596,1
train,35597,6
train,35598,1
train,35599,1
train,35600,0
train,35601,1
train,35602,7
train,35603,4
train,35604,7
train,35605,0
train,35606,0
train,35607,3
train,35608,5
train,35609,1
train,35610,8
train,35611,9
train,35612,6
train,35613,9
train,35614,1
train,35615,7
train,35616,5
train,35617,7
train,35618,8
train,35619,3
train,35620,8
train,35621,6
train,35622,0
train,35623,6
train,35624,8
train,35625,6
train,35626,1
train,35627,6
train,35628,2
train,35629,5
train,35630,0
train,35631,9
train,35632,6
train,35633,1
train,35634,4
train,35635,0
train,35636,9
train,35637,2
train,35638,6
train,35639,8
train,35640,1
train,35641,8
train,35642,8
train,35643,4
train,35644,5
train,35645,4
train,35646,0
train,35647,2
train,35648,0
train,35649,0
train,35650,3
train,35651,5
train,35652,3
train,35653,1
train,35654,7
train,35655,0
train,35656,2
train,35657,7
train,35658,3
train,35659,2
train,35660,7
train,35661,0
train,35662,4
train,35663,9
train,35664,9
train,35665,2
train,35666,9
train,35667,3
train,35668,6
train,35669,3
train,35670,0
train,35671,3
train,35672,8
train,35673,7
train,35674,3
train,35675,3
train,35676,6
train,35677,2
train,35678,5
train,35679,1
train,35680,8
train,35681,3
train,35682,0
train,35683,0
train,35684,9
train,35685,7
train,35686,3
train,35687,7
train,35688,9
train,35689,8
train,35690,9
train,35691,4
train,35692,6
train,35693,7
train,35694,9
train,35695,2
train,35696,9
train,35697,9
train,35698,7
train,35699,1
train,35700,7
train,35701,3
train,35702,2
train,35703,8
train,35704,4
train,35705,2
train,35706,6
train,35707,9
train,35708,0
train,35709,4
train,35710,0
train,35711,9
train,35712,2
train,35713,1
train,35714,5
train,35715,2
train,35716,5
train,35717,8
train,35718,9
train,35719,2
train,35720,4
train,35721,5
train,35722,5
train,35723,8
train,35724,4
train,35725,2
train,35726,5
train,35727,1
train,35728,6
train,35729,1
train,35730,3
train,35731,6
train,35732,8
train,35733,4
train,35734,0
train,35735,2
train,35736,2
train,35737,8
train,35738,9
train,35739,3
train,35740,9
train,35741,3
train,35742,6
train,35743,2
train,35744,7
train,35745,6
train,35746,3
train,35747,7
train,35748,4
train,35749,3
train,35750,5
train,35751,5
train,35752,5
train,35753,8
train,35754,5
train,35755,0
train,35756,5
train,35757,9
train,35758,7
train,35759,9
train,35760,1
train,35761,5
train,35762,0
train,35763,1
train,35764,7
train,35765,6
train,35766,6
train,35767,0
train,35768,8
train,35769,5
train,35770,6
train,35771,5
train,35772,9
train,35773,5
train,35774,4
train,35775,1
train,35776,7
train,35777,3
train,35778,6
train,35779,3
train,35780,5
train,35781,8
train,35782,0
train,35783,4
train,35784,6
train,35785,6
train,35786,1
train,35787,0
train,35788,2
train,35789,7
train,35790,7
train,35791,8
train,35792,4
train,35793,1
train,35794,0
train,35795,9
train,35796,9
train,35797,2
train,35798,3
train,35799,6
train,35800,7
train,35801,2
train,35802,9
train,35803,8
train,35804,4
train,35805,5
train,35806,4
train,35807,5
train,35808,4
train,35809,8
train,35810,4
train,35811,0
train,35812,5
train,35813,4
train,35814,4
train,35815,2
train,35816,2
train,35817,0
train,35818,9
train,35819,9
train,35820,4
train,35821,0
train,35822,7
train,35823,8
train,35824,2
train,35825,1
train,35826,4
train,35827,6
train,35828,8
train,35829,9
train,35830,9
train,35831,1
train,35832,2
train,35833,4
train,35834,8
train,35835,4
train,35836,4
train,35837,1
train,35838,4
train,35839,0
train,35840,6
train,35841,2
train,35842,4
train,35843,6
train,35844,2
train,35845,6
train,35846,7
train,35847,4
train,35848,8
train,35849,6
train,35850,5
train,35851,2
train,35852,6
train,35853,4
train,35854,7
train,35855,9
train,35856,4
train,35857,7
train,35858,8
train,35859,6
train,35860,1
train,35861,3
train,35862,5
train,35863,8
train,35864,0
train,35865,8
train,35866,8
train,35867,6
train,35868,7
train,35869,7
train,35870,0
train,35871,1
train,35872,8
train,35873,1
train,35874,6
train,35875,8
train,35876,3
train,35877,6
train,35878,7
train,35879,0
train,35880,3
train,35881,9
train,35882,9
train,35883,1
train,35884,1
train,35885,6
train,35886,7
train,35887,0
train,35888,8
train,35889,8
train,35890,5
train,35891,3
train,35892,7
train,35893,9
train,35894,7
train,35895,8
train,35896,7
train,35897,4
train,35898,6
train,35899,2
train,35900,0
train,35901,5
train,35902,1
train,35903,2
train,35904,4
train,35905,0
train,35906,6
train,35907,3
train,35908,9
train,35909,0
train,35910,3
train,35911,1
train,35912,1
train,35913,8
train,35914,0
train,35915,9
train,35916,2
train,35917,7
train,35918,2
train,35919,9
train,35920,9
train,35921,1
train,35922,6
train,35923,2
train,35924,2
train,35925,9
train,35926,4
train,35927,0
train,35928,8
train,35929,2
train,35930,2
train,35931,3
train,35932,7
train,35933,4
train,35934,5
train,35935,9
train,35936,6
train,35937,3
train,35938,4
train,35939,3
train,35940,1
train,35941,5
train,35942,6
train,35943,5
train,35944,6
train,35945,0
train,35946,0
train,35947,1
train,35948,3
train,35949,7
train,35950,1
train,35951,8
train,35952,2
train,35953,0
train,35954,9
train,35955,0
train,35956,8
train,35957,4
train,35958,1
train,35959,6
train,35960,5
train,35961,5
train,35962,3
train,35963,8
train,35964,7
train,35965,4
train,35966,3
train,35967,5
train,35968,6
train,35969,2
train,35970,1
train,35971,0
train,35972,9
train,35973,7
train,35974,3
train,35975,6
train,35976,0
train,35977,5
train,35978,0
train,35979,6
train,35980,0
train,35981,4
train,35982,2
train,35983,4
train,35984,1
train,35985,6
train,35986,9
train,35987,8
train,35988,7
train,35989,7
train,35990,6
train,35991,7
train,35992,8
train,35993,6
train,35994,4
train,35995,5
train,35996,2
train,35997,8
train,35998,9
train,35999,6
train,36000,1
train,36001,0
train,36002,1
train,36003,2
train,36004,2
train,36005,1
train,36006,2
train,36007,5
train,36008,3
train,36009,5
train,36010,1
train,36011,9
train,36012,1
train,36013,3
train,36014,9
train,36015,2
train,36016,4
train,36017,8
train,36018,3
train,36019,9
train,36020,7
train,36021,1
train,36022,9
train,36023,7
train,36024,2
train,36025,1
train,36026,6
train,36027,6
train,36028,5
train,36029,2
train,36030,5
train,36031,4
train,36032,4
train,36033,3
train,36034,3
train,36035,4
train,36036,7
train,36037,1
train,36038,8
train,36039,1
train,36040,3
train,36041,9
train,36042,4
train,36043,2
train,36044,9
train,36045,7
train,36046,2
train,36047,0
train,36048,2
train,36049,4
train,36050,7
train,36051,6
train,36052,8
train,36053,0
train,36054,3
train,36055,4
train,36056,7
train,36057,1
train,36058,6
train,36059,6
train,36060,7
train,36061,2
train,36062,3
train,36063,1
train,36064,4
train,36065,6
train,36066,3
train,36067,5
train,36068,7
train,36069,5
train,36070,8
train,36071,6
train,36072,0
train,36073,8
train,36074,6
train,36075,1
train,36076,9
train,36077,4
train,36078,4
train,36079,6
train,36080,6
train,36081,4
train,36082,9
train,36083,1
train,36084,8
train,36085,6
train,36086,0
train,36087,0
train,36088,9
train,36089,4
train,36090,7
train,36091,2
train,36092,6
train,36093,7
train,36094,2
train,36095,7
train,36096,6
train,36097,9
train,36098,8
train,36099,6
train,36100,7
train,36101,7
train,36102,7
train,36103,7
train,36104,6
train,36105,9
train,36106,7
train,36107,9
train,36108,8
train,36109,0
train,36110,2
train,36111,2
train,36112,3
train,36113,7
train,36114,8
train,36115,7
train,36116,5
train,36117,9
train,36118,7
train,36119,5
train,36120,7
train,36121,3
train,36122,3
train,36123,6
train,36124,6
train,36125,6
train,36126,1
train,36127,9
train,36128,6
train,36129,8
train,36130,9
train,36131,5
train,36132,8
train,36133,8
train,36134,7
train,36135,7
train,36136,5
train,36137,2
train,36138,6
train,36139,3
train,36140,9
train,36141,5
train,36142,3
train,36143,7
train,36144,8
train,36145,1
train,36146,7
train,36147,7
train,36148,9
train,36149,1
train,36150,7
train,36151,0
train,36152,1
train,36153,4
train,36154,8
train,36155,7
train,36156,7
train,36157,7
train,36158,8
train,36159,9
train,36160,5
train,36161,7
train,36162,9
train,36163,0
train,36164,9
train,36165,8
train,36166,5
train,36167,0
train,36168,1
train,36169,8
train,36170,8
train,36171,3
train,36172,9
train,36173,9
train,36174,0
train,36175,4
train,36176,7
train,36177,3
train,36178,4
train,36179,7
train,36180,2
train,36181,1
train,36182,7
train,36183,6
train,36184,4
train,36185,1
train,36186,9
train,36187,1
train,36188,9
train,36189,8
train,36190,9
train,36191,9
train,36192,7
train,36193,8
train,36194,0
train,36195,2
train,36196,4
train,36197,4
train,36198,0
train,36199,4
train,36200,5
train,36201,7
train,36202,0
train,36203,4
train,36204,1
train,36205,9
train,36206,8
train,36207,8
train,36208,1
train,36209,5
train,36210,7
train,36211,0
train,36212,5
train,36213,6
train,36214,3
train,36215,9
train,36216,3
train,36217,0
train,36218,4
train,36219,7
train,36220,7
train,36221,8
train,36222,5
train,36223,2
train,36224,7
train,36225,5
train,36226,9
train,36227,5
train,36228,5
train,36229,2
train,36230,3
train,36231,2
train,36232,1
train,36233,4
train,36234,4
train,36235,4
train,36236,1
train,36237,0
train,36238,8
train,36239,8
train,36240,4
train,36241,9
train,36242,3
train,36243,1
train,36244,8
train,36245,2
train,36246,0
train,36247,6
train,36248,0
train,36249,2
train,36250,7
train,36251,7
train,36252,4
train,36253,0
train,36254,4
train,36255,9
train,36256,0
train,36257,7
train,36258,5
train,36259,8
train,36260,2
train,36261,0
train,36262,2
train,36263,8
train,36264,1
train,36265,3
train,36266,6
train,36267,6
train,36268,1
train,36269,2
train,36270,8
train,36271,4
train,36272,5
train,36273,3
train,36274,5
train,36275,0
train,36276,2
train,36277,1
train,36278,4
train,36279,8
train,36280,0
train,36281,4
train,36282,4
train,36283,0
train,36284,2
train,36285,8
train,36286,9
train,36287,6
train,36288,3
train,36289,3
train,36290,5
train,36291,1
train,36292,0
train,36293,7
train,36294,4
train,36295,7
train,36296,8
train,36297,6
train,36298,8
train,36299,7
train,36300,0
train,36301,6
train,36302,0
train,36303,8
train,36304,7
train,36305,4
train,36306,4
train,36307,9
train,36308,2
train,36309,7
train,36310,6
train,36311,4
train,36312,4
train,36313,1
train,36314,6
train,36315,3
train,36316,9
train,36317,4
train,36318,2
train,36319,0
train,36320,4
train,36321,0
train,36322,2
train,36323,6
train,36324,7
train,36325,7
train,36326,1
train,36327,0
train,36328,6
train,36329,1
train,36330,4
train,36331,0
train,36332,1
train,36333,0
train,36334,5
train,36335,4
train,36336,4
train,36337,2
train,36338,3
train,36339,7
train,36340,3
train,36341,6
train,36342,7
train,36343,3
train,36344,3
train,36345,9
train,36346,7
train,36347,7
train,36348,3
train,36349,5
train,36350,8
train,36351,3
train,36352,3
train,36353,2
train,36354,2
train,36355,1
train,36356,8
train,36357,9
train,36358,0
train,36359,6
train,36360,3
train,36361,1
train,36362,5
train,36363,2
train,36364,1
train,36365,1
train,36366,2
train,36367,1
train,36368,5
train,36369,6
train,36370,8
train,36371,1
train,36372,9
train,36373,4
train,36374,8
train,36375,8
train,36376,8
train,36377,2
train,36378,9
train,36379,3
train,36380,8
train,36381,1
train,36382,9
train,36383,5
train,36384,7
train,36385,8
train,36386,0
train,36387,6
train,36388,2
train,36389,5
train,36390,8
train,36391,7
train,36392,0
train,36393,2
train,36394,1
train,36395,0
train,36396,3
train,36397,8
train,36398,8
train,36399,6
train,36400,6
train,36401,4
train,36402,0
train,36403,1
train,36404,0
train,36405,1
train,36406,3
train,36407,5
train,36408,4
train,36409,0
train,36410,9
train,36411,8
train,36412,8
train,36413,5
train,36414,9
train,36415,9
train,36416,6
train,36417,7
train,36418,9
train,36419,2
train,36420,8
train,36421,1
train,36422,3
train,36423,8
train,36424,6
train,36425,9
train,36426,5
train,36427,3
train,36428,3
train,36429,9
train,36430,7
train,36431,9
train,36432,7
train,36433,3
train,36434,9
train,36435,6
train,36436,2
train,36437,4
train,36438,6
train,36439,9
train,36440,8
train,36441,8
train,36442,9
train,36443,7
train,36444,1
train,36445,7
train,36446,3
train,36447,4
train,36448,8
train,36449,7
train,36450,2
train,36451,5
train,36452,0
train,36453,2
train,36454,2
train,36455,9
train,36456,1
train,36457,0
train,36458,0
train,36459,3
train,36460,8
train,36461,1
train,36462,9
train,36463,6
train,36464,6
train,36465,9
train,36466,3
train,36467,1
train,36468,7
train,36469,2
train,36470,7
train,36471,0
train,36472,9
train,36473,4
train,36474,4
train,36475,2
train,36476,8
train,36477,9
train,36478,5
train,36479,3
train,36480,0
train,36481,6
train,36482,2
train,36483,7
train,36484,0
train,36485,8
train,36486,2
train,36487,8
train,36488,2
train,36489,1
train,36490,1
train,36491,7
train,36492,4
train,36493,5
train,36494,3
train,36495,2
train,36496,6
train,36497,0
train,36498,1
train,36499,2
train,36500,7
train,36501,4
train,36502,8
train,36503,6
train,36504,3
train,36505,8
train,36506,0
train,36507,3
train,36508,6
train,36509,2
train,36510,9
train,36511,2
train,36512,3
train,36513,3
train,36514,8
train,36515,7
train,36516,0
train,36517,2
train,36518,8
train,36519,6
train,36520,1
train,36521,2
train,36522,4
train,36523,3
train,36524,6
train,36525,4
train,36526,0
train,36527,3
train,36528,6
train,36529,2
train,36530,1
train,36531,9
train,36532,7
train,36533,8
train,36534,2
train,36535,1
train,36536,8
train,36537,0
train,36538,1
train,36539,7
train,36540,0
train,36541,1
train,36542,2
train,36543,8
train,36544,1
train,36545,7
train,36546,9
train,36547,9
train,36548,7
train,36549,6
train,36550,0
train,36551,6
train,36552,5
train,36553,0
train,36554,3
train,36555,8
train,36556,5
train,36557,5
train,36558,8
train,36559,6
train,36560,6
train,36561,5
train,36562,5
train,36563,8
train,36564,3
train,36565,2
train,36566,8
train,36567,3
train,36568,6
train,36569,6
train,36570,3
train,36571,0
train,36572,7
train,36573,8
train,36574,9
train,36575,8
train,36576,8
train,36577,4
train,36578,0
train,36579,5
train,36580,8
train,36581,4
train,36582,9
train,36583,1
train,36584,6
train,36585,5
train,36586,9
train,36587,6
train,36588,1
train,36589,2
train,36590,5
train,36591,8
train,36592,4
train,36593,5
train,36594,2
train,36595,4
train,36596,1
train,36597,7
train,36598,1
train,36599,1
train,36600,1
train,36601,3
train,36602,1
train,36603,2
train,36604,1
train,36605,5
train,36606,4
train,36607,4
train,36608,1
train,36609,9
train,36610,9
train,36611,2
train,36612,7
train,36613,6
train,36614,8
train,36615,7
train,36616,2
train,36617,7
train,36618,6
train,36619,7
train,36620,6
train,36621,3
train,36622,4
train,36623,0
train,36624,6
train,36625,0
train,36626,3
train,36627,3
train,36628,7
train,36629,9
train,36630,2
train,36631,9
train,36632,1
train,36633,4
train,36634,4
train,36635,5
train,36636,3
train,36637,4
train,36638,7
train,36639,5
train,36640,2
train,36641,9
train,36642,2
train,36643,9
train,36644,1
train,36645,7
train,36646,0
train,36647,8
train,36648,4
train,36649,6
train,36650,1
train,36651,6
train,36652,5
train,36653,6
train,36654,4
train,36655,3
train,36656,3
train,36657,7
train,36658,3
train,36659,3
train,36660,7
train,36661,8
train,36662,0
train,36663,4
train,36664,3
train,36665,6
train,36666,7
train,36667,6
train,36668,9
train,36669,0
train,36670,3
train,36671,5
train,36672,5
train,36673,0
train,36674,5
train,36675,5
train,36676,2
train,36677,2
train,36678,0
train,36679,4
train,36680,5
train,36681,1
train,36682,6
train,36683,3
train,36684,6
train,36685,2
train,36686,7
train,36687,8
train,36688,0
train,36689,2
train,36690,5
train,36691,8
train,36692,7
train,36693,2
train,36694,5
train,36695,6
train,36696,7
train,36697,8
train,36698,4
train,36699,9
train,36700,2
train,36701,9
train,36702,3
train,36703,7
train,36704,1
train,36705,4
train,36706,5
train,36707,7
train,36708,0
train,36709,0
train,36710,4
train,36711,4
train,36712,0
train,36713,0
train,36714,8
train,36715,5
train,36716,8
train,36717,3
train,36718,3
train,36719,5
train,36720,4
train,36721,0
train,36722,2
train,36723,7
train,36724,3
train,36725,3
train,36726,7
train,36727,5
train,36728,6
train,36729,7
train,36730,0
train,36731,1
train,36732,8
train,36733,2
train,36734,8
train,36735,7
train,36736,3
train,36737,7
train,36738,9
train,36739,4
train,36740,7
train,36741,9
train,36742,0
train,36743,5
train,36744,8
train,36745,6
train,36746,4
train,36747,4
train,36748,9
train,36749,6
train,36750,8
train,36751,6
train,36752,7
train,36753,0
train,36754,9
train,36755,1
train,36756,9
train,36757,4
train,36758,3
train,36759,6
train,36760,0
train,36761,6
train,36762,4
train,36763,3
train,36764,4
train,36765,6
train,36766,4
train,36767,7
train,36768,6
train,36769,3
train,36770,9
train,36771,6
train,36772,3
train,36773,5
train,36774,1
train,36775,5
train,36776,1
train,36777,5
train,36778,9
train,36779,0
train,36780,0
train,36781,1
train,36782,0
train,36783,6
train,36784,3
train,36785,3
train,36786,0
train,36787,1
train,36788,7
train,36789,6
train,36790,5
train,36791,4
train,36792,1
train,36793,6
train,36794,0
train,36795,2
train,36796,4
train,36797,7
train,36798,5
train,36799,5
train,36800,1
train,36801,4
train,36802,4
train,36803,8
train,36804,7
train,36805,6
train,36806,3
train,36807,6
train,36808,6
train,36809,9
train,36810,1
train,36811,9
train,36812,5
train,36813,1
train,36814,5
train,36815,7
train,36816,9
train,36817,1
train,36818,0
train,36819,0
train,36820,9
train,36821,2
train,36822,2
train,36823,4
train,36824,4
train,36825,2
train,36826,5
train,36827,2
train,36828,9
train,36829,6
train,36830,4
train,36831,0
train,36832,5
train,36833,4
train,36834,6
train,36835,2
train,36836,9
train,36837,9
train,36838,7
train,36839,9
train,36840,1
train,36841,2
train,36842,4
train,36843,9
train,36844,2
train,36845,0
train,36846,0
train,36847,8
train,36848,7
train,36849,4
train,36850,1
train,36851,1
train,36852,4
train,36853,0
train,36854,3
train,36855,5
train,36856,3
train,36857,8
train,36858,5
train,36859,9
train,36860,8
train,36861,0
train,36862,3
train,36863,3
train,36864,0
train,36865,6
train,36866,0
train,36867,7
train,36868,1
train,36869,2
train,36870,3
train,36871,0
train,36872,3
train,36873,4
train,36874,6
train,36875,1
train,36876,8
train,36877,4
train,36878,3
train,36879,8
train,36880,2
train,36881,9
train,36882,9
train,36883,2
train,36884,2
train,36885,2
train,36886,0
train,36887,0
train,36888,8
train,36889,6
train,36890,8
train,36891,2
train,36892,8
train,36893,5
train,36894,9
train,36895,5
train,36896,4
train,36897,2
train,36898,8
train,36899,5
train,36900,5
train,36901,2
train,36902,0
train,36903,1
train,36904,5
train,36905,2
train,36906,6
train,36907,1
train,36908,3
train,36909,3
train,36910,1
train,36911,5
train,36912,0
train,36913,8
train,36914,5
train,36915,8
train,36916,4
train,36917,5
train,36918,3
train,36919,5
train,36920,4
train,36921,9
train,36922,3
train,36923,2
train,36924,7
train,36925,8
train,36926,6
train,36927,6
train,36928,4
train,36929,6
train,36930,7
train,36931,8
train,36932,3
train,36933,6
train,36934,1
train,36935,4
train,36936,5
train,36937,1
train,36938,0
train,36939,5
train,36940,0
train,36941,5
train,36942,9
train,36943,9
train,36944,7
train,36945,3
train,36946,5
train,36947,6
train,36948,7
train,36949,6
train,36950,4
train,36951,4
train,36952,6
train,36953,0
train,36954,0
train,36955,8
train,36956,1
train,36957,3
train,36958,7
train,36959,1
train,36960,6
train,36961,2
train,36962,3
train,36963,3
train,36964,2
train,36965,8
train,36966,1
train,36967,7
train,36968,5
train,36969,1
train,36970,5
train,36971,9
train,36972,0
train,36973,9
train,36974,5
train,36975,5
train,36976,1
train,36977,2
train,36978,8
train,36979,8
train,36980,6
train,36981,8
train,36982,2
train,36983,9
train,36984,6
train,36985,2
train,36986,1
train,36987,8
train,36988,6
train,36989,3
train,36990,6
train,36991,4
train,36992,4
train,36993,4
train,36994,0
train,36995,5
train,36996,7
train,36997,7
train,36998,2
train,36999,1
train,37000,1
train,37001,2
train,37002,4
train,37003,2
train,37004,8
train,37005,0
train,37006,6
train,37007,0
train,37008,6
train,37009,6
train,37010,9
train,37011,7
train,37012,2
train,37013,3
train,37014,5
train,37015,5
train,37016,4
train,37017,9
train,37018,5
train,37019,2
train,37020,9
train,37021,7
train,37022,4
train,37023,1
train,37024,0
train,37025,2
train,37026,0
train,37027,7
train,37028,4
train,37029,6
train,37030,6
train,37031,6
train,37032,0
train,37033,9
train,37034,9
train,37035,5
train,37036,2
train,37037,5
train,37038,9
train,37039,5
train,37040,5
train,37041,3
train,37042,8
train,37043,8
train,37044,5
train,37045,5
train,37046,4
train,37047,6
train,37048,5
train,37049,2
train,37050,7
train,37051,8
train,37052,7
train,37053,3
train,37054,5
train,37055,1
train,37056,5
train,37057,0
train,37058,3
train,37059,7
train,37060,0
train,37061,4
train,37062,9
train,37063,0
train,37064,6
train,37065,1
train,37066,0
train,37067,7
train,37068,3
train,37069,8
train,37070,7
train,37071,0
train,37072,7
train,37073,2
train,37074,6
train,37075,7
train,37076,1
train,37077,4
train,37078,4
train,37079,8
train,37080,0
train,37081,0
train,37082,7
train,37083,5
train,37084,1
train,37085,9
train,37086,7
train,37087,9
train,37088,7
train,37089,4
train,37090,9
train,37091,8
train,37092,8
train,37093,3
train,37094,5
train,37095,0
train,37096,1
train,37097,4
train,37098,5
train,37099,6
train,37100,0
train,37101,2
train,37102,2
train,37103,0
train,37104,3
train,37105,3
train,37106,4
train,37107,3
train,37108,0
train,37109,1
train,37110,2
train,37111,7
train,37112,4
train,37113,8
train,37114,3
train,37115,0
train,37116,9
train,37117,2
train,37118,3
train,37119,9
train,37120,5
train,37121,5
train,37122,1
train,37123,0
train,37124,5
train,37125,3
train,37126,2
train,37127,2
train,37128,1
train,37129,3
train,37130,9
train,37131,7
train,37132,6
train,37133,1
train,37134,1
train,37135,0
train,37136,3
train,37137,5
train,37138,7
train,37139,0
train,37140,8
train,37141,5
train,37142,7
train,37143,7
train,37144,4
train,37145,6
train,37146,8
train,37147,7
train,37148,4
train,37149,7
train,37150,6
train,37151,4
train,37152,3
train,37153,0
train,37154,0
train,37155,6
train,37156,5
train,37157,4
train,37158,2
train,37159,7
train,37160,9
train,37161,8
train,37162,4
train,37163,3
train,37164,0
train,37165,2
train,37166,2
train,37167,0
train,37168,0
train,37169,6
train,37170,8
train,37171,5
train,37172,7
train,37173,8
train,37174,2
train,37175,9
train,37176,3
train,37177,0
train,37178,3
train,37179,0
train,37180,8
train,37181,3
train,37182,9
train,37183,4
train,37184,3
train,37185,1
train,37186,1
train,37187,5
train,37188,5
train,37189,1
train,37190,4
train,37191,6
train,37192,0
train,37193,9
train,37194,4
train,37195,4
train,37196,3
train,37197,6
train,37198,4
train,37199,9
train,37200,7
train,37201,5
train,37202,0
train,37203,0
train,37204,0
train,37205,4
train,37206,5
train,37207,2
train,37208,2
train,37209,5
train,37210,2
train,37211,6
train,37212,7
train,37213,2
train,37214,9
train,37215,5
train,37216,3
train,37217,8
train,37218,5
train,37219,7
train,37220,7
train,37221,5
train,37222,8
train,37223,5
train,37224,5
train,37225,5
train,37226,5
train,37227,9
train,37228,2
train,37229,5
train,37230,3
train,37231,8
train,37232,8
train,37233,6
train,37234,4
train,37235,2
train,37236,8
train,37237,6
train,37238,9
train,37239,7
train,37240,7
train,37241,6
train,37242,1
train,37243,7
train,37244,0
train,37245,5
train,37246,1
train,37247,0
train,37248,4
train,37249,7
train,37250,3
train,37251,5
train,37252,1
train,37253,6
train,37254,6
train,37255,8
train,37256,3
train,37257,1
train,37258,2
train,37259,5
train,37260,1
train,37261,0
train,37262,4
train,37263,2
train,37264,2
train,37265,2
train,37266,4
train,37267,7
train,37268,1
train,37269,2
train,37270,7
train,37271,7
train,37272,4
train,37273,0
train,37274,4
train,37275,0
train,37276,9
train,37277,9
train,37278,9
train,37279,0
train,37280,9
train,37281,4
train,37282,9
train,37283,3
train,37284,2
train,37285,8
train,37286,8
train,37287,1
train,37288,7
train,37289,3
train,37290,8
train,37291,7
train,37292,2
train,37293,6
train,37294,0
train,37295,9
train,37296,7
train,37297,6
train,37298,2
train,37299,1
train,37300,2
train,37301,3
train,37302,1
train,37303,6
train,37304,5
train,37305,0
train,37306,6
train,37307,0
train,37308,2
train,37309,5
train,37310,1
train,37311,0
train,37312,0
train,37313,6
train,37314,7
train,37315,3
train,37316,1
train,37317,9
train,37318,6
train,37319,1
train,37320,4
train,37321,0
train,37322,3
train,37323,1
train,37324,7
train,37325,5
train,37326,3
train,37327,4
train,37328,7
train,37329,9
train,37330,4
train,37331,1
train,37332,7
train,37333,2
train,37334,3
train,37335,6
train,37336,8
train,37337,2
train,37338,4
train,37339,4
train,37340,7
train,37341,9
train,37342,0
train,37343,5
train,37344,4
train,37345,2
train,37346,6
train,37347,0
train,37348,2
train,37349,7
train,37350,0
train,37351,5
train,37352,0
train,37353,8
train,37354,4
train,37355,1
train,37356,7
train,37357,1
train,37358,0
train,37359,1
train,37360,8
train,37361,8
train,37362,6
train,37363,1
train,37364,6
train,37365,3
train,37366,9
train,37367,2
train,37368,5
train,37369,6
train,37370,7
train,37371,3
train,37372,0
train,37373,6
train,37374,1
train,37375,9
train,37376,4
train,37377,5
train,37378,5
train,37379,1
train,37380,6
train,37381,0
train,37382,9
train,37383,4
train,37384,5
train,37385,8
train,37386,0
train,37387,1
train,37388,2
train,37389,0
train,37390,9
train,37391,3
train,37392,6
train,37393,0
train,37394,0
train,37395,2
train,37396,8
train,37397,5
train,37398,7
train,37399,6
train,37400,5
train,37401,9
train,37402,3
train,37403,7
train,37404,8
train,37405,5
train,37406,1
train,37407,1
train,37408,6
train,37409,5
train,37410,9
train,37411,2
train,37412,8
train,37413,9
train,37414,6
train,37415,4
train,37416,6
train,37417,4
train,37418,5
train,37419,0
train,37420,3
train,37421,4
train,37422,0
train,37423,1
train,37424,8
train,37425,6
train,37426,3
train,37427,3
train,37428,5
train,37429,2
train,37430,4
train,37431,3
train,37432,2
train,37433,6
train,37434,9
train,37435,9
train,37436,6
train,37437,3
train,37438,9
train,37439,2
train,37440,7
train,37441,5
train,37442,4
train,37443,1
train,37444,7
train,37445,5
train,37446,9
train,37447,8
train,37448,3
train,37449,8
train,37450,4
train,37451,0
train,37452,3
train,37453,5
train,37454,2
train,37455,3
train,37456,8
train,37457,0
train,37458,6
train,37459,4
train,37460,7
train,37461,4
train,37462,1
train,37463,2
train,37464,4
train,37465,3
train,37466,9
train,37467,1
train,37468,8
train,37469,5
train,37470,3
train,37471,8
train,37472,0
train,37473,8
train,37474,6
train,37475,1
train,37476,0
train,37477,4
train,37478,3
train,37479,6
train,37480,2
train,37481,5
train,37482,7
train,37483,4
train,37484,5
train,37485,9
train,37486,6
train,37487,6
train,37488,9
train,37489,2
train,37490,3
train,37491,2
train,37492,1
train,37493,3
train,37494,4
train,37495,7
train,37496,9
train,37497,4
train,37498,6
train,37499,8
train,37500,0
train,37501,5
train,37502,5
train,37503,4
train,37504,6
train,37505,7
train,37506,2
train,37507,4
train,37508,7
train,37509,7
train,37510,6
train,37511,0
train,37512,7
train,37513,4
train,37514,5
train,37515,9
train,37516,3
train,37517,1
train,37518,0
train,37519,9
train,37520,6
train,37521,1
train,37522,2
train,37523,8
train,37524,4
train,37525,8
train,37526,4
train,37527,5
train,37528,0
train,37529,7
train,37530,8
train,37531,5
train,37532,9
train,37533,6
train,37534,2
train,37535,7
train,37536,4
train,37537,1
train,37538,3
train,37539,3
train,37540,0
train,37541,2
train,37542,7
train,37543,8
train,37544,3
train,37545,3
train,37546,1
train,37547,6
train,37548,9
train,37549,5
train,37550,2
train,37551,3
train,37552,7
train,37553,0
train,37554,2
train,37555,9
train,37556,4
train,37557,1
train,37558,3
train,37559,9
train,37560,0
train,37561,8
train,37562,9
train,37563,5
train,37564,5
train,37565,1
train,37566,3
train,37567,2
train,37568,0
train,37569,3
train,37570,6
train,37571,6
train,37572,5
train,37573,1
train,37574,5
train,37575,1
train,37576,3
train,37577,8
train,37578,4
train,37579,3
train,37580,8
train,37581,6
train,37582,1
train,37583,3
train,37584,4
train,37585,5
train,37586,4
train,37587,8
train,37588,0
train,37589,5
train,37590,6
train,37591,4
train,37592,4
train,37593,4
train,37594,0
train,37595,4
train,37596,1
train,37597,9
train,37598,2
train,37599,0
train,37600,7
train,37601,5
train,37602,9
train,37603,1
train,37604,7
train,37605,6
train,37606,5
train,37607,5
train,37608,7
train,37609,9
train,37610,4
train,37611,0
train,37612,1
train,37613,4
train,37614,6
train,37615,3
train,37616,6
train,37617,0
train,37618,2
train,37619,4
train,37620,0
train,37621,6
train,37622,0
train,37623,6
train,37624,8
train,37625,7
train,37626,8
train,37627,9
train,37628,7
train,37629,4
train,37630,0
train,37631,8
train,37632,5
train,37633,6
train,37634,1
train,37635,2
train,37636,1
train,37637,1
train,37638,7
train,37639,2
train,37640,8
train,37641,0
train,37642,4
train,37643,6
train,37644,1
train,37645,4
train,37646,8
train,37647,7
train,37648,3
train,37649,3
train,37650,3
train,37651,8
train,37652,7
train,37653,2
train,37654,1
train,37655,4
train,37656,1
train,37657,1
train,37658,7
train,37659,3
train,37660,9
train,37661,8
train,37662,6
train,37663,6
train,37664,1
train,37665,7
train,37666,4
train,37667,7
train,37668,8
train,37669,1
train,37670,3
train,37671,1
train,37672,8
train,37673,8
train,37674,9
train,37675,5
train,37676,7
train,37677,0
train,37678,6
train,37679,1
train,37680,3
train,37681,4
train,37682,6
train,37683,0
train,37684,4
train,37685,5
train,37686,4
train,37687,1
train,37688,7
train,37689,5
train,37690,2
train,37691,5
train,37692,6
train,37693,7
train,37694,2
train,37695,7
train,37696,3
train,37697,7
train,37698,7
train,37699,7
train,37700,2
train,37701,0
train,37702,2
train,37703,3
train,37704,3
train,37705,7
train,37706,2
train,37707,2
train,37708,2
train,37709,4
train,37710,8
train,37711,7
train,37712,7
train,37713,9
train,37714,4
train,37715,7
train,37716,6
train,37717,6
train,37718,1
train,37719,9
train,37720,3
train,37721,4
train,37722,1
train,37723,4
train,37724,2
train,37725,8
train,37726,4
train,37727,2
train,37728,5
train,37729,9
train,37730,5
train,37731,3
train,37732,4
train,37733,6
train,37734,5
train,37735,7
train,37736,6
train,37737,1
train,37738,9
train,37739,3
train,37740,7
train,37741,4
train,37742,2
train,37743,2
train,37744,6
train,37745,1
train,37746,7
train,37747,6
train,37748,9
train,37749,4
train,37750,9
train,37751,4
train,37752,4
train,37753,3
train,37754,0
train,37755,3
train,37756,7
train,37757,7
train,37758,3
train,37759,3
train,37760,6
train,37761,4
train,37762,7
train,37763,6
train,37764,1
train,37765,2
train,37766,7
train,37767,3
train,37768,5
train,37769,6
train,37770,5
train,37771,8
train,37772,7
train,37773,3
train,37774,2
train,37775,1
train,37776,8
train,37777,7
train,37778,9
train,37779,0
train,37780,9
train,37781,4
train,37782,3
train,37783,2
train,37784,7
train,37785,3
train,37786,9
train,37787,3
train,37788,1
train,37789,9
train,37790,6
train,37791,4
train,37792,9
train,37793,6
train,37794,3
train,37795,5
train,37796,5
train,37797,1
train,37798,5
train,37799,1
train,37800,1
train,37801,8
train,37802,4
train,37803,2
train,37804,5
train,37805,5
train,37806,7
train,37807,2
train,37808,7
train,37809,8
train,37810,2
train,37811,9
train,37812,5
train,37813,0
train,37814,9
train,37815,4
train,37816,5
train,37817,4
train,37818,4
train,37819,5
train,37820,4
train,37821,9
train,37822,7
train,37823,9
train,37824,1
train,37825,5
train,37826,5
train,37827,6
train,37828,0
train,37829,3
train,37830,5
train,37831,0
train,37832,1
train,37833,0
train,37834,0
train,37835,7
train,37836,6
train,37837,0
train,37838,1
train,37839,6
train,37840,3
train,37841,1
train,37842,6
train,37843,1
train,37844,5
train,37845,4
train,37846,2
train,37847,5
train,37848,6
train,37849,5
train,37850,1
train,37851,6
train,37852,8
train,37853,3
train,37854,0
train,37855,7
train,37856,5
train,37857,8
train,37858,7
train,37859,0
train,37860,3
train,37861,5
train,37862,4
train,37863,6
train,37864,9
train,37865,7
train,37866,1
train,37867,4
train,37868,2
train,37869,2
train,37870,7
train,37871,5
train,37872,4
train,37873,7
train,37874,9
train,37875,9
train,37876,5
train,37877,4
train,37878,9
train,37879,1
train,37880,6
train,37881,0
train,37882,1
train,37883,3
train,37884,6
train,37885,0
train,37886,1
train,37887,4
train,37888,8
train,37889,2
train,37890,3
train,37891,2
train,37892,2
train,37893,8
train,37894,8
train,37895,8
train,37896,8
train,37897,5
train,37898,7
train,37899,2
train,37900,3
train,37901,0
train,37902,1
train,37903,5
train,37904,9
train,37905,1
train,37906,5
train,37907,2
train,37908,6
train,37909,9
train,37910,2
train,37911,4
train,37912,5
train,37913,7
train,37914,1
train,37915,8
train,37916,6
train,37917,0
train,37918,8
train,37919,7
train,37920,4
train,37921,0
train,37922,3
train,37923,7
train,37924,9
train,37925,4
train,37926,3
train,37927,0
train,37928,3
train,37929,1
train,37930,4
train,37931,9
train,37932,4
train,37933,6
train,37934,7
train,37935,1
train,37936,6
train,37937,6
train,37938,8
train,37939,1
train,37940,3
train,37941,6
train,37942,3
train,37943,8
train,37944,3
train,37945,9
train,37946,7
train,37947,7
train,37948,7
train,37949,6
train,37950,0
train,37951,7
train,37952,6
train,37953,2
train,37954,2
train,37955,4
train,37956,9
train,37957,3
train,37958,5
train,37959,3
train,37960,3
train,37961,5
train,37962,5
train,37963,6
train,37964,7
train,37965,1
train,37966,8
train,37967,0
train,37968,1
train,37969,7
train,37970,8
train,37971,5
train,37972,2
train,37973,7
train,37974,2
train,37975,9
train,37976,5
train,37977,9
train,37978,6
train,37979,7
train,37980,0
train,37981,9
train,37982,8
train,37983,0
train,37984,0
train,37985,2
train,37986,6
train,37987,3
train,37988,3
train,37989,0
train,37990,0
train,37991,8
train,37992,0
train,37993,7
train,37994,6
train,37995,6
train,37996,3
train,37997,8
train,37998,2
train,37999,6
train,38000,0
train,38001,7
train,38002,9
train,38003,0
train,38004,1
train,38005,5
train,38006,2
train,38007,8
train,38008,5
train,38009,7
train,38010,1
train,38011,8
train,38012,1
train,38013,7
train,38014,5
train,38015,0
train,38016,3
train,38017,5
train,38018,3
train,38019,5
train,38020,7
train,38021,9
train,38022,7
train,38023,4
train,38024,2
train,38025,7
train,38026,4
train,38027,8
train,38028,4
train,38029,5
train,38030,6
train,38031,8
train,38032,2
train,38033,4
train,38034,6
train,38035,0
train,38036,7
train,38037,8
train,38038,3
train,38039,7
train,38040,7
train,38041,3
train,38042,3
train,38043,5
train,38044,0
train,38045,2
train,38046,6
train,38047,3
train,38048,0
train,38049,7
train,38050,0
train,38051,6
train,38052,0
train,38053,5
train,38054,0
train,38055,2
train,38056,2
train,38057,9
train,38058,9
train,38059,6
train,38060,7
train,38061,8
train,38062,4
train,38063,2
train,38064,5
train,38065,3
train,38066,4
train,38067,8
train,38068,1
train,38069,9
train,38070,7
train,38071,0
train,38072,0
train,38073,1
train,38074,7
train,38075,5
train,38076,6
train,38077,3
train,38078,8
train,38079,8
train,38080,9
train,38081,2
train,38082,1
train,38083,7
train,38084,0
train,38085,6
train,38086,1
train,38087,6
train,38088,0
train,38089,6
train,38090,5
train,38091,2
train,38092,6
train,38093,5
train,38094,7
train,38095,0
train,38096,3
train,38097,1
train,38098,7
train,38099,7
train,38100,2
train,38101,3
train,38102,4
train,38103,2
train,38104,0
train,38105,0
train,38106,3
train,38107,0
train,38108,5
train,38109,2
train,38110,2
train,38111,1
train,38112,5
train,38113,4
train,38114,8
train,38115,6
train,38116,5
train,38117,6
train,38118,4
train,38119,7
train,38120,8
train,38121,9
train,38122,9
train,38123,9
train,38124,0
train,38125,1
train,38126,1
train,38127,1
train,38128,5
train,38129,8
train,38130,2
train,38131,6
train,38132,6
train,38133,5
train,38134,7
train,38135,8
train,38136,1
train,38137,0
train,38138,8
train,38139,8
train,38140,9
train,38141,9
train,38142,8
train,38143,6
train,38144,6
train,38145,7
train,38146,9
train,38147,6
train,38148,1
train,38149,1
train,38150,4
train,38151,0
train,38152,2
train,38153,5
train,38154,9
train,38155,6
train,38156,1
train,38157,6
train,38158,1
train,38159,9
train,38160,3
train,38161,8
train,38162,0
train,38163,6
train,38164,1
train,38165,2
train,38166,2
train,38167,4
train,38168,1
train,38169,0
train,38170,8
train,38171,4
train,38172,0
train,38173,0
train,38174,1
train,38175,6
train,38176,3
train,38177,4
train,38178,7
train,38179,6
train,38180,1
train,38181,2
train,38182,7
train,38183,7
train,38184,0
train,38185,3
train,38186,9
train,38187,2
train,38188,5
train,38189,8
train,38190,6
train,38191,0
train,38192,2
train,38193,4
train,38194,8
train,38195,3
train,38196,4
train,38197,2
train,38198,1
train,38199,5
train,38200,3
train,38201,1
train,38202,7
train,38203,1
train,38204,5
train,38205,8
train,38206,0
train,38207,3
train,38208,9
train,38209,6
train,38210,9
train,38211,6
train,38212,0
train,38213,6
train,38214,2
train,38215,7
train,38216,8
train,38217,3
train,38218,5
train,38219,7
train,38220,1
train,38221,0
train,38222,4
train,38223,4
train,38224,8
train,38225,5
train,38226,6
train,38227,6
train,38228,4
train,38229,6
train,38230,8
train,38231,0
train,38232,1
train,38233,1
train,38234,4
train,38235,8
train,38236,7
train,38237,6
train,38238,5
train,38239,7
train,38240,5
train,38241,4
train,38242,1
train,38243,2
train,38244,9
train,38245,7
train,38246,3
train,38247,6
train,38248,0
train,38249,5
train,38250,2
train,38251,6
train,38252,4
train,38253,0
train,38254,7
train,38255,5
train,38256,3
train,38257,0
train,38258,2
train,38259,6
train,38260,6
train,38261,8
train,38262,6
train,38263,4
train,38264,0
train,38265,7
train,38266,8
train,38267,0
train,38268,4
train,38269,1
train,38270,9
train,38271,3
train,38272,6
train,38273,4
train,38274,9
train,38275,4
train,38276,1
train,38277,5
train,38278,8
train,38279,3
train,38280,6
train,38281,2
train,38282,1
train,38283,0
train,38284,0
train,38285,4
train,38286,8
train,38287,7
train,38288,1
train,38289,8
train,38290,2
train,38291,9
train,38292,2
train,38293,9
train,38294,9
train,38295,5
train,38296,1
train,38297,2
train,38298,4
train,38299,4
train,38300,2
train,38301,7
train,38302,3
train,38303,5
train,38304,6
train,38305,0
train,38306,0
train,38307,4
train,38308,3
train,38309,6
train,38310,7
train,38311,5
train,38312,7
train,38313,1
train,38314,6
train,38315,3
train,38316,4
train,38317,4
train,38318,6
train,38319,6
train,38320,8
train,38321,0
train,38322,6
train,38323,8
train,38324,9
train,38325,1
train,38326,3
train,38327,8
train,38328,5
train,38329,6
train,38330,7
train,38331,2
train,38332,7
train,38333,9
train,38334,3
train,38335,6
train,38336,0
train,38337,5
train,38338,0
train,38339,6
train,38340,5
train,38341,0
train,38342,7
train,38343,7
train,38344,0
train,38345,6
train,38346,2
train,38347,0
train,38348,0
train,38349,2
train,38350,2
train,38351,9
train,38352,3
train,38353,6
train,38354,4
train,38355,8
train,38356,4
train,38357,1
train,38358,1
train,38359,4
train,38360,1
train,38361,4
train,38362,0
train,38363,1
train,38364,4
train,38365,7
train,38366,3
train,38367,4
train,38368,5
train,38369,5
train,38370,3
train,38371,8
train,38372,4
train,38373,8
train,38374,6
train,38375,3
train,38376,4
train,38377,0
train,38378,1
train,38379,9
train,38380,8
train,38381,6
train,38382,5
train,38383,5
train,38384,2
train,38385,7
train,38386,7
train,38387,0
train,38388,5
train,38389,2
train,38390,3
train,38391,6
train,38392,5
train,38393,9
train,38394,1
train,38395,1
train,38396,7
train,38397,3
train,38398,4
train,38399,7
train,38400,5
train,38401,2
train,38402,7
train,38403,3
train,38404,2
train,38405,1
train,38406,1
train,38407,3
train,38408,8
train,38409,1
train,38410,4
train,38411,0
train,38412,6
train,38413,7
train,38414,8
train,38415,1
train,38416,2
train,38417,4
train,38418,4
train,38419,9
train,38420,7
train,38421,7
train,38422,9
train,38423,4
train,38424,9
train,38425,2
train,38426,8
train,38427,5
train,38428,7
train,38429,8
train,38430,9
train,38431,4
train,38432,3
train,38433,3
train,38434,9
train,38435,4
train,38436,3
train,38437,0
train,38438,6
train,38439,0
train,38440,1
train,38441,9
train,38442,0
train,38443,8
train,38444,5
train,38445,8
train,38446,1
train,38447,4
train,38448,9
train,38449,6
train,38450,0
train,38451,0
train,38452,7
train,38453,2
train,38454,5
train,38455,6
train,38456,7
train,38457,9
train,38458,0
train,38459,8
train,38460,5
train,38461,9
train,38462,1
train,38463,3
train,38464,4
train,38465,9
train,38466,1
train,38467,7
train,38468,7
train,38469,6
train,38470,9
train,38471,6
train,38472,9
train,38473,7
train,38474,0
train,38475,6
train,38476,9
train,38477,7
train,38478,7
train,38479,0
train,38480,3
train,38481,2
train,38482,7
train,38483,7
train,38484,1
train,38485,3
train,38486,8
train,38487,0
train,38488,1
train,38489,5
train,38490,6
train,38491,4
train,38492,3
train,38493,1
train,38494,8
train,38495,7
train,38496,0
train,38497,0
train,38498,3
train,38499,3
train,38500,2
train,38501,7
train,38502,6
train,38503,6
train,38504,3
train,38505,7
train,38506,4
train,38507,2
train,38508,0
train,38509,6
train,38510,0
train,38511,5
train,38512,6
train,38513,1
train,38514,3
train,38515,3
train,38516,3
train,38517,9
train,38518,6
train,38519,9
train,38520,7
train,38521,2
train,38522,4
train,38523,6
train,38524,4
train,38525,8
train,38526,8
train,38527,6
train,38528,3
train,38529,9
train,38530,1
train,38531,7
train,38532,0
train,38533,6
train,38534,8
train,38535,0
train,38536,9
train,38537,7
train,38538,8
train,38539,8
train,38540,8
train,38541,1
train,38542,8
train,38543,0
train,38544,1
train,38545,0
train,38546,2
train,38547,1
train,38548,9
train,38549,6
train,38550,6
train,38551,6
train,38552,3
train,38553,6
train,38554,5
train,38555,9
train,38556,4
train,38557,0
train,38558,6
train,38559,6
train,38560,2
train,38561,3
train,38562,8
train,38563,3
train,38564,5
train,38565,3
train,38566,4
train,38567,9
train,38568,7
train,38569,1
train,38570,7
train,38571,7
train,38572,2
train,38573,1
train,38574,3
train,38575,4
train,38576,1
train,38577,4
train,38578,0
train,38579,7
train,38580,6
train,38581,2
train,38582,6
train,38583,3
train,38584,2
train,38585,8
train,38586,4
train,38587,4
train,38588,4
train,38589,4
train,38590,2
train,38591,0
train,38592,7
train,38593,9
train,38594,4
train,38595,9
train,38596,6
train,38597,5
train,38598,1
train,38599,0
train,38600,9
train,38601,7
train,38602,9
train,38603,6
train,38604,3
train,38605,5
train,38606,0
train,38607,3
train,38608,0
train,38609,3
train,38610,9
train,38611,3
train,38612,2
train,38613,3
train,38614,4
train,38615,8
train,38616,3
train,38617,9
train,38618,6
train,38619,2
train,38620,4
train,38621,3
train,38622,5
train,38623,7
train,38624,2
train,38625,7
train,38626,7
train,38627,5
train,38628,7
train,38629,3
train,38630,9
train,38631,4
train,38632,2
train,38633,8
train,38634,7
train,38635,9
train,38636,4
train,38637,3
train,38638,0
train,38639,1
train,38640,5
train,38641,8
train,38642,1
train,38643,5
train,38644,8
train,38645,7
train,38646,5
train,38647,4
train,38648,2
train,38649,9
train,38650,1
train,38651,0
train,38652,0
train,38653,9
train,38654,4
train,38655,3
train,38656,7
train,38657,6
train,38658,6
train,38659,9
train,38660,6
train,38661,3
train,38662,7
train,38663,5
train,38664,5
train,38665,1
train,38666,6
train,38667,7
train,38668,7
train,38669,5
train,38670,2
train,38671,2
train,38672,6
train,38673,4
train,38674,8
train,38675,8
train,38676,9
train,38677,0
train,38678,4
train,38679,6
train,38680,4
train,38681,8
train,38682,8
train,38683,8
train,38684,0
train,38685,7
train,38686,4
train,38687,5
train,38688,1
train,38689,6
train,38690,2
train,38691,8
train,38692,4
train,38693,0
train,38694,3
train,38695,7
train,38696,9
train,38697,6
train,38698,5
train,38699,3
train,38700,4
train,38701,4
train,38702,1
train,38703,8
train,38704,1
train,38705,0
train,38706,2
train,38707,7
train,38708,7
train,38709,4
train,38710,0
train,38711,0
train,38712,0
train,38713,2
train,38714,6
train,38715,9
train,38716,5
train,38717,7
train,38718,1
train,38719,9
train,38720,7
train,38721,1
train,38722,5
train,38723,6
train,38724,8
train,38725,1
train,38726,7
train,38727,8
train,38728,9
train,38729,5
train,38730,2
train,38731,2
train,38732,8
train,38733,5
train,38734,3
train,38735,3
train,38736,8
train,38737,5
train,38738,0
train,38739,3
train,38740,2
train,38741,7
train,38742,7
train,38743,5
train,38744,2
train,38745,3
train,38746,3
train,38747,9
train,38748,0
train,38749,9
train,38750,5
train,38751,1
train,38752,6
train,38753,2
train,38754,8
train,38755,9
train,38756,9
train,38757,4
train,38758,9
train,38759,0
train,38760,2
train,38761,0
train,38762,7
train,38763,1
train,38764,3
train,38765,4
train,38766,2
train,38767,6
train,38768,3
train,38769,3
train,38770,8
train,38771,2
train,38772,6
train,38773,0
train,38774,5
train,38775,1
train,38776,4
train,38777,8
train,38778,7
train,38779,1
train,38780,0
train,38781,4
train,38782,9
train,38783,2
train,38784,8
train,38785,9
train,38786,3
train,38787,7
train,38788,4
train,38789,7
train,38790,9
train,38791,4
train,38792,3
train,38793,6
train,38794,7
train,38795,4
train,38796,0
train,38797,6
train,38798,8
train,38799,2
train,38800,6
train,38801,5
train,38802,1
train,38803,4
train,38804,7
train,38805,8
train,38806,5
train,38807,7
train,38808,5
train,38809,8
train,38810,1
train,38811,6
train,38812,7
train,38813,3
train,38814,1
train,38815,6
train,38816,9
train,38817,4
train,38818,0
train,38819,2
train,38820,1
train,38821,1
train,38822,1
train,38823,5
train,38824,6
train,38825,1
train,38826,8
train,38827,9
train,38828,5
train,38829,3
train,38830,2
train,38831,1
train,38832,6
train,38833,6
train,38834,3
train,38835,9
train,38836,1
train,38837,8
train,38838,8
train,38839,1
train,38840,9
train,38841,7
train,38842,3
train,38843,4
train,38844,9
train,38845,9
train,38846,6
train,38847,7
train,38848,2
train,38849,1
train,38850,5
train,38851,3
train,38852,6
train,38853,9
train,38854,7
train,38855,7
train,38856,2
train,38857,0
train,38858,5
train,38859,0
train,38860,0
train,38861,5
train,38862,0
train,38863,9
train,38864,8
train,38865,3
train,38866,8
train,38867,5
train,38868,1
train,38869,5
train,38870,8
train,38871,6
train,38872,8
train,38873,6
train,38874,9
train,38875,8
train,38876,4
train,38877,2
train,38878,0
train,38879,7
train,38880,9
train,38881,1
train,38882,7
train,38883,6
train,38884,2
train,38885,2
train,38886,1
train,38887,8
train,38888,8
train,38889,7
train,38890,7
train,38891,6
train,38892,0
train,38893,3
train,38894,5
train,38895,9
train,38896,9
train,38897,7
train,38898,5
train,38899,8
train,38900,6
train,38901,0
train,38902,0
train,38903,5
train,38904,0
train,38905,0
train,38906,4
train,38907,4
train,38908,7
train,38909,4
train,38910,4
train,38911,3
train,38912,0
train,38913,5
train,38914,7
train,38915,8
train,38916,1
train,38917,7
train,38918,7
train,38919,7
train,38920,1
train,38921,7
train,38922,2
train,38923,6
train,38924,1
train,38925,4
train,38926,8
train,38927,6
train,38928,3
train,38929,1
train,38930,6
train,38931,6
train,38932,1
train,38933,4
train,38934,7
train,38935,8
train,38936,5
train,38937,3
train,38938,1
train,38939,9
train,38940,1
train,38941,4
train,38942,5
train,38943,2
train,38944,5
train,38945,3
train,38946,8
train,38947,3
train,38948,3
train,38949,0
train,38950,4
train,38951,4
train,38952,9
train,38953,2
train,38954,3
train,38955,7
train,38956,4
train,38957,3
train,38958,3
train,38959,0
train,38960,9
train,38961,2
train,38962,6
train,38963,4
train,38964,9
train,38965,3
train,38966,5
train,38967,9
train,38968,0
train,38969,2
train,38970,1
train,38971,5
train,38972,8
train,38973,0
train,38974,0
train,38975,1
train,38976,3
train,38977,3
train,38978,9
train,38979,4
train,38980,9
train,38981,8
train,38982,2
train,38983,4
train,38984,1
train,38985,9
train,38986,0
train,38987,1
train,38988,5
train,38989,5
train,38990,7
train,38991,8
train,38992,7
train,38993,2
train,38994,6
train,38995,4
train,38996,3
train,38997,2
train,38998,7
train,38999,1
train,39000,3
train,39001,3
train,39002,9
train,39003,5
train,39004,2
train,39005,0
train,39006,5
train,39007,3
train,39008,9
train,39009,3
train,39010,4
train,39011,3
train,39012,5
train,39013,6
train,39014,0
train,39015,6
train,39016,2
train,39017,0
train,39018,4
train,39019,6
train,39020,2
train,39021,7
train,39022,3
train,39023,0
train,39024,4
train,39025,8
train,39026,8
train,39027,0
train,39028,0
train,39029,1
train,39030,9
train,39031,1
train,39032,4
train,39033,0
train,39034,8
train,39035,0
train,39036,1
train,39037,3
train,39038,4
train,39039,9
train,39040,3
train,39041,1
train,39042,0
train,39043,9
train,39044,0
train,39045,0
train,39046,3
train,39047,3
train,39048,5
train,39049,3
train,39050,2
train,39051,1
train,39052,3
train,39053,7
train,39054,1
train,39055,0
train,39056,1
train,39057,5
train,39058,9
train,39059,0
train,39060,5
train,39061,0
train,39062,6
train,39063,2
train,39064,3
train,39065,5
train,39066,4
train,39067,0
train,39068,3
train,39069,7
train,39070,6
train,39071,1
train,39072,8
train,39073,1
train,39074,2
train,39075,1
train,39076,5
train,39077,3
train,39078,9
train,39079,0
train,39080,5
train,39081,7
train,39082,9
train,39083,3
train,39084,4
train,39085,6
train,39086,6
train,39087,7
train,39088,2
train,39089,9
train,39090,4
train,39091,7
train,39092,2
train,39093,2
train,39094,5
train,39095,0
train,39096,9
train,39097,1
train,39098,0
train,39099,3
train,39100,9
train,39101,6
train,39102,2
train,39103,8
train,39104,6
train,39105,9
train,39106,7
train,39107,7
train,39108,8
train,39109,7
train,39110,0
train,39111,8
train,39112,2
train,39113,8
train,39114,1
train,39115,1
train,39116,2
train,39117,1
train,39118,3
train,39119,2
train,39120,2
train,39121,9
train,39122,8
train,39123,7
train,39124,5
train,39125,9
train,39126,7
train,39127,2
train,39128,8
train,39129,5
train,39130,9
train,39131,3
train,39132,4
train,39133,5
train,39134,0
train,39135,6
train,39136,2
train,39137,8
train,39138,9
train,39139,4
train,39140,2
train,39141,1
train,39142,9
train,39143,5
train,39144,8
train,39145,8
train,39146,2
train,39147,6
train,39148,4
train,39149,3
train,39150,0
train,39151,4
train,39152,9
train,39153,6
train,39154,3
train,39155,9
train,39156,1
train,39157,6
train,39158,4
train,39159,4
train,39160,3
train,39161,0
train,39162,8
train,39163,1
train,39164,3
train,39165,2
train,39166,8
train,39167,6
train,39168,0
train,39169,7
train,39170,8
train,39171,1
train,39172,8
train,39173,7
train,39174,7
train,39175,0
train,39176,4
train,39177,3
train,39178,9
train,39179,9
train,39180,5
train,39181,0
train,39182,9
train,39183,8
train,39184,6
train,39185,1
train,39186,3
train,39187,1
train,39188,2
train,39189,6
train,39190,6
train,39191,2
train,39192,8
train,39193,2
train,39194,7
train,39195,2
train,39196,4
train,39197,2
train,39198,3
train,39199,7
train,39200,5
train,39201,0
train,39202,6
train,39203,3
train,39204,2
train,39205,1
train,39206,9
train,39207,0
train,39208,9
train,39209,7
train,39210,1
train,39211,4
train,39212,6
train,39213,1
train,39214,5
train,39215,8
train,39216,3
train,39217,2
train,39218,5
train,39219,4
train,39220,3
train,39221,5
train,39222,9
train,39223,1
train,39224,4
train,39225,3
train,39226,6
train,39227,7
train,39228,8
train,39229,0
train,39230,3
train,39231,5
train,39232,1
train,39233,9
train,39234,4
train,39235,0
train,39236,2
train,39237,7
train,39238,5
train,39239,0
train,39240,3
train,39241,5
train,39242,2
train,39243,5
train,39244,6
train,39245,9
train,39246,7
train,39247,0
train,39248,9
train,39249,9
train,39250,7
train,39251,7
train,39252,4
train,39253,5
train,39254,6
train,39255,4
train,39256,5
train,39257,1
train,39258,3
train,39259,7
train,39260,2
train,39261,0
train,39262,0
train,39263,0
train,39264,6
train,39265,0
train,39266,3
train,39267,0
train,39268,3
train,39269,8
train,39270,9
train,39271,0
train,39272,9
train,39273,8
train,39274,2
train,39275,2
train,39276,2
train,39277,5
train,39278,3
train,39279,2
train,39280,8
train,39281,0
train,39282,8
train,39283,4
train,39284,0
train,39285,1
train,39286,9
train,39287,1
train,39288,1
train,39289,6
train,39290,4
train,39291,6
train,39292,6
train,39293,8
train,39294,6
train,39295,3
train,39296,2
train,39297,0
train,39298,3
train,39299,8
train,39300,2
train,39301,3
train,39302,7
train,39303,3
train,39304,0
train,39305,5
train,39306,6
train,39307,8
train,39308,2
train,39309,0
train,39310,9
train,39311,8
train,39312,1
train,39313,3
train,39314,2
train,39315,9
train,39316,1
train,39317,7
train,39318,6
train,39319,8
train,39320,0
train,39321,8
train,39322,3
train,39323,5
train,39324,3
train,39325,2
train,39326,8
train,39327,6
train,39328,2
train,39329,4
train,39330,9
train,39331,7
train,39332,4
train,39333,8
train,39334,2
train,39335,9
train,39336,7
train,39337,4
train,39338,4
train,39339,0
train,39340,8
train,39341,4
train,39342,9
train,39343,9
train,39344,6
train,39345,6
train,39346,0
train,39347,2
train,39348,7
train,39349,0
train,39350,1
train,39351,0
train,39352,5
train,39353,3
train,39354,7
train,39355,9
train,39356,1
train,39357,3
train,39358,8
train,39359,6
train,39360,1
train,39361,3
train,39362,9
train,39363,0
train,39364,5
train,39365,4
train,39366,8
train,39367,7
train,39368,3
train,39369,9
train,39370,3
train,39371,5
train,39372,1
train,39373,7
train,39374,9
train,39375,0
train,39376,2
train,39377,3
train,39378,3
train,39379,6
train,39380,6
train,39381,0
train,39382,8
train,39383,0
train,39384,9
train,39385,1
train,39386,0
train,39387,4
train,39388,5
train,39389,0
train,39390,6
train,39391,2
train,39392,5
train,39393,3
train,39394,0
train,39395,3
train,39396,4
train,39397,1
train,39398,7
train,39399,1
train,39400,1
train,39401,8
train,39402,3
train,39403,0
train,39404,6
train,39405,7
train,39406,6
train,39407,8
train,39408,6
train,39409,4
train,39410,9
train,39411,0
train,39412,5
train,39413,5
train,39414,9
train,39415,8
train,39416,3
train,39417,1
train,39418,3
train,39419,3
train,39420,6
train,39421,8
train,39422,4
train,39423,1
train,39424,2
train,39425,4
train,39426,7
train,39427,4
train,39428,0
train,39429,4
train,39430,6
train,39431,0
train,39432,4
train,39433,8
train,39434,3
train,39435,8
train,39436,0
train,39437,3
train,39438,6
train,39439,1
train,39440,4
train,39441,1
train,39442,3
train,39443,9
train,39444,3
train,39445,3
train,39446,9
train,39447,1
train,39448,7
train,39449,6
train,39450,4
train,39451,9
train,39452,9
train,39453,8
train,39454,7
train,39455,7
train,39456,3
train,39457,1
train,39458,1
train,39459,0
train,39460,9
train,39461,4
train,39462,6
train,39463,5
train,39464,4
train,39465,4
train,39466,7
train,39467,9
train,39468,6
train,39469,8
train,39470,8
train,39471,1
train,39472,8
train,39473,7
train,39474,3
train,39475,7
train,39476,2
train,39477,1
train,39478,3
train,39479,5
train,39480,0
train,39481,3
train,39482,8
train,39483,2
train,39484,5
train,39485,9
train,39486,5
train,39487,9
train,39488,2
train,39489,1
train,39490,9
train,39491,2
train,39492,9
train,39493,9
train,39494,1
train,39495,8
train,39496,6
train,39497,2
train,39498,8
train,39499,7
train,39500,6
train,39501,2
train,39502,7
train,39503,9
train,39504,1
train,39505,8
train,39506,2
train,39507,4
train,39508,1
train,39509,1
train,39510,8
train,39511,5
train,39512,3
train,39513,9
train,39514,4
train,39515,5
train,39516,6
train,39517,7
train,39518,5
train,39519,3
train,39520,3
train,39521,7
train,39522,5
train,39523,1
train,39524,7
train,39525,5
train,39526,2
train,39527,0
train,39528,2
train,39529,4
train,39530,3
train,39531,7
train,39532,9
train,39533,1
train,39534,6
train,39535,9
train,39536,3
train,39537,2
train,39538,5
train,39539,9
train,39540,2
train,39541,9
train,39542,5
train,39543,5
train,39544,9
train,39545,3
train,39546,2
train,39547,7
train,39548,9
train,39549,5
train,39550,0
train,39551,7
train,39552,6
train,39553,5
train,39554,3
train,39555,6
train,39556,7
train,39557,3
train,39558,3
train,39559,7
train,39560,6
train,39561,1
train,39562,4
train,39563,9
train,39564,3
train,39565,8
train,39566,8
train,39567,7
train,39568,2
train,39569,4
train,39570,8
train,39571,3
train,39572,8
train,39573,4
train,39574,3
train,39575,3
train,39576,0
train,39577,4
train,39578,6
train,39579,8
train,39580,4
train,39581,0
train,39582,4
train,39583,2
train,39584,0
train,39585,5
train,39586,6
train,39587,2
train,39588,6
train,39589,1
train,39590,5
train,39591,7
train,39592,7
train,39593,2
train,39594,3
train,39595,9
train,39596,3
train,39597,2
train,39598,3
train,39599,8
train,39600,4
train,39601,7
train,39602,0
train,39603,0
train,39604,0
train,39605,1
train,39606,9
train,39607,0
train,39608,0
train,39609,5
train,39610,8
train,39611,0
train,39612,4
train,39613,9
train,39614,6
train,39615,8
train,39616,9
train,39617,1
train,39618,6
train,39619,3
train,39620,5
train,39621,8
train,39622,0
train,39623,4
train,39624,2
train,39625,9
train,39626,8
train,39627,6
train,39628,4
train,39629,1
train,39630,8
train,39631,0
train,39632,5
train,39633,0
train,39634,6
train,39635,7
train,39636,4
train,39637,2
train,39638,2
train,39639,6
train,39640,2
train,39641,8
train,39642,5
train,39643,2
train,39644,7
train,39645,3
train,39646,6
train,39647,4
train,39648,4
train,39649,6
train,39650,4
train,39651,1
train,39652,3
train,39653,2
train,39654,3
train,39655,6
train,39656,5
train,39657,5
train,39658,4
train,39659,0
train,39660,5
train,39661,5
train,39662,9
train,39663,9
train,39664,5
train,39665,6
train,39666,1
train,39667,7
train,39668,5
train,39669,2
train,39670,4
train,39671,2
train,39672,9
train,39673,3
train,39674,4
train,39675,3
train,39676,4
train,39677,9
train,39678,6
train,39679,5
train,39680,6
train,39681,5
train,39682,3
train,39683,4
train,39684,0
train,39685,4
train,39686,0
train,39687,9
train,39688,4
train,39689,4
train,39690,9
train,39691,5
train,39692,8
train,39693,1
train,39694,5
train,39695,8
train,39696,0
train,39697,6
train,39698,6
train,39699,3
train,39700,3
train,39701,2
train,39702,9
train,39703,2
train,39704,0
train,39705,3
train,39706,4
train,39707,5
train,39708,9
train,39709,9
train,39710,0
train,39711,0
train,39712,2
train,39713,8
train,39714,4
train,39715,7
train,39716,8
train,39717,4
train,39718,7
train,39719,4
train,39720,3
train,39721,8
train,39722,0
train,39723,6
train,39724,1
train,39725,9
train,39726,1
train,39727,8
train,39728,7
train,39729,6
train,39730,0
train,39731,6
train,39732,2
train,39733,2
train,39734,3
train,39735,8
train,39736,6
train,39737,9
train,39738,1
train,39739,2
train,39740,9
train,39741,1
train,39742,2
train,39743,4
train,39744,2
train,39745,7
train,39746,2
train,39747,9
train,39748,1
train,39749,2
train,39750,5
train,39751,5
train,39752,3
train,39753,5
train,39754,3
train,39755,2
train,39756,7
train,39757,0
train,39758,7
train,39759,8
train,39760,0
train,39761,3
train,39762,1
train,39763,2
train,39764,8
train,39765,0
train,39766,2
train,39767,5
train,39768,1
train,39769,6
train,39770,0
train,39771,3
train,39772,5
train,39773,0
train,39774,0
train,39775,6
train,39776,6
train,39777,6
train,39778,3
train,39779,8
train,39780,5
train,39781,4
train,39782,8
train,39783,2
train,39784,1
train,39785,2
train,39786,8
train,39787,6
train,39788,3
train,39789,5
train,39790,7
train,39791,5
train,39792,5
train,39793,1
train,39794,8
train,39795,9
train,39796,3
train,39797,8
train,39798,7
train,39799,1
train,39800,3
train,39801,2
train,39802,8
train,39803,4
train,39804,8
train,39805,1
train,39806,9
train,39807,7
train,39808,8
train,39809,7
train,39810,2
train,39811,2
train,39812,9
train,39813,4
train,39814,1
train,39815,1
train,39816,1
train,39817,9
train,39818,5
train,39819,6
train,39820,3
train,39821,1
train,39822,0
train,39823,1
train,39824,4
train,39825,6
train,39826,0
train,39827,3
train,39828,4
train,39829,0
train,39830,7
train,39831,2
train,39832,7
train,39833,6
train,39834,9
train,39835,6
train,39836,4
train,39837,3
train,39838,6
train,39839,3
train,39840,1
train,39841,5
train,39842,6
train,39843,9
train,39844,3
train,39845,5
train,39846,4
train,39847,3
train,39848,1
train,39849,7
train,39850,6
train,39851,1
train,39852,6
train,39853,2
train,39854,1
train,39855,4
train,39856,0
train,39857,3
train,39858,2
train,39859,6
train,39860,4
train,39861,4
train,39862,5
train,39863,0
train,39864,9
train,39865,4
train,39866,6
train,39867,1
train,39868,6
train,39869,1
train,39870,1
train,39871,7
train,39872,3
train,39873,3
train,39874,4
train,39875,4
train,39876,0
train,39877,8
train,39878,6
train,39879,4
train,39880,3
train,39881,1
train,39882,5
train,39883,2
train,39884,3
train,39885,3
train,39886,2
train,39887,2
train,39888,9
train,39889,8
train,39890,2
train,39891,3
train,39892,2
train,39893,2
train,39894,7
train,39895,4
train,39896,3
train,39897,4
train,39898,4
train,39899,4
train,39900,3
train,39901,1
train,39902,3
train,39903,9
train,39904,1
train,39905,2
train,39906,5
train,39907,2
train,39908,5
train,39909,3
train,39910,0
train,39911,5
train,39912,4
train,39913,1
train,39914,0
train,39915,7
train,39916,6
train,39917,7
train,39918,0
train,39919,6
train,39920,8
train,39921,5
train,39922,8
train,39923,6
train,39924,9
train,39925,1
train,39926,9
train,39927,1
train,39928,5
train,39929,1
train,39930,5
train,39931,1
train,39932,4
train,39933,4
train,39934,6
train,39935,5
train,39936,4
train,39937,9
train,39938,4
train,39939,5
train,39940,1
train,39941,0
train,39942,2
train,39943,7
train,39944,7
train,39945,4
train,39946,0
train,39947,6
train,39948,5
train,39949,0
train,39950,2
train,39951,9
train,39952,6
train,39953,1
train,39954,4
train,39955,2
train,39956,3
train,39957,9
train,39958,3
train,39959,3
train,39960,0
train,39961,2
train,39962,4
train,39963,4
train,39964,3
train,39965,4
train,39966,0
train,39967,6
train,39968,9
train,39969,3
train,39970,9
train,39971,8
train,39972,1
train,39973,9
train,39974,5
train,39975,9
train,39976,3
train,39977,0
train,39978,1
train,39979,9
train,39980,9
train,39981,9
train,39982,9
train,39983,6
train,39984,6
train,39985,5
train,39986,5
train,39987,6
train,39988,9
train,39989,0
train,39990,5
train,39991,3
train,39992,0
train,39993,7
train,39994,3
train,39995,3
train,39996,4
train,39997,3
train,39998,0
train,39999,5
train,40000,8
train,40001,4
train,40002,1
train,40003,9
train,40004,6
train,40005,8
train,40006,0
train,40007,5
train,40008,4
train,40009,9
train,40010,2
train,40011,4
train,40012,0
train,40013,4
train,40014,0
train,40015,2
train,40016,3
train,40017,0
train,40018,3
train,40019,2
train,40020,0
train,40021,9
train,40022,5
train,40023,6
train,40024,0
train,40025,5
train,40026,6
train,40027,0
train,40028,9
train,40029,9
train,40030,5
train,40031,0
train,40032,0
train,40033,0
train,40034,2
train,40035,0
train,40036,1
train,40037,4
train,40038,9
train,40039,7
train,40040,6
train,40041,2
train,40042,8
train,40043,9
train,40044,5
train,40045,9
train,40046,3
train,40047,4
train,40048,0
train,40049,9
train,40050,4
train,40051,2
train,40052,3
train,40053,5
train,40054,0
train,40055,2
train,40056,7
train,40057,2
train,40058,8
train,40059,8
train,40060,2
train,40061,3
train,40062,2
train,40063,4
train,40064,8
train,40065,0
train,40066,6
train,40067,5
train,40068,6
train,40069,7
train,40070,4
train,40071,1
train,40072,6
train,40073,4
train,40074,2
train,40075,6
train,40076,2
train,40077,7
train,40078,7
train,40079,6
train,40080,5
train,40081,1
train,40082,8
train,40083,2
train,40084,6
train,40085,5
train,40086,5
train,40087,7
train,40088,3
train,40089,0
train,40090,9
train,40091,7
train,40092,2
train,40093,8
train,40094,0
train,40095,9
train,40096,7
train,40097,9
train,40098,4
train,40099,6
train,40100,9
train,40101,5
train,40102,3
train,40103,9
train,40104,5
train,40105,1
train,40106,9
train,40107,3
train,40108,9
train,40109,3
train,40110,9
train,40111,1
train,40112,9
train,40113,3
train,40114,8
train,40115,9
train,40116,5
train,40117,8
train,40118,5
train,40119,2
train,40120,7
train,40121,8
train,40122,9
train,40123,5
train,40124,1
train,40125,8
train,40126,0
train,40127,7
train,40128,9
train,40129,5
train,40130,4
train,40131,4
train,40132,8
train,40133,6
train,40134,5
train,40135,3
train,40136,8
train,40137,9
train,40138,0
train,40139,1
train,40140,8
train,40141,4
train,40142,6
train,40143,8
train,40144,1
train,40145,8
train,40146,7
train,40147,4
train,40148,1
train,40149,9
train,40150,1
train,40151,9
train,40152,1
train,40153,9
train,40154,8
train,40155,8
train,40156,3
train,40157,4
train,40158,6
train,40159,1
train,40160,3
train,40161,7
train,40162,7
train,40163,2
train,40164,5
train,40165,7
train,40166,7
train,40167,6
train,40168,5
train,40169,3
train,40170,1
train,40171,7
train,40172,7
train,40173,5
train,40174,3
train,40175,4
train,40176,7
train,40177,3
train,40178,2
train,40179,8
train,40180,8
train,40181,8
train,40182,3
train,40183,7
train,40184,2
train,40185,3
train,40186,0
train,40187,3
train,40188,0
train,40189,5
train,40190,7
train,40191,5
train,40192,4
train,40193,1
train,40194,6
train,40195,2
train,40196,3
train,40197,0
train,40198,5
train,40199,4
train,40200,7
train,40201,7
train,40202,6
train,40203,3
train,40204,3
train,40205,0
train,40206,3
train,40207,8
train,40208,9
train,40209,7
train,40210,2
train,40211,2
train,40212,4
train,40213,7
train,40214,0
train,40215,6
train,40216,4
train,40217,0
train,40218,6
train,40219,9
train,40220,1
train,40221,8
train,40222,0
train,40223,6
train,40224,5
train,40225,7
train,40226,2
train,40227,8
train,40228,9
train,40229,7
train,40230,7
train,40231,6
train,40232,5
train,40233,7
train,40234,1
train,40235,1
train,40236,7
train,40237,6
train,40238,7
train,40239,9
train,40240,2
train,40241,2
train,40242,7
train,40243,0
train,40244,7
train,40245,6
train,40246,1
train,40247,2
train,40248,7
train,40249,0
train,40250,1
train,40251,6
train,40252,5
train,40253,8
train,40254,9
train,40255,0
train,40256,7
train,40257,9
train,40258,9
train,40259,0
train,40260,6
train,40261,8
train,40262,4
train,40263,6
train,40264,2
train,40265,1
train,40266,7
train,40267,6
train,40268,4
train,40269,6
train,40270,4
train,40271,2
train,40272,0
train,40273,5
train,40274,0
train,40275,4
train,40276,7
train,40277,2
train,40278,4
train,40279,3
train,40280,1
train,40281,4
train,40282,1
train,40283,1
train,40284,1
train,40285,5
train,40286,8
train,40287,0
train,40288,0
train,40289,9
train,40290,1
train,40291,1
train,40292,3
train,40293,6
train,40294,1
train,40295,7
train,40296,6
train,40297,3
train,40298,6
train,40299,4
train,40300,7
train,40301,9
train,40302,5
train,40303,0
train,40304,2
train,40305,7
train,40306,3
train,40307,3
train,40308,3
train,40309,5
train,40310,3
train,40311,7
train,40312,1
train,40313,3
train,40314,8
train,40315,9
train,40316,5
train,40317,3
train,40318,9
train,40319,6
train,40320,8
train,40321,8
train,40322,6
train,40323,1
train,40324,6
train,40325,5
train,40326,5
train,40327,0
train,40328,8
train,40329,9
train,40330,0
train,40331,0
train,40332,7
train,40333,7
train,40334,3
train,40335,7
train,40336,2
train,40337,5
train,40338,1
train,40339,6
train,40340,4
train,40341,2
train,40342,4
train,40343,1
train,40344,3
train,40345,7
train,40346,0
train,40347,5
train,40348,8
train,40349,8
train,40350,7
train,40351,0
train,40352,4
train,40353,3
train,40354,1
train,40355,0
train,40356,0
train,40357,0
train,40358,5
train,40359,5
train,40360,8
train,40361,4
train,40362,6
train,40363,3
train,40364,8
train,40365,4
train,40366,8
train,40367,6
train,40368,1
train,40369,0
train,40370,6
train,40371,9
train,40372,7
train,40373,7
train,40374,8
train,40375,7
train,40376,5
train,40377,1
train,40378,5
train,40379,8
train,40380,2
train,40381,9
train,40382,7
train,40383,5
train,40384,2
train,40385,2
train,40386,0
train,40387,5
train,40388,3
train,40389,0
train,40390,1
train,40391,1
train,40392,1
train,40393,9
train,40394,8
train,40395,0
train,40396,6
train,40397,0
train,40398,6
train,40399,8
train,40400,9
train,40401,6
train,40402,5
train,40403,1
train,40404,6
train,40405,9
train,40406,0
train,40407,2
train,40408,9
train,40409,1
train,40410,7
train,40411,4
train,40412,1
train,40413,2
train,40414,5
train,40415,9
train,40416,0
train,40417,9
train,40418,7
train,40419,7
train,40420,8
train,40421,3
train,40422,2
train,40423,0
train,40424,0
train,40425,0
train,40426,5
train,40427,9
train,40428,4
train,40429,6
train,40430,1
train,40431,0
train,40432,8
train,40433,1
train,40434,6
train,40435,1
train,40436,1
train,40437,7
train,40438,8
train,40439,4
train,40440,3
train,40441,1
train,40442,4
train,40443,6
train,40444,0
train,40445,1
train,40446,4
train,40447,4
train,40448,8
train,40449,9
train,40450,9
train,40451,0
train,40452,0
train,40453,5
train,40454,9
train,40455,4
train,40456,8
train,40457,3
train,40458,5
train,40459,5
train,40460,2
train,40461,9
train,40462,9
train,40463,9
train,40464,4
train,40465,6
train,40466,6
train,40467,0
train,40468,7
train,40469,6
train,40470,8
train,40471,8
train,40472,5
train,40473,0
train,40474,5
train,40475,0
train,40476,5
train,40477,2
train,40478,5
train,40479,7
train,40480,7
train,40481,0
train,40482,3
train,40483,2
train,40484,1
train,40485,3
train,40486,6
train,40487,5
train,40488,0
train,40489,4
train,40490,7
train,40491,0
train,40492,9
train,40493,7
train,40494,8
train,40495,2
train,40496,4
train,40497,5
train,40498,8
train,40499,9
train,40500,2
train,40501,1
train,40502,7
train,40503,8
train,40504,2
train,40505,6
train,40506,1
train,40507,7
train,40508,9
train,40509,5
train,40510,0
train,40511,1
train,40512,5
train,40513,7
train,40514,8
train,40515,4
train,40516,8
train,40517,4
train,40518,1
train,40519,2
train,40520,0
train,40521,7
train,40522,2
train,40523,0
train,40524,7
train,40525,9
train,40526,7
train,40527,0
train,40528,8
train,40529,0
train,40530,6
train,40531,2
train,40532,9
train,40533,2
train,40534,0
train,40535,4
train,40536,5
train,40537,5
train,40538,1
train,40539,5
train,40540,3
train,40541,0
train,40542,6
train,40543,1
train,40544,8
train,40545,2
train,40546,0
train,40547,9
train,40548,4
train,40549,1
train,40550,9
train,40551,7
train,40552,8
train,40553,9
train,40554,1
train,40555,3
train,40556,2
train,40557,5
train,40558,6
train,40559,9
train,40560,9
train,40561,3
train,40562,7
train,40563,2
train,40564,9
train,40565,9
train,40566,6
train,40567,2
train,40568,8
train,40569,5
train,40570,9
train,40571,9
train,40572,4
train,40573,8
train,40574,3
train,40575,1
train,40576,6
train,40577,3
train,40578,7
train,40579,8
train,40580,6
train,40581,5
train,40582,3
train,40583,7
train,40584,2
train,40585,4
train,40586,1
train,40587,8
train,40588,8
train,40589,8
train,40590,1
train,40591,7
train,40592,7
train,40593,3
train,40594,7
train,40595,0
train,40596,8
train,40597,3
train,40598,0
train,40599,9
train,40600,7
train,40601,1
train,40602,4
train,40603,5
train,40604,4
train,40605,8
train,40606,3
train,40607,5
train,40608,7
train,40609,5
train,40610,9
train,40611,2
train,40612,8
train,40613,6
train,40614,6
train,40615,1
train,40616,2
train,40617,1
train,40618,1
train,40619,1
train,40620,5
train,40621,7
train,40622,7
train,40623,4
train,40624,9
train,40625,0
train,40626,2
train,40627,4
train,40628,9
train,40629,0
train,40630,2
train,40631,3
train,40632,9
train,40633,0
train,40634,5
train,40635,9
train,40636,9
train,40637,4
train,40638,3
train,40639,2
train,40640,5
train,40641,0
train,40642,6
train,40643,4
train,40644,5
train,40645,7
train,40646,9
train,40647,4
train,40648,4
train,40649,9
train,40650,1
train,40651,7
train,40652,5
train,40653,6
train,40654,7
train,40655,8
train,40656,6
train,40657,2
train,40658,4
train,40659,9
train,40660,1
train,40661,3
train,40662,1
train,40663,2
train,40664,4
train,40665,4
train,40666,1
train,40667,2
train,40668,7
train,40669,5
train,40670,2
train,40671,4
train,40672,8
train,40673,4
train,40674,8
train,40675,5
train,40676,7
train,40677,1
train,40678,2
train,40679,9
train,40680,7
train,40681,6
train,40682,0
train,40683,6
train,40684,0
train,40685,6
train,40686,7
train,40687,1
train,40688,4
train,40689,1
train,40690,8
train,40691,5
train,40692,6
train,40693,3
train,40694,1
train,40695,1
train,40696,7
train,40697,7
train,40698,9
train,40699,5
train,40700,6
train,40701,4
train,40702,4
train,40703,0
train,40704,6
train,40705,6
train,40706,6
train,40707,8
train,40708,1
train,40709,5
train,40710,9
train,40711,1
train,40712,9
train,40713,7
train,40714,9
train,40715,9
train,40716,9
train,40717,9
train,40718,6
train,40719,7
train,40720,7
train,40721,0
train,40722,3
train,40723,1
train,40724,8
train,40725,3
train,40726,8
train,40727,6
train,40728,0
train,40729,2
train,40730,7
train,40731,5
train,40732,2
train,40733,1
train,40734,6
train,40735,4
train,40736,7
train,40737,9
train,40738,8
train,40739,1
train,40740,7
train,40741,2
train,40742,8
train,40743,9
train,40744,1
train,40745,6
train,40746,7
train,40747,7
train,40748,6
train,40749,0
train,40750,7
train,40751,2
train,40752,8
train,40753,7
train,40754,2
train,40755,3
train,40756,5
train,40757,5
train,40758,8
train,40759,6
train,40760,1
train,40761,1
train,40762,8
train,40763,0
train,40764,9
train,40765,6
train,40766,6
train,40767,3
train,40768,9
train,40769,8
train,40770,0
train,40771,9
train,40772,4
train,40773,1
train,40774,8
train,40775,7
train,40776,6
train,40777,9
train,40778,1
train,40779,7
train,40780,9
train,40781,6
train,40782,6
train,40783,3
train,40784,4
train,40785,2
train,40786,9
train,40787,2
train,40788,3
train,40789,1
train,40790,2
train,40791,7
train,40792,0
train,40793,8
train,40794,8
train,40795,7
train,40796,1
train,40797,3
train,40798,0
train,40799,1
train,40800,2
train,40801,8
train,40802,2
train,40803,2
train,40804,2
train,40805,1
train,40806,9
train,40807,6
train,40808,6
train,40809,6
train,40810,6
train,40811,5
train,40812,9
train,40813,5
train,40814,3
train,40815,3
train,40816,8
train,40817,7
train,40818,2
train,40819,2
train,40820,4
train,40821,3
train,40822,7
train,40823,0
train,40824,6
train,40825,1
train,40826,6
train,40827,6
train,40828,5
train,40829,3
train,40830,6
train,40831,1
train,40832,7
train,40833,8
train,40834,6
train,40835,7
train,40836,2
train,40837,6
train,40838,8
train,40839,7
train,40840,0
train,40841,3
train,40842,7
train,40843,9
train,40844,4
train,40845,4
train,40846,4
train,40847,4
train,40848,1
train,40849,3
train,40850,4
train,40851,3
train,40852,7
train,40853,2
train,40854,6
train,40855,7
train,40856,4
train,40857,3
train,40858,4
train,40859,9
train,40860,4
train,40861,6
train,40862,6
train,40863,8
train,40864,9
train,40865,4
train,40866,3
train,40867,6
train,40868,9
train,40869,8
train,40870,4
train,40871,3
train,40872,2
train,40873,2
train,40874,9
train,40875,6
train,40876,1
train,40877,4
train,40878,3
train,40879,8
train,40880,8
train,40881,6
train,40882,7
train,40883,1
train,40884,3
train,40885,8
train,40886,8
train,40887,6
train,40888,1
train,40889,1
train,40890,0
train,40891,0
train,40892,3
train,40893,8
train,40894,9
train,40895,8
train,40896,8
train,40897,8
train,40898,4
train,40899,5
train,40900,1
train,40901,6
train,40902,6
train,40903,0
train,40904,2
train,40905,4
train,40906,1
train,40907,8
train,40908,0
train,40909,6
train,40910,3
train,40911,7
train,40912,0
train,40913,4
train,40914,0
train,40915,8
train,40916,4
train,40917,4
train,40918,1
train,40919,0
train,40920,5
train,40921,9
train,40922,4
train,40923,1
train,40924,9
train,40925,5
train,40926,3
train,40927,0
train,40928,1
train,40929,2
train,40930,2
train,40931,0
train,40932,2
train,40933,2
train,40934,9
train,40935,2
train,40936,5
train,40937,2
train,40938,9
train,40939,1
train,40940,1
train,40941,6
train,40942,2
train,40943,0
train,40944,2
train,40945,2
train,40946,3
train,40947,4
train,40948,7
train,40949,0
train,40950,6
train,40951,6
train,40952,2
train,40953,6
train,40954,6
train,40955,4
train,40956,1
train,40957,3
train,40958,8
train,40959,9
train,40960,3
train,40961,5
train,40962,1
train,40963,5
train,40964,2
train,40965,9
train,40966,1
train,40967,8
train,40968,6
train,40969,5
train,40970,8
train,40971,7
train,40972,2
train,40973,0
train,40974,5
train,40975,9
train,40976,8
train,40977,6
train,40978,4
train,40979,1
train,40980,2
train,40981,5
train,40982,5
train,40983,3
train,40984,3
train,40985,7
train,40986,7
train,40987,6
train,40988,0
train,40989,3
train,40990,9
train,40991,2
train,40992,3
train,40993,6
train,40994,2
train,40995,9
train,40996,6
train,40997,1
train,40998,7
train,40999,7
train,41000,4
train,41001,3
train,41002,6
train,41003,2
train,41004,0
train,41005,4
train,41006,9
train,41007,1
train,41008,9
train,41009,5
train,41010,3
train,41011,9
train,41012,3
train,41013,6
train,41014,4
train,41015,9
train,41016,5
train,41017,5
train,41018,8
train,41019,2
train,41020,6
train,41021,2
train,41022,6
train,41023,8
train,41024,7
train,41025,4
train,41026,7
train,41027,1
train,41028,9
train,41029,7
train,41030,6
train,41031,3
train,41032,0
train,41033,7
train,41034,2
train,41035,9
train,41036,2
train,41037,4
train,41038,9
train,41039,4
train,41040,3
train,41041,4
train,41042,7
train,41043,5
train,41044,8
train,41045,0
train,41046,2
train,41047,0
train,41048,0
train,41049,8
train,41050,0
train,41051,2
train,41052,6
train,41053,6
train,41054,6
train,41055,2
train,41056,6
train,41057,0
train,41058,4
train,41059,9
train,41060,7
train,41061,5
train,41062,0
train,41063,2
train,41064,4
train,41065,2
train,41066,9
train,41067,2
train,41068,4
train,41069,7
train,41070,2
train,41071,1
train,41072,3
train,41073,6
train,41074,6
train,41075,4
train,41076,8
train,41077,5
train,41078,5
train,41079,2
train,41080,5
train,41081,1
train,41082,8
train,41083,6
train,41084,9
train,41085,5
train,41086,3
train,41087,7
train,41088,6
train,41089,9
train,41090,6
train,41091,7
train,41092,8
train,41093,4
train,41094,3
train,41095,4
train,41096,9
train,41097,8
train,41098,4
train,41099,5
train,41100,9
train,41101,1
train,41102,8
train,41103,9
train,41104,7
train,41105,4
train,41106,1
train,41107,1
train,41108,1
train,41109,1
train,41110,0
train,41111,4
train,41112,7
train,41113,7
train,41114,1
train,41115,2
train,41116,5
train,41117,6
train,41118,0
train,41119,8
train,41120,1
train,41121,4
train,41122,5
train,41123,9
train,41124,6
train,41125,2
train,41126,8
train,41127,8
train,41128,0
train,41129,5
train,41130,0
train,41131,3
train,41132,9
train,41133,5
train,41134,2
train,41135,7
train,41136,0
train,41137,8
train,41138,7
train,41139,6
train,41140,0
train,41141,2
train,41142,5
train,41143,0
train,41144,5
train,41145,1
train,41146,7
train,41147,3
train,41148,8
train,41149,0
train,41150,7
train,41151,9
train,41152,5
train,41153,4
train,41154,5
train,41155,7
train,41156,4
train,41157,8
train,41158,5
train,41159,0
train,41160,8
train,41161,5
train,41162,6
train,41163,0
train,41164,6
train,41165,1
train,41166,9
train,41167,0
train,41168,6
train,41169,8
train,41170,3
train,41171,7
train,41172,3
train,41173,4
train,41174,3
train,41175,6
train,41176,2
train,41177,1
train,41178,7
train,41179,9
train,41180,5
train,41181,2
train,41182,0
train,41183,1
train,41184,0
train,41185,3
train,41186,0
train,41187,0
train,41188,4
train,41189,6
train,41190,0
train,41191,1
train,41192,2
train,41193,3
train,41194,9
train,41195,3
train,41196,8
train,41197,4
train,41198,9
train,41199,5
train,41200,9
train,41201,6
train,41202,1
train,41203,7
train,41204,2
train,41205,0
train,41206,7
train,41207,7
train,41208,6
train,41209,9
train,41210,0
train,41211,1
train,41212,8
train,41213,7
train,41214,9
train,41215,6
train,41216,7
train,41217,6
train,41218,9
train,41219,7
train,41220,2
train,41221,3
train,41222,9
train,41223,7
train,41224,1
train,41225,3
train,41226,8
train,41227,2
train,41228,9
train,41229,1
train,41230,8
train,41231,7
train,41232,0
train,41233,5
train,41234,1
train,41235,7
train,41236,0
train,41237,4
train,41238,6
train,41239,2
train,41240,6
train,41241,6
train,41242,9
train,41243,1
train,41244,1
train,41245,3
train,41246,9
train,41247,5
train,41248,2
train,41249,3
train,41250,6
train,41251,1
train,41252,2
train,41253,7
train,41254,1
train,41255,5
train,41256,4
train,41257,7
train,41258,4
train,41259,0
train,41260,0
train,41261,1
train,41262,6
train,41263,1
train,41264,1
train,41265,5
train,41266,8
train,41267,9
train,41268,2
train,41269,3
train,41270,9
train,41271,6
train,41272,0
train,41273,8
train,41274,6
train,41275,6
train,41276,6
train,41277,4
train,41278,6
train,41279,3
train,41280,8
train,41281,0
train,41282,0
train,41283,2
train,41284,3
train,41285,7
train,41286,0
train,41287,6
train,41288,1
train,41289,1
train,41290,1
train,41291,4
train,41292,8
train,41293,3
train,41294,2
train,41295,7
train,41296,4
train,41297,1
train,41298,9
train,41299,1
train,41300,2
train,41301,0
train,41302,1
train,41303,8
train,41304,9
train,41305,5
train,41306,4
train,41307,9
train,41308,7
train,41309,1
train,41310,4
train,41311,6
train,41312,0
train,41313,2
train,41314,6
train,41315,7
train,41316,3
train,41317,4
train,41318,9
train,41319,5
train,41320,2
train,41321,4
train,41322,1
train,41323,3
train,41324,6
train,41325,2
train,41326,2
train,41327,1
train,41328,0
train,41329,6
train,41330,6
train,41331,4
train,41332,7
train,41333,1
train,41334,9
train,41335,0
train,41336,2
train,41337,7
train,41338,0
train,41339,3
train,41340,8
train,41341,5
train,41342,7
train,41343,8
train,41344,5
train,41345,2
train,41346,9
train,41347,9
train,41348,8
train,41349,0
train,41350,7
train,41351,6
train,41352,1
train,41353,6
train,41354,6
train,41355,9
train,41356,0
train,41357,8
train,41358,6
train,41359,9
train,41360,6
train,41361,9
train,41362,3
train,41363,5
train,41364,8
train,41365,6
train,41366,8
train,41367,5
train,41368,3
train,41369,3
train,41370,5
train,41371,5
train,41372,2
train,41373,5
train,41374,9
train,41375,7
train,41376,2
train,41377,7
train,41378,6
train,41379,2
train,41380,4
train,41381,6
train,41382,6
train,41383,9
train,41384,1
train,41385,8
train,41386,0
train,41387,4
train,41388,4
train,41389,8
train,41390,6
train,41391,2
train,41392,6
train,41393,9
train,41394,9
train,41395,8
train,41396,8
train,41397,1
train,41398,6
train,41399,3
train,41400,4
train,41401,4
train,41402,8
train,41403,6
train,41404,8
train,41405,6
train,41406,2
train,41407,9
train,41408,0
train,41409,6
train,41410,2
train,41411,7
train,41412,3
train,41413,4
train,41414,9
train,41415,7
train,41416,8
train,41417,4
train,41418,7
train,41419,0
train,41420,2
train,41421,0
train,41422,5
train,41423,3
train,41424,9
train,41425,7
train,41426,0
train,41427,4
train,41428,9
train,41429,5
train,41430,4
train,41431,0
train,41432,6
train,41433,2
train,41434,5
train,41435,9
train,41436,9
train,41437,6
train,41438,5
train,41439,7
train,41440,6
train,41441,1
train,41442,6
train,41443,2
train,41444,7
train,41445,7
train,41446,3
train,41447,5
train,41448,5
train,41449,6
train,41450,1
train,41451,0
train,41452,0
train,41453,0
train,41454,7
train,41455,3
train,41456,9
train,41457,3
train,41458,2
train,41459,9
train,41460,5
train,41461,9
train,41462,6
train,41463,0
train,41464,6
train,41465,4
train,41466,3
train,41467,9
train,41468,5
train,41469,2
train,41470,7
train,41471,2
train,41472,5
train,41473,1
train,41474,6
train,41475,0
train,41476,3
train,41477,7
train,41478,8
train,41479,0
train,41480,0
train,41481,0
train,41482,3
train,41483,8
train,41484,9
train,41485,9
train,41486,5
train,41487,4
train,41488,6
train,41489,6
train,41490,7
train,41491,7
train,41492,1
train,41493,5
train,41494,8
train,41495,8
train,41496,7
train,41497,6
train,41498,6
train,41499,8
train,41500,8
train,41501,2
train,41502,1
train,41503,3
train,41504,3
train,41505,4
train,41506,3
train,41507,0
train,41508,2
train,41509,2
train,41510,2
train,41511,1
train,41512,8
train,41513,8
train,41514,3
train,41515,1
train,41516,5
train,41517,6
train,41518,3
train,41519,8
train,41520,3
train,41521,5
train,41522,3
train,41523,9
train,41524,7
train,41525,3
train,41526,9
train,41527,8
train,41528,0
train,41529,3
train,41530,8
train,41531,9
train,41532,4
train,41533,6
train,41534,3
train,41535,2
train,41536,5
train,41537,7
train,41538,8
train,41539,6
train,41540,9
train,41541,5
train,41542,5
train,41543,3
train,41544,1
train,41545,6
train,41546,9
train,41547,8
train,41548,3
train,41549,7
train,41550,7
train,41551,6
train,41552,9
train,41553,7
train,41554,3
train,41555,0
train,41556,9
train,41557,7
train,41558,5
train,41559,9
train,41560,6
train,41561,4
train,41562,2
train,41563,3
train,41564,5
train,41565,2
train,41566,5
train,41567,2
train,41568,7
train,41569,5
train,41570,6
train,41571,1
train,41572,0
train,41573,0
train,41574,4
train,41575,4
train,41576,2
train,41577,2
train,41578,4
train,41579,7
train,41580,8
train,41581,7
train,41582,0
train,41583,1
train,41584,9
train,41585,3
train,41586,0
train,41587,9
train,41588,3
train,41589,1
train,41590,3
train,41591,9
train,41592,8
train,41593,8
train,41594,4
train,41595,5
train,41596,7
train,41597,9
train,41598,9
train,41599,7
train,41600,9
train,41601,0
train,41602,2
train,41603,8
train,41604,8
train,41605,9
train,41606,2
train,41607,6
train,41608,6
train,41609,1
train,41610,9
train,41611,6
train,41612,7
train,41613,6
train,41614,0
train,41615,4
train,41616,5
train,41617,1
train,41618,8
train,41619,0
train,41620,5
train,41621,5
train,41622,9
train,41623,0
train,41624,7
train,41625,5
train,41626,3
train,41627,7
train,41628,8
train,41629,8
train,41630,1
train,41631,6
train,41632,2
train,41633,6
train,41634,2
train,41635,1
train,41636,5
train,41637,6
train,41638,7
train,41639,4
train,41640,1
train,41641,5
train,41642,0
train,41643,0
train,41644,0
train,41645,4
train,41646,7
train,41647,0
train,41648,6
train,41649,2
train,41650,4
train,41651,6
train,41652,6
train,41653,6
train,41654,7
train,41655,6
train,41656,2
train,41657,5
train,41658,2
train,41659,3
train,41660,6
train,41661,2
train,41662,4
train,41663,5
train,41664,4
train,41665,8
train,41666,7
train,41667,7
train,41668,5
train,41669,3
train,41670,0
train,41671,2
train,41672,5
train,41673,4
train,41674,4
train,41675,5
train,41676,3
train,41677,9
train,41678,8
train,41679,3
train,41680,0
train,41681,6
train,41682,2
train,41683,9
train,41684,2
train,41685,4
train,41686,7
train,41687,8
train,41688,7
train,41689,8
train,41690,9
train,41691,0
train,41692,2
train,41693,4
train,41694,0
train,41695,7
train,41696,7
train,41697,4
train,41698,0
train,41699,2
train,41700,6
train,41701,3
train,41702,1
train,41703,4
train,41704,7
train,41705,6
train,41706,4
train,41707,0
train,41708,1
train,41709,4
train,41710,7
train,41711,4
train,41712,9
train,41713,8
train,41714,5
train,41715,3
train,41716,7
train,41717,4
train,41718,2
train,41719,3
train,41720,2
train,41721,6
train,41722,5
train,41723,2
train,41724,1
train,41725,2
train,41726,7
train,41727,7
train,41728,7
train,41729,7
train,41730,4
train,41731,8
train,41732,8
train,41733,6
train,41734,2
train,41735,3
train,41736,4
train,41737,8
train,41738,9
train,41739,8
train,41740,0
train,41741,7
train,41742,4
train,41743,3
train,41744,1
train,41745,4
train,41746,0
train,41747,7
train,41748,4
train,41749,4
train,41750,2
train,41751,6
train,41752,2
train,41753,6
train,41754,7
train,41755,5
train,41756,2
train,41757,0
train,41758,5
train,41759,6
train,41760,0
train,41761,2
train,41762,3
train,41763,0
train,41764,1
train,41765,6
train,41766,0
train,41767,8
train,41768,8
train,41769,5
train,41770,3
train,41771,3
train,41772,7
train,41773,0
train,41774,5
train,41775,9
train,41776,4
train,41777,8
train,41778,7
train,41779,7
train,41780,2
train,41781,8
train,41782,1
train,41783,8
train,41784,8
train,41785,4
train,41786,1
train,41787,0
train,41788,4
train,41789,5
train,41790,0
train,41791,2
train,41792,1
train,41793,2
train,41794,0
train,41795,1
train,41796,2
train,41797,1
train,41798,9
train,41799,0
train,41800,6
train,41801,2
train,41802,7
train,41803,9
train,41804,6
train,41805,6
train,41806,7
train,41807,5
train,41808,0
train,41809,8
train,41810,7
train,41811,4
train,41812,6
train,41813,5
train,41814,9
train,41815,1
train,41816,3
train,41817,6
train,41818,4
train,41819,3
train,41820,9
train,41821,2
train,41822,6
train,41823,4
train,41824,6
train,41825,1
train,41826,2
train,41827,7
train,41828,4
train,41829,9
train,41830,7
train,41831,1
train,41832,1
train,41833,2
train,41834,8
train,41835,3
train,41836,3
train,41837,0
train,41838,9
train,41839,0
train,41840,3
train,41841,4
train,41842,9
train,41843,2
train,41844,3
train,41845,0
train,41846,2
train,41847,3
train,41848,2
train,41849,6
train,41850,5
train,41851,8
train,41852,9
train,41853,6
train,41854,7
train,41855,5
train,41856,5
train,41857,0
train,41858,2
train,41859,2
train,41860,5
train,41861,0
train,41862,0
train,41863,7
train,41864,8
train,41865,9
train,41866,1
train,41867,6
train,41868,9
train,41869,8
train,41870,5
train,41871,3
train,41872,3
train,41873,5
train,41874,7
train,41875,5
train,41876,4
train,41877,2
train,41878,4
train,41879,7
train,41880,9
train,41881,4
train,41882,0
train,41883,1
train,41884,4
train,41885,6
train,41886,6
train,41887,8
train,41888,7
train,41889,3
train,41890,3
train,41891,5
train,41892,7
train,41893,6
train,41894,7
train,41895,1
train,41896,9
train,41897,5
train,41898,1
train,41899,4
train,41900,3
train,41901,0
train,41902,4
train,41903,9
train,41904,5
train,41905,7
train,41906,1
train,41907,7
train,41908,9
train,41909,0
train,41910,2
train,41911,2
train,41912,3
train,41913,2
train,41914,5
train,41915,2
train,41916,1
train,41917,5
train,41918,1
train,41919,5
train,41920,3
train,41921,6
train,41922,5
train,41923,7
train,41924,4
train,41925,6
train,41926,6
train,41927,5
train,41928,0
train,41929,9
train,41930,2
train,41931,5
train,41932,5
train,41933,6
train,41934,1
train,41935,7
train,41936,3
train,41937,8
train,41938,4
train,41939,7
train,41940,4
train,41941,9
train,41942,8
train,41943,5
train,41944,6
train,41945,2
train,41946,7
train,41947,9
train,41948,1
train,41949,7
train,41950,6
train,41951,9
train,41952,9
train,41953,0
train,41954,7
train,41955,9
train,41956,6
train,41957,3
train,41958,4
train,41959,3
train,41960,9
train,41961,1
train,41962,1
train,41963,9
train,41964,2
train,41965,6
train,41966,9
train,41967,9
train,41968,6
train,41969,5
train,41970,7
train,41971,7
train,41972,6
train,41973,4
train,41974,9
train,41975,3
train,41976,1
train,41977,9
train,41978,2
train,41979,3
train,41980,9
train,41981,9
train,41982,1
train,41983,5
train,41984,8
train,41985,0
train,41986,6
train,41987,6
train,41988,2
train,41989,4
train,41990,6
train,41991,1
train,41992,8
train,41993,9
train,41994,7
train,41995,5
train,41996,2
train,41997,6
train,41998,2
train,41999,6
train,42000,0
train,42001,6
train,42002,8
train,42003,3
train,42004,4
train,42005,9
train,42006,0
train,42007,2
train,42008,5
train,42009,5
train,42010,9
train,42011,4
train,42012,1
train,42013,0
train,42014,8
train,42015,9
train,42016,7
train,42017,4
train,42018,2
train,42019,6
train,42020,0
train,42021,1
train,42022,6
train,42023,6
train,42024,9
train,42025,4
train,42026,9
train,42027,5
train,42028,2
train,42029,7
train,42030,0
train,42031,5
train,42032,2
train,42033,7
train,42034,4
train,42035,9
train,42036,9
train,42037,8
train,42038,2
train,42039,2
train,42040,9
train,42041,6
train,42042,3
train,42043,4
train,42044,4
train,42045,8
train,42046,0
train,42047,7
train,42048,2
train,42049,3
train,42050,9
train,42051,3
train,42052,7
train,42053,9
train,42054,2
train,42055,7
train,42056,2
train,42057,9
train,42058,7
train,42059,9
train,42060,8
train,42061,9
train,42062,3
train,42063,0
train,42064,7
train,42065,1
train,42066,7
train,42067,4
train,42068,9
train,42069,4
train,42070,7
train,42071,0
train,42072,5
train,42073,0
train,42074,3
train,42075,3
train,42076,5
train,42077,2
train,42078,0
train,42079,5
train,42080,3
train,42081,7
train,42082,2
train,42083,1
train,42084,5
train,42085,2
train,42086,7
train,42087,0
train,42088,5
train,42089,3
train,42090,0
train,42091,3
train,42092,0
train,42093,0
train,42094,2
train,42095,5
train,42096,8
train,42097,2
train,42098,2
train,42099,1
train,42100,0
train,42101,4
train,42102,2
train,42103,8
train,42104,5
train,42105,2
train,42106,4
train,42107,5
train,42108,1
train,42109,8
train,42110,2
train,42111,3
train,42112,8
train,42113,2
train,42114,3
train,42115,9
train,42116,5
train,42117,9
train,42118,9
train,42119,2
train,42120,6
train,42121,3
train,42122,8
train,42123,9
train,42124,3
train,42125,6
train,42126,3
train,42127,6
train,42128,5
train,42129,3
train,42130,4
train,42131,5
train,42132,4
train,42133,3
train,42134,9
train,42135,7
train,42136,5
train,42137,9
train,42138,9
train,42139,7
train,42140,3
train,42141,7
train,42142,6
train,42143,9
train,42144,4
train,42145,5
train,42146,7
train,42147,4
train,42148,6
train,42149,0
train,42150,2
train,42151,3
train,42152,9
train,42153,4
train,42154,7
train,42155,9
train,42156,5
train,42157,2
train,42158,5
train,42159,6
train,42160,8
train,42161,1
train,42162,7
train,42163,3
train,42164,7
train,42165,0
train,42166,0
train,42167,8
train,42168,5
train,42169,4
train,42170,6
train,42171,6
train,42172,8
train,42173,6
train,42174,6
train,42175,6
train,42176,0
train,42177,2
train,42178,3
train,42179,2
train,42180,8
train,42181,0
train,42182,6
train,42183,9
train,42184,5
train,42185,4
train,42186,0
train,42187,6
train,42188,8
train,42189,5
train,42190,1
train,42191,7
train,42192,4
train,42193,7
train,42194,8
train,42195,6
train,42196,5
train,42197,6
train,42198,0
train,42199,1
train,42200,1
train,42201,2
train,42202,2
train,42203,8
train,42204,4
train,42205,2
train,42206,1
train,42207,1
train,42208,5
train,42209,1
train,42210,9
train,42211,6
train,42212,8
train,42213,3
train,42214,3
train,42215,1
train,42216,1
train,42217,1
train,42218,2
train,42219,1
train,42220,8
train,42221,5
train,42222,3
train,42223,2
train,42224,0
train,42225,9
train,42226,5
train,42227,7
train,42228,4
train,42229,1
train,42230,3
train,42231,4
train,42232,5
train,42233,2
train,42234,2
train,42235,8
train,42236,4
train,42237,1
train,42238,0
train,42239,2
train,42240,4
train,42241,1
train,42242,9
train,42243,8
train,42244,2
train,42245,4
train,42246,4
train,42247,2
train,42248,0
train,42249,2
train,42250,4
train,42251,2
train,42252,6
train,42253,1
train,42254,9
train,42255,9
train,42256,1
train,42257,9
train,42258,1
train,42259,3
train,42260,7
train,42261,4
train,42262,9
train,42263,4
train,42264,4
train,42265,1
train,42266,4
train,42267,0
train,42268,4
train,42269,6
train,42270,2
train,42271,2
train,42272,1
train,42273,6
train,42274,8
train,42275,7
train,42276,9
train,42277,0
train,42278,8
train,42279,7
train,42280,8
train,42281,5
train,42282,8
train,42283,8
train,42284,4
train,42285,8
train,42286,0
train,42287,7
train,42288,6
train,42289,1
train,42290,7
train,42291,0
train,42292,3
train,42293,4
train,42294,4
train,42295,3
train,42296,5
train,42297,0
train,42298,4
train,42299,3
train,42300,6
train,42301,3
train,42302,8
train,42303,1
train,42304,3
train,42305,0
train,42306,4
train,42307,1
train,42308,3
train,42309,8
train,42310,8
train,42311,3
train,42312,3
train,42313,4
train,42314,5
train,42315,2
train,42316,6
train,42317,0
train,42318,3
train,42319,4
train,42320,7
train,42321,1
train,42322,8
train,42323,1
train,42324,3
train,42325,0
train,42326,5
train,42327,1
train,42328,6
train,42329,1
train,42330,7
train,42331,5
train,42332,7
train,42333,3
train,42334,0
train,42335,6
train,42336,2
train,42337,5
train,42338,9
train,42339,2
train,42340,4
train,42341,9
train,42342,3
train,42343,2
train,42344,1
train,42345,5
train,42346,5
train,42347,4
train,42348,3
train,42349,9
train,42350,5
train,42351,9
train,42352,5
train,42353,9
train,42354,6
train,42355,8
train,42356,0
train,42357,4
train,42358,3
train,42359,5
train,42360,9
train,42361,6
train,42362,8
train,42363,8
train,42364,0
train,42365,5
train,42366,6
train,42367,2
train,42368,4
train,42369,0
train,42370,0
train,42371,0
train,42372,0
train,42373,3
train,42374,6
train,42375,0
train,42376,0
train,42377,6
train,42378,8
train,42379,4
train,42380,8
train,42381,1
train,42382,7
train,42383,8
train,42384,0
train,42385,1
train,42386,7
train,42387,7
train,42388,2
train,42389,8
train,42390,3
train,42391,6
train,42392,3
train,42393,9
train,42394,9
train,42395,6
train,42396,0
train,42397,9
train,42398,9
train,42399,6
train,42400,2
train,42401,6
train,42402,9
train,42403,6
train,42404,1
train,42405,1
train,42406,5
train,42407,4
train,42408,9
train,42409,9
train,42410,5
train,42411,1
train,42412,8
train,42413,6
train,42414,6
train,42415,3
train,42416,7
train,42417,3
train,42418,2
train,42419,0
train,42420,1
train,42421,3
train,42422,8
train,42423,2
train,42424,0
train,42425,3
train,42426,8
train,42427,4
train,42428,0
train,42429,3
train,42430,0
train,42431,2
train,42432,1
train,42433,2
train,42434,7
train,42435,2
train,42436,0
train,42437,4
train,42438,4
train,42439,1
train,42440,7
train,42441,7
train,42442,0
train,42443,4
train,42444,8
train,42445,4
train,42446,1
train,42447,2
train,42448,5
train,42449,8
train,42450,7
train,42451,0
train,42452,8
train,42453,0
train,42454,3
train,42455,7
train,42456,6
train,42457,5
train,42458,9
train,42459,7
train,42460,5
train,42461,2
train,42462,7
train,42463,2
train,42464,1
train,42465,7
train,42466,1
train,42467,9
train,42468,8
train,42469,1
train,42470,3
train,42471,8
train,42472,0
train,42473,7
train,42474,0
train,42475,6
train,42476,7
train,42477,0
train,42478,2
train,42479,1
train,42480,8
train,42481,5
train,42482,2
train,42483,3
train,42484,0
train,42485,3
train,42486,4
train,42487,3
train,42488,7
train,42489,7
train,42490,6
train,42491,7
train,42492,8
train,42493,5
train,42494,3
train,42495,6
train,42496,2
train,42497,8
train,42498,9
train,42499,8
train,42500,3
train,42501,5
train,42502,5
train,42503,5
train,42504,1
train,42505,3
train,42506,2
train,42507,0
train,42508,6
train,42509,8
train,42510,0
train,42511,2
train,42512,1
train,42513,7
train,42514,1
train,42515,8
train,42516,6
train,42517,7
train,42518,5
train,42519,8
train,42520,3
train,42521,2
train,42522,8
train,42523,2
train,42524,5
train,42525,3
train,42526,6
train,42527,4
train,42528,6
train,42529,4
train,42530,2
train,42531,2
train,42532,2
train,42533,8
train,42534,3
train,42535,8
train,42536,7
train,42537,5
train,42538,0
train,42539,9
train,42540,4
train,42541,0
train,42542,2
train,42543,0
train,42544,3
train,42545,1
train,42546,1
train,42547,1
train,42548,5
train,42549,9
train,42550,0
train,42551,1
train,42552,7
train,42553,8
train,42554,3
train,42555,2
train,42556,2
train,42557,5
train,42558,4
train,42559,7
train,42560,3
train,42561,3
train,42562,3
train,42563,2
train,42564,4
train,42565,4
train,42566,4
train,42567,5
train,42568,4
train,42569,1
train,42570,6
train,42571,9
train,42572,5
train,42573,8
train,42574,7
train,42575,7
train,42576,5
train,42577,3
train,42578,2
train,42579,1
train,42580,9
train,42581,2
train,42582,6
train,42583,6
train,42584,6
train,42585,7
train,42586,3
train,42587,4
train,42588,0
train,42589,0
train,42590,1
train,42591,5
train,42592,2
train,42593,4
train,42594,8
train,42595,8
train,42596,9
train,42597,6
train,42598,7
train,42599,6
train,42600,3
train,42601,3
train,42602,8
train,42603,0
train,42604,7
train,42605,8
train,42606,9
train,42607,8
train,42608,8
train,42609,4
train,42610,2
train,42611,4
train,42612,4
train,42613,9
train,42614,4
train,42615,1
train,42616,4
train,42617,7
train,42618,8
train,42619,8
train,42620,5
train,42621,4
train,42622,2
train,42623,5
train,42624,7
train,42625,3
train,42626,6
train,42627,0
train,42628,6
train,42629,2
train,42630,5
train,42631,7
train,42632,9
train,42633,0
train,42634,9
train,42635,6
train,42636,4
train,42637,0
train,42638,3
train,42639,1
train,42640,8
train,42641,5
train,42642,1
train,42643,3
train,42644,8
train,42645,5
train,42646,6
train,42647,8
train,42648,4
train,42649,7
train,42650,1
train,42651,5
train,42652,3
train,42653,5
train,42654,0
train,42655,9
train,42656,2
train,42657,8
train,42658,4
train,42659,8
train,42660,9
train,42661,0
train,42662,4
train,42663,0
train,42664,7
train,42665,0
train,42666,2
train,42667,1
train,42668,9
train,42669,4
train,42670,3
train,42671,3
train,42672,4
train,42673,8
train,42674,0
train,42675,7
train,42676,6
train,42677,4
train,42678,0
train,42679,1
train,42680,4
train,42681,6
train,42682,4
train,42683,1
train,42684,0
train,42685,0
train,42686,8
train,42687,5
train,42688,8
train,42689,7
train,42690,3
train,42691,0
train,42692,0
train,42693,7
train,42694,9
train,42695,5
train,42696,1
train,42697,1
train,42698,1
train,42699,2
train,42700,7
train,42701,8
train,42702,6
train,42703,8
train,42704,1
train,42705,8
train,42706,5
train,42707,2
train,42708,5
train,42709,6
train,42710,3
train,42711,8
train,42712,8
train,42713,5
train,42714,8
train,42715,4
train,42716,8
train,42717,9
train,42718,5
train,42719,4
train,42720,0
train,42721,4
train,42722,4
train,42723,0
train,42724,9
train,42725,7
train,42726,9
train,42727,5
train,42728,0
train,42729,9
train,42730,9
train,42731,7
train,42732,8
train,42733,3
train,42734,2
train,42735,4
train,42736,3
train,42737,6
train,42738,2
train,42739,9
train,42740,6
train,42741,4
train,42742,7
train,42743,8
train,42744,9
train,42745,0
train,42746,7
train,42747,1
train,42748,1
train,42749,6
train,42750,0
train,42751,0
train,42752,3
train,42753,8
train,42754,3
train,42755,3
train,42756,7
train,42757,8
train,42758,4
train,42759,5
train,42760,2
train,42761,3
train,42762,4
train,42763,7
train,42764,0
train,42765,5
train,42766,3
train,42767,8
train,42768,1
train,42769,4
train,42770,4
train,42771,5
train,42772,8
train,42773,7
train,42774,1
train,42775,7
train,42776,5
train,42777,9
train,42778,7
train,42779,4
train,42780,2
train,42781,1
train,42782,0
train,42783,2
train,42784,8
train,42785,2
train,42786,8
train,42787,1
train,42788,0
train,42789,5
train,42790,5
train,42791,4
train,42792,7
train,42793,7
train,42794,6
train,42795,3
train,42796,2
train,42797,9
train,42798,6
train,42799,6
train,42800,7
train,42801,9
train,42802,8
train,42803,8
train,42804,8
train,42805,9
train,42806,2
train,42807,6
train,42808,4
train,42809,0
train,42810,3
train,42811,7
train,42812,7
train,42813,2
train,42814,0
train,42815,0
train,42816,5
train,42817,6
train,42818,2
train,42819,6
train,42820,0
train,42821,3
train,42822,5
train,42823,6
train,42824,4
train,42825,7
train,42826,9
train,42827,4
train,42828,4
train,42829,5
train,42830,5
train,42831,8
train,42832,3
train,42833,1
train,42834,8
train,42835,5
train,42836,1
train,42837,9
train,42838,2
train,42839,8
train,42840,9
train,42841,0
train,42842,8
train,42843,4
train,42844,2
train,42845,5
train,42846,2
train,42847,2
train,42848,3
train,42849,0
train,42850,8
train,42851,6
train,42852,1
train,42853,3
train,42854,8
train,42855,8
train,42856,6
train,42857,3
train,42858,2
train,42859,9
train,42860,7
train,42861,3
train,42862,4
train,42863,8
train,42864,5
train,42865,5
train,42866,0
train,42867,5
train,42868,5
train,42869,7
train,42870,7
train,42871,5
train,42872,6
train,42873,4
train,42874,2
train,42875,3
train,42876,8
train,42877,9
train,42878,0
train,42879,8
train,42880,3
train,42881,2
train,42882,7
train,42883,9
train,42884,3
train,42885,8
train,42886,0
train,42887,0
train,42888,7
train,42889,6
train,42890,5
train,42891,9
train,42892,9
train,42893,3
train,42894,9
train,42895,3
train,42896,1
train,42897,4
train,42898,4
train,42899,3
train,42900,4
train,42901,0
train,42902,5
train,42903,2
train,42904,5
train,42905,8
train,42906,4
train,42907,4
train,42908,5
train,42909,5
train,42910,8
train,42911,6
train,42912,0
train,42913,1
train,42914,5
train,42915,6
train,42916,3
train,42917,9
train,42918,7
train,42919,6
train,42920,3
train,42921,5
train,42922,6
train,42923,7
train,42924,3
train,42925,5
train,42926,9
train,42927,3
train,42928,9
train,42929,9
train,42930,6
train,42931,6
train,42932,1
train,42933,3
train,42934,6
train,42935,5
train,42936,8
train,42937,8
train,42938,8
train,42939,3
train,42940,9
train,42941,5
train,42942,6
train,42943,8
train,42944,9
train,42945,4
train,42946,8
train,42947,9
train,42948,3
train,42949,1
train,42950,6
train,42951,4
train,42952,1
train,42953,4
train,42954,8
train,42955,0
train,42956,6
train,42957,1
train,42958,9
train,42959,4
train,42960,6
train,42961,4
train,42962,0
train,42963,9
train,42964,8
train,42965,8
train,42966,3
train,42967,4
train,42968,6
train,42969,9
train,42970,4
train,42971,8
train,42972,6
train,42973,2
train,42974,2
train,42975,6
train,42976,5
train,42977,4
train,42978,8
train,42979,6
train,42980,9
train,42981,7
train,42982,5
train,42983,1
train,42984,7
train,42985,6
train,42986,0
train,42987,7
train,42988,6
train,42989,3
train,42990,8
train,42991,4
train,42992,3
train,42993,9
train,42994,6
train,42995,3
train,42996,0
train,42997,1
train,42998,4
train,42999,8
train,43000,0
train,43001,3
train,43002,8
train,43003,9
train,43004,0
train,43005,4
train,43006,1
train,43007,6
train,43008,9
train,43009,2
train,43010,7
train,43011,2
train,43012,4
train,43013,8
train,43014,9
train,43015,9
train,43016,4
train,43017,8
train,43018,3
train,43019,9
train,43020,4
train,43021,8
train,43022,4
train,43023,8
train,43024,8
train,43025,7
train,43026,7
train,43027,1
train,43028,5
train,43029,1
train,43030,1
train,43031,4
train,43032,3
train,43033,4
train,43034,9
train,43035,9
train,43036,2
train,43037,1
train,43038,3
train,43039,2
train,43040,6
train,43041,8
train,43042,1
train,43043,5
train,43044,1
train,43045,3
train,43046,9
train,43047,4
train,43048,4
train,43049,7
train,43050,4
train,43051,7
train,43052,9
train,43053,1
train,43054,8
train,43055,7
train,43056,1
train,43057,9
train,43058,3
train,43059,6
train,43060,4
train,43061,6
train,43062,6
train,43063,9
train,43064,4
train,43065,8
train,43066,5
train,43067,8
train,43068,6
train,43069,4
train,43070,0
train,43071,3
train,43072,6
train,43073,1
train,43074,8
train,43075,0
train,43076,5
train,43077,3
train,43078,3
train,43079,4
train,43080,2
train,43081,3
train,43082,8
train,43083,3
train,43084,8
train,43085,9
train,43086,2
train,43087,5
train,43088,7
train,43089,4
train,43090,8
train,43091,3
train,43092,6
train,43093,6
train,43094,8
train,43095,2
train,43096,1
train,43097,9
train,43098,9
train,43099,5
train,43100,4
train,43101,8
train,43102,3
train,43103,3
train,43104,4
train,43105,2
train,43106,4
train,43107,6
train,43108,9
train,43109,3
train,43110,4
train,43111,0
train,43112,0
train,43113,6
train,43114,7
train,43115,8
train,43116,7
train,43117,9
train,43118,2
train,43119,4
train,43120,0
train,43121,2
train,43122,3
train,43123,4
train,43124,7
train,43125,5
train,43126,1
train,43127,9
train,43128,0
train,43129,0
train,43130,7
train,43131,6
train,43132,0
train,43133,2
train,43134,0
train,43135,0
train,43136,8
train,43137,1
train,43138,8
train,43139,1
train,43140,2
train,43141,7
train,43142,8
train,43143,6
train,43144,9
train,43145,9
train,43146,8
train,43147,5
train,43148,2
train,43149,1
train,43150,7
train,43151,9
train,43152,2
train,43153,3
train,43154,4
train,43155,8
train,43156,7
train,43157,3
train,43158,7
train,43159,5
train,43160,9
train,43161,9
train,43162,5
train,43163,7
train,43164,2
train,43165,3
train,43166,0
train,43167,6
train,43168,8
train,43169,3
train,43170,7
train,43171,3
train,43172,4
train,43173,7
train,43174,0
train,43175,1
train,43176,8
train,43177,2
train,43178,4
train,43179,8
train,43180,7
train,43181,6
train,43182,2
train,43183,8
train,43184,2
train,43185,8
train,43186,6
train,43187,6
train,43188,1
train,43189,3
train,43190,1
train,43191,9
train,43192,9
train,43193,0
train,43194,6
train,43195,0
train,43196,5
train,43197,7
train,43198,6
train,43199,1
train,43200,8
train,43201,1
train,43202,6
train,43203,1
train,43204,4
train,43205,7
train,43206,2
train,43207,3
train,43208,9
train,43209,9
train,43210,1
train,43211,2
train,43212,3
train,43213,1
train,43214,0
train,43215,9
train,43216,8
train,43217,4
train,43218,0
train,43219,3
train,43220,8
train,43221,5
train,43222,1
train,43223,0
train,43224,3
train,43225,0
train,43226,4
train,43227,3
train,43228,0
train,43229,2
train,43230,2
train,43231,1
train,43232,3
train,43233,6
train,43234,1
train,43235,6
train,43236,4
train,43237,1
train,43238,4
train,43239,1
train,43240,8
train,43241,3
train,43242,9
train,43243,6
train,43244,8
train,43245,5
train,43246,1
train,43247,9
train,43248,3
train,43249,6
train,43250,8
train,43251,1
train,43252,1
train,43253,6
train,43254,7
train,43255,3
train,43256,2
train,43257,9
train,43258,9
train,43259,2
train,43260,5
train,43261,0
train,43262,4
train,43263,9
train,43264,6
train,43265,4
train,43266,9
train,43267,6
train,43268,2
train,43269,5
train,43270,4
train,43271,4
train,43272,7
train,43273,9
train,43274,9
train,43275,0
train,43276,0
train,43277,3
train,43278,8
train,43279,1
train,43280,3
train,43281,8
train,43282,8
train,43283,9
train,43284,9
train,43285,2
train,43286,6
train,43287,5
train,43288,1
train,43289,5
train,43290,4
train,43291,5
train,43292,4
train,43293,9
train,43294,0
train,43295,5
train,43296,6
train,43297,6
train,43298,2
train,43299,9
train,43300,0
train,43301,3
train,43302,1
train,43303,9
train,43304,9
train,43305,3
train,43306,4
train,43307,3
train,43308,6
train,43309,8
train,43310,5
train,43311,9
train,43312,5
train,43313,8
train,43314,1
train,43315,7
train,43316,2
train,43317,4
train,43318,5
train,43319,2
train,43320,1
train,43321,8
train,43322,3
train,43323,6
train,43324,0
train,43325,8
train,43326,5
train,43327,8
train,43328,3
train,43329,5
train,43330,5
train,43331,6
train,43332,4
train,43333,3
train,43334,2
train,43335,1
train,43336,0
train,43337,5
train,43338,5
train,43339,8
train,43340,3
train,43341,5
train,43342,8
train,43343,4
train,43344,3
train,43345,8
train,43346,0
train,43347,9
train,43348,1
train,43349,7
train,43350,0
train,43351,4
train,43352,1
train,43353,9
train,43354,1
train,43355,4
train,43356,3
train,43357,7
train,43358,7
train,43359,1
train,43360,4
train,43361,6
train,43362,0
train,43363,1
train,43364,2
train,43365,4
train,43366,3
train,43367,6
train,43368,2
train,43369,9
train,43370,4
train,43371,0
train,43372,8
train,43373,2
train,43374,0
train,43375,3
train,43376,8
train,43377,9
train,43378,8
train,43379,5
train,43380,7
train,43381,4
train,43382,8
train,43383,2
train,43384,3
train,43385,8
train,43386,4
train,43387,4
train,43388,0
train,43389,5
train,43390,8
train,43391,5
train,43392,9
train,43393,2
train,43394,8
train,43395,8
train,43396,1
train,43397,4
train,43398,7
train,43399,7
train,43400,2
train,43401,2
train,43402,9
train,43403,7
train,43404,1
train,43405,3
train,43406,5
train,43407,1
train,43408,4
train,43409,8
train,43410,1
train,43411,2
train,43412,7
train,43413,2
train,43414,7
train,43415,5
train,43416,5
train,43417,8
train,43418,8
train,43419,1
train,43420,1
train,43421,1
train,43422,0
train,43423,9
train,43424,9
train,43425,9
train,43426,3
train,43427,7
train,43428,6
train,43429,8
train,43430,5
train,43431,5
train,43432,0
train,43433,7
train,43434,0
train,43435,7
train,43436,7
train,43437,5
train,43438,2
train,43439,5
train,43440,0
train,43441,4
train,43442,2
train,43443,1
train,43444,2
train,43445,7
train,43446,1
train,43447,5
train,43448,3
train,43449,0
train,43450,5
train,43451,7
train,43452,3
train,43453,5
train,43454,4
train,43455,4
train,43456,9
train,43457,3
train,43458,7
train,43459,7
train,43460,4
train,43461,2
train,43462,8
train,43463,4
train,43464,4
train,43465,9
train,43466,6
train,43467,7
train,43468,7
train,43469,6
train,43470,9
train,43471,9
train,43472,7
train,43473,0
train,43474,1
train,43475,3
train,43476,3
train,43477,5
train,43478,4
train,43479,5
train,43480,1
train,43481,6
train,43482,7
train,43483,6
train,43484,8
train,43485,3
train,43486,3
train,43487,6
train,43488,2
train,43489,6
train,43490,0
train,43491,5
train,43492,5
train,43493,7
train,43494,7
train,43495,5
train,43496,7
train,43497,9
train,43498,4
train,43499,4
train,43500,8
train,43501,7
train,43502,4
train,43503,6
train,43504,3
train,43505,9
train,43506,0
train,43507,8
train,43508,3
train,43509,3
train,43510,0
train,43511,3
train,43512,6
train,43513,0
train,43514,8
train,43515,5
train,43516,9
train,43517,2
train,43518,1
train,43519,7
train,43520,1
train,43521,4
train,43522,6
train,43523,9
train,43524,8
train,43525,8
train,43526,6
train,43527,2
train,43528,9
train,43529,0
train,43530,0
train,43531,9
train,43532,9
train,43533,8
train,43534,4
train,43535,3
train,43536,0
train,43537,6
train,43538,8
train,43539,4
train,43540,0
train,43541,6
train,43542,2
train,43543,9
train,43544,2
train,43545,8
train,43546,5
train,43547,0
train,43548,4
train,43549,2
train,43550,4
train,43551,7
train,43552,9
train,43553,6
train,43554,5
train,43555,1
train,43556,1
train,43557,2
train,43558,9
train,43559,5
train,43560,1
train,43561,7
train,43562,4
train,43563,0
train,43564,9
train,43565,1
train,43566,4
train,43567,5
train,43568,3
train,43569,0
train,43570,4
train,43571,1
train,43572,0
train,43573,5
train,43574,7
train,43575,7
train,43576,5
train,43577,2
train,43578,3
train,43579,8
train,43580,4
train,43581,7
train,43582,0
train,43583,4
train,43584,5
train,43585,3
train,43586,6
train,43587,0
train,43588,8
train,43589,9
train,43590,1
train,43591,2
train,43592,0
train,43593,3
train,43594,8
train,43595,6
train,43596,6
train,43597,7
train,43598,5
train,43599,0
train,43600,4
train,43601,7
train,43602,4
train,43603,8
train,43604,4
train,43605,9
train,43606,4
train,43607,6
train,43608,5
train,43609,1
train,43610,0
train,43611,7
train,43612,0
train,43613,6
train,43614,8
train,43615,1
train,43616,9
train,43617,4
train,43618,4
train,43619,3
train,43620,3
train,43621,7
train,43622,5
train,43623,8
train,43624,7
train,43625,1
train,43626,5
train,43627,4
train,43628,5
train,43629,4
train,43630,4
train,43631,7
train,43632,2
train,43633,0
train,43634,9
train,43635,0
train,43636,5
train,43637,5
train,43638,4
train,43639,3
train,43640,7
train,43641,7
train,43642,4
train,43643,9
train,43644,4
train,43645,0
train,43646,7
train,43647,3
train,43648,6
train,43649,0
train,43650,1
train,43651,9
train,43652,1
train,43653,3
train,43654,2
train,43655,3
train,43656,1
train,43657,0
train,43658,2
train,43659,7
train,43660,8
train,43661,4
train,43662,6
train,43663,8
train,43664,8
train,43665,0
train,43666,3
train,43667,1
train,43668,7
train,43669,3
train,43670,3
train,43671,8
train,43672,0
train,43673,7
train,43674,4
train,43675,6
train,43676,6
train,43677,5
train,43678,1
train,43679,5
train,43680,6
train,43681,6
train,43682,0
train,43683,1
train,43684,7
train,43685,0
train,43686,6
train,43687,5
train,43688,6
train,43689,8
train,43690,7
train,43691,6
train,43692,5
train,43693,7
train,43694,8
train,43695,1
train,43696,4
train,43697,5
train,43698,2
train,43699,7
train,43700,4
train,43701,3
train,43702,1
train,43703,5
train,43704,7
train,43705,9
train,43706,5
train,43707,1
train,43708,7
train,43709,7
train,43710,7
train,43711,6
train,43712,8
train,43713,4
train,43714,2
train,43715,1
train,43716,5
train,43717,2
train,43718,5
train,43719,9
train,43720,1
train,43721,8
train,43722,4
train,43723,2
train,43724,2
train,43725,2
train,43726,3
train,43727,8
train,43728,8
train,43729,4
train,43730,9
train,43731,8
train,43732,0
train,43733,3
train,43734,8
train,43735,7
train,43736,9
train,43737,6
train,43738,4
train,43739,2
train,43740,9
train,43741,0
train,43742,2
train,43743,5
train,43744,0
train,43745,4
train,43746,0
train,43747,3
train,43748,7
train,43749,7
train,43750,3
train,43751,2
train,43752,9
train,43753,3
train,43754,2
train,43755,0
train,43756,0
train,43757,8
train,43758,4
train,43759,8
train,43760,8
train,43761,7
train,43762,4
train,43763,7
train,43764,8
train,43765,0
train,43766,1
train,43767,8
train,43768,2
train,43769,4
train,43770,1
train,43771,5
train,43772,7
train,43773,0
train,43774,2
train,43775,0
train,43776,2
train,43777,4
train,43778,0
train,43779,8
train,43780,2
train,43781,2
train,43782,2
train,43783,3
train,43784,0
train,43785,4
train,43786,3
train,43787,8
train,43788,6
train,43789,7
train,43790,5
train,43791,5
train,43792,9
train,43793,4
train,43794,4
train,43795,5
train,43796,1
train,43797,9
train,43798,4
train,43799,6
train,43800,1
train,43801,2
train,43802,6
train,43803,5
train,43804,6
train,43805,2
train,43806,6
train,43807,4
train,43808,8
train,43809,8
train,43810,5
train,43811,9
train,43812,1
train,43813,2
train,43814,9
train,43815,6
train,43816,5
train,43817,8
train,43818,9
train,43819,2
train,43820,7
train,43821,9
train,43822,8
train,43823,5
train,43824,4
train,43825,0
train,43826,9
train,43827,9
train,43828,7
train,43829,0
train,43830,5
train,43831,5
train,43832,0
train,43833,7
train,43834,9
train,43835,8
train,43836,4
train,43837,9
train,43838,3
train,43839,5
train,43840,9
train,43841,5
train,43842,6
train,43843,3
train,43844,2
train,43845,7
train,43846,2
train,43847,3
train,43848,4
train,43849,2
train,43850,3
train,43851,2
train,43852,1
train,43853,1
train,43854,1
train,43855,9
train,43856,9
train,43857,4
train,43858,3
train,43859,9
train,43860,4
train,43861,0
train,43862,7
train,43863,6
train,43864,7
train,43865,9
train,43866,0
train,43867,1
train,43868,2
train,43869,8
train,43870,6
train,43871,0
train,43872,6
train,43873,6
train,43874,7
train,43875,7
train,43876,6
train,43877,2
train,43878,7
train,43879,8
train,43880,5
train,43881,8
train,43882,8
train,43883,0
train,43884,4
train,43885,3
train,43886,4
train,43887,0
train,43888,2
train,43889,3
train,43890,8
train,43891,7
train,43892,2
train,43893,4
train,43894,4
train,43895,9
train,43896,8
train,43897,5
train,43898,8
train,43899,5
train,43900,7
train,43901,9
train,43902,7
train,43903,5
train,43904,0
train,43905,0
train,43906,3
train,43907,3
train,43908,6
train,43909,9
train,43910,7
train,43911,9
train,43912,0
train,43913,8
train,43914,3
train,43915,2
train,43916,8
train,43917,0
train,43918,2
train,43919,5
train,43920,0
train,43921,3
train,43922,7
train,43923,3
train,43924,9
train,43925,7
train,43926,8
train,43927,9
train,43928,1
train,43929,5
train,43930,7
train,43931,6
train,43932,0
train,43933,3
train,43934,7
train,43935,5
train,43936,6
train,43937,6
train,43938,8
train,43939,2
train,43940,6
train,43941,5
train,43942,5
train,43943,3
train,43944,5
train,43945,3
train,43946,8
train,43947,9
train,43948,9
train,43949,8
train,43950,5
train,43951,1
train,43952,5
train,43953,2
train,43954,9
train,43955,8
train,43956,7
train,43957,5
train,43958,0
train,43959,9
train,43960,8
train,43961,3
train,43962,8
train,43963,2
train,43964,4
train,43965,2
train,43966,8
train,43967,0
train,43968,5
train,43969,6
train,43970,6
train,43971,1
train,43972,8
train,43973,2
train,43974,0
train,43975,9
train,43976,1
train,43977,7
train,43978,6
train,43979,9
train,43980,5
train,43981,4
train,43982,0
train,43983,0
train,43984,0
train,43985,5
train,43986,4
train,43987,8
train,43988,3
train,43989,0
train,43990,9
train,43991,0
train,43992,5
train,43993,5
train,43994,6
train,43995,0
train,43996,3
train,43997,8
train,43998,4
train,43999,9
train,44000,0
train,44001,1
train,44002,4
train,44003,2
train,44004,0
train,44005,9
train,44006,8
train,44007,4
train,44008,8
train,44009,2
train,44010,8
train,44011,1
train,44012,0
train,44013,5
train,44014,9
train,44015,7
train,44016,1
train,44017,1
train,44018,2
train,44019,9
train,44020,5
train,44021,2
train,44022,2
train,44023,7
train,44024,2
train,44025,1
train,44026,8
train,44027,6
train,44028,2
train,44029,3
train,44030,2
train,44031,6
train,44032,4
train,44033,9
train,44034,4
train,44035,3
train,44036,8
train,44037,0
train,44038,9
train,44039,8
train,44040,0
train,44041,6
train,44042,2
train,44043,6
train,44044,8
train,44045,5
train,44046,9
train,44047,6
train,44048,1
train,44049,0
train,44050,9
train,44051,6
train,44052,4
train,44053,2
train,44054,5
train,44055,8
train,44056,5
train,44057,7
train,44058,6
train,44059,2
train,44060,1
train,44061,4
train,44062,8
train,44063,4
train,44064,0
train,44065,1
train,44066,2
train,44067,1
train,44068,1
train,44069,4
train,44070,7
train,44071,7
train,44072,3
train,44073,0
train,44074,4
train,44075,3
train,44076,6
train,44077,4
train,44078,8
train,44079,5
train,44080,0
train,44081,8
train,44082,4
train,44083,4
train,44084,8
train,44085,3
train,44086,6
train,44087,0
train,44088,2
train,44089,1
train,44090,4
train,44091,7
train,44092,6
train,44093,8
train,44094,5
train,44095,8
train,44096,7
train,44097,0
train,44098,7
train,44099,2
train,44100,1
train,44101,4
train,44102,3
train,44103,5
train,44104,9
train,44105,0
train,44106,6
train,44107,8
train,44108,9
train,44109,2
train,44110,9
train,44111,4
train,44112,8
train,44113,1
train,44114,8
train,44115,3
train,44116,1
train,44117,7
train,44118,4
train,44119,3
train,44120,0
train,44121,9
train,44122,7
train,44123,0
train,44124,4
train,44125,5
train,44126,4
train,44127,7
train,44128,9
train,44129,3
train,44130,4
train,44131,2
train,44132,4
train,44133,0
train,44134,1
train,44135,8
train,44136,0
train,44137,3
train,44138,9
train,44139,8
train,44140,1
train,44141,3
train,44142,5
train,44143,6
train,44144,5
train,44145,6
train,44146,2
train,44147,9
train,44148,1
train,44149,2
train,44150,1
train,44151,4
train,44152,2
train,44153,1
train,44154,9
train,44155,6
train,44156,2
train,44157,8
train,44158,5
train,44159,0
train,44160,1
train,44161,3
train,44162,6
train,44163,2
train,44164,0
train,44165,6
train,44166,9
train,44167,9
train,44168,7
train,44169,9
train,44170,3
train,44171,7
train,44172,6
train,44173,0
train,44174,4
train,44175,4
train,44176,7
train,44177,0
train,44178,5
train,44179,0
train,44180,5
train,44181,0
train,44182,2
train,44183,6
train,44184,1
train,44185,7
train,44186,1
train,44187,5
train,44188,6
train,44189,6
train,44190,5
train,44191,4
train,44192,3
train,44193,0
train,44194,8
train,44195,6
train,44196,0
train,44197,1
train,44198,1
train,44199,5
train,44200,0
train,44201,8
train,44202,4
train,44203,5
train,44204,8
train,44205,2
train,44206,7
train,44207,5
train,44208,7
train,44209,3
train,44210,6
train,44211,6
train,44212,1
train,44213,0
train,44214,2
train,44215,9
train,44216,7
train,44217,9
train,44218,1
train,44219,4
train,44220,8
train,44221,9
train,44222,9
train,44223,1
train,44224,5
train,44225,8
train,44226,3
train,44227,0
train,44228,1
train,44229,6
train,44230,2
train,44231,8
train,44232,4
train,44233,2
train,44234,6
train,44235,2
train,44236,6
train,44237,1
train,44238,3
train,44239,2
train,44240,4
train,44241,7
train,44242,7
train,44243,5
train,44244,1
train,44245,9
train,44246,4
train,44247,8
train,44248,5
train,44249,8
train,44250,3
train,44251,4
train,44252,2
train,44253,3
train,44254,3
train,44255,4
train,44256,6
train,44257,8
train,44258,0
train,44259,7
train,44260,5
train,44261,1
train,44262,6
train,44263,8
train,44264,3
train,44265,9
train,44266,2
train,44267,2
train,44268,2
train,44269,6
train,44270,6
train,44271,4
train,44272,2
train,44273,0
train,44274,9
train,44275,2
train,44276,1
train,44277,6
train,44278,3
train,44279,0
train,44280,3
train,44281,9
train,44282,3
train,44283,9
train,44284,1
train,44285,5
train,44286,3
train,44287,7
train,44288,2
train,44289,6
train,44290,0
train,44291,9
train,44292,6
train,44293,0
train,44294,7
train,44295,5
train,44296,3
train,44297,0
train,44298,5
train,44299,7
train,44300,9
train,44301,8
train,44302,4
train,44303,7
train,44304,7
train,44305,8
train,44306,6
train,44307,8
train,44308,0
train,44309,7
train,44310,5
train,44311,4
train,44312,0
train,44313,1
train,44314,7
train,44315,8
train,44316,6
train,44317,5
train,44318,8
train,44319,7
train,44320,7
train,44321,3
train,44322,1
train,44323,7
train,44324,4
train,44325,1
train,44326,9
train,44327,5
train,44328,1
train,44329,2
train,44330,4
train,44331,8
train,44332,2
train,44333,5
train,44334,0
train,44335,8
train,44336,3
train,44337,2
train,44338,1
train,44339,2
train,44340,7
train,44341,4
train,44342,4
train,44343,1
train,44344,4
train,44345,7
train,44346,8
train,44347,2
train,44348,8
train,44349,8
train,44350,6
train,44351,6
train,44352,7
train,44353,5
train,44354,4
train,44355,8
train,44356,5
train,44357,8
train,44358,5
train,44359,9
train,44360,5
train,44361,1
train,44362,4
train,44363,9
train,44364,0
train,44365,5
train,44366,4
train,44367,4
train,44368,4
train,44369,5
train,44370,4
train,44371,8
train,44372,8
train,44373,5
train,44374,2
train,44375,9
train,44376,7
train,44377,8
train,44378,4
train,44379,1
train,44380,5
train,44381,6
train,44382,3
train,44383,9
train,44384,2
train,44385,9
train,44386,0
train,44387,8
train,44388,0
train,44389,8
train,44390,6
train,44391,6
train,44392,1
train,44393,9
train,44394,9
train,44395,7
train,44396,1
train,44397,7
train,44398,5
train,44399,0
train,44400,7
train,44401,1
train,44402,7
train,44403,8
train,44404,9
train,44405,0
train,44406,1
train,44407,0
train,44408,3
train,44409,3
train,44410,4
train,44411,9
train,44412,9
train,44413,0
train,44414,9
train,44415,0
train,44416,7
train,44417,5
train,44418,5
train,44419,7
train,44420,0
train,44421,0
train,44422,0
train,44423,1
train,44424,0
train,44425,6
train,44426,1
train,44427,0
train,44428,3
train,44429,2
train,44430,3
train,44431,2
train,44432,7
train,44433,8
train,44434,8
train,44435,4
train,44436,1
train,44437,1
train,44438,2
train,44439,6
train,44440,7
train,44441,8
train,44442,6
train,44443,5
train,44444,0
train,44445,7
train,44446,2
train,44447,0
train,44448,8
train,44449,9
train,44450,7
train,44451,9
train,44452,5
train,44453,6
train,44454,4
train,44455,8
train,44456,1
train,44457,5
train,44458,1
train,44459,6
train,44460,4
train,44461,6
train,44462,9
train,44463,9
train,44464,3
train,44465,1
train,44466,1
train,44467,8
train,44468,2
train,44469,6
train,44470,1
train,44471,3
train,44472,5
train,44473,3
train,44474,1
train,44475,1
train,44476,9
train,44477,1
train,44478,6
train,44479,9
train,44480,6
train,44481,3
train,44482,7
train,44483,9
train,44484,4
train,44485,3
train,44486,5
train,44487,7
train,44488,8
train,44489,9
train,44490,6
train,44491,8
train,44492,3
train,44493,6
train,44494,0
train,44495,1
train,44496,8
train,44497,4
train,44498,6
train,44499,9
train,44500,7
train,44501,2
train,44502,6
train,44503,6
train,44504,9
train,44505,2
train,44506,0
train,44507,1
train,44508,0
train,44509,5
train,44510,3
train,44511,6
train,44512,3
train,44513,3
train,44514,2
train,44515,0
train,44516,8
train,44517,2
train,44518,5
train,44519,4
train,44520,3
train,44521,2
train,44522,4
train,44523,7
train,44524,4
train,44525,1
train,44526,0
train,44527,8
train,44528,8
train,44529,6
train,44530,9
train,44531,0
train,44532,1
train,44533,3
train,44534,4
train,44535,4
train,44536,1
train,44537,6
train,44538,4
train,44539,8
train,44540,1
train,44541,9
train,44542,6
train,44543,0
train,44544,6
train,44545,9
train,44546,9
train,44547,2
train,44548,3
train,44549,0
train,44550,2
train,44551,7
train,44552,4
train,44553,5
train,44554,3
train,44555,2
train,44556,4
train,44557,5
train,44558,8
train,44559,6
train,44560,9
train,44561,9
train,44562,9
train,44563,9
train,44564,4
train,44565,1
train,44566,6
train,44567,4
train,44568,1
train,44569,8
train,44570,6
train,44571,6
train,44572,7
train,44573,2
train,44574,4
train,44575,9
train,44576,8
train,44577,9
train,44578,2
train,44579,6
train,44580,9
train,44581,0
train,44582,4
train,44583,4
train,44584,0
train,44585,4
train,44586,0
train,44587,1
train,44588,1
train,44589,6
train,44590,2
train,44591,3
train,44592,8
train,44593,5
train,44594,9
train,44595,7
train,44596,8
train,44597,0
train,44598,1
train,44599,2
train,44600,4
train,44601,6
train,44602,6
train,44603,5
train,44604,1
train,44605,5
train,44606,9
train,44607,0
train,44608,8
train,44609,3
train,44610,5
train,44611,6
train,44612,9
train,44613,5
train,44614,1
train,44615,6
train,44616,9
train,44617,6
train,44618,2
train,44619,8
train,44620,4
train,44621,8
train,44622,3
train,44623,6
train,44624,6
train,44625,9
train,44626,8
train,44627,9
train,44628,1
train,44629,1
train,44630,4
train,44631,7
train,44632,7
train,44633,5
train,44634,9
train,44635,4
train,44636,4
train,44637,7
train,44638,4
train,44639,5
train,44640,0
train,44641,4
train,44642,2
train,44643,0
train,44644,5
train,44645,3
train,44646,8
train,44647,9
train,44648,9
train,44649,0
train,44650,8
train,44651,5
train,44652,3
train,44653,0
train,44654,2
train,44655,6
train,44656,6
train,44657,9
train,44658,5
train,44659,3
train,44660,2
train,44661,4
train,44662,3
train,44663,0
train,44664,8
train,44665,1
train,44666,3
train,44667,4
train,44668,2
train,44669,1
train,44670,9
train,44671,2
train,44672,8
train,44673,4
train,44674,9
train,44675,7
train,44676,5
train,44677,8
train,44678,3
train,44679,3
train,44680,8
train,44681,0
train,44682,6
train,44683,5
train,44684,4
train,44685,3
train,44686,8
train,44687,5
train,44688,8
train,44689,0
train,44690,4
train,44691,3
train,44692,2
train,44693,2
train,44694,4
train,44695,1
train,44696,6
train,44697,3
train,44698,7
train,44699,5
train,44700,4
train,44701,4
train,44702,0
train,44703,1
train,44704,0
train,44705,5
train,44706,7
train,44707,0
train,44708,1
train,44709,1
train,44710,7
train,44711,6
train,44712,5
train,44713,8
train,44714,3
train,44715,0
train,44716,4
train,44717,5
train,44718,7
train,44719,0
train,44720,5
train,44721,3
train,44722,9
train,44723,2
train,44724,8
train,44725,8
train,44726,5
train,44727,2
train,44728,3
train,44729,4
train,44730,6
train,44731,1
train,44732,5
train,44733,0
train,44734,7
train,44735,2
train,44736,8
train,44737,2
train,44738,2
train,44739,7
train,44740,8
train,44741,1
train,44742,7
train,44743,0
train,44744,0
train,44745,7
train,44746,9
train,44747,1
train,44748,9
train,44749,7
train,44750,8
train,44751,4
train,44752,0
train,44753,9
train,44754,4
train,44755,1
train,44756,0
train,44757,8
train,44758,6
train,44759,9
train,44760,9
train,44761,1
train,44762,6
train,44763,1
train,44764,7
train,44765,9
train,44766,9
train,44767,0
train,44768,6
train,44769,9
train,44770,1
train,44771,5
train,44772,4
train,44773,5
train,44774,1
train,44775,3
train,44776,5
train,44777,0
train,44778,5
train,44779,2
train,44780,0
train,44781,4
train,44782,3
train,44783,0
train,44784,9
train,44785,2
train,44786,7
train,44787,0
train,44788,9
train,44789,4
train,44790,8
train,44791,6
train,44792,3
train,44793,9
train,44794,4
train,44795,8
train,44796,3
train,44797,5
train,44798,3
train,44799,3
train,44800,6
train,44801,9
train,44802,6
train,44803,4
train,44804,2
train,44805,1
train,44806,5
train,44807,0
train,44808,7
train,44809,7
train,44810,5
train,44811,2
train,44812,0
train,44813,1
train,44814,9
train,44815,1
train,44816,5
train,44817,3
train,44818,9
train,44819,9
train,44820,5
train,44821,2
train,44822,0
train,44823,5
train,44824,6
train,44825,9
train,44826,7
train,44827,7
train,44828,3
train,44829,8
train,44830,7
train,44831,6
train,44832,8
train,44833,6
train,44834,1
train,44835,3
train,44836,7
train,44837,7
train,44838,3
train,44839,3
train,44840,8
train,44841,4
train,44842,2
train,44843,7
train,44844,3
train,44845,5
train,44846,1
train,44847,4
train,44848,8
train,44849,7
train,44850,1
train,44851,2
train,44852,3
train,44853,4
train,44854,8
train,44855,9
train,44856,9
train,44857,8
train,44858,1
train,44859,6
train,44860,2
train,44861,4
train,44862,9
train,44863,2
train,44864,8
train,44865,0
train,44866,5
train,44867,8
train,44868,7
train,44869,4
train,44870,6
train,44871,1
train,44872,3
train,44873,9
train,44874,3
train,44875,7
train,44876,3
train,44877,0
train,44878,2
train,44879,7
train,44880,5
train,44881,1
train,44882,9
train,44883,4
train,44884,0
train,44885,7
train,44886,8
train,44887,3
train,44888,5
train,44889,0
train,44890,0
train,44891,6
train,44892,6
train,44893,5
train,44894,7
train,44895,3
train,44896,7
train,44897,2
train,44898,8
train,44899,7
train,44900,7
train,44901,7
train,44902,3
train,44903,9
train,44904,5
train,44905,5
train,44906,3
train,44907,9
train,44908,0
train,44909,0
train,44910,3
train,44911,5
train,44912,3
train,44913,9
train,44914,8
train,44915,4
train,44916,1
train,44917,1
train,44918,1
train,44919,8
train,44920,2
train,44921,6
train,44922,3
train,44923,2
train,44924,3
train,44925,0
train,44926,7
train,44927,9
train,44928,7
train,44929,8
train,44930,2
train,44931,8
train,44932,9
train,44933,6
train,44934,5
train,44935,1
train,44936,8
train,44937,7
train,44938,2
train,44939,5
train,44940,3
train,44941,1
train,44942,9
train,44943,0
train,44944,0
train,44945,3
train,44946,3
train,44947,8
train,44948,0
train,44949,2
train,44950,2
train,44951,9
train,44952,6
train,44953,2
train,44954,3
train,44955,1
train,44956,4
train,44957,9
train,44958,8
train,44959,4
train,44960,8
train,44961,1
train,44962,2
train,44963,6
train,44964,6
train,44965,3
train,44966,1
train,44967,1
train,44968,9
train,44969,3
train,44970,6
train,44971,1
train,44972,0
train,44973,0
train,44974,1
train,44975,9
train,44976,6
train,44977,0
train,44978,1
train,44979,7
train,44980,2
train,44981,7
train,44982,5
train,44983,5
train,44984,7
train,44985,7
train,44986,9
train,44987,9
train,44988,1
train,44989,6
train,44990,2
train,44991,3
train,44992,3
train,44993,5
train,44994,1
train,44995,3
train,44996,0
train,44997,5
train,44998,8
train,44999,1
train,45000,1
train,45001,6
train,45002,7
train,45003,5
train,45004,3
train,45005,6
train,45006,9
train,45007,3
train,45008,0
train,45009,1
train,45010,2
train,45011,4
train,45012,7
train,45013,1
train,45014,8
train,45015,0
train,45016,9
train,45017,5
train,45018,3
train,45019,5
train,45020,1
train,45021,2
train,45022,6
train,45023,7
train,45024,6
train,45025,7
train,45026,2
train,45027,7
train,45028,6
train,45029,1
train,45030,6
train,45031,9
train,45032,5
train,45033,2
train,45034,1
train,45035,0
train,45036,9
train,45037,5
train,45038,7
train,45039,5
train,45040,6
train,45041,9
train,45042,5
train,45043,2
train,45044,5
train,45045,2
train,45046,2
train,45047,3
train,45048,4
train,45049,6
train,45050,9
train,45051,8
train,45052,9
train,45053,8
train,45054,5
train,45055,9
train,45056,3
train,45057,7
train,45058,3
train,45059,7
train,45060,5
train,45061,3
train,45062,3
train,45063,1
train,45064,9
train,45065,2
train,45066,0
train,45067,4
train,45068,3
train,45069,0
train,45070,6
train,45071,2
train,45072,2
train,45073,7
train,45074,3
train,45075,5
train,45076,5
train,45077,8
train,45078,3
train,45079,6
train,45080,4
train,45081,1
train,45082,3
train,45083,8
train,45084,4
train,45085,0
train,45086,2
train,45087,0
train,45088,3
train,45089,6
train,45090,6
train,45091,3
train,45092,3
train,45093,2
train,45094,2
train,45095,6
train,45096,0
train,45097,8
train,45098,8
train,45099,2
train,45100,1
train,45101,1
train,45102,6
train,45103,2
train,45104,4
train,45105,4
train,45106,8
train,45107,2
train,45108,1
train,45109,8
train,45110,3
train,45111,1
train,45112,2
train,45113,1
train,45114,6
train,45115,2
train,45116,1
train,45117,9
train,45118,7
train,45119,4
train,45120,3
train,45121,4
train,45122,4
train,45123,5
train,45124,8
train,45125,1
train,45126,7
train,45127,3
train,45128,6
train,45129,1
train,45130,9
train,45131,3
train,45132,5
train,45133,9
train,45134,6
train,45135,1
train,45136,9
train,45137,2
train,45138,0
train,45139,1
train,45140,0
train,45141,4
train,45142,4
train,45143,1
train,45144,9
train,45145,9
train,45146,4
train,45147,4
train,45148,1
train,45149,2
train,45150,7
train,45151,6
train,45152,0
train,45153,7
train,45154,4
train,45155,0
train,45156,5
train,45157,5
train,45158,0
train,45159,8
train,45160,9
train,45161,7
train,45162,9
train,45163,0
train,45164,0
train,45165,6
train,45166,2
train,45167,4
train,45168,7
train,45169,5
train,45170,7
train,45171,8
train,45172,4
train,45173,2
train,45174,1
train,45175,8
train,45176,6
train,45177,9
train,45178,1
train,45179,9
train,45180,0
train,45181,9
train,45182,4
train,45183,5
train,45184,4
train,45185,4
train,45186,4
train,45187,0
train,45188,7
train,45189,4
train,45190,9
train,45191,8
train,45192,2
train,45193,6
train,45194,6
train,45195,2
train,45196,5
train,45197,1
train,45198,8
train,45199,7
train,45200,1
train,45201,0
train,45202,7
train,45203,5
train,45204,4
train,45205,8
train,45206,7
train,45207,8
train,45208,2
train,45209,0
train,45210,0
train,45211,2
train,45212,9
train,45213,8
train,45214,0
train,45215,9
train,45216,5
train,45217,8
train,45218,8
train,45219,8
train,45220,7
train,45221,0
train,45222,3
train,45223,9
train,45224,5
train,45225,7
train,45226,1
train,45227,6
train,45228,6
train,45229,1
train,45230,8
train,45231,1
train,45232,3
train,45233,7
train,45234,4
train,45235,8
train,45236,8
train,45237,2
train,45238,2
train,45239,9
train,45240,9
train,45241,2
train,45242,7
train,45243,2
train,45244,2
train,45245,7
train,45246,1
train,45247,2
train,45248,6
train,45249,2
train,45250,5
train,45251,4
train,45252,5
train,45253,8
train,45254,1
train,45255,7
train,45256,6
train,45257,0
train,45258,4
train,45259,0
train,45260,1
train,45261,1
train,45262,9
train,45263,8
train,45264,5
train,45265,5
train,45266,1
train,45267,3
train,45268,6
train,45269,8
train,45270,6
train,45271,3
train,45272,2
train,45273,8
train,45274,2
train,45275,1
train,45276,5
train,45277,3
train,45278,8
train,45279,1
train,45280,2
train,45281,3
train,45282,9
train,45283,9
train,45284,6
train,45285,8
train,45286,4
train,45287,5
train,45288,2
train,45289,4
train,45290,1
train,45291,1
train,45292,6
train,45293,1
train,45294,6
train,45295,7
train,45296,8
train,45297,0
train,45298,8
train,45299,0
train,45300,8
train,45301,8
train,45302,4
train,45303,0
train,45304,7
train,45305,4
train,45306,9
train,45307,0
train,45308,0
train,45309,2
train,45310,3
train,45311,9
train,45312,3
train,45313,9
train,45314,0
train,45315,1
train,45316,2
train,45317,6
train,45318,2
train,45319,0
train,45320,3
train,45321,1
train,45322,6
train,45323,4
train,45324,2
train,45325,9
train,45326,1
train,45327,3
train,45328,8
train,45329,4
train,45330,3
train,45331,3
train,45332,6
train,45333,2
train,45334,3
train,45335,2
train,45336,7
train,45337,7
train,45338,4
train,45339,5
train,45340,3
train,45341,7
train,45342,9
train,45343,6
train,45344,2
train,45345,0
train,45346,7
train,45347,2
train,45348,4
train,45349,9
train,45350,6
train,45351,1
train,45352,5
train,45353,0
train,45354,9
train,45355,5
train,45356,5
train,45357,4
train,45358,5
train,45359,6
train,45360,3
train,45361,8
train,45362,8
train,45363,7
train,45364,4
train,45365,5
train,45366,8
train,45367,7
train,45368,5
train,45369,7
train,45370,6
train,45371,6
train,45372,6
train,45373,2
train,45374,6
train,45375,5
train,45376,2
train,45377,0
train,45378,6
train,45379,2
train,45380,2
train,45381,2
train,45382,5
train,45383,5
train,45384,0
train,45385,2
train,45386,5
train,45387,8
train,45388,6
train,45389,1
train,45390,3
train,45391,2
train,45392,3
train,45393,5
train,45394,3
train,45395,1
train,45396,7
train,45397,4
train,45398,7
train,45399,6
train,45400,4
train,45401,0
train,45402,6
train,45403,8
train,45404,5
train,45405,2
train,45406,2
train,45407,9
train,45408,3
train,45409,9
train,45410,1
train,45411,5
train,45412,0
train,45413,3
train,45414,7
train,45415,0
train,45416,4
train,45417,6
train,45418,6
train,45419,2
train,45420,4
train,45421,3
train,45422,8
train,45423,7
train,45424,1
train,45425,7
train,45426,1
train,45427,8
train,45428,4
train,45429,5
train,45430,2
train,45431,1
train,45432,5
train,45433,1
train,45434,6
train,45435,8
train,45436,7
train,45437,6
train,45438,1
train,45439,9
train,45440,0
train,45441,1
train,45442,5
train,45443,5
train,45444,0
train,45445,5
train,45446,7
train,45447,6
train,45448,6
train,45449,5
train,45450,6
train,45451,5
train,45452,0
train,45453,4
train,45454,9
train,45455,1
train,45456,9
train,45457,1
train,45458,8
train,45459,3
train,45460,1
train,45461,1
train,45462,1
train,45463,9
train,45464,4
train,45465,3
train,45466,3
train,45467,3
train,45468,2
train,45469,5
train,45470,0
train,45471,2
train,45472,9
train,45473,0
train,45474,7
train,45475,1
train,45476,6
train,45477,2
train,45478,9
train,45479,9
train,45480,3
train,45481,2
train,45482,0
train,45483,0
train,45484,0
train,45485,5
train,45486,7
train,45487,5
train,45488,9
train,45489,1
train,45490,9
train,45491,3
train,45492,5
train,45493,2
train,45494,4
train,45495,4
train,45496,1
train,45497,8
train,45498,0
train,45499,5
train,45500,3
train,45501,7
train,45502,4
train,45503,1
train,45504,2
train,45505,6
train,45506,3
train,45507,7
train,45508,1
train,45509,5
train,45510,1
train,45511,6
train,45512,2
train,45513,0
train,45514,4
train,45515,2
train,45516,8
train,45517,7
train,45518,1
train,45519,9
train,45520,8
train,45521,7
train,45522,0
train,45523,9
train,45524,7
train,45525,6
train,45526,1
train,45527,7
train,45528,0
train,45529,1
train,45530,3
train,45531,5
train,45532,4
train,45533,0
train,45534,8
train,45535,2
train,45536,7
train,45537,7
train,45538,6
train,45539,6
train,45540,1
train,45541,0
train,45542,5
train,45543,9
train,45544,9
train,45545,8
train,45546,6
train,45547,1
train,45548,5
train,45549,6
train,45550,0
train,45551,2
train,45552,4
train,45553,9
train,45554,5
train,45555,8
train,45556,0
train,45557,0
train,45558,5
train,45559,3
train,45560,9
train,45561,1
train,45562,5
train,45563,8
train,45564,3
train,45565,8
train,45566,6
train,45567,7
train,45568,8
train,45569,2
train,45570,5
train,45571,7
train,45572,5
train,45573,4
train,45574,3
train,45575,5
train,45576,4
train,45577,8
train,45578,4
train,45579,1
train,45580,4
train,45581,5
train,45582,1
train,45583,0
train,45584,4
train,45585,8
train,45586,4
train,45587,7
train,45588,7
train,45589,1
train,45590,6
train,45591,2
train,45592,1
train,45593,7
train,45594,2
train,45595,8
train,45596,5
train,45597,9
train,45598,6
train,45599,1
train,45600,7
train,45601,2
train,45602,8
train,45603,9
train,45604,8
train,45605,0
train,45606,3
train,45607,0
train,45608,9
train,45609,7
train,45610,4
train,45611,4
train,45612,4
train,45613,3
train,45614,0
train,45615,8
train,45616,5
train,45617,0
train,45618,3
train,45619,7
train,45620,3
train,45621,9
train,45622,5
train,45623,6
train,45624,3
train,45625,0
train,45626,8
train,45627,5
train,45628,8
train,45629,1
train,45630,2
train,45631,7
train,45632,7
train,45633,7
train,45634,4
train,45635,5
train,45636,7
train,45637,0
train,45638,9
train,45639,1
train,45640,6
train,45641,0
train,45642,5
train,45643,9
train,45644,3
train,45645,3
train,45646,5
train,45647,5
train,45648,8
train,45649,1
train,45650,6
train,45651,4
train,45652,9
train,45653,0
train,45654,5
train,45655,2
train,45656,1
train,45657,5
train,45658,0
train,45659,5
train,45660,7
train,45661,2
train,45662,6
train,45663,9
train,45664,0
train,45665,8
train,45666,5
train,45667,0
train,45668,5
train,45669,3
train,45670,9
train,45671,7
train,45672,7
train,45673,4
train,45674,2
train,45675,6
train,45676,0
train,45677,5
train,45678,5
train,45679,7
train,45680,8
train,45681,0
train,45682,1
train,45683,4
train,45684,4
train,45685,6
train,45686,8
train,45687,7
train,45688,5
train,45689,1
train,45690,6
train,45691,2
train,45692,4
train,45693,4
train,45694,0
train,45695,3
train,45696,3
train,45697,5
train,45698,2
train,45699,6
train,45700,7
train,45701,8
train,45702,1
train,45703,6
train,45704,1
train,45705,5
train,45706,2
train,45707,3
train,45708,5
train,45709,8
train,45710,0
train,45711,6
train,45712,0
train,45713,6
train,45714,3
train,45715,2
train,45716,0
train,45717,8
train,45718,8
train,45719,8
train,45720,1
train,45721,4
train,45722,8
train,45723,7
train,45724,7
train,45725,9
train,45726,2
train,45727,3
train,45728,9
train,45729,3
train,45730,4
train,45731,4
train,45732,6
train,45733,4
train,45734,3
train,45735,6
train,45736,7
train,45737,8
train,45738,3
train,45739,4
train,45740,5
train,45741,9
train,45742,5
train,45743,5
train,45744,6
train,45745,4
train,45746,7
train,45747,1
train,45748,5
train,45749,3
train,45750,2
train,45751,6
train,45752,2
train,45753,3
train,45754,7
train,45755,4
train,45756,4
train,45757,3
train,45758,2
train,45759,3
train,45760,6
train,45761,2
train,45762,3
train,45763,1
train,45764,5
train,45765,6
train,45766,1
train,45767,1
train,45768,2
train,45769,6
train,45770,1
train,45771,3
train,45772,4
train,45773,4
train,45774,9
train,45775,4
train,45776,2
train,45777,9
train,45778,0
train,45779,4
train,45780,0
train,45781,9
train,45782,7
train,45783,6
train,45784,6
train,45785,6
train,45786,1
train,45787,4
train,45788,5
train,45789,5
train,45790,5
train,45791,7
train,45792,8
train,45793,7
train,45794,8
train,45795,0
train,45796,1
train,45797,7
train,45798,0
train,45799,4
train,45800,8
train,45801,4
train,45802,0
train,45803,9
train,45804,0
train,45805,3
train,45806,3
train,45807,9
train,45808,1
train,45809,7
train,45810,0
train,45811,7
train,45812,7
train,45813,9
train,45814,8
train,45815,4
train,45816,6
train,45817,7
train,45818,4
train,45819,2
train,45820,0
train,45821,0
train,45822,0
train,45823,2
train,45824,6
train,45825,6
train,45826,5
train,45827,9
train,45828,4
train,45829,9
train,45830,1
train,45831,7
train,45832,8
train,45833,1
train,45834,9
train,45835,6
train,45836,3
train,45837,4
train,45838,8
train,45839,9
train,45840,0
train,45841,3
train,45842,4
train,45843,9
train,45844,3
train,45845,6
train,45846,8
train,45847,3
train,45848,4
train,45849,2
train,45850,6
train,45851,9
train,45852,4
train,45853,6
train,45854,1
train,45855,1
train,45856,8
train,45857,1
train,45858,2
train,45859,5
train,45860,3
train,45861,7
train,45862,7
train,45863,5
train,45864,4
train,45865,9
train,45866,8
train,45867,5
train,45868,1
train,45869,9
train,45870,8
train,45871,7
train,45872,0
train,45873,1
train,45874,5
train,45875,5
train,45876,8
train,45877,8
train,45878,4
train,45879,3
train,45880,2
train,45881,0
train,45882,5
train,45883,6
train,45884,3
train,45885,2
train,45886,4
train,45887,7
train,45888,8
train,45889,9
train,45890,3
train,45891,5
train,45892,4
train,45893,2
train,45894,7
train,45895,7
train,45896,8
train,45897,8
train,45898,5
train,45899,4
train,45900,2
train,45901,8
train,45902,9
train,45903,6
train,45904,6
train,45905,3
train,45906,8
train,45907,0
train,45908,5
train,45909,8
train,45910,9
train,45911,4
train,45912,4
train,45913,9
train,45914,3
train,45915,3
train,45916,2
train,45917,0
train,45918,0
train,45919,7
train,45920,3
train,45921,9
train,45922,2
train,45923,5
train,45924,7
train,45925,3
train,45926,5
train,45927,9
train,45928,7
train,45929,4
train,45930,1
train,45931,4
train,45932,8
train,45933,6
train,45934,3
train,45935,9
train,45936,1
train,45937,6
train,45938,0
train,45939,4
train,45940,2
train,45941,0
train,45942,1
train,45943,4
train,45944,1
train,45945,7
train,45946,5
train,45947,0
train,45948,9
train,45949,8
train,45950,0
train,45951,7
train,45952,0
train,45953,1
train,45954,1
train,45955,6
train,45956,0
train,45957,7
train,45958,5
train,45959,8
train,45960,2
train,45961,6
train,45962,2
train,45963,3
train,45964,8
train,45965,1
train,45966,5
train,45967,6
train,45968,1
train,45969,0
train,45970,1
train,45971,5
train,45972,5
train,45973,9
train,45974,7
train,45975,4
train,45976,5
train,45977,0
train,45978,5
train,45979,5
train,45980,7
train,45981,2
train,45982,3
train,45983,1
train,45984,8
train,45985,8
train,45986,7
train,45987,1
train,45988,9
train,45989,7
train,45990,2
train,45991,2
train,45992,9
train,45993,4
train,45994,8
train,45995,7
train,45996,5
train,45997,3
train,45998,2
train,45999,1
train,46000,0
train,46001,3
train,46002,0
train,46003,6
train,46004,8
train,46005,0
train,46006,9
train,46007,4
train,46008,8
train,46009,8
train,46010,2
train,46011,2
train,46012,0
train,46013,8
train,46014,8
train,46015,1
train,46016,5
train,46017,9
train,46018,3
train,46019,2
train,46020,9
train,46021,9
train,46022,5
train,46023,1
train,46024,5
train,46025,8
train,46026,7
train,46027,0
train,46028,5
train,46029,0
train,46030,6
train,46031,2
train,46032,8
train,46033,3
train,46034,0
train,46035,9
train,46036,6
train,46037,8
train,46038,9
train,46039,3
train,46040,4
train,46041,5
train,46042,8
train,46043,3
train,46044,4
train,46045,1
train,46046,9
train,46047,2
train,46048,6
train,46049,8
train,46050,3
train,46051,7
train,46052,2
train,46053,0
train,46054,4
train,46055,3
train,46056,4
train,46057,5
train,46058,1
train,46059,3
train,46060,7
train,46061,1
train,46062,4
train,46063,5
train,46064,2
train,46065,7
train,46066,7
train,46067,7
train,46068,5
train,46069,0
train,46070,2
train,46071,7
train,46072,8
train,46073,8
train,46074,2
train,46075,2
train,46076,1
train,46077,6
train,46078,2
train,46079,0
train,46080,4
train,46081,7
train,46082,8
train,46083,2
train,46084,4
train,46085,4
train,46086,1
train,46087,2
train,46088,5
train,46089,4
train,46090,6
train,46091,0
train,46092,3
train,46093,4
train,46094,0
train,46095,8
train,46096,0
train,46097,3
train,46098,4
train,46099,4
train,46100,8
train,46101,4
train,46102,0
train,46103,4
train,46104,0
train,46105,9
train,46106,7
train,46107,4
train,46108,0
train,46109,4
train,46110,0
train,46111,3
train,46112,3
train,46113,4
train,46114,7
train,46115,8
train,46116,3
train,46117,0
train,46118,5
train,46119,3
train,46120,6
train,46121,5
train,46122,0
train,46123,9
train,46124,5
train,46125,3
train,46126,7
train,46127,8
train,46128,9
train,46129,6
train,46130,6
train,46131,8
train,46132,8
train,46133,2
train,46134,7
train,46135,6
train,46136,5
train,46137,5
train,46138,6
train,46139,1
train,46140,4
train,46141,7
train,46142,9
train,46143,3
train,46144,7
train,46145,7
train,46146,2
train,46147,1
train,46148,0
train,46149,9
train,46150,6
train,46151,2
train,46152,3
train,46153,8
train,46154,1
train,46155,2
train,46156,6
train,46157,8
train,46158,2
train,46159,7
train,46160,6
train,46161,3
train,46162,2
train,46163,3
train,46164,7
train,46165,2
train,46166,2
train,46167,6
train,46168,5
train,46169,5
train,46170,9
train,46171,9
train,46172,6
train,46173,1
train,46174,3
train,46175,7
train,46176,0
train,46177,0
train,46178,4
train,46179,1
train,46180,9
train,46181,5
train,46182,5
train,46183,3
train,46184,7
train,46185,5
train,46186,1
train,46187,0
train,46188,6
train,46189,6
train,46190,0
train,46191,3
train,46192,1
train,46193,2
train,46194,0
train,46195,0
train,46196,0
train,46197,6
train,46198,5
train,46199,4
train,46200,4
train,46201,4
train,46202,3
train,46203,9
train,46204,7
train,46205,1
train,46206,5
train,46207,2
train,46208,8
train,46209,0
train,46210,3
train,46211,3
train,46212,3
train,46213,7
train,46214,9
train,46215,2
train,46216,1
train,46217,1
train,46218,4
train,46219,8
train,46220,8
train,46221,8
train,46222,4
train,46223,6
train,46224,4
train,46225,6
train,46226,6
train,46227,8
train,46228,8
train,46229,6
train,46230,4
train,46231,8
train,46232,3
train,46233,3
train,46234,3
train,46235,3
train,46236,0
train,46237,1
train,46238,0
train,46239,5
train,46240,4
train,46241,7
train,46242,7
train,46243,9
train,46244,4
train,46245,4
train,46246,2
train,46247,1
train,46248,8
train,46249,1
train,46250,4
train,46251,2
train,46252,9
train,46253,8
train,46254,5
train,46255,3
train,46256,7
train,46257,0
train,46258,9
train,46259,9
train,46260,8
train,46261,4
train,46262,9
train,46263,4
train,46264,2
train,46265,1
train,46266,3
train,46267,1
train,46268,8
train,46269,5
train,46270,9
train,46271,1
train,46272,4
train,46273,8
train,46274,3
train,46275,9
train,46276,0
train,46277,1
train,46278,2
train,46279,7
train,46280,7
train,46281,8
train,46282,6
train,46283,8
train,46284,9
train,46285,4
train,46286,7
train,46287,4
train,46288,4
train,46289,1
train,46290,1
train,46291,8
train,46292,2
train,46293,5
train,46294,2
train,46295,1
train,46296,9
train,46297,5
train,46298,7
train,46299,7
train,46300,9
train,46301,1
train,46302,8
train,46303,9
train,46304,6
train,46305,5
train,46306,0
train,46307,0
train,46308,8
train,46309,0
train,46310,3
train,46311,2
train,46312,6
train,46313,8
train,46314,9
train,46315,9
train,46316,8
train,46317,8
train,46318,7
train,46319,2
train,46320,3
train,46321,0
train,46322,1
train,46323,4
train,46324,5
train,46325,1
train,46326,8
train,46327,3
train,46328,1
train,46329,6
train,46330,6
train,46331,0
train,46332,9
train,46333,1
train,46334,9
train,46335,6
train,46336,5
train,46337,1
train,46338,5
train,46339,2
train,46340,1
train,46341,0
train,46342,3
train,46343,5
train,46344,1
train,46345,4
train,46346,5
train,46347,1
train,46348,2
train,46349,1
train,46350,9
train,46351,8
train,46352,7
train,46353,8
train,46354,1
train,46355,9
train,46356,9
train,46357,8
train,46358,9
train,46359,7
train,46360,0
train,46361,6
train,46362,6
train,46363,4
train,46364,0
train,46365,2
train,46366,3
train,46367,6
train,46368,5
train,46369,2
train,46370,2
train,46371,9
train,46372,1
train,46373,4
train,46374,0
train,46375,4
train,46376,4
train,46377,3
train,46378,2
train,46379,3
train,46380,7
train,46381,9
train,46382,8
train,46383,2
train,46384,6
train,46385,3
train,46386,5
train,46387,0
train,46388,0
train,46389,8
train,46390,6
train,46391,7
train,46392,8
train,46393,0
train,46394,2
train,46395,7
train,46396,2
train,46397,0
train,46398,1
train,46399,3
train,46400,8
train,46401,1
train,46402,9
train,46403,6
train,46404,4
train,46405,7
train,46406,9
train,46407,7
train,46408,3
train,46409,1
train,46410,0
train,46411,7
train,46412,1
train,46413,9
train,46414,2
train,46415,8
train,46416,2
train,46417,1
train,46418,9
train,46419,2
train,46420,0
train,46421,5
train,46422,7
train,46423,7
train,46424,7
train,46425,5
train,46426,3
train,46427,2
train,46428,6
train,46429,3
train,46430,1
train,46431,6
train,46432,3
train,46433,5
train,46434,1
train,46435,4
train,46436,6
train,46437,5
train,46438,4
train,46439,4
train,46440,6
train,46441,3
train,46442,8
train,46443,7
train,46444,4
train,46445,8
train,46446,4
train,46447,9
train,46448,8
train,46449,0
train,46450,1
train,46451,0
train,46452,9
train,46453,9
train,46454,6
train,46455,7
train,46456,0
train,46457,0
train,46458,1
train,46459,4
train,46460,2
train,46461,4
train,46462,8
train,46463,1
train,46464,3
train,46465,6
train,46466,0
train,46467,4
train,46468,2
train,46469,6
train,46470,4
train,46471,5
train,46472,4
train,46473,7
train,46474,4
train,46475,1
train,46476,8
train,46477,8
train,46478,8
train,46479,1
train,46480,9
train,46481,4
train,46482,9
train,46483,7
train,46484,8
train,46485,5
train,46486,9
train,46487,9
train,46488,3
train,46489,7
train,46490,6
train,46491,0
train,46492,1
train,46493,7
train,46494,4
train,46495,5
train,46496,0
train,46497,7
train,46498,6
train,46499,0
train,46500,2
train,46501,9
train,46502,8
train,46503,5
train,46504,5
train,46505,2
train,46506,9
train,46507,0
train,46508,5
train,46509,9
train,46510,6
train,46511,0
train,46512,6
train,46513,2
train,46514,8
train,46515,9
train,46516,7
train,46517,9
train,46518,8
train,46519,7
train,46520,1
train,46521,5
train,46522,9
train,46523,5
train,46524,7
train,46525,8
train,46526,8
train,46527,8
train,46528,6
train,46529,8
train,46530,6
train,46531,1
train,46532,0
train,46533,9
train,46534,6
train,46535,9
train,46536,2
train,46537,5
train,46538,1
train,46539,3
train,46540,6
train,46541,9
train,46542,0
train,46543,5
train,46544,8
train,46545,1
train,46546,2
train,46547,7
train,46548,1
train,46549,5
train,46550,9
train,46551,7
train,46552,1
train,46553,4
train,46554,5
train,46555,4
train,46556,0
train,46557,5
train,46558,3
train,46559,5
train,46560,2
train,46561,4
train,46562,5
train,46563,3
train,46564,2
train,46565,6
train,46566,6
train,46567,9
train,46568,3
train,46569,6
train,46570,8
train,46571,3
train,46572,4
train,46573,0
train,46574,4
train,46575,4
train,46576,3
train,46577,4
train,46578,5
train,46579,0
train,46580,8
train,46581,3
train,46582,5
train,46583,7
train,46584,3
train,46585,9
train,46586,9
train,46587,7
train,46588,9
train,46589,5
train,46590,8
train,46591,7
train,46592,9
train,46593,3
train,46594,4
train,46595,3
train,46596,2
train,46597,4
train,46598,3
train,46599,4
train,46600,9
train,46601,5
train,46602,6
train,46603,3
train,46604,4
train,46605,3
train,46606,1
train,46607,4
train,46608,7
train,46609,3
train,46610,0
train,46611,7
train,46612,9
train,46613,6
train,46614,7
train,46615,9
train,46616,2
train,46617,1
train,46618,0
train,46619,7
train,46620,9
train,46621,1
train,46622,9
train,46623,6
train,46624,7
train,46625,0
train,46626,9
train,46627,3
train,46628,0
train,46629,4
train,46630,9
train,46631,8
train,46632,6
train,46633,9
train,46634,1
train,46635,5
train,46636,3
train,46637,1
train,46638,8
train,46639,3
train,46640,5
train,46641,0
train,46642,6
train,46643,5
train,46644,7
train,46645,3
train,46646,7
train,46647,6
train,46648,4
train,46649,8
train,46650,6
train,46651,6
train,46652,8
train,46653,8
train,46654,4
train,46655,2
train,46656,7
train,46657,4
train,46658,2
train,46659,2
train,46660,5
train,46661,7
train,46662,0
train,46663,0
train,46664,2
train,46665,2
train,46666,6
train,46667,5
train,46668,6
train,46669,0
train,46670,9
train,46671,5
train,46672,6
train,46673,5
train,46674,0
train,46675,4
train,46676,9
train,46677,0
train,46678,5
train,46679,4
train,46680,4
train,46681,0
train,46682,7
train,46683,4
train,46684,9
train,46685,9
train,46686,4
train,46687,1
train,46688,3
train,46689,5
train,46690,8
train,46691,1
train,46692,7
train,46693,1
train,46694,9
train,46695,4
train,46696,1
train,46697,1
train,46698,3
train,46699,4
train,46700,6
train,46701,1
train,46702,4
train,46703,0
train,46704,0
train,46705,5
train,46706,3
train,46707,9
train,46708,2
train,46709,0
train,46710,2
train,46711,5
train,46712,7
train,46713,9
train,46714,9
train,46715,9
train,46716,8
train,46717,1
train,46718,8
train,46719,0
train,46720,4
train,46721,0
train,46722,8
train,46723,0
train,46724,3
train,46725,6
train,46726,3
train,46727,2
train,46728,2
train,46729,3
train,46730,0
train,46731,3
train,46732,9
train,46733,4
train,46734,4
train,46735,2
train,46736,9
train,46737,9
train,46738,1
train,46739,7
train,46740,0
train,46741,7
train,46742,3
train,46743,4
train,46744,4
train,46745,8
train,46746,9
train,46747,5
train,46748,6
train,46749,8
train,46750,9
train,46751,0
train,46752,3
train,46753,8
train,46754,4
train,46755,2
train,46756,9
train,46757,7
train,46758,6
train,46759,6
train,46760,8
train,46761,9
train,46762,5
train,46763,0
train,46764,2
train,46765,6
train,46766,7
train,46767,7
train,46768,2
train,46769,4
train,46770,7
train,46771,9
train,46772,0
train,46773,7
train,46774,7
train,46775,8
train,46776,3
train,46777,4
train,46778,5
train,46779,1
train,46780,7
train,46781,8
train,46782,6
train,46783,2
train,46784,6
train,46785,8
train,46786,1
train,46787,1
train,46788,5
train,46789,0
train,46790,4
train,46791,0
train,46792,4
train,46793,6
train,46794,1
train,46795,9
train,46796,3
train,46797,7
train,46798,9
train,46799,6
train,46800,1
train,46801,6
train,46802,9
train,46803,5
train,46804,3
train,46805,9
train,46806,2
train,46807,1
train,46808,7
train,46809,1
train,46810,3
train,46811,8
train,46812,3
train,46813,9
train,46814,1
train,46815,2
train,46816,7
train,46817,5
train,46818,7
train,46819,3
train,46820,5
train,46821,4
train,46822,5
train,46823,7
train,46824,5
train,46825,3
train,46826,3
train,46827,5
train,46828,5
train,46829,8
train,46830,9
train,46831,9
train,46832,8
train,46833,9
train,46834,0
train,46835,0
train,46836,2
train,46837,6
train,46838,7
train,46839,4
train,46840,3
train,46841,8
train,46842,6
train,46843,6
train,46844,9
train,46845,7
train,46846,2
train,46847,0
train,46848,4
train,46849,7
train,46850,3
train,46851,1
train,46852,4
train,46853,9
train,46854,7
train,46855,5
train,46856,6
train,46857,5
train,46858,5
train,46859,8
train,46860,8
train,46861,6
train,46862,9
train,46863,8
train,46864,8
train,46865,8
train,46866,3
train,46867,6
train,46868,8
train,46869,6
train,46870,6
train,46871,8
train,46872,8
train,46873,8
train,46874,1
train,46875,0
train,46876,3
train,46877,4
train,46878,1
train,46879,1
train,46880,0
train,46881,8
train,46882,1
train,46883,7
train,46884,4
train,46885,0
train,46886,6
train,46887,8
train,46888,1
train,46889,0
train,46890,6
train,46891,0
train,46892,2
train,46893,8
train,46894,5
train,46895,2
train,46896,0
train,46897,4
train,46898,7
train,46899,0
train,46900,2
train,46901,4
train,46902,4
train,46903,3
train,46904,1
train,46905,2
train,46906,0
train,46907,5
train,46908,3
train,46909,6
train,46910,7
train,46911,7
train,46912,8
train,46913,0
train,46914,4
train,46915,8
train,46916,8
train,46917,4
train,46918,5
train,46919,0
train,46920,8
train,46921,5
train,46922,9
train,46923,3
train,46924,9
train,46925,1
train,46926,6
train,46927,3
train,46928,2
train,46929,7
train,46930,2
train,46931,3
train,46932,8
train,46933,0
train,46934,9
train,46935,1
train,46936,5
train,46937,7
train,46938,6
train,46939,0
train,46940,4
train,46941,0
train,46942,4
train,46943,8
train,46944,2
train,46945,3
train,46946,1
train,46947,3
train,46948,3
train,46949,2
train,46950,5
train,46951,1
train,46952,2
train,46953,2
train,46954,1
train,46955,9
train,46956,2
train,46957,1
train,46958,9
train,46959,3
train,46960,7
train,46961,5
train,46962,9
train,46963,8
train,46964,6
train,46965,2
train,46966,0
train,46967,3
train,46968,5
train,46969,7
train,46970,0
train,46971,7
train,46972,1
train,46973,1
train,46974,2
train,46975,2
train,46976,5
train,46977,7
train,46978,6
train,46979,3
train,46980,4
train,46981,3
train,46982,6
train,46983,1
train,46984,2
train,46985,4
train,46986,7
train,46987,7
train,46988,9
train,46989,8
train,46990,4
train,46991,1
train,46992,9
train,46993,3
train,46994,4
train,46995,2
train,46996,6
train,46997,1
train,46998,6
train,46999,9
train,47000,3
train,47001,8
train,47002,6
train,47003,3
train,47004,1
train,47005,5
train,47006,7
train,47007,7
train,47008,5
train,47009,3
train,47010,0
train,47011,5
train,47012,4
train,47013,6
train,47014,5
train,47015,4
train,47016,1
train,47017,4
train,47018,8
train,47019,9
train,47020,9
train,47021,9
train,47022,7
train,47023,3
train,47024,3
train,47025,3
train,47026,6
train,47027,2
train,47028,2
train,47029,9
train,47030,2
train,47031,0
train,47032,4
train,47033,0
train,47034,5
train,47035,3
train,47036,7
train,47037,8
train,47038,1
train,47039,3
train,47040,7
train,47041,8
train,47042,1
train,47043,0
train,47044,0
train,47045,0
train,47046,5
train,47047,6
train,47048,2
train,47049,0
train,47050,2
train,47051,5
train,47052,6
train,47053,1
train,47054,6
train,47055,6
train,47056,0
train,47057,3
train,47058,8
train,47059,9
train,47060,8
train,47061,9
train,47062,6
train,47063,5
train,47064,7
train,47065,4
train,47066,6
train,47067,2
train,47068,1
train,47069,5
train,47070,6
train,47071,2
train,47072,8
train,47073,2
train,47074,4
train,47075,9
train,47076,6
train,47077,1
train,47078,2
train,47079,1
train,47080,4
train,47081,9
train,47082,7
train,47083,2
train,47084,2
train,47085,0
train,47086,2
train,47087,8
train,47088,2
train,47089,8
train,47090,9
train,47091,4
train,47092,2
train,47093,3
train,47094,8
train,47095,4
train,47096,0
train,47097,9
train,47098,0
train,47099,8
train,47100,0
train,47101,7
train,47102,3
train,47103,6
train,47104,9
train,47105,0
train,47106,0
train,47107,4
train,47108,0
train,47109,3
train,47110,7
train,47111,3
train,47112,9
train,47113,4
train,47114,8
train,47115,3
train,47116,4
train,47117,2
train,47118,8
train,47119,1
train,47120,2
train,47121,7
train,47122,1
train,47123,8
train,47124,9
train,47125,6
train,47126,6
train,47127,8
train,47128,1
train,47129,8
train,47130,2
train,47131,7
train,47132,5
train,47133,7
train,47134,1
train,47135,3
train,47136,2
train,47137,5
train,47138,6
train,47139,6
train,47140,1
train,47141,0
train,47142,7
train,47143,6
train,47144,8
train,47145,5
train,47146,9
train,47147,1
train,47148,5
train,47149,4
train,47150,3
train,47151,0
train,47152,2
train,47153,7
train,47154,6
train,47155,5
train,47156,5
train,47157,8
train,47158,6
train,47159,3
train,47160,7
train,47161,6
train,47162,0
train,47163,4
train,47164,7
train,47165,6
train,47166,9
train,47167,3
train,47168,6
train,47169,2
train,47170,2
train,47171,7
train,47172,2
train,47173,4
train,47174,1
train,47175,4
train,47176,1
train,47177,5
train,47178,8
train,47179,7
train,47180,4
train,47181,9
train,47182,1
train,47183,4
train,47184,9
train,47185,2
train,47186,0
train,47187,6
train,47188,1
train,47189,4
train,47190,9
train,47191,3
train,47192,7
train,47193,9
train,47194,4
train,47195,9
train,47196,6
train,47197,0
train,47198,4
train,47199,1
train,47200,2
train,47201,8
train,47202,8
train,47203,6
train,47204,5
train,47205,9
train,47206,0
train,47207,5
train,47208,3
train,47209,0
train,47210,2
train,47211,2
train,47212,3
train,47213,0
train,47214,6
train,47215,1
train,47216,8
train,47217,2
train,47218,6
train,47219,4
train,47220,5
train,47221,1
train,47222,8
train,47223,8
train,47224,2
train,47225,8
train,47226,9
train,47227,4
train,47228,8
train,47229,8
train,47230,0
train,47231,1
train,47232,9
train,47233,6
train,47234,6
train,47235,9
train,47236,5
train,47237,4
train,47238,5
train,47239,9
train,47240,9
train,47241,3
train,47242,1
train,47243,2
train,47244,0
train,47245,8
train,47246,8
train,47247,4
train,47248,2
train,47249,5
train,47250,1
train,47251,4
train,47252,1
train,47253,3
train,47254,0
train,47255,9
train,47256,0
train,47257,6
train,47258,3
train,47259,0
train,47260,2
train,47261,2
train,47262,4
train,47263,7
train,47264,3
train,47265,7
train,47266,6
train,47267,4
train,47268,3
train,47269,2
train,47270,8
train,47271,9
train,47272,4
train,47273,7
train,47274,8
train,47275,1
train,47276,1
train,47277,5
train,47278,8
train,47279,7
train,47280,4
train,47281,4
train,47282,5
train,47283,0
train,47284,3
train,47285,5
train,47286,5
train,47287,3
train,47288,8
train,47289,8
train,47290,8
train,47291,2
train,47292,5
train,47293,7
train,47294,4
train,47295,1
train,47296,4
train,47297,2
train,47298,5
train,47299,7
train,47300,5
train,47301,9
train,47302,6
train,47303,1
train,47304,7
train,47305,0
train,47306,3
train,47307,2
train,47308,8
train,47309,7
train,47310,0
train,47311,4
train,47312,8
train,47313,3
train,47314,8
train,47315,9
train,47316,2
train,47317,1
train,47318,0
train,47319,4
train,47320,5
train,47321,7
train,47322,8
train,47323,8
train,47324,2
train,47325,0
train,47326,7
train,47327,4
train,47328,3
train,47329,6
train,47330,2
train,47331,4
train,47332,7
train,47333,8
train,47334,2
train,47335,0
train,47336,6
train,47337,1
train,47338,8
train,47339,7
train,47340,2
train,47341,8
train,47342,2
train,47343,8
train,47344,2
train,47345,7
train,47346,1
train,47347,2
train,47348,7
train,47349,9
train,47350,8
train,47351,3
train,47352,7
train,47353,2
train,47354,7
train,47355,8
train,47356,0
train,47357,3
train,47358,7
train,47359,2
train,47360,8
train,47361,4
train,47362,3
train,47363,5
train,47364,6
train,47365,1
train,47366,6
train,47367,2
train,47368,3
train,47369,4
train,47370,5
train,47371,2
train,47372,9
train,47373,5
train,47374,4
train,47375,9
train,47376,0
train,47377,4
train,47378,0
train,47379,2
train,47380,1
train,47381,4
train,47382,9
train,47383,2
train,47384,8
train,47385,5
train,47386,3
train,47387,4
train,47388,3
train,47389,5
train,47390,2
train,47391,9
train,47392,1
train,47393,4
train,47394,6
train,47395,7
train,47396,8
train,47397,5
train,47398,3
train,47399,4
train,47400,2
train,47401,9
train,47402,7
train,47403,6
train,47404,1
train,47405,6
train,47406,1
train,47407,7
train,47408,4
train,47409,9
train,47410,9
train,47411,7
train,47412,5
train,47413,8
train,47414,9
train,47415,9
train,47416,2
train,47417,9
train,47418,6
train,47419,5
train,47420,3
train,47421,6
train,47422,1
train,47423,3
train,47424,6
train,47425,5
train,47426,8
train,47427,2
train,47428,5
train,47429,9
train,47430,3
train,47431,0
train,47432,3
train,47433,4
train,47434,2
train,47435,8
train,47436,1
train,47437,5
train,47438,0
train,47439,9
train,47440,4
train,47441,5
train,47442,8
train,47443,0
train,47444,6
train,47445,7
train,47446,4
train,47447,7
train,47448,7
train,47449,1
train,47450,7
train,47451,4
train,47452,7
train,47453,1
train,47454,2
train,47455,3
train,47456,7
train,47457,4
train,47458,7
train,47459,4
train,47460,0
train,47461,2
train,47462,2
train,47463,8
train,47464,7
train,47465,5
train,47466,4
train,47467,1
train,47468,5
train,47469,4
train,47470,1
train,47471,6
train,47472,7
train,47473,2
train,47474,8
train,47475,2
train,47476,8
train,47477,9
train,47478,0
train,47479,0
train,47480,7
train,47481,9
train,47482,7
train,47483,9
train,47484,9
train,47485,6
train,47486,0
train,47487,2
train,47488,4
train,47489,8
train,47490,1
train,47491,1
train,47492,8
train,47493,2
train,47494,8
train,47495,7
train,47496,4
train,47497,5
train,47498,0
train,47499,4
train,47500,4
train,47501,5
train,47502,4
train,47503,2
train,47504,9
train,47505,3
train,47506,4
train,47507,0
train,47508,6
train,47509,5
train,47510,0
train,47511,6
train,47512,9
train,47513,6
train,47514,7
train,47515,9
train,47516,6
train,47517,5
train,47518,1
train,47519,1
train,47520,5
train,47521,8
train,47522,9
train,47523,0
train,47524,3
train,47525,7
train,47526,2
train,47527,5
train,47528,3
train,47529,1
train,47530,4
train,47531,9
train,47532,5
train,47533,7
train,47534,1
train,47535,1
train,47536,2
train,47537,4
train,47538,6
train,47539,0
train,47540,5
train,47541,8
train,47542,1
train,47543,4
train,47544,5
train,47545,8
train,47546,5
train,47547,2
train,47548,9
train,47549,0
train,47550,9
train,47551,4
train,47552,3
train,47553,0
train,47554,9
train,47555,6
train,47556,3
train,47557,6
train,47558,2
train,47559,7
train,47560,3
train,47561,0
train,47562,7
train,47563,0
train,47564,4
train,47565,5
train,47566,4
train,47567,5
train,47568,6
train,47569,7
train,47570,0
train,47571,5
train,47572,1
train,47573,6
train,47574,1
train,47575,7
train,47576,6
train,47577,6
train,47578,8
train,47579,5
train,47580,9
train,47581,8
train,47582,3
train,47583,1
train,47584,5
train,47585,2
train,47586,6
train,47587,3
train,47588,1
train,47589,1
train,47590,4
train,47591,0
train,47592,2
train,47593,4
train,47594,1
train,47595,1
train,47596,2
train,47597,5
train,47598,6
train,47599,9
train,47600,7
train,47601,9
train,47602,8
train,47603,4
train,47604,4
train,47605,3
train,47606,9
train,47607,3
train,47608,7
train,47609,3
train,47610,9
train,47611,5
train,47612,4
train,47613,8
train,47614,7
train,47615,7
train,47616,0
train,47617,4
train,47618,9
train,47619,0
train,47620,9
train,47621,2
train,47622,9
train,47623,5
train,47624,1
train,47625,3
train,47626,0
train,47627,4
train,47628,1
train,47629,5
train,47630,1
train,47631,3
train,47632,1
train,47633,1
train,47634,5
train,47635,8
train,47636,7
train,47637,3
train,47638,2
train,47639,5
train,47640,6
train,47641,1
train,47642,3
train,47643,4
train,47644,2
train,47645,1
train,47646,5
train,47647,7
train,47648,2
train,47649,7
train,47650,1
train,47651,3
train,47652,6
train,47653,2
train,47654,3
train,47655,5
train,47656,8
train,47657,1
train,47658,4
train,47659,4
train,47660,1
train,47661,5
train,47662,0
train,47663,5
train,47664,1
train,47665,1
train,47666,6
train,47667,5
train,47668,0
train,47669,8
train,47670,1
train,47671,9
train,47672,8
train,47673,6
train,47674,1
train,47675,1
train,47676,2
train,47677,9
train,47678,6
train,47679,3
train,47680,9
train,47681,7
train,47682,3
train,47683,3
train,47684,7
train,47685,0
train,47686,3
train,47687,6
train,47688,9
train,47689,9
train,47690,3
train,47691,3
train,47692,7
train,47693,8
train,47694,5
train,47695,8
train,47696,6
train,47697,5
train,47698,8
train,47699,6
train,47700,1
train,47701,4
train,47702,4
train,47703,2
train,47704,4
train,47705,5
train,47706,1
train,47707,4
train,47708,4
train,47709,1
train,47710,5
train,47711,0
train,47712,9
train,47713,4
train,47714,8
train,47715,3
train,47716,7
train,47717,8
train,47718,4
train,47719,3
train,47720,0
train,47721,7
train,47722,4
train,47723,7
train,47724,5
train,47725,2
train,47726,3
train,47727,9
train,47728,3
train,47729,7
train,47730,2
train,47731,0
train,47732,1
train,47733,7
train,47734,3
train,47735,0
train,47736,9
train,47737,9
train,47738,2
train,47739,3
train,47740,1
train,47741,3
train,47742,7
train,47743,0
train,47744,6
train,47745,8
train,47746,0
train,47747,2
train,47748,2
train,47749,9
train,47750,9
train,47751,7
train,47752,7
train,47753,3
train,47754,4
train,47755,3
train,47756,7
train,47757,2
train,47758,6
train,47759,9
train,47760,4
train,47761,6
train,47762,8
train,47763,3
train,47764,0
train,47765,5
train,47766,8
train,47767,2
train,47768,6
train,47769,4
train,47770,4
train,47771,2
train,47772,0
train,47773,3
train,47774,5
train,47775,4
train,47776,5
train,47777,0
train,47778,5
train,47779,5
train,47780,1
train,47781,1
train,47782,8
train,47783,7
train,47784,1
train,47785,9
train,47786,3
train,47787,5
train,47788,5
train,47789,9
train,47790,2
train,47791,1
train,47792,4
train,47793,8
train,47794,6
train,47795,3
train,47796,7
train,47797,4
train,47798,5
train,47799,5
train,47800,6
train,47801,2
train,47802,6
train,47803,3
train,47804,9
train,47805,6
train,47806,8
train,47807,3
train,47808,5
train,47809,5
train,47810,2
train,47811,6
train,47812,2
train,47813,8
train,47814,0
train,47815,0
train,47816,5
train,47817,9
train,47818,2
train,47819,8
train,47820,5
train,47821,1
train,47822,8
train,47823,9
train,47824,1
train,47825,6
train,47826,7
train,47827,3
train,47828,4
train,47829,5
train,47830,3
train,47831,0
train,47832,4
train,47833,7
train,47834,6
train,47835,4
train,47836,2
train,47837,0
train,47838,7
train,47839,7
train,47840,8
train,47841,4
train,47842,8
train,47843,9
train,47844,8
train,47845,3
train,47846,7
train,47847,6
train,47848,2
train,47849,6
train,47850,4
train,47851,0
train,47852,0
train,47853,8
train,47854,9
train,47855,3
train,47856,3
train,47857,0
train,47858,3
train,47859,8
train,47860,3
train,47861,2
train,47862,8
train,47863,7
train,47864,5
train,47865,6
train,47866,3
train,47867,4
train,47868,6
train,47869,8
train,47870,8
train,47871,5
train,47872,6
train,47873,0
train,47874,5
train,47875,7
train,47876,4
train,47877,9
train,47878,6
train,47879,3
train,47880,5
train,47881,0
train,47882,8
train,47883,5
train,47884,3
train,47885,9
train,47886,1
train,47887,7
train,47888,3
train,47889,1
train,47890,1
train,47891,8
train,47892,2
train,47893,7
train,47894,4
train,47895,3
train,47896,0
train,47897,1
train,47898,6
train,47899,0
train,47900,2
train,47901,2
train,47902,7
train,47903,1
train,47904,9
train,47905,8
train,47906,7
train,47907,2
train,47908,0
train,47909,0
train,47910,7
train,47911,4
train,47912,7
train,47913,3
train,47914,2
train,47915,0
train,47916,7
train,47917,7
train,47918,5
train,47919,5
train,47920,9
train,47921,8
train,47922,0
train,47923,6
train,47924,9
train,47925,0
train,47926,5
train,47927,7
train,47928,7
train,47929,8
train,47930,7
train,47931,1
train,47932,7
train,47933,2
train,47934,8
train,47935,6
train,47936,3
train,47937,7
train,47938,4
train,47939,7
train,47940,5
train,47941,1
train,47942,9
train,47943,3
train,47944,8
train,47945,8
train,47946,5
train,47947,0
train,47948,8
train,47949,6
train,47950,4
train,47951,5
train,47952,9
train,47953,2
train,47954,0
train,47955,0
train,47956,8
train,47957,1
train,47958,1
train,47959,7
train,47960,0
train,47961,0
train,47962,5
train,47963,3
train,47964,0
train,47965,1
train,47966,5
train,47967,0
train,47968,5
train,47969,9
train,47970,8
train,47971,9
train,47972,7
train,47973,6
train,47974,5
train,47975,1
train,47976,9
train,47977,6
train,47978,3
train,47979,0
train,47980,3
train,47981,1
train,47982,9
train,47983,4
train,47984,7
train,47985,9
train,47986,2
train,47987,2
train,47988,1
train,47989,8
train,47990,7
train,47991,3
train,47992,9
train,47993,9
train,47994,2
train,47995,5
train,47996,9
train,47997,1
train,47998,4
train,47999,6
train,48000,1
train,48001,9
train,48002,9
train,48003,4
train,48004,5
train,48005,3
train,48006,8
train,48007,1
train,48008,0
train,48009,9
train,48010,1
train,48011,1
train,48012,2
train,48013,0
train,48014,8
train,48015,7
train,48016,2
train,48017,4
train,48018,1
train,48019,4
train,48020,0
train,48021,0
train,48022,9
train,48023,0
train,48024,8
train,48025,2
train,48026,1
train,48027,2
train,48028,8
train,48029,7
train,48030,4
train,48031,6
train,48032,7
train,48033,1
train,48034,1
train,48035,2
train,48036,7
train,48037,3
train,48038,1
train,48039,4
train,48040,2
train,48041,1
train,48042,9
train,48043,0
train,48044,5
train,48045,6
train,48046,7
train,48047,0
train,48048,9
train,48049,7
train,48050,2
train,48051,4
train,48052,4
train,48053,8
train,48054,2
train,48055,8
train,48056,9
train,48057,9
train,48058,6
train,48059,8
train,48060,6
train,48061,4
train,48062,5
train,48063,1
train,48064,5
train,48065,9
train,48066,3
train,48067,3
train,48068,5
train,48069,1
train,48070,9
train,48071,3
train,48072,0
train,48073,9
train,48074,6
train,48075,3
train,48076,8
train,48077,6
train,48078,8
train,48079,3
train,48080,7
train,48081,8
train,48082,1
train,48083,5
train,48084,4
train,48085,6
train,48086,5
train,48087,2
train,48088,7
train,48089,3
train,48090,6
train,48091,7
train,48092,4
train,48093,3
train,48094,0
train,48095,3
train,48096,6
train,48097,6
train,48098,9
train,48099,2
train,48100,0
train,48101,1
train,48102,5
train,48103,3
train,48104,4
train,48105,2
train,48106,6
train,48107,0
train,48108,3
train,48109,4
train,48110,2
train,48111,4
train,48112,2
train,48113,5
train,48114,2
train,48115,4
train,48116,5
train,48117,5
train,48118,9
train,48119,5
train,48120,4
train,48121,5
train,48122,7
train,48123,9
train,48124,3
train,48125,8
train,48126,0
train,48127,4
train,48128,9
train,48129,8
train,48130,8
train,48131,7
train,48132,6
train,48133,7
train,48134,1
train,48135,8
train,48136,5
train,48137,0
train,48138,0
train,48139,4
train,48140,0
train,48141,5
train,48142,2
train,48143,2
train,48144,3
train,48145,4
train,48146,3
train,48147,0
train,48148,8
train,48149,6
train,48150,9
train,48151,0
train,48152,2
train,48153,3
train,48154,9
train,48155,0
train,48156,1
train,48157,5
train,48158,0
train,48159,1
train,48160,8
train,48161,3
train,48162,3
train,48163,2
train,48164,4
train,48165,8
train,48166,8
train,48167,2
train,48168,5
train,48169,4
train,48170,2
train,48171,3
train,48172,5
train,48173,1
train,48174,5
train,48175,2
train,48176,6
train,48177,9
train,48178,9
train,48179,5
train,48180,9
train,48181,7
train,48182,7
train,48183,3
train,48184,1
train,48185,1
train,48186,8
train,48187,3
train,48188,4
train,48189,4
train,48190,6
train,48191,0
train,48192,4
train,48193,9
train,48194,9
train,48195,0
train,48196,3
train,48197,9
train,48198,4
train,48199,5
train,48200,0
train,48201,8
train,48202,8
train,48203,4
train,48204,2
train,48205,7
train,48206,3
train,48207,3
train,48208,2
train,48209,9
train,48210,1
train,48211,0
train,48212,4
train,48213,7
train,48214,9
train,48215,7
train,48216,6
train,48217,5
train,48218,1
train,48219,0
train,48220,4
train,48221,2
train,48222,9
train,48223,2
train,48224,2
train,48225,3
train,48226,1
train,48227,6
train,48228,4
train,48229,4
train,48230,3
train,48231,8
train,48232,9
train,48233,0
train,48234,7
train,48235,5
train,48236,8
train,48237,3
train,48238,9
train,48239,8
train,48240,0
train,48241,7
train,48242,9
train,48243,9
train,48244,3
train,48245,7
train,48246,2
train,48247,9
train,48248,8
train,48249,1
train,48250,2
train,48251,4
train,48252,3
train,48253,2
train,48254,8
train,48255,5
train,48256,5
train,48257,7
train,48258,2
train,48259,0
train,48260,9
train,48261,8
train,48262,4
train,48263,5
train,48264,6
train,48265,2
train,48266,1
train,48267,8
train,48268,5
train,48269,8
train,48270,2
train,48271,4
train,48272,5
train,48273,9
train,48274,1
train,48275,3
train,48276,8
train,48277,6
train,48278,1
train,48279,6
train,48280,1
train,48281,0
train,48282,3
train,48283,9
train,48284,2
train,48285,0
train,48286,5
train,48287,2
train,48288,8
train,48289,7
train,48290,4
train,48291,0
train,48292,3
train,48293,1
train,48294,3
train,48295,0
train,48296,2
train,48297,8
train,48298,5
train,48299,6
train,48300,4
train,48301,1
train,48302,9
train,48303,5
train,48304,0
train,48305,1
train,48306,1
train,48307,7
train,48308,5
train,48309,2
train,48310,5
train,48311,3
train,48312,9
train,48313,2
train,48314,4
train,48315,0
train,48316,5
train,48317,6
train,48318,6
train,48319,6
train,48320,6
train,48321,3
train,48322,8
train,48323,0
train,48324,0
train,48325,1
train,48326,9
train,48327,1
train,48328,6
train,48329,0
train,48330,7
train,48331,0
train,48332,4
train,48333,9
train,48334,2
train,48335,4
train,48336,7
train,48337,0
train,48338,7
train,48339,8
train,48340,9
train,48341,2
train,48342,2
train,48343,4
train,48344,5
train,48345,9
train,48346,3
train,48347,3
train,48348,2
train,48349,3
train,48350,3
train,48351,0
train,48352,9
train,48353,4
train,48354,6
train,48355,1
train,48356,3
train,48357,6
train,48358,1
train,48359,0
train,48360,1
train,48361,9
train,48362,9
train,48363,3
train,48364,9
train,48365,4
train,48366,6
train,48367,4
train,48368,9
train,48369,7
train,48370,7
train,48371,7
train,48372,8
train,48373,9
train,48374,9
train,48375,8
train,48376,7
train,48377,8
train,48378,2
train,48379,5
train,48380,4
train,48381,3
train,48382,4
train,48383,3
train,48384,3
train,48385,8
train,48386,9
train,48387,2
train,48388,8
train,48389,8
train,48390,1
train,48391,2
train,48392,3
train,48393,6
train,48394,1
train,48395,7
train,48396,2
train,48397,9
train,48398,9
train,48399,3
train,48400,2
train,48401,3
train,48402,3
train,48403,5
train,48404,1
train,48405,6
train,48406,5
train,48407,0
train,48408,4
train,48409,4
train,48410,9
train,48411,3
train,48412,1
train,48413,1
train,48414,0
train,48415,0
train,48416,8
train,48417,2
train,48418,9
train,48419,5
train,48420,5
train,48421,9
train,48422,2
train,48423,7
train,48424,4
train,48425,4
train,48426,3
train,48427,3
train,48428,0
train,48429,3
train,48430,0
train,48431,4
train,48432,0
train,48433,1
train,48434,4
train,48435,7
train,48436,1
train,48437,0
train,48438,0
train,48439,5
train,48440,9
train,48441,6
train,48442,1
train,48443,2
train,48444,0
train,48445,9
train,48446,8
train,48447,0
train,48448,7
train,48449,1
train,48450,6
train,48451,4
train,48452,1
train,48453,1
train,48454,0
train,48455,4
train,48456,4
train,48457,2
train,48458,8
train,48459,5
train,48460,0
train,48461,3
train,48462,4
train,48463,3
train,48464,5
train,48465,4
train,48466,8
train,48467,1
train,48468,1
train,48469,6
train,48470,5
train,48471,5
train,48472,4
train,48473,6
train,48474,1
train,48475,2
train,48476,0
train,48477,5
train,48478,7
train,48479,7
train,48480,0
train,48481,0
train,48482,3
train,48483,1
train,48484,3
train,48485,8
train,48486,6
train,48487,8
train,48488,0
train,48489,1
train,48490,6
train,48491,7
train,48492,5
train,48493,3
train,48494,6
train,48495,6
train,48496,3
train,48497,8
train,48498,3
train,48499,3
train,48500,3
train,48501,6
train,48502,1
train,48503,1
train,48504,0
train,48505,8
train,48506,5
train,48507,1
train,48508,8
train,48509,1
train,48510,4
train,48511,8
train,48512,3
train,48513,4
train,48514,6
train,48515,0
train,48516,7
train,48517,6
train,48518,3
train,48519,3
train,48520,3
train,48521,3
train,48522,9
train,48523,7
train,48524,3
train,48525,3
train,48526,6
train,48527,9
train,48528,9
train,48529,7
train,48530,2
train,48531,4
train,48532,6
train,48533,7
train,48534,2
train,48535,4
train,48536,8
train,48537,5
train,48538,3
train,48539,1
train,48540,9
train,48541,6
train,48542,4
train,48543,7
train,48544,6
train,48545,6
train,48546,5
train,48547,9
train,48548,0
train,48549,7
train,48550,0
train,48551,9
train,48552,8
train,48553,5
train,48554,7
train,48555,4
train,48556,7
train,48557,2
train,48558,7
train,48559,4
train,48560,1
train,48561,6
train,48562,3
train,48563,6
train,48564,1
train,48565,4
train,48566,0
train,48567,3
train,48568,5
train,48569,9
train,48570,2
train,48571,5
train,48572,5
train,48573,1
train,48574,6
train,48575,7
train,48576,4
train,48577,2
train,48578,7
train,48579,6
train,48580,2
train,48581,4
train,48582,4
train,48583,4
train,48584,8
train,48585,0
train,48586,4
train,48587,8
train,48588,0
train,48589,6
train,48590,0
train,48591,0
train,48592,5
train,48593,0
train,48594,3
train,48595,5
train,48596,9
train,48597,4
train,48598,7
train,48599,6
train,48600,5
train,48601,7
train,48602,6
train,48603,5
train,48604,6
train,48605,5
train,48606,3
train,48607,9
train,48608,9
train,48609,9
train,48610,6
train,48611,0
train,48612,8
train,48613,6
train,48614,6
train,48615,7
train,48616,8
train,48617,7
train,48618,7
train,48619,8
train,48620,4
train,48621,4
train,48622,3
train,48623,1
train,48624,8
train,48625,4
train,48626,9
train,48627,4
train,48628,2
train,48629,6
train,48630,8
train,48631,8
train,48632,0
train,48633,9
train,48634,0
train,48635,7
train,48636,6
train,48637,9
train,48638,3
train,48639,8
train,48640,5
train,48641,2
train,48642,2
train,48643,0
train,48644,9
train,48645,7
train,48646,5
train,48647,8
train,48648,8
train,48649,6
train,48650,3
train,48651,2
train,48652,0
train,48653,9
train,48654,2
train,48655,4
train,48656,6
train,48657,4
train,48658,7
train,48659,0
train,48660,3
train,48661,3
train,48662,6
train,48663,5
train,48664,0
train,48665,0
train,48666,5
train,48667,0
train,48668,2
train,48669,8
train,48670,4
train,48671,6
train,48672,9
train,48673,1
train,48674,5
train,48675,2
train,48676,0
train,48677,6
train,48678,1
train,48679,9
train,48680,8
train,48681,8
train,48682,0
train,48683,0
train,48684,1
train,48685,2
train,48686,9
train,48687,7
train,48688,6
train,48689,3
train,48690,3
train,48691,2
train,48692,0
train,48693,6
train,48694,9
train,48695,1
train,48696,8
train,48697,1
train,48698,7
train,48699,4
train,48700,9
train,48701,8
train,48702,8
train,48703,7
train,48704,2
train,48705,2
train,48706,6
train,48707,3
train,48708,3
train,48709,6
train,48710,7
train,48711,6
train,48712,6
train,48713,9
train,48714,2
train,48715,7
train,48716,1
train,48717,8
train,48718,5
train,48719,0
train,48720,4
train,48721,1
train,48722,8
train,48723,5
train,48724,1
train,48725,2
train,48726,3
train,48727,5
train,48728,9
train,48729,3
train,48730,0
train,48731,5
train,48732,8
train,48733,8
train,48734,0
train,48735,7
train,48736,4
train,48737,6
train,48738,6
train,48739,7
train,48740,7
train,48741,1
train,48742,1
train,48743,3
train,48744,7
train,48745,1
train,48746,9
train,48747,2
train,48748,5
train,48749,3
train,48750,6
train,48751,0
train,48752,8
train,48753,8
train,48754,5
train,48755,9
train,48756,6
train,48757,2
train,48758,6
train,48759,9
train,48760,8
train,48761,3
train,48762,0
train,48763,8
train,48764,7
train,48765,3
train,48766,3
train,48767,3
train,48768,3
train,48769,0
train,48770,0
train,48771,3
train,48772,3
train,48773,7
train,48774,8
train,48775,5
train,48776,5
train,48777,0
train,48778,7
train,48779,4
train,48780,8
train,48781,4
train,48782,7
train,48783,8
train,48784,2
train,48785,9
train,48786,5
train,48787,4
train,48788,1
train,48789,1
train,48790,2
train,48791,7
train,48792,0
train,48793,8
train,48794,0
train,48795,1
train,48796,3
train,48797,4
train,48798,5
train,48799,3
train,48800,9
train,48801,9
train,48802,7
train,48803,5
train,48804,8
train,48805,5
train,48806,2
train,48807,8
train,48808,0
train,48809,8
train,48810,9
train,48811,3
train,48812,2
train,48813,9
train,48814,2
train,48815,0
train,48816,8
train,48817,0
train,48818,9
train,48819,8
train,48820,2
train,48821,7
train,48822,4
train,48823,3
train,48824,9
train,48825,0
train,48826,0
train,48827,1
train,48828,3
train,48829,6
train,48830,2
train,48831,3
train,48832,0
train,48833,8
train,48834,0
train,48835,5
train,48836,7
train,48837,1
train,48838,0
train,48839,4
train,48840,4
train,48841,6
train,48842,5
train,48843,8
train,48844,9
train,48845,9
train,48846,9
train,48847,5
train,48848,1
train,48849,9
train,48850,0
train,48851,2
train,48852,6
train,48853,5
train,48854,4
train,48855,0
train,48856,0
train,48857,1
train,48858,7
train,48859,2
train,48860,7
train,48861,1
train,48862,0
train,48863,9
train,48864,3
train,48865,9
train,48866,0
train,48867,6
train,48868,5
train,48869,8
train,48870,3
train,48871,9
train,48872,2
train,48873,2
train,48874,2
train,48875,3
train,48876,9
train,48877,7
train,48878,8
train,48879,2
train,48880,3
train,48881,6
train,48882,7
train,48883,6
train,48884,2
train,48885,7
train,48886,0
train,48887,0
train,48888,2
train,48889,8
train,48890,8
train,48891,3
train,48892,4
train,48893,0
train,48894,2
train,48895,6
train,48896,7
train,48897,7
train,48898,2
train,48899,6
train,48900,4
train,48901,5
train,48902,0
train,48903,4
train,48904,0
train,48905,7
train,48906,6
train,48907,3
train,48908,7
train,48909,5
train,48910,1
train,48911,4
train,48912,1
train,48913,5
train,48914,6
train,48915,0
train,48916,5
train,48917,5
train,48918,0
train,48919,0
train,48920,7
train,48921,8
train,48922,1
train,48923,3
train,48924,1
train,48925,3
train,48926,4
train,48927,9
train,48928,3
train,48929,0
train,48930,9
train,48931,0
train,48932,0
train,48933,4
train,48934,2
train,48935,7
train,48936,1
train,48937,0
train,48938,4
train,48939,5
train,48940,1
train,48941,9
train,48942,7
train,48943,2
train,48944,9
train,48945,2
train,48946,6
train,48947,4
train,48948,6
train,48949,3
train,48950,9
train,48951,2
train,48952,5
train,48953,0
train,48954,1
train,48955,3
train,48956,0
train,48957,2
train,48958,3
train,48959,4
train,48960,6
train,48961,6
train,48962,8
train,48963,6
train,48964,9
train,48965,6
train,48966,2
train,48967,1
train,48968,5
train,48969,4
train,48970,2
train,48971,0
train,48972,2
train,48973,2
train,48974,9
train,48975,1
train,48976,3
train,48977,0
train,48978,2
train,48979,0
train,48980,9
train,48981,7
train,48982,6
train,48983,6
train,48984,5
train,48985,2
train,48986,1
train,48987,8
train,48988,5
train,48989,8
train,48990,9
train,48991,7
train,48992,7
train,48993,2
train,48994,0
train,48995,7
train,48996,5
train,48997,1
train,48998,9
train,48999,8
train,49000,2
train,49001,9
train,49002,6
train,49003,4
train,49004,8
train,49005,5
train,49006,6
train,49007,8
train,49008,8
train,49009,2
train,49010,2
train,49011,7
train,49012,0
train,49013,6
train,49014,9
train,49015,5
train,49016,8
train,49017,3
train,49018,2
train,49019,7
train,49020,7
train,49021,7
train,49022,5
train,49023,9
train,49024,2
train,49025,7
train,49026,8
train,49027,9
train,49028,3
train,49029,1
train,49030,6
train,49031,5
train,49032,7
train,49033,9
train,49034,1
train,49035,3
train,49036,1
train,49037,3
train,49038,1
train,49039,8
train,49040,7
train,49041,1
train,49042,6
train,49043,8
train,49044,9
train,49045,8
train,49046,4
train,49047,7
train,49048,5
train,49049,0
train,49050,5
train,49051,5
train,49052,2
train,49053,2
train,49054,4
train,49055,4
train,49056,3
train,49057,6
train,49058,1
train,49059,1
train,49060,8
train,49061,1
train,49062,9
train,49063,5
train,49064,2
train,49065,5
train,49066,1
train,49067,8
train,49068,4
train,49069,2
train,49070,8
train,49071,0
train,49072,9
train,49073,5
train,49074,9
train,49075,3
train,49076,7
train,49077,8
train,49078,6
train,49079,5
train,49080,1
train,49081,8
train,49082,4
train,49083,2
train,49084,0
train,49085,9
train,49086,8
train,49087,1
train,49088,6
train,49089,8
train,49090,7
train,49091,8
train,49092,9
train,49093,6
train,49094,0
train,49095,0
train,49096,3
train,49097,5
train,49098,0
train,49099,4
train,49100,8
train,49101,8
train,49102,9
train,49103,4
train,49104,8
train,49105,2
train,49106,0
train,49107,5
train,49108,1
train,49109,8
train,49110,4
train,49111,2
train,49112,1
train,49113,7
train,49114,3
train,49115,9
train,49116,7
train,49117,3
train,49118,5
train,49119,5
train,49120,1
train,49121,0
train,49122,8
train,49123,0
train,49124,5
train,49125,8
train,49126,0
train,49127,0
train,49128,7
train,49129,6
train,49130,6
train,49131,2
train,49132,3
train,49133,6
train,49134,8
train,49135,7
train,49136,6
train,49137,5
train,49138,1
train,49139,7
train,49140,2
train,49141,6
train,49142,3
train,49143,7
train,49144,2
train,49145,2
train,49146,4
train,49147,6
train,49148,7
train,49149,6
train,49150,3
train,49151,6
train,49152,8
train,49153,2
train,49154,6
train,49155,3
train,49156,0
train,49157,2
train,49158,5
train,49159,7
train,49160,4
train,49161,5
train,49162,5
train,49163,3
train,49164,2
train,49165,9
train,49166,2
train,49167,2
train,49168,3
train,49169,2
train,49170,5
train,49171,0
train,49172,0
train,49173,0
train,49174,1
train,49175,2
train,49176,8
train,49177,4
train,49178,0
train,49179,6
train,49180,3
train,49181,7
train,49182,0
train,49183,3
train,49184,7
train,49185,0
train,49186,5
train,49187,1
train,49188,9
train,49189,4
train,49190,6
train,49191,8
train,49192,5
train,49193,9
train,49194,5
train,49195,8
train,49196,4
train,49197,0
train,49198,4
train,49199,1
train,49200,0
train,49201,8
train,49202,2
train,49203,3
train,49204,6
train,49205,4
train,49206,8
train,49207,4
train,49208,5
train,49209,9
train,49210,9
train,49211,9
train,49212,5
train,49213,9
train,49214,5
train,49215,4
train,49216,9
train,49217,5
train,49218,2
train,49219,3
train,49220,0
train,49221,4
train,49222,0
train,49223,6
train,49224,7
train,49225,7
train,49226,9
train,49227,3
train,49228,6
train,49229,8
train,49230,1
train,49231,4
train,49232,0
train,49233,1
train,49234,4
train,49235,6
train,49236,5
train,49237,5
train,49238,6
train,49239,5
train,49240,1
train,49241,7
train,49242,2
train,49243,3
train,49244,0
train,49245,3
train,49246,1
train,49247,4
train,49248,8
train,49249,6
train,49250,5
train,49251,6
train,49252,7
train,49253,4
train,49254,2
train,49255,8
train,49256,8
train,49257,1
train,49258,5
train,49259,8
train,49260,5
train,49261,5
train,49262,1
train,49263,1
train,49264,1
train,49265,4
train,49266,4
train,49267,3
train,49268,8
train,49269,0
train,49270,0
train,49271,1
train,49272,5
train,49273,5
train,49274,4
train,49275,5
train,49276,4
train,49277,9
train,49278,2
train,49279,0
train,49280,5
train,49281,0
train,49282,6
train,49283,4
train,49284,2
train,49285,9
train,49286,1
train,49287,6
train,49288,2
train,49289,7
train,49290,1
train,49291,5
train,49292,9
train,49293,0
train,49294,3
train,49295,4
train,49296,2
train,49297,5
train,49298,3
train,49299,7
train,49300,6
train,49301,6
train,49302,0
train,49303,6
train,49304,9
train,49305,8
train,49306,2
train,49307,3
train,49308,8
train,49309,4
train,49310,4
train,49311,6
train,49312,5
train,49313,7
train,49314,3
train,49315,6
train,49316,5
train,49317,2
train,49318,9
train,49319,9
train,49320,7
train,49321,8
train,49322,6
train,49323,6
train,49324,0
train,49325,3
train,49326,8
train,49327,2
train,49328,4
train,49329,0
train,49330,0
train,49331,8
train,49332,6
train,49333,6
train,49334,3
train,49335,6
train,49336,2
train,49337,7
train,49338,8
train,49339,1
train,49340,1
train,49341,2
train,49342,3
train,49343,2
train,49344,0
train,49345,1
train,49346,6
train,49347,6
train,49348,2
train,49349,3
train,49350,1
train,49351,3
train,49352,2
train,49353,6
train,49354,0
train,49355,5
train,49356,7
train,49357,9
train,49358,4
train,49359,7
train,49360,8
train,49361,0
train,49362,3
train,49363,9
train,49364,0
train,49365,5
train,49366,6
train,49367,7
train,49368,0
train,49369,0
train,49370,4
train,49371,7
train,49372,4
train,49373,1
train,49374,9
train,49375,7
train,49376,9
train,49377,8
train,49378,8
train,49379,8
train,49380,2
train,49381,2
train,49382,9
train,49383,9
train,49384,8
train,49385,5
train,49386,2
train,49387,8
train,49388,1
train,49389,3
train,49390,2
train,49391,5
train,49392,9
train,49393,3
train,49394,5
train,49395,3
train,49396,0
train,49397,1
train,49398,3
train,49399,2
train,49400,2
train,49401,2
train,49402,8
train,49403,5
train,49404,4
train,49405,3
train,49406,6
train,49407,4
train,49408,2
train,49409,3
train,49410,0
train,49411,3
train,49412,0
train,49413,9
train,49414,6
train,49415,1
train,49416,9
train,49417,3
train,49418,4
train,49419,8
train,49420,0
train,49421,7
train,49422,6
train,49423,0
train,49424,9
train,49425,6
train,49426,6
train,49427,1
train,49428,0
train,49429,4
train,49430,7
train,49431,6
train,49432,7
train,49433,6
train,49434,0
train,49435,3
train,49436,6
train,49437,4
train,49438,8
train,49439,3
train,49440,3
train,49441,3
train,49442,7
train,49443,6
train,49444,9
train,49445,6
train,49446,4
train,49447,7
train,49448,3
train,49449,7
train,49450,5
train,49451,0
train,49452,7
train,49453,9
train,49454,3
train,49455,4
train,49456,5
train,49457,6
train,49458,8
train,49459,3
train,49460,7
train,49461,8
train,49462,7
train,49463,3
train,49464,4
train,49465,2
train,49466,0
train,49467,1
train,49468,9
train,49469,4
train,49470,5
train,49471,7
train,49472,5
train,49473,8
train,49474,3
train,49475,0
train,49476,8
train,49477,5
train,49478,8
train,49479,2
train,49480,5
train,49481,0
train,49482,1
train,49483,2
train,49484,1
train,49485,8
train,49486,9
train,49487,8
train,49488,3
train,49489,0
train,49490,1
train,49491,4
train,49492,6
train,49493,6
train,49494,6
train,49495,2
train,49496,0
train,49497,3
train,49498,8
train,49499,8
train,49500,2
train,49501,4
train,49502,6
train,49503,4
train,49504,9
train,49505,6
train,49506,7
train,49507,5
train,49508,6
train,49509,0
train,49510,5
train,49511,9
train,49512,4
train,49513,3
train,49514,6
train,49515,4
train,49516,7
train,49517,0
train,49518,7
train,49519,9
train,49520,5
train,49521,7
train,49522,8
train,49523,0
train,49524,9
train,49525,9
train,49526,1
train,49527,7
train,49528,2
train,49529,3
train,49530,0
train,49531,8
train,49532,0
train,49533,0
train,49534,3
train,49535,7
train,49536,1
train,49537,8
train,49538,2
train,49539,4
train,49540,7
train,49541,6
train,49542,5
train,49543,1
train,49544,6
train,49545,5
train,49546,1
train,49547,6
train,49548,5
train,49549,5
train,49550,2
train,49551,6
train,49552,7
train,49553,1
train,49554,6
train,49555,9
train,49556,2
train,49557,1
train,49558,4
train,49559,5
train,49560,1
train,49561,7
train,49562,1
train,49563,2
train,49564,0
train,49565,6
train,49566,5
train,49567,4
train,49568,5
train,49569,8
train,49570,4
train,49571,5
train,49572,0
train,49573,8
train,49574,5
train,49575,2
train,49576,4
train,49577,8
train,49578,9
train,49579,2
train,49580,1
train,49581,5
train,49582,5
train,49583,1
train,49584,5
train,49585,5
train,49586,9
train,49587,5
train,49588,2
train,49589,7
train,49590,5
train,49591,9
train,49592,8
train,49593,1
train,49594,0
train,49595,4
train,49596,2
train,49597,6
train,49598,1
train,49599,6
train,49600,5
train,49601,6
train,49602,1
train,49603,1
train,49604,1
train,49605,0
train,49606,2
train,49607,5
train,49608,7
train,49609,9
train,49610,2
train,49611,9
train,49612,7
train,49613,1
train,49614,2
train,49615,3
train,49616,7
train,49617,2
train,49618,2
train,49619,7
train,49620,6
train,49621,2
train,49622,7
train,49623,8
train,49624,6
train,49625,1
train,49626,5
train,49627,6
train,49628,5
train,49629,3
train,49630,5
train,49631,8
train,49632,1
train,49633,3
train,49634,8
train,49635,8
train,49636,3
train,49637,8
train,49638,0
train,49639,7
train,49640,0
train,49641,6
train,49642,2
train,49643,0
train,49644,6
train,49645,7
train,49646,1
train,49647,1
train,49648,7
train,49649,7
train,49650,6
train,49651,4
train,49652,8
train,49653,7
train,49654,2
train,49655,8
train,49656,5
train,49657,3
train,49658,1
train,49659,7
train,49660,4
train,49661,3
train,49662,1
train,49663,1
train,49664,7
train,49665,8
train,49666,5
train,49667,0
train,49668,4
train,49669,8
train,49670,8
train,49671,5
train,49672,1
train,49673,5
train,49674,2
train,49675,9
train,49676,6
train,49677,4
train,49678,7
train,49679,6
train,49680,9
train,49681,2
train,49682,8
train,49683,7
train,49684,6
train,49685,6
train,49686,2
train,49687,8
train,49688,2
train,49689,2
train,49690,3
train,49691,3
train,49692,7
train,49693,7
train,49694,6
train,49695,3
train,49696,1
train,49697,7
train,49698,5
train,49699,6
train,49700,9
train,49701,9
train,49702,2
train,49703,3
train,49704,3
train,49705,2
train,49706,8
train,49707,9
train,49708,7
train,49709,7
train,49710,4
train,49711,0
train,49712,2
train,49713,8
train,49714,9
train,49715,9
train,49716,0
train,49717,4
train,49718,1
train,49719,5
train,49720,8
train,49721,2
train,49722,9
train,49723,3
train,49724,8
train,49725,1
train,49726,4
train,49727,3
train,49728,9
train,49729,5
train,49730,8
train,49731,3
train,49732,2
train,49733,8
train,49734,5
train,49735,1
train,49736,1
train,49737,8
train,49738,1
train,49739,4
train,49740,1
train,49741,2
train,49742,6
train,49743,1
train,49744,5
train,49745,3
train,49746,6
train,49747,3
train,49748,9
train,49749,2
train,49750,0
train,49751,3
train,49752,9
train,49753,0
train,49754,8
train,49755,7
train,49756,8
train,49757,2
train,49758,5
train,49759,9
train,49760,4
train,49761,1
train,49762,1
train,49763,9
train,49764,5
train,49765,2
train,49766,1
train,49767,9
train,49768,0
train,49769,2
train,49770,4
train,49771,8
train,49772,2
train,49773,9
train,49774,6
train,49775,1
train,49776,5
train,49777,5
train,49778,3
train,49779,2
train,49780,6
train,49781,4
train,49782,1
train,49783,6
train,49784,6
train,49785,7
train,49786,3
train,49787,6
train,49788,5
train,49789,2
train,49790,6
train,49791,8
train,49792,8
train,49793,0
train,49794,3
train,49795,3
train,49796,1
train,49797,5
train,49798,8
train,49799,2
train,49800,0
train,49801,8
train,49802,8
train,49803,6
train,49804,9
train,49805,8
train,49806,6
train,49807,9
train,49808,0
train,49809,3
train,49810,9
train,49811,9
train,49812,3
train,49813,7
train,49814,9
train,49815,5
train,49816,4
train,49817,3
train,49818,8
train,49819,7
train,49820,1
train,49821,8
train,49822,3
train,49823,5
train,49824,9
train,49825,1
train,49826,4
train,49827,9
train,49828,7
train,49829,9
train,49830,3
train,49831,3
train,49832,0
train,49833,9
train,49834,3
train,49835,2
train,49836,3
train,49837,1
train,49838,6
train,49839,0
train,49840,9
train,49841,7
train,49842,2
train,49843,2
train,49844,9
train,49845,1
train,49846,0
train,49847,9
train,49848,0
train,49849,2
train,49850,0
train,49851,6
train,49852,1
train,49853,4
train,49854,2
train,49855,0
train,49856,5
train,49857,7
train,49858,1
train,49859,1
train,49860,8
train,49861,7
train,49862,9
train,49863,1
train,49864,8
train,49865,5
train,49866,9
train,49867,5
train,49868,3
train,49869,3
train,49870,2
train,49871,2
train,49872,3
train,49873,3
train,49874,2
train,49875,5
train,49876,7
train,49877,5
train,49878,2
train,49879,4
train,49880,0
train,49881,4
train,49882,8
train,49883,5
train,49884,7
train,49885,9
train,49886,1
train,49887,7
train,49888,5
train,49889,8
train,49890,3
train,49891,3
train,49892,8
train,49893,2
train,49894,1
train,49895,9
train,49896,3
train,49897,4
train,49898,1
train,49899,3
train,49900,3
train,49901,7
train,49902,6
train,49903,7
train,49904,5
train,49905,8
train,49906,3
train,49907,3
train,49908,6
train,49909,5
train,49910,9
train,49911,5
train,49912,7
train,49913,2
train,49914,4
train,49915,5
train,49916,1
train,49917,1
train,49918,5
train,49919,0
train,49920,6
train,49921,1
train,49922,0
train,49923,2
train,49924,9
train,49925,8
train,49926,4
train,49927,7
train,49928,2
train,49929,8
train,49930,8
train,49931,9
train,49932,2
train,49933,3
train,49934,8
train,49935,4
train,49936,9
train,49937,3
train,49938,5
train,49939,9
train,49940,0
train,49941,4
train,49942,9
train,49943,4
train,49944,0
train,49945,8
train,49946,4
train,49947,9
train,49948,9
train,49949,5
train,49950,3
train,49951,3
train,49952,6
train,49953,5
train,49954,0
train,49955,8
train,49956,6
train,49957,3
train,49958,1
train,49959,2
train,49960,0
train,49961,0
train,49962,5
train,49963,0
train,49964,4
train,49965,5
train,49966,9
train,49967,1
train,49968,7
train,49969,9
train,49970,4
train,49971,9
train,49972,5
train,49973,5
train,49974,4
train,49975,5
train,49976,0
train,49977,8
train,49978,1
train,49979,2
train,49980,7
train,49981,9
train,49982,5
train,49983,2
train,49984,2
train,49985,0
train,49986,7
train,49987,9
train,49988,9
train,49989,0
train,49990,5
train,49991,0
train,49992,5
train,49993,5
train,49994,8
train,49995,3
train,49996,1
train,49997,1
train,49998,9
train,49999,2
